,open,high,low,close,volume
2020-04-28,5.1567,5.1567,5.03422,5.1567,11690.0
2020-04-29,5.15025,5.1567,5.06001,5.1567,6340.0
2020-05-04,5.240489999999999,5.240489999999999,4.8344,4.89886,21270.0
2020-05-05,4.89886,5.092239999999999,4.89886,4.9633199999999995,5880.0
2020-05-06,5.092239999999999,5.092239999999999,4.93109,5.079350000000001,20560.0
2020-05-07,5.02778,5.1567,4.9697700000000005,5.092239999999999,22760.0
2020-05-08,4.9182,5.1567,4.91175,5.08579,75820.0
2020-05-11,4.89886,5.15025,4.89886,5.08579,2610.0
2020-05-12,4.91175,5.08579,4.91175,5.079350000000001,4790.0
2020-05-13,5.06001,5.06001,4.724819999999999,5.02778,49820.0
2020-05-14,4.8344,5.1567,4.8344,5.08579,11920.0
2020-05-15,5.092239999999999,5.1244700000000005,5.079350000000001,5.079350000000001,6490.0
2020-05-18,5.06645,5.06645,4.90531,4.90531,12900.0
2020-05-19,4.90531,5.02778,4.90531,5.02778,280.0
2020-05-20,4.9182,5.03422,4.9182,5.03422,320.0
2020-05-21,4.89886,5.04067,4.89886,4.9633199999999995,4610.0
2020-05-22,4.9633199999999995,5.02778,4.9633199999999995,5.02778,4840.0
2020-05-25,5.02778,5.092239999999999,5.02778,5.06001,7520.0
2020-05-26,4.8408500000000005,5.137359999999999,4.8408500000000005,5.1244700000000005,11100.0
2020-05-27,5.143800000000001,5.1567,5.02778,5.092239999999999,46380.0
2020-05-28,5.143800000000001,5.25338,5.143800000000001,5.240489999999999,10610.0
2020-05-29,5.47254,5.47254,5.16959,5.17603,22550.0
2020-06-01,5.17603,5.285609999999999,5.17603,5.22115,24640.0
2020-06-02,5.41453,5.41453,5.02778,5.2727200000000005,30450.0
2020-06-03,5.0729,5.25983,5.0729,5.1244700000000005,8990.0
2020-06-04,5.30495,5.31784,5.1567,5.27917,41960.0
2020-06-05,5.27917,5.27917,5.1567,5.27917,21170.0
2020-06-08,5.27917,5.3823,5.227600000000001,5.2985,149630.0
2020-06-09,5.4661,5.47899,5.2985,5.40808,64650.0
2020-06-10,5.54345,5.54345,5.40808,5.40808,19620.0
2020-06-11,5.40808,5.40808,5.22115,5.22115,54140.0
2020-06-12,4.95043,5.1567,4.86663,5.1567,41880.0
2020-06-15,5.1567,5.34363,5.1567,5.1567,8930.0
2020-06-16,5.35007,5.35007,5.03422,5.143800000000001,6780.0
2020-06-17,5.06645,5.1567,5.06645,5.1567,9770.0
2020-06-18,5.34363,5.34363,5.1567,5.18892,56910.0
2020-06-19,5.34363,5.34363,5.18892,5.20826,15840.0
2020-06-22,5.35007,5.40808,5.285609999999999,5.35007,86520.0
2020-06-23,5.47899,5.72393,5.47899,5.72393,250660.0
2020-06-24,6.12358,6.12358,6.0655600000000005,6.12358,300630.0
2020-06-25,6.12358,6.1880299999999995,5.99466,6.05912,87200.0
2020-06-26,5.9302,6.05912,5.801279999999999,5.9302,99800.0
2020-06-29,5.801279999999999,5.801279999999999,5.51766,5.51766,159620.0
2020-06-30,5.672359999999999,5.73682,5.1567,5.1567,45050.0
2020-07-01,5.16314,5.4661,5.16314,5.356520000000001,16980.0
2020-07-02,5.54345,5.54345,5.356520000000001,5.47899,9870.0
2020-07-03,5.47899,5.47899,5.285609999999999,5.30495,13180.0
2020-07-06,5.4661,5.4661,5.227600000000001,5.31784,7870.0
2020-07-07,5.25338,5.41453,5.23405,5.35007,24100.0
2020-07-08,5.54345,5.54345,5.35007,5.44676,5430.0
2020-07-09,5.23405,5.537,5.23405,5.47254,10050.0
2020-07-10,5.41453,5.41453,5.35007,5.35007,14110.0
2020-07-13,5.6079099999999995,5.6079099999999995,5.35007,5.49833,2460.0
2020-07-14,5.49833,5.49833,5.285609999999999,5.44676,10220.0
2020-07-15,5.356520000000001,5.44676,5.3242899999999995,5.3242899999999995,25110.0
2020-07-16,5.3242899999999995,5.511220000000001,5.31784,5.31784,9840.0
2020-07-17,5.31784,5.40164,5.285609999999999,5.40164,12570.0
2020-07-20,5.40164,5.40164,5.30495,5.40164,260.0
2020-07-21,5.29206,5.44676,5.285609999999999,5.35007,7590.0
2020-07-22,5.25338,5.35007,5.25338,5.35007,9980.0
2020-07-23,5.25983,5.3823,5.25338,5.3823,23260.0
2020-07-24,5.40808,5.40808,5.008439999999999,5.008439999999999,73450.0
2020-07-27,4.66036,4.769939999999999,4.66036,4.70548,46240.0
2020-07-28,4.70548,4.93109,4.67326,4.70548,48200.0
2020-07-29,4.67326,4.73771,4.51211,4.724819999999999,14270.0
2020-07-30,4.73127,4.769939999999999,4.73127,4.769939999999999,5520.0
2020-07-31,4.769939999999999,4.769939999999999,4.51211,4.70548,17260.0
2020-08-03,5.03422,5.03422,4.67326,4.9633199999999995,11800.0
2020-08-04,4.9633199999999995,5.1244700000000005,4.8344,4.95043,14230.0
2020-08-05,5.1567,5.1567,4.8344,4.9633199999999995,4740.0
2020-08-06,5.15025,5.15025,4.9633199999999995,4.9633199999999995,51710.0
2020-08-07,4.9633199999999995,4.9633199999999995,4.86663,4.9633199999999995,13900.0
2020-08-10,4.9633199999999995,5.143800000000001,4.9633199999999995,4.9633199999999995,15800.0
2020-08-11,5.092239999999999,5.092239999999999,4.93754,5.008439999999999,57970.0
2020-08-12,4.8408500000000005,5.008439999999999,4.8408500000000005,5.008439999999999,10940.0
2020-08-13,4.9633199999999995,5.092239999999999,4.93109,4.9633199999999995,11370.0
2020-08-14,4.9633199999999995,4.9633199999999995,4.9633199999999995,4.9633199999999995,11900.0
2020-08-17,5.02778,5.02778,4.95687,5.01489,10970.0
2020-08-18,5.02778,5.02778,5.01489,5.02778,16430.0
2020-08-19,5.02778,5.092239999999999,5.02778,5.02778,21380.0
2020-08-20,5.06001,5.092239999999999,5.02778,5.092239999999999,30860.0
2020-08-21,5.08579,5.22115,4.9633199999999995,5.092239999999999,7960.0
2020-08-24,5.1244700000000005,5.25338,5.1244700000000005,5.25338,5870.0
2020-08-25,5.27917,5.27917,5.1567,5.2727200000000005,56310.0
2020-08-26,5.25983,5.25983,5.22115,5.25983,9340.0
2020-08-27,5.38875,5.38875,5.1567,5.2727200000000005,10110.0
2020-08-28,5.285609999999999,5.285609999999999,5.18248,5.18892,43560.0
2020-08-31,5.34363,5.34363,5.18892,5.25338,18630.0
2020-09-01,5.25338,5.25338,5.22115,5.22115,18640.0
2020-09-03,5.22115,5.23405,5.16314,5.22115,83850.0
2020-09-04,4.9697700000000005,5.25983,4.9697700000000005,5.25983,62520.0
2020-09-07,5.33718,5.33718,5.25983,5.33073,144540.0
2020-09-08,5.33073,5.33073,5.285609999999999,5.3242899999999995,56280.0
2020-09-09,5.2985,5.672359999999999,5.2985,5.375859999999999,26430.0
2020-09-10,5.375859999999999,5.375859999999999,5.3242899999999995,5.356520000000001,6700.0
2020-09-11,5.356520000000001,5.40164,5.285609999999999,5.35007,25550.0
2020-09-14,5.40808,5.40808,5.31784,5.35007,38780.0
2020-09-15,5.41453,5.41453,5.30495,5.35007,64880.0
2020-09-16,5.3823,5.40808,5.35007,5.35007,82260.0
2020-09-17,5.3823,5.3823,5.34363,5.35007,87830.0
2020-09-18,5.34363,5.47899,5.34363,5.40808,134140.0
2020-09-21,5.44676,5.47254,5.38875,5.38875,78770.0
2020-09-22,5.41453,5.41453,5.35007,5.40164,34710.0
2020-09-23,5.40164,5.41453,5.35007,5.356520000000001,95780.0
2020-09-24,5.356520000000001,5.40164,5.356520000000001,5.3823,148880.0
2020-09-25,5.40808,5.40808,5.35007,5.356520000000001,58760.0
2020-09-28,5.356520000000001,5.42742,5.356520000000001,5.41453,74910.0
2020-09-29,5.420979999999999,5.672359999999999,5.420979999999999,5.58212,154730.0
2020-09-30,5.58212,5.63369,5.54345,5.62724,151460.0
2020-10-01,5.73682,6.02044,5.60146,5.9302,276820.0
2020-10-02,5.9302,6.12358,5.90442,5.99466,328760.0
2020-10-05,6.12358,6.155810000000001,6.026890000000001,6.14936,151980.0
2020-10-06,6.175140000000001,6.175140000000001,6.026890000000001,6.175140000000001,190760.0
2020-10-07,6.175140000000001,6.175140000000001,6.0655600000000005,6.10424,52050.0
2020-10-08,6.175140000000001,6.175140000000001,6.05912,6.12358,77790.0
2020-10-09,6.12358,6.1880299999999995,6.05912,6.1880299999999995,68930.0
2020-10-12,6.1880299999999995,6.1880299999999995,5.99466,5.99466,34350.0
2020-10-13,5.99466,6.12358,5.96243,6.09135,39780.0
2020-10-14,6.12358,6.12358,5.99466,6.03333,35940.0
2020-10-15,6.11068,6.12358,6.03333,6.11068,68180.0
2020-10-16,6.12358,6.12358,5.99466,6.10424,60250.0
2020-10-19,6.10424,6.51033,6.05912,6.51033,394760.0
2020-10-20,6.76816,6.8326199999999995,6.51033,6.67147,207880.0
2020-10-21,6.67147,6.67147,6.38141,6.44587,231610.0
2020-10-22,6.2009300000000005,6.37496,6.1880299999999995,6.25249,180440.0
2020-10-23,6.25249,6.44587,6.25249,6.25249,139580.0
2020-10-26,6.44587,6.44587,6.220260000000001,6.220260000000001,61400.0
2020-10-27,5.99466,6.2009300000000005,5.99466,6.05912,74010.0
2020-10-28,6.11713,6.12358,5.83351,5.87863,68000.0
2020-10-29,5.87863,5.9302,5.73682,5.9302,101570.0
2020-10-30,5.86574,5.9302,5.73682,5.73682,107980.0
2020-11-02,5.47899,5.9302,5.47899,5.9302,19390.0
2020-11-03,5.9302,6.11068,5.9302,6.0462299999999995,55960.0
2020-11-04,6.0462299999999995,6.09779,5.801279999999999,6.09779,20590.0
2020-11-05,5.801279999999999,6.05912,5.801279999999999,6.0462299999999995,15840.0
2020-11-06,6.0462299999999995,6.12358,5.807729999999999,6.03333,27300.0
2020-11-09,6.03333,6.084899999999999,6.026890000000001,6.05912,13260.0
2020-11-10,6.18159,6.18159,5.86574,6.0397799999999995,239540.0
2020-11-11,6.072010000000001,6.072010000000001,5.87219,5.99466,46580.0
2020-11-12,5.99466,5.99466,5.9302,5.9882100000000005,46410.0
2020-11-13,5.83996,5.9302,5.83996,5.86574,220880.0
2020-11-16,5.86574,6.11713,5.86574,6.05267,84330.0
2020-11-17,6.05267,6.09135,5.99466,6.05912,94750.0
2020-11-18,6.05912,6.1880299999999995,5.86574,6.12358,90840.0
2020-11-19,6.155810000000001,6.37496,6.0655600000000005,6.316949999999999,118510.0
2020-11-20,6.316949999999999,6.3233999999999995,6.25249,6.26538,40320.0
2020-11-23,6.1880299999999995,6.1880299999999995,6.026890000000001,6.175140000000001,107990.0
2020-11-24,6.175140000000001,6.316949999999999,6.12358,6.12358,82740.0
2020-11-25,6.25249,6.25249,6.12358,6.220260000000001,87230.0
2020-11-26,6.1880299999999995,6.24605,6.1880299999999995,6.21382,44490.0
2020-11-27,6.2396,6.24605,6.12358,6.21382,73090.0
2020-11-30,6.316949999999999,6.316949999999999,6.2009300000000005,6.220260000000001,71930.0
2020-12-01,6.12358,6.21382,6.12358,6.20737,69170.0
2020-12-02,6.20737,6.38141,6.12358,6.32984,214550.0
2020-12-03,6.32984,6.63925,6.32984,6.51033,197360.0
2020-12-04,6.51033,6.63925,6.51033,6.60702,162180.0
2020-12-07,6.63925,6.80039,6.63925,6.735930000000001,233710.0
2020-12-08,6.76816,6.864850000000001,6.63925,6.864850000000001,331080.0
2020-12-09,7.09046,7.31606,7.026,7.31606,771430.0
2020-12-10,7.28383,7.3482899999999995,6.9937700000000005,7.09046,422450.0
2020-12-11,6.92931,7.15491,6.92931,7.1226899999999995,174300.0
2020-12-14,7.15491,7.41275,7.09046,7.28383,919130.0
2020-12-15,7.41275,7.41275,7.15491,7.21937,734950.0
2020-12-16,7.15491,7.3482899999999995,7.09046,7.18714,363170.0
2020-12-17,7.18714,7.28383,7.1226899999999995,7.1226899999999995,356530.0
2020-12-18,7.1226899999999995,7.60613,7.09046,7.60613,1010090.0
2020-12-21,7.73504,8.1218,7.73504,8.05734,1160760.0
2020-12-22,8.05734,8.41186,8.02511,8.1218,1173700.0
2020-12-23,7.73504,8.05734,7.73504,7.767270000000001,849660.0
2020-12-24,7.7995,7.92842,7.251600000000001,7.54167,589900.0
2020-12-25,7.54167,7.99288,7.41275,7.73504,1134570.0
2020-12-28,8.1218,8.1218,7.73504,7.89619,1512440.0
2020-12-29,7.92842,8.02511,7.86396,7.89619,591030.0
2020-12-30,7.92842,7.960649999999999,7.73504,7.767270000000001,478380.0
2020-12-31,7.89619,8.05734,7.767270000000001,8.02511,900930.0
2021-01-04,8.25071,8.57301,8.25071,8.57301,912900.0
2021-01-05,9.02422,9.153129999999999,8.959760000000001,9.153129999999999,5580100.0
2021-01-06,9.76549,9.76549,9.701030000000001,9.76549,3229300.0
2021-01-07,10.442309999999999,10.442309999999999,10.442309999999999,10.442309999999999,948500.0
2021-01-08,10.63568,11.15135,10.442309999999999,10.82906,3180000.0
2021-01-11,10.82906,10.82906,10.24893,10.28116,3228500.0
2021-01-12,10.216700000000001,10.57123,9.79772,10.24893,1684400.0
2021-01-13,10.539,10.539,10.08779,10.12001,1835600.0
2021-01-14,10.24893,10.79683,10.02333,10.79683,2797300.0
2021-01-15,11.47365,11.47365,10.95798,11.21581,1320000.0
2021-01-18,10.95798,11.21581,10.70014,10.89352,2122100.0
2021-01-19,10.7646,10.92575,10.152239999999999,10.152239999999999,1883300.0
2021-01-20,10.12001,10.24893,9.443200000000001,9.73326,1524300.0
2021-01-21,9.86218,10.18447,9.410969999999999,10.05556,1410700.0
2021-01-22,10.05556,10.05556,9.701030000000001,9.73326,867100.0
2021-01-25,9.475430000000001,9.89441,9.34651,9.6688,1153400.0
2021-01-26,9.34651,9.76549,8.99199,8.99199,1499000.0
2021-01-27,8.70192,8.895299999999999,8.379629999999999,8.379629999999999,3005000.0
2021-01-28,7.7995,7.7995,7.7995,7.7995,290500.0
2021-01-29,7.28383,8.05734,7.28383,7.831729999999999,1815600.0
2021-02-01,7.73504,8.1218,7.28383,7.28383,1539000.0
2021-02-02,7.28383,7.47721,6.96154,7.31606,730800.0
2021-02-03,7.54167,7.7995,7.31606,7.7995,812200.0
2021-02-04,8.31517,8.31517,8.05734,8.31517,1370700.0
2021-02-05,8.76638,8.895299999999999,8.57301,8.895299999999999,1182100.0
2021-02-08,8.895299999999999,9.443200000000001,8.444090000000001,8.70192,1576300.0
2021-02-09,8.73415,9.02422,8.379629999999999,8.895299999999999,1543800.0
2021-02-17,9.02422,9.28205,8.959760000000001,9.24982,1175500.0
2021-02-18,9.28205,9.31428,8.70192,8.959760000000001,934100.0
2021-02-19,8.83084,9.08868,8.76638,8.92753,638200.0
2021-02-22,8.92753,9.08868,8.83084,8.895299999999999,714000.0
2021-02-23,8.83084,9.08868,8.76638,9.05645,1270300.0
2021-02-24,9.24982,9.410969999999999,8.92753,8.99199,1439500.0
2021-02-25,9.05645,9.12091,8.86307,8.99199,677700.0
2021-02-26,8.83084,8.959760000000001,8.76638,8.959760000000001,630000.0
2021-03-01,8.99199,9.31428,8.959760000000001,9.28205,1169100.0
2021-03-02,9.410969999999999,9.410969999999999,9.12091,9.153129999999999,1604500.0
2021-03-03,9.12091,9.34651,9.05645,9.21759,1012600.0
2021-03-04,9.21759,9.37874,8.76638,8.92753,1277500.0
2021-03-05,8.895299999999999,9.21759,8.83084,9.12091,583500.0
2021-03-08,9.410969999999999,9.73326,9.21759,9.73326,2842900.0
2021-03-09,9.6688,9.991100000000001,9.53989,9.79772,1539100.0
2021-03-10,9.73326,9.79772,9.53989,9.60435,764300.0
2021-03-11,9.79772,10.18447,9.701030000000001,9.991100000000001,2166700.0
2021-03-12,9.991100000000001,10.05556,9.6688,9.6688,1556100.0
2021-03-15,9.79772,9.86218,9.701030000000001,9.86218,1018600.0
2021-03-16,9.79772,9.86218,9.53989,9.6688,993700.0
2021-03-17,9.60435,9.82995,9.60435,9.79772,686600.0
2021-03-18,9.926639999999999,9.991100000000001,9.79772,9.86218,867500.0
2021-03-19,9.926639999999999,10.152239999999999,9.82995,9.926639999999999,892600.0
2021-03-22,9.991100000000001,9.991100000000001,9.76549,9.86218,758200.0
2021-03-23,9.79772,9.86218,9.34651,9.53989,827500.0
2021-03-24,9.410969999999999,9.475430000000001,9.08868,9.21759,935800.0
2021-03-25,9.34651,9.34651,9.02422,9.153129999999999,691600.0
2021-03-26,8.99199,9.153129999999999,8.57301,9.153129999999999,919700.0
2021-03-29,9.185360000000001,9.34651,9.08868,9.34651,794700.0
2021-03-30,9.475430000000001,9.475430000000001,9.153129999999999,9.34651,553800.0
2021-03-31,9.34651,9.60435,9.28205,9.475430000000001,679700.0
2021-04-01,9.34651,9.926639999999999,9.34651,9.86218,1478300.0
2021-04-02,10.12001,10.12001,9.82995,9.991100000000001,983900.0
2021-04-05,10.152239999999999,10.31339,9.86218,9.86218,1648200.0
2021-04-06,9.86218,9.89441,9.6688,9.701030000000001,1178200.0
2021-04-07,9.701030000000001,10.05556,9.701030000000001,9.991100000000001,1020700.0
2021-04-08,10.02333,10.152239999999999,9.82995,9.991100000000001,843500.0
2021-04-09,9.991100000000001,10.18447,9.958870000000001,10.05556,1187300.0
2021-04-12,10.18447,10.28116,9.926639999999999,10.28116,2508900.0
2021-04-13,10.506770000000001,10.506770000000001,10.05556,10.12001,1973800.0
2021-04-14,9.958870000000001,10.12001,9.89441,10.08779,1013300.0
2021-04-15,10.08779,10.152239999999999,9.701030000000001,9.76549,1161900.0
2021-04-16,9.701030000000001,9.79772,9.153129999999999,9.34651,1535000.0
2021-04-19,9.410969999999999,9.73326,9.410969999999999,9.701030000000001,719100.0
2021-04-20,9.86218,9.926639999999999,9.50766,9.53989,606400.0
2021-04-22,9.28205,9.53989,9.02422,9.02422,1008600.0
2021-04-23,9.02422,9.34651,8.83084,9.24982,632600.0
2021-04-26,9.31428,9.31428,8.83084,8.83084,761700.0
2021-04-27,8.83084,9.02422,8.60524,8.83084,389200.0
2021-04-28,8.895299999999999,9.02422,8.895299999999999,8.959760000000001,309500.0
2021-05-06,9.53989,9.73326,9.02422,9.153129999999999,993417.0
2021-05-07,9.153129999999999,9.34651,8.959760000000001,9.02422,883861.0
2021-05-10,8.959760000000001,9.79772,8.83084,9.79772,1678249.0
2021-05-11,9.79772,10.05556,9.34651,9.6688,1734719.0
2021-05-12,9.6688,9.86218,9.475430000000001,9.73326,846085.0
2021-05-13,9.73326,10.12001,9.60435,9.79772,1770358.0
2021-05-14,9.926639999999999,10.05556,9.60435,9.73326,1200382.0
2021-05-17,9.73326,9.991100000000001,9.6688,9.86218,1456392.0
2021-05-18,9.86218,9.926639999999999,9.60435,9.73326,1005248.0
2021-05-19,9.6688,9.73326,9.475430000000001,9.60435,900012.0
2021-05-20,9.60435,10.506770000000001,9.475430000000001,10.506770000000001,4923113.0
2021-05-21,10.70014,11.34473,10.63568,10.70014,2133237.0
2021-05-24,10.70014,10.89352,10.506770000000001,10.7646,1235828.0
2021-05-25,10.82906,11.28027,10.63568,11.15135,2048913.0
2021-05-26,11.21581,11.21581,10.95798,11.0869,1406821.0
2021-05-27,11.15135,11.15135,10.37785,10.70014,1965022.0
2021-05-28,10.70014,11.73148,10.63568,11.73148,3298988.0
2021-05-31,11.92486,12.89174,11.92486,12.89174,2167222.0
2021-06-01,13.02066,14.180909999999999,12.9562,13.79416,4231610.0
2021-06-02,13.85862,14.052,13.02066,13.92308,2760209.0
2021-06-03,13.987540000000001,15.27671,13.987540000000001,15.14779,2333732.0
2021-06-04,15.21225,15.27671,14.180909999999999,14.37429,2694947.0
2021-06-07,14.37429,14.37429,12.9562,13.02066,4505740.0
2021-06-08,13.02066,13.53633,11.73148,11.73148,2697689.0
2021-06-09,11.79594,12.89174,11.602559999999999,12.89174,1811293.0
2021-06-10,13.02066,13.53633,12.633899999999999,12.698360000000001,2056200.0
2021-06-11,12.698360000000001,13.60078,12.50499,13.149569999999999,1607470.0
2021-06-14,13.149569999999999,14.245370000000001,13.08511,13.92308,2509105.0
2021-06-15,13.92308,14.8255,13.60078,14.11645,3115636.0
2021-06-16,14.11645,14.696579999999999,13.92308,14.052,1931940.0
2021-06-17,14.052,14.30983,13.53633,14.245370000000001,1370797.0
2021-06-18,14.245370000000001,14.761040000000001,14.11645,14.180909999999999,1862838.0
2021-06-21,14.180909999999999,14.43875,13.53633,13.53633,1935825.0
2021-06-22,13.729700000000001,13.987540000000001,13.665239999999999,13.729700000000001,1512610.0
2021-06-23,13.729700000000001,14.43875,13.60078,13.79416,1316590.0
2021-06-24,13.85862,14.180909999999999,13.60078,13.85862,1060980.0
2021-06-25,13.987540000000001,14.63212,13.85862,14.63212,2716719.0
2021-06-28,14.56766,15.14779,14.56766,14.696579999999999,1386125.0
2021-06-29,14.761040000000001,15.01888,14.50321,14.696579999999999,1310462.0
2021-06-30,14.56766,14.761040000000001,14.50321,14.50321,1311123.0
2021-07-01,14.56766,15.921299999999999,14.50321,15.921299999999999,3949288.0
2021-07-02,16.56588,17.339389999999998,16.11467,16.63034,2192920.0
2021-07-05,16.63034,17.01709,15.47009,16.436970000000002,1867123.0
2021-07-06,16.436970000000002,16.6948,14.8255,14.8255,2811003.0
2021-07-07,14.8255,15.27671,13.60078,15.27671,2260725.0
2021-07-08,15.27671,15.47009,14.696579999999999,15.08333,1338387.0
2021-07-09,15.08333,15.08333,13.60078,13.85862,1905099.0
2021-07-12,13.85862,13.85862,12.50499,12.50499,4012622.0
2021-07-13,12.569450000000002,13.40741,12.50499,13.40741,1608786.0
2021-07-14,13.53633,13.60078,12.698360000000001,13.27849,1019815.0
2021-07-15,13.08511,14.245370000000001,12.89174,13.85862,1443797.0
2021-07-16,13.85862,14.052,13.53633,13.665239999999999,891551.0
2021-07-19,12.37607,13.60078,12.37607,12.76282,1650571.0
2021-07-20,12.50499,13.53633,12.24715,13.53633,1466972.0
2021-07-21,13.729700000000001,13.729700000000001,12.9562,13.149569999999999,775134.0
2021-07-22,13.149569999999999,13.53633,13.149569999999999,13.27849,827546.0
2021-07-23,13.27849,13.53633,13.149569999999999,13.149569999999999,1162654.0
2021-07-26,12.89174,13.27849,12.76282,13.149569999999999,749650.0
2021-07-27,13.149569999999999,13.85862,13.149569999999999,13.53633,1522237.0
2021-07-28,13.53633,13.60078,13.34295,13.40741,662007.0
2021-07-29,13.40741,13.85862,13.40741,13.85862,1308685.0
2021-07-30,13.92308,14.245370000000001,13.85862,14.052,1666494.0
2021-08-02,14.052,14.180909999999999,13.85862,13.85862,1159276.0
2021-08-03,13.85862,14.245370000000001,13.729700000000001,14.245370000000001,2024568.0
2021-08-04,14.50321,14.8255,14.245370000000001,14.50321,1449427.0
2021-08-05,14.43875,14.63212,14.245370000000001,14.63212,1175224.0
2021-08-06,14.63212,14.63212,14.37429,14.37429,1124644.0
2021-08-09,14.37429,15.47009,14.052,15.27671,2475027.0
2021-08-10,15.27671,15.79238,15.08333,15.34117,1684988.0
2021-08-11,15.34117,15.405629999999999,14.696579999999999,14.8255,1287122.0
2021-08-12,14.8255,15.79238,14.63212,15.47009,2676949.0
2021-08-13,15.47009,16.11467,15.34117,16.11467,2598561.0
2021-08-16,16.11467,17.72614,16.11467,17.72614,2864989.0
2021-08-17,17.72614,18.04843,17.27493,17.468310000000002,1929870.0
2021-08-18,17.468310000000002,18.49964,17.08155,17.85506,2452634.0
2021-08-19,17.85506,18.62856,17.66168,18.30627,1372372.0
2021-08-20,18.30627,18.69302,16.63034,17.59722,3547049.0
2021-08-23,17.59722,19.14423,17.40385,18.886400000000002,3064519.0
2021-08-24,18.950860000000002,19.33761,17.27493,17.72614,2224705.0
2021-08-25,17.72614,17.98398,17.40385,17.98398,1317144.0
2021-08-26,18.65086,18.65086,17.718310000000002,17.78492,1271057.0
2021-08-27,17.85153,18.51764,17.31865,18.51764,1747197.0
2021-09-06,19.18374,19.250349999999997,18.550939999999997,18.9173,2405900.0
2021-09-07,19.05052,19.316959999999998,18.9173,19.01721,2004600.0
2021-09-08,19.316959999999998,19.316959999999998,18.550939999999997,18.717470000000002,825300.0
2021-09-09,18.717470000000002,18.98391,18.51764,18.98391,817200.0
2021-09-10,19.18374,19.18374,18.717470000000002,18.717470000000002,779600.0
2021-09-13,18.784080000000003,18.85069,18.05136,18.11798,1181300.0
2021-09-14,17.718310000000002,18.550939999999997,17.38526,17.45187,1488600.0
2021-09-15,17.31865,18.18459,17.18543,18.18459,819600.0
2021-09-16,18.18459,18.2512,17.98475,18.11798,449600.0
2021-09-17,18.11798,18.85069,18.05136,18.717470000000002,989100.0
2021-09-20,19.11713,19.18374,17.98475,18.31781,1409000.0
2021-09-21,18.11798,18.45103,17.6517,18.2845,1085800.0
2021-09-22,18.31781,18.717470000000002,18.11798,18.617549999999998,638100.0
2021-09-23,18.784080000000003,18.784080000000003,18.38442,18.51764,803200.0
2021-09-24,18.51764,18.65086,18.31781,18.351110000000002,459400.0
2021-09-27,18.351110000000002,18.38442,17.58509,17.58509,884600.0
2021-09-28,17.45187,18.11798,17.285349999999998,17.91814,564500.0
2021-09-29,17.78492,18.05136,17.58509,17.91814,331600.0
2021-09-30,17.85153,18.11798,17.75162,17.85153,385500.0
2021-10-01,17.91814,17.91814,17.51848,17.51848,632600.0
2021-10-04,17.45187,17.78492,16.985599999999998,17.78492,1025000.0
2021-10-05,17.98475,19.01721,17.98475,19.01721,1741100.0
2021-10-06,19.84984,19.84984,19.21704,19.316959999999998,1837400.0
2021-10-07,19.316959999999998,20.48264,19.05052,20.449330000000003,2004300.0
2021-10-08,20.449330000000003,20.78238,20.2495,20.316110000000002,1100700.0
2021-10-11,20.449330000000003,21.281959999999998,20.11628,21.18204,1449300.0
2021-10-12,21.281959999999998,21.31526,20.64916,20.915599999999998,757300.0
2021-10-13,20.915599999999998,21.04882,20.382720000000003,20.449330000000003,1165800.0
2021-10-14,20.316110000000002,20.915599999999998,20.316110000000002,20.78238,985400.0
2021-10-15,20.84899,21.31526,20.582549999999998,20.915599999999998,719700.0
2021-10-18,20.915599999999998,22.1812,20.64916,21.71493,1595000.0
2021-10-19,21.98137,22.1812,21.31526,21.71493,1242500.0
2021-10-20,21.74823,21.78154,20.78238,21.11543,1302500.0
2021-10-21,21.11543,21.448490000000003,20.84899,21.04882,615200.0
2021-10-22,21.14874,21.581709999999998,21.11543,21.31526,930500.0
2021-10-25,21.31526,21.31526,20.449330000000003,20.915599999999998,1290800.0
2021-10-26,20.582549999999998,21.515099999999997,20.582549999999998,21.281959999999998,857300.0
2021-10-27,21.34857,22.61416,21.34857,22.28111,1607800.0
2021-10-28,22.58086,23.31357,22.58086,23.11374,1241100.0
2021-10-29,23.246959999999998,23.31357,22.51425,23.246959999999998,1214500.0
2021-11-01,23.91306,23.97967,22.647470000000002,23.97967,1695600.0
2021-11-02,24.312720000000002,25.64493,24.1795,25.64493,1492000.0
2021-11-03,27.31018,27.31018,24.64577,25.844759999999997,1882900.0
2021-11-04,25.844759999999997,27.64323,25.61162,27.64323,1681000.0
2021-11-05,29.308490000000003,29.308490000000003,27.64323,27.84306,756600.0
2021-11-08,27.84306,28.64239,27.31018,28.042900000000003,1191100.0
2021-11-09,27.64323,28.109509999999997,27.343490000000003,28.042900000000003,1202900.0
2021-11-10,28.0762,28.575779999999998,27.94298,28.509169999999997,800600.0
2021-11-11,30.474169999999997,30.474169999999997,28.64239,29.90798,1126100.0
2021-11-12,29.80807,30.37425,29.17527,30.24103,689100.0
2021-11-15,30.84052,32.27264,30.77391,31.906290000000002,1046100.0
2021-11-16,31.50663,32.30595,30.907130000000002,31.24019,827700.0
2021-11-17,30.64069,32.97205,30.64069,32.47247,1052900.0
2021-11-18,33.305099999999996,34.70392,32.87213,34.70392,930300.0
2021-11-19,35.96951,36.036120000000004,32.30595,34.70392,1240400.0
2021-11-22,34.63731,34.63731,32.30595,32.30595,1914300.0
2021-11-23,30.07451,32.37256,30.07451,32.23934,2465700.0
2021-11-24,33.23849,33.305099999999996,30.973740000000003,30.973740000000003,992900.0
2021-11-25,30.973740000000003,33.138580000000005,30.64069,33.138580000000005,1015300.0
2021-11-26,33.63815,33.70476,31.972900000000003,32.43917,1172900.0
2021-11-29,30.64069,33.305099999999996,30.64069,33.271800000000006,1086100.0
2021-11-30,33.37171,34.23764,31.67315,32.97205,952100.0
2021-12-01,32.87213,32.87213,31.63985,32.17273,668200.0
2021-12-02,32.17273,32.33925,31.63985,31.63985,588500.0
2021-12-03,31.3068,31.63985,29.44171,29.44171,1556500.0
2021-12-06,29.308490000000003,29.475009999999997,27.4101,27.4101,1064900.0
2021-12-07,27.77645,28.575779999999998,25.64493,27.74315,1077500.0
2021-12-08,27.90967,28.109509999999997,27.176959999999998,28.042900000000003,481400.0
2021-12-09,28.042900000000003,28.64239,27.64323,28.64239,374800.0
2021-12-10,28.64239,28.908830000000002,27.77645,27.976290000000002,452200.0
2021-12-13,26.71069,28.30934,26.71069,28.00959,531500.0
2021-12-14,28.042900000000003,28.64239,27.74315,27.976290000000002,610800.0
2021-12-15,27.876369999999998,27.90967,27.343490000000003,27.4434,484400.0
2021-12-16,27.4434,28.30934,27.24357,27.24357,574000.0
2021-12-17,27.24357,28.30934,26.84391,28.30934,864000.0
2021-12-20,28.64239,29.308490000000003,28.30934,28.77561,734300.0
2021-12-21,28.44256,28.97544,28.042900000000003,28.242729999999998,576300.0
2021-12-22,28.242729999999998,28.30934,26.7773,27.01044,862100.0
2021-12-23,26.71069,26.81061,25.17866,25.4451,1362100.0
2021-12-24,25.4451,26.17781,23.97967,25.578319999999998,474600.0
2021-12-27,25.97798,26.04459,25.311880000000002,25.844759999999997,309400.0
2021-12-28,25.97798,25.97798,25.17866,25.311880000000002,625600.0
2021-12-29,25.378490000000003,26.37764,24.51255,26.34434,778700.0
2021-12-30,26.7773,28.176119999999997,26.71069,28.176119999999997,1373900.0
2021-12-31,29.44171,29.50832,28.242729999999998,28.242729999999998,975800.0
2022-01-04,28.575779999999998,28.709,27.77645,28.30934,600200.0
2022-01-05,28.242729999999998,29.308490000000003,27.976290000000002,28.40925,1002200.0
2022-01-06,28.40925,28.40925,27.043740000000003,27.37679,1258400.0
2022-01-07,27.176959999999998,28.30934,27.176959999999998,27.809759999999997,528100.0
2022-01-10,27.84306,28.00959,26.37764,26.44425,1053000.0
2022-01-11,26.31103,26.977130000000002,25.64493,25.77815,727700.0
2022-01-12,25.64493,27.14366,25.4451,26.57747,625300.0
2022-01-13,26.644080000000002,26.91052,25.51171,25.51171,588300.0
2022-01-14,25.545009999999998,26.544169999999998,24.64577,26.544169999999998,422700.0
2022-01-17,25.578319999999998,26.31103,24.71239,24.71239,848800.0
2022-01-18,23.11374,23.546709999999997,23.013830000000002,23.013830000000002,708400.0
2022-01-19,23.013830000000002,23.5134,22.647470000000002,23.5134,422700.0
2022-01-20,23.5134,24.312720000000002,23.5134,24.1795,323300.0
2022-01-21,24.1795,24.978830000000002,24.1795,24.579159999999998,558300.0
2022-01-24,24.04628,24.24611,22.880599999999998,22.980520000000002,715000.0
2022-01-25,22.61416,23.31357,22.31442,23.11374,277700.0
2022-01-26,23.11374,23.180349999999997,22.647470000000002,22.714080000000003,348900.0
2022-01-27,24.27942,24.27942,24.1462,24.27942,386500.0
2022-01-28,25.97798,25.97798,25.311880000000002,25.97798,1822100.0
2022-02-07,27.110349999999997,27.64323,26.04459,26.31103,898000.0
2022-02-08,26.01128,27.90967,26.01128,27.176959999999998,1230700.0
2022-02-09,27.176959999999998,27.31018,26.84391,26.87722,418700.0
2022-02-10,26.71069,28.27603,26.57747,27.64323,1199600.0
2022-02-11,27.976290000000002,28.30934,27.31018,27.90967,704700.0
2022-02-14,27.24357,27.64323,26.67739,26.71069,587100.0
2022-02-15,26.744,27.110349999999997,25.97798,26.977130000000002,625600.0
2022-02-16,26.67739,27.60993,26.67739,27.110349999999997,333100.0
2022-02-17,26.91052,27.510009999999998,26.91052,27.31018,377700.0
2022-02-18,26.977130000000002,28.80891,26.977130000000002,28.77561,2695200.0
2022-02-21,28.942130000000002,29.87468,28.87552,29.17527,1226000.0
2022-02-22,28.30934,29.308490000000003,27.70984,28.0762,772200.0
2022-02-23,28.30934,28.84222,28.00959,28.14281,616300.0
2022-02-24,27.976290000000002,29.17527,27.176959999999998,27.84306,1927700.0
2022-02-25,28.34264,29.141959999999997,27.976290000000002,28.54247,1115100.0
2022-02-28,28.54247,29.3751,28.34264,28.67569,898400.0
2022-03-01,28.97544,29.97459,28.54247,29.90798,1834600.0
2022-03-02,29.70815,30.24103,28.84222,28.908830000000002,1416700.0
2022-03-03,29.04205,29.241880000000002,28.34264,29.241880000000002,995400.0
2022-03-04,29.64154,30.174419999999998,29.308490000000003,29.308490000000003,1314500.0
2022-03-07,28.37595,29.17527,28.34264,28.44256,1059900.0
2022-03-08,27.31018,29.17527,26.7773,26.7773,1353600.0
2022-03-09,26.7773,27.24357,25.97798,26.644080000000002,1302100.0
2022-03-10,27.31018,27.84306,27.31018,27.47671,562200.0
2022-03-11,28.109509999999997,28.97544,27.510009999999998,28.176119999999997,1645800.0
2022-03-14,28.64239,28.64239,26.67739,27.110349999999997,708300.0
2022-03-15,27.31018,27.47671,26.84391,27.043740000000003,285900.0
2022-03-16,27.176959999999998,27.4434,26.977130000000002,26.977130000000002,345500.0
2022-03-17,27.70984,27.70984,26.943830000000002,27.01044,217400.0
2022-03-18,27.07705,27.47671,26.81061,27.01044,331000.0
2022-03-21,27.14366,27.21027,26.7773,27.043740000000003,529500.0
2022-03-22,27.4434,27.57662,27.043740000000003,27.176959999999998,359600.0
2022-03-23,27.31018,27.57662,26.977130000000002,27.01044,534900.0
2022-03-24,27.21027,27.21027,26.644080000000002,26.644080000000002,542800.0
2022-03-25,26.644080000000002,27.043740000000003,26.04459,27.043740000000003,832500.0
2022-03-28,26.87722,26.91052,25.64493,25.97798,516300.0
2022-03-29,26.277720000000002,26.31103,25.844759999999997,26.21111,325600.0
2022-03-30,25.97798,26.44425,25.34518,25.378490000000003,413300.0
2022-03-31,25.77815,25.77815,24.84561,24.91222,379000.0
2022-04-01,24.91222,25.311880000000002,23.31357,25.311880000000002,436100.0
2022-04-04,25.51171,26.7773,25.51171,26.277720000000002,704300.0
2022-04-05,26.44425,26.51086,25.844759999999997,25.844759999999997,338700.0
2022-04-06,25.844759999999997,25.911369999999998,25.378490000000003,25.578319999999998,419700.0
2022-04-07,25.71154,25.74484,25.078740000000003,25.078740000000003,484800.0
2022-04-08,25.078740000000003,25.11205,24.312720000000002,24.312720000000002,515200.0
2022-04-12,24.379330000000003,25.11205,22.647470000000002,22.647470000000002,548100.0
2022-04-13,22.647470000000002,23.180349999999997,21.448490000000003,23.180349999999997,512600.0
2022-04-14,23.77984,23.77984,22.980520000000002,23.08044,255300.0
2022-04-15,23.246959999999998,23.31357,22.1812,22.8473,289800.0
2022-04-18,22.61416,22.647470000000002,21.24865,21.24865,588900.0
2022-04-19,21.281959999999998,22.647470000000002,21.281959999999998,21.64832,884700.0
2022-04-20,21.31526,22.01467,20.64916,20.64916,396700.0
2022-04-21,19.35026,22.08128,19.35026,21.381880000000002,849400.0
2022-04-22,21.98137,22.1812,20.71577,21.24865,369100.0
2022-04-25,20.98221,21.31526,19.78323,19.84984,622600.0
2022-04-26,19.84984,19.983060000000002,18.484330000000003,19.84984,450800.0
2022-04-27,19.316959999999998,19.84984,18.784080000000003,19.5834,269200.0
2022-04-28,19.51679,19.91645,19.45018,19.45018,271300.0
2022-04-29,19.650009999999998,20.515939999999997,19.45018,20.515939999999997,215700.0
2022-05-04,20.382720000000003,20.382720000000003,19.38357,19.38357,243500.0
2022-05-05,19.683310000000002,19.71662,18.58425,19.316959999999998,236300.0
2022-05-06,18.784080000000003,19.11713,18.05136,18.05136,270300.0
2022-05-09,17.88484,17.88484,16.819080000000003,16.819080000000003,270300.0
2022-05-10,15.6534,17.25204,15.6534,17.25204,907400.0
2022-05-11,17.6517,17.6517,17.18543,17.35196,234500.0
2022-05-12,17.285349999999998,17.35196,16.15297,16.15297,157100.0
2022-05-13,16.15297,16.15297,15.05391,15.05391,451900.0
2022-05-16,15.320350000000001,15.986450000000001,14.32119,14.32119,381300.0
2022-05-17,13.75501,15.320350000000001,13.75501,15.320350000000001,330700.0
2022-05-18,15.986450000000001,16.11967,15.45357,15.45357,317900.0
2022-05-19,14.887379999999999,16.51933,14.85408,16.51933,863200.0
2022-05-20,17.18543,17.6517,17.18543,17.6517,452500.0
2022-05-23,18.31781,18.31781,16.51933,16.985599999999998,667900.0
2022-05-24,16.55264,18.15128,16.386110000000002,18.15128,609800.0
2022-05-25,18.51764,19.35026,18.31781,19.316959999999998,690100.0
2022-05-26,19.18374,19.983060000000002,18.85069,19.11713,570100.0
2022-05-27,18.484330000000003,19.316959999999998,18.484330000000003,18.81738,568700.0
2022-05-30,18.9173,19.45018,18.550939999999997,19.05052,446300.0
2022-05-31,19.18374,19.18374,18.717470000000002,18.950599999999998,444600.0
2022-06-01,18.950599999999998,18.98391,18.417720000000003,18.65086,433100.0
2022-06-02,18.68416,19.21704,18.51764,18.85069,587000.0
2022-06-03,18.65086,19.18374,18.617549999999998,18.950599999999998,371800.0
2022-06-06,18.65086,20.2495,18.65086,20.11628,1312600.0
2022-06-07,19.91645,21.31526,19.21704,21.24865,992000.0
2022-06-08,21.64832,21.914759999999998,20.98221,21.31526,784000.0
2022-06-09,20.78238,21.381880000000002,20.78238,21.04882,415800.0
2022-06-10,20.84899,20.84899,19.5834,19.5834,1068100.0
2022-06-13,18.2512,18.65086,18.21789,18.21789,613900.0
2022-06-14,17.018909999999998,18.31781,17.018909999999998,17.85153,541400.0
2022-06-15,17.38526,17.98475,16.61925,16.61925,635700.0
2022-06-16,16.985599999999998,17.18543,15.6534,15.6534,348100.0
2022-06-17,14.587629999999999,14.887379999999999,14.587629999999999,14.587629999999999,457400.0
2022-06-20,14.587629999999999,15.386959999999998,13.588479999999999,13.588479999999999,425900.0
2022-06-21,13.322040000000001,14.48772,12.655940000000001,13.65509,605200.0
2022-06-22,14.48772,14.587629999999999,13.98814,14.587629999999999,369000.0
2022-06-23,14.587629999999999,14.72085,14.15467,14.620940000000001,256000.0
2022-06-24,15.12052,15.12052,14.387799999999999,14.387799999999999,384000.0
2022-06-27,14.55433,15.386959999999998,14.55433,15.386959999999998,454700.0
2022-06-28,15.95314,15.95314,15.25374,15.52018,304500.0
2022-06-29,15.55348,16.3195,14.9873,15.986450000000001,454200.0
2022-06-30,15.986450000000001,16.21958,14.887379999999999,14.887379999999999,689500.0
2022-07-01,14.65424,15.91984,14.32119,15.91984,589900.0
2022-07-04,16.05306,16.985599999999998,16.05306,16.452720000000003,398000.0
2022-07-05,16.386110000000002,16.85238,15.386959999999998,15.986450000000001,558000.0
2022-07-06,15.25374,15.986450000000001,14.9873,15.0206,477200.0
2022-07-07,14.9873,15.62009,14.45441,15.320350000000001,242300.0
2022-07-08,15.72001,16.11967,15.386959999999998,16.08636,362800.0
2022-07-11,15.6534,16.28619,14.9873,15.25374,401200.0
2022-07-12,15.72001,16.11967,15.25374,16.11967,401800.0
2022-07-13,15.320350000000001,16.25289,15.320350000000001,15.58679,572400.0
2022-07-14,15.18713,16.51933,15.18713,16.386110000000002,465000.0
2022-07-15,16.61925,16.61925,15.986450000000001,16.05306,525200.0
2022-07-18,15.986450000000001,16.452720000000003,15.986450000000001,16.11967,568000.0
2022-07-19,16.3195,16.3195,15.55348,15.85323,435200.0
2022-07-20,16.01975,16.9523,16.01975,16.9523,972600.0
2022-07-21,16.985599999999998,17.51848,16.91899,16.9523,799600.0
2022-07-22,16.9523,17.45187,16.71916,17.05221,909800.0
2022-07-25,17.018909999999998,17.45187,16.51933,17.05221,1193700.0
2022-07-26,17.05221,17.38526,16.91899,17.08552,567200.0
2022-07-27,16.9523,18.2512,16.9523,18.2512,1844700.0
2022-07-28,18.717470000000002,18.717470000000002,18.31781,18.38442,937600.0
2022-07-29,18.417720000000003,19.11713,18.05136,18.98391,1047000.0
2022-08-01,19.250349999999997,20.2162,18.88399,19.48348,1243200.0
2022-08-02,19.48348,19.51679,18.950599999999998,19.45018,849600.0
2022-08-03,19.38357,20.582549999999998,19.18374,19.983060000000002,1177000.0
2022-08-04,20.316110000000002,20.449330000000003,19.35026,19.650009999999998,927600.0
2022-08-05,19.650009999999998,20.18289,19.316959999999998,19.88315,917900.0
2022-08-08,20.382720000000003,20.382720000000003,19.38357,19.650009999999998,848600.0
2022-08-09,19.650009999999998,20.18289,19.45018,19.78323,725600.0
2022-08-10,19.78323,20.04967,19.650009999999998,19.78323,747800.0
2022-08-11,20.18289,20.18289,18.98391,19.15043,1425900.0
2022-08-12,19.51679,19.84984,18.717470000000002,19.51679,891300.0
2022-08-15,19.683310000000002,19.84984,19.48348,19.650009999999998,452300.0
2022-08-16,19.5834,19.71662,19.250349999999997,19.48348,821500.0
2022-08-17,19.51679,19.84984,19.316959999999998,19.650009999999998,1147700.0
2022-08-18,19.51679,21.015520000000002,19.38357,20.98221,2895800.0
2022-08-19,20.8823,20.98221,20.382720000000003,20.682470000000002,924100.0
2022-08-22,20.582549999999998,20.915599999999998,19.91645,20.28281,1112100.0
2022-08-23,19.91645,20.915599999999998,19.683310000000002,20.915599999999998,1516600.0
2022-08-24,21.11543,21.24865,20.84899,20.84899,952000.0
2022-08-25,20.8823,21.24865,20.71577,20.84899,893300.0
2022-08-26,20.84899,20.84899,19.78323,20.18289,1355500.0
2022-08-29,19.38357,19.650009999999998,18.784080000000003,19.11713,1871100.0
2022-08-30,19.51679,19.71662,18.9173,18.9173,591300.0
2022-08-31,18.717470000000002,19.5834,18.68416,19.45018,727000.0
2022-09-05,19.45018,19.88315,19.316959999999998,19.5834,478400.0
2022-09-06,19.650009999999998,19.74993,19.316959999999998,19.51679,726300.0
2022-09-07,19.316959999999998,19.5834,18.21789,18.21789,787700.0
2022-09-08,18.784080000000003,18.784080000000003,17.91814,17.98475,713800.0
2022-09-09,18.05136,18.550939999999997,17.51848,18.550939999999997,466900.0
2022-09-12,18.98391,18.98391,18.2845,18.45103,254479.0
2022-09-13,18.58425,18.58425,18.11798,18.31781,326558.0
2022-09-14,17.31865,19.250349999999997,17.31865,18.65086,860553.0
2022-09-15,18.784080000000003,18.85069,18.58425,18.65086,359047.0
2022-09-16,18.417720000000003,18.784080000000003,17.85153,17.98475,406755.0
2022-09-19,17.718310000000002,17.718310000000002,16.752470000000002,16.752470000000002,676441.0
2022-09-20,16.85238,17.31865,16.3195,17.31865,366160.0
2022-09-21,17.25204,17.31865,16.985599999999998,17.11882,461521.0
2022-09-22,17.05221,18.2845,16.51933,18.2845,761809.0
2022-09-23,18.617549999999998,19.51679,18.351110000000002,19.45018,1641827.0
2022-09-26,19.41687,19.41687,18.31781,18.98391,889188.0
2022-09-27,19.05052,19.650009999999998,18.98391,19.316959999999998,888554.0
2022-09-28,19.11713,19.683310000000002,18.717470000000002,19.38357,787889.0
2022-09-29,19.683310000000002,19.71662,18.31781,19.71662,1367839.0
2022-09-30,19.38357,19.983060000000002,18.550939999999997,19.983060000000002,1310094.0
2022-10-03,19.78323,19.78323,18.58425,18.58425,733996.0
2022-10-04,18.98391,18.98391,17.285349999999998,17.285349999999998,796042.0
2022-10-05,17.91814,17.98475,17.31865,17.91814,605239.0
2022-10-06,17.81823,17.85153,16.68586,16.68586,435980.0
2022-10-07,16.03414,16.13692,15.52023,15.52023,638912.0
2022-10-10,14.6637,16.37675,14.6637,15.86284,429227.0
2022-10-11,15.79431,15.79431,14.76648,14.76648,460235.0
2022-10-12,14.80074,15.65727,14.52666,14.76648,337091.0
2022-10-13,14.73222,15.07483,14.6637,14.937790000000001,159203.0
2022-10-14,15.417440000000001,15.69153,15.246139999999999,15.485959999999999,372354.0
2022-10-17,15.4517,15.55449,14.937790000000001,15.55449,223785.0
2022-10-18,15.8971,16.10266,15.485959999999999,15.58875,447803.0
2022-10-19,15.58875,15.62301,15.38318,15.62301,159244.0
2022-10-20,15.55449,15.62301,14.86927,14.86927,276319.0
2022-10-21,14.86927,14.86927,13.84144,13.84144,441700.0
2022-10-24,13.361780000000001,13.97848,12.88213,12.88213,320001.0
2022-10-25,12.333950000000002,13.29326,11.991340000000001,12.333950000000002,382460.0
2022-10-26,11.991340000000001,12.53952,11.47743,11.47743,489221.0
2022-10-27,12.05987,12.26543,11.545950000000001,12.26543,355253.0
2022-10-28,12.333950000000002,12.84787,12.333950000000002,12.471,301632.0
2022-10-31,12.196909999999999,12.74509,11.92282,12.333950000000002,303839.0
2022-11-01,12.67656,13.01917,12.53952,12.88213,555647.0
2022-11-02,12.88213,13.01917,12.60804,12.88213,371000.0
2022-11-03,12.53952,13.22474,12.53952,12.88213,280100.0
2022-11-04,12.53952,12.77935,11.991340000000001,11.991340000000001,497502.0
2022-11-07,12.09413,12.12839,11.16908,11.16908,317812.0
2022-11-08,10.620899999999999,11.16908,10.41534,10.96351,333149.0
2022-11-09,11.58021,11.58021,10.96351,10.96351,246201.0
2022-11-10,10.58664,10.792209999999999,10.20977,10.20977,266006.0
2022-11-11,10.27829,10.792209999999999,9.52455,9.52455,465262.0
2022-11-14,9.2162,9.2162,8.87359,8.87359,440000.0
2022-11-15,8.29116,8.805069999999999,8.2569,8.2569,431021.0
2022-11-16,7.7087200000000005,8.805069999999999,7.7087200000000005,8.805069999999999,1013684.0
2022-11-17,9.18194,9.38751,9.0449,9.2162,491467.0
2022-11-18,9.28473,9.76438,8.805069999999999,9.76438,593351.0
2022-11-21,10.03847,10.175510000000001,9.798639999999999,10.14125,426639.0
2022-11-22,10.03847,10.792209999999999,9.798639999999999,10.27829,720538.0
2022-11-23,10.27829,10.723690000000001,9.93568,10.27829,481810.0
2022-11-24,10.20977,10.4496,9.90142,10.41534,460300.0
2022-11-25,10.55238,11.13482,10.4496,11.13482,508300.0
2022-11-28,11.545950000000001,11.88856,11.30612,11.88856,499454.0
2022-11-29,12.05987,12.71082,11.648729999999999,12.67656,842253.0
2022-11-30,12.67656,12.98491,12.26543,12.573780000000001,463638.0
2022-12-01,12.81361,13.32752,12.05987,12.333950000000002,1099526.0
2022-12-02,12.05987,13.190479999999999,12.0256,13.190479999999999,928529.0
2022-12-05,13.670129999999999,13.84144,13.396040000000001,13.63587,728488.0
2022-12-06,13.53309,13.63587,12.71082,12.71082,1880021.0
2022-12-07,12.67656,12.88213,11.92282,12.05987,628949.0
2022-12-08,12.50526,12.88213,12.05987,12.77935,796010.0
2022-12-09,12.95065,13.01917,12.402479999999999,12.573780000000001,384904.0
2022-12-12,12.642299999999999,13.15622,11.751520000000001,11.751520000000001,564809.0
2022-12-13,12.333950000000002,12.573780000000001,11.71726,12.573780000000001,581672.0
2022-12-14,12.98491,13.396040000000001,12.67656,13.12196,1056533.0
2022-12-15,12.98491,13.430309999999999,12.95065,13.259,566650.0
2022-12-16,12.91639,13.60161,12.91639,13.396040000000001,724472.0
2022-12-19,13.396040000000001,14.32109,13.22474,13.73865,1479091.0
2022-12-20,13.670129999999999,14.32109,13.05343,13.772920000000001,1313623.0
2022-12-21,14.35535,14.35535,12.81361,13.259,901478.0
2022-12-22,13.49883,13.49883,12.53952,13.22474,302022.0
2022-12-23,13.01917,13.15622,12.60804,12.74509,320642.0
2022-12-26,12.67656,12.67656,11.854299999999999,11.854299999999999,552826.0
2022-12-27,12.05987,12.573780000000001,11.71726,12.573780000000001,374500.0
2022-12-28,12.573780000000001,12.71082,12.196909999999999,12.402479999999999,322711.0
2022-12-29,12.09413,12.333950000000002,11.95708,11.95708,165512.0
2022-12-30,11.991340000000001,12.26543,11.88856,11.92282,175043.0
2023-01-03,12.09413,12.74509,12.05987,12.74509,427502.0
2023-01-04,13.361780000000001,13.361780000000001,12.67656,12.77935,374258.0
2023-01-05,12.74509,12.98491,12.471,12.81361,216360.0
2023-01-06,12.81361,13.22474,12.50526,12.67656,388887.0
2023-01-09,12.77935,12.95065,12.402479999999999,12.402479999999999,170760.0
2023-01-10,12.402479999999999,12.60804,12.09413,12.23117,262430.0
2023-01-11,12.26543,12.84787,12.26543,12.573780000000001,244313.0
2023-01-12,12.77935,12.77935,12.196909999999999,12.402479999999999,177010.0
2023-01-13,12.67656,12.95065,12.471,12.67656,445555.0
2023-01-16,12.74509,12.88213,12.29969,12.67656,237600.0
2023-01-17,12.74509,13.49883,12.71082,13.49883,405300.0
2023-01-18,13.46457,13.567350000000001,13.22474,13.396040000000001,432580.0
2023-01-19,13.361780000000001,13.84144,13.29326,13.80718,413600.0
2023-01-27,14.32109,14.32109,13.430309999999999,13.46457,499129.0
2023-01-30,13.46457,14.08126,13.15622,13.670129999999999,1438198.0
2023-01-31,13.49883,14.32109,13.46457,14.32109,485420.0
2023-02-01,14.52666,14.56092,13.32752,13.32752,1074011.0
2023-02-02,13.32752,13.361780000000001,12.81361,12.91639,670071.0
2023-02-03,13.01917,13.05343,12.642299999999999,12.77935,352722.0
2023-02-06,12.77935,13.01917,12.53952,12.77935,150604.0
2023-02-07,12.81361,13.05343,12.471,12.471,348032.0
2023-02-08,12.573780000000001,12.88213,11.991340000000001,12.53952,263369.0
2023-02-09,12.53952,12.60804,12.402479999999999,12.50526,140939.0
2023-02-10,12.471,12.53952,12.09413,12.16265,303500.0
2023-02-13,12.16265,12.16265,11.374649999999999,11.545950000000001,607511.0
2023-02-14,11.545950000000001,11.92282,11.51169,11.683,162034.0
2023-02-15,11.854299999999999,12.05987,11.71726,11.95708,285200.0
2023-02-16,11.95708,12.29969,11.95708,12.26543,237009.0
2023-02-17,12.26543,12.402479999999999,12.12839,12.12839,133405.0
2023-02-20,12.29969,12.95065,12.12839,12.95065,476122.0
2023-02-21,13.22474,13.22474,12.71082,12.71082,235500.0
2023-02-22,12.60804,12.60804,12.12839,12.12839,404500.0
2023-02-23,12.12839,12.471,11.71726,12.471,330700.0
2023-02-24,12.196909999999999,12.43674,11.991340000000001,11.991340000000001,143507.0
2023-02-27,11.648729999999999,11.92282,11.51169,11.58021,226509.0
2023-02-28,11.648729999999999,11.82004,11.58021,11.71726,111000.0
2023-03-01,11.648729999999999,12.196909999999999,11.51169,12.12839,108803.0
2023-03-02,12.23117,12.23117,11.92282,11.92282,90129.0
2023-03-03,12.05987,12.05987,11.71726,11.71726,125900.0
2023-03-06,11.991340000000001,12.05987,11.751520000000001,11.82004,115574.0
2023-03-07,11.92282,12.05987,11.78578,11.92282,180000.0
2023-03-08,11.92282,12.196909999999999,11.751520000000001,12.196909999999999,183900.0
2023-03-09,12.196909999999999,12.471,12.196909999999999,12.36821,327571.0
2023-03-10,12.333950000000002,12.333950000000002,11.991340000000001,12.23117,142900.0
2023-03-13,12.05987,12.26543,11.82004,12.16265,267501.0
2023-03-14,11.95708,12.12839,11.648729999999999,11.683,243400.0
2023-03-15,12.402479999999999,12.471,11.991340000000001,12.471,517126.0
2023-03-16,12.12839,12.471,12.12839,12.333950000000002,395859.0
2023-03-17,12.573780000000001,12.573780000000001,12.196909999999999,12.26543,216902.0
2023-03-20,12.05987,12.50526,11.88856,11.92282,379050.0
2023-03-21,12.16265,12.26543,11.854299999999999,12.26543,159412.0
2023-03-22,12.26543,12.60804,12.196909999999999,12.29969,319748.0
2023-03-23,12.26543,12.67656,12.05987,12.60804,369973.0
2023-03-24,12.74509,12.88213,12.471,12.471,429087.0
2023-03-27,12.67656,13.32752,12.642299999999999,13.32752,875872.0
2023-03-28,13.567350000000001,13.90996,13.396040000000001,13.396040000000001,1003895.0
2023-03-29,13.361780000000001,14.32109,13.361780000000001,14.32109,2112961.0
2023-03-30,15.07483,15.14335,14.76648,14.83501,1631435.0
2023-03-31,14.937790000000001,15.86284,14.595180000000001,15.86284,2205927.0
2023-04-03,16.753619999999998,16.753619999999998,16.03414,16.44527,1013099.0
2023-04-04,16.58232,17.57588,16.17118,17.57588,1592008.0
2023-04-05,18.05554,18.637970000000003,17.541619999999998,17.81571,2462522.0
2023-04-06,17.74719,17.98702,17.061970000000002,17.13049,2119852.0
2023-04-07,17.37032,18.32963,17.199009999999998,18.32963,1136013.0
2023-04-10,19.117630000000002,19.151889999999998,17.95275,18.22684,1833207.0
2023-04-11,18.22684,19.18615,17.507360000000002,19.151889999999998,1818535.0
2023-04-12,19.151889999999998,19.151889999999998,17.98702,18.43241,1261747.0
2023-04-13,18.363889999999998,18.77502,17.95275,17.95275,1246787.0
2023-04-14,18.50093,18.7065,17.88423,18.021279999999997,1811228.0
2023-04-17,18.22684,18.637970000000003,17.88423,18.50093,1123060.0
2023-04-18,18.50093,19.76859,18.295360000000002,19.76859,2336878.0
2023-04-19,20.351020000000002,20.8992,19.76859,20.48807,2360806.0
2023-04-20,20.48807,20.59085,19.80285,20.21398,1602481.0
2023-04-21,20.48807,21.447380000000003,20.31676,20.351020000000002,1965470.0
2023-04-24,20.21398,20.693630000000002,19.56302,20.00841,3079178.0
2023-04-25,20.00841,20.07694,19.01485,19.04911,2615136.0
2023-04-26,19.117630000000002,20.17972,18.809279999999998,19.734330000000003,1586200.0
2023-04-27,19.734330000000003,19.97415,19.4945,19.6658,783880.0
2023-04-28,19.80285,20.1112,19.4945,20.00841,1320433.0
2023-05-04,19.87137,20.8992,19.6658,20.62511,1316283.0
2023-05-05,20.31676,20.62511,20.00841,20.31676,1118604.0
2023-05-08,20.351020000000002,20.76216,20.31676,20.31676,1259238.0
2023-05-09,20.31676,20.351020000000002,19.905630000000002,20.21398,809322.0
2023-05-10,20.21398,20.62511,20.042669999999998,20.07694,971127.0
2023-05-11,20.21398,20.2825,19.6658,20.00841,2123030.0
2023-05-12,20.1112,20.351020000000002,19.70007,20.351020000000002,1114648.0
2023-05-15,20.76216,20.76216,19.76859,19.87137,1037055.0
2023-05-16,19.80285,19.93989,19.460240000000002,19.597279999999998,1152343.0
2023-05-17,19.6658,19.6658,18.91206,18.91206,2113808.0
2023-05-18,19.117630000000002,20.00841,19.04911,19.52876,2285347.0
2023-05-19,19.56302,19.734330000000003,19.04911,19.35746,1054518.0
2023-05-22,19.597279999999998,20.00841,19.52876,19.87137,1176856.0
2023-05-23,19.93989,20.21398,19.52876,19.597279999999998,1300458.0
2023-05-24,19.905630000000002,20.96772,19.63154,20.96772,3875779.0
2023-05-25,21.17329,21.31033,20.65937,20.96772,1874245.0
2023-05-26,21.036240000000003,21.17329,20.351020000000002,20.351020000000002,1781937.0
2023-05-29,20.385279999999998,21.31033,20.14546,21.24181,2222101.0
2023-05-30,21.24181,22.71503,20.8992,22.68077,2548671.0
2023-05-31,22.61225,23.16042,22.26964,22.4752,1182649.0
2023-06-01,22.61225,23.091900000000003,22.372419999999998,22.9206,1410665.0
2023-06-02,22.9206,23.43451,22.61225,23.02338,1245508.0
2023-06-05,23.29747,23.29747,21.92703,22.33816,1824460.0
2023-06-06,22.303900000000002,23.05764,21.995549999999998,22.95486,1631172.0
2023-06-07,22.95486,22.95486,22.4752,22.577990000000003,1306293.0
2023-06-08,22.61225,22.61225,21.89277,21.89277,1805768.0
2023-06-09,21.89277,22.303900000000002,21.34459,22.26964,1593148.0
2023-06-12,21.995549999999998,22.26964,21.48164,22.23538,857643.0
2023-06-13,22.50947,22.783549999999998,21.92703,22.40668,1438530.0
2023-06-14,22.50947,22.81781,22.13259,22.13259,978341.0
2023-06-15,21.92703,22.20112,21.82425,22.13259,899480.0
2023-06-16,22.783549999999998,23.12616,21.92703,21.96129,2199175.0
2023-06-19,22.26964,22.40668,21.92703,22.40668,882384.0
2023-06-20,22.40668,23.22895,22.40668,23.02338,1645962.0
2023-06-21,23.22895,23.948430000000002,22.98912,23.77712,2072878.0
2023-06-22,23.948430000000002,23.948430000000002,23.40025,23.57156,1221044.0
2023-06-23,23.57156,23.879900000000003,23.194689999999998,23.64008,1251728.0
2023-06-26,23.43451,23.84564,22.06407,23.43451,1742379.0
2023-06-27,23.64008,23.64008,22.98912,23.22895,1015388.0
2023-06-28,23.22895,23.64008,22.88634,22.98912,1103229.0
2023-06-29,22.98912,22.98912,22.16686,22.16686,1680348.0
2023-06-30,22.06407,22.4752,21.92703,22.303900000000002,965860.0
2023-07-03,22.372419999999998,22.61225,22.20112,22.54373,653518.0
2023-07-04,22.4752,22.95486,22.303900000000002,22.749290000000002,2019965.0
2023-07-05,24.2682,24.2682,23.36659,23.51686,1599237.0
2023-07-06,23.51686,23.96766,23.21632,23.81739,1597269.0
2023-07-07,23.66713,23.892529999999997,23.40416,23.81739,713578.0
2023-07-10,23.96766,24.41846,23.81739,24.193060000000003,1254831.0
2023-07-11,24.2682,24.3809,23.85496,23.93009,1059352.0
2023-07-12,23.93009,24.41846,23.591990000000003,23.591990000000003,1474180.0
2023-07-13,23.81739,23.85496,23.51686,23.81739,961822.0
2023-07-14,24.04279,24.3809,23.742259999999998,24.30576,1188515.0
2023-07-17,24.493599999999997,24.794130000000003,24.00523,24.04279,1095490.0
2023-07-18,24.04279,24.04279,23.66713,23.70469,738033.0
2023-07-19,23.70469,24.2682,23.66713,24.04279,1192270.0
2023-07-20,24.98197,25.01953,24.3809,24.493599999999997,2254916.0
2023-07-21,24.6063,25.24493,24.2682,25.1698,1923177.0
2023-07-24,25.54547,25.6206,25.0571,25.2825,1222376.0
2023-07-25,25.43277,25.54547,25.094669999999997,25.3952,1573936.0
2023-07-26,25.32007,25.507900000000003,25.1698,25.32007,969620.0
2023-07-27,25.47034,25.54547,24.86927,25.1698,1023938.0
2023-07-28,25.094669999999997,25.88357,25.094669999999997,25.54547,1028350.0
2023-07-31,25.6206,25.846,25.1698,25.6206,968996.0
2023-08-01,25.77087,25.77087,25.207369999999997,25.207369999999997,899266.0
2023-08-02,25.094669999999997,25.3952,24.98197,25.1698,724597.0
2023-08-03,25.094669999999997,25.32007,24.64386,24.64386,1719274.0
2023-08-04,24.794130000000003,25.01953,24.30576,24.9444,1066021.0
2023-08-07,25.13223,25.54547,25.13223,25.507900000000003,1017637.0
2023-08-08,25.54547,25.77087,25.01953,25.13223,948833.0
2023-08-09,25.13223,25.13223,24.53116,24.64386,1025014.0
2023-08-10,25.01953,25.01953,24.04279,24.08036,1048643.0
2023-08-11,24.11793,24.41846,23.66713,24.41846,786983.0
2023-08-14,24.64386,25.3952,24.3809,24.8317,1105332.0
2023-08-15,25.0571,25.35764,24.56873,24.64386,437558.0
2023-08-16,24.56873,24.64386,24.2682,24.41846,918001.0
2023-08-17,24.493599999999997,25.24493,24.493599999999997,24.64386,1891224.0
2023-08-18,24.41846,24.53116,22.95336,22.95336,1646080.0
2023-08-21,22.69039,23.06606,22.08932,22.540119999999998,1656263.0
2023-08-22,22.69039,23.25389,21.41311,23.25389,1503836.0
2023-08-23,23.44173,23.44173,22.84066,22.84066,819943.0
2023-08-24,22.765520000000002,23.591990000000003,22.61525,23.591990000000003,978325.0
2023-08-25,23.591990000000003,23.892529999999997,23.29146,23.66713,1442283.0
2023-08-28,23.66713,24.34333,23.55443,24.11793,1113128.0
2023-08-29,24.193060000000003,24.75657,24.08036,24.193060000000003,1591533.0
2023-08-30,24.56873,25.88357,24.30576,25.88357,3199659.0
2023-08-31,26.59734,27.574080000000002,26.37194,26.78518,2442404.0
2023-09-05,27.31111,27.34868,26.822740000000003,27.34868,1840052.0
2023-09-06,27.34868,29.22702,26.822740000000003,28.73865,2713044.0
2023-09-07,28.85135,29.56512,28.550819999999998,29.18946,1562495.0
2023-09-08,28.776220000000002,29.264590000000002,28.47569,28.85135,1463564.0
2023-09-11,28.92649,30.57943,28.25028,29.00162,2035372.0
2023-09-12,29.00162,31.03023,29.00162,31.03023,2544195.0
2023-09-13,31.6313,33.02128,31.1805,32.68317,2427866.0
2023-09-14,32.68317,32.68317,31.33077,32.26994,1803610.0
2023-09-15,32.26994,32.53291,30.5043,32.0821,1542635.0
2023-09-18,31.6313,32.30751,31.33077,32.15724,1220261.0
2023-09-19,32.15724,32.64561,31.25563,32.64561,984870.0
2023-09-20,32.68317,33.960449999999994,32.68317,33.81018,1183503.0
2023-09-21,33.81018,33.81018,31.44347,31.44347,1683914.0
2023-09-22,29.90323,30.692130000000002,29.264590000000002,29.264590000000002,2972212.0
2023-09-25,28.96405,29.452419999999996,27.235979999999998,27.235979999999998,2174143.0
2023-09-26,27.235979999999998,29.00162,26.67248,27.34868,2363866.0
2023-09-27,27.724349999999998,29.22702,27.27355,29.22702,2043225.0
2023-09-28,29.30216,31.25563,29.151889999999998,30.804830000000003,2417354.0
2023-09-29,30.91753,31.1805,30.01593,30.804830000000003,1599305.0
2023-10-02,30.5043,30.955099999999998,29.67782,29.82809,1312046.0
2023-10-03,29.30216,29.452419999999996,27.76191,27.76191,3154713.0
2023-10-04,27.04814,29.67782,27.04814,29.67782,1969557.0
2023-10-05,30.05349,30.20376,28.47569,28.550819999999998,1355133.0
2023-10-06,28.70109,29.86566,28.02488,29.30216,1234234.0
2023-10-09,29.377290000000002,30.804830000000003,29.00162,30.804830000000003,1375447.0
2023-10-10,31.1805,31.1805,30.27889,30.31646,2018715.0
2023-10-11,30.05349,31.706439999999997,29.86566,31.706439999999997,1642535.0
2023-10-12,31.8567,32.30751,30.8424,31.25563,1421834.0
2023-10-13,30.804830000000003,31.556169999999998,30.12863,31.1805,1415494.0
2023-10-16,31.21807,31.293200000000002,29.79053,30.05349,1203959.0
2023-10-17,30.617,30.87996,28.92649,28.92649,1176091.0
2023-10-18,29.00162,29.52756,26.93544,28.550819999999998,2380437.0
2023-10-19,28.550819999999998,28.776220000000002,26.74761,26.74761,1390495.0
2023-10-20,25.99627,28.58839,24.9444,28.58839,2363289.0
2023-10-23,28.58839,28.81379,27.53651,27.94975,763162.0
2023-10-24,27.68678,28.550819999999998,27.574080000000002,28.550819999999998,942157.0
2023-10-25,28.550819999999998,29.60269,28.550819999999998,28.85135,1614805.0
2023-10-26,27.724349999999998,28.550819999999998,26.860310000000002,28.137580000000003,3122350.0
2023-10-27,28.137580000000003,28.88892,26.860310000000002,28.70109,1169044.0
2023-10-30,28.175150000000002,28.62595,26.74761,26.74761,794966.0
2023-10-31,26.74761,27.123279999999998,24.906830000000003,24.9444,1727530.0
2023-11-01,24.794130000000003,26.22167,24.08036,26.108970000000003,908295.0
2023-11-02,26.37194,27.87462,26.07141,27.87462,1416497.0
2023-11-03,28.325419999999998,28.325419999999998,27.123279999999998,27.79948,1181661.0
2023-11-06,27.79948,28.25028,27.574080000000002,28.10002,846815.0
2023-11-07,28.062450000000002,28.47569,27.04814,27.94975,1235519.0
2023-11-08,27.574080000000002,29.90323,27.574080000000002,29.90323,1913710.0
2023-11-09,30.42916,31.8567,30.12863,31.405900000000003,1507373.0
2023-11-10,30.87996,32.53291,30.87996,31.44347,1671857.0
2023-11-13,31.78157,32.30751,31.33077,31.9694,972417.0
2023-11-14,32.60804,32.871010000000005,31.706439999999997,32.26994,916078.0
2023-11-15,33.43451,33.43451,32.34507,32.90858,1369225.0
2023-11-16,32.64561,32.98371,32.30751,32.98371,761551.0
2023-11-17,33.13398,33.13398,31.14293,31.48103,1903213.0
2023-11-20,31.10537,33.65991,30.42916,33.65991,2332718.0
2023-11-21,34.561519999999994,34.786919999999995,33.960449999999994,34.59908,1067778.0
2023-11-22,34.44882,34.786919999999995,34.14828,34.63665,1016351.0
2023-11-23,34.67422,34.74935,32.232369999999996,32.232369999999996,1271342.0
2023-11-24,32.30751,34.26098,31.556169999999998,34.26098,2076005.0
2023-11-27,33.960449999999994,34.37368,33.359379999999994,33.88531,720430.0
2023-11-28,33.88531,33.92288,32.42021,33.88531,1147689.0
2023-11-29,34.07315,34.82449,33.81018,34.22342,694273.0
2023-11-30,34.48638,34.561519999999994,33.43451,33.62235,753440.0
2023-12-01,34.11072,34.33612,33.24668,34.26098,635349.0
2023-12-04,34.93719,36.43986,34.899620000000006,36.25203,1203623.0
2023-12-05,36.25203,36.28959,35.68852,35.87636,725862.0
2023-12-06,35.91392,36.327160000000006,35.83879,36.21446,562825.0
2023-12-07,36.10176,36.28959,33.697480000000006,34.93719,1936571.0
2023-12-08,34.93719,35.31286,33.99801,34.18585,936182.0
2023-12-11,34.18585,34.63665,33.88531,34.41125,515746.0
2023-12-12,34.41125,34.71179,34.26098,34.67422,300042.0
2023-12-13,34.67422,34.93719,33.50965,33.50965,702968.0
2023-12-14,34.18585,34.18585,33.28424,33.697480000000006,486755.0
2023-12-15,33.43451,34.561519999999994,33.43451,33.960449999999994,445762.0
2023-12-18,33.50965,34.26098,33.50965,33.50965,250972.0
2023-12-19,33.17154,34.48638,33.17154,34.48638,517908.0
2023-12-20,34.71179,34.71179,34.298550000000006,34.48638,374668.0
2023-12-21,34.33612,35.08745,34.03558,34.93719,569518.0
2023-12-22,35.23772,35.31286,34.03558,34.786919999999995,450486.0
2023-12-25,34.786919999999995,35.04989,34.561519999999994,34.86205,528362.0
2023-12-26,34.86205,35.04989,34.67422,34.97475,688205.0
2023-12-27,35.08745,36.02663,35.08745,35.68852,820207.0
2023-12-28,35.387989999999995,35.91392,35.387989999999995,35.91392,429785.0
2023-12-29,35.989059999999995,35.989059999999995,35.23772,35.68852,601661.0
2024-01-02,35.387989999999995,35.95149,34.71179,34.71179,788856.0
2024-01-03,34.26098,34.93719,34.18585,34.93719,577326.0
2024-01-04,35.23772,36.327160000000006,34.71179,34.71179,1265906.0
2024-01-05,34.67422,35.23772,34.67422,35.162589999999994,407824.0
2024-01-08,35.31286,35.989059999999995,35.12502,35.23772,588030.0
2024-01-09,35.27529,35.68852,34.86205,35.162589999999994,460641.0
2024-01-10,35.162589999999994,35.20015,34.14828,34.63665,820186.0
2024-01-11,34.63665,35.500690000000006,34.561519999999994,34.71179,504527.0
2024-01-12,34.71179,35.46312,34.18585,34.93719,927921.0
2024-01-15,35.162589999999994,35.387989999999995,34.298550000000006,34.298550000000006,614310.0
2024-01-16,34.18585,35.53826,34.18585,35.53826,690401.0
2024-01-17,35.61339,38.017669999999995,35.46312,38.017669999999995,3024772.0
2024-01-18,38.017669999999995,40.647349999999996,37.8674,39.294940000000004,855704.0
2024-01-19,39.37008,39.74575,38.16794,38.46847,1304355.0
2024-01-22,38.844139999999996,39.445209999999996,37.71713,39.294940000000004,1039336.0
2024-01-23,39.14468,40.121410000000004,38.54361,39.294940000000004,484904.0
2024-01-24,39.37008,40.121410000000004,38.693870000000004,39.06954,830480.0
2024-01-25,38.91927,39.445209999999996,38.618739999999995,38.76901,395159.0
2024-01-26,38.76901,39.445209999999996,38.76901,38.91927,311032.0
2024-01-29,39.294940000000004,40.19655,39.06954,39.294940000000004,623559.0
2024-01-30,39.74575,39.74575,38.99441,39.52034,425446.0
2024-01-31,39.74575,41.323550000000004,39.445209999999996,39.52034,1271321.0
2024-02-01,39.67061,39.896010000000004,39.294940000000004,39.67061,536642.0
2024-02-02,40.57222,40.57222,39.52034,39.67061,528254.0
2024-02-05,39.67061,40.497080000000004,39.06954,39.820879999999995,840924.0
2024-02-06,39.896010000000004,41.17329,39.74575,39.74575,444488.0
2024-02-07,39.896010000000004,40.121410000000004,39.37008,39.37008,590172.0
2024-02-15,39.37008,39.74575,39.14468,39.294940000000004,512523.0
2024-02-16,39.445209999999996,40.27168,39.14468,39.59548,679275.0
2024-02-19,39.74575,40.57222,39.445209999999996,40.57222,1211312.0
2024-02-20,41.248419999999996,42.300290000000004,40.647349999999996,40.647349999999996,811394.0
2024-02-21,40.722480000000004,40.722480000000004,39.820879999999995,40.34682,817093.0
2024-02-22,40.19655,40.19655,39.67061,39.67061,959945.0
2024-02-23,39.820879999999995,40.19655,38.99441,38.99441,1076297.0
2024-02-26,38.99441,41.17329,38.693870000000004,40.722480000000004,1114327.0
2024-02-27,40.87275,41.77436,40.57222,40.722480000000004,712668.0
2024-02-28,40.79762,40.87275,39.896010000000004,40.497080000000004,558684.0
2024-02-29,40.497080000000004,41.624089999999995,40.121410000000004,40.87275,1077332.0
2024-03-01,41.248419999999996,43.727830000000004,41.17329,43.727830000000004,2387760.0
2024-03-04,44.77971,44.77971,43.50243,43.652699999999996,597030.0
2024-03-05,43.652699999999996,45.83158,42.525690000000004,44.62944,1271993.0
2024-03-06,44.479169999999996,45.155370000000005,43.2019,43.80297,748206.0
2024-03-07,43.652699999999996,44.77971,43.4273,44.328900000000004,925665.0
2024-03-08,45.00511,45.00511,43.277029999999996,43.277029999999996,1104730.0
2024-03-11,43.277029999999996,44.328900000000004,42.450559999999996,43.277029999999996,806655.0
2024-03-12,43.4273,45.00511,42.901360000000004,44.02837,981787.0
2024-03-13,44.02837,46.58292,44.02837,46.13211,902395.0
2024-03-14,46.13211,46.50778,44.62944,45.080239999999996,801935.0
2024-03-15,45.080239999999996,46.20725,44.02837,45.83158,936980.0
2024-03-18,46.20725,46.20725,42.675959999999996,43.57757,1631210.0
2024-03-19,44.17864,44.17864,41.699220000000004,43.2019,475886.0
2024-03-20,43.2019,44.17864,43.2019,44.17864,400618.0
2024-03-21,45.080239999999996,45.080239999999996,44.17864,44.328900000000004,608086.0
2024-03-22,44.70457,47.40939,44.328900000000004,46.958580000000005,1926328.0
2024-03-25,47.63479,47.70992,45.98185,46.05698,479259.0
2024-03-26,45.60618,47.33425,45.60618,46.58292,323614.0
2024-03-27,47.25912,47.25912,46.43265,46.65805,392152.0
2024-03-28,47.33425,48.83693,46.73318,48.085589999999996,574886.0
2024-03-29,48.085589999999996,48.085589999999996,47.183980000000005,47.484519999999996,242453.0
2024-04-01,47.484519999999996,47.785050000000005,46.357510000000005,47.63479,516838.0
2024-04-02,47.63479,47.70992,46.883449999999996,47.70992,381665.0
2024-04-03,48.16072,50.565,48.085589999999996,48.085589999999996,970986.0
2024-04-04,48.76179,48.83693,47.70992,48.46126,491240.0
2024-04-05,46.58292,47.86019,46.43265,46.883449999999996,705964.0
2024-04-08,46.282379999999996,46.80832,44.40404,44.40404,977319.0
2024-04-09,44.40404,45.90671,44.1035,45.756440000000005,597012.0
2024-04-10,45.83158,45.98185,45.080239999999996,45.080239999999996,281810.0
2024-04-11,44.02837,46.13211,43.953230000000005,45.83158,396437.0
2024-04-12,46.13211,47.40939,45.60618,47.183980000000005,583927.0
2024-04-15,46.73318,47.70992,43.953230000000005,43.953230000000005,934875.0
2024-04-16,43.953230000000005,43.953230000000005,41.023019999999995,42.82623,1562522.0
2024-04-17,43.727830000000004,43.727830000000004,40.19655,40.19655,872080.0
2024-04-19,38.3182,39.97115,37.416599999999995,37.416599999999995,2874131.0
2024-04-22,38.693870000000004,39.97115,37.56687,39.59548,926988.0
2024-04-23,39.59548,39.97115,37.529300000000006,38.092800000000004,990847.0
2024-04-24,38.54361,39.97115,38.54361,39.59548,928407.0
2024-04-25,39.37008,39.445209999999996,38.46847,38.91927,776892.0
2024-04-26,37.8674,39.294940000000004,37.8674,38.46847,1001415.0
2024-05-02,38.844139999999996,39.06954,37.71713,38.017669999999995,618832.0
2024-05-03,39.06954,39.445209999999996,38.24307,38.3182,855071.0
2024-05-06,39.14468,40.94789,38.54361,40.94789,1644938.0
2024-05-07,42.074889999999996,42.074889999999996,40.647349999999996,41.77436,833392.0
2024-05-08,41.17329,42.60083,40.94789,41.77436,1018990.0
2024-05-09,42.074889999999996,42.37543,40.79762,41.023019999999995,1270300.0
2024-05-10,41.323550000000004,41.849489999999996,39.97115,41.699220000000004,1171765.0
2024-05-13,41.699220000000004,42.300290000000004,40.94789,41.624089999999995,831617.0
2024-05-14,41.624089999999995,42.22516,41.023019999999995,41.849489999999996,650835.0
2024-05-15,42.15002,44.40404,41.849489999999996,43.051629999999996,1671032.0
2024-05-16,44.17864,44.17864,43.2019,43.277029999999996,839107.0
2024-05-17,43.80297,44.62944,42.9765,43.727830000000004,832006.0
2024-05-20,44.17864,44.328900000000004,43.57757,43.57757,836117.0
2024-05-21,43.277029999999996,44.17864,43.126760000000004,44.17864,767525.0
2024-05-22,44.328900000000004,45.756440000000005,44.328900000000004,44.77971,1366496.0
2024-05-23,44.40404,45.00511,43.57757,45.00511,851561.0
2024-05-24,44.929970000000004,44.929970000000004,42.074889999999996,42.901360000000004,1717642.0
2024-05-27,43.57757,43.57757,42.074889999999996,43.126760000000004,574324.0
2024-05-28,43.2019,44.70457,43.2019,43.953230000000005,588629.0
2024-05-29,43.953230000000005,44.479169999999996,43.57757,43.80297,807406.0
2024-05-30,43.50243,43.57757,42.15002,43.352160000000005,752267.0
2024-05-31,43.126760000000004,43.953230000000005,43.126760000000004,43.57757,497444.0
2024-06-03,44.1035,44.70457,43.953230000000005,44.62944,833664.0
2024-06-04,45.080239999999996,45.60618,44.1035,44.479169999999996,982470.0
2024-06-05,44.929970000000004,45.38078,44.1035,44.479169999999996,756807.0
2024-06-06,44.328900000000004,44.77971,43.727830000000004,43.878099999999996,660697.0
2024-06-07,44.17864,44.253769999999996,43.50243,43.80297,378242.0
2024-06-10,43.57757,44.70457,43.57757,44.1035,576847.0
2024-06-11,44.17864,45.38078,43.878099999999996,45.38078,1262830.0
2024-06-12,45.531040000000004,46.73318,45.45591,45.681309999999996,806382.0
2024-06-13,46.05698,46.05698,45.080239999999996,45.23051,597297.0
2024-06-14,45.681309999999996,45.98185,43.57757,43.57757,1225687.0
2024-06-17,43.4273,43.57757,42.901360000000004,43.051629999999996,693529.0
2024-06-18,43.50243,43.50243,42.82623,43.2019,395513.0
2024-06-19,43.2019,43.953230000000005,42.901360000000004,43.126760000000004,397103.0
2024-06-20,43.126760000000004,43.50243,42.60083,42.675959999999996,446445.0
2024-06-21,42.450559999999996,42.82623,42.15002,42.300290000000004,633015.0
2024-06-24,42.37543,42.60083,39.37008,39.37008,1654223.0
2024-06-25,39.37008,40.121410000000004,39.37008,39.74575,364805.0
2024-06-26,39.67061,40.046279999999996,38.91927,39.52034,379344.0
2024-06-27,39.37008,39.52034,38.91927,39.06954,329091.0
2024-06-28,39.14468,39.219809999999995,36.51499,38.16794,556732.0
2024-07-01,38.16794,39.06954,37.94254,39.06954,361058.0
2024-07-02,39.37008,39.820879999999995,39.219809999999995,39.445209999999996,263517.0
2024-07-03,39.445209999999996,39.74575,39.219809999999995,39.59548,245310.0
2024-07-04,40.121410000000004,40.121410000000004,39.445209999999996,39.74575,380313.0
2024-07-05,39.52034,39.896010000000004,39.219809999999995,39.294940000000004,344524.0
2024-07-08,39.820879999999995,39.820879999999995,39.06954,39.37008,576751.0
2024-07-09,39.54625,41.116519999999994,39.54625,40.90991,697984.0
2024-07-10,40.99256,40.99256,40.08345,40.20742,386090.0
2024-07-11,40.744620000000005,40.744620000000005,40.042120000000004,40.41403,364360.0
2024-07-12,40.49668,40.49668,40.042120000000004,40.042120000000004,293383.0
2024-07-15,40.042120000000004,40.538,39.75286,39.918150000000004,155942.0
2024-07-16,40.16609,40.49668,39.83551,39.83551,320467.0
2024-07-17,40.08345,40.29006,38.26523,38.26523,645893.0
2024-07-18,38.099940000000004,39.256980000000006,38.01729,39.256980000000006,343187.0
2024-07-19,38.84375,39.42228,38.18258,38.30655,354312.0
2024-07-22,37.89332,38.099940000000004,35.95113,36.40569,762623.0
2024-07-23,36.7776,36.7776,33.884980000000006,33.884980000000006,592708.0
2024-07-24,33.058510000000005,34.71144,33.058510000000005,34.71144,667134.0
2024-07-25,34.71144,35.57922,34.13291,35.5379,272444.0
2024-07-26,35.45525,36.24039,34.959379999999996,35.41393,277981.0
2024-07-29,35.5379,35.99246,35.45525,35.78583999999999,309936.0
2024-07-30,35.042019999999994,35.78583999999999,34.75276,35.24864,231895.0
2024-07-31,35.24864,35.78583999999999,34.959379999999996,35.5379,340112.0
2024-08-01,35.5379,35.5379,33.141160000000006,33.30645,603439.0
2024-08-02,33.058510000000005,35.62055,32.89322,35.62055,778907.0
2024-08-05,34.546150000000004,37.314800000000005,34.50482,35.78583999999999,1406669.0
2024-08-06,37.19083,38.26523,35.95113,38.26523,1515676.0
2024-08-07,38.76111,38.84375,37.60406,38.84375,808785.0
2024-08-08,38.430519999999994,38.84375,37.19083,37.852,895775.0
2024-08-09,38.59581,40.16609,38.18258,40.12477,1508011.0
2024-08-12,40.41403,40.41403,39.38095,40.08345,639698.0
2024-08-13,40.08345,40.08345,38.9264,39.58757,719280.0
2024-08-14,39.71154,39.87683,38.513169999999995,38.513169999999995,741124.0
2024-08-15,38.099940000000004,39.174339999999994,38.05861,38.71978,777659.0
2024-08-16,39.174339999999994,41.40579,38.80243,41.40579,2047860.0
2024-08-19,41.40579,41.65373,40.86859,41.199169999999995,627747.0
2024-08-20,41.157849999999996,42.81077,40.57932,41.157849999999996,1364307.0
2024-08-21,40.90991,41.48843,40.620650000000005,40.99256,541265.0
2024-08-22,41.157849999999996,42.06696,40.99256,41.40579,603125.0
2024-08-23,41.40579,42.3149,40.95123,41.65373,980394.0
2024-08-26,42.06696,42.3149,41.199169999999995,41.199169999999995,815949.0
2024-08-27,41.281819999999996,41.32314,40.744620000000005,40.90991,471937.0
2024-08-28,40.99256,41.32314,39.75286,40.33139,764400.0
2024-08-29,40.33139,41.32314,40.33139,40.538,618357.0
2024-08-30,40.57932,41.157849999999996,40.538,40.620650000000005,516907.0
2024-09-04,39.87683,40.90991,39.83551,40.70329,583029.0
2024-09-05,40.86859,41.65373,40.16609,40.33139,920302.0
2024-09-06,40.33139,40.744620000000005,39.75286,40.16609,434701.0
2024-09-09,39.71154,40.37271,39.50492,39.50492,415204.0
2024-09-10,39.67021,39.959480000000006,38.2239,38.47183999999999,1042583.0
2024-09-11,38.47183999999999,39.42228,38.05861,38.84375,475975.0
2024-09-12,39.174339999999994,39.50492,38.84375,38.84375,238089.0
2024-09-13,38.67846,39.58757,38.67846,39.21566000000001,577663.0
2024-09-16,39.21566000000001,39.42228,38.59581,38.59581,332038.0
2024-09-17,38.55449,39.42228,38.55449,39.42228,407174.0
2024-09-18,39.79418,40.57932,39.4636,40.000800000000005,714784.0
2024-09-19,40.000800000000005,40.455349999999996,39.918150000000004,40.455349999999996,442827.0
2024-09-20,41.24049,41.24049,40.000800000000005,40.000800000000005,711619.0
2024-09-23,40.000800000000005,40.70329,39.67021,40.37271,572534.0
2024-09-24,40.49668,40.785940000000004,40.08345,40.661970000000004,393184.0
2024-09-25,41.32314,41.819019999999995,40.99256,41.116519999999994,1281828.0
2024-09-26,41.116519999999994,41.32314,40.70329,40.82726,841951.0
2024-09-27,40.90991,40.95123,40.538,40.661970000000004,616154.0
2024-09-30,40.661970000000004,41.40579,40.49668,41.075199999999995,627555.0
2024-10-01,41.40579,43.306650000000005,41.199169999999995,42.97607,2412456.0
2024-10-02,42.562830000000005,43.14136,42.48019,42.645480000000006,976944.0
2024-10-03,42.72813,43.14136,41.98431,42.06696,1427824.0
2024-10-04,41.98431,43.05871,41.819019999999995,42.39754,978220.0
2024-10-07,42.89342,43.14136,42.39754,43.14136,790049.0
2024-10-08,43.55459,43.63724,41.819019999999995,41.819019999999995,1794878.0
2024-10-09,42.06696,42.562830000000005,41.65373,42.39754,666607.0
2024-10-10,42.81077,42.81077,41.90166000000001,41.90166000000001,628447.0
2024-10-11,41.90166000000001,42.39754,41.57108,42.1496,456555.0
2024-10-14,42.48019,42.645480000000006,42.06696,42.23225,439170.0
2024-10-15,41.98431,42.48019,41.57108,41.90166000000001,594230.0
2024-10-16,41.90166000000001,42.1496,41.65373,42.1496,381771.0
2024-10-17,42.1496,42.89342,41.24049,42.645480000000006,868893.0
2024-10-18,42.645480000000006,42.97607,42.3149,42.3149,647959.0
2024-10-21,41.90166000000001,42.39754,41.075199999999995,41.075199999999995,684676.0
2024-10-22,40.95123,40.95123,39.00904,40.08345,1388619.0
2024-10-23,40.000800000000005,40.49668,39.174339999999994,40.16609,367501.0
2024-10-24,40.16609,40.16609,39.29831,39.29831,417157.0
2024-10-25,39.29831,39.54625,38.84375,38.84375,345205.0
2024-10-28,38.9264,39.62889,38.88508,39.50492,228013.0
2024-10-29,39.58757,39.79418,39.42228,39.67021,217993.0
2024-10-30,39.83551,39.918150000000004,39.05037,39.29831,263595.0
2024-10-31,39.33963,39.71154,39.05037,39.50492,289356.0
2024-11-01,39.42228,39.50492,38.84375,38.9264,299887.0
2024-11-04,38.59581,40.33139,38.18258,39.50492,503156.0
2024-11-05,39.174339999999994,39.67021,39.174339999999994,39.38095,108396.0
2024-11-06,39.83551,40.042120000000004,39.4636,40.000800000000005,339031.0
2024-11-07,40.33139,40.33139,39.58757,39.58757,221531.0
2024-11-08,40.000800000000005,40.000800000000005,39.256980000000006,39.87683,446706.0
2024-11-11,39.87683,40.20742,39.174339999999994,39.67021,384470.0
2024-11-12,39.79418,40.33139,39.38095,39.42228,417208.0
2024-11-13,39.4636,39.4636,38.76111,39.42228,402568.0
2024-11-14,39.21566000000001,39.42228,36.73627,36.73627,753107.0
2024-11-15,36.36436,36.7776,35.45525,35.78583999999999,1061725.0
2024-11-18,35.78583999999999,37.232150000000004,35.78583999999999,36.901559999999996,593844.0
2024-11-19,36.86024,36.86024,35.95113,35.95113,238713.0
2024-11-20,36.11642,37.356120000000004,35.57922,36.86024,661667.0
2024-11-21,36.52966000000001,37.19083,36.36436,36.81892,239410.0
2024-11-22,36.488330000000005,36.86024,36.19907,36.24039,424065.0
2024-11-25,35.90981,36.570980000000006,35.90981,36.24039,171815.0
2024-11-26,36.570980000000006,36.98421,36.44701,36.52966000000001,358013.0
2024-11-27,36.44701,36.7776,36.28172,36.28172,213156.0
2024-11-28,36.69495,36.69495,36.19907,36.24039,230044.0
2024-11-29,36.24039,37.19083,35.95113,37.19083,322658.0
2024-12-02,37.19083,37.19083,36.52966000000001,37.06686,353697.0
2024-12-03,36.52966000000001,36.94289,36.36436,36.36436,379801.0
2024-12-04,36.36436,36.36436,35.57922,35.57922,438347.0
2024-12-05,35.57922,38.05861,34.87673,38.05861,1133673.0
2024-12-06,38.05861,38.26523,37.60406,38.2239,597690.0
2024-12-09,37.72803,38.26523,37.72803,38.01729,446905.0
2024-12-10,38.01729,38.26523,37.686699999999995,38.26523,413124.0
2024-12-11,38.26523,39.42228,37.93464,39.256980000000006,1275429.0
2024-12-12,39.29831,39.42228,38.9264,39.29831,423777.0
2024-12-13,38.80243,39.58757,38.30655,39.42228,662926.0
2024-12-16,39.42228,39.83551,39.00904,39.83551,426632.0
2024-12-17,39.67021,39.83551,39.33963,39.83551,268367.0
2024-12-18,39.75286,39.75286,39.33963,39.67021,271837.0
2024-12-19,38.513169999999995,39.67021,38.513169999999995,39.50492,518218.0
2024-12-20,39.83551,39.83551,39.174339999999994,39.67021,393504.0
2024-12-23,39.83551,39.83551,39.256980000000006,39.83551,339273.0
2024-12-24,39.75286,39.75286,39.29831,39.67021,192342.0
2024-12-25,39.75286,40.661970000000004,39.58757,40.41403,762984.0
2024-12-26,40.41403,40.41403,39.83551,39.83551,205812.0
2024-12-27,40.20742,40.455349999999996,39.33963,40.16609,519520.0
2024-12-30,40.000800000000005,40.455349999999996,39.50492,40.16609,332703.0
2024-12-31,40.042120000000004,40.16609,39.50492,40.16609,332055.0
2025-01-02,40.12477,40.12477,39.71154,39.79418,123631.0
2025-01-03,39.67021,39.67021,38.513169999999995,38.513169999999995,417188.0
2025-01-06,38.513169999999995,38.9264,36.98421,37.27347,421254.0
2025-01-07,37.27347,37.72803,37.025529999999996,37.1495,276067.0
2025-01-08,37.1495,37.52141,37.025529999999996,37.10818,250093.0
2025-01-09,37.39744,37.39744,37.06686,37.06686,100099.0
2025-01-10,37.025529999999996,37.39744,34.50482,36.03378,291385.0
2025-01-13,36.28172,36.86024,35.45525,36.73627,232407.0
2025-01-14,36.73627,37.10818,35.95113,35.95113,164689.0
2025-01-15,36.0751,36.65363,36.0751,36.40569,167112.0
2025-01-16,36.86024,37.852,36.73627,36.7776,187603.0
2025-01-17,36.73627,36.86024,36.44701,36.7776,97789.0
2025-01-20,36.81892,37.10818,36.52966000000001,36.52966000000001,139635.0
2025-01-21,36.7776,37.356120000000004,36.52966000000001,37.19083,246052.0
2025-01-22,37.19083,37.19083,36.612300000000005,36.612300000000005,202426.0
2025-01-23,36.612300000000005,37.852,36.612300000000005,37.769349999999996,458516.0
2025-01-24,37.769349999999996,38.430519999999994,37.19083,38.389199999999995,399342.0
2025-02-03,38.30655,38.34787,36.570980000000006,37.769349999999996,150648.0
2025-02-04,38.26523,38.55449,37.769349999999996,38.34787,197868.0
2025-02-05,38.513169999999995,38.513169999999995,37.975970000000004,38.18258,153583.0
2025-02-06,38.18258,38.67846,38.05861,38.099940000000004,232018.0
2025-02-07,38.099940000000004,38.26523,37.852,37.89332,133671.0
2025-02-10,37.852,38.18258,37.19083,37.769349999999996,333004.0
2025-02-11,38.18258,38.18258,37.39744,37.39744,151423.0
2025-02-12,37.39744,37.93464,37.39744,37.48009,163570.0
2025-02-13,37.39744,37.52141,37.06686,37.43877,151078.0
2025-02-14,38.01729,38.2239,37.686699999999995,37.769349999999996,186914.0
2025-02-17,37.72803,38.9264,37.43877,38.26523,506418.0
2025-02-18,38.01729,38.84375,38.01729,38.30655,147648.0
2025-02-19,38.47183999999999,38.84375,38.26523,38.76111,408983.0
2025-02-20,39.09169,39.256980000000006,38.59581,38.59581,360188.0
2025-02-21,38.67846,38.67846,38.14126,38.30655,197671.0
2025-02-24,38.59581,40.95123,38.34787,40.95123,1966691.0
2025-02-25,41.73637,42.3149,41.40579,41.90166000000001,1381242.0
2025-02-26,41.90166000000001,44.79428,41.819019999999995,43.63724,2137638.0
2025-02-27,44.13311,45.29016,43.389300000000006,44.54635,1216406.0
2025-02-28,44.71164,45.37281,44.050470000000004,44.463699999999996,970292.0
2025-03-03,44.298410000000004,46.6125,44.21576,45.78604,1102401.0
2025-03-04,45.78604,46.52986,44.21576,45.62075,1363958.0
2025-03-05,45.70339,46.69515,44.628989999999995,44.628989999999995,798363.0
2025-03-06,45.04222,46.69515,44.95958,46.6125,1231351.0
2025-03-07,46.6125,46.94309,46.03398,46.19927,923319.0
2025-03-10,46.52986,46.860440000000004,45.5381,46.28192,1246979.0
2025-03-11,45.5381,47.76955,45.5381,47.273669999999996,1237215.0
2025-03-12,47.6869,47.6869,46.36456,46.69515,903049.0
2025-03-13,46.777800000000006,47.02573,45.04222,46.116620000000005,1377525.0
2025-03-14,46.116620000000005,46.28192,45.29016,45.45545,755092.0
2025-03-17,45.45545,46.69515,45.12487,46.6125,653178.0
2025-03-18,47.02573,47.02573,45.86869,45.95133,580759.0
2025-03-19,45.5381,46.52986,45.5381,45.62075,986967.0
2025-03-20,45.78604,46.94309,45.45545,45.70339,958305.0
2025-03-21,45.78604,46.44721,45.78604,46.19927,709600.0
2025-03-24,46.44721,47.934839999999994,45.70339,47.934839999999994,938166.0
2025-03-25,48.100139999999996,48.26543,46.52986,47.19103,1119615.0
2025-03-26,46.860440000000004,47.273669999999996,45.207519999999995,46.03398,1335185.0
2025-03-27,45.95133,46.94309,45.62075,46.52986,662007.0
2025-03-28,46.52986,49.00924,46.36456,48.761309999999995,1985669.0
2025-03-31,48.34807,48.761309999999995,47.273669999999996,47.35632,1198509.0
2025-04-01,47.52161,47.76955,46.28192,46.94309,1205551.0
2025-04-02,47.273669999999996,48.18278,46.6125,46.860440000000004,751566.0
2025-04-03,43.63724,45.86869,43.63724,43.63724,2292703.0
2025-04-04,40.620650000000005,44.13311,40.620650000000005,44.13311,2653202.0
2025-04-08,41.075199999999995,42.06696,41.075199999999995,41.075199999999995,1150627.0
2025-04-09,38.2239,40.95123,38.2239,38.2239,2640143.0
2025-04-10,40.86859,40.86859,40.86859,40.86859,55898.0
2025-04-11,43.306650000000005,43.306650000000005,40.620650000000005,42.3149,2439870.0
2025-04-14,42.39754,43.719879999999996,41.65373,42.81077,1229541.0
2025-04-15,42.1496,42.72813,41.075199999999995,41.075199999999995,1403364.0
2025-04-16,41.116519999999994,41.73637,40.41403,40.41403,964909.0
2025-04-17,39.67021,40.99256,39.33963,40.99256,843444.0
2025-04-18,40.95123,42.1496,39.67021,40.49668,2339347.0
2025-04-21,40.455349999999996,40.455349999999996,38.47183999999999,38.47183999999999,990019.0
2025-04-22,37.93464,38.47183999999999,35.78583999999999,36.19907,2572660.0
2025-04-23,37.06686,37.06686,36.24039,36.36436,921727.0
2025-04-24,36.69495,38.14126,36.44701,37.10818,998697.0
2025-04-25,37.56273,37.56273,36.488330000000005,36.612300000000005,949851.0
2025-04-28,36.69495,37.56273,36.36436,37.19083,931803.0
2025-04-29,37.43877,37.52141,36.69495,36.7776,598533.0
2025-05-05,37.19083,37.52141,36.52966000000001,36.73627,641423.0
2025-05-06,36.86024,38.01729,36.7776,37.025529999999996,1096061.0
2025-05-07,37.025529999999996,37.19083,36.65363,36.65363,755452.0
2025-05-08,37.06686,38.389199999999995,36.69495,38.14126,1621786.0
2025-05-09,38.47183999999999,38.47183999999999,37.60406,37.645379999999996,820232.0
2025-05-12,38.01729,38.01729,37.52141,38.01729,763146.0
2025-05-13,39.00904,39.58757,38.430519999999994,38.55449,1321181.0
2025-05-14,38.67846,39.54625,38.26523,39.13301,1452050.0
2025-05-15,39.959480000000006,39.959480000000006,39.09169,39.21566000000001,785387.0
2025-05-16,39.42228,39.83551,38.55449,38.59581,1516870.0
2025-05-19,38.59581,38.59581,37.43877,37.43877,1196499.0
2025-05-20,37.52141,38.55449,37.10818,38.01729,833216.0
2025-05-21,38.47183999999999,38.47183999999999,37.52141,37.645379999999996,745458.0
2025-05-22,37.645379999999996,38.430519999999994,37.19083,37.43877,1107476.0
2025-05-23,37.43877,37.686699999999995,37.10818,37.232150000000004,561284.0
2025-05-26,37.314800000000005,38.513169999999995,36.36436,38.389199999999995,1234083.0
2025-05-27,38.59581,39.09169,38.389199999999995,38.55449,917225.0
2025-05-28,38.84375,39.62889,38.76111,38.9264,1176273.0
2025-05-29,39.09169,39.174339999999994,38.26523,38.34787,897354.0
2025-05-30,38.430519999999994,39.71154,38.099940000000004,38.59581,1595463.0
2025-06-02,38.099940000000004,39.58757,37.686699999999995,39.38095,1328016.0
2025-06-03,40.37271,41.033879999999996,40.16609,40.20742,2350345.0
2025-06-04,40.29006,40.29006,39.09169,39.21566000000001,1619200.0
2025-06-05,39.33963,39.33963,38.430519999999994,38.59581,1261978.0
2025-06-06,38.67846,38.76111,37.686699999999995,37.686699999999995,1297637.0
2025-06-09,37.60406,38.01729,37.232150000000004,37.43877,734898.0
2025-06-10,37.60406,37.89332,37.10818,37.1495,918900.0
2025-06-11,37.40947,38.00038,37.09128,37.136739999999996,632719.0
2025-06-12,37.50038,37.77311,37.2731,37.31856,656819.0
2025-06-13,36.81855,37.136739999999996,36.364,36.409459999999996,1368706.0
2025-06-16,36.18218,37.31856,36.091269999999994,37.227650000000004,1023881.0
2025-06-17,37.2731,37.50038,36.72764,36.7731,946335.0
2025-06-18,36.81855,37.59129,36.7731,37.182190000000006,645637.0
2025-06-19,36.95492,37.2731,36.864,37.09128,444963.0
2025-06-20,37.2731,37.86402,37.09128,37.09128,613977.0
2025-06-23,36.72764,37.000370000000004,36.409459999999996,36.59128,916477.0
2025-06-24,37.727650000000004,37.727650000000004,37.000370000000004,37.182190000000006,1377096.0
2025-06-25,37.45492,37.45492,37.000370000000004,37.04583,782304.0
2025-06-26,37.136739999999996,37.136739999999996,36.63673,36.68218,560406.0
2025-06-27,36.7731,37.227650000000004,36.7731,36.81855,539751.0
2025-06-30,37.2731,37.81856,37.2731,37.31856,867487.0
2025-07-01,37.54583,37.54583,36.81855,36.909459999999996,747830.0
2025-07-02,37.000370000000004,39.273120000000006,36.864,38.86402,2647917.0
2025-07-03,38.86402,39.773120000000006,38.22766,38.90948,2806229.0
2025-07-04,38.90948,39.36403,38.591300000000004,38.63675,1266087.0
2025-07-07,38.95494,39.36403,38.72766,39.091300000000004,1669202.0
2025-07-08,39.13675,39.90949,39.13675,39.45494,1736291.0
2025-07-09,40.0004,41.04586,39.54585,40.273129999999995,3788554.0
2025-07-10,40.63677,40.77314,39.727669999999996,39.86404,1530096.0
2025-07-11,39.818580000000004,41.182230000000004,39.091300000000004,40.22768,4059482.0
2025-07-14,40.54586,43.00043,40.45495,42.00042,2965069.0
2025-07-15,42.13678,43.36407,40.9095,41.00041,2686424.0
2025-07-16,41.09132,41.818599999999996,40.81858999999999,41.318599999999996,1970249.0
2025-07-17,41.909510000000004,41.909510000000004,40.9095,41.09132,1945471.0
2025-07-18,41.09132,42.364059999999995,40.95496,41.45496,2433938.0
2025-07-21,41.4095,42.09133,40.09131,40.09131,2984496.0
2025-07-22,40.09131,41.59133,39.773120000000006,41.50042,2505827.0
2025-07-23,42.00042,43.454980000000006,41.54587,41.818599999999996,3020589.0
2025-07-24,42.00042,42.09133,41.09132,41.4095,1239669.0
2025-07-25,41.50042,42.90951999999999,41.45496,42.45497,3418782.0
2025-07-28,43.6368,45.40954,43.273160000000004,44.90954,3335734.0
2025-07-29,45.63682,45.81864,41.77315,41.77315,5011455.0
2025-07-30,41.818599999999996,42.54588,40.77314,41.59133,2379196.0
2025-07-31,41.95496,42.00042,40.36404,41.54587,2145287.0
2025-08-01,41.54587,42.63679,40.63677,42.00042,2190675.0
2025-08-04,41.72769,42.773160000000004,41.72769,42.68224,1577973.0
2025-08-05,43.31862,44.18226,40.9095,42.18224,3968528.0
2025-08-06,42.27315,42.68224,41.95496,42.50042,1741660.0
2025-08-07,43.18225,44.27317,42.7277,43.72771,2610164.0
2025-08-08,43.773160000000004,44.500440000000005,42.63679,43.6368,3712476.0
2025-08-11,43.6368,45.455,43.1368,44.90954,4153817.0
2025-08-12,45.455,47.00047,44.59136,45.455,3482520.0
2025-08-13,45.63682,46.72774,43.81862,45.72773,3828873.0
2025-08-14,46.27319,48.00048,45.81864,45.90955,3005246.0
2025-08-15,46.091370000000005,46.81865,43.90953,46.81865,3506471.0
2025-08-18,46.3641,46.45501,45.27318,45.81864,1212844.0
2025-08-19,45.81864,49.00049,45.545910000000006,49.00049,5029106.0
2025-08-20,50.0005,51.8187,48.182300000000005,51.8187,3446837.0
2025-08-21,52.7278,53.00053,50.727779999999996,50.727779999999996,1736018.0
2025-08-22,49.909589999999994,50.9096,47.18229,47.18229,3407646.0
2025-08-25,47.45502,48.636849999999995,44.81863,45.182269999999995,1705883.0
2025-08-26,44.86408,48.27321,44.86408,48.09139,1692098.0
2025-08-27,48.09139,49.00049,47.364110000000004,47.364110000000004,1688721.0
2025-08-28,47.364110000000004,48.27321,46.90956,47.81866,1288248.0
2025-08-29,48.09139,50.273230000000005,48.09139,50.0005,2175192.0
2025-09-03,51.8187,51.8187,49.0914,49.81868,1564898.0
2025-09-04,50.0005,50.18232,49.18231,49.909589999999994,1065936.0
2025-09-05,50.273230000000005,50.727779999999996,46.81865,47.18229,2281993.0
2025-09-08,46.3641,47.09138,44.27317,44.27317,2054940.0
2025-09-09,44.1368,45.81864,43.68226,45.545910000000006,1346254.0
2025-09-10,45.90955,45.90955,44.000440000000005,45.90955,1573481.0
2025-09-11,44.68226,45.81864,43.81862,45.81864,1323453.0
2025-09-12,45.81864,45.81864,45.13682,45.182269999999995,724091.0
2025-09-15,45.90955,45.90955,45.09136,45.27318,882982.0
2025-09-16,45.90955,45.90955,44.500440000000005,44.500440000000005,1021374.0
2025-09-17,44.59136,44.955,43.81862,43.81862,692586.0
2025-09-18,43.90953,44.1368,43.091339999999995,43.31862,912028.0
2025-09-19,43.6368,43.68226,42.81861,43.40951999999999,774852.0
2025-09-22,43.591339999999995,43.591339999999995,42.27315,42.27315,850707.0
2025-09-23,42.7277,42.864059999999995,42.18224,42.18224,461774.0
2025-09-24,42.45497,42.90951999999999,41.909510000000004,42.90951999999999,487614.0
2025-09-25,43.36407,43.36407,42.81861,42.90951999999999,490503.0
2025-09-26,43.18225,43.18225,42.09133,42.13678,558736.0
2025-09-29,42.13678,42.318599999999996,41.45496,42.18224,659821.0
2025-09-30,42.04588,42.591339999999995,41.45496,42.591339999999995,678612.0
2025-10-01,42.864059999999995,43.00043,42.27315,42.27315,348958.0
2025-10-02,42.45497,42.45497,41.63678,41.72769,378289.0
2025-10-03,41.72769,41.72769,40.72768,40.9095,856954.0
2025-10-06,40.9095,43.54589,40.9095,43.18225,1088811.0
2025-10-07,43.31862,43.36407,42.364059999999995,42.364059999999995,403361.0
2025-10-08,43.091339999999995,43.36407,41.72769,42.13678,900282.0
2025-10-09,42.27315,42.27315,41.59133,41.68224,627768.0
2025-10-10,41.72769,42.2277,41.72769,41.864059999999995,466707.0
2025-10-13,41.182230000000004,41.818599999999996,41.00041,41.45496,794480.0
2025-10-14,41.818599999999996,42.40951999999999,40.72768,40.77314,1162509.0
2025-10-15,40.77314,40.81858999999999,39.36403,39.727669999999996,1421175.0
2025-10-16,40.0004,40.22768,39.773120000000006,39.95494,455518.0
2025-10-17,40.0004,40.9095,39.13675,39.22766,1085617.0
2025-10-20,38.90948,39.18221,36.50036,36.50036,1581209.0
2025-10-21,36.50036,37.727650000000004,35.90945,37.727650000000004,1502775.0
2025-10-22,37.86402,37.86402,36.68218,37.36401,568740.0
2025-10-23,37.54583,38.00038,37.227650000000004,37.227650000000004,481272.0
2025-10-24,37.2731,37.636739999999996,36.54582,37.40947,672178.0
2025-10-27,37.54583,39.36403,37.54583,38.773120000000006,1032098.0
2025-10-28,38.72766,39.091300000000004,38.13675,38.95494,426257.0
2025-10-29,38.95494,39.22766,38.54584,38.54584,605245.0
2025-10-30,38.54584,39.000389999999996,38.27311,38.27311,549424.0
2025-10-31,38.31856,38.81857,38.27311,38.45493,427853.0
2025-11-03,38.45493,38.63675,37.36401,37.36401,491109.0
2025-11-04,37.45492,39.54585,36.81855,38.90948,1038870.0
2025-11-05,38.773120000000006,38.773120000000006,38.182199999999995,38.22766,383487.0
2025-11-06,38.22766,38.54584,37.727650000000004,38.00038,321588.0
2025-11-07,37.95493,38.182199999999995,36.81855,36.81855,542689.0
2025-11-10,37.000370000000004,37.727650000000004,36.68218,36.81855,353611.0
2025-11-11,37.04583,37.45492,36.909459999999996,37.2731,215569.0
2025-11-12,37.45492,38.04584,37.227650000000004,38.00038,485731.0
2025-11-13,38.50038,38.50038,37.77311,37.77311,377513.0
2025-11-14,38.04584,38.04584,37.54583,37.682199999999995,367743.0
2025-11-17,38.09129,38.09129,37.636739999999996,37.95493,371349.0
2025-11-18,37.95493,38.81857,37.95493,38.22766,727655.0
2025-11-19,38.22766,38.45493,37.59129,37.682199999999995,520913.0
2025-11-20,38.182199999999995,38.182199999999995,36.909459999999996,37.2731,596838.0
2025-11-21,36.909459999999996,37.136739999999996,36.454910000000005,36.864,610643.0
2025-11-24,36.864,37.182190000000006,36.409459999999996,36.63673,477194.0
2025-11-25,36.454910000000005,36.72764,36.18218,36.18218,567840.0
2025-11-26,36.18218,37.09128,36.18218,36.68218,470639.0
2025-11-27,36.68218,37.000370000000004,36.364,36.50036,252670.0
2025-11-28,36.50036,36.59128,36.04582,36.04582,378615.0
2025-12-01,36.091269999999994,36.22764,35.545809999999996,35.545809999999996,336132.0
2025-12-02,35.545809999999996,35.68218,34.72762,35.50036,479060.0
2025-12-03,35.50036,36.04582,35.409440000000004,35.90945,384438.0
2025-12-04,36.00036,36.63673,36.00036,36.50036,491197.0
2025-12-05,36.7731,36.7731,35.81854,35.864,351619.0
2025-12-08,35.90945,36.364,35.27308,35.864,268016.0
2025-12-09,35.864,35.864,34.5458,35.31854,871031.0
2025-12-10,35.31854,35.77308,34.863980000000005,35.636720000000004,306390.0
2025-12-11,35.81854,35.90945,35.091260000000005,35.091260000000005,454598.0
2025-12-12,35.545809999999996,35.636720000000004,33.68216,33.68216,764724.0
2025-12-15,33.90943,34.22762,33.77306,33.90943,268994.0
2025-12-16,34.09125,35.136720000000004,33.27306,34.77308,377245.0
2025-12-17,34.818529999999996,34.818529999999996,33.954879999999996,34.45489,256346.0
2025-12-18,34.1367,34.500339999999994,33.863980000000005,34.45489,316101.0
2025-12-19,34.409440000000004,34.909440000000004,34.1367,34.909440000000004,541887.0
2025-12-22,34.818529999999996,35.31854,34.59125,35.31854,563167.0
2025-12-23,35.31854,35.31854,34.63671,34.72762,614144.0
2025-12-24,34.818529999999996,35.18217,34.409440000000004,35.00035,300618.0
2025-12-25,35.091260000000005,35.27308,34.59125,34.59125,309191.0
2025-12-26,34.5458,34.63671,33.68216,34.18216,456652.0
2025-12-29,34.22762,35.091260000000005,34.09125,34.18216,247289.0
2025-12-30,34.18216,34.909440000000004,34.09125,34.72762,512633.0
2025-12-31,34.59125,34.72762,34.18216,34.18216,162012.0
2026-01-05,34.18216,34.363980000000005,33.68216,34.31852,482917.0
2026-01-06,34.31852,34.409440000000004,33.72761,34.18216,293576.0
2026-01-07,34.27307,34.9549,33.81852,34.818529999999996,914302.0
2026-01-08,35.81854,36.81855,35.00035,36.00036,1817670.0
2026-01-09,36.63673,36.7731,35.90945,36.31854,933163.0
2026-01-12,37.227650000000004,38.81857,36.63673,38.81857,2771325.0
2026-01-13,39.591300000000004,39.63676,38.22766,38.81857,1272476.0
2026-01-14,38.90948,39.091300000000004,37.40947,38.36402,1780259.0
2026-01-15,37.54583,38.31856,37.31856,37.54583,991096.0
2026-01-16,37.50038,38.72766,37.2731,37.2731,718867.0
2026-01-19,37.45492,37.95493,37.09128,37.2731,569266.0
2026-01-20,37.36401,37.81856,36.31854,36.364,1039314.0
2026-01-21,36.364,36.364,34.863980000000005,35.27308,1139052.0
2026-01-22,35.545809999999996,36.31854,35.31854,35.81854,490671.0
2026-01-23,36.00036,36.50036,35.4549,35.50036,566469.0
2026-01-26,35.81854,36.00036,34.63671,34.9549,539399.0
2026-01-27,35.00035,35.22762,34.5458,35.0458,252594.0
2026-01-28,35.36399,35.36399,34.68216,34.818529999999996,443853.0
2026-01-29,35.27308,35.591260000000005,34.909440000000004,35.545809999999996,431572.0
2026-01-30,35.90945,35.90945,35.31854,35.636720000000004,329137.0
2026-02-02,35.68218,35.81854,35.00035,35.18217,246869.0
2026-02-03,35.22762,35.77308,35.22762,35.36399,497372.0
2026-02-04,35.591260000000005,36.364,35.591260000000005,35.72763,486466.0
2026-02-05,35.72763,35.77308,35.091260000000005,35.091260000000005,379311.0
2026-02-06,34.818529999999996,34.863980000000005,34.09125,34.09125,649225.0
2026-02-09,34.22762,34.500339999999994,33.72761,34.1367,256124.0
2026-02-10,34.1367,35.00035,34.09125,34.18216,274606.0
2026-02-11,34.18216,34.72762,34.18216,34.500339999999994,280550.0
2026-02-12,34.9549,35.00035,34.5458,34.63671,130415.0
2026-02-13,34.5458,34.909440000000004,34.409440000000004,34.5458,243579.0
2026-02-23,35.18217,35.18217,34.72762,34.9549,154288.0
2026-02-24,34.909440000000004,35.864,34.863980000000005,35.636720000000004,602367.0
2026-02-25,35.90945,35.9549,35.00035,35.636720000000004,426151.0
2026-02-26,35.4549,35.81854,35.18217,35.4549,292188.0
2026-02-27,35.545809999999996,36.00036,35.091260000000005,35.36399,417122.0
2026-03-02,33.18215,35.18217,33.18215,34.27307,712357.0
2026-03-03,34.27307,35.36399,34.1367,34.31852,507109.0
2026-03-04,34.31852,34.818529999999996,33.1367,34.72762,765985.0
2026-03-05,35.36399,36.72764,35.0458,35.591260000000005,1177863.0
2026-03-06,35.591260000000005,35.591260000000005,34.22762,34.363980000000005,552333.0
2026-03-09,32.00032,33.18215,32.00032,32.00032,333060.0
2026-03-10,32.00032,32.54578,31.000310000000002,31.77304,923000.0
2026-03-11,31.8185,33.545790000000004,31.50032,33.09124,470999.0
2026-03-12,32.727599999999995,33.27306,32.27305,32.727599999999995,236914.0
2026-03-13,32.3185,32.727599999999995,31.8185,31.95486,339851.0
2026-03-16,31.95486,32.54578,31.636680000000002,31.90941,207453.0
2026-03-17,32.727599999999995,32.90942,32.227599999999995,32.227599999999995,174142.0
2026-03-18,32.3185,32.45487,31.40941,31.72759,278082.0
2026-03-19,31.636680000000002,31.72759,30.86394,31.72759,344978.0
2026-03-20,31.59122,31.636680000000002,31.09122,31.09122,181810.0
2026-03-23,30.36394,31.000310000000002,28.95484,28.95484,618967.0
2026-03-24,29.36393,30.13666,29.31848,29.72757,157789.0
2026-03-25,29.95484,31.18213,29.90939,30.77304,243510.0
2026-03-26,30.77304,30.77304,30.31848,30.727580000000003,103320.0
2026-03-27,30.0003,31.40941,30.0003,31.18213,217736.0
2026-03-30,30.182119999999998,30.9094,30.182119999999998,30.9094,171032.0
2026-03-31,30.77304,33.045790000000004,30.77304,33.045790000000004,913726.0
2026-04-01,34.818529999999996,34.818529999999996,33.72761,33.72761,529205.0
2026-04-02,33.454879999999996,34.363980000000005,33.09124,33.454879999999996,669824.0
2026-04-03,33.81852,34.09125,32.54578,32.59124,598374.0
2026-04-06,32.27305,33.18215,32.09123,32.45487,391637.0
2026-04-07,32.81851,33.545790000000004,32.36396,33.545790000000004,209605.0
2026-04-08,35.36399,35.36399,34.09125,34.5458,1154780.0
2026-04-09,33.68216,34.27307,33.6367,33.81852,361939.0
2026-04-10,34.09125,34.45489,33.6367,33.6367,315020.0
2026-04-13,33.27306,33.863980000000005,32.77306,33.40943,249069.0
2026-04-14,33.6367,34.1367,33.6367,33.72761,525888.0
2026-04-15,34.1367,34.1367,33.59125,33.59125,241609.0
2026-04-16,33.59125,33.68216,32.63669,33.18215,435875.0
2026-04-17,33.18215,33.36397,32.727599999999995,33.31852,180854.0
2026-04-20,33.40943,33.40943,32.727599999999995,32.86397,655130.0
2026-04-21,33.000330000000005,33.40943,32.81851,32.86397,138031.0
2026-04-22,33.000330000000005,33.000330000000005,32.27305,32.36396,299387.0
2026-04-23,32.63669,32.63669,31.72759,31.8185,368465.0
2026-04-24,31.77304,32.54578,31.77304,32.54578,182082.0
2026-04-28,32.50032,32.54578,32.00032,32.00032,147379.0
2026-04-29,31.8185,32.18214,31.636680000000002,31.86396,130697.0
2026-05-04,31.90941,32.50032,31.8185,31.8185,130785.0
2026-05-05,31.8185,31.8185,31.36395,31.36395,170824.0
2026-05-06,31.36395,33.09124,31.36395,32.18214,321464.0
2026-05-07,32.68214,32.68214,31.86396,31.86396,129836.0
2026-05-08,31.95486,32.18214,31.72759,31.77304,174429.0
2026-05-11,31.77304,32.40942,31.68214,31.86396,270192.0
2026-05-12,32.3185,32.3185,31.77304,31.77304,99769.0
2026-05-13,31.8185,32.09123,31.77304,31.77304,189975.0
2026-05-14,31.86396,32.227599999999995,31.636680000000002,31.90941,112302.0
2026-05-15,32.227599999999995,32.227599999999995,31.8185,31.8185,157958.0
2026-05-18,31.636680000000002,32.27305,31.636680000000002,32.27305,218035.0
2026-05-19,32.63669,33.045790000000004,32.27305,32.3185,513133.0
2026-05-20,32.36396,32.36396,30.682119999999998,31.72759,326997.0
2026-05-21,31.72759,31.90941,31.36395,31.54577,78708.0
2026-05-22,31.45486,32.45487,31.18213,31.95486,292957.0
2026-05-25,31.95486,32.45487,31.636680000000002,31.86396,109755.0
2026-05-26,31.86396,32.36396,31.86396,32.27305,279215.0
2026-05-27,32.54578,32.59124,31.95486,32.04578,199447.0
2026-05-28,31.90941,32.59124,31.90941,32.04578,222627.0
2026-05-29,32.13668,32.18214,31.8185,31.8185,135551.0
2026-06-01,31.72759,32.13668,31.59122,31.86396,135860.0
2026-06-02,31.77304,32.00032,31.227580000000003,31.227580000000003,259298.0
2026-06-03,31.18213,31.77304,30.0003,31.40941,122867.0
2026-06-04,31.40941,31.636680000000002,31.09122,31.227580000000003,118189.0
2026-06-05,31.59122,31.59122,31.09122,31.09122,153621.0
2026-06-08,30.13666,30.77304,30.09121,30.27303,190864.0
2026-06-09,30.09121,30.59122,29.95484,30.227580000000003,136929.0
2026-06-10,30.36394,30.682119999999998,30.31848,30.545759999999998,76617.0
2026-06-11,30.454849999999997,30.59122,30.27303,30.454849999999997,111569.0
2026-06-12,30.59122,30.81849,30.0003,30.27303,239124.0
2026-06-15,30.45,32.0,30.45,31.65,260044.0
2026-06-16,31.85,33.85,31.5,33.85,1152896.0
2026-06-17,34.3,35.9,33.85,35.2,1333844.0
2026-06-18,35.05,35.45,34.45,34.5,746643.0
2026-06-19,34.2,36.0,34.2,34.7,880341.0
2026-06-22,34.7,34.95,33.8,34.1,516639.0
2026-06-23,34.5,35.45,33.65,34.15,1125660.0
2026-06-24,34.0,34.85,33.35,34.6,593393.0
2026-06-25,35.0,35.3,34.7,34.7,486611.0
2026-06-26,34.7,34.7,34.05,34.25,342900.0
2026-06-29,34.5,35.35,34.0,34.9,550300.0
2026-06-30,35.0,37.0,35.0,35.7,1722700.0
2026-07-01,35.5,36.3,35.5,36.0,312100.0
2026-07-02,35.65,37.25,35.65,36.9,1570600.0
2026-07-03,36.9,37.4,36.3,36.5,1081500.0
2026-07-06,36.55,36.6,34.2,35.2,1462000.0
2026-07-07,34.9,36.95,34.9,36.85,997900.0
2026-07-08,37.0,37.3,36.15,36.3,778600.0
2026-07-09,35.65,36.4,35.65,35.9,721500.0
2026-07-10,35.9,35.9,34.45,34.45,1316800.0
2026-07-13,33.85,34.0,32.05,32.7,1518900.0
2026-07-14,32.6,33.5,32.5,33.0,414200.0
2026-07-15,33.1,33.2,32.0,32.0,513000.0
2026-07-16,31.8,32.5,30.75,32.3,713800.0
2026-07-17,32.0,32.75,32.0,32.05,233800.0
2026-07-20,32.0,32.0,29.85,29.85,905100.0
2026-07-21,29.85,30.4,27.9,28.85,506300.0
2026-07-22,28.85,29.6,28.0,29.0,456300.0
2026-07-23,28.5,30.05,27.85,29.2,542700.0
2026-07-24,29.0,29.15,28.2,28.2,426900.0
2026-07-27,28.65,28.65,26.25,26.25,750100.0
2026-07-28,25.5,27.5,25.5,26.9,634900.0
2026-07-29,27.4,27.4,26.8,27.0,158000.0
2026-07-30,27.05,28.4,27.05,28.0,650800.0
2026-07-31,28.35,28.35,27.6,27.6,333900.0
2026-08-03,28.0,28.5,27.7,28.2,360900.0
2026-08-04,28.5,28.9,28.0,28.5,387200.0
2026-08-05,28.75,29.0,28.15,28.2,332700.0
2026-08-06,28.0,28.7,27.95,27.95,185100.0
2026-08-07,28.1,28.6,27.9,28.15,383400.0
2026-08-10,28.6,29.1,28.4,29.1,478800.0
2026-08-11,29.3,30.2,29.3,29.4,630100.0
2026-08-12,29.5,29.5,28.9,29.0,371200.0
2026-08-13,29.2,29.25,28.35,28.35,405900.0
2026-08-14,28.25,28.45,28.0,28.1,315000.0
2026-08-17,28.1,28.25,27.6,27.75,263200.0
2026-08-18,27.6,28.15,27.6,27.7,223900.0
2026-08-19,27.7,28.1,27.55,27.65,173800.0
2026-08-20,28.0,28.0,27.5,27.7,113800.0
2026-08-21,27.8,29.45,27.7,29.35,778100.0
2026-08-24,30.0,30.0,29.2,29.3,340600.0
2026-08-25,29.2,29.4,28.8,28.95,387000.0
2026-08-26,29.0,29.35,28.6,29.15,265200.0
2026-08-27,29.3,29.35,28.8,28.9,157600.0
2026-08-28,28.9,29.9,28.65,29.2,572500.0
2026-09-03,29.0,29.65,28.8,29.25,484100.0
2026-09-04,29.25,29.55,29.15,29.3,213200.0
2026-09-07,29.35,29.35,28.65,28.65,400500.0
2026-09-08,28.3,29.0,28.3,28.7,186200.0
2026-09-09,28.65,28.7,28.3,28.3,166800.0
2026-09-10,28.2,28.45,27.85,28.0,271500.0
2026-09-11,27.9,28.0,26.8,26.8,463000.0
2026-09-14,26.4,26.95,26.0,26.5,371700.0
2026-09-15,26.5,26.95,26.4,26.7,359900.0
2026-09-16,26.7,26.75,26.2,26.25,202300.0
2026-09-17,26.3,27.6,26.25,27.0,440600.0
2026-09-18,27.7,27.7,27.1,27.35,239900.0
2026-09-21,27.5,27.5,26.8,26.85,251600.0
2026-09-22,26.85,27.3,26.8,26.85,165700.0
2026-09-23,27.15,27.15,26.5,26.5,202800.0
2026-09-24,26.8,26.9,26.3,26.55,238300.0
2026-09-25,26.55,26.65,26.15,26.6,210900.0
2026-09-28,26.6,26.6,25.75,25.9,275200.0
2026-09-29,26.1,26.1,25.6,25.9,184500.0
2026-09-30,25.7,26.15,25.7,25.75,119400.0
2026-10-01,25.5,25.9,25.45,25.6,213700.0
2026-10-02,25.6,25.65,24.65,24.65,260400.0
