,open,high,low,close,volume
2020-04-24,3.39353,3.5631999999999997,3.39353,3.4500900000000003,4107975.0
2020-04-27,3.4500900000000003,3.4500900000000003,3.22385,3.28041,2424175.0
2020-04-28,3.28041,3.33697,3.22385,3.28041,2040923.0
2020-04-29,3.28041,3.39353,3.28041,3.39353,2205788.0
2020-05-04,3.39353,3.4500900000000003,3.28041,3.33697,1785660.0
2020-05-05,3.33697,3.39353,3.28041,3.39353,1753835.0
2020-05-06,3.39353,3.50665,3.33697,3.39353,4971490.0
2020-05-07,3.39353,3.4500900000000003,3.33697,3.39353,1699157.0
2020-05-08,3.39353,3.50665,3.39353,3.4500900000000003,4944384.0
2020-05-11,3.4500900000000003,3.6197600000000003,3.39353,3.5631999999999997,7933781.0
2020-05-12,3.5631999999999997,3.6197600000000003,3.50665,3.6197600000000003,5117555.0
2020-05-13,3.6197600000000003,3.67632,3.50665,3.6197600000000003,5364068.0
2020-05-14,3.6197600000000003,3.73288,3.5631999999999997,3.67632,6662670.0
2020-05-15,3.73288,3.78944,3.5631999999999997,3.67632,6803277.0
2020-05-18,3.67632,3.67632,3.5631999999999997,3.67632,2899270.0
2020-05-19,3.67632,3.846,3.6197600000000003,3.67632,5607514.0
2020-05-20,3.67632,3.73288,3.6197600000000003,3.67632,2200890.0
2020-05-21,3.67632,3.73288,3.6197600000000003,3.67632,3042092.0
2020-05-22,3.67632,3.73288,3.50665,3.6197600000000003,5814350.0
2020-05-25,3.6197600000000003,3.6197600000000003,3.50665,3.6197600000000003,3993591.0
2020-05-26,3.5631999999999997,3.6197600000000003,3.50665,3.6197600000000003,4077920.0
2020-05-27,3.6197600000000003,3.67632,3.5631999999999997,3.6197600000000003,4015031.0
2020-05-28,3.6197600000000003,3.6197600000000003,3.50665,3.6197600000000003,2428988.0
2020-05-29,3.5631999999999997,3.6197600000000003,3.50665,3.50665,1665329.0
2020-06-01,3.5631999999999997,3.6197600000000003,3.5631999999999997,3.5631999999999997,4336806.0
2020-06-02,3.5631999999999997,4.01567,3.50665,3.73288,12354255.0
2020-06-03,3.78944,4.185350000000001,3.78944,4.12879,12099175.0
2020-06-04,4.12879,4.5247,4.07223,4.41159,13822636.0
2020-06-05,4.41159,4.46814,4.29847,4.41159,7515624.0
2020-06-08,4.46814,4.58126,4.41159,4.46814,9701119.0
2020-06-09,4.46814,4.5247,4.24191,4.29847,10117125.0
2020-06-10,4.35503,4.41159,4.24191,4.35503,5805248.0
2020-06-11,4.41159,4.41159,3.95912,4.07223,8882886.0
2020-06-12,3.95912,4.07223,3.73288,3.95912,7583632.0
2020-06-15,3.95912,4.01567,3.78944,3.90256,4731448.0
2020-06-16,3.78944,4.07223,3.78944,4.01567,3224145.0
2020-06-17,4.185350000000001,4.41159,3.90256,4.01567,2330853.0
2020-06-18,4.01567,4.07223,3.90256,4.01567,1669010.0
2020-06-19,4.01567,4.24191,4.01567,4.185350000000001,6588753.0
2020-06-22,4.185350000000001,4.29847,4.12879,4.185350000000001,3344782.0
2020-06-23,4.185350000000001,4.24191,4.07223,4.12879,2997559.0
2020-06-24,4.12879,4.185350000000001,4.01567,4.07223,3923621.0
2020-06-25,4.01567,4.07223,3.95912,4.07223,2346097.0
2020-06-26,4.07223,4.12879,3.95912,4.07223,2225134.0
2020-06-29,4.01567,4.01567,3.78944,3.846,5452663.0
2020-06-30,3.90256,3.95912,3.78944,3.90256,2253069.0
2020-07-01,3.846,4.01567,3.846,3.95912,2022535.0
2020-07-02,3.95912,4.01567,3.90256,3.95912,1881751.0
2020-07-03,3.95912,4.01567,3.90256,3.90256,1134101.0
2020-07-06,3.95912,4.01567,3.90256,4.01567,1825917.0
2020-07-07,4.01567,4.07223,3.95912,3.95912,1483794.0
2020-07-08,3.95912,4.01567,3.95912,4.01567,1353161.0
2020-07-09,4.01567,4.185350000000001,4.01567,4.12879,5091477.0
2020-07-10,4.07223,4.12879,4.01567,4.01567,2412481.0
2020-07-13,4.01567,4.07223,3.95912,4.01567,1915346.0
2020-07-14,4.01567,4.01567,3.95912,4.01567,1530826.0
2020-07-15,4.01567,4.07223,3.95912,4.01567,1690706.0
2020-07-16,4.01567,4.07223,3.95912,3.95912,1748817.0
2020-07-17,4.01567,4.01567,3.95912,4.01567,957910.0
2020-07-20,3.95912,4.01567,3.90256,3.90256,1732905.0
2020-07-21,3.90256,3.95912,3.78944,3.90256,5247422.0
2020-07-22,3.846,3.90256,3.78944,3.846,1522529.0
2020-07-23,3.78944,3.90256,3.78944,3.90256,1446620.0
2020-07-24,3.846,3.846,3.50665,3.6197600000000003,4781245.0
2020-07-27,3.5631999999999997,3.5631999999999997,3.16729,3.22385,6828638.0
2020-07-28,3.22385,3.50665,3.16729,3.50665,2888612.0
2020-07-29,3.50665,3.50665,3.16729,3.28041,3248282.0
2020-07-30,3.28041,3.39353,3.28041,3.33697,1357431.0
2020-07-31,3.28041,3.4500900000000003,3.22385,3.33697,1855750.0
2020-08-03,3.39353,3.4500900000000003,3.33697,3.4500900000000003,1781208.0
2020-08-04,3.4500900000000003,3.5631999999999997,3.4500900000000003,3.50665,2710027.0
2020-08-05,3.50665,3.5631999999999997,3.4500900000000003,3.50665,1121315.0
2020-08-06,3.5631999999999997,3.6197600000000003,3.50665,3.6197600000000003,2889638.0
2020-08-07,3.6197600000000003,3.6197600000000003,3.4500900000000003,3.50665,1246570.0
2020-08-10,3.5631999999999997,3.5631999999999997,3.50665,3.5631999999999997,1193526.0
2020-08-11,3.5631999999999997,3.6197600000000003,3.50665,3.5631999999999997,1679028.0
2020-08-12,3.5631999999999997,3.67632,3.50665,3.6197600000000003,3078629.0
2020-08-13,3.67632,3.73288,3.6197600000000003,3.67632,1989347.0
2020-08-14,3.67632,3.67632,3.5631999999999997,3.5631999999999997,1740840.0
2020-08-17,3.6197600000000003,3.6197600000000003,3.50665,3.6197600000000003,1343937.0
2020-08-18,3.6197600000000003,3.6197600000000003,3.5631999999999997,3.5631999999999997,1381005.0
2020-08-19,3.5631999999999997,3.67632,3.5631999999999997,3.6197600000000003,1584788.0
2020-08-20,3.6197600000000003,3.67632,3.5631999999999997,3.6197600000000003,1414046.0
2020-08-21,3.6197600000000003,3.67632,3.5631999999999997,3.67632,784278.0
2020-08-24,3.67632,3.73288,3.6197600000000003,3.67632,2618441.0
2020-08-25,3.73288,3.78944,3.67632,3.73288,2700855.0
2020-08-26,3.73288,3.90256,3.73288,3.846,2368065.0
2020-08-27,3.846,3.846,3.73288,3.73288,1398243.0
2020-08-28,3.78944,3.846,3.73288,3.73288,1648672.0
2020-08-31,3.73288,3.78944,3.67632,3.67632,2104814.0
2020-09-01,3.73288,3.78944,3.67632,3.78944,1269897.0
2020-09-03,3.78944,3.846,3.73288,3.78944,1435911.0
2020-09-04,3.78944,3.78944,3.67632,3.78944,1809142.0
2020-09-07,3.78944,3.78944,3.67632,3.73288,1738882.0
2020-09-08,3.67632,3.73288,3.67632,3.73288,730749.0
2020-09-09,3.67632,3.73288,3.6197600000000003,3.73288,1549786.0
2020-09-10,3.67632,3.78944,3.67632,3.73288,1630197.0
2020-09-11,3.73288,3.78944,3.73288,3.78944,2179209.0
2020-09-14,3.78944,3.846,3.73288,3.846,3063680.0
2020-09-15,3.846,3.90256,3.78944,3.846,1775835.0
2020-09-16,3.846,3.90256,3.78944,3.846,1936711.0
2020-09-17,3.78944,3.90256,3.78944,3.846,1080850.0
2020-09-18,3.846,3.90256,3.78944,3.90256,886246.0
2020-09-21,3.846,3.95912,3.846,3.90256,2416577.0
2020-09-22,3.846,3.90256,3.78944,3.846,1875710.0
2020-09-23,3.90256,3.90256,3.846,3.90256,1542991.0
2020-09-24,3.846,3.90256,3.78944,3.78944,1977470.0
2020-09-25,3.846,3.90256,3.78944,3.846,958920.0
2020-09-28,3.90256,4.12879,3.846,4.12879,6476461.0
2020-09-29,4.12879,4.185350000000001,4.01567,4.12879,5556870.0
2020-09-30,4.12879,4.12879,4.01567,4.01567,1606542.0
2020-10-01,4.07223,4.12879,4.01567,4.12879,2880530.0
2020-10-02,4.07223,4.07223,3.90256,3.95912,5288948.0
2020-10-05,4.01567,4.12879,3.95912,4.12879,3660600.0
2020-10-06,4.185350000000001,4.185350000000001,4.01567,4.12879,3911600.0
2020-10-07,4.12879,4.12879,4.01567,4.07223,1799300.0
2020-10-08,4.07223,4.07223,4.01567,4.07223,1195200.0
2020-10-09,4.07223,4.12879,4.01567,4.12879,3381600.0
2020-10-12,4.12879,4.185350000000001,4.01567,4.12879,3500600.0
2020-10-13,4.12879,4.12879,4.01567,4.07223,1499000.0
2020-10-14,4.07223,4.07223,3.95912,4.01567,1988700.0
2020-10-15,4.01567,4.07223,3.90256,3.95912,3973800.0
2020-10-16,3.95912,4.01567,3.90256,4.01567,1892500.0
2020-10-19,3.95912,4.01567,3.90256,3.95912,1062600.0
2020-10-20,3.90256,4.24191,3.90256,4.12879,5257800.0
2020-10-21,4.12879,4.12879,4.01567,4.01567,2048100.0
2020-10-22,4.01567,4.07223,3.95912,4.01567,2105200.0
2020-10-23,4.01567,4.07223,3.95912,3.95912,1622900.0
2020-10-26,4.01567,4.01567,3.90256,3.90256,3130900.0
2020-10-27,3.95912,3.95912,3.846,3.90256,2024800.0
2020-10-28,3.90256,3.90256,3.73288,3.78944,4756000.0
2020-10-29,3.73288,3.78944,3.67632,3.78944,1463700.0
2020-10-30,3.78944,3.846,3.73288,3.78944,1930000.0
2020-11-02,3.78944,3.846,3.73288,3.846,862700.0
2020-11-03,3.846,3.846,3.78944,3.846,495500.0
2020-11-04,3.846,3.90256,3.78944,3.90256,1126200.0
2020-11-05,3.846,3.90256,3.78944,3.846,565200.0
2020-11-06,3.846,3.846,3.78944,3.846,343100.0
2020-11-09,3.78944,3.846,3.78944,3.846,1310400.0
2020-11-10,3.90256,4.01567,3.90256,3.90256,3801200.0
2020-11-11,3.95912,4.01567,3.90256,3.95912,1569700.0
2020-11-12,3.95912,4.01567,3.90256,3.95912,1309900.0
2020-11-13,3.95912,3.95912,3.90256,3.95912,892400.0
2020-11-16,3.95912,4.01567,3.90256,3.95912,2962000.0
2020-11-17,3.95912,4.185350000000001,3.90256,4.12879,8673200.0
2020-11-18,4.12879,4.185350000000001,4.07223,4.12879,2984100.0
2020-11-19,4.185350000000001,4.24191,4.07223,4.24191,5251700.0
2020-11-20,4.185350000000001,4.24191,4.07223,4.12879,3065200.0
2020-11-23,4.12879,4.41159,4.12879,4.35503,8128800.0
2020-11-24,4.35503,4.41159,4.24191,4.29847,4228200.0
2020-11-25,4.29847,4.5247,4.24191,4.29847,9082200.0
2020-11-26,4.24191,4.29847,4.07223,4.12879,10001300.0
2020-11-27,4.12879,4.185350000000001,4.01567,4.12879,4692400.0
2020-11-30,4.12879,4.185350000000001,4.01567,4.01567,4074100.0
2020-12-01,4.01567,4.07223,3.95912,4.07223,5688100.0
2020-12-02,4.07223,4.07223,3.95912,4.07223,2231700.0
2020-12-03,4.07223,4.185350000000001,4.01567,4.185350000000001,6251500.0
2020-12-04,4.185350000000001,4.29847,4.12879,4.29847,7959000.0
2020-12-07,4.29847,4.41159,4.24191,4.41159,7178700.0
2020-12-08,4.41159,4.46814,4.29847,4.41159,8877300.0
2020-12-09,4.41159,4.75094,4.35503,4.63782,17233200.0
2020-12-10,4.58126,4.75094,4.5247,4.58126,7130500.0
2020-12-11,4.63782,4.75094,4.58126,4.69438,4038169.0
2020-12-14,4.69438,4.97717,4.63782,4.97717,10783932.0
2020-12-15,4.9206199999999995,4.97717,4.8075,4.86406,9902449.0
2020-12-16,4.9206199999999995,4.9206199999999995,4.8075,4.86406,4972727.0
2020-12-17,4.9206199999999995,5.0902899999999995,4.8075,4.97717,8477600.0
2020-12-18,4.97717,5.316529999999999,4.97717,5.20341,6193985.0
2020-12-21,5.25997,5.71244,5.20341,5.54276,13838077.0
2020-12-22,5.4862,5.54276,5.37309,5.54276,9212372.0
2020-12-23,5.4862,5.59932,5.20341,5.42964,10337045.0
2020-12-24,5.42964,5.4862,4.97717,5.316529999999999,13120000.0
2020-12-25,5.25997,5.42964,5.146850000000001,5.42964,6838210.0
2020-12-28,5.37309,5.88211,5.316529999999999,5.769,14331021.0
2020-12-29,5.769,5.88211,5.59932,5.71244,9118460.0
2020-12-30,5.82556,5.93867,5.59932,5.71244,5232070.0
2020-12-31,5.65588,5.71244,5.4862,5.59932,6573192.0
2021-01-04,5.65588,5.82556,5.59932,5.769,7327963.0
2021-01-05,5.71244,5.71244,5.59932,5.65588,7046670.0
2021-01-06,5.71244,6.05179,5.71244,5.88211,11445066.0
2021-01-07,5.93867,6.16491,5.82556,6.16491,14177972.0
2021-01-08,6.16491,6.50426,6.05179,6.4477,9549600.0
2021-01-11,6.33459,7.069850000000001,6.33459,7.01329,12659475.0
2021-01-12,6.90017,7.12641,6.78706,7.12641,13531973.0
2021-01-13,7.12641,7.35264,6.956729999999999,7.01329,10981725.0
2021-01-14,7.01329,7.12641,6.90017,7.069850000000001,7764465.0
2021-01-15,7.069850000000001,7.239529999999999,7.01329,7.12641,8071271.0
2021-01-18,7.01329,7.12641,6.84361,6.956729999999999,9417963.0
2021-01-19,6.90017,7.01329,5.93867,6.39114,16635014.0
2021-01-20,6.39114,6.7305,5.995229999999999,6.67394,11321449.0
2021-01-21,6.67394,6.956729999999999,6.67394,6.84361,6412479.0
2021-01-22,6.84361,6.90017,6.67394,6.7305,7802673.0
2021-01-25,6.61738,6.67394,6.4477,6.50426,7422897.0
2021-01-26,6.56082,6.56082,5.995229999999999,6.22147,11771731.0
2021-01-27,6.22147,6.22147,5.65588,5.769,9153198.0
2021-01-28,5.033729999999999,5.769,5.033729999999999,5.033729999999999,10026116.0
2021-01-29,4.8075,5.65588,4.41159,5.42964,9888607.0
2021-02-01,5.4862,5.4862,4.86406,5.0902899999999995,5935717.0
2021-02-02,5.033729999999999,5.42964,5.033729999999999,5.37309,5362720.0
2021-02-03,5.42964,5.995229999999999,5.42964,5.995229999999999,10952394.0
2021-02-04,5.995229999999999,6.278029999999999,5.995229999999999,6.16491,9136085.0
2021-02-05,6.22147,6.33459,6.108350000000001,6.22147,6674009.0
2021-02-08,6.22147,6.4477,6.05179,6.22147,13854621.0
2021-02-09,6.22147,6.4477,6.22147,6.4477,8729550.0
2021-02-17,6.22147,7.01329,6.22147,6.956729999999999,18919893.0
2021-02-18,7.12641,7.35264,6.90017,7.01329,23100408.0
2021-02-19,6.90017,7.01329,6.7305,6.84361,17605273.0
2021-02-22,6.84361,6.956729999999999,6.7305,6.90017,10700535.0
2021-02-23,6.90017,7.18297,6.90017,7.069850000000001,16061241.0
2021-02-24,7.069850000000001,7.069850000000001,6.7305,6.84361,16698138.0
2021-02-25,6.956729999999999,7.069850000000001,6.84361,7.01329,10129231.0
2021-02-26,6.90017,7.01329,6.78706,6.956729999999999,10974313.0
2021-03-01,6.956729999999999,7.918229999999999,6.956729999999999,7.86167,36722839.0
2021-03-02,7.80511,8.087909999999999,7.692,7.86167,18355410.0
2021-03-03,7.80511,8.087909999999999,7.692,7.918229999999999,11209504.0
2021-03-04,7.918229999999999,8.82317,7.918229999999999,8.76661,36627073.0
2021-03-05,8.87973,9.21908,8.710049999999999,9.10597,21472009.0
2021-03-08,9.3322,9.67155,9.21908,9.27564,19098050.0
2021-03-09,9.27564,9.27564,8.710049999999999,8.82317,27603028.0
2021-03-10,9.04941,9.16253,8.710049999999999,9.10597,14478519.0
2021-03-11,9.16253,9.50188,9.10597,9.50188,11431367.0
2021-03-12,9.50188,9.67155,9.27564,9.3322,10640691.0
2021-03-15,9.445319999999999,9.445319999999999,9.10597,9.27564,9718374.0
2021-03-16,9.16253,9.21908,8.87973,9.04941,13177348.0
2021-03-17,9.04941,9.38876,8.936290000000001,9.3322,11290073.0
2021-03-18,9.27564,9.38876,9.10597,9.27564,8308217.0
2021-03-19,9.21908,9.558440000000001,8.710049999999999,9.445319999999999,23500478.0
2021-03-22,9.50188,9.84123,9.445319999999999,9.50188,13731597.0
2021-03-23,9.50188,9.558440000000001,9.21908,9.445319999999999,9933405.0
2021-03-24,9.27564,9.3322,8.936290000000001,9.27564,19977235.0
2021-03-25,9.3322,9.38876,9.10597,9.27564,9565052.0
2021-03-26,9.21908,9.27564,8.82317,9.21908,16013626.0
2021-03-29,9.38876,9.728110000000001,9.27564,9.38876,13492479.0
2021-03-30,9.38876,9.50188,9.21908,9.3322,9998441.0
2021-03-31,9.3322,10.010909999999999,9.16253,10.010909999999999,34894731.0
2021-04-01,10.010909999999999,10.23714,9.78467,10.180579999999999,16827977.0
2021-04-02,10.180579999999999,10.35026,10.010909999999999,10.06747,9083120.0
2021-04-05,10.12402,10.35026,9.89779,10.180579999999999,18835225.0
2021-04-06,10.06747,10.35026,9.95435,10.293700000000001,17500602.0
2021-04-07,10.35026,10.40682,10.180579999999999,10.23714,8862516.0
2021-04-08,10.293700000000001,10.293700000000001,9.95435,10.06747,18329217.0
2021-04-09,10.06747,10.12402,9.89779,10.06747,9072312.0
2021-04-12,10.010909999999999,10.12402,9.84123,9.89779,13360095.0
2021-04-13,9.95435,9.95435,8.76661,9.445319999999999,26002911.0
2021-04-14,9.50188,9.78467,9.27564,9.67155,10298424.0
2021-04-15,9.84123,10.010909999999999,9.50188,9.50188,10151929.0
2021-04-16,9.50188,9.615,9.10597,9.445319999999999,13482380.0
2021-04-19,9.21908,9.50188,9.04941,9.21908,8130447.0
2021-04-20,9.3322,9.50188,9.16253,9.3322,8723713.0
2021-04-22,9.3322,9.3322,8.42726,8.42726,17696796.0
2021-04-23,8.42726,8.82317,8.31414,8.710049999999999,10953456.0
2021-04-26,8.76661,8.87973,8.31414,8.42726,7200762.0
2021-04-27,8.48382,8.48382,7.80511,7.918229999999999,11163774.0
2021-04-28,8.14447,8.25758,7.80511,8.087909999999999,7262971.0
2021-04-29,8.14447,8.59694,8.087909999999999,8.31414,9375715.0
2021-05-04,8.25758,8.25758,7.97479,8.087909999999999,6982006.0
2021-05-05,8.14447,9.27564,8.14447,9.04941,19535101.0
2021-05-06,8.87973,9.16253,8.6535,8.710049999999999,10341147.0
2021-05-07,8.6535,8.76661,8.31414,8.42726,12270722.0
2021-05-10,8.42726,8.76661,8.31414,8.6535,10258054.0
2021-05-11,8.59694,8.99285,8.540379999999999,8.710049999999999,10832496.0
2021-05-12,8.76661,9.10597,8.710049999999999,8.99285,16830519.0
2021-05-13,9.04941,9.21908,8.76661,8.82317,12815711.0
2021-05-14,8.76661,8.87973,8.6535,8.76661,10333479.0
2021-05-17,8.82317,9.04941,8.59694,8.6535,10037598.0
2021-05-18,8.6535,8.87973,8.25758,8.76661,13695968.0
2021-05-19,8.710049999999999,8.76661,8.42726,8.540379999999999,7008893.0
2021-05-20,8.48382,8.540379999999999,8.201030000000001,8.25758,13157000.0
2021-05-21,8.25758,8.710049999999999,8.03135,8.48382,18819897.0
2021-05-24,8.48382,8.76661,8.48382,8.710049999999999,8519629.0
2021-05-25,8.76661,9.04941,8.76661,8.87973,15444891.0
2021-05-26,8.936290000000001,8.936290000000001,8.59694,8.76661,11107893.0
2021-05-27,8.710049999999999,8.82317,8.370700000000001,8.540379999999999,10566261.0
2021-05-28,8.540379999999999,8.99285,8.540379999999999,8.87973,21871299.0
2021-05-31,8.87973,9.84123,8.710049999999999,9.728110000000001,35549063.0
2021-06-01,9.78467,10.12402,9.728110000000001,9.95435,20891459.0
2021-06-02,9.84123,10.40682,9.84123,10.35026,27536059.0
2021-06-03,10.463379999999999,10.74617,10.180579999999999,10.35026,25587696.0
2021-06-04,10.35026,11.87735,10.180579999999999,11.53799,41879253.0
2021-06-07,11.53799,11.990459999999999,11.02897,11.481440000000001,25999830.0
2021-06-08,11.2552,11.53799,10.010909999999999,10.40682,35669577.0
2021-06-09,10.40682,11.19864,10.23714,10.91585,30048456.0
2021-06-10,10.91585,10.91585,10.293700000000001,10.40682,14815488.0
2021-06-11,10.463379999999999,11.08552,10.40682,10.91585,20012447.0
2021-06-14,10.91585,11.70767,10.91585,11.481440000000001,27610276.0
2021-06-15,11.42488,11.82079,11.2552,11.31176,20854554.0
2021-06-16,11.59455,12.32982,11.481440000000001,11.87735,31312487.0
2021-06-17,11.87735,12.216700000000001,11.31176,12.04702,21339344.0
2021-06-18,12.04702,12.04702,11.53799,11.87735,17241045.0
2021-06-21,11.87735,12.32982,11.76423,12.04702,17878165.0
2021-06-22,12.216700000000001,12.556049999999999,12.10358,12.16014,18246648.0
2021-06-23,12.27326,12.32982,11.76423,11.93391,22867429.0
2021-06-24,12.04702,12.16014,11.76423,11.82079,12252536.0
2021-06-25,11.82079,12.10358,11.70767,12.10358,13379643.0
2021-06-28,12.10358,12.49949,12.10358,12.216700000000001,13999174.0
2021-06-29,12.216700000000001,12.216700000000001,11.87735,12.04702,18230381.0
2021-06-30,11.990459999999999,12.216700000000001,11.87735,11.87735,13852403.0
2021-07-01,11.87735,11.990459999999999,11.31176,11.76423,29389541.0
2021-07-02,11.87735,12.16014,11.70767,11.82079,12621285.0
2021-07-05,11.82079,11.87735,11.19864,11.368319999999999,19732053.0
2021-07-06,11.481440000000001,11.70767,10.51994,10.68961,20809112.0
2021-07-07,10.68961,10.80273,10.23714,10.633049999999999,20331111.0
2021-07-08,10.463379999999999,10.68961,10.23714,10.35026,10051596.0
2021-07-09,10.35026,10.35026,9.615,9.78467,18088810.0
2021-07-12,9.89779,10.010909999999999,9.04941,9.558440000000001,21145739.0
2021-07-13,9.558440000000001,10.12402,9.3322,10.12402,13615318.0
2021-07-14,10.12402,10.180579999999999,9.67155,9.95435,11179164.0
2021-07-15,9.78467,10.180579999999999,9.67155,10.010909999999999,10283528.0
2021-07-16,10.06747,10.35026,9.89779,10.12402,10717531.0
2021-07-19,10.010909999999999,10.010909999999999,9.21908,9.445319999999999,16535434.0
2021-07-20,9.04941,9.558440000000001,9.04941,9.558440000000001,11655788.0
2021-07-21,9.558440000000001,9.67155,9.3322,9.50188,5267105.0
2021-07-22,9.50188,10.06747,9.50188,10.010909999999999,10271706.0
2021-07-23,10.010909999999999,10.12402,9.728110000000001,9.728110000000001,12139615.0
2021-07-26,9.728110000000001,10.010909999999999,9.615,9.95435,8130000.0
2021-07-27,9.95435,10.68961,9.95435,10.5765,24537541.0
2021-07-28,10.74617,10.859290000000001,10.51994,10.633049999999999,11910658.0
2021-07-29,10.68961,10.91585,10.51994,10.91585,10699542.0
2021-07-30,10.97241,10.97241,10.68961,10.80273,9712219.0
2021-08-02,10.80273,11.14208,10.5765,10.859290000000001,14553102.0
2021-08-03,10.74617,10.91585,10.463379999999999,10.80273,17418412.0
2021-08-04,10.68961,11.19864,10.633049999999999,11.02897,15037483.0
2021-08-05,10.74617,11.08552,10.74617,11.08552,9374230.0
2021-08-06,11.02897,11.31176,10.97241,10.97241,12925701.0
2021-08-09,10.74617,11.08552,10.74617,10.97241,17338831.0
2021-08-10,10.91585,11.70767,10.91585,11.59455,28071718.0
2021-08-11,11.59455,11.76423,11.368319999999999,11.368319999999999,11301385.0
2021-08-12,11.31176,11.481440000000001,11.08552,11.14208,16626055.0
2021-08-13,11.08552,11.08552,10.40682,10.859290000000001,39601261.0
2021-08-16,10.80273,11.02897,10.68961,10.859290000000001,10665853.0
2021-08-17,10.859290000000001,11.19864,10.74617,11.08552,10468555.0
2021-08-18,10.97241,11.08552,10.859290000000001,10.97241,8368086.0
2021-08-19,10.91585,10.97241,10.74617,10.80273,10601406.0
2021-08-20,10.74617,10.80273,9.615,10.06747,27067626.0
2021-08-23,10.06747,10.12402,9.615,9.67155,15015063.0
2021-08-24,9.67155,10.06747,9.615,9.95435,8758086.0
2021-08-25,9.95435,10.06747,9.84123,10.010909999999999,5853058.0
2021-08-26,10.06747,10.06747,9.78467,9.84123,6927883.0
2021-08-27,9.84123,10.010909999999999,9.615,9.95435,7816506.0
2021-08-30,10.010909999999999,10.35026,10.010909999999999,10.293700000000001,6699618.0
2021-08-31,10.293700000000001,10.51994,10.23714,10.40682,8335460.0
2021-09-01,10.35026,10.40682,10.23714,10.35026,6096796.0
2021-09-06,10.35026,10.633049999999999,10.180579999999999,10.51994,9650508.0
2021-09-07,10.463379999999999,10.5765,10.180579999999999,10.23714,7184403.0
2021-09-08,10.23714,10.293700000000001,9.95435,10.010909999999999,7988557.0
2021-09-09,10.010909999999999,10.293700000000001,10.010909999999999,10.23714,5800881.0
2021-09-10,10.180579999999999,10.293700000000001,10.06747,10.180579999999999,4723472.0
2021-09-13,10.180579999999999,10.5765,10.180579999999999,10.463379999999999,13941303.0
2021-09-14,10.463379999999999,10.633049999999999,10.293700000000001,10.35026,6577862.0
2021-09-15,10.40682,10.97241,10.23714,10.859290000000001,18402917.0
2021-09-16,10.97241,11.14208,10.68961,10.80273,7106081.0
2021-09-17,10.80273,10.859290000000001,10.68961,10.74617,7943070.0
2021-09-20,10.74617,10.80273,10.293700000000001,10.293700000000001,16795406.0
2021-09-21,10.51994,10.51994,9.95435,10.40682,11183758.0
2021-09-22,10.40682,10.68961,10.23714,10.51994,7888089.0
2021-09-23,10.5765,10.74617,10.40682,10.51994,7707477.0
2021-09-24,10.5765,10.80273,10.40682,10.5765,9218955.0
2021-09-27,10.633049999999999,10.91585,10.463379999999999,10.463379999999999,14108411.0
2021-09-28,10.463379999999999,11.42488,10.463379999999999,11.2552,29683589.0
2021-09-29,11.2552,11.31176,10.91585,11.08552,10819712.0
2021-09-30,11.08552,11.42488,10.97241,11.19864,13542662.0
2021-10-01,11.19864,11.53799,11.02897,11.42488,22388541.0
2021-10-04,11.59455,12.10358,11.42488,11.651110000000001,23412828.0
2021-10-05,11.82079,12.16014,11.70767,11.990459999999999,16261165.0
2021-10-06,12.10358,12.216700000000001,11.82079,11.990459999999999,12575099.0
2021-10-07,11.93391,11.990459999999999,11.53799,11.59455,19131902.0
2021-10-08,11.59455,11.990459999999999,11.59455,11.990459999999999,14093966.0
2021-10-11,12.04702,12.49949,11.990459999999999,12.32982,14634501.0
2021-10-12,12.32982,12.95196,12.216700000000001,12.83885,24717540.0
2021-10-13,12.83885,12.89541,12.61261,12.782290000000001,11763578.0
2021-10-14,12.66917,13.00852,12.66917,12.83885,8389204.0
2021-10-15,12.83885,13.12164,12.782290000000001,13.00852,13717981.0
2021-10-18,13.291319999999999,13.74379,13.12164,13.460989999999999,18069908.0
2021-10-19,13.40443,13.460989999999999,13.1782,13.40443,10399172.0
2021-10-20,13.40443,13.63067,13.00852,13.291319999999999,14555412.0
2021-10-21,13.291319999999999,13.51755,13.06508,13.23476,12021447.0
2021-10-22,13.291319999999999,13.291319999999999,12.89541,13.06508,16947152.0
2021-10-25,13.23476,13.460989999999999,13.06508,13.12164,10004419.0
2021-10-26,13.1782,13.291319999999999,12.95196,13.23476,8602385.0
2021-10-27,13.291319999999999,14.08314,13.291319999999999,13.97002,19570530.0
2021-10-28,13.85691,13.913459999999999,13.63067,13.80035,11806425.0
2021-10-29,13.74379,14.08314,13.74379,14.02658,12287174.0
2021-11-01,13.97002,14.42249,13.574110000000001,13.85691,13342748.0
2021-11-02,14.02658,14.36593,13.74379,14.25282,12792299.0
2021-11-03,14.25282,14.309379999999999,13.63067,13.68723,12645998.0
2021-11-04,13.291319999999999,13.574110000000001,13.291319999999999,13.460989999999999,14303305.0
2021-11-05,13.574110000000001,13.80035,13.34788,13.68723,11859403.0
2021-11-08,13.80035,13.97002,13.63067,13.80035,7259687.0
2021-11-09,13.913459999999999,13.913459999999999,13.574110000000001,13.80035,11837045.0
2021-11-10,13.80035,14.59217,13.80035,14.42249,20418743.0
2021-11-11,14.705290000000002,14.705290000000002,13.913459999999999,14.02658,11516424.0
2021-11-12,14.139700000000001,14.139700000000001,13.74379,13.97002,11570645.0
2021-11-15,13.913459999999999,13.97002,13.460989999999999,13.63067,20732575.0
2021-11-16,13.574110000000001,13.85691,13.574110000000001,13.68723,8257019.0
2021-11-17,13.68723,13.97002,13.460989999999999,13.80035,11797981.0
2021-11-18,13.68723,13.68723,13.00852,13.06508,23382129.0
2021-11-19,13.06508,13.06508,11.93391,12.27326,32114596.0
2021-11-22,12.216700000000001,12.216700000000001,11.481440000000001,11.59455,14184531.0
2021-11-23,11.59455,12.386379999999999,11.481440000000001,12.27326,7448151.0
2021-11-24,12.386379999999999,12.66917,12.16014,12.32982,8989900.0
2021-11-25,12.216700000000001,12.61261,12.216700000000001,12.44294,7804548.0
2021-11-26,12.44294,12.44294,11.82079,11.93391,13384322.0
2021-11-29,11.59455,11.76423,11.08552,11.70767,14099619.0
2021-11-30,11.76423,12.27326,11.70767,11.87735,10673525.0
2021-12-01,11.76423,12.16014,11.481440000000001,12.10358,6928991.0
2021-12-02,11.93391,12.32982,11.76423,12.10358,7571681.0
2021-12-03,12.10358,12.27326,11.70767,11.76423,7298382.0
2021-12-06,11.76423,11.93391,11.368319999999999,11.53799,8292891.0
2021-12-07,11.59455,12.32982,11.59455,12.27326,11965822.0
2021-12-08,12.32982,12.61261,12.16014,12.216700000000001,6158752.0
2021-12-09,12.32982,12.66917,12.10358,12.49949,8099215.0
2021-12-10,12.49949,12.49949,12.16014,12.216700000000001,6575286.0
2021-12-13,12.44294,12.556049999999999,12.216700000000001,12.49949,6240053.0
2021-12-14,12.44294,12.44294,12.16014,12.27326,6366946.0
2021-12-15,12.27326,12.32982,11.990459999999999,12.04702,7168913.0
2021-12-16,12.16014,12.49949,12.10358,12.49949,6887596.0
2021-12-17,12.49949,12.89541,12.44294,12.72573,11633726.0
2021-12-20,12.66917,12.66917,12.216700000000001,12.27326,7906131.0
2021-12-21,12.32982,12.556049999999999,12.16014,12.386379999999999,5682188.0
2021-12-22,12.44294,12.72573,12.27326,12.386379999999999,6064303.0
2021-12-23,12.44294,13.23476,12.27326,12.95196,21646897.0
2021-12-24,13.00852,13.23476,12.83885,13.00852,7182675.0
2021-12-27,13.00852,13.51755,13.00852,13.1782,8006343.0
2021-12-28,13.34788,13.51755,13.12164,13.1782,11826444.0
2021-12-29,13.34788,13.460989999999999,13.06508,13.1782,7580450.0
2021-12-30,13.291319999999999,13.460989999999999,13.12164,13.1782,6304874.0
2021-12-31,13.291319999999999,13.34788,12.89541,13.06508,7985296.0
2022-01-04,13.06508,13.63067,13.00852,13.574110000000001,15555915.0
2022-01-05,13.63067,13.85691,13.40443,13.51755,9969719.0
2022-01-06,13.51755,13.80035,13.291319999999999,13.63067,12958863.0
2022-01-07,13.80035,13.97002,13.63067,13.74379,10553724.0
2022-01-10,13.80035,13.80035,13.00852,13.12164,14213978.0
2022-01-11,13.1782,13.291319999999999,12.89541,13.00852,7801512.0
2022-01-12,13.12164,13.74379,13.06508,13.460989999999999,11893696.0
2022-01-13,13.460989999999999,13.80035,13.00852,13.23476,9549314.0
2022-01-14,13.23476,13.34788,12.95196,13.12164,6121286.0
2022-01-17,13.23476,13.68723,13.00852,13.06508,10908283.0
2022-01-18,13.291319999999999,13.51755,12.95196,13.291319999999999,9612727.0
2022-01-19,13.40443,13.74379,13.23476,13.23476,6714611.0
2022-01-20,13.40443,13.460989999999999,13.12164,13.460989999999999,5311338.0
2022-01-21,13.40443,14.36593,13.291319999999999,14.139700000000001,31997188.0
2022-01-24,13.85691,14.309379999999999,13.74379,13.913459999999999,11111253.0
2022-01-25,13.913459999999999,14.25282,13.574110000000001,14.139700000000001,10520211.0
2022-01-26,14.139700000000001,14.59217,14.139700000000001,14.36593,11673463.0
2022-01-27,14.53561,14.8184,14.25282,14.42249,9223629.0
2022-01-28,14.42249,14.648729999999999,13.63067,13.85691,19954490.0
2022-02-07,14.25282,15.44055,14.25282,15.27088,18637487.0
2022-02-08,15.27088,15.32743,14.93152,14.98808,8356156.0
2022-02-09,15.1012,15.27088,14.76185,14.93152,10015356.0
2022-02-10,14.98808,15.497110000000001,14.87496,15.44055,14873272.0
2022-02-11,15.44055,15.89302,15.32743,15.383989999999999,16051404.0
2022-02-14,15.55367,16.00614,15.497110000000001,15.55367,16643209.0
2022-02-15,15.55367,15.66679,15.04464,15.15776,16439501.0
2022-02-16,14.98808,15.04464,14.59217,14.93152,19905304.0
2022-02-17,14.93152,15.04464,14.705290000000002,14.93152,6490954.0
2022-02-18,14.93152,14.98808,14.648729999999999,14.93152,7395764.0
2022-02-21,15.383989999999999,16.00614,14.705290000000002,14.87496,9780847.0
2022-02-22,15.1012,15.27088,14.93152,15.15776,12285818.0
2022-02-23,15.15776,16.11926,15.04464,15.7799,23699031.0
2022-02-24,15.7799,16.62829,15.497110000000001,16.11926,24652888.0
2022-02-25,16.345489999999998,16.345489999999998,15.497110000000001,15.55367,14183226.0
2022-02-28,15.72335,16.00614,15.55367,15.836459999999999,13517462.0
2022-03-01,16.00614,16.00614,15.55367,15.7799,11802280.0
2022-03-02,16.00614,16.62829,16.00614,16.175819999999998,14740807.0
2022-03-03,16.175819999999998,16.45861,15.7799,16.0627,15277424.0
2022-03-04,15.94958,16.11926,15.66679,15.72335,10994091.0
2022-03-07,16.345489999999998,16.911080000000002,16.0627,16.684849999999997,23418671.0
2022-03-08,16.684849999999997,16.684849999999997,15.94958,16.0627,13649299.0
2022-03-09,16.23237,16.741400000000002,16.00614,16.45861,14684551.0
2022-03-10,16.40205,16.40205,15.04464,16.11926,14676011.0
2022-03-11,16.23237,16.684849999999997,15.44055,15.61023,14702994.0
2022-03-14,15.61023,15.72335,14.53561,14.59217,23003507.0
2022-03-15,14.59217,14.648729999999999,14.08314,14.53561,12126250.0
2022-03-16,14.479049999999999,14.648729999999999,14.309379999999999,14.648729999999999,5338174.0
2022-03-17,14.648729999999999,14.705290000000002,14.309379999999999,14.53561,5255199.0
2022-03-18,14.59217,15.04464,14.53561,14.93152,7200257.0
2022-03-21,14.93152,15.15776,14.8184,15.15776,7017278.0
2022-03-22,15.15776,15.497110000000001,15.15776,15.27088,6219098.0
2022-03-23,15.32743,15.383989999999999,15.04464,15.15776,6804355.0
2022-03-24,15.27088,15.497110000000001,15.214319999999999,15.27088,4240449.0
2022-03-25,15.27088,15.27088,15.04464,15.1012,4411074.0
2022-03-28,15.1012,15.27088,14.93152,15.27088,7069187.0
2022-03-29,15.04464,15.383989999999999,14.98808,15.27088,6306835.0
2022-03-30,15.214319999999999,15.32743,14.87496,15.04464,7108343.0
2022-03-31,15.04464,15.1012,14.705290000000002,14.76185,4698248.0
2022-04-01,14.76185,14.87496,14.479049999999999,14.705290000000002,5757805.0
2022-04-04,14.705290000000002,15.04464,14.705290000000002,14.8184,4510225.0
2022-04-05,14.93152,15.32743,14.93152,15.15776,7338788.0
2022-04-06,15.15776,15.15776,14.93152,15.15776,3565178.0
2022-04-07,15.15776,15.44055,14.87496,15.27088,8190025.0
2022-04-08,15.214319999999999,15.27088,14.87496,14.93152,5900162.0
2022-04-12,14.93152,15.04464,14.139700000000001,14.25282,7464474.0
2022-04-13,14.53561,14.59217,14.139700000000001,14.53561,3972320.0
2022-04-14,14.648729999999999,14.76185,14.42249,14.59217,2529434.0
2022-04-15,14.479049999999999,14.87496,14.479049999999999,14.59217,4614769.0
2022-04-18,14.59217,14.8184,14.25282,14.309379999999999,5389592.0
2022-04-19,14.309379999999999,14.648729999999999,14.139700000000001,14.36593,4969974.0
2022-04-20,14.42249,14.42249,12.95196,13.23476,11863335.0
2022-04-21,13.51755,13.574110000000001,11.93391,12.49949,9745407.0
2022-04-22,12.66917,13.12164,11.76423,12.61261,8565246.0
2022-04-25,12.61261,12.72573,11.08552,11.19864,7869877.0
2022-04-26,11.82079,12.72573,10.633049999999999,12.04702,9214279.0
2022-04-27,12.10358,12.216700000000001,11.76423,12.16014,4181253.0
2022-04-28,12.16014,12.386379999999999,11.990459999999999,12.16014,3566469.0
2022-04-29,12.04702,12.32982,11.990459999999999,12.27326,4042060.0
2022-05-04,12.27326,12.49949,12.16014,12.386379999999999,4912114.0
2022-05-05,12.49949,12.83885,12.16014,12.386379999999999,7161820.0
2022-05-06,12.44294,12.44294,11.990459999999999,12.16014,4438616.0
2022-05-09,12.216700000000001,12.216700000000001,11.19864,11.42488,7239787.0
2022-05-10,10.40682,11.70767,9.89779,11.651110000000001,5692344.0
2022-05-11,11.651110000000001,11.82079,11.481440000000001,11.59455,1610829.0
2022-05-12,11.59455,11.82079,10.74617,10.859290000000001,4564794.0
2022-05-13,10.859290000000001,11.19864,10.23714,10.463379999999999,8617145.0
2022-05-16,10.5765,11.481440000000001,10.463379999999999,10.91585,4069557.0
2022-05-17,11.14208,12.10358,11.02897,11.990459999999999,9360578.0
2022-05-18,11.990459999999999,12.49949,11.93391,12.27326,7879794.0
2022-05-19,12.10358,13.1782,11.70767,12.89541,12397331.0
2022-05-20,12.89541,13.574110000000001,12.782290000000001,13.23476,9878740.0
2022-05-23,13.23476,13.913459999999999,13.00852,13.63067,10449420.0
2022-05-24,13.574110000000001,13.63067,12.83885,13.51755,14089708.0
2022-05-25,13.291319999999999,14.139700000000001,13.291319999999999,14.08314,10362778.0
2022-05-26,13.913459999999999,14.139700000000001,13.291319999999999,13.460989999999999,8260109.0
2022-05-27,13.460989999999999,13.85691,13.291319999999999,13.51755,7950331.0
2022-05-30,13.68723,14.42249,13.51755,14.02658,11408340.0
2022-05-31,14.139700000000001,15.383989999999999,14.02658,15.04464,22264665.0
2022-06-01,14.98808,15.72335,14.648729999999999,15.61023,15606701.0
2022-06-02,15.61023,16.175819999999998,15.27088,15.32743,18682169.0
2022-06-03,15.27088,15.94958,15.27088,15.66679,16941925.0
2022-06-06,15.55367,17.75946,15.55367,17.19387,38289606.0
2022-06-07,17.25043,18.04226,16.515169999999998,17.92914,27578188.0
2022-06-08,17.872580000000003,18.381610000000002,17.36355,17.64634,13750322.0
2022-06-09,17.9857,18.49473,17.75946,18.21193,18251770.0
2022-06-10,18.21193,18.381610000000002,16.911080000000002,17.13732,32660153.0
2022-06-13,16.85452,17.36355,16.11926,16.40205,28099083.0
2022-06-14,16.28893,18.09882,16.28893,18.04226,22793218.0
2022-06-15,18.04226,18.09882,17.25043,17.702900000000003,22517546.0
2022-06-16,17.64634,18.947200000000002,17.42011,18.21193,26579176.0
2022-06-17,17.9857,18.60784,17.58979,18.49473,19990534.0
2022-06-20,17.58979,17.872580000000003,16.684849999999997,17.13732,26730425.0
2022-06-21,17.19387,17.58979,15.27088,15.836459999999999,23858603.0
2022-06-22,15.836459999999999,16.11926,14.36593,14.479049999999999,27406951.0
2022-06-23,14.42249,16.175819999999998,14.25282,15.7799,15227199.0
2022-06-24,15.836459999999999,16.175819999999998,15.61023,15.836459999999999,8622468.0
2022-06-27,15.836459999999999,16.684849999999997,15.836459999999999,16.23237,12241578.0
2022-06-28,16.40205,17.19387,16.28893,16.85452,12310925.0
2022-06-29,16.85452,16.96764,15.94958,16.23237,12028640.0
2022-06-30,16.23237,16.57173,15.836459999999999,16.11926,8087617.0
2022-07-01,15.836459999999999,15.89302,14.76185,15.55367,19215136.0
2022-07-04,15.55367,16.00614,15.32743,15.44055,6517679.0
2022-07-05,15.55367,16.0627,14.648729999999999,14.705290000000002,15094081.0
2022-07-06,14.309379999999999,14.42249,12.89541,12.95196,33948902.0
2022-07-07,12.44294,13.00852,12.216700000000001,12.72573,11635020.0
2022-07-08,12.72573,13.574110000000001,12.72573,13.291319999999999,6530077.0
2022-07-11,13.291319999999999,13.291319999999999,12.49949,12.72573,9413543.0
2022-07-12,12.66917,13.40443,12.386379999999999,13.291319999999999,9765647.0
2022-07-13,13.00852,13.00852,12.16014,12.782290000000001,8486209.0
2022-07-14,12.72573,13.23476,12.61261,13.06508,8124279.0
2022-07-15,13.00852,13.1782,12.782290000000001,12.89541,8021489.0
2022-07-18,13.00852,13.460989999999999,12.89541,13.34788,8098823.0
2022-07-19,13.40443,13.97002,13.34788,13.63067,12555923.0
2022-07-20,13.85691,14.08314,13.574110000000001,13.97002,12718104.0
2022-07-21,13.85691,14.19626,13.574110000000001,14.02658,12333975.0
2022-07-22,14.02658,14.53561,13.913459999999999,14.139700000000001,14887630.0
2022-07-25,14.139700000000001,14.139700000000001,13.460989999999999,13.63067,10001523.0
2022-07-26,13.80181,14.54631,13.80181,13.91635,16867415.0
2022-07-27,13.97362,14.03089,13.74454,14.03089,3757517.0
2022-07-28,14.25996,14.489040000000001,14.145430000000001,14.2027,9982820.0
2022-07-29,14.2027,14.31723,13.91635,14.03089,10215360.0
2022-08-01,14.145430000000001,14.2027,13.57274,13.97362,14744269.0
2022-08-02,13.80181,14.145430000000001,13.57274,14.08816,9445952.0
2022-08-03,14.03089,14.25996,13.74454,14.145430000000001,7028623.0
2022-08-04,14.03089,14.2027,13.85908,13.91635,9985590.0
2022-08-05,13.85908,14.3745,13.515469999999999,14.03089,14661686.0
2022-08-08,13.91635,14.43177,13.91635,14.31723,9678704.0
2022-08-09,14.31723,14.60358,14.2027,14.25996,6056516.0
2022-08-10,14.31723,14.54631,14.2027,14.31723,9519207.0
2022-08-11,14.3745,14.83265,14.31723,14.489040000000001,14999019.0
2022-08-12,14.60358,14.71812,14.43177,14.66085,6793946.0
2022-08-15,14.66085,14.775379999999998,14.489040000000001,14.60358,6840642.0
2022-08-16,14.54631,14.60358,14.08816,14.25996,12500102.0
2022-08-17,14.145430000000001,14.25996,13.80181,13.85908,13207924.0
2022-08-18,13.91635,14.145430000000001,13.80181,13.91635,5713422.0
2022-08-19,14.03089,14.43177,13.91635,14.145430000000001,7566464.0
2022-08-22,14.08816,14.2027,13.80181,13.85908,5984482.0
2022-08-23,13.85908,14.489040000000001,13.85908,14.489040000000001,16435746.0
2022-08-24,14.489040000000001,14.94719,14.489040000000001,14.88992,15986388.0
2022-08-25,14.88992,15.17627,14.775379999999998,14.88992,7617643.0
2022-08-26,14.88992,14.88992,14.54631,14.66085,9986702.0
2022-08-29,14.54631,15.00446,14.145430000000001,14.94719,17647816.0
2022-08-30,15.119,15.290799999999999,14.775379999999998,14.94719,9483250.0
2022-08-31,14.83265,14.83265,14.54631,14.71812,9186598.0
2022-09-05,14.71812,14.775379999999998,14.43177,14.775379999999998,6875979.0
2022-09-06,14.775379999999998,14.94719,14.54631,14.60358,4880053.0
2022-09-07,14.54631,14.54631,13.57274,13.85908,19707085.0
2022-09-08,13.91635,13.91635,13.63001,13.68727,9956575.0
2022-09-09,13.63001,14.08816,13.63001,14.03089,6491739.0
2022-09-12,14.03089,14.25996,13.85908,13.91635,5112670.0
2022-09-13,13.91635,14.03089,13.68727,13.91635,4334729.0
2022-09-14,13.80181,13.80181,13.22912,13.74454,8103692.0
2022-09-15,13.74454,13.91635,13.63001,13.85908,3100081.0
2022-09-16,13.74454,13.74454,13.34366,13.458200000000001,7382801.0
2022-09-19,13.458200000000001,13.515469999999999,12.713700000000001,12.77097,9432133.0
2022-09-20,13.057319999999999,13.057319999999999,12.5419,12.94278,5780211.0
2022-09-21,12.94278,13.00005,12.65643,13.00005,3538732.0
2022-09-22,12.77097,12.88551,12.48463,12.88551,5914568.0
2022-09-23,12.94278,13.57274,12.82824,13.057319999999999,8659295.0
2022-09-26,13.00005,13.00005,12.31282,12.5419,8055100.0
2022-09-27,12.5419,12.65643,12.25555,12.37009,4739600.0
2022-09-28,12.37009,12.42736,11.511059999999999,11.68286,8245794.0
2022-09-29,12.02648,12.25555,11.511059999999999,11.62559,5254342.0
2022-09-30,11.62559,12.02648,10.995629999999998,11.511059999999999,7402652.0
2022-10-03,11.453790000000001,11.68286,10.82383,10.8811,5643382.0
2022-10-04,10.995629999999998,11.511059999999999,10.93837,11.0529,6899963.0
2022-10-05,11.33925,11.62559,11.22471,11.511059999999999,6792875.0
2022-10-06,11.56832,11.969209999999999,11.22471,11.453790000000001,8086582.0
2022-10-07,11.453790000000001,11.56832,10.65202,11.0529,7882071.0
2022-10-10,11.0529,11.68286,11.0529,11.68286,6654112.0
2022-10-11,11.56832,11.85467,10.995629999999998,11.0529,9806329.0
2022-10-12,11.22471,11.68286,11.0529,11.39652,4827517.0
2022-10-13,11.453790000000001,11.453790000000001,11.0529,11.281979999999999,4904012.0
2022-10-14,11.281979999999999,11.68286,11.281979999999999,11.511059999999999,7296472.0
2022-10-17,11.453790000000001,11.740129999999999,11.167440000000001,11.62559,6165236.0
2022-10-18,11.68286,11.85467,11.511059999999999,11.511059999999999,4797120.0
2022-10-19,11.453790000000001,12.14101,11.39652,11.911940000000001,10422796.0
2022-10-20,11.85467,12.02648,11.68286,11.7974,3677964.0
2022-10-21,11.7974,11.969209999999999,10.65202,10.8811,12778238.0
2022-10-24,10.93837,11.167440000000001,9.62118,9.79299,9827745.0
2022-10-25,9.96479,10.59475,9.33484,10.1366,9030326.0
2022-10-26,10.1366,10.365680000000001,9.79299,9.96479,2643958.0
2022-10-27,9.96479,10.48021,9.907530000000001,10.48021,4761788.0
2022-10-28,10.53748,10.709290000000001,10.19387,10.25114,5711173.0
2022-10-31,10.365680000000001,10.42295,9.79299,10.1366,4472110.0
2022-11-01,10.19387,10.30841,10.07933,10.19387,2924965.0
2022-11-02,10.30841,10.48021,10.1366,10.365680000000001,5103649.0
2022-11-03,10.365680000000001,10.365680000000001,10.1366,10.19387,2636128.0
2022-11-04,10.25114,10.25114,9.62118,9.85026,6745782.0
2022-11-07,9.96479,10.07933,9.678450000000002,9.678450000000002,4349733.0
2022-11-08,9.79299,9.907530000000001,9.56391,9.907530000000001,4584686.0
2022-11-09,9.79299,9.907530000000001,9.735719999999999,9.907530000000001,3334318.0
2022-11-10,9.85026,9.85026,8.4758,8.76215,10480400.0
2022-11-11,8.76215,9.392100000000001,8.4758,8.59034,5998560.0
2022-11-14,8.76215,8.819420000000001,7.5595,7.5595,11560748.0
2022-11-15,7.78857,7.78857,6.58593,6.58593,9258035.0
2022-11-16,5.66962,7.33042,5.66962,6.98681,23024170.0
2022-11-17,6.98681,7.21589,6.70047,7.21589,6349428.0
2022-11-18,7.273149999999999,7.5595,6.70047,7.387689999999999,14689464.0
2022-11-21,7.387689999999999,7.50223,7.21589,7.33042,5534850.0
2022-11-22,7.273149999999999,8.41853,7.21589,7.96038,12733120.0
2022-11-23,8.01765,8.13219,7.50223,7.50223,5410758.0
2022-11-24,7.50223,7.67404,7.04408,7.50223,8427849.0
2022-11-25,7.50223,7.78857,7.387689999999999,7.731310000000001,5035542.0
2022-11-28,7.84584,8.13219,7.5595,8.13219,7799918.0
2022-11-29,8.07492,8.41853,7.78857,8.304,10540000.0
2022-11-30,8.41853,8.4758,8.18946,8.4758,6999569.0
2022-12-01,8.53307,8.87668,8.18946,8.24673,12543596.0
2022-12-02,8.304,9.10576,8.01765,8.99122,19334437.0
2022-12-05,8.99122,9.277569999999999,8.87668,9.04849,7816993.0
2022-12-06,8.99122,8.99122,8.18946,8.24673,16529576.0
2022-12-07,8.18946,8.304,7.96038,8.13219,10523819.0
2022-12-08,8.13219,8.53307,7.96038,8.24673,7774271.0
2022-12-09,8.304,8.304,7.96038,8.07492,6306143.0
2022-12-12,8.07492,8.36126,8.01765,8.07492,8168665.0
2022-12-13,8.07492,8.24673,7.96038,8.18946,6206652.0
2022-12-14,8.18946,8.59034,8.18946,8.4758,11035536.0
2022-12-15,8.53307,8.819420000000001,8.41853,8.53307,8775897.0
2022-12-16,8.53307,8.53307,8.304,8.4758,7005725.0
2022-12-19,8.41853,8.64761,8.07492,8.13219,8664654.0
2022-12-20,8.13219,8.24673,7.67404,7.84584,14512063.0
2022-12-21,7.96038,7.96038,7.387689999999999,7.616770000000001,9067985.0
2022-12-22,7.731310000000001,7.90311,7.50223,7.731310000000001,3592565.0
2022-12-23,7.5595,8.07492,7.5595,7.90311,10296291.0
2022-12-26,7.90311,8.13219,7.5595,7.67404,5137853.0
2022-12-27,7.67404,7.84584,7.50223,7.84584,4789851.0
2022-12-28,7.731310000000001,7.84584,7.67404,7.731310000000001,3510389.0
2022-12-29,7.731310000000001,7.731310000000001,7.5595,7.616770000000001,2825513.0
2022-12-30,7.67404,7.731310000000001,7.50223,7.616770000000001,2966315.0
2023-01-03,7.616770000000001,8.13219,7.616770000000001,8.07492,9926908.0
2023-01-04,8.07492,8.36126,7.96038,8.18946,9389877.0
2023-01-05,8.18946,8.24673,8.01765,8.18946,7183146.0
2023-01-06,8.18946,8.53307,8.13219,8.36126,14043855.0
2023-01-09,8.41853,8.53307,8.24673,8.36126,4827107.0
2023-01-10,8.36126,8.41853,8.07492,8.304,6999155.0
2023-01-11,8.24673,8.41853,8.24673,8.304,4516879.0
2023-01-12,8.304,8.59034,8.304,8.59034,12392119.0
2023-01-13,8.59034,8.76215,8.41853,8.59034,7588581.0
2023-01-16,8.70488,8.70488,8.36126,8.41853,5530335.0
2023-01-17,8.41853,8.59034,8.41853,8.53307,6170615.0
2023-01-18,8.53307,9.04849,8.53307,8.99122,17577426.0
2023-01-19,8.87668,9.2203,8.819420000000001,9.163030000000001,10462211.0
2023-01-27,9.33484,10.02206,9.277569999999999,9.735719999999999,13980978.0
2023-01-30,9.85026,9.907530000000001,9.506639999999999,9.56391,12307992.0
2023-01-31,9.62118,9.735719999999999,9.392100000000001,9.678450000000002,10485276.0
2023-02-01,9.735719999999999,9.96479,9.163030000000001,9.277569999999999,13587176.0
2023-02-02,9.277569999999999,9.392100000000001,8.99122,9.277569999999999,11034291.0
2023-02-03,9.277569999999999,9.277569999999999,9.04849,9.2203,4730805.0
2023-02-06,9.2203,9.2203,8.933950000000001,9.2203,5413616.0
2023-02-07,9.2203,9.44937,9.10576,9.163030000000001,8165351.0
2023-02-08,9.277569999999999,9.33484,9.04849,9.2203,4949523.0
2023-02-09,9.2203,9.735719999999999,9.163030000000001,9.506639999999999,18075556.0
2023-02-10,9.56391,9.62118,9.277569999999999,9.33484,5214893.0
2023-02-13,9.33484,9.44937,8.76215,9.04849,12697914.0
2023-02-14,8.99122,9.163030000000001,8.76215,8.933950000000001,4990554.0
2023-02-15,8.933950000000001,9.10576,8.76215,9.04849,4235259.0
2023-02-16,9.04849,9.506639999999999,8.933950000000001,9.506639999999999,11289858.0
2023-02-17,9.506639999999999,9.506639999999999,9.277569999999999,9.392100000000001,4483057.0
2023-02-20,9.33484,9.79299,9.277569999999999,9.79299,12290705.0
2023-02-21,9.85026,9.907530000000001,9.62118,9.678450000000002,10979165.0
2023-02-22,9.62118,10.1366,9.392100000000001,9.506639999999999,21079813.0
2023-02-23,9.44937,9.62118,9.2203,9.56391,11374243.0
2023-02-24,9.506639999999999,9.62118,9.163030000000001,9.277569999999999,6973761.0
2023-02-27,9.33484,9.33484,8.87668,8.933950000000001,8114013.0
2023-02-28,8.933950000000001,9.163030000000001,8.933950000000001,8.99122,3606674.0
2023-03-01,8.99122,9.33484,8.87668,9.277569999999999,5416241.0
2023-03-02,9.33484,9.33484,9.10576,9.2203,3000338.0
2023-03-03,9.2203,9.56391,9.2203,9.277569999999999,7450861.0
2023-03-06,9.33484,9.506639999999999,9.2203,9.44937,4216002.0
2023-03-07,9.44937,9.62118,9.392100000000001,9.56391,4999401.0
2023-03-08,9.44937,9.62118,9.33484,9.56391,7265524.0
2023-03-09,9.506639999999999,9.678450000000002,9.506639999999999,9.62118,5505551.0
2023-03-10,9.56391,9.56391,9.33484,9.392100000000001,6576378.0
2023-03-13,9.33484,9.33484,9.163030000000001,9.2203,5719233.0
2023-03-14,9.2203,9.2203,8.933950000000001,8.933950000000001,7229110.0
2023-03-15,9.04849,9.33484,8.99122,9.277569999999999,7728430.0
2023-03-16,9.163030000000001,9.163030000000001,8.87668,8.933950000000001,8901621.0
2023-03-17,8.99122,9.163030000000001,8.933950000000001,9.04849,3637302.0
2023-03-20,8.99122,9.04849,8.4758,8.53307,10330032.0
2023-03-21,8.64761,8.70488,8.304,8.53307,6782313.0
2023-03-22,8.53307,8.70488,8.53307,8.64761,3457291.0
2023-03-23,8.64761,8.70488,8.53307,8.64761,2357101.0
2023-03-24,8.59034,8.87668,8.59034,8.70488,5637764.0
2023-03-27,8.76215,8.87668,8.76215,8.87668,2501247.0
2023-03-28,8.87668,9.04849,8.87668,8.933950000000001,4069560.0
2023-03-29,8.99122,8.99122,8.76215,8.87668,3088546.0
2023-03-30,8.99122,8.99122,8.70488,8.76215,4505291.0
2023-03-31,8.933950000000001,8.933950000000001,8.70488,8.87668,5115215.0
2023-04-03,8.933950000000001,9.392100000000001,8.933950000000001,9.392100000000001,14553156.0
2023-04-04,9.392100000000001,9.506639999999999,9.277569999999999,9.33484,6157721.0
2023-04-05,9.44937,9.62118,9.277569999999999,9.506639999999999,9130160.0
2023-04-06,9.33484,9.56391,9.2203,9.2203,7753897.0
2023-04-07,9.2203,9.33484,9.10576,9.277569999999999,6495022.0
2023-04-10,9.33484,9.392100000000001,9.163030000000001,9.277569999999999,5885375.0
2023-04-11,9.163030000000001,9.56391,9.163030000000001,9.506639999999999,14687835.0
2023-04-12,9.506639999999999,9.678450000000002,9.44937,9.506639999999999,5846946.0
2023-04-13,9.506639999999999,9.907530000000001,9.506639999999999,9.735719999999999,18205285.0
2023-04-14,9.735719999999999,9.907530000000001,9.33484,9.33484,7359380.0
2023-04-17,9.44937,9.506639999999999,9.277569999999999,9.392100000000001,4866553.0
2023-04-18,9.33484,9.44937,9.2203,9.44937,3979152.0
2023-04-19,9.44937,9.44937,9.2203,9.277569999999999,4177155.0
2023-04-20,9.277569999999999,9.277569999999999,9.10576,9.163030000000001,6586243.0
2023-04-21,9.163030000000001,9.163030000000001,8.99122,8.99122,4440055.0
2023-04-24,9.04849,9.10576,8.87668,8.99122,3659216.0
2023-04-25,9.04849,9.10576,8.933950000000001,9.04849,2843181.0
2023-04-26,8.933950000000001,9.2203,8.933950000000001,9.2203,3347095.0
2023-04-27,9.2203,9.2203,9.04849,9.163030000000001,2674222.0
2023-04-28,9.10576,9.2203,9.04849,9.2203,2908254.0
2023-05-04,9.04849,9.10576,8.933950000000001,9.10576,6143417.0
2023-05-05,9.04849,9.10576,8.99122,9.10576,3728668.0
2023-05-08,9.163030000000001,9.392100000000001,9.10576,9.392100000000001,6196983.0
2023-05-09,9.33484,9.56391,9.33484,9.392100000000001,5959853.0
2023-05-10,9.44937,9.44937,9.277569999999999,9.392100000000001,4143474.0
2023-05-11,9.392100000000001,9.56391,9.33484,9.44937,6273403.0
2023-05-12,9.44937,9.506639999999999,9.33484,9.44937,6239646.0
2023-05-15,9.44937,9.62118,9.392100000000001,9.506639999999999,11895542.0
2023-05-16,9.506639999999999,9.678450000000002,9.506639999999999,9.56391,6281486.0
2023-05-17,9.56391,9.62118,9.2203,9.33484,7312687.0
2023-05-18,9.392100000000001,9.392100000000001,9.2203,9.33484,4598426.0
2023-05-19,9.33484,9.62118,9.277569999999999,9.506639999999999,10065315.0
2023-05-22,9.56391,9.678450000000002,9.44937,9.56391,5636445.0
2023-05-23,9.62118,9.678450000000002,9.392100000000001,9.56391,7105265.0
2023-05-24,9.56391,9.62118,9.392100000000001,9.44937,3761762.0
2023-05-25,9.44937,9.56391,9.33484,9.506639999999999,5497821.0
2023-05-26,9.506639999999999,9.96479,9.392100000000001,9.85026,22882617.0
2023-05-29,9.85026,9.907530000000001,9.735719999999999,9.85026,6268499.0
2023-05-30,9.907530000000001,10.02206,9.79299,9.96479,12352880.0
2023-05-31,9.96479,9.96479,9.735719999999999,9.735719999999999,9516048.0
2023-06-01,9.79299,9.79299,9.62118,9.735719999999999,9098106.0
2023-06-02,9.735719999999999,9.907530000000001,9.678450000000002,9.85026,11357997.0
2023-06-05,9.907530000000001,10.25114,9.907530000000001,10.07933,14978859.0
2023-06-06,10.07933,10.1366,9.907530000000001,10.07933,8286969.0
2023-06-07,10.02206,10.1366,9.96479,10.07933,8988371.0
2023-06-08,10.07933,10.365680000000001,9.907530000000001,9.907530000000001,14021084.0
2023-06-09,9.96479,10.02206,9.735719999999999,9.96479,10746434.0
2023-06-12,9.96479,9.96479,9.678450000000002,9.85026,7018889.0
2023-06-13,9.79299,9.907530000000001,9.678450000000002,9.907530000000001,6214270.0
2023-06-14,9.907530000000001,10.02206,9.79299,9.85026,8347169.0
2023-06-15,9.79299,10.07933,9.79299,10.02206,8865306.0
2023-06-16,10.02206,10.1366,9.85026,9.907530000000001,9059923.0
2023-06-19,9.907530000000001,9.96479,9.79299,9.85026,4044705.0
2023-06-20,9.85026,10.02206,9.79299,10.02206,6641525.0
2023-06-21,9.96479,10.07933,9.907530000000001,10.07933,10600401.0
2023-06-22,10.1366,10.42295,10.07933,10.25114,15419443.0
2023-06-23,10.19387,10.19387,9.96479,10.02206,11713488.0
2023-06-26,9.907530000000001,10.07933,9.85026,10.02206,8863650.0
2023-06-27,10.02206,10.19387,9.96479,10.02206,7186908.0
2023-06-28,10.07933,10.07933,9.907530000000001,10.02206,6517794.0
2023-06-29,10.02206,10.19387,9.907530000000001,9.96479,8948151.0
2023-06-30,9.96479,10.02206,9.85026,9.907530000000001,6284874.0
2023-07-03,9.907530000000001,10.02206,9.85026,9.96479,3766642.0
2023-07-04,9.96479,10.19387,9.907530000000001,10.1366,10994578.0
2023-07-05,10.1366,10.25114,10.02206,10.07933,5435451.0
2023-07-06,10.1366,10.19387,9.85026,9.96479,8463278.0
2023-07-07,10.02206,10.02206,9.85026,10.02206,5783971.0
2023-07-10,10.02206,10.42295,10.02206,10.365680000000001,20621394.0
2023-07-11,10.30841,10.42295,10.19387,10.30841,7639053.0
2023-07-12,10.30841,10.48021,10.25114,10.42295,12301174.0
2023-07-13,10.42295,10.709290000000001,10.42295,10.53748,9425325.0
2023-07-14,10.59475,10.65202,10.30841,10.42295,8639519.0
2023-07-17,10.42295,10.48021,10.30841,10.48021,7130329.0
2023-07-18,10.48021,10.53748,10.365680000000001,10.42295,5185750.0
2023-07-19,10.365680000000001,10.53748,10.19387,10.25114,8500025.0
2023-07-20,10.25114,10.42295,10.19387,10.365680000000001,5495687.0
2023-07-21,10.365680000000001,10.42295,10.25114,10.42295,5516087.0
2023-07-24,10.365680000000001,10.59475,10.365680000000001,10.59475,8979924.0
2023-07-25,10.59475,10.76656,10.48021,10.53748,9060909.0
2023-07-26,10.59475,10.59475,10.42295,10.48021,6452574.0
2023-07-27,10.53748,10.59475,10.365680000000001,10.53748,7545693.0
2023-07-28,10.48021,10.709290000000001,10.48021,10.65202,9773118.0
2023-07-31,10.76656,11.281979999999999,10.65202,11.22471,21688912.0
2023-08-01,11.0529,11.453790000000001,11.0529,11.11017,14061966.0
2023-08-02,11.167440000000001,11.85467,11.0529,11.62559,19082380.0
2023-08-03,11.511059999999999,11.7974,11.33925,11.511059999999999,13080902.0
2023-08-04,11.56832,11.740129999999999,11.511059999999999,11.68286,8214047.0
2023-08-07,11.740129999999999,11.969209999999999,11.62559,11.740129999999999,6997561.0
2023-08-08,11.740129999999999,11.85467,11.56832,11.68286,8123416.0
2023-08-09,11.740129999999999,11.911940000000001,11.56832,11.740129999999999,8033863.0
2023-08-10,11.7974,12.08374,11.740129999999999,11.911940000000001,13466453.0
2023-08-11,11.911940000000001,12.14101,11.740129999999999,11.911940000000001,11037636.0
2023-08-14,11.969209999999999,11.969209999999999,11.7974,11.911940000000001,7127507.0
2023-08-15,11.969209999999999,12.02648,11.62559,11.7974,11720568.0
2023-08-16,11.740129999999999,11.7974,11.511059999999999,11.56832,12192930.0
2023-08-17,11.62559,11.62559,11.511059999999999,11.56832,8273853.0
2023-08-18,11.56832,11.62559,10.53748,10.76656,18082084.0
2023-08-21,11.0529,11.0529,10.65202,10.995629999999998,8260499.0
2023-08-22,11.18023,11.18023,10.526069999999999,11.00182,7180376.0
2023-08-23,11.00182,11.061290000000001,10.882879999999998,10.882879999999998,5442547.0
2023-08-24,10.882879999999998,11.00182,10.76394,11.00182,4933378.0
2023-08-25,11.00182,11.18023,10.882879999999998,11.061290000000001,6693129.0
2023-08-28,11.00182,11.35864,10.942350000000001,11.29917,7400093.0
2023-08-29,11.35864,11.537040000000001,11.239700000000001,11.47757,8245299.0
2023-08-30,11.47757,11.59651,11.35864,11.537040000000001,5928387.0
2023-08-31,11.537040000000001,11.65598,11.47757,11.65598,6862677.0
2023-09-05,11.71545,12.012799999999999,11.71545,11.95333,10252234.0
2023-09-06,11.95333,12.310139999999999,11.95333,12.310139999999999,14871798.0
2023-09-07,12.310139999999999,12.42908,12.19121,12.310139999999999,8677468.0
2023-09-08,12.310139999999999,12.7859,12.19121,12.72643,12897232.0
2023-09-11,12.72643,13.02378,12.310139999999999,12.36961,12969383.0
2023-09-12,12.60749,12.72643,12.310139999999999,12.72643,10105402.0
2023-09-13,12.72643,13.38059,12.66696,13.20218,20258691.0
2023-09-14,13.20218,13.32112,12.66696,12.7859,13368880.0
2023-09-15,13.02378,13.49953,12.90484,13.14271,11404344.0
2023-09-18,13.38059,13.38059,12.7859,12.96431,8867667.0
2023-09-19,12.96431,13.08325,12.66696,13.02378,7289899.0
2023-09-20,12.96431,13.08325,12.84537,12.96431,7644676.0
2023-09-21,12.96431,13.20218,12.72643,12.72643,11003584.0
2023-09-22,12.84537,12.90484,12.19121,12.42908,14915642.0
2023-09-25,12.19121,12.90484,12.19121,12.60749,15506680.0
2023-09-26,12.66696,12.66696,12.13174,12.25067,9517371.0
2023-09-27,12.310139999999999,12.84537,12.07227,12.84537,13197907.0
2023-09-28,12.84537,13.32112,12.84537,13.32112,15847570.0
2023-09-29,13.14271,13.26165,12.84537,12.96431,8851947.0
2023-10-02,12.90484,13.02378,12.66696,12.84537,8266587.0
2023-10-03,12.72643,12.72643,12.07227,12.25067,19955286.0
2023-10-04,12.19121,12.42908,11.95333,12.310139999999999,8571120.0
2023-10-05,12.13174,12.13174,11.71545,11.834389999999999,14262588.0
2023-10-06,11.89386,11.89386,11.47757,11.834389999999999,9790614.0
2023-10-09,12.07227,12.36961,12.07227,12.25067,10609155.0
2023-10-10,12.310139999999999,12.548020000000001,12.25067,12.310139999999999,11109812.0
2023-10-11,12.42908,12.84537,12.310139999999999,12.66696,10692343.0
2023-10-12,12.60749,12.60749,12.310139999999999,12.42908,6985556.0
2023-10-13,12.36961,12.72643,12.25067,12.60749,8072932.0
2023-10-16,12.7859,13.08325,12.72643,12.7859,12557985.0
2023-10-17,12.90484,12.90484,12.13174,12.36961,11430537.0
2023-10-18,12.42908,12.548020000000001,11.89386,12.310139999999999,11904210.0
2023-10-19,12.310139999999999,12.36961,11.834389999999999,12.012799999999999,7202756.0
2023-10-20,11.95333,12.36961,11.89386,12.310139999999999,6492927.0
2023-10-23,12.19121,12.36961,11.834389999999999,12.07227,5232861.0
2023-10-24,12.07227,12.13174,11.71545,11.95333,6976011.0
2023-10-25,11.89386,11.95333,11.47757,11.537040000000001,11346260.0
2023-10-26,11.537040000000001,11.65598,10.526069999999999,10.76394,16621666.0
2023-10-27,10.76394,11.061290000000001,10.645,11.061290000000001,6784439.0
2023-10-30,11.00182,11.061290000000001,10.58553,10.58553,5293643.0
2023-10-31,10.58553,10.882879999999998,10.22872,10.34766,10409215.0
2023-11-01,10.28819,10.76394,10.22872,10.704469999999999,7000012.0
2023-11-02,10.76394,11.18023,10.704469999999999,11.12076,10619217.0
2023-11-03,11.239700000000001,11.239700000000001,10.942350000000001,11.061290000000001,6803075.0
2023-11-06,11.061290000000001,11.12076,10.882879999999998,11.061290000000001,4933279.0
2023-11-07,11.061290000000001,11.4181,10.942350000000001,11.061290000000001,8804768.0
2023-11-08,11.00182,11.47757,10.882879999999998,11.4181,12956017.0
2023-11-09,11.47757,11.47757,11.239700000000001,11.35864,6937834.0
2023-11-10,11.29917,11.35864,11.12076,11.12076,7613038.0
2023-11-13,11.12076,11.35864,11.061290000000001,11.29917,6090829.0
2023-11-14,11.29917,11.537040000000001,11.239700000000001,11.4181,6253421.0
2023-11-15,11.537040000000001,11.65598,11.35864,11.47757,7031659.0
2023-11-16,11.47757,11.537040000000001,11.239700000000001,11.537040000000001,6888382.0
2023-11-17,11.4181,11.537040000000001,11.00182,11.061290000000001,12438506.0
2023-11-20,11.00182,11.12076,10.882879999999998,11.12076,5286620.0
2023-11-21,11.12076,11.4181,11.12076,11.4181,7579993.0
2023-11-22,11.47757,11.537040000000001,11.239700000000001,11.4181,6451811.0
2023-11-23,11.35864,11.59651,11.12076,11.18023,13354857.0
2023-11-24,11.29917,11.35864,10.942350000000001,11.29917,6833498.0
2023-11-27,11.18023,11.29917,11.061290000000001,11.12076,3429255.0
2023-11-28,11.18023,11.29917,10.882879999999998,11.061290000000001,5132099.0
2023-11-29,11.12076,11.35864,11.12076,11.29917,6431397.0
2023-11-30,11.29917,11.4181,11.18023,11.18023,5577909.0
2023-12-01,11.239700000000001,11.29917,11.12076,11.29917,3484370.0
2023-12-04,11.239700000000001,11.59651,11.239700000000001,11.47757,13308264.0
2023-12-05,11.47757,11.71545,11.4181,11.47757,11249500.0
2023-12-06,11.537040000000001,11.59651,11.35864,11.537040000000001,5510239.0
2023-12-07,11.47757,11.537040000000001,11.12076,11.239700000000001,10654678.0
2023-12-08,11.239700000000001,11.29917,11.18023,11.29917,3873238.0
2023-12-11,11.239700000000001,11.35864,11.18023,11.29917,2799385.0
2023-12-12,11.18023,11.35864,11.18023,11.35864,4330628.0
2023-12-13,11.35864,11.35864,11.061290000000001,11.12076,6434069.0
2023-12-14,11.18023,11.239700000000001,10.882879999999998,10.942350000000001,5150668.0
2023-12-15,10.942350000000001,11.061290000000001,10.942350000000001,11.00182,4157732.0
2023-12-18,11.00182,11.061290000000001,10.76394,10.823409999999999,3252146.0
2023-12-19,10.882879999999998,10.942350000000001,10.76394,10.942350000000001,3004408.0
2023-12-20,10.942350000000001,11.061290000000001,10.942350000000001,11.061290000000001,2453896.0
2023-12-21,11.061290000000001,11.061290000000001,10.882879999999998,11.00182,1729780.0
2023-12-22,10.942350000000001,11.061290000000001,10.882879999999998,10.882879999999998,2755004.0
2023-12-25,10.942350000000001,11.12076,10.942350000000001,11.061290000000001,3106134.0
2023-12-26,11.061290000000001,11.12076,10.942350000000001,11.061290000000001,2394053.0
2023-12-27,11.00182,11.18023,11.00182,11.061290000000001,2137432.0
2023-12-28,11.061290000000001,11.061290000000001,10.942350000000001,11.00182,3093256.0
2023-12-29,11.00182,11.061290000000001,10.942350000000001,11.061290000000001,3245104.0
2024-01-02,11.061290000000001,11.239700000000001,11.00182,11.061290000000001,5239081.0
2024-01-03,11.061290000000001,11.12076,11.00182,11.12076,3452937.0
2024-01-04,11.12076,11.29917,11.061290000000001,11.18023,9768360.0
2024-01-05,11.12076,11.35864,11.12076,11.239700000000001,4182924.0
2024-01-08,11.239700000000001,11.35864,11.12076,11.18023,4131159.0
2024-01-09,11.239700000000001,11.239700000000001,10.942350000000001,10.942350000000001,9344971.0
2024-01-10,11.00182,11.061290000000001,10.823409999999999,10.942350000000001,4959307.0
2024-01-11,10.942350000000001,11.00182,10.823409999999999,11.00182,4676011.0
2024-01-12,10.942350000000001,11.061290000000001,10.823409999999999,10.942350000000001,5929875.0
2024-01-15,10.942350000000001,11.00182,10.882879999999998,10.942350000000001,2205020.0
2024-01-16,10.942350000000001,10.942350000000001,10.823409999999999,10.942350000000001,2557194.0
2024-01-17,10.942350000000001,11.00182,10.823409999999999,10.942350000000001,2949870.0
2024-01-18,10.942350000000001,11.12076,10.882879999999998,11.061290000000001,5249597.0
2024-01-19,11.00182,11.18023,11.00182,11.12076,5228233.0
2024-01-22,11.12076,11.18023,11.00182,11.18023,4197213.0
2024-01-23,11.061290000000001,11.239700000000001,11.061290000000001,11.18023,2502051.0
2024-01-24,11.18023,11.29917,11.061290000000001,11.239700000000001,6577760.0
2024-01-25,11.239700000000001,11.29917,11.061290000000001,11.18023,1944665.0
2024-01-26,11.239700000000001,11.35864,11.18023,11.29917,6685936.0
2024-01-29,11.29917,11.4181,11.239700000000001,11.35864,3550658.0
2024-01-30,11.35864,11.35864,11.18023,11.35864,3446798.0
2024-01-31,11.29917,11.4181,11.12076,11.12076,3983184.0
2024-02-01,11.12076,11.18023,11.00182,11.061290000000001,4432466.0
2024-02-02,11.12076,11.12076,11.00182,11.061290000000001,3056179.0
2024-02-05,11.061290000000001,11.12076,10.882879999999998,11.00182,4435152.0
2024-02-06,11.00182,11.061290000000001,10.942350000000001,11.061290000000001,2856860.0
2024-02-07,11.061290000000001,11.12076,10.942350000000001,11.061290000000001,3537939.0
2024-02-15,11.061290000000001,11.29917,11.061290000000001,11.18023,5430167.0
2024-02-16,11.239700000000001,11.29917,11.12076,11.239700000000001,2716343.0
2024-02-19,11.239700000000001,11.89386,11.239700000000001,11.89386,21849084.0
2024-02-20,11.89386,11.95333,11.65598,11.71545,5248660.0
2024-02-21,11.77492,11.77492,11.537040000000001,11.65598,6044434.0
2024-02-22,11.65598,11.89386,11.59651,11.71545,6404703.0
2024-02-23,11.71545,11.71545,11.29917,11.47757,7896552.0
2024-02-26,11.47757,11.537040000000001,11.239700000000001,11.4181,5726230.0
2024-02-27,11.35864,11.834389999999999,11.35864,11.71545,10916724.0
2024-02-28,11.71545,12.19121,11.71545,12.012799999999999,13628302.0
2024-02-29,12.012799999999999,12.07227,11.65598,11.834389999999999,6275188.0
2024-03-01,11.89386,11.89386,11.65598,11.89386,5346991.0
2024-03-04,11.89386,12.07227,11.77492,11.834389999999999,6286609.0
2024-03-05,11.89386,11.89386,11.65598,11.834389999999999,5003426.0
2024-03-06,11.71545,11.834389999999999,11.47757,11.65598,6556126.0
2024-03-07,11.65598,11.77492,11.537040000000001,11.77492,5122716.0
2024-03-08,11.77492,11.89386,11.47757,11.537040000000001,5835857.0
2024-03-11,11.537040000000001,11.59651,11.35864,11.4181,4053764.0
2024-03-12,11.4181,11.47757,11.239700000000001,11.239700000000001,5846788.0
2024-03-13,11.29917,11.47757,11.239700000000001,11.47757,5973135.0
2024-03-14,11.47757,11.65598,11.35864,11.537040000000001,8186911.0
2024-03-15,11.59651,11.65598,11.35864,11.537040000000001,5265234.0
2024-03-18,11.537040000000001,11.59651,10.942350000000001,11.18023,9552625.0
2024-03-19,11.239700000000001,11.29917,11.12076,11.29917,4397243.0
2024-03-20,11.35864,11.4181,11.18023,11.4181,4702702.0
2024-03-21,11.4181,11.47757,11.29917,11.4181,4757134.0
2024-03-22,11.47757,11.47757,11.29917,11.47757,6758256.0
2024-03-25,11.47757,11.65598,11.29917,11.4181,6291374.0
2024-03-26,11.4181,11.537040000000001,11.35864,11.537040000000001,4406087.0
2024-03-27,11.537040000000001,11.65598,11.4181,11.537040000000001,4566904.0
2024-03-28,11.537040000000001,11.537040000000001,11.35864,11.537040000000001,3693745.0
2024-03-29,11.4181,11.59651,11.29917,11.47757,4767428.0
2024-04-01,11.537040000000001,11.59651,11.35864,11.47757,4873828.0
2024-04-02,11.47757,11.71545,11.35864,11.71545,10264049.0
2024-04-03,11.71545,12.012799999999999,11.65598,11.77492,13637359.0
2024-04-04,11.71545,11.834389999999999,11.537040000000001,11.537040000000001,8100669.0
2024-04-05,11.537040000000001,12.13174,11.47757,11.834389999999999,23948866.0
2024-04-08,11.834389999999999,11.89386,11.71545,11.77492,6594846.0
2024-04-09,11.77492,11.89386,11.71545,11.834389999999999,7991839.0
2024-04-10,11.834389999999999,11.834389999999999,11.537040000000001,11.59651,7411512.0
2024-04-11,11.59651,11.71545,11.47757,11.71545,5179154.0
2024-04-12,11.77492,11.77492,11.537040000000001,11.71545,4704334.0
2024-04-15,11.71545,12.012799999999999,11.239700000000001,11.239700000000001,17183894.0
2024-04-16,11.18023,11.4181,11.00182,11.4181,6978942.0
2024-04-17,11.29917,11.35864,10.942350000000001,11.061290000000001,7504035.0
2024-04-19,11.061290000000001,11.239700000000001,10.704469999999999,10.704469999999999,9489848.0
2024-04-22,10.76394,10.942350000000001,10.704469999999999,10.823409999999999,5164495.0
2024-04-23,10.823409999999999,11.00182,10.645,10.76394,3398734.0
2024-04-24,10.76394,10.942350000000001,10.704469999999999,10.882879999999998,3829875.0
2024-04-25,10.942350000000001,10.942350000000001,10.645,10.823409999999999,4492681.0
2024-04-26,10.704469999999999,10.823409999999999,10.645,10.76394,2648207.0
2024-05-02,10.704469999999999,10.76394,10.58553,10.76394,2829453.0
2024-05-03,10.76394,10.882879999999998,10.704469999999999,10.823409999999999,4107518.0
2024-05-06,10.823409999999999,11.239700000000001,10.823409999999999,11.18023,9202610.0
2024-05-07,11.18023,11.35864,11.12076,11.239700000000001,6108819.0
2024-05-08,11.29917,11.59651,11.12076,11.47757,7565014.0
2024-05-09,11.47757,11.537040000000001,11.29917,11.35864,4065217.0
2024-05-10,11.35864,11.4181,11.12076,11.29917,4968859.0
2024-05-13,11.29917,11.35864,11.12076,11.18023,3653797.0
2024-05-14,11.18023,11.4181,11.12076,11.29917,3394746.0
2024-05-15,11.29917,11.35864,11.239700000000001,11.29917,2929128.0
2024-05-16,11.35864,11.71545,11.29917,11.59651,11631395.0
2024-05-17,11.59651,11.71545,11.59651,11.65598,6803393.0
2024-05-20,11.71545,12.012799999999999,11.65598,11.834389999999999,8481325.0
2024-05-21,11.834389999999999,11.89386,11.65598,11.89386,6688138.0
2024-05-22,11.834389999999999,13.08325,11.834389999999999,12.84537,28921943.0
2024-05-23,12.84537,13.677940000000001,12.7859,13.38059,18968021.0
2024-05-24,13.49953,13.91582,13.08325,13.440059999999999,23007794.0
2024-05-27,13.440059999999999,13.677940000000001,13.14271,13.440059999999999,8218337.0
2024-05-28,13.440059999999999,13.91582,13.440059999999999,13.85635,11742399.0
2024-05-29,13.91582,14.3321,13.677940000000001,13.73741,14753508.0
2024-05-30,13.73741,13.85635,13.26165,13.677940000000001,15809593.0
2024-05-31,13.618469999999999,13.677940000000001,13.38059,13.559,5052769.0
2024-06-03,13.559,13.91582,13.559,13.73741,7137857.0
2024-06-04,13.79688,14.153690000000001,13.559,13.85635,12937499.0
2024-06-05,13.85635,14.03475,13.618469999999999,13.85635,9316033.0
2024-06-06,13.85635,14.45104,13.79688,14.09422,14451743.0
2024-06-07,14.09422,14.3321,13.91582,14.09422,6486388.0
2024-06-10,14.153690000000001,14.27263,13.85635,13.91582,5943765.0
2024-06-11,14.03475,14.09422,13.618469999999999,13.79688,10520205.0
2024-06-12,13.677940000000001,13.85635,13.559,13.79688,8481873.0
2024-06-13,13.91582,14.21316,13.677940000000001,13.79688,6046291.0
2024-06-14,13.73741,14.09422,13.49953,13.559,13425402.0
2024-06-17,13.559,13.85635,13.49953,13.85635,8478220.0
2024-06-18,13.85635,14.56998,13.79688,14.45104,21646447.0
2024-06-19,14.45104,14.62945,14.153690000000001,14.51051,10818857.0
2024-06-20,14.51051,14.80785,14.3321,14.56998,11158135.0
2024-06-21,14.56998,14.748389999999999,14.09422,14.3321,13333849.0
2024-06-24,14.27263,14.27263,13.49953,13.677940000000001,17718742.0
2024-06-25,13.677940000000001,13.73741,13.26165,13.559,11495470.0
2024-06-26,13.559,13.85635,13.440059999999999,13.73741,6284543.0
2024-06-27,13.73741,13.73741,13.32112,13.440059999999999,7539351.0
2024-06-28,13.14271,13.49953,12.19121,12.90484,12866626.0
2024-07-01,13.02378,13.14271,12.7859,13.14271,7745564.0
2024-07-02,13.20218,13.559,13.02378,13.20218,5526836.0
2024-07-03,13.20218,13.32112,13.02378,13.14271,5599434.0
2024-07-04,13.14271,13.677940000000001,13.14271,13.559,10831586.0
2024-07-05,13.559,13.618469999999999,13.38059,13.559,4600040.0
2024-07-08,13.677940000000001,13.85635,13.440059999999999,13.79688,9559458.0
2024-07-09,13.85635,14.27263,13.73741,14.21316,15113596.0
2024-07-10,14.153690000000001,14.45104,13.91582,14.03475,9975049.0
2024-07-11,14.03475,14.21316,13.79688,13.91582,7684307.0
2024-07-12,13.91582,14.27263,13.85635,14.21316,10657877.0
2024-07-15,14.21316,14.51051,14.153690000000001,14.39157,10297634.0
2024-07-16,14.39157,14.45104,13.975280000000001,14.03475,8649308.0
2024-07-17,14.03475,14.09422,12.96431,13.440059999999999,17212272.0
2024-07-18,13.618469999999999,13.79688,13.32112,13.677940000000001,8289224.0
2024-07-19,13.73741,13.85635,13.38059,13.49953,6817435.0
2024-07-22,13.49953,13.618469999999999,13.08325,13.20218,8676843.0
2024-07-23,13.26165,13.32112,12.60749,12.66696,12590333.0
2024-07-24,12.48855,12.90484,12.36961,12.7859,7433488.0
2024-07-25,12.66696,13.14271,12.60749,12.90484,5265019.0
2024-07-26,12.7859,13.14271,12.7859,13.08325,4205350.0
2024-07-29,13.20218,13.26165,12.96431,13.08325,3353199.0
2024-07-30,12.72643,13.08325,12.19121,12.84537,5910766.0
2024-07-31,13.02378,13.79688,12.7859,13.559,16418439.0
2024-08-01,13.677940000000001,13.85635,13.14271,13.32112,8712671.0
2024-08-02,13.32112,13.38059,12.90484,13.32112,9197285.0
2024-08-05,13.08325,13.559,12.7859,12.90484,11918393.0
2024-08-06,12.90484,13.26165,12.90484,13.20218,5425892.0
2024-08-07,13.20218,13.618469999999999,13.08325,13.49953,10934356.0
2024-08-08,13.49953,13.85635,13.38059,13.618469999999999,12465813.0
2024-08-09,13.618469999999999,13.79688,13.440059999999999,13.79688,7842998.0
2024-08-12,13.79688,14.153690000000001,13.73741,13.79688,7649366.0
2024-08-13,14.03475,14.3321,13.79688,13.975280000000001,13731966.0
2024-08-14,14.03475,14.03475,13.618469999999999,13.73741,9091307.0
2024-08-15,13.677940000000001,13.79688,13.559,13.618469999999999,5421651.0
2024-08-16,13.618469999999999,14.45104,13.618469999999999,14.3321,19056027.0
2024-08-19,14.27263,14.748389999999999,14.27263,14.3321,9765823.0
2024-08-20,14.3321,14.45104,14.153690000000001,14.3321,11817786.0
2024-08-21,14.45104,14.748389999999999,14.27263,14.45104,14968212.0
2024-08-22,14.45104,14.62945,14.27263,14.45104,5828313.0
2024-08-23,14.39157,14.45104,14.153690000000001,14.27263,7064781.0
2024-08-26,14.27263,14.51051,14.153690000000001,14.21316,7876483.0
2024-08-27,14.27263,14.45104,14.153690000000001,14.45104,7654805.0
2024-08-28,14.45104,14.56998,14.27263,14.3321,5745850.0
2024-08-29,14.3321,14.39157,14.153690000000001,14.21316,3465005.0
2024-08-30,14.21316,14.3321,14.153690000000001,14.21316,4111638.0
2024-09-04,14.09422,14.21316,13.85635,13.85635,8180865.0
2024-09-05,13.91582,14.03475,13.559,13.73741,7489946.0
2024-09-06,13.73741,13.85635,13.49953,13.73741,5171330.0
2024-09-09,13.73741,13.975280000000001,13.618469999999999,13.91582,6413352.0
2024-09-10,13.975280000000001,14.03475,13.677940000000001,13.85635,5457714.0
2024-09-11,13.79688,13.85635,13.618469999999999,13.85635,4870496.0
2024-09-12,13.85635,13.91582,13.79688,13.91582,3589723.0
2024-09-13,13.91582,13.975280000000001,13.677940000000001,13.79688,5162851.0
2024-09-16,13.73741,13.85635,13.73741,13.79688,3621124.0
2024-09-17,13.79688,14.153690000000001,13.73741,14.09422,5267605.0
2024-09-18,14.21316,14.21316,13.91582,14.03475,3776846.0
2024-09-19,14.03475,14.09422,13.85635,13.975280000000001,3579011.0
2024-09-20,13.975280000000001,14.39157,13.91582,14.21316,10812942.0
2024-09-23,14.21316,14.39157,14.153690000000001,14.21316,3371103.0
2024-09-24,14.21316,14.3321,14.09422,14.27263,4834348.0
2024-09-25,14.27263,14.45104,14.21316,14.3321,5814383.0
2024-09-26,14.39157,15.045729999999999,14.3321,14.748389999999999,16143770.0
2024-09-27,14.748389999999999,14.80785,14.45104,14.56998,5806804.0
2024-09-30,14.62945,14.62945,14.27263,14.3321,8013770.0
2024-10-01,14.3321,14.51051,14.21316,14.27263,7455385.0
2024-10-02,14.21316,14.62945,13.677940000000001,14.45104,7431895.0
2024-10-03,14.45104,14.51051,14.153690000000001,14.21316,7259874.0
2024-10-04,14.3321,14.51051,14.153690000000001,14.27263,4954264.0
2024-10-07,14.27263,14.45104,14.21316,14.45104,3206762.0
2024-10-08,14.45104,14.68892,14.39157,14.51051,6343669.0
2024-10-09,14.45104,14.51051,14.27263,14.45104,5393848.0
2024-10-10,14.39157,14.51051,14.3321,14.45104,5691873.0
2024-10-11,14.45104,14.68892,14.39157,14.51051,6886297.0
2024-10-14,14.81681,14.81681,14.327,14.44945,3510650.0
2024-10-15,14.38823,14.38823,13.89841,13.95964,10716050.0
2024-10-16,13.95964,14.08209,13.77596,13.89841,3777351.0
2024-10-17,13.83719,13.95964,13.59228,13.89841,5612828.0
2024-10-18,13.89841,13.95964,13.65351,13.77596,3172318.0
2024-10-21,13.89841,13.89841,13.34738,13.4086,4489036.0
2024-10-22,13.4086,13.53106,13.04124,13.04124,8779170.0
2024-10-23,13.04124,13.34738,13.04124,13.1637,2260350.0
2024-10-24,13.224920000000001,13.34738,13.1637,13.224920000000001,2658919.0
2024-10-25,13.224920000000001,13.28615,13.04124,13.102469999999999,2676629.0
2024-10-28,13.4086,13.4086,12.918790000000001,13.102469999999999,1965330.0
2024-10-29,13.04124,13.1637,12.98002,13.1637,2224877.0
2024-10-30,13.1637,13.28615,13.102469999999999,13.1637,1485252.0
2024-10-31,13.04124,13.04124,12.55143,12.98002,7030948.0
2024-11-01,12.918790000000001,12.98002,12.79634,12.79634,2180514.0
2024-11-04,12.79634,12.918790000000001,12.673879999999999,12.79634,2238401.0
2024-11-05,12.79634,12.85756,12.73511,12.79634,1391807.0
2024-11-06,12.85756,13.102469999999999,12.79634,13.102469999999999,2358263.0
2024-11-07,13.1637,13.1637,12.98002,13.04124,2075760.0
2024-11-08,13.04124,13.102469999999999,12.918790000000001,12.98002,2147464.0
2024-11-11,12.98002,12.98002,12.73511,12.79634,3233527.0
2024-11-12,12.79634,12.85756,12.55143,12.61266,3195981.0
2024-11-13,12.61266,12.61266,12.245299999999999,12.30653,5544474.0
2024-11-14,12.30653,12.36775,11.93917,11.93917,5670562.0
2024-11-15,11.93917,12.00039,11.57181,11.57181,5007187.0
2024-11-18,11.57181,11.75549,11.388129999999999,11.633030000000002,3418614.0
2024-11-19,11.51058,11.75549,11.44935,11.633030000000002,1660282.0
2024-11-20,11.633030000000002,11.87794,11.51058,11.87794,2917646.0
2024-11-21,11.87794,11.93917,11.75549,11.87794,1565913.0
2024-11-22,11.816709999999999,12.00039,11.75549,11.87794,2556331.0
2024-11-25,11.87794,11.93917,11.75549,11.93917,2063762.0
2024-11-26,11.93917,12.061620000000001,11.87794,12.00039,2363435.0
2024-11-27,12.00039,12.00039,11.75549,11.816709999999999,1699892.0
2024-11-28,11.816709999999999,12.18407,11.816709999999999,12.00039,3192172.0
2024-11-29,12.00039,12.061620000000001,11.93917,12.061620000000001,1416403.0
2024-12-02,12.061620000000001,12.061620000000001,11.87794,11.87794,1270104.0
2024-12-03,11.87794,11.93917,11.75549,11.87794,1752044.0
2024-12-04,11.816709999999999,12.00039,11.816709999999999,11.93917,2701304.0
2024-12-05,12.00039,12.30653,11.816709999999999,12.245299999999999,5602450.0
2024-12-06,12.245299999999999,12.85756,12.245299999999999,12.85756,9394517.0
2024-12-09,12.85756,13.102469999999999,12.73511,12.98002,5703081.0
2024-12-10,12.98002,13.102469999999999,12.918790000000001,13.04124,4509920.0
2024-12-11,12.918790000000001,13.102469999999999,12.85756,13.04124,3655332.0
2024-12-12,12.918790000000001,13.28615,12.85756,13.1637,3280453.0
2024-12-13,13.34738,14.02087,13.28615,13.77596,11398237.0
2024-12-16,13.77596,13.95964,13.34738,13.46983,4412393.0
2024-12-17,13.46983,13.53106,13.224920000000001,13.34738,3030367.0
2024-12-18,13.34738,13.714739999999999,13.28615,13.65351,3648896.0
2024-12-19,13.53106,13.65351,12.55143,13.53106,5530393.0
2024-12-20,13.28615,13.714739999999999,13.28615,13.714739999999999,3576195.0
2024-12-23,13.714739999999999,13.83719,13.53106,13.65351,2964424.0
2024-12-24,13.65351,13.714739999999999,13.46983,13.65351,3081961.0
2024-12-25,13.59228,13.77596,13.59228,13.714739999999999,3003907.0
2024-12-26,13.714739999999999,14.08209,13.65351,13.83719,5206674.0
2024-12-27,13.89841,13.95964,13.59228,13.65351,4179140.0
2024-12-30,13.65351,13.83719,13.59228,13.77596,2542557.0
2024-12-31,13.83719,14.08209,13.77596,13.95964,5591175.0
2025-01-02,13.95964,14.08209,13.77596,13.89841,3332030.0
2025-01-03,13.83719,13.89841,13.53106,13.53106,5023827.0
2025-01-06,13.714739999999999,13.95964,13.224920000000001,13.4086,4682451.0
2025-01-17,13.77596,13.77596,13.224920000000001,13.224920000000001,6048500.0
2025-01-20,13.224920000000001,13.255540000000002,12.85756,12.88818,3742887.0
2025-01-21,12.85756,12.85756,12.398370000000002,12.398370000000002,7431009.0
2025-01-22,12.30653,12.643270000000001,12.245299999999999,12.582040000000001,2779984.0
2025-01-23,12.52082,12.7045,12.49021,12.55143,1807988.0
2025-01-24,12.49021,12.52082,12.36775,12.42898,3057842.0
2025-02-03,12.36775,12.673879999999999,12.27591,12.673879999999999,2032827.0
2025-02-04,12.7045,12.79634,12.673879999999999,12.76572,2204486.0
2025-02-05,12.82695,12.82695,12.673879999999999,12.7045,1348977.0
2025-02-06,12.7045,12.73511,12.49021,12.55143,2053934.0
2025-02-07,12.55143,12.643270000000001,12.42898,12.45959,2532239.0
2025-02-10,12.45959,12.61266,12.36775,12.49021,1936963.0
2025-02-11,12.49021,12.52082,12.27591,12.36775,2866712.0
2025-02-12,12.36775,12.42898,12.30653,12.33714,1898066.0
2025-02-13,12.36775,12.36775,12.092229999999999,12.153459999999999,3537625.0
2025-02-14,12.18407,12.49021,12.18407,12.30653,3059432.0
2025-02-17,12.33714,12.36775,12.214690000000001,12.30653,2241293.0
2025-02-18,12.398370000000002,12.398370000000002,12.245299999999999,12.27591,2037844.0
2025-02-19,12.30653,12.55143,12.27591,12.49021,3248432.0
2025-02-20,12.49021,12.55143,12.398370000000002,12.398370000000002,1977713.0
2025-02-21,12.398370000000002,12.42898,12.27591,12.33714,2440037.0
2025-02-24,12.27591,12.33714,12.245299999999999,12.33714,2103762.0
2025-02-25,12.398370000000002,12.55143,12.33714,12.52082,3731300.0
2025-02-26,12.52082,12.55143,12.398370000000002,12.398370000000002,1830973.0
2025-02-27,12.36775,12.398370000000002,12.30653,12.398370000000002,2231531.0
2025-02-28,12.49021,12.7045,12.45959,12.52082,5280710.0
2025-03-03,12.49021,12.643270000000001,12.49021,12.61266,2319966.0
2025-03-04,12.61266,12.61266,12.42898,12.45959,2517815.0
2025-03-05,12.45959,12.49021,12.27591,12.27591,3300846.0
2025-03-06,12.27591,12.33714,12.00039,12.12285,6593842.0
2025-03-07,12.12285,12.27591,11.93917,12.18407,5031831.0
2025-03-10,12.214690000000001,12.245299999999999,12.061620000000001,12.092229999999999,2633423.0
2025-03-11,11.96978,12.00039,11.816709999999999,11.90855,3961081.0
2025-03-12,11.96978,12.092229999999999,11.90855,12.00039,3054312.0
2025-03-13,11.93917,12.03101,11.816709999999999,11.816709999999999,2869804.0
2025-03-14,11.816709999999999,11.816709999999999,11.57181,11.60242,5315741.0
2025-03-17,11.57181,11.84733,11.57181,11.816709999999999,2543934.0
2025-03-18,11.93917,12.398370000000002,11.87794,12.18407,6493375.0
2025-03-19,12.33714,12.33714,12.061620000000001,12.061620000000001,2794631.0
2025-03-20,12.061620000000001,12.092229999999999,11.87794,12.00039,2609032.0
2025-03-21,12.061620000000001,12.12285,11.93917,11.93917,1743674.0
2025-03-24,11.93917,11.93917,11.786100000000001,11.84733,1621859.0
2025-03-25,11.90855,12.03101,11.90855,11.90855,1210246.0
2025-03-26,11.93917,12.153459999999999,11.93917,12.03101,2318561.0
2025-03-27,12.061620000000001,12.092229999999999,11.96978,11.96978,1065011.0
2025-03-28,11.93917,12.03101,11.75549,11.75549,2375053.0
2025-03-31,11.724870000000001,11.75549,11.57181,11.60242,1940728.0
2025-04-01,11.816709999999999,12.00039,11.786100000000001,11.90855,1355786.0
2025-04-02,11.90855,11.93917,11.786100000000001,11.84733,931606.0
2025-04-03,11.29629,11.44935,11.02077,11.02077,5265569.0
2025-04-04,10.25544,10.4085,10.25544,10.25544,9220754.0
2025-04-08,9.55133,9.79624,9.55133,9.55133,2458498.0
2025-04-09,8.90846,9.183969999999999,8.90846,8.90846,9401659.0
2025-04-10,9.520719999999999,9.520719999999999,9.520719999999999,9.520719999999999,774392.0
2025-04-11,9.73501,9.91869,9.21459,9.88808,7795624.0
2025-04-14,10.04115,10.28605,9.85747,10.19421,4018078.0
2025-04-15,9.97992,10.10237,9.67379,9.76563,3763737.0
2025-04-16,9.61256,9.76563,9.55133,9.55133,3043864.0
2025-04-17,9.39827,9.64317,9.36765,9.64317,1633522.0
2025-04-18,9.73501,9.88808,9.73501,9.76563,2227506.0
2025-04-21,9.82685,9.82685,9.61256,9.61256,1405673.0
2025-04-22,9.61256,9.61256,8.96968,9.183969999999999,4808476.0
2025-04-23,9.58195,9.58195,9.36765,9.42888,1323437.0
2025-04-24,9.55133,9.76563,9.520719999999999,9.61256,2115590.0
2025-04-25,9.64317,10.010530000000001,9.64317,9.82685,3497186.0
2025-04-28,9.85747,9.88808,9.76563,9.88808,1455271.0
2025-04-29,9.88808,9.88808,9.73501,9.82685,1618719.0
2025-05-05,9.73501,9.85747,9.73501,9.85747,1917888.0
2025-05-06,9.88808,10.22482,9.88808,10.10237,3388898.0
2025-05-07,10.10237,10.806479999999999,10.10237,10.806479999999999,6783045.0
2025-05-08,11.11261,11.204450000000001,10.99016,10.99016,4451710.0
2025-05-09,11.02077,11.17384,10.89832,11.02077,2779549.0
2025-05-12,11.02077,11.14322,10.95954,11.11261,2233356.0
2025-05-13,11.204450000000001,11.235059999999999,11.05138,11.11261,2753507.0
2025-05-14,11.14322,11.204450000000001,11.02077,11.11261,2464376.0
2025-05-15,11.11261,11.14322,10.806479999999999,11.02077,3843871.0
2025-05-16,11.02077,11.02077,10.83709,10.867700000000001,1973712.0
2025-05-19,10.806479999999999,10.99016,10.68402,10.68402,2203410.0
2025-05-20,10.806479999999999,10.806479999999999,10.65341,10.68402,1204569.0
2025-05-21,10.74525,10.74525,10.46973,10.530959999999999,1939475.0
2025-05-22,10.530959999999999,10.83709,10.377889999999999,10.6228,2683431.0
2025-05-23,10.65341,10.83709,10.530959999999999,10.74525,1409771.0
2025-05-26,10.65341,10.83709,10.43912,10.77586,2325775.0
2025-05-27,10.806479999999999,10.89832,10.74525,10.806479999999999,2105448.0
2025-05-28,11.082,11.29629,11.02077,11.11261,5644125.0
2025-05-29,11.11261,11.17384,10.867700000000001,10.89832,1827650.0
2025-05-30,10.867700000000001,11.05138,10.56157,10.59218,3289410.0
2025-06-02,10.56157,10.99016,10.50034,10.95954,2989616.0
2025-06-03,11.02077,11.11261,10.806479999999999,10.83709,2334753.0
2025-06-04,10.89832,11.17384,10.867700000000001,10.99016,4251490.0
2025-06-05,11.02077,11.17384,10.89832,10.99016,2958409.0
2025-06-06,11.11261,11.204450000000001,10.99016,10.99016,4844093.0
2025-06-09,11.02077,11.082,10.77586,10.77586,2083502.0
2025-06-10,10.77586,10.867700000000001,10.65341,10.65341,2283835.0
2025-06-11,10.71464,10.74525,10.56157,10.6228,1906442.0
2025-06-12,10.867700000000001,10.867700000000001,10.68402,10.74525,1841128.0
2025-06-13,11.3269,11.3269,11.11261,11.3269,11036848.0
2025-06-16,11.84733,11.96978,11.724870000000001,11.93917,8799135.0
2025-06-17,11.87794,11.87794,11.388129999999999,11.633030000000002,6325421.0
2025-06-18,11.84733,11.87794,11.57181,11.66365,4577762.0
2025-06-19,11.75549,11.75549,11.357520000000001,11.51058,4257857.0
2025-06-20,11.57181,11.60242,11.204450000000001,11.26568,5143872.0
2025-06-23,11.96978,11.96978,11.47997,11.51058,8898473.0
2025-06-24,11.02077,11.204450000000001,10.95954,10.95954,6980994.0
2025-06-25,10.95954,11.02077,10.83709,10.867700000000001,2820344.0
2025-06-26,10.89832,10.928930000000001,10.806479999999999,10.89832,1738585.0
2025-06-27,10.928930000000001,10.95954,10.83709,10.867700000000001,2902597.0
2025-06-30,10.867700000000001,10.928930000000001,10.83709,10.928930000000001,2507690.0
2025-07-01,10.95954,10.95954,10.83709,10.89832,2098271.0
2025-07-02,10.89832,10.89832,10.83709,10.89832,1582821.0
2025-07-03,10.928930000000001,11.082,10.89832,10.928930000000001,2635225.0
2025-07-04,11.02077,11.14322,10.95954,10.99016,2621670.0
2025-07-07,10.99016,11.082,10.95954,10.99016,2588624.0
2025-07-08,11.05138,11.204450000000001,10.99016,11.17384,4965840.0
2025-07-09,11.26568,11.26568,11.14322,11.17384,3823007.0
2025-07-10,11.3269,11.57181,11.204450000000001,11.47997,7591658.0
2025-07-11,11.47997,11.51058,11.26568,11.29629,3710942.0
2025-07-14,11.388129999999999,11.388129999999999,11.14322,11.3269,3950393.0
2025-07-15,11.3269,11.51058,11.26568,11.29629,4979287.0
2025-07-16,11.29629,11.388129999999999,11.26568,11.357520000000001,2811669.0
2025-07-17,11.357520000000001,11.47997,11.3269,11.41874,5033713.0
2025-07-18,11.44935,11.786100000000001,11.3269,11.633030000000002,9336204.0
2025-07-21,11.724870000000001,11.724870000000001,11.357520000000001,11.388129999999999,4268303.0
2025-07-22,11.388129999999999,11.388129999999999,11.29629,11.388129999999999,3604101.0
2025-07-23,11.41874,11.633030000000002,11.357520000000001,11.41874,7297532.0
2025-07-24,11.57181,11.87794,11.41874,11.87794,13900948.0
2025-07-25,12.03101,12.36775,12.00039,12.12285,16049879.0
2025-07-28,12.30653,12.30653,12.03101,12.12285,15247385.0
2025-07-29,12.245299999999999,12.73511,12.03101,12.18407,22088130.0
2025-07-30,12.42898,12.49021,11.90855,12.03101,13002441.0
2025-07-31,12.245299999999999,12.49021,11.96978,12.49021,15236442.0
2025-08-01,12.949399999999999,13.1637,12.55143,12.673879999999999,18701567.0
2025-08-04,12.55143,12.88818,12.45959,12.55143,13160327.0
2025-08-05,12.673879999999999,12.79634,12.18407,12.49021,28025586.0
2025-08-06,12.643270000000001,13.34738,12.398370000000002,13.34738,27544001.0
2025-08-07,13.77596,13.77596,13.19431,13.4086,16104896.0
2025-08-08,13.439219999999999,13.99025,13.31676,13.77596,24588841.0
2025-08-11,13.95964,13.95964,13.500440000000001,13.56167,13866147.0
2025-08-12,13.714739999999999,14.05148,13.53106,14.05148,18178035.0
2025-08-13,13.867799999999999,14.17393,13.59228,13.77596,15384923.0
2025-08-14,13.929030000000001,13.95964,13.59228,13.929030000000001,13993045.0
2025-08-15,14.11271,14.87804,14.08209,14.87804,35216879.0
2025-08-18,15.91889,15.91889,15.82705,15.91889,11915151.0
2025-08-19,17.020970000000002,17.020970000000002,17.020970000000002,17.020970000000002,6047733.0
2025-08-20,17.51078,18.18427,16.4087,18.18427,60048015.0
2025-08-21,19.25573,19.25573,18.09243,18.306720000000002,17374640.0
2025-08-22,17.63323,18.33734,17.05158,17.05158,37074699.0
2025-08-25,17.20465,17.20465,15.88828,15.88828,26398863.0
2025-08-26,15.64337,16.806669999999997,15.64337,16.806669999999997,13998563.0
2025-08-27,16.95974,16.95974,16.19441,16.22502,18950149.0
2025-08-28,16.4087,16.714830000000003,16.163790000000002,16.62299,8112304.0
2025-08-29,16.83729,16.83729,16.22502,16.22502,16058088.0
2025-09-03,16.46993,17.14342,16.28625,16.867900000000002,11418009.0
2025-09-04,17.05158,17.14342,16.62299,16.74545,10761334.0
2025-09-05,16.898509999999998,17.602619999999998,16.62299,16.68422,16515476.0
2025-09-08,16.592380000000002,16.92913,15.582139999999999,15.582139999999999,15251951.0
2025-09-09,15.88828,15.88828,15.30662,15.82705,7854724.0
2025-09-10,16.13318,16.806669999999997,15.85766,16.592380000000002,14421871.0
2025-09-11,16.65361,16.77606,16.10257,16.53115,9571912.0
2025-09-12,16.68422,17.14342,16.62299,16.65361,9621978.0
2025-09-15,16.867900000000002,17.327099999999998,16.65361,17.20465,11864908.0
2025-09-16,17.35771,17.35771,16.74545,16.806669999999997,9661125.0
2025-09-17,16.77606,17.082189999999997,16.592380000000002,16.592380000000002,7383620.0
2025-09-18,16.68422,16.714830000000003,16.25563,16.439310000000003,7075455.0
2025-09-19,16.53115,16.53115,15.91889,15.91889,5919206.0
2025-09-22,16.04134,16.4087,15.64337,16.4087,9620613.0
2025-09-23,16.28625,16.46993,16.10257,16.46993,4458698.0
2025-09-24,16.4087,16.53115,16.19441,16.53115,3944870.0
2025-09-25,16.68422,17.327099999999998,16.592380000000002,17.11281,14592505.0
2025-09-26,17.14342,17.63323,16.83729,16.83729,10704418.0
2025-09-29,16.867900000000002,17.05158,16.4087,16.46993,5679051.0
2025-09-30,16.53115,16.53115,15.91889,16.04134,6883162.0
2025-10-01,16.07196,16.37809,16.07196,16.25563,2108143.0
2025-10-02,16.439310000000003,16.65361,16.163790000000002,16.28625,4627771.0
2025-10-03,16.37809,16.37809,15.91889,15.9495,5556279.0
2025-10-06,16.22502,16.714830000000003,15.980120000000001,16.68422,5055340.0
2025-10-07,16.74545,16.74545,16.163790000000002,16.163790000000002,4789216.0
2025-10-08,16.25563,16.439310000000003,15.980120000000001,16.28625,5699694.0
2025-10-09,16.53115,17.41894,16.53115,17.41894,21027176.0
2025-10-10,18.00059,18.306720000000002,17.75568,17.87814,15139555.0
2025-10-13,17.572,18.09243,17.572,17.66384,13749167.0
2025-10-14,17.69446,17.69446,17.14342,17.14342,17643900.0
2025-10-15,17.17403,17.572,17.17403,17.327099999999998,6712360.0
2025-10-16,17.54139,17.54139,17.11281,17.17403,7403385.0
2025-10-17,17.20465,17.572,16.95974,16.95974,8954428.0
2025-10-20,17.05158,17.296490000000002,15.79644,15.79644,13291898.0
2025-10-21,15.85766,16.28625,15.398459999999998,16.10257,8839654.0
2025-10-22,16.347469999999998,16.714830000000003,16.163790000000002,16.714830000000003,6039727.0
2025-10-23,17.020970000000002,17.17403,16.83729,16.898509999999998,6777599.0
2025-10-24,17.082189999999997,17.38832,16.56177,16.714830000000003,7779388.0
2025-10-27,16.898509999999998,16.95974,16.13318,16.13318,7739216.0
2025-10-28,16.01073,16.19441,15.582139999999999,15.91889,12889842.0
2025-10-29,17.007360000000002,17.007360000000002,17.007360000000002,17.007360000000002,4407595.0
2025-10-30,17.25456,17.25456,16.414080000000002,16.414080000000002,11951504.0
2025-10-31,16.414080000000002,16.957919999999998,16.364639999999998,16.46352,6825047.0
2025-11-03,16.61184,16.61184,15.820799999999998,15.820799999999998,5006972.0
2025-11-04,15.771360000000001,16.26576,14.930879999999998,16.117440000000002,9472264.0
2025-11-05,16.16688,16.957919999999998,15.96912,16.61184,10752420.0
2025-11-06,16.76016,16.76016,16.21632,16.3152,3851557.0
2025-11-07,16.3152,16.46352,15.67248,15.771360000000001,4681269.0
2025-11-10,15.771360000000001,15.96912,15.276959999999999,15.37584,3596748.0
2025-11-11,15.52416,15.623040000000001,15.22752,15.42528,2806907.0
2025-11-12,15.47472,15.771360000000001,15.47472,15.623040000000001,3272386.0
2025-11-13,15.623040000000001,16.364639999999998,15.52416,15.870239999999999,5696704.0
2025-11-14,15.820799999999998,16.01856,15.820799999999998,15.820799999999998,3084819.0
2025-11-17,16.01856,16.26576,15.820799999999998,16.26576,4620251.0
2025-11-18,16.364639999999998,16.364639999999998,16.01856,16.117440000000002,3171432.0
2025-11-19,16.117440000000002,16.3152,15.820799999999998,16.01856,3357094.0
2025-11-20,16.117440000000002,16.117440000000002,15.72192,15.870239999999999,2151818.0
2025-11-21,15.820799999999998,15.820799999999998,15.52416,15.623040000000001,2923061.0
2025-11-24,15.623040000000001,15.771360000000001,15.37584,15.37584,3115284.0
2025-11-25,15.5736,15.67248,15.22752,15.22752,3937274.0
2025-11-26,15.37584,15.771360000000001,15.3264,15.52416,3228437.0
2025-11-27,15.67248,15.72192,15.3264,15.3264,3204426.0
2025-11-28,15.42528,15.623040000000001,15.3264,15.3264,2415817.0
2025-12-01,15.37584,15.47472,15.22752,15.22752,2216429.0
2025-12-02,15.22752,15.276959999999999,14.733120000000001,15.0792,5156354.0
2025-12-03,15.128639999999999,15.22752,14.930879999999998,15.128639999999999,2749997.0
2025-12-04,15.17808,15.3264,15.128639999999999,15.276959999999999,2920945.0
2025-12-05,15.3264,15.3264,15.02976,15.02976,2151931.0
2025-12-08,14.930879999999998,15.02976,14.68368,14.733120000000001,8556751.0
2025-12-09,14.733120000000001,14.733120000000001,14.13984,14.28816,9007047.0
2025-12-10,14.28816,14.38704,14.13984,14.238719999999999,3518826.0
2025-12-11,14.3376,14.43648,14.040959999999998,14.090399999999999,2847002.0
2025-12-12,14.090399999999999,14.18928,13.348799999999999,13.348799999999999,6888887.0
2025-12-15,13.348799999999999,14.238719999999999,13.348799999999999,14.238719999999999,11552788.0
2025-12-16,14.43648,15.22752,14.3376,15.22752,16715191.0
2025-12-17,15.37584,15.623040000000001,14.930879999999998,15.0792,7124671.0
2025-12-18,15.128639999999999,15.42528,14.53536,14.78256,7427662.0
2025-12-19,14.980319999999999,15.771360000000001,14.63424,15.771360000000001,24811814.0
2025-12-22,15.67248,16.26576,15.42528,16.26576,13354196.0
2025-12-23,16.21632,16.46352,15.870239999999999,16.01856,9973871.0
2025-12-24,16.068,16.3152,15.820799999999998,15.96912,6634472.0
2025-12-25,15.96912,16.068,15.67248,15.72192,5383161.0
2025-12-26,15.72192,16.117440000000002,15.52416,16.068,11699098.0
2025-12-29,16.21632,16.957919999999998,16.068,16.51296,17533097.0
2025-12-30,16.710720000000002,16.710720000000002,16.01856,16.01856,7357052.0
2025-12-31,16.117440000000002,16.16688,15.91968,15.91968,5373267.0
2026-01-05,16.414080000000002,16.76016,15.96912,16.068,16556474.0
2026-01-06,16.01856,16.90848,16.01856,16.61184,20510699.0
2026-01-07,16.710720000000002,17.74896,16.5624,17.74896,31433909.0
2026-01-08,18.63888,18.984959999999997,18.0456,18.39168,44633589.0
2026-01-09,18.490560000000002,19.67712,18.490560000000002,19.47936,38858274.0
2026-01-12,19.87488,20.61648,18.83664,19.38048,34135352.0
2026-01-13,19.42992,20.71536,19.281599999999997,20.71536,46716496.0
2026-01-14,21.35808,21.65472,20.17152,21.16032,38341120.0
2026-01-15,20.7648,21.35808,20.270400000000002,20.46816,29745501.0
2026-01-16,20.61648,21.40752,19.776,19.924319999999998,32279700.0
2026-01-19,20.0232,20.86368,19.82544,20.567040000000002,22542861.0
2026-01-20,20.7648,21.012,20.46816,20.517599999999998,23635192.0
2026-01-21,20.220959999999998,21.95136,20.07264,21.95136,40811689.0
2026-01-22,22.89072,22.94016,21.7536,21.95136,31693995.0
2026-01-23,22.000799999999998,22.09968,20.41872,20.41872,40771644.0
2026-01-26,20.66592,21.30864,20.31984,20.61648,24357539.0
2026-01-27,20.66592,21.7536,20.41872,21.2592,22613815.0
2026-01-28,21.7536,22.7424,21.2592,21.65472,41700560.0
2026-01-29,21.7536,21.80304,20.86368,21.60528,16731926.0
2026-01-30,22.248,22.64352,21.80304,22.14912,22240165.0
2026-02-02,22.44576,23.63232,22.14912,23.63232,32578937.0
2026-02-03,24.02784,24.52224,23.63232,23.63232,23696368.0
2026-02-04,23.53344,24.2256,23.137919999999998,23.78064,18201007.0
2026-02-05,24.27504,24.86832,23.87952,24.126720000000002,24560491.0
2026-02-06,23.53344,25.16496,22.94016,24.27504,31379535.0
2026-02-09,24.72,24.81888,24.126720000000002,24.37392,10425468.0
2026-02-10,24.32448,24.86832,22.69296,22.841279999999998,37338346.0
2026-02-11,22.841279999999998,23.43456,22.14912,23.18736,13802312.0
2026-02-12,23.53344,24.126720000000002,23.53344,23.63232,10955504.0
2026-02-13,23.681759999999997,24.52224,23.43456,24.2256,13380448.0
2026-02-23,25.01664,25.906560000000002,24.81888,25.906560000000002,14448115.0
2026-02-24,26.54928,27.686400000000003,26.49984,27.686400000000003,31850960.0
2026-02-25,28.37856,29.61456,27.192,29.021279999999997,26394308.0
2026-02-26,28.97184,29.664,28.03248,29.664,23320434.0
2026-02-27,30.20784,31.641599999999997,29.861759999999997,30.85056,18228460.0
2026-03-02,32.97648,32.97648,32.97648,32.97648,4117317.0
2026-03-03,35.25072,35.25072,31.69104,35.25072,49125141.0
2026-03-04,35.69568,37.52496,33.71808,37.42608,27490395.0
2026-03-05,37.42608,38.01936,35.20128,35.20128,27460577.0
2026-03-06,35.39904,37.37664,35.300160000000005,36.635040000000004,21605140.0
2026-03-09,39.15648,39.15648,35.69568,35.69568,35642204.0
2026-03-10,35.05296,37.475519999999996,33.322559999999996,33.421440000000004,31825789.0
2026-03-11,33.1248,35.74512,32.58096,35.74512,19061450.0
2026-03-12,36.882239999999996,37.574400000000004,36.0912,37.37664,17288659.0
2026-03-13,37.8216,39.0576,34.80576,34.80576,35706861.0
2026-03-16,34.65744,34.65744,32.3832,32.3832,18131466.0
2026-03-17,31.542720000000003,32.3832,30.1584,30.1584,16598687.0
2026-03-18,28.13136,32.234880000000004,28.13136,30.306720000000002,37140164.0
2026-03-19,31.542720000000003,31.641599999999997,28.97184,28.97184,16078548.0
2026-03-20,28.6752,29.61456,26.9448,27.73584,34085474.0
2026-03-23,26.79648,28.6752,25.80768,25.80768,25198975.0
2026-03-24,26.450400000000002,27.14256,24.37392,26.10432,20164375.0
2026-03-25,26.64816,27.88416,26.49984,27.192,16970225.0
2026-03-26,27.4392,27.48864,26.203200000000002,26.9448,9567748.0
2026-03-27,27.043680000000002,27.4392,26.697599999999998,27.29088,10870722.0
2026-03-30,28.13136,28.97184,27.78528,28.823520000000002,19723019.0
2026-03-31,29.26848,29.317919999999997,27.34032,27.34032,20482739.0
2026-04-01,27.34032,27.686400000000003,25.80768,26.00544,23366970.0
2026-04-02,26.05488,26.9448,25.066080000000003,25.60992,16056814.0
2026-04-03,26.10432,26.79648,26.00544,26.05488,9872218.0
2026-04-06,26.10432,26.203200000000002,24.72,24.81888,9947025.0
2026-04-07,25.01664,25.906560000000002,24.32448,24.86832,10908265.0
2026-04-08,25.31328,25.60992,24.670560000000002,25.41216,14585573.0
2026-04-09,25.51104,25.7088,24.72,24.72,8899720.0
2026-04-10,25.11552,26.450400000000002,24.81888,26.450400000000002,20127450.0
2026-04-13,26.9448,27.53808,26.49984,27.043680000000002,13453316.0
2026-04-14,27.58752,27.58752,25.80768,26.00544,17005111.0
2026-04-15,26.00544,26.64816,25.60992,25.85712,11334393.0
2026-04-16,25.80768,26.203200000000002,25.51104,25.51104,9613969.0
2026-04-17,26.00544,26.59872,25.51104,26.400959999999998,10439672.0
2026-04-20,26.450400000000002,26.54928,25.7088,25.85712,7874336.0
2026-04-21,25.906560000000002,26.400959999999998,25.60992,25.80768,9323803.0
2026-04-22,26.05488,26.203200000000002,25.65936,25.65936,5468289.0
2026-04-23,25.956,25.956,24.17616,24.72,16852190.0
2026-04-24,25.01664,25.51104,24.621119999999998,24.72,7710547.0
2026-04-28,24.52224,24.72,23.03904,23.137919999999998,20302384.0
2026-04-29,22.94016,23.63232,22.89072,23.33568,9705056.0
2026-05-04,24.967200000000002,24.967200000000002,24.4728,24.967200000000002,8124656.0
2026-05-05,25.65936,26.697599999999998,25.2144,26.450400000000002,24573560.0
2026-05-06,26.35152,27.192,25.80768,26.400959999999998,19371189.0
2026-05-07,26.203200000000002,26.35152,25.16496,25.2144,15930330.0
2026-05-08,26.00544,26.10432,25.263840000000002,25.65936,10035695.0
2026-05-11,26.05488,27.4392,25.51104,27.4392,27117951.0
2026-05-12,27.88416,29.12016,27.241439999999997,28.77408,27138998.0
2026-05-13,28.97184,30.75168,28.27968,29.861759999999997,31420672.0
2026-05-14,30.1584,30.75168,29.317919999999997,29.9112,15978470.0
2026-05-15,29.56512,31.542720000000003,29.56512,31.3944,19723472.0
2026-05-18,31.641599999999997,33.56976,31.59216,33.07536,20935756.0
2026-05-19,33.07536,33.470879999999994,30.801119999999997,30.801119999999997,31819854.0
2026-05-20,30.010080000000002,31.93824,28.6752,31.44384,27342727.0
2026-05-21,31.1472,31.19664,30.010080000000002,30.35616,8331041.0
2026-05-22,30.603360000000002,30.75168,29.26848,29.36736,12277057.0
2026-05-25,28.180799999999998,28.87296,27.73584,27.88416,15151514.0
2026-05-26,28.37856,28.922400000000003,27.983040000000003,28.180799999999998,7784214.0
2026-05-27,28.477439999999998,28.823520000000002,27.88416,27.9336,7042248.0
2026-05-28,27.9336,28.922400000000003,27.192,28.180799999999998,14175975.0
2026-05-29,28.081919999999997,29.61456,27.686400000000003,29.4168,14412211.0
2026-06-01,29.466240000000003,29.51568,28.180799999999998,28.27968,9020646.0
2026-06-02,28.57632,28.77408,27.14256,27.38976,10567822.0
2026-06-03,27.686400000000003,28.03248,27.38976,27.53808,4908169.0
2026-06-04,27.983040000000003,29.1696,27.9336,28.57632,7166890.0
2026-06-05,28.477439999999998,29.07072,27.983040000000003,28.180799999999998,6103368.0
2026-06-08,28.13136,28.77408,27.983040000000003,28.27968,7432702.0
2026-06-09,28.477439999999998,28.477439999999998,27.73584,27.73584,5090269.0
2026-06-10,27.83472,28.13136,27.58752,27.63696,4462833.0
2026-06-11,27.983040000000003,28.37856,27.73584,27.73584,4481476.0
2026-06-12,27.686400000000003,28.27968,27.4392,27.78528,6640043.0
2026-06-15,26.49984,27.48864,25.906560000000002,26.203200000000002,14705978.0
2026-06-16,26.15376,26.697599999999998,25.906560000000002,26.49984,6810138.0
2026-06-17,26.15376,26.79648,26.00544,26.05488,8244907.0
2026-06-18,26.00544,26.697599999999998,26.00544,26.10432,7954633.0
2026-06-19,26.30208,26.35152,25.7088,25.75824,7764871.0
2026-06-22,26.10432,26.54928,25.956,26.10432,6735558.0
2026-06-23,26.25264,26.25264,24.81888,24.81888,15282100.0
2026-06-24,25.01664,25.461599999999997,24.02784,25.263840000000002,13378288.0
2026-06-25,25.16496,25.16496,24.32448,24.32448,8807733.0
2026-06-26,24.42336,24.621119999999998,23.9784,23.9784,5826523.0
2026-06-29,24.2256,24.57168,23.87952,24.126720000000002,9417923.0
2026-06-30,24.32448,24.37392,23.830080000000002,23.87952,6235783.0
2026-07-01,23.9784,25.51104,23.9784,25.16496,11735809.0
2026-07-02,25.01664,25.11552,24.621119999999998,24.621119999999998,5281879.0
2026-07-03,24.621119999999998,25.066080000000003,24.27504,24.42336,4948418.0
2026-07-06,24.42336,24.57168,23.2368,23.2368,10594196.0
2026-07-07,23.63232,23.9784,23.08848,23.9784,6991639.0
2026-07-08,24.72,25.31328,24.57168,24.81888,12732063.0
2026-07-09,25.01664,26.35152,25.01664,26.05488,21239024.0
2026-07-10,26.15376,26.15376,25.2144,25.2144,7842836.0
2026-07-13,25.906560000000002,26.25264,25.16496,25.461599999999997,8524214.0
2026-07-14,26.05488,27.14256,25.906560000000002,26.89536,18645109.0
2026-07-15,26.79648,26.84592,25.75824,26.00544,9282541.0
2026-07-16,26.00544,26.25264,24.37392,25.7088,9481587.0
2026-07-17,25.75824,25.75824,24.52224,24.621119999999998,7358945.0
2026-07-20,25.2144,25.263840000000002,24.2256,24.37392,8094591.0
2026-07-21,23.87952,24.42336,22.69296,22.79184,14623384.0
2026-07-22,22.89072,23.43456,22.346880000000002,22.7424,7650691.0
2026-07-23,23.2368,23.38512,22.69296,23.08848,5806061.0
2026-07-24,23.43456,24.4728,23.38512,23.7312,10134823.0
2026-07-27,23.38512,24.42336,23.03904,23.43456,8554292.0
2026-07-28,23.2368,24.126720000000002,23.2368,23.9784,7221584.0
2026-07-29,24.2256,24.81888,23.9784,24.52224,7141820.0
2026-07-30,24.81888,25.41216,24.4728,25.41216,7287494.0
2026-07-31,26.00544,26.15376,25.066080000000003,25.066080000000003,11100589.0
2026-08-03,24.72,25.41216,24.670560000000002,25.2144,5607420.0
2026-08-04,25.263840000000002,25.263840000000002,24.621119999999998,24.72,5831998.0
2026-08-05,24.72,24.917759999999998,24.07728,24.86832,10609605.0
2026-08-06,25.11552,25.51104,24.621119999999998,24.76944,4805723.0
2026-08-07,24.967200000000002,26.400959999999998,24.81888,25.906560000000002,19112203.0
2026-08-10,26.400959999999998,27.241439999999997,25.75824,26.59872,13098185.0
2026-08-11,26.95,27.15,26.05,26.05,8491736.0
2026-08-12,26.15,26.75,25.9,26.5,7421348.0
2026-08-13,26.6,27.2,26.25,26.5,9713811.0
2026-08-14,26.45,26.7,25.35,25.35,9800532.0
2026-08-17,25.4,26.2,24.9,26.0,7181203.0
2026-08-18,26.2,27.65,26.2,27.2,20622478.0
2026-08-19,27.15,27.45,26.55,26.7,7323223.0
2026-08-20,26.85,27.05,26.35,27.0,8284002.0
2026-08-21,27.2,27.2,26.7,26.85,8867498.0
2026-08-24,27.0,27.9,26.85,27.4,14135900.0
2026-08-25,27.2,27.3,26.6,26.7,10594600.0
2026-08-26,26.65,27.4,26.65,26.85,7544200.0
2026-08-27,26.9,26.9,26.4,26.5,6282300.0
2026-08-28,26.55,26.95,26.5,26.6,5985400.0
2026-09-03,27.3,27.8,26.9,26.9,11633400.0
2026-09-04,26.95,27.1,26.75,26.75,4903700.0
2026-09-07,26.8,26.85,26.2,26.3,8368600.0
2026-09-08,26.35,27.2,26.3,27.0,7274900.0
2026-09-09,27.4,28.2,27.15,27.35,15693100.0
2026-09-10,27.7,27.85,27.05,27.1,8543000.0
2026-09-11,27.6,28.2,27.45,27.55,17225900.0
2026-09-14,27.65,28.9,27.65,28.5,16508000.0
2026-09-15,28.65,30.45,28.25,30.45,23749800.0
2026-09-16,30.95,31.8,30.6,30.6,16487100.0
2026-09-17,30.2,31.75,29.9,30.7,21326200.0
2026-09-18,30.8,31.2,29.8,30.2,16845300.0
2026-09-21,30.4,31.85,30.05,31.55,14290400.0
2026-09-22,31.55,31.75,30.85,31.35,10946100.0
2026-09-23,31.2,31.95,30.8,31.3,10388100.0
2026-09-24,31.55,32.1,29.85,30.0,15219500.0
2026-09-25,30.25,31.2,30.05,30.4,13380000.0
2026-09-28,30.65,32.4,30.4,32.4,13905500.0
2026-09-29,32.7,33.45,32.05,32.5,14126000.0
2026-09-30,32.1,32.25,31.15,31.4,13078700.0
2026-10-01,31.4,32.1,31.2,31.35,7773500.0
2026-10-02,31.75,32.0,30.05,30.45,15005500.0
