,open,high,low,close,volume
2020-05-08,12.02722,12.02722,11.86133,11.86133,40120.0
2020-05-11,11.944270000000001,11.944270000000001,11.69543,11.79912,32810.0
2020-05-12,11.79912,12.02722,11.73691,12.02722,30930.0
2020-05-13,12.02722,12.35901,11.9028,12.19311,77490.0
2020-05-14,11.944270000000001,12.151639999999999,11.757639999999999,11.98575,48400.0
2020-05-15,12.00648,12.02722,11.61249,12.02722,78510.0
2020-05-18,12.02722,12.02722,11.69543,11.81985,12390.0
2020-05-19,11.81985,11.98575,11.71617,11.81985,45490.0
2020-05-20,11.81985,11.81985,11.4466,11.71617,65660.0
2020-05-21,11.52954,11.84059,11.52954,11.71617,39450.0
2020-05-22,11.778379999999999,11.778379999999999,11.57101,11.61249,50860.0
2020-05-25,11.61249,11.69543,11.55028,11.69543,37040.0
2020-05-26,11.73691,11.73691,11.61249,11.65396,32280.0
2020-05-27,11.69543,11.69543,11.55028,11.55028,85760.0
2020-05-28,11.55028,11.57101,11.36365,11.57101,41270.0
2020-05-29,11.73691,11.73691,11.36365,11.55028,33720.0
2020-06-01,11.55028,11.57101,11.48807,11.55028,58880.0
2020-06-02,11.61249,11.61249,11.48807,11.508809999999999,33650.0
2020-06-03,11.508809999999999,11.57101,11.4466,11.57101,12490.0
2020-06-04,11.61249,11.71617,11.59175,11.69543,121340.0
2020-06-05,11.79912,11.79912,11.65396,11.69543,49660.0
2020-06-08,11.69543,12.50416,11.61249,12.50416,202150.0
2020-06-09,13.188469999999999,13.188469999999999,12.960370000000001,13.06405,160130.0
2020-06-10,13.06405,13.06405,12.60784,12.60784,113820.0
2020-06-11,12.73226,12.73226,11.73691,11.73691,129910.0
2020-06-12,11.40512,12.23459,11.40512,12.02722,265750.0
2020-06-15,12.06869,12.06869,11.69543,11.81985,126620.0
2020-06-16,11.98575,12.02722,11.757639999999999,11.86133,28820.0
2020-06-17,12.2968,12.2968,11.81985,11.96501,14190.0
2020-06-18,12.19311,12.40048,11.944270000000001,12.40048,35390.0
2020-06-19,12.40048,12.753,12.40048,12.73226,55980.0
2020-06-22,12.73226,13.02258,12.48342,12.73226,52130.0
2020-06-23,12.73226,13.12626,12.421209999999999,12.85668,118340.0
2020-06-24,12.85668,13.167729999999999,12.73226,12.73226,49950.0
2020-06-25,12.19311,12.690790000000002,12.19311,12.524899999999999,18610.0
2020-06-26,12.524899999999999,13.00184,12.524899999999999,12.89816,152780.0
2020-06-29,12.89816,12.960370000000001,12.44195,12.77374,69070.0
2020-06-30,12.85668,13.250680000000001,12.64932,12.87742,81140.0
2020-07-01,13.250680000000001,13.250680000000001,12.85668,12.85668,21360.0
2020-07-02,12.85668,13.00184,12.753,12.91889,34780.0
2020-07-03,12.960370000000001,12.960370000000001,12.524899999999999,12.524899999999999,32570.0
2020-07-06,12.83595,12.83595,12.54563,12.54563,63340.0
2020-07-07,12.64932,12.690790000000002,12.524899999999999,12.524899999999999,40740.0
2020-07-08,12.524899999999999,12.524899999999999,12.02722,12.151639999999999,70180.0
2020-07-09,12.23459,12.421209999999999,12.172379999999999,12.317530000000001,33020.0
2020-07-10,12.44195,12.44195,12.151639999999999,12.317530000000001,14360.0
2020-07-13,12.317530000000001,12.48342,12.151639999999999,12.23459,29730.0
2020-07-14,12.23459,12.23459,12.04796,12.23459,35290.0
2020-07-15,12.23459,12.33827,12.21385,12.2968,21340.0
2020-07-16,12.2968,12.33827,12.21385,12.23459,14610.0
2020-07-17,12.317530000000001,12.48342,12.23459,12.48342,46130.0
2020-07-20,12.64932,13.084790000000002,12.64932,12.89816,96810.0
2020-07-21,13.06405,13.06405,12.566370000000001,12.690790000000002,16150.0
2020-07-22,12.89816,12.89816,12.44195,12.690790000000002,33900.0
2020-07-23,12.690790000000002,12.690790000000002,12.35901,12.566370000000001,16160.0
2020-07-24,12.566370000000001,12.566370000000001,11.69543,11.81985,33060.0
2020-07-27,11.61249,11.61249,11.01113,11.32218,114660.0
2020-07-28,11.40512,12.11017,11.40512,12.02722,43790.0
2020-07-29,12.02722,12.02722,11.40512,11.81985,23490.0
2020-07-30,11.98575,12.02722,11.81985,12.02722,27090.0
2020-07-31,12.02722,12.02722,11.81985,11.86133,9950.0
2020-08-03,11.86133,12.23459,11.86133,12.02722,31850.0
2020-08-04,12.02722,12.60784,12.02722,12.60784,32660.0
2020-08-05,12.62858,12.815209999999999,12.60784,12.690790000000002,78880.0
2020-08-06,12.690790000000002,12.93963,12.64932,12.64932,24310.0
2020-08-07,12.77374,12.77374,12.54563,12.64932,30450.0
2020-08-10,12.85668,13.147,12.64932,12.9811,129860.0
2020-08-11,13.06405,13.06405,12.64932,12.89816,32440.0
2020-08-12,12.85668,13.06405,12.85668,12.89816,38310.0
2020-08-13,12.815209999999999,12.9811,12.44195,12.815209999999999,35690.0
2020-08-14,12.815209999999999,12.815209999999999,12.524899999999999,12.73226,34710.0
2020-08-17,12.73226,12.73226,12.46269,12.60784,27630.0
2020-08-18,12.60784,12.73226,12.524899999999999,12.566370000000001,21320.0
2020-08-19,12.64932,13.02258,12.566370000000001,12.93963,63830.0
2020-08-20,13.06405,13.81057,12.9811,13.47878,214350.0
2020-08-21,13.893510000000001,13.893510000000001,13.68615,13.72762,92890.0
2020-08-24,14.10088,14.10088,13.68615,13.893510000000001,50260.0
2020-08-25,13.893510000000001,13.893510000000001,13.52025,13.52025,149770.0
2020-08-26,13.52025,14.01793,13.3751,14.01793,138350.0
2020-08-27,14.01793,14.99255,13.95572,14.99255,156900.0
2020-08-28,14.99255,15.013290000000001,14.598559999999999,14.640030000000001,88070.0
2020-08-31,14.640030000000001,14.76445,14.47414,14.51561,93870.0
2020-09-01,14.51561,15.09623,14.30824,14.76445,93370.0
2020-09-03,14.8474,14.88887,14.6815,14.8474,46550.0
2020-09-04,14.39119,14.598559999999999,14.30824,14.47414,112750.0
2020-09-07,14.51561,14.55708,14.30824,14.51561,65640.0
2020-09-08,14.51561,14.72298,14.32898,14.72298,25230.0
2020-09-09,14.266770000000001,14.76445,14.266770000000001,14.72298,72870.0
2020-09-10,14.72298,14.72298,14.51561,14.55708,41750.0
2020-09-11,14.598559999999999,15.34507,14.598559999999999,15.013290000000001,120740.0
2020-09-14,14.99255,15.17918,14.97181,15.137709999999998,40780.0
2020-09-15,14.99255,15.303600000000001,14.99255,15.09623,96100.0
2020-09-16,15.09623,15.137709999999998,14.868129999999999,14.868129999999999,23100.0
2020-09-17,14.8474,14.8474,14.55708,14.598559999999999,68580.0
2020-09-18,14.598559999999999,14.76445,14.51561,14.55708,63160.0
2020-09-21,14.55708,14.80592,14.55708,14.80592,30810.0
2020-09-22,14.80592,14.8474,14.6815,14.80592,43220.0
2020-09-23,14.76445,15.22065,14.76445,15.013290000000001,116260.0
2020-09-24,15.013290000000001,15.17918,14.88887,15.013290000000001,34230.0
2020-09-25,14.93034,15.22065,14.76445,14.80592,32230.0
2020-09-28,14.93034,14.93034,14.640030000000001,14.80592,37640.0
2020-09-29,14.90961,14.93034,13.78983,14.34972,102490.0
2020-09-30,14.30824,14.51561,13.97646,14.39119,87750.0
2020-10-01,14.6815,14.6815,14.30824,14.51561,42130.0
2020-10-02,14.6815,14.6815,14.14235,14.51561,44020.0
2020-10-05,14.32898,14.598559999999999,14.266770000000001,14.34972,61210.0
2020-10-06,14.34972,14.43266,14.225299999999999,14.34972,45110.0
2020-10-07,14.51561,14.51561,14.30824,14.37045,36060.0
2020-10-08,14.47414,14.47414,14.246030000000001,14.34972,30280.0
2020-10-09,14.30824,14.51561,14.204559999999999,14.34972,35000.0
2020-10-12,14.30824,14.51561,14.01793,14.01793,36380.0
2020-10-13,14.14235,14.183819999999999,14.01793,14.10088,49580.0
2020-10-14,14.287510000000001,14.287510000000001,13.97646,13.97646,31090.0
2020-10-15,14.12161,14.225299999999999,13.97646,14.12161,84020.0
2020-10-16,14.225299999999999,14.225299999999999,14.05941,14.10088,62740.0
2020-10-19,14.10088,14.34972,14.10088,14.225299999999999,50370.0
2020-10-20,14.30824,14.39119,13.997200000000001,14.225299999999999,65570.0
2020-10-21,14.34972,14.39119,14.01793,14.183819999999999,123760.0
2020-10-22,13.934989999999999,14.30824,13.934989999999999,14.10088,22510.0
2020-10-23,14.225299999999999,14.225299999999999,13.934989999999999,14.08014,34340.0
2020-10-26,14.10088,14.14235,14.01793,14.01793,22550.0
2020-10-27,14.01793,14.05941,13.87278,13.893510000000001,22990.0
2020-10-28,13.97646,13.97646,13.72762,13.72762,40420.0
2020-10-29,13.70688,13.81057,13.603200000000001,13.64467,55580.0
2020-10-30,13.893510000000001,13.893510000000001,13.561729999999999,13.64467,49360.0
2020-11-02,13.603200000000001,14.05941,13.603200000000001,13.87278,14640.0
2020-11-03,13.934989999999999,13.934989999999999,13.81057,13.91425,29490.0
2020-11-04,13.95572,13.97646,13.85204,13.95572,18630.0
2020-11-05,13.893510000000001,14.08014,13.893510000000001,13.95572,12650.0
2020-11-06,13.95572,14.05941,13.76909,13.97646,40650.0
2020-11-09,14.03867,14.08014,13.97646,14.08014,87070.0
2020-11-10,14.10088,14.287510000000001,14.05941,14.204559999999999,78840.0
2020-11-11,14.30824,14.39119,14.10088,14.183819999999999,85190.0
2020-11-12,14.30824,14.30824,14.05941,14.266770000000001,31060.0
2020-11-13,14.30824,14.30824,14.14235,14.204559999999999,18470.0
2020-11-16,14.225299999999999,14.34972,14.01793,14.01793,56050.0
2020-11-17,14.01793,14.14235,13.934989999999999,13.997200000000001,23120.0
2020-11-18,13.97646,13.97646,13.87278,13.87278,30790.0
2020-11-19,13.87278,13.997200000000001,13.74836,13.997200000000001,73510.0
2020-11-20,13.997200000000001,14.183819999999999,13.997200000000001,14.14235,58310.0
2020-11-23,14.56923,14.56923,14.31288,14.3556,46250.0
2020-11-24,14.39833,14.39833,14.27015,14.3556,61820.0
2020-11-25,14.46242,14.46242,14.14198,14.27015,16660.0
2020-11-26,14.09925,14.22743,14.09925,14.184700000000001,36290.0
2020-11-27,14.31288,14.31288,14.09925,14.14198,41870.0
2020-11-30,14.09925,14.09925,13.92835,14.05653,41320.0
2020-12-01,14.05653,14.05653,13.885629999999999,13.94972,23960.0
2020-12-02,13.90699,13.92835,13.75745,13.75745,57020.0
2020-12-03,13.75745,14.505139999999999,13.73609,13.97108,160510.0
2020-12-04,14.09925,14.3556,13.97108,14.20607,74770.0
2020-12-07,14.20607,14.248790000000001,14.09925,14.20607,85580.0
2020-12-08,14.27015,14.33424,14.09925,14.09925,197040.0
2020-12-09,14.27015,14.27015,13.864270000000001,14.03517,125350.0
2020-12-10,14.0138,14.05653,13.864270000000001,13.92835,123380.0
2020-12-11,13.92835,14.09925,13.92835,14.03517,36270.0
2020-12-14,14.0138,14.07789,13.97108,13.97108,62190.0
2020-12-15,13.97108,13.99244,13.864270000000001,13.885629999999999,73820.0
2020-12-16,13.885629999999999,13.97108,13.864270000000001,13.97108,77380.0
2020-12-17,14.0138,14.0138,13.800180000000001,13.8429,75690.0
2020-12-18,14.0138,14.0138,13.800180000000001,13.800180000000001,85240.0
2020-12-21,13.800180000000001,13.90699,13.800180000000001,13.864270000000001,78380.0
2020-12-22,13.75745,13.864270000000001,13.75745,13.864270000000001,65070.0
2020-12-23,13.90699,14.65468,13.90699,14.09925,214580.0
2020-12-24,14.65468,14.95376,14.0138,14.95376,184380.0
2020-12-25,14.95376,15.039209999999999,14.82558,15.01784,134790.0
2020-12-28,15.039209999999999,15.78689,15.039209999999999,15.74417,260340.0
2020-12-29,15.78689,16.02188,15.16738,15.722809999999999,111490.0
2020-12-30,15.722809999999999,15.93643,15.68008,15.68008,157660.0
2020-12-31,15.68008,16.49186,15.38101,16.23551,170440.0
2021-01-04,16.23551,17.00456,16.23551,16.83366,233400.0
2021-01-05,17.00456,17.13273,16.66276,16.74821,181500.0
2021-01-06,16.769569999999998,16.79093,16.23551,16.44913,118100.0
2021-01-07,16.44913,16.51322,16.10733,16.23551,127600.0
2021-01-08,16.23551,16.44913,16.19278,16.27823,118300.0
2021-01-11,16.27823,17.09001,16.27823,16.44913,173600.0
2021-01-12,16.36368,16.62003,16.23551,16.57731,157600.0
2021-01-13,16.57731,16.57731,16.23551,16.27823,124600.0
2021-01-14,16.27823,16.44913,16.23551,16.42777,165300.0
2021-01-15,16.42777,16.641389999999998,16.40641,16.49186,153200.0
2021-01-18,16.44913,16.62003,16.36368,16.42777,116800.0
2021-01-19,16.02188,16.42777,15.29556,15.29556,194500.0
2021-01-20,15.38101,15.594629999999999,14.5265,15.359639999999999,116700.0
2021-01-21,15.80826,15.80826,15.38101,15.80826,56300.0
2021-01-22,15.93643,16.23551,15.38101,15.76553,115100.0
2021-01-25,15.76553,15.76553,15.338280000000001,15.637360000000001,62600.0
2021-01-26,15.38101,15.38101,14.82558,14.95376,100900.0
2021-01-27,14.95376,15.12466,14.09925,14.22743,115300.0
2021-01-28,13.24475,13.885629999999999,13.24475,13.24475,135800.0
2021-01-29,13.24475,13.97108,13.20203,13.885629999999999,107100.0
2021-02-01,14.07789,14.07789,13.28748,13.28748,109700.0
2021-02-02,13.28748,13.99244,13.28748,13.99244,79300.0
2021-02-03,14.441049999999999,14.5265,13.99244,14.0138,82100.0
2021-02-04,14.0138,14.740129999999999,14.0138,14.441049999999999,77200.0
2021-02-05,14.441049999999999,14.740129999999999,14.31288,14.441049999999999,56400.0
2021-02-08,14.441049999999999,14.441049999999999,13.54383,13.864270000000001,110300.0
2021-02-09,13.864270000000001,14.31288,13.501100000000001,13.99244,56100.0
2021-02-17,14.05653,14.61195,14.05653,14.419690000000001,94600.0
2021-02-18,14.5265,14.5265,14.27015,14.31288,101400.0
2021-02-19,14.31288,14.441049999999999,14.16334,14.39833,119400.0
2021-02-22,14.39833,14.97512,14.39833,14.63332,132000.0
2021-02-23,14.63332,14.740129999999999,14.31288,14.63332,97300.0
2021-02-24,14.78285,14.95376,14.27015,14.67604,109300.0
2021-02-25,14.67604,14.67604,14.419690000000001,14.65468,147100.0
2021-02-26,14.22743,14.5265,14.22743,14.419690000000001,132600.0
2021-03-01,14.5265,14.78285,14.441049999999999,14.65468,117400.0
2021-03-02,14.78285,14.93239,14.59059,14.63332,105700.0
2021-03-03,14.718770000000001,14.718770000000001,14.56923,14.63332,76400.0
2021-03-04,14.63332,14.63332,14.3556,14.39833,88300.0
2021-03-05,14.39833,14.56923,13.885629999999999,14.56923,113200.0
2021-03-08,14.5265,14.5265,14.3556,14.5265,101000.0
2021-03-09,14.5265,14.56923,14.419690000000001,14.5265,75500.0
2021-03-10,14.61195,15.53054,14.419690000000001,15.53054,210500.0
2021-03-11,16.23551,16.23551,15.637360000000001,15.658719999999999,157600.0
2021-03-12,15.957790000000001,15.957790000000001,15.21011,15.29556,77200.0
2021-03-15,14.99648,15.27419,14.95376,15.103290000000001,67900.0
2021-03-16,15.103290000000001,15.85098,15.08193,15.85098,174100.0
2021-03-17,15.85098,16.85502,15.76553,16.705479999999998,317600.0
2021-03-18,16.705479999999998,16.705479999999998,16.23551,16.59867,136000.0
2021-03-19,16.25687,16.57731,16.19278,16.38504,72800.0
2021-03-22,16.47049,16.57731,16.15006,16.19278,71200.0
2021-03-23,16.19278,16.19278,15.76553,15.97916,65200.0
2021-03-24,15.423729999999999,15.85098,15.423729999999999,15.44509,66400.0
2021-03-25,15.44509,15.70144,15.38101,15.46646,39300.0
2021-03-26,14.61195,15.38101,14.61195,15.21011,61900.0
2021-03-29,15.46646,15.80826,15.23147,15.658719999999999,40000.0
2021-03-30,15.658719999999999,15.80826,15.61599,15.658719999999999,25200.0
2021-03-31,15.658719999999999,15.80826,15.29556,15.38101,64600.0
2021-04-01,15.338280000000001,15.74417,15.338280000000001,15.637360000000001,51800.0
2021-04-02,16.00052,16.00052,15.637360000000001,15.637360000000001,128000.0
2021-04-05,15.80826,15.80826,15.25283,15.594629999999999,84200.0
2021-04-06,15.38101,15.594629999999999,15.29556,15.594629999999999,76800.0
2021-04-07,15.594629999999999,15.594629999999999,15.338280000000001,15.338280000000001,60900.0
2021-04-08,15.594629999999999,15.637360000000001,15.359639999999999,15.55191,49500.0
2021-04-09,15.68008,15.80826,15.594629999999999,15.637360000000001,32100.0
2021-04-12,15.637360000000001,15.80826,15.50918,15.637360000000001,50700.0
2021-04-13,15.61599,15.78689,15.27419,15.38101,57000.0
2021-04-14,15.38101,15.55191,15.23147,15.55191,35300.0
2021-04-15,15.594629999999999,15.594629999999999,15.21011,15.338280000000001,53000.0
2021-04-16,15.21011,15.359639999999999,14.93239,15.08193,65800.0
2021-04-19,15.08193,15.08193,14.740129999999999,14.95376,45600.0
2021-04-20,14.82558,15.97916,14.63332,14.63332,65200.0
2021-04-22,14.63332,15.08193,14.56923,14.86831,31000.0
2021-04-23,14.86831,15.12466,14.56923,15.12466,48600.0
2021-04-26,15.12466,15.12466,14.56923,14.86831,32700.0
2021-04-27,14.39833,14.82558,14.39833,14.5265,40800.0
2021-04-28,14.93239,14.93239,14.39833,14.6974,71500.0
2021-04-29,14.6974,14.6974,14.5265,14.6974,18400.0
2021-05-04,14.61195,14.6974,14.441049999999999,14.56923,44800.0
2021-05-05,14.56923,14.86831,14.56923,14.82558,59200.0
2021-05-06,14.86831,15.16738,14.5265,14.82558,46800.0
2021-05-07,14.91103,14.95376,14.483780000000001,14.82558,48200.0
2021-05-10,14.5265,14.91103,14.31288,14.6974,89700.0
2021-05-11,14.6974,14.78285,14.39833,14.67604,130200.0
2021-05-12,14.46242,14.718770000000001,14.441049999999999,14.718770000000001,149900.0
2021-05-13,14.505139999999999,14.6974,14.37697,14.65468,99200.0
2021-05-14,14.67604,15.38101,14.547870000000001,15.38101,165300.0
2021-05-17,15.46646,15.55191,14.5265,15.29556,83000.0
2021-05-18,15.338280000000001,15.338280000000001,14.95376,15.16738,33300.0
2021-05-19,15.21011,15.21011,14.33424,15.08193,52800.0
2021-05-20,15.08193,15.46646,14.65468,15.25283,86000.0
2021-05-21,15.25283,15.38101,14.95376,15.01784,47800.0
2021-05-24,15.01784,15.80826,15.01784,15.78689,218200.0
2021-05-25,15.97916,16.10733,15.76553,15.91507,199300.0
2021-05-26,15.91507,15.91507,15.57327,15.722809999999999,38100.0
2021-05-27,15.76553,15.87234,15.423729999999999,15.423729999999999,70100.0
2021-05-28,15.38101,16.27823,15.29556,16.17142,180300.0
2021-05-31,15.70144,16.17142,15.38101,15.957790000000001,52300.0
2021-06-01,15.74417,15.80826,15.38101,15.55191,20900.0
2021-06-02,15.55191,15.55191,14.99648,15.53054,63800.0
2021-06-03,15.46646,15.53054,15.359639999999999,15.46646,53100.0
2021-06-04,15.46646,15.97916,15.25283,15.97916,53900.0
2021-06-07,16.15006,16.15006,15.16738,15.68008,68400.0
2021-06-08,15.16738,15.594629999999999,15.08193,15.12466,109700.0
2021-06-09,15.12466,15.55191,14.95376,15.50918,62100.0
2021-06-10,15.722809999999999,15.722809999999999,15.08193,15.44509,48800.0
2021-06-11,15.46646,15.55191,15.25283,15.48782,39000.0
2021-06-14,15.594629999999999,15.637360000000001,15.38101,15.50918,70200.0
2021-06-15,15.53054,15.53054,15.359639999999999,15.38101,24200.0
2021-06-16,15.48782,15.48782,15.16738,15.16738,55400.0
2021-06-17,15.16738,15.16738,14.740129999999999,14.99648,108900.0
2021-06-18,14.99648,15.38101,14.99648,15.12466,36500.0
2021-06-21,15.12466,15.29556,14.99648,15.16738,54500.0
2021-06-22,15.16738,15.21011,14.95376,15.16738,57100.0
2021-06-23,15.16738,15.594629999999999,15.14602,15.48782,86000.0
2021-06-24,15.48782,15.48782,15.29556,15.48782,66800.0
2021-06-25,15.48782,15.80826,15.31692,15.76553,155300.0
2021-06-28,15.76553,15.76553,15.48782,15.637360000000001,41100.0
2021-06-29,15.637360000000001,15.637360000000001,15.55191,15.594629999999999,27300.0
2021-06-30,15.46646,16.02188,15.423729999999999,15.93643,72900.0
2021-07-01,16.02188,16.66276,16.02188,16.49186,269100.0
2021-07-02,16.49186,17.047279999999997,16.49186,16.83366,172500.0
2021-07-05,16.91911,17.09001,16.36368,16.66276,74000.0
2021-07-06,16.66276,16.87638,16.064610000000002,16.064610000000002,161100.0
2021-07-07,16.064610000000002,16.19278,15.44509,15.93643,82500.0
2021-07-08,15.97916,16.02188,15.594629999999999,15.93643,38900.0
2021-07-09,15.93643,16.23551,15.594629999999999,15.80826,80700.0
2021-07-12,15.80826,15.80826,14.740129999999999,15.12466,125500.0
2021-07-13,14.82558,15.76553,14.82558,15.76553,27900.0
2021-07-14,15.80826,15.80826,14.82558,15.50918,50400.0
2021-07-15,14.91103,15.80826,14.91103,15.18874,44900.0
2021-07-16,15.55191,15.55191,15.103290000000001,15.21011,24000.0
2021-07-19,15.25283,15.25283,14.483780000000001,14.84694,77700.0
2021-07-20,14.5265,15.21011,14.5265,15.21011,39800.0
2021-07-21,15.38101,15.38101,14.95376,15.14602,30200.0
2021-07-22,14.95376,15.402370000000001,14.804219999999999,15.38101,52300.0
2021-07-23,15.38101,15.46646,15.16738,15.338280000000001,27200.0
2021-07-26,15.38101,16.40641,15.38101,16.40641,255100.0
2021-07-27,17.21818,17.303630000000002,16.534580000000002,16.897740000000002,167000.0
2021-07-28,16.705479999999998,17.02592,16.534580000000002,17.00456,201800.0
2021-07-29,16.961830000000003,17.09001,16.66276,16.961830000000003,113300.0
2021-07-30,16.961830000000003,18.136770000000002,16.961830000000003,18.136770000000002,353500.0
2021-08-02,18.136770000000002,19.39716,18.136770000000002,19.39716,293300.0
2021-08-03,19.39716,19.71759,18.88446,19.119439999999997,180400.0
2021-08-04,19.119439999999997,19.183529999999998,18.71356,18.84173,234400.0
2021-08-05,18.670830000000002,19.63214,18.670830000000002,19.22626,139800.0
2021-08-06,19.183529999999998,19.52533,18.84173,19.35443,165700.0
2021-08-09,19.41852,20.16621,19.05536,20.05939,200600.0
2021-08-10,20.10212,20.12348,19.52533,19.71759,129000.0
2021-08-11,19.71759,19.71759,18.54266,18.54266,283000.0
2021-08-12,18.62811,19.098080000000003,18.54266,18.606740000000002,223600.0
2021-08-13,18.606740000000002,19.05536,17.944509999999998,18.79901,151400.0
2021-08-16,19.119439999999997,19.589419999999997,18.84173,19.546689999999998,172600.0
2021-08-17,19.546689999999998,19.546689999999998,19.140810000000002,19.41852,87400.0
2021-08-18,19.41852,19.653509999999997,19.140810000000002,19.183529999999998,82300.0
2021-08-19,19.183529999999998,19.183529999999998,18.79901,19.183529999999998,123900.0
2021-08-20,19.183529999999998,20.03803,19.119439999999997,19.61078,268100.0
2021-08-23,19.61078,20.97798,19.568060000000003,20.97798,384500.0
2021-08-24,22.00338,22.43063,21.06343,21.70431,222600.0
2021-08-25,21.19161,22.43063,20.72163,21.44796,171000.0
2021-08-26,21.298419999999997,21.66158,21.06343,21.40523,131300.0
2021-08-27,21.362509999999997,21.789759999999998,20.84981,21.70431,153600.0
2021-08-30,22.55881,22.55881,21.70431,21.789759999999998,162300.0
2021-08-31,21.789759999999998,22.85788,21.576130000000003,22.55881,159900.0
2021-09-01,22.43063,22.72971,22.30246,22.516080000000002,115300.0
2021-09-06,22.516080000000002,22.90061,21.83248,22.90061,259700.0
2021-09-07,22.90061,23.498759999999997,22.64426,22.943330000000003,143500.0
2021-09-08,22.943330000000003,23.11423,22.64426,22.64426,173000.0
2021-09-09,22.64426,23.285130000000002,22.64426,23.285130000000002,81600.0
2021-09-10,23.413310000000003,23.413310000000003,23.07151,23.32786,81400.0
2021-09-13,23.413310000000003,24.05418,23.32786,23.926009999999998,58700.0
2021-09-14,24.35326,25.59228,24.31053,25.59228,256700.0
2021-09-15,26.48951,27.344009999999997,25.763180000000002,26.14771,227100.0
2021-09-16,26.91676,26.91676,25.635009999999998,25.80591,113800.0
2021-09-17,26.06226,26.40406,25.67773,25.80591,68200.0
2021-09-20,25.84863,27.55763,25.72046,26.874029999999998,118400.0
2021-09-21,26.48951,26.70313,25.72046,26.40406,100600.0
2021-09-22,27.21583,27.55763,26.48951,27.42946,59600.0
2021-09-23,27.94216,27.94216,26.53223,26.70313,80000.0
2021-09-24,26.91676,26.91676,25.84863,25.84863,121300.0
2021-09-27,25.67773,25.80591,24.05418,24.48143,201000.0
2021-09-28,24.35326,25.46411,23.498759999999997,25.207759999999997,88100.0
2021-09-29,25.207759999999997,25.207759999999997,23.54148,25.165029999999998,50600.0
2021-09-30,24.78051,25.165029999999998,24.78051,25.122310000000002,44700.0
2021-10-01,24.865959999999998,25.89136,24.26781,24.69506,88100.0
2021-10-04,24.737779999999997,24.90868,24.26781,24.652330000000003,65500.0
2021-10-05,24.52416,25.46411,24.35326,25.37866,80000.0
2021-10-06,25.421380000000003,25.54956,24.994130000000002,25.37866,42400.0
2021-10-07,26.48951,26.48951,25.29321,26.19043,44100.0
2021-10-08,26.23316,26.23316,25.635009999999998,26.19043,75800.0
2021-10-11,26.19043,26.19043,25.72046,26.06226,35200.0
2021-10-12,26.19043,26.19043,25.635009999999998,26.01953,26700.0
2021-10-13,25.763180000000002,26.10498,25.763180000000002,25.93408,31100.0
2021-10-14,26.06226,27.344009999999997,26.06226,26.40406,65800.0
2021-10-15,26.831310000000002,26.831310000000002,26.23316,26.48951,47100.0
2021-10-18,26.48951,26.48951,25.72046,26.06226,34200.0
2021-10-19,25.635009999999998,25.84863,25.33593,25.50683,24500.0
2021-10-20,25.33593,25.84863,25.33593,25.46411,43300.0
2021-10-21,25.46411,26.14771,25.46411,26.06226,19300.0
2021-10-22,26.06226,26.14771,25.46411,26.01953,32500.0
2021-10-25,26.01953,26.01953,25.37866,25.635009999999998,49500.0
2021-10-26,25.46411,25.635009999999998,25.207759999999997,25.46411,34300.0
2021-10-27,25.46411,26.27588,25.29321,25.84863,58600.0
2021-10-28,26.27588,26.40406,25.635009999999998,26.40406,73200.0
2021-10-29,26.95948,27.30128,26.74586,26.91676,84100.0
2021-11-01,28.19851,28.19851,26.91676,27.344009999999997,76500.0
2021-11-02,27.30128,27.38673,26.70313,27.258560000000003,73400.0
2021-11-03,26.31861,27.30128,26.31861,26.66041,124500.0
2021-11-04,26.874029999999998,26.874029999999998,26.48951,26.874029999999998,43800.0
2021-11-05,26.874029999999998,27.130380000000002,26.61768,27.130380000000002,63100.0
2021-11-08,27.17311,27.55763,27.130380000000002,27.47218,41200.0
2021-11-09,27.771259999999998,27.98488,27.42946,27.771259999999998,39000.0
2021-11-10,27.98488,27.98488,27.130380000000002,27.68581,65500.0
2021-11-11,27.55763,27.55763,25.763180000000002,27.344009999999997,61700.0
2021-11-12,27.344009999999997,27.38673,26.91676,27.38673,37800.0
2021-11-15,27.55763,27.771259999999998,27.130380000000002,27.258560000000003,26200.0
2021-11-16,27.258560000000003,27.344009999999997,26.70313,27.30128,54700.0
2021-11-17,27.344009999999997,27.600360000000002,26.91676,27.600360000000002,74400.0
2021-11-18,27.64308,29.52298,27.64308,29.480259999999998,243800.0
2021-11-19,31.14654,31.14654,27.42946,29.86479,86000.0
2021-11-22,28.19851,29.86479,28.19851,28.583029999999997,33700.0
2021-11-23,26.66041,28.36941,26.66041,28.36941,86700.0
2021-11-24,28.41213,29.18118,27.51491,29.18118,61900.0
2021-11-25,29.18118,29.480259999999998,29.13846,29.26663,84700.0
2021-11-26,29.26663,29.26663,27.98488,27.98488,44300.0
2021-11-29,26.95948,28.36941,26.48951,27.258560000000003,67000.0
2021-11-30,26.95948,27.258560000000003,26.48951,26.48951,99200.0
2021-12-01,26.53223,27.130380000000002,26.53223,26.70313,270200.0
2021-12-02,26.70313,26.74586,26.31861,26.66041,217500.0
2021-12-03,26.66041,26.66041,25.97681,26.01953,215600.0
2021-12-06,26.06226,26.06226,25.67773,25.67773,90100.0
2021-12-07,25.67773,26.66041,25.67773,25.97681,140600.0
2021-12-08,25.97681,26.06226,25.635009999999998,25.93408,85800.0
2021-12-09,25.97681,26.06226,25.67773,26.06226,21300.0
2021-12-10,26.06226,26.48951,25.72046,26.48951,43400.0
2021-12-13,26.874029999999998,26.874029999999998,26.10498,26.27588,37400.0
2021-12-14,26.70313,26.70313,25.80591,25.84863,80200.0
2021-12-15,25.80591,26.01953,25.763180000000002,25.763180000000002,73100.0
2021-12-16,25.635009999999998,25.89136,25.46411,25.67773,42800.0
2021-12-17,25.67773,26.01953,25.54956,25.80591,47100.0
2021-12-20,25.635009999999998,26.06226,25.207759999999997,25.33593,78000.0
2021-12-21,25.207759999999997,25.33593,24.82323,25.33593,41700.0
2021-12-22,25.207759999999997,25.59228,24.78051,25.37866,81600.0
2021-12-23,24.994130000000002,25.37866,24.78051,24.78051,36800.0
2021-12-24,24.82323,25.54956,24.78051,25.207759999999997,18700.0
2021-12-27,24.35326,25.635009999999998,24.35326,25.50683,19500.0
2021-12-28,25.421380000000003,25.635009999999998,25.207759999999997,25.635009999999998,12700.0
2021-12-29,25.29321,25.763180000000002,24.994130000000002,25.635009999999998,13100.0
2021-12-30,25.72046,25.84863,25.37866,25.421380000000003,17400.0
2021-12-31,25.635009999999998,25.635009999999998,25.07958,25.635009999999998,13900.0
2022-01-04,25.635009999999998,26.06226,24.60961,26.06226,118800.0
2022-01-05,26.70313,26.70313,25.635009999999998,26.57496,21900.0
2022-01-06,26.40406,26.40406,24.78051,25.635009999999998,91100.0
2022-01-07,25.37866,25.37866,25.122310000000002,25.207759999999997,40600.0
2022-01-10,25.165029999999998,25.165029999999998,24.35326,24.35326,50400.0
2022-01-11,24.35326,24.35326,23.24241,23.498759999999997,76500.0
2022-01-12,22.64426,23.498759999999997,21.87521,23.498759999999997,108300.0
2022-01-13,23.498759999999997,24.31053,22.64426,23.413310000000003,39400.0
2022-01-14,23.498759999999997,23.498759999999997,22.43063,23.19968,39900.0
2022-01-17,22.25973,23.19968,21.789759999999998,21.789759999999998,65400.0
2022-01-18,21.576130000000003,22.17428,21.19161,21.19161,25800.0
2022-01-19,21.148880000000002,22.64426,21.148880000000002,22.64426,41100.0
2022-01-20,23.07151,23.37058,22.64426,23.37058,24100.0
2022-01-21,23.07151,23.498759999999997,22.81516,23.285130000000002,52200.0
2022-01-24,23.07151,23.07151,21.66158,22.046110000000002,40800.0
2022-01-25,22.046110000000002,22.046110000000002,21.148880000000002,22.046110000000002,65600.0
2022-01-26,22.13156,22.13156,21.277060000000002,22.00338,38100.0
2022-01-27,21.87521,22.13156,21.74703,22.13156,31300.0
2022-01-28,22.13156,23.413310000000003,22.08883,23.24241,30300.0
2022-02-07,24.69506,24.865959999999998,23.66966,24.865959999999998,81800.0
2022-02-08,25.635009999999998,25.72046,24.90868,25.03686,46000.0
2022-02-09,25.59228,25.89136,25.122310000000002,25.635009999999998,95600.0
2022-02-10,26.871959999999998,26.871959999999998,25.66109,26.08024,17600.0
2022-02-11,24.68308,25.94052,24.68308,25.84738,14300.0
2022-02-14,25.84738,25.94052,25.38166,25.75423,14200.0
2022-02-15,25.19537,25.84738,25.148799999999998,25.56795,25000.0
2022-02-16,25.38166,26.08024,25.38166,26.08024,56400.0
2022-02-17,26.73224,26.73224,25.66109,26.40624,10200.0
2022-02-18,26.21995,26.54595,26.17338,26.40624,37700.0
2022-02-21,26.40624,27.01167,26.126810000000003,26.6391,25400.0
2022-02-22,26.54595,26.54595,26.21995,26.40624,18500.0
2022-02-23,26.40624,26.6391,26.31309,26.59253,18500.0
2022-02-24,26.59253,26.59253,25.148799999999998,26.21995,42600.0
2022-02-25,26.21995,26.31309,25.84738,25.84738,8000.0
2022-02-28,26.08024,26.08024,25.61452,25.61452,21000.0
2022-03-01,25.61452,25.61452,25.148799999999998,25.4748,21000.0
2022-03-02,25.4748,25.4748,25.148799999999998,25.4748,31700.0
2022-03-03,26.08024,26.08024,25.19537,25.98709,10400.0
2022-03-04,26.03366,26.08024,25.33509,26.03366,27100.0
2022-03-07,25.148799999999998,26.03366,25.148799999999998,25.84738,7900.0
2022-03-08,25.70766,25.89395,25.19537,25.24194,22000.0
2022-03-09,25.24194,25.521369999999997,24.962509999999998,25.148799999999998,12900.0
2022-03-10,26.08024,26.452810000000003,25.61452,25.98709,47400.0
2022-03-11,26.03366,26.126810000000003,25.24194,25.89395,20500.0
2022-03-14,26.08024,26.08024,25.24194,25.75423,28000.0
2022-03-15,25.38166,25.98709,25.24194,25.84738,35700.0
2022-03-16,26.03366,26.03366,25.148799999999998,25.84738,16700.0
2022-03-17,25.94052,27.61711,25.94052,27.61711,305400.0
2022-03-18,28.87455,28.87455,27.61711,27.71025,73200.0
2022-03-21,27.89654,27.89654,27.01167,27.47739,12200.0
2022-03-22,27.05824,27.244529999999997,25.61452,25.70766,170800.0
2022-03-23,25.70766,26.21995,25.70766,26.17338,42100.0
2022-03-24,26.31309,27.01167,25.84738,26.31309,53500.0
2022-03-25,26.9651,26.9651,26.126810000000003,26.17338,70200.0
2022-03-28,26.08024,26.17338,25.66109,25.98709,64800.0
2022-03-29,26.08024,27.80339,26.08024,27.80339,258800.0
2022-03-30,29.340259999999997,29.340259999999997,25.89395,28.4554,192000.0
2022-03-31,28.50197,29.340259999999997,28.31568,29.340259999999997,249700.0
2022-04-01,27.98968,30.03884,27.98968,29.57312,142900.0
2022-04-04,29.805979999999998,29.805979999999998,28.87455,29.24712,139200.0
2022-04-05,29.24712,29.89913,28.68826,29.47998,110200.0
2022-04-06,29.805979999999998,30.783990000000003,29.340259999999997,30.2717,140100.0
2022-04-07,30.737419999999997,31.57571,30.2717,30.50456,102200.0
2022-04-08,30.737419999999997,31.203139999999998,28.92112,29.66627,77900.0
2022-04-12,30.08541,30.17856,28.54854,29.805979999999998,202500.0
2022-04-13,30.457990000000002,30.457990000000002,29.6197,30.22513,156800.0
2022-04-14,30.457990000000002,30.737419999999997,29.805979999999998,30.690849999999998,176700.0
2022-04-15,30.737419999999997,32.60029,30.737419999999997,32.088,256000.0
2022-04-18,32.18115,33.06601,32.18115,32.926300000000005,113600.0
2022-04-19,33.01944,33.06601,30.64428,30.64428,150900.0
2022-04-20,30.5977,32.78658,29.20055,32.60029,303900.0
2022-04-21,32.60029,32.60029,30.50456,32.13458,67900.0
2022-04-22,31.203139999999998,31.668860000000002,29.89913,31.063419999999997,310300.0
2022-04-25,30.318270000000002,30.364849999999997,28.92112,28.92112,311900.0
2022-04-26,29.340259999999997,29.43341,26.9651,29.43341,71600.0
2022-04-27,29.43341,29.75941,27.98968,29.66627,28900.0
2022-04-28,29.805979999999998,30.50456,29.10741,29.945700000000002,38400.0
2022-04-29,30.87714,30.87714,29.10741,30.17856,52100.0
2022-05-04,30.17856,30.17856,29.43341,29.66627,14900.0
2022-05-05,29.66627,30.22513,29.340259999999997,30.131990000000002,234800.0
2022-05-06,28.87455,29.89913,28.222540000000002,29.43341,45000.0
2022-05-09,29.38684,29.38684,28.03625,29.10741,36300.0
2022-05-10,27.15139,28.641689999999997,27.10482,28.595119999999998,42300.0
2022-05-11,28.36226,29.01426,27.94311,29.01426,43800.0
2022-05-12,29.340259999999997,29.340259999999997,27.47739,27.47739,33000.0
2022-05-13,27.47739,27.71025,26.08024,26.499380000000002,52300.0
2022-05-16,26.499380000000002,27.94311,24.68308,25.148799999999998,32400.0
2022-05-17,25.61452,26.54595,23.425639999999998,26.54595,243500.0
2022-05-18,27.05824,27.47739,26.54595,27.47739,19800.0
2022-05-19,27.43082,27.43082,25.56795,26.21995,187000.0
2022-05-20,26.452810000000003,27.244529999999997,24.58994,27.244529999999997,85500.0
2022-05-23,27.244529999999997,27.244529999999997,25.61452,26.77881,24400.0
2022-05-24,25.75423,26.499380000000002,24.91594,25.98709,64900.0
2022-05-25,25.10223,27.47739,25.10223,27.47739,73200.0
2022-05-26,27.47739,27.849970000000003,25.56795,27.47739,245900.0
2022-05-27,27.47739,28.36226,27.33768,28.31568,52700.0
2022-05-30,28.408830000000002,28.50197,27.94311,28.31568,321700.0
2022-05-31,28.222540000000002,28.26911,27.38425,28.03625,39700.0
2022-06-01,28.03625,28.03625,27.01167,27.15139,31600.0
2022-06-02,27.05824,27.47739,26.21995,27.43082,29100.0
2022-06-03,27.43082,28.408830000000002,26.59253,28.408830000000002,79500.0
2022-06-06,28.408830000000002,28.4554,27.47739,28.1294,26000.0
2022-06-07,27.47739,28.1294,27.2911,27.94311,43900.0
2022-06-08,27.94311,28.31568,27.80339,28.31568,30900.0
2022-06-09,28.54854,28.54854,28.08283,28.408830000000002,18900.0
2022-06-10,28.26911,28.36226,27.43082,27.89654,40800.0
2022-06-13,27.10482,27.10482,25.98709,26.77881,66700.0
2022-06-14,26.91853,26.91853,25.84738,26.59253,13900.0
2022-06-15,26.08024,26.26652,25.28851,26.08024,20300.0
2022-06-16,27.849970000000003,27.849970000000003,26.08024,27.10482,16800.0
2022-06-17,26.126810000000003,26.82539,26.03366,26.68567,18300.0
2022-06-20,26.68567,26.68567,25.70766,25.75423,8400.0
2022-06-21,25.8008,26.73224,25.28851,25.75423,33400.0
2022-06-22,25.61452,27.01167,25.521369999999997,25.98709,12600.0
2022-06-23,25.94052,25.94052,25.148799999999998,25.61452,30100.0
2022-06-24,25.61452,27.01167,25.28851,27.01167,26100.0
2022-06-27,26.77881,27.94311,26.77881,27.89654,48300.0
2022-06-28,27.94311,27.94311,26.31309,27.89654,36500.0
2022-06-29,27.94311,27.94311,27.10482,27.38425,9000.0
2022-06-30,27.43082,27.43082,26.21995,27.244529999999997,21600.0
2022-07-01,27.15139,28.87455,25.521369999999997,28.87455,45100.0
2022-07-04,28.7814,28.7814,26.871959999999998,27.244529999999997,40100.0
2022-07-05,27.43082,27.43082,25.70766,26.91853,16600.0
2022-07-06,25.42823,26.77881,25.38166,26.452810000000003,15100.0
2022-07-07,27.01167,27.01167,25.61452,26.54595,20200.0
2022-07-08,26.54595,26.54595,26.26652,26.54595,7300.0
2022-07-11,26.54595,26.59253,25.89395,26.452810000000003,31600.0
2022-07-12,26.452810000000003,27.244529999999997,25.89395,27.244529999999997,13800.0
2022-07-13,27.80339,27.80339,26.40624,27.66368,4900.0
2022-07-14,27.66368,27.94311,26.499380000000002,27.71025,18000.0
2022-07-15,27.15139,27.43082,26.08024,27.33768,31000.0
2022-07-18,27.80339,27.80339,26.26652,27.47739,9300.0
2022-07-19,27.244529999999997,27.244529999999997,26.40624,27.01167,22900.0
2022-07-20,27.01167,27.89654,27.01167,27.43082,23400.0
2022-07-21,27.244529999999997,27.47739,26.73224,27.47739,26600.0
2022-07-22,27.01167,27.244529999999997,26.54595,26.54595,4200.0
2022-07-25,26.54595,27.43082,26.359669999999998,27.43082,13200.0
2022-07-26,26.40624,27.2911,26.40624,27.2911,8300.0
2022-07-27,27.01167,27.71025,27.01167,27.66368,63400.0
2022-07-28,27.10482,27.849970000000003,27.10482,27.15139,17700.0
2022-07-29,27.43082,27.43082,27.244529999999997,27.43082,4800.0
2022-08-01,27.94311,28.734830000000002,27.94311,28.734830000000002,27100.0
2022-08-02,28.87455,28.87455,28.222540000000002,28.87455,18800.0
2022-08-03,27.80339,28.82797,27.570529999999998,28.408830000000002,31600.0
2022-08-04,27.94311,29.340259999999997,27.94311,29.20055,39400.0
2022-08-05,28.641689999999997,29.10741,28.03625,29.10741,44100.0
2022-08-08,28.408830000000002,29.10741,28.408830000000002,29.10741,28300.0
2022-08-09,29.060830000000003,29.340259999999997,28.641689999999997,29.340259999999997,57000.0
2022-08-10,28.92112,29.10741,28.82797,28.82797,40600.0
2022-08-11,28.82797,29.43341,28.82797,29.060830000000003,93000.0
2022-08-12,28.7814,30.08541,28.7814,29.85256,80700.0
2022-08-15,29.43341,31.29628,29.43341,31.29628,101700.0
2022-08-16,31.016849999999998,31.529139999999998,31.016849999999998,31.529139999999998,91600.0
2022-08-17,31.203139999999998,31.529139999999998,30.97028,31.436,38300.0
2022-08-18,31.436,32.60029,31.203139999999998,32.13458,102100.0
2022-08-19,31.90172,31.90172,31.203139999999998,31.57571,46800.0
2022-08-22,30.87714,31.436,30.5977,31.203139999999998,55300.0
2022-08-23,30.41142,31.15657,30.41142,31.016849999999998,68800.0
2022-08-24,31.016849999999998,31.11,29.805979999999998,29.805979999999998,67000.0
2022-08-25,29.805979999999998,29.805979999999998,28.641689999999997,28.82797,219400.0
2022-08-26,28.50197,28.87455,27.71025,27.94311,238600.0
2022-08-29,27.94311,28.408830000000002,27.570529999999998,28.36226,112700.0
2022-08-30,28.4554,29.24712,28.17597,28.641689999999997,365800.0
2022-08-31,28.17597,28.408830000000002,27.33768,27.47739,832900.0
2022-09-05,27.89654,28.26911,27.38425,28.17597,1300600.0
2022-09-06,28.26911,30.131990000000002,28.222540000000002,30.131990000000002,560600.0
2022-09-07,30.2717,30.2717,29.24712,29.38684,377900.0
2022-09-08,30.08541,30.131990000000002,29.24712,29.57312,205600.0
2022-09-09,29.71284,29.99227,29.38684,29.99227,173700.0
2022-09-12,31.1184,32.04779,30.15697,32.04779,320618.0
2022-09-13,32.36827,33.71428,32.36827,32.62465,188955.0
2022-09-14,32.62465,32.62465,31.79141,32.43236,129835.0
2022-09-15,32.68875,33.97066,32.24008,33.97066,256380.0
2022-09-16,34.61161,35.124379999999995,33.26561,33.84247,243811.0
2022-09-19,33.90656,33.97066,32.11189,33.00922,160675.0
2022-09-20,32.94513,33.65018,32.43236,33.329699999999995,155323.0
2022-09-21,33.45789,33.45789,32.49646,32.62465,59478.0
2022-09-22,32.17598,32.68875,31.98369,32.62465,124880.0
2022-09-23,32.68875,32.81694,32.04779,32.43236,72117.0
2022-09-26,32.68875,32.68875,30.25311,30.445400000000003,186899.0
2022-09-27,29.483970000000003,31.02226,29.483970000000003,31.02226,75810.0
2022-09-28,30.445400000000003,30.70178,29.74035,29.74035,75871.0
2022-09-29,29.67625,30.70178,28.58663,28.58663,182204.0
2022-09-30,28.58663,29.41987,27.91363,29.35578,68882.0
2022-10-03,29.35578,29.35578,27.30472,27.30472,126863.0
2022-10-04,27.30472,28.07386,27.30472,27.849529999999998,67514.0
2022-10-05,28.84301,29.227580000000003,28.00977,28.52253,28647.0
2022-10-06,28.266150000000003,28.810959999999998,27.30472,27.33677,28037.0
2022-10-07,27.33677,27.33677,25.44595,25.44595,218266.0
2022-10-10,23.90765,26.59967,23.90765,26.59967,105321.0
2022-10-11,26.85605,26.85605,24.74089,24.74089,200231.0
2022-10-12,24.74089,26.02281,24.6127,26.02281,54416.0
2022-10-13,26.85605,26.85605,24.77294,26.85605,170807.0
2022-10-14,27.68929,27.68929,25.702330000000003,25.89461,66222.0
2022-10-17,25.63823,25.63823,24.86909,25.63823,118364.0
2022-10-18,26.27919,26.27919,25.285709999999998,25.83052,93454.0
2022-10-19,26.27919,26.40738,25.83052,26.21509,125624.0
2022-10-20,26.47147,26.47147,25.83052,26.21509,18438.0
2022-10-21,26.27919,26.27919,25.12547,25.83052,58577.0
2022-10-24,25.95871,25.95871,24.03584,24.35632,125152.0
2022-10-25,24.77294,24.99728,22.75393,24.99728,93346.0
2022-10-26,25.54209,25.54209,24.77294,25.25366,29924.0
2022-10-27,25.31775,25.51004,24.54861,25.477990000000002,74127.0
2022-10-28,25.477990000000002,25.606180000000002,24.35632,25.38185,34813.0
2022-10-31,24.484509999999997,25.285709999999998,23.77946,25.15752,54507.0
2022-11-01,25.15752,25.15752,24.35632,24.6768,42000.0
2022-11-02,24.324270000000002,24.64475,23.07441,24.64475,130660.0
2022-11-03,24.35632,24.35632,23.07441,23.619220000000002,116644.0
2022-11-04,23.01031,23.07441,21.984779999999997,21.984779999999997,283541.0
2022-11-07,22.04888,22.04888,20.44649,20.51059,267463.0
2022-11-08,20.542630000000003,21.47202,20.51059,21.27973,86149.0
2022-11-09,21.7925,22.75393,21.7284,22.68984,168464.0
2022-11-10,23.01031,23.042360000000002,21.119490000000003,21.760450000000002,167823.0
2022-11-11,23.01031,23.01031,22.11298,22.43345,222291.0
2022-11-14,22.43345,22.43345,20.92721,22.43345,94421.0
2022-11-15,22.40141,22.40141,20.86311,20.86311,172724.0
2022-11-16,20.19011,22.305259999999997,19.42096,22.305259999999997,191574.0
2022-11-17,22.36936,23.49103,22.36936,22.94622,97526.0
2022-11-18,23.36284,23.36284,22.11298,22.91417,36951.0
2022-11-21,22.91417,22.94622,22.241169999999997,22.88212,9204.0
2022-11-22,22.91417,23.71536,22.17707,23.042360000000002,77184.0
2022-11-23,23.042360000000002,23.49103,21.85659,22.68984,42277.0
2022-11-24,21.85659,23.202599999999997,21.85659,23.202599999999997,23722.0
2022-11-25,23.52308,23.52308,22.5296,23.45898,33694.0
2022-11-28,24.16403,24.35632,23.45898,24.22813,37390.0
2022-11-29,24.22813,25.31775,24.196080000000002,25.31775,96833.0
2022-11-30,25.57414,26.40738,25.12547,26.40738,132970.0
2022-12-01,26.59967,26.79195,26.0869,26.27919,98190.0
2022-12-02,26.59967,26.92014,25.31775,26.92014,102657.0
2022-12-05,26.92014,26.92014,26.0869,26.40738,63213.0
2022-12-06,26.40738,26.40738,25.44595,25.63823,37707.0
2022-12-07,25.477990000000002,25.51004,24.99728,25.3498,26978.0
2022-12-08,25.3498,26.183040000000002,25.3498,26.151,36521.0
2022-12-09,25.95871,25.95871,25.25366,25.63823,50739.0
2022-12-12,26.53557,26.53557,25.18956,25.89461,16902.0
2022-12-13,26.151,26.151,24.99728,25.670279999999998,27627.0
2022-12-14,25.12547,25.92666,24.99728,25.44595,29633.0
2022-12-15,25.606180000000002,25.606180000000002,24.80499,25.51004,31531.0
2022-12-16,25.51004,25.51004,24.99728,25.38185,19563.0
2022-12-19,24.99728,25.38185,24.901130000000002,25.38185,27705.0
2022-12-20,24.484509999999997,24.901130000000002,23.71536,24.6127,46509.0
2022-12-21,24.6127,24.6127,23.65127,24.38837,106676.0
2022-12-22,24.99728,25.63823,24.516560000000002,25.02932,13826.0
2022-12-23,25.09342,25.09342,24.86909,24.99728,6690.0
2022-12-26,24.99728,24.99728,23.65127,23.65127,40321.0
2022-12-27,23.65127,24.93318,23.65127,24.484509999999997,37891.0
2022-12-28,24.54861,24.54861,24.03584,24.35632,27937.0
2022-12-29,23.07441,24.93318,23.07441,24.93318,21540.0
2022-12-30,24.38837,25.63823,23.39489,25.63823,121451.0
2023-01-03,24.99728,26.59967,24.99728,26.59967,75133.0
2023-01-04,26.888099999999998,26.888099999999998,24.74089,26.34328,40935.0
2023-01-05,26.247139999999998,26.40738,25.766419999999997,26.40738,62931.0
2023-01-06,26.59967,26.59967,25.44595,26.247139999999998,39987.0
2023-01-09,26.21509,26.21509,24.86909,25.63823,78634.0
2023-01-10,26.92014,26.952189999999998,25.31775,26.53557,66817.0
2023-01-11,26.31124,26.31124,24.99728,26.183040000000002,102791.0
2023-01-12,26.151,26.151,25.18956,25.95871,21872.0
2023-01-13,25.25366,26.27919,25.25366,25.798470000000002,77966.0
2023-01-16,25.95871,25.95871,25.12547,25.83052,7469.0
2023-01-17,25.990759999999998,25.990759999999998,25.51004,25.95871,14957.0
2023-01-18,25.95871,26.27919,25.766419999999997,26.27919,54579.0
2023-01-19,26.247139999999998,26.85605,25.798470000000002,26.66376,61664.0
2023-01-27,26.92014,27.881580000000003,26.92014,27.881580000000003,192771.0
2023-01-30,27.881580000000003,28.13796,27.208569999999998,27.5611,34456.0
2023-01-31,27.5611,27.6252,26.59967,27.6252,54516.0
2023-02-01,26.984240000000003,27.75339,26.50352,26.66376,47027.0
2023-02-02,25.766419999999997,27.464959999999998,25.73438,27.17653,42761.0
2023-02-03,26.92014,27.5611,26.824,27.5611,40219.0
2023-02-06,27.529049999999998,27.5611,26.92014,27.24062,11963.0
2023-02-07,26.92014,27.5611,26.47147,26.47147,117158.0
2023-02-08,27.208569999999998,27.24062,25.83052,26.888099999999998,32144.0
2023-02-09,26.888099999999998,27.17653,26.72786,26.888099999999998,13935.0
2023-02-10,26.85605,26.85605,25.766419999999997,26.59967,18108.0
2023-02-13,25.798470000000002,26.85605,25.15752,26.85605,36204.0
2023-02-14,26.85605,26.85605,25.63823,26.85605,21222.0
2023-02-15,25.862569999999998,26.79195,25.798470000000002,26.66376,26811.0
2023-02-16,26.66376,26.66376,25.702330000000003,26.47147,13571.0
2023-02-17,25.862569999999998,26.43943,25.862569999999998,26.43943,37850.0
2023-02-20,26.50352,26.85605,26.0869,26.85605,44385.0
2023-02-21,26.40738,27.17653,26.40738,26.85605,13047.0
2023-02-22,26.02281,26.247139999999998,25.63823,25.63823,97705.0
2023-02-23,25.606180000000002,26.21509,25.31775,26.21509,45740.0
2023-02-24,26.53557,26.53557,25.477990000000002,25.990759999999998,19087.0
2023-02-27,25.06137,25.89461,24.708849999999998,25.57414,20536.0
2023-02-28,25.73438,26.27919,24.99728,26.02281,44699.0
2023-03-01,25.57414,26.21509,25.57414,26.21509,20625.0
2023-03-02,26.247139999999998,26.247139999999998,25.63823,25.92666,11430.0
2023-03-03,25.702330000000003,25.702330000000003,25.12547,25.18956,20825.0
2023-03-06,25.83052,26.151,25.09342,25.92666,41609.0
2023-03-07,25.92666,25.92666,25.57414,25.862569999999998,12079.0
2023-03-08,25.12547,26.0869,25.12547,26.0869,18112.0
2023-03-09,26.02281,26.02281,25.63823,25.95871,14549.0
2023-03-10,25.92666,26.47147,25.606180000000002,26.27919,87856.0
2023-03-13,25.702330000000003,26.247139999999998,25.38185,26.151,23372.0
2023-03-14,25.63823,25.83052,25.25366,25.25366,62113.0
2023-03-15,26.151,26.47147,25.63823,26.47147,88421.0
2023-03-16,25.95871,26.40738,25.57414,26.27919,25677.0
2023-03-17,26.183040000000002,26.53557,25.862569999999998,26.34328,24304.0
2023-03-20,26.53557,26.53557,25.670279999999998,25.83052,28710.0
2023-03-21,26.247139999999998,26.27919,25.606180000000002,26.247139999999998,18524.0
2023-03-22,26.34328,26.34328,25.73438,25.766419999999997,8390.0
2023-03-23,25.766419999999997,25.95871,25.25366,25.95871,37361.0
2023-03-24,26.27919,26.27919,25.63823,25.990759999999998,36020.0
2023-03-27,25.990759999999998,25.990759999999998,25.44595,25.92666,46745.0
2023-03-28,25.89461,25.92666,25.44595,25.89461,51514.0
2023-03-29,25.51004,25.63823,25.31775,25.63823,51586.0
2023-03-30,25.38185,25.63823,25.38185,25.606180000000002,16515.0
2023-03-31,25.702330000000003,25.766419999999997,25.285709999999998,25.57414,43237.0
2023-04-03,25.57414,26.183040000000002,25.31775,26.02281,65025.0
2023-04-04,25.44595,25.990759999999998,25.44595,25.990759999999998,35486.0
2023-04-05,26.151,26.85605,25.766419999999997,26.85605,155186.0
2023-04-06,26.92014,26.92014,26.02281,26.567619999999998,18504.0
2023-04-07,26.59967,26.85605,25.73438,26.66376,29534.0
2023-04-10,26.79195,26.92014,26.27919,26.66376,21943.0
2023-04-11,26.75991,26.75991,25.95871,26.75991,9062.0
2023-04-12,26.151,26.92014,26.151,26.59967,158555.0
2023-04-13,26.92014,26.92014,26.34328,26.824,28455.0
2023-04-14,26.85605,26.85605,26.43943,26.824,12203.0
2023-04-17,26.85605,26.85605,26.37533,26.824,28935.0
2023-04-18,26.72786,26.79195,26.40738,26.79195,9555.0
2023-04-19,26.37533,26.79195,26.37533,26.79195,46396.0
2023-04-20,26.92014,27.208569999999998,26.40738,26.69581,36600.0
2023-04-21,26.66376,26.888099999999998,26.40738,26.69581,14953.0
2023-04-24,27.24062,27.24062,26.40738,26.59967,19900.0
2023-04-25,26.888099999999998,26.888099999999998,25.766419999999997,26.47147,47450.0
2023-04-26,26.43943,26.53557,25.89461,26.53557,18442.0
2023-04-27,26.53557,26.59967,25.766419999999997,26.59967,77837.0
2023-04-28,26.34328,26.66376,26.31124,26.66376,15311.0
2023-05-04,26.66376,26.66376,25.990759999999998,26.631709999999998,10623.0
2023-05-05,26.0869,26.59967,26.0869,26.59967,6346.0
2023-05-08,26.59967,26.59967,26.247139999999998,26.59967,28102.0
2023-05-09,26.27919,26.567619999999998,26.27919,26.567619999999998,26738.0
2023-05-10,26.59967,26.59967,26.27919,26.567619999999998,22123.0
2023-05-11,26.567619999999998,26.59967,26.183040000000002,26.567619999999998,37273.0
2023-05-12,26.567619999999998,26.567619999999998,25.63823,26.53557,40529.0
2023-05-15,26.53557,26.53557,26.0869,26.53557,18704.0
2023-05-16,26.72786,26.72786,25.798470000000002,26.43943,45770.0
2023-05-17,26.43943,26.43943,26.151,26.27919,29519.0
2023-05-18,26.27919,26.47147,26.05485,26.27919,17320.0
2023-05-19,26.53557,26.53557,25.89461,26.21509,43214.0
2023-05-22,25.95871,26.151,25.862569999999998,26.151,21462.0
2023-05-23,25.862569999999998,26.05485,25.862569999999998,25.95871,28245.0
2023-05-24,26.0869,26.11895,25.63823,26.11895,177493.0
2023-05-25,25.83052,26.0869,25.766419999999997,26.0869,17565.0
2023-05-26,26.247139999999998,26.247139999999998,25.766419999999997,25.95871,66720.0
2023-05-29,25.95871,26.47147,25.798470000000002,26.37533,103986.0
2023-05-30,26.0869,26.47147,25.990759999999998,26.27919,67758.0
2023-05-31,26.47147,26.47147,26.151,26.183040000000002,26047.0
2023-06-01,26.151,26.27919,25.95871,26.27919,43573.0
2023-06-02,26.27919,26.40738,26.151,26.40738,61164.0
2023-06-05,26.40738,28.234099999999998,26.40738,28.234099999999998,207562.0
2023-06-06,29.80445,29.80445,28.170009999999998,29.29168,50366.0
2023-06-07,28.33025,29.483970000000003,27.94567,29.163490000000003,24591.0
2023-06-08,28.266150000000003,28.77892,27.94567,28.52253,25099.0
2023-06-09,28.00977,29.163490000000003,27.5611,29.163490000000003,89437.0
2023-06-12,29.35578,29.35578,28.36229,29.163490000000003,26516.0
2023-06-13,29.163490000000003,29.163490000000003,28.45844,28.77892,37240.0
2023-06-14,28.84301,29.09939,28.202060000000003,28.71482,17885.0
2023-06-15,28.71482,28.84301,27.94567,28.84301,47810.0
2023-06-16,28.84301,29.163490000000003,28.45844,29.163490000000003,51928.0
2023-06-19,29.163490000000003,29.163490000000003,28.84301,29.067349999999998,24448.0
2023-06-20,28.84301,29.483970000000003,28.58663,29.483970000000003,33456.0
2023-06-21,29.483970000000003,29.483970000000003,28.52253,29.35578,115284.0
2023-06-22,29.227580000000003,29.451919999999998,28.52253,29.163490000000003,24336.0
2023-06-23,29.131439999999998,29.131439999999998,28.58663,29.0353,6573.0
2023-06-26,28.39434,30.990209999999998,28.202060000000003,30.990209999999998,46891.0
2023-06-27,29.227580000000003,30.47745,29.227580000000003,30.47745,28977.0
2023-06-28,29.227580000000003,30.445400000000003,29.227580000000003,30.12492,44152.0
2023-06-29,30.12492,30.12492,29.483970000000003,29.7724,18022.0
2023-06-30,29.93264,29.93264,29.483970000000003,29.61216,29498.0
2023-07-03,29.99673,29.99673,29.35578,29.74035,33001.0
2023-07-04,29.74035,29.93264,29.483970000000003,29.93264,33707.0
2023-07-05,30.31721,30.31721,29.483970000000003,30.09288,110115.0
2023-07-06,30.445400000000003,30.445400000000003,29.483970000000003,29.99673,45628.0
2023-07-07,29.54806,30.060830000000003,29.483970000000003,30.060830000000003,27438.0
2023-07-10,30.413349999999998,30.413349999999998,29.483970000000003,29.99673,120055.0
2023-07-11,29.86854,30.445400000000003,29.86854,30.28516,105134.0
2023-07-12,30.47745,30.765880000000003,29.80445,30.57359,121591.0
2023-07-13,29.90059,31.08636,29.90059,30.86202,74313.0
2023-07-14,30.82997,30.82997,30.445400000000003,30.765880000000003,22043.0
2023-07-17,31.08636,31.08636,30.445400000000003,30.89407,39265.0
2023-07-18,30.82997,31.08636,29.54806,31.08636,84552.0
2023-07-19,31.05431,31.08636,30.31721,31.05431,39576.0
2023-07-20,30.765880000000003,30.95817,30.5095,30.82997,23882.0
2023-07-21,30.82997,30.82997,30.25311,30.70178,75609.0
2023-07-24,30.70178,31.08636,30.349259999999997,30.66974,102404.0
2023-07-25,30.70178,30.765880000000003,30.381310000000003,30.381310000000003,93743.0
2023-07-26,30.381310000000003,30.413349999999998,30.12492,30.25311,72951.0
2023-07-27,30.445400000000003,30.765880000000003,30.25311,30.63769,295576.0
2023-07-28,30.765880000000003,30.95817,29.74035,30.95817,171291.0
2023-07-31,31.08636,31.47093,30.765880000000003,31.43888,161111.0
2023-08-01,31.727310000000003,31.727310000000003,31.08636,31.43888,182807.0
2023-08-02,31.43888,31.79141,30.381310000000003,31.727310000000003,193656.0
2023-08-03,30.95817,31.56707,30.86202,31.406830000000003,143690.0
2023-08-04,31.59912,31.59912,31.05431,31.53503,103211.0
2023-08-07,31.727310000000003,31.9196,30.82997,31.663220000000003,210129.0
2023-08-08,31.1825,31.79141,31.02226,31.53503,44781.0
2023-08-09,31.08636,31.53503,30.12492,31.406830000000003,64165.0
2023-08-10,31.342740000000003,31.342740000000003,30.765880000000003,31.342740000000003,54611.0
2023-08-11,31.08636,31.406830000000003,31.02226,31.406830000000003,34594.0
2023-08-14,31.08636,31.406830000000003,31.02226,31.27864,55429.0
2023-08-15,31.37479,31.406830000000003,30.95817,31.37479,76444.0
2023-08-16,31.37479,31.47093,31.05431,31.43888,75969.0
2023-08-17,31.56707,31.56707,31.08636,31.08636,134539.0
2023-08-18,30.926119999999997,30.990209999999998,29.86854,30.765880000000003,135894.0
2023-08-21,29.67625,31.08636,29.67625,31.08636,55516.0
2023-08-22,31.08636,31.59912,29.99673,31.59912,40665.0
2023-08-23,31.08636,31.37479,30.765880000000003,31.37479,74861.0
2023-08-24,30.95817,32.30417,30.445400000000003,31.727310000000003,254082.0
2023-08-25,31.406830000000003,32.04779,30.89407,31.98369,111730.0
2023-08-28,31.8555,32.36827,31.8555,32.17598,284167.0
2023-08-29,32.24008,32.75284,32.17598,32.30417,223083.0
2023-08-30,32.24008,32.36827,30.765880000000003,32.36827,260229.0
2023-08-31,32.43236,32.49646,32.04779,32.43236,170903.0
2023-09-05,32.43236,32.68875,31.406830000000003,32.56056,128993.0
2023-09-06,32.68875,32.68875,31.8555,32.49646,159153.0
2023-09-07,32.49646,32.49646,31.9196,32.11189,78875.0
2023-09-08,32.11189,32.62465,30.89407,32.36827,199890.0
2023-09-11,32.36827,32.56056,31.663220000000003,32.11189,52219.0
2023-09-12,31.75936,32.43236,30.765880000000003,32.43236,476552.0
2023-09-13,32.43236,32.43236,31.9196,31.9196,53723.0
2023-09-14,31.9196,32.04779,30.765880000000003,31.727310000000003,502846.0
2023-09-15,31.75936,31.9196,31.27864,31.9196,36198.0
2023-09-18,31.47093,31.47093,31.08636,31.27864,14112.0
2023-09-19,30.86202,31.695259999999998,30.79793,31.695259999999998,92502.0
2023-09-20,33.00922,33.00922,31.08636,31.342740000000003,60961.0
2023-09-21,31.342740000000003,31.342740000000003,31.02226,31.27864,47143.0
2023-09-22,31.27864,31.53503,30.12492,31.406830000000003,216932.0
2023-09-25,31.406830000000003,31.56707,30.79793,31.15045,63503.0
2023-09-26,30.765880000000003,31.27864,30.765880000000003,30.82997,21768.0
2023-09-27,30.82997,31.27864,30.25311,31.27864,29342.0
2023-09-28,30.381310000000003,31.246599999999997,30.22107,30.765880000000003,93251.0
2023-09-29,30.5095,30.82997,30.12492,30.63769,35797.0
2023-10-02,30.79793,30.95817,30.12492,30.63769,66965.0
2023-10-03,30.63769,30.63769,29.80445,30.18902,93731.0
2023-10-04,29.483970000000003,30.445400000000003,28.52253,30.445400000000003,264036.0
2023-10-05,30.95817,30.95817,29.54806,30.25311,17727.0
2023-10-06,30.060830000000003,30.445400000000003,29.80445,30.445400000000003,28235.0
2023-10-09,30.28516,30.990209999999998,30.12492,30.89407,65658.0
2023-10-10,30.5095,31.406830000000003,29.80445,31.310689999999997,124242.0
2023-10-11,30.57359,31.59912,30.57359,31.406830000000003,45907.0
2023-10-12,31.53503,32.30417,30.70178,32.30417,151094.0
2023-10-13,32.04779,32.04779,31.1184,32.01574,47509.0
2023-10-16,31.406830000000003,32.01574,30.12492,31.08636,94836.0
2023-10-17,31.406830000000003,31.406830000000003,30.54154,31.08636,34316.0
2023-10-18,31.08636,31.08636,29.163490000000003,30.70178,112630.0
2023-10-19,30.57359,30.765880000000003,29.74035,30.70178,66652.0
2023-10-20,30.70178,30.70178,29.86854,30.57359,22348.0
2023-10-23,30.12492,30.12492,29.67625,30.12492,92099.0
2023-10-24,29.61216,30.12492,28.84301,29.483970000000003,167734.0
2023-10-25,30.349259999999997,30.349259999999997,29.483970000000003,29.86854,20042.0
2023-10-26,29.19554,29.38782,28.202060000000003,28.234099999999998,228927.0
2023-10-27,28.266150000000003,29.0353,28.266150000000003,28.77892,14239.0
2023-10-30,28.266150000000003,28.84301,28.266150000000003,28.68277,121921.0
2023-10-31,27.881580000000003,28.52253,27.497,27.881580000000003,111964.0
2023-11-01,27.5611,27.881580000000003,26.21509,27.881580000000003,75313.0
2023-11-02,27.91363,28.49049,27.68929,28.49049,96601.0
2023-11-03,28.266150000000003,28.68277,28.202060000000003,28.68277,129886.0
2023-11-06,29.163490000000003,29.163490000000003,28.33025,28.84301,32005.0
2023-11-07,28.90711,29.483970000000003,28.90711,29.483970000000003,60921.0
2023-11-08,29.51602,29.99673,29.483970000000003,29.80445,42441.0
2023-11-09,30.15697,30.15697,29.61216,29.93264,43265.0
2023-11-10,30.12492,30.12492,29.227580000000003,29.7724,121605.0
2023-11-13,29.61216,29.99673,29.61216,29.644209999999998,173029.0
2023-11-14,29.644209999999998,30.381310000000003,29.483970000000003,30.381310000000003,229059.0
2023-11-15,30.765880000000003,30.765880000000003,30.31721,30.31721,115814.0
2023-11-16,30.57359,30.57359,30.15697,30.445400000000003,101885.0
2023-11-17,30.5095,30.765880000000003,30.15697,30.413349999999998,35765.0
2023-11-20,30.31721,30.765880000000003,30.18902,30.31721,58992.0
2023-11-21,30.73383,31.727310000000003,29.80445,31.727310000000003,367010.0
2023-11-22,31.727310000000003,31.9196,31.406830000000003,31.695259999999998,43614.0
2023-11-23,31.82346,31.82346,30.70178,30.79793,77485.0
2023-11-24,30.79793,31.27864,30.47745,31.27864,67429.0
2023-11-27,31.27864,31.27864,30.79793,31.21455,80100.0
2023-11-28,31.37479,31.37479,30.89407,31.246599999999997,64055.0
2023-11-29,31.406830000000003,31.53503,30.89407,31.37479,644234.0
2023-11-30,31.53503,31.53503,29.80445,31.342740000000003,200468.0
2023-12-01,31.342740000000003,31.342740000000003,30.765880000000003,31.27864,78338.0
2023-12-04,31.246599999999997,31.27864,30.70178,31.02226,186101.0
2023-12-05,31.04041,31.53182,30.75376,31.327060000000003,87931.0
2023-12-06,31.327060000000003,32.06417,31.327060000000003,31.94132,151145.0
2023-12-07,31.94132,32.14607,31.04041,31.61372,320803.0
2023-12-08,31.859419999999997,31.90037,31.163259999999998,31.90037,229812.0
2023-12-11,31.40896,31.90037,31.368009999999998,31.81847,44619.0
2023-12-12,31.368009999999998,31.94132,31.368009999999998,31.94132,340290.0
2023-12-13,31.98227,31.98227,30.3033,31.859419999999997,265959.0
2023-12-14,31.44991,31.94132,31.40896,31.859419999999997,148093.0
2023-12-15,31.859419999999997,31.94132,31.61372,31.94132,326011.0
2023-12-18,31.94132,32.02322,31.61372,32.02322,83786.0
2023-12-19,31.859419999999997,31.859419999999997,31.24516,31.859419999999997,26108.0
2023-12-20,31.90037,31.94132,31.368009999999998,31.859419999999997,12903.0
2023-12-21,31.695619999999998,32.10512,31.53182,32.06417,36623.0
2023-12-22,32.06417,32.76033,30.3033,32.43272,254245.0
2023-12-25,32.39177,33.08793,32.39177,33.08793,165548.0
2023-12-26,33.906940000000006,33.906940000000006,33.08793,33.579339999999995,174232.0
2023-12-27,33.78409,33.78409,31.28611,33.579339999999995,319906.0
2023-12-28,33.579339999999995,33.988839999999996,31.53182,33.74314,581809.0
2023-12-29,33.74314,35.62686,31.77752,35.62686,882090.0
2024-01-02,35.62686,36.40491,35.62686,36.11826,148034.0
2024-01-03,37.182970000000005,37.182970000000005,35.708760000000005,36.15921,141840.0
2024-01-04,36.69157,36.69157,35.62686,35.91351,88442.0
2024-01-05,36.323010000000004,36.323010000000004,35.05355,35.217349999999996,89861.0
2024-01-08,35.1764,35.1764,32.76033,33.94789,399627.0
2024-01-09,33.988839999999996,33.988839999999996,33.456480000000006,33.74314,99577.0
2024-01-10,33.456480000000006,33.906940000000006,33.456480000000006,33.86599,84570.0
2024-01-11,33.579339999999995,33.70219,33.006029999999996,33.456480000000006,286650.0
2024-01-12,33.41553,33.41553,32.80128,33.169830000000005,150670.0
2024-01-15,32.92413,33.128879999999995,31.122310000000002,32.92413,390274.0
2024-01-16,33.006029999999996,33.169830000000005,32.514630000000004,33.169830000000005,57015.0
2024-01-17,33.128879999999995,33.25173,32.63748,32.76033,181212.0
2024-01-18,32.514630000000004,32.71938,32.35082,32.35082,228446.0
2024-01-19,32.43272,33.006029999999996,30.63091,32.76033,419105.0
2024-01-22,33.006029999999996,33.006029999999996,32.47367,32.76033,166860.0
2024-01-23,32.76033,32.76033,31.90037,32.14607,149607.0
2024-01-24,31.81847,32.22797,30.75376,32.14607,265339.0
2024-01-25,32.14607,32.14607,31.859419999999997,32.10512,73148.0
2024-01-26,31.94132,32.71938,31.94132,32.67843,122548.0
2024-01-29,32.67843,32.71938,32.35082,32.55558,58821.0
2024-01-30,32.26892,32.76033,32.10512,32.76033,64292.0
2024-01-31,32.10512,32.71938,32.10512,32.67843,120937.0
2024-02-01,32.187020000000004,33.74314,32.187020000000004,33.49743,121471.0
2024-02-02,33.49743,34.39834,33.046980000000005,34.39834,144750.0
2024-02-05,34.23454,34.35739,33.74314,34.27549,60103.0
2024-02-06,33.70219,33.82504,33.29268,33.53839,138115.0
2024-02-07,33.49743,33.53839,31.98227,33.37458,168383.0
2024-02-15,33.169830000000005,33.33363,32.76033,33.33363,105807.0
2024-02-16,33.169830000000005,33.25173,32.80128,33.128879999999995,122531.0
2024-02-19,33.169830000000005,33.25173,31.98227,33.169830000000005,180877.0
2024-02-20,33.046980000000005,33.128879999999995,32.84223,33.128879999999995,204243.0
2024-02-21,33.169830000000005,33.169830000000005,32.76033,32.92413,89448.0
2024-02-22,32.92413,32.92413,32.55558,32.84223,72791.0
2024-02-23,32.80128,32.92413,32.55558,32.67843,80812.0
2024-02-26,32.67843,32.92413,32.35082,32.76033,102410.0
2024-02-27,32.76033,32.92413,32.26892,32.92413,135538.0
2024-02-28,32.92413,32.92413,32.43272,32.76033,177409.0
2024-02-29,32.76033,32.76033,30.79471,32.71938,347923.0
2024-03-01,32.71938,34.15264,32.71938,33.74314,261379.0
2024-03-04,33.66124,33.66124,33.41553,33.41553,379701.0
2024-03-05,33.169830000000005,33.78409,31.49086,33.78409,605413.0
2024-03-06,33.78409,33.78409,33.006029999999996,33.579339999999995,78154.0
2024-03-07,33.41553,33.41553,32.88318,33.046980000000005,114610.0
2024-03-08,33.006029999999996,33.006029999999996,32.35082,32.59653,185186.0
2024-03-11,32.59653,32.59653,31.163259999999998,32.10512,464222.0
2024-03-12,31.94132,33.53839,31.163259999999998,33.25173,529211.0
2024-03-13,33.53839,35.05355,33.456480000000006,34.35739,387480.0
2024-03-14,34.35739,34.35739,33.169830000000005,34.11169,247783.0
2024-03-15,34.11169,34.11169,32.76033,33.988839999999996,220250.0
2024-03-18,33.94789,33.94789,32.514630000000004,33.53839,205589.0
2024-03-19,33.33363,33.33363,32.47367,32.514630000000004,187953.0
2024-03-20,32.59653,32.80128,32.10512,32.80128,139485.0
2024-03-21,32.76033,32.76033,31.20421,32.59653,1094140.0
2024-03-22,32.43272,33.08793,31.53182,32.76033,292859.0
2024-03-25,32.76033,33.08793,32.10512,32.187020000000004,112011.0
2024-03-26,32.187020000000004,33.25173,31.859419999999997,32.88318,1049669.0
2024-03-27,32.88318,32.96508,32.43272,32.88318,170110.0
2024-03-28,32.76033,33.128879999999995,32.76033,33.128879999999995,195428.0
2024-03-29,33.128879999999995,33.128879999999995,32.43272,32.71938,134125.0
2024-04-01,32.71938,32.92413,32.35082,32.92413,335230.0
2024-04-02,32.92413,32.96508,32.59653,32.88318,216259.0
2024-04-03,32.84223,35.1764,32.76033,35.1764,988936.0
2024-04-04,36.85537,37.63343,36.732519999999994,37.63343,1959830.0
2024-04-05,37.26487,40.1314,37.26487,38.73909,853277.0
2024-04-08,38.08388,40.540910000000004,36.03636,36.89632,1097462.0
2024-04-09,36.89632,39.47619,36.89632,39.31239,582054.0
2024-04-10,39.7219,40.1314,38.820989999999995,40.0495,720928.0
2024-04-11,39.7219,39.7219,38.943839999999994,39.39429,334578.0
2024-04-12,39.7219,40.3771,38.65719,40.3771,601060.0
2024-04-15,40.540910000000004,40.540910000000004,37.55153,37.55153,1205314.0
2024-04-16,37.26487,37.55153,35.05355,37.55153,866363.0
2024-04-17,37.510580000000004,37.92008,35.95446,36.15921,683767.0
2024-04-19,35.4221,35.46305,33.66124,34.02979,1721046.0
2024-04-22,34.72595,35.0126,34.19358999999999,34.685,263056.0
2024-04-23,34.72595,36.85537,32.26892,35.05355,2046883.0
2024-04-24,35.708760000000005,37.10107,35.708760000000005,37.10107,744473.0
2024-04-25,37.10107,38.493379999999995,36.52777,36.52777,1276589.0
2024-04-26,36.282059999999994,36.93727,35.99541000000001,36.56872,503321.0
2024-05-02,37.182970000000005,38.16578,36.36396,37.797230000000006,1140169.0
2024-05-03,37.83818,38.16578,36.93727,36.93727,954514.0
2024-05-06,37.182970000000005,38.493379999999995,36.44586,38.37053,1301009.0
2024-05-07,38.90289,40.49995,38.493379999999995,39.680949999999996,952065.0
2024-05-08,39.680949999999996,42.424620000000004,38.943839999999994,42.424620000000004,1001969.0
2024-05-09,45.373050000000006,45.373050000000006,44.39024,45.373050000000006,1356270.0
2024-05-10,48.32148,48.485279999999996,46.765370000000004,48.239580000000004,3003530.0
2024-05-13,49.14049,49.14049,46.51967,47.83008,1460901.0
2024-05-14,47.83008,51.10611,47.83008,51.10611,1474094.0
2024-05-15,53.15363,53.97264,51.597519999999996,51.597519999999996,1958231.0
2024-05-16,51.92512,52.17082,49.46809,49.6319,3486211.0
2024-05-17,49.9595,50.778510000000004,49.46809,50.2052,2850473.0
2024-05-20,50.778510000000004,50.778510000000004,47.99388,48.32148,3966350.0
2024-05-21,49.058589999999995,51.43371,48.07578,50.369,1961731.0
2024-05-22,50.86041,52.00702,49.30429,50.1233,1586510.0
2024-05-23,50.1233,52.74413,50.0414,52.08892,3067313.0
2024-05-24,51.597519999999996,52.08892,48.73099,48.89479,2642511.0
2024-05-27,49.55,50.0414,46.68347,48.32148,2267777.0
2024-05-28,48.976690000000005,51.10611,48.485279999999996,50.86041,1480948.0
2024-05-29,50.86041,51.92512,49.14049,49.14049,2386137.0
2024-05-30,48.32148,49.22239,47.584379999999996,48.485279999999996,1815197.0
2024-05-31,49.14049,50.287099999999995,48.73099,49.8776,1018730.0
2024-06-03,50.450900000000004,53.31743,50.450900000000004,53.31743,4467555.0
2024-06-04,55.28305,57.00297,54.95545,56.102059999999994,2792742.0
2024-06-05,56.839169999999996,58.96859,55.037349999999996,55.037349999999996,2544368.0
2024-06-06,56.020160000000004,56.75727,55.20115,56.020160000000004,2178517.0
2024-06-07,56.92107,57.08487,55.36495,56.020160000000004,1434807.0
2024-06-10,56.92107,57.00297,55.77446,56.92107,1238432.0
2024-06-11,56.92107,58.14958,55.11925,56.18396,2252912.0
2024-06-12,56.020160000000004,57.74008,55.528760000000005,57.00297,2037503.0
2024-06-13,58.14958,59.050489999999996,57.33057,57.33057,1469385.0
2024-06-14,57.49437,61.09801,56.59347,57.33057,3532545.0
2024-06-17,57.49437,58.14958,55.61066,55.61066,3820311.0
2024-06-18,56.34776,56.839169999999996,55.85636,56.020160000000004,1394227.0
2024-06-19,56.020160000000004,57.74008,55.20115,57.24867,2328447.0
2024-06-20,57.33057,58.72289,56.59347,57.24867,1701406.0
2024-06-21,57.74008,58.88669,56.92107,57.82198,2023737.0
2024-06-24,57.65818,57.74008,53.80884,54.38214,3820556.0
2024-06-25,54.05454,54.87355,51.597519999999996,52.17082,2270775.0
2024-06-26,53.15363,53.481230000000004,51.515620000000006,53.07173,1166295.0
2024-06-27,53.15363,53.15363,51.92512,51.92512,1185979.0
2024-06-28,51.92512,52.252720000000004,49.713800000000006,49.9595,1963164.0
2024-07-01,50.0414,51.43371,49.9595,51.02421,1150742.0
2024-07-02,51.10611,52.08892,51.02421,51.76132,1103090.0
2024-07-03,51.84322,51.84322,51.10611,51.43371,989313.0
2024-07-04,51.597519999999996,52.74413,51.43371,52.74413,1433365.0
2024-07-05,53.23553,54.13644,52.33462,52.580330000000004,1415652.0
2024-07-08,53.07173,53.56314,52.00702,52.252720000000004,1001742.0
2024-07-09,52.41652,52.826029999999996,51.35181,52.826029999999996,1727027.0
2024-07-10,53.23553,55.28305,53.23553,54.21834,2534054.0
2024-07-11,55.28305,55.28305,53.15363,53.39933,1077543.0
2024-07-12,52.90793,53.64504,51.597519999999996,52.252720000000004,1456347.0
2024-07-15,52.252720000000004,52.826029999999996,50.369,50.86041,1590329.0
2024-07-16,50.86041,51.10611,49.14049,49.14049,1904336.0
2024-07-17,48.89479,49.55,45.700660000000006,46.02826,2229208.0
2024-07-18,46.02826,47.09297,45.94636,46.847269999999995,1354351.0
2024-07-19,47.42057,47.42057,45.61876,45.86446,1042498.0
2024-07-22,45.045449999999995,45.78256,43.98074,44.308339999999994,1275148.0
2024-07-23,44.472139999999996,45.86446,44.308339999999994,44.308339999999994,1059635.0
2024-07-24,43.48933,44.88165,42.91603,44.635949999999994,811274.0
2024-07-25,43.07983,44.554050000000004,43.07983,43.73504,730510.0
2024-07-26,44.226440000000004,46.27396,44.14454,46.27396,1104514.0
2024-07-29,47.174870000000006,47.174870000000006,45.78256,46.35586,879152.0
2024-07-30,46.35586,46.51967,44.472139999999996,45.373050000000006,941749.0
2024-07-31,44.635949999999994,45.53686,44.39024,45.045449999999995,647855.0
2024-08-01,45.700660000000006,45.700660000000006,41.93322,41.93322,1321000.0
2024-08-02,41.032309999999995,42.997930000000004,41.032309999999995,42.834129999999995,825356.0
2024-08-05,41.85132,42.58843,39.84475,39.84475,1539482.0
2024-08-06,40.213300000000004,41.19611,39.64,41.032309999999995,688575.0
2024-08-07,41.44181,42.01512,40.540910000000004,41.76942,586599.0
2024-08-08,41.68752,41.85132,39.76285,39.8857,928768.0
2024-08-09,40.74566,41.68752,40.3771,41.60562,1008481.0
2024-08-12,41.44181,42.834129999999995,41.44181,42.424620000000004,858236.0
2024-08-13,42.67033,43.32553,41.76942,42.17892,881490.0
2024-08-14,42.752230000000004,42.834129999999995,40.950410000000005,41.68752,1050721.0
2024-08-15,41.60562,41.60562,40.62281,40.74566,490698.0
2024-08-16,41.11421,42.834129999999995,41.11421,42.752230000000004,1347166.0
2024-08-19,42.834129999999995,43.98074,42.834129999999995,43.40743,778273.0
2024-08-20,43.65314,44.472139999999996,43.32553,43.48933,787282.0
2024-08-21,43.89884,44.06264,42.997930000000004,43.07983,943933.0
2024-08-22,43.65314,45.12735,43.32553,44.79975,1603944.0
2024-08-23,44.71785,44.71785,43.81694,44.06264,807398.0
2024-08-26,44.14454,44.472139999999996,42.997930000000004,43.243629999999996,796624.0
2024-08-27,43.243629999999996,43.243629999999996,42.67033,42.997930000000004,623995.0
2024-08-28,42.91603,43.48933,42.752230000000004,42.834129999999995,463971.0
2024-08-29,42.752230000000004,44.06264,42.67033,43.81694,1041828.0
2024-08-30,43.81694,43.89884,43.243629999999996,43.243629999999996,350203.0
2024-09-04,42.424620000000004,43.40743,42.424620000000004,43.40743,636296.0
2024-09-05,43.40743,43.40743,42.58843,42.67033,592904.0
2024-09-06,42.58843,42.91603,42.09701999999999,42.424620000000004,456139.0
2024-09-09,42.17892,42.34272,41.60562,41.76942,520183.0
2024-09-10,41.68752,42.01512,40.540910000000004,40.540910000000004,588765.0
2024-09-11,40.950410000000005,41.44181,40.49995,41.19611,446870.0
2024-09-12,41.76942,41.85132,41.359910000000006,41.60562,231618.0
2024-09-13,41.76942,42.17892,41.11421,41.85132,387792.0
2024-09-16,41.85132,42.09701999999999,41.27801,41.27801,296024.0
2024-09-17,41.11421,41.68752,40.950410000000005,41.68752,279953.0
2024-09-18,41.85132,43.65314,41.76942,42.997930000000004,1328220.0
2024-09-19,43.07983,43.32553,42.26082,42.752230000000004,493358.0
2024-09-20,43.40743,43.65314,42.67033,42.67033,651105.0
2024-09-23,42.997930000000004,42.997930000000004,41.76942,41.85132,615720.0
2024-09-24,42.17892,42.424620000000004,41.85132,42.424620000000004,280197.0
2024-09-25,42.58843,42.752230000000004,42.09701999999999,42.17892,515795.0
2024-09-26,42.424620000000004,42.67033,41.85132,42.17892,577257.0
2024-09-27,42.09701999999999,42.50653,41.60562,41.76942,458174.0
2024-09-30,41.76942,41.93322,41.60562,41.60562,291695.0
2024-10-01,41.76942,42.91603,41.76942,42.50653,883188.0
2024-10-02,42.26082,42.34272,41.76942,41.85132,293227.0
2024-10-03,42.01512,42.26082,41.27801,41.27801,533557.0
2024-10-04,41.359910000000006,41.68752,41.11421,41.11421,340068.0
2024-10-07,41.359910000000006,41.44181,41.032309999999995,41.11421,220630.0
2024-10-08,41.11421,41.19611,40.62281,40.70471,402010.0
2024-10-09,40.74566,41.93322,40.74566,41.76942,352100.0
2024-10-10,42.17892,44.06264,41.93322,43.81694,2913396.0
2024-10-11,43.98074,43.98074,43.243629999999996,43.40743,521857.0
2024-10-14,43.81694,44.88165,43.40743,43.48933,690963.0
2024-10-15,43.48933,43.73504,42.26082,42.58843,908123.0
2024-10-16,42.50653,43.07983,42.34272,42.58843,429761.0
2024-10-17,42.752230000000004,43.32553,42.58843,43.161730000000006,405571.0
2024-10-18,43.161730000000006,43.40743,42.67033,42.67033,406925.0
2024-10-21,42.67033,43.73504,42.58843,43.73504,1384379.0
2024-10-22,43.73504,43.81694,40.82756,42.34272,667674.0
2024-10-23,42.424620000000004,42.50653,41.93322,42.09701999999999,420397.0
2024-10-24,42.09701999999999,42.09701999999999,41.359910000000006,41.44181,625751.0
2024-10-25,41.523720000000004,41.68752,41.19611,41.523720000000004,175868.0
2024-10-28,41.68752,42.34272,41.60562,42.01512,301337.0
2024-10-29,42.01512,43.81694,42.01512,43.243629999999996,1046505.0
2024-10-30,43.65314,43.65314,42.834129999999995,43.161730000000006,306239.0
2024-10-31,43.243629999999996,43.243629999999996,42.50653,42.50653,410231.0
2024-11-01,42.26082,42.34272,41.44181,41.44181,996535.0
2024-11-04,41.359910000000006,42.09701999999999,40.950410000000005,42.01512,671031.0
2024-11-05,41.523720000000004,42.01512,41.359910000000006,41.359910000000006,594518.0
2024-11-06,41.85132,42.01512,41.60562,41.93322,525898.0
2024-11-07,42.50653,44.79975,42.09701999999999,43.40743,4191105.0
2024-11-08,43.81694,45.20925,43.571239999999996,43.98074,4893843.0
2024-11-11,44.71785,47.01107,44.71785,47.01107,7480277.0
2024-11-12,47.91198,48.15768,46.27396,47.83008,2819767.0
2024-11-13,47.09297,48.15768,46.68347,48.15768,2998159.0
2024-11-14,48.32148,48.73099,46.02826,46.68347,2626910.0
2024-11-15,46.02826,47.91198,44.79975,47.42057,4616552.0
2024-11-18,47.42057,47.502480000000006,45.86446,47.256769999999996,1617836.0
2024-11-19,47.42057,47.42057,43.98074,43.98074,3053623.0
2024-11-20,43.40743,44.14454,41.359910000000006,44.06264,2753669.0
2024-11-21,44.06264,44.226440000000004,42.997930000000004,44.226440000000004,1050319.0
2024-11-22,44.554050000000004,45.45495,43.48933,43.65314,2130900.0
2024-11-25,43.161730000000006,43.81694,42.26082,43.243629999999996,2206760.0
2024-11-26,43.161730000000006,43.89884,42.58843,43.65314,1732674.0
2024-11-27,43.571239999999996,44.79975,43.243629999999996,44.226440000000004,2366579.0
2024-11-28,44.635949999999994,45.45495,44.06264,44.554050000000004,2216282.0
2024-11-29,44.71785,47.09297,44.71785,46.51967,3614653.0
2024-12-02,47.256769999999996,47.256769999999996,45.700660000000006,46.11016,1718957.0
2024-12-03,46.19206,48.89479,46.02826,47.74818,4355275.0
2024-12-04,47.74818,47.74818,46.27396,46.27396,2942026.0
2024-12-05,46.35586,47.33867,45.53686,46.68347,3681215.0
2024-12-06,47.99388,48.649089999999994,47.01107,47.42057,2865901.0
2024-12-09,47.83008,47.91198,46.35586,46.437760000000004,2719333.0
2024-12-10,46.437760000000004,46.765370000000004,45.53686,46.35586,2966478.0
2024-12-11,46.60157,47.83008,46.35586,46.68347,2241440.0
2024-12-12,46.765370000000004,47.174870000000006,45.61876,45.61876,2566762.0
2024-12-13,45.29115,45.53686,44.39024,44.39024,3119697.0
2024-12-16,44.635949999999994,45.700660000000006,44.39024,45.61876,1835921.0
2024-12-17,45.61876,45.78256,44.88165,45.045449999999995,1095523.0
2024-12-18,45.12735,45.700660000000006,45.12735,45.53686,1391045.0
2024-12-19,45.045449999999995,46.437760000000004,44.635949999999994,46.27396,2981965.0
2024-12-20,46.51967,46.92917,46.11016,46.27396,2138958.0
2024-12-23,46.437760000000004,46.60157,45.53686,45.700660000000006,2383356.0
2024-12-24,45.700660000000006,46.02826,44.79975,45.045449999999995,2270828.0
2024-12-25,45.700660000000006,46.35586,45.373050000000006,45.78256,2060886.0
2024-12-26,46.19206,46.19206,45.373050000000006,45.373050000000006,1404999.0
2024-12-27,45.20925,45.373050000000006,44.06264,44.14454,3247391.0
2024-12-30,44.5459,45.000449999999994,44.5459,44.63681,965855.0
2024-12-31,44.81863,45.31864,44.500440000000005,44.77318,960004.0
2025-01-02,45.000449999999994,45.000449999999994,44.5459,44.81863,514663.0
2025-01-03,44.81863,45.81864,44.77318,44.86408,1897073.0
2025-01-06,44.90954,45.22772,44.09135,44.5459,1151971.0
2025-01-07,44.63681,44.81863,43.6368,43.773160000000004,1658112.0
2025-01-08,43.86408,43.86408,42.7277,42.90951999999999,1774870.0
2025-01-09,43.00043,43.1368,41.818599999999996,41.818599999999996,1647467.0
2025-01-10,41.818599999999996,42.18224,40.59132,40.59132,1787467.0
2025-01-13,40.273129999999995,40.81858999999999,39.90949,40.72768,1583970.0
2025-01-14,41.182230000000004,41.318599999999996,40.72768,40.72768,587649.0
2025-01-15,41.09132,41.182230000000004,40.9095,41.00041,468046.0
2025-01-16,41.63678,42.18224,41.364050000000006,41.909510000000004,958342.0
2025-01-17,41.909510000000004,43.18225,41.818599999999996,43.1368,1358077.0
2025-01-20,43.454980000000006,43.454980000000006,42.364059999999995,42.364059999999995,676387.0
2025-01-21,42.40951999999999,43.1368,42.40951999999999,42.68224,670790.0
2025-01-22,42.7277,43.04588,42.18224,42.18224,545360.0
2025-01-23,42.7277,43.81862,42.54588,43.18225,883768.0
2025-01-24,43.273160000000004,43.54589,42.63679,42.81861,731645.0
2025-02-03,40.273129999999995,41.4095,40.273129999999995,40.72768,1988952.0
2025-02-04,41.09132,41.364050000000006,40.95496,41.27314,796495.0
2025-02-05,41.45496,41.818599999999996,41.22768,41.63678,774889.0
2025-02-06,41.818599999999996,41.909510000000004,40.9095,41.09132,747433.0
2025-02-07,41.09132,41.182230000000004,40.86404,40.86404,929999.0
2025-02-10,40.86404,40.86404,40.04586,40.04586,1855505.0
2025-02-11,40.273129999999995,40.77314,40.13676,40.59132,801533.0
2025-02-12,40.72768,41.59133,40.72768,41.22768,864097.0
2025-02-13,41.364050000000006,41.364050000000006,40.9095,41.13678,565681.0
2025-02-14,41.45496,41.45496,40.9095,40.9095,812720.0
2025-02-17,40.9095,40.9095,40.5004,40.5004,918438.0
2025-02-18,40.54586,40.81858999999999,40.45495,40.54586,591473.0
2025-02-19,40.59132,41.182230000000004,40.45495,41.13678,1061879.0
2025-02-20,41.22768,41.318599999999996,40.77314,40.81858999999999,677738.0
2025-02-21,40.9095,40.9095,40.5004,40.63677,881416.0
2025-02-24,40.63677,40.63677,40.0004,40.13676,1670301.0
2025-02-25,40.273129999999995,40.54586,40.0004,40.18222,940841.0
2025-02-26,40.22768,40.9095,40.18222,40.54586,953685.0
2025-02-27,40.81858999999999,40.81858999999999,40.273129999999995,40.4095,527398.0
2025-02-28,40.4095,40.59132,40.22768,40.36404,795075.0
2025-03-03,40.36404,40.72768,40.273129999999995,40.318580000000004,648009.0
2025-03-04,40.13676,40.22768,39.86404,40.13676,1095942.0
2025-03-05,40.13676,40.59132,40.0004,40.0004,646199.0
2025-03-06,40.13676,40.72768,40.0004,40.54586,1054787.0
2025-03-07,40.72768,40.77314,40.273129999999995,40.318580000000004,597641.0
2025-03-10,40.45495,40.45495,39.90949,39.95494,911253.0
2025-03-11,39.13675,39.36403,39.04584,39.18221,1604117.0
2025-03-12,39.18221,39.40948,38.40948,38.40948,1811769.0
2025-03-13,38.63675,39.45494,38.54584,38.591300000000004,846079.0
2025-03-14,38.90948,38.90948,37.54583,37.727650000000004,1208665.0
2025-03-17,37.95493,38.04584,37.31856,37.36401,588267.0
2025-03-18,37.31856,38.09129,37.31856,37.90947,565566.0
2025-03-19,38.00038,38.09129,37.36401,37.40947,573420.0
2025-03-20,37.40947,37.81856,36.95492,37.40947,575297.0
2025-03-21,37.40947,37.95493,37.40947,37.727650000000004,477134.0
2025-03-24,37.727650000000004,38.00038,37.31856,37.45492,359576.0
2025-03-25,37.50038,37.636739999999996,37.31856,37.31856,448377.0
2025-03-26,37.31856,37.31856,35.81854,36.091269999999994,1410252.0
2025-03-27,35.90945,36.54582,35.591260000000005,36.31854,663824.0
2025-03-28,36.31854,36.31854,35.72763,35.72763,258438.0
2025-03-31,35.4549,35.4549,34.09125,34.5458,796055.0
2025-04-01,34.68216,35.18217,34.68216,35.0458,451917.0
2025-04-02,35.091260000000005,35.36399,34.63671,34.9549,333504.0
2025-04-03,32.54578,34.363980000000005,32.54578,32.54578,906859.0
2025-04-04,30.27303,30.727580000000003,30.27303,30.27303,1843035.0
2025-04-08,28.1821,28.81847,28.1821,28.1821,543643.0
2025-04-09,26.22754,26.90936,26.22754,26.22754,1994900.0
2025-04-10,28.045740000000002,28.045740000000002,28.045740000000002,28.045740000000002,823957.0
2025-04-11,28.045740000000002,30.0003,27.90937,30.0003,1656583.0
2025-04-14,31.54577,31.54577,30.27303,30.5003,822496.0
2025-04-15,29.682119999999998,29.77302,29.0912,29.13666,1197262.0
2025-04-16,28.909380000000002,29.0912,27.54573,27.54573,888761.0
2025-04-17,27.273,28.50028,27.273,28.45483,563541.0
2025-04-18,28.636650000000003,30.227580000000003,28.636650000000003,29.54575,1035826.0
2025-04-21,29.72757,29.77302,28.6821,28.72756,457913.0
2025-04-22,28.545740000000002,28.545740000000002,26.72754,27.90937,1537568.0
2025-04-23,28.636650000000003,28.81847,28.1821,28.5912,475309.0
2025-04-24,28.95484,29.77302,28.45483,29.0912,752801.0
2025-04-25,29.63666,29.682119999999998,28.77302,28.81847,512050.0
2025-04-28,28.909380000000002,29.31848,28.636650000000003,28.72756,341945.0
2025-04-29,28.77302,28.909380000000002,28.45483,28.5912,405746.0
2025-05-05,28.909380000000002,29.36393,28.5912,29.36393,589745.0
2025-05-06,29.63666,30.9094,29.63666,30.227580000000003,1574945.0
2025-05-07,30.36394,31.18213,30.227580000000003,30.227580000000003,1556771.0
2025-05-08,30.682119999999998,31.09122,29.90939,30.682119999999998,1325714.0
2025-05-09,30.81849,31.09122,30.454849999999997,30.63667,1148596.0
2025-05-12,30.727580000000003,31.18213,30.63667,30.81849,1047578.0
2025-05-13,31.18213,31.50032,31.000310000000002,31.136680000000002,1452376.0
2025-05-14,31.227580000000003,32.86397,31.227580000000003,32.81851,2528333.0
2025-05-15,33.545790000000004,33.6367,32.3185,32.90942,1485710.0
2025-05-16,32.90942,32.90942,31.77304,31.86396,1505242.0
2025-05-19,31.77304,31.77304,31.09122,31.09122,1252124.0
2025-05-20,31.36395,31.8185,30.95486,31.77304,814327.0
2025-05-21,31.72759,31.77304,30.9094,31.136680000000002,965255.0
2025-05-22,31.09122,31.09122,30.0003,30.182119999999998,1640367.0
2025-05-23,30.31848,30.81849,30.182119999999998,30.36394,707804.0
2025-05-26,30.36394,30.81849,29.86394,30.727580000000003,929374.0
2025-05-27,30.9094,31.68214,30.86394,31.40941,1058428.0
2025-05-28,31.636680000000002,32.04578,31.18213,31.36395,1159847.0
2025-05-29,31.68214,31.72759,31.09122,31.18213,618499.0
2025-05-30,31.36395,31.72759,30.86394,30.86394,781600.0
2025-06-02,32.27305,32.27305,31.227580000000003,31.50032,976708.0
2025-06-03,31.636680000000002,32.727599999999995,31.636680000000002,32.13668,1179920.0
2025-06-04,32.59124,32.59124,31.68214,31.77304,1095010.0
2025-06-05,31.8185,32.36396,31.68214,32.13668,1141477.0
2025-06-06,32.36396,32.36396,31.50032,31.50032,861354.0
2025-06-09,31.636680000000002,31.636680000000002,31.18213,31.18213,644626.0
2025-06-10,31.09122,31.86396,31.000310000000002,31.000310000000002,742287.0
2025-06-11,31.27304,32.50032,30.95486,32.36396,2338480.0
2025-06-12,32.727599999999995,32.727599999999995,32.227599999999995,32.27305,943265.0
2025-06-13,32.09123,32.09123,31.54577,31.86396,1441831.0
2025-06-16,31.8185,33.6367,31.59122,33.454879999999996,2671308.0
2025-06-17,33.59125,33.59125,32.90942,32.954879999999996,1092527.0
2025-06-18,33.1367,34.09125,33.09124,33.31852,1712698.0
2025-06-19,33.31852,33.31852,32.727599999999995,32.90942,961005.0
2025-06-20,32.90942,33.27306,32.77306,32.90942,776019.0
2025-06-23,32.54578,32.727599999999995,31.8185,32.54578,959363.0
2025-06-24,32.77306,33.545790000000004,32.77306,33.09124,1152129.0
2025-06-25,33.27306,34.000339999999994,33.27306,33.27306,1352595.0
2025-06-26,33.59125,33.59125,33.09124,33.18215,861067.0
2025-06-27,33.454879999999996,35.50036,33.454879999999996,35.50036,3213000.0
2025-06-30,36.59128,37.95493,36.59128,37.54583,4204740.0
2025-07-01,37.682199999999995,38.90948,37.182190000000006,38.45493,2849623.0
2025-07-02,38.54584,38.63675,36.50036,37.09128,3532499.0
2025-07-03,37.2731,38.00038,36.454910000000005,37.09128,2851971.0
2025-07-04,37.136739999999996,38.04584,37.000370000000004,37.59129,2271452.0
2025-07-07,37.727650000000004,38.13675,37.09128,37.2731,1681428.0
2025-07-08,37.54583,37.95493,37.09128,37.86402,2145822.0
2025-07-09,38.00038,38.09129,37.31856,37.31856,2183057.0
2025-07-10,37.727650000000004,39.68222,37.682199999999995,39.091300000000004,2323433.0
2025-07-11,39.091300000000004,40.0004,38.45493,38.45493,2762110.0
2025-07-14,38.773120000000006,39.04584,37.81856,38.182199999999995,1416747.0
2025-07-15,38.63675,39.000389999999996,38.00038,38.00038,1612027.0
2025-07-16,37.95493,38.27311,37.54583,37.81856,1804817.0
2025-07-17,37.90947,38.591300000000004,37.636739999999996,37.86402,2649879.0
2025-07-18,38.36402,38.36402,37.727650000000004,38.00038,1390730.0
2025-07-21,38.182199999999995,38.54584,37.59129,37.59129,1360656.0
2025-07-22,37.727650000000004,38.00038,37.2731,37.81856,1668288.0
2025-07-23,38.00038,39.13675,38.00038,39.091300000000004,3413441.0
2025-07-24,39.727669999999996,39.727669999999996,39.091300000000004,39.22766,1907740.0
2025-07-25,39.40948,39.40948,38.72766,38.86402,1978842.0
2025-07-28,38.86402,39.54585,38.63675,38.773120000000006,2259450.0
2025-07-29,38.86402,39.13675,36.091269999999994,36.091269999999994,3499415.0
2025-07-30,36.273089999999996,36.81855,35.81854,35.864,1804871.0
2025-07-31,36.63673,37.136739999999996,35.4549,36.909459999999996,1587554.0
2025-08-01,36.909459999999996,37.000370000000004,36.18218,36.364,962560.0
2025-08-04,36.00036,36.364,35.864,36.091269999999994,1417509.0
2025-08-05,36.364,36.81855,35.4549,35.90945,2073855.0
2025-08-06,36.18218,36.364,35.90945,36.364,979306.0
2025-08-07,36.50036,37.54583,36.409459999999996,37.000370000000004,1552325.0
2025-08-08,37.2731,37.727650000000004,36.72764,37.182190000000006,2074221.0
2025-08-11,37.2731,38.13675,37.2731,37.682199999999995,1612862.0
2025-08-12,38.182199999999995,38.63675,37.59129,37.81856,2083753.0
2025-08-13,38.45493,40.45495,38.04584,40.45495,6720511.0
2025-08-14,42.7277,42.7277,41.04586,41.77315,3480787.0
2025-08-15,41.63678,41.63678,40.0004,40.273129999999995,3245940.0
2025-08-18,40.273129999999995,40.273129999999995,38.90948,38.90948,2144184.0
2025-08-19,38.95494,39.86404,38.36402,38.45493,1733009.0
2025-08-20,38.50038,38.90948,36.364,36.95492,2579160.0
2025-08-21,37.04583,37.90947,36.63673,37.90947,1720059.0
2025-08-22,37.727650000000004,37.77311,36.00036,36.18218,1357635.0
2025-08-25,37.182190000000006,37.182190000000006,35.545809999999996,35.545809999999996,763041.0
2025-08-26,35.545809999999996,36.18218,35.27308,36.091269999999994,747376.0
2025-08-27,36.091269999999994,37.682199999999995,36.091269999999994,36.909459999999996,794943.0
2025-08-28,37.50038,37.54583,36.909459999999996,37.182190000000006,426164.0
2025-08-29,36.81855,37.136739999999996,36.59128,36.63673,1087711.0
2025-09-03,36.63673,38.13675,36.63673,38.09129,1038216.0
2025-09-04,38.182199999999995,38.40948,37.77311,38.04584,725670.0
2025-09-05,38.22766,38.31856,37.182190000000006,37.182190000000006,1095464.0
2025-09-08,36.909459999999996,37.04583,36.00036,36.091269999999994,926008.0
2025-09-09,36.136720000000004,36.95492,36.136720000000004,36.31854,348578.0
2025-09-10,36.364,36.63673,36.091269999999994,36.273089999999996,255840.0
2025-09-11,36.364,36.409459999999996,35.27308,36.273089999999996,589638.0
2025-09-12,36.364,37.182190000000006,36.31854,36.864,375503.0
2025-09-15,37.182190000000006,37.50038,36.864,37.09128,517665.0
2025-09-16,37.636739999999996,38.00038,37.31856,37.77311,1143336.0
2025-09-17,37.86402,39.54585,37.86402,38.81857,2230003.0
2025-09-18,39.091300000000004,39.091300000000004,37.727650000000004,37.727650000000004,660096.0
2025-09-19,37.95493,37.95493,36.81855,37.04583,632060.0
2025-09-22,36.72764,37.136739999999996,35.72763,35.90945,1132975.0
2025-09-23,36.04582,36.364,35.72763,36.091269999999994,368062.0
2025-09-24,36.59128,36.59128,35.81854,36.54582,268558.0
2025-09-25,36.864,36.864,36.18218,36.273089999999996,356923.0
2025-09-26,36.273089999999996,36.63673,35.90945,35.90945,426523.0
2025-09-29,35.9549,36.091269999999994,35.81854,35.864,293453.0
2025-09-30,35.90945,35.90945,34.9549,35.636720000000004,784446.0
2025-10-01,35.636720000000004,35.77308,35.31854,35.591260000000005,214522.0
2025-10-02,35.77308,36.18218,35.4549,36.00036,311404.0
2025-10-03,35.4549,35.864,35.409440000000004,35.591260000000005,246441.0
2025-10-06,35.77308,36.273089999999996,35.77308,36.273089999999996,364794.0
2025-10-07,36.54582,36.54582,36.04582,36.04582,293988.0
2025-10-08,36.59128,36.59128,36.091269999999994,36.18218,225095.0
2025-10-09,36.273089999999996,36.364,35.864,36.00036,422459.0
2025-10-10,35.9549,36.81855,35.9549,36.364,493308.0
2025-10-13,35.636720000000004,36.091269999999994,35.636720000000004,35.72763,429117.0
2025-10-14,35.81854,35.864,35.22762,35.27308,640964.0
2025-10-15,35.77308,35.77308,34.72762,34.72762,512036.0
2025-10-16,34.63671,34.818529999999996,34.5458,34.5458,532248.0
2025-10-17,34.5458,34.63671,33.90943,33.90943,824340.0
2025-10-20,33.6367,35.27308,33.59125,33.6367,1114020.0
2025-10-21,33.72761,35.77308,33.72761,34.909440000000004,703173.0
2025-10-22,35.00035,36.00036,34.409440000000004,35.00035,390782.0
2025-10-23,35.36399,35.36399,34.18216,34.18216,382692.0
2025-10-24,34.45489,35.864,34.22762,35.22762,680947.0
2025-10-27,35.4549,36.454910000000005,35.18217,35.90945,1017639.0
2025-10-28,36.091269999999994,36.7731,35.81854,36.091269999999994,885871.0
2025-10-29,36.364,36.454910000000005,35.90945,36.18218,536741.0
2025-10-30,36.22764,37.727650000000004,36.22764,37.54583,1541476.0
2025-10-31,37.727650000000004,38.45493,37.182190000000006,38.09129,1360358.0
2025-11-03,38.36402,38.54584,36.72764,36.72764,1197067.0
2025-11-04,37.2731,37.2731,35.136720000000004,36.00036,885602.0
2025-11-05,36.04582,36.63673,35.636720000000004,35.72763,474552.0
2025-11-06,35.77308,36.454910000000005,35.545809999999996,36.00036,575806.0
2025-11-07,36.18218,36.31854,35.00035,35.31854,599204.0
2025-11-10,35.36399,35.36399,34.18216,34.22762,773072.0
2025-11-11,34.27307,34.59125,34.09125,34.18216,401276.0
2025-11-12,34.409440000000004,35.00035,34.31852,35.00035,254563.0
2025-11-13,35.00035,35.27308,34.500339999999994,35.0458,437968.0
2025-11-14,34.909440000000004,35.0458,34.5458,34.63671,466803.0
2025-11-17,34.72762,35.27308,34.72762,35.091260000000005,350611.0
2025-11-18,35.091260000000005,35.31854,34.9549,35.136720000000004,419358.0
2025-11-19,35.136720000000004,35.136720000000004,34.63671,34.9549,436444.0
2025-11-20,35.0458,35.0458,34.68216,34.77308,202768.0
2025-11-21,34.63671,34.68216,34.27307,34.5458,453257.0
2025-11-24,34.27307,34.818529999999996,34.27307,34.68216,123085.0
2025-11-25,34.63671,34.77308,33.863980000000005,33.863980000000005,358941.0
2025-11-26,33.863980000000005,34.45489,33.68216,34.09125,229186.0
2025-11-27,34.09125,34.5458,34.09125,34.1367,189229.0
2025-11-28,34.18216,34.409440000000004,33.954879999999996,34.000339999999994,191493.0
2025-12-01,34.500339999999994,34.500339999999994,33.77306,33.954879999999996,209742.0
2025-12-02,34.000339999999994,34.000339999999994,32.86397,33.22761,608488.0
2025-12-03,33.40943,33.6367,33.000330000000005,33.500339999999994,293260.0
2025-12-04,33.500339999999994,33.954879999999996,33.454879999999996,33.6367,186779.0
2025-12-05,33.6367,33.90943,33.36397,33.36397,346191.0
2025-12-08,33.36397,33.6367,33.09124,33.1367,257895.0
2025-12-09,33.1367,33.18215,32.727599999999995,33.18215,346945.0
2025-12-10,33.454879999999996,33.454879999999996,33.18215,33.22761,129935.0
2025-12-11,33.27306,33.81852,33.18215,33.31852,306192.0
2025-12-12,33.31852,33.31852,32.54578,32.54578,231425.0
2025-12-15,32.04578,32.59124,31.8185,31.90941,285320.0
2025-12-16,31.90941,32.40942,31.36395,32.3185,217909.0
2025-12-17,32.45487,32.81851,32.36396,32.54578,134190.0
2025-12-18,32.54578,32.54578,32.00032,32.13668,66447.0
2025-12-19,32.227599999999995,32.227599999999995,31.36395,32.00032,171974.0
2025-12-22,32.00032,32.36396,31.90941,32.18214,185307.0
2025-12-23,32.36396,32.77306,31.8185,32.18214,233850.0
2025-12-24,32.63669,32.63669,31.77304,32.00032,164739.0
2025-12-25,31.8185,32.227599999999995,31.72759,31.8185,234966.0
2025-12-26,31.8185,31.86396,31.000310000000002,31.72759,313420.0
2025-12-29,31.8185,32.227599999999995,31.636680000000002,32.18214,284725.0
2025-12-30,32.36396,32.63669,32.13668,32.40942,397677.0
2025-12-31,32.59124,32.68214,32.3185,32.36396,267021.0
2026-01-05,32.36396,32.36396,31.636680000000002,31.68214,283939.0
2026-01-06,31.68214,32.13668,31.40941,31.77304,357868.0
2026-01-07,32.04578,32.90942,31.90941,32.727599999999995,369293.0
2026-01-08,32.727599999999995,33.6367,32.727599999999995,32.954879999999996,514233.0
2026-01-09,32.954879999999996,34.500339999999994,32.954879999999996,33.68216,462733.0
2026-01-12,34.363980000000005,34.363980000000005,33.59125,33.59125,444677.0
2026-01-13,33.68216,33.90943,33.36397,33.454879999999996,469655.0
2026-01-14,34.25,34.4,34.0,34.1,438358.0
2026-01-15,34.5,36.45,34.1,36.45,1335014.0
2026-01-16,37.0,39.0,36.5,37.9,1599138.0
2026-01-19,38.85,38.85,37.0,37.0,688124.0
2026-01-20,37.6,37.9,36.5,37.15,1015632.0
2026-01-21,36.9,37.8,36.15,37.65,709341.0
2026-01-22,37.95,38.5,37.15,37.15,453416.0
2026-01-23,37.2,37.2,36.0,36.0,441917.0
2026-01-26,35.6,36.0,34.65,34.95,576621.0
2026-01-27,34.8,35.8,34.8,35.25,302700.0
2026-01-28,35.3,36.5,35.3,35.55,399600.0
2026-01-29,35.75,36.7,35.55,35.55,385200.0
2026-01-30,35.65,36.45,35.55,35.8,620400.0
2026-02-02,36.0,37.25,35.25,37.1,1013800.0
2026-02-03,37.5,37.8,36.8,37.1,707300.0
2026-02-04,37.05,37.7,36.75,37.0,1064900.0
2026-02-05,36.95,36.95,35.6,35.6,649900.0
2026-02-06,35.6,35.6,34.75,34.75,685900.0
2026-02-09,34.95,35.1,34.45,34.6,250200.0
2026-02-10,34.7,35.0,33.95,34.15,381200.0
2026-02-11,34.75,34.75,34.2,34.3,276200.0
2026-02-12,34.7,34.75,34.1,34.4,131600.0
2026-02-13,34.2,34.4,34.1,34.1,357800.0
2026-02-23,34.5,36.0,34.1,35.15,508900.0
2026-02-24,35.45,35.45,34.8,35.0,262900.0
2026-02-25,35.5,35.5,34.9,35.15,468100.0
2026-02-26,35.2,35.6,34.95,34.95,329900.0
2026-02-27,34.5,35.1,34.5,34.8,273400.0
2026-03-02,33.1,34.4,33.1,33.15,733400.0
2026-03-03,33.15,33.5,31.9,32.45,617800.0
2026-03-04,32.0,32.1,31.0,31.9,766700.0
2026-03-05,32.3,32.7,31.8,31.85,350900.0
2026-03-06,31.7,31.7,31.0,31.4,375200.0
2026-03-09,29.25,30.8,29.25,29.25,465500.0
2026-03-10,29.4,29.95,28.85,29.3,673500.0
2026-03-11,29.6,30.4,29.3,30.2,374400.0
2026-03-12,30.2,30.2,29.6,29.65,235600.0
2026-03-13,29.65,29.7,29.3,29.4,280900.0
2026-03-16,29.1,29.9,29.1,29.9,303400.0
2026-03-17,29.95,30.5,29.9,30.05,381500.0
2026-03-18,30.05,30.1,29.2,29.8,313300.0
2026-03-19,29.2,29.7,28.9,29.6,208700.0
2026-03-20,29.3,29.6,28.8,29.6,254400.0
2026-03-23,28.8,29.3,28.0,28.15,402900.0
2026-03-24,27.0,28.4,27.0,28.15,353100.0
2026-03-25,28.2,29.0,28.2,28.8,236200.0
2026-03-26,28.85,29.55,28.7,28.9,372800.0
2026-03-27,29.0,29.2,28.6,29.15,555400.0
2026-03-30,28.9,29.15,28.6,29.05,226000.0
2026-03-31,29.1,29.25,28.7,28.8,389200.0
2026-04-01,29.4,29.4,29.0,29.1,201600.0
2026-04-02,29.0,29.1,28.55,28.8,237600.0
2026-04-03,28.8,29.0,28.45,28.45,242800.0
2026-04-06,28.45,28.9,28.3,28.35,126500.0
2026-04-07,29.0,29.0,27.7,28.0,341700.0
2026-04-08,28.6,29.4,28.45,29.3,585000.0
2026-04-09,28.7,29.25,28.7,28.8,255200.0
2026-04-10,28.85,29.3,28.85,28.9,209600.0
2026-04-13,28.9,29.1,28.8,28.9,203600.0
2026-04-14,28.95,29.5,28.95,29.45,494100.0
2026-04-15,29.8,29.9,29.05,29.1,299000.0
2026-04-16,29.1,29.1,28.2,28.5,553600.0
2026-04-17,28.6,29.3,28.5,28.75,268700.0
2026-04-20,29.3,29.3,28.55,28.95,246400.0
2026-04-21,28.95,28.95,28.4,28.4,379400.0
2026-04-22,28.45,29.0,28.1,28.45,406900.0
2026-04-23,28.45,28.6,28.0,28.35,185800.0
2026-04-24,28.2,28.35,27.6,27.8,306900.0
2026-04-28,27.8,28.0,27.55,27.65,211200.0
2026-04-29,27.65,27.8,27.5,27.8,116200.0
2026-05-04,27.8,28.15,27.7,27.85,236600.0
2026-05-05,27.85,27.85,27.25,27.55,357500.0
2026-05-06,27.85,27.85,27.5,27.8,182100.0
2026-05-07,27.85,28.45,27.75,27.9,381700.0
2026-05-08,28.0,28.0,27.55,27.75,136000.0
2026-05-11,27.7,27.7,26.9,27.0,377900.0
2026-05-12,27.0,27.35,26.8,27.05,226400.0
2026-05-13,27.1,27.35,26.9,27.3,199200.0
2026-05-14,27.45,28.35,27.45,27.9,389700.0
2026-05-15,28.0,28.1,27.45,27.7,187300.0
2026-05-18,27.65,28.2,27.15,28.15,460700.0
2026-05-19,28.15,28.85,27.8,28.15,385200.0
2026-05-20,28.2,28.6,27.3,28.5,505300.0
2026-05-21,28.7,28.75,27.9,27.9,335300.0
2026-05-22,28.0,28.35,27.7,28.15,400300.0
2026-05-25,28.15,28.15,27.4,27.7,270500.0
2026-05-26,27.6,27.95,27.55,27.9,165900.0
2026-05-27,27.8,28.1,27.75,28.0,145700.0
2026-05-28,27.8,28.05,27.6,27.6,167100.0
2026-05-29,27.6,27.75,27.0,27.0,265800.0
2026-06-01,27.3,27.45,27.0,27.35,113800.0
2026-06-02,27.0,28.65,27.0,28.4,884100.0
2026-06-03,28.05,29.0,28.05,28.75,610700.0
2026-06-04,28.8,28.9,28.0,28.25,306100.0
2026-06-05,28.15,28.2,27.35,27.65,462900.0
2026-06-08,27.45,27.45,26.9,27.3,333700.0
2026-06-09,27.15,27.8,27.05,27.6,210100.0
2026-06-10,27.55,27.75,27.3,27.4,138300.0
2026-06-11,27.1,27.35,27.1,27.2,106800.0
2026-06-12,27.6,27.6,27.1,27.2,144900.0
2026-06-15,27.4,27.7,27.25,27.5,177700.0
2026-06-16,27.5,27.65,27.3,27.65,198900.0
2026-06-17,27.65,28.0,27.5,27.9,244100.0
2026-06-18,28.0,28.0,27.3,27.65,261500.0
2026-06-19,27.45,27.8,27.35,27.8,134400.0
2026-06-22,27.75,27.75,27.35,27.4,130900.0
2026-06-23,27.4,27.4,27.0,27.25,223900.0
2026-06-24,27.15,27.2,26.9,27.1,302800.0
2026-06-25,26.95,27.1,26.95,27.05,98700.0
2026-06-26,27.1,27.2,26.85,27.15,89700.0
2026-06-29,27.1,27.5,26.95,27.1,119100.0
2026-06-30,27.1,27.25,26.95,27.0,134500.0
2026-07-01,27.0,27.5,27.0,27.4,193800.0
2026-07-02,27.3,27.4,27.2,27.3,102400.0
2026-07-03,27.2,27.3,27.1,27.25,125100.0
2026-07-06,27.15,27.6,26.8,27.15,214600.0
2026-07-07,27.0,27.15,26.8,27.1,163500.0
2026-07-08,27.4,27.4,26.9,27.2,231900.0
2026-07-09,27.2,27.2,26.9,27.05,158000.0
2026-07-10,26.5,27.0,26.5,27.0,207900.0
2026-07-13,27.0,27.0,26.25,26.45,255600.0
2026-07-14,26.3,26.5,26.0,26.25,136100.0
2026-07-15,26.05,26.55,25.6,25.9,162800.0
2026-07-16,25.75,25.9,25.1,25.9,171100.0
2026-07-17,25.9,26.2,25.5,26.1,75200.0
2026-07-20,25.8,25.8,25.0,25.05,157200.0
2026-07-21,24.6,25.05,24.5,24.5,142100.0
2026-07-22,24.5,24.8,23.8,23.8,239000.0
2026-07-23,23.0,24.7,22.2,24.7,435400.0
2026-07-24,24.65,24.7,24.0,24.7,125200.0
2026-07-27,24.7,24.7,23.5,23.6,201200.0
2026-07-28,22.45,23.9,22.45,23.85,322200.0
2026-07-29,23.9,23.95,23.5,23.95,183900.0
2026-07-30,23.5,24.35,23.5,24.1,196400.0
2026-07-31,24.35,24.7,24.15,24.3,335600.0
2026-08-03,24.9,25.75,24.45,25.6,222300.0
2026-08-04,25.6,25.7,25.3,25.4,104100.0
2026-08-05,25.5,25.6,24.6,25.3,201200.0
2026-08-06,25.3,25.3,24.7,24.95,77600.0
2026-08-07,24.35,24.95,24.35,24.6,114700.0
2026-08-10,24.95,24.95,24.6,24.8,146500.0
2026-08-11,24.95,25.25,24.85,24.9,168700.0
2026-08-12,24.9,25.2,24.6,24.7,124400.0
2026-08-13,24.7,25.2,24.3,24.3,179900.0
2026-08-14,24.7,24.7,23.6,24.0,169100.0
2026-08-17,24.45,24.45,23.7,24.05,77400.0
2026-08-18,24.0,24.05,23.85,24.05,106400.0
2026-08-19,24.1,24.1,23.5,23.6,73800.0
2026-08-20,23.6,24.0,23.6,23.65,99800.0
2026-08-21,23.7,24.5,23.65,24.5,130200.0
2026-08-24,24.6,24.9,24.4,24.55,139600.0
2026-08-25,24.7,24.7,24.1,24.1,135600.0
2026-08-26,24.3,24.45,24.1,24.1,123000.0
2026-08-27,24.15,24.4,24.1,24.15,72100.0
2026-08-28,24.15,24.9,24.15,24.4,154200.0
2026-09-03,24.35,24.35,23.95,24.0,170400.0
2026-09-04,23.95,24.05,23.75,23.8,168900.0
2026-09-07,23.8,23.8,23.5,23.5,163900.0
2026-09-08,23.3,23.95,23.3,23.3,100300.0
2026-09-09,23.3,23.4,23.1,23.1,134400.0
2026-09-10,23.1,23.9,23.0,23.75,208200.0
2026-09-11,23.7,23.7,23.15,23.35,88600.0
2026-09-14,23.35,23.4,22.5,22.5,152000.0
2026-09-15,22.55,23.65,22.55,22.8,124400.0
2026-09-16,22.8,23.1,22.8,22.8,72000.0
2026-09-17,22.85,23.2,22.85,23.0,75200.0
2026-09-18,23.15,23.55,23.0,23.1,90500.0
2026-09-21,23.0,23.15,22.5,22.7,142100.0
2026-09-22,23.7,23.7,23.0,23.1,136400.0
2026-09-23,23.0,23.45,22.8,22.8,95600.0
2026-09-24,22.8,23.2,22.65,22.65,97600.0
2026-09-25,22.65,22.95,22.45,22.45,169800.0
2026-09-28,22.35,22.95,21.95,22.0,216400.0
2026-09-29,21.8,22.0,21.6,22.0,205300.0
2026-09-30,22.0,22.95,21.2,21.2,247900.0
2026-10-01,21.2,21.5,21.2,21.2,98500.0
2026-10-02,21.05,21.45,21.05,21.1,93000.0
