,open,high,low,close,volume
2020-05-08,42.200480000000006,42.82846,41.07011,41.13291,496840.0
2020-05-11,41.6353,42.326080000000005,41.19571,41.6353,288520.0
2020-05-12,41.4469,43.33085,40.88172,43.33085,400210.0
2020-05-13,43.33085,45.46599,42.38888,44.335620000000006,482130.0
2020-05-14,43.89604,44.39842,43.33085,43.33085,303350.0
2020-05-15,43.33085,44.27283,42.07488,42.07488,420700.0
2020-05-18,42.38888,43.079660000000004,41.69808999999999,43.01686,274500.0
2020-05-19,43.01686,44.335620000000006,42.702870000000004,42.702870000000004,333030.0
2020-05-20,41.886489999999995,44.210029999999996,41.886489999999995,43.77044,354870.0
2020-05-21,43.833239999999996,44.27283,42.702870000000004,43.644839999999995,274820.0
2020-05-22,43.644839999999995,43.89604,42.702870000000004,42.76567,274320.0
2020-05-25,42.76567,42.95406,42.38888,42.702870000000004,207710.0
2020-05-26,43.20525,43.89604,42.57727,43.51925,377220.0
2020-05-27,43.89604,46.53357,43.70764,46.53357,1197620.0
2020-05-28,46.78476,49.296690000000005,46.78476,48.22912,479930.0
2020-05-29,47.09875,48.22912,47.09875,47.72673,238500.0
2020-06-01,47.663940000000004,48.982699999999994,47.161550000000005,48.54311,447410.0
2020-06-02,48.54311,48.794309999999996,45.152,45.152,844250.0
2020-06-03,42.07488,43.89604,42.01208999999999,42.26328,1537730.0
2020-06-04,42.26328,45.214800000000004,42.26328,45.214800000000004,542240.0
2020-06-05,45.214800000000004,47.09875,45.214800000000004,45.968379999999996,323220.0
2020-06-08,45.214800000000004,45.71719,44.58682,45.152,630860.0
2020-06-09,44.90081,45.026410000000006,44.14723,44.27283,453560.0
2020-06-10,43.33085,43.89604,42.38888,43.58204,418980.0
2020-06-11,43.33085,45.84278,42.07488,42.07488,596480.0
2020-06-12,42.07488,43.26805,41.4469,42.38888,303610.0
2020-06-15,42.38888,42.95406,39.437349999999995,39.437349999999995,383160.0
2020-06-16,40.19093,40.19093,38.683769999999996,40.06534,266990.0
2020-06-17,40.19093,40.19093,39.31176,39.374559999999995,120440.0
2020-06-18,37.99299,39.437349999999995,37.490610000000004,39.31176,267290.0
2020-06-19,39.31176,40.75612,39.18616,39.81414,178350.0
2020-06-22,42.57727,42.57727,40.19093,42.57727,680980.0
2020-06-23,45.52879,45.52879,44.838010000000004,45.52879,2269440.0
2020-06-24,47.09875,48.60591,45.214800000000004,45.214800000000004,1194010.0
2020-06-25,42.89126,44.27283,42.45167,42.45167,789930.0
2020-06-26,42.82846,44.27283,41.4469,41.94929,564420.0
2020-06-29,42.38888,44.58682,41.760889999999996,43.95883,1108280.0
2020-06-30,44.58682,45.214800000000004,42.82846,43.70764,471750.0
2020-07-01,46.721959999999996,46.721959999999996,46.470769999999995,46.721959999999996,782260.0
2020-07-02,49.98747,49.98747,49.98747,49.98747,406980.0
2020-07-03,53.441379999999995,53.441379999999995,50.17587,50.17587,2318180.0
2020-07-06,49.799080000000004,51.49463,48.982699999999994,49.1083,746210.0
2020-07-07,51.80863,51.80863,50.05027,50.05027,868500.0
2020-07-08,50.05027,51.68303,49.673480000000005,50.30147,847340.0
2020-07-09,50.30147,51.05505,49.61068,49.86188,602140.0
2020-07-10,49.92468,50.929449999999996,49.61068,49.61068,483860.0
2020-07-13,49.54789,51.49463,48.982699999999994,50.74105,926850.0
2020-07-14,50.74105,51.36904,50.30147,50.36426,514110.0
2020-07-15,50.86665,53.37858,50.48986,52.43661,1342900.0
2020-07-16,52.7506,53.37858,52.37381,52.43661,634270.0
2020-07-17,52.43661,53.56698,52.18542,53.12739,720950.0
2020-07-20,53.25299,53.69258,50.86665,50.86665,871890.0
2020-07-21,51.431839999999994,51.87142,50.23867,51.80863,542940.0
2020-07-22,51.80863,52.37381,49.61068,49.61068,1037170.0
2020-07-23,49.61068,50.80385,49.171099999999996,49.673480000000005,627670.0
2020-07-24,49.73628,49.799080000000004,46.21957,46.21957,1405050.0
2020-07-27,43.644839999999995,45.52879,43.01686,43.01686,893160.0
2020-07-28,43.01686,45.152,42.57727,44.58682,707830.0
2020-07-29,43.01686,43.26805,41.509699999999995,42.07488,829120.0
2020-07-30,42.38888,43.644839999999995,42.38888,42.82846,405750.0
2020-07-31,42.38888,42.64007,41.6353,41.94929,673240.0
2020-08-03,41.94929,44.08443,41.94929,44.021629999999995,499150.0
2020-08-04,45.152,46.345169999999996,44.838010000000004,46.15678,903520.0
2020-08-05,46.470769999999995,49.171099999999996,45.65439,48.103519999999996,1108780.0
2020-08-06,48.103519999999996,48.9199,47.349940000000004,48.04073,686550.0
2020-08-07,48.22912,49.48509,47.60114,49.35949,931470.0
2020-08-10,49.92468,50.23867,48.480309999999996,48.480309999999996,707180.0
2020-08-11,48.417519999999996,49.171099999999996,47.97793,49.0455,486670.0
2020-08-12,49.0455,49.296690000000005,48.04073,48.35472,458910.0
2020-08-13,49.422290000000004,49.48509,48.73151,49.422290000000004,558860.0
2020-08-14,49.61068,50.11307,49.171099999999996,49.296690000000005,839310.0
2020-08-17,49.1083,50.55266,48.857099999999996,50.23867,651110.0
2020-08-18,50.48986,50.61546,50.17587,50.23867,333640.0
2020-08-19,50.23867,50.36426,49.61068,49.92468,319920.0
2020-08-20,50.11307,50.17587,48.982699999999994,49.1083,396430.0
2020-08-21,49.1083,49.48509,48.9199,49.0455,468160.0
2020-08-24,49.54789,50.42706,49.1083,50.17587,939500.0
2020-08-25,50.23867,51.68303,49.73628,51.306239999999995,1058980.0
2020-08-26,51.18064,51.24344,50.23867,50.48986,712210.0
2020-08-27,50.30147,50.86665,49.61068,49.92468,700190.0
2020-08-28,50.83644,51.48902,50.05333,50.5754,818180.0
2020-08-31,50.5754,50.90169,49.66178,49.72704,758910.0
2020-09-01,49.59652,49.59652,48.943940000000005,48.943940000000005,875370.0
2020-09-03,49.40075,49.40075,48.682900000000004,49.07445,612210.0
2020-09-04,48.61764,50.24911,48.61764,49.13971,560630.0
2020-09-07,49.66178,49.792300000000004,48.48713,48.48713,719300.0
2020-09-08,48.748160000000006,48.748160000000006,47.442989999999995,47.70402,1061900.0
2020-09-09,47.442989999999995,48.35661,47.37773,47.834540000000004,439130.0
2020-09-10,48.09558,48.48713,47.834540000000004,48.160830000000004,381410.0
2020-09-11,48.09558,48.29135,48.03032,48.09558,240530.0
2020-09-14,48.29135,48.29135,47.442989999999995,47.442989999999995,728620.0
2020-09-15,47.70402,48.03032,47.37773,47.57351,370370.0
2020-09-16,47.638769999999994,47.834540000000004,47.37773,47.57351,304060.0
2020-09-17,47.638769999999994,48.61764,47.57351,47.76928,447700.0
2020-09-18,47.76928,48.22609,47.638769999999994,47.834540000000004,317260.0
2020-09-21,48.09558,48.160830000000004,47.834540000000004,48.03032,568940.0
2020-09-22,47.96506,47.96506,47.18196,47.442989999999995,453490.0
2020-09-23,47.50825,48.160830000000004,47.442989999999995,47.70402,418760.0
2020-09-24,47.70402,47.96506,47.442989999999995,47.57351,419780.0
2020-09-25,47.638769999999994,47.96506,46.333589999999994,46.52937,1153660.0
2020-09-28,46.72515,46.98618,44.441089999999996,45.15894,1543740.0
2020-09-29,45.02842,45.02842,43.72325,43.72325,1411470.0
2020-09-30,43.72325,45.224199999999996,42.28756,45.15894,1381300.0
2020-10-01,45.15894,45.68101,44.37584,45.02842,554170.0
2020-10-02,44.76739,45.02842,43.72325,44.83265,774660.0
2020-10-05,44.70213,44.89791,43.72325,43.72325,954110.0
2020-10-06,43.39696,43.59273,42.09179,42.09179,2864590.0
2020-10-07,41.30868,41.76549,39.48144,39.48144,2791470.0
2020-10-08,39.48144,41.83075,39.48144,39.87299,3504770.0
2020-10-09,40.525580000000005,41.047650000000004,39.285669999999996,40.068769999999994,1914890.0
2020-10-12,40.46032,42.35282,40.26455,42.09179,2120420.0
2020-10-13,42.02653,42.09179,40.78661,40.91713,1120630.0
2020-10-14,40.78661,40.78661,39.87299,40.00351,1219040.0
2020-10-15,39.807739999999995,39.87299,37.84998,37.84998,2464510.0
2020-10-16,37.84998,38.11101,35.30489,35.50067,2814930.0
2020-10-19,35.56593,37.71946,35.56593,37.71946,969710.0
2020-10-20,37.84998,39.48144,37.71946,39.024629999999995,1405370.0
2020-10-21,38.502559999999995,39.08989,38.04575,38.04575,1083360.0
2020-10-22,37.78472,37.84998,36.805839999999996,37.71946,511160.0
2020-10-23,37.84998,38.502559999999995,36.93636,37.13213,1125860.0
2020-10-26,37.71946,37.78472,36.8711,36.8711,623310.0
2020-10-27,36.21851,37.00162,36.21851,36.41429,716330.0
2020-10-28,36.28377,37.52369,36.21851,36.41429,731170.0
2020-10-29,36.15325,37.13213,36.15325,36.8711,705870.0
2020-10-30,37.45843,37.45843,36.67532,36.805839999999996,624810.0
2020-11-02,36.47955,36.8711,35.69644,36.8711,656940.0
2020-11-03,37.13213,37.13213,36.47955,36.47955,414390.0
2020-11-04,36.47955,36.8711,36.41429,36.47955,429520.0
2020-11-05,36.47955,37.78472,36.47955,37.19739,946040.0
2020-11-06,37.654199999999996,37.71946,36.8711,37.06688,439930.0
2020-11-09,37.19739,38.04575,37.06688,37.9805,865810.0
2020-11-10,38.24153,40.329800000000006,38.176269999999995,39.807739999999995,1778380.0
2020-11-11,40.134029999999996,40.78661,39.807739999999995,40.19929,1074460.0
2020-11-12,40.19929,40.72136,39.611959999999996,40.46032,810810.0
2020-11-13,40.39506,40.72136,39.93825,40.19929,886960.0
2020-11-16,40.78661,41.700230000000005,40.59084,40.98239,2141080.0
2020-11-17,41.4392,41.4392,40.46032,40.98239,884490.0
2020-11-18,41.11291000000001,41.569720000000004,40.851870000000005,41.30868,722920.0
2020-11-19,41.30868,41.634980000000006,40.134029999999996,40.329800000000006,1127680.0
2020-11-20,39.87299,40.26455,39.48144,39.93825,908560.0
2020-11-23,40.46032,41.4392,39.87299,41.17817,1092580.0
2020-11-24,41.4392,41.4392,40.656099999999995,41.047650000000004,763080.0
2020-11-25,41.30868,42.09179,40.98239,41.634980000000006,1325860.0
2020-11-26,41.634980000000006,42.09179,41.50446,41.76549,714340.0
2020-11-27,41.896010000000004,41.96127,41.569720000000004,41.569720000000004,424780.0
2020-11-30,41.76549,42.41808,41.569720000000004,41.896010000000004,1169370.0
2020-12-01,41.569720000000004,41.96127,41.17817,41.83075,1080790.0
2020-12-02,41.569720000000004,41.700230000000005,41.17817,41.634980000000006,808700.0
2020-12-03,41.569720000000004,41.569720000000004,39.93825,40.851870000000005,1582590.0
2020-12-04,40.851870000000005,41.373940000000005,40.329800000000006,40.329800000000006,529330.0
2020-12-07,40.46032,41.17817,40.134029999999996,40.851870000000005,1010150.0
2020-12-08,41.11291000000001,43.65799,41.11291000000001,43.65799,3160810.0
2020-12-09,45.02842,45.68101,43.78851,45.68101,1670600.0
2020-12-10,46.20308,46.52937,45.09368,46.0073,1630900.0
2020-12-11,46.0073,46.7904,44.76739,46.0073,1495830.0
2020-12-14,46.333589999999994,46.333589999999994,45.61575,45.87678,1159890.0
2020-12-15,45.87678,46.65989,45.41997,46.46411,1410530.0
2020-12-16,46.52937,47.312470000000005,46.46411,47.24721,929500.0
2020-12-17,46.98618,46.98618,45.550489999999996,45.94204,1268120.0
2020-12-18,46.65989,46.920919999999995,46.072559999999996,46.20308,1112770.0
2020-12-21,47.638769999999994,47.96506,46.398849999999996,46.398849999999996,1371900.0
2020-12-22,46.398849999999996,47.312470000000005,45.87678,46.65989,775600.0
2020-12-23,46.98618,48.55239,46.072559999999996,48.160830000000004,1336080.0
2020-12-24,46.65989,48.22609,45.68101,48.22609,1113390.0
2020-12-25,48.160830000000004,48.748160000000006,47.37773,48.29135,1432200.0
2020-12-28,48.29135,48.81342,47.442989999999995,48.81342,875560.0
2020-12-29,48.81342,51.88057,48.29135,51.88057,1775960.0
2020-12-30,52.20687,52.53316,50.44488,51.75006,2068550.0
2020-12-31,51.55428,51.75006,50.70592,50.70592,1431450.0
2021-01-04,50.70592,50.90169,49.92282,49.92282,1852800.0
2021-01-05,49.72704,50.5754,49.72704,49.92282,1216100.0
2021-01-06,50.18385,50.5754,49.270230000000005,49.72704,1339800.0
2021-01-07,49.66178,50.11859,48.943940000000005,49.466010000000004,1319000.0
2021-01-08,49.72704,51.22799,49.33549,50.18385,1421000.0
2021-01-11,50.90169,51.55428,49.792300000000004,51.29325,1055200.0
2021-01-12,51.55428,54.88247,51.22799,54.88247,2876800.0
2021-01-13,56.057120000000005,56.64445,54.490919999999996,54.94773,1339800.0
2021-01-14,54.94773,55.60031,54.09937,54.817209999999996,1063000.0
2021-01-15,54.817209999999996,55.60031,54.229879999999994,54.229879999999994,1056000.0
2021-01-18,54.229879999999994,56.057120000000005,53.642559999999996,54.817209999999996,1608900.0
2021-01-19,55.469800000000006,55.535050000000005,51.03221,51.09747,1778000.0
2021-01-20,51.29325,51.94583,48.29135,51.09747,1210900.0
2021-01-21,51.81531,52.98997,51.09747,52.20687,1039300.0
2021-01-22,52.20687,53.18575,51.48902,52.14161,942100.0
2021-01-25,51.88057,53.83833,51.55428,52.53316,1179500.0
2021-01-26,53.18575,53.31626,50.90169,51.6848,1108600.0
2021-01-27,50.5754,52.14161,48.22609,49.466010000000004,1237500.0
2021-01-28,46.072559999999996,47.312470000000005,46.0073,46.0073,1599700.0
2021-01-29,43.070660000000004,48.29135,43.070660000000004,48.29135,1123000.0
2021-02-01,46.65989,47.18196,44.96316,44.96316,1024200.0
2021-02-02,44.89791,45.09368,42.94015,44.37584,870800.0
2021-02-03,44.37584,46.65989,44.37584,46.333589999999994,885200.0
2021-02-04,46.398849999999996,46.65989,45.68101,45.87678,603700.0
2021-02-05,45.87678,46.72515,45.746269999999996,46.594629999999995,587200.0
2021-02-08,46.98618,47.24721,44.37584,44.76739,872200.0
2021-02-09,44.76739,45.87678,44.31058,45.02842,490900.0
2021-02-17,45.35472,47.638769999999994,45.35472,47.18196,633000.0
2021-02-18,47.638769999999994,48.29135,46.98618,47.76928,791900.0
2021-02-19,47.312470000000005,48.22609,47.116699999999994,47.57351,528800.0
2021-02-22,47.638769999999994,50.83644,47.638769999999994,49.466010000000004,1427500.0
2021-02-23,49.59652,50.70592,49.466010000000004,49.66178,1007400.0
2021-02-24,49.66178,50.37963,48.29135,48.943940000000005,861800.0
2021-02-25,49.20497,49.270230000000005,47.834540000000004,48.81342,868900.0
2021-02-26,47.96506,48.61764,47.70402,48.22609,700600.0
2021-03-01,48.748160000000006,49.270230000000005,48.22609,49.20497,647900.0
2021-03-02,49.792300000000004,49.792300000000004,48.61764,49.07445,408700.0
2021-03-03,49.07445,49.20497,48.22609,48.81342,563700.0
2021-03-04,48.943940000000005,49.270230000000005,46.333589999999994,47.57351,704100.0
2021-03-05,47.37773,47.37773,46.0073,46.920919999999995,727400.0
2021-03-08,47.70402,48.22609,47.312470000000005,47.70402,564700.0
2021-03-09,47.899800000000006,51.03221,47.312470000000005,51.03221,2898100.0
2021-03-10,51.6848,52.07635,50.37963,51.03221,930900.0
2021-03-11,51.22799,51.29325,50.37963,50.90169,678900.0
2021-03-12,50.90169,51.75006,50.5754,50.77118,1092000.0
2021-03-15,50.77118,52.79419,50.640660000000004,51.88057,1398500.0
2021-03-16,52.20687,52.4679,50.90169,51.48902,776600.0
2021-03-17,51.42376,51.42376,50.77118,50.83644,669200.0
2021-03-18,50.90169,51.22799,50.44488,50.77118,771300.0
2021-03-19,50.90169,51.75006,50.5754,50.77118,544100.0
2021-03-22,50.77118,50.77118,49.270230000000005,49.59652,1515400.0
2021-03-23,49.59652,50.11859,49.07445,49.53126,728800.0
2021-03-24,48.943940000000005,49.20497,47.638769999999994,47.834540000000004,908200.0
2021-03-25,48.03032,48.48713,47.638769999999994,47.70402,703300.0
2021-03-26,47.37773,47.96506,46.333589999999994,46.398849999999996,889200.0
2021-03-29,47.638769999999994,47.96506,46.594629999999995,47.96506,559000.0
2021-03-30,47.96506,48.81342,47.638769999999994,48.09558,483800.0
2021-03-31,48.160830000000004,48.61764,47.50825,47.57351,402100.0
2021-04-01,47.57351,48.48713,47.312470000000005,48.22609,579000.0
2021-04-02,48.61764,48.61764,47.96506,48.03032,581300.0
2021-04-05,48.03032,48.29135,46.98618,47.18196,999400.0
2021-04-06,46.85566,47.24721,46.65989,46.98618,870800.0
2021-04-07,46.72515,47.96506,46.65989,47.638769999999994,556200.0
2021-04-08,47.70402,47.70402,46.920919999999995,47.116699999999994,507700.0
2021-04-09,47.05144,47.116699999999994,46.7904,46.7904,423100.0
2021-04-12,46.920919999999995,46.920919999999995,45.48523,46.13782,1552100.0
2021-04-13,46.268339999999995,46.268339999999995,44.50635,44.89791,1091200.0
2021-04-14,44.70213,46.333589999999994,44.441089999999996,45.68101,714500.0
2021-04-15,45.68101,45.81153,44.63687,45.35472,557100.0
2021-04-16,45.02842,45.28946,44.18006,44.31058,581700.0
2021-04-19,44.31058,45.09368,44.24532,44.441089999999996,501600.0
2021-04-20,44.76739,45.68101,44.57161,45.15894,549500.0
2021-04-22,45.15894,45.15894,43.39696,43.39696,478400.0
2021-04-23,43.39696,44.31058,43.26644,44.04954,442600.0
2021-04-26,44.04954,44.04954,41.83075,41.83075,469300.0
2021-04-27,41.11291000000001,41.96127,40.72136,40.78661,483400.0
2021-04-28,40.329800000000006,41.700230000000005,40.329800000000006,41.4392,333100.0
2021-04-29,41.634980000000006,41.896010000000004,41.24342,41.896010000000004,574800.0
2021-05-04,40.78661,41.11291000000001,40.46032,40.59084,375400.0
2021-05-05,40.59084,41.24342,40.59084,40.851870000000005,509000.0
2021-05-06,41.17817,41.17817,40.72136,40.78661,316400.0
2021-05-07,40.656099999999995,40.656099999999995,38.24153,38.24153,701700.0
2021-05-10,37.26265,37.78472,36.8711,37.39317,678500.0
2021-05-11,37.84998,39.22041,37.78472,38.63308,484900.0
2021-05-12,38.43731,39.024629999999995,38.24153,38.95937,294300.0
2021-05-13,38.502559999999995,38.89412,37.654199999999996,37.654199999999996,425400.0
2021-05-14,37.71946,38.11101,37.19739,37.19739,417700.0
2021-05-17,37.78472,37.78472,36.54481,36.54481,373100.0
2021-05-18,36.41429,36.61006,35.17438,35.56593,610100.0
2021-05-19,35.435410000000005,36.54481,35.435410000000005,35.435410000000005,361300.0
2021-05-20,35.89222,35.89222,33.93446,34.45653,674400.0
2021-05-21,33.93446,35.82696,33.93446,35.109120000000004,355900.0
2021-05-24,34.71757,37.39317,34.71757,37.19739,609300.0
2021-05-25,37.78472,38.30679,37.19739,37.84998,670700.0
2021-05-26,37.71946,37.91524,37.06688,37.84998,606300.0
2021-05-27,37.52369,38.698339999999995,37.32791,37.78472,729700.0
2021-05-28,37.84998,38.82886,37.26265,38.56782,546900.0
2021-05-31,38.56782,40.46032,38.176269999999995,40.46032,747600.0
2021-06-01,40.78661,40.91713,39.87299,40.00351,421700.0
2021-06-02,39.807739999999995,40.46032,39.22041,40.26455,690600.0
2021-06-03,40.46032,41.373940000000005,40.26455,41.047650000000004,490200.0
2021-06-04,40.525580000000005,41.11291000000001,39.807739999999995,40.525580000000005,668400.0
2021-06-07,40.46032,40.59084,39.807739999999995,40.00351,303500.0
2021-06-08,40.068769999999994,41.047650000000004,39.93825,40.19929,680200.0
2021-06-09,40.26455,40.72136,39.35093,40.329800000000006,309100.0
2021-06-10,40.068769999999994,40.46032,39.87299,40.329800000000006,159500.0
2021-06-11,40.851870000000005,41.373940000000005,40.656099999999995,40.98239,490200.0
2021-06-14,41.11291000000001,42.09179,40.98239,41.11291000000001,600100.0
2021-06-15,41.569720000000004,41.569720000000004,40.851870000000005,41.047650000000004,208800.0
2021-06-16,40.656099999999995,41.30868,39.87299,41.047650000000004,494300.0
2021-06-17,40.525580000000005,41.047650000000004,40.525580000000005,40.78661,147000.0
2021-06-18,40.78661,41.11291000000001,40.46032,40.78661,241900.0
2021-06-21,40.78661,41.50446,40.72136,40.851870000000005,432000.0
2021-06-22,40.851870000000005,41.4392,40.851870000000005,40.91713,310900.0
2021-06-23,41.11291000000001,43.3317,41.11291000000001,42.67911,961300.0
2021-06-24,43.070660000000004,43.52747,42.48334,42.74437,368000.0
2021-06-25,42.74437,42.80963,42.09179,42.67911,294800.0
2021-06-28,43.070660000000004,43.070660000000004,42.41808,43.070660000000004,488000.0
2021-06-29,43.070660000000004,43.20118,42.222300000000004,42.35282,340600.0
2021-06-30,42.87489,42.87489,42.15704,42.222300000000004,160300.0
2021-07-01,41.896010000000004,42.41808,41.896010000000004,42.28756,250700.0
2021-07-02,42.41808,42.74437,41.76549,42.09179,267000.0
2021-07-05,42.09179,42.09179,40.525580000000005,40.98239,393100.0
2021-07-06,40.59084,40.98239,39.807739999999995,39.807739999999995,289300.0
2021-07-07,39.87299,40.068769999999994,38.56782,39.807739999999995,300900.0
2021-07-08,39.807739999999995,41.4392,39.807739999999995,41.047650000000004,395900.0
2021-07-09,41.11291000000001,42.15704,40.98239,41.634980000000006,562500.0
2021-07-12,41.569720000000004,41.569720000000004,39.15515,40.46032,435400.0
2021-07-13,40.19929,40.46032,39.48144,39.807739999999995,160100.0
2021-07-14,39.807739999999995,40.134029999999996,38.89412,38.89412,188000.0
2021-07-15,38.89412,39.67722,38.698339999999995,39.48144,254300.0
2021-07-16,39.807739999999995,39.93825,39.024629999999995,39.285669999999996,95800.0
2021-07-19,39.08989,39.22041,38.04575,38.82886,264900.0
2021-07-20,38.24153,39.024629999999995,37.9805,39.024629999999995,135300.0
2021-07-21,39.024629999999995,39.024629999999995,38.24153,38.89412,127600.0
2021-07-22,39.08989,39.546699999999994,38.89412,39.285669999999996,259100.0
2021-07-23,39.41618,39.41618,38.30679,39.15515,194400.0
2021-07-26,39.024629999999995,39.15515,38.502559999999995,38.82886,78300.0
2021-07-27,39.08989,39.15515,38.43731,38.89412,115600.0
2021-07-28,38.56782,38.95937,38.37205,38.698339999999995,126000.0
2021-07-29,38.698339999999995,39.08989,38.502559999999995,38.82886,118100.0
2021-07-30,39.024629999999995,41.11291000000001,39.024629999999995,41.11291000000001,1017100.0
2021-08-02,40.91713,41.11291000000001,40.39506,40.91713,341900.0
2021-08-03,40.91713,42.09179,40.59084,42.09179,636300.0
2021-08-04,42.09179,42.41808,41.569720000000004,41.700230000000005,300200.0
2021-08-05,41.634980000000006,41.76549,41.11291000000001,41.50446,260700.0
2021-08-06,41.76549,43.59273,41.24342,42.67911,671300.0
2021-08-09,42.61385,43.59273,42.09179,43.005410000000005,318200.0
2021-08-10,43.005410000000005,43.13592,42.222300000000004,42.35282,414100.0
2021-08-11,42.35282,43.52747,41.896010000000004,43.070660000000004,771200.0
2021-08-12,42.61385,44.96316,42.61385,44.441089999999996,1293700.0
2021-08-13,44.441089999999996,44.70213,43.72325,44.37584,635500.0
2021-08-16,44.441089999999996,44.63687,43.85377,44.04954,500800.0
2021-08-17,43.72325,44.50635,43.39696,43.78851,839300.0
2021-08-18,43.85377,43.98428,42.80963,43.59273,698500.0
2021-08-19,43.59273,44.04954,43.13592,43.91903,607400.0
2021-08-20,43.3317,43.78851,42.15704,43.59273,1100600.0
2021-08-23,42.80963,43.59273,42.41808,42.41808,534600.0
2021-08-24,42.41808,43.3317,40.78661,42.15704,476500.0
2021-08-25,42.35282,42.74437,41.76549,42.5486,298500.0
2021-08-26,42.67911,43.3317,42.222300000000004,42.222300000000004,239500.0
2021-08-27,42.02653,43.26644,41.634980000000006,43.26644,547400.0
2021-08-30,43.85377,45.09368,43.72325,45.09368,1186300.0
2021-08-31,45.09368,46.20308,45.02842,45.94204,789100.0
2021-09-01,45.94204,45.94204,45.224199999999996,45.68101,278900.0
2021-09-06,45.94204,46.65989,45.35472,46.333589999999994,479900.0
2021-09-07,46.333589999999994,46.333589999999994,45.224199999999996,45.28946,406700.0
2021-09-08,45.28946,45.28946,44.441089999999996,44.441089999999996,301900.0
2021-09-09,44.37584,44.96316,44.37584,44.83265,186800.0
2021-09-10,45.02842,45.61575,44.83265,45.550489999999996,382900.0
2021-09-13,45.550489999999996,45.550489999999996,44.70213,44.83265,274100.0
2021-09-14,44.83265,45.35472,44.18006,44.37584,314400.0
2021-09-15,44.37584,44.70213,44.04954,44.37584,231900.0
2021-09-16,45.02842,45.02842,44.37584,44.50635,164000.0
2021-09-17,44.37584,45.02842,44.37584,44.57161,179900.0
2021-09-20,44.96316,45.02842,44.04954,44.04954,339400.0
2021-09-21,43.78851,44.37584,43.46222,44.04954,310900.0
2021-09-22,44.04888,45.50614,44.04888,45.24118,210900.0
2021-09-23,45.771089999999994,45.771089999999994,44.90999,45.17494,158900.0
2021-09-24,45.04246,45.572379999999995,45.04246,45.30742,202900.0
2021-09-27,45.771089999999994,45.771089999999994,44.04888,44.04888,197800.0
2021-09-28,44.04888,44.64503,44.04888,44.64503,273600.0
2021-09-29,44.64503,45.70485,44.18136,45.37366,207300.0
2021-09-30,45.37366,45.50614,44.90999,45.1087,92700.0
2021-10-01,44.97623,45.24118,44.38008,44.57879,176300.0
2021-10-04,45.04246,46.367239999999995,44.18136,46.367239999999995,546900.0
2021-10-05,46.6322,47.8245,46.6322,47.36083,721400.0
2021-10-06,47.69202,47.69202,47.02963,47.36083,179500.0
2021-10-07,47.02963,47.36083,46.698440000000005,46.698440000000005,246800.0
2021-10-08,46.89715,47.36083,46.367239999999995,46.56596,180400.0
2021-10-11,46.698440000000005,46.89715,45.969809999999995,45.969809999999995,356200.0
2021-10-12,45.969809999999995,46.6322,45.70485,46.03605,207700.0
2021-10-13,46.367239999999995,46.49972,46.10229,46.367239999999995,98900.0
2021-10-14,46.301,46.76468,46.03605,46.10229,223800.0
2021-10-15,46.367239999999995,46.367239999999995,45.70485,45.83733,216300.0
2021-10-18,45.83733,46.03605,45.17494,45.17494,422600.0
2021-10-19,45.1087,45.30742,44.97623,45.17494,132100.0
2021-10-20,45.17494,45.90357,45.17494,45.70485,84300.0
2021-10-21,45.70485,45.70485,45.17494,45.4399,134900.0
2021-10-22,45.969809999999995,46.698440000000005,45.4399,46.698440000000005,441600.0
2021-10-25,47.22835,47.29459,46.49972,46.6322,335100.0
2021-10-26,46.76468,47.095870000000005,46.10229,47.02963,406500.0
2021-10-27,46.698440000000005,47.75826,46.698440000000005,47.69202,616600.0
2021-10-28,47.69202,47.75826,47.22835,47.36083,162300.0
2021-10-29,47.69202,48.15569,47.02963,47.62578,585600.0
2021-11-01,47.16211,48.88432,47.16211,48.42065,607500.0
2021-11-02,48.553129999999996,48.685610000000004,47.75826,47.75826,236000.0
2021-11-03,47.75826,47.95698,46.49972,47.36083,593300.0
2021-11-04,46.76468,47.42707,46.76468,47.42707,380000.0
2021-11-05,47.42707,48.08946,47.02963,48.02322,341300.0
2021-11-08,48.02322,48.553129999999996,47.36083,48.15569,657700.0
2021-11-09,48.15569,48.81808,47.75826,48.553129999999996,696200.0
2021-11-10,48.35441,49.083040000000004,48.35441,48.685610000000004,373500.0
2021-11-11,48.751839999999994,49.347989999999996,48.42065,49.21552,319600.0
2021-11-12,49.281760000000006,49.54671,48.42065,48.81808,306000.0
2021-11-15,48.751839999999994,48.81808,48.02322,48.08946,433000.0
2021-11-16,47.69202,48.02322,46.89715,47.62578,802100.0
2021-11-17,47.69202,50.67277,47.69202,50.14286,2418800.0
2021-11-18,50.93773,50.93773,49.61295,49.679190000000006,937800.0
2021-11-19,49.679190000000006,49.94414,47.36083,47.69202,1108300.0
2021-11-22,48.08946,48.08946,44.44631,45.37366,1609600.0
2021-11-23,45.70485,46.698440000000005,45.04246,45.04246,1031400.0
2021-11-24,46.49972,48.15569,46.49972,48.15569,543800.0
2021-11-25,50.01038,50.14286,49.0168,49.81167,783100.0
2021-11-26,49.347989999999996,49.679190000000006,48.35441,49.0168,699000.0
2021-11-29,47.8245,49.679190000000006,47.75826,49.54671,463400.0
2021-11-30,49.74543,52.99114,49.74543,52.99114,1949300.0
2021-12-01,53.58729,54.580870000000004,52.72618,52.99114,656400.0
2021-12-02,52.394980000000004,53.12361,49.347989999999996,51.600120000000004,1161700.0
2021-12-03,51.79883,52.65994,50.34158,51.00397,742300.0
2021-12-06,50.93773,52.26251,49.679190000000006,50.34158,795600.0
2021-12-07,51.070209999999996,51.46764,50.34158,51.00397,616100.0
2021-12-08,51.66636,54.31591,51.00397,53.98472,1248900.0
2021-12-09,53.65352,57.76034,53.454809999999995,57.76034,1692600.0
2021-12-10,58.29025,59.61503,57.29666,59.548790000000004,933100.0
2021-12-13,60.144940000000005,61.80091,59.946220000000004,59.946220000000004,991000.0
2021-12-14,59.61503,59.61503,57.959050000000005,58.48897,812400.0
2021-12-15,59.15135,61.86715,58.48897,60.40989,697700.0
2021-12-16,60.939809999999994,60.939809999999994,59.61503,60.47613,381300.0
2021-12-17,61.271,61.271,57.959050000000005,60.47613,600900.0
2021-12-20,60.60861,60.60861,58.29025,58.82016,724400.0
2021-12-21,58.62144,59.61503,57.42914,59.018879999999996,612800.0
2021-12-22,59.15135,61.60219,59.08512,59.946220000000004,504000.0
2021-12-23,60.01246,63.58936,59.217589999999994,63.39065,1260300.0
2021-12-24,64.58295,65.24534,63.58936,64.05302999999999,628700.0
2021-12-27,64.8479,66.90131,64.45047,66.10644,980500.0
2021-12-28,67.43122,69.61710000000001,66.63635000000001,68.82224000000001,968100.0
2021-12-29,68.88848,72.79657,67.89489,70.21325,1599200.0
2021-12-30,70.21325,71.40555,68.82224000000001,71.20684,462900.0
2021-12-31,70.54445,74.7175,70.54445,72.53161999999999,594000.0
2022-01-04,72.92905,75.18117,69.61710000000001,70.21325,1106100.0
2022-01-05,70.34572999999999,71.93547,69.28591,70.21325,1055500.0
2022-01-06,69.21967,75.11492999999999,69.21967,75.11492999999999,1193900.0
2022-01-07,75.71108,76.83715,73.72391999999999,75.24741,514300.0
2022-01-10,76.10852,76.10852,70.41197,70.41197,987800.0
2022-01-11,70.21325,74.51877999999999,69.61710000000001,70.54445,1023800.0
2022-01-12,70.87564,74.18759,68.88848,74.18759,1169200.0
2022-01-13,75.11492999999999,75.11492999999999,70.27949000000001,70.8094,524000.0
2022-01-14,69.88206,73.5252,69.61710000000001,70.87564,599100.0
2022-01-17,72.53161999999999,72.79657,66.90131,66.90131,987900.0
2022-01-18,66.23892,67.29874000000001,62.926970000000004,65.57653,1007000.0
2022-01-19,64.91414,66.90131,64.91414,65.64277,652900.0
2022-01-20,65.57653,70.21325,65.57653,70.21325,506000.0
2022-01-21,71.86923,73.5252,70.67693,72.79657,601800.0
2022-01-24,70.94188,72.73033,68.88848,69.74958000000001,522400.0
2022-01-25,69.55086,73.5252,69.55086,72.86281,961800.0
2022-01-26,74.12135,74.12135,71.53802999999999,72.0017,495300.0
2022-01-27,66.96755,70.87564,66.96755,68.02736999999999,1209200.0
2022-01-28,67.96113000000001,68.22609,63.32441,65.57653,2128800.0
2022-02-07,66.30516,66.90131,63.25817,63.32441,683300.0
2022-02-08,63.05945,63.58936,60.01246,62.59578,930500.0
2022-02-09,62.26458,65.1791,60.87357,64.25175,445800.0
2022-02-10,64.71542,64.71542,63.25817,64.25175,356100.0
2022-02-11,63.05945,63.72183999999999,62.926970000000004,62.926970000000004,330700.0
2022-02-14,61.93339,62.860730000000004,60.939809999999994,61.46972,340900.0
2022-02-15,61.60219,63.58936,61.271,61.271,293000.0
2022-02-16,61.271,63.32441,61.20476,62.463300000000004,399100.0
2022-02-17,63.523120000000006,64.31799,62.926970000000004,62.926970000000004,240100.0
2022-02-18,62.26458,63.25817,61.80091,62.26458,300000.0
2022-02-21,62.33082,64.25175,62.33082,62.7945,557200.0
2022-02-22,62.926970000000004,64.25175,62.59578,63.6556,734700.0
2022-02-23,64.31799,65.24534,64.31799,65.11286,513900.0
2022-02-24,65.1791,66.57011,61.93339,64.31799,869400.0
2022-02-25,64.31799,65.57653,63.05945,65.1791,459300.0
2022-02-28,65.31157,66.10644,63.6556,64.11927,303600.0
2022-03-01,64.31799,64.31799,63.45688,63.45688,353800.0
2022-03-02,63.523120000000006,63.523120000000006,61.271,61.271,889400.0
2022-03-03,61.271,62.26458,58.62144,59.68127,1051000.0
2022-03-04,59.61503,61.86715,58.48897,61.60219,517900.0
2022-03-07,61.271,61.46972,59.61503,59.946220000000004,906300.0
2022-03-08,59.68127,60.67485,58.95264,58.95264,695500.0
2022-03-09,59.08512,59.548790000000004,56.832989999999995,56.832989999999995,700800.0
2022-03-10,57.959050000000005,57.959050000000005,56.30308,56.30308,577000.0
2022-03-11,56.30308,57.49538,55.97189,56.30308,426900.0
2022-03-14,56.63428,57.62786,55.77317,57.03171,360800.0
2022-03-15,56.63428,58.5552,56.63428,57.89282,1112900.0
2022-03-16,58.29025,58.35649,57.49538,57.49538,335700.0
2022-03-17,57.89282,58.35649,57.49538,57.76034,329800.0
2022-03-18,57.959050000000005,58.22401,57.561620000000005,57.62786,437200.0
2022-03-21,57.49538,57.89282,57.09795,57.23043,419900.0
2022-03-22,57.29666,59.15135,56.832989999999995,57.959050000000005,1414400.0
2022-03-23,58.29025,61.40348,58.15777,60.27742,2184700.0
2022-03-24,60.47613,62.26458,59.87998,61.271,574300.0
2022-03-25,60.939809999999994,61.40348,60.40989,60.80733,548000.0
2022-03-28,59.813739999999996,60.74109,58.95264,60.144940000000005,910500.0
2022-03-29,60.144940000000005,64.31799,60.01246,64.31799,1391100.0
2022-03-30,63.58936,65.77525,63.25817,64.71542,1132000.0
2022-03-31,64.71542,65.51029,63.39065,63.9868,530500.0
2022-04-01,63.9868,66.57011,63.39065,65.04662,728300.0
2022-04-04,65.04662,68.68975999999999,64.38423,65.57653,1003300.0
2022-04-05,64.64918,65.57653,62.72826,62.926970000000004,2362700.0
2022-04-06,62.26458,62.926970000000004,58.8864,58.8864,2106000.0
2022-04-07,58.29025,60.0787,56.96547,56.96547,1134500.0
2022-04-08,56.89923,58.09153,56.76675,56.96547,599100.0
2022-04-12,56.96547,57.23043,52.99114,52.99114,1401300.0
2022-04-13,51.33516,52.65994,49.281760000000006,50.474059999999994,1497600.0
2022-04-14,51.4014,52.13003,49.679190000000006,49.679190000000006,529200.0
2022-04-15,49.347989999999996,49.679190000000006,46.23477,46.23477,1997400.0
2022-04-18,44.90999,45.83733,43.0553,43.0553,1699100.0
2022-04-19,43.0553,45.83733,42.39291,43.78393,1014700.0
2022-04-20,44.71127,44.71127,42.39291,42.39291,724400.0
2022-04-21,41.73052,43.12154,40.405739999999994,40.53822,947500.0
2022-04-22,42.39291,42.39291,37.75618,37.75618,1398300.0
2022-04-25,38.087379999999996,38.74977,35.305339999999994,36.36517,1098100.0
2022-04-26,35.835260000000005,38.88225,35.43782,38.88225,918000.0
2022-04-27,39.08096,40.07455,37.75618,38.94848,887700.0
2022-04-28,39.08096,40.14078,38.41857,38.41857,634100.0
2022-04-29,38.41857,39.41216,36.7626,36.7626,2181300.0
2022-05-04,37.75618,38.484809999999996,37.22627,38.2861,573800.0
2022-05-05,39.08096,39.08096,36.16645,37.42499,513300.0
2022-05-06,36.630120000000005,37.02756,35.43782,35.43782,666400.0
2022-05-09,35.37158,36.10021,32.98698,32.98698,1158000.0
2022-05-10,31.33101,33.51689,31.33101,32.32459,904100.0
2022-05-11,32.98698,33.38442,32.05964,32.8545,497400.0
2022-05-12,33.08634,33.08634,30.56926,30.56926,598500.0
2022-05-13,30.13871,30.60238,28.44962,28.44962,1131300.0
2022-05-16,29.67504,30.072470000000003,28.28402,28.58209,472500.0
2022-05-17,28.615209999999998,30.56926,28.482740000000003,30.56926,553300.0
2022-05-18,31.46349,32.02652,30.86734,31.662200000000002,478500.0
2022-05-19,30.13871,31.79468,30.072470000000003,31.629080000000002,403600.0
2022-05-20,31.761560000000003,32.39083,31.39725,31.662200000000002,423900.0
2022-05-23,32.25835,32.39083,29.807509999999997,30.767979999999998,356500.0
2022-05-24,30.767979999999998,31.198529999999998,29.67504,30.337419999999998,310700.0
2022-05-25,31.46349,32.45707,31.13229,32.45707,601600.0
2022-05-26,33.11946,33.71561,32.45707,32.72203,489700.0
2022-05-27,32.82138,33.05322,32.45707,32.72203,328500.0
2022-05-30,32.75515,34.17928,32.75515,33.71561,520700.0
2022-05-31,34.51048,36.033970000000004,34.17928,36.033970000000004,646900.0
2022-06-01,37.22627,37.62371,36.49764,36.56388,1005700.0
2022-06-02,36.56388,37.62371,35.835260000000005,37.49123,689100.0
2022-06-03,37.68994,38.2861,37.49123,38.153620000000004,760300.0
2022-06-06,38.153620000000004,40.20702,37.68994,38.087379999999996,784000.0
2022-06-07,37.75618,37.75618,35.43782,36.69636,769100.0
2022-06-08,36.7626,38.2861,36.7626,37.49123,639200.0
2022-06-09,37.55747,38.02114,37.09379,37.88866,433800.0
2022-06-10,37.09379,39.41216,37.09379,37.75618,898300.0
2022-06-13,35.835260000000005,37.35875,35.43782,35.504059999999996,800600.0
2022-06-14,33.78185,37.68994,33.78185,37.02756,636700.0
2022-06-15,37.09379,38.74977,34.84167,36.43141000000001,407000.0
2022-06-16,37.68994,37.68994,36.43141000000001,36.7626,404100.0
2022-06-17,35.106629999999996,35.901489999999995,35.106629999999996,35.43782,413300.0
2022-06-20,35.2391,36.10021,32.98698,32.98698,697500.0
2022-06-21,33.11946,33.91433,32.19211,33.45065,596300.0
2022-06-22,33.71561,34.57672,33.11946,33.51689,119700.0
2022-06-23,33.51689,35.106629999999996,32.98698,34.31176,294500.0
2022-06-24,34.44424,35.04039,34.31176,34.44424,144300.0
2022-06-27,34.70919,35.76902,34.24552,35.70278,335800.0
2022-06-28,35.70278,36.49764,35.106629999999996,36.43141000000001,415500.0
2022-06-29,36.232690000000005,37.49123,35.901489999999995,37.02756,393300.0
2022-06-30,37.02756,37.22627,35.636540000000004,35.636540000000004,251000.0
2022-07-01,35.43782,36.29893,34.84167,35.636540000000004,227700.0
2022-07-04,36.232690000000005,36.36517,35.2391,35.835260000000005,189900.0
2022-07-05,35.835260000000005,37.75618,35.835260000000005,36.56388,724000.0
2022-07-06,36.56388,37.49123,35.96773,36.630120000000005,335400.0
2022-07-07,36.7626,39.1472,36.43141000000001,39.1472,1502700.0
2022-07-08,40.736940000000004,41.33309,39.74335,40.20702,581300.0
2022-07-11,39.94207,41.59804,39.74335,40.80317,636600.0
2022-07-12,41.001889999999996,42.06171,39.80959,41.06813,924200.0
2022-07-13,40.86941,42.32667,40.47198,40.93565,560000.0
2022-07-14,40.736940000000004,41.26685,39.67711,41.134370000000004,794100.0
2022-07-15,41.134370000000004,42.591620000000006,39.08096,39.08096,1405000.0
2022-07-18,39.67711,40.53822,38.617290000000004,39.74335,881000.0
2022-07-19,39.08096,40.27326,39.08096,39.67711,478400.0
2022-07-20,40.27326,41.26685,40.008309999999994,40.14078,1320900.0
2022-07-21,40.20702,40.93565,38.74977,38.94848,924800.0
2022-07-22,39.014720000000004,39.54463,37.9549,38.41857,510700.0
2022-07-25,37.75618,38.21986,36.82884,36.96132,1295200.0
2022-07-26,36.7626,38.21986,36.7626,37.35875,333900.0
2022-07-27,37.16003,39.08096,37.16003,39.08096,524700.0
2022-07-28,39.74335,39.87583,38.81601,39.74335,670500.0
2022-07-29,39.74335,40.20702,39.34592,39.94207,562400.0
2022-08-01,39.08096,41.33309,38.087379999999996,41.06813,1535800.0
2022-08-02,41.001889999999996,41.66428,39.80959,40.27326,1306700.0
2022-08-03,40.27326,41.33309,39.80959,41.33309,558500.0
2022-08-04,41.59804,43.18778,41.59804,42.19419,1142000.0
2022-08-05,42.19419,42.39291,41.465559999999996,41.863,589200.0
2022-08-08,42.39291,42.7241,41.33309,41.73052,669900.0
2022-08-09,41.73052,43.386489999999995,41.134370000000004,42.26043,903900.0
2022-08-10,42.39291,42.92282,41.92924,41.92924,489400.0
2022-08-11,41.92924,42.39291,40.736940000000004,40.80317,1015700.0
2022-08-12,40.604459999999996,41.39932,40.3395,41.20061,562600.0
2022-08-15,42.06171,42.06171,41.26685,41.73052,350100.0
2022-08-16,41.92924,44.64503,41.59804,44.64503,1602100.0
2022-08-17,45.04246,45.83733,44.38008,44.57879,749900.0
2022-08-18,44.71127,44.77751,44.04888,44.2476,537100.0
2022-08-19,44.90999,46.96339,44.71127,46.83092,1478400.0
2022-08-22,47.095870000000005,48.35441,46.367239999999995,46.83092,822800.0
2022-08-23,47.02963,48.02322,46.698440000000005,48.02322,640100.0
2022-08-24,48.35441,48.35441,47.36083,47.62578,579800.0
2022-08-25,48.685610000000004,48.685610000000004,46.23477,47.55954,877400.0
2022-08-26,47.62578,47.69202,46.49972,46.49972,574100.0
2022-08-29,45.63862,46.23477,44.38008,46.23477,1077600.0
2022-08-30,46.6322,46.89715,45.83733,46.03605,446900.0
2022-08-31,45.969809999999995,47.95698,45.70485,47.89074,1137400.0
2022-09-05,47.69202,47.8245,46.6322,47.22835,491000.0
2022-09-06,47.62578,48.22193,47.02963,47.22835,463800.0
2022-09-07,47.02963,47.22835,44.38008,44.44631,822400.0
2022-09-08,44.77751,45.70485,44.04888,44.38008,688900.0
2022-09-09,44.71127,45.37366,44.115120000000005,45.1087,346400.0
2022-09-12,46.301,46.301,45.4399,45.90357,457566.0
2022-09-13,46.367239999999995,46.367239999999995,45.37366,45.572379999999995,324567.0
2022-09-14,44.97623,47.02963,44.57879,47.02963,612753.0
2022-09-15,47.02963,48.81808,47.02963,47.75826,892119.0
2022-09-16,47.75826,47.75826,46.367239999999995,46.56596,548363.0
2022-09-19,46.43348,47.02963,43.32025,44.97623,818226.0
2022-09-20,45.572379999999995,45.572379999999995,43.717690000000005,44.84375,436845.0
2022-09-21,44.57879,45.771089999999994,44.38008,44.71127,256163.0
2022-09-22,44.38008,45.04246,43.65145,45.04246,499676.0
2022-09-23,45.04246,46.83092,44.90999,45.83733,740578.0
2022-09-26,45.04246,45.37366,44.04888,44.38008,618335.0
2022-09-27,44.71127,46.10229,44.38008,44.64503,407875.0
2022-09-28,44.44631,44.71127,41.531800000000004,41.531800000000004,1471976.0
2022-09-29,41.59804,42.06171,38.68353,38.68353,986627.0
2022-09-30,37.82242,38.41857,36.033970000000004,38.21986,908407.0
2022-10-03,38.087379999999996,38.41857,35.5703,35.5703,563955.0
2022-10-04,36.16645,36.69636,33.11946,33.11946,952309.0
2022-10-05,34.378,35.37158,33.91433,34.90791,417585.0
2022-10-06,34.97415,35.76902,33.45065,33.71561,372899.0
2022-10-07,33.51689,33.51689,31.36413,31.36413,736664.0
2022-10-10,30.00623,32.39083,29.807509999999997,30.933580000000003,597498.0
2022-10-11,31.13229,31.46349,28.780810000000002,28.780810000000002,503071.0
2022-10-12,28.15154,30.271189999999997,26.82676,29.31072,721859.0
2022-10-13,29.2776,30.66862,29.2776,30.6355,297500.0
2022-10-14,31.52973,31.92716,30.801099999999998,30.801099999999998,529351.0
2022-10-17,30.469900000000003,31.69532,30.370540000000002,31.264770000000002,280453.0
2022-10-18,31.92716,32.32459,31.46349,31.595959999999998,259362.0
2022-10-19,31.79468,31.79468,30.469900000000003,30.834220000000002,362524.0
2022-10-20,30.834220000000002,31.52973,30.53614,30.834220000000002,152173.0
2022-10-21,31.06605,31.06605,28.68145,28.68145,720093.0
2022-10-24,28.81393,28.81393,26.69428,26.69428,624932.0
2022-10-25,26.69428,28.0853,25.56822,26.82676,566786.0
2022-10-26,26.893,27.75411,26.56181,26.69428,282552.0
2022-10-27,26.82676,28.54897,26.82676,28.54897,428804.0
2022-10-28,28.81393,29.87375,28.81393,29.14512,478751.0
2022-10-31,28.482740000000003,29.14512,27.191080000000003,27.886580000000002,701336.0
2022-11-01,28.482740000000003,28.81393,27.489150000000002,27.75411,374070.0
2022-11-02,27.75411,28.615209999999998,27.68787,27.85347,275812.0
2022-11-03,27.75411,28.68145,27.191080000000003,27.820349999999998,671941.0
2022-11-04,27.820349999999998,27.820349999999998,26.09813,26.09813,555718.0
2022-11-07,26.09813,26.09813,24.27656,24.27656,662891.0
2022-11-08,22.58747,23.51482,22.58747,22.58747,1105201.0
2022-11-09,22.19004,23.3161,22.19004,22.19004,378985.0
2022-11-10,20.89838,22.057560000000002,20.66654,20.66654,470922.0
2022-11-11,19.87168,20.56718,19.24241,19.24241,920184.0
2022-11-14,17.917630000000003,17.917630000000003,17.917630000000003,17.917630000000003,164706.0
2022-11-15,16.69221,16.69221,16.69221,16.69221,454689.0
2022-11-16,15.53303,17.85139,15.53303,17.85139,1187468.0
2022-11-17,18.5469,18.87809,18.215700000000002,18.87809,264597.0
2022-11-18,18.613139999999998,19.54048,17.61955,18.81185,347273.0
2022-11-21,19.47424,19.54048,18.5469,18.87809,452368.0
2022-11-22,18.87809,20.16975,18.712490000000003,19.606720000000003,586883.0
2022-11-23,19.606720000000003,20.40159,19.606720000000003,19.606720000000003,442297.0
2022-11-24,19.63984,19.93791,18.74561,19.20929,275169.0
2022-11-25,19.606720000000003,20.202869999999997,19.341759999999997,20.202869999999997,358720.0
2022-11-28,20.53406,21.59389,20.53406,21.59389,548328.0
2022-11-29,21.85884,22.454990000000002,20.53406,21.7926,566137.0
2022-11-30,21.9582,23.183619999999998,21.196450000000002,23.183619999999998,532280.0
2022-12-01,23.97849,24.44216,21.85884,23.448580000000003,727459.0
2022-12-02,23.183619999999998,24.5084,22.1238,24.5084,540540.0
2022-12-05,24.83959,25.00519,23.71353,23.91225,570519.0
2022-12-06,23.77977,24.04473,22.25628,22.25628,588782.0
2022-12-07,22.15692,22.25628,21.22957,21.26269,352101.0
2022-12-08,21.9582,22.71995,21.62701,22.71995,448694.0
2022-12-09,24.30968,24.30968,23.84601,24.30968,510388.0
2022-12-12,25.99878,25.99878,25.50198,25.99878,711782.0
2022-12-13,25.7007,25.96566,24.5084,25.96566,845812.0
2022-12-14,26.42933,27.091720000000002,26.197490000000002,26.29685,531966.0
2022-12-15,26.26373,26.29685,25.17079,25.36951,322160.0
2022-12-16,24.57464,26.66116,24.57464,25.96566,664103.0
2022-12-19,24.77336,25.83318,24.640880000000003,24.640880000000003,1033945.0
2022-12-20,24.21032,24.872709999999998,22.91867,22.984900000000003,844116.0
2022-12-21,23.77977,23.77977,21.395169999999997,22.19004,338852.0
2022-12-22,22.65371,22.71995,21.196450000000002,22.42187,298988.0
2022-12-23,22.42187,22.852430000000002,22.38875,22.786189999999998,152470.0
2022-12-26,23.38234,23.38234,21.52765,21.56077,609740.0
2022-12-27,21.56077,22.2894,21.395169999999997,22.2894,308676.0
2022-12-28,22.454990000000002,22.454990000000002,21.82572,22.057560000000002,125648.0
2022-12-29,21.59389,22.38875,21.59389,22.02444,160461.0
2022-12-30,22.35564,22.35564,21.7926,21.7926,100415.0
2023-01-03,21.7926,23.3161,21.7926,23.3161,353464.0
2023-01-04,23.448580000000003,23.97849,23.3161,23.3161,240193.0
2023-01-05,23.614169999999998,23.614169999999998,23.183619999999998,23.24986,232649.0
2023-01-06,23.24986,23.349220000000003,22.38875,22.454990000000002,322035.0
2023-01-09,22.35564,22.88555,22.35564,22.38875,145900.0
2023-01-10,22.22316,23.77977,22.02444,23.41546,221024.0
2023-01-11,23.91225,23.91225,23.41546,23.41546,255500.0
2023-01-12,23.58106,23.58106,22.852430000000002,23.084259999999997,194584.0
2023-01-13,23.11738,23.3161,23.05114,23.084259999999997,128350.0
2023-01-16,23.183619999999998,23.71353,22.88555,23.448580000000003,235331.0
2023-01-17,23.84601,25.07143,23.64729,25.07143,445596.0
2023-01-18,26.29685,26.29685,25.20391,25.336389999999998,420193.0
2023-01-19,25.30327,25.83318,24.57464,25.66758,263136.0
2023-01-27,25.89942,26.49557,25.83318,26.164369999999998,419123.0
2023-01-30,26.164369999999998,26.49557,25.83318,26.0319,425357.0
2023-01-31,25.73382,26.0319,24.21032,26.0319,420586.0
2023-02-01,26.42933,26.42933,24.21032,24.21032,508107.0
2023-02-02,24.30968,24.83959,23.84601,24.3428,413538.0
2023-02-03,24.44216,24.90583,24.21032,24.44216,160050.0
2023-02-06,24.44216,24.5084,24.24344,24.5084,194329.0
2023-02-07,24.5084,24.80648,23.84601,23.84601,264404.0
2023-02-08,24.24344,24.30968,23.448580000000003,23.81289,207860.0
2023-02-09,23.94537,24.14409,23.84601,23.87913,125316.0
2023-02-10,23.87913,23.87913,23.05114,23.4817,186422.0
2023-02-13,23.183619999999998,23.183619999999998,21.85884,21.85884,705138.0
2023-02-14,22.52123,22.52123,21.72637,22.19004,178599.0
2023-02-15,22.19004,23.58106,21.85884,22.71995,171624.0
2023-02-16,23.24986,23.24986,22.75307,23.01802,109587.0
2023-02-17,23.11738,23.51482,22.984900000000003,23.21674,117066.0
2023-02-20,23.349220000000003,24.640880000000003,23.349220000000003,24.640880000000003,322990.0
2023-02-21,24.640880000000003,25.30327,24.640880000000003,24.872709999999998,441527.0
2023-02-22,24.541520000000002,24.83959,24.17721,24.17721,338496.0
2023-02-23,23.97849,24.17721,22.91867,23.51482,289706.0
2023-02-24,23.58106,23.84601,23.183619999999998,23.183619999999998,142807.0
2023-02-27,22.852430000000002,23.21674,22.057560000000002,22.19004,220626.0
2023-02-28,22.62059,22.91867,22.19004,22.2894,146129.0
2023-03-01,22.25628,23.58106,22.25628,23.58106,126237.0
2023-03-02,23.58106,24.077849999999998,23.183619999999998,23.21674,282933.0
2023-03-03,23.64729,23.71353,23.05114,23.24986,143701.0
2023-03-06,23.87913,24.44216,23.51482,23.87913,294231.0
2023-03-07,23.746650000000002,24.21032,23.64729,23.84601,131627.0
2023-03-08,23.81289,24.40904,23.51482,24.375919999999997,224637.0
2023-03-09,23.58106,25.402630000000002,23.58106,25.27015,621234.0
2023-03-10,25.17079,25.237029999999997,24.5084,25.13767,296603.0
2023-03-13,24.60776,24.938950000000002,24.44216,24.77336,324278.0
2023-03-14,24.77336,24.77336,23.84601,23.97849,221172.0
2023-03-15,24.5084,25.07143,24.375919999999997,24.90583,237828.0
2023-03-16,24.872709999999998,24.872709999999998,24.44216,24.44216,177398.0
2023-03-17,24.640880000000003,24.77336,24.30968,24.640880000000003,225222.0
2023-03-20,24.541520000000002,24.97207,24.27656,24.27656,292624.0
2023-03-21,24.674,24.674,24.110970000000002,24.674,106634.0
2023-03-22,24.83959,26.36309,24.80648,25.56822,857893.0
2023-03-23,25.50198,26.85988,25.50198,26.49557,800861.0
2023-03-24,27.15796,27.15796,26.0319,26.09813,668397.0
2023-03-27,26.197490000000002,27.12484,26.13125,26.49557,459234.0
2023-03-28,26.79364,26.79364,26.164369999999998,26.230610000000002,371748.0
2023-03-29,26.36309,27.489150000000002,26.197490000000002,27.32355,584184.0
2023-03-30,28.01906,29.21136,27.422909999999998,29.21136,1128917.0
2023-03-31,29.31072,30.13871,28.84705,28.94641,1190842.0
2023-04-03,29.34384,30.50302,29.14512,29.74127,579213.0
2023-04-04,29.807509999999997,30.271189999999997,29.41008,30.271189999999997,406177.0
2023-04-05,31.46349,32.25835,30.60238,31.46349,1037838.0
2023-04-06,31.79468,31.79468,30.60238,30.933580000000003,579654.0
2023-04-07,30.933580000000003,31.56284,30.469900000000003,31.39725,539717.0
2023-04-10,31.662200000000002,31.9934,30.801099999999998,31.13229,515701.0
2023-04-11,30.90046,31.9934,30.834220000000002,31.9934,540734.0
2023-04-12,31.9934,32.25835,31.662200000000002,31.72844,349489.0
2023-04-13,31.761560000000003,31.79468,30.469900000000003,30.469900000000003,450366.0
2023-04-14,30.801099999999998,31.06605,30.370540000000002,30.370540000000002,608365.0
2023-04-17,30.60238,31.79468,30.370540000000002,31.79468,601404.0
2023-04-18,32.25835,33.98057,31.860919999999997,33.98057,897843.0
2023-04-19,35.636540000000004,35.636540000000004,34.11304,35.106629999999996,1011367.0
2023-04-20,35.106629999999996,35.636540000000004,34.57672,35.305339999999994,404218.0
2023-04-21,35.43782,36.43141000000001,34.84167,36.43141000000001,569587.0
2023-04-24,37.16003,38.94848,37.09379,38.94848,920700.0
2023-04-25,39.94207,41.06813,36.43141000000001,38.41857,1613123.0
2023-04-26,38.41857,38.74977,37.49123,38.74977,529148.0
2023-04-27,38.617290000000004,40.405739999999994,37.82242,39.27968,529929.0
2023-04-28,40.07455,40.07455,38.74977,39.08096,682325.0
2023-05-04,38.74977,39.014720000000004,37.49123,37.55747,556626.0
2023-05-05,37.42499,39.4784,37.42499,39.4784,643594.0
2023-05-08,40.07455,40.3395,39.014720000000004,39.08096,482816.0
2023-05-09,39.34592,39.41216,38.02114,38.35233,668450.0
2023-05-10,38.21986,38.68353,38.02114,38.41857,467993.0
2023-05-11,38.21986,41.06813,38.21986,41.06813,1569526.0
2023-05-12,41.73052,43.58521,41.06813,42.79033999999999,781963.0
2023-05-15,42.79033999999999,43.25401,41.26685,41.863,696903.0
2023-05-16,41.863,43.0553,41.79676,41.995470000000005,369107.0
2023-05-17,42.32667,43.0553,41.863,42.39291,625835.0
2023-05-18,42.19419,42.52539,41.73052,42.39291,287646.0
2023-05-19,42.92282,42.92282,41.33309,41.92924,576758.0
2023-05-22,41.66428,42.32667,41.465559999999996,41.995470000000005,425613.0
2023-05-23,43.58521,43.982639999999996,42.39291,43.717690000000005,952759.0
2023-05-24,43.717690000000005,43.982639999999996,42.92282,42.92282,354598.0
2023-05-25,42.7241,43.0553,42.39291,42.39291,312694.0
2023-05-26,42.39291,42.92282,41.863,42.39291,406769.0
2023-05-29,42.591620000000006,42.7241,42.06171,42.19419,388056.0
2023-05-30,42.39291,43.386489999999995,41.66428,43.386489999999995,840152.0
2023-05-31,43.65145,43.65145,42.39291,42.39291,551301.0
2023-06-01,42.39291,42.79033999999999,41.73052,42.39291,362903.0
2023-06-02,42.26043,42.39291,41.995470000000005,42.12795,485755.0
2023-06-05,42.45915,43.51897,42.39291,42.92282,840495.0
2023-06-06,43.0553,45.04246,42.52539,44.04888,832531.0
2023-06-07,44.71127,44.71127,43.25401,43.45273,558026.0
2023-06-08,43.65145,44.38008,43.12154,43.386489999999995,447587.0
2023-06-09,43.386489999999995,44.04888,42.7241,44.04888,580338.0
2023-06-12,44.38008,47.095870000000005,43.717690000000005,46.23477,1285534.0
2023-06-13,46.367239999999995,46.43348,44.90999,45.04246,749420.0
2023-06-14,45.1087,45.50614,43.45273,43.58521,921991.0
2023-06-15,43.386489999999995,44.04888,43.0553,43.85016,459548.0
2023-06-16,44.31384,44.31384,43.32025,43.51897,560324.0
2023-06-19,43.12154,43.85016,41.59804,42.52539,863752.0
2023-06-20,42.52539,43.45273,42.26043,43.0553,236425.0
2023-06-21,43.51897,45.1087,43.0553,44.84375,734105.0
2023-06-22,44.90999,45.04246,44.2476,44.84375,303537.0
2023-06-23,44.97623,46.6322,44.04888,46.367239999999995,1257882.0
2023-06-26,46.83092,46.83092,45.04246,45.572379999999995,521577.0
2023-06-27,45.24118,45.83733,45.17494,45.572379999999995,304553.0
2023-06-28,46.16853,47.55954,45.70485,45.90357,938648.0
2023-06-29,45.83733,45.90357,45.17494,45.4399,394836.0
2023-06-30,45.4399,46.23477,44.77751,45.63862,546495.0
2023-07-03,45.70485,46.698440000000005,45.37366,46.367239999999995,454682.0
2023-07-04,47.02963,47.02963,45.572379999999995,46.367239999999995,521807.0
2023-07-05,46.367239999999995,46.89715,46.03605,46.16853,435905.0
2023-07-06,46.367239999999995,46.49972,45.30742,46.03605,511738.0
2023-07-07,45.50614,49.0168,45.50614,49.0168,1590814.0
2023-07-10,49.679190000000006,50.34158,49.0168,49.679190000000006,652787.0
2023-07-11,50.14286,51.931309999999996,50.076620000000005,51.20268,876621.0
2023-07-12,51.66636,52.32875,50.93773,51.66636,616008.0
2023-07-13,52.26251,52.26251,51.00397,51.46764,420796.0
2023-07-14,51.46764,52.99114,51.20268,52.99114,689911.0
2023-07-17,53.65352,53.852239999999995,51.46764,51.66636,1406080.0
2023-07-18,51.66636,52.13003,51.46764,51.997550000000004,324910.0
2023-07-19,51.66636,51.997550000000004,51.33516,51.46764,572637.0
2023-07-20,51.46764,52.99114,51.4014,52.32875,485759.0
2023-07-21,52.461220000000004,53.58729,52.32875,52.461220000000004,381713.0
2023-07-24,52.19627,52.19627,48.81808,48.81808,3009899.0
2023-07-25,47.16211,49.61295,47.02963,49.0168,1120436.0
2023-07-26,48.81808,49.61295,47.22835,48.22193,872503.0
2023-07-27,48.08946,48.08946,45.04246,45.572379999999995,2117763.0
2023-07-28,45.50614,48.751839999999994,44.77751,48.751839999999994,1876895.0
2023-07-31,49.0168,49.61295,46.76468,47.62578,1164802.0
2023-08-01,47.02963,47.62578,44.31384,44.31384,3451094.0
2023-08-02,43.78393,44.31384,41.73052,41.92924,2677844.0
2023-08-03,41.863,43.45273,41.863,42.39291,1156353.0
2023-08-04,42.591620000000006,43.0553,42.32667,42.79033999999999,1059204.0
2023-08-07,42.65786,42.79033999999999,41.863,42.39291,1374312.0
2023-08-08,42.26043,44.97623,41.92924,44.2476,2610075.0
2023-08-09,44.38008,44.38008,43.0553,43.717690000000005,623605.0
2023-08-10,43.717690000000005,45.24118,43.386489999999995,45.17494,1690729.0
2023-08-11,45.17494,45.17494,43.982639999999996,44.64503,797403.0
2023-08-14,44.64503,45.30742,44.44631,44.57879,960933.0
2023-08-15,44.64503,45.04246,43.85016,44.31384,779041.0
2023-08-16,44.115120000000005,45.24118,43.386489999999995,44.38008,1054704.0
2023-08-17,44.04888,44.18136,43.386489999999995,43.386489999999995,688342.0
2023-08-18,43.0553,43.386489999999995,40.405739999999994,40.405739999999994,1745849.0
2023-08-21,40.405739999999994,40.47198,38.74977,39.213440000000006,693783.0
2023-08-22,39.213440000000006,39.74335,36.7626,38.74977,1319549.0
2023-08-23,38.81601,39.54463,38.484809999999996,39.08096,406808.0
2023-08-24,38.74977,39.4784,38.484809999999996,39.41216,729171.0
2023-08-25,39.41216,42.06171,39.27968,41.33309,1550477.0
2023-08-28,41.73052,41.995470000000005,40.80317,41.33309,556779.0
2023-08-29,41.465559999999996,41.995470000000005,40.93565,41.39932,674721.0
2023-08-30,41.39932,41.531800000000004,40.008309999999994,40.86941,909670.0
2023-08-31,41.134370000000004,42.39291,40.80317,41.79676,944191.0
2023-09-05,42.26043,43.45273,42.19419,43.25401,1006416.0
2023-09-06,43.386489999999995,44.77751,42.85658,44.38008,904612.0
2023-09-07,44.31384,44.90999,43.51897,43.982639999999996,769025.0
2023-09-08,43.65145,45.17494,43.45273,44.2476,915533.0
2023-09-11,44.2476,44.57879,42.591620000000006,42.7241,1012560.0
2023-09-12,42.7241,43.85016,42.591620000000006,43.85016,488809.0
2023-09-13,43.982639999999996,45.04246,43.386489999999995,44.2476,1191602.0
2023-09-14,44.2476,44.38008,43.0553,43.18778,720565.0
2023-09-15,43.18778,44.97623,43.18778,44.71127,945772.0
2023-09-18,45.04246,47.55954,44.77751,46.89715,2121691.0
2023-09-19,46.89715,47.36083,46.10229,46.698440000000005,874141.0
2023-09-20,47.36083,47.69202,46.367239999999995,47.69202,1006639.0
2023-09-21,47.89074,47.95698,46.76468,46.76468,686577.0
2023-09-22,45.83733,46.16853,43.58521,45.30742,2090988.0
2023-09-25,44.90999,45.70485,42.19419,42.19419,1542380.0
2023-09-26,41.73052,42.85658,41.26685,41.995470000000005,763911.0
2023-09-27,42.45915,42.7241,40.07455,41.73052,726141.0
2023-09-28,43.01114,43.80601,42.39291,42.65786,520319.0
2023-09-29,43.276089999999996,43.276089999999996,41.68636,42.216269999999994,319290.0
2023-10-02,42.30459,42.8345,42.216269999999994,42.216269999999994,239439.0
2023-10-03,42.039629999999995,42.12795,39.74335,40.71486,326677.0
2023-10-04,39.91999,41.95132,39.74335,41.863,304442.0
2023-10-05,42.39291,43.717690000000005,41.95132,43.62937,704848.0
2023-10-06,43.276089999999996,45.48406,42.92282,45.48406,960152.0
2023-10-09,46.45556,46.45556,45.30742,45.66069,606837.0
2023-10-10,46.27892,46.80884,45.04246,45.13078,1176308.0
2023-10-11,45.2191,47.95698,45.13078,47.95698,1382839.0
2023-10-12,48.48689,48.66353,46.98547,47.51538,948123.0
2023-10-13,47.33875,48.57521,46.89715,48.48689,909116.0
2023-10-16,48.66353,49.19344,47.51538,48.31025,788263.0
2023-10-17,48.31025,49.281760000000006,45.2191,45.2191,1123429.0
2023-10-18,45.572379999999995,45.572379999999995,42.30459,43.717690000000005,1452129.0
2023-10-19,43.717690000000005,44.159279999999995,42.216269999999994,43.45273,725982.0
2023-10-20,43.45273,45.04246,42.12795,45.04246,636471.0
2023-10-23,45.30742,45.30742,42.39291,43.717690000000005,461923.0
2023-10-24,44.2476,46.72051999999999,44.0268,46.72051999999999,1604596.0
2023-10-25,47.69202,49.9883,47.16211,48.57521,1501449.0
2023-10-26,46.89715,47.603699999999996,45.2191,45.30742,2121839.0
2023-10-27,46.27892,48.39857,45.30742,48.39857,2007772.0
2023-10-30,48.57521,50.78317,46.01397,46.01397,1625417.0
2023-10-31,46.98547,47.25043,44.159279999999995,44.68919,1262353.0
2023-11-01,44.86583,45.395739999999996,42.613699999999994,44.42423,865569.0
2023-11-02,45.04246,47.51538,45.04246,47.51538,1033433.0
2023-11-03,49.0168,50.78317,48.22193,50.78317,3599812.0
2023-11-06,52.372910000000005,52.72618,51.04813,51.84299,1226329.0
2023-11-07,51.66636,55.46405,51.04813,53.96264,3658290.0
2023-11-08,54.22759,56.08228,53.16777,55.64069,1719970.0
2023-11-09,55.28742,58.02529,54.31591,54.75751,2185374.0
2023-11-10,53.87432,57.76034,53.609370000000006,55.64069,3139788.0
2023-11-13,56.52388,56.52388,54.050959999999996,55.02246,1487913.0
2023-11-14,55.11078,57.5837,55.02246,55.993970000000004,1994211.0
2023-11-15,57.23043,57.23043,53.69768,54.580870000000004,3690477.0
2023-11-16,54.66919,55.64069,53.96264,55.64069,982214.0
2023-11-17,55.81733,56.612199999999994,53.96264,54.75751,2875803.0
2023-11-20,53.87432,56.08228,53.69768,55.1991,1845076.0
2023-11-21,55.81733,58.73184,55.28742,58.11361,3499360.0
2023-11-22,58.29025,58.908480000000004,56.612199999999994,58.29025,1678401.0
2023-11-23,58.73184,58.73184,54.22759,54.22759,2118873.0
2023-11-24,54.13928,55.1991,51.22476,55.1991,3806045.0
2023-11-27,55.1991,55.37574,52.99114,52.99114,1102248.0
2023-11-28,52.99114,55.11078,52.72618,54.66919,1539514.0
2023-11-29,55.11078,55.28742,54.49255,54.66919,1054802.0
2023-11-30,54.75751,56.08228,54.66919,54.75751,1520015.0
2023-12-01,55.11078,56.08228,54.66919,55.1991,1566612.0
2023-12-04,56.1706,58.378569999999996,55.72901,57.84866,2637521.0
2023-12-05,57.84866,58.11361,56.788830000000004,56.87715,1138427.0
2023-12-06,56.87715,58.378569999999996,56.70051,58.02529,1287670.0
2023-12-07,58.378569999999996,59.70335,56.08228,58.02529,2758378.0
2023-12-08,58.73184,58.73184,56.52388,56.788830000000004,923683.0
2023-12-11,56.96547,57.31874,55.72901,56.34724,1015200.0
2023-12-12,56.34724,57.23043,55.993970000000004,56.612199999999994,697168.0
2023-12-13,56.70051,57.23043,55.11078,55.11078,1673125.0
2023-12-14,55.72901,56.08228,54.66919,54.845819999999996,819160.0
2023-12-15,54.845819999999996,55.46405,54.13928,54.75751,985419.0
2023-12-18,54.75751,56.788830000000004,54.404230000000005,56.1706,1385826.0
2023-12-19,56.1706,56.52388,55.46405,56.34724,752838.0
2023-12-20,56.52388,57.14211,56.1706,56.34724,752454.0
2023-12-21,56.1706,57.23043,55.72901,56.435559999999995,889107.0
2023-12-22,56.52388,58.643519999999995,56.52388,57.5837,2772586.0
2023-12-25,57.84866,58.73184,57.31874,58.11361,1162409.0
2023-12-26,58.20193,61.73467,58.20193,61.3814,5126780.0
2023-12-27,61.82299,61.82299,61.02812,61.55804,1215640.0
2023-12-28,61.82299,61.82299,60.144940000000005,60.586529999999996,1474699.0
2023-12-29,60.586529999999996,61.3814,60.40989,60.763169999999995,1072685.0
2024-01-02,60.763169999999995,61.82299,59.52671,59.79166,1869132.0
2024-01-03,59.79166,63.23609,59.79166,62.70618,1882631.0
2024-01-04,62.88281,63.147769999999994,61.64635,61.82299,1490467.0
2024-01-05,61.82299,62.3529,61.3814,61.82299,914316.0
2024-01-08,61.82299,62.61786,61.20476,61.73467,1239608.0
2024-01-09,61.29308,62.7945,61.116440000000004,61.64635,1090423.0
2024-01-10,61.46972,61.82299,59.08512,59.79166,2921628.0
2024-01-11,59.79166,60.939809999999994,59.17343,60.939809999999994,1596123.0
2024-01-12,60.05662,60.49821,58.73184,59.70335,2061308.0
2024-01-15,59.70335,60.321580000000004,57.84866,58.29025,1635271.0
2024-01-16,58.29025,60.05662,58.29025,60.05662,1427407.0
2024-01-17,60.321580000000004,60.40989,59.52671,60.05662,954992.0
2024-01-18,60.144940000000005,60.939809999999994,59.43839,60.586529999999996,1263138.0
2024-01-19,60.939809999999994,61.73467,60.23326,60.939809999999994,1031087.0
2024-01-22,61.02812,61.116440000000004,58.908480000000004,59.968300000000006,1986880.0
2024-01-23,59.968300000000006,60.144940000000005,59.26175,60.05662,926797.0
2024-01-24,60.05662,60.23326,59.17343,59.17343,1306334.0
2024-01-25,59.87998,59.87998,58.908480000000004,59.87998,1117079.0
2024-01-26,60.05662,60.23326,59.52671,59.79166,780934.0
2024-01-29,59.79166,61.3814,59.61503,60.85149,1903351.0
2024-01-30,61.116440000000004,61.116440000000004,60.321580000000004,61.02812,940147.0
2024-01-31,61.3814,62.3529,59.52671,59.61503,2735447.0
2024-02-01,59.968300000000006,60.144940000000005,59.35007,59.35007,1550181.0
2024-02-02,59.87998,59.87998,58.82016,59.08512,2181331.0
2024-02-05,59.08512,59.35007,57.23043,57.23043,3714554.0
2024-02-06,57.14211,59.61503,55.64069,58.73184,2291166.0
2024-02-07,59.08512,59.35007,58.46689,58.46689,912671.0
2024-02-15,58.9968,59.35007,58.46689,59.17343,1382952.0
2024-02-16,59.61503,59.61503,58.5552,58.5552,1190706.0
2024-02-19,58.643519999999995,58.9968,58.29025,58.5552,1483476.0
2024-02-20,58.5552,61.3814,58.378569999999996,60.763169999999995,4118274.0
2024-02-21,60.939809999999994,61.29308,60.144940000000005,60.67485,1628354.0
2024-02-22,60.586529999999996,61.55804,60.586529999999996,60.85149,1820291.0
2024-02-23,60.763169999999995,60.85149,58.11361,58.11361,3908204.0
2024-02-26,58.29025,58.5552,57.407059999999994,57.93697,1958441.0
2024-02-27,58.46689,59.43839,57.84866,59.43839,1796830.0
2024-02-28,59.61503,60.23326,58.82016,59.35007,1686351.0
2024-02-29,59.52671,59.52671,58.378569999999996,58.908480000000004,1476063.0
2024-03-01,58.9968,60.939809999999994,58.9968,60.939809999999994,4063071.0
2024-03-04,63.41272,64.82582,63.147769999999994,63.58936,3905514.0
2024-03-05,63.58936,64.91414,62.7945,64.38423,1903376.0
2024-03-06,64.20759,64.29591,61.999629999999996,62.3529,2158599.0
2024-03-07,62.08795,63.05945,61.999629999999996,62.3529,2108297.0
2024-03-08,62.971129999999995,62.971129999999995,60.85149,60.939809999999994,2631098.0
2024-03-11,60.763169999999995,62.44122,60.586529999999996,61.116440000000004,2605893.0
2024-03-12,61.3814,62.61786,60.939809999999994,62.529540000000004,1808426.0
2024-03-13,63.05945,66.85714999999999,62.88281,66.85714999999999,4740058.0
2024-03-14,66.85714999999999,68.62352,66.85714999999999,68.00528999999999,3250957.0
2024-03-15,68.00528999999999,68.97679,66.59219,67.91697,2245355.0
2024-03-18,68.00528999999999,68.5352,63.23609,63.23609,5904564.0
2024-03-19,64.03094999999999,64.03094999999999,61.91131,62.08795,1892947.0
2024-03-20,62.88281,63.50104,61.999629999999996,63.50104,1642599.0
2024-03-21,64.11927,64.29591,62.88281,63.41272,2095729.0
2024-03-22,63.67768,64.38423,62.971129999999995,63.23609,2179101.0
2024-03-25,63.41272,64.82582,63.147769999999994,64.03094999999999,1879614.0
2024-03-26,64.47255,64.82582,63.67768,64.7375,1449804.0
2024-03-27,64.82582,65.79733,64.56087000000001,64.91414,1663195.0
2024-03-28,65.79733,65.79733,63.85432,64.20759,1230470.0
2024-03-29,64.47255,65.35573000000001,63.94264,64.47255,1211320.0
2024-04-01,64.47255,64.82582,62.61786,63.23609,2122401.0
2024-04-02,63.147769999999994,63.58936,62.61786,63.50104,1528821.0
2024-04-03,63.50104,64.11927,62.44122,62.44122,1760601.0
2024-04-04,62.176269999999995,62.70618,61.82299,62.176269999999995,1084511.0
2024-04-05,61.82299,63.766,61.64635,62.176269999999995,1839925.0
2024-04-08,62.70618,62.88281,61.73467,61.73467,746066.0
2024-04-09,61.82299,63.147769999999994,61.64635,63.147769999999994,988368.0
2024-04-10,63.41272,63.41272,61.999629999999996,62.08795,788503.0
2024-04-11,61.3814,61.91131,61.3814,61.46972,943516.0
2024-04-12,61.82299,63.147769999999994,61.3814,62.61786,1083116.0
2024-04-15,61.82299,62.44122,58.29025,58.29025,2302540.0
2024-04-16,58.378569999999996,59.17343,56.52388,58.29025,2004668.0
2024-04-17,58.643519999999995,58.643519999999995,56.52388,56.52388,784870.0
2024-04-19,55.1991,56.1706,53.87432,53.87432,1503925.0
2024-04-22,54.75751,55.993970000000004,54.22759,55.55237,783948.0
2024-04-23,54.75751,55.55237,54.75751,55.55237,651661.0
2024-04-24,55.90565,58.11361,55.72901,57.76034,985564.0
2024-04-25,57.76034,57.84866,56.258919999999996,57.49538,682796.0
2024-04-26,58.82016,59.61503,58.29025,58.5552,1512849.0
2024-05-02,58.9968,58.9968,58.11361,58.73184,436248.0
2024-05-03,59.08512,59.52671,58.11361,58.29025,607268.0
2024-05-06,59.08512,59.61503,58.46689,59.35007,1256458.0
2024-05-07,59.52671,60.939809999999994,59.43839,60.67485,1439164.0
2024-05-08,60.67485,60.67485,59.43839,60.40989,727162.0
2024-05-09,60.763169999999995,61.91131,59.79166,60.144940000000005,1180381.0
2024-05-10,60.23326,60.49821,59.35007,60.23326,658037.0
2024-05-13,60.05662,60.49821,59.17343,59.17343,761457.0
2024-05-14,59.17343,59.968300000000006,58.9968,59.52671,642131.0
2024-05-15,59.70335,61.73467,59.35007,60.23326,2075163.0
2024-05-16,60.586529999999996,61.116440000000004,59.79166,60.05662,1202440.0
2024-05-17,60.49821,62.61786,60.40989,62.44122,2367789.0
2024-05-20,63.32441,63.41272,62.44122,62.44122,1383057.0
2024-05-21,62.44122,65.53237,61.91131,64.38423,2784518.0
2024-05-22,64.47255,64.64918,63.147769999999994,63.41272,1496961.0
2024-05-23,63.41272,64.47255,62.88281,64.47255,1411448.0
2024-05-24,64.03094999999999,64.47255,61.116440000000004,63.147769999999994,2050792.0
2024-05-27,62.70618,63.32441,61.46972,62.971129999999995,879553.0
2024-05-28,63.94264,67.1221,62.971129999999995,66.41556,3621026.0
2024-05-29,66.41556,66.50386999999999,64.56087000000001,65.1791,1873614.0
2024-05-30,64.82582,65.00246,62.61786,63.94264,2097013.0
2024-05-31,63.94264,64.03094999999999,62.971129999999995,64.03094999999999,1126443.0
2024-06-03,64.91414,64.91414,64.11927,64.56087000000001,1000680.0
2024-06-04,64.91414,66.59219,64.47255,64.47255,1667719.0
2024-06-05,64.7375,64.82582,63.85432,63.85432,1418084.0
2024-06-06,63.85432,64.38423,63.23609,63.85432,1179971.0
2024-06-07,64.20759,64.20759,63.32441,64.11927,883085.0
2024-06-10,64.47255,66.06228,64.29591,65.70900999999999,1832937.0
2024-06-11,66.15060000000001,67.21042,65.09078,65.53237,2162142.0
2024-06-12,65.35573000000001,65.35573000000001,64.47255,65.35573000000001,781767.0
2024-06-13,65.62069,66.32724,64.7375,64.82582,1088543.0
2024-06-14,65.26741,66.50386999999999,64.11927,64.11927,1978900.0
2024-06-17,64.03094999999999,64.20759,63.58936,63.58936,822951.0
2024-06-18,64.03094999999999,65.88564,63.85432,64.91414,1374840.0
2024-06-19,65.35573000000001,68.80016,65.09078,67.38705999999999,3997803.0
2024-06-20,67.38705999999999,68.71184,66.94547,67.5637,1470814.0
2024-06-21,67.82865,68.88848,67.03379,67.29874000000001,1558178.0
2024-06-24,67.1221,67.5637,63.766,64.47255,2332422.0
2024-06-25,64.91414,65.09078,63.766,64.11927,1130975.0
2024-06-26,64.56087000000001,64.64918,63.85432,64.56087000000001,1044065.0
2024-06-27,64.91414,64.91414,63.94264,64.20759,526526.0
2024-06-28,64.11927,64.38423,61.82299,61.91131,1863688.0
2024-07-01,62.08795,63.147769999999994,61.91131,62.88281,390350.0
2024-07-02,62.971129999999995,64.29591,62.971129999999995,63.766,602436.0
2024-07-03,63.58936,64.38423,63.58936,63.766,614001.0
2024-07-04,63.766,64.20759,63.58936,63.58936,597212.0
2024-07-05,63.67768,63.94264,63.147769999999994,63.41272,521904.0
2024-07-08,63.94264,64.20759,63.32441,64.20759,857466.0
2024-07-09,64.7375,66.06228,64.11927,65.62069,1472925.0
2024-07-10,65.70900999999999,65.79733,64.47255,64.47255,817660.0
2024-07-11,64.91414,65.26741,64.64918,64.64918,632888.0
2024-07-12,64.47255,65.79733,64.47255,65.00246,991521.0
2024-07-15,65.1791,65.44405,63.94264,64.56087000000001,555428.0
2024-07-16,65.00246,65.88564,64.56087000000001,65.1791,879025.0
2024-07-17,65.44405,65.70900999999999,61.64635,63.23609,1351649.0
2024-07-18,63.32441,63.58936,61.82299,63.23609,952648.0
2024-07-19,63.147769999999994,63.32441,61.20476,61.73467,1142631.0
2024-07-22,61.82299,61.82299,58.9968,58.9968,1567676.0
2024-07-23,58.9968,60.05662,57.84866,57.84866,742956.0
2024-07-24,57.407059999999994,58.73184,56.70051,58.73184,741679.0
2024-07-25,58.73184,58.73184,57.84866,58.73184,361090.0
2024-07-26,59.35007,59.35007,58.46689,59.35007,398424.0
2024-07-29,60.05662,60.05662,59.35007,59.52671,250644.0
2024-07-30,59.61503,59.968300000000006,57.93697,59.35007,483470.0
2024-07-31,58.9968,59.08512,57.407059999999994,57.407059999999994,1154941.0
2024-08-01,57.5837,58.9968,56.52388,56.96547,1268662.0
2024-08-02,56.52388,57.23043,53.87432,56.258919999999996,742536.0
2024-08-05,55.28742,55.90565,52.372910000000005,52.372910000000005,1710813.0
2024-08-06,52.8145,53.69768,51.4014,53.079449999999994,960774.0
2024-08-07,53.87432,53.87432,52.72618,53.25608999999999,432658.0
2024-08-08,52.99114,55.37574,52.90282,53.43273000000001,749703.0
2024-08-09,54.13928,54.31591,53.87432,54.13928,378952.0
2024-08-12,54.66919,54.75751,54.050959999999996,54.49255,441991.0
2024-08-13,54.49255,54.49255,53.609370000000006,54.13928,480368.0
2024-08-14,54.31591,54.49255,53.69768,54.31591,375617.0
2024-08-15,54.31591,54.404230000000005,53.609370000000006,53.87432,304032.0
2024-08-16,54.050959999999996,56.34724,54.050959999999996,56.08228,1049782.0
2024-08-19,56.08228,57.49538,56.08228,56.70051,506536.0
2024-08-20,57.31874,58.11361,56.87715,57.76034,874043.0
2024-08-21,57.49538,58.5552,56.87715,57.23043,554665.0
2024-08-22,57.23043,57.23043,56.1706,56.34724,939003.0
2024-08-23,56.258919999999996,56.70051,55.90565,56.258919999999996,513358.0
2024-08-26,56.87715,57.407059999999994,56.258919999999996,56.788830000000004,503379.0
2024-08-27,56.70051,56.788830000000004,56.1706,56.70051,323902.0
2024-08-28,56.96547,56.96547,56.08228,56.258919999999996,329513.0
2024-08-29,56.435559999999995,56.435559999999995,55.90565,56.34724,253902.0
2024-08-30,56.34724,56.612199999999994,56.08228,56.08228,305343.0
2024-09-04,55.55237,57.14211,55.28742,56.258919999999996,561157.0
2024-09-05,56.70051,56.788830000000004,55.64069,55.72901,248568.0
2024-09-06,55.72901,55.993970000000004,55.02246,55.28742,359177.0
2024-09-09,55.28742,55.81733,54.580870000000004,54.580870000000004,334326.0
2024-09-10,54.845819999999996,55.37574,53.69768,53.87432,385923.0
2024-09-11,54.22759,54.845819999999996,53.69768,54.75751,548317.0
2024-09-12,54.75751,55.37574,54.75751,55.02246,285646.0
2024-09-13,54.845819999999996,55.11078,53.87432,54.404230000000005,232266.0
2024-09-16,54.49255,55.11078,50.60653,52.107949999999995,1214746.0
2024-09-17,52.107949999999995,53.34441,52.107949999999995,53.25608999999999,258376.0
2024-09-18,53.25608999999999,54.13928,53.25608999999999,53.52105,361408.0
2024-09-19,53.786,54.66919,53.69768,54.31591,609930.0
2024-09-20,54.93414,55.1991,54.31591,54.49255,451579.0
2024-09-23,54.580870000000004,54.66919,54.050959999999996,54.22759,213530.0
2024-09-24,54.66919,56.612199999999994,54.31591,56.612199999999994,1293445.0
2024-09-25,57.23043,57.23043,56.435559999999995,56.70051,382724.0
2024-09-26,56.788830000000004,57.672019999999996,56.435559999999995,57.05379,863888.0
2024-09-27,57.23043,57.5837,56.52388,56.96547,401984.0
2024-09-30,56.96547,56.96547,56.258919999999996,56.34724,433580.0
2024-10-01,56.435559999999995,56.96547,56.1706,56.258919999999996,583129.0
2024-10-02,55.90565,56.258919999999996,55.02246,55.28742,835849.0
2024-10-03,55.55237,55.72901,54.31591,54.49255,827125.0
2024-10-04,54.49255,54.93414,54.31591,54.31591,282312.0
2024-10-07,54.66919,54.66919,54.13928,54.22759,402221.0
2024-10-08,54.22759,54.93414,54.22759,54.75751,278834.0
2024-10-09,54.580870000000004,55.11078,54.31591,55.11078,383105.0
2024-10-10,55.28742,55.28742,54.580870000000004,54.66919,347469.0
2024-10-11,54.66919,56.258919999999996,54.66919,55.81733,821746.0
2024-10-14,56.258919999999996,57.14211,55.81733,56.96547,869457.0
2024-10-15,56.96547,56.96547,55.81733,55.90565,493368.0
2024-10-16,55.90565,55.993970000000004,55.37574,55.81733,403472.0
2024-10-17,56.1706,56.258919999999996,55.02246,55.72901,421928.0
2024-10-18,56.52388,56.52388,55.72901,55.993970000000004,392946.0
2024-10-21,55.993970000000004,58.11361,55.993970000000004,57.407059999999994,1767844.0
2024-10-22,57.407059999999994,59.52671,57.05379,59.26175,2106553.0
2024-10-23,59.26175,59.26175,58.5552,58.9968,587821.0
2024-10-24,58.9968,59.87998,58.02529,58.29025,1240913.0
2024-10-25,58.46689,59.968300000000006,58.378569999999996,59.70335,1360399.0
2024-10-28,60.144940000000005,60.49821,59.35007,60.144940000000005,641097.0
2024-10-29,60.144940000000005,61.64635,59.26175,59.70335,1586348.0
2024-10-30,59.87998,59.87998,58.29025,59.17343,800684.0
2024-10-31,59.26175,60.67485,59.26175,59.35007,656067.0
2024-11-01,58.82016,59.968300000000006,58.29025,59.968300000000006,638591.0
2024-11-04,59.08512,59.17343,58.378569999999996,58.82016,487301.0
2024-11-05,59.08512,59.35007,58.73184,58.908480000000004,297866.0
2024-11-06,59.43839,60.67485,59.08512,60.40989,1681941.0
2024-11-07,60.939809999999994,62.3529,60.40989,61.55804,1398748.0
2024-11-08,61.64635,62.3529,61.02812,61.55804,731651.0
2024-11-11,61.46972,61.46972,60.144940000000005,61.20476,975653.0
2024-11-12,61.20476,62.529540000000004,61.20476,62.26458,1586109.0
2024-11-13,62.529540000000004,62.529540000000004,61.29308,62.26458,501120.0
2024-11-14,61.82299,62.176269999999995,58.5552,58.5552,1158806.0
2024-11-15,58.46689,59.35007,57.49538,58.29025,1417324.0
2024-11-18,58.29025,58.73184,55.81733,57.84866,1216083.0
2024-11-19,57.84866,57.84866,55.90565,56.96547,690115.0
2024-11-20,56.788830000000004,58.82016,55.81733,57.76034,959708.0
2024-11-21,57.5837,57.93697,56.788830000000004,57.76034,373824.0
2024-11-22,57.76034,58.73184,57.23043,57.672019999999996,634525.0
2024-11-25,57.5837,58.46689,57.5837,58.20193,423456.0
2024-11-26,58.29025,58.643519999999995,57.84866,58.46689,641061.0
2024-11-27,58.643519999999995,58.73184,57.49538,57.84866,407285.0
2024-11-28,58.11361,58.378569999999996,57.407059999999994,57.76034,367093.0
2024-11-29,57.49538,58.29025,57.31874,58.11361,628348.0
2024-12-02,58.378569999999996,59.968300000000006,57.5837,59.17343,1122035.0
2024-12-03,58.9968,59.35007,58.73184,59.08512,539239.0
2024-12-04,58.9968,59.17343,58.11361,58.73184,634877.0
2024-12-05,58.5552,59.61503,58.11361,59.52671,1294536.0
2024-12-06,59.79166,60.40989,59.35007,59.35007,749291.0
2024-12-09,59.35007,60.763169999999995,59.26175,59.87998,983265.0
2024-12-10,60.23326,60.586529999999996,59.61503,60.321580000000004,881285.0
2024-12-11,60.23326,60.40989,59.43839,59.52671,641591.0
2024-12-12,59.52671,59.87998,58.73184,58.73184,632265.0
2024-12-13,58.46689,58.9968,58.29025,58.378569999999996,533191.0
2024-12-16,58.378569999999996,58.73184,58.20193,58.73184,425893.0
2024-12-17,58.82016,59.43839,58.82016,59.26175,544383.0
2024-12-18,59.52671,59.61503,58.908480000000004,59.08512,515016.0
2024-12-19,58.5552,58.908480000000004,57.93697,58.46689,1147217.0
2024-12-20,58.378569999999996,59.70335,58.378569999999996,59.43839,592934.0
2024-12-23,59.70335,59.70335,59.26175,59.61503,605856.0
2024-12-24,59.97271,59.97271,59.1659,59.434839999999994,548382.0
2024-12-25,59.434839999999994,61.85526,59.434839999999994,61.67597,2491655.0
2024-12-26,61.67597,61.85526,61.1381,61.85526,742980.0
2024-12-27,61.85526,62.03455,60.95881,61.1381,638067.0
2024-12-30,61.1381,61.765620000000006,60.68987,61.67597,478879.0
2024-12-31,61.586330000000004,61.586330000000004,61.04846,61.586330000000004,388936.0
2025-01-02,61.67597,63.46888,61.67597,62.39314,1295235.0
2025-01-03,62.66207,62.66207,61.1381,61.1381,776430.0
2025-01-06,61.49668,62.66207,61.1381,62.03455,1236257.0
2025-01-07,62.21384,62.21384,60.86916,61.67597,554972.0
2025-01-08,61.586330000000004,61.67597,60.60023,61.04846,630406.0
2025-01-09,61.317389999999996,62.21384,60.77952,61.85526,525104.0
2025-01-10,61.85526,64.00675,61.586330000000004,62.124199999999995,1348975.0
2025-01-13,62.124199999999995,65.08248999999999,61.586330000000004,63.82746,1619670.0
2025-01-14,64.0964,64.45498,63.28959,63.46888,748441.0
2025-01-15,63.46888,64.63427,63.37923,64.00675,1065474.0
2025-01-16,64.54462000000001,65.35143,63.737809999999996,65.35143,1520125.0
2025-01-17,65.35143,66.96505,65.08248999999999,66.33753,1665189.0
2025-01-20,66.24788000000001,66.78576,64.81356,65.62037,846131.0
2025-01-21,65.62037,66.24788000000001,65.35143,65.62037,687136.0
2025-01-22,65.97895,66.24788000000001,65.17214,65.35143,599484.0
2025-01-23,65.26178,65.8893,64.63427,65.62037,598398.0
2025-01-24,65.53072,66.06859,65.17214,65.71001,431761.0
2025-02-03,65.35143,65.62037,63.37923,64.36533,962572.0
2025-02-04,65.08248999999999,68.8476,64.54462000000001,68.8476,1662240.0
2025-02-05,70.81979,72.79199,69.65441,71.62660000000001,2358653.0
2025-02-06,71.71625,74.67454,71.53696000000001,73.41950999999999,1930174.0
2025-02-07,73.50914999999999,75.30206,73.06093,73.41950999999999,1078765.0
2025-02-10,72.16447,75.75028999999999,72.16447,73.15057,1444622.0
2025-02-11,73.68844,76.82603,73.68844,75.30206,1615816.0
2025-02-12,75.571,76.37780000000001,74.94348,75.92958,807330.0
2025-02-13,76.37780000000001,80.68078,76.19851,80.68078,1850403.0
2025-02-14,79.87397,83.10119999999999,79.87397,82.56333000000001,1502115.0
2025-02-17,82.56333000000001,83.19085000000001,79.24645,79.42574,2812800.0
2025-02-18,79.78433,81.3083,78.26035,80.86007000000001,1730314.0
2025-02-19,81.21865,84.35624,81.21865,81.93581,1437398.0
2025-02-20,83.81836,83.81836,81.129,82.02546000000001,1025569.0
2025-02-21,82.02546000000001,85.16304,81.3083,85.16304,1297713.0
2025-02-24,85.96985000000001,86.95595,84.26659,84.35624,772257.0
2025-02-25,85.16304,85.96985000000001,82.74262,84.71482,796704.0
2025-02-26,85.07339999999999,85.43198,83.01156,83.01156,1207121.0
2025-02-27,82.74262,84.35624,81.57723,83.90800999999999,1956330.0
2025-02-28,83.37014,84.26659,80.94971000000001,82.47367999999999,2415277.0
2025-03-03,82.56333000000001,82.56333000000001,79.78433,79.78433,1958674.0
2025-03-04,80.68078,82.83227000000001,80.05326,82.02546000000001,1224031.0
2025-03-05,82.92191,83.01156,81.3083,81.93581,1655587.0
2025-03-06,82.20475,86.0595,82.20475,86.0595,2298554.0
2025-03-07,86.50772,87.67311,84.26659,84.26659,1085680.0
2025-03-10,84.17694999999999,84.98375,81.84617,81.84617,2505051.0
2025-03-11,80.68078,83.37014,80.59113,82.02546000000001,1568685.0
2025-03-12,82.47367999999999,82.47367999999999,79.78433,79.78433,3314538.0
2025-03-13,80.3222,81.03936,75.83993,76.10887,3620589.0
2025-03-14,76.01922,77.18461,74.40561,74.40561,1730598.0
2025-03-17,73.95738,76.55709,73.41950999999999,75.30206,2176353.0
2025-03-18,76.01922,76.01922,74.40561,74.58489999999999,904237.0
2025-03-19,74.58489999999999,77.09497,74.58489999999999,75.48135,1368384.0
2025-03-20,76.10887,78.26035,75.03312,77.90177,1823812.0
2025-03-21,77.90177,78.79822999999999,77.45355,77.99142,1019080.0
2025-03-24,78.52928999999999,78.52928999999999,76.91568,77.27426,673800.0
2025-03-25,77.3639,78.70858,77.27426,77.27426,721787.0
2025-03-26,77.27426,78.26035,76.82603,77.54319,940610.0
2025-03-27,77.72247999999999,79.15681,77.72247999999999,77.81213000000001,1084431.0
2025-03-28,78.43965,78.43965,75.83993,75.83993,1019516.0
2025-03-31,74.85383,76.19851,74.40561,76.19851,1473232.0
2025-04-01,76.73638000000001,77.09497,75.75028999999999,76.64674000000001,488017.0
2025-04-02,76.91568,77.81213000000001,76.55709,76.91568,706781.0
2025-04-03,71.53696000000001,73.77808999999999,71.53696000000001,71.53696000000001,1644676.0
2025-04-04,66.60646000000001,68.39936999999999,66.60646000000001,66.60646000000001,4036101.0
2025-04-08,65.44108,66.33753,61.94491,61.94491,1001696.0
2025-04-09,57.64193,62.03455,57.64193,57.64193,2403368.0
2025-04-10,61.67597,61.67597,61.67597,61.67597,222727.0
2025-04-11,64.99285,65.97895,61.40704,65.8893,3186155.0
2025-04-14,66.78576,66.78576,65.26178,66.51682000000001,1535474.0
2025-04-15,66.15824,69.56475999999999,64.99285,69.56475999999999,2295238.0
2025-04-16,69.56475999999999,69.8337,68.48902000000001,68.66830999999999,1476653.0
2025-04-17,67.8615,70.10263,67.8615,69.74405,912749.0
2025-04-18,70.10263,70.55086,68.48902000000001,68.48902000000001,987405.0
2025-04-21,68.57866,69.92334,68.22008,69.74405,1353945.0
2025-04-22,69.47511,70.6405,64.9032,69.20617999999999,2676442.0
2025-04-23,69.74405,71.53696000000001,69.65441,71.17838,995587.0
2025-04-24,71.26802,73.24022000000001,71.17838,73.06093,1749899.0
2025-04-25,73.95738,76.10887,72.34375999999999,75.3917,1533757.0
2025-04-28,74.04702999999999,74.85383,73.68844,74.04702999999999,602573.0
2025-04-29,74.40561,74.49525,72.52306,72.52306,559107.0
2025-05-05,71.44731,72.6127,69.65441,72.6127,1627365.0
2025-05-06,72.6127,72.79199,71.71625,71.80589,614397.0
2025-05-07,71.08873,71.80589,69.8337,69.8337,1221847.0
2025-05-08,69.8337,71.62660000000001,69.8337,70.10263,936157.0
2025-05-09,70.37157,71.53696000000001,70.28192,70.37157,669703.0
2025-05-12,70.81979,70.90944,70.10263,70.46121000000001,569399.0
2025-05-13,71.26802,73.50914999999999,70.73015,73.50914999999999,1443683.0
2025-05-14,73.5988,73.86773,72.34375999999999,72.6127,1060501.0
2025-05-15,72.79199,74.13667,71.89554,73.86773,1487921.0
2025-05-16,74.31596,74.76419,72.6127,72.6127,1612745.0
2025-05-19,73.95738,74.67454,72.79199,72.79199,1106892.0
2025-05-20,73.50914999999999,73.95738,72.88164,73.24022000000001,642274.0
2025-05-21,73.06093,73.06093,69.92334,70.6405,3736422.0
2025-05-22,69.92334,71.71625,69.92334,70.10263,1187806.0
2025-05-23,70.99908,71.26802,70.01299,70.10263,711148.0
2025-05-26,72.52306,72.52306,70.01299,71.53696000000001,1326142.0
2025-05-27,73.06093,75.66064,72.07483,74.94348,2711500.0
2025-05-28,74.40561,74.76419,73.50914999999999,74.04702999999999,1334498.0
2025-05-29,74.40561,74.85383,73.5988,73.77808999999999,1119953.0
2025-05-30,73.77808999999999,73.77808999999999,70.90944,71.08873,1720454.0
2025-06-02,71.08873,72.34375999999999,70.46121000000001,71.62660000000001,520085.0
2025-06-03,72.6127,73.15057,71.80589,72.88164,832783.0
2025-06-04,72.88164,73.77808999999999,72.43341000000001,72.88164,806174.0
2025-06-05,72.97128,75.03312,72.97128,73.15057,1401035.0
2025-06-06,73.86773,73.86773,71.98518,71.98518,695414.0
2025-06-09,72.16447,72.6127,70.81979,71.08873,764288.0
2025-06-10,70.99908,72.07483,70.81979,70.81979,638812.0
2025-06-11,71.62660000000001,73.06093,70.81979,72.43341000000001,806024.0
2025-06-12,72.97128,73.86773,72.52306,72.70235000000001,1016166.0
2025-06-13,72.6127,72.6127,70.90944,71.89554,1261365.0
2025-06-16,71.71625,73.50914999999999,71.62660000000001,73.50914999999999,974188.0
2025-06-17,74.22632,74.22632,73.24022000000001,73.68844,1085341.0
2025-06-18,74.04702999999999,77.09497,73.77808999999999,77.09497,3878230.0
2025-06-19,77.27426,77.27426,75.92958,76.19851,836928.0
2025-06-20,76.19851,76.73638000000001,74.85383,74.85383,1261524.0
2025-06-23,74.04702999999999,75.75028999999999,73.5988,74.58489999999999,1113442.0
2025-06-24,75.30206,75.66064,74.22632,74.22632,903122.0
2025-06-25,74.85383,76.37780000000001,74.22632,74.40561,1041748.0
2025-06-26,74.40561,75.30206,73.95738,75.21241,715822.0
2025-06-27,75.66064,76.10887,75.12277,75.30206,716994.0
2025-06-30,76.01922,77.90177,75.571,76.64674000000001,1586411.0
2025-07-01,77.09497,77.81213000000001,75.75028999999999,76.01922,1051607.0
2025-07-02,75.92958,75.92958,75.03312,75.571,895406.0
2025-07-03,75.30206,76.37780000000001,73.68844,74.58489999999999,1451876.0
2025-07-04,75.30206,75.48135,74.22632,75.48135,862662.0
2025-07-07,76.19851,76.82603,75.30206,75.30206,1143146.0
2025-07-08,75.75028999999999,77.27426,75.30206,76.82603,1563496.0
2025-07-09,77.54319,77.81213000000001,76.10887,76.28816,1353246.0
2025-07-10,77.09497,77.09497,75.571,75.571,1159363.0
2025-07-11,75.66064,76.10887,74.76419,74.76419,1338653.0
2025-07-14,74.94348,76.19851,73.95738,76.10887,1382736.0
2025-07-15,76.37780000000001,76.64674000000001,74.85383,74.85383,1060925.0
2025-07-16,74.94348,77.27426,74.76419,76.10887,1697856.0
2025-07-17,76.55709,78.88786999999999,76.10887,78.61894000000001,2475221.0
2025-07-18,79.3361,79.3361,77.00532000000001,77.18461,1167388.0
2025-07-21,77.27426,77.81213000000001,75.75028999999999,75.75028999999999,1345689.0
2025-07-22,75.75028999999999,76.64674000000001,75.30206,76.37780000000001,744704.0
2025-07-23,76.37780000000001,78.88786999999999,76.28816,76.55709,2182587.0
2025-07-24,77.45355,77.45355,76.01922,76.28816,765049.0
2025-07-25,76.37780000000001,77.45355,75.48135,75.48135,2009316.0
2025-07-28,75.48135,76.46745,75.30206,75.75028999999999,1587252.0
2025-07-29,76.19851,76.19851,70.55086,70.55086,2835616.0
2025-07-30,70.99908,72.43341000000001,70.37157,70.99908,1045685.0
2025-07-31,72.70235000000001,73.06093,71.26802,72.6127,1213774.0
2025-08-01,73.06093,73.86773,72.34375999999999,73.50914999999999,947569.0
2025-08-04,72.6127,73.68844,72.6127,72.79199,730593.0
2025-08-05,73.06093,74.04702999999999,69.47511,71.80589,1847821.0
2025-08-06,72.43341000000001,73.95738,71.89554,73.32986,1354327.0
2025-08-07,74.22632,74.58489999999999,73.24022000000001,74.40561,1208159.0
2025-08-08,75.21241,75.21241,73.50914999999999,74.04702999999999,967102.0
2025-08-11,75.12277,75.66064,74.13667,74.58489999999999,1093249.0
2025-08-12,75.21241,75.21241,73.77808999999999,74.13667,924772.0
2025-08-13,74.22632,75.66064,74.13667,74.49525,1631177.0
2025-08-14,74.76419,74.94348,73.5988,73.77808999999999,917893.0
2025-08-15,73.95738,74.58489999999999,72.16447,72.34375999999999,1265516.0
2025-08-18,72.6127,74.40561,72.34375999999999,72.52306,663596.0
2025-08-19,73.32986,73.41950999999999,70.81979,70.99908,1796898.0
2025-08-20,71.17838,71.53696000000001,70.37157,70.46121000000001,1076812.0
2025-08-21,70.81979,71.08873,68.93724,69.02689,1175998.0
2025-08-22,68.8476,68.8476,65.97895,66.78576,1358343.0
2025-08-25,68.48902000000001,68.57866,66.42717,66.42717,450004.0
2025-08-26,66.42717,68.13042999999999,66.42717,67.77185,357424.0
2025-08-27,68.39936999999999,69.20617999999999,68.13042999999999,68.13042999999999,462678.0
2025-08-28,68.75795,68.8476,68.04078999999999,68.8476,369776.0
2025-08-29,68.93724,69.47511,68.13042999999999,69.11653,814021.0
2025-09-03,69.29582,70.28192,69.11653,69.92334,469688.0
2025-09-04,70.01299,70.55086,69.8337,70.19228,353364.0
2025-09-05,71.44731,71.53696000000001,69.47511,69.47511,666208.0
2025-09-08,68.57866,69.74405,67.23398,67.23398,657226.0
2025-09-09,67.23398,68.04078999999999,66.51682000000001,67.32363000000001,429847.0
2025-09-10,67.32363000000001,68.39936999999999,66.96505,67.77185,341290.0
2025-09-11,67.77185,68.13042999999999,66.51682000000001,67.8615,417734.0
2025-09-12,67.77185,69.38547,67.77185,68.66830999999999,413664.0
2025-09-15,68.93724,73.41950999999999,68.93724,73.41950999999999,2452430.0
2025-09-16,74.22632,74.40561,72.79199,73.41950999999999,788278.0
2025-09-17,73.50914999999999,75.66064,73.41950999999999,74.31596,1711928.0
2025-09-18,74.67454,74.67454,72.97128,73.32986,725660.0
2025-09-19,73.5988,74.40561,73.15057,73.32986,598880.0
2025-09-22,74.04702999999999,74.13667,71.26802,71.98518,833416.0
2025-09-23,72.6127,73.50914999999999,71.89554,72.88164,615360.0
2025-09-24,72.79199,73.41950999999999,72.25412,73.41950999999999,440938.0
2025-09-25,73.50914999999999,75.03312,73.41950999999999,74.13667,1020015.0
2025-09-26,74.22632,74.85383,72.97128,73.50914999999999,439156.0
2025-09-29,72.6127,74.40561,72.16447,72.25412,810521.0
2025-09-30,72.25412,72.52306,69.92334,70.01299,905809.0
2025-10-01,70.73015,72.43341000000001,70.01299,72.16447,439344.0
2025-10-02,72.79199,74.31596,72.16447,73.15057,990314.0
2025-10-03,72.79199,76.01922,72.79199,73.95738,1399710.0
2025-10-06,74.22632,75.66064,74.13667,74.49525,857370.0
2025-10-07,75.03312,78.52928999999999,74.49525,77.09497,2892100.0
2025-10-08,77.90177,77.99142,76.55709,77.81213000000001,1066586.0
2025-10-09,77.09497,78.26035,76.19851,77.09497,912819.0
2025-10-10,77.54319,79.60503,76.28816,78.52928999999999,2134102.0
2025-10-13,77.18461,78.08106,76.64674000000001,77.09497,927292.0
2025-10-14,77.00532000000001,77.90177,74.85383,75.30206,1838733.0
2025-10-15,75.3917,75.75028999999999,74.40561,74.85383,873506.0
2025-10-16,74.76419,76.46745,74.67454,76.28816,741317.0
2025-10-17,77.00532000000001,77.00532000000001,74.40561,74.85383,1527946.0
2025-10-20,75.30206,76.01922,69.92334,70.81979,1566953.0
2025-10-21,71.26802,75.75028999999999,70.81979,75.30206,1989091.0
2025-10-22,75.92958,76.28816,73.77808999999999,76.28816,954768.0
2025-10-23,76.73638000000001,81.57723,76.37780000000001,80.50149,4136217.0
2025-10-24,80.41184,82.47367999999999,78.88786999999999,80.59113,976489.0
2025-10-27,80.86007000000001,81.48759,78.17071,78.17071,1061857.0
2025-10-28,78.08106,83.63907,76.46745,83.63907,2098584.0
2025-10-29,85.16304,89.46602,84.35624,89.46602,2656586.0
2025-10-30,89.19708,91.88644000000001,88.03169,89.64531,1302863.0
2025-10-31,90.09353999999999,92.78289,88.39027,92.78289,2186550.0
2025-11-03,92.33467,92.33467,88.74886000000001,88.74886000000001,1066232.0
2025-11-04,87.94205000000001,89.10744,82.56333000000001,84.53553,3607839.0
2025-11-05,83.90800999999999,89.64531,82.74262,86.77666,1065352.0
2025-11-06,85.70092,87.67311,81.57723,81.57723,1441008.0
2025-11-07,81.129,81.66688,75.92958,75.92958,2824316.0
2025-11-10,75.92958,77.99142,74.85383,75.30206,732956.0
2025-11-11,75.48135,77.3639,75.48135,76.28816,747894.0
2025-11-12,76.28816,79.78433,76.28816,79.78433,847655.0
2025-11-13,80.41184,80.41184,78.26035,79.24645,733173.0
2025-11-14,78.35,79.24645,77.90177,78.88786999999999,498649.0
2025-11-17,78.43965,80.14291,78.26035,79.60503,569502.0
2025-11-18,79.87397,80.3222,78.52928999999999,78.79822999999999,528559.0
2025-11-19,78.79822999999999,79.3361,77.3639,77.72247999999999,614741.0
2025-11-20,77.99142,77.99142,76.73638000000001,77.00532000000001,514759.0
2025-11-21,76.73638000000001,77.27426,75.571,77.00532000000001,441561.0
2025-11-24,77.54319,79.60503,77.45355,79.42574,625712.0
2025-11-25,79.42574,79.78433,77.54319,77.90177,386216.0
2025-11-26,77.99142,79.24645,77.90177,78.70858,425588.0
2025-11-27,78.79822999999999,78.79822999999999,77.09497,78.43965,612436.0
2025-11-28,77.99142,78.79822999999999,76.64674000000001,76.64674000000001,477128.0
2025-12-01,77.10059,77.82624,76.46564,76.55635000000001,255111.0
2025-12-02,76.28423,76.91918,73.47233,76.10282000000001,653021.0
2025-12-03,76.19352,77.46342,76.19352,77.10059,364298.0
2025-12-04,77.55412,77.64483,76.19352,76.28423,533578.0
2025-12-05,76.91918,77.1913,76.19352,76.64706,324583.0
2025-12-08,77.37271000000001,79.82179,77.10059,78.55189,1004696.0
2025-12-09,79.09613,79.18683999999999,76.37494000000001,77.1913,638373.0
2025-12-10,77.1913,78.55189,76.19352,76.19352,362778.0
2025-12-11,76.37494000000001,76.82847,75.8307,76.19352,279803.0
2025-12-12,76.46564,76.64706,71.74889999999999,72.56526,773517.0
2025-12-15,72.56526,72.83738000000001,71.47678,71.47678,448238.0
2025-12-16,71.93030999999999,72.83738000000001,69.66265,72.56526,772724.0
2025-12-17,72.56526,73.65374,72.56526,73.47233,296257.0
2025-12-18,73.47233,73.56303,72.20242999999999,73.01879,195196.0
2025-12-19,73.47233,73.47233,71.74889999999999,71.93030999999999,380059.0
2025-12-22,72.92809,75.28646,71.93030999999999,75.28646,558703.0
2025-12-23,72.29314,75.28646,72.11173,73.92586,633346.0
2025-12-24,74.57292,75.04912,73.90624000000001,74.57292,288322.0
2025-12-25,74.2872,75.04912,73.811,73.811,327646.0
2025-12-26,73.62052,73.811,71.43,71.52524000000001,581349.0
2025-12-29,72.19192,72.66812,71.23952,71.33475999999999,440745.0
2025-12-30,71.43,71.71572,66.38228,69.81092,1147843.0
2025-12-31,70.09664,72.38239999999999,69.42996000000001,72.38239999999999,687812.0
2026-01-05,72.66812,72.66812,69.90616,71.04903999999999,642969.0
2026-01-06,71.04903999999999,71.04903999999999,69.049,70.47760000000001,446123.0
2026-01-07,70.47760000000001,70.76332000000001,69.049,69.049,837756.0
2026-01-08,69.62044,70.19188,69.049,69.049,652585.0
2026-01-09,69.5252,69.90616,68.85852,68.95375999999999,543555.0
2026-01-12,68.95375999999999,71.81096000000001,68.95375999999999,71.43,787059.0
2026-01-13,71.52524000000001,74.76339999999999,71.52524000000001,73.43003999999999,1249996.0
2026-01-14,73.43003999999999,74.09672,72.00144,73.43003999999999,572221.0
2026-01-15,73.43003999999999,73.62052,71.43,71.71572,666371.0
2026-01-16,71.9062,74.00148,71.43,72.95384,767906.0
2026-01-19,72.95384,75.14436,72.76336,73.3348,508518.0
2026-01-20,74.47767999999999,74.47767999999999,71.62048,71.62048,900266.0
2026-01-21,71.62048,72.00144,70.47760000000001,70.57284,656530.0
2026-01-22,71.33475999999999,72.85860000000001,70.9538,71.43,469938.0
2026-01-23,71.43,73.14432000000001,71.04903999999999,71.04903999999999,407748.0
2026-01-26,71.9062,74.2872,71.14428,73.23956,1175487.0
2026-01-27,72.95384,76.28724000000001,72.95384,73.62052,854326.0
2026-01-28,75.14436,75.14436,72.47764,72.85860000000001,629353.0
2026-01-29,72.85860000000001,73.811,70.9538,72.28716,799017.0
2026-01-30,72.28716,73.90624000000001,72.00144,73.14432000000001,511993.0
2026-02-02,75.81103999999999,76.76344,74.57292,74.95388,1494782.0
2026-02-03,75.43008,80.19208,75.43008,80.19208,1861118.0
2026-02-04,82.19211999999999,83.14452,80.4778,81.90639999999999,1316083.0
2026-02-05,82.09688,82.09688,79.81111999999999,79.81111999999999,772218.0
2026-02-06,79.23967999999999,79.33492,76.09675999999999,76.28724000000001,1266030.0
2026-02-09,76.57296000000001,77.62060000000001,74.95388,76.28724000000001,500528.0
2026-02-10,76.28724000000001,77.81108,75.7158,76.28724000000001,511805.0
2026-02-11,76.192,78.76348,76.192,78.76348,547811.0
2026-02-12,78.38252,79.0492,77.62060000000001,77.62060000000001,309570.0
2026-02-13,77.62060000000001,78.00156,76.28724000000001,77.04916,433966.0
2026-02-23,78.47775999999999,81.71592,77.33488,81.71592,1057076.0
2026-02-24,82.8588,83.62072,81.14448,83.52548,1224964.0
2026-02-25,83.90644,84.38264,82.66832000000001,82.66832000000001,837745.0
2026-02-26,82.8588,82.8588,81.71592,82.28736,458896.0
2026-02-27,82.8588,85.81124000000001,82.00164,84.38264,1406974.0
2026-03-02,81.90639999999999,85.62075999999999,81.4302,83.8112,1618591.0
2026-03-03,83.90644,84.66836,81.52544,82.19211999999999,920433.0
2026-03-04,80.954,81.04924000000001,76.76344,79.81111999999999,1849968.0
2026-03-05,80.76352,80.954,76.6682,76.76344,1143103.0
2026-03-06,76.38248,77.71584,75.7158,76.95392,803944.0
2026-03-09,71.62048,73.811,71.62048,71.62048,919768.0
2026-03-10,72.38239999999999,76.00152,71.62048,74.2872,1110963.0
2026-03-11,74.2872,76.6682,74.09672,76.192,563394.0
2026-03-12,76.00152,77.62060000000001,74.38244,74.47767999999999,829157.0
2026-03-13,74.47767999999999,78.00156,73.71575999999999,76.57296000000001,605048.0
2026-03-16,76.57296000000001,79.0492,76.57296000000001,78.85872,887648.0
2026-03-17,79.81111999999999,80.954,78.47775999999999,79.0492,717979.0
2026-03-18,78.573,79.43016,76.38248,77.62060000000001,498937.0
2026-03-19,76.95392,79.33492,76.09675999999999,78.85872,968159.0
2026-03-20,78.28728,81.23972,77.43012,79.0492,1057488.0
2026-03-23,78.0968,78.95396000000001,74.76339999999999,74.85864,696575.0
2026-03-24,76.6682,77.52536,75.7158,77.43012,576061.0
2026-03-25,77.71584,80.76352,77.71584,80.09684,986622.0
2026-03-26,80.4778,81.90639999999999,79.62064,81.4302,1220098.0
2026-03-27,81.52544,81.71592,80.19208,81.62068,865055.0
2026-03-30,80.09684,81.52544,79.71588,80.00160000000001,738812.0
2026-03-31,81.4302,82.47784,80.00160000000001,81.33496000000001,1009300.0
2026-04-01,82.57308,83.71596000000001,80.19208,80.19208,908862.0
2026-04-02,79.81111999999999,81.62068,78.0968,78.0968,1535168.0
2026-04-03,77.62060000000001,78.66824000000001,75.62056,76.192,1174261.0
2026-04-06,76.192,77.33488,74.57292,74.85864,460309.0
2026-04-07,75.23960000000001,76.192,74.85864,75.7158,368506.0
2026-04-08,77.52536,79.0492,76.95392,78.573,850348.0
2026-04-09,78.573,80.954,77.33488,78.95396000000001,932740.0
2026-04-10,79.23967999999999,80.38256,78.00156,78.0968,544390.0
2026-04-13,77.81108,80.00160000000001,77.62060000000001,78.95396000000001,485463.0
2026-04-14,80.09684,80.19208,78.95396000000001,79.81111999999999,660605.0
2026-04-15,80.00160000000001,80.38256,78.28728,78.28728,550198.0
2026-04-16,78.573,78.66824000000001,77.90632000000001,77.90632000000001,533981.0
2026-04-17,79.0,79.9,78.5,78.8,482949.0
2026-04-20,79.3,83.5,79.3,83.0,1549631.0
2026-04-21,82.8,83.5,81.3,81.3,786730.0
2026-04-22,81.6,81.8,80.7,81.1,574894.0
2026-04-23,81.1,86.7,80.7,86.7,2042574.0
2026-04-24,86.7,88.6,85.5,87.2,879621.0
2026-04-28,87.0,87.0,84.9,86.0,922951.0
2026-04-29,86.0,88.6,86.0,86.8,924001.0
2026-05-04,86.9,88.8,85.7,86.0,908936.0
2026-05-05,85.6,87.0,85.0,86.5,590600.0
2026-05-06,86.5,88.3,85.8,86.6,705200.0
2026-05-07,86.9,90.3,80.6,80.6,2707700.0
2026-05-08,80.0,80.4,75.0,76.8,4977700.0
2026-05-11,77.5,80.1,74.9,76.0,1713000.0
2026-05-12,75.3,76.8,73.9,73.9,1752400.0
2026-05-13,74.2,75.7,74.0,74.6,1080300.0
2026-05-14,74.8,77.9,74.8,77.7,1648800.0
2026-05-15,77.8,77.9,74.7,76.6,1334100.0
2026-05-18,76.1,76.1,73.0,73.2,1882200.0
2026-05-19,73.3,75.1,71.0,73.1,2725000.0
2026-05-20,74.0,74.7,71.0,74.7,1013700.0
2026-05-21,74.7,74.8,73.2,74.4,674000.0
2026-05-22,74.4,74.4,72.9,73.8,557400.0
2026-05-25,74.0,74.4,73.5,74.2,406200.0
2026-05-26,74.2,74.3,73.6,74.1,455700.0
2026-05-27,74.0,74.2,72.1,73.8,1092500.0
2026-05-28,73.8,73.8,72.0,72.2,678900.0
2026-05-29,72.2,72.3,71.0,71.8,667500.0
2026-06-01,71.2,72.5,71.2,72.2,270800.0
2026-06-02,72.0,72.0,70.0,70.0,582200.0
2026-06-03,70.1,71.8,69.9,71.8,586200.0
2026-06-04,72.0,72.1,71.0,72.1,421200.0
2026-06-05,71.5,72.9,71.4,72.7,594500.0
2026-06-08,71.9,72.0,70.7,70.8,388700.0
2026-06-09,71.0,71.8,70.5,71.7,367300.0
2026-06-10,71.8,71.9,71.0,71.8,390500.0
2026-06-11,71.7,71.7,70.5,71.6,447600.0
2026-06-12,71.6,71.9,70.7,70.8,514900.0
2026-06-15,71.9,72.3,70.8,72.3,577600.0
2026-06-16,72.3,72.7,71.7,72.7,569400.0
2026-06-17,72.7,73.9,72.4,73.6,560900.0
2026-06-18,73.6,73.6,72.5,73.0,382900.0
2026-06-19,72.5,73.0,72.3,72.5,194000.0
2026-06-22,72.5,72.5,71.2,72.5,397000.0
2026-06-23,72.2,72.2,71.3,71.4,412700.0
2026-06-24,71.5,71.5,69.9,70.3,532200.0
2026-06-25,70.8,71.6,70.4,71.6,308500.0
2026-06-26,71.0,71.6,70.9,71.6,150100.0
2026-06-29,71.6,73.8,71.0,72.0,666400.0
2026-06-30,72.9,73.2,72.2,72.7,378000.0
2026-07-01,72.6,72.7,71.7,72.5,353800.0
2026-07-02,72.0,72.4,71.0,72.0,888300.0
2026-07-03,72.0,72.3,71.1,72.0,485000.0
2026-07-06,72.4,72.4,70.0,70.3,977200.0
2026-07-07,70.3,71.7,68.0,71.7,804500.0
2026-07-08,71.5,71.5,70.2,71.0,469700.0
2026-07-09,70.3,70.4,69.4,69.5,588300.0
2026-07-10,68.6,69.5,68.6,68.8,540900.0
2026-07-13,68.3,68.3,66.8,67.6,792900.0
2026-07-14,67.6,67.8,66.4,67.5,473900.0
2026-07-15,67.5,67.5,66.1,66.1,259100.0
2026-07-16,66.2,66.5,63.1,66.2,493000.0
2026-07-17,66.0,66.2,63.5,63.5,426800.0
2026-07-20,63.5,63.5,59.1,59.1,713500.0
2026-07-21,58.1,60.3,58.0,58.6,322400.0
2026-07-22,58.3,59.5,56.0,56.0,661800.0
2026-07-23,56.2,58.5,54.7,56.9,458000.0
2026-07-24,56.7,56.7,54.9,55.1,291600.0
2026-07-27,56.3,57.9,55.0,55.2,533400.0
2026-07-28,55.0,57.8,55.0,57.6,462600.0
2026-07-29,57.2,57.6,56.7,57.4,217600.0
2026-07-30,57.0,59.5,56.7,59.1,576600.0
2026-07-31,59.6,61.0,58.9,61.0,718500.0
2026-08-03,60.6,62.8,60.5,62.6,502300.0
2026-08-04,62.7,63.6,61.8,63.6,415500.0
2026-08-05,63.8,65.0,63.0,63.2,405300.0
2026-08-06,62.6,63.2,61.8,62.2,321800.0
2026-08-07,61.5,63.2,61.5,62.1,317900.0
2026-08-10,62.0,63.2,62.0,62.4,248500.0
2026-08-11,62.3,63.5,62.3,62.7,289700.0
2026-08-12,62.6,64.2,62.6,63.5,209200.0
2026-08-13,63.7,64.0,62.3,62.3,260400.0
2026-08-14,62.3,63.0,62.0,62.0,247000.0
2026-08-17,62.0,62.5,61.3,61.5,285900.0
2026-08-18,62.3,62.3,61.5,61.5,167000.0
2026-08-19,61.3,62.3,61.3,61.8,170300.0
2026-08-20,61.8,62.2,61.5,61.5,180000.0
2026-08-21,61.5,62.8,60.8,62.5,391000.0
2026-08-24,62.8,63.5,62.5,63.2,259400.0
2026-08-25,63.5,64.3,62.5,62.7,378600.0
2026-08-26,62.6,63.2,62.6,63.1,148800.0
2026-08-27,63.6,63.6,62.8,62.8,183500.0
2026-08-28,62.8,63.5,62.8,62.8,202200.0
2026-09-03,62.5,62.5,61.6,61.6,322800.0
2026-09-04,61.2,62.4,61.2,61.9,217500.0
2026-09-07,61.9,61.9,61.1,61.1,282800.0
2026-09-08,61.6,61.9,61.1,61.1,129200.0
2026-09-09,61.1,61.6,60.1,60.1,228100.0
2026-09-10,60.6,60.6,58.8,59.0,396100.0
2026-09-11,58.8,58.9,57.5,58.0,298700.0
2026-09-14,57.3,58.5,57.3,58.0,131000.0
2026-09-15,58.8,58.8,57.9,58.3,198500.0
2026-09-16,58.4,58.4,57.4,57.5,175100.0
2026-09-17,56.8,59.1,56.8,58.8,157100.0
2026-09-18,58.8,59.9,58.8,59.0,171500.0
2026-09-21,59.2,59.6,58.2,58.7,143900.0
2026-09-22,58.6,58.7,57.5,58.5,251300.0
2026-09-23,58.1,59.4,58.1,58.5,141400.0
2026-09-24,58.5,58.9,58.2,58.5,189200.0
2026-09-25,58.5,58.8,58.2,58.2,179700.0
2026-09-28,58.4,60.7,58.4,59.4,533800.0
2026-09-29,59.4,60.4,59.1,59.7,319500.0
2026-09-30,59.6,60.4,58.6,58.6,329600.0
2026-10-01,58.6,59.3,58.6,59.3,218200.0
2026-10-02,59.3,59.3,57.3,57.8,387900.0
