,open,high,low,close,volume
2020-05-07,16.681099999999997,17.726290000000002,16.681099999999997,17.559060000000002,530756.0
2020-05-08,17.559060000000002,17.85171,17.26641,17.559060000000002,450233.0
2020-05-11,17.559060000000002,17.93532,17.2246,17.89352,371654.0
2020-05-12,17.51725,17.85171,17.47544,17.68448,321359.0
2020-05-13,17.60087,17.85171,17.47544,17.68448,280868.0
2020-05-14,17.68448,18.3534,17.43364,17.93532,407033.0
2020-05-15,17.809900000000003,18.269779999999997,17.559060000000002,17.85171,294898.0
2020-05-18,17.809900000000003,18.269779999999997,17.64267,18.14436,372838.0
2020-05-19,18.10255,19.14773,18.10255,18.81328,525293.0
2020-05-20,18.81328,19.23135,18.81328,19.18954,223495.0
2020-05-21,19.60761,19.60761,19.02231,19.14773,196161.0
2020-05-22,19.10593,19.48219,18.89689,19.10593,362120.0
2020-05-25,19.35677,19.35677,18.98051,19.31496,304330.0
2020-05-26,18.9387,19.398580000000003,18.9387,19.31496,219665.0
2020-05-27,19.31496,19.565810000000003,18.85508,19.10593,341527.0
2020-05-28,19.23135,19.44039,18.98051,19.14773,293559.0
2020-05-29,19.31496,19.398580000000003,19.18954,19.35677,219280.0
2020-06-01,19.398580000000003,19.85846,19.398580000000003,19.85846,318567.0
2020-06-02,19.85846,20.067490000000003,19.64942,19.816650000000003,195636.0
2020-06-03,19.85846,19.90027,19.524,19.64942,173690.0
2020-06-04,19.85846,20.067490000000003,19.565810000000003,19.69123,147884.0
2020-06-05,19.85846,19.85846,19.31496,19.64942,324199.0
2020-06-08,19.64942,19.85846,19.60761,19.69123,321710.0
2020-06-09,19.77484,19.90027,19.44039,19.64942,239122.0
2020-06-10,19.733040000000003,19.733040000000003,19.02231,19.06412,590680.0
2020-06-11,19.23135,19.23135,17.85171,18.14436,664166.0
2020-06-12,18.10255,18.3952,16.93195,18.31159,574262.0
2020-06-15,18.31159,18.77147,17.391830000000002,17.76809,329555.0
2020-06-16,17.85171,18.3534,17.85171,18.3534,340450.0
2020-06-17,18.14436,18.52063,18.14436,18.269779999999997,159962.0
2020-06-18,17.977130000000002,18.3952,17.977130000000002,18.31159,103242.0
2020-06-19,18.3952,18.81328,18.186169999999997,18.81328,291452.0
2020-06-22,18.81328,19.02231,18.60424,18.98051,246017.0
2020-06-23,18.89689,18.98051,18.687849999999997,18.89689,168646.0
2020-06-24,18.98051,18.98051,18.437009999999997,18.64605,135313.0
2020-06-25,18.47882,18.77147,18.10255,18.56243,143670.0
2020-06-26,18.52063,18.98051,18.47882,18.9387,416746.0
2020-06-29,18.85508,18.89689,18.3534,18.60424,177452.0
2020-06-30,18.64605,18.81328,18.3534,18.60424,132898.0
2020-07-01,18.60424,19.44039,18.52063,19.31496,707706.0
2020-07-02,19.31496,19.85846,19.31496,19.44039,338901.0
2020-07-03,19.565810000000003,19.60761,19.31496,19.48219,164166.0
2020-07-06,19.44039,19.94207,19.44039,19.64942,434051.0
2020-07-07,19.69123,19.816650000000003,19.398580000000003,19.565810000000003,293919.0
2020-07-08,19.44039,20.48557,19.398580000000003,20.025689999999997,493693.0
2020-07-09,20.067490000000003,20.276529999999998,19.983880000000003,20.067490000000003,194511.0
2020-07-10,20.109299999999998,20.234720000000003,19.816650000000003,20.067490000000003,277690.0
2020-07-13,20.067490000000003,20.40195,20.067490000000003,20.15111,257641.0
2020-07-14,20.15111,20.192919999999997,19.90027,20.192919999999997,203520.0
2020-07-15,20.192919999999997,20.234720000000003,20.025689999999997,20.15111,147355.0
2020-07-16,20.276529999999998,20.276529999999998,19.983880000000003,20.15111,154022.0
2020-07-17,20.15111,20.61099,20.067490000000003,20.56918,523299.0
2020-07-20,20.56918,20.82003,20.443759999999997,20.6528,399174.0
2020-07-21,20.56918,20.61099,20.36015,20.61099,142305.0
2020-07-22,20.61099,20.6528,20.276529999999998,20.31834,177474.0
2020-07-23,20.36015,20.36015,19.44039,20.31834,446437.0
2020-07-24,20.31834,20.56918,17.977130000000002,19.31496,550146.0
2020-07-27,19.14773,19.23135,17.43364,17.809900000000003,833141.0
2020-07-28,17.76809,18.98051,17.559060000000002,18.89689,412636.0
2020-07-29,18.56243,18.72966,17.559060000000002,18.06075,663748.0
2020-07-30,17.85171,18.56243,17.85171,18.47882,255716.0
2020-07-31,18.3952,18.56243,17.977130000000002,18.3534,396871.0
2020-08-03,18.362650000000002,20.84409,18.362650000000002,19.50411,568962.0
2020-08-04,19.55374,20.05003,19.55374,20.000400000000003,444989.0
2020-08-05,19.851509999999998,20.29817,19.603369999999998,20.248540000000002,277337.0
2020-08-06,20.19891,20.19891,19.851509999999998,20.149279999999997,305538.0
2020-08-07,20.05003,20.19891,20.000400000000003,20.05003,214762.0
2020-08-10,20.09965,20.64557,20.09965,20.49668,365132.0
2020-08-11,20.49668,21.0426,20.49668,20.79446,479922.0
2020-08-12,20.79446,20.89371,20.546310000000002,20.74483,240809.0
2020-08-13,20.74483,20.74483,20.49668,20.546310000000002,183481.0
2020-08-14,20.59594,20.6952,20.29817,20.49668,341519.0
2020-08-17,20.3478,20.3478,19.901139999999998,20.19891,424672.0
2020-08-18,20.3478,20.546310000000002,20.09965,20.44706,201266.0
2020-08-19,20.39743,20.74483,20.248540000000002,20.6952,317488.0
2020-08-20,20.6952,21.0426,20.59594,20.74483,352547.0
2020-08-21,20.74483,20.94334,20.59594,20.84409,287823.0
2020-08-24,21.0426,21.24112,20.74483,20.94334,605489.0
2020-08-25,20.94334,21.09223,20.74483,20.84409,347561.0
2020-08-26,20.84409,21.19149,20.64557,20.99297,267843.0
2020-08-27,21.14186,21.58852,20.74483,20.99297,176553.0
2020-08-28,20.99297,20.99297,20.74483,20.74483,340053.0
2020-08-31,20.74483,20.89371,20.3478,20.59594,405385.0
2020-09-01,20.59594,20.74483,20.3478,20.74483,417224.0
2020-09-03,20.74483,20.99297,20.546310000000002,20.74483,292785.0
2020-09-04,20.59594,20.6952,20.3478,20.6952,195369.0
2020-09-07,20.64557,20.79446,20.44706,20.59594,221713.0
2020-09-08,20.546310000000002,20.6952,20.3478,20.546310000000002,201159.0
2020-09-09,20.49668,20.49668,20.149279999999997,20.3478,255247.0
2020-09-10,20.44706,20.546310000000002,20.3478,20.49668,149498.0
2020-09-11,20.29817,20.546310000000002,20.29817,20.546310000000002,80646.0
2020-09-14,20.546310000000002,21.24112,20.546310000000002,21.14186,867130.0
2020-09-15,21.14186,21.34037,20.99297,21.0426,340657.0
2020-09-16,21.09223,21.09223,20.89371,21.0426,210585.0
2020-09-17,21.0426,21.09223,20.6952,20.94334,381711.0
2020-09-18,21.09223,21.09223,20.89371,21.0426,207989.0
2020-09-21,21.09223,21.68777,21.09223,21.39,410402.0
2020-09-22,21.290740000000003,21.489259999999998,21.14186,21.34037,203959.0
2020-09-23,21.34037,22.33295,21.34037,22.33295,945602.0
2020-09-24,22.33295,22.481840000000002,21.93592,22.03518,383859.0
2020-09-25,22.08481,22.184060000000002,21.7374,21.93592,249539.0
2020-09-28,22.184060000000002,22.184060000000002,21.58852,22.08481,425973.0
2020-09-29,21.98555,22.38258,21.34037,21.7374,454948.0
2020-09-30,21.787029999999998,23.07738,21.787029999999998,22.829240000000002,1269767.0
2020-10-01,22.92849,23.02775,22.58109,22.680349999999997,364481.0
2020-10-02,22.72998,22.829240000000002,21.83666,22.481840000000002,603723.0
2020-10-05,22.481840000000002,22.87887,22.432209999999998,22.829240000000002,453700.0
2020-10-06,22.829240000000002,23.52404,22.829240000000002,23.12701,488400.0
2020-10-07,23.02775,23.22627,22.72998,22.92849,591100.0
2020-10-08,23.02775,23.02775,22.432209999999998,22.63072,516900.0
2020-10-09,22.63072,23.02775,22.58109,22.92849,374900.0
2020-10-12,22.829240000000002,23.07738,22.63072,22.829240000000002,268400.0
2020-10-13,22.829240000000002,22.829240000000002,22.53146,22.77961,196500.0
2020-10-14,22.72998,22.829240000000002,22.481840000000002,22.77961,274500.0
2020-10-15,22.58109,22.87887,22.58109,22.77961,186000.0
2020-10-16,22.77961,23.57367,22.77961,23.37515,664000.0
2020-10-19,23.37515,23.52404,23.32552,23.47441,202300.0
2020-10-20,23.47441,23.52404,23.2759,23.47441,234400.0
2020-10-21,23.42478,23.47441,23.22627,23.37515,330500.0
2020-10-22,23.37515,23.57367,23.07738,23.57367,290500.0
2020-10-23,23.6233,24.417360000000002,23.6233,24.119580000000003,384400.0
2020-10-26,24.16921,24.16921,23.47441,23.72255,179800.0
2020-10-27,23.57367,23.77218,23.32552,23.57367,168000.0
2020-10-28,23.42478,23.67293,22.72998,23.07738,384200.0
2020-10-29,22.829240000000002,24.02033,22.481840000000002,23.37515,304500.0
2020-10-30,23.821810000000003,24.02033,23.2759,23.57367,189200.0
2020-11-02,23.57367,23.72255,23.42478,23.6233,100300.0
2020-11-03,23.6233,23.6233,23.32552,23.57367,163100.0
2020-11-04,23.6233,24.26847,23.57367,24.02033,903700.0
2020-11-05,24.21884,24.21884,23.6233,23.92107,259900.0
2020-11-06,23.821810000000003,23.92107,23.72255,23.92107,244500.0
2020-11-09,23.87144,25.55882,23.87144,25.45956,877300.0
2020-11-10,25.31068,25.80696,25.31068,25.50919,471000.0
2020-11-11,25.55882,25.55882,25.06253,25.211419999999997,315500.0
2020-11-12,25.06253,25.211419999999997,24.615869999999997,24.96327,594600.0
2020-11-13,25.11216,25.80696,25.012900000000002,25.65808,282300.0
2020-11-16,25.60845,25.90622,25.31068,25.50919,707700.0
2020-11-17,25.40993,26.74991,25.40993,26.650650000000002,865700.0
2020-11-18,26.650650000000002,27.19657,26.551389999999998,26.898799999999998,624400.0
2020-11-19,26.99805,28.784689999999998,26.74991,28.58617,758000.0
2020-11-20,28.6358,30.76984,28.53655,30.67058,959500.0
2020-11-23,30.27355,32.2587,30.27355,31.712790000000002,1411300.0
2020-11-24,31.76242,32.20908,29.87652,30.67058,1258200.0
2020-11-25,30.67058,31.2165,29.33061,29.52912,1055600.0
2020-11-26,29.52912,29.77727,28.04026,28.68543,1049800.0
2020-11-27,28.834319999999998,29.42986,28.486919999999998,28.883950000000002,537500.0
2020-11-30,28.9832,29.23135,27.49434,27.89137,936200.0
2020-12-01,27.54397,28.73506,26.70028,27.74249,3306800.0
2020-12-02,27.79211,29.28098,27.09731,29.03283,1156100.0
2020-12-03,29.03283,29.52912,28.288400000000003,28.58617,869300.0
2020-12-04,28.38766,28.58617,24.86402,28.33803,1701700.0
2020-12-07,28.288400000000003,28.784689999999998,27.79211,28.784689999999998,926600.0
2020-12-08,28.784689999999998,29.28098,28.53655,29.13209,803700.0
2020-12-09,29.28098,29.28098,28.33803,28.883950000000002,919800.0
2020-12-10,28.883950000000002,28.9832,28.38766,28.73506,1006000.0
2020-12-11,28.68543,30.27355,28.58617,30.1743,1311540.0
2020-12-14,30.12467,30.76984,29.97578,30.67058,951450.0
2020-12-15,30.422439999999998,31.51427,30.1743,31.017979999999998,963506.0
2020-12-16,31.017979999999998,31.41501,30.62095,31.26613,1008943.0
2020-12-17,31.26613,33.69794,31.26613,32.35796,1273600.0
2020-12-18,32.35796,33.20165,32.35796,32.70536,424948.0
2020-12-21,32.75499,33.74757,32.75499,33.25128,802100.0
2020-12-22,33.25128,33.54905,32.2587,33.10239,1291271.0
2020-12-23,33.00314,33.25128,31.66316,32.308330000000005,724406.0
2020-12-24,32.2587,32.75499,30.5217,31.76242,887700.0
2020-12-25,31.76242,33.15202,31.5639,32.65573,469586.0
2020-12-28,32.65573,34.24386,32.308330000000005,33.648309999999995,950054.0
2020-12-29,33.400169999999996,34.69051,33.400169999999996,34.09497,525161.0
2020-12-30,34.24386,34.54163,33.648309999999995,34.045339999999996,373131.0
2020-12-31,34.045339999999996,34.69051,33.84682,34.64089,501543.0
2021-01-04,34.64089,35.931230000000006,34.34311,35.68309,411102.0
2021-01-05,35.28606,36.72529,35.28606,36.67567,548126.0
2021-01-06,36.27864,37.717870000000005,35.58383,37.0727,567446.0
2021-01-07,37.12232,37.966010000000004,31.5639,37.66824,519305.0
2021-01-08,37.469730000000006,38.710449999999994,37.469730000000006,38.710449999999994,552745.0
2021-01-11,38.710449999999994,41.19188,38.21416000000001,41.19188,904211.0
2021-01-12,40.6956,43.127410000000005,40.447449999999996,42.87926,835134.0
2021-01-13,42.92889,43.127410000000005,40.248940000000005,41.63854,545589.0
2021-01-14,41.63854,42.03557,40.79485,41.588910000000006,438422.0
2021-01-15,41.588910000000006,44.6659,41.44003,44.6659,597430.0
2021-01-18,43.67332,49.62878,43.67332,46.25402,338632.0
2021-01-19,47.643620000000006,48.13991,39.703019999999995,43.67332,1257245.0
2021-01-20,42.18446,46.60142,41.93632,46.105129999999996,598812.0
2021-01-21,46.105129999999996,47.643620000000006,45.16219,46.551790000000004,334465.0
2021-01-22,46.551790000000004,47.09771,39.10748,45.95625,483824.0
2021-01-25,46.15476,46.402910000000006,44.71553,45.608839999999994,288598.0
2021-01-26,45.65847,46.15476,41.68817,43.62369,512345.0
2021-01-27,43.62369,44.61627,37.02307,38.61119,969034.0
2021-01-28,38.61119,38.710449999999994,33.69794,33.69794,917938.0
2021-01-29,33.69794,39.65339,30.27355,39.10748,1353077.0
2021-02-01,37.22158,38.710449999999994,36.427519999999994,37.370470000000005,520378.0
2021-02-02,38.710449999999994,38.710449999999994,37.12232,38.21416000000001,771517.0
2021-02-03,38.21416000000001,42.234089999999995,38.21416000000001,41.98594,950349.0
2021-02-04,41.98594,42.4326,41.19188,41.88669,361165.0
2021-02-05,41.88669,42.18446,41.09263,41.83706,548963.0
2021-02-08,41.83706,42.18446,39.20673,40.050419999999995,618440.0
2021-02-09,40.050419999999995,41.78743,39.703019999999995,41.7378,664558.0
2021-02-17,41.7378,44.51701,41.7378,43.87184,699394.0
2021-02-18,44.16961,44.41775,43.375550000000004,43.9711,578526.0
2021-02-19,43.772580000000005,44.6659,43.17703,44.16961,629490.0
2021-02-22,44.16961,45.608839999999994,44.16961,45.16219,575230.0
2021-02-23,44.76516,45.7081,44.76516,45.509589999999996,357277.0
2021-02-24,45.31107,45.65847,44.16961,45.06293,506819.0
2021-02-25,45.0133,45.31107,44.46738,45.16219,352479.0
2021-02-26,45.16219,45.26144,43.42518,45.06293,467913.0
2021-03-01,45.0133,48.13991,45.0133,48.09028,1231530.0
2021-03-02,47.643620000000006,48.636199999999995,47.09771,48.04065,509487.0
2021-03-03,47.643620000000006,47.9414,47.34585,47.643620000000006,366151.0
2021-03-04,47.643620000000006,47.99103,45.65847,47.14734,721142.0
2021-03-05,46.651050000000005,47.891769999999994,45.856989999999996,47.643620000000006,574352.0
2021-03-08,47.643620000000006,49.62878,47.04808,49.13249,588026.0
2021-03-09,48.884339999999995,49.13249,48.13991,48.884339999999995,256130.0
2021-03-10,49.13249,51.2169,49.13249,50.27395,595427.0
2021-03-11,50.07543,50.37321,49.62878,50.27395,532530.0
2021-03-12,50.81987,50.91912,49.87692,50.62135,330960.0
2021-03-15,50.52209,50.77024,49.62878,50.22432,330727.0
2021-03-16,50.02581,50.12506,49.082860000000004,50.02581,475547.0
2021-03-17,50.02581,50.07543,49.38063,49.72803,247642.0
2021-03-18,49.62878,50.62135,48.13991,49.47989,509325.0
2021-03-19,49.28137,49.57915,48.13991,48.2888,676357.0
2021-03-22,48.53694,49.13249,47.643620000000006,48.78509,834259.0
2021-03-23,48.78509,48.884339999999995,48.33843,48.636199999999995,414601.0
2021-03-24,48.58657,49.13249,47.643620000000006,48.78509,652796.0
2021-03-25,48.884339999999995,48.884339999999995,48.18954,48.636199999999995,254113.0
2021-03-26,48.48731,48.58657,45.31107,47.891769999999994,836396.0
2021-03-29,47.19697,48.53694,46.00588,46.105129999999996,645119.0
2021-03-30,46.105129999999996,47.594,45.16219,45.608839999999994,723189.0
2021-03-31,47.29622,47.29622,45.65847,46.551790000000004,339493.0
2021-04-01,46.899190000000004,47.09771,45.7081,46.899190000000004,532766.0
2021-04-02,46.84956,47.09771,45.95625,46.402910000000006,460728.0
2021-04-05,46.651050000000005,46.651050000000005,45.7081,46.60142,456817.0
2021-04-06,46.651050000000005,46.899190000000004,45.95625,46.303650000000005,216101.0
2021-04-07,46.651050000000005,46.651050000000005,45.7081,46.303650000000005,212077.0
2021-04-08,46.0555,46.0555,45.26144,45.509589999999996,359260.0
2021-04-09,45.65847,46.0555,44.6659,45.0133,495668.0
2021-04-12,45.16219,45.65847,43.325919999999996,44.07035,807661.0
2021-04-13,44.16961,44.16961,41.93632,42.28372,1069242.0
2021-04-14,42.68075,44.119980000000005,42.18446,44.07035,613118.0
2021-04-15,43.67332,45.65847,43.67332,44.26887,506699.0
2021-04-16,44.61627,44.91404,42.978519999999996,44.07035,681106.0
2021-04-19,43.82221,44.41775,42.978519999999996,43.42518,374939.0
2021-04-20,43.375550000000004,43.92147,43.17703,43.524440000000006,417807.0
2021-04-22,43.57407,43.57407,41.29114,41.68817,522893.0
2021-04-23,42.0852,43.62369,41.043,42.63112,388581.0
2021-04-26,42.68075,42.92889,41.09263,41.588910000000006,375698.0
2021-04-27,41.83706,42.581489999999995,41.09263,41.588910000000006,359633.0
2021-04-28,41.68817,42.28372,41.19188,41.88669,288726.0
2021-04-29,41.88669,42.4326,41.44003,41.93632,258941.0
2021-05-04,41.78743,41.83706,39.851910000000004,40.29857,603231.0
2021-05-05,40.54671,41.98594,40.19931,41.44003,770587.0
2021-05-06,41.44003,41.93632,40.6956,41.19188,254508.0
2021-05-07,41.44003,41.63854,40.34819,40.94374,247100.0
2021-05-10,40.94374,40.94374,38.710449999999994,39.60376,883993.0
2021-05-11,39.60376,40.10005,39.20673,39.65339,391760.0
2021-05-12,39.454879999999996,40.149680000000004,39.454879999999996,39.851910000000004,279983.0
2021-05-13,39.851910000000004,39.851910000000004,39.05785,39.20673,277581.0
2021-05-14,39.65339,39.65339,38.16453,38.61119,634946.0
2021-05-17,38.61119,40.993370000000006,37.469730000000006,38.1149,548121.0
2021-05-18,38.56156,39.1571,35.73272,36.179379999999995,757194.0
2021-05-19,36.47715,37.271209999999996,35.48457,36.87418,737457.0
2021-05-20,36.973440000000004,37.0727,35.68309,36.12975,525958.0
2021-05-21,36.67567,39.60376,35.98086,38.958589999999994,1072339.0
2021-05-24,38.8097,40.149680000000004,38.710449999999994,40.10005,955909.0
2021-05-25,40.19931,40.89411,40.10005,40.6956,432814.0
2021-05-26,40.6956,41.53929,40.00079,41.3904,776452.0
2021-05-27,41.3904,42.18446,40.94374,41.68817,583172.0
2021-05-28,41.48966,43.67332,41.44003,43.67332,802125.0
2021-05-31,43.67332,44.61627,43.17703,43.92147,605819.0
2021-06-01,43.772580000000005,44.51701,42.63112,43.127410000000005,574261.0
2021-06-02,43.17703,43.57407,42.18446,43.524440000000006,673615.0
2021-06-03,43.42518,43.72295,42.68075,43.47481,561536.0
2021-06-04,43.42518,43.57407,42.68075,43.27629,439053.0
2021-06-07,43.27629,43.42518,42.0852,43.07778,532285.0
2021-06-08,42.92889,43.127410000000005,42.18446,42.63112,475342.0
2021-06-09,42.581489999999995,43.07778,41.68817,42.78,348155.0
2021-06-10,42.63112,43.62369,42.4326,42.87926,340513.0
2021-06-11,42.87926,46.402910000000006,42.829629999999995,46.303650000000005,1941742.0
2021-06-14,45.16219,47.594,45.16219,46.35328,529368.0
2021-06-15,46.402910000000006,46.402910000000006,45.26144,46.0555,373671.0
2021-06-16,45.75773,46.15476,45.16219,45.80736,583087.0
2021-06-17,45.80736,46.651050000000005,45.16219,46.651050000000005,401195.0
2021-06-18,46.402910000000006,47.34585,46.402910000000006,47.14734,538413.0
2021-06-21,46.99845,47.19697,46.15476,46.79994,1252166.0
2021-06-22,46.79994,49.52952,46.60142,46.899190000000004,904364.0
2021-06-23,47.33662,50.648230000000005,47.27168,47.92102,893350.0
2021-06-24,48.50542,49.21969,46.10288,46.75222,476814.0
2021-06-25,46.81715,47.79115,44.219800000000006,46.68728,1010171.0
2021-06-28,45.32368,46.62235,45.258739999999996,46.23275,503449.0
2021-06-29,46.427550000000004,46.557410000000004,45.453540000000004,45.84314,319170.0
2021-06-30,45.90808,46.427550000000004,45.518480000000004,45.97301,446304.0
2021-07-01,45.77821,46.75222,45.77821,46.62235,376299.0
2021-07-02,46.29768,47.92102,46.29768,47.92102,618649.0
2021-07-05,47.40155,48.63529,47.40155,48.05089,386765.0
2021-07-06,48.05089,48.70022,45.453540000000004,46.427550000000004,417384.0
2021-07-07,46.427550000000004,47.33662,45.32368,47.33662,607859.0
2021-07-08,46.557410000000004,47.53142,46.10288,46.75222,210098.0
2021-07-09,46.75222,47.33662,45.97301,46.10288,486024.0
2021-07-12,46.75222,46.75222,41.88219,44.15487,526010.0
2021-07-13,44.47954,46.62235,44.15487,45.32368,357017.0
2021-07-14,45.06394,45.90808,44.15487,45.258739999999996,200638.0
2021-07-15,44.80421,46.62235,44.73927,46.362610000000004,328196.0
2021-07-16,45.58341,50.7781,45.58341,49.609300000000005,2666639.0
2021-07-19,48.95996,49.609300000000005,46.81715,48.70022,620004.0
2021-07-20,48.37556,48.70022,47.72622,48.63529,394656.0
2021-07-21,48.50542,51.037839999999996,48.31062,50.25863,1605973.0
2021-07-22,50.25863,51.75211,50.25863,51.29757,1119442.0
2021-07-23,51.29757,52.596239999999995,50.3885,50.9729,1421556.0
2021-07-26,51.29757,52.01184,49.9989,51.94691,1357554.0
2021-07-27,51.037839999999996,53.44038,51.037839999999996,52.985839999999996,801128.0
2021-07-28,52.985839999999996,52.985839999999996,52.076769999999996,52.53131,608783.0
2021-07-29,53.31051,53.31051,52.01184,52.596239999999995,602146.0
2021-07-30,52.46638,53.18065,51.687169999999995,52.40144,962897.0
2021-08-02,52.141709999999996,53.829980000000006,51.75211,53.11571,1318426.0
2021-08-03,52.596239999999995,53.18065,52.53131,53.11571,704357.0
2021-08-04,52.85598,54.54425,52.85598,54.21958,932676.0
2021-08-05,53.57025,54.54425,53.44038,53.89492,720412.0
2021-08-06,53.829980000000006,54.54425,53.31051,53.70011,644414.0
2021-08-09,52.920910000000006,53.89492,52.141709999999996,53.505309999999994,1291031.0
2021-08-10,53.245580000000004,54.54425,53.245580000000004,54.414379999999994,1450803.0
2021-08-11,54.154650000000004,54.93385,53.57025,54.08972,870221.0
2021-08-12,53.829980000000006,54.08972,53.245580000000004,53.63518,791438.0
2021-08-13,53.44038,53.57025,51.62224,53.245580000000004,1369354.0
2021-08-16,52.596239999999995,53.76505,52.596239999999995,53.44038,910101.0
2021-08-17,53.44038,54.21958,53.18065,53.70011,734630.0
2021-08-18,53.57025,54.47932,52.985839999999996,53.57025,887659.0
2021-08-19,53.44038,55.777989999999996,53.44038,55.19358999999999,2187835.0
2021-08-20,55.06372,55.71306,53.505309999999994,54.47932,1583840.0
2021-08-23,54.21958,54.47932,52.596239999999995,53.245580000000004,673505.0
2021-08-24,53.245580000000004,53.89492,49.9989,50.7781,1906678.0
2021-08-25,50.84303,52.596239999999995,50.648230000000005,52.596239999999995,809947.0
2021-08-26,52.596239999999995,52.920910000000006,51.557300000000005,51.94691,616700.0
2021-08-27,51.94691,52.85598,51.037839999999996,52.596239999999995,768580.0
2021-08-30,52.596239999999995,53.829980000000006,52.141709999999996,53.44038,679900.0
2021-08-31,53.245580000000004,54.414379999999994,53.245580000000004,53.89492,858773.0
2021-09-01,53.829980000000006,54.154650000000004,53.31051,53.70011,782076.0
2021-09-06,53.63518,54.21958,52.920910000000006,53.505309999999994,801611.0
2021-09-07,53.57025,54.02478,52.79104,53.31051,695691.0
2021-09-08,53.375449999999994,53.76505,52.72611,53.18065,577275.0
2021-09-09,53.44038,53.44038,52.46638,53.245580000000004,937008.0
2021-09-10,53.245580000000004,53.245580000000004,52.53131,52.920910000000006,460630.0
2021-09-13,53.18065,53.18065,51.94691,52.27157,869319.0
2021-09-14,52.53131,52.596239999999995,51.037839999999996,51.81704,1030114.0
2021-09-15,51.62224,51.88197,50.90797,51.232639999999996,829648.0
2021-09-16,51.232639999999996,52.01184,50.648230000000005,51.427440000000004,1005585.0
2021-09-17,51.29757,53.245580000000004,51.29757,53.11571,819473.0
2021-09-20,52.141709999999996,53.57025,52.141709999999996,53.11571,1065344.0
2021-09-21,52.72611,52.72611,51.62224,52.40144,533895.0
2021-09-22,52.076769999999996,52.985839999999996,51.81704,52.72611,655934.0
2021-09-23,52.920910000000006,54.54425,52.596239999999995,53.89492,1045163.0
2021-09-24,53.89492,54.47932,53.18065,53.505309999999994,459459.0
2021-09-27,53.76505,54.21958,51.81704,52.40144,770662.0
2021-09-28,51.94691,52.920910000000006,51.29757,52.85598,653405.0
2021-09-29,53.18065,53.18065,51.88197,52.40144,294862.0
2021-09-30,52.141709999999996,53.44038,52.01184,52.596239999999995,396433.0
2021-10-01,52.53131,53.505309999999994,52.141709999999996,53.245580000000004,872760.0
2021-10-04,53.245580000000004,57.1416,53.245580000000004,56.29746,2195341.0
2021-10-05,56.29746,56.81693,55.45332,56.427330000000005,423745.0
2021-10-06,56.23253,56.427330000000005,55.32346,56.36239,573051.0
2021-10-07,56.427330000000005,56.49226,55.648120000000006,56.16759,580535.0
2021-10-08,56.10266,56.16759,55.19358999999999,55.777989999999996,714945.0
2021-10-11,55.71306,56.81693,55.45332,55.648120000000006,490567.0
2021-10-12,55.648120000000006,56.29746,55.45332,55.90786,580115.0
2021-10-13,55.90786,56.49226,55.518260000000005,55.84292,361657.0
2021-10-14,56.03773,58.05067,56.03773,57.1416,902119.0
2021-10-15,57.1416,57.336400000000005,56.62213,57.1416,683440.0
2021-10-18,57.01173,58.44027,57.01173,58.245470000000005,1132407.0
2021-10-19,58.245470000000005,59.08961,57.726,58.95974,765877.0
2021-10-20,58.95974,59.34934,56.557190000000006,58.245470000000005,522684.0
2021-10-21,57.9208,59.414269999999995,57.01173,57.66107,639084.0
2021-10-22,57.596129999999995,57.985730000000004,56.49226,56.9468,868557.0
2021-10-25,56.81693,58.3104,55.71306,55.97279,980378.0
2021-10-26,55.97279,56.427330000000005,55.12865,56.427330000000005,746877.0
2021-10-27,56.427330000000005,56.752,55.71306,56.62213,632767.0
2021-10-28,56.23253,56.9468,56.23253,56.9468,536349.0
2021-10-29,56.557190000000006,57.79093,56.557190000000006,57.66107,761943.0
2021-11-01,57.336400000000005,58.57014,57.01173,57.466269999999994,625034.0
2021-11-02,57.596129999999995,57.79093,57.076660000000004,57.726,803382.0
2021-11-03,57.336400000000005,58.76494,56.62213,57.466269999999994,973775.0
2021-11-04,57.1416,58.44027,57.1416,57.79093,795957.0
2021-11-05,57.466269999999994,57.985730000000004,57.01173,57.726,525464.0
2021-11-08,57.40133,57.985730000000004,55.90786,56.81693,1297604.0
2021-11-09,56.81693,56.81693,55.58319,56.03773,844662.0
2021-11-10,56.03773,56.427330000000005,54.93385,55.648120000000006,828882.0
2021-11-11,55.648120000000006,55.648120000000006,54.34945,54.868919999999996,1019258.0
2021-11-12,54.739050000000006,54.739050000000006,52.79104,53.505309999999994,1976545.0
2021-11-15,53.505309999999994,53.959849999999996,51.687169999999995,52.20664,2020722.0
2021-11-16,52.46638,54.02478,51.427440000000004,53.245580000000004,951596.0
2021-11-17,52.72611,53.63518,52.72611,53.18065,521477.0
2021-11-18,53.245580000000004,53.245580000000004,52.27157,52.596239999999995,835793.0
2021-11-19,52.596239999999995,53.18065,51.167699999999996,51.94691,1227594.0
2021-11-22,52.596239999999995,53.44038,52.141709999999996,52.53131,633249.0
2021-11-23,52.920910000000006,52.920910000000006,52.27157,52.79104,327199.0
2021-11-24,52.920910000000006,54.02478,52.85598,53.89492,894162.0
2021-11-25,53.89492,55.97279,53.57025,55.06372,1033141.0
2021-11-26,55.648120000000006,55.648120000000006,54.08972,54.47932,670527.0
2021-11-29,53.89492,53.89492,52.85598,53.57025,553112.0
2021-11-30,53.375449999999994,54.08972,53.245580000000004,53.89492,515198.0
2021-12-01,53.829980000000006,53.89492,53.050779999999996,53.63518,355828.0
2021-12-02,53.63518,53.89492,53.245580000000004,53.829980000000006,306171.0
2021-12-03,53.63518,54.414379999999994,52.66118,53.18065,552474.0
2021-12-06,53.63518,53.63518,51.167699999999996,52.27157,565133.0
2021-12-07,52.27157,53.18065,52.076769999999996,53.18065,381289.0
2021-12-08,53.18065,54.414379999999994,52.336510000000004,52.79104,349979.0
2021-12-09,52.920910000000006,53.505309999999994,52.53131,53.18065,291715.0
2021-12-10,53.18065,55.38839,53.18065,54.868919999999996,1361999.0
2021-12-13,54.67412,55.84292,54.67412,55.45332,774303.0
2021-12-14,55.45332,55.45332,54.54425,54.93385,406389.0
2021-12-15,54.80399,54.80399,53.505309999999994,53.959849999999996,528508.0
2021-12-16,53.89492,53.959849999999996,53.505309999999994,53.829980000000006,309859.0
2021-12-17,53.76505,54.154650000000004,53.18065,53.89492,513204.0
2021-12-20,53.89492,53.89492,53.245580000000004,53.63518,506158.0
2021-12-21,53.31051,54.08972,53.18065,53.31051,293390.0
2021-12-22,53.375449999999994,53.375449999999994,52.596239999999995,53.245580000000004,375818.0
2021-12-23,52.920910000000006,53.245580000000004,51.94691,52.920910000000006,551437.0
2021-12-24,52.85598,53.57025,52.27157,53.44038,447958.0
2021-12-27,53.44038,54.47932,53.050779999999996,54.414379999999994,669312.0
2021-12-28,54.47932,55.32346,54.21958,54.868919999999996,1029992.0
2021-12-29,54.868919999999996,57.466269999999994,54.868919999999996,56.49226,1100517.0
2021-12-30,56.49226,57.01173,56.49226,56.88186,521304.0
2021-12-31,56.81693,57.336400000000005,56.16759,56.88186,395358.0
2022-01-04,56.427330000000005,57.1416,56.427330000000005,56.88186,588916.0
2022-01-05,56.752,57.1416,56.427330000000005,56.88186,535304.0
2022-01-06,56.62213,58.375339999999994,56.62213,57.9208,917285.0
2022-01-07,58.375339999999994,58.375339999999994,56.687059999999995,57.466269999999994,368231.0
2022-01-10,57.076660000000004,57.466269999999994,55.84292,56.29746,426735.0
2022-01-11,56.427330000000005,57.076660000000004,55.648120000000006,56.03773,462125.0
2022-01-12,55.84292,56.752,53.959849999999996,55.518260000000005,606680.0
2022-01-13,55.518260000000005,55.71306,53.70011,54.54425,269559.0
2022-01-14,54.67412,54.67412,53.505309999999994,54.47932,228500.0
2022-01-17,55.84292,55.84292,52.920910000000006,54.154650000000004,444123.0
2022-01-18,54.47932,55.12865,52.27157,53.57025,446539.0
2022-01-19,53.18065,54.414379999999994,53.11571,53.76505,205870.0
2022-01-20,53.57025,55.06372,53.57025,54.67412,327765.0
2022-01-21,54.67412,55.71306,54.34945,55.06372,347056.0
2022-01-24,54.54425,55.648120000000006,53.18065,54.02478,357961.0
2022-01-25,54.28451999999999,54.93385,53.31051,54.34945,203290.0
2022-01-26,54.08972,54.54425,53.89492,54.08972,114391.0
2022-01-27,54.154650000000004,54.739050000000006,52.79104,53.829980000000006,395037.0
2022-01-28,53.57025,56.427330000000005,53.57025,54.868919999999996,341482.0
2022-02-07,54.868919999999996,55.648120000000006,54.868919999999996,55.38839,257514.0
2022-02-08,55.32346,57.076660000000004,55.06372,57.01173,850509.0
2022-02-09,56.23253,58.44027,56.23253,58.44027,1054860.0
2022-02-10,57.66107,58.82987,57.66107,58.76494,536849.0
2022-02-11,58.57014,58.82987,57.1416,57.726,307333.0
2022-02-14,57.5312,57.5312,55.97279,56.49226,729829.0
2022-02-16,88.6,88.6,86.2,87.0,729829.0
2022-02-17,88.6,88.6,86.2,87.0,729829.0
2022-02-18,88.6,88.6,86.2,87.0,729829.0
2022-02-21,88.6,88.6,86.2,87.0,729829.0
2022-02-22,88.6,88.6,86.2,87.0,729829.0
2022-02-23,58.44027,59.414269999999995,57.1416,59.34934,1029000.0
2022-02-24,59.47921,59.47921,56.03773,58.05067,629200.0
2022-02-25,58.05067,58.505199999999995,57.1416,58.18054,327700.0
2022-02-28,57.85587,57.85587,56.36239,57.076660000000004,366200.0
2022-03-01,56.36239,57.076660000000004,55.45332,56.03773,440800.0
2022-03-02,55.58319,55.58319,53.57025,55.58319,851100.0
2022-03-03,55.648120000000006,57.1416,55.19358999999999,57.01173,297500.0
2022-03-04,57.01173,57.01173,55.71306,56.9468,425000.0
2022-03-07,55.71306,56.427330000000005,54.414379999999994,55.84292,702400.0
2022-03-08,54.67412,56.23253,54.54425,55.45332,410300.0
2022-03-09,55.518260000000005,56.29746,53.829980000000006,56.29746,731400.0
2022-03-10,56.29746,59.73894,56.29746,59.60908,2089200.0
2022-03-11,59.67401,61.62202,59.60908,60.258410000000005,1125300.0
2022-03-14,58.76494,60.258410000000005,57.79093,59.73894,649000.0
2022-03-15,58.82987,61.55708,58.1156,61.42722,1341000.0
2022-03-16,61.42722,63.63496,61.42722,63.11549,1137200.0
2022-03-17,63.37523,64.41416000000001,62.53109,63.440160000000006,733800.0
2022-03-18,63.63496,64.54402999999999,62.20642,63.37523,1281500.0
2022-03-21,62.53109,63.570029999999996,61.62202,63.18042,820300.0
2022-03-22,62.40122,63.63496,61.88175,62.92069,704900.0
2022-03-23,62.855760000000004,64.02456,62.01162,63.505089999999996,1017400.0
2022-03-24,63.11549,63.570029999999996,62.33629,62.92069,730300.0
2022-03-25,62.660959999999996,66.88164,61.88175,66.88164,1910800.0
2022-03-28,66.29724,67.20631,65.77777,66.23231,994000.0
2022-03-29,66.55697,70.71273,66.55697,70.71273,1436700.0
2022-03-30,69.47899000000001,71.03739,68.18030999999999,69.93352,809000.0
2022-03-31,70.71273,73.95941,69.93352,70.77766,1036900.0
2022-04-01,70.25819,72.72567,69.80366000000001,72.0114,508700.0
2022-04-04,72.53087,72.53087,70.58286,71.10233,678600.0
2022-04-05,70.12832,72.5958,69.80366000000001,72.2062,677800.0
2022-04-06,72.07633,74.67367999999999,71.62180000000001,72.07633,684400.0
2022-04-07,72.07633,72.07633,67.07644,71.10233,1572100.0
2022-04-08,70.12832,71.10233,68.82965,69.93352,787200.0
2022-04-12,69.93352,70.51792999999999,66.88164,67.98550999999999,903200.0
2022-04-13,67.79071,71.10233,65.90764,71.10233,1043400.0
2022-04-14,71.10233,75.77755,71.10233,75.51782,1620400.0
2022-04-15,75.51782,77.85543,74.67367999999999,76.49182,663900.0
2022-04-18,75.97235,76.29702,73.95941,75.97235,1192900.0
2022-04-19,76.23209,79.5437,74.73861,77.92036,1000700.0
2022-04-20,77.92036,78.24503,75.32301,77.27102000000001,569200.0
2022-04-21,76.62169,76.62169,73.56981,75.84248,794200.0
2022-04-22,75.97235,75.97235,70.58286,70.58286,1419600.0
2022-04-25,66.29724,67.20631,65.64789999999999,65.64789999999999,516800.0
2022-04-26,61.10255,62.33629,61.10255,61.10255,795600.0
2022-04-27,61.03761,63.63496,60.51815,63.63496,1103400.0
2022-04-28,63.63496,64.80377,62.72589,63.63496,610000.0
2022-04-29,62.985620000000004,64.8687,62.79082,64.60896,811800.0
2022-05-04,63.505089999999996,63.95963,61.55708,61.686949999999996,805200.0
2022-05-05,61.42722,62.985620000000004,57.40133,57.40133,2363000.0
2022-05-06,53.89492,57.076660000000004,53.89492,53.89492,1116900.0
2022-05-09,52.66118,53.57025,50.12876,50.12876,1612600.0
2022-05-10,47.076879999999996,52.79104,46.75222,52.27157,1017600.0
2022-05-11,52.920910000000006,53.89492,51.29757,51.94691,760900.0
2022-05-12,51.3625,52.141709999999996,48.31062,48.31062,771000.0
2022-05-13,48.18076,48.95996,44.93407,44.93407,1439300.0
2022-05-16,46.167809999999996,47.01195,43.051,44.93407,667200.0
2022-05-17,45.453540000000004,48.05089,44.674339999999994,48.05089,644000.0
2022-05-18,49.08983,50.32357,48.05089,49.28463,612200.0
2022-05-19,47.46649,50.32357,47.46649,49.93396,588200.0
2022-05-20,50.06383,51.75211,49.9989,51.167699999999996,622400.0
2022-05-23,51.88197,51.88197,48.70022,50.32357,589200.0
2022-05-24,49.02489,50.648230000000005,48.63529,50.648230000000005,540300.0
2022-05-25,50.648230000000005,53.76505,50.648230000000005,53.76505,809700.0
2022-05-26,53.76505,53.89492,52.53131,53.18065,438100.0
2022-05-27,53.18065,53.959849999999996,52.596239999999995,53.505309999999994,613900.0
2022-05-30,53.505309999999994,53.57025,52.46638,53.18065,472500.0
2022-05-31,53.050779999999996,53.505309999999994,52.076769999999996,53.050779999999996,613800.0
2022-06-01,52.920910000000006,52.920910000000006,51.687169999999995,52.20664,439600.0
2022-06-02,52.20664,54.47932,52.20664,54.21958,821900.0
2022-06-03,54.154650000000004,54.21958,52.985839999999996,53.829980000000006,424700.0
2022-06-06,53.829980000000006,56.9468,53.245580000000004,56.427330000000005,1453900.0
2022-06-07,56.49226,58.375339999999994,54.868919999999996,58.3104,923600.0
2022-06-08,58.44027,59.28441,58.1156,58.7,533700.0
2022-06-09,58.44027,58.57014,57.336400000000005,57.85587,465700.0
2022-06-10,57.466269999999994,57.66107,55.32346,55.32346,713200.0
2022-06-13,52.01184,54.67412,51.49237,51.49237,997300.0
2022-06-14,48.83009,53.89492,48.83009,53.89492,913800.0
2022-06-15,53.829980000000006,54.08972,52.336510000000004,53.57025,644800.0
2022-06-16,54.154650000000004,54.414379999999994,53.245580000000004,53.245580000000004,566800.0
2022-06-17,53.410019999999996,55.43312,51.62968,55.352199999999996,732100.0
2022-06-20,55.0285,56.56606,53.410019999999996,54.86665,544100.0
2022-06-21,54.86665,54.86665,51.06321,51.79153,394200.0
2022-06-22,52.60077,52.60077,49.20196,49.76843,870500.0
2022-06-23,49.76843,51.79153,49.20196,51.79153,552300.0
2022-06-24,52.0343,52.0343,50.17305,51.06321,648800.0
2022-06-27,50.901360000000004,51.06321,49.76843,51.06321,387100.0
2022-06-28,50.65859,52.277080000000005,50.41582,51.79153,514100.0
2022-06-29,51.38691,51.71061,50.65859,50.65859,178600.0
2022-06-30,50.98229,51.46783,50.17305,50.17305,269800.0
2022-07-01,49.363800000000005,51.62968,48.79733,51.54876,519900.0
2022-07-04,50.820440000000005,51.953379999999996,50.41582,50.901360000000004,134900.0
2022-07-05,50.820440000000005,50.820440000000005,48.554559999999995,48.554559999999995,264300.0
2022-07-06,48.14994,48.95918,46.12683,46.28868,328100.0
2022-07-07,46.12683,47.259769999999996,45.72221,46.936080000000004,286600.0
2022-07-08,47.097919999999995,49.12103,47.097919999999995,48.95918,270300.0
2022-07-11,48.95918,49.20196,47.097919999999995,47.90717,156100.0
2022-07-12,48.554559999999995,49.6875,47.98809,49.6875,220600.0
2022-07-13,49.6875,50.901360000000004,49.28288,50.33489,261100.0
2022-07-14,50.17305,51.62968,49.44473,50.820440000000005,258200.0
2022-07-15,51.06321,52.0343,50.98229,50.98229,287700.0
2022-07-18,51.22506,51.62968,50.57767,50.820440000000005,155400.0
2022-07-19,50.820440000000005,50.98229,49.93027,50.41582,136400.0
2022-07-20,51.06321,53.410019999999996,51.06321,53.329089999999994,659600.0
2022-07-21,53.895559999999996,53.895559999999996,53.08632,53.329089999999994,251300.0
2022-07-22,53.24817,54.62388,52.358,53.329089999999994,242200.0
2022-07-25,53.0054,53.0054,51.79153,52.6817,262200.0
2022-07-26,53.08632,53.08632,52.51985,52.6817,186200.0
2022-07-27,52.19615,53.24817,52.0343,52.92447,145400.0
2022-07-28,54.057410000000004,54.54296,53.410019999999996,54.219260000000006,479000.0
2022-07-29,54.219260000000006,55.59497,53.97649,54.62388,260200.0
2022-08-01,55.0285,55.514050000000005,54.38111,55.0285,316400.0
2022-08-02,55.0285,55.27128,54.38111,54.54296,299800.0
2022-08-03,54.30018,56.80884,54.13834,56.80884,537000.0
2022-08-04,57.29438,57.29438,56.08052,56.40422,262200.0
2022-08-05,55.91867,56.32329,55.83775,56.32329,177800.0
2022-08-08,56.32329,56.646989999999995,55.99959,56.24237,235200.0
2022-08-09,56.56606,56.80884,56.08052,56.40422,235600.0
2022-08-10,56.32329,56.40422,55.0285,55.190349999999995,715100.0
2022-08-11,55.83775,55.99959,55.190349999999995,55.83775,523400.0
2022-08-12,55.83775,55.99959,55.0285,55.59497,162500.0
2022-08-15,55.83775,57.86085,55.83775,57.699,583100.0
2022-08-16,57.456230000000005,57.61808,56.97068,57.537150000000004,527700.0
2022-08-17,58.26547,59.96488,58.0227,59.31749,827400.0
2022-08-18,59.07472,60.207660000000004,58.589169999999996,59.80303,563900.0
2022-08-19,59.80303,60.855050000000006,59.07472,59.88396,482200.0
2022-08-22,59.80303,60.531349999999996,59.31749,59.96488,478000.0
2022-08-23,59.23656,60.531349999999996,59.23656,59.88396,302700.0
2022-08-24,60.207660000000004,61.66429,59.88396,61.66429,495900.0
2022-08-25,62.311690000000006,62.71631,61.17875,61.421519999999994,391100.0
2022-08-26,61.3406,61.987989999999996,60.6932,60.77413,285800.0
2022-08-29,59.23656,60.207660000000004,57.86085,59.07472,764900.0
2022-08-30,59.72211,59.88396,58.26547,58.26547,361100.0
2022-08-31,58.50825,59.88396,58.26547,59.31749,299800.0
2022-09-05,59.31749,60.3695,59.31749,59.64119,231600.0
2022-09-06,59.64119,60.855050000000006,59.64119,60.045809999999996,314500.0
2022-09-07,60.045809999999996,60.045809999999996,58.10362,58.18455,418700.0
2022-09-08,58.993790000000004,58.993790000000004,57.699,57.94178,259000.0
2022-09-09,57.61808,58.26547,56.48514,58.26547,419200.0
2022-09-12,59.07472,59.31749,58.42732,58.589169999999996,218410.0
2022-09-13,58.589169999999996,59.23656,57.61808,58.589169999999996,228712.0
2022-09-14,57.699,59.15564,57.699,59.07472,331175.0
2022-09-15,60.61228,60.61228,59.31749,59.398410000000005,228673.0
2022-09-16,59.398410000000005,59.80303,58.670089999999995,58.670089999999995,247010.0
2022-09-19,58.670089999999995,58.670089999999995,55.43312,55.83775,530964.0
2022-09-20,57.051610000000004,57.051610000000004,55.75682,56.80884,208636.0
2022-09-21,56.16144,57.456230000000005,56.08052,57.456230000000005,286010.0
2022-09-22,56.08052,57.699,56.08052,57.132529999999996,167100.0
2022-09-23,57.132529999999996,58.50825,56.72791,57.21346,194940.0
2022-09-26,57.21346,57.21346,54.219260000000006,55.27128,400949.0
2022-09-27,55.43312,55.514050000000005,54.219260000000006,54.219260000000006,264184.0
2022-09-28,54.13834,54.13834,50.496739999999996,50.496739999999996,483078.0
2022-09-29,51.87246,52.60077,50.33489,50.33489,215392.0
2022-09-30,50.17305,50.496739999999996,46.936080000000004,48.554559999999995,909680.0
2022-10-03,48.554559999999995,48.79733,45.155739999999994,45.155739999999994,670944.0
2022-10-04,47.3407,47.3407,44.99389,45.56036,285503.0
2022-10-05,46.36961,48.31179,46.36961,47.421620000000004,200733.0
2022-10-06,46.85515,47.421620000000004,45.479440000000004,46.45053,286633.0
2022-10-07,45.07482,46.45053,43.6991,44.184650000000005,459632.0
2022-10-10,44.103730000000006,46.612379999999995,43.6991,46.20776,342953.0
2022-10-11,46.28868,47.259769999999996,44.58927,46.12683,585768.0
2022-10-12,46.53145,49.28288,46.20776,49.12103,503558.0
2022-10-13,49.76843,49.76843,47.82624,48.39271,272057.0
2022-10-14,49.20196,49.60658,48.23086,48.39271,355500.0
2022-10-17,48.39271,48.878260000000004,47.3407,48.554559999999995,235489.0
2022-10-18,49.52565,49.60658,48.473639999999996,48.554559999999995,359564.0
2022-10-19,48.554559999999995,49.28288,48.23086,49.12103,346261.0
2022-10-20,48.79733,49.12103,48.23086,48.554559999999995,308389.0
2022-10-21,48.14994,48.554559999999995,45.155739999999994,45.155739999999994,506039.0
2022-10-24,45.155739999999994,45.39851,41.9997,41.9997,526570.0
2022-10-25,41.9997,43.6991,39.24827,41.9997,435419.0
2022-10-26,42.08062,42.80894,40.462129999999995,41.676,253581.0
2022-10-27,41.676,43.53726,41.3523,43.37541,299224.0
2022-10-28,43.6991,45.07482,43.6991,44.184650000000005,384576.0
2022-10-31,44.50835,44.83204,43.37541,44.75112,265762.0
2022-11-01,44.83204,45.317589999999996,44.26557,44.26557,248360.0
2022-11-02,44.3465,44.3465,43.13264,43.37541,198457.0
2022-11-03,43.45633,43.45633,42.323389999999996,42.323389999999996,176391.0
2022-11-04,42.48524,42.48524,39.81474,40.21936,385266.0
2022-11-07,40.34075,40.462129999999995,37.42747,37.42747,476591.0
2022-11-08,36.41592,37.467940000000006,35.64714,36.73962,333444.0
2022-11-09,37.387010000000004,37.71071,36.41592,37.063309999999994,290066.0
2022-11-10,36.41592,36.73962,34.47374,34.47374,409539.0
2022-11-11,36.65869,36.65869,34.069120000000005,35.202059999999996,869185.0
2022-11-14,33.25987,34.150040000000004,32.77433,32.77433,300701.0
2022-11-15,30.50845,30.50845,30.50845,30.50845,108513.0
2022-11-16,28.40442,32.12693,28.40442,31.88416,789596.0
2022-11-17,31.96509,32.77433,31.96509,32.32925,286925.0
2022-11-18,32.693400000000004,32.85525,30.18475,32.85525,362049.0
2022-11-21,33.17895,34.59512,33.17895,34.069120000000005,328469.0
2022-11-22,33.98819,35.202059999999996,33.30034,34.514199999999995,342400.0
2022-11-23,34.069120000000005,35.72806,34.069120000000005,35.687599999999996,439299.0
2022-11-24,35.52575,35.64714,34.39281,35.28298,351920.0
2022-11-25,35.323440000000005,36.41592,35.323440000000005,36.41592,225525.0
2022-11-28,36.98239,38.96504,36.98239,38.96504,340593.0
2022-11-29,39.73382,40.381209999999996,38.843650000000004,40.13844,349214.0
2022-11-30,40.462129999999995,42.728010000000005,39.73382,42.48524,622676.0
2022-12-01,42.97079,43.53726,39.81474,39.976589999999995,702601.0
2022-12-02,39.73382,42.242470000000004,38.843650000000004,41.9997,332804.0
2022-12-05,42.16154,43.37541,41.918769999999995,42.08062,376550.0
2022-12-06,41.676,42.97079,40.13844,40.704910000000005,562994.0
2022-12-07,40.25982,41.27138,38.76272,38.76272,490286.0
2022-12-08,39.49104,41.43323,39.45058,40.785830000000004,515296.0
2022-12-09,40.86676,41.837849999999996,40.704910000000005,41.43323,233697.0
2022-12-12,41.43323,43.21356,41.43323,42.48524,363990.0
2022-12-13,42.56617,42.88986,41.43323,42.88986,273336.0
2022-12-14,43.6991,44.26557,42.88986,43.94188,338935.0
2022-12-15,43.6991,45.155739999999994,43.6991,44.75112,289941.0
2022-12-16,44.42742,46.12683,43.860949999999995,46.045910000000006,365872.0
2022-12-19,46.045910000000006,46.28868,44.42742,44.42742,212908.0
2022-12-20,43.21356,44.3465,42.323389999999996,42.88986,324357.0
2022-12-21,42.97079,43.61818,40.13844,41.75692,223104.0
2022-12-22,42.728010000000005,42.97079,41.676,42.08062,252320.0
2022-12-23,41.676,42.728010000000005,41.51415,42.48524,132921.0
2022-12-26,41.837849999999996,42.08062,40.462129999999995,40.462129999999995,274518.0
2022-12-27,40.097970000000004,41.27138,39.81474,41.27138,192593.0
2022-12-28,40.86676,41.3523,40.704910000000005,41.27138,115239.0
2022-12-29,41.27138,41.27138,40.94768,40.94768,157047.0
2022-12-30,40.86676,41.27138,40.462129999999995,40.785830000000004,60929.0
2023-01-03,40.785830000000004,42.88986,40.785830000000004,42.88986,170504.0
2023-01-04,42.88986,43.37541,42.728010000000005,42.80894,100441.0
2023-01-05,42.80894,43.29448,42.323389999999996,43.05171,144317.0
2023-01-06,42.88986,43.05171,42.48524,42.48524,140281.0
2023-01-09,42.56617,42.80894,42.40432,42.728010000000005,80865.0
2023-01-10,42.40432,43.21356,42.16154,42.48524,94836.0
2023-01-11,42.88986,43.61818,42.48524,43.37541,143501.0
2023-01-12,43.37541,43.860949999999995,43.29448,43.45633,59472.0
2023-01-13,43.61818,44.26557,43.37541,43.45633,252129.0
2023-01-16,44.184650000000005,44.184650000000005,42.728010000000005,43.45633,167046.0
2023-01-17,43.61818,45.80314,43.45633,45.479440000000004,236277.0
2023-01-18,45.88406,48.63549,44.91297,48.39271,385057.0
2023-01-19,48.39271,49.28288,47.259769999999996,47.58347,187068.0
2023-01-27,48.39271,50.820440000000005,47.66439,49.12103,323270.0
2023-01-30,49.12103,50.09212,49.04011,49.28288,200785.0
2023-01-31,49.28288,50.17305,48.23086,50.17305,198416.0
2023-02-01,50.17305,51.79153,48.71641,49.363800000000005,345479.0
2023-02-02,49.28288,49.93027,48.39271,49.52565,207820.0
2023-02-03,49.363800000000005,50.011199999999995,49.363800000000005,50.011199999999995,159651.0
2023-02-06,49.6875,49.6875,48.71641,48.71641,111189.0
2023-02-07,48.878260000000004,49.28288,48.554559999999995,49.28288,148928.0
2023-02-08,49.363800000000005,49.60658,48.554559999999995,49.60658,86461.0
2023-02-09,49.60658,49.60658,49.12103,49.20196,115528.0
2023-02-10,50.011199999999995,50.011199999999995,48.71641,49.28288,124458.0
2023-02-13,48.71641,48.79733,46.45053,46.612379999999995,197023.0
2023-02-14,46.612379999999995,47.3407,45.80314,46.12683,98794.0
2023-02-15,45.64129,46.85515,45.155739999999994,46.12683,142718.0
2023-02-16,47.259769999999996,47.58347,46.45053,47.3407,139397.0
2023-02-17,47.74532,47.74532,46.77423,46.77423,107718.0
2023-02-20,47.50255,48.95918,47.097919999999995,48.71641,210467.0
2023-02-21,48.95918,49.363800000000005,48.14994,48.14994,107105.0
2023-02-22,48.14994,48.14994,46.12683,46.12683,147326.0
2023-02-23,46.53145,46.936080000000004,45.80314,46.936080000000004,167522.0
2023-02-24,46.936080000000004,46.936080000000004,45.964980000000004,45.964980000000004,109354.0
2023-02-27,45.88406,46.28868,44.50835,44.83204,407729.0
2023-02-28,45.80314,46.12683,44.3465,44.42742,76883.0
2023-03-01,43.94188,46.12683,43.94188,46.12683,232851.0
2023-03-02,46.936080000000004,46.936080000000004,45.479440000000004,45.479440000000004,67871.0
2023-03-03,45.72221,46.12683,45.23667,45.23667,75540.0
2023-03-06,46.36961,46.36961,45.23667,45.479440000000004,140059.0
2023-03-07,45.64129,45.80314,45.317589999999996,45.56036,32016.0
2023-03-08,44.91297,46.53145,44.91297,46.53145,97629.0
2023-03-09,46.20776,46.77423,46.20776,46.53145,117342.0
2023-03-10,45.479440000000004,46.45053,45.479440000000004,46.12683,84237.0
2023-03-13,45.72221,46.045910000000006,45.317589999999996,45.56036,75047.0
2023-03-14,45.56036,45.72221,44.75112,44.83204,87185.0
2023-03-15,46.85515,46.85515,45.479440000000004,45.80314,59070.0
2023-03-16,45.155739999999994,45.80314,45.155739999999994,45.80314,86222.0
2023-03-17,46.12683,46.12683,45.39851,45.479440000000004,22540.0
2023-03-20,45.317589999999996,45.64129,44.83204,44.91297,60375.0
2023-03-21,45.155739999999994,45.155739999999994,44.670199999999994,45.155739999999994,38858.0
2023-03-22,45.317589999999996,46.12683,45.155739999999994,45.155739999999994,41617.0
2023-03-23,45.155739999999994,45.155739999999994,44.91297,45.155739999999994,25762.0
2023-03-24,45.23667,45.64129,45.155739999999994,45.23667,53561.0
2023-03-27,45.155739999999994,45.72221,45.155739999999994,45.39851,52279.0
2023-03-28,45.39851,45.964980000000004,45.39851,45.964980000000004,96585.0
2023-03-29,45.964980000000004,46.12683,45.39851,45.88406,99920.0
2023-03-30,46.045910000000006,48.31179,46.045910000000006,48.14994,539744.0
2023-03-31,48.554559999999995,50.09212,48.23086,49.363800000000005,651043.0
2023-04-03,50.17305,50.57767,49.44473,50.57767,280525.0
2023-04-04,50.57767,50.57767,49.84935,50.496739999999996,177115.0
2023-04-05,50.17305,51.953379999999996,49.93027,51.953379999999996,216658.0
2023-04-06,51.87246,53.81464,51.87246,53.08632,298126.0
2023-04-07,53.08632,53.08632,51.62968,51.79153,181546.0
2023-04-10,51.953379999999996,53.329089999999994,50.820440000000005,51.46783,184436.0
2023-04-11,52.277080000000005,53.73371,51.62968,53.73371,321555.0
2023-04-12,53.73371,54.54296,52.60077,52.762620000000005,144494.0
2023-04-13,52.762620000000005,53.24817,52.51985,52.92447,65268.0
2023-04-14,53.329089999999994,53.49094,51.79153,51.79153,173251.0
2023-04-17,51.38691,52.43893,51.14414,52.115230000000004,76728.0
2023-04-18,51.87246,52.92447,51.87246,52.358,138066.0
2023-04-19,53.0054,53.0054,51.62968,51.87246,89812.0
2023-04-20,52.51985,52.51985,50.901360000000004,51.54876,121093.0
2023-04-21,51.30599,51.71061,50.98229,51.22506,59152.0
2023-04-24,50.98229,51.46783,50.17305,50.57767,95515.0
2023-04-25,50.65859,52.762620000000005,50.57767,52.762620000000005,193197.0
2023-04-26,52.6817,55.43312,51.953379999999996,53.73371,574048.0
2023-04-27,54.86665,54.86665,53.410019999999996,53.410019999999996,148146.0
2023-04-28,53.410019999999996,54.38111,53.08632,53.81464,208991.0
2023-05-04,53.49094,53.81464,50.17305,51.06321,286488.0
2023-05-05,50.98229,52.51985,50.57767,51.79153,180488.0
2023-05-08,51.87246,53.410019999999996,51.87246,53.08632,92471.0
2023-05-09,53.08632,53.571870000000004,52.51985,53.24817,295599.0
2023-05-10,53.24817,53.571870000000004,52.51985,52.6817,280104.0
2023-05-11,52.92447,53.81464,52.60077,53.81464,187127.0
2023-05-12,53.81464,54.62388,53.410019999999996,54.38111,251410.0
2023-05-15,54.38111,55.0285,53.0054,54.38111,178271.0
2023-05-16,54.38111,54.38111,53.571870000000004,53.895559999999996,103810.0
2023-05-17,53.73371,54.38111,53.410019999999996,53.410019999999996,84280.0
2023-05-18,53.410019999999996,53.81464,53.08632,53.16724,210826.0
2023-05-19,54.13834,54.13834,53.410019999999996,53.97649,139717.0
2023-05-22,54.46203,56.32329,54.46203,55.83775,569458.0
2023-05-23,56.88976,57.537150000000004,56.08052,57.37531,340888.0
2023-05-24,57.37531,58.18455,56.72791,57.21346,351926.0
2023-05-25,57.132529999999996,57.86085,56.40422,57.77993,190667.0
2023-05-26,57.456230000000005,57.94178,56.56606,56.56606,161836.0
2023-05-29,57.86085,57.86085,56.48514,56.88976,231037.0
2023-05-30,56.88976,57.21346,56.32329,57.051610000000004,132107.0
2023-05-31,56.88976,57.456230000000005,56.88976,57.456230000000005,67211.0
2023-06-01,57.456230000000005,59.31749,57.21346,58.912870000000005,150677.0
2023-06-02,58.993790000000004,59.47933999999999,58.42732,59.47933999999999,175650.0
2023-06-05,59.398410000000005,59.398410000000005,57.86085,58.670089999999995,121095.0
2023-06-06,58.75102,58.83194,58.10362,58.589169999999996,63111.0
2023-06-07,58.0227,58.670089999999995,57.456230000000005,58.670089999999995,143157.0
2023-06-08,58.26547,58.50825,57.29438,57.29438,164489.0
2023-06-09,57.37531,57.456230000000005,56.646989999999995,57.456230000000005,92601.0
2023-06-12,57.456230000000005,58.26547,57.456230000000005,57.699,79792.0
2023-06-13,58.75102,59.88396,57.86085,59.56026,280937.0
2023-06-14,59.96488,59.96488,57.86085,57.86085,128982.0
2023-06-15,57.86085,58.589169999999996,57.86085,58.50825,47839.0
2023-06-16,58.912870000000005,59.07472,57.699,58.50825,196087.0
2023-06-19,58.18455,58.50825,57.37531,57.37531,77668.0
2023-06-20,57.29438,57.86085,57.29438,57.86085,120715.0
2023-06-21,58.0227,58.10362,57.456230000000005,57.61808,105308.0
2023-06-22,58.993790000000004,58.993790000000004,57.456230000000005,57.61808,132311.0
2023-06-23,57.699,58.83194,57.699,58.75102,306152.0
2023-06-26,58.75102,60.045809999999996,58.10362,59.31749,258012.0
2023-06-27,59.88396,59.96488,58.912870000000005,59.07472,90909.0
2023-06-28,59.07472,59.47933999999999,58.75102,58.75102,87371.0
2023-06-29,58.83462,59.49107,57.849940000000004,57.932,165001.0
2023-06-30,58.178160000000005,58.260220000000004,57.849940000000004,57.849940000000004,107344.0
2023-07-03,57.849940000000004,57.932,57.27554,57.849940000000004,118918.0
2023-07-04,57.849940000000004,59.2449,57.849940000000004,59.2449,142386.0
2023-07-05,58.916669999999996,59.90135,58.916669999999996,59.73724,210139.0
2023-07-06,59.73724,60.14752,58.260220000000004,59.08079,138521.0
2023-07-07,59.08079,61.78866,58.916669999999996,61.21426,476524.0
2023-07-10,61.21426,62.52717,60.96809,62.19894,401767.0
2023-07-11,62.281,63.347730000000006,60.72192,61.378370000000004,392634.0
2023-07-12,62.03483,62.03483,60.72192,61.29632,322600.0
2023-07-13,61.1322,61.952769999999994,60.72192,60.72192,263239.0
2023-07-14,61.1322,61.7066,60.31164,60.80398,315923.0
2023-07-17,60.88603,60.88603,60.06547,60.63986,330564.0
2023-07-18,60.63986,61.78866,60.47575,61.78866,297569.0
2023-07-19,62.19894,62.44511,60.72192,60.72192,198165.0
2023-07-20,60.72192,60.80398,60.31164,60.80398,185417.0
2023-07-21,60.80398,61.1322,60.39369,60.72192,202011.0
2023-07-24,60.72192,61.21426,60.63986,60.72192,194924.0
2023-07-25,61.05015,61.05015,60.14752,60.31164,261487.0
2023-07-26,60.63986,60.72192,59.65518,59.90135,357871.0
2023-07-27,59.90135,59.983410000000006,58.916669999999996,59.49107,191832.0
2023-07-28,59.49107,60.31164,59.08079,59.2449,190193.0
2023-07-31,59.49107,60.22958,59.08079,59.73724,210793.0
2023-08-01,59.90135,60.14752,59.49107,59.73724,289842.0
2023-08-02,59.08079,59.983410000000006,59.08079,59.57313,162913.0
2023-08-03,59.40901,59.90135,59.08079,59.08079,170265.0
2023-08-04,59.08079,59.57313,58.916669999999996,59.2449,233579.0
2023-08-07,59.2449,60.72192,59.08079,60.72192,388331.0
2023-08-08,61.54249,61.7066,60.88603,61.21426,250333.0
2023-08-09,61.21426,61.54249,60.557809999999996,60.72192,199404.0
2023-08-10,60.72192,61.1322,59.90135,59.90135,172412.0
2023-08-11,59.49107,60.06547,59.32696,59.90135,218759.0
2023-08-14,59.73724,59.90135,59.08079,59.32696,241180.0
2023-08-15,59.32696,59.90135,58.99873,59.90135,188109.0
2023-08-16,59.90135,61.21426,59.49107,60.72192,318952.0
2023-08-17,60.96809,61.1322,59.57313,59.57313,181132.0
2023-08-18,59.57313,60.22958,56.29086,56.61909,368931.0
2023-08-21,56.61909,58.588449999999995,55.71647,57.849940000000004,291765.0
2023-08-22,57.43966,60.31164,56.61909,60.31164,277218.0
2023-08-23,60.31164,60.31164,59.162839999999996,60.22958,118761.0
2023-08-24,60.14752,61.378370000000004,59.65518,60.88603,164795.0
2023-08-25,61.1322,65.07092,60.80398,65.07092,918200.0
2023-08-28,65.07092,68.10702,65.07092,65.72738000000001,276482.0
2023-08-29,65.80942999999999,67.28645,65.23504,66.38383,267572.0
2023-08-30,66.87617,68.59936,66.38383,68.18908,448694.0
2023-08-31,69.33787,69.33787,67.69674,68.35319,190988.0
2023-09-05,68.35319,68.92759,67.36851,68.43525,276946.0
2023-09-06,68.59936,68.92759,65.97355,67.28645,252465.0
2023-09-07,66.87617,68.68142,66.87617,68.10702,152624.0
2023-09-08,68.10702,69.6661,67.28645,69.25581,235811.0
2023-09-11,69.74815,69.74815,66.79411,67.12234,269908.0
2023-09-12,67.36851,67.69674,66.54794,67.69674,142761.0
2023-09-13,68.10702,70.24049000000001,67.28645,67.28645,337966.0
2023-09-14,67.28645,67.36851,64.82475,64.82475,470859.0
2023-09-15,64.90681,65.80942999999999,63.758019999999995,64.1683,350716.0
2023-09-18,64.98887,64.98887,64.00419000000001,64.08624,194331.0
2023-09-19,64.25036,67.94291,63.758019999999995,67.69674,618372.0
2023-09-20,68.5173,69.17376,67.61467999999999,68.68142,318943.0
2023-09-21,69.6661,69.6661,66.38383,66.87617,636392.0
2023-09-22,65.97355,67.53262,62.19894,62.19894,4437145.0
2023-09-25,62.60922,64.00419000000001,61.1322,61.1322,597298.0
2023-09-26,60.72192,63.758019999999995,60.72192,61.46043,512289.0
2023-09-27,62.03483,62.52717,60.31164,62.36305,371910.0
2023-09-28,62.77334,63.511849999999995,62.44511,62.85539,626056.0
2023-09-29,63.675959999999996,64.49652999999999,63.019510000000004,63.922129999999996,362912.0
2023-10-02,64.57858,65.48121,64.08624,64.66064,290314.0
2023-10-03,63.593900000000005,64.33241000000001,62.60922,62.93745,413890.0
2023-10-04,61.62454,64.1683,61.62454,63.84007,255735.0
2023-10-05,64.08624,64.1683,63.183620000000005,63.26568,140422.0
2023-10-06,63.26568,64.57858,62.69128,64.41447,206668.0
2023-10-09,64.41447,65.56326,64.00419000000001,65.15298,440750.0
2023-10-10,65.56326,67.04028,65.23504,65.64532000000001,407148.0
2023-10-11,65.72738000000001,66.05560000000001,64.82475,66.05560000000001,170788.0
2023-10-12,65.97355,66.46589,65.89149,66.46589,223060.0
2023-10-13,65.72738000000001,66.46589,65.07092,66.46589,254174.0
2023-10-16,66.63,66.71206,65.23504,65.31709,187677.0
2023-10-17,65.31709,66.05560000000001,61.7066,61.7066,241765.0
2023-10-18,62.03483,63.019510000000004,61.378370000000004,61.952769999999994,533488.0
2023-10-19,62.03483,63.183620000000005,60.72192,61.78866,207915.0
2023-10-20,62.281,62.44511,60.72192,62.36305,186300.0
2023-10-23,61.7066,62.36305,61.1322,61.54249,166482.0
2023-10-24,60.88603,63.511849999999995,60.88603,63.347730000000006,322441.0
2023-10-25,62.93745,63.922129999999996,62.281,62.281,104169.0
2023-10-26,61.62454,61.62454,59.65518,60.47575,415410.0
2023-10-27,61.378370000000004,61.952769999999994,59.57313,61.54249,140028.0
2023-10-30,61.1322,61.21426,59.57313,59.57313,64594.0
2023-10-31,59.49107,59.90135,58.34228,58.34228,272835.0
2023-11-01,58.178160000000005,60.39369,58.09611,60.39369,194394.0
2023-11-02,60.39369,61.87071,60.39369,61.7066,119574.0
2023-11-03,62.19894,63.675959999999996,61.54249,63.593900000000005,284395.0
2023-11-06,64.41447,64.41447,62.77334,63.84007,130482.0
2023-11-07,63.84007,64.00419000000001,63.10156,63.429790000000004,129338.0
2023-11-08,63.429790000000004,65.56326,63.26568,65.56326,277848.0
2023-11-09,65.56326,66.95823,65.23504,66.13766,257509.0
2023-11-10,65.64532000000001,65.89149,64.98887,64.98887,217784.0
2023-11-13,64.98887,65.39915,64.49652999999999,64.7427,66273.0
2023-11-14,65.97355,65.97355,64.90681,65.23504,130908.0
2023-11-15,66.05560000000001,66.21972,65.07092,65.64532000000001,176250.0
2023-11-16,65.15298,70.24049000000001,65.15298,70.24049000000001,1073945.0
2023-11-17,71.47134,72.94836,70.56872,70.81489,494386.0
2023-11-20,69.74815,70.48666,68.76347,69.6661,642540.0
2023-11-21,69.6661,73.03041999999999,69.6661,72.29191,646673.0
2023-11-22,72.29191,73.35865,71.14312,72.29191,375190.0
2023-11-23,72.29191,72.53808000000001,68.59936,68.59936,361698.0
2023-11-24,69.0917,72.37397,67.36851,72.20985,840200.0
2023-11-27,72.29191,72.29191,70.979,70.979,138303.0
2023-11-28,69.91227,71.88163,69.74815,71.88163,183822.0
2023-11-29,71.96368,74.67155,71.14312,74.42538,580511.0
2023-11-30,73.85099000000001,75.49212,73.44069999999999,75.49212,404267.0
2023-12-01,74.75361,75.41006,73.60482,74.42538,263800.0
2023-12-04,74.42538,74.58949000000001,73.68687,74.58949000000001,325544.0
2023-12-05,74.58949000000001,75.57417,73.35865,73.52275999999999,421553.0
2023-12-06,73.11247999999999,74.0151,72.37397,72.78425,403928.0
2023-12-07,72.78425,74.67155,72.62014,74.26127000000001,463103.0
2023-12-08,74.26127000000001,75.49212,73.35865,74.26127000000001,259378.0
2023-12-11,74.26127000000001,74.91772,73.19453,73.52275999999999,216810.0
2023-12-12,74.0151,75.08183,72.86631,74.91772,350027.0
2023-12-13,75.328,75.73828999999999,73.27659,73.35865,329994.0
2023-12-14,73.52275999999999,73.93303999999999,72.70219,72.70219,280327.0
2023-12-15,72.20985,72.86631,71.88163,71.88163,279616.0
2023-12-18,71.88163,71.88163,70.56872,71.06106,295881.0
2023-12-19,71.06106,71.71750999999999,70.40461,71.30722999999999,174321.0
2023-12-20,71.88163,71.88163,70.40461,71.30722999999999,87319.0
2023-12-21,71.06106,71.30722999999999,70.56872,71.22516999999999,109973.0
2023-12-22,71.5534,74.0151,71.47134,73.35865,285787.0
2023-12-25,74.0151,75.49212,73.27659,75.49212,521824.0
2023-12-26,76.31267999999999,76.31267999999999,73.93303999999999,75.08183,454366.0
2023-12-27,74.91772,75.57417,74.50744,74.50744,403448.0
2023-12-28,74.67155,74.67155,73.93303999999999,74.0151,178709.0
2023-12-29,74.09716,77.13325,73.60482,75.328,767051.0
2024-01-02,76.31267999999999,76.31267999999999,74.67155,75.24595,141707.0
2024-01-03,75.24595,75.82034,74.34333000000001,75.08183,255782.0
2024-01-04,75.49212,77.46148,74.67155,74.67155,555671.0
2024-01-05,74.99978,75.41006,74.58949000000001,75.24595,204030.0
2024-01-08,75.9024,76.31267999999999,75.24595,75.98446000000001,257344.0
2024-01-09,75.9024,75.98446000000001,75.16389,75.328,139847.0
2024-01-10,75.328,75.41006,74.50744,74.99978,290393.0
2024-01-11,74.99978,75.98446000000001,74.42538,75.9024,229093.0
2024-01-12,75.82034,75.82034,70.65078,73.85099000000001,236043.0
2024-01-15,73.85099000000001,75.08183,73.44069999999999,73.44069999999999,164672.0
2024-01-16,73.11247999999999,74.75361,72.78425,74.67155,151634.0
2024-01-17,74.67155,74.83566,73.85099000000001,74.09716,141846.0
2024-01-18,74.61982,76.12899,74.20061,75.79361999999999,142293.0
2024-01-19,75.79361999999999,78.39273,75.79361999999999,77.05125,394650.0
2024-01-22,77.13510000000001,77.97352000000001,76.46436,77.47047,228664.0
2024-01-23,77.80584,77.97352000000001,76.79973,77.63815,203238.0
2024-01-24,77.72199,78.22505,77.30278,77.63815,163972.0
2024-01-25,77.97352000000001,77.97352000000001,76.29666999999999,76.79973,148365.0
2024-01-26,77.13510000000001,77.30278,76.46436,77.05125,93261.0
2024-01-29,77.55431,77.55431,76.46436,77.30278,104150.0
2024-01-30,77.30278,77.97352000000001,76.88357,77.72199,130096.0
2024-01-31,77.97352000000001,77.97352000000001,75.96130000000001,76.5482,229925.0
2024-02-01,76.5482,79.23116,76.29666999999999,79.23116,721243.0
2024-02-02,79.23116,79.98574,78.97963,79.73421,254646.0
2024-02-05,79.73421,82.92022999999999,79.73421,81.32722,716498.0
2024-02-06,82.0818,82.0818,80.4888,80.82417,135574.0
2024-02-07,80.90800999999999,81.74642999999999,80.4888,80.90800999999999,172084.0
2024-02-15,80.90800999999999,81.32722,79.81806,80.23727000000001,147114.0
2024-02-16,79.98574,81.49491,79.56653,81.49491,258256.0
2024-02-19,81.49491,81.74642999999999,80.82417,81.74642999999999,171534.0
2024-02-20,81.91412,81.99796,80.4888,81.32722,167303.0
2024-02-21,81.32722,81.32722,79.9019,80.4888,247363.0
2024-02-22,80.65648,83.33944,80.4888,83.2556,378453.0
2024-02-23,83.8425,84.01017999999999,81.74642999999999,82.33333,309349.0
2024-02-26,82.24949000000001,87.02851,82.16565,85.60319,585804.0
2024-02-27,85.60319,87.19619999999999,85.18397999999999,85.68703,225353.0
2024-02-28,85.68703,87.11235,84.42939,85.93856,235412.0
2024-02-29,85.93856,88.87305,85.4355,88.03461999999999,297317.0
2024-03-01,88.87305,88.87305,87.19619999999999,88.03461999999999,205085.0
2024-03-04,88.45383,88.53768,87.19619999999999,87.28004,232265.0
2024-03-05,87.11235,87.95078,86.35777,87.19619999999999,249738.0
2024-03-06,87.19619999999999,90.46605000000001,86.6093,87.19619999999999,474573.0
2024-03-07,87.19619999999999,89.62763000000001,87.19619999999999,89.12457,299898.0
2024-03-08,89.20841,90.13068,88.03461999999999,88.20231,170295.0
2024-03-11,88.87305,94.32281,88.7892,94.32281,879371.0
2024-03-12,96.41887,100.86252,96.25117999999999,98.8503,1039270.0
2024-03-13,100.61099,103.12627,98.68262,100.27561999999999,506227.0
2024-03-14,100.27561999999999,101.86863000000001,97.67651,98.51492999999999,886874.0
2024-03-15,98.51492999999999,99.60488000000001,95.83197,99.35336,675201.0
2024-03-18,99.35336,100.61099,92.64596,97.00577,1067627.0
2024-03-19,97.34114,100.61099,96.50271000000001,98.93414,276057.0
2024-03-20,98.59877,101.44942,96.41887,99.85641,609581.0
2024-03-21,101.36558000000001,106.81533999999999,100.19178,106.81533999999999,935241.0
2024-03-22,106.81533999999999,107.98913,105.72539,107.56992,323696.0
2024-03-25,109.83367,110.50441000000001,106.64765,108.99524000000001,299799.0
2024-03-26,108.99524000000001,113.18737,107.31839,113.18737,360078.0
2024-03-27,113.18737,120.39782000000001,112.09742,119.64324,560288.0
2024-03-28,119.64324,123.24847,119.22403,119.22403,296272.0
2024-03-29,119.05633999999999,119.05633999999999,111.6782,115.95417,686609.0
2024-04-01,115.70264,115.70264,112.34894,112.76816000000001,476516.0
2024-04-02,112.852,117.12797,112.76816000000001,115.28343,274402.0
2024-04-03,115.28343,117.04411999999999,113.18737,113.18737,359202.0
2024-04-04,112.34894,114.94806,110.83978,111.92972999999999,409758.0
2024-04-05,110.67209,113.85811,110.33672,110.83978,444957.0
2024-04-08,112.852,112.852,105.47386,106.47997,646024.0
2024-04-09,105.30617,107.31839,104.63543,104.71928,482684.0
2024-04-10,105.22233,107.73761,105.22233,105.39002,187043.0
2024-04-11,104.38391,104.38391,101.44942,103.04243,611614.0
2024-04-12,102.70706,106.47997,102.70706,105.05465,153080.0
2024-04-15,104.80311999999999,106.22844,97.76035,97.76035,462739.0
2024-04-16,97.76035,100.19178,92.64596,100.19178,613938.0
2024-04-17,100.61099,101.28173,98.93414,99.52104,285183.0
2024-04-19,99.43719999999999,99.43719999999999,93.90359,94.07128,740521.0
2024-04-22,96.41887,100.61099,95.91581,100.61099,564355.0
2024-04-23,100.61099,101.95247,97.92802999999999,98.93414,246194.0
2024-04-24,103.96469,105.13849,99.77257,104.46775,469594.0
2024-04-25,105.5577,108.15682000000001,102.28784,102.7909,671591.0
2024-04-26,102.7909,105.89307000000001,101.78478999999999,103.96469,405920.0
2024-05-02,104.38391,106.98302000000001,102.28784,106.89917999999999,456884.0
2024-05-03,107.73761,109.83367,104.80311999999999,108.99524000000001,739001.0
2024-05-06,108.9114,110.42057000000001,107.98913,109.74983,377378.0
2024-05-07,109.74983,110.67209,107.23455,108.07298,578010.0
2024-05-08,107.90529,110.67209,106.06075999999999,108.57603,371595.0
2024-05-09,108.82755999999999,111.92972999999999,108.3245,109.74983,395811.0
2024-05-10,109.74983,109.74983,107.15071,107.98913,275049.0
2024-05-13,107.90529,107.98913,104.80311999999999,105.72539,376757.0
2024-05-14,106.06075999999999,106.64765,105.05465,106.06075999999999,303726.0
2024-05-15,106.64765,113.43889999999999,106.47997,113.43889999999999,1127855.0
2024-05-16,117.46334,117.46334,112.34894,112.34894,549678.0
2024-05-17,114.27732,114.27732,112.09742,112.68431,499990.0
2024-05-20,114.44501,114.44501,109.58214,109.83367,818007.0
2024-05-21,109.83367,111.51052,107.48608,108.40835000000001,636393.0
2024-05-22,110.67209,110.67209,107.90529,108.24066,388207.0
2024-05-23,108.49219000000001,110.33672,107.31839,110.33672,415438.0
2024-05-24,109.83367,109.83367,104.80311999999999,106.06075999999999,422831.0
2024-05-27,106.56381,108.99524000000001,106.06075999999999,108.15682000000001,306323.0
2024-05-28,108.99524000000001,112.09742,108.9114,111.6782,694710.0
2024-05-29,112.68431,112.68431,109.33061000000001,109.41446,285231.0
2024-05-30,108.15682000000001,109.41446,107.31839,108.82755999999999,285715.0
2024-05-31,108.99524000000001,110.83978,107.98913,110.25288,208470.0
2024-06-03,111.00746000000001,114.10964,110.75594,112.34894,580130.0
2024-06-04,113.18737,113.35505,111.34283,112.01357,339191.0
2024-06-05,112.76816000000001,115.28343,111.51052,111.51052,583685.0
2024-06-06,111.51052,113.18737,110.16904,110.33672,246415.0
2024-06-07,110.58825,112.18126,110.0852,112.09742,237729.0
2024-06-10,112.09742,112.34894,110.25288,111.09131,447959.0
2024-06-11,111.09131,111.09131,109.33061000000001,111.09131,356226.0
2024-06-12,111.09131,111.92972999999999,109.83367,111.6782,258363.0
2024-06-13,112.34894,119.47556,112.18126,119.47556,2068402.0
2024-06-14,119.5594,127.77596000000001,119.5594,127.69211999999999,965742.0
2024-06-17,127.69211999999999,135.65716,127.69211999999999,130.37508,818451.0
2024-06-18,132.47114000000002,134.31568,130.71045,132.47114000000002,573336.0
2024-06-19,132.55499,135.82484,127.44059,132.89036,636500.0
2024-06-20,133.22573,135.57331,130.71045,132.89036,413690.0
2024-06-21,132.89036,135.82484,132.89036,134.31568,1001026.0
2024-06-24,134.31568,134.98642,124.92532000000001,126.60217,1308632.0
2024-06-25,126.60217,127.02138000000001,124.00305,126.09911,408792.0
2024-06-26,126.2668,127.02138000000001,121.57162,125.42837,532613.0
2024-06-27,124.75763,125.34452999999999,124.08689,124.25458,157841.0
2024-06-28,122.82925999999999,126.51833,117.37949,117.88255000000001,726721.0
2024-07-01,117.88255000000001,121.57162,115.19959,120.39782000000001,361695.0
2024-07-02,120.48167,122.82925999999999,119.89477000000001,120.48167,269851.0
2024-07-03,121.57162,121.57162,119.81093,121.06855999999999,162718.0
2024-07-04,121.06855999999999,122.82925999999999,120.31398,121.7393,329373.0
2024-07-05,122.41004,126.09911,121.82315,125.76374,398639.0
2024-07-08,125.76374,126.18296000000001,123.33230999999999,123.75152,443651.0
2024-07-09,123.75152,124.50611,121.57162,121.99083,332363.0
2024-07-10,121.57162,124.92532000000001,121.57162,123.5,257372.0
2024-07-11,124.25458,124.25458,122.57773,122.74541,142699.0
2024-07-12,122.82925999999999,125.17685,122.82925999999999,123.33230999999999,389111.0
2024-07-15,123.41614999999999,124.08689,121.57162,121.99083,171432.0
2024-07-16,121.99083,122.24236,117.79871,119.05633999999999,389230.0
2024-07-17,119.30787,119.81093,110.75594,116.03801,909623.0
2024-07-18,115.87033,115.95417,109.58214,112.68431,480487.0
2024-07-19,114.86422,114.86422,112.2651,113.35505,142375.0
2024-07-22,113.18737,113.18737,106.56381,107.40224,559898.0
2024-07-23,106.47997,108.82755999999999,102.204,102.28784,520031.0
2024-07-24,99.85641,109.41446,98.51492999999999,109.41446,857684.0
2024-07-25,109.33061000000001,109.33061000000001,105.64153999999999,108.15682000000001,313345.0
2024-07-26,107.31839,112.2651,105.97691,111.51052,456026.0
2024-07-29,111.51052,112.18126,109.74983,110.25288,184847.0
2024-07-30,110.25288,110.42057000000001,107.31839,109.41446,327235.0
2024-07-31,108.99524000000001,108.99524000000001,105.64153999999999,105.64153999999999,410178.0
2024-08-01,105.72539,106.64765,100.86252,103.54548,590437.0
2024-08-02,101.19789,104.38391,99.94025,103.96469,552917.0
2024-08-05,100.69484,103.12627,96.75424000000001,96.92192,593056.0
2024-08-06,97.00577,100.61099,94.32281,100.0241,606385.0
2024-08-07,100.0241,101.28173,98.93414,99.77257,295338.0
2024-08-08,100.10794,100.10794,97.42497999999999,98.8503,300140.0
2024-08-09,99.77257,104.38391,99.26951,103.04243,368915.0
2024-08-12,103.71317,103.96469,102.7909,103.12627,171066.0
2024-08-13,103.29395,105.13849,100.94636,101.44942,465475.0
2024-08-14,102.37169,103.04243,101.44942,101.44942,129644.0
2024-08-15,101.53326,101.70094999999999,100.19178,100.27561999999999,251657.0
2024-08-16,100.61099,107.23455,100.61099,107.23455,715206.0
2024-08-19,109.83367,109.83367,105.64153999999999,106.89917999999999,278202.0
2024-08-20,108.74372,108.74372,106.06075999999999,107.40224,389034.0
2024-08-21,107.40224,108.99524000000001,107.40224,107.73761,220980.0
2024-08-22,107.73761,108.49219000000001,106.31228,106.64765,355902.0
2024-08-23,106.7315,108.99524000000001,105.80923,107.82145,196322.0
2024-08-26,107.98913,109.41446,106.39613,106.39613,240933.0
2024-08-27,106.14460000000001,107.23455,105.22233,106.47997,163916.0
2024-08-28,106.47997,107.23455,105.72539,105.72539,171884.0
2024-08-29,105.80923,106.31228,105.30617,105.39002,110371.0
2024-08-30,105.5577,107.90529,105.5577,107.40224,287559.0
2024-09-04,105.89307000000001,106.7315,105.72539,106.64765,245829.0
2024-09-05,106.64765,106.7315,104.80311999999999,104.80311999999999,232590.0
2024-09-06,104.80311999999999,104.80311999999999,103.12627,104.38391,197032.0
2024-09-09,104.30006,105.05465,103.12627,104.30006,114550.0
2024-09-10,105.05465,105.05465,103.21011,103.21011,146141.0
2024-09-11,103.12627,104.38391,102.28784,103.12627,121733.0
2024-09-12,103.96469,104.55158999999999,103.29395,104.30006,191391.0
2024-09-13,104.13238,105.47386,103.96469,104.80311999999999,117931.0
2024-09-16,104.80311999999999,105.39002,103.96469,103.96469,167517.0
2024-09-17,103.29395,104.46775,102.87474,104.46775,159370.0
2024-09-18,104.88696,111.76205,104.88696,111.76205,1148316.0
2024-09-19,114.02579,114.02579,112.01357,112.76816000000001,419583.0
2024-09-20,113.10352999999999,113.60658000000001,110.42057000000001,111.25899000000001,487831.0
2024-09-23,111.59436,111.59436,108.24066,108.24066,449619.0
2024-09-24,108.82755999999999,113.60658000000001,108.82755999999999,111.92972999999999,512018.0
2024-09-25,111.92972999999999,113.10352999999999,111.00746000000001,111.09131,273494.0
2024-09-26,111.09131,111.84589,109.91751,110.0852,250474.0
2024-09-27,111.21352,111.21352,108.38824000000001,108.73069,506828.0
2024-09-30,108.47385,109.33,108.04578,108.21700999999999,142017.0
2024-10-01,108.81631,109.84369000000001,108.13139,108.13139,208638.0
2024-10-02,108.13139,108.90192,107.87455,108.55946,166662.0
2024-10-03,108.73069,109.75807,107.70332,108.04578,188518.0
2024-10-04,107.87455,111.64159,107.87455,109.58684,552501.0
2024-10-07,109.58684,110.87106,109.33,109.58684,128332.0
2024-10-08,109.58684,110.87106,109.33,109.75807,331774.0
2024-10-09,110.01492,115.57987,110.01492,113.95319,761139.0
2024-10-10,114.29565,114.5525,112.8402,114.03881,318389.0
2024-10-11,113.4395,117.29217,113.09705,116.09356,340987.0
2024-10-14,116.43602,116.43602,114.21003999999999,114.38127,217952.0
2024-10-15,114.38127,115.40864,112.58336,112.58336,220761.0
2024-10-16,112.58336,114.21003999999999,112.41213,114.03881,210739.0
2024-10-17,114.03881,116.00795,112.66897,113.69635000000001,250070.0
2024-10-18,113.78196000000001,115.57987,112.58336,113.01142999999999,327038.0
2024-10-21,113.01142999999999,113.26827,111.89844000000001,111.89844000000001,149852.0
2024-10-22,111.29914,111.89844000000001,108.73069,109.07315,524204.0
2024-10-23,108.98754,108.98754,107.36086,107.96016,443349.0
2024-10-24,108.04578,110.18614,108.04578,108.38824000000001,194808.0
2024-10-25,108.73069,109.15877,108.13139,108.38824000000001,276369.0
2024-10-28,109.15877,110.01492,108.73069,109.33,243758.0
2024-10-29,110.01492,112.92582,109.58684,110.69983,388632.0
2024-10-30,110.87106,111.04229,109.41561,109.50122999999999,153918.0
2024-10-31,109.33,110.01492,108.47385,108.55946,292160.0
2024-11-01,108.21700999999999,108.81631,106.33348,106.33348,547943.0
2024-11-04,106.59033000000001,107.18963000000001,104.27873,106.16225,534838.0
2024-11-05,106.16225,106.93279,105.81979,106.59033000000001,201030.0
2024-11-06,107.36086,108.55946,106.59033000000001,107.10400999999999,540305.0
2024-11-07,107.87455,112.58336,107.18963000000001,109.67246,1119576.0
2024-11-08,110.44299000000001,114.5525,109.24438,112.32651,1211687.0
2024-11-11,113.95319,115.40864,110.61422,110.78545,1387271.0
2024-11-12,110.78545,112.58336,108.73069,112.32651,1439076.0
2024-11-13,113.01142999999999,119.51814999999999,112.32651,118.31953999999999,2655839.0
2024-11-14,118.83323,119.00446000000001,113.4395,113.78196000000001,1265057.0
2024-11-15,111.47036999999999,113.78196000000001,108.04578,110.87106,1655117.0
2024-11-18,113.01142999999999,113.01142999999999,105.73418,107.0184,1546736.0
2024-11-19,107.78893,107.78893,100.25484,100.25484,2227561.0
2024-11-20,100.93975,104.44996,95.28917999999999,99.74114999999999,1321474.0
2024-11-21,100.16922,102.99450999999999,100.16922,102.39521,629182.0
2024-11-22,102.99450999999999,104.36434,101.62467,101.79589999999999,725058.0
2024-11-25,101.88152000000001,102.65205,101.28221,101.79589999999999,739236.0
2024-11-26,102.48082000000001,102.48082000000001,99.56992,99.82676,1596279.0
2024-11-27,100.16922,101.45344,99.82676,99.91238,866353.0
2024-11-28,100.34045,102.13836,100.34045,100.68291,746429.0
2024-11-29,101.45344,105.30611,100.68291,102.30959,2670966.0
2024-12-02,102.73766,104.44996,101.11098,101.71029,1276378.0
2024-12-03,101.79589999999999,107.44647,101.11098,107.0184,2718978.0
2024-12-04,107.53209,109.15877,105.73418,108.04578,1784355.0
2024-12-05,108.30261999999999,108.30261999999999,103.59380999999999,105.22049000000001,1695301.0
2024-12-06,106.84716999999999,106.84716999999999,105.39172,106.59033000000001,740035.0
2024-12-09,107.0184,107.0184,105.64856,106.24786999999999,645475.0
2024-12-10,106.4191,106.4191,104.62119,106.16225,921266.0
2024-12-11,105.30611,106.24786999999999,104.87803,105.47734,573368.0
2024-12-12,105.47734,106.16225,104.27873,104.62119,513403.0
2024-12-13,104.27873,104.96365,103.16574,103.16574,691629.0
2024-12-16,103.16574,103.93627000000001,101.96713000000001,103.33697000000001,625783.0
2024-12-17,103.33697000000001,104.96365,102.99450999999999,104.44996,304871.0
2024-12-18,104.44996,105.30611,103.76504,104.87803,276468.0
2024-12-19,103.59380999999999,105.99102,102.99450999999999,104.62119,648228.0
2024-12-20,104.79241999999999,106.16225,104.44996,104.87803,821188.0
2024-12-23,106.07664,106.07664,104.36434,104.87803,362852.0
2024-12-24,104.96365,107.0184,104.87803,107.0184,1276339.0
2024-12-25,107.70332,108.38824000000001,105.64856,107.78893,1009629.0
2024-12-26,107.87455,107.96016,106.24786999999999,107.0184,627705.0
2024-12-27,106.16225,106.50471,105.04925999999999,105.22049000000001,801592.0
2024-12-30,105.04925999999999,105.30611,104.27873,105.30611,464678.0
2024-12-31,105.30611,106.67594,105.30611,106.59033000000001,567732.0
2025-01-02,106.67594,108.30261999999999,105.47734,107.44647,805278.0
2025-01-03,107.53209,113.78196000000001,107.53209,110.87106,2782507.0
2025-01-06,111.29914,114.12442,110.61422,112.58336,1888189.0
2025-01-07,113.52512,113.52512,109.84369000000001,111.29914,1329696.0
2025-01-08,110.61422,111.21352,108.30261999999999,110.01492,1434753.0
2025-01-09,110.44299000000001,110.44299000000001,108.55946,108.81631,501035.0
2025-01-10,108.38824000000001,109.15877,106.59033000000001,106.59033000000001,770082.0
2025-01-13,105.39172,107.27524000000001,104.36434,107.27524000000001,824644.0
2025-01-14,107.87455,107.87455,105.73418,107.27524000000001,430184.0
2025-01-15,105.81979,108.38824000000001,105.81979,107.87455,355058.0
2025-01-16,108.90192,110.27176,107.87455,110.27176,1174344.0
2025-01-17,110.95667999999999,111.98405,110.27176,110.44299000000001,803868.0
2025-01-20,110.61422,112.58336,109.15877,110.35736999999999,583427.0
2025-01-21,110.95667999999999,112.41213,109.58684,109.9293,952226.0
2025-01-22,109.67246,116.69286,109.67246,114.5525,2800905.0
2025-01-23,113.86758,115.32303,113.86758,114.21003999999999,648969.0
2025-01-24,114.21003999999999,115.75110000000001,112.58336,112.66897,841587.0
2025-02-03,111.38475,111.38475,106.16225,107.0184,1647981.0
2025-02-04,107.0184,108.73069,106.16225,108.73069,788442.0
2025-02-05,108.73069,110.87106,108.73069,109.9293,512235.0
2025-02-06,110.78545,110.78545,108.38824000000001,109.58684,622850.0
2025-02-07,109.58684,109.58684,107.44647,107.87455,757322.0
2025-02-10,106.16225,106.16225,103.93627000000001,104.1075,1920827.0
2025-02-11,104.27873,106.16225,103.59380999999999,105.30611,891088.0
2025-02-12,105.73418,105.90541,104.53557,105.39172,446305.0
2025-02-13,104.62119,105.22049000000001,103.59380999999999,104.19311,695968.0
2025-02-14,103.93627000000001,104.96365,102.30959,102.30959,1158339.0
2025-02-17,102.48082000000001,102.48082000000001,99.74114999999999,99.82676,1353040.0
2025-02-18,100.16922,104.19311,99.82676,104.19311,480305.0
2025-02-19,103.76504,103.76504,102.13836,102.73766,500731.0
2025-02-20,102.82328,103.5082,101.71029,102.73766,608217.0
2025-02-21,102.73766,103.16574,101.79589999999999,103.16574,432672.0
2025-02-24,102.65205,102.73766,101.02537,101.11098,473461.0
2025-02-25,101.45344,101.88152000000001,100.16922,101.36783,526839.0
2025-02-26,101.36783,104.02188000000001,101.36783,102.65205,484974.0
2025-02-27,103.42258,103.42258,101.45344,103.08012,333549.0
2025-02-28,102.65205,103.42258,101.88152000000001,103.08012,501306.0
2025-03-03,103.08012,104.44996,102.48082000000001,103.08012,463947.0
2025-03-04,102.73766,103.16574,101.88152000000001,102.73766,356491.0
2025-03-05,102.99450999999999,103.16574,101.71029,101.88152000000001,529773.0
2025-03-06,101.96713000000001,102.90889,101.71029,102.56643,407708.0
2025-03-07,102.56643,103.76504,102.13836,102.99450999999999,482256.0
2025-03-10,103.16574,103.59380999999999,102.05275,102.90889,381984.0
2025-03-11,101.88152000000001,102.22398,101.45344,101.62467,496030.0
2025-03-12,102.22398,102.22398,100.16922,100.25484,695930.0
2025-03-13,102.30959,102.30959,98.45693,98.45693,809421.0
2025-03-14,98.54253999999999,98.97062,95.71726,95.9741,954182.0
2025-03-17,95.03233999999999,97.25832000000001,95.03233999999999,95.9741,498191.0
2025-03-18,95.9741,96.83025,94.17619,94.17619,571111.0
2025-03-19,95.11795,95.37480000000001,91.43652,91.60775,717595.0
2025-03-20,91.77897999999999,93.32003999999999,89.89546,90.75160000000001,457850.0
2025-03-21,90.83722,93.14882,90.32353,90.75160000000001,654720.0
2025-03-24,92.20705000000001,92.54951,91.17967999999999,92.4639,230946.0
2025-03-25,93.32003999999999,93.32003999999999,91.60775,92.12144,258821.0
2025-03-26,92.12144,92.12144,86.89894,86.89894,953156.0
2025-03-27,87.32701,89.12492,85.78595,88.61124000000001,623184.0
2025-03-28,89.03931,89.29615,87.32701,87.41263000000001,206259.0
2025-03-31,86.47086999999999,88.18316,82.78943,88.18316,941928.0
2025-04-01,87.32701,87.32701,84.3305,84.58734,597629.0
2025-04-02,83.90243,85.44349000000001,83.04628,84.41611,406666.0
2025-04-03,78.76553999999999,82.19013000000001,78.50869999999999,78.50869999999999,760058.0
2025-04-04,73.02936,73.02936,73.02936,73.02936,398065.0
2025-04-08,67.97809,68.49178,67.97809,67.97809,446160.0
2025-04-09,63.26928,65.92333,63.26928,63.26928,2007057.0
2025-04-10,67.63563,67.63563,67.63563,67.63563,115013.0
2025-04-11,72.34444,72.34444,70.28969000000001,72.34444,1579547.0
2025-04-14,75.85464,76.1971,73.62866,74.48481,806972.0
2025-04-15,74.31358,74.39919,71.48828999999999,71.74514,611163.0
2025-04-16,69.776,73.20058999999999,69.776,71.06022,473432.0
2025-04-17,70.63213999999999,71.83075,69.776,70.97460000000001,305094.0
2025-04-18,71.83075,74.39919,71.48828999999999,73.54303999999999,512466.0
2025-04-21,72.85813,73.37182000000001,70.54653,70.71776,549390.0
2025-04-22,70.20407,70.20407,65.83772,66.86510000000001,1390140.0
2025-04-23,66.95071,71.48828999999999,66.95071,71.48828999999999,1118028.0
2025-04-24,71.57391,76.1971,71.57391,73.11497,934426.0
2025-04-25,73.97112,73.97112,71.74514,71.83075,717859.0
2025-04-28,71.91636,74.31358,71.91636,72.17321000000001,622563.0
2025-04-29,72.25882,73.02936,71.91636,72.60128,398574.0
2025-05-05,73.62866,74.31358,71.91636,74.31358,561252.0
2025-05-06,74.31358,77.13886,74.31358,76.45394,1118460.0
2025-05-07,76.1971,76.1971,74.65603999999999,75.76903,468257.0
2025-05-08,75.76903,76.53956,74.99849,76.45394,604195.0
2025-05-09,76.71078999999999,80.73468,76.71078999999999,80.13538,1314058.0
2025-05-12,80.90591,80.90591,78.93677000000001,79.87853,437417.0
2025-05-13,81.4196,81.50521,79.62169,79.96414999999999,528130.0
2025-05-14,79.96414999999999,83.30311999999999,79.96414999999999,82.36136,1180857.0
2025-05-15,83.21750999999999,83.47435,81.24837,82.19013000000001,549576.0
2025-05-16,82.19013000000001,84.3305,81.4196,83.90243,930587.0
2025-05-19,83.64558,83.64558,80.99153,81.59083,593317.0
2025-05-20,81.59083,82.19013000000001,80.47784,80.73468,549744.0
2025-05-21,81.24837,82.78943,80.47784,80.90591,389434.0
2025-05-22,80.90591,81.33398,77.48132000000001,77.65255,1041562.0
2025-05-23,78.33747,78.76553999999999,77.05325,77.90939999999999,572455.0
2025-05-26,77.90939999999999,79.53607000000001,75.34094999999999,79.53607000000001,442892.0
2025-05-27,79.62169,81.07714,79.19362,80.99153,503233.0
2025-05-28,80.99153,81.24837,79.62169,79.87853,408515.0
2025-05-29,80.56345,81.16275,79.27923,79.96414999999999,311784.0
2025-05-30,80.04975999999999,80.56345,77.13886,77.13886,596905.0
2025-06-02,77.05325,77.65255,76.28272,77.31009,301348.0
2025-06-03,77.56694,79.02239,77.56694,78.85116000000001,424642.0
2025-06-04,78.85116000000001,79.27923,77.48132000000001,77.73817,378267.0
2025-06-05,77.99501,79.27923,77.73817,77.99501,457073.0
2025-06-06,78.33747,78.42308,77.05325,77.05325,320931.0
2025-06-09,77.05325,77.05325,75.85464,76.02587,338868.0
2025-06-10,75.76903,78.76553999999999,75.51217999999999,77.73817,526921.0
2025-06-11,77.73817,83.13189,77.13886,83.13189,2208932.0
2025-06-12,83.47435,83.47435,81.84767,82.19013000000001,510435.0
2025-06-13,80.73468,82.6182,79.19362,82.6182,1089198.0
2025-06-16,82.6182,86.47086999999999,80.90591,86.29964,1542562.0
2025-06-17,86.29964,86.47086999999999,84.41611,85.61472,574699.0
2025-06-18,85.44349000000001,85.61472,83.90243,85.44349000000001,854698.0
2025-06-19,85.44349000000001,86.29964,83.90243,85.18665,502072.0
2025-06-20,85.18665,85.18665,83.64558,84.3305,458439.0
2025-06-23,83.47435,85.70033000000001,82.44698,84.75857,698914.0
2025-06-24,85.61472,87.2414,84.41611,84.75857,637736.0
2025-06-25,84.84419,85.61472,84.41611,84.41611,417923.0
2025-06-26,85.01541999999999,85.01541999999999,83.47435,83.81681,337439.0
2025-06-27,83.81681,87.66947,83.81681,87.58386,1514093.0
2025-06-30,89.89546,89.89546,87.58386,88.01192999999999,570227.0
2025-07-01,87.8407,88.09755,86.21402,87.32701,462998.0
2025-07-02,87.58386,87.58386,85.35788000000001,86.12841,750276.0
2025-07-03,87.15578,87.15578,84.84419,86.04279,484513.0
2025-07-04,86.04279,88.18316,86.04279,87.07017,485438.0
2025-07-07,88.01192999999999,88.01192999999999,86.38525,87.15578,443857.0
2025-07-08,86.89894,88.61124000000001,86.21402,88.52561999999999,772811.0
2025-07-09,88.61124000000001,89.03931,87.49824000000001,88.18316,521958.0
2025-07-10,88.18316,89.89546,87.49824000000001,87.66947,565195.0
2025-07-11,87.58386,87.75509,86.81333000000001,86.98456,625155.0
2025-07-14,86.98456,87.75509,85.70033000000001,87.2414,606084.0
2025-07-15,88.09755,89.38177,86.89894,86.89894,882288.0
2025-07-16,87.75509,89.38177,86.89894,87.49824000000001,582668.0
2025-07-17,87.66947,88.18316,86.89894,87.15578,494827.0
2025-07-18,87.41263000000001,87.41263000000001,85.27225999999999,85.44349000000001,1349717.0
2025-07-21,85.44349000000001,86.21402,83.90243,83.90243,782642.0
2025-07-22,83.90243,85.52911,83.30311999999999,85.18665,458365.0
2025-07-23,85.61472,85.61472,84.41611,84.58734,747685.0
2025-07-24,84.84419,85.27225999999999,84.15927,84.24488000000001,480122.0
2025-07-25,84.3305,85.52911,84.3305,84.50173,783233.0
2025-07-28,84.84419,85.52911,84.15927,85.27225999999999,969950.0
2025-07-29,86.04279,86.04279,81.33398,81.33398,1060529.0
2025-07-30,81.84767,81.84767,79.62169,79.7073,836042.0
2025-07-31,79.87853,80.04975999999999,76.96763,77.31009,1452397.0
2025-08-01,77.48132000000001,79.108,76.79639999999999,77.05325,1190054.0
2025-08-04,77.90939999999999,79.96414999999999,77.65255,79.02239,482732.0
2025-08-05,79.45046,79.53607000000001,77.48132000000001,77.82378,731723.0
2025-08-06,77.90939999999999,79.27923,77.90939999999999,78.93677000000001,600822.0
2025-08-07,79.53607000000001,81.4196,79.36485,79.36485,962749.0
2025-08-08,79.45046,82.70382000000001,79.36485,80.47784,1710060.0
2025-08-11,81.33398,81.76205999999999,80.56345,80.90591,565104.0
2025-08-12,81.67644,81.67644,80.47784,81.16275,733550.0
2025-08-13,81.24837,81.59083,79.7073,80.90591,705581.0
2025-08-14,81.24837,81.24837,79.87853,80.04975999999999,581951.0
2025-08-15,80.13538,80.8203,78.85116000000001,78.85116000000001,699100.0
2025-08-18,78.67993,79.27923,77.90939999999999,78.50869999999999,605382.0
2025-08-19,78.76553999999999,79.62169,78.50869999999999,78.93677000000001,442630.0
2025-08-20,78.33747,78.67993,75.34094999999999,76.96763,971981.0
2025-08-21,76.88202,76.96763,75.34094999999999,76.71078999999999,681226.0
2025-08-22,76.71078999999999,76.79639999999999,73.20058999999999,73.79989,906356.0
2025-08-25,73.8855,74.74164999999999,71.65952,71.74514,643692.0
2025-08-26,71.06022,73.97112,71.06022,73.97112,424848.0
2025-08-27,73.79989,76.28272,73.79989,75.5978,455252.0
2025-08-28,75.68341000000001,76.45394,75.16972,75.51217999999999,175668.0
2025-08-29,76.88202,76.88202,74.91288,76.36833,382507.0
2025-09-03,76.36833,76.62517,75.42657000000001,76.28272,239519.0
2025-09-04,76.36833,78.93677000000001,76.36833,78.59431,673881.0
2025-09-05,79.02239,79.27923,77.73817,77.73817,421118.0
2025-09-08,77.73817,77.73817,74.91288,74.91288,481976.0
2025-09-09,74.91288,75.68341000000001,74.48481,75.25533999999999,197881.0
2025-09-10,75.42657000000001,75.76903,74.48481,75.16972,149253.0
2025-09-11,75.34094999999999,75.34094999999999,73.62866,74.82727,277731.0
2025-09-12,75.76903,76.88202,75.76903,76.28272,430791.0
2025-09-15,77.48132000000001,79.45046,77.48132000000001,79.19362,785349.0
2025-09-16,79.62169,79.62169,77.82378,77.99501,500567.0
2025-09-17,77.99501,79.02239,77.99501,78.42308,441739.0
2025-09-18,78.93677000000001,78.93677000000001,77.39571000000001,77.90939999999999,260401.0
2025-09-19,78.16624,78.67993,77.31009,77.31009,289771.0
2025-09-22,78.16624,78.16624,76.1971,76.45394,267850.0
2025-09-23,76.53956,77.05325,76.1971,76.45394,220680.0
2025-09-24,76.53956,76.62517,75.76903,76.53956,201223.0
2025-09-25,76.71078999999999,77.73817,76.53956,77.48132000000001,209287.0
2025-09-26,77.73817,77.82378,76.79639999999999,77.05325,250294.0
2025-09-29,77.56694,77.56694,76.28272,76.62517,223990.0
2025-09-30,77.1936,77.1936,74.47428,75.17604,397460.0
2025-10-01,74.73744,75.35148,74.12339999999999,74.21112,224356.0
2025-10-02,74.21112,74.64972,73.59708,73.59708,175511.0
2025-10-03,73.07075999999999,73.33391999999999,72.01812,72.28128,275553.0
2025-10-06,72.369,73.77252,72.369,72.63216,349425.0
2025-10-07,72.80760000000001,73.59708,72.80760000000001,72.89532000000001,135015.0
2025-10-08,73.68480000000001,73.77252,73.07075999999999,73.33391999999999,109071.0
2025-10-09,73.59708,73.59708,72.45672,72.71988,235083.0
2025-10-10,72.71988,73.68480000000001,72.369,73.68480000000001,250951.0
2025-10-13,72.63216,73.50936,72.45672,73.33391999999999,188723.0
2025-10-14,72.98303999999999,74.12339999999999,72.10584,72.28128,343671.0
2025-10-15,72.369,72.369,70.87776,71.0532,414600.0
2025-10-16,70.61460000000001,71.93039999999999,70.61460000000001,71.40408000000001,209268.0
2025-10-17,71.40408000000001,71.40408000000001,69.82512,70.176,318098.0
2025-10-20,70.43916,75.08832000000001,69.82512,72.89532000000001,1409842.0
2025-10-21,74.562,77.80764,74.47428,76.22868,744623.0
2025-10-22,77.1936,77.1936,73.68480000000001,75.35148,511608.0
2025-10-23,75.35148,75.52692,73.77252,74.562,404222.0
2025-10-24,73.68480000000001,79.73747999999999,73.68480000000001,79.73747999999999,2013684.0
2025-10-27,80.87783999999999,82.4568,79.8252,79.8252,1118552.0
2025-10-28,79.64976,81.5796,77.1936,79.3866,789009.0
2025-10-29,79.8252,81.5796,78.5094,80.52696,906351.0
2025-10-30,80.61467999999999,84.21119999999999,80.52696,82.4568,1678163.0
2025-10-31,83.50944,83.77260000000001,80.7024,80.7024,852342.0
2025-11-03,81.40416,82.54452,78.77256,78.77256,1035613.0
2025-11-04,78.5094,79.3866,74.82516,79.21116,1340978.0
2025-11-05,79.3866,81.49188000000001,78.24624,79.3866,520400.0
2025-11-06,79.64976,80.17608,77.45675999999999,78.33396,659068.0
2025-11-07,78.42168,80.87783999999999,78.0708,78.33396,890810.0
2025-11-10,79.21116,79.3866,76.31639999999999,76.31639999999999,462466.0
2025-11-11,76.31639999999999,79.03572,76.31639999999999,78.948,638982.0
2025-11-12,78.948,80.17608,78.42168,80.17608,558885.0
2025-11-13,80.2638,81.93048,79.47432,81.49188000000001,856479.0
2025-11-14,81.141,82.10592,80.7024,81.22872,699617.0
2025-11-17,81.31644,81.31644,79.8252,80.00064,439464.0
2025-11-18,79.56204,82.19364,79.56204,81.5796,691951.0
2025-11-19,82.19364,82.19364,79.12344,81.141,628838.0
2025-11-20,81.141,81.141,79.12344,80.2638,396344.0
2025-11-21,79.47432,79.47432,77.6322,79.21116,641164.0
2025-11-24,78.86028,79.03572,77.71992,77.71992,348570.0
2025-11-25,77.71992,77.71992,75.4392,75.61464,761641.0
2025-11-26,75.52692,77.1936,75.52692,77.1936,345778.0
2025-11-27,77.1936,77.54448,75.70236,77.01816000000001,284133.0
2025-11-28,77.1936,77.1936,75.79008,75.79008,243345.0
2025-12-01,75.87780000000001,76.755,75.0006,76.755,275280.0
2025-12-02,75.61464,76.31639999999999,75.4392,76.31639999999999,139228.0
2025-12-03,76.14096,77.01816000000001,75.96552,76.84272,261043.0
2025-12-04,77.1936,77.1936,76.40411999999999,77.1936,349796.0
2025-12-05,77.1936,77.1936,75.87780000000001,75.87780000000001,296025.0
2025-12-08,75.87780000000001,75.87780000000001,75.0006,75.0006,433313.0
2025-12-09,75.08832000000001,75.08832000000001,73.07075999999999,74.47428,548919.0
2025-12-10,74.47428,74.47428,73.2462,73.68480000000001,174178.0
2025-12-11,73.68480000000001,75.0006,73.15848,74.03568,272778.0
2025-12-12,74.03568,74.64972,72.63216,72.63216,408746.0
2025-12-15,72.63216,73.2462,71.75496000000001,72.80760000000001,258886.0
2025-12-16,73.15848,73.50936,71.93039999999999,73.50936,255687.0
2025-12-17,73.68480000000001,75.79008,73.50936,74.38656,317684.0
2025-12-18,74.21112,74.21112,73.50936,73.50936,127433.0
2025-12-19,73.15848,73.50936,73.07075999999999,73.42164,154227.0
2025-12-22,73.33391999999999,74.38656,73.2462,74.21112,140069.0
2025-12-23,74.73744,74.73744,73.2462,73.68480000000001,249490.0
2025-12-24,74.12339999999999,74.12339999999999,72.80760000000001,73.2462,189239.0
2025-12-25,73.2462,73.68480000000001,72.80760000000001,73.68480000000001,224159.0
2025-12-26,73.50936,73.68480000000001,72.71988,73.68480000000001,310388.0
2025-12-29,73.68480000000001,74.73744,73.68480000000001,74.29884,194688.0
2025-12-30,73.68480000000001,75.4392,73.68480000000001,74.82516,305632.0
2025-12-31,75.0006,75.0006,74.38656,74.82516,298125.0
2026-01-05,74.82516,74.82516,73.07075999999999,73.07075999999999,252734.0
2026-01-06,73.2462,74.64972,73.07075999999999,74.562,282917.0
2026-01-07,74.562,78.86028,74.562,78.15852000000001,982569.0
2026-01-08,78.5094,80.7024,78.5094,78.68484,1110085.0
2026-01-09,79.21116,84.12348,79.21116,84.12348,1888360.0
2026-01-12,90.00072,90.00072,90.00072,90.00072,673725.0
2026-01-13,95.96567999999999,95.96567999999999,86.22876,88.5972,3098182.0
2026-01-14,92.106,94.7376,89.82527999999999,94.7376,3377849.0
2026-01-15,96.0534,99.12360000000001,91.2288,93.8604,1667183.0
2026-01-16,92.106,96.93060000000001,90.00072,90.00072,1934199.0
2026-01-19,90.00072,91.40424,88.24632000000001,90.17616000000001,1332696.0
2026-01-20,90.87792,94.64988000000001,90.43932000000001,90.87792,1366842.0
2026-01-21,89.47439999999999,90.3516,86.75508,88.94808,1454763.0
2026-01-22,90.96564,91.31652,86.8428,86.8428,1173643.0
2026-01-23,86.75508,86.8428,84.21119999999999,84.21119999999999,1230383.0
2026-01-26,84.38664,85.96560000000001,82.80767999999999,83.24628,974854.0
2026-01-27,83.334,85.96560000000001,81.66732,85.0884,684944.0
2026-01-28,86.8428,87.63228,84.29892,84.82524000000001,930662.0
2026-01-29,84.82524000000001,85.70244,84.21119999999999,84.21119999999999,565655.0
2026-01-30,84.29892,86.57964,84.29892,84.82524000000001,615859.0
2026-02-02,85.0884,87.80772,85.00067999999999,86.8428,837223.0
2026-02-03,87.10596000000001,89.913,87.10596000000001,88.42175999999999,1010916.0
2026-02-04,88.50948,89.21124,86.75508,86.8428,791769.0
2026-02-05,86.14103999999999,86.49192,83.15856,83.15856,1364544.0
2026-02-06,81.22872,83.94803999999999,80.96556,82.4568,874329.0
2026-02-09,82.80767999999999,86.4042,82.80767999999999,82.8954,287575.0
2026-02-10,82.54452,83.334,80.43924000000001,81.40416,587580.0
2026-02-11,81.40416,82.36908,80.96556,81.5796,338639.0
2026-02-12,81.75504,82.4568,81.5796,81.5796,185573.0
2026-02-13,81.5796,82.28136,81.40416,81.49188000000001,246349.0
2026-02-23,83.07083999999999,86.4042,82.98312,85.26384,735932.0
2026-02-24,85.26384,85.527,83.50944,84.03576,393164.0
2026-02-25,84.03576,85.96560000000001,83.15856,84.56208000000001,693221.0
2026-02-26,85.527,85.61472,83.50944,83.94803999999999,387184.0
2026-02-27,83.94803999999999,84.56208000000001,83.24628,83.59716,413875.0
2026-03-02,80.7024,81.5796,80.35152000000001,80.35152000000001,1033857.0
2026-03-03,79.91292,79.91292,76.755,77.28132000000001,1339839.0
2026-03-04,76.31639999999999,77.89536,73.68480000000001,76.14096,1046850.0
2026-03-05,76.84272,78.0708,76.22868,76.31639999999999,468044.0
2026-03-06,76.57956,76.57956,74.12339999999999,74.12339999999999,447409.0
2026-03-09,69.03564,69.91284,68.94792,68.94792,877389.0
2026-03-10,69.82512,70.26372,68.33388000000001,69.82512,1051639.0
2026-03-11,70.26372,73.50936,70.00056,72.71988,576586.0
2026-03-12,72.63216,72.63216,70.87776,71.0532,339917.0
2026-03-13,70.70232,71.93039999999999,70.35144,71.4918,403333.0
2026-03-16,72.80760000000001,72.80760000000001,71.4918,71.57952,231330.0
2026-03-17,72.19355999999999,72.98303999999999,71.93039999999999,72.54444000000001,344028.0
2026-03-18,72.54444000000001,72.98303999999999,71.75496000000001,72.369,316752.0
2026-03-19,71.4918,71.93039999999999,70.52688,71.93039999999999,322935.0
2026-03-20,71.4918,72.45672,70.176,70.176,335388.0
2026-03-23,70.00056,70.00056,66.2286,69.21108,588173.0
2026-03-24,71.66724,71.66724,70.35144,71.22864,234425.0
2026-03-25,71.22864,72.98303999999999,71.22864,72.63216,341574.0
2026-03-26,73.15848,76.31639999999999,72.19355999999999,74.562,1126290.0
2026-03-27,75.4392,76.31639999999999,74.03568,75.08832000000001,391636.0
2026-03-30,74.562,75.4392,72.98303999999999,75.4392,553410.0
2026-03-31,75.4392,75.61464,74.12339999999999,75.61464,409682.0
2026-04-01,75.79008,77.28132000000001,75.26375999999999,76.05324,524931.0
2026-04-02,75.0006,75.87780000000001,74.21112,74.47428,211052.0
2026-04-03,74.21112,74.73744,72.71988,74.47428,413011.0
2026-04-06,73.94796000000001,74.562,72.98303999999999,72.98303999999999,119168.0
2026-04-07,72.63216,75.4392,72.63216,73.68480000000001,127810.0
2026-04-08,75.0006,76.755,74.29884,76.57956,425647.0
2026-04-09,76.14096,76.14096,74.562,75.17604,180415.0
2026-04-10,75.79008,75.79008,75.0006,75.08832000000001,191311.0
2026-04-13,75.08832000000001,75.08832000000001,74.47428,74.73744,142857.0
2026-04-14,75.4392,76.31639999999999,75.0006,76.31639999999999,278861.0
2026-04-15,76.31639999999999,76.755,75.35148,76.31639999999999,309640.0
2026-04-16,75.4392,76.14096,74.73744,76.14096,305531.0
2026-04-17,75.61464,77.10588,75.61464,76.49184,405781.0
2026-04-20,76.49184,76.49184,75.79008,76.40411999999999,201451.0
2026-04-21,76.31639999999999,77.1936,75.52692,75.52692,387084.0
2026-04-22,75.61464,75.79008,74.47428,74.562,179610.0
2026-04-23,74.562,75.61464,73.2462,75.4392,312187.0
2026-04-24,76.49184,78.15852000000001,74.91288,76.49184,922108.0
2026-04-28,76.49184,76.57956,75.61464,76.57956,176513.0
2026-04-29,76.49184,76.49184,74.562,75.35148,294932.0
2026-05-04,74.91288,75.79008,74.562,74.64972,180535.0
2026-05-05,75.17604,75.17604,73.2462,73.68480000000001,240078.0
2026-05-06,74.29884,74.29884,73.33391999999999,73.68480000000001,199026.0
2026-05-07,73.86024,74.73744,73.68480000000001,74.562,201175.0
2026-05-08,74.29884,74.29884,71.57952,73.15848,193852.0
2026-05-11,72.45672,73.15848,72.19355999999999,72.19355999999999,257626.0
2026-05-12,72.19355999999999,72.63216,71.93039999999999,72.369,164297.0
2026-05-13,72.45672,75.70236,72.10584,75.35148,403040.0
2026-05-14,75.35148,75.87780000000001,74.91288,75.08832000000001,291433.0
2026-05-15,75.08832000000001,75.08832000000001,73.50936,74.47428,176688.0
2026-05-18,73.68480000000001,76.84272,73.50936,76.57956,719471.0
2026-05-19,77.36904,81.93048,77.36904,81.93048,1931773.0
2026-05-20,80.35152000000001,83.334,76.31639999999999,83.334,1150485.0
2026-05-21,83.59716,83.68488,78.948,83.24628,905591.0
2026-05-22,81.5796,82.4568,79.47432,81.5796,639461.0
2026-05-25,81.31644,81.40416,78.59711999999999,80.7024,677972.0
2026-05-26,80.2638,80.2638,78.77256,79.3866,416706.0
2026-05-27,79.56204,81.141,78.59711999999999,78.948,687876.0
2026-05-28,78.948,79.3866,77.1936,78.948,490482.0
2026-05-29,78.24624,78.33396,76.66728,77.6322,565096.0
2026-06-01,77.1936,77.89536,75.96552,77.1936,375535.0
2026-06-02,77.01816000000001,78.86028,76.31639999999999,78.42168,548003.0
2026-06-03,77.71992,78.948,77.28132000000001,78.948,308156.0
2026-06-04,79.03572,81.05328,78.33396,80.2638,485043.0
2026-06-05,79.8252,80.2638,78.59711999999999,80.2638,276638.0
2026-06-08,78.86028,78.948,76.49184,76.84272,436332.0
2026-06-09,77.1936,77.1936,75.0006,77.01816000000001,263882.0
2026-06-10,76.66728,77.54448,75.79008,77.54448,144615.0
2026-06-11,76.755,77.6322,76.14096,77.6322,208961.0
2026-06-12,77.6322,77.80764,76.57956,77.01816000000001,159976.0
2026-06-15,77.54448,78.0708,75.4392,76.22868,527642.0
2026-06-16,76.22868,76.31639999999999,75.17604,75.17604,436199.0
2026-06-17,75.35148,76.57956,75.35148,76.14096,222056.0
2026-06-18,75.96552,76.755,74.562,74.562,543085.0
2026-06-19,75.17604,75.17604,73.68480000000001,73.68480000000001,782055.0
2026-06-22,73.68480000000001,75.96552,73.68480000000001,74.91288,289337.0
2026-06-23,75.08832000000001,75.79008,73.68480000000001,73.68480000000001,324472.0
2026-06-24,74.38656,74.38656,72.80760000000001,73.50936,226643.0
2026-06-25,73.50936,74.12339999999999,72.89532000000001,72.89532000000001,197538.0
2026-06-26,72.89532000000001,74.12339999999999,71.93039999999999,74.12339999999999,242685.0
2026-06-29,74.12339999999999,74.12339999999999,73.50936,74.03568,91255.0
2026-06-30,74.03568,74.38656,73.86024,74.38656,125448.0
2026-07-01,74.38656,75.61464,74.38656,75.35148,187144.0
2026-07-02,75.4392,75.87780000000001,75.26375999999999,75.26375999999999,135992.0
2026-07-03,75.26375999999999,75.26375999999999,74.562,75.26375999999999,196872.0
2026-07-06,75.4392,75.52692,72.45672,73.59708,323201.0
2026-07-07,74.47428,74.47428,73.68480000000001,73.77252,144520.0
2026-07-08,73.77252,75.61464,73.68480000000001,75.0006,384253.0
2026-07-09,74.6,75.0,74.0,75.0,209158.0
2026-07-10,74.9,74.9,73.5,74.0,110843.0
2026-07-13,74.0,74.0,72.0,73.8,328140.0
2026-07-14,72.2,73.0,72.1,72.5,188259.0
2026-07-15,72.5,72.5,70.0,70.0,158907.0
2026-07-16,68.3,70.0,67.2,70.0,394008.0
2026-07-17,70.0,70.0,69.0,69.5,112343.0
2026-07-20,69.3,71.0,67.0,68.6,465340.0
2026-07-21,67.1,69.0,67.1,68.6,152665.0
2026-07-22,68.7,69.0,66.3,66.4,283600.0
2026-07-23,65.5,70.0,65.5,70.0,382700.0
2026-07-24,69.9,69.9,68.0,69.9,167800.0
2026-07-27,68.6,69.8,68.0,68.0,89800.0
2026-07-28,66.7,69.0,66.0,69.0,296700.0
2026-07-29,68.8,69.0,67.2,69.0,404200.0
2026-07-30,68.7,71.0,68.0,71.0,251800.0
2026-07-31,71.2,72.9,70.2,71.9,246600.0
2026-08-03,71.9,74.5,71.6,74.3,455100.0
2026-08-04,74.0,74.6,73.0,74.3,244400.0
2026-08-05,74.4,75.9,73.2,75.0,700000.0
2026-08-06,74.9,76.0,73.9,75.8,464500.0
2026-08-07,76.0,77.5,75.4,77.0,474400.0
2026-08-10,77.2,77.5,75.9,77.1,282200.0
2026-08-11,77.1,77.3,75.5,75.5,255800.0
2026-08-12,75.5,76.5,75.0,76.5,140900.0
2026-08-13,76.3,77.0,75.1,76.8,386500.0
2026-08-14,75.6,76.0,74.5,76.0,274700.0
2026-08-17,75.9,77.2,75.1,76.8,331700.0
2026-08-18,76.8,78.9,76.7,77.1,623100.0
2026-08-19,77.1,77.1,75.9,76.5,130200.0
2026-08-20,76.5,77.2,76.2,76.8,188100.0
2026-08-21,76.1,77.5,76.0,77.0,319200.0
2026-08-24,77.9,77.9,76.1,76.4,252000.0
2026-08-25,76.4,76.6,75.3,75.5,289000.0
2026-08-26,75.5,76.4,75.5,76.0,174100.0
2026-08-27,76.2,77.0,75.4,77.0,299800.0
2026-08-28,76.5,77.3,76.3,77.0,337300.0
2026-09-03,76.6,76.6,75.5,75.5,154800.0
2026-09-04,75.5,75.9,75.2,75.6,150000.0
2026-09-07,75.6,75.9,74.0,74.0,263200.0
2026-09-08,74.0,74.5,72.8,74.2,309400.0
2026-09-09,73.6,74.2,73.3,74.2,118000.0
2026-09-10,74.0,74.2,73.3,73.6,85300.0
2026-09-11,73.6,74.0,72.6,74.0,188100.0
2026-09-14,72.6,74.0,72.0,72.5,167500.0
2026-09-15,72.1,73.1,72.1,73.0,131200.0
2026-09-16,73.0,73.3,72.5,72.7,152700.0
2026-09-17,72.2,73.2,72.2,73.1,160300.0
2026-09-18,73.2,73.6,73.0,73.0,118400.0
2026-09-21,73.0,73.0,71.6,72.2,172300.0
2026-09-22,72.2,72.5,71.8,71.8,68400.0
2026-09-23,71.8,72.7,71.3,72.5,204000.0
2026-09-24,72.4,75.5,72.3,74.1,541100.0
2026-09-25,74.1,74.1,72.2,72.7,214000.0
2026-09-28,73.3,73.3,70.0,71.5,284900.0
2026-09-29,71.0,71.6,70.1,71.6,334200.0
2026-09-30,71.5,72.0,70.2,71.6,254100.0
2026-10-01,71.6,72.6,70.5,71.5,269900.0
2026-10-02,71.5,71.5,70.2,71.2,167000.0
