,open,high,low,close,volume
2020-05-08,7.48121,7.8686300000000005,7.46785,7.50793,5053760.0
2020-05-11,7.70831,8.02894,7.58808,8.02894,3798540.0
2020-05-12,8.24269,8.59003,8.17589,8.38964,2853920.0
2020-05-13,8.38964,8.897290000000002,8.22933,8.57667,2884740.0
2020-05-14,8.45644,8.81714,8.416360000000001,8.48315,2957120.0
2020-05-15,8.54995,8.57667,8.01558,8.02894,3834940.0
2020-05-18,8.09573,8.59003,8.02894,8.59003,2423380.0
2020-05-19,9.03089,9.08432,8.68354,8.7637,2437320.0
2020-05-20,8.61675,8.843860000000001,8.61675,8.63011,2076020.0
2020-05-21,8.71026,9.23127,8.60339,9.1912,6705990.0
2020-05-22,9.1912,9.41831,9.16448,9.29807,2918830.0
2020-05-25,9.52518,9.93932,9.431659999999999,9.93932,2556530.0
2020-05-26,10.353459999999998,10.38017,10.046190000000001,10.12635,3328780.0
2020-05-27,10.2065,10.28666,9.75229,9.75229,4339020.0
2020-05-28,10.01947,10.43361,9.77901,10.43361,4421370.0
2020-05-29,10.68744,11.14165,10.634,11.034780000000001,2988050.0
2020-06-01,11.22181,11.79626,11.19509,11.79626,3623330.0
2020-06-02,12.2104,12.47758,11.22181,11.996649999999999,6386640.0
2020-06-03,12.023370000000002,12.82493,11.96993,12.82493,3450550.0
2020-06-04,13.3593,13.70664,13.011959999999998,13.70664,3661140.0
2020-06-05,13.733360000000001,14.64179,13.305860000000001,14.428040000000001,3877350.0
2020-06-08,14.695229999999999,15.363190000000001,14.695229999999999,15.122729999999999,4259260.0
2020-06-09,15.2296,15.25632,14.40132,14.74866,4131850.0
2020-06-10,14.05398,14.40132,13.733360000000001,13.733360000000001,2812120.0
2020-06-11,12.78485,12.78485,12.78485,12.78485,495360.0
2020-06-12,11.903129999999999,11.903129999999999,11.903129999999999,11.903129999999999,116200.0
2020-06-15,11.24853,12.73141,11.24853,11.3554,10871260.0
2020-06-16,11.91649,12.143600000000001,11.62259,12.143600000000001,2703740.0
2020-06-17,12.85164,12.90508,12.29055,12.29055,2423950.0
2020-06-18,12.05009,12.79821,11.91649,12.42415,3627990.0
2020-06-19,12.557739999999999,13.2925,12.504299999999999,13.2925,2839410.0
2020-06-22,14.21429,14.21429,13.6532,14.21429,3229580.0
2020-06-23,13.89367,14.21429,13.22571,13.22571,4767660.0
2020-06-24,13.599770000000001,13.599770000000001,12.30391,12.69133,3705330.0
2020-06-25,12.42415,13.49289,12.39743,13.09211,1837600.0
2020-06-26,13.49289,13.733360000000001,12.69133,13.07875,1479340.0
2020-06-29,12.71805,12.91844,12.17032,12.557739999999999,2139430.0
2020-06-30,12.79821,12.90508,11.68939,11.863059999999999,3886540.0
2020-07-01,11.863059999999999,12.370709999999999,11.489,12.2104,2419510.0
2020-07-02,13.05203,13.05203,12.624540000000001,12.79821,3346410.0
2020-07-03,12.79821,12.82493,12.2104,12.23712,2341010.0
2020-07-06,12.29055,12.557739999999999,12.063450000000001,12.29055,1506630.0
2020-07-07,12.39743,12.51766,11.62259,11.863059999999999,3210830.0
2020-07-08,11.75618,12.023370000000002,11.3554,11.88978,2813130.0
2020-07-09,12.01001,12.464229999999999,11.67603,12.34399,1848500.0
2020-07-10,12.42415,12.66461,12.25048,12.39743,2053270.0
2020-07-13,12.45087,12.59782,12.10352,12.29055,1295160.0
2020-07-14,12.15696,12.34399,12.07681,12.18368,998670.0
2020-07-15,12.370709999999999,12.370709999999999,12.17032,12.17032,1451530.0
2020-07-16,12.23712,13.011959999999998,12.15696,13.011959999999998,4224910.0
2020-07-17,13.22571,13.76008,13.22571,13.3593,3029760.0
2020-07-20,13.38602,13.76008,13.14555,13.3593,2836650.0
2020-07-21,13.43945,13.54633,13.18563,13.305860000000001,2683730.0
2020-07-22,13.41274,14.02726,13.2925,13.76008,3909780.0
2020-07-23,13.626479999999999,14.134139999999999,13.626479999999999,14.05398,2689040.0
2020-07-24,13.89367,14.0807,13.07875,13.172270000000001,6371270.0
2020-07-27,12.58446,13.09211,12.25048,12.25048,5031720.0
2020-07-28,12.504299999999999,13.09211,12.29055,13.011959999999998,3220110.0
2020-07-29,12.557739999999999,12.71805,12.10352,12.23712,6026380.0
2020-07-30,12.370709999999999,12.6379,12.26384,12.26384,1965450.0
2020-07-31,11.96993,12.45087,11.7829,12.07681,1645950.0
2020-08-03,12.13024,12.79821,12.13024,12.74477,3571870.0
2020-08-04,12.87836,13.025319999999999,12.5711,12.58446,2366600.0
2020-08-05,12.58446,12.95852,12.47758,12.77149,2469760.0
2020-08-06,12.74477,12.89172,12.611180000000001,12.69133,1777920.0
2020-08-07,12.71805,13.19899,12.69133,13.09211,4652070.0
2020-08-10,13.265780000000001,13.51961,13.118829999999999,13.118829999999999,2749870.0
2020-08-11,13.22571,13.305860000000001,12.98524,13.065389999999999,2868340.0
2020-08-12,13.065389999999999,13.07875,12.58446,12.74477,4521940.0
2020-08-13,12.74477,12.90508,12.6379,12.74477,1879240.0
2020-08-14,12.74477,12.90508,12.66461,12.73141,2386740.0
2020-08-17,12.53102,12.611180000000001,12.197040000000001,12.53102,4277660.0
2020-08-18,12.370709999999999,12.65126,12.370709999999999,12.47758,851310.0
2020-08-19,12.47758,12.6379,12.39743,12.58446,1299160.0
2020-08-20,12.557739999999999,12.58446,12.38407,12.42415,1498820.0
2020-08-21,12.504299999999999,12.971879999999999,12.45087,12.865,3111400.0
2020-08-24,13.03867,13.172270000000001,12.95852,12.971879999999999,2178170.0
2020-08-25,12.98524,13.011959999999998,12.74477,12.74477,2376360.0
2020-08-26,12.59782,12.66461,12.42415,12.464229999999999,3255610.0
2020-08-27,12.42415,12.611180000000001,12.30391,12.557739999999999,1507840.0
2020-08-28,12.611180000000001,12.65126,12.42415,12.42415,1386670.0
2020-08-31,12.39743,12.49094,12.023370000000002,12.10352,3253410.0
2020-09-01,12.18368,12.464229999999999,12.15696,12.26384,1420560.0
2020-09-03,13.118829999999999,13.118829999999999,12.83829,12.931799999999999,4908120.0
2020-09-04,12.77149,12.94516,12.71805,12.865,1766160.0
2020-09-07,12.85164,12.865,12.5711,12.5711,2254630.0
2020-09-08,12.611180000000001,12.71805,12.49094,12.69133,1381570.0
2020-09-09,12.557739999999999,12.95852,12.53102,12.82493,2135590.0
2020-09-10,12.931799999999999,12.98524,12.78485,12.78485,1427880.0
2020-09-11,12.78485,13.34594,12.78485,13.33258,5973430.0
2020-09-14,13.573049999999999,13.626479999999999,13.265780000000001,13.265780000000001,3256630.0
2020-09-15,13.305860000000001,13.31922,12.98524,13.05203,2972440.0
2020-09-16,13.12086,13.20356,12.95547,13.0106,2526220.0
2020-09-17,12.90034,12.95547,12.693610000000001,12.79008,2929020.0
2020-09-18,12.74874,13.0106,12.74874,12.92791,972770.0
2020-09-21,13.038170000000001,13.038170000000001,12.76252,12.776299999999999,1927880.0
2020-09-22,12.67982,12.776299999999999,12.66604,12.72117,2406930.0
2020-09-23,12.76252,12.88656,12.67982,12.776299999999999,1691910.0
2020-09-24,12.776299999999999,13.16221,12.70739,12.92791,3080330.0
2020-09-25,12.95547,13.0933,12.81765,12.88656,1128550.0
2020-09-28,12.95547,12.99682,12.87278,12.92791,1150360.0
2020-09-29,12.92791,13.21734,12.87278,12.95547,3111380.0
2020-09-30,12.96926,13.148430000000001,12.92791,13.07951,1586160.0
2020-10-01,13.17599,13.74107,13.07951,13.42408,5979140.0
2020-10-02,13.506770000000001,13.5619,12.90034,13.17599,3239640.0
2020-10-05,13.23112,13.35516,13.189770000000001,13.2449,1685050.0
2020-10-06,13.23112,13.2449,13.0106,13.038170000000001,2936080.0
2020-10-07,12.95547,12.96926,12.734950000000001,12.84521,2855720.0
2020-10-08,12.92791,12.98304,12.776299999999999,12.81765,1644910.0
2020-10-09,12.90034,12.90034,12.776299999999999,12.81765,1326710.0
2020-10-12,12.84521,12.84521,12.45931,12.542,4622800.0
2020-10-13,12.50065,12.542,12.29392,12.33526,2418020.0
2020-10-14,12.29392,12.52822,12.266350000000001,12.28013,1482900.0
2020-10-15,12.266350000000001,12.29392,11.42562,11.42562,5856510.0
2020-10-16,11.35671,11.67371,10.76407,11.19132,3381180.0
2020-10-19,11.081059999999999,11.57723,11.01215,11.43941,2120970.0
2020-10-20,11.41184,11.811530000000001,11.315370000000001,11.71506,1863750.0
2020-10-21,11.71506,11.86666,11.59101,11.59101,1429440.0
2020-10-22,11.48075,11.59101,11.42562,11.50832,947960.0
2020-10-23,11.5221,11.6048,11.48075,11.50832,972440.0
2020-10-26,11.646139999999999,11.646139999999999,11.30158,11.315370000000001,860720.0
2020-10-27,11.315370000000001,11.5221,11.315370000000001,11.35671,1169940.0
2020-10-28,11.46697,11.71506,11.41184,11.535879999999999,1896860.0
2020-10-29,11.535879999999999,11.82531,11.535879999999999,11.71506,1511590.0
2020-10-30,11.79775,11.82531,11.535879999999999,11.563450000000001,936540.0
2020-11-02,11.563450000000001,11.67371,11.43941,11.43941,644400.0
2020-11-03,11.43941,11.49454,11.41184,11.46697,998920.0
2020-11-04,11.46697,11.67371,11.3705,11.535879999999999,974170.0
2020-11-05,11.54967,11.96314,11.48075,11.68749,2388530.0
2020-11-06,11.68749,11.852879999999999,11.57723,11.68749,874570.0
2020-11-09,11.82531,11.8391,11.61858,11.71506,1699030.0
2020-11-10,11.74262,11.79775,11.54967,11.54967,1394490.0
2020-11-11,11.54967,11.63236,11.453190000000001,11.535879999999999,939860.0
2020-11-12,11.535879999999999,11.563450000000001,11.41184,11.453190000000001,993760.0
2020-11-13,11.453190000000001,11.701270000000001,11.43941,11.57723,1075910.0
2020-11-16,11.63236,11.701270000000001,11.41184,11.42562,1436890.0
2020-11-17,11.453190000000001,11.563450000000001,11.42562,11.453190000000001,1447660.0
2020-11-18,11.453190000000001,11.49454,11.34293,11.39806,1242250.0
2020-11-19,11.39806,11.61858,11.39806,11.453190000000001,936110.0
2020-11-20,11.49454,12.128530000000001,11.43941,12.128530000000001,4085900.0
2020-11-23,12.100959999999999,12.16988,11.96314,12.100959999999999,1719510.0
2020-11-24,12.100959999999999,12.11475,11.852879999999999,11.921790000000001,1310320.0
2020-11-25,11.921790000000001,11.9907,11.74262,11.770190000000001,1524090.0
2020-11-26,11.770190000000001,11.8391,11.71506,11.770190000000001,670650.0
2020-11-27,11.93557,12.018270000000001,11.770190000000001,11.90801,1111930.0
2020-11-30,11.90801,11.93557,11.68749,11.68749,977590.0
2020-12-01,11.49454,11.74262,11.49454,11.63236,1059750.0
2020-12-02,11.6048,11.90801,11.5221,11.71506,1459080.0
2020-12-03,11.71506,11.90801,11.71506,11.79775,1262480.0
2020-12-04,11.79775,11.852879999999999,11.63236,11.63236,959160.0
2020-12-07,11.659930000000001,11.78397,11.646139999999999,11.646139999999999,873380.0
2020-12-08,11.72884,11.74262,11.57723,11.61858,1108400.0
2020-12-09,11.63236,11.90801,11.63236,11.72884,1096130.0
2020-12-10,11.770190000000001,12.11475,11.72884,11.89423,2905480.0
2020-12-11,11.93557,12.72117,11.89423,12.72117,4944900.0
2020-12-14,13.12086,13.36895,13.06573,13.0933,3845770.0
2020-12-15,12.96926,13.46542,12.90034,13.396510000000001,3670900.0
2020-12-16,13.5619,13.72729,13.25869,13.46542,2624940.0
2020-12-17,13.28625,13.589459999999999,13.2449,13.2449,2352030.0
2020-12-18,13.3276,13.947809999999999,13.2449,13.78242,4032930.0
2020-12-21,14.195889999999999,14.195889999999999,13.76864,13.92024,2480320.0
2020-12-22,13.865110000000001,14.22346,13.78242,14.16833,2971450.0
2020-12-23,14.25102,14.80232,14.16833,14.33371,3054320.0
2020-12-24,14.416409999999999,14.69206,13.506770000000001,13.92024,3737120.0
2020-12-25,14.058069999999999,14.5818,14.00294,14.471540000000001,2865210.0
2020-12-28,14.77475,15.02284,14.4991,14.88501,2735370.0
2020-12-29,14.82988,15.90491,14.63693,15.90491,7164020.0
2020-12-30,16.12543,16.345950000000002,15.76709,15.82222,2509830.0
2020-12-31,15.82222,16.01517,15.574129999999998,15.62926,1964820.0
2021-01-04,15.73952,16.40108,15.73952,16.12543,3026900.0
2021-01-05,16.12543,16.37351,15.601700000000001,15.82222,4660500.0
2021-01-06,15.71196,16.40108,15.35361,15.98761,4911000.0
2021-01-07,16.04273,16.26325,15.84978,15.98761,2294000.0
2021-01-08,16.26325,16.566470000000002,16.15299,16.37351,4368400.0
2021-01-11,16.37351,16.45621,15.90491,15.960040000000001,3613100.0
2021-01-12,15.960040000000001,15.98761,15.46387,15.84978,2446600.0
2021-01-13,15.98761,16.95237,15.98761,16.48377,5065300.0
2021-01-14,16.75942,17.36585,16.5389,17.36585,3219800.0
2021-01-15,17.36585,17.97227,17.283150000000003,17.50367,2667600.0
2021-01-18,17.36585,17.50367,16.86968,16.86968,3339500.0
2021-01-19,16.81455,17.0902,15.71196,15.84978,3407300.0
2021-01-20,15.960040000000001,16.12543,14.88501,15.93248,3153000.0
2021-01-21,16.04273,16.20812,15.794649999999999,16.15299,2442700.0
2021-01-22,16.12543,16.566470000000002,15.84978,15.98761,2946900.0
2021-01-25,15.84978,16.09786,15.65683,15.71196,2118900.0
2021-01-26,15.71196,15.794649999999999,14.63693,14.63693,5789500.0
2021-01-27,14.471540000000001,14.85745,13.69972,13.78242,3940700.0
2021-01-28,12.81765,13.506770000000001,12.81765,12.81765,3023700.0
2021-01-29,12.04583,13.36895,12.04583,13.13464,2538300.0
2021-02-01,13.12086,13.23112,12.33526,12.40418,2413200.0
2021-02-02,12.29392,13.038170000000001,12.266350000000001,12.941690000000001,1828900.0
2021-02-03,13.23112,13.754850000000001,12.95547,13.506770000000001,1736500.0
2021-02-04,13.479209999999998,13.64459,13.25869,13.506770000000001,1312300.0
2021-02-05,13.506770000000001,14.33371,13.42408,14.306149999999999,2058300.0
2021-02-08,14.33371,14.33371,13.36895,13.506770000000001,1862600.0
2021-02-09,13.506770000000001,13.89268,13.396510000000001,13.78242,1328600.0
2021-02-17,13.92024,14.27859,13.754850000000001,14.195889999999999,1946200.0
2021-02-18,14.14076,15.02284,13.947809999999999,14.82988,2428700.0
2021-02-19,14.74719,15.16066,14.60936,14.88501,1410500.0
2021-02-22,14.85745,15.02284,14.4991,14.74719,1429700.0
2021-02-23,14.664489999999999,14.77475,14.416409999999999,14.471540000000001,1925300.0
2021-02-24,14.55423,14.74719,14.058069999999999,14.16833,2055400.0
2021-02-25,14.22346,14.33371,13.947809999999999,14.1132,1526800.0
2021-02-26,13.92024,14.664489999999999,13.92024,14.38884,1296800.0
2021-03-01,14.63693,14.664489999999999,14.33371,14.38884,1324500.0
2021-03-02,14.60936,15.02284,14.44397,14.55423,3263500.0
2021-03-03,14.82988,14.99527,14.664489999999999,14.85745,2740500.0
2021-03-04,14.99527,15.54657,14.88501,15.29848,3687700.0
2021-03-05,15.35361,15.35361,14.94014,15.1331,1920400.0
2021-03-08,15.16066,15.574129999999998,15.16066,15.46387,3199700.0
2021-03-09,15.46387,15.98761,15.18822,15.93248,3808100.0
2021-03-10,16.12543,16.12543,15.71196,15.98761,1535900.0
2021-03-11,16.01517,16.04273,15.71196,15.960040000000001,2150000.0
2021-03-12,15.98761,16.37351,15.98761,15.98761,2596900.0
2021-03-15,16.23569,16.5389,16.12543,16.37351,2774400.0
2021-03-16,17.03507,17.0902,16.67673,17.03507,4820300.0
2021-03-17,17.0902,17.14533,16.81455,16.92481,3218700.0
2021-03-18,16.92481,16.95237,16.67673,16.786990000000003,1988600.0
2021-03-19,16.67673,17.0075,16.64916,16.786990000000003,2171700.0
2021-03-22,16.92481,16.92481,16.59403,16.67673,1726200.0
2021-03-23,16.566470000000002,16.59403,15.98761,16.12543,3717200.0
2021-03-24,15.84978,16.26325,15.794649999999999,16.09786,2019600.0
2021-03-25,16.26325,16.428639999999998,15.98761,16.04273,1884300.0
2021-03-26,16.04273,16.20812,15.46387,16.09786,2519500.0
2021-03-29,16.26325,16.51134,16.09786,16.23569,1680500.0
2021-03-30,16.29082,16.29082,16.0703,16.15299,1076200.0
2021-03-31,16.0703,16.18056,15.90491,16.01517,1891900.0
2021-04-01,15.98761,16.81455,15.98761,16.81455,2111300.0
2021-04-02,17.0902,17.0902,16.566470000000002,16.70429,1835200.0
2021-04-05,16.70429,16.75942,16.26325,16.45621,2444500.0
2021-04-06,16.40108,16.40108,16.12543,16.20812,2516400.0
2021-04-07,16.20812,16.45621,16.01517,16.37351,975400.0
2021-04-08,16.40108,16.428639999999998,16.0703,16.20812,1306500.0
2021-04-09,16.15299,16.18056,15.98761,16.01517,1411000.0
2021-04-12,16.01517,16.04273,15.73952,16.01517,2602800.0
2021-04-13,16.15299,16.15299,15.65683,15.684389999999999,2144900.0
2021-04-14,15.519,15.84978,15.326049999999999,15.84978,1675600.0
2021-04-15,15.87735,15.87735,15.49144,15.49144,1151400.0
2021-04-16,15.49144,15.98761,15.35361,15.71196,1389800.0
2021-04-19,15.82222,15.98761,15.54657,15.98761,1588600.0
2021-04-20,16.18056,16.40108,15.98761,16.15299,2776500.0
2021-04-22,16.15299,16.37351,15.49144,15.49144,1901400.0
2021-04-23,15.49144,15.65683,15.18822,15.49144,1776600.0
2021-04-26,15.49144,15.49144,14.80232,14.82988,1914000.0
2021-04-27,14.82988,14.82988,14.44397,14.4991,2142700.0
2021-04-28,14.55423,15.0504,14.55423,14.80232,1003500.0
2021-04-29,14.80232,14.94014,14.77475,14.80232,636200.0
2021-05-04,14.55423,14.74719,14.306149999999999,14.664489999999999,1326700.0
2021-05-05,14.664489999999999,15.49144,14.664489999999999,15.436309999999999,1732200.0
2021-05-06,15.49144,16.09786,15.49144,15.76709,2699500.0
2021-05-07,15.71196,15.960040000000001,15.49144,15.71196,2216200.0
2021-05-10,15.601700000000001,15.71196,15.436309999999999,15.684389999999999,1569100.0
2021-05-11,15.84978,16.18056,15.76709,15.90491,2951000.0
2021-05-12,15.84978,16.09786,15.82222,15.960040000000001,1199900.0
2021-05-13,15.84978,15.90491,15.54657,15.54657,1641300.0
2021-05-14,15.54657,15.62926,15.29848,15.29848,1492000.0
2021-05-17,15.24335,15.29848,14.82988,14.82988,1805100.0
2021-05-18,14.74719,15.0504,14.74719,14.85745,1138400.0
2021-05-19,14.85745,15.02284,14.82988,14.88501,871900.0
2021-05-20,14.94014,14.94014,14.60936,14.71962,1248300.0
2021-05-21,14.88501,15.35361,14.77475,15.18822,1233100.0
2021-05-24,15.21579,15.436309999999999,15.10553,15.436309999999999,1108000.0
2021-05-25,15.519,15.65683,15.35361,15.436309999999999,1315300.0
2021-05-26,15.29848,15.35361,15.1331,15.27092,1144300.0
2021-05-27,15.326049999999999,15.326049999999999,14.80232,14.88501,1052600.0
2021-05-28,15.16066,15.90491,15.10553,15.90491,2865700.0
2021-05-31,16.5389,16.92481,16.20812,16.786990000000003,3783600.0
2021-06-01,16.92481,17.31072,16.81455,16.92481,3371700.0
2021-06-02,16.70429,17.50367,16.70429,17.50367,3055900.0
2021-06-03,17.91714,17.97227,17.696630000000003,17.80688,2799600.0
2021-06-04,17.83445,17.91714,17.39341,17.61393,2546300.0
2021-06-07,17.77932,17.862009999999998,17.39341,17.66906,2631200.0
2021-06-08,17.50367,17.77932,16.95237,16.97994,2059900.0
2021-06-09,16.97994,17.53124,16.92481,17.338279999999997,2255100.0
2021-06-10,17.616509999999998,17.91972,17.25266,17.28298,1794600.0
2021-06-11,17.28298,17.46491,16.979770000000002,17.01009,1671300.0
2021-06-14,17.01009,17.22234,16.61592,16.979770000000002,2231200.0
2021-06-15,16.919130000000003,17.13137,16.79784,16.979770000000002,1168000.0
2021-06-16,16.979770000000002,18.162290000000002,16.676560000000002,18.162290000000002,3408600.0
2021-06-17,18.34422,19.102240000000002,18.34422,18.556459999999998,2692500.0
2021-06-18,18.526139999999998,18.70807,18.22293,18.43518,1430400.0
2021-06-21,18.25325,19.16288,18.22293,18.859669999999998,2950700.0
2021-06-22,19.07192,19.07192,18.556459999999998,18.67775,1235800.0
2021-06-23,18.67775,18.76871,18.22293,18.25325,2058300.0
2021-06-24,18.28357,18.73839,18.22293,18.28357,1999400.0
2021-06-25,18.28357,19.22352,18.28357,19.1932,2884200.0
2021-06-28,19.405450000000002,19.82995,19.344810000000003,19.46609,3534400.0
2021-06-29,19.405450000000002,19.70866,19.16288,19.28417,1837400.0
2021-06-30,19.375130000000002,19.405450000000002,19.102240000000002,19.13256,1119200.0
2021-07-01,19.102240000000002,19.70866,18.95064,19.22352,2280500.0
2021-07-02,18.79903,18.88999,18.22293,18.34422,6384200.0
2021-07-05,18.071330000000003,18.192610000000002,17.43458,17.49523,3612800.0
2021-07-06,17.52555,17.79844,16.676560000000002,16.676560000000002,2223500.0
2021-07-07,16.979770000000002,16.979770000000002,16.373350000000002,16.79784,2303100.0
2021-07-08,16.858490000000003,17.28298,16.7372,16.858490000000003,1411800.0
2021-07-09,16.82816,17.13137,16.5856,16.76752,1682400.0
2021-07-12,16.403669999999998,16.676560000000002,15.61532,15.79725,3794200.0
2021-07-13,15.888209999999999,16.07014,15.73661,15.94885,1041700.0
2021-07-14,15.91853,15.94885,15.433399999999999,15.49404,1667500.0
2021-07-15,15.463719999999999,16.13078,15.463719999999999,16.13078,1392700.0
2021-07-16,16.100459999999998,16.76752,16.100459999999998,16.343030000000002,1882200.0
2021-07-19,15.91853,16.07014,15.40308,15.40308,1679500.0
2021-07-20,15.463719999999999,15.76693,15.31211,15.706290000000001,1126000.0
2021-07-21,15.61532,15.85789,15.433399999999999,15.463719999999999,1303600.0
2021-07-22,15.61532,15.94885,15.463719999999999,15.82757,1211800.0
2021-07-23,15.76693,15.91853,15.61532,15.61532,1202600.0
2021-07-26,15.52436,16.19142,15.52436,16.13078,1836200.0
2021-07-27,16.373350000000002,16.61592,16.13078,16.46431,1741800.0
2021-07-28,16.343030000000002,16.888810000000003,16.31271,16.676560000000002,1802100.0
2021-07-29,16.676560000000002,16.888810000000003,16.61592,16.70688,1452200.0
2021-07-30,16.61592,16.79784,16.52495,16.646240000000002,1245900.0
2021-08-02,16.55528,16.5856,16.19142,16.373350000000002,1967800.0
2021-08-03,16.28239,16.31271,16.100459999999998,16.22174,1558100.0
2021-08-04,16.22174,16.49463,16.1611,16.28239,1166800.0
2021-08-05,16.22174,16.52495,16.100459999999998,16.43399,1063000.0
2021-08-06,16.43399,17.01009,16.373350000000002,16.82816,2452500.0
2021-08-09,16.79784,17.343619999999998,16.79784,17.28298,2846500.0
2021-08-10,17.46491,17.46491,17.1617,17.343619999999998,2130000.0
2021-08-11,17.373939999999997,17.404259999999997,17.01009,17.01009,1755200.0
2021-08-12,16.949450000000002,17.46491,16.76752,17.01009,3426500.0
2021-08-13,17.13137,17.79844,16.979770000000002,17.58619,3300100.0
2021-08-16,18.04101,18.192610000000002,17.79844,17.95004,3125500.0
2021-08-17,17.95004,17.95004,17.58619,17.76812,2077700.0
2021-08-18,17.67715,18.37454,17.64683,18.01068,3114000.0
2021-08-19,18.04101,18.43518,17.98036,18.28357,2360900.0
2021-08-20,18.192610000000002,18.4655,17.13137,17.73779,4589600.0
2021-08-23,17.52555,18.01068,17.52555,17.58619,2835600.0
2021-08-24,17.73779,17.76812,17.19202,17.313299999999998,2392600.0
2021-08-25,17.373939999999997,17.55587,16.949450000000002,17.52555,2086900.0
2021-08-26,17.70747,18.01068,17.52555,17.73779,2570600.0
2021-08-27,17.73779,18.131970000000003,17.58619,18.131970000000003,4025700.0
2021-08-30,18.43518,19.25385,18.31389,19.16288,6011100.0
2021-08-31,19.102240000000002,19.375130000000002,18.64743,18.73839,3252400.0
2021-09-01,18.64743,19.405450000000002,18.556459999999998,19.28417,3390600.0
2021-09-06,19.28417,19.67834,18.829349999999998,18.98096,3020100.0
2021-09-07,18.95064,19.102240000000002,18.586779999999997,18.64743,2828400.0
2021-09-08,18.64743,18.859669999999998,18.34422,18.49582,2301500.0
2021-09-09,18.49582,18.859669999999998,18.4655,18.64743,1366500.0
2021-09-10,18.829349999999998,19.102240000000002,18.79903,18.79903,1714900.0
2021-09-13,18.88999,18.98096,18.40486,18.556459999999998,1714500.0
2021-09-14,18.76871,18.829349999999998,18.40486,18.586779999999997,2267000.0
2021-09-15,18.586779999999997,19.102240000000002,18.4655,19.07192,1697600.0
2021-09-16,19.102240000000002,19.25385,18.79903,18.95064,1202500.0
2021-09-17,18.95064,19.67834,18.95064,19.6177,4890200.0
2021-09-20,19.70866,20.1938,19.55706,19.70866,4194900.0
2021-09-21,19.43577,19.64802,18.859669999999998,19.405450000000002,2734400.0
2021-09-22,19.55706,19.55706,19.1932,19.46609,1598600.0
2021-09-23,19.49641,20.16348,19.375130000000002,19.405450000000002,2719300.0
2021-09-24,19.405450000000002,19.43577,18.92031,18.92031,2106400.0
2021-09-27,18.73839,18.92031,17.64683,17.70747,5322100.0
2021-09-28,17.73779,18.071330000000003,17.313299999999998,18.04101,1934400.0
2021-09-29,18.323130000000003,18.323130000000003,17.82113,18.07213,1151000.0
2021-09-30,18.07213,18.41726,17.946630000000003,18.00938,1013600.0
2021-10-01,17.88388,17.978,17.570130000000002,17.570130000000002,2663000.0
2021-10-04,17.570130000000002,18.63688,17.19362,18.57413,3899600.0
2021-10-05,18.57413,18.76238,18.41726,18.44863,1373800.0
2021-10-06,18.44863,18.48001,18.26038,18.323130000000003,913800.0
2021-10-07,18.323130000000003,18.731009999999998,18.22901,18.511380000000003,1845300.0
2021-10-08,18.511380000000003,18.66826,18.354509999999998,18.38588,863500.0
2021-10-11,18.19763,18.26038,17.78975,17.82113,3743000.0
2021-10-12,17.8525,18.16625,17.6015,17.946630000000003,1487400.0
2021-10-13,17.946630000000003,17.946630000000003,17.727,17.82113,1465100.0
2021-10-14,17.8525,18.134880000000003,17.82113,17.88388,1154700.0
2021-10-15,17.88388,18.1035,17.82113,17.82113,1152900.0
2021-10-18,17.82113,17.8525,17.66425,17.69563,1594900.0
2021-10-19,17.66425,17.91525,17.570130000000002,17.6015,1235300.0
2021-10-20,17.727,17.78975,17.570130000000002,17.63288,1318100.0
2021-10-21,17.69563,17.8525,17.6015,17.82113,1072800.0
2021-10-22,17.8525,18.16625,17.8525,18.04075,2011400.0
2021-10-25,18.48001,18.48001,18.19763,18.354509999999998,1715100.0
2021-10-26,18.511380000000003,19.107509999999998,18.29176,19.107509999999998,3927100.0
2021-10-27,19.38989,19.45264,19.17026,19.26439,1886700.0
2021-10-28,19.26439,19.26439,19.07614,19.13889,1661800.0
2021-10-29,19.13889,19.295759999999998,18.85651,18.88789,1951900.0
2021-11-01,18.82513,19.107509999999998,18.57413,18.66826,2315400.0
2021-11-02,18.57413,19.17026,18.57413,19.07614,1927000.0
2021-11-03,19.295759999999998,19.295759999999998,18.66826,18.66826,1397200.0
2021-11-04,18.699630000000003,18.85651,18.66826,18.731009999999998,1142800.0
2021-11-05,18.82513,20.01739,18.79376,20.01739,4793600.0
2021-11-08,21.0214,21.2724,20.393900000000002,20.770400000000002,2887100.0
2021-11-09,20.770400000000002,20.86452,20.393900000000002,20.61352,2088200.0
2021-11-10,20.45665,21.80578,20.36252,21.335150000000002,5507600.0
2021-11-11,21.554779999999997,22.27641,21.178279999999997,21.77441,5109500.0
2021-11-12,21.931279999999997,22.05678,21.71166,21.80578,1670200.0
2021-11-15,21.89991,22.119529999999997,21.335150000000002,21.366529999999997,3084700.0
2021-11-16,20.86452,21.554779999999997,20.86452,21.335150000000002,2482100.0
2021-11-17,21.146900000000002,21.49203,21.08415,21.46065,1236800.0
2021-11-18,21.46065,21.49203,21.178279999999997,21.2724,1710600.0
2021-11-19,21.0214,21.335150000000002,19.79777,20.393900000000002,3438000.0
2021-11-22,20.11152,21.3979,20.11152,20.70765,2925600.0
2021-11-23,21.178279999999997,22.15091,21.05278,22.15091,3872400.0
2021-11-24,22.90391,23.688290000000002,22.80979,23.688290000000002,4824800.0
2021-11-25,24.15892,24.15892,23.21767,23.531419999999997,2235300.0
2021-11-26,23.37454,24.62955,23.21767,24.096169999999997,2085900.0
2021-11-29,23.84517,25.31981,23.719669999999997,24.9433,2701900.0
2021-11-30,25.35118,25.35118,24.1903,24.5668,2461700.0
2021-12-01,24.5668,24.75505,24.15892,24.47268,1378900.0
2021-12-02,24.78643,25.28843,24.53543,24.53543,2448700.0
2021-12-03,24.78643,24.78643,23.500040000000002,23.500040000000002,3459500.0
2021-12-06,23.531419999999997,23.97067,22.90391,23.18629,2233600.0
2021-12-07,23.78242,23.78242,23.06079,23.59417,1415500.0
2021-12-08,23.78242,24.03342,23.500040000000002,23.907919999999997,1481100.0
2021-12-09,23.9393,24.12755,23.78242,23.97067,1134500.0
2021-12-10,23.78242,25.10018,23.65692,24.9433,2872300.0
2021-12-13,25.10018,25.16293,24.62955,24.8178,1037700.0
2021-12-14,24.78643,25.10018,24.53543,24.5668,1339200.0
2021-12-15,24.72368,24.75505,23.876549999999998,23.876549999999998,1901000.0
2021-12-16,24.15892,24.15892,23.719669999999997,24.00205,1293500.0
2021-12-17,24.4413,24.62955,23.24904,23.688290000000002,1922700.0
2021-12-20,23.62554,23.62554,22.62154,22.68429,2717400.0
2021-12-21,22.558790000000002,23.37454,22.558790000000002,23.37454,1242100.0
2021-12-22,23.8138,23.8138,22.747040000000002,22.747040000000002,1168100.0
2021-12-23,22.747040000000002,22.99804,21.99403,22.08816,1560300.0
2021-12-24,22.15091,22.59016,22.15091,22.40191,699900.0
2021-12-27,22.80979,22.80979,22.08816,22.18228,722800.0
2021-12-28,22.18228,23.18629,22.18228,22.90391,1170900.0
2021-12-29,22.84116,23.21767,22.43329,22.43329,670900.0
2021-12-30,22.46466,22.87254,22.40191,22.59016,896100.0
2021-12-31,22.62154,23.06079,22.558790000000002,22.90391,641000.0
2022-01-04,22.90391,23.500040000000002,22.90391,23.21767,1030900.0
2022-01-05,23.43729,23.500040000000002,23.06079,23.37454,954500.0
2022-01-06,23.8138,23.907919999999997,23.24904,23.24904,1948900.0
2022-01-07,23.65692,23.65692,23.24904,23.46867,1632400.0
2022-01-10,23.46867,23.65692,22.43329,22.46466,1735000.0
2022-01-11,22.52741,22.747040000000002,22.21366,22.27641,1222900.0
2022-01-12,21.96266,22.59016,21.3979,22.59016,1915900.0
2022-01-13,23.21767,23.21767,22.27641,22.40191,984800.0
2022-01-14,21.99403,22.80979,21.99403,22.558790000000002,1620700.0
2022-01-17,22.87254,23.43729,22.40191,22.49604,1448300.0
2022-01-18,22.52741,22.99804,22.27641,22.59016,717000.0
2022-01-19,22.59016,22.935290000000002,22.370540000000002,22.59016,1098300.0
2022-01-20,22.59016,23.21767,22.307779999999998,23.21767,946300.0
2022-01-21,23.28042,24.47268,23.24904,23.97067,1937400.0
2022-01-24,24.12755,24.12755,22.90391,22.90391,1095300.0
2022-01-25,22.71566,23.21767,22.65291,23.123540000000002,623300.0
2022-01-26,23.123540000000002,23.21767,22.87254,22.99804,889800.0
2022-01-27,22.558790000000002,22.99804,22.52741,22.59016,1047200.0
2022-01-28,22.59016,22.71566,22.27641,22.43329,1023400.0
2022-02-07,22.62154,22.65291,21.99403,22.05678,960300.0
2022-02-08,22.08816,22.52741,22.08816,22.43329,627200.0
2022-02-09,22.52741,22.558790000000002,22.15091,22.27641,613700.0
2022-02-10,22.307779999999998,22.80979,22.307779999999998,22.62154,558600.0
2022-02-11,22.68429,23.21767,22.43329,23.21767,721100.0
2022-02-14,23.06079,23.59417,23.06079,23.21767,1384700.0
2022-02-15,23.09217,23.311790000000002,22.84116,23.21767,607500.0
2022-02-16,23.343169999999997,24.40992,23.343169999999997,24.253049999999998,3022700.0
2022-02-17,24.253049999999998,24.3158,24.00205,24.00205,898600.0
2022-02-18,23.876549999999998,24.9433,23.719669999999997,24.12755,1721400.0
2022-02-21,24.15892,24.62955,23.876549999999998,24.3158,1443200.0
2022-02-22,24.12755,25.00605,24.03342,24.91193,2754400.0
2022-02-23,25.0688,25.35118,24.66093,24.8178,1900300.0
2022-02-24,24.6923,25.00605,23.531419999999997,24.096169999999997,2654700.0
2022-02-25,24.37855,24.9433,24.096169999999997,24.50405,2272500.0
2022-02-28,24.40992,24.62955,24.064799999999998,24.096169999999997,1280800.0
2022-03-01,24.15892,24.47268,23.688290000000002,24.47268,1595300.0
2022-03-02,24.47268,24.62955,24.096169999999997,24.15892,1231500.0
2022-03-03,24.22167,24.9433,23.9393,24.9433,2604800.0
2022-03-04,25.35118,25.35118,24.47268,24.47268,1898000.0
2022-03-07,24.47268,25.0688,24.22167,24.62955,1765300.0
2022-03-08,24.3158,24.50405,23.500040000000002,23.500040000000002,2868200.0
2022-03-09,23.531419999999997,23.688290000000002,22.65291,23.06079,3431400.0
2022-03-10,23.09217,23.37454,22.935290000000002,22.96666,1488100.0
2022-03-11,22.84116,23.46867,22.68429,22.90391,1719600.0
2022-03-14,22.90391,23.43729,22.747040000000002,23.343169999999997,1319100.0
2022-03-15,23.24904,23.46867,22.90391,23.123540000000002,552600.0
2022-03-16,23.154919999999997,23.688290000000002,23.123540000000002,23.311790000000002,803800.0
2022-03-17,23.531419999999997,23.56279,23.24904,23.343169999999997,513900.0
2022-03-18,23.28042,23.500040000000002,23.06079,23.18629,588100.0
2022-03-21,23.06079,23.343169999999997,22.90391,23.21767,766700.0
2022-03-22,23.18629,23.65692,23.06079,23.500040000000002,984700.0
2022-03-23,23.719669999999997,24.15892,23.719669999999997,24.15892,2403900.0
2022-03-24,24.59818,24.9433,24.37855,24.50405,3794800.0
2022-03-25,24.9433,24.9433,24.50405,24.53543,1389000.0
2022-03-28,24.15892,24.4413,23.62554,23.9393,1817600.0
2022-03-29,23.84517,24.12755,23.531419999999997,23.78242,1797500.0
2022-03-30,23.56279,24.00205,23.28042,23.56279,1284000.0
2022-03-31,23.62554,23.78242,23.311790000000002,23.531419999999997,999300.0
2022-04-01,23.531419999999997,23.907919999999997,23.28042,23.40592,1847500.0
2022-04-04,23.719669999999997,23.75104,23.40592,23.46867,3703100.0
2022-04-05,25.10018,25.10018,24.15892,24.47268,4639300.0
2022-04-06,24.47268,24.47268,24.096169999999997,24.12755,1273200.0
2022-04-07,23.84517,23.97067,23.531419999999997,23.531419999999997,1583900.0
2022-04-08,23.531419999999997,23.84517,22.87254,22.87254,1894000.0
2022-04-12,22.59016,23.18629,22.33916,22.33916,1121800.0
2022-04-13,22.59016,22.59016,21.77441,22.46466,916100.0
2022-04-14,22.40191,22.84116,22.40191,22.49604,1147900.0
2022-04-15,22.27641,22.59016,21.96266,21.96266,834800.0
2022-04-18,21.6489,22.02541,20.5194,20.5194,1993900.0
2022-04-19,20.393900000000002,20.990029999999997,19.64089,19.64089,1415600.0
2022-04-20,19.45264,19.70364,18.323130000000003,18.511380000000003,1451600.0
2022-04-21,17.88388,19.26439,17.25637,18.76238,1754100.0
2022-04-22,18.82513,19.421259999999997,18.44863,19.23301,922800.0
2022-04-25,19.26439,19.421259999999997,17.91525,17.91525,1772600.0
2022-04-26,17.570130000000002,18.19763,16.754369999999998,18.19763,1027700.0
2022-04-27,18.19763,19.32714,17.570130000000002,19.26439,1001800.0
2022-04-28,19.26439,19.82914,19.20164,19.45264,868600.0
2022-04-29,19.17026,19.766389999999998,19.17026,19.51539,677100.0
2022-05-04,18.26038,18.76238,18.16625,18.16625,2464400.0
2022-05-05,18.511380000000003,18.511380000000003,17.88388,18.16625,706100.0
2022-05-06,17.44462,18.16625,17.44462,17.44462,590100.0
2022-05-09,16.942619999999998,16.942619999999998,16.25237,16.25237,2119600.0
2022-05-10,15.122860000000001,15.71899,15.122860000000001,15.62486,1743500.0
2022-05-11,15.65624,16.001360000000002,15.65624,15.81311,429300.0
2022-05-12,15.37386,15.687610000000001,14.714979999999999,14.714979999999999,748600.0
2022-05-13,14.4326,14.4326,13.71097,13.71097,1772600.0
2022-05-16,13.5541,14.36985,13.17759,13.17759,855500.0
2022-05-17,12.330459999999999,14.08748,12.29909,14.08748,1476300.0
2022-05-18,14.4326,14.65223,14.1816,14.338479999999999,651100.0
2022-05-19,14.338479999999999,14.49535,13.6796,14.40123,644900.0
2022-05-20,14.4326,15.122860000000001,14.24435,14.934610000000001,893500.0
2022-05-23,15.56211,15.56211,14.24435,14.5581,463600.0
2022-05-24,14.5581,14.746360000000001,13.99335,14.58948,508100.0
2022-05-25,14.526729999999999,14.96598,14.4326,14.84048,655400.0
2022-05-26,14.84048,15.875860000000001,14.84048,15.875860000000001,2072000.0
2022-05-27,16.942619999999998,16.974,16.25237,16.44062,4686100.0
2022-05-30,16.62887,16.69162,16.18962,16.44062,1563900.0
2022-05-31,16.31512,16.40924,16.001360000000002,16.31512,1554400.0
2022-06-01,15.96999,16.22099,15.62486,15.65624,2658500.0
2022-06-02,15.93861,16.62887,15.687610000000001,16.44062,2894800.0
2022-06-03,16.534740000000003,16.534740000000003,15.84449,16.03274,1322400.0
2022-06-06,16.03274,16.31512,15.687610000000001,15.687610000000001,1363100.0
2022-06-07,15.499360000000001,15.687610000000001,14.746360000000001,15.24836,2346800.0
2022-06-08,15.56211,15.875860000000001,15.37386,15.687610000000001,1795000.0
2022-06-09,15.75036,15.90724,15.56211,15.62486,1056300.0
2022-06-10,15.311110000000001,16.03274,15.279729999999999,15.43661,1804000.0
2022-06-13,14.526729999999999,14.99736,14.36985,14.36985,2562300.0
2022-06-14,13.49135,14.02473,13.36585,13.36585,4654100.0
2022-06-15,13.36585,13.49135,12.45596,12.832469999999999,3552300.0
2022-06-16,13.3031,13.3031,12.89522,12.926590000000001,1294000.0
2022-06-17,12.55009,12.80109,12.07946,12.45596,2705200.0
2022-06-20,12.55009,12.67559,11.60883,11.60883,2368000.0
2022-06-21,11.60883,11.60883,10.82445,10.82445,2600900.0
2022-06-22,10.70658,11.20073,10.21243,10.93718,1671000.0
2022-06-23,10.70658,11.69488,10.70658,11.69488,1241800.0
2022-06-24,12.05726,12.221969999999999,11.89254,11.991370000000002,1461600.0
2022-06-27,12.18903,12.814950000000001,12.05726,12.814950000000001,1451400.0
2022-06-28,13.3091,13.70442,13.17733,13.70442,2556000.0
2022-06-29,13.836200000000002,14.42918,13.57265,13.70442,2960400.0
2022-06-30,13.90208,14.09974,12.913780000000001,12.913780000000001,1649000.0
2022-07-01,12.55141,13.80325,12.55141,13.80325,2957100.0
2022-07-04,14.42918,14.758610000000001,14.165629999999998,14.758610000000001,3082400.0
2022-07-05,15.77985,15.77985,14.95627,14.95627,9442500.0
2022-07-06,14.758610000000001,15.97751,14.758610000000001,15.97751,6612900.0
2022-07-07,16.40578,16.43872,15.41748,16.142229999999998,2259900.0
2022-07-08,16.47166,16.73521,15.911629999999999,16.20812,2949000.0
2022-07-11,16.40578,17.32819,16.33989,17.32819,7885600.0
2022-07-12,17.75645,17.921169999999996,17.13053,17.558790000000002,3741300.0
2022-07-13,17.62468,18.51415,17.62468,18.2506,4893900.0
2022-07-14,18.184720000000002,18.2506,16.998759999999997,17.36113,7508900.0
2022-07-15,17.16347,18.15177,17.13053,17.723509999999997,3649000.0
2022-07-18,18.05294,18.7777,17.59174,18.2506,6921700.0
2022-07-19,18.2506,18.48121,17.36113,18.08589,4641700.0
2022-07-20,18.283549999999998,18.51415,17.13053,17.75645,7989300.0
2022-07-21,17.32819,17.69057,16.570490000000003,16.768150000000002,5618500.0
2022-07-22,16.932869999999998,17.62468,16.89993,17.394080000000002,4479000.0
2022-07-25,17.52585,18.2506,17.42702,18.118830000000003,7492800.0
2022-07-26,18.05294,18.05294,17.394080000000002,17.394080000000002,4098000.0
2022-07-27,16.932869999999998,17.52585,16.53755,17.394080000000002,3782800.0
2022-07-28,17.59174,17.75645,16.20812,16.20812,12919700.0
2022-07-29,15.483360000000001,16.50461,15.483360000000001,15.68102,8597500.0
2022-08-01,15.68102,16.66932,15.64808,16.66932,4569500.0
2022-08-02,16.43872,17.29525,16.33989,16.932869999999998,6016900.0
2022-08-03,16.53755,16.932869999999998,16.37283,16.801099999999998,5118700.0
2022-08-04,17.06464,17.723509999999997,16.83404,17.558790000000002,9846400.0
2022-08-05,17.36113,18.118830000000003,17.36113,17.59174,5182500.0
2022-08-08,17.45996,17.7894,17.16347,17.657619999999998,4794800.0
2022-08-09,17.723509999999997,17.723509999999997,16.801099999999998,16.801099999999998,6858100.0
2022-08-10,16.801099999999998,17.19642,16.33989,16.43872,7006000.0
2022-08-11,16.702270000000002,17.19642,16.24106,16.932869999999998,6211800.0
2022-08-12,16.932869999999998,17.69057,16.702270000000002,17.62468,6561800.0
2022-08-15,17.62468,18.843580000000003,17.62468,18.843580000000003,13800500.0
2022-08-16,18.843580000000003,18.909470000000002,18.48121,18.54709,4450400.0
2022-08-17,18.54709,19.30479,18.05294,18.2506,5827400.0
2022-08-18,18.118830000000003,18.7777,17.98706,18.58004,4792700.0
2022-08-19,18.51415,18.51415,17.88823,18.118830000000003,5354800.0
2022-08-22,17.7894,18.909470000000002,17.7894,18.34943,6720900.0
2022-08-23,18.21766,18.94241,18.21766,18.71181,4823300.0
2022-08-24,19.10713,19.37068,18.645919999999997,18.71181,6080400.0
2022-08-25,18.71181,18.87653,18.2506,18.41532,6994300.0
2022-08-26,18.448259999999998,18.975360000000002,18.15177,18.645919999999997,6525100.0
2022-08-29,18.34943,18.61298,17.75645,18.58004,4608000.0
2022-08-30,18.71181,19.205959999999997,18.448259999999998,18.975360000000002,7440200.0
2022-08-31,19.10713,19.60128,18.843580000000003,18.87653,10496900.0
2022-09-05,18.7777,18.7777,18.184720000000002,18.184720000000002,6079700.0
2022-09-06,18.184720000000002,18.58004,17.62468,17.62468,8735900.0
2022-09-07,17.45996,17.85528,16.66932,16.66932,7800900.0
2022-09-08,16.801099999999998,17.06464,16.53755,16.66932,3766100.0
2022-09-09,16.932869999999998,17.13053,16.66932,17.13053,2905200.0
2022-09-12,17.42702,17.42702,16.998759999999997,17.09759,3315191.0
2022-09-13,17.32819,18.118830000000003,17.13053,18.118830000000003,9314682.0
2022-09-14,17.7894,18.54709,17.723509999999997,18.2506,6024018.0
2022-09-15,18.34943,18.34943,17.7894,17.85528,3644488.0
2022-09-16,17.7894,18.118830000000003,17.32819,17.32819,5370820.0
2022-09-19,17.59174,17.657619999999998,16.866979999999998,16.998759999999997,5192707.0
2022-09-20,17.13053,17.45996,16.998759999999997,17.45996,2536068.0
2022-09-21,17.32819,17.45996,17.13053,17.19642,2172728.0
2022-09-22,16.998759999999997,17.45996,16.998759999999997,17.36113,2353580.0
2022-09-23,17.394080000000002,18.02,17.32819,17.52585,7085646.0
2022-09-26,16.998759999999997,17.2623,16.30695,16.30695,6909231.0
2022-09-27,16.30695,16.53755,15.21982,15.21982,7156596.0
2022-09-28,14.890379999999999,15.15393,14.165629999999998,14.165629999999998,6015225.0
2022-09-29,14.495059999999999,14.659780000000001,13.53971,13.53971,3279820.0
2022-09-30,13.37499,14.13269,13.14439,14.066799999999999,4206807.0
2022-10-03,14.13269,14.165629999999998,13.11144,13.11144,2670915.0
2022-10-04,13.44088,13.44088,12.55141,13.17733,3604268.0
2022-10-05,13.47382,13.96797,13.3091,13.80325,2478606.0
2022-10-06,13.77031,13.80325,12.8479,12.8479,4893724.0
2022-10-07,12.51846,12.51846,11.95843,11.95843,4591167.0
2022-10-10,11.8596,12.65024,11.59605,12.38669,3445519.0
2022-10-11,12.28786,12.320799999999998,11.53016,11.53016,2253879.0
2022-10-12,10.93718,12.12314,10.8713,11.365450000000001,3533670.0
2022-10-13,11.69488,11.92548,11.46428,11.661940000000001,1948657.0
2022-10-14,12.02431,12.25492,11.793709999999999,12.15609,4113164.0
2022-10-17,11.92548,12.58435,11.92548,12.58435,3129877.0
2022-10-18,12.97967,12.97967,12.28786,12.320799999999998,3228954.0
2022-10-19,12.45258,12.58435,12.221969999999999,12.51846,2469149.0
2022-10-20,12.41963,12.485520000000001,11.92548,12.05726,1899391.0
2022-10-21,12.18903,12.18903,11.23367,11.23367,5457233.0
2022-10-24,11.23367,11.23367,10.47598,10.47598,5243156.0
2022-10-25,10.08066,11.00307,9.75122,10.278319999999999,3675613.0
2022-10-26,10.54186,10.60775,9.61945,9.61945,3352939.0
2022-10-27,9.45473,10.278319999999999,9.45473,10.278319999999999,3293003.0
2022-10-28,10.50892,10.673639999999999,10.21243,10.21243,2654918.0
2022-10-31,10.01477,10.1136,9.55356,9.71828,3540823.0
2022-11-01,9.883,10.37715,9.817110000000001,10.37715,2614105.0
2022-11-02,10.41009,10.8713,10.41009,10.47598,3046482.0
2022-11-03,10.245370000000001,10.93718,10.245370000000001,10.54186,4499738.0
2022-11-04,10.673639999999999,10.673639999999999,9.91594,9.91594,2914116.0
2022-11-07,9.883,10.01477,9.224129999999999,9.224129999999999,4708681.0
2022-11-08,8.92764,9.45473,8.828809999999999,8.99353,2180915.0
2022-11-09,9.29002,9.421790000000001,9.15824,9.224129999999999,2054271.0
2022-11-10,8.92764,9.224129999999999,8.59821,8.59821,2916429.0
2022-11-11,8.56526,8.828809999999999,8.00523,8.00523,6619978.0
2022-11-14,7.478140000000001,7.675800000000001,7.445189999999999,7.445189999999999,4014954.0
2022-11-15,6.95104,7.04987,6.95104,6.95104,3103048.0
2022-11-16,6.47007,7.41225,6.47007,7.41225,5795468.0
2022-11-17,7.675800000000001,7.84051,7.445189999999999,7.445189999999999,3508851.0
2022-11-18,7.51108,7.9393400000000005,7.08282,7.9393400000000005,5171164.0
2022-11-21,8.16995,8.30172,7.9064,8.20289,2486113.0
2022-11-22,7.97229,8.76292,7.97229,8.137,3697069.0
2022-11-23,8.137,8.23583,7.57697,7.57697,2819287.0
2022-11-24,7.31342,7.97229,7.28048,7.9064,2000477.0
2022-11-25,8.10406,8.30172,7.77463,8.30172,3279121.0
2022-11-28,8.828809999999999,8.86175,8.53232,8.86175,4282833.0
2022-11-29,9.1253,9.45473,8.99353,9.45473,8238773.0
2022-11-30,9.75122,9.75122,9.25707,9.61945,4590054.0
2022-12-01,9.75122,10.146540000000002,9.55356,9.55356,5021489.0
2022-12-02,9.421790000000001,10.047709999999999,9.322959999999998,10.047709999999999,3747441.0
2022-12-05,10.41009,10.41009,9.948879999999999,10.1136,4146602.0
2022-12-06,9.883,10.80541,9.652389999999999,10.54186,13005763.0
2022-12-07,10.673639999999999,11.068959999999999,9.883,9.948879999999999,5150283.0
2022-12-08,10.01477,10.54186,9.948879999999999,9.948879999999999,5514366.0
2022-12-09,9.91594,10.3442,9.883,10.3442,3194274.0
2022-12-12,10.60775,11.036010000000001,10.41009,10.673639999999999,8263110.0
2022-12-13,10.673639999999999,10.90424,10.278319999999999,10.80541,3800985.0
2022-12-14,11.20073,11.20073,10.54186,10.54186,3624174.0
2022-12-15,10.41009,10.673639999999999,10.278319999999999,10.3442,2891112.0
2022-12-16,10.21243,10.640690000000001,10.01477,10.54186,2396151.0
2022-12-19,10.673639999999999,11.068959999999999,10.41009,10.640690000000001,5817076.0
2022-12-20,10.640690000000001,10.70658,9.948879999999999,10.146540000000002,4247854.0
2022-12-21,10.146540000000002,10.31126,9.45473,9.817110000000001,6152418.0
2022-12-22,9.883,10.08066,9.224129999999999,9.3559,3305973.0
2022-12-23,9.3559,9.652389999999999,9.224129999999999,9.322959999999998,2024714.0
2022-12-26,9.487680000000001,9.487680000000001,8.697040000000001,8.697040000000001,3400006.0
2022-12-27,8.433489999999999,9.29002,8.433489999999999,9.29002,3394477.0
2022-12-28,9.45473,9.883,9.322959999999998,9.68534,4066058.0
2022-12-29,9.61945,9.817110000000001,9.421790000000001,9.487680000000001,1935051.0
2022-12-30,9.55356,9.61945,9.29002,9.29002,2021559.0
2023-01-03,9.3559,9.91594,9.3559,9.91594,3007046.0
2023-01-04,10.146540000000002,10.3442,9.91594,9.98183,3498849.0
2023-01-05,9.948879999999999,10.47598,9.91594,10.47598,5382544.0
2023-01-06,10.57481,10.640690000000001,10.21243,10.41009,4021220.0
2023-01-09,10.60775,10.83835,9.948879999999999,9.948879999999999,5278494.0
2023-01-10,10.08066,10.47598,9.948879999999999,10.47598,4136321.0
2023-01-11,10.54186,10.673639999999999,10.37715,10.41009,3628973.0
2023-01-12,10.50892,10.73952,10.146540000000002,10.54186,4308454.0
2023-01-13,10.73952,10.73952,10.245370000000001,10.245370000000001,3693951.0
2023-01-16,10.278319999999999,10.41009,10.08066,10.21243,3435654.0
2023-01-17,10.21243,10.41009,10.17949,10.3442,2579023.0
2023-01-18,10.47598,11.036010000000001,10.41009,11.036010000000001,9767543.0
2023-01-19,11.16779,11.365450000000001,11.036010000000001,11.101899999999999,5747415.0
2023-01-27,11.266620000000001,11.431329999999999,11.13484,11.266620000000001,6007313.0
2023-01-30,11.266620000000001,11.39839,10.90424,11.00307,10453096.0
2023-01-31,10.93718,11.068959999999999,10.673639999999999,11.068959999999999,6196649.0
2023-02-01,11.068959999999999,11.23367,10.31126,10.31126,9547563.0
2023-02-02,10.31126,10.31126,9.71828,9.75122,5324833.0
2023-02-03,9.75122,10.01477,9.71828,9.817110000000001,3233869.0
2023-02-06,9.75122,9.948879999999999,9.58651,9.817110000000001,2412982.0
2023-02-07,9.883,9.948879999999999,9.15824,9.224129999999999,3346637.0
2023-02-08,9.322959999999998,9.55356,8.99353,9.45473,2301132.0
2023-02-09,9.55356,9.78417,9.421790000000001,9.45473,1784911.0
2023-02-10,9.3559,9.520620000000001,9.224129999999999,9.224129999999999,1881091.0
2023-02-13,9.224129999999999,9.25707,8.76292,8.96058,2401620.0
2023-02-14,9.15824,9.19119,8.92764,8.99353,1146468.0
2023-02-15,8.8947,9.29002,8.8947,9.29002,1752593.0
2023-02-16,9.487680000000001,9.61945,9.29002,9.520620000000001,1071949.0
2023-02-17,9.45473,9.68534,9.322959999999998,9.421790000000001,1388628.0
2023-02-20,9.421790000000001,9.91594,9.421790000000001,9.85005,4061207.0
2023-02-21,9.91594,9.948879999999999,9.652389999999999,9.652389999999999,2822452.0
2023-02-22,9.520620000000001,9.68534,9.224129999999999,9.224129999999999,2321624.0
2023-02-23,9.1253,9.224129999999999,8.828809999999999,9.19119,2981011.0
2023-02-24,9.25707,9.25707,8.92764,8.96058,935274.0
2023-02-27,8.828809999999999,8.96058,8.63115,8.697040000000001,1474613.0
2023-02-28,8.8947,8.8947,8.59821,8.63115,1629192.0
2023-03-01,8.63115,8.99353,8.59821,8.99353,1102127.0
2023-03-02,8.99353,9.092360000000001,8.79587,8.8947,754098.0
2023-03-03,8.96058,8.96058,8.79587,8.79587,905177.0
2023-03-06,8.92764,9.02647,8.79587,8.79587,814935.0
2023-03-07,8.828809999999999,8.8947,8.53232,8.76292,1091402.0
2023-03-08,8.697040000000001,8.8947,8.59821,8.8947,800396.0
2023-03-09,8.99353,9.487680000000001,8.96058,9.38885,5841159.0
2023-03-10,9.322959999999998,9.487680000000001,9.224129999999999,9.322959999999998,2131552.0
2023-03-13,9.1253,9.29002,9.02647,9.02647,1852758.0
2023-03-14,9.02647,9.1253,8.66409,8.76292,2648401.0
2023-03-15,9.02647,9.1253,8.96058,9.1253,1651262.0
2023-03-16,8.96058,9.05941,8.79587,8.828809999999999,1232234.0
2023-03-17,8.8947,8.99353,8.76292,8.79587,818615.0
2023-03-20,8.96058,9.1253,8.76292,8.76292,2569206.0
2023-03-21,8.99353,9.02647,8.79587,8.99353,1083679.0
2023-03-22,9.092360000000001,9.092360000000001,8.86175,8.96058,1099204.0
2023-03-23,8.828809999999999,8.99353,8.828809999999999,8.96058,802422.0
2023-03-24,9.02647,9.19119,8.96058,9.02647,1992600.0
2023-03-27,9.02647,9.1253,8.92764,9.092360000000001,2393152.0
2023-03-28,9.15824,9.322959999999998,9.092360000000001,9.092360000000001,4126151.0
2023-03-29,9.224129999999999,9.224129999999999,9.02647,9.15824,1276873.0
2023-03-30,9.25707,9.29002,9.02647,9.15824,3833059.0
2023-03-31,9.15824,9.19119,9.05941,9.092360000000001,2118607.0
2023-04-03,9.092360000000001,9.15824,8.99353,9.15824,6199704.0
2023-04-04,9.25707,9.58651,9.25707,9.55356,6519124.0
2023-04-05,9.68534,9.75122,9.487680000000001,9.61945,4461320.0
2023-04-06,9.71828,9.75122,9.38885,9.38885,5236135.0
2023-04-07,9.3559,9.487680000000001,9.322959999999998,9.38885,2997452.0
2023-04-10,9.55356,10.01477,9.421790000000001,9.817110000000001,9984456.0
2023-04-11,9.883,10.047709999999999,9.75122,9.91594,4560924.0
2023-04-12,9.948879999999999,10.146540000000002,9.91594,10.01477,5186398.0
2023-04-13,10.047709999999999,10.17949,9.817110000000001,9.817110000000001,4437823.0
2023-04-14,10.01477,10.146540000000002,9.68534,9.68534,4358311.0
2023-04-17,9.78417,10.3442,9.75122,10.3442,8614979.0
2023-04-18,10.50892,10.60775,10.21243,10.278319999999999,3541262.0
2023-04-19,10.41009,10.640690000000001,10.278319999999999,10.3442,6581290.0
2023-04-20,10.54186,10.77247,10.44303,10.44303,5977575.0
2023-04-21,10.60775,10.640690000000001,10.08066,10.37715,5518008.0
2023-04-24,10.41009,10.41009,9.883,9.883,6659751.0
2023-04-25,9.91594,10.21243,9.85005,10.08066,4831210.0
2023-04-26,10.08066,10.31126,9.85005,10.21243,3021815.0
2023-04-27,10.21243,10.3442,10.01477,10.17949,3341246.0
2023-04-28,10.278319999999999,10.278319999999999,9.55356,9.652389999999999,12471133.0
2023-05-04,9.487680000000001,9.817110000000001,9.421790000000001,9.75122,3145413.0
2023-05-05,9.75122,10.01477,9.652389999999999,9.75122,3139797.0
2023-05-08,9.883,10.01477,9.652389999999999,9.948879999999999,4413516.0
2023-05-09,10.01477,10.146540000000002,9.91594,10.01477,2754370.0
2023-05-10,10.146540000000002,10.21243,10.047709999999999,10.08066,3105015.0
2023-05-11,10.21243,10.37715,10.146540000000002,10.21243,3721714.0
2023-05-12,10.31126,10.60775,10.278319999999999,10.57481,6770957.0
2023-05-15,10.80541,10.80541,10.3442,10.3442,5804518.0
2023-05-16,10.41009,11.036010000000001,10.37715,11.036010000000001,8351975.0
2023-05-17,11.3325,11.661940000000001,11.101899999999999,11.23367,12176195.0
2023-05-18,11.365450000000001,11.72782,11.29956,11.365450000000001,7295002.0
2023-05-19,11.53016,11.92548,11.3325,11.92548,8025932.0
2023-05-22,12.28786,12.28786,11.89254,12.02431,7323211.0
2023-05-23,12.25492,12.65024,12.18903,12.65024,9217349.0
2023-05-24,12.71612,12.8479,12.35375,12.65024,6532742.0
2023-05-25,12.65024,12.74907,12.41963,12.41963,5229345.0
2023-05-26,12.41963,12.71612,12.25492,12.71612,4555298.0
2023-05-29,12.880840000000001,12.880840000000001,12.485520000000001,12.58435,4086596.0
2023-05-30,12.71612,12.71612,12.12314,12.51846,6139316.0
2023-05-31,12.58435,13.17733,12.45258,13.17733,7625715.0
2023-06-01,13.243219999999999,13.3091,12.880840000000001,12.913780000000001,4295945.0
2023-06-02,12.97967,13.342049999999999,12.8479,13.04556,9047916.0
2023-06-05,13.17733,13.17733,12.58435,12.61729,6580709.0
2023-06-06,12.78201,12.913780000000001,12.61729,12.814950000000001,3898274.0
2023-06-07,12.814950000000001,13.210270000000001,12.78201,12.946729999999999,5157118.0
2023-06-08,12.97967,13.44088,12.913780000000001,12.946729999999999,8992791.0
2023-06-09,13.17733,13.17733,12.38669,12.71612,6598553.0
2023-06-12,12.946729999999999,12.946729999999999,12.15609,12.51846,6260024.0
2023-06-13,12.71612,12.880840000000001,12.61729,12.61729,3610330.0
2023-06-14,12.71612,12.814950000000001,12.51846,12.51846,3938389.0
2023-06-15,12.65024,13.37499,12.61729,13.37499,12304765.0
2023-06-16,13.73737,13.73737,13.17733,13.342049999999999,6325021.0
2023-06-19,13.37499,13.80325,13.37499,13.73737,7100603.0
2023-06-20,13.96797,14.00091,13.53971,14.00091,6955329.0
2023-06-21,14.13269,14.39623,13.86914,13.90208,10252930.0
2023-06-22,13.96797,14.165629999999998,13.90208,14.00091,5512596.0
2023-06-23,14.165629999999998,14.26446,13.80325,13.86914,6698665.0
2023-06-26,14.03386,14.2974,13.17733,14.2974,9214161.0
2023-06-27,14.56095,14.62684,14.13269,14.165629999999998,6891064.0
2023-06-28,14.363290000000001,14.42918,13.96797,14.42918,6002025.0
2023-06-29,14.495059999999999,14.495059999999999,13.836200000000002,13.836200000000002,5472513.0
2023-06-30,13.90208,14.13269,13.86914,14.03386,3909608.0
2023-07-03,14.165629999999998,14.330350000000001,13.96797,14.066799999999999,3991429.0
2023-07-04,14.2974,15.02216,14.165629999999998,15.02216,13562587.0
2023-07-05,15.31865,15.45042,15.0551,15.31865,7822492.0
2023-07-06,15.516309999999999,15.8128,14.98921,15.8128,10975271.0
2023-07-07,15.878680000000001,16.24106,15.58219,16.10929,7703774.0
2023-07-10,16.20812,16.20812,15.878680000000001,16.01046,7195368.0
2023-07-11,16.0434,17.13053,15.94457,16.932869999999998,8132714.0
2023-07-12,17.06464,17.13053,16.73521,16.73521,4736831.0
2023-07-13,16.801099999999998,17.32819,16.702270000000002,17.22936,6551907.0
2023-07-14,17.42702,17.42702,16.801099999999998,17.13053,7469694.0
2023-07-17,17.13053,17.2623,16.53755,16.66932,5318862.0
2023-07-18,16.73521,16.932869999999998,16.43872,16.43872,9148282.0
2023-07-19,16.47166,16.768150000000002,16.274,16.53755,6844556.0
2023-07-20,16.60344,16.66932,16.33989,16.37283,6940265.0
2023-07-21,16.47166,17.29525,16.40578,17.16347,11201265.0
2023-07-24,17.19642,17.29525,16.702270000000002,16.73521,8012688.0
2023-07-25,16.866979999999998,16.932869999999998,16.43872,16.570490000000003,8203057.0
2023-07-26,16.570490000000003,17.13053,16.53755,17.13053,7554172.0
2023-07-27,17.2623,17.29525,16.60344,16.73521,7969238.0
2023-07-28,16.83404,16.83404,16.53755,16.53755,7186519.0
2023-07-31,16.636380000000003,16.702270000000002,16.33989,16.37283,6368411.0
2023-08-01,16.43872,16.83404,16.37283,16.37283,9103546.0
2023-08-02,16.47166,16.801099999999998,16.43872,16.801099999999998,6064919.0
2023-08-03,17.0317,17.657619999999998,16.998759999999997,17.19642,15007947.0
2023-08-04,17.394080000000002,17.394080000000002,17.13053,17.13053,6493034.0
2023-08-07,17.45996,17.59174,17.19642,17.22936,6796489.0
2023-08-08,17.42702,18.41532,17.32819,18.41532,14817017.0
2023-08-09,18.67887,18.67887,17.95411,17.98706,8192235.0
2023-08-10,18.118830000000003,18.283549999999998,16.998759999999997,17.0317,15074581.0
2023-08-11,17.13053,17.29525,16.89993,17.29525,7876954.0
2023-08-14,17.394080000000002,17.394080000000002,17.06464,17.19642,8261766.0
2023-08-15,17.2623,17.59174,17.16347,17.2623,6256194.0
2023-08-16,17.16347,17.394080000000002,17.0317,17.22936,6586695.0
2023-08-17,17.2623,17.42702,16.801099999999998,16.801099999999998,6483218.0
2023-08-18,16.801099999999998,16.998759999999997,15.64808,15.64808,10371204.0
2023-08-21,15.64808,15.8128,14.56095,14.69272,7645874.0
2023-08-22,14.758610000000001,15.483360000000001,13.80325,15.483360000000001,9572842.0
2023-08-23,15.68102,15.68102,15.02216,15.02216,4299757.0
2023-08-24,15.02216,15.41748,14.791549999999999,15.21982,4911127.0
2023-08-25,15.21982,15.64808,15.18687,15.31865,3819066.0
2023-08-28,15.54925,15.74691,15.38453,15.64808,3476429.0
2023-08-29,15.68102,15.94457,15.61514,15.68102,5018889.0
2023-08-30,15.64808,15.74691,15.483360000000001,15.483360000000001,4547307.0
2023-08-31,15.68102,16.40578,15.516309999999999,16.33989,7608265.0
2023-09-05,16.53755,16.866979999999998,16.40578,16.866979999999998,7138979.0
2023-09-06,16.998759999999997,17.394080000000002,16.60344,17.06464,8608026.0
2023-09-07,17.13053,17.32819,16.866979999999998,17.06464,6965817.0
2023-09-08,17.19642,17.42702,16.998759999999997,17.13053,10684481.0
2023-09-11,17.32819,17.36113,16.47166,16.47166,9468328.0
2023-09-12,16.53755,16.932869999999998,16.24106,16.932869999999998,5261310.0
2023-09-13,16.998759999999997,16.998759999999997,16.30695,16.40578,6304545.0
2023-09-14,16.40578,16.73521,16.076340000000002,16.076340000000002,7460263.0
2023-09-15,16.142229999999998,16.37283,15.97751,16.30695,4107108.0
2023-09-18,16.30695,16.37283,15.68102,15.94457,3733299.0
2023-09-19,16.274,16.274,15.71397,16.01046,3661368.0
2023-09-20,16.0434,16.801099999999998,16.01046,16.73521,5668255.0
2023-09-21,16.702270000000002,16.83404,16.47166,16.53755,4116988.0
2023-09-22,16.274,16.33989,15.41748,15.68102,5076663.0
2023-09-25,15.35159,15.878680000000001,14.59389,14.59389,5668670.0
2023-09-26,14.23152,14.92333,13.90208,13.90208,4570189.0
2023-09-27,13.836200000000002,14.69272,13.60559,14.69272,3293771.0
2023-09-28,14.659780000000001,14.69272,14.39623,14.52801,1741639.0
2023-09-29,14.52801,14.725670000000001,14.42918,14.42918,1889699.0
2023-10-02,14.56095,14.92333,14.39623,14.791549999999999,3424789.0
2023-10-03,14.62684,14.791549999999999,13.96797,14.03386,4163444.0
2023-10-04,13.60559,14.495059999999999,13.60559,14.2974,2874025.0
2023-10-05,14.495059999999999,14.758610000000001,14.2974,14.42918,4159886.0
2023-10-06,14.495059999999999,14.725670000000001,14.2974,14.69272,3168842.0
2023-10-09,14.8245,14.95627,14.59389,14.725670000000001,3497371.0
2023-10-10,14.8245,15.088040000000001,14.69272,14.69272,3295995.0
2023-10-11,14.725670000000001,14.791549999999999,14.56095,14.758610000000001,2499473.0
2023-10-12,14.85744,15.35159,14.8245,15.02216,4811349.0
2023-10-13,14.725670000000001,15.21982,14.659780000000001,15.21982,3871186.0
2023-10-16,15.31865,15.38453,14.725670000000001,14.791549999999999,2315447.0
2023-10-17,14.92333,14.98921,13.836200000000002,13.836200000000002,2533458.0
2023-10-18,13.935030000000001,14.03386,12.880840000000001,13.3091,5312293.0
2023-10-19,13.50676,13.50676,13.04556,13.04556,2718072.0
2023-10-20,13.04556,13.836200000000002,13.01261,13.836200000000002,2329149.0
2023-10-23,13.90208,13.935030000000001,13.44088,13.63854,2088288.0
2023-10-24,13.836200000000002,14.13269,13.70442,14.13269,2813709.0
2023-10-25,14.23152,14.62684,14.165629999999998,14.363290000000001,5206398.0
2023-10-26,13.77031,13.836200000000002,13.37499,13.37499,5342385.0
2023-10-27,13.44088,14.26446,12.71612,13.57265,5245048.0
2023-10-30,13.11144,13.40793,12.78201,12.78201,1922199.0
2023-10-31,12.78201,12.913780000000001,11.89254,11.89254,3436777.0
2023-11-01,11.89254,12.25492,11.29956,12.25492,3252634.0
2023-11-02,12.38669,13.11144,12.320799999999998,13.04556,3569741.0
2023-11-03,13.17733,13.17733,12.65024,12.8479,3176464.0
2023-11-06,12.913780000000001,13.04556,12.68318,12.913780000000001,2619273.0
2023-11-07,12.78201,13.37499,12.68318,13.11144,4115455.0
2023-11-08,13.17733,14.00091,13.01261,14.00091,6777653.0
2023-11-09,14.165629999999998,14.56095,13.935030000000001,14.2974,7519622.0
2023-11-10,14.09974,14.758610000000001,13.96797,14.39623,6642700.0
2023-11-13,14.42918,15.38453,14.42918,15.15393,11397730.0
2023-11-14,15.41748,15.41748,14.890379999999999,15.21982,5758468.0
2023-11-15,15.483360000000001,15.54925,14.92333,15.088040000000001,7267568.0
2023-11-16,15.088040000000001,15.68102,14.890379999999999,15.68102,8909205.0
2023-11-17,15.8128,16.0434,15.483360000000001,15.8128,12228501.0
2023-11-20,15.54925,15.94457,15.45042,15.77985,6598683.0
2023-11-21,15.97751,15.97751,15.58219,15.77985,4302057.0
2023-11-22,15.77985,15.878680000000001,15.58219,15.8128,5322346.0
2023-11-23,16.01046,16.43872,15.8128,15.8128,12453998.0
2023-11-24,15.8128,15.911629999999999,15.0551,15.8128,8685102.0
2023-11-27,15.878680000000001,15.878680000000001,15.2857,15.2857,5368217.0
2023-11-28,15.35159,15.54925,14.8245,15.54925,6157300.0
2023-11-29,15.68102,15.94457,15.61514,15.94457,6412571.0
2023-11-30,16.0434,16.274,15.77985,16.274,12174216.0
2023-12-01,16.274,16.570490000000003,16.142229999999998,16.53755,10830001.0
2023-12-04,16.768150000000002,16.932869999999998,16.53755,16.89993,11049889.0
2023-12-05,16.998759999999997,17.0317,16.636380000000003,16.89993,8713252.0
2023-12-06,16.89993,17.06464,16.66932,17.0317,9632279.0
2023-12-07,17.0317,17.2623,16.17517,16.60344,12795932.0
2023-12-08,16.83404,16.83404,16.37283,16.768150000000002,7391035.0
2023-12-11,16.83404,16.96581,16.53755,16.932869999999998,8235045.0
2023-12-12,16.998759999999997,17.29525,16.932869999999998,17.22936,11920367.0
2023-12-13,17.22936,17.2623,16.66932,16.866979999999998,8378726.0
2023-12-14,16.73521,16.932869999999998,16.40578,16.47166,7127483.0
2023-12-15,16.33989,16.866979999999998,16.33989,16.73521,7003741.0
2023-12-18,16.66932,16.768150000000002,16.50461,16.60344,4491644.0
2023-12-19,16.60344,16.73521,16.24106,16.66932,4866900.0
2023-12-20,16.66932,17.0317,16.570490000000003,16.932869999999998,7249545.0
2023-12-21,16.998759999999997,17.62468,16.83404,17.42702,16048292.0
2023-12-22,17.29525,17.45996,17.0317,17.2623,7292099.0
2023-12-25,17.22936,17.45996,17.13053,17.32819,8391821.0
2023-12-26,17.36113,17.69057,17.32819,17.69057,13215387.0
2023-12-27,17.7894,18.05294,17.52585,17.95411,14944493.0
2023-12-28,17.95411,18.184720000000002,17.7894,17.98706,9206490.0
2023-12-29,17.98706,18.15177,17.59174,18.05294,12239935.0
2024-01-02,18.118830000000003,18.38238,17.921169999999996,18.118830000000003,10821627.0
2024-01-03,18.05294,18.118830000000003,17.82234,17.95411,7335749.0
2024-01-04,17.95411,18.05294,17.75645,17.7894,10608489.0
2024-01-05,17.85528,17.921169999999996,17.59174,17.85528,7906824.0
2024-01-08,17.723509999999997,17.95411,17.42702,17.45996,9730674.0
2024-01-09,17.52585,17.52585,16.998759999999997,16.998759999999997,10523641.0
2024-01-10,16.932869999999998,17.45996,16.60344,17.36113,9852314.0
2024-01-11,17.36113,17.657619999999998,17.13053,17.2623,7110625.0
2024-01-12,17.13053,17.16347,16.702270000000002,16.801099999999998,9898154.0
2024-01-15,16.866979999999998,16.998759999999997,16.37283,16.37283,5982057.0
2024-01-16,16.37283,17.22936,16.37283,17.22936,7717639.0
2024-01-17,17.2623,17.42702,17.0317,17.22936,6180212.0
2024-01-18,17.22936,17.29525,17.0317,17.06464,6236144.0
2024-01-19,17.13053,17.19642,16.866979999999998,16.89993,6799276.0
2024-01-22,16.932869999999998,17.32819,16.932869999999998,17.32819,11542952.0
2024-01-23,17.36113,17.36113,16.998759999999997,17.0317,4494439.0
2024-01-24,17.13053,17.13053,16.83404,16.866979999999998,3992703.0
2024-01-25,16.96581,16.96581,16.73521,16.768150000000002,3870048.0
2024-01-26,16.866979999999998,16.866979999999998,16.66932,16.866979999999998,3944030.0
2024-01-29,16.998759999999997,17.22936,16.89993,17.13053,6627895.0
2024-01-30,17.06464,17.7894,16.96581,17.7894,13143257.0
2024-01-31,17.85528,17.88823,17.22936,17.36113,8659307.0
2024-02-01,17.42702,17.7894,17.36113,17.7894,8912424.0
2024-02-02,17.85528,17.921169999999996,17.49291,17.59174,9520874.0
2024-02-05,17.657619999999998,17.75645,17.394080000000002,17.394080000000002,6610048.0
2024-02-06,17.45996,17.921169999999996,17.42702,17.82234,11684153.0
2024-02-07,17.88823,18.81064,17.82234,18.81064,22303209.0
2024-02-15,18.909470000000002,19.074189999999998,18.61298,18.71181,10245566.0
2024-02-16,18.74475,19.0083,18.51415,19.0083,11948056.0
2024-02-19,19.10713,19.766,18.51415,19.766,13517326.0
2024-02-20,19.60128,19.634220000000003,19.271849999999997,19.56834,10418448.0
2024-02-21,19.56834,19.89777,19.2389,19.634220000000003,9118578.0
2024-02-22,19.60128,20.02954,19.53539,19.83188,11730217.0
2024-02-23,19.89777,19.96366,18.7777,18.7777,13367848.0
2024-02-26,18.94241,19.30479,18.67887,19.2389,11779364.0
2024-02-27,19.40362,19.634220000000003,19.0083,19.56834,9890233.0
2024-02-28,19.66717,19.930709999999998,19.46951,19.89777,12979840.0
2024-02-29,19.96366,19.96366,19.40362,19.700110000000002,10771566.0
2024-03-01,19.766,19.83188,19.43656,19.56834,9047692.0
2024-03-04,19.50245,19.56834,19.205959999999997,19.37068,11734296.0
2024-03-05,19.43656,19.66717,19.14007,19.60128,11642297.0
2024-03-06,19.60128,19.634220000000003,19.14007,19.14007,7572598.0
2024-03-07,19.2389,19.37068,19.074189999999998,19.17302,9417129.0
2024-03-08,19.2389,19.60128,18.975360000000002,19.37068,15215404.0
2024-03-11,19.50245,20.2272,19.50245,20.16132,24075851.0
2024-03-12,20.260150000000003,20.32603,19.86483,20.2272,12798205.0
2024-03-13,20.32603,21.08373,20.12837,21.08373,17145222.0
2024-03-14,21.01784,21.08373,20.556639999999998,20.82018,13444840.0
2024-03-15,20.88607,20.91901,20.457810000000002,20.7543,9080516.0
2024-03-18,20.68841,20.95196,19.30479,20.16132,16274611.0
2024-03-19,20.2272,20.42486,19.83188,20.16132,8906746.0
2024-03-20,20.2272,20.62252,20.02954,20.42486,10102530.0
2024-03-21,20.556639999999998,20.88607,20.457810000000002,20.78724,11552622.0
2024-03-22,20.88607,21.08373,20.65547,20.78724,12662565.0
2024-03-25,20.82018,20.82018,20.06249,20.19426,11127767.0
2024-03-26,20.09543,20.7543,19.86483,20.7543,7958271.0
2024-03-27,20.78724,20.95196,20.62252,20.88607,7627870.0
2024-03-28,21.01784,21.347279999999998,20.95196,21.2155,10514508.0
2024-03-29,21.38022,21.51199,21.01784,21.347279999999998,10454349.0
2024-04-01,21.347279999999998,21.38022,20.91901,21.08373,8170017.0
2024-04-02,20.984900000000003,21.28139,20.68841,21.248450000000002,8493536.0
2024-04-03,21.28139,21.347279999999998,20.78724,21.05079,6826273.0
2024-04-04,21.38022,22.10497,21.2155,21.347279999999998,21202136.0
2024-04-05,21.08373,21.2155,20.12837,20.12837,9487847.0
2024-04-08,20.260150000000003,20.29309,19.83188,20.09543,9742347.0
2024-04-09,20.09543,20.29309,19.53539,20.2272,10862582.0
2024-04-10,20.19426,20.58958,20.09543,20.29309,7581879.0
2024-04-11,19.96366,20.457810000000002,19.86483,20.42486,8387715.0
2024-04-12,20.556639999999998,20.62252,20.260150000000003,20.35898,5275574.0
2024-04-15,20.35898,20.35898,18.94241,18.94241,8389924.0
2024-04-16,18.843580000000003,18.87653,17.75645,18.05294,10398802.0
2024-04-17,18.2506,18.51415,18.02,18.21766,7649844.0
2024-04-19,17.7894,17.98706,17.13053,17.13053,10160905.0
2024-04-22,17.32819,18.31649,17.19642,18.31649,10986551.0
2024-04-23,18.2506,18.31649,17.2623,17.7894,7204499.0
2024-04-24,17.85528,18.448259999999998,17.85528,18.448259999999998,9206740.0
2024-04-25,18.48121,18.48121,17.95411,18.2506,6433025.0
2024-04-26,18.05294,18.58004,18.02,18.448259999999998,7795321.0
2024-05-02,18.645919999999997,18.94241,18.48121,18.67887,7089930.0
2024-05-03,18.7777,18.87653,18.31649,18.38238,6655800.0
2024-05-06,18.51415,19.074189999999998,18.48121,19.0083,9789528.0
2024-05-07,19.10713,19.53539,18.975360000000002,19.43656,10724711.0
2024-05-08,19.17302,19.40362,19.0083,19.30479,7711185.0
2024-05-09,19.40362,19.50245,19.041240000000002,19.041240000000002,6853455.0
2024-05-10,19.17302,20.2272,19.10713,20.2272,16850048.0
2024-05-13,20.2272,20.91901,20.02954,20.556639999999998,15444690.0
2024-05-14,20.7543,20.7543,20.32603,20.39192,7538112.0
2024-05-15,20.556639999999998,20.88607,20.29309,20.32603,11526190.0
2024-05-16,20.556639999999998,20.95196,20.32603,20.68841,12121060.0
2024-05-17,21.01784,22.10497,20.95196,22.00614,20405948.0
2024-05-20,22.533240000000003,22.829729999999998,22.36852,22.763840000000002,13842926.0
2024-05-21,22.730900000000002,23.35682,22.36852,23.09327,12225008.0
2024-05-22,23.257990000000003,23.257990000000003,22.56618,22.63207,11757946.0
2024-05-23,22.46735,23.554479999999998,22.46735,23.48859,7571144.0
2024-05-24,23.257990000000003,23.85097,22.17086,22.92856,11760628.0
2024-05-27,22.92856,23.1921,22.59912,22.9615,4241236.0
2024-05-28,23.06033,23.52154,22.9615,23.323880000000003,5509248.0
2024-05-29,23.52154,23.982740000000003,23.12622,23.12622,8066358.0
2024-05-30,22.92856,23.7192,22.33558,23.587419999999998,10525813.0
2024-05-31,23.7192,23.78508,23.29093,23.42271,3417113.0
2024-06-03,23.52154,23.620369999999998,23.22505,23.455650000000002,4992929.0
2024-06-04,23.587419999999998,24.180400000000002,23.29093,23.65331,7958831.0
2024-06-05,23.7192,23.7192,23.1921,23.1921,5989748.0
2024-06-06,23.257990000000003,23.38976,22.59912,22.9615,8215867.0
2024-06-07,23.15916,23.48859,22.9615,23.29093,3699021.0
2024-06-10,23.323880000000003,24.27923,23.323880000000003,23.7192,7337408.0
2024-06-11,23.7192,23.78508,23.323880000000003,23.48859,3902243.0
2024-06-12,23.455650000000002,23.65331,23.29093,23.554479999999998,2698423.0
2024-06-13,23.7192,24.01569,23.554479999999998,23.91686,5225856.0
2024-06-14,23.982740000000003,24.180400000000002,23.1921,23.1921,7497093.0
2024-06-17,23.12622,23.257990000000003,22.763840000000002,22.79678,6562092.0
2024-06-18,22.9615,23.620369999999998,22.92856,23.257990000000003,5217148.0
2024-06-19,23.48859,23.88391,23.257990000000003,23.65331,6678538.0
2024-06-20,23.85097,24.01569,23.38976,23.91686,6364689.0
2024-06-21,24.11452,24.74044,23.81803,24.246290000000002,13132725.0
2024-06-24,24.04863,24.180400000000002,22.79678,22.9615,8314516.0
2024-06-25,23.02739,23.12622,22.59912,22.862669999999998,5697724.0
2024-06-26,22.92856,23.7192,22.10497,23.7192,12244188.0
2024-06-27,23.587419999999998,23.65331,23.15916,23.1921,2541015.0
2024-06-28,23.35682,23.38976,22.40146,22.40146,5164185.0
2024-07-01,22.40146,22.862669999999998,22.137919999999998,22.730900000000002,3522520.0
2024-07-02,22.92856,22.92856,22.56618,22.79678,2868961.0
2024-07-03,22.89561,23.09327,22.697950000000002,22.697950000000002,2920407.0
2024-07-04,22.79678,22.79678,22.203799999999998,22.46735,5671925.0
2024-07-05,22.46735,23.22505,22.46735,23.22505,8148133.0
2024-07-08,23.06033,23.52154,22.9615,23.323880000000003,6313459.0
2024-07-09,23.48859,24.04863,23.323880000000003,24.04863,13304677.0
2024-07-10,24.31218,24.54278,23.06033,23.7192,11188712.0
2024-07-11,23.7192,23.7192,22.763840000000002,22.763840000000002,10865104.0
2024-07-12,22.730900000000002,22.92856,22.269689999999997,22.40146,9980834.0
2024-07-15,23.24375,23.62668,22.86082,23.12887,5617414.0
2024-07-16,23.35863,23.473509999999997,22.93741,22.9757,2844853.0
2024-07-17,23.20546,23.20546,21.3674,21.9035,5329655.0
2024-07-18,21.865209999999998,22.20984,21.29082,22.13326,5241349.0
2024-07-19,22.056669999999997,22.056669999999997,21.55887,21.55887,2264306.0
2024-07-22,21.59716,21.67375,20.52496,20.52496,5153385.0
2024-07-23,20.52496,20.8313,19.108130000000003,19.108130000000003,6038285.0
2024-07-24,18.99325,20.2952,18.87837,20.2952,6644506.0
2024-07-25,19.98886,20.56325,19.797400000000003,20.37179,4167946.0
2024-07-26,20.486669999999997,21.52057,20.41008,21.52057,6918913.0
2024-07-29,21.75033,21.75033,21.02277,21.443990000000003,3679490.0
2024-07-30,21.443990000000003,21.67375,19.95057,19.95057,13461099.0
2024-07-31,20.027150000000002,20.44837,19.56764,19.64422,3963460.0
2024-08-01,19.68252,20.18032,19.56764,20.103740000000002,6560075.0
2024-08-02,20.065450000000002,21.48228,19.529349999999997,21.48228,10626359.0
2024-08-05,21.21423,21.75033,20.3335,20.67813,8307127.0
2024-08-06,20.98447,21.48228,20.37179,21.3674,7868608.0
2024-08-07,21.443990000000003,21.443990000000003,20.60155,21.175939999999997,5272552.0
2024-08-08,21.13765,21.29082,20.14203,20.67813,6176275.0
2024-08-09,20.90789,21.13765,20.67813,20.90789,4394035.0
2024-08-12,20.98447,21.29082,20.754720000000002,21.21423,5249282.0
2024-08-13,21.32911,22.056669999999997,21.21423,21.21423,8494446.0
2024-08-14,21.3674,21.4057,20.71642,20.71642,4818237.0
2024-08-15,20.754720000000002,20.754720000000002,20.065450000000002,20.56325,6540890.0
2024-08-16,20.63984,21.32911,20.56325,20.98447,5139516.0
2024-08-19,21.13765,21.98009,20.98447,21.788619999999998,10198284.0
2024-08-20,21.9035,22.01838,21.48228,21.788619999999998,4883869.0
2024-08-21,21.826919999999998,22.056669999999997,21.635450000000002,21.712040000000002,3622131.0
2024-08-22,21.826919999999998,21.826919999999998,21.3674,21.4057,4074250.0
2024-08-23,21.4057,21.48228,21.06106,21.48228,4715700.0
2024-08-26,21.67375,21.712040000000002,21.099349999999998,21.099349999999998,2529319.0
2024-08-27,21.099349999999998,21.59716,21.06106,21.52057,4530222.0
2024-08-28,21.59716,21.9035,21.3674,21.788619999999998,6426038.0
2024-08-29,21.826919999999998,22.28643,21.788619999999998,22.056669999999997,8356057.0
2024-08-30,22.13326,22.13326,21.67375,21.788619999999998,3047188.0
2024-09-04,21.443990000000003,21.59716,21.175939999999997,21.3674,3940869.0
2024-09-05,21.59716,21.788619999999998,21.32911,21.55887,3450489.0
2024-09-06,21.55887,21.55887,21.06106,21.3674,5576286.0
2024-09-09,21.32911,22.36302,21.29082,22.17155,6696702.0
2024-09-10,22.36302,23.43522,22.28643,22.66936,15867123.0
2024-09-11,22.78424,22.82253,22.20984,22.324720000000003,5227167.0
2024-09-12,22.516189999999998,22.70765,22.20984,22.401310000000002,5513536.0
2024-09-13,22.4396,22.66936,22.24814,22.554479999999998,5457712.0
2024-09-16,22.70765,22.9757,22.36302,22.401310000000002,5128532.0
2024-09-17,22.401310000000002,22.745939999999997,22.24814,22.745939999999997,4033287.0
2024-09-18,22.89912,22.89912,22.516189999999998,22.554479999999998,4212368.0
2024-09-19,22.66936,23.05229,22.47789,22.9757,7066138.0
2024-09-20,23.24375,23.24375,22.86082,23.12887,6046460.0
2024-09-23,23.05229,23.20546,22.59277,22.745939999999997,3515661.0
2024-09-24,22.82253,22.89912,22.63107,22.78424,3541930.0
2024-09-25,22.78424,22.93741,22.66936,22.78424,4722493.0
2024-09-26,22.78424,23.05229,22.59277,22.59277,3940837.0
2024-09-27,22.745939999999997,22.745939999999997,22.20984,22.20984,5367184.0
2024-09-30,22.20984,22.516189999999998,21.98009,22.20984,5815378.0
2024-10-01,22.324720000000003,22.745939999999997,22.28643,22.59277,9037577.0
2024-10-02,22.59277,22.86082,22.47789,22.66936,5516225.0
2024-10-03,22.66936,22.70765,22.09497,22.20984,6679383.0
2024-10-04,22.20984,22.324720000000003,22.01838,22.09497,3771646.0
2024-10-07,22.324720000000003,22.324720000000003,22.01838,22.28643,3481949.0
2024-10-08,22.28643,22.63107,22.13326,22.4396,4980261.0
2024-10-09,22.63107,23.12887,22.401310000000002,23.12887,13393285.0
2024-10-10,23.282040000000002,23.32034,23.05229,23.12887,7244978.0
2024-10-11,23.16717,23.24375,23.05229,23.20546,3542018.0
2024-10-14,23.396919999999998,23.77985,23.32034,23.66497,8809563.0
2024-10-15,23.97132,24.12449,23.12887,23.282040000000002,10774258.0
2024-10-16,23.20546,23.282040000000002,22.59277,22.93741,7616445.0
2024-10-17,22.9757,23.090580000000003,22.20984,22.47789,9321088.0
2024-10-18,22.66936,22.9757,22.47789,22.59277,4112307.0
2024-10-21,22.554479999999998,22.554479999999998,22.28643,22.28643,3209785.0
2024-10-22,22.24814,22.28643,21.59716,21.75033,6098020.0
2024-10-23,21.865209999999998,22.09497,21.712040000000002,22.09497,4035757.0
2024-10-24,21.98009,22.056669999999997,21.4057,21.443990000000003,6005148.0
2024-10-25,21.59716,21.635450000000002,21.21423,21.21423,3552240.0
2024-10-28,21.3674,21.635450000000002,21.21423,21.52057,3084024.0
2024-10-29,21.59716,21.712040000000002,21.443990000000003,21.52057,2649791.0
2024-10-30,21.4057,21.52057,21.02277,21.21423,5639065.0
2024-10-31,21.21423,21.712040000000002,21.21423,21.443990000000003,2907089.0
2024-11-01,21.4057,21.443990000000003,21.13765,21.29082,2479339.0
2024-11-04,21.3674,21.3674,21.06106,21.06106,2534711.0
2024-11-05,21.21423,21.21423,20.8696,21.099349999999998,4154010.0
2024-11-06,21.21423,21.4057,21.02277,21.4057,5921683.0
2024-11-07,21.443990000000003,21.865209999999998,21.3674,21.443990000000003,6470080.0
2024-11-08,21.48228,21.48228,21.099349999999998,21.099349999999998,4544049.0
2024-11-11,21.099349999999998,21.4057,20.90789,21.21423,5066428.0
2024-11-12,21.21423,21.826919999999998,21.21423,21.55887,7170594.0
2024-11-13,21.443990000000003,21.635450000000002,21.32911,21.3674,3277284.0
2024-11-14,21.32911,21.443990000000003,20.41008,20.486669999999997,7013430.0
2024-11-15,20.486669999999997,20.486669999999997,19.7591,19.98886,7721681.0
2024-11-18,20.027150000000002,20.37179,19.797400000000003,20.18032,2244022.0
2024-11-19,20.18032,20.3335,19.797400000000003,19.83569,2188257.0
2024-11-20,19.83569,20.41008,19.72081,20.065450000000002,3320571.0
2024-11-21,20.14203,20.3335,20.065450000000002,20.3335,1578326.0
2024-11-22,20.41008,20.44837,20.065450000000002,20.103740000000002,2210163.0
2024-11-25,20.103740000000002,20.37179,20.065450000000002,20.218619999999998,1785300.0
2024-11-26,20.218619999999998,20.60155,20.218619999999998,20.3335,3203517.0
2024-11-27,20.44837,20.67813,20.3335,20.37179,2947344.0
2024-11-28,20.52496,20.52496,20.18032,20.2952,1888085.0
2024-11-29,20.218619999999998,20.60155,20.218619999999998,20.60155,2511360.0
2024-12-02,20.67813,20.8313,20.60155,20.754720000000002,2561097.0
2024-12-03,20.67813,20.8696,20.44837,20.44837,2521300.0
2024-12-04,20.37179,20.52496,20.065450000000002,20.065450000000002,3294335.0
2024-12-05,20.065450000000002,20.8313,19.91227,20.79301,4297426.0
2024-12-06,20.67813,21.21423,20.67813,20.8313,5199912.0
2024-12-09,20.8696,21.175939999999997,20.8696,20.90789,3580249.0
2024-12-10,20.90789,21.099349999999998,20.8313,20.8696,2297731.0
2024-12-11,21.06106,21.175939999999997,20.754720000000002,20.8313,3341146.0
2024-12-12,20.8313,20.98447,20.79301,20.8313,1937301.0
2024-12-13,20.8313,20.8313,20.41008,20.486669999999997,3501011.0
2024-12-16,20.67813,20.754720000000002,20.44837,20.52496,1619349.0
2024-12-17,20.63984,21.06106,20.52496,20.8313,3653415.0
2024-12-18,20.946180000000002,21.98009,20.946180000000002,21.9418,12414305.0
2024-12-19,21.59716,21.826919999999998,21.52057,21.712040000000002,6145269.0
2024-12-20,21.48228,21.9035,21.48228,21.75033,4093998.0
2024-12-23,22.13326,22.28643,21.98009,22.056669999999997,7844792.0
2024-12-24,22.20984,22.20984,21.9035,22.13326,5390928.0
2024-12-25,22.17155,22.17155,21.788619999999998,21.9035,6249180.0
2024-12-26,21.98009,21.98009,21.59716,21.826919999999998,4365260.0
2024-12-27,21.865209999999998,22.28643,21.788619999999998,21.865209999999998,6644736.0
2024-12-30,21.9035,22.01838,21.52057,21.52057,2893794.0
2024-12-31,21.443990000000003,21.75033,21.25252,21.25252,3850062.0
2025-01-02,21.52057,21.9418,21.4057,21.67375,3812490.0
2025-01-03,21.75033,21.75033,21.21423,21.25252,4663702.0
2025-01-06,21.32911,21.4057,19.797400000000003,20.2952,6259061.0
2025-01-07,20.56325,20.8696,20.41008,20.486669999999997,3994017.0
2025-01-08,20.486669999999997,20.754720000000002,20.44837,20.63984,2681967.0
2025-01-09,20.67813,20.754720000000002,20.37179,20.37179,2131691.0
2025-01-10,20.37179,20.60155,20.065450000000002,20.3335,3540054.0
2025-01-13,20.3335,20.8696,20.18032,20.71642,3093061.0
2025-01-14,20.8313,20.8313,20.37179,20.37179,1336660.0
2025-01-15,20.52496,20.56325,20.2952,20.3335,2944098.0
2025-01-16,20.44837,20.8313,20.3335,20.41008,4754622.0
2025-01-17,20.52496,20.52496,20.37179,20.41008,2472965.0
2025-01-20,20.52496,20.754720000000002,20.37179,20.37179,2168289.0
2025-01-21,20.3335,20.486669999999997,20.027150000000002,20.027150000000002,3989227.0
2025-01-22,20.027150000000002,20.14203,19.491049999999998,19.491049999999998,6230835.0
2025-01-23,19.491049999999998,19.7591,19.37618,19.64422,4442863.0
2025-01-24,19.64422,19.68252,19.452759999999998,19.452759999999998,2320061.0
2025-02-03,19.60593,19.98886,19.56764,19.72081,2253060.0
2025-02-04,19.91227,20.37179,19.83569,20.2952,4469576.0
2025-02-05,20.44837,20.44837,20.18032,20.18032,2552273.0
2025-02-06,20.25691,20.3335,20.065450000000002,20.103740000000002,2377044.0
2025-02-07,20.103740000000002,20.2952,19.98886,20.103740000000002,3364785.0
2025-02-10,20.25691,20.37179,20.027150000000002,20.065450000000002,3613418.0
2025-02-11,20.218619999999998,20.71642,20.18032,20.67813,8386382.0
2025-02-12,20.8313,20.8313,20.486669999999997,20.486669999999997,2587763.0
2025-02-13,20.60155,20.79301,20.486669999999997,20.67813,3256580.0
2025-02-14,20.8313,21.175939999999997,20.79301,21.02277,7087517.0
2025-02-17,21.25252,21.59716,20.946180000000002,20.946180000000002,8781095.0
2025-02-18,20.90789,21.175939999999997,20.79301,20.8313,3739512.0
2025-02-19,21.06106,21.52057,20.98447,21.29082,7431960.0
2025-02-20,21.52057,21.59716,21.21423,21.32911,3762518.0
2025-02-21,21.443990000000003,21.67375,21.29082,21.4057,5965691.0
2025-02-24,21.52057,22.01838,21.48228,21.75033,6600300.0
2025-02-25,21.9418,21.98009,21.59716,21.67375,4529078.0
2025-02-26,21.865209999999998,22.17155,21.75033,21.98009,8161006.0
2025-02-27,22.17155,22.59277,22.13326,22.554479999999998,10776242.0
2025-02-28,22.59277,22.82253,22.36302,22.66936,8519701.0
2025-03-03,23.24375,23.89473,23.090580000000003,23.282040000000002,14445720.0
2025-03-04,23.20546,23.35863,22.78424,23.35863,7924290.0
2025-03-05,23.5118,23.66497,23.12887,23.32034,6227851.0
2025-03-06,23.58839,23.74156,23.43522,23.74156,7662748.0
2025-03-07,23.81814,23.89473,23.43522,23.473509999999997,7451804.0
2025-03-10,23.5118,23.5118,23.05229,23.090580000000003,10647958.0
2025-03-11,22.82253,23.58839,22.82253,23.58839,8505202.0
2025-03-12,23.55009,23.62668,23.090580000000003,23.090580000000003,9427113.0
2025-03-13,23.58839,24.08619,23.12887,23.24375,13821788.0
2025-03-14,23.282040000000002,23.282040000000002,22.401310000000002,22.47789,15230303.0
2025-03-17,22.554479999999998,22.78424,22.4396,22.516189999999998,4310450.0
2025-03-18,22.516189999999998,22.82253,22.4396,22.516189999999998,4909839.0
2025-03-19,22.554479999999998,22.63107,22.4396,22.63107,3385868.0
2025-03-20,22.745939999999997,22.745939999999997,22.01838,22.516189999999998,7184500.0
2025-03-21,22.516189999999998,22.516189999999998,22.01838,22.01838,4867787.0
2025-03-24,22.47789,22.9757,22.36302,22.9757,10012853.0
2025-03-25,23.20546,23.20546,22.78424,22.89912,5638192.0
2025-03-26,22.89912,22.89912,22.401310000000002,22.516189999999998,5517548.0
2025-03-27,22.4396,22.89912,22.324720000000003,22.66936,6316070.0
2025-03-28,22.82253,22.93741,22.516189999999998,22.82253,4292739.0
2025-03-31,22.89912,23.35863,22.4396,22.78424,9198753.0
2025-04-01,22.82253,22.89912,22.36302,22.70765,8788980.0
2025-04-02,22.70765,22.82253,22.4396,22.4396,5588896.0
2025-04-03,21.29082,21.59716,20.8696,20.8696,11579913.0
2025-04-04,19.41447,19.7591,19.41447,19.41447,16626466.0
2025-04-08,19.37618,19.529349999999997,18.07422,18.07422,8563253.0
2025-04-09,16.810560000000002,17.57641,16.810560000000002,16.810560000000002,17182638.0
2025-04-10,17.95934,17.95934,17.95934,17.95934,706813.0
2025-04-11,19.18471,19.18471,18.30398,19.18471,13185150.0
2025-04-14,19.37618,20.41008,19.14642,20.18032,10037026.0
2025-04-15,19.98886,20.027150000000002,19.491049999999998,19.83569,5939595.0
2025-04-16,20.065450000000002,20.14203,19.529349999999997,19.87398,4736725.0
2025-04-17,19.68252,20.065450000000002,19.56764,20.065450000000002,3749411.0
2025-04-18,20.2952,20.90789,20.103740000000002,20.52496,7973701.0
2025-04-21,21.02277,21.02277,20.52496,20.8696,5435662.0
2025-04-22,20.90789,21.443990000000003,19.529349999999997,20.71642,16323788.0
2025-04-23,21.25252,21.9035,21.06106,21.55887,8985421.0
2025-04-24,21.59716,21.635450000000002,20.98447,21.4057,6531113.0
2025-04-25,21.55887,21.55887,20.8313,20.8313,7415200.0
2025-04-28,20.67813,21.02277,20.67813,20.8313,2855988.0
2025-04-29,20.8696,21.32911,20.8313,21.02277,4762429.0
2025-05-05,21.25252,21.52057,20.98447,21.52057,5339696.0
2025-05-06,21.52057,21.635450000000002,21.099349999999998,21.099349999999998,5606359.0
2025-05-07,21.06106,21.32911,21.02277,21.099349999999998,4074816.0
2025-05-08,21.25252,21.25252,20.90789,21.13765,5544068.0
2025-05-09,21.29082,21.635450000000002,21.21423,21.443990000000003,7269973.0
2025-05-12,21.52057,22.01838,21.32911,21.9035,9400832.0
2025-05-13,22.13326,22.28643,21.9035,22.09497,7203257.0
2025-05-14,22.13326,22.28643,21.9418,22.24814,8581736.0
2025-05-15,22.36302,22.36302,21.9418,22.24814,7066863.0
2025-05-16,22.20984,22.24814,21.75033,21.826919999999998,6432304.0
2025-05-19,21.635450000000002,21.788619999999998,20.8313,20.90789,16600895.0
2025-05-20,20.98447,21.32911,20.8313,21.21423,5332630.0
2025-05-21,21.21423,21.55887,20.90789,21.3674,7900322.0
2025-05-22,21.3674,21.55887,21.099349999999998,21.13765,7136181.0
2025-05-23,21.099349999999998,21.52057,21.099349999999998,21.3674,5258931.0
2025-05-26,21.52057,21.826919999999998,20.98447,21.826919999999998,8796770.0
2025-05-27,21.98009,22.01838,21.788619999999998,21.826919999999998,5528254.0
2025-05-28,21.865209999999998,22.17155,21.52057,21.67375,8280184.0
2025-05-29,21.712040000000002,21.9035,21.52057,21.59716,6162441.0
2025-05-30,21.52057,21.55887,20.98447,20.98447,10236051.0
2025-06-02,20.90789,21.175939999999997,20.8313,21.02277,6065090.0
2025-06-03,21.21423,21.55887,21.175939999999997,21.25252,4539569.0
2025-06-04,21.443990000000003,22.70765,21.4057,22.70765,26866995.0
2025-06-05,23.05229,23.090580000000003,22.516189999999998,22.516189999999998,9231411.0
2025-06-06,22.59277,23.12887,22.4396,22.82253,12867449.0
2025-06-09,23.12887,23.77985,23.12887,23.16717,12123130.0
2025-06-10,23.05229,23.32034,22.745939999999997,22.82253,7306013.0
2025-06-11,22.86082,23.62668,22.59277,23.5118,10762874.0
2025-06-12,23.74156,24.35424,23.43522,23.43522,11460860.0
2025-06-13,23.05229,23.58839,22.93741,23.24375,12424248.0
2025-06-16,23.20546,23.74156,23.12887,23.55009,8683590.0
2025-06-17,23.55009,23.77985,23.24375,23.32034,6187027.0
2025-06-18,23.5118,24.009610000000002,23.282040000000002,23.32034,7645103.0
2025-06-19,23.35863,23.35863,22.516189999999998,22.93741,12085641.0
2025-06-20,23.05229,23.74156,22.78424,23.43522,11160741.0
2025-06-23,23.35863,24.584,23.282040000000002,24.39254,19784948.0
2025-06-24,24.584,24.584,24.162779999999998,24.35424,7285723.0
2025-06-25,24.50742,24.96693,24.08619,24.20107,9382715.0
2025-06-26,24.39254,24.43083,23.85644,24.43083,6652896.0
2025-06-27,24.62229,24.85205,24.27766,24.50742,9285192.0
2025-06-30,24.81376,26.1923,24.62229,26.03913,17780541.0
2025-07-01,26.15401,26.69011,25.84766,26.57523,12000422.0
2025-07-02,26.80499,27.111330000000002,26.345470000000002,26.498639999999998,9331125.0
2025-07-03,26.345470000000002,27.034740000000003,26.1923,26.26889,12368139.0
2025-07-04,26.26889,26.69011,26.23059,26.498639999999998,6787622.0
2025-07-07,26.65181,26.7284,26.1923,26.61352,8005566.0
2025-07-08,26.80499,27.14962,26.422060000000002,26.61352,7346084.0
2025-07-09,26.80499,26.88157,25.809369999999998,26.03913,18146015.0
2025-07-10,25.88596,26.26889,25.464740000000003,25.694490000000002,12859992.0
2025-07-11,25.809369999999998,26.15401,25.42644,25.809369999999998,7536497.0
2025-07-14,25.73279,26.23059,25.50303,26.11571,7490823.0
2025-07-15,26.30718,26.38376,25.73279,25.73279,8586504.0
2025-07-16,25.84766,25.96254,25.656200000000002,25.73279,7086709.0
2025-07-17,25.77108,26.69011,25.54132,26.03913,18275120.0
2025-07-18,26.11571,26.23059,25.73279,25.809369999999998,7218827.0
2025-07-21,25.96254,26.23059,25.120099999999997,25.19669,11197389.0
2025-07-22,25.15839,25.92425,24.698880000000003,25.92425,15287363.0
2025-07-23,26.077419999999996,26.95816,25.656200000000002,26.46035,18474157.0
2025-07-24,26.69011,26.69011,26.03913,26.26889,8124215.0
2025-07-25,26.536939999999998,27.91548,26.46035,27.455959999999997,22805823.0
2025-07-28,27.64743,27.64743,27.14962,27.53255,12237598.0
2025-07-29,28.22182,28.22182,25.61791,25.61791,24876970.0
2025-07-30,26.03913,26.30718,25.61791,26.15401,12445148.0
2025-07-31,26.498639999999998,26.498639999999998,25.27327,25.73279,9902240.0
2025-08-01,26.00084,26.498639999999998,25.656200000000002,26.1923,8689687.0
2025-08-04,26.1923,26.57523,26.1923,26.422060000000002,7065475.0
2025-08-05,26.61352,26.95816,25.00522,25.92425,17123578.0
2025-08-06,26.077419999999996,26.422060000000002,25.809369999999998,26.30718,10897055.0
2025-08-07,27.1696,27.389770000000002,26.465040000000002,26.64118,12188827.0
2025-08-08,26.90538,27.69802,26.465040000000002,27.25766,12771522.0
2025-08-11,27.74205,27.87416,27.25766,27.3017,11004052.0
2025-08-12,27.52188,27.65398,26.94942,27.52188,9876311.0
2025-08-13,27.65398,27.69802,26.861349999999998,27.25766,11020220.0
2025-08-14,27.3017,28.49064,27.08152,27.52188,14890685.0
2025-08-15,27.56591,27.65398,26.685209999999998,26.72925,10778344.0
2025-08-18,26.72925,26.72925,25.84854,25.936619999999998,12584052.0
2025-08-19,25.98065,26.2889,25.71644,25.804509999999997,10976848.0
2025-08-20,25.804509999999997,26.33293,24.96784,25.01188,11140844.0
2025-08-21,25.055919999999997,25.27609,24.087139999999998,24.17522,14705055.0
2025-08-22,23.73486,24.92381,23.690830000000002,24.21925,10288683.0
2025-08-25,24.5275,24.615560000000002,23.118380000000002,23.118380000000002,7308477.0
2025-08-26,23.118380000000002,24.17522,23.118380000000002,24.17522,5199784.0
2025-08-27,24.263279999999998,24.39539,23.82294,24.043110000000002,6625675.0
2025-08-28,24.21925,24.5275,23.999080000000003,24.30732,4800829.0
2025-08-29,24.659599999999998,25.18802,24.39539,24.43942,9007800.0
2025-09-03,24.74767,25.01188,24.43942,24.83574,4278073.0
2025-09-04,24.92381,25.14398,24.57153,24.659599999999998,7863051.0
2025-09-05,24.96784,25.055919999999997,24.43942,24.43942,9780178.0
2025-09-08,24.30732,24.615560000000002,23.690830000000002,23.690830000000002,8374162.0
2025-09-09,23.999080000000003,25.09995,23.866970000000002,25.055919999999997,12518535.0
2025-09-10,25.23206,25.98065,24.659599999999998,25.892580000000002,15950257.0
2025-09-11,25.936619999999998,26.02468,25.27609,25.892580000000002,11308882.0
2025-09-12,25.98065,25.98065,25.5403,25.67241,7368582.0
2025-09-15,25.76048,26.15679,25.67241,25.804509999999997,7682553.0
2025-09-16,25.892580000000002,26.20082,25.5403,25.5403,10515659.0
2025-09-17,25.4082,25.67241,24.83574,24.83574,9755275.0
2025-09-18,24.87978,25.055919999999997,24.48346,24.57153,6001726.0
2025-09-19,24.87978,24.87978,24.5275,24.5275,4024665.0
2025-09-22,24.57153,24.615560000000002,23.60276,23.95504,7294354.0
2025-09-23,23.999080000000003,24.35136,23.95504,23.95504,2887194.0
2025-09-24,23.999080000000003,24.263279999999998,23.82294,24.263279999999998,3882291.0
2025-09-25,24.35136,24.5275,24.21925,24.39539,3873032.0
2025-09-26,24.39539,24.615560000000002,23.95504,23.95504,3896970.0
2025-09-29,24.21925,24.74767,24.043110000000002,24.48346,5285306.0
2025-09-30,24.5275,24.57153,23.911,23.999080000000003,4763603.0
2025-10-01,24.17522,24.263279999999998,24.043110000000002,24.13118,2594412.0
2025-10-02,24.13118,24.21925,23.690830000000002,23.73486,3965641.0
2025-10-03,23.47066,24.13118,23.47066,23.690830000000002,4221534.0
2025-10-06,23.866970000000002,24.30732,23.82294,24.30732,2754762.0
2025-10-07,24.48346,24.48346,23.95504,23.95504,3119197.0
2025-10-08,24.21925,24.615560000000002,23.911,24.21925,4917685.0
2025-10-09,24.39539,24.791700000000002,24.30732,24.48346,6102485.0
2025-10-10,24.57153,24.659599999999998,24.21925,24.35136,4758164.0
2025-10-13,23.911,24.21925,23.911,24.17522,4863317.0
2025-10-14,24.17522,24.43942,23.82294,23.95504,6619761.0
2025-10-15,23.999080000000003,24.087139999999998,23.7789,23.7789,4179682.0
2025-10-16,23.82294,24.043110000000002,23.6468,23.7789,4038727.0
2025-10-17,23.866970000000002,24.087139999999998,23.690830000000002,23.690830000000002,4076498.0
2025-10-20,23.690830000000002,23.7789,22.06154,22.06154,7969442.0
2025-10-21,22.10557,22.81013,21.92943,22.63399,6706085.0
2025-10-22,22.722060000000003,22.81013,22.23768,22.54592,2621199.0
2025-10-23,22.85416,23.206439999999997,22.63399,22.63399,2876457.0
2025-10-24,22.63399,22.766099999999998,22.23768,22.50188,1880574.0
2025-10-27,22.722060000000003,22.81013,22.36978,22.50188,3025025.0
2025-10-28,22.457849999999997,22.722060000000003,22.32575,22.722060000000003,2198686.0
2025-10-29,22.81013,23.690830000000002,22.81013,23.55872,4161557.0
2025-10-30,23.60276,23.60276,23.16241,23.25048,2750298.0
2025-10-31,23.38259,23.73486,23.294520000000002,23.38259,3037524.0
2025-11-03,23.42662,23.514689999999998,22.722060000000003,22.722060000000003,3481720.0
2025-11-04,22.722060000000003,23.206439999999997,22.0175,23.206439999999997,5074378.0
2025-11-05,23.206439999999997,23.206439999999997,22.722060000000003,22.722060000000003,2199998.0
2025-11-06,22.722060000000003,22.8982,22.50188,22.67802,1685912.0
2025-11-07,22.589959999999998,22.722060000000003,22.06154,22.10557,2771793.0
2025-11-10,22.10557,22.28171,22.0175,22.1496,1612487.0
2025-11-11,22.28171,22.32575,22.06154,22.1496,1371219.0
2025-11-12,22.28171,22.50188,22.1496,22.36978,1681660.0
2025-11-13,22.41382,23.07434,22.41382,22.94224,4030824.0
2025-11-14,22.766099999999998,23.16241,22.722060000000003,23.0303,2877967.0
2025-11-17,23.07434,23.42662,23.0303,23.294520000000002,3094071.0
2025-11-18,23.338549999999998,23.690830000000002,23.16241,23.38259,4087539.0
2025-11-19,23.42662,24.39539,23.42662,23.95504,9049798.0
2025-11-20,23.95504,24.043110000000002,23.514689999999998,23.690830000000002,2820425.0
2025-11-21,23.690830000000002,23.999080000000003,23.338549999999998,23.7789,3474166.0
2025-11-24,24.043110000000002,24.35136,23.82294,23.95504,5128353.0
2025-11-25,24.043110000000002,24.087139999999998,23.338549999999998,23.338549999999998,4240058.0
2025-11-26,23.60276,23.95504,23.38259,23.911,2474756.0
2025-11-27,23.95504,23.95504,23.47066,23.514689999999998,2596037.0
2025-11-28,23.55872,23.690830000000002,23.338549999999998,23.47066,2022880.0
2025-12-01,23.47066,24.35136,23.47066,24.21925,8051511.0
2025-12-02,24.30732,24.39539,23.95504,24.263279999999998,3419803.0
2025-12-03,24.39539,24.48346,24.263279999999998,24.30732,5646407.0
2025-12-04,24.39539,24.57153,24.13118,24.13118,5636844.0
2025-12-05,24.17522,24.96784,24.17522,24.615560000000002,7566381.0
2025-12-08,24.70364,24.791700000000002,24.30732,24.30732,3273393.0
2025-12-09,24.21925,24.30732,23.690830000000002,24.043110000000002,4752428.0
2025-12-10,23.911,24.043110000000002,23.60276,23.60276,2767370.0
2025-12-11,23.73486,24.21925,23.690830000000002,24.043110000000002,2436861.0
2025-12-12,24.21925,24.43942,23.42662,23.42662,4628103.0
2025-12-15,23.60276,24.39539,23.55872,24.39539,7426973.0
2025-12-16,24.5275,24.83574,23.95504,24.615560000000002,5443692.0
2025-12-17,24.70364,25.23206,24.35136,25.23206,10731815.0
2025-12-18,25.27609,25.27609,24.83574,25.18802,3955392.0
2025-12-19,25.23206,25.23206,24.57153,24.57153,8336069.0
2025-12-22,24.791700000000002,24.96784,24.615560000000002,24.83574,4825839.0
2025-12-23,24.83574,25.18802,24.615560000000002,24.659599999999998,5240522.0
2025-12-24,24.791700000000002,25.23206,24.74767,25.01188,7298420.0
2025-12-25,25.09995,25.14398,24.48346,24.48346,4776439.0
2025-12-26,24.48346,24.70364,23.866970000000002,24.263279999999998,6839516.0
2025-12-29,24.21925,24.48346,23.999080000000003,24.043110000000002,3199332.0
2025-12-30,24.17522,24.39539,23.95504,24.17522,3913844.0
2025-12-31,24.21925,24.263279999999998,23.82294,23.82294,3296672.0
2026-01-05,23.911,24.043110000000002,23.25048,23.338549999999998,7600251.0
2026-01-06,23.514689999999998,23.690830000000002,23.294520000000002,23.514689999999998,4236151.0
2026-01-07,23.60276,23.911,23.47066,23.6468,4852346.0
2026-01-08,23.7789,23.95504,23.38259,23.38259,5052605.0
2026-01-09,23.55872,23.60276,22.67802,22.8982,8733576.0
2026-01-12,23.206439999999997,24.13118,23.16241,24.043110000000002,4732857.0
2026-01-13,24.21925,24.57153,24.087139999999998,24.21925,5862895.0
2026-01-14,24.48346,25.76048,24.30732,25.32012,19038018.0
2026-01-15,25.58434,25.58434,24.74767,24.92381,5292761.0
2026-01-16,25.14398,25.27609,24.659599999999998,24.659599999999998,5281408.0
2026-01-19,24.791700000000002,24.83574,24.48346,24.659599999999998,3961890.0
2026-01-20,24.87978,25.14398,24.48346,24.5275,5771493.0
2026-01-21,24.615560000000002,24.87978,24.263279999999998,24.87978,6053476.0
2026-01-22,25.09995,26.068720000000003,25.09995,25.18802,12478768.0
2026-01-23,25.45223,25.45223,24.74767,24.791700000000002,5158963.0
2026-01-26,24.96784,25.36416,23.999080000000003,24.263279999999998,10444499.0
2026-01-27,24.39539,25.71644,24.21925,25.14398,12502900.0
2026-01-28,25.36416,25.58434,24.659599999999998,24.87978,6874578.0
2026-01-29,25.055919999999997,25.98065,24.92381,24.92381,12952078.0
2026-01-30,25.18802,25.18802,24.74767,24.791700000000002,8549750.0
2026-02-02,24.96784,25.055919999999997,24.43942,24.57153,6930352.0
2026-02-03,24.70364,25.32012,24.615560000000002,24.74767,7589613.0
2026-02-04,24.83574,25.5403,24.83574,25.5403,13620530.0
2026-02-05,25.892580000000002,26.112759999999998,25.01188,25.01188,9531798.0
2026-02-06,24.791700000000002,24.92381,23.911,23.911,10884887.0
2026-02-09,24.17522,24.21925,23.38259,23.55872,6506401.0
2026-02-10,23.60276,23.6468,23.0303,23.25048,5488188.0
2026-02-11,23.338549999999998,23.82294,23.338549999999998,23.47066,3347519.0
2026-02-12,23.514689999999998,23.73486,23.514689999999998,23.60276,1582725.0
2026-02-13,23.55872,23.60276,23.42662,23.514689999999998,2659648.0
2026-02-23,23.73486,23.7789,23.514689999999998,23.690830000000002,3129029.0
2026-02-24,23.690830000000002,24.043110000000002,23.6468,23.999080000000003,4374161.0
2026-02-25,24.043110000000002,24.263279999999998,23.82294,23.82294,3778676.0
2026-02-26,23.866970000000002,23.999080000000003,23.6468,23.6468,2737322.0
2026-02-27,23.6468,23.690830000000002,23.338549999999998,23.38259,6059773.0
2026-03-02,22.722060000000003,23.206439999999997,22.67802,22.67802,9762050.0
2026-03-03,22.63399,23.07434,22.06154,22.10557,7829541.0
2026-03-04,22.23768,22.457849999999997,21.09276,21.97346,13223098.0
2026-03-05,22.19364,22.50188,22.0175,22.06154,4276192.0
2026-03-06,21.92943,22.0175,21.62118,21.66522,7245326.0
2026-03-09,20.21207,20.696450000000002,20.168029999999998,20.168029999999998,6564289.0
2026-03-10,20.65242,20.65242,20.035919999999997,20.34417,6108019.0
2026-03-11,20.56434,21.268909999999998,20.43224,21.268909999999998,4505004.0
2026-03-12,21.04873,21.268909999999998,20.65242,20.78452,3046679.0
2026-03-13,20.520310000000002,20.916619999999998,20.520310000000002,20.696450000000002,2509911.0
2026-03-16,20.78452,20.828560000000003,20.47628,20.520310000000002,2524837.0
2026-03-17,20.828560000000003,21.1368,20.65242,20.78452,2170416.0
2026-03-18,20.87259,21.09276,20.60838,20.696450000000002,2161314.0
2026-03-19,20.65242,20.65242,20.2561,20.43224,3376616.0
2026-03-20,20.43224,20.828560000000003,20.30014,20.47628,2947731.0
2026-03-23,20.56434,20.56434,19.28733,19.375400000000003,4159055.0
2026-03-24,19.81575,19.947860000000002,19.63961,19.63961,2203473.0
2026-03-25,19.90382,20.60838,19.859779999999997,20.520310000000002,3046969.0
2026-03-26,20.34417,20.56434,20.07996,20.168029999999998,1443991.0
2026-03-27,20.2561,20.520310000000002,20.124,20.43224,1757599.0
2026-03-30,19.991889999999998,20.60838,19.991889999999998,20.38821,2221637.0
2026-03-31,20.520310000000002,20.56434,20.2561,20.43224,1945080.0
2026-04-01,20.696450000000002,20.828560000000003,20.520310000000002,20.520310000000002,2945942.0
2026-04-02,20.60838,20.60838,20.2561,20.38821,1730638.0
2026-04-03,20.56434,20.56434,20.07996,20.07996,2302597.0
2026-04-06,19.991889999999998,20.168029999999998,19.63961,19.63961,2167775.0
2026-04-07,19.81575,19.947860000000002,19.63961,19.72768,853619.0
2026-04-08,20.21207,20.60838,19.991889999999998,20.60838,3172996.0
2026-04-09,20.60838,20.60838,20.2561,20.30014,3186007.0
2026-04-10,20.520310000000002,20.65242,20.34417,20.47628,2145662.0
2026-04-13,20.2561,20.38821,20.168029999999998,20.30014,2482330.0
2026-04-14,20.56434,21.40101,20.30014,21.312939999999998,5647504.0
2026-04-15,21.312939999999998,21.35698,20.828560000000003,20.87259,3369904.0
2026-04-16,20.78452,20.916619999999998,20.38821,20.520310000000002,3255195.0
2026-04-17,20.60838,20.96066,20.43224,20.520310000000002,2015888.0
2026-04-20,20.520310000000002,20.65242,20.47628,20.47628,1597249.0
2026-04-21,20.65242,20.65242,20.34417,20.34417,1699756.0
2026-04-22,20.34417,20.43224,20.21207,20.21207,1722194.0
2026-04-23,20.21207,20.38821,20.035919999999997,20.34417,3005912.0
2026-04-24,20.38821,20.38821,20.035919999999997,20.124,1523433.0
2026-04-28,20.124,20.21207,19.771720000000002,19.81575,1863438.0
2026-04-29,19.90382,19.991889999999998,19.46347,19.90382,2060672.0
2026-05-04,20.07996,20.124,19.859779999999997,19.859779999999997,1060368.0
2026-05-05,19.859779999999997,20.2561,19.81575,20.035919999999997,2323663.0
2026-05-06,20.07996,20.21207,19.859779999999997,20.168029999999998,1528886.0
2026-05-07,20.07996,20.30014,19.991889999999998,19.991889999999998,1541244.0
2026-05-08,19.991889999999998,20.035919999999997,19.771720000000002,19.81575,2069536.0
2026-05-11,19.991889999999998,19.991889999999998,19.771720000000002,19.771720000000002,1612779.0
2026-05-12,19.947860000000002,19.947860000000002,19.72768,19.771720000000002,1370018.0
2026-05-13,19.81575,20.168029999999998,19.771720000000002,19.90382,1929154.0
2026-05-14,20.07996,20.124,19.81575,19.90382,1212332.0
2026-05-15,19.947860000000002,19.947860000000002,19.771720000000002,19.859779999999997,1223032.0
2026-05-18,19.72768,19.81575,19.55154,19.63961,2096682.0
2026-05-19,19.63961,19.771720000000002,19.59558,19.59558,1494388.0
2026-05-20,19.5075,19.63961,18.71488,19.19926,3182224.0
2026-05-21,19.243299999999998,19.28733,19.02312,19.15523,1432123.0
2026-05-22,19.111189999999997,19.243299999999998,18.93505,19.111189999999997,1763208.0
2026-05-25,19.33137,19.59558,19.33137,19.33137,1747681.0
2026-05-26,19.46347,19.46347,19.28733,19.419439999999998,930524.0
2026-05-27,19.419439999999998,19.5075,19.28733,19.33137,1239405.0
2026-05-28,19.33137,19.46347,19.02312,19.06716,1629491.0
2026-05-29,19.02312,19.243299999999998,18.93505,18.93505,1051658.0
2026-06-01,19.02312,19.28733,18.979080000000003,19.19926,893142.0
2026-06-02,19.06716,19.33137,19.06716,19.06716,1947517.0
2026-06-03,19.06716,19.63961,19.06716,19.46347,2904939.0
2026-06-04,19.59558,19.59558,19.28733,19.33137,2142065.0
2026-06-05,19.6,19.6,19.3,19.3,981983.0
2026-06-08,19.7,19.7,19.0,19.05,1616353.0
2026-06-09,19.0,19.15,18.85,19.05,1017949.0
2026-06-10,19.05,19.1,18.8,18.8,1469400.0
2026-06-11,18.6,18.7,18.45,18.5,1961251.0
2026-06-12,18.65,18.65,18.4,18.5,1244794.0
2026-06-15,18.6,18.85,18.55,18.85,1036016.0
2026-06-16,18.9,19.25,18.9,19.25,1534229.0
2026-06-17,19.25,19.3,19.15,19.2,1131141.0
2026-06-18,19.2,19.25,19.0,19.05,1153900.0
2026-06-19,19.0,19.1,18.9,18.9,751000.0
2026-06-22,18.8,18.9,18.75,18.75,657100.0
2026-06-23,18.75,18.95,18.75,18.75,881800.0
2026-06-24,18.9,18.9,18.6,18.75,852000.0
2026-06-25,18.75,18.85,18.6,18.6,749900.0
2026-06-26,18.6,18.7,18.5,18.5,974300.0
2026-06-29,18.6,18.65,18.5,18.55,808300.0
2026-06-30,18.6,18.65,18.5,18.55,873300.0
2026-07-01,18.5,18.65,18.5,18.5,1039500.0
2026-07-02,18.6,18.7,18.55,18.6,595600.0
2026-07-03,18.6,18.7,18.5,18.5,993600.0
2026-07-06,18.5,18.55,18.15,18.2,2347400.0
2026-07-07,18.2,18.2,17.95,18.0,1870200.0
2026-07-08,18.05,18.1,17.85,17.95,1397800.0
2026-07-09,17.9,18.1,17.8,17.8,1193400.0
2026-07-10,17.8,17.8,17.35,17.35,2716100.0
2026-07-13,17.35,17.35,16.85,16.9,3318600.0
2026-07-14,16.8,17.4,16.8,17.25,1585400.0
2026-07-15,17.4,17.4,17.15,17.2,1277500.0
2026-07-16,17.2,17.85,17.1,17.75,3137100.0
2026-07-17,17.7,17.75,17.45,17.45,1238600.0
2026-07-20,16.3,17.2,16.25,16.25,7689000.0
2026-07-21,16.4,16.55,16.2,16.3,1739500.0
2026-07-22,16.45,16.55,16.0,16.0,1657900.0
2026-07-23,15.85,16.2,15.45,16.1,2295300.0
2026-07-24,16.0,16.25,15.95,16.1,951300.0
2026-07-27,16.0,16.15,15.7,15.7,1549500.0
2026-07-28,15.5,16.1,15.5,16.0,1877400.0
2026-07-29,16.15,16.35,16.0,16.15,1407700.0
2026-07-30,16.15,16.5,16.0,16.45,2452400.0
2026-07-31,16.5,16.65,16.25,16.3,1953900.0
2026-08-03,16.0,16.7,15.95,16.55,2373700.0
2026-08-04,16.45,17.1,16.45,16.6,1997200.0
2026-08-05,16.85,17.05,16.6,16.75,2396500.0
2026-08-06,16.85,16.95,16.6,16.6,1311100.0
2026-08-07,16.5,16.75,16.5,16.65,1158800.0
2026-08-10,16.65,16.8,16.6,16.8,1349500.0
2026-08-11,16.9,16.95,16.7,16.7,1160800.0
2026-08-12,16.65,16.8,16.5,16.7,976500.0
2026-08-13,16.7,16.8,16.55,16.55,1225100.0
2026-08-14,16.45,16.6,16.25,16.25,1004900.0
2026-08-17,16.25,16.4,16.1,16.1,645000.0
2026-08-18,16.2,16.3,16.0,16.05,737700.0
2026-08-19,16.1,16.15,15.9,15.95,744300.0
2026-08-20,16.0,16.1,15.85,15.9,543400.0
2026-08-21,15.9,16.5,15.85,16.45,1843300.0
2026-08-24,16.8,16.8,16.55,16.6,1145000.0
2026-08-25,16.5,17.75,16.5,17.7,8747300.0
2026-08-26,17.65,17.7,17.35,17.7,1625100.0
2026-08-27,17.7,17.75,17.3,17.4,1816000.0
2026-08-28,17.4,17.6,17.15,17.4,1748900.0
2026-09-03,17.15,17.3,17.0,17.05,1994700.0
2026-09-04,16.9,17.15,16.8,16.8,2305900.0
2026-09-07,17.0,17.0,16.7,16.95,982300.0
2026-09-08,16.75,16.95,16.5,16.75,769600.0
2026-09-09,16.75,16.85,16.6,16.6,742700.0
2026-09-10,16.55,16.7,16.4,16.5,833700.0
2026-09-11,16.55,16.55,16.0,16.0,2720300.0
2026-09-14,16.05,16.1,15.55,15.85,1458400.0
2026-09-15,15.8,16.05,15.8,16.0,852600.0
2026-09-16,16.0,16.05,15.85,15.85,717500.0
2026-09-17,15.85,16.25,15.85,16.05,1170900.0
2026-09-18,16.1,16.2,16.0,16.05,1079100.0
2026-09-21,16.2,16.2,15.95,16.0,679800.0
2026-09-22,16.05,16.1,15.95,15.95,622600.0
2026-09-23,15.95,16.05,15.9,15.9,741600.0
2026-09-24,15.9,15.9,15.75,15.75,1012500.0
2026-09-25,15.7,15.8,15.6,15.7,888500.0
2026-09-28,15.55,15.75,15.4,15.55,997700.0
2026-09-29,15.35,15.55,15.35,15.5,485000.0
2026-09-30,15.4,15.55,15.3,15.3,791100.0
2026-10-01,15.2,15.35,15.0,15.0,1801800.0
2026-10-02,14.9,15.55,14.9,15.4,2820200.0
