,open,high,low,close,volume
2020-05-08,5.28843,5.42131,5.28179,5.30172,1846120.0
2020-05-11,5.38145,5.38145,5.28179,5.29508,1104570.0
2020-05-12,5.28843,5.66048,5.28843,5.66048,4383450.0
2020-05-13,5.71363,5.87308,5.59405,5.82658,2881960.0
2020-05-14,5.6472,5.81329,5.6472,5.68041,1280770.0
2020-05-15,5.68041,5.68041,5.38145,5.51432,2374630.0
2020-05-18,5.51432,5.51432,5.3415799999999996,5.4346000000000005,1479440.0
2020-05-19,5.47446,5.5874,5.42131,5.45453,1672890.0
2020-05-20,5.51432,5.81329,5.47446,5.760140000000001,2554830.0
2020-05-21,5.4346000000000005,5.77343,5.4346000000000005,5.64055,1113960.0
2020-05-22,5.62062,5.893020000000001,5.580760000000001,5.70035,2390430.0
2020-05-25,5.70035,6.00596,5.6472,5.9063,2392630.0
2020-05-26,5.9063,5.9063,5.79336,5.853149999999999,1369530.0
2020-05-27,5.8598,5.926229999999999,5.59405,5.59405,1976250.0
2020-05-28,5.71363,5.72692,5.59405,5.65384,1486580.0
2020-05-29,5.65384,5.70035,5.62062,5.64055,815760.0
2020-06-01,5.6472,5.733560000000001,5.64055,5.65384,1273410.0
2020-06-02,5.68041,5.68041,5.31501,5.4811000000000005,2830060.0
2020-06-03,5.47446,5.51432,5.41466,5.507680000000001,1052660.0
2020-06-04,5.68041,5.68041,5.507680000000001,5.5409,660300.0
2020-06-05,5.41466,5.68041,5.41466,5.600689999999999,868980.0
2020-06-08,5.59405,5.71363,5.59405,5.61398,1923210.0
2020-06-09,5.6472,5.8,5.61398,5.77343,3821740.0
2020-06-10,5.81993,5.89966,5.68041,5.84651,2686710.0
2020-06-11,5.8797299999999995,6.0724,5.44124,5.44124,4633900.0
2020-06-12,5.44124,5.6472,5.4346000000000005,5.59405,2516500.0
2020-06-15,5.59405,5.77343,5.51432,5.580760000000001,1966350.0
2020-06-16,5.6472,5.72692,5.54754,5.6472,1822420.0
2020-06-17,5.60733,5.780069999999999,5.60733,5.687060000000001,1478610.0
2020-06-18,5.68041,5.6937,5.600689999999999,5.6472,671580.0
2020-06-19,5.6472,5.87308,5.6472,5.853149999999999,2790890.0
2020-06-22,6.25842,6.25842,5.893020000000001,6.25842,6138070.0
2020-06-23,6.41123,6.5441,6.11226,6.36472,4039140.0
2020-06-24,6.31157,6.36472,6.1255500000000005,6.13219,1911620.0
2020-06-25,6.1787,6.51753,6.0591099999999996,6.31157,4881260.0
2020-06-26,6.378010000000001,6.45109,6.145479999999999,6.145479999999999,1692050.0
2020-06-29,6.11226,6.145479999999999,5.77343,5.89966,3275200.0
2020-06-30,5.94617,6.02589,5.48775,5.66048,3860800.0
2020-07-01,5.66713,5.9129499999999995,5.61398,5.853149999999999,1627540.0
2020-07-02,5.853149999999999,5.93288,5.74685,5.78671,787860.0
2020-07-03,5.78671,5.8398699999999995,5.71363,5.74685,1248610.0
2020-07-06,5.780069999999999,5.86644,5.72028,5.82658,987580.0
2020-07-07,5.8398699999999995,5.9063,5.8398699999999995,5.84651,1851610.0
2020-07-08,5.84651,6.04582,5.81993,5.99267,1861080.0
2020-07-09,6.09233,6.09233,5.99267,6.0126,1145390.0
2020-07-10,5.97938,6.04582,5.9594499999999995,5.97938,1868620.0
2020-07-13,6.01925,6.07904,5.9129499999999995,5.94617,1254510.0
2020-07-14,5.94617,6.01925,5.91959,6.01925,1487360.0
2020-07-15,6.0989700000000004,6.145479999999999,6.0126,6.0126,1594150.0
2020-07-16,6.0126,6.04582,5.94617,5.9860299999999995,1328300.0
2020-07-17,5.9860299999999995,6.03918,5.9594499999999995,5.9594499999999995,1324580.0
2020-07-20,5.9594499999999995,5.97938,5.81329,5.81329,1723170.0
2020-07-21,5.8598,5.9129499999999995,5.76678,5.893020000000001,1385810.0
2020-07-22,5.9129499999999995,5.9860299999999995,5.81329,5.84651,1148260.0
2020-07-23,5.84651,5.88637,5.79336,5.8398699999999995,562520.0
2020-07-24,5.81329,5.8398699999999995,5.4346000000000005,5.580760000000001,2870260.0
2020-07-27,5.31501,5.42795,5.19542,5.19542,3733280.0
2020-07-28,5.22864,5.52096,5.19542,5.52096,1616520.0
2020-07-29,5.30172,5.32165,5.142270000000001,5.3083599999999995,2069730.0
2020-07-30,5.38145,5.42795,5.3283000000000005,5.3283000000000005,997970.0
2020-07-31,5.1156999999999995,5.35487,5.1156999999999995,5.24857,1121840.0
2020-08-03,5.28179,5.44124,5.2618599999999995,5.394729999999999,885230.0
2020-08-04,5.42795,5.4811000000000005,5.394729999999999,5.42131,1159510.0
2020-08-05,5.42131,5.53425,5.38145,5.527609999999999,1328290.0
2020-08-06,5.527609999999999,5.527609999999999,5.44124,5.44124,1163100.0
2020-08-07,5.4478800000000005,5.49439,5.4080200000000005,5.44124,1370670.0
2020-08-10,5.507680000000001,5.63391,5.50103,5.554180000000001,2095400.0
2020-08-11,5.580760000000001,5.60733,5.51432,5.56083,1956010.0
2020-08-12,5.56083,5.59405,5.52096,5.56747,1606080.0
2020-08-13,5.780069999999999,5.84651,5.580760000000001,5.780069999999999,2997390.0
2020-08-14,5.780069999999999,5.82658,5.580760000000001,5.72028,1966960.0
2020-08-17,5.72028,5.74685,5.66048,5.71363,1076850.0
2020-08-18,5.74685,5.79336,5.733560000000001,5.733560000000001,1207010.0
2020-08-19,5.77343,5.78671,5.74685,5.74685,1407000.0
2020-08-20,5.7535,5.77343,5.68041,5.6937,1305350.0
2020-08-21,5.6937,6.01925,5.6937,5.99932,5234320.0
2020-08-24,6.15212,6.16541,6.04582,6.08568,3105600.0
2020-08-25,6.09233,6.11226,6.0126,6.0325299999999995,2071880.0
2020-08-26,5.99932,6.10562,5.9594499999999995,6.0524700000000005,2859570.0
2020-08-27,6.08568,6.1587700000000005,6.0591099999999996,6.09233,1841680.0
2020-08-28,6.1255500000000005,6.15212,6.0524700000000005,6.0524700000000005,1830890.0
2020-08-31,6.0524700000000005,6.37137,6.00596,6.1720500000000005,3294400.0
2020-09-01,6.16541,6.21192,6.11226,6.1787,1030970.0
2020-09-03,6.2052700000000005,6.23849,6.10562,6.145479999999999,1850680.0
2020-09-04,6.0591099999999996,6.11226,6.01925,6.09233,1607750.0
2020-09-07,6.09233,6.1787,6.04582,6.04582,2102690.0
2020-09-08,6.07904,6.0989700000000004,6.02589,6.0524700000000005,958720.0
2020-09-09,6.02589,6.29164,6.02589,6.23849,3964000.0
2020-09-10,6.29164,6.31157,6.1986300000000005,6.21192,1431220.0
2020-09-11,6.21192,6.29164,6.1720500000000005,6.2451300000000005,2007190.0
2020-09-14,6.29828,6.61054,6.25178,6.61054,5746950.0
2020-09-15,6.64376,6.90951,6.6371199999999995,6.6769799999999995,4518800.0
2020-09-16,6.64376,6.80985,6.530819999999999,6.7101999999999995,2348500.0
2020-09-17,6.7101999999999995,6.77664,6.58397,6.6769799999999995,2661050.0
2020-09-18,6.64376,6.87629,6.63047,6.80985,2271970.0
2020-09-21,6.87629,6.942729999999999,6.62383,6.6371199999999995,3159880.0
2020-09-22,6.64376,6.80985,6.6371199999999995,6.80985,2776360.0
2020-09-23,6.84307,6.87629,6.6769799999999995,6.77664,2143160.0
2020-09-24,6.7101999999999995,6.80985,6.6769799999999995,6.74342,2024220.0
2020-09-25,6.77664,6.80985,6.7101999999999995,6.80985,2176900.0
2020-09-28,6.90951,7.27492,6.90951,7.27492,6234180.0
2020-09-29,7.5074499999999995,7.7732,7.4742299999999995,7.7732,9543880.0
2020-09-30,7.83964,8.03895,7.5738900000000005,7.872859999999999,3759410.0
2020-10-01,7.83964,7.972510000000001,7.5738900000000005,7.80642,3824540.0
2020-10-02,7.7732,7.80642,7.374569999999999,7.7732,5484570.0
2020-10-05,8.03895,8.03895,7.80642,8.03895,4798530.0
2020-10-06,8.10539,8.10539,7.872859999999999,7.972510000000001,2117120.0
2020-10-07,7.90607,7.93929,7.7732,7.7732,2431200.0
2020-10-08,7.80642,8.13861,7.67354,8.03895,7706100.0
2020-10-09,8.10539,8.13861,7.93929,8.03895,1690980.0
2020-10-12,8.03895,8.10539,7.872859999999999,7.93929,3954970.0
2020-10-13,7.872859999999999,8.00573,7.7732,7.972510000000001,2969200.0
2020-10-14,7.972510000000001,8.00573,7.83964,7.93929,1474130.0
2020-10-15,8.00573,8.07217,7.93929,7.972510000000001,4456120.0
2020-10-16,8.07217,8.504010000000001,7.90607,8.33792,10014980.0
2020-10-19,8.371139999999999,8.470790000000001,8.20504,8.23826,2381220.0
2020-10-20,8.17182,8.27148,8.13861,8.27148,2369750.0
2020-10-21,8.3047,8.470790000000001,8.23826,8.23826,3619400.0
2020-10-22,8.23826,8.371139999999999,8.17182,8.371139999999999,2240150.0
2020-10-23,8.371139999999999,8.63689,8.371139999999999,8.504010000000001,3964710.0
2020-10-26,8.504010000000001,8.570450000000001,8.33792,8.33792,1648640.0
2020-10-27,8.33792,8.33792,8.13861,8.13861,1847470.0
2020-10-28,8.10385,8.348360000000001,8.03399,8.03399,3098260.0
2020-10-29,8.03399,8.2785,7.9292,8.13878,3091820.0
2020-10-30,8.17371,8.348360000000001,8.17371,8.31343,2789410.0
2020-11-02,8.453149999999999,8.87232,8.453149999999999,8.87232,4554800.0
2020-11-03,8.94218,9.01204,8.66274,8.80246,2554570.0
2020-11-04,8.80246,8.83739,8.66274,8.80246,2308520.0
2020-11-05,8.7326,9.01204,8.69767,8.7326,3196480.0
2020-11-06,8.76753,8.80246,8.59288,8.7326,3319610.0
2020-11-09,8.80246,9.18669,8.80246,9.11683,5227000.0
2020-11-10,9.11683,9.11683,8.76753,8.83739,4210860.0
2020-11-11,8.80246,8.87232,8.59288,8.62781,5160080.0
2020-11-12,8.66274,8.83739,8.41822,8.83739,4432750.0
2020-11-13,8.83739,9.01204,8.7326,8.83739,3024420.0
2020-11-16,8.87232,8.90725,8.66274,8.66274,3243970.0
2020-11-17,8.66274,8.7326,8.523010000000001,8.7326,4297480.0
2020-11-18,8.7326,8.80246,8.59288,8.66274,2826820.0
2020-11-19,8.62781,8.7326,8.59288,8.66274,2503700.0
2020-11-20,8.59288,8.66274,8.55795,8.55795,2927590.0
2020-11-23,8.48808,8.59288,8.48808,8.48808,3660270.0
2020-11-24,8.453149999999999,8.69767,8.38329,8.62781,5713360.0
2020-11-25,8.62781,8.66274,8.453149999999999,8.48808,3090050.0
2020-11-26,8.48808,8.59288,8.453149999999999,8.523010000000001,1576250.0
2020-11-27,8.55795,8.59288,8.48808,8.48808,1835780.0
2020-11-30,8.48808,8.48808,8.31343,8.31343,4263660.0
2020-12-01,8.17371,8.48808,8.06892,8.48808,3673840.0
2020-12-02,8.48808,8.7326,8.38329,8.523010000000001,3375810.0
2020-12-03,8.55795,8.62781,8.48808,8.59288,1967910.0
2020-12-04,8.59288,8.69767,8.523010000000001,8.59288,4199830.0
2020-12-07,8.66274,8.66274,8.55795,8.59288,2636490.0
2020-12-08,8.62781,9.01204,8.59288,8.90725,7750620.0
2020-12-09,8.94218,8.94218,8.80246,8.83739,2682830.0
2020-12-10,8.87232,8.87232,8.7326,8.7326,2978470.0
2020-12-11,8.69767,8.7326,8.55795,8.7326,2914750.0
2020-12-14,8.80246,8.87232,8.66274,8.66274,3012670.0
2020-12-15,8.66274,8.94218,8.59288,8.7326,3461650.0
2020-12-16,8.80246,8.83739,8.69767,8.76753,2696150.0
2020-12-17,8.80246,8.80246,8.62781,8.66274,2880660.0
2020-12-18,8.66274,8.69767,8.59288,8.62781,2559750.0
2020-12-21,8.69767,8.76753,8.62781,8.7326,3666060.0
2020-12-22,8.87232,9.32641,8.7326,9.32641,11486410.0
2020-12-23,9.74558,9.78051,9.396270000000001,9.431209999999998,8077920.0
2020-12-24,9.67572,9.71065,8.97711,9.32641,5646470.0
2020-12-25,9.29148,9.64079,9.0819,9.64079,6396790.0
2020-12-28,9.64079,9.78051,9.431209999999998,9.60586,4808650.0
2020-12-29,9.50107,9.67572,9.396270000000001,9.57093,3998990.0
2020-12-30,9.67572,10.09488,9.67572,9.78051,6807900.0
2020-12-31,9.71065,9.850370000000002,9.64079,9.78051,3098020.0
2021-01-04,9.850370000000002,10.02502,9.67572,9.850370000000002,4685600.0
2021-01-05,9.850370000000002,9.95516,9.71065,9.850370000000002,4650000.0
2021-01-06,9.885299999999999,9.95516,9.74558,9.81544,4556800.0
2021-01-07,9.81544,9.850370000000002,9.71065,9.81544,3261200.0
2021-01-08,9.92023,10.19967,9.81544,9.99009,4944600.0
2021-01-11,10.129809999999999,10.19967,9.885299999999999,9.95516,3402900.0
2021-01-12,9.95516,10.02502,9.850370000000002,9.99009,2730500.0
2021-01-13,10.129809999999999,10.16474,9.92023,9.95516,4556900.0
2021-01-14,9.92023,9.99009,9.81544,9.95516,2783500.0
2021-01-15,9.99009,10.05995,9.850370000000002,9.95516,3520600.0
2021-01-18,9.99009,10.61884,9.95516,10.54898,8532300.0
2021-01-19,10.58391,10.61884,9.81544,9.95516,4019500.0
2021-01-20,9.92023,9.99009,9.29148,9.92023,2957500.0
2021-01-21,9.95516,10.2346,9.64079,10.05995,4159300.0
2021-01-22,10.05995,10.269530000000001,9.92023,9.99009,2529300.0
2021-01-25,9.99009,10.44419,9.81544,10.05995,4122900.0
2021-01-26,10.05995,10.19967,9.431209999999998,9.71065,3268100.0
2021-01-27,9.536,9.74558,9.04697,9.221620000000001,3889600.0
2021-01-28,8.59288,8.80246,8.59288,8.59288,3918300.0
2021-01-29,7.99906,9.01204,7.99906,8.90725,2974900.0
2021-02-01,8.90725,8.90725,8.31343,8.348360000000001,4405600.0
2021-02-02,8.348360000000001,8.48808,8.03399,8.24357,2301800.0
2021-02-03,8.38329,8.80246,8.38329,8.80246,2548300.0
2021-02-04,8.83739,9.18669,8.208639999999999,8.87232,2751600.0
2021-02-05,8.87232,9.0819,8.83739,9.01204,1438500.0
2021-02-08,9.01204,9.0819,8.59288,8.76753,2219800.0
2021-02-09,8.69767,8.83739,8.62781,8.7326,2277000.0
2021-02-17,8.90725,9.01204,8.7326,8.94218,2073000.0
2021-02-18,8.94218,9.536,8.87232,9.536,5597500.0
2021-02-19,9.57093,9.92023,9.431209999999998,9.64079,3616800.0
2021-02-22,9.850370000000002,9.850370000000002,9.50107,9.64079,2954300.0
2021-02-23,9.50107,9.67572,9.50107,9.536,2390200.0
2021-02-24,9.536,9.71065,9.256549999999999,9.431209999999998,2755000.0
2021-02-25,9.57093,9.57093,9.256549999999999,9.36134,2405300.0
2021-02-26,9.18669,9.431209999999998,9.15176,9.431209999999998,3042200.0
2021-03-01,9.57093,9.885299999999999,9.50107,9.78051,4322600.0
2021-03-02,10.09488,10.44419,9.92023,10.44419,11549900.0
2021-03-03,10.65377,11.142790000000002,10.61884,11.142790000000002,9926500.0
2021-03-04,11.4921,11.771540000000002,11.142790000000002,11.42224,7916800.0
2021-03-05,11.177719999999999,11.80647,10.933209999999999,11.73661,7688000.0
2021-03-08,11.73661,12.01605,11.38731,11.70168,6129900.0
2021-03-09,11.45717,11.80647,11.352379999999998,11.73661,4187600.0
2021-03-10,11.73661,12.08591,11.73661,11.80647,4718100.0
2021-03-11,11.80647,11.91126,11.66675,11.771540000000002,3640100.0
2021-03-12,11.80647,11.8414,11.52703,11.56196,2827800.0
2021-03-15,11.56196,11.59689,11.42224,11.45717,3279000.0
2021-03-16,11.45717,11.52703,11.177719999999999,11.42224,2549500.0
2021-03-17,11.56196,12.19071,11.56196,12.19071,7363000.0
2021-03-18,12.43522,12.47015,12.12084,12.19071,3240200.0
2021-03-19,12.19071,12.19071,11.80647,12.08591,3406800.0
2021-03-22,12.01605,12.05098,11.8414,11.91126,3447500.0
2021-03-23,11.87633,12.2955,11.771540000000002,12.15578,3727300.0
2021-03-24,12.12084,12.12084,11.52703,11.87633,3223400.0
2021-03-25,11.80647,11.87633,11.52703,11.66675,2132500.0
2021-03-26,11.52703,11.8414,11.317450000000001,11.73661,3996100.0
2021-03-29,11.8414,12.33043,11.80647,12.22564,5037000.0
2021-03-30,12.26057,12.26057,11.87633,12.05098,2346100.0
2021-03-31,11.98112,12.2955,11.98112,12.19071,4268000.0
2021-04-01,12.43522,12.92424,12.40029,12.6448,5582300.0
2021-04-02,12.71466,12.78452,12.43522,12.60987,2362300.0
2021-04-05,12.71466,12.71466,12.36536,12.54001,2966200.0
2021-04-06,12.2955,12.78452,12.26057,12.57494,3576400.0
2021-04-07,12.54001,12.67973,12.43522,12.67973,2004800.0
2021-04-08,12.67973,12.74959,12.47015,12.54001,1687400.0
2021-04-09,12.50508,12.60987,12.22564,12.50508,2763800.0
2021-04-12,12.50508,12.854379999999999,12.43522,12.67973,4177600.0
2021-04-13,12.71466,12.92424,12.57494,12.60987,4066300.0
2021-04-14,12.50508,12.6448,12.43522,12.6448,2416900.0
2021-04-15,12.6448,12.71466,11.87633,12.08591,4863700.0
2021-04-16,12.05098,12.05098,11.56196,11.94619,4232200.0
2021-04-19,11.94619,12.26057,11.73661,12.15578,1535300.0
2021-04-20,12.15578,12.19071,11.70168,11.87633,2437900.0
2021-04-22,11.73661,11.8414,11.07293,11.07293,4848500.0
2021-04-23,11.07293,11.352379999999998,10.47912,11.28252,2890300.0
2021-04-26,11.28252,11.317450000000001,10.6887,10.82842,1800200.0
2021-04-27,10.898280000000002,11.56196,10.65377,11.28252,3171100.0
2021-04-28,11.352379999999998,11.42224,11.177719999999999,11.28252,1826200.0
2021-04-29,11.317450000000001,11.42224,11.177719999999999,11.177719999999999,1406200.0
2021-05-04,10.82842,11.177719999999999,10.82842,11.10786,1614400.0
2021-05-05,11.177719999999999,11.45717,11.07293,11.352379999999998,1864900.0
2021-05-06,11.38731,11.45717,11.177719999999999,11.21265,1570400.0
2021-05-07,11.142790000000002,11.21265,10.86335,10.86335,2012300.0
2021-05-10,10.79349,11.24759,10.72363,11.142790000000002,2778900.0
2021-05-11,11.317450000000001,11.42224,11.21265,11.21265,1753300.0
2021-05-12,11.21265,11.63182,11.177719999999999,11.63182,1800100.0
2021-05-13,11.52703,11.771540000000002,11.45717,11.63182,2274000.0
2021-05-14,11.80647,12.43522,11.80647,12.33043,5811300.0
2021-05-17,12.40029,12.50508,11.91126,11.98112,2806500.0
2021-05-18,11.91126,12.01605,11.56196,11.59689,1760300.0
2021-05-19,11.56196,11.8414,11.317450000000001,11.63182,2701100.0
2021-05-20,11.66675,11.91126,11.59689,11.73661,1785900.0
2021-05-21,12.05098,12.26057,11.80647,11.87633,2990600.0
2021-05-24,12.01605,12.43522,11.87633,12.36536,4516700.0
2021-05-25,12.2955,12.78452,12.2955,12.33043,4640600.0
2021-05-26,12.33043,12.36536,12.15578,12.19071,1980600.0
2021-05-27,12.15578,12.19071,11.771540000000002,11.87633,3385300.0
2021-05-28,11.87633,12.08591,11.59689,11.87633,3537400.0
2021-05-31,11.87633,11.87633,11.56196,11.73661,4106200.0
2021-06-01,11.66675,11.771540000000002,11.59689,11.63182,2551200.0
2021-06-02,11.59689,12.43522,11.317450000000001,12.43522,6752700.0
2021-06-03,12.92424,12.92424,12.57494,12.60987,3823700.0
2021-06-04,12.60987,12.60987,12.33043,12.43522,3709900.0
2021-06-07,12.43522,12.92424,12.22564,12.40029,7308900.0
2021-06-08,12.57494,12.88931,12.43522,12.43522,5690800.0
2021-06-09,12.43522,12.57494,12.08591,12.50508,2063600.0
2021-06-10,12.50508,13.37834,12.40029,13.37834,10617500.0
2021-06-11,13.48313,13.62285,13.20369,13.30848,4548000.0
2021-06-14,13.34341,13.90229,13.34341,13.62285,3360200.0
2021-06-15,13.62285,13.83243,13.273549999999998,13.58792,4405300.0
2021-06-16,13.58792,14.14681,13.55299,13.76257,5046200.0
2021-06-17,13.72764,14.18174,13.41327,14.11188,3719600.0
2021-06-18,14.28653,15.02007,13.90229,14.18174,5936800.0
2021-06-21,14.321459999999998,14.6009,14.11188,14.21667,3715700.0
2021-06-22,14.35639,14.35639,13.76257,13.83243,5703200.0
2021-06-23,13.69271,14.18174,13.48313,14.07695,5383800.0
2021-06-24,13.90229,14.11188,13.69271,13.90229,2012600.0
2021-06-25,13.90229,14.18174,13.90229,14.11188,2489700.0
2021-06-28,14.11188,14.46118,14.11188,14.28653,3295000.0
2021-06-29,14.321459999999998,14.88035,14.321459999999998,14.42625,2923700.0
2021-06-30,14.42625,14.98514,14.2516,14.67076,4257700.0
2021-07-01,14.81048,14.950209999999998,14.321459999999998,14.42625,4589300.0
2021-07-02,14.49611,14.63583,13.90229,14.04202,7896100.0
2021-07-05,13.90229,13.97216,13.55299,13.62285,6023700.0
2021-07-06,13.62285,13.90229,13.238620000000001,13.238620000000001,3285800.0
2021-07-07,13.12898,13.3478,12.54547,13.09251,2779100.0
2021-07-08,12.98311,13.38427,12.80076,12.873700000000001,2350700.0
2021-07-09,12.618409999999999,13.09251,12.3996,12.43606,3294500.0
2021-07-12,12.47253,12.47253,11.59727,11.670209999999999,5058100.0
2021-07-13,11.81608,12.47253,11.74315,12.47253,2663000.0
2021-07-14,12.54547,12.76429,11.96196,12.3996,2549200.0
2021-07-15,12.07137,12.654879999999999,12.07137,12.54547,1769600.0
2021-07-16,12.54547,13.056040000000001,12.3996,12.76429,2411800.0
2021-07-19,12.32666,12.54547,11.99843,12.10784,2819500.0
2021-07-20,12.25372,12.80076,12.10784,12.72782,3420800.0
2021-07-21,12.80076,13.01957,12.618409999999999,12.69135,1965800.0
2021-07-22,12.69135,13.45721,12.54547,13.27486,4159600.0
2021-07-23,13.27486,13.60309,13.12898,13.42074,3972200.0
2021-07-26,13.27486,14.00425,13.12898,13.8219,4972400.0
2021-07-27,13.85837,14.150129999999999,13.530149999999999,13.78543,5045100.0
2021-07-28,13.676020000000001,13.85837,13.56662,13.676020000000001,2278900.0
2021-07-29,13.78543,14.11366,13.63955,14.07719,5280200.0
2021-07-30,14.11366,14.84304,14.07719,14.73364,9063300.0
2021-08-02,14.80658,15.46302,14.73364,15.02539,7888600.0
2021-08-03,15.09833,15.39009,14.80658,15.20774,6710900.0
2021-08-04,15.20774,15.244209999999999,14.73364,15.02539,5567900.0
2021-08-05,14.95245,15.718309999999999,14.77011,15.68184,7178800.0
2021-08-06,15.718309999999999,15.82772,15.39009,15.46302,5646100.0
2021-08-09,15.353620000000001,16.52064,15.28068,16.52064,8393700.0
2021-08-10,17.14062,17.50531,16.48417,16.66651,10346200.0
2021-08-11,16.55711,17.50531,16.26535,17.21356,7160300.0
2021-08-12,16.77592,17.25003,16.01007,16.04653,10891800.0
2021-08-13,15.6089,17.14062,15.6089,17.10415,7672700.0
2021-08-16,17.25003,17.83354,16.99474,17.10415,6711000.0
2021-08-17,16.70298,17.54178,16.4477,17.28649,5911700.0
2021-08-18,17.06768,17.43237,16.73945,17.10415,3768800.0
2021-08-19,16.77592,17.25003,16.77592,17.06768,2744200.0
2021-08-20,17.28649,17.46884,16.48417,17.25003,9465500.0
2021-08-23,17.35943,18.052349999999997,17.32296,17.87,7776200.0
2021-08-24,17.87,17.906470000000002,16.99474,17.21356,3659300.0
2021-08-25,17.21356,17.25003,16.22888,16.921799999999998,3916500.0
2021-08-26,16.921799999999998,18.08882,16.921799999999998,17.614720000000002,8177600.0
2021-08-27,17.28649,17.94294,17.17709,17.94294,3190600.0
2021-08-30,18.08882,18.59939,17.724130000000002,17.94294,6237900.0
2021-08-31,17.83354,18.52645,17.54178,18.2347,7774000.0
2021-09-01,18.08882,19.1829,18.015880000000003,18.96409,8207000.0
2021-09-06,19.109959999999997,19.1829,18.45352,18.52645,4167600.0
2021-09-07,18.59939,18.59939,17.906470000000002,17.97941,6359200.0
2021-09-08,17.68766,18.271169999999998,17.65119,17.97941,3960500.0
2021-09-09,18.19823,18.19823,17.797069999999998,18.08882,2090400.0
2021-09-10,18.08882,18.56292,17.94294,18.19823,4414700.0
2021-09-13,18.2347,18.59939,18.015880000000003,18.30764,3784400.0
2021-09-14,18.52645,18.927619999999997,18.41705,18.41705,4512600.0
2021-09-15,18.380580000000002,18.52645,18.052349999999997,18.2347,2704900.0
2021-09-16,18.30764,18.34411,17.906470000000002,18.08882,2916200.0
2021-09-17,18.015880000000003,18.380580000000002,17.50531,18.271169999999998,6065700.0
2021-09-20,18.52645,18.7088,17.94294,18.052349999999997,3255900.0
2021-09-21,17.614720000000002,18.015880000000003,17.57825,18.015880000000003,3255000.0
2021-09-22,18.08882,18.19823,17.65119,17.87,2789400.0
2021-09-23,17.906470000000002,18.2347,17.797069999999998,18.015880000000003,2561500.0
2021-09-24,18.015880000000003,18.161759999999997,17.614720000000002,17.65119,2879400.0
2021-09-27,17.65119,17.65119,16.63005,16.63005,4173100.0
2021-09-28,16.52064,16.99474,15.6089,16.885330000000003,3292600.0
2021-09-29,16.885330000000003,18.052349999999997,16.52064,18.052349999999997,3987100.0
2021-09-30,18.2347,19.29231,18.161759999999997,19.29231,10520100.0
2021-10-01,19.40172,20.64168,19.36525,20.568740000000002,9130200.0
2021-10-04,21.00637,21.77223,20.568740000000002,20.71462,6320600.0
2021-10-05,20.42286,21.66282,20.27699,21.00637,7723900.0
2021-10-06,21.00637,21.66282,20.678150000000002,21.3346,6551700.0
2021-10-07,21.3346,22.39221,21.26166,21.26166,5660900.0
2021-10-08,21.44401,21.44401,20.568740000000002,20.60521,5927700.0
2021-10-11,21.07931,21.58988,20.568740000000002,21.516939999999998,5415900.0
2021-10-12,21.73576,21.991049999999998,21.115779999999997,21.18872,6067700.0
2021-10-13,21.225189999999998,22.6475,20.969900000000003,22.6475,9255100.0
2021-10-14,23.34041,24.0698,22.975720000000003,23.413349999999998,4687300.0
2021-10-15,23.70511,24.32509,23.048659999999998,23.850990000000003,4786800.0
2021-10-18,23.92392,24.288619999999998,22.53809,22.683970000000002,12102000.0
2021-10-19,22.72043,23.70511,22.24633,23.70511,9616700.0
2021-10-20,23.92392,24.72625,23.70511,24.4345,5413200.0
2021-10-21,24.65331,24.872130000000002,23.99686,24.65331,4817000.0
2021-10-22,24.72625,24.72625,23.81452,24.21568,7164600.0
2021-10-25,23.92392,24.0698,22.82984,22.975720000000003,7568100.0
2021-10-26,22.7569,23.55923,22.39221,23.19454,9255600.0
2021-10-27,23.70511,23.850990000000003,23.121599999999997,23.121599999999997,5767300.0
2021-10-28,23.413349999999998,24.4345,23.121599999999997,24.4345,8110500.0
2021-10-29,24.4345,24.76272,23.92392,24.288619999999998,6903200.0
2021-11-01,24.65331,25.419169999999998,24.179209999999998,24.79919,9363100.0
2021-11-02,24.94507,25.309759999999997,24.288619999999998,24.72625,7260500.0
2021-11-03,24.72625,25.018009999999997,23.34041,23.81452,7581500.0
2021-11-04,23.99686,24.4345,23.55923,23.96039,9328500.0
2021-11-05,24.0698,25.60152,23.96039,25.60152,12651500.0
2021-11-08,26.62266,27.35205,26.25797,26.877950000000002,7887000.0
2021-11-09,26.877950000000002,26.98735,26.25797,26.80501,10330400.0
2021-11-10,27.169700000000002,28.044970000000003,26.6956,28.044970000000003,8734400.0
2021-11-11,28.044970000000003,28.044970000000003,27.02382,27.13323,7667500.0
2021-11-12,27.35205,28.044970000000003,26.98735,27.78968,6546600.0
2021-11-15,28.081439999999997,28.99317,27.35205,28.30025,7641700.0
2021-11-16,28.59201,29.02964,28.15437,28.59201,6192500.0
2021-11-17,28.59201,28.81082,28.081439999999997,28.227310000000003,4922900.0
2021-11-18,28.081439999999997,28.19084,26.3309,26.62266,15836300.0
2021-11-19,26.25797,27.35205,24.79919,26.185029999999998,11080600.0
2021-11-22,26.84148,27.02382,25.52858,25.52858,5412700.0
2021-11-23,25.52858,26.98735,25.3827,26.98735,5420600.0
2021-11-24,27.206169999999997,27.27911,26.3309,26.476779999999998,4488500.0
2021-11-25,26.6956,27.35205,26.294439999999998,26.95088,6994800.0
2021-11-26,27.35205,28.373189999999997,26.98735,27.78968,9079400.0
2021-11-29,27.206169999999997,27.71674,27.060290000000002,27.42499,4582100.0
2021-11-30,27.49793,28.59201,27.27911,27.71674,7895400.0
2021-12-01,27.935560000000002,29.54021,27.826150000000002,29.357860000000002,12264700.0
2021-12-02,29.46727,29.941380000000002,28.373189999999997,28.51907,7184400.0
2021-12-03,28.66495,28.84729,27.35205,27.35205,9257200.0
2021-12-06,26.98735,27.38852,25.45564,25.67446,10722600.0
2021-12-07,25.96621,26.76854,25.3827,26.40384,4207400.0
2021-12-08,26.84148,27.27911,26.54972,26.76854,4623700.0
2021-12-09,26.62266,27.09676,26.25797,27.09676,3231000.0
2021-12-10,27.169700000000002,28.044970000000003,27.13323,27.46146,4893900.0
2021-12-13,27.826150000000002,27.826150000000002,26.98735,27.242639999999998,3833700.0
2021-12-14,27.27911,28.44613,27.02382,27.78968,6455400.0
2021-12-15,28.0085,28.59201,27.57086,27.89909,6578100.0
2021-12-16,27.89909,27.935560000000002,27.169700000000002,27.35205,5357000.0
2021-12-17,27.35205,27.78968,26.91442,27.6438,7136400.0
2021-12-20,27.71674,28.227310000000003,27.27911,27.57086,4569200.0
2021-12-21,27.71674,29.357860000000002,27.71674,29.21199,12913600.0
2021-12-22,29.46727,29.7955,28.26378,28.26378,7584500.0
2021-12-23,28.26378,29.102580000000003,27.6438,28.30025,6364400.0
2021-12-24,28.44613,28.66495,27.27911,27.31558,6581000.0
2021-12-27,27.42499,27.57086,26.62266,26.91442,5305800.0
2021-12-28,27.42499,27.6438,26.76854,27.02382,3712200.0
2021-12-29,27.38852,27.38852,25.96621,26.40384,5937600.0
2021-12-30,26.44031,26.877950000000002,26.294439999999998,26.54972,3832300.0
2021-12-31,26.84148,26.84148,26.40384,26.76854,2505700.0
2022-01-04,26.84148,27.13323,26.44031,27.060290000000002,4461800.0
2022-01-05,27.169700000000002,27.5344,26.76854,27.13323,5027800.0
2022-01-06,27.02382,27.46146,26.73207,26.84148,4536000.0
2022-01-07,26.76854,26.91442,25.56505,25.60152,10920200.0
2022-01-10,25.419169999999998,25.419169999999998,23.81452,23.81452,14036600.0
2022-01-11,23.81452,24.14274,22.72043,23.19454,5266200.0
2022-01-12,22.975720000000003,23.850990000000003,22.173389999999998,22.7569,4282900.0
2022-01-13,23.26748,23.48629,22.6475,22.683970000000002,2766600.0
2022-01-14,22.24633,22.42868,21.115779999999997,21.115779999999997,6923700.0
2022-01-17,21.07931,21.58988,19.83935,19.83935,5986800.0
2022-01-18,19.620540000000002,21.225189999999998,19.5476,21.225189999999998,4742800.0
2022-01-19,21.88164,22.06399,21.18872,21.44401,2138200.0
2022-01-20,21.516939999999998,21.516939999999998,20.75109,21.115779999999997,2483100.0
2022-01-21,21.15225,21.15225,20.42286,20.568740000000002,3570000.0
2022-01-24,20.27699,20.349919999999997,19.14643,19.14643,4079100.0
2022-01-25,18.59939,20.058169999999997,18.41705,19.43819,3141600.0
2022-01-26,19.51113,19.912290000000002,19.073490000000003,19.073490000000003,2404700.0
2022-01-27,19.1829,19.83935,19.1829,19.620540000000002,2003600.0
2022-01-28,19.83935,19.94876,19.40172,19.69347,1501700.0
2022-02-07,20.20405,20.71462,19.985229999999998,20.42286,2593500.0
2022-02-08,20.53227,21.3346,20.058169999999997,20.787560000000003,3207900.0
2022-02-09,20.787560000000003,21.29813,20.787560000000003,20.93343,2504200.0
2022-02-10,21.15225,21.84517,20.82403,21.69929,4197300.0
2022-02-11,21.918110000000002,22.72043,21.73576,22.20986,3987600.0
2022-02-14,21.88164,22.50162,21.37107,21.37107,4755000.0
2022-02-15,21.29813,21.918110000000002,21.15225,21.73576,2410400.0
2022-02-16,21.88164,22.46515,21.77223,22.39221,5555600.0
2022-02-17,22.46515,22.90278,22.24633,22.24633,3845600.0
2022-02-18,21.88164,22.57456,21.88164,22.39221,4068000.0
2022-02-21,22.53809,22.93925,22.31927,22.7569,4467800.0
2022-02-22,22.46515,22.57456,21.77223,21.95458,4303400.0
2022-02-23,22.24633,23.48629,22.100450000000002,23.48629,6810700.0
2022-02-24,23.37688,25.12741,23.37688,25.12741,14960700.0
2022-02-25,25.60152,26.62266,25.236819999999998,25.236819999999998,9879400.0
2022-02-28,25.67446,26.98735,25.637990000000002,26.98735,9760600.0
2022-03-01,28.081439999999997,28.373189999999997,26.6956,26.91442,11496700.0
2022-03-02,27.57086,28.44613,26.84148,28.44613,11847200.0
2022-03-03,28.81082,29.50374,28.55554,29.02964,9717000.0
2022-03-04,28.81082,29.90491,28.0085,29.39433,10585300.0
2022-03-07,30.63429,31.436619999999998,30.123720000000002,31.436619999999998,7723200.0
2022-03-08,31.72838,32.82246,30.269599999999997,30.78017,13001200.0
2022-03-09,31.36368,32.93187,30.63429,32.49423,12977100.0
2022-03-10,31.65544,33.18715,31.40015,32.71305,8334600.0
2022-03-11,33.55185,34.57299,33.18715,33.91654,10728800.0
2022-03-14,33.98948,34.28123,31.54603,31.54603,15380100.0
2022-03-15,31.36368,31.72838,30.08725,31.2178,11367200.0
2022-03-16,31.65544,32.45776,31.25427,31.94719,4240300.0
2022-03-17,32.16601,32.31189,29.72256,29.75903,13697900.0
2022-03-18,30.123720000000002,30.998990000000003,29.61315,30.92605,5881800.0
2022-03-21,31.144869999999997,31.83778,30.269599999999997,31.071930000000002,4617600.0
2022-03-22,30.998990000000003,32.45776,30.56136,32.42129,8823200.0
2022-03-23,32.64011,33.51538,32.20248,32.749520000000004,9709500.0
2022-03-24,33.442440000000005,34.062419999999996,32.67658,32.96834,7480800.0
2022-03-25,32.82246,34.42711,31.94719,33.98948,10636200.0
2022-03-28,33.55185,35.33885,33.33303,35.33885,9990400.0
2022-03-29,35.740010000000005,36.06823,34.354169999999996,34.86474,5350200.0
2022-03-30,34.20829,34.57299,32.45776,32.45776,15037700.0
2022-03-31,32.67658,32.96834,31.32721,31.32721,8268500.0
2022-04-01,31.32721,32.67658,30.96252,32.16601,5085300.0
2022-04-04,32.16601,32.16601,29.97784,30.56136,10286700.0
2022-04-05,29.97784,30.998990000000003,29.97784,30.92605,4076500.0
2022-04-06,30.269599999999997,30.59782,28.88376,28.9567,8522500.0
2022-04-07,28.9567,30.269599999999997,27.97203,30.08725,7382700.0
2022-04-08,30.08725,30.269599999999997,28.88376,28.99317,3098400.0
2022-04-12,29.39433,29.831970000000002,28.81082,28.81082,3285800.0
2022-04-13,28.81082,29.75903,27.49793,29.75903,4788900.0
2022-04-14,30.269599999999997,31.83778,29.97784,31.83778,13335500.0
2022-04-15,32.09307,32.45776,29.68609,31.181330000000003,5651300.0
2022-04-18,30.56136,32.09307,30.30607,31.72838,5794300.0
2022-04-19,32.09307,33.880069999999996,31.2178,32.45776,10383500.0
2022-04-20,32.09307,32.45776,30.269599999999997,30.269599999999997,5813300.0
2022-04-21,30.379009999999997,31.5825,29.68609,30.19666,5358600.0
2022-04-22,30.34254,30.63429,28.11791,28.11791,10067600.0
2022-04-25,27.060290000000002,27.71674,26.185029999999998,26.185029999999998,4756800.0
2022-04-26,24.36156,27.71674,24.36156,27.71674,7675300.0
2022-04-27,26.84148,27.42499,25.820330000000002,26.76854,3741100.0
2022-04-28,27.02382,28.0085,26.73207,27.71674,4342400.0
2022-04-29,27.42499,28.84729,27.38852,28.19084,4128800.0
2022-05-04,27.71674,27.86262,26.2215,26.2215,4768400.0
2022-05-05,26.40384,27.09676,25.52858,26.62266,3885200.0
2022-05-06,25.67446,27.060290000000002,25.67446,26.11209,3973800.0
2022-05-09,25.8568,25.89327,24.288619999999998,24.288619999999998,2799400.0
2022-05-10,22.61103,23.92392,22.61103,22.61103,8540400.0
2022-05-11,23.26748,23.70511,22.79337,23.63217,3236300.0
2022-05-12,23.34041,23.92392,21.991049999999998,21.991049999999998,4167800.0
2022-05-13,21.29813,21.991049999999998,20.45933,20.45933,4669200.0
2022-05-16,21.15225,21.37107,19.037029999999998,19.037029999999998,7358700.0
2022-05-17,18.45352,20.349919999999997,17.797069999999998,20.349919999999997,5335800.0
2022-05-18,20.71462,21.77223,20.4958,21.77223,5196000.0
2022-05-19,21.00637,23.26748,20.8605,22.90278,8017100.0
2022-05-20,22.7569,24.288619999999998,22.57456,23.77805,5916600.0
2022-05-23,24.033330000000003,24.872130000000002,23.55923,24.288619999999998,7564000.0
2022-05-24,23.88746,25.309759999999997,23.88746,24.872130000000002,8043400.0
2022-05-25,25.309759999999997,26.58619,24.288619999999998,26.58619,7586900.0
2022-05-26,26.6956,27.13323,25.163880000000002,25.74739,6175800.0
2022-05-27,25.56505,26.3309,25.45564,25.74739,5337000.0
2022-05-30,25.8568,26.185029999999998,25.419169999999998,25.419169999999998,3230900.0
2022-05-31,25.163880000000002,27.169700000000002,25.09095,27.169700000000002,9072500.0
2022-06-01,27.35205,29.066110000000002,27.31558,28.59201,8314400.0
2022-06-02,29.17552,29.248459999999998,27.71674,28.30025,5813300.0
2022-06-03,28.11791,29.86844,28.081439999999997,29.68609,7244100.0
2022-06-06,30.269599999999997,31.72838,29.21199,31.54603,7997700.0
2022-06-07,30.998990000000003,31.94719,29.39433,30.998990000000003,11037200.0
2022-06-08,30.998990000000003,32.31189,30.014310000000002,30.81664,7615200.0
2022-06-09,30.81664,31.80131,30.34254,30.92605,4578600.0
2022-06-10,30.63429,31.290740000000003,28.77435,28.77435,7460700.0
2022-06-13,26.98735,28.482599999999998,26.76854,26.76854,9806900.0
2022-06-14,26.25797,28.62848,25.60152,28.30025,6322300.0
2022-06-15,28.51907,29.68609,26.98735,29.68609,6377300.0
2022-06-16,30.05078,31.36368,29.68609,30.59782,6533900.0
2022-06-17,29.61315,31.36368,29.39433,30.998990000000003,6546100.0
2022-06-20,30.998990000000003,31.5825,28.84729,28.84729,11367400.0
2022-06-21,28.081439999999997,29.17552,26.84148,26.84148,7118600.0
2022-06-22,26.84148,27.13323,24.981540000000003,24.981540000000003,5573200.0
2022-06-23,23.70511,25.8568,23.34041,25.8568,5919700.0
2022-06-24,26.2215,26.91442,25.67446,26.25797,2894100.0
2022-06-27,26.25797,26.877950000000002,24.4345,24.4345,6098500.0
2022-06-28,24.0698,25.09095,22.82984,23.231009999999998,9398900.0
2022-06-29,23.413349999999998,24.0698,22.02752,23.55923,6403700.0
2022-06-30,24.0698,24.39803,23.77805,23.88746,3954100.0
2022-07-01,23.413349999999998,23.77805,22.46515,22.975720000000003,3238300.0
2022-07-04,23.26748,23.70511,23.08513,23.34041,3137700.0
2022-07-05,23.493740000000003,23.76423,21.71625,21.9481,6756600.0
2022-07-06,20.94343,22.025380000000002,20.4411,20.4411,5630700.0
2022-07-07,20.2479,21.175279999999997,19.86149,20.86615,4097800.0
2022-07-08,21.407130000000002,22.14131,21.252560000000003,22.14131,3890200.0
2022-07-11,22.10267,22.334509999999998,21.252560000000003,21.36849,3649000.0
2022-07-12,21.36849,22.06402,21.252560000000003,22.025380000000002,2962800.0
2022-07-13,22.025380000000002,22.29587,21.67761,21.71625,2910400.0
2022-07-14,21.56169,23.22325,21.56169,23.22325,5144600.0
2022-07-15,23.80287,23.84151,23.03005,23.03005,4167000.0
2022-07-18,23.53238,23.84151,22.875490000000003,22.875490000000003,2361800.0
2022-07-19,22.56636,23.18461,22.25723,22.643639999999998,3317100.0
2022-07-20,23.18461,23.57102,22.91413,23.18461,3364200.0
2022-07-21,23.18461,24.15064,23.03005,23.68695,3115400.0
2022-07-22,23.72559,23.91879,22.7982,22.91413,3658800.0
2022-07-25,22.7982,22.7982,21.79354,21.83218,2670500.0
2022-07-26,21.71625,22.91413,21.71625,22.45043,2879500.0
2022-07-27,22.45043,23.41646,22.45043,23.41646,2900900.0
2022-07-28,23.72559,23.91879,23.53238,23.648310000000002,4580000.0
2022-07-29,23.95743,23.95743,22.605,22.643639999999998,6014800.0
2022-08-01,23.2619,23.30054,22.605,23.22325,4299500.0
2022-08-02,23.30054,24.18928,23.30054,23.80287,4355100.0
2022-08-03,23.72559,25.30987,23.37782,25.03938,6116300.0
2022-08-04,25.03938,25.50308,24.575689999999998,25.03938,3435400.0
2022-08-05,24.73025,25.11666,24.49841,25.03938,2782300.0
2022-08-08,25.15531,26.00541,25.00074,25.92813,5623200.0
2022-08-09,25.96677,26.507740000000002,25.42579,25.73492,4212100.0
2022-08-10,25.696279999999998,25.696279999999998,24.88482,25.00074,3492600.0
2022-08-11,25.232590000000002,25.54172,24.49841,24.53705,3853000.0
2022-08-12,24.53705,25.078020000000002,24.34384,25.03938,2555100.0
2022-08-15,25.19395,25.8122,25.19395,25.30987,2432300.0
2022-08-16,25.387150000000002,25.889490000000002,25.078020000000002,25.348509999999997,4656800.0
2022-08-17,25.58036,25.65764,24.73025,24.88482,3138200.0
2022-08-18,24.88482,25.50308,24.73025,25.03938,3288400.0
2022-08-19,25.19395,25.348509999999997,24.614330000000002,24.73025,3694700.0
2022-08-22,24.73025,25.00074,23.80287,24.03472,2822700.0
2022-08-23,23.88015,24.65297,23.80287,24.3052,2857600.0
2022-08-24,24.73025,25.77356,24.614330000000002,25.619,6184800.0
2022-08-25,26.00541,27.39649,25.96677,27.39649,9699800.0
2022-08-26,27.821540000000002,28.47843,27.04872,27.39649,5951800.0
2022-08-29,27.9761,29.289900000000003,27.43513,29.289900000000003,13224600.0
2022-08-30,30.02407,30.062720000000002,28.787560000000003,29.17397,5814900.0
2022-08-31,29.135330000000003,29.67631,28.90349,28.98077,7736300.0
2022-09-05,29.289900000000003,30.52641,29.058049999999998,29.63766,5509100.0
2022-09-06,30.02407,30.02407,28.28523,28.28523,11442800.0
2022-09-07,28.05338,28.942130000000002,27.666970000000003,27.666970000000003,7989500.0
2022-09-08,28.13066,29.289900000000003,27.43513,28.51707,6904100.0
2022-09-09,28.59436,29.59902,27.937459999999998,29.59902,6796300.0
2022-09-12,29.75359,30.410490000000003,28.98077,29.135330000000003,5978008.0
2022-09-13,29.32854,29.52174,28.40115,29.289900000000003,6785549.0
2022-09-14,28.59436,29.289900000000003,28.59436,28.86484,6493064.0
2022-09-15,29.36718,30.062720000000002,29.21261,29.21261,8377519.0
2022-09-16,29.21261,29.289900000000003,28.47843,28.59436,5486931.0
2022-09-19,28.67164,28.710279999999997,26.62366,26.62366,10025414.0
2022-09-20,27.04872,27.821540000000002,26.00541,27.821540000000002,5998557.0
2022-09-21,27.43513,27.9761,27.126,27.7829,4029559.0
2022-09-22,27.43513,28.59436,27.28056,28.59436,5922012.0
2022-09-23,28.55572,29.135330000000003,27.89882,28.014740000000003,4580204.0
2022-09-26,27.20328,27.74425,26.23725,27.126,6961429.0
2022-09-27,27.43513,27.821540000000002,26.816869999999998,26.93279,4655641.0
2022-09-28,26.93279,27.70561,26.58502,26.77823,4732969.0
2022-09-29,27.51241,27.51241,24.92346,24.92346,6539718.0
2022-09-30,24.768900000000002,26.2759,23.57102,26.04405,7105039.0
2022-10-03,26.04405,26.04405,24.227919999999997,24.227919999999997,4086828.0
2022-10-04,24.65297,24.73025,22.56636,22.7982,6311353.0
2022-10-05,23.18461,24.34384,22.95277,24.03472,4354544.0
2022-10-06,24.34384,24.42113,22.7982,23.2619,4708535.0
2022-10-07,22.95277,23.06869,21.63897,21.63897,7031344.0
2022-10-10,20.94343,23.145970000000002,20.94343,23.145970000000002,4460723.0
2022-10-11,23.33918,24.112,22.72092,22.7982,6540802.0
2022-10-12,23.2619,24.38249,23.03005,24.38249,5022254.0
2022-10-13,24.38249,24.73025,23.72559,24.38249,4510236.0
2022-10-14,24.9621,25.27123,24.65297,24.92346,4564354.0
2022-10-17,24.42113,25.73492,24.42113,25.619,4659063.0
2022-10-18,26.12133,26.198610000000002,24.73025,25.03938,4839356.0
2022-10-19,25.348509999999997,25.65764,24.84618,25.11666,3052407.0
2022-10-20,25.03938,25.42579,24.34384,24.69161,3495271.0
2022-10-21,24.65297,24.9621,23.03005,23.06869,6466896.0
2022-10-24,23.493740000000003,24.07336,23.03005,23.10733,5013188.0
2022-10-25,23.41646,24.69161,23.145970000000002,24.69161,6877657.0
2022-10-26,25.11666,25.232590000000002,24.227919999999997,24.53705,2903950.0
2022-10-27,24.73025,25.77356,24.34384,25.46443,4957908.0
2022-10-28,25.54172,26.08269,24.768900000000002,24.768900000000002,5380781.0
2022-10-31,24.768900000000002,25.889490000000002,24.45977,25.50308,4113199.0
2022-11-01,25.73492,25.96677,24.88482,24.9621,4207251.0
2022-11-02,24.9621,25.00074,23.22325,23.22325,10903034.0
2022-11-03,22.875490000000003,23.91879,22.83684,23.68695,2952837.0
2022-11-04,23.57102,23.88015,22.17995,22.56636,4232939.0
2022-11-07,22.875490000000003,23.18461,22.373150000000003,22.41179,3492477.0
2022-11-08,22.643639999999998,22.7982,22.025380000000002,22.48908,2645675.0
2022-11-09,22.643639999999998,23.33918,22.56636,23.10733,3833281.0
2022-11-10,22.875490000000003,23.10733,21.523049999999998,21.523049999999998,5228412.0
2022-11-11,22.025380000000002,22.25723,21.252560000000003,22.025380000000002,3188051.0
2022-11-14,21.32984,21.63897,20.51838,20.51838,2702956.0
2022-11-15,19.088669999999997,19.20459,19.088669999999997,19.088669999999997,903955.0
2022-11-16,17.77487,20.402459999999998,17.77487,20.402459999999998,7228275.0
2022-11-17,20.78887,21.2912,20.01605,20.634310000000003,2649797.0
2022-11-18,20.634310000000003,20.67295,19.20459,20.2479,4969366.0
2022-11-21,20.2479,20.59567,19.011380000000003,19.66828,4271525.0
2022-11-22,19.32051,20.55702,19.20459,19.90013,4830601.0
2022-11-23,19.97741,20.36382,19.784200000000002,19.93877,2068301.0
2022-11-24,19.82284,19.90013,18.77954,19.86149,2574161.0
2022-11-25,20.09333,20.209259999999997,19.55236,20.17061,3266867.0
2022-11-28,20.51838,21.252560000000003,20.36382,21.13664,4095829.0
2022-11-29,21.175279999999997,22.334509999999998,20.71159,22.25723,5978921.0
2022-11-30,22.41179,22.7982,22.06402,22.48908,3712903.0
2022-12-01,22.72092,22.7982,21.252560000000003,21.48441,6351902.0
2022-12-02,21.36849,22.41179,21.02072,22.41179,4130521.0
2022-12-05,22.68228,22.83684,22.025380000000002,22.25723,4339081.0
2022-12-06,22.10267,23.80287,21.48441,23.22325,10600700.0
2022-12-07,23.18461,23.72559,22.41179,22.48908,3069640.0
2022-12-08,23.2619,23.41646,22.06402,22.75956,5270107.0
2022-12-09,22.68228,22.68228,22.06402,22.10267,2723860.0
2022-12-12,22.10267,22.75956,21.79354,22.373150000000003,3079792.0
2022-12-13,22.373150000000003,22.56636,22.025380000000002,22.56636,2132788.0
2022-12-14,22.875490000000003,23.57102,22.643639999999998,22.83684,3469324.0
2022-12-15,22.875490000000003,23.10733,22.41179,22.56636,1801769.0
2022-12-16,22.41179,22.72092,22.25723,22.334509999999998,2266644.0
2022-12-19,22.334509999999998,22.875490000000003,22.17995,22.17995,2428013.0
2022-12-20,22.17995,22.29587,21.02072,22.17995,3995525.0
2022-12-21,22.17995,22.334509999999998,20.86615,20.86615,1852997.0
2022-12-22,21.32984,21.63897,20.55702,21.63897,1668496.0
2022-12-23,21.32984,21.63897,20.86615,21.48441,1514072.0
2022-12-26,21.48441,21.48441,20.01605,20.01605,2370448.0
2022-12-27,19.784200000000002,20.402459999999998,19.62964,20.402459999999998,1587204.0
2022-12-28,20.634310000000003,20.634310000000003,20.09333,20.4411,1145609.0
2022-12-29,20.054689999999997,20.402459999999998,19.86149,20.054689999999997,1094548.0
2022-12-30,20.55702,20.55702,20.2479,20.479740000000003,1477068.0
2023-01-03,20.479740000000003,21.36849,20.286540000000002,21.05936,2296036.0
2023-01-04,21.098,21.90946,21.098,21.175279999999997,2286145.0
2023-01-05,21.56169,21.56169,20.904790000000002,21.02072,1654641.0
2023-01-06,21.05936,21.56169,20.2479,20.479740000000003,2777844.0
2023-01-09,20.51838,21.098,20.51838,20.59567,1029858.0
2023-01-10,20.75023,20.75023,20.2479,20.286540000000002,1490395.0
2023-01-11,20.4411,20.55702,20.2479,20.2479,1517308.0
2023-01-12,20.402459999999998,20.402459999999998,20.01605,20.09333,1563508.0
2023-01-13,20.32518,20.479740000000003,19.82284,19.93877,2587428.0
2023-01-16,19.93877,20.09333,19.784200000000002,19.784200000000002,1505944.0
2023-01-17,19.86149,20.286540000000002,19.706919999999997,20.286540000000002,1911435.0
2023-01-18,20.286540000000002,20.78887,20.286540000000002,20.51838,1903352.0
2023-01-19,20.4411,20.78887,20.2479,20.634310000000003,2872723.0
2023-01-27,20.86615,21.175279999999997,20.75023,20.982080000000003,2834849.0
2023-01-30,21.098,21.407130000000002,20.71159,21.175279999999997,3493645.0
2023-01-31,21.252560000000003,21.9481,21.252560000000003,21.63897,4948600.0
2023-02-01,21.98674,21.98674,20.479740000000003,20.59567,4972014.0
2023-02-02,20.59567,20.86615,20.32518,20.67295,2493663.0
2023-02-03,20.67295,21.02072,20.402459999999998,20.59567,1922771.0
2023-02-06,20.75023,20.78887,20.51838,20.55702,1637780.0
2023-02-07,20.67295,20.78887,20.09333,20.09333,2302732.0
2023-02-08,20.09333,20.402459999999998,19.359150000000003,20.32518,3298451.0
2023-02-09,20.32518,20.402459999999998,19.93877,20.01605,1300986.0
2023-02-10,20.01605,20.01605,19.39779,19.475080000000002,2154815.0
2023-02-13,19.475080000000002,20.01605,19.20459,19.24323,2742966.0
2023-02-14,19.475080000000002,19.591,19.32051,19.43643,860291.0
2023-02-15,19.475080000000002,19.784200000000002,19.39779,19.62964,1046980.0
2023-02-16,19.706919999999997,19.93877,19.55236,19.62964,2138422.0
2023-02-17,19.62964,19.784200000000002,19.513720000000003,19.591,2033649.0
2023-02-20,19.55236,20.2479,19.55236,20.17061,4335748.0
2023-02-21,20.17061,20.4411,19.90013,19.90013,3579453.0
2023-02-22,19.86149,19.86149,19.165950000000002,19.165950000000002,3103382.0
2023-02-23,19.32051,19.39779,18.54769,19.32051,3008834.0
2023-02-24,19.32051,19.74556,18.934099999999997,19.05002,1828913.0
2023-02-27,18.70226,18.81818,18.23856,18.23856,1510879.0
2023-02-28,18.62497,18.70226,17.58167,18.161279999999998,2978195.0
2023-03-01,17.92943,18.31584,17.69759,18.23856,1989902.0
2023-03-02,18.47041,18.77954,18.31584,18.54769,1582049.0
2023-03-03,18.663610000000002,18.7409,18.084,18.23856,1518991.0
2023-03-06,18.54769,18.54769,17.813509999999997,17.92943,2130893.0
2023-03-07,18.045360000000002,18.12264,17.58167,17.92943,2828286.0
2023-03-08,17.85215,17.890790000000003,17.4271,17.890790000000003,1244062.0
2023-03-09,18.00672,18.19992,17.890790000000003,18.00672,3982984.0
2023-03-10,18.00672,18.58633,17.92943,18.354490000000002,3595683.0
2023-03-13,18.084,18.81818,18.084,18.663610000000002,3871368.0
2023-03-14,18.70226,18.77954,18.23856,18.31584,2962630.0
2023-03-15,18.58633,18.70226,18.43177,18.54769,2609554.0
2023-03-16,18.2772,18.50905,18.00672,18.084,1817276.0
2023-03-17,18.39313,18.54769,18.084,18.54769,6927958.0
2023-03-20,18.54769,19.088669999999997,18.31584,19.011380000000003,3693046.0
2023-03-21,19.12731,19.165950000000002,18.663610000000002,18.934099999999997,2889509.0
2023-03-22,19.05002,19.39779,18.934099999999997,19.12731,4003544.0
2023-03-23,19.088669999999997,19.24323,18.97274,19.12731,1739776.0
2023-03-24,19.24323,19.24323,18.7409,18.7409,3054360.0
2023-03-27,18.77954,19.011380000000003,18.62497,18.97274,1475556.0
2023-03-28,19.165950000000002,19.165950000000002,18.85682,18.85682,2146656.0
2023-03-29,18.97274,18.97274,18.663610000000002,18.85682,1165539.0
2023-03-30,18.85682,19.011380000000003,18.58633,18.62497,2092993.0
2023-03-31,18.62497,18.70226,18.354490000000002,18.50905,2379327.0
2023-04-03,18.62497,18.77954,18.47041,18.58633,4059605.0
2023-04-04,18.7409,19.165950000000002,18.58633,19.011380000000003,3719278.0
2023-04-05,18.97274,19.475080000000002,18.85682,19.20459,3754922.0
2023-04-06,19.24323,20.2479,19.24323,19.24323,6696514.0
2023-04-07,19.62964,19.62964,19.165950000000002,19.20459,2855766.0
2023-04-10,19.20459,19.39779,18.77954,18.81818,3241049.0
2023-04-11,18.934099999999997,19.165950000000002,18.81818,18.97274,2245249.0
2023-04-12,19.24323,19.475080000000002,18.934099999999997,19.088669999999997,2961639.0
2023-04-13,19.24323,19.784200000000002,19.12731,19.475080000000002,4884288.0
2023-04-14,19.513720000000003,19.82284,19.011380000000003,19.011380000000003,3609400.0
2023-04-17,19.088669999999997,19.12731,18.70226,18.77954,2308157.0
2023-04-18,19.011380000000003,19.011380000000003,18.7409,18.89546,1253237.0
2023-04-19,18.89546,19.12731,18.70226,18.81818,2630846.0
2023-04-20,18.85682,18.97274,18.77954,18.85682,1576194.0
2023-04-21,18.934099999999997,18.97274,18.39313,18.39313,3300287.0
2023-04-24,18.43177,18.54769,17.92943,18.045360000000002,1871772.0
2023-04-25,18.084,18.31584,17.96808,18.045360000000002,1495606.0
2023-04-26,18.00672,18.045360000000002,17.73623,17.85215,2430519.0
2023-04-27,17.96808,18.54769,17.96808,18.2772,1568022.0
2023-04-28,18.50905,18.50905,18.23856,18.31584,961921.0
2023-05-04,18.23856,18.39313,18.00672,18.045360000000002,1444870.0
2023-05-05,18.00672,18.161279999999998,17.890790000000003,17.890790000000003,1479595.0
2023-05-08,18.084,18.2772,18.045360000000002,18.19992,1739187.0
2023-05-09,18.23856,18.39313,18.23856,18.31584,1273639.0
2023-05-10,18.39313,18.39313,18.23856,18.31584,1595953.0
2023-05-11,18.23856,19.011380000000003,18.23856,18.81818,3997104.0
2023-05-12,18.85682,18.89546,18.62497,18.7409,1697314.0
2023-05-15,18.89546,18.89546,18.43177,18.43177,2566704.0
2023-05-16,18.39313,18.58633,18.39313,18.47041,1640599.0
2023-05-17,18.62497,18.934099999999997,18.43177,18.47041,3133997.0
2023-05-18,18.54769,18.85682,18.43177,18.47041,2052486.0
2023-05-19,18.39313,18.47041,18.19992,18.19992,3630438.0
2023-05-22,18.00672,18.31584,17.890790000000003,18.161279999999998,3152862.0
2023-05-23,18.31584,18.54769,18.31584,18.43177,2396433.0
2023-05-24,18.50905,18.50905,18.19992,18.19992,1374001.0
2023-05-25,18.23856,18.23856,18.045360000000002,18.084,1846017.0
2023-05-26,18.2772,18.31584,18.19992,18.23856,1341699.0
2023-05-29,18.31584,18.354490000000002,18.19992,18.354490000000002,1974923.0
2023-05-30,18.47041,18.85682,18.43177,18.81818,4676738.0
2023-05-31,18.85682,18.934099999999997,18.663610000000002,18.77954,3295396.0
2023-06-01,18.70226,18.85682,18.54769,18.62497,2729042.0
2023-06-02,18.7409,19.24323,18.663610000000002,19.088669999999997,4793341.0
2023-06-05,19.39779,19.86149,19.165950000000002,19.66828,6011697.0
2023-06-06,19.66828,19.90013,19.43643,19.62964,3525186.0
2023-06-07,19.62964,19.86149,19.55236,19.74556,5447962.0
2023-06-08,19.93877,19.97741,19.24323,19.24323,4488044.0
2023-06-09,19.165950000000002,19.74556,19.12731,19.66828,4644527.0
2023-06-12,19.784200000000002,20.2479,19.66828,19.97741,4833820.0
2023-06-13,20.054689999999997,20.209259999999997,19.591,19.706919999999997,4680310.0
2023-06-14,19.784200000000002,19.93877,19.43643,19.475080000000002,4198700.0
2023-06-15,19.475080000000002,19.66828,19.165950000000002,19.32051,3399679.0
2023-06-16,19.475080000000002,19.82284,19.24323,19.24323,4949446.0
2023-06-19,19.20459,19.62964,19.20459,19.55236,2684724.0
2023-06-20,19.55236,19.784200000000002,19.43643,19.74556,2936036.0
2023-06-21,19.784200000000002,19.784200000000002,19.513720000000003,19.66828,3437995.0
2023-06-22,19.784200000000002,20.479740000000003,19.706919999999997,20.479740000000003,9150303.0
2023-06-23,20.479740000000003,20.634310000000003,20.36382,20.55702,5009282.0
2023-06-26,20.634310000000003,20.94343,20.479740000000003,20.78887,8218963.0
2023-06-27,20.86615,20.904790000000002,20.59567,20.78887,3627130.0
2023-06-28,20.78887,21.213919999999998,20.67295,20.94343,5355426.0
2023-06-29,20.94343,20.94343,20.32518,20.32518,4548388.0
2023-06-30,20.32518,20.51838,20.2479,20.402459999999998,2387720.0
2023-07-03,21.407130000000002,21.48441,20.982080000000003,21.05936,5718477.0
2023-07-04,21.098,21.13664,20.86615,21.13664,3145942.0
2023-07-05,21.252560000000003,21.79354,21.13664,21.252560000000003,6210481.0
2023-07-06,21.2912,21.32984,20.634310000000003,20.982080000000003,4879390.0
2023-07-07,20.982080000000003,21.407130000000002,20.904790000000002,21.32984,3722054.0
2023-07-10,21.63897,21.83218,21.407130000000002,21.48441,5565667.0
2023-07-11,21.79354,21.83218,21.252560000000003,21.2912,4022864.0
2023-07-12,21.48441,21.83218,21.252560000000003,21.67761,4695497.0
2023-07-13,21.754900000000003,22.21859,21.71625,22.025380000000002,6098620.0
2023-07-14,22.025380000000002,22.14131,21.600330000000003,21.9481,4543393.0
2023-07-17,21.9481,22.025380000000002,21.56169,21.67761,4640956.0
2023-07-18,22.14131,22.334509999999998,21.98674,22.21859,6739073.0
2023-07-19,22.41179,22.56636,22.10267,22.21859,5426922.0
2023-07-20,22.29587,22.48908,22.17995,22.48908,3641060.0
2023-07-21,22.605,22.643639999999998,22.334509999999998,22.48908,3236000.0
2023-07-24,22.527720000000002,22.7982,22.41179,22.605,4137726.0
2023-07-25,22.605,22.99141,22.41179,22.68228,4289657.0
2023-07-26,22.68228,23.145970000000002,22.643639999999998,22.875490000000003,4279698.0
2023-07-27,22.875490000000003,23.03005,22.45043,22.75956,3872282.0
2023-07-28,22.7982,23.80287,22.605,23.57102,6023578.0
2023-07-31,24.575689999999998,24.80754,24.112,24.49841,7606125.0
2023-08-01,24.73025,25.19395,24.45977,24.49841,6780602.0
2023-08-02,24.53705,25.15531,24.18928,25.078020000000002,5102697.0
2023-08-03,25.03938,25.65764,25.00074,25.65764,5714493.0
2023-08-04,25.73492,26.04405,25.27123,25.50308,4806859.0
2023-08-07,25.85084,25.85084,25.30987,25.50308,4289876.0
2023-08-08,25.387150000000002,25.889490000000002,25.27123,25.8122,4151458.0
2023-08-09,25.73492,25.8122,25.42579,25.58036,2360672.0
2023-08-10,25.50308,25.619,24.768900000000002,24.88482,4839296.0
2023-08-11,24.88482,25.696279999999998,24.80754,25.42579,4148427.0
2023-08-14,25.8122,26.198610000000002,25.54172,25.92813,2752716.0
2023-08-15,26.198610000000002,26.23725,25.77356,25.77356,2200650.0
2023-08-16,25.85084,26.00541,25.65764,25.77356,2363418.0
2023-08-17,25.77356,25.8122,25.387150000000002,25.387150000000002,3213468.0
2023-08-18,25.387150000000002,25.50308,23.648310000000002,23.80287,6293184.0
2023-08-21,23.996080000000003,25.078020000000002,23.996080000000003,24.92346,3458380.0
2023-08-22,25.348509999999997,25.348509999999997,23.80287,25.078020000000002,3629652.0
2023-08-23,25.15531,25.27123,24.65297,24.84618,2490826.0
2023-08-24,24.88482,25.11666,24.80754,25.11666,2788303.0
2023-08-25,25.11666,25.348509999999997,24.88482,25.11666,3554442.0
2023-08-28,25.50308,26.546380000000003,25.46443,26.353180000000002,9306973.0
2023-08-29,26.269119999999997,26.86229,25.718310000000002,25.93016,5789164.0
2023-08-30,26.22675,26.269119999999997,25.675939999999997,25.76068,4902648.0
2023-08-31,25.76068,26.269119999999997,25.76068,26.269119999999997,3850795.0
2023-09-05,26.43859,26.86229,26.311490000000003,26.81992,4957300.0
2023-09-06,27.28599,27.66731,27.07414,27.20125,5851958.0
2023-09-07,27.45546,27.540200000000002,26.73518,26.81992,6353818.0
2023-09-08,28.55707,28.68418,28.38759,28.68418,5809081.0
2023-09-11,29.4892,29.785790000000002,28.72655,28.768919999999998,10657553.0
2023-09-12,28.768919999999998,29.10788,28.04864,29.10788,5830023.0
2023-09-13,29.23498,29.87053,28.55707,28.9384,6599684.0
2023-09-14,28.9384,29.192610000000002,28.429959999999998,28.472330000000003,4534678.0
2023-09-15,28.768919999999998,29.15025,28.429959999999998,28.599439999999998,4203668.0
2023-09-18,28.599439999999998,29.023139999999998,28.21812,28.55707,2885392.0
2023-09-19,28.72655,29.57394,28.21812,29.57394,6285619.0
2023-09-20,29.57394,30.251849999999997,29.4892,29.53157,4163147.0
2023-09-21,29.65868,29.82816,29.06551,29.4892,4355459.0
2023-09-22,28.68418,29.27735,27.70968,28.55707,4648800.0
2023-09-25,28.81129,29.192610000000002,26.69281,26.69281,4568321.0
2023-09-26,26.269119999999997,27.75205,26.269119999999997,26.69281,4065666.0
2023-09-27,26.86229,27.540200000000002,26.269119999999997,27.540200000000002,2680301.0
2023-09-28,27.58257,28.091009999999997,27.49783,27.79442,3153656.0
2023-09-29,28.21812,28.21812,27.70968,27.75205,1884641.0
2023-10-02,28.38759,29.10788,28.21812,28.599439999999998,3056869.0
2023-10-03,28.30285,28.72655,27.116509999999998,27.75205,5863292.0
2023-10-04,27.540200000000002,29.65868,27.370720000000002,29.65868,11006807.0
2023-10-05,29.65868,30.4637,29.4892,29.4892,6188556.0
2023-10-06,29.616310000000002,29.95527,29.23498,29.82816,4571901.0
2023-10-09,30.16711,31.65005,29.95527,31.438200000000002,7217813.0
2023-10-10,31.861900000000002,31.861900000000002,30.845029999999998,30.845029999999998,5819085.0
2023-10-11,30.92977,31.438200000000002,30.33659,31.35346,4584263.0
2023-10-12,31.35346,31.73479,30.42133,30.80266,6048905.0
2023-10-13,30.33659,31.35346,30.33659,31.14161,3758562.0
2023-10-16,31.22635,32.11611,30.887400000000003,31.39583,6257499.0
2023-10-17,31.52294,31.52294,29.23498,29.23498,4329519.0
2023-10-18,29.57394,29.82816,27.20125,28.133380000000002,8240306.0
2023-10-19,28.21812,28.38759,27.116509999999998,27.540200000000002,4945447.0
2023-10-20,27.540200000000002,28.38759,27.370720000000002,28.34522,3799313.0
2023-10-23,28.472330000000003,28.472330000000003,27.370720000000002,27.75205,3485286.0
2023-10-24,27.540200000000002,27.70968,25.97253,26.86229,10795270.0
2023-10-25,26.86229,26.86229,25.33699,25.379360000000002,7791620.0
2023-10-26,24.91329,24.99803,23.6422,23.6422,8498706.0
2023-10-27,24.10827,24.4896,23.34562,24.15064,3203714.0
2023-10-30,23.98116,23.98116,22.87955,22.87955,3365950.0
2023-10-31,22.87955,23.17614,21.777939999999997,22.87955,5732903.0
2023-11-01,22.87955,23.72694,22.710069999999998,23.72694,2189266.0
2023-11-02,23.98116,25.29462,23.81168,25.29462,5762002.0
2023-11-03,25.42173,25.42173,24.4896,24.82855,4246140.0
2023-11-06,24.6167,25.209880000000002,24.574330000000003,24.78618,2558043.0
2023-11-07,24.74381,25.845419999999997,24.36249,25.08277,4495635.0
2023-11-08,25.25225,26.60807,25.08277,26.60807,3636966.0
2023-11-09,26.43859,26.947029999999998,26.35386,26.48096,4267005.0
2023-11-10,26.0149,26.60807,26.0149,26.0149,3575947.0
2023-11-13,26.0149,26.43859,25.33699,25.845419999999997,2796900.0
2023-11-14,26.18438,26.52333,26.0149,26.48096,2890498.0
2023-11-15,27.03177,27.116509999999998,26.22675,26.35386,3216546.0
2023-11-16,26.52333,27.24362,26.18438,27.07414,4284710.0
2023-11-17,27.116509999999998,27.28599,25.845419999999997,26.311490000000003,4736251.0
2023-11-20,25.845419999999997,26.5657,25.845419999999997,26.39623,2667801.0
2023-11-21,26.73518,27.116509999999998,26.52333,27.116509999999998,3696834.0
2023-11-22,27.15888,27.87916,27.15888,27.49783,5162880.0
2023-11-23,27.62494,27.83679,26.48096,26.48096,4398316.0
2023-11-24,26.52333,27.03177,25.845419999999997,27.03177,3555521.0
2023-11-27,26.947029999999998,27.20125,26.39623,26.43859,1275527.0
2023-11-28,26.311490000000003,26.52333,25.93016,26.43859,2221569.0
2023-11-29,26.65044,26.73518,26.43859,26.73518,2260137.0
2023-11-30,26.947029999999998,27.116509999999998,26.52333,27.116509999999998,2943823.0
2023-12-01,27.116509999999998,27.45546,26.86229,27.116509999999998,2772655.0
2023-12-04,27.20125,28.30285,27.20125,28.133380000000002,5259077.0
2023-12-05,28.21812,28.38759,27.79442,27.83679,3851290.0
2023-12-06,28.30285,28.30285,27.83679,28.21812,2772213.0
2023-12-07,28.38759,28.38759,27.20125,27.58257,4431922.0
2023-12-08,27.540200000000002,27.963900000000002,27.24362,27.41309,2023136.0
2023-12-11,27.49783,27.83679,27.45546,27.49783,1627765.0
2023-12-12,27.49783,28.04864,27.49783,27.87916,2409135.0
2023-12-13,27.87916,28.21812,27.116509999999998,27.540200000000002,2698627.0
2023-12-14,27.62494,27.66731,26.81992,27.03177,2478345.0
2023-12-15,27.03177,27.28599,26.69281,26.69281,2120905.0
2023-12-18,26.69281,26.947029999999998,26.18438,26.18438,2408051.0
2023-12-19,26.35386,26.43859,25.675939999999997,26.39623,1632265.0
2023-12-20,26.60807,26.69281,26.52333,26.5657,896683.0
2023-12-21,26.52333,26.777549999999998,26.43859,26.5657,983033.0
2023-12-22,26.60807,26.86229,26.48096,26.777549999999998,994855.0
2023-12-25,26.90466,27.07414,26.69281,26.947029999999998,1690528.0
2023-12-26,26.947029999999998,27.49783,26.947029999999998,27.49783,2688216.0
2023-12-27,27.540200000000002,27.540200000000002,27.28599,27.370720000000002,2429982.0
2023-12-28,27.370720000000002,27.370720000000002,26.947029999999998,26.9894,3231543.0
2023-12-29,27.07414,27.45546,26.947029999999998,27.45546,2089419.0
2024-01-02,27.41309,28.04864,27.41309,27.41309,3683920.0
2024-01-03,27.540200000000002,27.62494,27.32836,27.540200000000002,1699386.0
2024-01-04,27.75205,28.091009999999997,27.41309,27.41309,5276531.0
2024-01-05,27.41309,27.58257,27.24362,27.45546,1416007.0
2024-01-08,27.58257,27.75205,27.32836,27.32836,2752254.0
2024-01-09,27.370720000000002,27.921529999999997,27.03177,27.62494,4571101.0
2024-01-10,27.62494,27.921529999999997,27.32836,27.370720000000002,2860277.0
2024-01-11,27.58257,27.62494,27.116509999999998,27.41309,1935038.0
2024-01-12,27.20125,27.20125,26.39623,26.69281,4394185.0
2024-01-15,26.69281,26.947029999999998,26.269119999999997,26.269119999999997,1759814.0
2024-01-16,26.311490000000003,26.48096,26.14201,26.48096,1942933.0
2024-01-17,26.52333,26.777549999999998,26.48096,26.52333,1842975.0
2024-01-18,26.52333,26.60807,26.22675,26.43859,1848824.0
2024-01-19,26.60807,26.777549999999998,26.48096,26.5657,1695433.0
2024-01-22,26.69281,26.69281,26.35386,26.43859,1354568.0
2024-01-23,26.5657,26.60807,26.269119999999997,26.311490000000003,1901360.0
2024-01-24,26.269119999999997,26.43859,26.18438,26.18438,1495288.0
2024-01-25,26.269119999999997,26.35386,26.0149,26.0149,1155986.0
2024-01-26,26.0149,26.48096,26.0149,26.18438,1567057.0
2024-01-29,26.777549999999998,27.49783,26.777549999999998,27.24362,7552144.0
2024-01-30,27.370720000000002,27.370720000000002,26.947029999999998,27.20125,2856920.0
2024-01-31,27.41309,27.41309,26.65044,26.81992,4228502.0
2024-02-01,26.777549999999998,27.49783,26.777549999999998,27.370720000000002,3604627.0
2024-02-02,27.45546,28.091009999999997,27.41309,27.70968,4905982.0
2024-02-05,27.79442,27.87916,27.49783,27.58257,2197394.0
2024-02-06,27.540200000000002,28.21812,27.540200000000002,27.963900000000002,4961417.0
2024-02-07,28.30285,29.23498,28.21812,28.81129,6640780.0
2024-02-15,29.15025,29.15025,28.55707,28.81129,3341863.0
2024-02-16,28.81129,29.15025,28.429959999999998,28.72655,5266022.0
2024-02-19,28.89603,29.53157,28.55707,29.06551,6810726.0
2024-02-20,29.31972,29.31972,28.68418,29.023139999999998,3990320.0
2024-02-21,28.81129,29.446830000000002,28.81129,29.31972,5981795.0
2024-02-22,29.27735,29.53157,29.15025,29.15025,3374068.0
2024-02-23,29.15025,29.192610000000002,27.540200000000002,27.963900000000002,11964923.0
2024-02-26,28.00627,28.9384,27.79442,28.5147,4770978.0
2024-02-27,28.55707,28.81129,28.34522,28.5147,2661687.0
2024-02-28,28.68418,29.57394,28.64181,28.85366,7551264.0
2024-02-29,28.98077,29.15025,28.472330000000003,28.599439999999998,3079295.0
2024-03-01,28.55707,29.023139999999998,28.30285,28.98077,6313937.0
2024-03-04,29.23498,29.31972,28.9384,29.023139999999998,5773331.0
2024-03-05,29.06551,29.57394,29.023139999999998,29.15025,4852648.0
2024-03-06,29.23498,29.23498,28.599439999999998,28.98077,4135953.0
2024-03-07,28.98077,29.9129,28.68418,29.4892,7493929.0
2024-03-08,29.82816,30.76029,29.616310000000002,30.42133,11197245.0
2024-03-11,30.42133,30.92977,29.446830000000002,29.95527,4933801.0
2024-03-12,30.04001,30.294220000000003,29.4892,29.65868,5742706.0
2024-03-13,30.08238,31.09924,29.65868,30.80266,8411249.0
2024-03-14,30.845029999999998,30.97214,30.08238,30.294220000000003,5947748.0
2024-03-15,30.251849999999997,30.50607,29.95527,30.08238,4701482.0
2024-03-18,30.124740000000003,30.33659,28.38759,28.89603,9162823.0
2024-03-19,29.15025,29.192610000000002,28.68418,28.81129,3453497.0
2024-03-20,28.98077,29.31972,28.64181,29.10788,3044379.0
2024-03-21,29.31972,29.65868,29.192610000000002,29.446830000000002,3593365.0
2024-03-22,29.785790000000002,29.82816,29.23498,29.65868,3884645.0
2024-03-25,29.9129,29.99764,29.10788,29.192610000000002,3224814.0
2024-03-26,29.4892,29.95527,29.23498,29.743419999999997,2644524.0
2024-03-27,29.95527,29.95527,29.616310000000002,29.785790000000002,2329919.0
2024-03-28,29.95527,30.251849999999997,29.65868,30.124740000000003,4662070.0
2024-03-29,30.251849999999997,30.33659,29.743419999999997,29.785790000000002,1896741.0
2024-04-01,29.785790000000002,29.82816,29.23498,29.27735,4247794.0
2024-04-02,29.36209,29.57394,29.023139999999998,29.446830000000002,2746909.0
2024-04-03,29.57394,30.845029999999998,29.57394,30.08238,8690671.0
2024-04-04,30.4637,30.4637,29.57394,29.99764,3426365.0
2024-04-05,29.70105,29.9129,29.06551,29.06551,3190332.0
2024-04-08,29.15025,29.23498,28.38759,28.38759,3251146.0
2024-04-09,28.472330000000003,28.64181,28.133380000000002,28.599439999999998,2168607.0
2024-04-10,28.72655,28.72655,28.30285,28.30285,1466697.0
2024-04-11,28.133380000000002,28.38759,27.79442,28.30285,2108393.0
2024-04-12,28.38759,28.472330000000003,28.17575,28.429959999999998,1616458.0
2024-04-15,28.55707,29.06551,26.48096,26.52333,3244989.0
2024-04-16,26.69281,26.86229,26.0149,26.81992,3526698.0
2024-04-17,27.07414,27.116509999999998,26.35386,26.48096,1695210.0
2024-04-19,26.14201,26.60807,25.29462,25.845419999999997,3022477.0
2024-04-22,26.269119999999997,26.269119999999997,25.80305,25.93016,1586164.0
2024-04-23,26.0149,26.22675,25.42173,25.50646,1890300.0
2024-04-24,25.845419999999997,26.269119999999997,25.63357,26.269119999999997,1925476.0
2024-04-25,26.09964,26.269119999999997,25.80305,25.97253,960564.0
2024-04-26,25.548830000000002,26.35386,25.548830000000002,26.0149,1925430.0
2024-05-02,26.09964,27.15888,26.09964,27.15888,3004031.0
2024-05-03,27.370720000000002,27.370720000000002,26.777549999999998,27.116509999999998,1992549.0
2024-05-06,27.20125,27.79442,27.116509999999998,27.79442,2777312.0
2024-05-07,27.87916,28.64181,27.79442,28.21812,4872835.0
2024-05-08,27.963900000000002,29.31972,27.58257,28.9384,6825032.0
2024-05-09,29.36209,29.57394,28.768919999999998,28.98077,4237573.0
2024-05-10,28.98077,29.4892,28.38759,29.27735,3785178.0
2024-05-13,29.4892,29.4892,28.72655,29.06551,2272829.0
2024-05-14,29.27735,29.27735,28.72655,29.15025,2195278.0
2024-05-15,29.31972,30.76029,29.023139999999998,30.675549999999998,10756711.0
2024-05-16,30.92977,31.48057,30.59081,31.438200000000002,8561896.0
2024-05-17,31.31109,31.90427,30.97214,31.607680000000002,4963670.0
2024-05-20,32.200849999999996,32.200849999999996,31.22635,31.22635,4193516.0
2024-05-21,31.22635,33.00587,30.92977,32.878769999999996,10019408.0
2024-05-22,33.04824,33.26009,32.24322,32.836400000000005,4073829.0
2024-05-23,32.836400000000005,33.72616,32.45507,33.13298,5075902.0
2024-05-24,32.66692,32.9635,30.97214,32.031369999999995,9130487.0
2024-05-27,32.37033,33.04824,31.69242,32.53981,4723015.0
2024-05-28,32.58218,32.79403,32.37033,32.62455,3538451.0
2024-05-29,32.79403,33.34483,31.90427,32.200849999999996,9378800.0
2024-05-30,31.607680000000002,31.989,30.92977,31.94664,10135957.0
2024-05-31,31.861900000000002,32.15848,31.56531,31.81953,3246508.0
2024-06-03,32.07374,33.938,31.81953,32.9635,10793791.0
2024-06-04,32.9635,33.17535,32.49744,32.70929,4296274.0
2024-06-05,32.878769999999996,32.9635,31.989,32.200849999999996,6107393.0
2024-06-06,32.200849999999996,32.836400000000005,32.031369999999995,32.49744,4201885.0
2024-06-07,32.878769999999996,33.68379,32.58218,33.13298,9061460.0
2024-06-10,33.471940000000004,33.471940000000004,32.70929,32.836400000000005,3596575.0
2024-06-11,33.13298,33.89563,33.00587,33.26009,6791682.0
2024-06-12,33.514309999999995,33.76853,32.79403,33.42957,4159920.0
2024-06-13,33.514309999999995,33.76853,33.00587,33.04824,4389974.0
2024-06-14,33.09061,33.302459999999996,31.77716,31.77716,9207687.0
2024-06-17,31.81953,32.37033,31.81953,32.031369999999995,4579865.0
2024-06-18,32.200849999999996,32.79403,32.200849999999996,32.58218,2922784.0
2024-06-19,32.79403,34.44644,32.75166,33.302459999999996,9196119.0
2024-06-20,33.72616,33.72616,32.836400000000005,33.302459999999996,3627439.0
2024-06-21,33.3872,33.938,33.13298,33.26009,5455769.0
2024-06-24,33.038419999999995,33.440239999999996,31.60973,31.922259999999998,7071811.0
2024-06-25,32.10084,32.41337,31.69903,32.36872,2856620.0
2024-06-26,32.36872,32.85984,31.966900000000003,32.85984,2776328.0
2024-06-27,33.038419999999995,33.84206,32.90448000000001,33.39559,5448071.0
2024-06-28,33.21701,33.39559,32.01155,32.14549,3712498.0
2024-07-01,32.23478,32.7259,31.966900000000003,32.68125,1836363.0
2024-07-02,33.21701,33.70812,32.94913,33.08307,4763607.0
2024-07-03,33.39559,34.46711,33.038419999999995,33.48489,7878442.0
2024-07-04,33.57418,33.976,32.94913,33.26165,4421912.0
2024-07-05,33.57418,34.19923,33.17236,33.48489,4541215.0
2024-07-08,33.976,35.80651,33.976,35.80651,17253344.0
2024-07-09,36.43156,37.32449,35.98509,36.07438,5805646.0
2024-07-10,36.07438,36.87802,35.80651,36.34226,7621935.0
2024-07-11,36.61014,36.61014,35.00287,35.00287,9768378.0
2024-07-12,35.00287,35.58327,34.734989999999996,35.53863,5686151.0
2024-07-15,35.627919999999996,35.94044,34.6457,35.18145,4205642.0
2024-07-16,35.226099999999995,35.58327,34.82428,34.91357,3359521.0
2024-07-17,35.226099999999995,35.226099999999995,32.50266,33.038419999999995,10990334.0
2024-07-18,33.3063,34.10994,32.94913,34.02064,5163154.0
2024-07-19,33.93135,33.93135,33.12771,33.3063,3147497.0
2024-07-22,33.038419999999995,33.3063,31.743669999999998,32.14549,6054034.0
2024-07-23,32.23478,32.54731,31.252560000000003,31.29721,4530359.0
2024-07-24,30.94003,32.36872,30.448919999999998,31.922259999999998,3733211.0
2024-07-25,31.78832,32.19014,31.60973,31.922259999999998,2144672.0
2024-07-26,32.14549,32.54731,31.83297,32.41337,2918211.0
2024-07-29,32.7259,34.02064,32.54731,33.8867,7822600.0
2024-07-30,34.02064,34.02064,33.12771,33.663470000000004,3322579.0
2024-07-31,33.663470000000004,33.93135,33.12771,33.12771,3669011.0
2024-08-01,33.39559,33.39559,31.60973,31.83297,6055677.0
2024-08-02,31.69903,32.90448000000001,31.073970000000003,32.90448000000001,4118280.0
2024-08-05,32.14549,32.50266,30.672159999999998,30.806099999999997,5448095.0
2024-08-06,31.3865,31.78832,30.850740000000002,31.69903,3177787.0
2024-08-07,31.69903,32.54731,31.341849999999997,32.32408,4120111.0
2024-08-08,31.69903,32.50266,31.520439999999997,31.87761,2846623.0
2024-08-09,32.50266,32.7259,32.10084,32.41337,3405253.0
2024-08-12,32.59196,33.21701,32.41337,32.81519,3235225.0
2024-08-13,32.81519,33.12771,32.27943,32.54731,2753672.0
2024-08-14,32.68125,33.61883,32.54731,32.59196,5041083.0
2024-08-15,32.59196,32.59196,31.83297,31.966900000000003,3494826.0
2024-08-16,32.056200000000004,33.52953,32.056200000000004,33.3063,6195786.0
2024-08-19,33.48489,33.8867,33.17236,33.70812,5638265.0
2024-08-20,33.70812,34.10994,33.440239999999996,33.797410000000006,4750908.0
2024-08-21,33.93135,34.60105,33.48489,33.48489,6188158.0
2024-08-22,33.57418,33.663470000000004,33.21701,33.3063,3040607.0
2024-08-23,33.3063,33.8867,33.26165,33.48489,2970270.0
2024-08-26,33.70812,33.75277,32.85984,32.85984,4222251.0
2024-08-27,33.038419999999995,33.17236,32.770540000000004,33.17236,2383220.0
2024-08-28,33.21701,33.39559,32.94913,33.08307,2674427.0
2024-08-29,33.12771,33.57418,33.08307,33.39559,2808523.0
2024-08-30,33.48489,33.8867,33.12771,33.39559,3563867.0
2024-09-04,32.90448000000001,33.35095,32.81519,33.08307,2464782.0
2024-09-05,33.26165,33.39559,32.50266,32.59196,2990675.0
2024-09-06,32.59196,33.39559,32.45802,33.35095,3777056.0
2024-09-09,33.08307,33.3063,32.94913,33.17236,1555620.0
2024-09-10,33.39559,33.75277,33.038419999999995,33.038419999999995,4114134.0
2024-09-11,33.038419999999995,33.39559,32.7259,33.3063,1950527.0
2024-09-12,33.48489,34.51176,33.39559,33.75277,9393664.0
2024-09-13,33.797410000000006,34.28852,33.57418,34.06529,2801229.0
2024-09-16,34.37782,34.60105,33.440239999999996,33.48489,5820881.0
2024-09-17,33.663470000000004,33.8867,33.08307,33.8867,4044398.0
2024-09-18,33.8867,33.93135,33.57418,33.75277,3911779.0
2024-09-19,33.93135,33.93135,33.3063,33.663470000000004,3949356.0
2024-09-20,33.84206,34.37782,33.70812,33.84206,4434638.0
2024-09-23,33.93135,34.46711,33.84206,34.02064,4708443.0
2024-09-24,34.02064,34.333169999999996,33.976,34.15458,2059055.0
2024-09-25,34.333169999999996,34.958220000000004,34.06529,34.958220000000004,7522747.0
2024-09-26,35.04751,35.49398,34.37782,34.46711,5340288.0
2024-09-27,34.51176,34.6457,34.06529,34.15458,4586064.0
2024-09-30,34.10994,34.42246,33.84206,34.37782,2881899.0
2024-10-01,34.28852,34.77964,34.15458,34.15458,4021572.0
2024-10-02,34.10994,34.51176,34.06529,34.333169999999996,2958666.0
2024-10-03,34.46711,34.6457,33.663470000000004,33.797410000000006,4945672.0
2024-10-04,33.93135,34.02064,33.663470000000004,33.663470000000004,2105378.0
2024-10-07,33.93135,33.976,33.57418,33.61883,1942204.0
2024-10-08,33.61883,33.75277,33.3063,33.52953,2709105.0
2024-10-09,33.70812,34.15458,33.57418,34.15458,2568275.0
2024-10-10,34.15458,34.42246,33.75277,33.75277,2653375.0
2024-10-11,33.84206,33.8867,33.61883,33.8867,1729466.0
2024-10-14,34.19923,34.19923,33.70812,33.84206,2687987.0
2024-10-15,33.84206,34.10994,33.57418,33.57418,2230213.0
2024-10-16,33.75277,33.75277,32.7259,32.85984,5335155.0
2024-10-17,32.94913,33.038419999999995,32.41337,32.99377,2941387.0
2024-10-18,33.17236,33.26165,32.99377,32.99377,1713689.0
2024-10-21,32.99377,32.99377,32.32408,32.50266,1586359.0
2024-10-22,32.68125,33.038419999999995,32.23478,32.50266,2241380.0
2024-10-23,32.45802,32.770540000000004,32.32408,32.59196,1047894.0
2024-10-24,32.59196,33.12771,32.59196,32.68125,2063457.0
2024-10-25,32.770540000000004,33.21701,32.68125,32.68125,1759784.0
2024-10-28,32.7259,33.39559,32.59196,33.39559,2077116.0
2024-10-29,33.52953,34.02064,33.48489,34.02064,5267554.0
2024-10-30,34.02064,34.02064,33.48489,33.57418,1817969.0
2024-10-31,33.57418,33.61883,33.39559,33.52953,1370819.0
2024-11-01,33.440239999999996,33.48489,32.90448000000001,32.90448000000001,1892645.0
2024-11-04,33.038419999999995,33.038419999999995,32.14549,32.23478,3277420.0
2024-11-05,32.32408,32.45802,32.19014,32.41337,1306432.0
2024-11-06,32.50266,33.21701,32.50266,33.21701,1625011.0
2024-11-07,33.440239999999996,33.440239999999996,32.770540000000004,32.81519,1811129.0
2024-11-08,32.94913,32.99377,32.59196,32.770540000000004,1174267.0
2024-11-11,32.770540000000004,33.39559,32.59196,33.35095,3332026.0
2024-11-12,33.3063,33.8867,33.21701,33.21701,2684536.0
2024-11-13,33.3063,33.8867,32.94913,33.75277,3968079.0
2024-11-14,33.75277,34.10994,33.39559,33.39559,4228004.0
2024-11-15,33.26165,33.39559,32.6366,32.68125,3200235.0
2024-11-18,32.85984,32.94913,32.41337,32.81519,1918438.0
2024-11-19,32.81519,33.26165,32.50266,32.50266,1611442.0
2024-11-20,32.50266,32.99377,31.69903,32.68125,2182603.0
2024-11-21,32.7259,33.39559,32.59196,33.39559,2168280.0
2024-11-22,33.39559,34.10994,33.35095,33.84206,6639899.0
2024-11-25,33.93135,34.333169999999996,33.663470000000004,33.663470000000004,2541429.0
2024-11-26,34.02064,34.28852,33.663470000000004,33.976,4849092.0
2024-11-27,34.37782,34.46711,32.90448000000001,32.99377,9147290.0
2024-11-28,33.21701,33.35095,32.90448000000001,32.99377,2881787.0
2024-11-29,33.038419999999995,33.12771,32.7259,32.94913,3754914.0
2024-12-02,33.08307,33.21701,32.68125,33.08307,2755401.0
2024-12-03,33.08307,33.39559,33.038419999999995,33.038419999999995,1846133.0
2024-12-04,32.90448000000001,33.17236,32.6366,32.770540000000004,2153283.0
2024-12-05,32.94913,33.39559,32.6366,33.3063,2736642.0
2024-12-06,33.21701,34.28852,33.21701,33.440239999999996,6714813.0
2024-12-09,33.440239999999996,33.52953,33.26165,33.35095,2125383.0
2024-12-10,33.35095,33.61883,33.12771,33.3063,2126356.0
2024-12-11,33.35095,33.440239999999996,32.94913,32.94913,2750470.0
2024-12-12,32.94913,33.17236,32.81519,32.94913,2552934.0
2024-12-13,32.85984,33.21701,32.81519,32.85984,1443735.0
2024-12-16,32.85984,32.85984,32.59196,32.68125,2783648.0
2024-12-17,32.85984,32.94913,32.41337,32.50266,2495865.0
2024-12-18,32.50266,32.6366,32.27943,32.50266,2644463.0
2024-12-19,32.32408,32.81519,32.10084,32.45802,3010022.0
2024-12-20,32.45802,32.6366,32.36872,32.36872,2108853.0
2024-12-23,32.54731,32.59196,32.32408,32.54731,1791601.0
2024-12-24,32.50266,32.94913,32.36872,32.85984,3137065.0
2024-12-25,32.94913,33.12771,32.68125,32.7259,2359976.0
2024-12-26,32.6366,32.770540000000004,32.41337,32.45802,2393258.0
2024-12-27,32.54731,32.81519,32.27943,32.41337,2717991.0
2024-12-30,32.45802,32.6366,32.36872,32.36872,1156573.0
2024-12-31,32.41337,32.50266,31.78832,31.78832,5067744.0
2025-01-02,31.78832,32.01155,31.743669999999998,31.83297,1278455.0
2025-01-03,31.966900000000003,31.966900000000003,31.3865,31.3865,2020475.0
2025-01-06,31.3865,31.520439999999997,30.672159999999998,30.806099999999997,2801393.0
2025-01-07,31.073970000000003,31.073970000000003,30.538220000000003,30.7168,1481425.0
2025-01-08,30.850740000000002,30.98468,30.627509999999997,30.89539,1074833.0
2025-01-09,30.89539,30.98468,30.40428,30.49357,1538221.0
2025-01-10,30.49357,30.538220000000003,29.332759999999997,29.37741,3116689.0
2025-01-13,29.332759999999997,29.913169999999997,29.020229999999998,29.913169999999997,2457326.0
2025-01-14,29.913169999999997,30.047099999999997,29.77923,30.00246,1050914.0
2025-01-15,30.00246,30.047099999999997,29.64529,30.00246,1300427.0
2025-01-16,30.047099999999997,30.22569,29.913169999999997,29.913169999999997,1108954.0
2025-01-17,30.00246,30.18104,29.82387,30.09175,897375.0
2025-01-20,30.18104,30.18104,29.86852,29.957810000000002,850640.0
2025-01-21,29.913169999999997,30.047099999999997,29.82387,29.86852,898173.0
2025-01-22,29.913169999999997,29.913169999999997,29.28811,29.28811,1576672.0
2025-01-23,29.55599,29.86852,29.4667,29.77923,885352.0
2025-01-24,29.82387,30.136400000000002,29.77923,29.913169999999997,1124737.0
2025-02-03,29.913169999999997,30.538220000000003,29.82387,30.31498,1567116.0
2025-02-04,30.58286,30.89539,30.58286,30.89539,1861170.0
2025-02-05,31.073970000000003,31.20791,30.89539,31.16327,1855655.0
2025-02-06,31.252560000000003,31.341849999999997,30.89539,31.073970000000003,1417913.0
2025-02-07,31.073970000000003,31.16327,30.89539,30.94003,876833.0
2025-02-10,30.94003,30.94003,30.448919999999998,30.448919999999998,2311748.0
2025-02-11,30.27034,30.94003,30.27034,30.89539,1236534.0
2025-02-12,30.98468,31.341849999999997,30.7168,31.20791,2415418.0
2025-02-13,31.341849999999997,32.50266,31.29721,32.41337,7125184.0
2025-02-14,32.41337,32.45802,32.056200000000004,32.14549,2027214.0
2025-02-17,32.14549,32.6366,31.87761,31.922259999999998,3007782.0
2025-02-18,31.966900000000003,32.10084,31.69903,31.87761,1428696.0
2025-02-19,31.966900000000003,32.23478,31.87761,32.01155,1712204.0
2025-02-20,32.056200000000004,32.32408,31.83297,32.056200000000004,2429363.0
2025-02-21,32.056200000000004,32.19014,31.922259999999998,32.056200000000004,1347734.0
2025-02-24,32.10084,32.10084,31.65438,31.78832,1839430.0
2025-02-25,32.056200000000004,32.32408,31.78832,32.056200000000004,2196708.0
2025-02-26,32.36872,32.68125,31.966900000000003,32.01155,2488537.0
2025-02-27,32.01155,32.056200000000004,31.431150000000002,31.83297,2953928.0
2025-02-28,31.966900000000003,32.01155,31.56509,31.56509,1745778.0
2025-03-03,31.743669999999998,32.01155,31.56509,31.69903,1080035.0
2025-03-04,31.69903,31.966900000000003,31.431150000000002,31.56509,1861452.0
2025-03-05,31.56509,31.743669999999998,31.252560000000003,31.252560000000003,1456849.0
2025-03-06,31.341849999999997,31.56509,31.16327,31.3865,2438335.0
2025-03-07,31.69903,31.966900000000003,31.431150000000002,31.520439999999997,2233695.0
2025-03-10,31.56509,31.65438,31.20791,31.252560000000003,2594301.0
2025-03-11,31.02933,31.520439999999997,30.806099999999997,31.073970000000003,3254711.0
2025-03-12,31.16327,31.3865,30.94003,31.02933,1402399.0
2025-03-13,31.073970000000003,31.16327,30.49357,30.538220000000003,2437877.0
2025-03-14,30.7168,30.7168,30.18104,30.31498,2697904.0
2025-03-17,30.448919999999998,30.448919999999998,30.22569,30.27034,1788489.0
2025-03-18,30.27034,30.672159999999998,30.27034,30.359630000000003,1480977.0
2025-03-19,30.538220000000003,30.806099999999997,30.40428,30.538220000000003,1610208.0
2025-03-20,30.627509999999997,30.672159999999998,30.40428,30.58286,938545.0
2025-03-21,30.58286,30.58286,30.359630000000003,30.359630000000003,1176577.0
2025-03-24,30.627509999999997,30.627509999999997,30.22569,30.31498,1153597.0
2025-03-25,30.359630000000003,30.538220000000003,30.27034,30.40428,1035494.0
2025-03-26,30.538220000000003,30.58286,30.22569,30.359630000000003,976944.0
2025-03-27,30.359630000000003,30.359630000000003,30.136400000000002,30.136400000000002,1264493.0
2025-03-28,30.18104,30.538220000000003,30.047099999999997,30.047099999999997,1469831.0
2025-03-31,29.957810000000002,30.00246,29.51135,29.51135,2843094.0
2025-04-01,29.64529,29.957810000000002,29.55599,29.55599,702187.0
2025-04-02,29.73458,29.82387,29.51135,29.51135,932192.0
2025-04-03,27.45761,28.39518,27.45761,27.45761,3526061.0
2025-04-04,25.53781,26.34144,25.53781,25.53781,6018284.0
2025-04-08,24.019830000000002,24.64488,23.75195,23.75195,3274455.0
2025-04-09,22.10002,25.00205,22.10002,22.50184,6427032.0
2025-04-10,24.06447,24.06447,24.06447,24.06447,111076.0
2025-04-11,25.71639,25.71639,24.91276,25.71639,4504089.0
2025-04-14,26.07356,27.50225,26.07356,27.50225,4768617.0
2025-04-15,27.50225,27.94872,26.92185,27.68084,3397346.0
2025-04-16,27.72549,27.81478,27.45761,27.63619,2289696.0
2025-04-17,27.32367,27.68084,27.01114,27.68084,1958885.0
2025-04-18,27.68084,28.127299999999998,27.50225,27.5469,2147555.0
2025-04-21,27.99336,27.99336,27.412959999999998,27.68084,1570270.0
2025-04-22,27.5469,28.127299999999998,25.76104,27.45761,3318390.0
2025-04-23,27.85943,28.350540000000002,27.36831,28.127299999999998,3329049.0
2025-04-24,28.39518,28.484479999999998,27.85943,28.08266,1533602.0
2025-04-25,28.39518,28.52912,28.08266,28.43983,2209100.0
2025-04-28,28.797,29.28811,28.57377,29.020229999999998,1925152.0
2025-04-29,28.93094,29.19882,28.66306,28.84165,1502934.0
2025-05-05,29.10953,30.538220000000003,29.064880000000002,30.27034,3433422.0
2025-05-06,30.359630000000003,30.76145,30.047099999999997,30.18104,2215475.0
2025-05-07,30.448919999999998,31.252560000000003,30.448919999999998,30.538220000000003,2289815.0
2025-05-08,30.538220000000003,30.7168,29.957810000000002,30.359630000000003,2263756.0
2025-05-09,30.359630000000003,30.448919999999998,30.00246,30.18104,1682723.0
2025-05-12,30.136400000000002,30.22569,29.73458,30.22569,2053548.0
2025-05-13,30.538220000000003,30.538220000000003,30.00246,30.00246,3073711.0
2025-05-14,30.00246,30.49357,29.82387,30.136400000000002,2151810.0
2025-05-15,30.18104,30.627509999999997,30.09175,30.18104,2332040.0
2025-05-16,30.27034,30.448919999999998,29.913169999999997,29.913169999999997,1550620.0
2025-05-19,29.82387,30.448919999999998,29.51135,29.68993,1943748.0
2025-05-20,29.86852,29.913169999999997,29.60064,29.77923,1149607.0
2025-05-21,29.86852,29.86852,29.243470000000002,29.42205,2640138.0
2025-05-22,29.37741,30.31498,29.28811,30.00246,3328468.0
2025-05-23,30.047099999999997,30.98468,30.047099999999997,30.76145,5314577.0
2025-05-26,30.806099999999997,31.16327,30.047099999999997,31.02933,3403704.0
2025-05-27,31.16327,31.20791,30.359630000000003,30.672159999999998,3479583.0
2025-05-28,30.672159999999998,30.94003,30.22569,30.27034,3026271.0
2025-05-29,30.31498,30.448919999999998,30.00246,30.00246,2085096.0
2025-05-30,29.77923,30.09175,29.4667,29.55599,2825282.0
2025-06-02,29.55599,30.136400000000002,29.37741,30.136400000000002,2832270.0
2025-06-03,30.22569,31.47579,30.22569,31.29721,8262986.0
2025-06-04,31.431150000000002,31.431150000000002,30.806099999999997,30.89539,2871605.0
2025-06-05,30.806099999999997,31.11862,30.806099999999997,30.94003,2320999.0
2025-06-06,31.11862,31.11862,30.136400000000002,30.136400000000002,4351479.0
2025-06-09,30.00246,30.27034,29.82387,29.82387,2429832.0
2025-06-10,29.77923,30.627509999999997,29.77923,30.136400000000002,2465935.0
2025-06-11,30.359630000000003,30.7168,30.00246,30.09175,1974030.0
2025-06-12,30.27034,30.672159999999998,30.22569,30.538220000000003,3083893.0
2025-06-13,30.18104,31.16327,30.09175,30.448919999999998,4956247.0
2025-06-16,30.94003,31.922259999999998,30.94003,31.47579,5313571.0
2025-06-17,31.78832,32.45802,31.252560000000003,32.45802,9989985.0
2025-06-18,32.770540000000004,32.85984,32.23478,32.50266,4624020.0
2025-06-19,32.770540000000004,33.038419999999995,32.32408,32.68125,5318217.0
2025-06-20,32.94913,32.99377,32.36872,32.50266,3768971.0
2025-06-23,33.038419999999995,33.57418,32.50266,32.85984,6645794.0
2025-06-24,32.50266,32.50266,32.19014,32.45802,5710751.0
2025-06-25,32.27943,32.45802,31.922259999999998,32.056200000000004,4702860.0
2025-06-26,32.23478,32.41337,31.966900000000003,32.19014,3227789.0
2025-06-27,32.33268,32.6163,31.718169999999997,31.81271,4319168.0
2025-06-30,31.85998,32.1436,31.623630000000002,31.85998,3732235.0
2025-07-01,31.90725,32.19087,31.57636,31.623630000000002,2977544.0
2025-07-02,31.670900000000003,32.049060000000004,31.57636,31.85998,3034524.0
2025-07-03,31.85998,32.09633,31.48182,31.718169999999997,3392279.0
2025-07-04,31.90725,31.90725,31.57636,31.57636,3475091.0
2025-07-07,31.765439999999998,32.23814,31.718169999999997,31.90725,4063868.0
2025-07-08,31.90725,32.23814,31.81271,31.95452,3996112.0
2025-07-09,32.09633,32.47449,32.00179,32.37995,7791366.0
2025-07-10,32.66357,32.71084,32.23814,32.33268,2662604.0
2025-07-11,32.37995,32.47449,31.718169999999997,31.95452,5494204.0
2025-07-14,32.00179,32.23814,31.670900000000003,32.19087,3219797.0
2025-07-15,32.28541,32.89992,32.1436,32.33268,6367615.0
2025-07-16,32.23814,32.71084,32.23814,32.42722,2969461.0
2025-07-17,32.6163,32.66357,31.95452,32.19087,5551015.0
2025-07-18,32.37995,32.37995,31.81271,31.95452,3853229.0
2025-07-21,32.09633,32.71084,32.00179,32.56903,6431762.0
2025-07-22,32.6163,33.561699999999995,32.6163,33.27808,7977933.0
2025-07-23,33.561699999999995,33.84532,33.18354,33.75078,8424763.0
2025-07-24,33.75078,33.75078,32.89992,33.27808,6397453.0
2025-07-25,33.372620000000005,34.22348,33.23081,33.65624,6386147.0
2025-07-28,34.0344,34.0344,33.60897,33.75078,4854727.0
2025-07-29,34.27075,35.83066,33.75078,33.93986,14466926.0
2025-07-30,34.5071,35.07434,34.081669999999995,34.36529,6945531.0
2025-07-31,34.93253,34.93253,33.65624,33.89259,5592136.0
2025-08-01,34.12894,34.12894,33.136269999999996,33.79805,5484427.0
2025-08-04,34.0344,35.40523,33.93986,34.36529,7676360.0
2025-08-05,34.69618,35.21615,33.41989,34.0344,10090528.0
2025-08-06,34.41256,36.3979,34.31802,36.3979,15498177.0
2025-08-07,37.248760000000004,37.816,36.49244,37.72146,11121031.0
2025-08-08,37.816,39.801339999999996,37.72146,39.2341,10722342.0
2025-08-11,39.7068,39.7068,37.957809999999995,38.33597,8889071.0
2025-08-12,38.24143,39.18683,37.957809999999995,39.045019999999994,6095479.0
2025-08-13,39.139559999999996,39.18683,38.00508,38.7614,5275216.0
2025-08-14,39.09229,39.09229,37.91054,38.24143,6730175.0
2025-08-15,38.33597,39.517720000000004,37.816,38.7614,6989781.0
2025-08-18,38.7614,41.45579,38.2887,40.98309,11611185.0
2025-08-19,41.03036,41.03036,39.7068,39.7068,6014550.0
2025-08-20,39.2341,39.61226,37.343300000000006,38.2887,12017827.0
2025-08-21,38.33597,39.32864,37.86327,38.194160000000004,4500450.0
2025-08-22,37.343300000000006,38.00508,35.59431,36.11428,10839627.0
2025-08-25,36.68152,37.29603,35.4525,35.54704,4605334.0
2025-08-26,35.54704,37.62692,35.54704,37.62692,3249240.0
2025-08-27,37.768730000000005,37.768730000000005,36.53971,36.586980000000004,3723696.0
2025-08-28,37.01241,37.20149,36.63425,36.91787,2132567.0
2025-08-29,37.05968,38.14689,36.68152,37.437839999999994,5342763.0
2025-09-03,37.248760000000004,37.86327,36.870599999999996,37.48511,3330087.0
2025-09-04,37.72146,37.72146,36.96514,37.248760000000004,3395047.0
2025-09-05,37.343300000000006,38.66686,37.343300000000006,37.343300000000006,6319366.0
2025-09-08,36.96514,37.343300000000006,35.641580000000005,35.641580000000005,5178095.0
2025-09-09,35.641580000000005,35.9252,34.93253,35.4525,3442828.0
2025-09-10,35.78339,36.20882,35.54704,35.78339,2540777.0
2025-09-11,35.78339,36.44517,35.168879999999994,36.44517,2867683.0
2025-09-12,36.82333,37.20149,36.30336,36.728790000000004,2698199.0
2025-09-15,37.248760000000004,37.532379999999996,36.77606,37.532379999999996,2833898.0
2025-09-16,37.72146,37.768730000000005,36.586980000000004,36.68152,3633814.0
2025-09-17,36.68152,37.248760000000004,36.30336,36.350629999999995,2326272.0
2025-09-18,36.3979,36.53971,35.83066,36.11428,1760810.0
2025-09-19,36.20882,36.53971,35.641580000000005,35.641580000000005,2300397.0
2025-09-22,35.688849999999995,35.97247,34.601639999999996,34.601639999999996,3285895.0
2025-09-23,35.02707,35.31069,34.83799,34.88526,2017513.0
2025-09-24,34.88526,35.4525,34.64891,35.4525,1078218.0
2025-09-25,35.49977,35.78339,35.4525,35.641580000000005,1260601.0
2025-09-26,35.59431,35.78339,35.40523,35.4525,1619464.0
2025-09-29,35.49977,35.83066,35.35796,35.641580000000005,1461352.0
2025-09-30,35.688849999999995,36.11428,34.554370000000006,35.121610000000004,2375111.0
2025-10-01,35.121610000000004,35.21615,34.554370000000006,34.601639999999996,2896355.0
2025-10-02,34.69618,34.93253,33.70351,33.75078,3052299.0
2025-10-03,33.75078,34.22348,32.852650000000004,32.99446,3167740.0
2025-10-06,33.18354,34.459830000000004,33.089,34.36529,2754988.0
2025-10-07,34.5071,34.554370000000006,33.65624,33.65624,2351956.0
2025-10-08,33.89259,34.27075,33.65624,34.081669999999995,2331536.0
2025-10-09,34.554370000000006,34.83799,34.12894,34.69618,2099705.0
2025-10-10,34.979800000000004,35.02707,34.5071,34.5071,2552641.0
2025-10-13,33.93986,34.31802,33.60897,33.70351,4501096.0
2025-10-14,33.75078,33.93986,32.99446,32.99446,5475847.0
2025-10-15,32.99446,33.561699999999995,32.00179,32.1436,5372829.0
2025-10-16,32.42722,32.71084,32.1436,32.71084,2554263.0
2025-10-17,32.89992,32.99446,31.95452,31.95452,3323223.0
2025-10-20,31.95452,32.66357,30.2528,30.2528,4928026.0
2025-10-21,31.10366,31.95452,30.630959999999998,31.95452,4680685.0
2025-10-22,32.1436,32.56903,31.765439999999998,32.56903,2724736.0
2025-10-23,32.6163,32.71084,32.23814,32.33268,2161234.0
2025-10-24,32.52176,32.6163,31.95452,32.1436,2040451.0
2025-10-27,32.19087,32.89992,31.85998,32.52176,3103773.0
2025-10-28,32.6163,33.04173,32.28541,32.89992,1820279.0
2025-10-29,33.04173,33.60897,32.80538,33.27808,3996112.0
2025-10-30,33.46716000000001,33.561699999999995,33.04173,33.372620000000005,1710368.0
2025-10-31,33.41989,33.89259,33.089,33.089,2163992.0
2025-11-03,33.46716000000001,33.561699999999995,32.66357,32.66357,2235800.0
2025-11-04,32.66357,33.089,31.38728,33.089,3369863.0
2025-11-05,32.80538,34.27075,32.6163,33.98713,5569413.0
2025-11-06,34.27075,34.27075,33.41989,33.46716000000001,2151666.0
2025-11-07,33.23081,33.60897,32.19087,32.33268,2711125.0
2025-11-10,32.19087,32.56903,31.718169999999997,31.765439999999998,1773159.0
2025-11-11,31.81271,32.049060000000004,31.670900000000003,31.95452,898603.0
2025-11-12,32.1436,32.47449,31.95452,32.42722,1036818.0
2025-11-13,32.52176,33.75078,32.52176,32.80538,3134459.0
2025-11-14,32.80538,32.94719,32.52176,32.52176,1156489.0
2025-11-17,32.75811,33.136269999999996,32.71084,33.089,1859135.0
2025-11-18,33.18354,33.41989,32.66357,32.89992,2171560.0
2025-11-19,32.94719,33.84532,32.852650000000004,33.41989,4162352.0
2025-11-20,33.372620000000005,33.41989,32.56903,32.89992,1772195.0
2025-11-21,32.852650000000004,32.852650000000004,32.09633,32.19087,2832163.0
2025-11-24,32.42722,32.42722,31.95452,32.00179,1486733.0
2025-11-25,32.09633,32.19087,31.670900000000003,31.718169999999997,1632891.0
2025-11-26,31.81271,32.23814,31.765439999999998,32.09633,1049360.0
2025-11-27,32.28541,32.28541,31.90725,32.09633,900282.0
2025-11-28,32.09633,32.1436,31.90725,32.049060000000004,827404.0
2025-12-01,32.049060000000004,32.049060000000004,31.765439999999998,31.85998,794873.0
2025-12-02,31.85998,32.049060000000004,31.38728,32.00179,1193182.0
2025-12-03,32.28541,32.28541,31.95452,32.049060000000004,1037597.0
2025-12-04,32.1436,32.37995,32.049060000000004,32.37995,1160655.0
2025-12-05,32.42722,32.6163,32.23814,32.33268,1203949.0
2025-12-08,32.19087,32.23814,31.81271,31.95452,1199552.0
2025-12-09,32.049060000000004,32.1436,31.434549999999998,31.52909,1334862.0
2025-12-10,31.765439999999998,31.81271,31.48182,31.52909,464896.0
2025-12-11,31.670900000000003,31.81271,31.434549999999998,31.48182,420901.0
2025-12-12,31.48182,31.670900000000003,30.44188,30.44188,1494635.0
2025-12-15,30.300069999999998,30.583689999999997,30.2528,30.34734,1054636.0
2025-12-16,30.44188,30.96185,29.49648,30.67823,1589774.0
2025-12-17,30.820040000000002,30.820040000000002,30.2528,30.34734,688152.0
2025-12-18,30.34734,30.583689999999997,30.01645,30.20553,678017.0
2025-12-19,30.20553,30.44188,30.11099,30.15826,739786.0
2025-12-22,30.15826,30.630959999999998,30.15826,30.583689999999997,1005149.0
2025-12-23,31.00912,31.00912,30.630959999999998,30.67823,1287458.0
2025-12-24,30.67823,30.67823,30.2528,30.34734,963983.0
2025-12-25,30.39461,30.77277,30.2528,30.2528,974015.0
2025-12-26,30.2528,30.7255,29.82737,30.06372,2253803.0
2025-12-29,30.34734,31.10366,30.34734,30.91458,1619222.0
2025-12-30,31.15093,31.15093,30.77277,30.91458,493437.0
2025-12-31,30.91458,31.15093,30.630959999999998,30.91458,1354752.0
2026-01-05,31.00912,31.81271,30.820040000000002,31.52909,2370239.0
2026-01-06,31.85998,31.85998,31.1982,31.57636,1193305.0
2026-01-07,31.670900000000003,32.28541,31.48182,32.1436,2525852.0
2026-01-08,32.52176,33.561699999999995,32.52176,32.75811,5791536.0
2026-01-09,32.94719,33.561699999999995,32.6163,32.75811,2944708.0
2026-01-12,33.46716000000001,34.36529,33.18354,33.372620000000005,5202848.0
2026-01-13,33.51443,33.93986,32.80538,33.70351,3456216.0
2026-01-14,33.89259,35.168879999999994,33.41989,34.69618,7097652.0
2026-01-15,34.69618,34.88526,33.65624,33.75078,3524519.0
2026-01-16,33.93986,34.0344,33.27808,33.27808,2428123.0
2026-01-19,33.27808,33.561699999999995,33.089,33.18354,1961914.0
2026-01-20,33.089,33.79805,32.99446,33.27808,3030519.0
2026-01-21,33.089,34.12894,33.089,33.561699999999995,3357560.0
2026-01-22,33.75078,35.87793,33.75078,35.87793,10972320.0
2026-01-23,36.01974,36.06701,34.0344,34.081669999999995,4151164.0
2026-01-26,34.17621,34.27075,32.37995,32.89992,5681856.0
2026-01-27,32.99446,33.98713,32.94719,33.84532,2907129.0
2026-01-28,34.0344,34.601639999999996,33.561699999999995,34.0344,3440969.0
2026-01-29,34.0344,35.168879999999994,33.60897,34.979800000000004,4030629.0
2026-01-30,35.07434,35.4525,34.554370000000006,34.601639999999996,4040798.0
2026-02-02,34.93253,35.9252,34.5071,35.78339,6168327.0
2026-02-03,36.01974,36.49244,35.4525,35.54704,5335738.0
2026-02-04,35.54704,36.44517,35.263419999999996,36.20882,5415630.0
2026-02-05,36.49244,37.01241,36.3979,36.49244,7039913.0
2026-02-06,36.161550000000005,36.82333,34.979800000000004,36.68152,5827951.0
2026-02-09,36.870599999999996,37.72146,36.01974,37.72146,5860964.0
2026-02-10,37.72146,37.816,35.4525,36.870599999999996,4622443.0
2026-02-11,36.870599999999996,37.343300000000006,35.97247,37.343300000000006,3800079.0
2026-02-12,36.91787,37.248760000000004,36.68152,36.77606,1408014.0
2026-02-13,36.728790000000004,37.05968,36.30336,37.05968,2556001.0
2026-02-23,37.532379999999996,38.09962,36.96514,37.816,3332323.0
2026-02-24,38.00508,39.7068,37.15422,39.7068,6714070.0
2026-02-25,39.75407,39.75407,38.7614,38.90321,2276535.0
2026-02-26,38.950480000000006,39.09229,37.957809999999995,38.194160000000004,2762345.0
2026-02-27,38.52505,40.84128,38.00508,40.60493,10561913.0
2026-03-02,43.393860000000004,43.441129999999994,42.353919999999995,43.441129999999994,8679981.0
2026-03-03,45.3792,46.46641,42.92116,46.46641,14014499.0
2026-03-04,46.3246,47.931779999999996,43.913830000000004,47.27,10783098.0
2026-03-05,44.9065,47.222730000000006,44.9065,45.09558,7145064.0
2026-03-06,45.75736,47.27,44.10291,46.7973,8158288.0
2026-03-09,50.011660000000006,50.011660000000006,43.535669999999996,43.535669999999996,16446043.0
2026-03-10,44.433800000000005,46.56095,43.015699999999995,46.040980000000005,9515661.0
2026-03-11,44.57561,46.040980000000005,43.29932,45.521010000000004,6403229.0
2026-03-12,45.615550000000006,48.12086,45.3792,47.45908,9506990.0
2026-03-13,48.309940000000005,49.44442,44.433800000000005,45.28466,11060701.0
2026-03-16,44.622879999999995,45.09558,42.11757,42.11757,8218405.0
2026-03-17,42.0703,42.11757,39.18683,39.18683,11221251.0
2026-03-18,40.6522,41.92849,39.2341,41.92849,5229175.0
2026-03-19,42.543,43.20478,40.84128,42.59027,5451918.0
2026-03-20,42.40119,42.44846,40.6522,41.219440000000006,5679956.0
2026-03-23,40.84128,42.96843,40.746739999999996,41.88122,5843316.0
2026-03-24,42.63754,43.441129999999994,41.88122,42.87389,3909202.0
2026-03-25,42.73208,43.67748,42.16484,42.96843,5757656.0
2026-03-26,42.96843,45.94644,42.353919999999995,45.94644,7939262.0
2026-03-27,46.3246,47.648160000000004,44.57561,45.8519,7568139.0
2026-03-30,46.51368,47.17546,45.662819999999996,46.3246,3563241.0
2026-03-31,46.3246,46.41914,44.05564,45.662819999999996,7368203.0
2026-04-01,45.75736,46.040980000000005,42.826620000000005,42.826620000000005,7122232.0
2026-04-02,43.015699999999995,43.913830000000004,41.78668,43.4884,4369961.0
2026-04-03,43.4884,44.05564,41.92849,41.92849,2665734.0
2026-04-06,41.92849,42.21211,40.6522,40.6522,2697604.0
2026-04-07,41.31398,42.21211,40.93582,41.88122,3032980.0
2026-04-08,42.16484,42.92116,41.124900000000004,42.77935,4887708.0
2026-04-09,42.63754,43.29932,42.306650000000005,42.543,2282555.0
2026-04-10,42.353919999999995,44.9065,42.353919999999995,44.00837,6202407.0
2026-04-13,44.52834,45.3792,43.77202,44.433800000000005,3179318.0
2026-04-14,44.57561,44.67015,43.20478,43.4884,3242303.0
2026-04-15,43.67748,43.86656,42.02303,42.02303,5246639.0
2026-04-16,42.353919999999995,43.06297,41.78668,42.0703,4005666.0
2026-04-17,42.543,44.15018,42.353919999999995,42.92116,3871505.0
2026-04-20,42.96843,43.58294,42.306650000000005,42.543,2817656.0
2026-04-21,42.63754,43.15751,42.11757,42.306650000000005,2365209.0
2026-04-22,42.63754,43.4884,42.353919999999995,42.40119,2381778.0
2026-04-23,42.73208,42.826620000000005,40.32131,41.03036,5570029.0
2026-04-24,40.746739999999996,41.73941000000001,39.32864,39.375910000000005,6079401.0
2026-04-28,39.47045,39.89588,38.09962,38.14689,3539173.0
2026-04-29,38.619589999999995,40.60493,38.14689,40.36858,3727779.0
2026-05-04,39.89588,41.124900000000004,39.7068,39.75407,2912650.0
2026-05-05,40.1795,40.60493,38.950480000000006,40.27404,2583230.0
2026-05-06,40.36858,40.46312,39.94315,40.27404,1297657.0
2026-05-07,40.1795,40.1795,38.7614,38.855940000000004,5123394.0
2026-05-08,38.855940000000004,39.139559999999996,37.86327,38.00508,3399201.0
2026-05-11,38.14689,40.557660000000006,38.00508,40.557660000000006,4702141.0
2026-05-12,40.27404,41.124900000000004,39.7068,41.07763,3886342.0
2026-05-13,41.07763,42.44846,40.27404,41.124900000000004,5869170.0
2026-05-14,41.5976,41.5976,40.6522,40.69947,1992028.0
2026-05-15,40.60493,41.50306,40.226769999999995,41.36125,2919086.0
2026-05-18,41.36125,43.15751,41.36125,42.543,5937460.0
2026-05-19,42.73208,42.826620000000005,39.75407,40.1795,4996041.0
2026-05-20,40.226769999999995,40.557660000000006,37.86327,39.94315,3884632.0
2026-05-21,39.94315,40.037690000000005,38.80867,39.18683,1632233.0
2026-05-22,39.517720000000004,39.75407,38.90321,39.32864,1279449.0
2026-05-25,38.7614,39.2341,38.05235,38.14689,3089849.0
2026-05-26,38.2887,38.71413,38.194160000000004,38.477779999999996,1148073.0
2026-05-27,38.66686,38.99775,38.33597,38.430510000000005,1046269.0
2026-05-28,38.430510000000005,38.52505,37.91054,38.00508,2039317.0
2026-05-29,37.957809999999995,38.38324,37.248760000000004,37.62692,2670551.0
2026-06-01,37.62692,37.86327,36.870599999999996,36.91787,2806297.0
2026-06-02,36.96514,37.39057,36.49244,36.63425,1747601.0
2026-06-03,36.63425,37.05968,36.586980000000004,37.05968,1319041.0
2026-06-04,37.15422,37.72146,36.870599999999996,36.91787,1235088.0
2026-06-05,36.96514,37.01241,36.586980000000004,36.586980000000004,1372910.0
2026-06-08,36.30336,36.586980000000004,35.4525,35.4525,1829150.0
2026-06-09,35.641580000000005,35.9252,35.121610000000004,35.168879999999994,2114368.0
2026-06-10,35.121610000000004,35.49977,35.07434,35.49977,1389730.0
2026-06-11,35.641580000000005,36.11428,35.49977,35.78339,1403622.0
2026-06-12,35.83066,36.11428,35.4525,36.11428,1883013.0
2026-06-15,36.161550000000005,36.20882,35.07434,35.168879999999994,3549542.0
2026-06-16,35.4525,35.641580000000005,34.31802,34.5071,5528823.0
2026-06-17,34.88526,34.93253,34.081669999999995,34.31802,3917377.0
2026-06-18,34.31802,35.168879999999994,34.31802,34.743449999999996,2381066.0
2026-06-19,34.79072,34.88526,34.459830000000004,34.601639999999996,1887899.0
2026-06-22,34.64891,35.21615,34.081669999999995,34.88526,1753121.0
2026-06-23,34.88526,34.93253,33.84532,33.84532,3781357.0
2026-06-24,34.0344,34.0344,33.372620000000005,33.51443,1930716.0
2026-06-25,33.46716000000001,33.75078,32.94719,32.99446,2145007.0
2026-06-26,32.89992,33.372620000000005,32.75811,32.852650000000004,2210796.0
2026-06-29,33.27808,33.75078,33.089,33.27808,2698528.0
2026-06-30,33.46716000000001,33.51443,33.27808,33.27808,1499542.0
2026-07-01,33.46716000000001,33.84532,33.32535,33.60897,1142204.0
2026-07-02,33.70351,33.75078,33.41989,33.46716000000001,860936.0
2026-07-03,33.561699999999995,33.75078,33.32535,33.41989,1805956.0
2026-07-06,33.60897,33.65624,32.28541,32.66357,3162847.0
2026-07-07,32.75811,33.18354,32.6163,33.18354,1175460.0
2026-07-08,33.51443,34.83799,33.46716000000001,34.64891,5142006.0
2026-07-09,34.5,34.75,33.7,33.75,3375234.0
2026-07-10,33.8,33.95,32.8,32.8,2463618.0
2026-07-13,32.95,33.0,31.95,32.55,2268951.0
2026-07-14,32.8,33.9,32.7,33.65,2669748.0
2026-07-15,33.8,33.8,32.9,32.95,1269494.0
2026-07-16,32.95,32.95,31.5,32.4,1953082.0
2026-07-17,32.4,32.4,31.65,31.7,1104976.0
2026-07-20,32.05,32.2,30.25,30.25,2479568.0
2026-07-21,30.0,30.9,29.7,29.9,3264072.0
2026-07-22,30.05,30.4,28.85,28.9,3023900.0
2026-07-23,28.6,29.9,28.5,29.7,2087800.0
2026-07-24,29.8,30.1,29.4,29.55,1503500.0
2026-07-27,29.55,29.6,28.75,29.0,1703400.0
2026-07-28,29.0,30.3,28.75,30.3,2133000.0
2026-07-29,30.45,31.1,30.3,30.7,1368100.0
2026-07-30,31.2,31.6,30.95,31.25,1839200.0
2026-07-31,31.6,31.6,30.65,30.7,1444500.0
2026-08-03,30.7,31.6,30.7,31.05,2064100.0
2026-08-04,31.3,31.3,30.85,30.95,1239400.0
2026-08-05,31.15,31.25,30.6,31.2,2447200.0
2026-08-06,31.25,31.25,30.55,30.85,1617100.0
2026-08-07,30.85,32.0,30.8,31.6,4022800.0
2026-08-10,32.2,32.2,31.75,31.85,1719300.0
2026-08-11,32.0,32.4,31.45,31.5,2601000.0
2026-08-12,31.7,31.7,31.2,31.35,1829900.0
2026-08-13,31.45,31.6,30.8,30.8,2168900.0
2026-08-14,30.8,30.9,30.35,30.5,2480900.0
2026-08-17,30.5,30.65,30.25,30.55,819900.0
2026-08-18,30.55,31.3,30.55,30.7,2757000.0
2026-08-19,30.7,30.85,30.45,30.5,772000.0
2026-08-20,30.6,31.3,30.3,31.3,3326800.0
2026-08-21,31.35,31.7,31.05,31.4,3376500.0
2026-08-24,31.75,32.2,31.3,31.45,3739600.0
2026-08-25,31.55,31.6,30.8,30.85,3297200.0
2026-08-26,30.8,31.25,30.75,31.25,2346900.0
2026-08-27,31.25,31.35,30.85,31.0,1029100.0
2026-08-28,31.1,31.1,30.85,30.85,1586400.0
2026-09-03,31.25,32.8,31.2,32.6,8068300.0
2026-09-04,32.65,32.7,31.9,32.55,3346700.0
2026-09-07,32.6,32.6,31.8,31.8,2574200.0
2026-09-08,31.75,33.25,31.7,32.75,5899800.0
2026-09-09,33.2,33.25,32.65,32.65,3045500.0
2026-09-10,32.8,33.15,32.4,32.5,2906900.0
2026-09-11,32.8,33.3,32.4,32.5,4512500.0
2026-09-14,32.6,32.9,31.9,32.45,2600900.0
2026-09-15,32.4,33.95,32.3,33.8,4913100.0
2026-09-16,33.9,34.25,33.4,33.4,3447000.0
2026-09-17,33.0,33.45,32.75,32.8,2800200.0
2026-09-18,32.8,33.6,32.75,33.05,3695500.0
2026-09-21,33.1,33.75,32.85,33.7,3145900.0
2026-09-22,33.6,34.4,33.2,33.95,2762100.0
2026-09-23,33.95,34.5,33.6,34.5,3782500.0
2026-09-24,34.5,34.9,34.0,34.0,3446700.0
2026-09-25,33.8,34.75,33.65,34.3,3200400.0
2026-09-28,34.55,35.25,33.6,35.2,4506800.0
2026-09-29,34.9,35.4,34.85,34.85,1915000.0
2026-09-30,34.6,34.7,33.45,33.5,3637300.0
2026-10-01,33.5,33.95,33.5,33.7,1621700.0
2026-10-02,33.9,33.9,32.65,32.75,3095500.0
