,open,high,low,close,volume
2020-04-28,6.27675,6.27675,6.11402,6.18376,126900.0
2020-04-29,6.13727,6.27675,6.04428,6.20701,138900.0
2020-05-04,6.20701,6.43948,6.20701,6.41624,247816.0
2020-05-05,6.20701,6.67196,6.20701,6.67196,350359.0
2020-05-06,6.67196,6.788189999999999,6.60222,6.788189999999999,181340.0
2020-05-07,6.788189999999999,6.788189999999999,6.6952,6.71845,148535.0
2020-05-08,6.67196,6.71845,6.60222,6.64871,112405.0
2020-05-11,6.64871,6.8579300000000005,6.53247,6.7417,142960.0
2020-05-12,6.76495,6.8811800000000005,6.7417,6.811439999999999,92045.0
2020-05-13,6.788189999999999,7.090409999999999,6.788189999999999,7.067159999999999,262110.0
2020-05-14,6.97417,7.64834,6.97417,7.41587,208233.0
2020-05-15,7.39262,7.43912,7.25314,7.25314,127265.0
2020-05-18,7.25314,7.39262,7.20664,7.39262,175832.0
2020-05-19,7.43912,7.532100000000001,7.3461300000000005,7.36937,213095.0
2020-05-20,7.36937,7.508859999999999,7.3228800000000005,7.508859999999999,106815.0
2020-05-21,7.43912,7.555350000000001,7.41587,7.508859999999999,185542.0
2020-05-22,7.508859999999999,7.62509,7.462359999999999,7.578600000000001,175128.0
2020-05-25,7.601850000000001,7.69484,6.8579300000000005,7.67159,183478.0
2020-05-26,7.67159,7.78782,7.62509,7.78782,176738.0
2020-05-27,7.83432,8.554979999999999,7.83432,8.25277,450728.0
2020-05-28,8.27602,8.647969999999999,8.27602,8.554979999999999,263841.0
2020-05-29,8.601479999999999,8.62472,8.48524,8.554979999999999,141908.0
2020-06-01,8.50849,9.13616,8.50849,9.11292,538274.0
2020-06-02,9.18266,9.438379999999999,8.97343,9.04317,272601.0
2020-06-03,9.06642,9.06642,8.717709999999999,8.88044,162716.0
2020-06-04,8.903690000000001,9.32214,8.833950000000002,9.29889,599621.0
2020-06-05,9.391879999999999,9.740590000000001,9.29889,9.6476,738332.0
2020-06-08,9.6476,9.76384,9.577860000000001,9.67085,404654.0
2020-06-09,9.6476,9.6476,9.29889,9.508120000000002,270883.0
2020-06-10,9.36864,9.41513,9.15941,9.29889,538759.0
2020-06-11,9.11292,9.11292,8.48524,8.554979999999999,1411706.0
2020-06-12,8.36901,8.950190000000001,8.13653,8.950190000000001,310014.0
2020-06-15,9.01993,9.11292,8.833950000000002,8.950190000000001,221875.0
2020-06-16,8.833950000000002,8.99668,8.833950000000002,8.97343,94490.0
2020-06-17,8.97343,8.97343,8.8572,8.88044,85490.0
2020-06-18,8.903690000000001,8.903690000000001,8.764209999999999,8.833950000000002,133896.0
2020-06-19,8.833950000000002,9.29889,8.833950000000002,9.13616,182308.0
2020-06-22,9.13616,9.13616,9.01993,9.01993,168420.0
2020-06-23,9.06642,9.06642,8.97343,9.01993,46491.0
2020-06-24,9.04317,9.11292,8.903690000000001,8.92694,126250.0
2020-06-25,8.903690000000001,8.99668,8.833950000000002,8.92694,95511.0
2020-06-26,8.92694,9.508120000000002,8.92694,9.20591,499357.0
2020-06-29,9.15941,9.15941,8.950190000000001,9.01993,181202.0
2020-06-30,9.01993,9.18266,8.88044,9.18266,225636.0
2020-07-01,9.01993,9.29889,8.99668,9.2524,201004.0
2020-07-02,9.2524,9.2524,9.15941,9.18266,81263.0
2020-07-03,9.229149999999999,9.60111,9.229149999999999,9.48487,883025.0
2020-07-06,9.41513,9.55461,9.29889,9.48487,170457.0
2020-07-07,9.48487,9.53137,9.36864,9.36864,150287.0
2020-07-08,9.29889,9.53137,9.01993,9.36864,476980.0
2020-07-09,9.29889,9.34539,9.06642,9.32214,166432.0
2020-07-10,9.32214,9.36864,9.18266,9.275649999999999,160900.0
2020-07-13,9.275649999999999,9.48487,9.18266,9.34539,226205.0
2020-07-14,9.29889,9.36864,9.20591,9.275649999999999,124210.0
2020-07-15,9.29889,9.34539,9.18266,9.2524,260340.0
2020-07-16,9.36864,9.71734,9.29889,9.391879999999999,779858.0
2020-07-17,9.41513,9.508120000000002,9.34539,9.391879999999999,540257.0
2020-07-28,8.764209999999999,8.833950000000002,8.36901,8.74096,485410.0
2020-07-29,8.647969999999999,8.647969999999999,8.13653,8.13653,731630.0
2020-07-30,8.13653,8.27602,7.9738,8.04354,368450.0
2020-07-31,8.0203,8.36901,7.78782,8.09004,643970.0
2020-08-03,8.13653,8.601479999999999,8.13653,8.601479999999999,380170.0
2020-08-04,8.82233,8.903690000000001,8.647969999999999,8.717709999999999,380200.0
2020-08-05,8.717709999999999,8.8107,8.62472,8.78746,317210.0
2020-08-06,8.717709999999999,8.833950000000002,8.694469999999999,8.74096,537190.0
2020-08-07,8.75158,9.13091,8.75158,8.88706,527370.0
2020-08-10,9.07672,9.07672,8.85996,8.88706,302990.0
2020-08-11,8.94124,8.96834,8.81932,8.87351,326110.0
2020-08-12,8.832870000000002,8.832870000000002,8.61611,8.697389999999999,665380.0
2020-08-13,8.72449,8.792219999999999,8.6432,8.72449,221570.0
2020-08-14,8.72449,8.88706,8.697389999999999,8.832870000000002,256780.0
2020-08-17,8.80577,8.80577,8.68385,8.75158,177770.0
2020-08-18,8.75158,8.80577,8.71094,8.71094,109400.0
2020-08-19,8.71094,9.19864,8.62966,9.06317,626730.0
2020-08-20,9.158,9.26638,9.07672,9.09027,767220.0
2020-08-21,9.158,9.19864,9.10381,9.158,282930.0
2020-08-24,9.21219,9.79473,9.21219,9.79473,4781900.0
2020-08-25,10.47209,10.47209,10.40436,10.47209,1811880.0
2020-08-26,11.10882,11.10882,10.59402,10.702399999999999,2096060.0
2020-08-27,10.59402,10.715950000000001,10.29598,10.59402,2243470.0
2020-08-28,10.702399999999999,10.97335,10.648209999999999,10.702399999999999,1449190.0
2020-08-31,10.702399999999999,10.91916,10.35017,10.553379999999999,1303820.0
2020-09-01,10.445,10.553379999999999,10.363719999999999,10.48564,833310.0
2020-09-03,10.566930000000001,10.78368,10.458549999999999,10.77014,1653680.0
2020-09-04,10.62111,10.715950000000001,10.512739999999999,10.68885,951570.0
2020-09-07,10.702399999999999,11.081719999999999,10.702399999999999,10.83787,2562860.0
2020-09-08,10.83787,10.94625,10.72949,10.94625,886790.0
2020-09-09,10.72949,11.32558,10.72949,11.16301,1012290.0
2020-09-10,11.244290000000001,11.27139,10.9327,10.97335,1203660.0
2020-09-11,10.91916,11.081719999999999,10.83787,11.05463,707090.0
2020-09-14,11.05463,11.27139,10.94625,11.17656,1295800.0
2020-09-15,11.17656,11.23075,11.01399,11.01399,936610.0
2020-09-16,10.97335,11.05463,10.892059999999999,11.000440000000001,671980.0
2020-09-17,11.000440000000001,11.05463,10.83787,10.91916,836830.0
2020-09-18,10.87851,11.02754,10.87851,11.01399,566520.0
2020-09-21,11.081719999999999,11.190100000000001,10.91916,10.91916,847720.0
2020-09-22,10.905610000000001,10.97335,10.851420000000001,10.9327,800830.0
2020-09-23,10.94625,10.9598,10.87851,10.87851,584920.0
2020-09-24,10.86497,11.190100000000001,10.756590000000001,11.000440000000001,998540.0
2020-09-25,10.986889999999999,11.59652,10.986889999999999,11.59652,2929190.0
2020-09-28,11.59652,11.881020000000001,11.59652,11.650709999999998,745060.0
2020-09-29,11.650709999999998,11.79973,11.433959999999999,11.461049999999998,1042360.0
2020-09-30,11.37977,11.54233,11.2172,11.54233,1364900.0
2020-10-01,11.59652,11.650709999999998,11.27139,11.37977,985160.0
2020-10-02,11.37977,11.62362,11.244290000000001,11.40686,1319430.0
2020-10-05,11.48814,11.59652,11.4475,11.51524,680490.0
2020-10-06,11.650709999999998,11.650709999999998,11.4746,11.51524,638820.0
2020-10-07,11.51524,11.62362,11.4746,11.48814,936050.0
2020-10-08,11.48814,11.56943,11.42041,11.461049999999998,740720.0
2020-10-09,11.54233,11.867469999999999,11.4475,11.75909,1057790.0
2020-10-12,11.786190000000001,11.881020000000001,11.461049999999998,11.461049999999998,1015480.0
2020-10-13,11.4746,11.56943,11.37977,11.433959999999999,717840.0
2020-10-14,11.63717,11.63717,11.461049999999998,11.51524,425440.0
2020-10-15,11.54233,11.56943,11.39331,11.40686,613250.0
2020-10-16,11.40686,11.40686,11.2172,11.25784,982050.0
2020-10-19,11.27139,11.650709999999998,11.27139,11.37977,635200.0
2020-10-20,11.40686,11.40686,11.135909999999999,11.17656,659390.0
2020-10-21,11.244290000000001,11.244290000000001,11.01399,11.01399,537260.0
2020-10-22,11.02754,11.190100000000001,10.97335,11.135909999999999,407290.0
2020-10-23,11.244290000000001,11.37977,11.16301,11.35267,524820.0
2020-10-26,11.56943,11.56943,11.29848,11.29848,485790.0
2020-10-27,11.29848,11.37977,11.16301,11.190100000000001,493420.0
2020-10-28,11.135909999999999,11.190100000000001,10.91916,10.9598,628960.0
2020-10-29,10.83787,11.10882,10.83787,10.9598,368550.0
2020-10-30,10.9598,11.05463,10.905610000000001,10.94625,254560.0
2020-11-02,10.97335,11.650709999999998,10.97335,11.14946,323510.0
2020-11-03,11.14946,11.36622,11.14946,11.29848,314410.0
2020-11-04,11.37977,11.37977,11.244290000000001,11.32558,273180.0
2020-11-05,11.32558,11.63717,11.32558,11.4475,804410.0
2020-11-06,11.4475,11.58298,11.39331,11.48814,340480.0
2020-11-09,11.59652,12.28744,11.59652,12.28744,3904230.0
2020-11-10,12.59903,12.66676,12.27389,12.30099,952870.0
2020-11-11,12.35517,12.74805,12.30099,12.55838,814910.0
2020-11-12,12.51774,12.7345,12.38227,12.680309999999999,1329710.0
2020-11-13,12.680309999999999,12.92416,12.59903,12.65322,967450.0
2020-11-16,12.62612,12.70741,12.19261,12.32808,1375030.0
2020-11-17,12.409360000000001,12.59903,12.32808,12.59903,703880.0
2020-11-18,12.55838,12.89707,12.54484,12.7345,920170.0
2020-11-19,12.7345,12.78869,12.62612,12.7345,770510.0
2020-11-20,12.680309999999999,13.27639,12.66676,13.08673,1391130.0
2020-11-23,13.08673,13.2493,12.95126,13.01899,828210.0
2020-11-24,13.032540000000001,13.12737,12.80224,12.869969999999999,1135400.0
2020-11-25,12.9919,12.9919,12.59903,12.62612,1196790.0
2020-11-26,12.54484,12.869969999999999,12.49065,12.65322,665300.0
2020-11-27,12.680309999999999,12.80224,12.66676,12.775139999999999,571910.0
2020-11-30,12.76159,12.85643,12.74805,12.74805,484420.0
2020-12-01,12.54484,12.869969999999999,12.54484,12.869969999999999,575640.0
2020-12-02,13.05964,13.41187,12.92416,13.27639,2050020.0
2020-12-03,13.41187,13.41187,13.2222,13.27639,250940.0
2020-12-04,13.195110000000001,13.26285,13.14092,13.18156,450660.0
2020-12-07,13.18156,13.20866,13.05964,13.16801,736370.0
2020-12-08,13.23575,13.43896,13.16801,13.39832,1130550.0
2020-12-09,13.39832,13.574440000000001,13.33058,13.39832,672730.0
2020-12-10,13.39832,13.43896,13.195110000000001,13.195110000000001,880830.0
2020-12-11,13.195110000000001,13.41187,13.11383,13.27639,800160.0
2020-12-14,13.49983,13.52778,13.36008,13.429950000000002,633360.0
2020-12-15,13.429950000000002,13.667530000000001,13.3461,13.429950000000002,574200.0
2020-12-16,13.44393,13.667530000000001,13.429950000000002,13.54175,583840.0
2020-12-17,13.3461,13.52778,13.31815,13.41598,640490.0
2020-12-18,13.41598,13.49983,13.374049999999999,13.402,525560.0
2020-12-21,13.52778,13.555729999999999,13.36008,13.36008,575840.0
2020-12-22,13.36008,13.41598,13.1784,13.402,811850.0
2020-12-23,13.41598,13.75138,13.41598,13.555729999999999,1009620.0
2020-12-24,13.555729999999999,13.63958,13.19238,13.36008,473200.0
2020-12-25,13.30418,13.555729999999999,13.27623,13.52778,842470.0
2020-12-28,13.583680000000001,13.63958,13.33213,13.429950000000002,646500.0
2020-12-29,13.49983,14.36627,13.41598,14.36627,3283780.0
2020-12-30,14.64577,14.64577,14.33832,14.33832,829470.0
2020-12-31,14.31037,14.394219999999999,14.14267,14.28242,419350.0
2021-01-04,14.394219999999999,14.394219999999999,14.19857,14.25447,838900.0
2021-01-05,14.19857,14.70167,14.11472,14.42217,473300.0
2021-01-06,14.478069999999999,14.53397,14.31037,14.33832,473000.0
2021-01-07,14.394219999999999,14.72962,14.170620000000001,14.61782,818700.0
2021-01-08,14.64577,14.813469999999999,14.28242,14.61782,1069100.0
2021-01-11,14.67372,14.67372,14.506020000000001,14.64577,553300.0
2021-01-12,14.64577,15.09297,14.53397,14.86937,716800.0
2021-01-13,14.89732,14.95322,14.589870000000001,14.67372,625100.0
2021-01-14,14.813469999999999,14.813469999999999,14.56192,14.72962,535900.0
2021-01-15,14.813469999999999,15.06502,14.64577,14.75757,653800.0
2021-01-18,14.813469999999999,15.37247,14.67372,15.03707,1671900.0
2021-01-19,15.03707,15.03707,14.00292,14.19857,956100.0
2021-01-20,14.478069999999999,14.506020000000001,13.83522,14.25447,580000.0
2021-01-21,14.394219999999999,14.813469999999999,14.394219999999999,14.813469999999999,527300.0
2021-01-22,14.813469999999999,15.51222,14.67372,15.288620000000002,1635900.0
2021-01-25,15.232719999999999,15.51222,15.232719999999999,15.288620000000002,502900.0
2021-01-26,15.288620000000002,15.288620000000002,14.53397,14.64577,685900.0
2021-01-27,14.64577,15.09297,14.25447,14.61782,1147700.0
2021-01-28,13.69548,14.33832,13.59765,13.59765,1570700.0
2021-01-29,13.59765,14.25447,13.02468,13.89112,872900.0
2021-02-01,13.83522,14.00292,13.569700000000001,13.583680000000001,735900.0
2021-02-02,13.583680000000001,13.974969999999999,13.471879999999999,13.83522,381700.0
2021-02-03,13.974969999999999,14.25447,13.77932,14.25447,597000.0
2021-02-04,14.170620000000001,14.45012,14.170620000000001,14.45012,536600.0
2021-02-05,14.45012,15.288620000000002,14.42217,15.12092,1628300.0
2021-02-08,15.12092,15.79172,15.009120000000001,15.232719999999999,1012600.0
2021-02-09,15.232719999999999,15.428370000000001,15.009120000000001,15.288620000000002,451700.0
2021-02-17,15.31657,16.35072,15.31657,16.35072,1718300.0
2021-02-18,16.76997,16.937669999999997,16.46252,16.68612,1201700.0
2021-02-19,16.63022,16.99357,16.46252,16.60227,681300.0
2021-02-22,16.54637,16.60227,16.37867,16.43457,1131100.0
2021-02-23,16.23892,16.90972,16.21097,16.63022,819100.0
2021-02-24,16.82587,17.60847,16.76997,17.27307,1090400.0
2021-02-25,17.60847,18.30722,17.496669999999998,18.30722,1116400.0
2021-02-26,17.887970000000003,18.36312,17.887970000000003,18.16747,776200.0
2021-03-01,18.39107,18.39107,17.97182,18.22337,683000.0
2021-03-02,18.22337,18.25132,17.887970000000003,18.027720000000002,856900.0
2021-03-03,18.05567,19.28547,18.05567,19.28547,1607700.0
2021-03-04,19.56496,20.12396,19.25752,19.78856,991500.0
2021-03-05,19.56496,20.040110000000002,19.00597,19.956259999999997,780900.0
2021-03-08,20.068060000000003,20.26371,19.45316,19.59291,864600.0
2021-03-09,19.59291,19.956259999999997,19.42521,19.78856,600800.0
2021-03-10,19.844459999999998,19.984209999999997,19.76061,19.87241,605400.0
2021-03-11,19.90036,20.29166,19.676759999999998,20.12396,666000.0
2021-03-12,20.068060000000003,20.40346,20.01216,20.34756,566500.0
2021-03-15,20.54321,21.10221,20.515259999999998,21.07426,718300.0
2021-03-16,21.10221,21.13016,20.682959999999998,20.85066,502200.0
2021-03-17,20.85066,21.10221,20.682959999999998,20.96246,446000.0
2021-03-18,20.96246,21.01836,20.40346,20.682959999999998,832500.0
2021-03-19,20.54321,20.54321,19.70471,20.040110000000002,1326900.0
2021-03-22,19.984209999999997,19.984209999999997,19.34136,19.39726,1385700.0
2021-03-23,19.369310000000002,19.956259999999997,19.369310000000002,19.56496,487500.0
2021-03-24,19.39726,19.48111,18.44697,18.75442,860300.0
2021-03-25,18.78237,19.00597,18.642619999999997,18.81032,675400.0
2021-03-26,18.81032,18.89417,18.16747,18.698520000000002,656000.0
2021-03-29,19.14572,19.816509999999997,18.75442,19.676759999999998,901200.0
2021-03-30,19.78856,19.816509999999997,19.00597,19.11777,714700.0
2021-03-31,19.11777,19.14572,18.78237,18.866220000000002,587400.0
2021-04-01,18.866220000000002,19.70471,18.75442,19.31341,515100.0
2021-04-02,19.56496,19.676759999999998,19.14572,19.22957,233400.0
2021-04-05,19.28547,19.28547,18.95007,19.22957,476500.0
2021-04-06,19.28547,19.56496,19.14572,19.48111,683900.0
2021-04-07,19.56496,20.17986,19.56496,19.816509999999997,908800.0
2021-04-08,20.09601,20.09601,19.56496,19.64881,275900.0
2021-04-09,19.53701,19.90036,19.53701,19.62086,251300.0
2021-04-12,19.62086,19.676759999999998,19.31341,19.39726,578000.0
2021-04-13,19.28547,19.31341,19.00597,19.03392,759700.0
2021-04-14,19.00597,19.28547,18.866220000000002,19.25752,515000.0
2021-04-15,19.28547,19.28547,19.03392,19.28547,282500.0
2021-04-16,19.28547,19.34136,18.866220000000002,19.22957,464200.0
2021-04-19,19.28547,20.40346,18.97802,20.040110000000002,1143400.0
2021-04-20,20.12396,20.34756,19.53701,19.53701,823300.0
2021-04-22,19.42521,19.56496,19.00597,19.00597,895000.0
2021-04-23,18.78237,19.28547,18.726470000000003,19.28547,610200.0
2021-04-26,19.28547,19.42521,18.92212,19.14572,394700.0
2021-04-27,19.22957,19.39726,18.95007,19.20162,378800.0
2021-04-28,19.173669999999998,20.09601,19.14572,19.56496,781800.0
2021-04-29,19.56496,19.984209999999997,19.45316,19.50906,398600.0
2021-05-04,19.28547,20.85066,19.28547,20.85066,2530400.0
2021-05-05,21.01836,21.381709999999998,20.96246,20.96246,874500.0
2021-05-06,20.96246,21.21401,20.82271,21.15811,1097600.0
2021-05-07,21.75956,22.048830000000002,21.37387,21.98455,1859700.0
2021-05-10,21.98455,22.53095,21.98455,22.43453,967600.0
2021-05-11,22.145259999999997,22.40239,21.855990000000002,21.95241,631900.0
2021-05-12,21.855990000000002,22.466669999999997,21.69528,22.466669999999997,956500.0
2021-05-13,22.11312,22.338099999999997,21.82384,21.82384,1454000.0
2021-05-14,22.177400000000002,22.177400000000002,21.470290000000002,21.470290000000002,1385900.0
2021-05-17,21.470290000000002,22.177400000000002,21.148880000000002,21.53457,1794700.0
2021-05-18,21.27745,21.50243,21.21316,21.40601,733500.0
2021-05-19,21.2453,21.855990000000002,20.89175,21.69528,1119400.0
2021-05-20,21.66314,21.66314,21.2453,21.50243,562100.0
2021-05-21,21.598860000000002,22.98093,21.56672,22.62737,2644500.0
2021-05-24,22.820220000000003,22.820220000000003,22.498810000000002,22.75594,744700.0
2021-05-25,22.75594,23.14163,22.62737,23.04521,1091500.0
2021-05-26,22.948790000000002,23.30234,22.75594,23.10949,1097100.0
2021-05-27,23.10949,23.10949,22.498810000000002,22.98093,795600.0
2021-05-28,22.98093,22.98093,22.62737,22.8845,695600.0
2021-05-31,23.10949,23.366619999999998,22.69166,23.04521,1040900.0
2021-06-01,23.04521,23.30234,22.75594,22.820220000000003,782500.0
2021-06-02,22.56309,23.14163,22.56309,23.04521,1046100.0
2021-06-03,23.14163,24.10587,22.98093,24.041580000000003,1936100.0
2021-06-04,24.10587,24.10587,23.62375,23.91302,698000.0
2021-06-07,23.94516,23.9773,22.498810000000002,23.46304,1520300.0
2021-06-08,23.14163,23.4309,22.56309,22.820220000000003,1523900.0
2021-06-09,22.62737,23.07735,22.177400000000002,22.820220000000003,1236700.0
2021-06-10,22.69166,23.65589,22.498810000000002,23.39876,992300.0
2021-06-11,23.366619999999998,23.78446,22.98093,23.33448,1217500.0
2021-06-14,23.33448,24.10587,23.2702,23.94516,1631400.0
2021-06-15,24.041580000000003,25.6165,23.94516,25.58436,3219300.0
2021-06-16,25.873630000000002,26.35575,25.4558,26.03434,1213000.0
2021-06-17,25.6165,26.580740000000002,25.552220000000002,26.29147,816000.0
2021-06-18,26.25932,26.35575,25.90577,26.22718,512800.0
2021-06-21,25.873630000000002,26.22718,25.74507,26.13076,928800.0
2021-06-22,26.35575,26.51645,26.09862,26.09862,579500.0
2021-06-23,25.873630000000002,26.195040000000002,25.391509999999997,25.552220000000002,1173700.0
2021-06-24,25.552220000000002,26.13076,25.391509999999997,25.52008,783100.0
2021-06-25,25.52008,26.1629,25.295090000000002,26.03434,695000.0
2021-06-28,26.195040000000002,26.83787,26.06648,26.67716,867400.0
2021-06-29,26.67716,26.7093,26.42003,26.48431,461900.0
2021-06-30,26.35575,26.51645,26.13076,26.22718,491800.0
2021-07-01,26.35575,26.96643,26.35575,26.741439999999997,970300.0
2021-07-02,26.741439999999997,26.99857,26.64502,26.741439999999997,463200.0
2021-07-05,26.80572,27.223560000000003,26.51645,26.902150000000002,611500.0
2021-07-06,27.31998,27.544970000000003,25.0701,25.0701,1491800.0
2021-07-07,25.552220000000002,26.80572,25.23081,26.80572,1612100.0
2021-07-08,27.12714,27.31998,26.67716,26.83787,989300.0
2021-07-09,26.80572,28.63777,26.67716,28.252080000000003,2137600.0
2021-07-12,28.091369999999998,28.091369999999998,26.29147,26.42003,3418700.0
2021-07-13,26.67716,26.96643,25.423650000000002,26.03434,1549500.0
2021-07-14,26.002200000000002,26.35575,24.74869,25.0701,1646500.0
2021-07-15,24.62013,26.06648,24.55584,25.97005,1018100.0
2021-07-16,26.03434,26.80572,25.97005,26.38789,863200.0
2021-07-19,25.712919999999997,26.195040000000002,25.391509999999997,25.48794,1042800.0
2021-07-20,25.873630000000002,26.195040000000002,25.295090000000002,26.1629,756100.0
2021-07-21,26.64502,26.64502,26.195040000000002,26.35575,724600.0
2021-07-22,26.54859,27.89852,26.54859,27.769959999999998,2429900.0
2021-07-23,27.8021,29.698430000000002,27.641389999999998,29.698430000000002,5362400.0
2021-07-26,29.63415,31.65904,29.602,31.01622,1693900.0
2021-07-27,31.33763,31.33763,29.569860000000002,29.89128,1685000.0
2021-07-28,29.569860000000002,30.598380000000002,29.31273,30.116259999999997,1364900.0
2021-07-29,30.24483,31.0805,29.923419999999997,30.85551,994700.0
2021-07-30,30.85551,30.85551,30.34125,30.6948,942000.0
2021-08-02,30.6948,31.819740000000003,30.5341,31.20906,1871100.0
2021-08-03,31.40191,31.40191,30.6948,31.144779999999997,1222000.0
2021-08-04,31.20906,32.14116,31.20906,31.98045,1361200.0
2021-08-05,31.56262,32.205439999999996,31.56262,32.01259,645400.0
2021-08-06,31.819740000000003,31.88403,31.43405,31.43405,1145200.0
2021-08-09,31.17692,31.819740000000003,31.01622,31.65904,876400.0
2021-08-10,31.75546,32.78398,31.498330000000003,32.687560000000005,1671300.0
2021-08-11,32.687560000000005,33.10539,32.01259,32.01259,820500.0
2021-08-12,31.819740000000003,32.10901,31.594759999999997,31.65904,1081700.0
2021-08-13,31.43405,31.53047,30.37339,31.498330000000003,2648300.0
2021-08-16,31.948310000000003,32.07687,31.498330000000003,32.04473,894000.0
2021-08-17,31.98045,33.10539,31.819740000000003,32.75184,1367400.0
2021-08-18,32.75184,33.94106,32.75184,33.74821,1523000.0
2021-08-19,33.78035,35.32313,33.78035,34.96958,1525200.0
2021-08-20,35.066,35.16242,33.4268,34.551739999999995,1977400.0
2021-08-23,33.74821,35.32313,33.74821,35.066,1042400.0
2021-08-24,34.71245,34.808870000000006,33.74821,34.551739999999995,1289300.0
2021-08-25,34.551739999999995,35.03386,34.06963,34.68031,504700.0
2021-08-26,34.68031,35.99809,34.551739999999995,35.58026,1046200.0
2021-08-27,35.67668,36.28737,35.03386,35.93381,708900.0
2021-08-30,35.93381,36.96233,35.93381,36.96233,791900.0
2021-08-31,37.283739999999995,38.247980000000005,37.21946,37.926559999999995,1037700.0
2021-09-01,37.89442,38.247980000000005,37.50873,37.66943,711700.0
2021-09-06,37.66943,37.66943,36.99447,37.283739999999995,827400.0
2021-09-07,36.96233,37.15518,36.38379,36.86591000000001,1241300.0
2021-09-08,36.544489999999996,37.540870000000005,36.544489999999996,37.283739999999995,432200.0
2021-09-09,37.283739999999995,37.34802,37.05875,37.15518,304500.0
2021-09-10,37.41231,37.926559999999995,37.21946,37.70158,429300.0
2021-09-13,37.926559999999995,40.33715,37.926559999999995,40.33715,1947000.0
2021-09-14,41.01212,41.558510000000005,40.658559999999994,41.0764,938800.0
2021-09-15,41.14068,41.39781,40.97997,41.333529999999996,1070800.0
2021-09-16,41.7835,43.10129,41.558510000000005,42.651309999999995,1055100.0
2021-09-17,44.001239999999996,45.6083,43.358419999999995,45.6083,2013900.0
2021-09-20,48.21173,48.79027,46.926089999999995,47.40821,1596400.0
2021-09-21,46.44397,50.62232,46.44397,50.365190000000005,1402800.0
2021-09-22,51.747260000000004,53.86858,51.747260000000004,53.86858,968800.0
2021-09-23,56.24702,57.37196,50.108059999999995,50.108059999999995,3515200.0
2021-09-24,48.21173,49.17597,47.2475,47.56891,2304600.0
2021-09-27,47.27964,49.5938,47.27964,47.63319,1074900.0
2021-09-28,47.63319,48.85456,47.27964,48.85456,649300.0
2021-09-29,48.53315,48.53315,45.99399,45.99399,1677600.0
2021-09-30,46.02614,48.85456,46.02614,48.501,828200.0
2021-10-01,47.60105,51.715120000000006,47.60105,51.072300000000006,1457200.0
2021-10-04,51.58656,52.55079,49.17597,49.46524,972200.0
2021-10-05,49.433099999999996,50.33305,48.79027,48.8867,733600.0
2021-10-06,49.14383,49.14383,47.27964,48.05103,1092300.0
2021-10-07,48.05103,49.46524,47.50463,48.21173,484200.0
2021-10-08,47.89032,49.52952,47.89032,48.40458,417500.0
2021-10-11,48.69385,49.0474,48.21173,48.79027,770900.0
2021-10-12,48.79027,51.42585,48.79027,51.42585,2388900.0
2021-10-13,51.42585,52.84006,51.42585,51.94011,1296200.0
2021-10-14,51.90797,52.64721,50.6866,50.71874,1090500.0
2021-10-15,50.49376,51.42585,50.49376,50.97587,912500.0
2021-10-18,51.42585,51.42585,49.56166,50.30091,1237700.0
2021-10-19,49.015260000000005,49.56166,48.79027,48.85456,1993200.0
2021-10-20,49.36882,51.42585,48.95098,50.84731,1555400.0
2021-10-21,50.84731,52.7115,50.815169999999995,51.747260000000004,1478000.0
2021-10-22,52.19724,52.22938,50.815169999999995,51.20086,1130600.0
2021-10-25,51.42585,52.51865,50.1402,50.46161,1115700.0
2021-10-26,49.81879,50.78303,49.69023,50.42947,683100.0
2021-10-27,50.590180000000004,50.590180000000004,49.9795,50.075919999999996,905800.0
2021-10-28,50.1402,50.78303,49.40096,49.433099999999996,1205200.0
2021-10-29,49.33667,49.33667,48.82242,49.11169,1901100.0
2021-11-01,49.17597,50.590180000000004,49.11169,50.04378,1075000.0
2021-11-02,50.1402,50.62232,49.69023,50.075919999999996,832300.0
2021-11-03,50.20449,50.20449,49.24025,49.33667,1006400.0
2021-11-04,49.33667,50.46161,49.11169,50.268769999999996,807700.0
2021-11-05,50.97587,53.67573,50.30091,52.454370000000004,3567900.0
2021-11-08,52.64721,54.41498,52.51865,52.67935,1744300.0
2021-11-09,52.84006,52.84006,50.94373,51.104440000000004,1712600.0
2021-11-10,50.65446,50.75089,49.81879,50.04378,2563600.0
2021-11-11,49.81879,50.04378,49.56166,49.78665,1685800.0
2021-11-12,49.69023,49.9795,49.49738,49.9795,1337100.0
2021-11-15,49.91522,49.9795,49.658089999999994,49.81879,1309500.0
2021-11-16,49.658089999999994,51.104440000000004,49.658089999999994,50.46161,2115500.0
2021-11-17,50.78303,52.55079,50.78303,52.55079,3484500.0
2021-11-18,53.03291,54.63997,53.03291,54.41498,3163800.0
2021-11-19,54.479260000000004,55.76491,52.06867,54.41498,2282100.0
2021-11-22,54.31855,55.25065,52.7115,53.000769999999996,2273400.0
2021-11-23,52.7115,53.67573,52.19724,53.51502,1594300.0
2021-11-24,53.67573,54.60782,53.643589999999996,53.86858,1257900.0
2021-11-25,53.99714,54.09357,53.06505,53.77215,1193600.0
2021-11-26,53.51502,53.83644,51.90797,52.06867,1864000.0
2021-11-29,51.13658,51.81154,50.78303,51.36157,1106000.0
2021-11-30,51.747260000000004,53.35432,51.13658,52.51865,1290700.0
2021-12-01,52.390080000000005,53.29004,52.165099999999995,52.390080000000005,654400.0
2021-12-02,52.422230000000006,53.19361,52.390080000000005,52.454370000000004,846500.0
2021-12-03,52.7115,52.807919999999996,50.94373,50.94373,1140000.0
2021-12-06,50.84731,51.104440000000004,49.658089999999994,49.94736,1834800.0
2021-12-07,50.30091,53.03291,50.30091,52.77578,1084200.0
2021-12-08,53.35432,55.28279,53.35432,54.31855,1744100.0
2021-12-09,54.479260000000004,56.472010000000004,54.35069,56.472010000000004,2386500.0
2021-12-10,56.56843,58.496900000000004,56.53629,57.05055,2082300.0
2021-12-13,56.76128,58.496900000000004,56.60058,57.532669999999996,1409500.0
2021-12-14,57.532669999999996,57.532669999999996,55.76491,56.279160000000005,1592000.0
2021-12-15,55.76491,56.21488,54.70425,55.6042,1410000.0
2021-12-16,56.56843,56.56843,55.25065,55.92561,756100.0
2021-12-17,55.63634,55.86133,54.96138,55.44349,1942700.0
2021-12-20,55.37921,55.37921,53.57931,53.83644,1494900.0
2021-12-21,53.83644,54.09357,51.04016,51.715120000000006,2557600.0
2021-12-22,51.32943,53.03291,51.32943,52.3258,1460100.0
2021-12-23,51.6187,52.64721,50.62232,51.104440000000004,1776500.0
2021-12-24,51.42585,51.42585,50.30091,51.39371,621900.0
2021-12-27,51.13658,52.19724,51.13658,52.00439,501500.0
2021-12-28,51.58656,52.55079,51.58656,52.00439,619400.0
2021-12-29,52.32883,52.32883,51.099849999999996,51.42326,730500.0
2021-12-30,51.00282,51.42326,50.6794,51.099849999999996,645400.0
2021-12-31,51.2939,51.71434,50.77643,51.71434,529000.0
2022-01-04,51.74668,52.0701,51.4556,51.52029,643100.0
2022-01-05,51.52029,51.52029,50.6794,50.6794,846500.0
2022-01-06,50.45301,51.32624,50.2913,50.35599,613100.0
2022-01-07,50.38833,50.5177,49.5151,49.54745,1010200.0
2022-01-10,49.45042,49.45042,46.28094,46.89543,2039400.0
2022-01-11,46.96011,46.99245,46.11923,46.24858999999999,1309500.0
2022-01-12,46.89543,48.51251,46.44264,48.48017,758800.0
2022-01-13,48.02739,48.3508,47.28353,47.38055,405100.0
2022-01-14,46.31328,47.41289,46.31328,46.60435,311000.0
2022-01-17,47.21883999999999,47.21883999999999,43.37019,43.37019,1020500.0
2022-01-18,42.36759,43.33784,40.750510000000006,41.78544,972500.0
2022-01-19,42.04418,44.69619,42.04418,44.69619,523300.0
2022-01-20,47.80099,47.80099,46.89543,47.80099,758400.0
2022-01-21,48.99764,49.127,47.54226,47.86568,599100.0
2022-01-24,47.86568,47.86568,44.825559999999996,45.27834,608200.0
2022-01-25,44.469800000000006,46.63669,44.469800000000006,46.63669,538700.0
2022-01-26,47.1865,47.54226,44.72854,44.79322,607900.0
2022-01-27,44.66385,45.11664,43.33784,43.33784,581900.0
2022-01-28,42.723349999999996,44.95493,42.69101,44.63151,319000.0
2022-02-07,45.60176,46.24858999999999,44.63151,46.24858999999999,446700.0
2022-02-08,46.183910000000004,48.48017,45.60176,47.70397,553100.0
2022-02-09,48.02739,48.02739,46.89543,47.54226,257700.0
2022-02-10,47.25119,47.25119,46.11923,46.24858999999999,664200.0
2022-02-11,46.24858999999999,47.86568,46.21625,47.21883999999999,459600.0
2022-02-14,46.57201,47.1865,45.60176,45.6341,687900.0
2022-02-15,45.56942,46.11923,45.56942,45.73113,236200.0
2022-02-16,45.82815,46.70138,45.60176,46.24858999999999,288200.0
2022-02-17,46.24858999999999,48.41549,46.24858999999999,47.54226,1132500.0
2022-02-18,47.50992,48.965300000000006,47.05714,48.90061,1468700.0
2022-02-21,49.45042,49.48276,48.67422,48.99764,842200.0
2022-02-22,48.25378,49.64447,47.70397,49.48276,1286000.0
2022-02-23,49.5151,52.39351,49.5151,50.77643,1867100.0
2022-02-24,50.48535,52.39351,50.48535,52.36117,2082900.0
2022-02-25,52.71693,54.46338,52.32883,52.32883,2105400.0
2022-02-28,52.68459,53.36376,51.26155,52.749269999999996,1842200.0
2022-03-01,52.975660000000005,53.97825,52.65225,52.78161,1246900.0
2022-03-02,52.71693,53.68718,52.10244,53.68718,1697600.0
2022-03-03,54.0106,57.43881,54.0106,57.43881,5507000.0
2022-03-04,58.86185,59.18526,57.24476,57.43881,3403000.0
2022-03-07,58.40906,61.44918,58.40906,61.41683999999999,4069300.0
2022-03-08,61.481519999999996,62.58114,58.53843,58.86185,3052400.0
2022-03-09,59.73507,61.28747,58.70014,61.12576,2996100.0
2022-03-10,59.993809999999996,62.71051,59.8321,60.47893,1437000.0
2022-03-11,60.47893,62.41943,60.12317,60.83469,2314200.0
2022-03-14,61.02874,62.09601,58.21501,58.21501,2379900.0
2022-03-15,58.21501,59.18526,55.78939,57.79457,2176000.0
2022-03-16,58.797160000000005,61.7726,57.79457,61.12576,1673100.0
2022-03-17,61.64323,61.7726,58.82951,60.02615,1599500.0
2022-03-18,60.64064,61.61089,60.05849,61.15811,1848700.0
2022-03-21,61.61089,64.68335,61.28747,64.52164,3422100.0
2022-03-22,64.61867,69.01713000000001,64.61867,69.01713000000001,3093400.0
2022-03-23,70.18142999999999,73.44794,70.11675,73.44794,3169000.0
2022-03-24,73.09218,74.70927,71.15168,71.96023,3439900.0
2022-03-25,71.47510000000001,72.76877,70.56953,72.76877,2561600.0
2022-03-28,72.93048,76.00292999999999,72.15428,75.97059,2171400.0
2022-03-29,77.29660000000001,77.29660000000001,71.47510000000001,73.90073,2885500.0
2022-03-30,72.76877,75.35610000000001,70.98998,75.03268,3207600.0
2022-03-31,75.67952000000001,76.16464,73.73902000000001,73.73902000000001,1743900.0
2022-04-01,72.76877,74.32117,72.12192999999999,73.73902000000001,1744400.0
2022-04-04,73.41560000000001,73.57731,71.15168,71.47510000000001,1907500.0
2022-04-05,71.31339,72.44535,69.1465,69.53460000000001,1770700.0
2022-04-06,68.33796000000001,71.41042,68.24092999999999,70.11675,1340400.0
2022-04-07,69.85802000000001,72.93048,69.85802000000001,72.12192999999999,1410000.0
2022-04-08,72.05725,72.60706,69.56694,69.85802000000001,1297600.0
2022-04-12,70.18142999999999,72.02491,69.04947,69.85802000000001,1112200.0
2022-04-13,70.95763000000001,74.74161,70.50485,74.74161,2285800.0
2022-04-14,76.64977,79.94861999999999,76.16464,79.94861999999999,2400900.0
2022-04-15,79.88394,81.66273,78.65495,80.20735,1260400.0
2022-04-18,80.49843,81.17760000000001,77.94344,79.23710000000001,1398500.0
2022-04-19,80.20735,84.76753,79.56052000000001,82.40659,2350900.0
2022-04-20,82.43893,82.79469,77.62002000000001,78.59027,2448200.0
2022-04-21,77.29660000000001,81.43634,76.00292999999999,79.88394,1408900.0
2022-04-22,80.85419,80.85419,74.32117,76.97319,4671400.0
2022-04-25,75.35610000000001,77.71704,71.60447,71.60447,2001500.0
2022-04-26,66.65619000000001,72.44535,66.62385,72.12192999999999,2139100.0
2022-04-27,71.79852000000001,73.73902000000001,68.69372,73.41560000000001,1720300.0
2022-04-28,73.67433,74.38585,71.41042,73.73902000000001,1255200.0
2022-04-29,73.09218,78.88134,72.44535,77.91109,2100200.0
2022-05-04,77.62002000000001,79.85159,76.64977,77.42597,1027200.0
2022-05-05,78.26685,78.26685,73.57731,76.58509,1557400.0
2022-05-06,74.06242999999999,77.58767999999999,73.90073,74.70927,1421300.0
2022-05-09,73.41560000000001,74.06242999999999,69.50225999999999,69.50225999999999,1672100.0
2022-05-10,66.30042999999999,69.17884,64.71569000000001,68.56435,2099800.0
2022-05-11,69.34055000000001,69.53460000000001,66.8179,68.56435,809700.0
2022-05-12,67.30302,68.40264,63.77778,63.77778,1980600.0
2022-05-13,63.066269999999996,63.7131,59.314629999999994,59.314629999999994,2508900.0
2022-05-16,60.80235,63.454370000000004,58.24736,58.24736,1497600.0
2022-05-17,56.27451,62.322410000000005,56.27451,62.322410000000005,1245200.0
2022-05-18,63.066269999999996,65.78297,63.066269999999996,65.65360000000001,1215700.0
2022-05-19,63.810120000000005,70.18142999999999,62.74285,69.53460000000001,1607700.0
2022-05-20,69.50225999999999,70.82827,68.24092999999999,68.88777,952100.0
2022-05-23,70.18142999999999,70.34314,66.30042999999999,69.40522999999999,1133400.0
2022-05-24,69.92269999999999,73.41560000000001,69.21118,72.12192999999999,1507200.0
2022-05-25,72.96282000000001,75.00034,72.44535,73.90073,994900.0
2022-05-26,74.38585,75.22672999999999,72.44535,72.73643,985400.0
2022-05-27,71.15168,71.47510000000001,69.11416,69.21118,2873300.0
2022-05-30,68.27327000000001,71.79852000000001,68.27327000000001,69.53460000000001,1044200.0
2022-05-31,70.01973,73.99775,69.37289,72.31598,1301500.0
2022-06-01,72.93048,75.51781,71.63681,74.32117,1560000.0
2022-06-02,74.09478,76.81147999999999,74.09478,75.55014999999999,2049400.0
2022-06-03,80.784,80.784,80.784,80.784,357200.0
2022-06-06,86.32869000000001,86.32869000000001,82.81939,82.88958,4625000.0
2022-06-07,82.11753,88.36408,79.3101,87.66222,2536900.0
2022-06-08,90.53984,90.82059,88.43427,89.83798,1416600.0
2022-06-09,89.48705,89.48705,87.31129,88.43427,1418000.0
2022-06-10,88.43427,94.04914,88.43427,89.13613000000001,3482100.0
2022-06-13,87.80259,91.03115,84.92497,85.48646000000001,2602100.0
2022-06-14,84.57404,89.06594,84.43366999999999,88.29389,1739200.0
2022-06-15,89.90817,91.38207000000001,86.04794,88.43427,2785500.0
2022-06-16,90.46966,94.61063,87.80259,94.54044,3492100.0
2022-06-17,93.34728,97.55844,92.64542,92.64542,2656600.0
2022-06-20,92.29449000000001,92.85598,87.73241,87.73241,2625300.0
2022-06-21,86.32869000000001,87.66222,81.76660000000001,81.83679,2803300.0
2022-06-22,82.81939,84.08274,76.50266,78.60824000000001,3048900.0
2022-06-23,77.20452,84.08274,77.20452,84.08274,980800.0
2022-06-24,87.38148,88.7852,85.7672,86.04794,1230200.0
2022-06-27,85.62683,88.7852,84.22311,84.22311,1615600.0
2022-06-28,83.52125,86.2585,82.81939,83.31069000000001,1880900.0
2022-06-29,81.69642,84.71441,80.71381,83.52125,1408800.0
2022-06-30,84.22311,84.71441,81.76660000000001,81.76660000000001,832500.0
2022-07-01,81.41566999999999,81.69642,77.34488999999999,78.60824000000001,1790000.0
2022-07-04,78.74861,80.57344,74.53744999999999,74.53744999999999,1791900.0
2022-07-05,74.39708,74.39708,69.41388,69.41388,3099300.0
2022-07-06,67.3083,68.29091,64.57105,64.57105,2148800.0
2022-07-07,64.57105,69.06295,63.37789,69.06295,1776200.0
2022-07-08,70.04555,71.87039,67.37849,68.78221,3017500.0
2022-07-11,67.58905,70.46667,65.97477,66.74682000000001,1850100.0
2022-07-12,65.97477,70.18593,65.97477,70.18593,1973400.0
2022-07-13,70.18593,71.23871000000001,67.37849,68.08035000000001,1515500.0
2022-07-14,67.37849,69.48407,66.88719,68.08035000000001,1467400.0
2022-07-15,68.50146000000001,68.78221,67.23812,67.23812,1555700.0
2022-07-18,67.44866999999999,68.36108999999999,64.64124,65.27291000000001,1785800.0
2022-07-19,64.92198,69.06295,64.92198,68.43128,2419100.0
2022-07-20,71.09834,71.8002,70.18593,70.18593,3151200.0
2022-07-21,70.25611,71.44927,69.48407,70.53686,1852900.0
2022-07-22,70.60704,71.16853,68.71202000000001,68.92258,1744700.0
2022-07-25,68.57164999999999,68.78221,67.02756,67.72942,1538400.0
2022-07-26,67.86979,69.13314,66.88719,67.16793,1388100.0
2022-07-27,67.16793,68.08035000000001,66.39589,67.37849,927700.0
2022-07-28,68.43128,68.57164999999999,67.09774,67.37849,2861500.0
2022-07-29,67.09774,67.37849,62.67603,62.67603,6404300.0
2022-08-01,60.71083,63.86919,58.67543,63.86919,4464400.0
2022-08-02,63.86919,64.43068,61.97417,62.25492,1898400.0
2022-08-03,61.76361,63.518260000000005,60.92138,62.46547,2012100.0
2022-08-04,62.46547,64.71142,62.25492,63.72882,2890700.0
2022-08-05,63.448080000000004,63.448080000000004,62.88659,63.09715,1440100.0
2022-08-08,63.02696,65.27291000000001,62.8164,64.22012000000001,2455100.0
2022-08-09,64.92198,68.08035000000001,64.71142,66.817,3358200.0
2022-08-10,66.3257,67.37849,65.62384,65.62384,1586200.0
2022-08-11,66.46607,66.46607,63.518260000000005,63.86919,2311000.0
2022-08-12,63.86919,64.99217,62.8164,64.29030999999999,1833800.0
2022-08-15,65.41328,66.3257,64.57105,65.34309999999999,1552300.0
2022-08-16,65.34309999999999,66.67663,65.27291000000001,65.69403,2092500.0
2022-08-17,65.97477,66.3257,64.78161,65.48347,1918700.0
2022-08-18,65.90458,67.79960000000001,65.55364999999999,66.18533000000001,4051000.0
2022-08-19,66.67663,67.3083,65.34309999999999,65.55364999999999,1792400.0
2022-08-22,65.20272,65.83439999999999,64.64124,64.78161,1290800.0
2022-08-23,64.14994,64.43068,63.16733,64.29030999999999,2513100.0
2022-08-24,64.92198,67.37849,64.14994,66.60644,3905400.0
2022-08-25,66.95737,69.90517999999999,66.67663,69.06295,4431300.0
2022-08-26,69.13314,69.13314,67.58905,67.72942,2228800.0
2022-08-29,66.39589,68.57164999999999,66.11514,68.29091,5009000.0
2022-08-30,69.20332,71.44927,69.20332,70.25611,5403100.0
2022-08-31,70.74741,70.8176,69.20332,69.835,2385800.0
2022-09-05,70.18593,71.94057000000001,69.90517999999999,71.09834,2608700.0
2022-09-06,71.87039,72.64242999999999,70.53686,70.60704,3950500.0
2022-09-07,70.60704,70.67723,66.18533000000001,66.18533000000001,4562200.0
2022-09-08,67.37849,68.64184,66.39589,67.93997999999999,3562000.0
2022-09-09,67.72942,69.13314,66.60644,69.13314,2588000.0
2022-09-12,69.41388,71.8002,69.13314,71.09834,4131794.0
2022-09-13,71.58964,72.2915,70.67723,71.8002,3878667.0
2022-09-14,70.18593,71.37908999999999,69.48407,71.23871000000001,3090394.0
2022-09-15,71.94057000000001,72.22132,70.25611,70.25611,3488415.0
2022-09-16,70.18593,71.23871000000001,68.43128,68.43128,5750381.0
2022-09-19,68.78221,69.06295,65.97477,65.97477,4327487.0
2022-09-20,67.3083,67.93997999999999,64.71142,67.58905,2502227.0
2022-09-21,66.817,67.58905,66.11514,66.67663,1155175.0
2022-09-22,66.3257,67.37849,65.41328,67.37849,1940143.0
2022-09-23,67.3083,67.3083,65.62384,65.62384,2118942.0
2022-09-26,64.22012000000001,64.71142,61.06176,61.06176,5699824.0
2022-09-27,61.20213,61.69343,57.8332,58.04376,3696288.0
2022-09-28,57.552459999999996,58.535059999999994,54.74502,54.74502,4027012.0
2022-09-29,56.499669999999995,56.499669999999995,50.954980000000006,50.954980000000006,3905733.0
2022-09-30,49.76182,54.46428,48.428290000000004,54.46428,5662429.0
2022-10-03,54.74502,56.499669999999995,51.3761,51.79721,3216619.0
2022-10-04,52.77982,53.76242,51.3761,52.007769999999994,3345689.0
2022-10-05,53.341300000000004,54.955580000000005,52.990370000000006,53.90279,2609562.0
2022-10-06,54.39409,55.025769999999994,50.25312,50.25312,3685031.0
2022-10-07,47.796620000000004,49.48108,46.74383,47.23513,5209959.0
2022-10-10,46.463080000000005,50.53387,46.463080000000005,50.53387,3642805.0
2022-10-11,50.11275,50.884800000000006,48.007169999999995,48.989779999999996,3725276.0
2022-10-12,49.20033,52.3587,48.989779999999996,51.937580000000004,3913785.0
2022-10-13,51.937580000000004,53.55186,51.656839999999995,52.990370000000006,2450511.0
2022-10-14,54.60465,56.64004,54.04316,56.00837,5943770.0
2022-10-17,55.58725,58.3245,54.81521,58.3245,3917223.0
2022-10-18,59.587849999999996,59.587849999999996,56.28911,57.20153,4178212.0
2022-10-19,56.920790000000004,58.88599,56.920790000000004,57.20153,3720493.0
2022-10-20,57.552459999999996,57.76302,54.674839999999996,55.095949999999995,4233390.0
2022-10-21,55.44688,55.44688,51.305910000000004,51.305910000000004,5120159.0
2022-10-24,52.14814,53.90279,50.884800000000006,51.235730000000004,4334520.0
2022-10-25,51.937580000000004,54.46428,50.32331,52.63944,4444286.0
2022-10-26,53.27112,54.25372,52.77982,53.55186,2678476.0
2022-10-27,53.13075,55.868,52.77982,55.44688,3570066.0
2022-10-28,56.14874,56.499669999999995,54.323910000000005,54.323910000000005,2814824.0
2022-10-31,54.60465,54.81521,51.51647,53.97298,4060454.0
2022-11-01,54.11335,54.674839999999996,52.42889,52.42889,2736388.0
2022-11-02,52.28851,53.060559999999995,50.53387,51.025169999999996,3545517.0
2022-11-03,50.53387,52.007769999999994,50.25312,51.3761,1281231.0
2022-11-04,51.235730000000004,51.235730000000004,48.63885,49.832010000000004,3307799.0
2022-11-07,49.832010000000004,50.39349,47.23513,49.41089,3119518.0
2022-11-08,49.41089,50.11275,48.70903,49.832010000000004,2262743.0
2022-11-09,50.39349,50.39349,48.8494,49.76182,1378965.0
2022-11-10,48.498470000000005,48.989779999999996,46.32271,46.32271,2877436.0
2022-11-11,47.3755,47.3755,43.09416,43.09416,3205304.0
2022-11-14,40.14635,40.14635,40.14635,40.14635,570520.0
2022-11-15,37.338910000000006,37.338910000000006,37.338910000000006,37.338910000000006,249393.0
2022-11-16,34.74203,39.935790000000004,34.74203,39.935790000000004,12963166.0
2022-11-17,41.76063,42.67304,41.19914,41.409699999999994,3086961.0
2022-11-18,41.409699999999994,41.479879999999994,38.53207,38.53207,8517302.0
2022-11-21,38.60226,38.81282,35.865010000000005,35.865010000000005,7214197.0
2022-11-22,34.74203,37.54947,33.75943,35.865010000000005,6145472.0
2022-11-23,35.865010000000005,37.409099999999995,35.865010000000005,36.49668,3212408.0
2022-11-24,36.4265,36.63705,34.81222,35.79482,3276002.0
2022-11-25,35.935190000000006,36.9178,34.60166,35.37371,4888865.0
2022-11-28,36.14575,37.83021,36.005379999999995,37.83021,5250893.0
2022-11-29,39.304120000000005,40.42709,38.53207,40.42709,6138534.0
2022-11-30,41.19914,42.743230000000004,41.058769999999996,42.743230000000004,4655083.0
2022-12-01,43.515269999999994,44.84881,40.70784,40.70784,6422433.0
2022-12-02,40.70784,43.515269999999994,39.865610000000004,43.44508999999999,5786129.0
2022-12-05,44.91899,44.98918,43.44508999999999,44.91899,4397071.0
2022-12-06,43.8662,46.8842,43.164339999999996,44.21713,6319617.0
2022-12-07,43.8662,44.91899,42.95379,44.00658,3004353.0
2022-12-08,44.568059999999996,46.182339999999996,44.14695,45.19974,3541225.0
2022-12-09,45.19974,45.55067,43.8662,44.63825,1929622.0
2022-12-12,44.63825,46.11215,44.63825,45.62085,3955178.0
2022-12-13,45.62085,45.9016,44.778620000000004,45.9016,2804028.0
2022-12-14,46.8842,48.77922,46.11215,47.44569,4834994.0
2022-12-15,47.51587,48.3581,47.3755,47.866800000000005,1997790.0
2022-12-16,47.02457,47.936989999999994,47.02457,47.796620000000004,3080262.0
2022-12-19,48.312940000000005,48.312940000000005,45.88995,46.25707,3682546.0
2022-12-20,45.66968,46.25707,43.24669,45.375980000000006,4275680.0
2022-12-21,45.375980000000006,46.25707,42.58587,44.274620000000006,1917558.0
2022-12-22,44.78859,44.78859,42.87957,44.274620000000006,1328035.0
2022-12-23,43.68723000000001,43.9075,42.95299,43.32011,1363401.0
2022-12-26,43.02642,43.02642,40.30973,40.30973,2762144.0
2022-12-27,40.016040000000004,42.73272,39.64892,42.73272,1875397.0
2022-12-28,43.32011,43.32011,41.55794,43.32011,1541105.0
2022-12-29,43.09983999999999,43.32011,42.21875,42.512449999999994,969285.0
2022-12-30,42.439029999999995,43.24669,42.07191,43.24669,1390842.0
2023-01-03,43.24669,44.34805,42.58587,43.83408,1791452.0
2023-01-04,44.34805,45.44941,43.98093,44.2012,1731919.0
2023-01-05,44.2012,45.08229,44.2012,44.71517,1367835.0
2023-01-06,44.4949,44.78859,42.87957,43.02642,1940020.0
2023-01-09,43.173269999999995,43.76066,42.29218,42.29218,1265924.0
2023-01-10,42.58587,42.73272,41.26424,41.48451,1783347.0
2023-01-11,41.85163,42.21875,41.411089999999994,41.411089999999994,1184420.0
2023-01-12,41.85163,41.925059999999995,41.04397,41.1174,977214.0
2023-01-13,41.77821,42.58587,41.48451,41.77821,1256797.0
2023-01-16,42.14533,42.14533,41.411089999999994,41.411089999999994,846100.0
2023-01-17,41.411089999999994,43.39354,41.411089999999994,43.173269999999995,1868246.0
2023-01-18,43.68723000000001,43.68723000000001,43.09983999999999,43.46696,1661614.0
2023-01-19,43.54038,44.78859,43.54038,43.98093,2054372.0
2023-01-27,44.78859,44.93544,42.95299,43.32011,1930821.0
2023-01-30,43.46696,43.68723000000001,42.87957,42.87957,1929989.0
2023-01-31,42.6593,44.56832,42.6593,44.274620000000006,3876898.0
2023-02-01,44.78859,46.40392,44.05435,44.05435,5289435.0
2023-02-02,44.4949,45.30256,43.02642,43.39354,2705919.0
2023-02-03,43.9075,43.9075,42.58587,43.173269999999995,1832185.0
2023-02-06,43.09983999999999,43.54038,41.99848,42.58587,1729818.0
2023-02-07,42.58587,42.80615,40.75028,40.823699999999995,3837519.0
2023-02-08,41.1174,41.411089999999994,39.722339999999996,40.383160000000004,2336842.0
2023-02-09,40.60343,41.48451,40.383160000000004,40.53,1059953.0
2023-02-10,40.60343,40.97055,40.236309999999996,40.383160000000004,1018698.0
2023-02-13,40.383160000000004,40.383160000000004,38.180440000000004,38.32729,2576503.0
2023-02-14,38.54756,39.20837,38.25386,38.91468,1606263.0
2023-02-15,39.20837,39.79576,38.694410000000005,39.35522,1027859.0
2023-02-16,39.428650000000005,39.86919,38.91468,39.134949999999996,1205051.0
2023-02-17,39.281800000000004,39.35522,38.694410000000005,38.91468,997363.0
2023-02-20,38.91468,40.162879999999994,38.767830000000004,40.162879999999994,1836040.0
2023-02-21,40.236309999999996,40.67685,39.79576,40.08946,1656442.0
2023-02-22,39.502069999999996,39.86919,38.91468,38.91468,2065406.0
2023-02-23,38.91468,38.988099999999996,37.22593,38.180440000000004,2571706.0
2023-02-24,38.474129999999995,38.474129999999995,37.079080000000005,37.1525,1356714.0
2023-02-27,36.71196,37.29935,36.05114,36.27142,2140657.0
2023-02-28,36.56511,37.005660000000006,35.68403,36.785379999999996,1310604.0
2023-03-01,36.418260000000004,36.932230000000004,36.27142,36.932230000000004,828033.0
2023-03-02,37.079080000000005,37.81332,37.079080000000005,37.4462,931226.0
2023-03-03,37.4462,37.51962,36.63854,36.932230000000004,1021720.0
2023-03-06,37.4462,37.4462,36.785379999999996,37.1525,1522378.0
2023-03-07,37.1525,37.37278,36.491690000000006,37.1525,965336.0
2023-03-08,36.34484,37.1525,36.34484,37.1525,953252.0
2023-03-09,37.29935,38.25386,37.079080000000005,38.10701,2007794.0
2023-03-10,37.7399,39.20837,37.593050000000005,38.62098,2711801.0
2023-03-13,38.180440000000004,38.62098,37.666470000000004,38.03359,1562406.0
2023-03-14,37.886739999999996,38.474129999999995,37.4462,37.886739999999996,1596070.0
2023-03-15,38.40071,38.84125,38.03359,38.54756,1571186.0
2023-03-16,38.10701,38.180440000000004,37.51962,38.180440000000004,1034382.0
2023-03-17,38.180440000000004,38.54756,37.886739999999996,38.54756,2142863.0
2023-03-20,38.180440000000004,38.40071,37.1525,37.1525,1242551.0
2023-03-21,37.37278,37.81332,36.34484,37.4462,1552161.0
2023-03-22,37.7399,37.7399,37.1525,37.1525,458548.0
2023-03-23,36.785379999999996,37.4462,36.785379999999996,37.1525,656613.0
2023-03-24,37.29935,37.4462,37.005660000000006,37.1525,722245.0
2023-03-27,37.1525,37.51962,37.079080000000005,37.4462,877973.0
2023-03-28,37.51962,38.32729,37.4462,37.96017,1458607.0
2023-03-29,37.96017,38.10701,37.51962,38.10701,815832.0
2023-03-30,38.54756,38.84125,37.593050000000005,37.666470000000004,1269431.0
2023-03-31,37.81332,37.886739999999996,37.29935,37.666470000000004,1234607.0
2023-04-03,37.81332,38.25386,37.7399,38.180440000000004,1735355.0
2023-04-04,38.40071,39.502069999999996,38.180440000000004,39.20837,3420840.0
2023-04-05,39.575489999999995,40.30973,39.281800000000004,39.79576,2345193.0
2023-04-06,39.86919,40.236309999999996,38.988099999999996,38.988099999999996,2312686.0
2023-04-07,39.281800000000004,39.35522,38.54756,38.62098,1346724.0
2023-04-10,38.767830000000004,39.502069999999996,38.62098,38.694410000000005,1891017.0
2023-04-11,38.62098,38.84125,38.25386,38.767830000000004,1252771.0
2023-04-12,38.91468,39.575489999999995,38.767830000000004,38.91468,1418272.0
2023-04-13,39.43982,40.86175,38.990790000000004,40.86175,4833420.0
2023-04-14,41.1611,42.35851,40.63723,40.63723,4117623.0
2023-04-17,40.786910000000006,40.936589999999995,39.514660000000006,39.88885,2455219.0
2023-04-18,39.88885,41.01142,39.81401,40.41272,2367539.0
2023-04-19,40.41272,41.460449999999994,39.96369,40.41272,2517962.0
2023-04-20,40.41272,40.71207,40.03853,40.11336,1296928.0
2023-04-21,40.263040000000004,40.71207,38.915949999999995,38.915949999999995,4260679.0
2023-04-24,38.915949999999995,39.36498,38.39208,38.39208,1826734.0
2023-04-25,38.541760000000004,38.84111,38.16757,38.541760000000004,1807721.0
2023-04-26,38.541760000000004,38.6166,38.09273,38.46692,1660818.0
2023-04-27,38.6166,39.36498,38.541760000000004,38.6166,1664494.0
2023-04-28,38.84111,39.29014,38.46692,38.541760000000004,1493741.0
2023-05-04,38.6166,39.06563,38.09273,38.16757,1698017.0
2023-05-05,38.16757,38.69143,38.16757,38.46692,1132037.0
2023-05-08,38.541760000000004,38.76627,38.31724,38.69143,1295197.0
2023-05-09,38.915949999999995,39.06563,38.46692,38.69143,1081763.0
2023-05-10,38.6166,38.6166,38.2424,38.31724,2019920.0
2023-05-11,38.541760000000004,39.5895,38.39208,39.06563,3287961.0
2023-05-12,39.06563,39.14047,38.6166,38.76627,1492965.0
2023-05-15,38.915949999999995,38.990790000000004,38.541760000000004,38.541760000000004,1538157.0
2023-05-16,38.69143,38.69143,38.09273,38.31724,2527317.0
2023-05-17,38.16757,38.76627,38.01789,38.01789,1899222.0
2023-05-18,38.09273,38.09273,37.718540000000004,37.718540000000004,1815654.0
2023-05-19,37.79337,37.94305,37.41918,37.56886,1742458.0
2023-05-22,37.56886,37.86821,37.41918,37.718540000000004,1473903.0
2023-05-23,37.86821,38.915949999999995,37.643699999999995,38.46692,2367935.0
2023-05-24,38.541760000000004,38.69143,37.94305,38.01789,1069255.0
2023-05-25,37.86821,38.01789,37.56886,37.94305,1370043.0
2023-05-26,38.09273,38.46692,37.56886,37.643699999999995,1559664.0
2023-05-29,37.94305,38.915949999999995,37.643699999999995,38.541760000000004,2688087.0
2023-05-30,38.915949999999995,40.33788,38.69143,40.263040000000004,7510832.0
2023-05-31,40.487559999999995,40.63723,39.88885,40.11336,3330035.0
2023-06-01,40.11336,41.08626,40.11336,40.86175,5157834.0
2023-06-02,41.1611,42.134,40.936589999999995,42.134,6222804.0
2023-06-05,42.73271,45.052699999999994,41.90948,44.22947,8440132.0
2023-06-06,44.30431,44.90302,43.85528,44.753339999999994,3639274.0
2023-06-07,44.753339999999994,46.324949999999994,44.60367,45.20237,4556254.0
2023-06-08,45.20237,45.6514,44.15464,44.15464,4843056.0
2023-06-09,44.45399,47.22301,44.00496,47.22301,9224982.0
2023-06-12,48.12107,48.5701,46.848819999999996,48.27075,3492799.0
2023-06-13,48.49526,48.49526,46.25011,46.923660000000005,5375629.0
2023-06-14,47.14817,47.597199999999994,46.025589999999994,46.025589999999994,3275826.0
2023-06-15,46.025589999999994,46.923660000000005,45.87592,46.77398,3446453.0
2023-06-16,47.22301,47.74688,45.95076,45.95076,4713665.0
2023-06-19,45.95076,46.324949999999994,45.42689,45.80108,3235931.0
2023-06-20,46.25011,47.07333,45.80108,47.07333,2821591.0
2023-06-21,47.14817,47.82172,46.99849,47.67204,3684307.0
2023-06-22,47.896550000000005,49.69267,47.52236,49.39332,6398309.0
2023-06-23,49.31848,49.39332,48.49526,48.86945,3415770.0
2023-06-26,48.644940000000005,49.617839999999994,47.74688,48.5701,3843947.0
2023-06-27,48.644940000000005,50.1417,48.42042,49.01913,4163124.0
2023-06-28,49.01913,49.842349999999996,48.94429,48.94429,2913097.0
2023-06-29,49.24364,49.24364,47.14817,47.14817,6250411.0
2023-06-30,47.14817,48.04623,46.99849,47.74688,1925446.0
2023-07-03,48.5701,49.09397,47.74688,47.74688,2188141.0
2023-07-04,47.74688,48.49526,47.67204,48.49526,2335441.0
2023-07-05,49.01913,50.740410000000004,48.644940000000005,49.842349999999996,9035290.0
2023-07-06,49.917190000000005,50.5159,49.543,50.5159,4736341.0
2023-07-07,50.36622,51.488800000000005,50.29138,50.740410000000004,3434697.0
2023-07-10,50.81525,51.114599999999996,50.44106,50.740410000000004,3717590.0
2023-07-11,50.81525,50.81525,49.543,49.842349999999996,5094088.0
2023-07-12,50.1417,51.189440000000005,49.617839999999994,50.66557,4538929.0
2023-07-13,51.03977,54.18298,51.03977,53.28492,6618042.0
2023-07-14,53.88362,54.55717,52.91072,53.58427,3857561.0
2023-07-17,53.88362,54.33265,53.28492,53.43459,2342166.0
2023-07-18,53.65911,54.25781,52.91072,52.98556,3268043.0
2023-07-19,53.135239999999996,53.73395,52.761050000000004,53.135239999999996,2836287.0
2023-07-20,53.28492,55.0062,53.28492,54.55717,5118053.0
2023-07-21,54.706849999999996,55.305550000000004,54.482330000000005,54.63201,3265357.0
2023-07-24,54.706849999999996,54.706849999999996,53.58427,54.10814,4583552.0
2023-07-25,54.407489999999996,54.63201,53.50943,54.10814,3360649.0
2023-07-26,54.10814,55.23071,53.65911,53.88362,3166762.0
2023-07-27,53.88362,53.95846,52.83589,53.35975,4551609.0
2023-07-28,53.50943,54.55717,53.210080000000005,54.33265,3039524.0
2023-07-31,54.856519999999996,55.0062,53.88362,53.88362,2888398.0
2023-08-01,54.25781,56.80232,53.43459,55.679739999999995,7669349.0
2023-08-02,55.38039,56.35329,55.155879999999996,55.45523,2203310.0
2023-08-03,55.38039,56.50297,54.93136,55.45523,3369247.0
2023-08-04,55.53007,56.428129999999996,55.305550000000004,55.754580000000004,2597837.0
2023-08-07,56.053940000000004,56.20361,55.155879999999996,55.305550000000004,3387722.0
2023-08-08,55.38039,56.27845,55.08104,55.82942,3115110.0
2023-08-09,56.128769999999996,56.128769999999996,55.305550000000004,55.38039,2160848.0
2023-08-10,55.38039,56.72748,55.23071,55.53007,5086299.0
2023-08-11,56.053940000000004,56.128769999999996,54.407489999999996,54.856519999999996,5350122.0
2023-08-14,55.0062,55.604910000000004,54.55717,54.93136,2546447.0
2023-08-15,55.305550000000004,57.17651,54.856519999999996,57.17651,6388667.0
2023-08-16,57.47586,57.5507,56.27845,56.65264,2666520.0
2023-08-17,56.65264,57.17651,56.35329,56.5778,3094647.0
2023-08-18,56.20361,56.5778,52.68621,52.761050000000004,9714230.0
2023-08-21,52.83589,53.65911,51.63847,52.38686,3600886.0
2023-08-22,52.91072,53.210080000000005,50.1417,53.135239999999996,3517638.0
2023-08-23,53.80878,54.63201,53.35975,54.18298,2979771.0
2023-08-24,54.25781,56.50297,54.033300000000004,56.20361,5129898.0
2023-08-25,56.27845,59.87069,56.053940000000004,59.721019999999996,8222956.0
2023-08-28,59.94553,62.71455,59.94553,62.71455,4227551.0
2023-08-29,62.78939,63.16358,61.4423,62.11584,3442868.0
2023-08-30,62.265519999999995,63.68745,62.11584,62.63971,2287053.0
2023-08-31,62.864230000000006,65.48357,62.49004,65.48357,3418568.0
2023-09-05,65.78292,68.17775,64.81002,68.10291000000001,3284792.0
2023-09-06,68.10291000000001,69.37516000000001,66.98034,67.95324000000001,3470033.0
2023-09-07,68.02807000000001,69.00097,66.60615,66.60615,2883638.0
2023-09-08,67.35453,70.27323,66.98034,69.15065,4510980.0
2023-09-11,70.34806,70.34806,67.42936999999999,68.02807000000001,4879678.0
2023-09-12,68.17775,69.22549000000001,67.95324000000001,69.00097,2162220.0
2023-09-13,69.97386999999999,69.97386999999999,67.80356,67.95324000000001,4310000.0
2023-09-14,67.57903999999999,69.45,67.42936999999999,67.95324000000001,3434880.0
2023-09-15,68.25259,69.07581,67.72872,67.95324000000001,2316133.0
2023-09-18,67.35453,67.95324000000001,66.08228,66.75582,4027759.0
2023-09-19,66.83066000000001,69.82419,66.83066000000001,69.45,5111830.0
2023-09-20,69.74936,72.96741,69.74936,71.76999,3464369.0
2023-09-21,71.84483,72.59321000000001,70.04871,70.34806,3494105.0
2023-09-22,69.22549000000001,74.53900999999999,68.40227,73.3416,7372487.0
2023-09-25,73.3416,73.86547,68.25259,68.25259,5158612.0
2023-09-26,67.35453,70.12355000000001,67.35453,67.72872,5428798.0
2023-09-27,68.77646,68.85130000000001,64.36099,68.55194,5562815.0
2023-09-28,68.70161999999999,70.34806,67.27969,70.27323,3638632.0
2023-09-29,71.09644999999999,71.47064,69.52484,69.97386999999999,2718975.0
2023-10-02,69.59967999999999,70.72225999999999,69.45,70.12355000000001,1895716.0
2023-10-03,69.59967999999999,69.74936,67.27969,68.10291000000001,4589003.0
2023-10-04,67.35453,71.47064,66.60615,70.72225999999999,6063872.0
2023-10-05,71.24611999999999,72.59321000000001,69.59967999999999,69.59967999999999,3499968.0
2023-10-06,70.27323,71.69515,68.92613,71.09644999999999,2453000.0
2023-10-09,71.17129,73.71579,71.17129,72.59321000000001,4073641.0
2023-10-10,73.3416,73.3416,71.09644999999999,71.32096,3453860.0
2023-10-11,71.32096,72.59321000000001,70.87192999999999,72.59321000000001,1890935.0
2023-10-12,72.96741,75.58675,72.29386,73.26675999999999,4369294.0
2023-10-13,72.51838000000001,74.46417,72.3687,74.3145,3283990.0
2023-10-16,74.23966,74.68869000000001,72.21902,72.51838000000001,3254011.0
2023-10-17,72.74289,73.26675999999999,67.50421,67.50421,3050750.0
2023-10-18,68.92613,69.22549000000001,64.9597,68.17775,7120703.0
2023-10-19,68.32742999999999,68.47710000000001,66.30678999999999,67.20485000000001,2736056.0
2023-10-20,67.20485000000001,68.10291000000001,64.28616000000001,68.02807000000001,5011466.0
2023-10-23,67.72872,68.02807000000001,64.73519,65.48357,3814425.0
2023-10-24,65.70808,67.80356,65.48357,67.27969,2018457.0
2023-10-25,67.27969,67.72872,66.23195,66.83066000000001,1509596.0
2023-10-26,65.48357,65.78292,62.19068,63.612610000000004,6706649.0
2023-10-27,63.612610000000004,64.43583,60.69391,63.612610000000004,1825422.0
2023-10-30,62.49004,63.837129999999995,60.993269999999995,60.993269999999995,1827484.0
2023-10-31,61.74165,61.816489999999995,58.82296,59.12231,3755125.0
2023-11-01,59.271989999999995,60.09521,57.251349999999995,60.09521,3413744.0
2023-11-02,61.36746,64.28616000000001,60.619080000000004,64.21132,3109407.0
2023-11-03,64.88486,64.88486,63.46293,64.21132,2006677.0
2023-11-06,64.66035,66.60615,64.06164,66.15711,2196595.0
2023-11-07,65.78292,67.13001,64.73519,65.85776,1840241.0
2023-11-08,65.78292,69.59967999999999,65.63325,69.59967999999999,2999807.0
2023-11-09,69.59967999999999,70.87192999999999,69.15065,69.45,2804193.0
2023-11-10,68.70161999999999,71.32096,68.70161999999999,69.59967999999999,2712910.0
2023-11-13,69.67452,70.57258,68.62678,69.82419,1655509.0
2023-11-14,70.34806,71.24611999999999,69.45,69.97386999999999,2232941.0
2023-11-15,71.09644999999999,71.09644999999999,70.34806,70.34806,1916150.0
2023-11-16,70.19839,71.99450999999999,69.67452,71.69515,2761440.0
2023-11-17,71.84483,71.84483,69.22549000000001,69.82419,2783682.0
2023-11-20,68.32742999999999,70.49774000000001,68.32742999999999,69.82419,1841227.0
2023-11-21,70.72225999999999,71.09644999999999,69.97386999999999,71.02161,2033040.0
2023-11-22,71.47064,73.26675999999999,71.24611999999999,71.99450999999999,3857190.0
2023-11-23,72.51838000000001,72.59321000000001,69.52484,69.52484,2598925.0
2023-11-24,70.19839,71.47064,68.32742999999999,71.47064,3116690.0
2023-11-27,71.69515,71.76999,70.34806,70.49774000000001,795930.0
2023-11-28,70.49774000000001,70.57258,68.92613,70.57258,1749967.0
2023-11-29,70.94677,72.06935,70.94677,71.69515,2153977.0
2023-11-30,71.69515,72.14417999999999,70.72225999999999,70.72225999999999,1603507.0
2023-12-01,71.17129,71.39580000000001,69.74936,71.17129,1678930.0
2023-12-04,72.14417999999999,73.04224,71.62032,72.96741,3192448.0
2023-12-05,73.11708,74.23966,72.59321000000001,72.81773,2050896.0
2023-12-06,72.59321000000001,73.3416,72.3687,73.3416,1515541.0
2023-12-07,73.3416,74.08998,71.17129,72.74289,4002997.0
2023-12-08,72.3687,73.3416,71.99450999999999,73.19192,1476993.0
2023-12-11,73.49127,73.56611,72.3687,73.19192,1069184.0
2023-12-12,73.19192,73.3416,72.51838000000001,72.59321000000001,1150733.0
2023-12-13,72.81773,73.04224,71.76999,71.76999,1951494.0
2023-12-14,71.91967,72.44354,70.79709,71.09644999999999,1594064.0
2023-12-15,71.09644999999999,71.09644999999999,69.82419,69.82419,2659537.0
2023-12-18,70.34806,71.02161,69.00097,70.19839,1625255.0
2023-12-19,70.97275,71.35931,70.045,71.35931,1609460.0
2023-12-20,71.282,71.43661999999999,70.50887,70.81812,1001331.0
2023-12-21,70.74081,70.74081,69.65844,70.35425,1761486.0
2023-12-22,70.35425,70.35425,69.50381,69.96769,1422505.0
2023-12-25,70.045,71.43661999999999,69.73575,70.97275,961429.0
2023-12-26,71.282,73.29212,71.20468,72.59631,3028862.0
2023-12-27,73.06017999999999,73.29212,72.44167999999999,72.75093,1503551.0
2023-12-28,72.75093,73.75599000000001,72.28706,72.67362,1687543.0
2023-12-29,72.44167999999999,72.98286999999999,72.44167999999999,72.98286999999999,1297620.0
2024-01-02,73.13749,73.36943,72.13243,72.51899,1467820.0
2024-01-03,72.05512,72.67362,72.05512,72.67362,1530643.0
2024-01-04,72.82824000000001,76.53924,72.82824000000001,74.21987,5631449.0
2024-01-05,74.4518,74.83837,73.36943,73.83330000000001,1431421.0
2024-01-08,74.21987,74.60642999999999,72.67362,72.75093,2565470.0
2024-01-09,72.67362,73.29212,72.05512,72.59631,2337020.0
2024-01-10,72.36437,72.90556,70.74081,71.51392999999999,3883834.0
2024-01-11,71.51392999999999,71.82318,70.81812,71.51392999999999,1798110.0
2024-01-12,70.89542999999999,71.51392999999999,70.50887,70.81812,1779519.0
2024-01-15,70.81812,71.282,70.74081,70.74081,930266.0
2024-01-16,70.74081,72.28706,70.50887,72.28706,1234567.0
2024-01-17,71.9005,72.13243,70.89542999999999,70.97275,1796091.0
2024-01-18,70.97275,71.9005,70.89542999999999,71.282,1059334.0
2024-01-19,71.51392999999999,71.9005,70.97275,70.97275,1046937.0
2024-01-22,70.97275,71.12737,69.89036999999999,70.74081,1707523.0
2024-01-23,70.35425,70.74081,68.96263,69.27188000000001,3767931.0
2024-01-24,69.34919000000001,69.89036999999999,69.03994,69.03994,1460451.0
2024-01-25,68.808,68.96263,67.88025,68.03488,3368183.0
2024-01-26,67.88025,68.96263,67.88025,68.73069,1058886.0
2024-01-29,68.808,70.27694,68.808,69.50381,1409095.0
2024-01-30,69.50381,69.89036999999999,69.11725,69.89036999999999,977658.0
2024-01-31,70.12231,70.35425,68.88531,69.89036999999999,1604988.0
2024-02-01,69.73575,70.19962,69.4265,70.045,1060853.0
2024-02-02,70.43156,70.6635,69.81306,70.12231,1229089.0
2024-02-05,70.27694,70.74081,69.96769,70.19962,1003088.0
2024-02-06,70.19962,73.91062,70.045,73.91062,4808293.0
2024-02-07,74.21987,75.6888,74.06524,74.37449000000001,2755691.0
2024-02-15,74.76105,75.0703,73.60136999999999,73.75599000000001,1709683.0
2024-02-16,73.75599000000001,74.60642999999999,73.06017999999999,73.83330000000001,2552192.0
2024-02-19,74.29718,76.22999,73.60136999999999,74.68374,4082003.0
2024-02-20,74.60642999999999,76.38461,73.98792999999999,76.3073,4602357.0
2024-02-21,78.08547999999999,79.63172999999999,77.08042,78.62667,5473953.0
2024-02-22,78.62667,79.47711,77.85355,78.24011,2844274.0
2024-02-23,78.47205,79.94098,77.00311,77.31236,4437703.0
2024-02-26,78.08547999999999,82.72422999999999,77.31236,82.72422999999999,7514826.0
2024-02-27,84.65704,86.28058999999999,83.88391,86.28058999999999,4164285.0
2024-02-28,86.35791,86.89909,85.19822,85.43016,2786375.0
2024-02-29,85.50747,88.75459,84.73435,86.58984,3082256.0
2024-03-01,87.36297,89.14115,86.82178,88.13609,3000834.0
2024-03-04,89.29578,89.29578,86.35791,86.66716000000001,3932518.0
2024-03-05,86.20327999999999,89.29578,86.20327999999999,87.67222,2855986.0
2024-03-06,87.20833999999999,87.74953,84.88897,87.36297,3680762.0
2024-03-07,86.89909,93.47064,85.81672,93.47064,7352805.0
2024-03-08,94.32108,95.01689,91.22859,92.31096000000001,2385830.0
2024-03-11,92.54289999999999,94.32108,90.6874,91.22859,2795647.0
2024-03-12,91.22859,93.16139,90.99664999999999,91.92439999999999,2140434.0
2024-03-13,93.16139,98.34132000000001,92.38827,98.34132000000001,3809947.0
2024-03-14,99.65563,101.66575,98.26401,99.11444999999999,3451521.0
2024-03-15,100.0422,100.0422,97.41357,98.1867,2513245.0
2024-03-18,98.57325999999999,98.57325999999999,91.38321,91.38321,13275181.0
2024-03-19,92.69752,94.24377,90.45546,92.00171,2832711.0
2024-03-20,92.69752,95.63539,91.69246000000001,94.93958,2917499.0
2024-03-21,96.25389,96.3312,92.38827,95.0942,2795621.0
2024-03-22,95.0942,96.25389,93.77989,95.55808,2314360.0
2024-03-25,95.0942,95.55808,91.61515,92.77483000000001,2747827.0
2024-03-26,92.77483000000001,93.31602000000001,91.38321,93.31602000000001,1832591.0
2024-03-27,93.31602000000001,93.62527,92.00171,93.31602000000001,1518328.0
2024-03-28,94.24377,96.64045,93.93452,95.79002,2419853.0
2024-03-29,95.79002,96.09926,94.32108,95.40344999999999,1972728.0
2024-04-01,94.70764,95.01689,92.85215,93.00677,2404819.0
2024-04-02,92.69752,94.78495,91.61515,94.78495,2445907.0
2024-04-03,94.86227000000001,98.57325999999999,94.32108,94.63033,4323642.0
2024-04-04,94.63033,95.0942,93.54796,94.78495,1691774.0
2024-04-05,93.54796,94.70764,92.46558,92.54289999999999,2242131.0
2024-04-08,92.62021,93.08408,89.29578,89.68234,3272008.0
2024-04-09,89.68234,90.91933999999999,89.68234,90.45546,1165690.0
2024-04-10,90.91933999999999,91.53784,90.0689,91.15127000000001,1441682.0
2024-04-11,90.45546,93.16139,90.22353,92.69752,1524055.0
2024-04-12,93.16139,93.16139,91.84708,92.15633,1074816.0
2024-04-15,91.84708,94.24377,85.81672,85.89403,2991512.0
2024-04-16,83.49735000000001,88.36803,83.49735000000001,87.74953,4539581.0
2024-04-17,88.36803,88.52265,85.89403,85.89403,1554164.0
2024-04-19,84.27047,86.89909,82.72422999999999,83.49735000000001,3124868.0
2024-04-22,85.04360000000001,85.81672,83.57466000000001,85.04360000000001,2057642.0
2024-04-23,85.66210000000001,85.66210000000001,83.49735000000001,85.04360000000001,1669865.0
2024-04-24,85.35285,89.91428,85.35285,89.91428,3031914.0
2024-04-25,89.91428,89.91428,88.44534,89.75965,1541014.0
2024-04-26,88.52265,93.16139,88.52265,91.84708,3742456.0
2024-05-02,91.84708,93.54796,90.45546,92.92946,2361428.0
2024-05-03,93.54796,94.32108,91.53784,92.00171,2246552.0
2024-05-06,92.77483000000001,95.48077,92.31096000000001,94.70764,2665860.0
2024-05-07,94.86227000000001,97.10433,94.70764,94.70764,2727178.0
2024-05-08,93.54796,95.48077,93.08408,95.48077,3335119.0
2024-05-09,96.64045,101.27919,96.25389,96.48583,6911580.0
2024-05-10,96.64045,97.49089,94.93958,95.7127,2906353.0
2024-05-13,95.7127,95.79002,92.77483000000001,94.78495,3381219.0
2024-05-14,94.70764,96.3312,93.70258,96.09926,2483515.0
2024-05-15,97.10433,98.10939,95.7127,97.49089,3252103.0
2024-05-16,98.1867,99.19175999999999,97.10433,97.41357,2990017.0
2024-05-17,97.41357,98.65057,97.02700999999999,97.56819999999999,2190999.0
2024-05-20,98.8052,98.8052,96.3312,96.3312,3421999.0
2024-05-21,95.94463999999999,98.1867,95.0942,97.41357,2533041.0
2024-05-22,97.95476,98.49595,95.48077,97.33626,2837967.0
2024-05-23,97.02700999999999,99.65563,96.48583,98.65057,3353488.0
2024-05-24,98.57325999999999,101.66575,96.64045,98.1867,7243273.0
2024-05-27,97.49089,98.1867,96.02195,97.64551,2674173.0
2024-05-28,97.80014,98.95982000000001,97.02700999999999,98.10939,2318716.0
2024-05-29,98.26401,100.89263000000001,97.02700999999999,97.87745,3945064.0
2024-05-30,96.79508,97.18164,94.70764,96.64045,4172767.0
2024-05-31,96.64045,98.1867,95.79002,97.41357,2223038.0
2024-06-03,96.71776,97.80014,93.93452,96.94969999999999,6352576.0
2024-06-04,97.41357,97.41357,95.55808,95.86733,2942929.0
2024-06-05,95.86733,96.71776,94.86227000000001,95.0942,3246838.0
2024-06-06,95.55808,95.55808,93.16139,93.47064,5442269.0
2024-06-07,93.31602000000001,95.0942,93.23871000000001,94.16646,1949258.0
2024-06-10,94.16646,94.63033,93.54796,93.93452,1533872.0
2024-06-11,94.16646,95.63539,93.93452,94.32108,2777963.0
2024-06-12,94.32108,95.24883,94.08914,95.24883,1768936.0
2024-06-13,95.40344999999999,95.63539,94.39839,95.32614,1951584.0
2024-06-14,95.32614,95.55808,94.08914,94.08914,2937883.0
2024-06-17,94.08914,94.63033,93.00677,93.93452,2214569.0
2024-06-18,94.01183,100.50607000000001,93.54796,100.50607000000001,13599706.0
2024-06-19,101.66575,102.05232000000001,98.72788,99.11444999999999,3766882.0
2024-06-20,99.19175999999999,102.43888000000001,99.19175999999999,100.50607000000001,5011150.0
2024-06-21,101.04726,103.59855999999999,100.96994000000001,101.89769,4324288.0
2024-06-24,102.05232000000001,102.05232000000001,96.25389,96.3312,8905054.0
2024-06-25,96.25389,97.02700999999999,95.0942,96.40850999999999,2919467.0
2024-06-26,96.64045,96.87239,94.32108,96.64045,3670059.0
2024-06-27,96.02195,96.64045,95.17152,95.7127,1689463.0
2024-06-28,95.86733,96.09926,92.77483000000001,94.70764,3728303.0
2024-07-01,94.32108,94.78495,92.85215,94.32108,2815376.0
2024-07-02,94.32108,95.55808,93.16139,95.32614,1193417.0
2024-07-03,95.40344999999999,97.80014,95.01689,96.48583,2823319.0
2024-07-04,96.87239,97.64551,95.79002,96.64045,1751795.0
2024-07-05,97.25895,97.64551,95.79002,96.64045,1977596.0
2024-07-08,97.80014,99.96488000000001,96.56314,98.41864,3990533.0
2024-07-09,99.11444999999999,100.11950999999999,98.03207,98.95982000000001,2414796.0
2024-07-10,98.95982000000001,100.35144,96.87239,97.80014,3316378.0
2024-07-11,98.1867,98.57325999999999,96.87239,97.56819999999999,1843039.0
2024-07-12,97.02700999999999,97.80014,96.48583,97.02700999999999,1507192.0
2024-07-15,97.41357,98.65057,96.64045,96.94969999999999,1705584.0
2024-07-16,96.94969999999999,97.33626,95.7127,96.94969999999999,1674316.0
2024-07-17,96.94969999999999,97.18164,93.08408,95.7127,3790841.0
2024-07-18,94.86227000000001,95.0942,93.31602000000001,95.0942,2526478.0
2024-07-19,94.78495,95.0942,93.77989,93.77989,1382586.0
2024-07-22,93.77989,93.77989,87.51759,88.13609,6241819.0
2024-07-23,88.13609,89.06384,82.72422999999999,83.8066,5582415.0
2024-07-24,82.33766,86.89909,82.33766,85.04360000000001,3115797.0
2024-07-25,84.81166,85.81672,84.03854,85.81672,1172279.0
2024-07-26,86.12597,88.05878,85.81672,87.51759,2597853.0
2024-07-29,88.13609,88.44534,87.13103,87.36297,1097524.0
2024-07-30,87.36297,87.36297,85.04360000000001,86.89909,1724228.0
2024-07-31,87.28566000000001,87.28566000000001,85.81672,86.58984,1344949.0
2024-08-01,86.28058999999999,86.51253,81.40992,81.95110000000001,3161582.0
2024-08-02,80.32754,83.88391,78.85861,82.80153999999999,3227514.0
2024-08-05,80.40486,82.56960000000001,77.38967,78.24011,3330857.0
2024-08-06,78.85861,81.95110000000001,77.31236,81.95110000000001,2453596.0
2024-08-07,82.64691,82.64691,80.01829,81.95110000000001,1545153.0
2024-08-08,80.94604,81.48723,79.24517,80.40486,2031166.0
2024-08-09,80.94604,82.41498,80.48217,82.33766,2030597.0
2024-08-12,82.33766,85.43016,80.7141,83.96122,2480270.0
2024-08-13,84.03854,85.43016,82.80153999999999,84.27047,1519604.0
2024-08-14,84.73435,85.58478,83.11079,83.1881,1479736.0
2024-08-15,83.42004,83.42004,80.40486,82.33766,2668307.0
2024-08-16,82.49229,86.20327999999999,81.25528999999999,85.66210000000001,2957699.0
2024-08-19,86.04866,86.20327999999999,85.04360000000001,85.73941,1224116.0
2024-08-20,85.73941,86.58984,85.19822,86.58984,1867136.0
2024-08-21,86.58984,87.5949,85.89403,87.20833999999999,1668217.0
2024-08-22,87.20833999999999,87.51759,86.51253,87.36297,1255687.0
2024-08-23,87.28566000000001,87.36297,85.89403,87.28566000000001,1288873.0
2024-08-26,87.20833999999999,87.20833999999999,85.81672,85.81672,1282766.0
2024-08-27,85.66210000000001,85.66210000000001,84.19316,84.73435,1776831.0
2024-08-28,85.19822,85.35285,84.27047,85.04360000000001,1307959.0
2024-08-29,85.12091000000001,86.04866,84.50241,86.04866,1122278.0
2024-08-30,86.04866,88.90922,86.04866,87.90414999999999,4100595.0
2024-09-04,87.74953,90.6874,87.05372,89.06384,3728408.0
2024-09-05,88.29072000000001,89.52771000000001,87.36297,87.90414999999999,2021844.0
2024-09-06,87.44028,88.13609,86.51253,88.13609,1841185.0
2024-09-09,87.98147,87.98147,86.43522,87.74953,1644991.0
2024-09-10,87.44028,87.98147,86.51253,87.36297,1420720.0
2024-09-11,86.74447,87.36297,86.20327999999999,87.28566000000001,1085654.0
2024-09-12,87.36297,88.83189999999999,86.89909,87.74953,1970869.0
2024-09-13,87.82683999999999,88.05878,86.97641,87.74953,775615.0
2024-09-16,87.74953,88.75459,86.66716000000001,86.66716000000001,1806625.0
2024-09-17,86.66716000000001,87.98147,86.51253,87.98147,1191767.0
2024-09-18,88.13609,88.75459,87.74953,87.82683999999999,1672305.0
2024-09-19,88.52265,88.75459,87.44028,88.59997,1519493.0
2024-09-20,89.37308999999999,91.15127000000001,88.98653,89.14115,2982649.0
2024-09-23,88.90922,89.06384,88.2134,88.90922,1184471.0
2024-09-24,88.90922,89.29578,88.44534,89.29578,1090554.0
2024-09-25,89.45039999999999,90.14621000000001,89.21846000000001,89.29578,1338588.0
2024-09-26,89.37308999999999,90.0689,88.52265,88.98653,1716387.0
2024-09-27,89.52771000000001,89.91428,88.59997,88.90922,1588961.0
2024-09-30,88.90922,89.37308999999999,88.36803,89.29578,1081235.0
2024-10-01,89.29578,91.84708,89.29578,89.68234,3448049.0
2024-10-02,89.75965,90.0689,88.83189999999999,89.68234,1809556.0
2024-10-03,89.68234,89.75965,88.52265,88.59997,1815931.0
2024-10-04,88.59997,88.67728,87.5949,87.74953,1885628.0
2024-10-07,87.74953,88.29072000000001,87.13103,88.13609,1234069.0
2024-10-08,88.05878,88.2134,87.36297,88.05878,969909.0
2024-10-09,88.05878,89.21846000000001,87.90414999999999,88.90922,1178363.0
2024-10-10,88.98653,91.46052,88.98653,89.52771000000001,3360615.0
2024-10-11,90.0689,90.14621000000001,88.98653,89.29578,681164.0
2024-10-14,89.68234,91.07396,89.29578,89.83696,1769743.0
2024-10-15,89.83696,90.30084,89.06384,89.21846000000001,1240463.0
2024-10-16,89.21846000000001,89.45039999999999,88.05878,89.06384,1838931.0
2024-10-17,89.06384,89.06384,87.98147,88.59997,1173734.0
2024-10-18,88.59997,89.14115,88.13609,88.13609,831667.0
2024-10-21,88.2134,88.67728,87.36297,87.36297,1463452.0
2024-10-22,87.36297,87.5949,85.50747,85.89403,3527185.0
2024-10-23,86.20327999999999,86.35791,84.88897,85.81672,1626141.0
2024-10-24,86.20327999999999,87.36297,85.43016,85.43016,1694491.0
2024-10-25,85.43016,86.04866,84.34778999999999,84.34778999999999,1808185.0
2024-10-28,84.4251,85.43016,84.27047,85.43016,790337.0
2024-10-29,85.81672,86.89909,85.04360000000001,86.74447,1248013.0
2024-10-30,86.74447,87.05372,85.81672,86.12597,676163.0
2024-10-31,85.81672,86.82178,85.81672,86.82178,702227.0
2024-11-01,86.51253,86.51253,85.50747,86.12597,1084851.0
2024-11-04,86.04866,86.04866,85.04360000000001,85.43016,707848.0
2024-11-05,85.81672,85.81672,85.19822,85.35285,471773.0
2024-11-06,86.20327999999999,86.35791,85.35285,86.35791,873060.0
2024-11-07,86.74447,88.13609,86.28058999999999,86.97641,1996292.0
2024-11-08,87.05372,87.74953,86.51253,86.51253,986291.0
2024-11-11,86.58984,89.21846000000001,86.51253,89.06384,3581969.0
2024-11-12,89.37308999999999,89.45039999999999,88.2134,89.37308999999999,1745227.0
2024-11-13,89.06384,90.14621000000001,88.36803,90.14621000000001,2448294.0
2024-11-14,90.14621000000001,91.3059,88.90922,89.91428,1796970.0
2024-11-15,89.21846000000001,89.52771000000001,87.44028,87.51759,1882419.0
2024-11-18,87.51759,87.51759,85.04360000000001,87.36297,2432392.0
2024-11-19,87.75568,87.75568,84.57901,84.57901,1965605.0
2024-11-20,84.57901,85.77026,82.27592,84.26133999999999,1493498.0
2024-11-21,84.65841999999999,85.21433999999999,84.18192,84.97609,680739.0
2024-11-22,85.29375999999999,85.53201,84.10251,84.10251,939708.0
2024-11-25,83.94367,84.97609,83.94367,84.97609,851042.0
2024-11-26,85.21433999999999,85.53201,84.73783999999999,84.73783999999999,1048902.0
2024-11-27,84.73783999999999,86.16735,84.73783999999999,84.89667999999999,1092563.0
2024-11-28,84.97609,85.69084,84.89667999999999,85.53201,802695.0
2024-11-29,85.77026,87.75568,85.69084,86.96152000000001,2101095.0
2024-12-02,87.35860000000001,87.91452000000001,86.24676,87.19977,987669.0
2024-12-03,87.04092999999999,87.27918,86.48500999999999,87.27918,847793.0
2024-12-04,87.12035,87.19977,85.69084,85.69084,1335172.0
2024-12-05,85.69084,87.35860000000001,84.57901,87.35860000000001,1605486.0
2024-12-06,87.75568,92.83837,87.51742999999999,91.48828,6354197.0
2024-12-09,91.72653,92.60011999999999,91.40886,92.12361,1898859.0
2024-12-10,92.0442,92.52069999999999,90.53528,92.28245,1615767.0
2024-12-11,92.28245,93.31487,92.12361,92.52069999999999,2508651.0
2024-12-12,92.52069999999999,92.60011999999999,91.5677,92.44127999999999,1462854.0
2024-12-13,91.80595,92.0442,90.85294,91.25003,1458143.0
2024-12-16,91.32945,92.12361,90.93236,91.72653,855120.0
2024-12-17,91.72653,92.12361,91.25003,92.12361,1141528.0
2024-12-18,92.52069999999999,92.52069999999999,91.72653,92.28245,1014177.0
2024-12-19,90.77353,93.55311999999999,90.69411,92.12361,2562004.0
2024-12-20,92.12361,92.36187,91.5677,91.64711,1270235.0
2024-12-23,92.12361,93.15603,91.72653,92.52069999999999,1889412.0
2024-12-24,92.60011999999999,94.10904,92.52069999999999,94.10904,3858315.0
2024-12-25,94.50612,94.66496000000001,92.12361,94.50612,2128006.0
2024-12-26,94.50612,94.50612,93.39428,93.39428,918374.0
2024-12-27,93.39428,93.79137,92.44127999999999,92.91778,1689315.0
2024-12-30,92.52069999999999,92.83837,92.20303,92.20303,935261.0
2024-12-31,92.28245,93.07661999999999,92.20303,92.60011999999999,1268795.0
2025-01-02,92.60011999999999,93.15603,92.44127999999999,92.60011999999999,778849.0
2025-01-03,92.52069999999999,93.15603,91.72653,91.72653,1781462.0
2025-01-06,91.40886,92.12361,89.02635000000001,89.34402,2607865.0
2025-01-07,89.34402,89.97936,89.02635000000001,89.18519,1041575.0
2025-01-08,89.18519,89.89994,89.18519,89.26461,518118.0
2025-01-09,89.82052,89.82052,89.10577,89.10577,587761.0
2025-01-10,89.18519,89.34402,87.35860000000001,87.35860000000001,1583868.0
2025-01-13,87.35860000000001,87.75568,86.16735,87.75568,1177051.0
2025-01-14,87.75568,87.75568,86.4056,86.48500999999999,685813.0
2025-01-15,86.64385,87.19977,86.4056,86.80268,773222.0
2025-01-16,87.27918,87.91452000000001,86.64385,87.19977,1085214.0
2025-01-17,87.19977,87.35860000000001,86.56442999999999,87.19977,786626.0
2025-01-20,87.35860000000001,87.83510000000001,87.12035,87.27918,765494.0
2025-01-21,87.04092999999999,87.51742999999999,86.48500999999999,86.56442999999999,966206.0
2025-01-22,86.56442999999999,87.59685,86.56442999999999,86.56442999999999,838966.0
2025-01-23,87.43802000000001,88.15277,86.80268,88.15277,1184092.0
2025-01-24,88.15277,88.70869,87.51742999999999,88.47044,1038817.0
2025-02-03,88.47044,88.47044,87.27918,87.67627,669012.0
2025-02-04,87.99394000000001,88.86752,87.67627,88.54985,1077742.0
2025-02-05,88.7881,88.86752,87.75568,88.70869,1254214.0
2025-02-06,88.70869,88.86752,87.83510000000001,88.47044,1226987.0
2025-02-07,88.47044,88.54985,87.51742999999999,88.23219,1246068.0
2025-02-10,87.75568,87.75568,85.45259,85.45259,2291242.0
2025-02-11,85.45259,86.4056,84.42017,86.16735,1406751.0
2025-02-12,86.56442999999999,86.96152000000001,85.37317999999999,86.08793,942603.0
2025-02-13,85.69084,86.16735,85.29375999999999,86.16735,996151.0
2025-02-14,86.4056,86.96152000000001,85.45259,85.77026,1255296.0
2025-02-17,85.77026,86.00851,84.57901,84.65841999999999,1740019.0
2025-02-18,84.89667999999999,85.37317999999999,84.65841999999999,85.37317999999999,916576.0
2025-02-19,85.77026,85.77026,84.97609,85.77026,1119039.0
2025-02-20,86.00851,89.10577,85.84967999999999,87.59685,2534105.0
2025-02-21,87.67627,88.07335,86.64385,86.96152000000001,911025.0
2025-02-24,86.88210000000001,86.96152000000001,85.77026,86.96152000000001,1280046.0
2025-02-25,87.19977,87.67627,86.4056,87.12035,1146352.0
2025-02-26,87.35860000000001,88.15277,86.96152000000001,87.35860000000001,1179936.0
2025-02-27,87.35860000000001,88.54985,87.12035,87.99394000000001,1744070.0
2025-02-28,88.15277,89.58227000000001,87.99394000000001,88.54985,2522590.0
2025-03-03,89.34402,91.80595,88.54985,89.97936,3334179.0
2025-03-04,90.13819000000001,90.13819000000001,88.54985,88.94694,1489245.0
2025-03-05,89.26461,89.42344,87.27918,87.35860000000001,2389670.0
2025-03-06,87.75568,88.47044,86.80268,88.23219,2066059.0
2025-03-07,88.86752,88.86752,87.83510000000001,88.31160000000001,1415962.0
2025-03-10,88.31160000000001,88.70869,87.67627,87.75568,1635407.0
2025-03-11,87.12035,87.27918,86.48500999999999,86.64385,2039917.0
2025-03-12,87.19977,87.35860000000001,86.56442999999999,87.35860000000001,1234998.0
2025-03-13,87.59685,87.67627,86.48500999999999,86.48500999999999,1670313.0
2025-03-14,86.48500999999999,86.48500999999999,84.81725999999999,84.97609,2585299.0
2025-03-17,85.29375999999999,85.77026,84.73783999999999,84.97609,1569693.0
2025-03-18,85.37317999999999,85.9291,85.05551,85.21433999999999,655124.0
2025-03-19,85.21433999999999,86.24676,84.42017,85.69084,1708368.0
2025-03-20,85.77026,85.77026,83.46717,84.49959,2134914.0
2025-03-21,84.81725999999999,84.81725999999999,82.83184,83.30834,1606955.0
2025-03-24,83.38775,84.81725999999999,82.03766999999999,82.59358999999999,2102413.0
2025-03-25,82.59358999999999,83.30834,82.59358999999999,82.75242,1032881.0
2025-03-26,82.75242,83.70542,82.27592,82.99067,1034375.0
2025-03-27,82.91125,83.70542,82.43475,83.46717,653899.0
2025-03-28,83.46717,83.46717,81.40233,81.72,1548435.0
2025-03-31,80.68758,81.08466,76.87557000000001,79.09924000000001,3981768.0
2025-04-01,79.17866000000001,79.57574000000001,77.11382,77.9874,2456136.0
2025-04-02,77.82857000000001,77.82857000000001,76.39907000000001,77.11382,1903302.0
2025-04-03,73.85772999999999,73.85772999999999,71.79289,71.79289,3012251.0
2025-04-04,66.78962,68.06029,66.78962,67.10728999999999,6893472.0
2025-04-08,62.81878,66.7102,62.421690000000005,62.421690000000005,2265649.0
2025-04-09,58.053760000000004,61.945190000000004,58.053760000000004,58.053760000000004,5864382.0
2025-04-10,62.10402,62.10402,62.10402,62.10402,134505.0
2025-04-11,66.39254,66.39254,63.61294,66.39254,2995009.0
2025-04-14,70.99872,70.99872,69.09271000000001,70.99872,3861018.0
2025-04-15,71.47522000000001,72.90472,69.17213000000001,71.07813,3520276.0
2025-04-16,70.28396000000001,70.9193,69.25153999999999,69.56921000000001,2568601.0
2025-04-17,67.98087,69.33096,67.98087,69.25153999999999,1119528.0
2025-04-18,70.04571,70.36338,68.93388,70.28396000000001,1872765.0
2025-04-21,70.36338,70.52222,68.77503999999999,69.17213000000001,879861.0
2025-04-22,69.56921000000001,71.39580000000001,64.72478,70.04571,3380728.0
2025-04-23,70.83988000000001,73.46064,70.52222,72.11055,2055003.0
2025-04-24,72.66647,73.46064,71.95172,72.74589,1131393.0
2025-04-25,72.98414,73.06356,71.23697,72.42822,1178574.0
2025-04-28,71.95172,72.66647,71.39580000000001,72.66647,771239.0
2025-04-29,72.42822,73.77831,72.03114,72.26939,982232.0
2025-05-05,73.46064,74.65189,72.11055,74.49306,1787717.0
2025-05-06,75.04898,75.20781,73.85772999999999,74.09598,959841.0
2025-05-07,74.09598,74.65189,72.90472,73.14297,1202745.0
2025-05-08,73.06356,73.69889,72.42822,73.22239,1384402.0
2025-05-09,73.77831,73.77831,72.66647,72.82531,894356.0
2025-05-12,73.38122,73.38122,72.42822,72.90472,1238437.0
2025-05-13,72.98414,73.85772999999999,72.42822,72.74589,3829138.0
2025-05-14,72.58705,74.65189,72.58705,74.49306,3426328.0
2025-05-15,74.96956,75.04898,73.54006,74.25480999999999,1495465.0
2025-05-16,74.25480999999999,74.25480999999999,72.74589,72.98414,1685770.0
2025-05-19,72.3488,72.3488,70.99872,71.07813,2720230.0
2025-05-20,71.07813,71.47522000000001,70.4428,71.39580000000001,1797536.0
2025-05-21,71.47522000000001,71.63405,70.4428,70.52222,1360361.0
2025-05-22,70.60163,70.68105,69.9663,70.52222,1572781.0
2025-05-23,70.20455,70.52222,69.72805,69.72805,1302037.0
2025-05-26,69.4898,71.47522000000001,69.33096,71.47522000000001,1658175.0
2025-05-27,71.79289,73.46064,71.23697,72.90472,1858680.0
2025-05-28,73.85772999999999,73.85772999999999,71.71347,72.03114,1450273.0
2025-05-29,72.03114,72.50764,71.07813,71.07813,1166183.0
2025-05-30,71.47522000000001,71.47522000000001,69.88688,71.39580000000001,1724007.0
2025-06-02,70.68105,70.9193,69.88688,70.76047,659296.0
2025-06-03,71.39580000000001,72.26939,70.76047,71.87230000000001,1426268.0
2025-06-04,72.3488,72.98414,71.47522000000001,71.55464,1171038.0
2025-06-05,71.63405,72.82531,71.23697,71.95172,1628180.0
2025-06-06,71.95172,71.95172,70.76047,71.31638000000001,1146794.0
2025-06-09,71.31638000000001,71.31638000000001,69.9663,69.9663,1106154.0
2025-06-10,70.04571,73.22239,70.04571,72.50764,2824364.0
2025-06-11,72.50764,75.84315,72.11055,73.61947,3659547.0
2025-06-12,73.69889,74.25480999999999,73.38122,73.77831,1356140.0
2025-06-13,72.98414,75.44606,72.26939,73.61947,3256286.0
2025-06-16,73.93714,77.82857000000001,73.93714,77.82857000000001,4962123.0
2025-06-17,78.54332000000001,78.62274000000001,76.79615,78.38449,2376573.0
2025-06-18,78.30507,78.62274000000001,76.79615,77.35207000000001,2244721.0
2025-06-19,77.43149000000001,78.46391,76.47847999999999,77.35207000000001,1733389.0
2025-06-20,77.19324,77.19324,76.24023,76.87557000000001,1814443.0
2025-06-23,76.24023,77.35207000000001,75.44606,76.55789999999999,1144934.0
2025-06-24,77.03439999999999,77.11382,76.24023,76.63732,2238549.0
2025-06-25,76.95497999999999,77.82857000000001,76.47847999999999,77.19324,2036533.0
2025-06-26,77.27265,77.66974,76.63732,76.79615,1020656.0
2025-06-27,76.71673,79.01982000000001,76.47847999999999,78.54332000000001,3240246.0
2025-06-30,79.89341,81.40233,79.73458000000001,80.767,2883264.0
2025-07-01,81.16408,81.16408,79.01982000000001,80.13166,2445508.0
2025-07-02,80.13166,81.00525,79.17866000000001,80.84641,1845098.0
2025-07-03,79.89341,82.75242,79.81399,81.79942,3446851.0
2025-07-04,81.72,82.11708,80.767,81.00525,1407424.0
2025-07-07,81.48175,81.56117,79.81399,81.16408,2416020.0
2025-07-08,81.16408,81.48175,80.29049,81.48175,1913505.0
2025-07-09,81.87883000000001,83.07009,81.08466,81.08466,1986518.0
2025-07-10,80.68758,81.00525,80.21108,80.60816,2306363.0
2025-07-11,81.00525,82.673,80.68758,82.35533,4749178.0
2025-07-14,82.75242,82.75242,80.767,82.51417,1853602.0
2025-07-15,82.59358999999999,83.62601,81.32291000000001,81.32291000000001,3016292.0
2025-07-16,81.40233,81.64058,80.60816,81.00525,1726220.0
2025-07-17,83.38775,84.34075999999999,81.64058,81.87883000000001,2849169.0
2025-07-18,81.79942,82.43475,81.2435,81.48175,2096186.0
2025-07-21,81.48175,82.1965,81.08466,81.08466,1789432.0
2025-07-22,80.84641,81.64058,80.767,81.2435,1835018.0
2025-07-23,82.83184,84.18192,81.72,83.94367,5461431.0
2025-07-24,84.34075999999999,84.57901,82.83184,83.54659,1878012.0
2025-07-25,83.86426,83.86426,82.673,83.54659,1992589.0
2025-07-28,83.78484,84.97609,82.83184,83.78484,3500897.0
2025-07-29,83.78484,85.45259,80.60816,80.60816,4603222.0
2025-07-30,80.60816,82.51417,80.21108,82.51417,2337715.0
2025-07-31,82.99067,82.99067,80.60816,81.72,2088652.0
2025-08-01,81.2435,81.79942,80.68758,80.68758,1651638.0
2025-08-04,80.767,81.95825,80.68758,81.95825,1391075.0
2025-08-05,81.95825,83.70542,80.68758,82.1965,3815071.0
2025-08-06,81.87883000000001,84.65841999999999,81.79942,84.42017,4825605.0
2025-08-07,85.29375999999999,86.00851,83.86426,84.42017,2259143.0
2025-08-08,85.21433999999999,86.16735,83.78484,85.37317999999999,4255394.0
2025-08-11,84.97609,85.45259,84.34075999999999,84.42017,2412806.0
2025-08-12,84.89667999999999,88.07335,84.42017,85.69084,4832246.0
2025-08-13,85.69084,85.69084,83.46717,84.57901,3071610.0
2025-08-14,84.73783999999999,84.73783999999999,83.07009,84.10251,3343100.0
2025-08-15,84.34075999999999,84.73783999999999,81.87883000000001,82.27592,3528482.0
2025-08-18,82.27592,83.46717,81.40233,82.11708,2387381.0
2025-08-19,82.11708,82.27592,80.92583,81.16408,2855151.0
2025-08-20,81.16408,81.2435,77.82857000000001,78.62274000000001,4605429.0
2025-08-21,78.06682,78.86099,75.76373,76.79615,5254425.0
2025-08-22,76.79615,78.86099,75.52548,78.46391,3369952.0
2025-08-25,78.94041,78.94041,76.79615,77.03439999999999,1781523.0
2025-08-26,76.31965,78.62274000000001,76.31965,78.62274000000001,1536023.0
2025-08-27,78.22566,79.97283,77.11382,78.38449,2429278.0
2025-08-28,79.49633,80.21108,78.62274000000001,79.17866000000001,1579141.0
2025-08-29,79.57574000000001,79.57574000000001,77.9874,77.9874,1336853.0
2025-09-03,78.06682,78.62274000000001,77.27265,77.51089999999999,1946342.0
2025-09-04,77.51089999999999,79.01982000000001,77.35207000000001,78.86099,2214235.0
2025-09-05,79.41691,80.52875,77.74915,77.74915,2769427.0
2025-09-08,77.59032,78.30507,76.16082,76.39907000000001,2294190.0
2025-09-09,76.47847999999999,76.63732,75.68431,75.92257000000001,1426206.0
2025-09-10,76.24023,76.55789999999999,75.92257000000001,76.16082,784785.0
2025-09-11,76.24023,77.03439999999999,74.65189,77.03439999999999,1713426.0
2025-09-12,77.03439999999999,77.9874,76.24023,77.43149000000001,1973817.0
2025-09-15,78.06682,79.25808,77.51089999999999,79.01982000000001,2429886.0
2025-09-16,79.33749,80.52875,79.01982000000001,79.41691,3246340.0
2025-09-17,79.41691,81.79942,79.17866000000001,79.25808,4113224.0
2025-09-18,79.57574000000001,79.65516000000001,77.9874,78.46391,1543928.0
2025-09-19,78.62274000000001,79.25808,76.79615,76.79615,2010202.0
2025-09-22,76.95497999999999,77.35207000000001,75.68431,76.24023,2089252.0
2025-09-23,76.31965,76.79615,75.84315,76.24023,982642.0
2025-09-24,76.31965,77.03439999999999,75.44606,77.03439999999999,913192.0
2025-09-25,76.71673,76.95497999999999,76.24023,76.63732,1001743.0
2025-09-26,76.63732,76.63732,75.76373,75.76373,961209.0
2025-09-29,75.52548,75.6049,74.65189,74.65189,1607957.0
2025-09-30,74.65189,74.65189,72.42822,72.90472,1792482.0
2025-10-01,72.90472,73.85772999999999,72.90472,73.22239,790880.0
2025-10-02,73.22239,73.77831,72.90472,72.90472,698220.0
2025-10-03,72.90472,73.46064,72.58705,72.66647,1065491.0
2025-10-06,74.25480999999999,74.25480999999999,73.14297,73.69889,1184528.0
2025-10-07,73.69889,74.09598,73.61947,73.85772999999999,672435.0
2025-10-08,74.33422999999999,75.04898,73.14297,74.96956,1165986.0
2025-10-09,74.96956,75.04898,73.93714,74.25480999999999,944225.0
2025-10-10,74.81072999999999,74.96956,74.25480999999999,74.89014999999999,1441651.0
2025-10-13,73.85772999999999,76.55789999999999,73.85772999999999,76.16082,2004055.0
2025-10-14,76.95497999999999,77.59032,76.24023,76.39907000000001,2279483.0
2025-10-15,77.03439999999999,77.11382,75.1284,75.44606,1186858.0
2025-10-16,75.44606,75.6049,74.65189,75.44606,1412959.0
2025-10-17,75.84315,75.84315,74.01656,74.01656,1039744.0
2025-10-20,73.54006,74.89014999999999,69.09271000000001,69.09271000000001,2043753.0
2025-10-21,70.68105,72.3488,69.80746,70.83988000000001,2275880.0
2025-10-22,70.83988000000001,74.65189,70.83988000000001,72.26939,2386894.0
2025-10-23,72.74589,73.22239,71.47522000000001,72.26939,1264412.0
2025-10-24,72.26939,73.69889,71.95172,73.38122,1812665.0
2025-10-27,73.85772999999999,75.04898,73.46064,73.77831,1470346.0
2025-10-28,73.46064,75.52548,73.46064,74.65189,1609665.0
2025-10-29,74.65189,75.44606,74.09598,74.96956,1212164.0
2025-10-30,75.04898,75.68431,74.01656,74.33422999999999,1744231.0
2025-10-31,74.41364,76.95497999999999,74.33422999999999,76.24023,3382376.0
2025-11-03,76.71673,77.35207000000001,75.84315,75.84315,2227628.0
2025-11-04,75.52548,75.68431,72.26939,75.1284,2788188.0
2025-11-05,74.25480999999999,75.44606,74.17539,75.44606,1013048.0
2025-11-06,75.44606,76.63732,74.89014999999999,75.44606,1048884.0
2025-11-07,74.96956,75.44606,73.61947,73.93714,1256189.0
2025-11-10,74.49306,74.57248,72.66647,72.66647,1465134.0
2025-11-11,72.74589,73.69889,72.26939,72.90472,1290902.0
2025-11-12,73.06356,74.41364,72.90472,74.25480999999999,1103586.0
2025-11-13,74.89014999999999,79.41691,74.81072999999999,79.41691,8054113.0
2025-11-14,79.73458000000001,81.79942,77.82857000000001,78.94041,3808749.0
2025-11-17,78.94041,80.60816,77.82857000000001,78.62274000000001,3029648.0
2025-11-18,78.78157,78.78157,77.43149000000001,78.46391,3422070.0
2025-11-19,78.46391,79.57574000000001,76.55789999999999,76.71673,4654194.0
2025-11-20,77.27265,77.43149000000001,76.24023,77.19324,1563730.0
2025-11-21,76.55789999999999,76.87557000000001,75.52548,76.87557000000001,1844489.0
2025-11-24,76.87557000000001,77.35207000000001,76.08139999999999,76.24023,1209041.0
2025-11-25,76.08139999999999,76.63732,74.41364,74.65189,2650461.0
2025-11-26,74.65189,76.08139999999999,74.49306,76.08139999999999,1435187.0
2025-11-27,76.16082,76.24023,75.28723,75.44606,883538.0
2025-11-28,75.44606,75.92257000000001,74.81072999999999,74.89014999999999,986253.0
2025-12-01,75.28723,75.92257000000001,74.73131,75.44606,941793.0
2025-12-02,75.44606,76.87557000000001,74.81072999999999,76.87557000000001,2031443.0
2025-12-03,77.27265,77.9874,76.47847999999999,77.03439999999999,1700201.0
2025-12-04,76.95497999999999,77.82857000000001,76.63732,77.03439999999999,1794516.0
2025-12-05,77.27265,77.74915,75.44606,75.44606,1469299.0
2025-12-08,75.44606,75.84315,74.49306,74.65189,1523813.0
2025-12-09,75.36664999999999,75.68431,74.41364,75.36664999999999,1926562.0
2025-12-10,75.84315,76.16082,75.44606,75.44606,893931.0
2025-12-11,76.16082,76.16082,74.96956,75.1284,824198.0
2025-12-12,75.20781,75.20781,72.98414,73.06356,2500632.0
2025-12-15,73.14297,73.85772999999999,73.14297,73.85772999999999,903675.0
2025-12-16,70.68105,73.06356,68.69563000000001,68.69563000000001,18575630.0
2025-12-17,63.93061,63.93061,63.93061,63.93061,3940163.0
2025-12-18,59.48326,59.48326,59.48326,59.48326,1040047.0
2025-12-19,55.35359,63.53353,55.35359,55.75067,36763181.0
2025-12-22,55.59184,59.40385,55.51242,59.24501,6038104.0
2025-12-23,60.03918,62.34227,56.38601,56.86251,13412066.0
2025-12-24,57.1941,57.1941,53.46405,53.8785,9758024.0
2025-12-25,52.63515,55.536300000000004,52.63515,53.54694,5444548.0
2025-12-26,53.0496,53.0496,49.81689,50.48001,10121929.0
2025-12-29,49.734,52.63515,48.241980000000005,50.5629,6348695.0
2025-12-30,51.55758,54.04428,51.06024,54.04428,7237123.0
2025-12-31,55.536300000000004,57.02832,54.79029,56.779650000000004,11132279.0
2026-01-05,56.86254,56.94543,53.8785,54.29295,6505134.0
2026-01-06,54.04428,54.95607,51.97203,52.220699999999994,5489950.0
2026-01-07,52.386480000000006,54.29295,52.386480000000006,53.13249,3215762.0
2026-01-08,53.8785,53.8785,51.97203,52.054919999999996,5249850.0
2026-01-09,52.137809999999995,52.88382,51.88914,51.97203,4041740.0
2026-01-12,52.96671,53.298269999999995,51.88914,52.80093,4056326.0
2026-01-13,53.0496,53.298269999999995,52.137809999999995,52.30359,4386020.0
2026-01-14,52.30359,53.712720000000004,52.137809999999995,52.96671,4905943.0
2026-01-15,53.298269999999995,56.282309999999995,52.88382,55.78497,6987559.0
2026-01-16,56.365199999999994,56.44808999999999,54.7074,54.7074,4197285.0
2026-01-19,54.7074,55.37052,53.96139,53.96139,3362871.0
2026-01-20,54.12717,54.7074,53.298269999999995,53.46405,3031728.0
2026-01-21,53.298269999999995,57.1941,53.0496,57.1941,10770184.0
2026-01-22,59.18346,61.17282,58.18878,61.17282,9120143.0
2026-01-23,62.9964,64.57131,59.266349999999996,61.25571,8680913.0
2026-01-26,61.17282,61.17282,57.02832,57.02832,7202479.0
2026-01-27,55.536300000000004,57.02832,54.79029,55.95075,4928922.0
2026-01-28,56.11653,57.52566,55.536300000000004,56.44808999999999,3017454.0
2026-01-29,56.696760000000005,56.86254,54.79029,56.199419999999996,2650868.0
2026-01-30,57.1941,58.8519,56.53098000000001,56.86254,3471504.0
2026-02-02,57.1941,57.35988,55.20474,55.78497,3467140.0
2026-02-03,55.78497,56.696760000000005,55.78497,56.282309999999995,2885394.0
2026-02-04,56.365199999999994,58.18878,56.11653,56.94543,3248154.0
2026-02-05,57.1941,57.442769999999996,55.95075,56.11653,1783039.0
2026-02-06,55.536300000000004,55.70208,54.04428,54.12717,4576922.0
2026-02-09,54.54162,55.86786,54.45873,55.70208,1667454.0
2026-02-10,55.78497,57.11121,55.536300000000004,56.365199999999994,2670675.0
2026-02-11,56.365199999999994,56.94543,56.365199999999994,56.779650000000004,2009569.0
2026-02-12,56.44808999999999,56.94543,56.03364,56.199419999999996,1143119.0
2026-02-13,56.282309999999995,57.02832,55.78497,56.696760000000005,1519842.0
2026-02-23,57.27699,60.09525,57.02832,58.18878,4078833.0
2026-02-24,58.023,62.250389999999996,58.023,62.250389999999996,10895562.0
2026-02-25,63.493739999999995,63.74241000000001,60.924150000000004,62.9964,7145109.0
2026-02-26,62.9964,62.9964,60.924150000000004,61.00704,3496823.0
2026-02-27,60.75837,61.75305,59.680800000000005,61.17282,3400319.0
2026-03-02,60.509699999999995,63.65951999999999,59.597910000000006,62.41617,9231906.0
2026-03-03,63.74241000000001,63.74241000000001,61.00704,61.17282,4313492.0
2026-03-04,60.924150000000004,61.25571,58.10589,58.76901,6245021.0
2026-03-05,59.92947,60.592589999999994,58.8519,58.8519,2678583.0
2026-03-06,58.93479,62.66484,58.93479,60.592589999999994,5750687.0
2026-03-09,62.9964,63.991080000000004,58.023,58.8519,10255271.0
2026-03-10,62.00172,62.91351,60.67548,62.91351,10798176.0
2026-03-11,64.15686,66.06333000000001,62.9964,64.40553,6479064.0
2026-03-12,63.825300000000006,67.9698,63.16218,67.05801,9851166.0
2026-03-13,66.64356,67.72113,63.410849999999996,64.15686,8652335.0
2026-03-16,63.410849999999996,64.40553,59.84658,61.25571,9675336.0
2026-03-17,61.91883,62.58195,57.02832,57.02832,7750152.0
2026-03-18,53.0496,53.0496,53.0496,53.0496,657709.0
2026-03-19,49.402440000000006,49.402440000000006,49.402440000000006,49.402440000000006,1388403.0
2026-03-20,46.003949999999996,48.0762,46.003949999999996,46.003949999999996,35038222.0
2026-03-23,45.009269999999994,47.66175,42.85413,42.85413,7162188.0
2026-03-24,43.9317,44.34615,42.85413,43.51725,7078353.0
2026-03-25,43.51725,46.16973,43.51725,45.340830000000004,4348698.0
2026-03-26,45.5895,45.5895,42.85413,43.35147,5051274.0
2026-03-27,43.68303,43.68303,42.77124,42.93702,5876182.0
2026-03-30,42.19101,42.273900000000005,39.99442,40.698989999999995,6940464.0
2026-03-31,41.030550000000005,42.68835,41.030550000000005,41.61078,2515240.0
2026-04-01,41.942339999999994,42.60546,41.61078,41.859449999999995,2864301.0
2026-04-02,41.776559999999996,44.7606,41.113440000000004,44.7606,4411208.0
2026-04-03,47.164410000000004,47.57886,45.5895,46.83285,8404430.0
2026-04-06,46.66707,46.66707,43.9317,43.9317,3465008.0
2026-04-07,44.18037,44.926379999999995,43.51725,44.926379999999995,1797750.0
2026-04-08,45.5895,46.66707,45.42372,46.16973,3404990.0
2026-04-09,46.16973,46.25262,43.84881,44.01459,6924940.0
2026-04-10,43.51725,45.50661,42.85413,44.7606,3826759.0
2026-04-13,44.01459,45.92106,44.01459,45.009269999999994,2210610.0
2026-04-14,45.257940000000005,47.49597,44.7606,46.66707,4544900.0
2026-04-15,46.74996,46.99863,45.257940000000005,45.257940000000005,2350505.0
2026-04-16,45.257940000000005,45.5895,44.7606,45.50661,1680666.0
2026-04-17,45.5895,46.33551,44.926379999999995,45.175050000000006,2647350.0
2026-04-20,44.59482,45.175050000000006,43.51725,44.01459,3430738.0
2026-04-21,44.01459,45.09216000000001,43.51725,44.18037,1963999.0
2026-04-22,44.42904,46.83285,44.42904,45.42372,4254023.0
2026-04-23,45.42372,45.42372,44.01459,44.34615,2163760.0
2026-04-24,44.42904,44.42904,43.600139999999996,44.18037,1899857.0
2026-04-28,44.18037,44.34615,43.26858,43.35147,2277778.0
2026-04-29,43.51725,44.7606,43.51725,44.42904,1362791.0
2026-05-04,44.51193,45.42372,44.18037,44.26326,1034830.0
2026-05-05,44.01459,44.18037,43.600139999999996,43.9317,1567578.0
2026-05-06,44.097480000000004,46.58418,43.76592,46.25262,5777750.0
2026-05-07,45.42372,46.25262,44.67771,44.67771,3655126.0
2026-05-08,44.01459,45.009269999999994,43.26858,43.26858,4593283.0
2026-05-11,43.68303,43.68303,40.2431,40.28454,8976958.0
2026-05-12,40.28454,41.61078,39.12408,39.70431,5496442.0
2026-05-13,40.74044,41.36211,40.20165,41.030550000000005,1812034.0
2026-05-14,41.445,42.52257,41.15488,42.10812,2008785.0
2026-05-15,42.356790000000004,42.68835,41.445,42.68835,1520912.0
2026-05-18,42.273900000000005,43.01991,41.942339999999994,42.77124,1478608.0
2026-05-19,42.77124,42.93702,41.27922,41.36211,2755890.0
2026-05-20,41.69367,41.942339999999994,38.9583,40.45032,5152004.0
2026-05-21,40.49176,40.65754,39.62142,39.7872,1722107.0
2026-05-22,39.82864,41.030550000000005,39.82864,40.20165,1460205.0
2026-05-25,40.28454,40.781879999999994,39.91153,40.20165,1158420.0
2026-05-26,40.20165,40.28454,39.70431,39.70431,967400.0
2026-05-27,39.37275,39.74575,39.37275,39.579980000000006,997100.0
2026-05-28,39.7872,39.7872,39.45564,39.45564,1427700.0
2026-05-29,39.45564,39.45564,38.54385,38.54385,1951300.0
2026-06-01,38.08796,38.08796,37.17616,37.17616,1978600.0
2026-06-02,37.38339,38.62674,37.38339,37.88073,648900.0
2026-06-03,37.59062,38.129400000000004,37.59062,37.963620000000006,486400.0
2026-06-04,38.046510000000005,38.046510000000005,37.632059999999996,37.632059999999996,374800.0
2026-06-05,37.632059999999996,38.00506,37.632059999999996,38.00506,373600.0
2026-06-08,37.88073,37.88073,37.3005,37.46628,596400.0
2026-06-09,37.3005,37.38339,37.17616,37.21761,482000.0
2026-06-10,37.17616,37.21761,37.17616,37.17616,461300.0
2026-06-11,37.25906,37.424839999999996,37.25906,37.424839999999996,466600.0
2026-06-12,37.424839999999996,38.129400000000004,37.424839999999996,37.92217,594100.0
2026-06-15,38.00506,39.66286,38.00506,39.66286,1298400.0
2026-06-16,40.616099999999996,40.616099999999996,39.7872,40.03587,664300.0
2026-06-17,39.952980000000004,39.952980000000004,39.579980000000006,39.66286,411300.0
2026-06-18,39.62142,39.62142,39.37275,39.62142,463000.0
2026-06-19,39.579980000000006,40.11876,39.414199999999994,40.11876,499300.0
2026-06-22,42.19101,42.68835,40.90621,42.68835,2491500.0
2026-06-23,43.35147,43.84881,41.859449999999995,41.859449999999995,1515700.0
2026-06-24,41.69367,42.273900000000005,41.52789,41.776559999999996,452700.0
2026-06-25,41.52789,41.52789,40.28454,40.408879999999996,1042200.0
2026-06-26,40.20165,40.20165,39.331300000000006,39.579980000000006,931500.0
2026-06-29,39.37275,40.53321,39.37275,40.45032,421600.0
2026-06-30,40.616099999999996,40.616099999999996,39.62142,39.62142,612800.0
2026-07-01,39.62142,39.99442,39.62142,39.70431,614900.0
2026-07-02,39.70431,40.408879999999996,39.70431,40.03587,545900.0
2026-07-03,39.497080000000004,39.7872,39.497080000000004,39.53853,467900.0
2026-07-06,39.414199999999994,39.53853,38.25374,38.33662,669300.0
2026-07-07,38.37807,38.37807,37.714949999999995,38.00506,796200.0
2026-07-08,38.00506,38.585300000000004,38.00506,38.585300000000004,286700.0
2026-07-09,37.963620000000006,39.04119,37.963620000000006,38.70963,277300.0
2026-07-10,38.70963,38.87541,38.29518,38.29518,218800.0
2026-07-13,38.29518,38.29518,37.54917,37.54917,451100.0
2026-07-14,37.59062,37.797839999999994,37.46628,37.632059999999996,348100.0
2026-07-15,37.632059999999996,37.714949999999995,37.17616,37.17616,417000.0
2026-07-16,37.17616,37.25906,36.471599999999995,37.13472,584500.0
2026-07-17,37.25906,37.25906,36.59594,37.13472,173400.0
2026-07-20,37.01038,37.01038,35.6427,35.6427,762200.0
2026-07-21,35.6427,36.0986,35.6427,35.6427,550200.0
2026-07-22,35.55981,35.55981,33.570449999999994,33.570449999999994,1267800.0
2026-07-23,33.94346,33.94346,31.24953,31.45675,3864000.0
2026-07-24,30.91797,31.08375,29.88184,30.54496,1507400.0
2026-07-27,30.54496,30.54496,29.75751,29.840400000000002,820700.0
2026-07-28,29.75751,30.87652,29.716060000000002,30.46207,957900.0
2026-07-29,30.627860000000002,31.37386,30.627860000000002,31.37386,653400.0
2026-07-30,31.8712,32.36854,31.829759999999997,32.36854,764800.0
2026-07-31,32.78299,32.86588,32.3271,32.40999,735500.0
2026-08-03,32.49288,33.07311,32.49288,32.65866,593500.0
2026-08-04,32.90733,32.99022,32.74155,32.82444,336800.0
2026-08-05,32.86588,33.61189,32.86588,33.61189,709700.0
2026-08-06,33.69478,35.93282,33.69478,35.93282,575200.0
2026-08-07,37.963620000000006,37.963620000000006,36.513040000000004,36.63738,802700.0
2026-08-10,37.3005,37.3005,36.05715,36.14004,436400.0
2026-08-11,36.18148,36.67882,36.18148,36.55449,394100.0
2026-08-12,36.803160000000005,36.803160000000005,36.30582,36.30582,242100.0
2026-08-13,36.471599999999995,36.803160000000005,36.388709999999996,36.388709999999996,429100.0
2026-08-14,36.471599999999995,36.55449,35.80848,35.80848,454100.0
2026-08-17,35.6427,35.6427,33.736230000000006,34.15068,658900.0
2026-08-18,34.23357,34.97958,34.23357,34.648019999999995,324700.0
2026-08-19,34.648019999999995,34.73091,34.15068,34.19212,180700.0
2026-08-20,34.31646,34.565129999999996,34.19212,34.31646,238600.0
2026-08-21,34.48224,35.97426,34.48224,35.68414,451600.0
2026-08-24,36.886050000000004,37.01038,36.14004,36.388709999999996,482400.0
2026-08-25,36.803160000000005,37.25906,36.388709999999996,37.25906,882600.0
2026-08-26,37.714949999999995,37.714949999999995,36.63738,36.803160000000005,600600.0
2026-08-27,37.3005,37.3005,35.76703,35.80848,643200.0
2026-08-28,35.72559,35.72559,35.47692,35.6427,1417800.0
2026-09-03,35.6427,37.3005,35.103919999999995,37.21761,998700.0
2026-09-04,38.54385,39.70431,38.54385,39.04119,2136400.0
2026-09-07,39.497080000000004,39.74575,38.9583,38.9583,1631300.0
2026-09-08,38.9583,38.9583,37.797839999999994,37.83928,947700.0
2026-09-09,38.37807,38.792519999999996,38.37807,38.62674,664300.0
2026-09-10,38.70963,38.9583,38.5024,38.9583,528900.0
2026-09-11,39.331300000000006,39.331300000000006,38.75107,38.75107,1158600.0
2026-09-14,38.6,38.6,37.0,37.4,811700.0
2026-09-15,37.2,37.2,36.0,36.05,1227700.0
2026-09-16,36.1,36.2,34.85,35.0,912600.0
2026-09-17,34.8,36.35,34.8,35.3,957500.0
2026-09-18,35.5,36.0,35.5,35.95,861300.0
2026-09-21,36.35,36.35,35.35,35.35,579700.0
2026-09-22,35.35,35.8,35.35,35.8,550500.0
2026-09-23,35.8,35.8,35.35,35.45,427700.0
2026-09-24,35.45,35.45,35.2,35.3,402800.0
2026-09-25,35.65,35.95,35.25,35.95,529000.0
2026-09-28,36.65,36.85,36.2,36.55,1157900.0
2026-09-29,36.6,36.6,36.15,36.4,427400.0
2026-09-30,36.5,36.5,36.0,36.0,480600.0
2026-10-01,35.9,35.9,35.4,35.4,618500.0
2026-10-02,35.35,35.95,35.25,35.5,489600.0
