,open,high,low,close,volume
2020-05-08,5.11076,5.18791,5.01433,5.03362,669870.0
2020-05-11,5.03362,5.361479999999999,5.03362,5.27469,781690.0
2020-05-12,5.28434,5.30362,5.09148,5.18791,552350.0
2020-05-13,5.11076,5.361479999999999,5.11076,5.31327,728420.0
2020-05-14,5.27469,5.28434,5.1493400000000005,5.1493400000000005,400550.0
2020-05-15,5.18791,5.24577,5.06255,5.1493400000000005,424910.0
2020-05-18,5.13005,5.43862,5.10112,5.35184,640040.0
2020-05-19,5.45791,5.46755,5.33255,5.35184,458050.0
2020-05-20,5.3422,5.3422,5.20719,5.28434,329160.0
2020-05-21,5.30362,5.38077,5.18791,5.20719,408400.0
2020-05-22,5.20719,5.2650500000000005,5.15898,5.18791,338970.0
2020-05-25,5.20719,5.32291,5.15898,5.22648,423230.0
2020-05-26,5.24577,5.31327,5.24577,5.28434,296930.0
2020-05-27,5.30362,5.39041,5.1493400000000005,5.1493400000000005,423420.0
2020-05-28,5.13969,5.197550000000001,5.13005,5.16862,320060.0
2020-05-29,5.18791,5.22648,5.1493400000000005,5.20719,330970.0
2020-06-01,5.22648,5.2650500000000005,5.15898,5.20719,397390.0
2020-06-02,5.20719,5.22648,5.04326,5.04326,537120.0
2020-06-03,5.10112,5.39041,5.05291,5.39041,782120.0
2020-06-04,5.59291,5.76648,5.4772,5.76648,840320.0
2020-06-05,5.76648,6.075060000000001,5.76648,5.95934,903770.0
2020-06-08,5.97863,6.13292,5.91113,6.075060000000001,684950.0
2020-06-09,6.10399,6.10399,5.940060000000001,5.95934,481910.0
2020-06-10,5.95934,6.09435,5.82434,6.09435,677430.0
2020-06-11,6.075060000000001,6.36435,5.67006,5.67006,706280.0
2020-06-12,5.27469,5.63148,5.27469,5.63148,753520.0
2020-06-15,5.67006,5.6893400000000005,5.24577,5.24577,646180.0
2020-06-16,5.30362,5.5736300000000005,5.30362,5.45791,377910.0
2020-06-17,5.496479999999999,5.83399,5.4772,5.83399,682540.0
2020-06-18,5.83399,6.238989999999999,5.7954099999999995,6.238989999999999,1045410.0
2020-06-19,6.27756,6.67292,6.26792,6.67292,915150.0
2020-06-22,7.13578,7.13578,6.69221,7.13578,862730.0
2020-06-23,7.29007,7.30936,6.65364,6.9815,565790.0
2020-06-24,6.9815,7.463640000000001,6.82721,7.463640000000001,610400.0
2020-06-25,7.61793,7.98436,7.00078,7.56007,837310.0
2020-06-26,7.60829,7.60829,7.039350000000001,7.36721,562080.0
2020-06-29,6.9429300000000005,7.30936,6.85614,6.90435,676860.0
2020-06-30,7.17436,7.3865,6.9429300000000005,7.3865,803530.0
2020-07-01,7.61793,7.89758,7.5215,7.89758,510030.0
2020-07-02,8.389370000000001,8.44723,8.15794,8.40865,674620.0
2020-07-03,8.29294,8.389370000000001,8.01329,8.08079,465520.0
2020-07-06,8.02294,8.08079,7.6565,7.9650799999999995,720120.0
2020-07-07,8.19651,8.29294,7.9650799999999995,8.08079,519630.0
2020-07-08,8.00365,8.00365,7.73365,7.84936,455360.0
2020-07-09,7.81079,8.389370000000001,7.81079,8.389370000000001,758820.0
2020-07-10,8.389370000000001,8.91009,8.3508,8.74616,648910.0
2020-07-13,8.717229999999999,8.717229999999999,8.29294,8.29294,623990.0
2020-07-14,8.15794,8.67866,7.91686,8.3508,973220.0
2020-07-15,8.3508,8.63044,8.21579,8.26401,488250.0
2020-07-16,8.27365,8.37008,8.16758,8.254370000000002,374960.0
2020-07-17,8.23508,8.341149999999999,8.06151,8.19651,557960.0
2020-07-20,8.39376,8.49251,8.07776,8.09751,645110.0
2020-07-21,8.07776,8.66039,8.05801,8.66039,940560.0
2020-07-22,8.67026,8.67026,8.48264,8.55176,467840.0
2020-07-23,8.38389,8.541889999999999,8.23576,8.37401,522630.0
2020-07-24,8.27526,8.37401,7.791390000000001,7.791390000000001,1115570.0
2020-07-27,7.24826,8.09751,7.24826,7.48526,797240.0
2020-07-28,7.72226,8.00864,7.5346400000000004,8.00864,538130.0
2020-07-29,7.93951,8.018510000000001,7.60376,7.88026,878510.0
2020-07-30,7.88026,7.99876,7.80126,7.88026,465630.0
2020-07-31,7.7420100000000005,7.88026,7.6531400000000005,7.6531400000000005,608670.0
2020-08-03,7.70251,7.99876,7.6531400000000005,7.9888900000000005,558020.0
2020-08-04,8.09751,8.29501,7.8605100000000006,8.09751,493870.0
2020-08-05,8.07776,8.581389999999999,7.9592600000000004,8.46289,839000.0
2020-08-06,8.37401,8.561639999999999,8.27526,8.46289,501560.0
2020-08-07,8.49251,8.61101,8.33451,8.41351,579380.0
2020-08-10,8.41351,8.55176,8.41351,8.41351,527330.0
2020-08-11,8.39376,8.51226,8.38389,8.44314,579590.0
2020-08-12,8.49251,8.49251,8.26539,8.33451,404540.0
2020-08-13,8.39376,8.46289,8.31476,8.39376,359060.0
2020-08-14,8.43326,8.44314,8.21601,8.39376,538760.0
2020-08-17,8.39376,8.39376,8.20614,8.27526,277260.0
2020-08-18,8.35426,8.42339,8.28514,8.42339,361020.0
2020-08-19,8.43326,9.00601,8.43326,9.00601,1240760.0
2020-08-20,9.18376,9.430639999999999,9.035639999999999,9.11464,793800.0
2020-08-21,9.18376,9.272639999999999,9.06526,9.06526,351090.0
2020-08-24,9.272639999999999,9.69726,9.06526,9.69726,1076550.0
2020-08-25,9.65776,9.91451,9.598510000000001,9.67751,520670.0
2020-08-26,9.67751,10.07251,9.489889999999999,9.707139999999999,495120.0
2020-08-27,9.73676,9.73676,9.489889999999999,9.667639999999999,546570.0
2020-08-28,9.667639999999999,9.77626,9.42076,9.44051,488310.0
2020-08-31,9.44051,9.48001,8.98626,9.04551,1022980.0
2020-09-01,9.04551,9.67751,9.04551,9.67751,704330.0
2020-09-03,9.75651,9.85526,9.48001,9.667639999999999,466290.0
2020-09-04,9.44051,9.60839,9.36151,9.60839,442970.0
2020-09-07,9.60839,9.67751,9.381260000000001,9.41089,367870.0
2020-09-08,9.42076,9.67751,9.381260000000001,9.667639999999999,407560.0
2020-09-09,9.598510000000001,10.28976,9.53926,10.23051,861820.0
2020-09-10,10.270010000000001,10.32926,10.11201,10.15151,362970.0
2020-09-11,10.11201,10.566270000000001,10.11201,10.38851,575950.0
2020-09-14,10.38851,10.52677,10.36876,10.46752,534640.0
2020-09-15,10.46752,10.86252,10.42802,10.68477,634680.0
2020-09-16,10.783520000000001,10.82302,10.32926,10.34901,826460.0
2020-09-17,10.32926,10.66502,10.28976,10.44777,313210.0
2020-09-18,10.44777,10.66502,10.38851,10.46752,250130.0
2020-09-21,10.46752,10.74402,10.38851,10.66502,503330.0
2020-09-22,10.586020000000001,10.84277,10.566270000000001,10.72427,358880.0
2020-09-23,10.803270000000001,10.803270000000001,10.546520000000001,10.566270000000001,343200.0
2020-09-24,10.46752,10.60577,10.42802,10.44777,385640.0
2020-09-25,10.42802,10.546520000000001,10.17126,10.50702,434110.0
2020-09-28,10.50702,11.09952,10.46752,11.000770000000001,588180.0
2020-09-29,11.000770000000001,11.000770000000001,10.68477,10.68477,429370.0
2020-09-30,10.64527,10.803270000000001,10.52677,10.763770000000001,271020.0
2020-10-01,10.82302,10.92177,10.64527,10.763770000000001,333610.0
2020-10-02,10.86252,10.86252,10.46752,10.64527,349120.0
2020-10-05,10.62552,10.74402,10.52677,10.64527,399220.0
2020-10-06,10.64527,10.72427,10.566270000000001,10.62552,223120.0
2020-10-07,10.62552,10.981020000000001,10.566270000000001,10.84277,588680.0
2020-10-08,10.84277,10.86252,10.66502,10.84277,329040.0
2020-10-09,10.783520000000001,10.84277,10.70452,10.783520000000001,358270.0
2020-10-12,10.82302,10.86252,10.546520000000001,10.546520000000001,316780.0
2020-10-13,10.66502,10.74402,10.44777,10.44777,420790.0
2020-10-14,10.44777,10.566270000000001,10.15151,10.30951,347990.0
2020-10-15,10.44777,10.72427,10.32926,10.44777,287480.0
2020-10-16,10.46752,10.90202,10.36876,10.566270000000001,422850.0
2020-10-19,10.763770000000001,10.763770000000001,10.46752,10.566270000000001,250680.0
2020-10-20,10.566270000000001,10.566270000000001,10.46752,10.46752,292140.0
2020-10-21,10.50702,10.566270000000001,10.23051,10.270010000000001,309530.0
2020-10-22,10.25026,10.36876,10.19101,10.32926,257630.0
2020-10-23,10.36876,10.566270000000001,10.32926,10.42802,186340.0
2020-10-26,10.46752,10.46752,10.19101,10.19101,350150.0
2020-10-27,10.23051,10.25026,10.13176,10.21076,216040.0
2020-10-28,10.21076,10.36876,10.13176,10.19101,296590.0
2020-10-29,10.19101,10.74402,10.17126,10.66502,922310.0
2020-10-30,10.763770000000001,10.783520000000001,10.46752,10.546520000000001,219130.0
2020-11-02,10.566270000000001,10.72427,10.52677,10.70452,325150.0
2020-11-03,10.70452,11.435270000000001,10.70452,11.435270000000001,1122780.0
2020-11-04,11.51427,12.04752,11.49452,11.94877,538810.0
2020-11-05,11.94877,12.106770000000001,11.63277,11.692020000000001,357600.0
2020-11-06,11.672270000000001,12.50177,11.65252,12.48202,771830.0
2020-11-09,12.73877,13.19302,12.73877,12.99552,539280.0
2020-11-10,13.21277,13.52877,12.89677,13.43002,528580.0
2020-11-11,13.39052,13.43002,12.89677,12.93627,442620.0
2020-11-12,12.89677,13.82502,12.817770000000001,13.726270000000001,552440.0
2020-11-13,13.923770000000001,14.20027,13.33127,13.33127,376990.0
2020-11-16,13.43002,13.62752,12.85727,12.85727,522050.0
2020-11-17,13.035020000000001,13.52877,12.93627,13.19302,469410.0
2020-11-18,13.13377,13.33127,12.97577,12.99552,299250.0
2020-11-19,13.035020000000001,13.232520000000001,12.95602,13.17327,280500.0
2020-11-20,13.252270000000001,14.00277,13.11402,14.00277,767950.0
2020-11-23,14.02252,14.97052,14.02252,14.97052,490240.0
2020-11-24,15.01002,15.30627,14.49652,14.812520000000001,503200.0
2020-11-25,14.812520000000001,15.30627,14.51627,15.20752,474150.0
2020-11-26,15.20752,15.60252,14.97052,15.42477,340660.0
2020-11-27,15.42477,15.68152,15.20752,15.34577,327760.0
2020-11-30,15.34577,15.34577,15.18777,15.20752,272860.0
2020-12-01,15.01002,15.36552,14.91127,15.266770000000001,302860.0
2020-12-02,15.266770000000001,15.286520000000001,14.55577,14.575520000000001,680020.0
2020-12-03,14.65452,15.10877,14.615020000000001,14.93102,253220.0
2020-12-04,15.10877,15.10877,14.65452,14.65452,289420.0
2020-12-07,14.65452,15.16802,14.65452,14.93102,351340.0
2020-12-08,15.01002,15.40502,15.01002,15.32602,456910.0
2020-12-09,15.40502,15.40502,15.08902,15.16802,259600.0
2020-12-10,15.16802,15.36552,14.87177,15.049520000000001,297220.0
2020-12-11,15.01002,15.266770000000001,15.01002,15.22727,413100.0
2020-12-14,15.247020000000001,15.78027,15.08902,15.62227,493950.0
2020-12-15,15.60252,15.83952,15.38527,15.60252,259990.0
2020-12-16,15.85927,15.85927,15.60252,15.62227,218000.0
2020-12-17,15.62227,15.62227,15.10877,15.58277,334150.0
2020-12-18,15.701270000000001,15.701270000000001,15.20752,15.46427,215360.0
2020-12-21,15.40502,15.740770000000001,15.30627,15.34577,244490.0
2020-12-22,15.34577,15.484020000000001,15.16802,15.42477,167740.0
2020-12-23,15.44452,15.721020000000001,15.42477,15.42477,325130.0
2020-12-24,15.40502,15.503770000000001,14.65452,15.069270000000001,255210.0
2020-12-25,15.01002,15.247020000000001,14.832270000000001,15.18777,196560.0
2020-12-28,15.503770000000001,15.503770000000001,15.029770000000001,15.286520000000001,225480.0
2020-12-29,15.286520000000001,15.32602,15.10877,15.247020000000001,192660.0
2020-12-30,15.503770000000001,16.31352,15.30627,16.31352,695840.0
2020-12-31,17.18252,17.28127,16.49127,16.92577,292240.0
2021-01-04,17.162770000000002,17.162770000000002,16.64927,16.84677,177900.0
2021-01-05,16.511020000000002,16.78752,16.293770000000002,16.37277,443500.0
2021-01-06,16.37277,16.49127,15.97777,16.293770000000002,464100.0
2021-01-07,16.37277,16.37277,15.918520000000001,16.293770000000002,393900.0
2021-01-08,16.21477,16.39252,15.99752,16.17527,286800.0
2021-01-11,16.19502,16.78752,16.13577,16.728270000000002,343800.0
2021-01-12,16.68877,16.728270000000002,16.35302,16.55052,164100.0
2021-01-13,16.55052,16.57027,16.19502,16.53077,295500.0
2021-01-14,16.49127,16.78752,15.99752,16.09627,505300.0
2021-01-15,16.19502,16.19502,15.97777,16.19502,472800.0
2021-01-18,16.19502,16.19502,15.62227,15.62227,356100.0
2021-01-19,15.60252,15.60252,14.53602,14.53602,554900.0
2021-01-20,14.53602,14.53602,13.52877,14.397770000000001,505100.0
2021-01-21,14.71377,15.20752,14.33852,15.18777,300900.0
2021-01-22,15.30627,15.80002,15.266770000000001,15.484020000000001,344500.0
2021-01-25,15.38527,15.38527,15.10877,15.18777,228700.0
2021-01-26,15.18777,15.60252,14.41752,14.575520000000001,239200.0
2021-01-27,14.43727,14.615020000000001,13.62752,13.82502,264600.0
2021-01-28,12.85727,13.21277,12.85727,12.85727,504300.0
2021-01-29,12.65977,13.726270000000001,12.65977,13.66702,362500.0
2021-02-01,13.66702,14.41752,13.52877,13.943520000000001,457400.0
2021-02-02,14.47677,14.71377,14.04227,14.71377,490800.0
2021-02-03,14.812520000000001,14.99027,14.65452,14.85202,274500.0
2021-02-04,14.85202,15.58277,14.812520000000001,15.30627,287000.0
2021-02-05,15.58277,16.37277,15.56302,16.37277,785200.0
2021-02-08,16.59002,16.66902,15.64202,15.68152,445600.0
2021-02-09,15.701270000000001,16.76777,15.701270000000001,16.76777,735700.0
2021-02-17,17.18252,17.93303,17.18252,17.93303,331900.0
2021-02-18,18.762529999999998,19.17728,18.26878,18.38728,693800.0
2021-02-19,17.97253,18.36753,17.93303,18.15028,246800.0
2021-02-22,18.17003,18.48603,17.93303,18.40703,273600.0
2021-02-23,18.762529999999998,18.762529999999998,18.34778,18.762529999999998,196300.0
2021-02-24,19.157529999999998,19.157529999999998,17.93303,18.18978,386900.0
2021-02-25,18.96003,18.96003,18.34778,18.644029999999997,346300.0
2021-02-26,18.36753,18.683529999999998,18.17003,18.683529999999998,224200.0
2021-03-01,18.92053,19.987029999999997,18.92053,19.78953,397000.0
2021-03-02,19.78953,20.935029999999998,19.78953,20.63878,307600.0
2021-03-03,20.540029999999998,20.63878,20.22403,20.38203,361900.0
2021-03-04,20.34253,21.31028,19.35503,20.540029999999998,296600.0
2021-03-05,20.48078,21.96203,19.75003,21.96203,440800.0
2021-03-08,22.317529999999998,23.46303,22.00153,22.19903,308000.0
2021-03-09,22.12003,22.673029999999997,21.52753,22.317529999999998,243900.0
2021-03-10,22.51503,22.712529999999997,22.060779999999998,22.317529999999998,179600.0
2021-03-11,22.41628,22.41628,21.52753,22.021279999999997,245300.0
2021-03-12,22.91003,23.30503,22.43603,22.98903,819500.0
2021-03-15,23.700029999999998,24.58879,23.30503,24.58879,390200.0
2021-03-16,25.08254,25.97129,25.02329,25.97129,276400.0
2021-03-17,24.687540000000002,25.97129,24.687540000000002,25.08254,535100.0
2021-03-18,25.08254,25.28004,24.095029999999998,24.37154,364300.0
2021-03-19,24.25303,24.64804,23.700029999999998,23.89753,269900.0
2021-03-22,23.89753,24.86529,22.91003,24.76654,578500.0
2021-03-23,24.86529,25.04304,23.52228,23.700029999999998,350700.0
2021-03-24,23.42353,23.89753,22.890279999999997,23.700029999999998,322700.0
2021-03-25,23.700029999999998,24.095029999999998,23.10753,23.28528,246300.0
2021-03-26,22.91003,23.26553,21.72503,22.712529999999997,552900.0
2021-03-29,22.51503,24.095029999999998,22.51503,23.99628,333200.0
2021-03-30,24.095029999999998,24.095029999999998,23.42353,23.700029999999998,181000.0
2021-03-31,23.50253,23.700029999999998,23.08778,23.28528,234500.0
2021-04-01,23.28528,23.89753,23.04828,23.798779999999997,308000.0
2021-04-02,23.75928,24.17403,23.50253,23.89753,213400.0
2021-04-05,24.095029999999998,24.095029999999998,23.482779999999998,23.798779999999997,163600.0
2021-04-06,23.660529999999998,25.28004,23.42353,24.62829,287800.0
2021-04-07,25.28004,25.28004,24.39129,24.687540000000002,287100.0
2021-04-08,24.39129,24.64804,23.798779999999997,24.016029999999997,209500.0
2021-04-09,24.15428,24.21353,23.46303,23.89753,232600.0
2021-04-12,23.85803,23.85803,23.38403,23.443279999999998,361000.0
2021-04-13,23.12728,23.64078,22.91003,23.186529999999998,245400.0
2021-04-14,23.30503,23.85803,22.81128,23.581529999999997,312100.0
2021-04-15,23.50253,23.54203,23.04828,23.28528,191500.0
2021-04-16,23.28528,23.28528,22.43603,22.81128,224300.0
2021-04-19,22.81128,23.89753,22.673029999999997,23.700029999999998,474800.0
2021-04-20,23.89753,24.055529999999997,23.38403,23.64078,282900.0
2021-04-22,23.64078,23.660529999999998,22.712529999999997,22.91003,279100.0
2021-04-23,22.752029999999998,23.008779999999998,22.100279999999998,22.51503,487600.0
2021-04-26,22.51503,22.91003,21.90278,21.90278,276600.0
2021-04-27,21.74478,21.74478,20.935029999999998,20.974529999999998,288900.0
2021-04-28,20.974529999999998,21.72503,20.935029999999998,21.409029999999998,157800.0
2021-04-29,21.72503,22.317529999999998,21.72503,22.021279999999997,267000.0
2021-05-04,21.72503,23.56178,21.25103,23.50253,567800.0
2021-05-05,23.50253,23.56178,23.08778,23.147029999999997,301100.0
2021-05-06,23.12728,23.20628,22.69278,23.186529999999998,274900.0
2021-05-07,23.186529999999998,24.095029999999998,22.77178,23.50253,403700.0
2021-05-10,23.50253,23.50253,22.91003,23.30503,255600.0
2021-05-11,23.60128,24.687540000000002,23.30503,24.49004,652400.0
2021-05-12,24.49004,24.92454,24.49004,24.82579,287200.0
2021-05-13,24.687540000000002,24.82579,23.838279999999997,24.292540000000002,432000.0
2021-05-14,24.11478,25.87254,23.89753,25.87254,618500.0
2021-05-17,25.83304,25.87254,25.378790000000002,25.43804,248400.0
2021-05-18,25.339290000000002,27.05754,25.339290000000002,26.48479,337200.0
2021-05-19,26.48479,27.05754,26.465040000000002,26.761290000000002,302600.0
2021-05-20,26.30704,27.57104,26.30704,27.35379,207900.0
2021-05-21,27.630290000000002,27.65004,26.38604,26.38604,252300.0
2021-05-24,26.38604,27.65004,25.813290000000002,27.43279,436200.0
2021-05-25,27.452540000000003,27.847540000000002,26.44529,27.452540000000003,425800.0
2021-05-26,27.452540000000003,27.452540000000003,26.66254,27.23529,159200.0
2021-05-27,27.21554,27.21554,26.16879,26.26754,222500.0
2021-05-28,26.26754,26.26754,24.983790000000003,25.08254,648300.0
2021-05-31,25.08254,25.08254,23.89753,23.89753,455200.0
2021-06-01,23.38403,25.43804,23.34453,24.687540000000002,265900.0
2021-06-02,24.430790000000002,24.62829,24.19378,24.39129,163700.0
2021-06-03,24.39129,24.687540000000002,23.99628,24.095029999999998,278000.0
2021-06-04,24.095029999999998,24.095029999999998,23.20628,23.52228,408700.0
2021-06-07,23.52228,23.700029999999998,22.98903,23.08778,206000.0
2021-06-08,22.712529999999997,23.008779999999998,22.47553,22.47553,399500.0
2021-06-09,22.317529999999998,23.10753,22.100279999999998,22.534779999999998,384300.0
2021-06-10,22.41628,24.095029999999998,22.41628,23.700029999999998,468100.0
2021-06-11,23.71978,24.687540000000002,23.700029999999998,24.687540000000002,289100.0
2021-06-14,24.687540000000002,24.84554,23.85803,24.66779,332500.0
2021-06-15,24.134529999999998,24.88504,24.134529999999998,24.687540000000002,202200.0
2021-06-16,24.41104,25.28004,24.39129,24.88504,268500.0
2021-06-17,24.687540000000002,25.18129,24.49004,25.06279,167500.0
2021-06-18,25.08254,25.47754,25.06279,25.45779,179500.0
2021-06-21,25.45779,25.47754,24.76654,24.88504,209800.0
2021-06-22,24.88504,25.28004,24.292540000000002,24.49004,217200.0
2021-06-23,24.430790000000002,24.430790000000002,23.68028,23.700029999999998,308200.0
2021-06-24,23.71978,24.19378,23.71978,24.07528,131400.0
2021-06-25,24.095029999999998,24.78629,24.095029999999998,24.78629,261800.0
2021-06-28,24.88504,25.08254,24.35179,24.430790000000002,163200.0
2021-06-29,24.430790000000002,24.66779,24.19378,24.37154,113300.0
2021-06-30,24.292540000000002,25.635540000000002,24.17403,25.596040000000002,674000.0
2021-07-01,25.596040000000002,26.16879,25.556540000000002,25.635540000000002,247500.0
2021-07-02,25.65529,26.22804,25.29979,26.05029,224500.0
2021-07-05,26.18854,27.05754,26.05029,27.05754,369000.0
2021-07-06,27.07729,27.65004,25.18129,25.18129,337700.0
2021-07-07,25.28004,26.66254,24.33204,26.56379,398300.0
2021-07-08,27.195790000000002,28.42029,26.682290000000002,28.34129,983800.0
2021-07-09,29.230040000000002,29.42754,27.86729,28.61779,525400.0
2021-07-12,27.86729,28.63754,26.62304,27.25504,574800.0
2021-07-13,27.49204,27.74879,26.26754,26.60329,425900.0
2021-07-14,26.40579,26.66254,24.84554,25.57629,513400.0
2021-07-15,25.556540000000002,26.26754,25.08254,26.16879,198900.0
2021-07-16,26.08979,26.36629,25.28004,25.71454,219600.0
2021-07-19,24.687540000000002,25.47754,24.35179,24.49004,497200.0
2021-07-20,25.08254,25.08254,24.35179,24.84554,380300.0
2021-07-21,25.08254,26.58354,25.08254,26.58354,275900.0
2021-07-22,27.57104,28.20304,27.35379,27.92654,467400.0
2021-07-23,27.92654,28.30179,27.25504,27.25504,305700.0
2021-07-26,27.25504,29.13129,27.05754,28.89429,515000.0
2021-07-27,29.190540000000002,29.190540000000002,28.67704,28.83504,258900.0
2021-07-28,28.83504,28.83504,27.68954,27.74879,323300.0
2021-07-29,27.669790000000003,29.07204,27.669790000000003,29.07204,365900.0
2021-07-30,29.52629,29.625040000000002,29.012790000000003,29.38804,347600.0
2021-08-02,29.34854,30.21754,28.63754,29.52629,725500.0
2021-08-03,29.625040000000002,31.007540000000002,29.625040000000002,31.007540000000002,474100.0
2021-08-04,31.24455,32.19255,30.81004,31.12604,272000.0
2021-08-05,31.14579,31.402549999999998,30.37554,30.61254,422800.0
2021-08-06,30.61254,31.60005,30.61254,30.61254,282800.0
2021-08-09,30.63229,31.99505,30.41504,31.52105,304300.0
2021-08-10,33.18005,33.18005,31.9753,32.1728,429900.0
2021-08-11,32.785050000000005,32.785050000000005,32.19255,32.39005,321300.0
2021-08-12,31.60005,32.58755,31.52105,31.52105,393700.0
2021-08-13,31.3038,31.797549999999998,30.94829,31.5408,437000.0
2021-08-16,31.797549999999998,32.19255,31.60005,32.19255,251700.0
2021-08-17,32.2913,32.58755,32.0938,32.469049999999996,326100.0
2021-08-18,32.39005,32.58755,32.11355,32.39005,268800.0
2021-08-19,32.39005,32.58755,32.19255,32.39005,248300.0
2021-08-20,32.58755,33.77255,32.19255,33.10105,490800.0
2021-08-23,33.575050000000005,33.61455,33.18005,33.37755,422500.0
2021-08-24,35.68516,35.68516,34.334050000000005,34.493010000000005,889200.0
2021-08-25,34.37379,34.37379,33.102160000000005,33.77771,535400.0
2021-08-26,34.214839999999995,35.04935,33.77771,34.1751,490400.0
2021-08-27,33.97641,33.97641,33.45981,33.89693,407800.0
2021-08-30,33.89693,34.96987,33.499550000000006,33.89693,677000.0
2021-08-31,33.93667,34.572480000000006,33.42007,34.453269999999996,661000.0
2021-09-01,34.89039,34.89039,33.85719,33.89693,291200.0
2021-09-06,33.77771,36.2415,33.77771,36.2415,688300.0
2021-09-07,36.638889999999996,38.66555,36.638889999999996,36.87732,529800.0
2021-09-08,37.35418,37.75156,36.797839999999994,36.95679,305900.0
2021-09-09,36.87732,38.546330000000005,36.51967,38.02973,362600.0
2021-09-10,38.466860000000004,40.53326,37.95026,40.53326,1115300.0
2021-09-13,41.32803,43.354690000000005,40.65247,43.354690000000005,527800.0
2021-09-14,44.50711,46.37482,44.46737,46.37482,1013400.0
2021-09-15,47.60671,49.55389,46.096650000000004,46.69272,889900.0
2021-09-16,46.096650000000004,46.295339999999996,43.43417,43.593120000000006,1596800.0
2021-09-17,43.314949999999996,45.69926,42.52018,45.69926,792300.0
2021-09-20,45.69926,47.884879999999995,45.30188,46.49403,338500.0
2021-09-21,44.904489999999996,46.89142,44.904489999999996,46.57351,580500.0
2021-09-22,47.12985,47.48749,46.335080000000005,46.89142,472500.0
2021-09-23,46.89142,47.68619,46.096650000000004,46.295339999999996,512900.0
2021-09-24,46.295339999999996,46.89142,45.69926,46.176120000000004,366500.0
2021-09-27,46.176120000000004,46.37482,44.1892,44.50711,477500.0
2021-09-28,43.79181,46.096650000000004,42.75861,46.096650000000004,516600.0
2021-09-29,45.69926,46.096650000000004,44.904489999999996,44.98397,269700.0
2021-09-30,44.98397,48.00409,44.98397,47.16959,992300.0
2021-10-01,47.16959,49.27572,47.12985,47.646449999999994,586900.0
2021-10-04,47.60671,48.28226,46.295339999999996,46.49403,333300.0
2021-10-05,46.81194,47.2888,46.295339999999996,46.295339999999996,457700.0
2021-10-06,46.49403,47.09011,46.295339999999996,46.85168,322500.0
2021-10-07,46.89142,46.89142,46.21586,46.49403,275000.0
2021-10-08,46.53377,46.89142,46.05691,46.05691,473900.0
2021-10-11,46.096650000000004,46.89142,45.69926,45.97743,364800.0
2021-10-12,45.42109,47.2888,44.62632,45.97743,1350800.0
2021-10-13,46.01717,46.45429,45.2224,45.26214,660400.0
2021-10-14,45.26214,45.897949999999994,44.7058,44.82501,856300.0
2021-10-15,44.904489999999996,46.49403,44.7058,45.42109,755300.0
2021-10-18,45.81848,45.81848,44.586580000000005,44.62632,651500.0
2021-10-19,44.30841,45.69926,43.71234,45.46083,1164400.0
2021-10-20,45.61978,45.69926,44.546839999999996,44.82501,315000.0
2021-10-21,45.10318,45.30188,44.50711,44.86475,347700.0
2021-10-22,44.86475,44.904489999999996,44.03024,44.348150000000004,508900.0
2021-10-25,43.71234,46.01717,42.99704,44.46737,1207900.0
2021-10-26,44.50711,44.904489999999996,44.1892,44.62632,208500.0
2021-10-27,44.30841,46.89142,44.14946,46.2556,1408100.0
2021-10-28,46.335080000000005,47.12985,45.65951999999999,45.69926,567200.0
2021-10-29,45.69926,46.295339999999996,44.904489999999996,45.10318,438100.0
2021-11-01,45.10318,45.69926,44.46737,45.10318,937500.0
2021-11-02,45.30188,45.30188,44.46737,44.586580000000005,672600.0
2021-11-03,44.7058,44.904489999999996,43.71234,43.71234,784000.0
2021-11-04,43.63286,44.50711,43.27521,44.10972,429600.0
2021-11-05,44.10972,45.897949999999994,43.71234,45.2224,709500.0
2021-11-08,44.586580000000005,44.944230000000005,44.38789,44.50711,461300.0
2021-11-09,44.50711,45.65951999999999,44.10972,44.50711,320900.0
2021-11-10,44.50711,44.7058,43.79181,43.87129,655100.0
2021-11-11,43.87129,44.30841,42.91757,43.55338,729600.0
2021-11-12,43.39443,44.7058,43.39443,44.38789,497500.0
2021-11-15,44.7058,47.48749,44.22894,47.48749,2537000.0
2021-11-16,48.878339999999994,50.26919,48.12331,49.8718,1236300.0
2021-11-17,50.467879999999994,50.467879999999994,48.08357,49.63337,688200.0
2021-11-18,50.467879999999994,52.05742,49.75259,52.05742,1095400.0
2021-11-19,52.6535,54.04434,51.26265,54.04434,1209300.0
2021-11-22,54.04434,56.03127,54.04434,55.63388,870100.0
2021-11-23,54.203300000000006,54.79937,53.24957,53.448269999999994,692600.0
2021-11-24,53.64696,55.63388,51.66003,54.56094,607600.0
2021-11-25,54.04434,54.83911,53.368790000000004,54.203300000000006,486700.0
2021-11-26,54.83911,55.2365,53.368790000000004,53.448269999999994,600400.0
2021-11-29,52.25611,54.24304,52.25611,54.00461,547900.0
2021-11-30,54.83911,54.83911,51.26265,51.26265,675100.0
2021-12-01,50.86526,51.66003,49.63337,51.66003,661200.0
2021-12-02,53.05088,53.05088,50.78579,50.86526,255400.0
2021-12-03,51.66003,51.66003,49.116769999999995,49.116769999999995,547700.0
2021-12-06,49.27572,49.394940000000005,47.44775,48.08357,635500.0
2021-12-07,48.12331,51.4216,48.12331,51.34213,669800.0
2021-12-08,52.41507,52.454800000000006,50.07049,50.11023,533200.0
2021-12-09,50.11023,51.85873,49.67311,51.81899,547200.0
2021-12-10,51.81899,51.81899,50.467879999999994,51.26265,192700.0
2021-12-13,51.6203,51.85873,50.467879999999994,50.467879999999994,400800.0
2021-12-14,50.07049,50.07049,49.116769999999995,49.156510000000004,524400.0
2021-12-15,48.878339999999994,50.388400000000004,48.40148000000001,49.116769999999995,277000.0
2021-12-16,49.63337,49.63337,48.67965,48.75912,335300.0
2021-12-17,48.28226,49.63337,48.28226,49.63337,255700.0
2021-12-20,49.67311,49.67311,48.560430000000004,49.19625,275600.0
2021-12-21,49.07703,49.27572,48.52069,48.560430000000004,264300.0
2021-12-22,48.560430000000004,48.878339999999994,47.884879999999995,48.08357,351600.0
2021-12-23,48.08357,49.27572,46.89142,46.93115,655200.0
2021-12-24,47.884879999999995,48.480959999999996,47.24906,48.28226,283000.0
2021-12-27,48.322,51.66003,48.28226,51.58056,992800.0
2021-12-28,52.09716,52.454800000000006,50.86526,51.26265,318800.0
2021-12-29,51.30239,51.54082,50.07049,50.42814,194400.0
2021-12-30,50.467879999999994,50.54736,49.19625,49.355199999999996,394100.0
2021-12-31,49.355199999999996,50.467879999999994,48.878339999999994,49.23599,329000.0
2022-01-04,49.31546,50.905,48.91808,50.26919,412600.0
2022-01-05,50.07049,51.26265,49.31546,49.67311,247400.0
2022-01-06,49.474419999999995,50.03076,48.878339999999994,48.95782,431500.0
2022-01-07,48.878339999999994,49.67311,48.08357,49.67311,359500.0
2022-01-10,49.67311,50.42814,48.28226,48.40148000000001,290200.0
2022-01-11,48.12331,48.878339999999994,47.68619,47.725919999999995,375800.0
2022-01-12,47.68619,48.08357,46.57351,48.08357,349200.0
2022-01-13,48.67965,49.23599,47.725919999999995,48.322,219500.0
2022-01-14,48.322,49.03729,47.646449999999994,48.878339999999994,174500.0
2022-01-17,49.156510000000004,49.156510000000004,46.732459999999996,46.732459999999996,325300.0
2022-01-18,46.2556,46.65298000000001,43.79181,44.30841,443300.0
2022-01-19,43.71234,44.904489999999996,43.116260000000004,43.79181,387300.0
2022-01-20,43.27521,44.10972,40.73195,40.73195,1398700.0
2022-01-21,38.34764,40.73195,37.91052,37.91052,1653000.0
2022-01-24,35.36725,37.91052,35.28778,35.28778,2094700.0
2022-01-25,34.37379,37.75156,34.214839999999995,37.75156,969500.0
2022-01-26,38.546330000000005,40.374300000000005,37.95026,40.374300000000005,658000.0
2022-01-27,38.34764,40.93064,38.34764,39.73849,925200.0
2022-01-28,40.692209999999996,41.725410000000004,39.73849,41.725410000000004,599200.0
2022-02-07,42.91757,44.50711,41.725410000000004,44.14946,534900.0
2022-02-08,44.10972,44.50711,42.28175,43.51364,551500.0
2022-02-09,44.10972,44.10972,43.43417,43.71234,224300.0
2022-02-10,44.06998,44.10972,42.440709999999996,42.91757,396200.0
2022-02-11,42.87783,44.7058,41.725410000000004,43.71234,491300.0
2022-02-14,41.76515,44.26868,41.76515,43.83155,515300.0
2022-02-15,44.50711,46.096650000000004,44.06998,46.05691,549500.0
2022-02-16,46.176120000000004,46.81194,45.38135,45.69926,257600.0
2022-02-17,45.30188,45.69926,44.904489999999996,44.944230000000005,201300.0
2022-02-18,44.904489999999996,46.295339999999996,44.7058,45.30188,275200.0
2022-02-21,45.69926,46.05691,44.82501,45.10318,253700.0
2022-02-22,44.904489999999996,44.944230000000005,43.314949999999996,44.46737,437700.0
2022-02-23,44.10972,45.10318,44.10972,44.348150000000004,245300.0
2022-02-24,44.10972,45.500569999999996,42.95731,44.904489999999996,571000.0
2022-02-25,44.904489999999996,48.04383,44.904489999999996,48.04383,1359500.0
2022-02-28,49.59363,49.59363,48.52069,48.8386,355200.0
2022-03-01,48.8386,50.905,48.08357,50.467879999999994,902700.0
2022-03-02,49.67311,49.67311,48.480959999999996,49.23599,445500.0
2022-03-03,49.27572,49.67311,48.322,49.07703,397900.0
2022-03-04,48.79886,48.79886,48.00409,48.20279,404000.0
2022-03-07,47.884879999999995,48.08357,46.49403,47.40801999999999,467100.0
2022-03-08,46.69272,48.79886,46.69272,47.16959,739700.0
2022-03-09,47.40801999999999,48.28226,46.69272,46.89142,434300.0
2022-03-10,47.20932,48.08357,46.89142,47.84514,407500.0
2022-03-11,47.924620000000004,48.8386,47.09011,47.2888,570600.0
2022-03-14,47.328540000000004,47.328540000000004,45.38135,45.38135,453100.0
2022-03-15,45.38135,45.897949999999994,44.03024,44.7058,554100.0
2022-03-16,45.10318,46.49403,44.74554,46.45429,441900.0
2022-03-17,46.89142,49.67311,46.89142,49.67311,1322300.0
2022-03-18,49.67311,50.86526,49.156510000000004,49.514160000000004,540600.0
2022-03-21,49.355199999999996,50.66657,48.878339999999994,50.26919,497700.0
2022-03-22,50.07049,50.26919,48.480959999999996,48.91808,540300.0
2022-03-23,48.79886,52.335589999999996,48.480959999999996,52.335589999999996,1348300.0
2022-03-24,52.6535,54.79937,52.335589999999996,52.69323,706600.0
2022-03-25,53.24957,56.34918,52.6535,56.34918,1350400.0
2022-03-28,56.428650000000005,59.3693,56.428650000000005,58.81296,860200.0
2022-03-29,58.216879999999996,58.81296,55.99153,56.428650000000005,1143000.0
2022-03-30,56.22996,58.216879999999996,56.03127,58.09767,1105200.0
2022-03-31,58.09767,59.21035,56.428650000000005,56.428650000000005,494100.0
2022-04-01,56.22996,58.81296,55.83258,58.574529999999996,675200.0
2022-04-04,58.61427,60.79989,58.256620000000005,58.256620000000005,712500.0
2022-04-05,57.740019999999994,59.21035,56.86578,58.256620000000005,409400.0
2022-04-06,58.018190000000004,60.005120000000005,57.8195,58.61427,724000.0
2022-04-07,59.25008999999999,59.52825,54.521209999999996,54.521209999999996,2798100.0
2022-04-08,53.64696,55.67362,52.136900000000004,54.64042,793400.0
2022-04-12,54.79937,54.79937,52.136900000000004,52.77271,489200.0
2022-04-13,52.85219,55.03781,52.534279999999995,54.75964,670700.0
2022-04-14,55.07754,58.574529999999996,54.44173,57.50158999999999,1176100.0
2022-04-15,57.54133,59.40904,56.82604,57.77976,578900.0
2022-04-18,57.42211,61.79335,57.22342,61.79335,2226700.0
2022-04-19,61.91256,65.17112,61.79335,62.786809999999996,751700.0
2022-04-20,62.62786,62.62786,58.81296,58.81296,957300.0
2022-04-21,57.66055,61.594660000000005,54.7199,60.60119,1196000.0
2022-04-22,60.79989,61.356230000000004,56.38891,56.38891,1538800.0
2022-04-25,54.958330000000004,56.428650000000005,52.454800000000006,52.454800000000006,1002500.0
2022-04-26,48.79886,53.09062,48.79886,51.66003,1423800.0
2022-04-27,50.86526,54.32251,50.26919,53.28931,425200.0
2022-04-28,54.36225,54.64042,52.85219,53.64696,369100.0
2022-04-29,54.04434,56.03127,53.60722,55.2365,879100.0
2022-05-04,55.196760000000005,55.435190000000006,53.805910000000004,54.28277,577000.0
2022-05-05,54.83911,55.03781,51.66003,53.20984,724700.0
2022-05-06,51.26265,52.09716,49.514160000000004,49.514160000000004,1155800.0
2022-05-09,49.07703,49.07703,46.05691,46.05691,1211300.0
2022-05-10,43.314949999999996,46.49403,42.87783,46.49403,996500.0
2022-05-11,46.89142,48.08357,44.74554,46.01717,424100.0
2022-05-12,45.69926,46.01717,42.79835,42.79835,540600.0
2022-05-13,40.93064,42.52018,39.81796,39.81796,742000.0
2022-05-16,40.93064,41.12933,37.036269999999995,37.036269999999995,1147700.0
2022-05-17,36.55941000000001,39.61927,34.96987,39.61927,545700.0
2022-05-18,41.884370000000004,42.361230000000006,40.73195,42.361230000000006,510300.0
2022-05-19,40.53326,43.43417,40.53326,42.48044,525100.0
2022-05-20,42.440709999999996,44.03024,41.725410000000004,42.91757,544800.0
2022-05-23,43.116260000000004,44.03024,42.122800000000005,42.99704,721100.0
2022-05-24,43.03678,44.50711,42.122800000000005,44.50711,751400.0
2022-05-25,45.61978,47.60671,44.82501,47.60671,514800.0
2022-05-26,48.878339999999994,49.474419999999995,47.68619,48.44122,486300.0
2022-05-27,48.480959999999996,51.02422,48.00409,50.467879999999994,696400.0
2022-05-30,50.467879999999994,50.86526,49.116769999999995,50.467879999999994,474400.0
2022-05-31,49.712849999999996,50.86526,49.27572,50.86526,513400.0
2022-06-01,50.86526,51.06396,49.79233,51.02422,411400.0
2022-06-02,52.454800000000006,53.01114,50.984480000000005,52.01768,646800.0
2022-06-03,51.50108,52.01768,50.07049,51.18317,530400.0
2022-06-06,50.86526,53.448269999999994,50.706309999999995,51.66003,541500.0
2022-06-07,51.50108,52.01768,49.27572,51.66003,580600.0
2022-06-08,52.6535,55.27624,52.25611,55.27624,1898000.0
2022-06-09,56.190220000000004,56.428650000000005,55.157019999999996,55.31598,513100.0
2022-06-10,54.83911,55.03781,53.24957,53.24957,574100.0
2022-06-13,49.55389,50.467879999999994,49.55389,49.55389,1132300.0
2022-06-14,46.295339999999996,49.27572,46.096650000000004,48.04383,1392100.0
2022-06-15,48.480959999999996,49.67311,48.04383,49.19625,578800.0
2022-06-16,49.67311,52.25611,49.67311,50.86526,606800.0
2022-06-17,48.878339999999994,51.66003,47.36828,50.07049,1058200.0
2022-06-20,50.07049,51.46134,48.08357,48.480959999999996,893100.0
2022-06-21,49.474419999999995,50.07049,47.2888,47.68619,507100.0
2022-06-22,48.08357,48.878339999999994,44.348150000000004,44.348150000000004,1111100.0
2022-06-23,41.526720000000005,46.89142,41.526720000000005,46.89142,634100.0
2022-06-24,47.52723,48.480959999999996,47.44775,47.48749,323400.0
2022-06-27,48.44122,49.07703,47.48749,48.40148000000001,422700.0
2022-06-28,48.28226,48.8386,47.2888,48.00409,636700.0
2022-06-29,48.00409,48.08357,45.739,46.136379999999996,557100.0
2022-06-30,46.53377,47.20932,45.81848,46.096650000000004,689100.0
2022-07-01,47.18404,48.69913,44.586760000000005,45.81325,934100.0
2022-07-04,44.37032,46.02969,44.37032,44.73105,481100.0
2022-07-05,44.22602,45.23608,41.62874,41.62874,1291500.0
2022-07-06,39.32004,40.83512,38.74286,38.74286,948800.0
2022-07-07,38.74286,41.12371,38.30998,40.40224,477600.0
2022-07-08,40.47439,42.20591,40.47439,41.12371,333200.0
2022-07-11,39.32004,40.69083,38.30998,38.30998,964900.0
2022-07-12,38.52642,40.11365,38.454269999999994,39.82506,279400.0
2022-07-13,40.0415,40.40224,39.32004,39.39218,274500.0
2022-07-14,39.17574,39.32004,38.23783,38.52642,400300.0
2022-07-15,38.59857,40.0415,37.8771,37.8771,492900.0
2022-07-18,37.8771,39.96936,37.51636,39.680769999999995,570800.0
2022-07-19,39.680769999999995,40.11365,38.959300000000006,40.11365,442900.0
2022-07-20,40.76297,42.855230000000006,40.54653,42.855230000000006,718600.0
2022-07-21,44.00958,45.45252,43.360260000000004,45.09178,959800.0
2022-07-22,45.45252,45.81325,44.00958,44.00958,509800.0
2022-07-25,43.28811,44.15388,42.13376,42.56664,615200.0
2022-07-26,43.14382,44.37032,41.91732,43.79314,663000.0
2022-07-27,43.28811,44.08173,43.14382,43.576699999999995,195200.0
2022-07-28,44.00958,44.947489999999995,43.28811,43.648849999999996,482100.0
2022-07-29,43.72099,43.86529,41.84518,42.278059999999996,509700.0
2022-08-01,42.278059999999996,43.93743,40.76297,43.93743,801900.0
2022-08-02,43.21597,44.73105,43.21597,43.50455,307200.0
2022-08-03,43.28811,43.93743,42.4945,43.93743,330200.0
2022-08-04,44.37032,46.46257,44.22602,45.38037,1092000.0
2022-08-05,45.09178,46.101839999999996,45.09178,45.38037,436200.0
2022-08-08,45.66896,46.82331,45.09178,46.82331,570700.0
2022-08-09,46.60687,47.68907,45.81325,46.02969,689400.0
2022-08-10,46.24613,46.31828,45.01964,45.30823,689500.0
2022-08-11,46.173989999999996,46.24613,45.01964,45.45252,830700.0
2022-08-12,45.66896,48.1941,44.8032,47.256190000000004,1106700.0
2022-08-15,47.76122,50.5028,47.03975,50.5028,1292500.0
2022-08-16,51.51285,52.45076,51.07997,51.440709999999996,830700.0
2022-08-17,51.152120000000004,51.80144,50.574949999999994,51.585,760500.0
2022-08-18,50.574949999999994,51.51285,50.21421,50.43065,716400.0
2022-08-19,50.93568,52.378620000000005,50.3585,50.79139,677500.0
2022-08-22,51.07997,52.378620000000005,50.64709,52.09003,760800.0
2022-08-23,51.22427,52.09003,51.22427,52.09003,498300.0
2022-08-24,52.09003,53.60511,51.80144,52.8115,533300.0
2022-08-25,53.38867,53.38867,51.22427,52.52291,601300.0
2022-08-26,52.8115,54.11014,52.09003,52.306470000000004,690800.0
2022-08-29,51.22427,51.94574,50.14206,51.22427,908700.0
2022-08-30,51.94574,52.95579,51.22427,51.22427,551600.0
2022-08-31,50.5028,52.59506,50.14206,51.7293,1437200.0
2022-09-05,51.368559999999995,52.667199999999994,51.368559999999995,52.16218,762300.0
2022-09-06,52.16218,54.03799,52.01788,53.38867,1374300.0
2022-09-07,53.38867,53.38867,50.5028,50.574949999999994,1013000.0
2022-09-08,51.22427,52.95579,50.3585,51.80144,1337600.0
2022-09-09,51.94574,53.02794,51.29641,53.02794,989800.0
2022-09-12,53.60511,56.63528,53.24438,56.05811,2704104.0
2022-09-13,56.05811,56.274550000000005,54.68732,55.55308,1443188.0
2022-09-14,53.965849999999996,56.92387,53.965849999999996,56.13025,1223654.0
2022-09-15,56.274550000000005,57.4289,55.69737,55.98596,1283487.0
2022-09-16,55.84167,56.274550000000005,54.11014,54.39873,937131.0
2022-09-19,54.39873,54.83161,50.64709,50.64709,2619720.0
2022-09-20,51.51285,52.667199999999994,50.64709,52.306470000000004,935882.0
2022-09-21,52.23432,53.53297,51.94574,52.16218,672823.0
2022-09-22,51.29641,53.31653,51.29641,53.24438,935644.0
2022-09-23,53.31653,53.677260000000004,52.16218,52.378620000000005,665524.0
2022-09-26,50.5028,51.94574,48.771269999999994,49.05986,2207241.0
2022-09-27,49.13201,49.781330000000004,47.256190000000004,47.256190000000004,1016131.0
2022-09-28,47.61692,48.33839,44.947489999999995,44.947489999999995,1228094.0
2022-09-29,45.81325,47.03975,44.37032,45.74111,896613.0
2022-09-30,45.30823,46.46257,43.21597,46.46257,950138.0
2022-10-03,46.101839999999996,46.39043,43.21597,43.21597,1116020.0
2022-10-04,43.86529,44.22602,41.12371,41.19585,931465.0
2022-10-05,41.989470000000004,44.00958,41.91732,44.00958,770387.0
2022-10-06,44.00958,44.73105,41.48444,42.278059999999996,908533.0
2022-10-07,41.62874,42.20591,39.752919999999996,40.69083,1072664.0
2022-10-10,39.680769999999995,43.50455,39.680769999999995,43.50455,984075.0
2022-10-11,44.586760000000005,45.30823,42.56664,43.50455,1403651.0
2022-10-12,44.15388,46.53472,44.15388,46.173989999999996,1322636.0
2022-10-13,46.60687,46.82331,45.30823,46.39043,1001933.0
2022-10-14,47.256190000000004,49.63704,46.751160000000006,49.63704,2239449.0
2022-10-17,48.69913,50.14206,48.1941,49.63704,1206836.0
2022-10-18,50.79139,50.79139,47.97766,47.97766,954432.0
2022-10-19,48.33839,49.781330000000004,47.97766,48.55483,819126.0
2022-10-20,48.843419999999995,49.276300000000006,47.61692,47.76122,839311.0
2022-10-21,48.04981,48.33839,44.44246,44.44246,2445774.0
2022-10-24,44.73105,45.01964,41.34015,41.34015,1998971.0
2022-10-25,41.84518,44.15388,38.959300000000006,43.648849999999996,1528602.0
2022-10-26,44.00958,44.6589,43.648849999999996,43.86529,790682.0
2022-10-27,44.00958,46.82331,42.56664,46.173989999999996,1225888.0
2022-10-28,46.31828,46.60687,44.73105,44.73105,1106818.0
2022-10-31,44.73105,45.30823,41.91732,44.00958,1092621.0
2022-11-01,44.6589,45.09178,42.56664,42.56664,818846.0
2022-11-02,42.56664,43.79314,41.77303,42.56664,1214491.0
2022-11-03,42.350199999999994,43.648849999999996,41.77303,42.63879,554616.0
2022-11-04,42.63879,43.07167,39.680769999999995,39.680769999999995,1807974.0
2022-11-07,39.680769999999995,40.1858,36.93919,36.93919,1437408.0
2022-11-08,36.07343,37.80495,34.70264,37.80495,1086927.0
2022-11-09,38.81501,38.81501,35.35196,35.35196,744519.0
2022-11-10,34.630489999999995,34.630489999999995,32.89897,32.89897,1136996.0
2022-11-11,31.744619999999998,32.466080000000005,30.62634,30.62634,1852323.0
2022-11-14,28.498009999999997,28.498009999999997,28.498009999999997,28.498009999999997,210657.0
2022-11-15,26.51397,26.51397,26.51397,26.51397,392165.0
2022-11-16,24.674220000000002,28.35371,24.674220000000002,28.35371,3037251.0
2022-11-17,29.36377,30.30168,29.003040000000002,29.36377,690633.0
2022-11-18,29.580209999999997,31.02315,27.99298,31.02315,1422493.0
2022-11-21,31.02315,31.70854,28.85874,28.85874,1298331.0
2022-11-22,26.91078,29.50806,26.838630000000002,27.199360000000002,1928547.0
2022-11-23,27.99298,28.209419999999998,26.838630000000002,27.199360000000002,564602.0
2022-11-24,26.98292,27.34366,25.32355,25.32355,1195171.0
2022-11-25,25.50391,26.189310000000003,24.890669999999997,26.11716,863860.0
2022-11-28,26.62219,27.920830000000002,26.62219,27.920830000000002,2117737.0
2022-11-29,28.85874,29.8688,28.13727,29.8688,1696053.0
2022-11-30,31.38388,31.924979999999998,30.66241,31.924979999999998,1191990.0
2022-12-01,34.12546,34.12546,31.81676,32.86289,1886266.0
2022-12-02,32.10535,33.90902,31.38388,33.90902,1831497.0
2022-12-05,34.3419,34.558339999999994,33.54829,34.12546,1382828.0
2022-12-06,32.53823,34.269760000000005,31.744619999999998,31.744619999999998,1963253.0
2022-12-07,31.16744,32.10535,29.580209999999997,29.580209999999997,1270539.0
2022-12-08,30.734560000000002,31.636400000000002,30.734560000000002,31.636400000000002,1154304.0
2022-12-09,32.61038,32.61038,30.87885,31.38388,686149.0
2022-12-12,31.38388,32.75467,29.940939999999998,30.15739,1261361.0
2022-12-13,30.22953,31.744619999999998,29.21948,31.744619999999998,1177351.0
2022-12-14,32.24964,32.24964,31.38388,31.38388,783413.0
2022-12-15,30.87885,32.21357,30.87885,31.88891,936689.0
2022-12-16,31.52818,33.00719,31.38388,32.39394,1245980.0
2022-12-19,32.466080000000005,34.05332,30.951,30.951,1358529.0
2022-12-20,31.45603,31.45603,29.111259999999998,29.580209999999997,1624183.0
2022-12-21,29.97702,30.66241,27.77654,28.57015,1013825.0
2022-12-22,29.21948,29.50806,28.101200000000002,28.7866,651759.0
2022-12-23,28.7866,28.85874,27.77654,28.42586,488220.0
2022-12-26,28.42586,28.46193,26.51397,26.51397,644498.0
2022-12-27,26.55004,27.848689999999998,26.51397,27.848689999999998,760451.0
2022-12-28,27.848689999999998,27.848689999999998,26.98292,27.740470000000002,334775.0
2022-12-29,27.99298,28.35371,27.41581,27.41581,359019.0
2022-12-30,27.41581,27.77654,27.16329,27.235439999999997,217813.0
2023-01-03,27.41581,28.85874,27.41581,28.85874,736880.0
2023-01-04,29.21948,29.43592,28.7866,28.930889999999998,515960.0
2023-01-05,29.43592,29.43592,28.46193,28.534080000000003,389474.0
2023-01-06,28.57015,28.71445,27.41581,27.70439,695589.0
2023-01-09,28.13727,28.17335,27.41581,27.848689999999998,401677.0
2023-01-10,28.13727,28.75052,27.30758,28.678369999999997,596470.0
2023-01-11,28.498009999999997,29.07518,28.498009999999997,28.57015,472344.0
2023-01-12,28.6423,28.82267,28.13727,28.57015,450357.0
2023-01-13,28.57015,28.85874,28.209419999999998,28.57015,508798.0
2023-01-16,28.89482,29.07518,27.99298,27.99298,494901.0
2023-01-17,28.28157,28.7866,28.06513,28.71445,601954.0
2023-01-18,28.85874,30.698490000000003,28.75052,30.698490000000003,1376083.0
2023-01-19,30.951,31.16744,30.30168,31.16744,998549.0
2023-01-27,31.60032,32.1775,31.31174,31.45603,1012008.0
2023-01-30,31.41996,31.41996,30.48205,30.87885,1090011.0
2023-01-31,30.914930000000002,31.744619999999998,30.15739,31.744619999999998,871938.0
2023-02-01,32.39394,32.39394,29.61628,29.796650000000003,1238138.0
2023-02-02,30.30168,30.30168,28.930889999999998,29.21948,603725.0
2023-02-03,29.50806,29.940939999999998,29.21948,29.796650000000003,438570.0
2023-02-06,29.7245,29.796650000000003,29.183400000000002,29.61628,436068.0
2023-02-07,29.61628,30.98707,29.43592,29.580209999999997,1100833.0
2023-02-08,30.15739,30.33775,29.580209999999997,30.085240000000002,681665.0
2023-02-09,30.22953,30.951,29.43592,29.47199,562347.0
2023-02-10,29.580209999999997,29.580209999999997,28.13727,28.6423,743097.0
2023-02-13,28.6423,28.82267,27.199360000000002,28.13727,951168.0
2023-02-14,28.42586,28.57015,27.920830000000002,28.28157,428373.0
2023-02-15,28.498009999999997,28.7866,28.13727,28.678369999999997,553717.0
2023-02-16,29.003040000000002,29.580209999999997,28.71445,29.3277,545991.0
2023-02-17,28.85874,29.580209999999997,28.498009999999997,28.7866,476278.0
2023-02-20,29.07518,29.50806,28.678369999999997,29.43592,733331.0
2023-02-21,30.15739,30.55419,29.796650000000003,30.15739,1502203.0
2023-02-22,29.940939999999998,31.16744,29.54414,29.940939999999998,1235420.0
2023-02-23,29.8688,30.30168,28.42586,29.50806,1053184.0
2023-02-24,29.580209999999997,29.580209999999997,28.534080000000003,28.75052,510208.0
2023-02-27,27.848689999999998,28.35371,27.05507,27.05507,1035449.0
2023-02-28,27.12722,27.63225,26.11716,26.333599999999997,1070767.0
2023-03-01,26.69434,27.41581,25.61213,27.235439999999997,582525.0
2023-03-02,27.27151,27.66832,26.36968,26.838630000000002,442682.0
2023-03-03,26.838630000000002,27.16329,26.51397,26.55004,703301.0
2023-03-06,27.12722,27.199360000000002,25.97287,25.97287,672469.0
2023-03-07,26.333599999999997,26.51397,24.890669999999997,25.32355,1013573.0
2023-03-08,25.2514,25.43177,24.926740000000002,25.14318,1724805.0
2023-03-09,25.576060000000002,26.8747,25.2514,26.8747,1481406.0
2023-03-10,26.69434,26.91078,26.36968,26.69434,953981.0
2023-03-13,26.333599999999997,26.69434,26.00894,26.045009999999998,790164.0
2023-03-14,25.97287,26.29753,24.890669999999997,24.99889,1266293.0
2023-03-15,25.684279999999998,26.08109,25.2514,25.684279999999998,1071161.0
2023-03-16,25.539990000000003,25.684279999999998,25.034959999999998,25.034959999999998,612964.0
2023-03-17,25.39569,25.61213,25.034959999999998,25.21533,527564.0
2023-03-20,25.21533,25.39569,24.52993,24.52993,833812.0
2023-03-21,24.890669999999997,24.890669999999997,23.4838,24.52993,1276390.0
2023-03-22,24.85459,24.85459,23.59202,23.59202,1674942.0
2023-03-23,23.26736,24.27742,23.19521,24.024900000000002,798463.0
2023-03-24,24.133119999999998,24.27742,23.66417,23.88061,837381.0
2023-03-27,23.952759999999998,24.133119999999998,23.44773,23.59202,1032247.0
2023-03-28,23.772389999999998,23.98883,23.30343,23.44773,1762943.0
2023-03-29,23.519869999999997,23.519869999999997,22.54589,22.690189999999998,2460669.0
2023-03-30,22.581970000000002,23.01485,21.10296,21.10296,5299402.0
2023-03-31,21.10296,21.64406,19.84039,20.70615,2429520.0
2023-04-03,21.06688,22.00479,20.99473,21.57191,1910373.0
2023-04-04,21.788349999999998,23.01485,21.46369,23.01485,3678493.0
2023-04-05,23.08699,23.70024,22.83448,23.59202,2715081.0
2023-04-06,23.6281,23.80846,22.690189999999998,22.79841,2198947.0
2023-04-07,22.72626,22.942700000000002,22.2573,22.581970000000002,1452941.0
2023-04-10,23.08699,24.133119999999998,22.870549999999998,24.133119999999998,3458472.0
2023-04-11,24.49386,24.890669999999997,24.024900000000002,24.674220000000002,2779162.0
2023-04-12,24.890669999999997,24.890669999999997,24.38564,24.38564,1818545.0
2023-04-13,24.38564,24.85459,24.09705,24.566,2086089.0
2023-04-14,24.81852,24.81852,23.66417,23.66417,1800596.0
2023-04-17,23.519869999999997,23.952759999999998,23.375580000000003,23.55595,1288201.0
2023-04-18,24.024900000000002,24.81852,23.98883,24.566,2443208.0
2023-04-19,24.566,26.26146,24.45778,25.75643,4686098.0
2023-04-20,25.72035,25.7925,24.96281,25.17925,1489087.0
2023-04-21,25.539990000000003,25.72035,24.52993,24.85459,2041138.0
2023-04-24,24.890669999999997,24.96281,23.66417,24.45778,2587790.0
2023-04-25,24.85459,24.85459,23.66417,23.73632,1700497.0
2023-04-26,23.55595,24.24134,23.519869999999997,24.24134,1079193.0
2023-04-27,24.24134,24.38564,23.88061,24.06098,792325.0
2023-04-28,24.20527,24.81852,24.20527,24.74637,1742238.0
2023-05-04,24.60208,24.782439999999998,24.1692,24.20527,1120517.0
2023-05-05,24.49386,24.52993,24.024900000000002,24.20527,813692.0
2023-05-08,24.45778,24.52993,23.519869999999997,23.73632,1860944.0
2023-05-09,23.80846,24.133119999999998,23.519869999999997,24.06098,928680.0
2023-05-10,24.09705,24.926740000000002,24.06098,24.890669999999997,1582983.0
2023-05-11,25.17925,25.2514,24.52993,24.74637,1753220.0
2023-05-12,24.81852,24.81852,24.34956,24.566,1904345.0
2023-05-15,25.034959999999998,25.034959999999998,24.1692,24.1692,1699027.0
2023-05-16,24.24134,24.27742,23.59202,23.73632,1928816.0
2023-05-17,23.91668,24.09705,23.66417,23.73632,1128289.0
2023-05-18,23.80846,23.952759999999998,23.73632,23.80846,702731.0
2023-05-19,23.844540000000002,24.133119999999998,23.66417,23.844540000000002,699785.0
2023-05-22,23.844540000000002,24.74637,23.844540000000002,24.638150000000003,1768465.0
2023-05-23,24.74637,24.74637,24.20527,24.38564,1145640.0
2023-05-24,24.49386,24.49386,24.024900000000002,24.024900000000002,1148383.0
2023-05-25,23.91668,23.91668,23.66417,23.70024,1512331.0
2023-05-26,23.80846,24.09705,23.772389999999998,23.88061,419129.0
2023-05-29,24.024900000000002,24.674220000000002,23.952759999999998,24.60208,1776857.0
2023-05-30,24.74637,25.82857,24.7103,25.72035,3655248.0
2023-05-31,25.72035,25.82857,25.39569,25.539990000000003,1522948.0
2023-06-01,25.64821,26.26146,25.46784,26.11716,2289159.0
2023-06-02,26.333599999999997,27.05507,25.7925,26.946849999999998,2537539.0
2023-06-05,27.48795,27.52403,26.73041,27.019,2156087.0
2023-06-06,26.766479999999998,27.41581,26.766479999999998,26.91078,2117009.0
2023-06-07,26.91078,27.63225,26.80256,27.41581,2271947.0
2023-06-08,27.63225,27.70439,26.69434,26.766479999999998,1795756.0
2023-06-09,26.766479999999998,27.66832,26.65826,27.66832,2107657.0
2023-06-12,28.13727,29.580209999999997,27.95691,29.580209999999997,3974574.0
2023-06-13,29.8688,30.12131,29.3277,29.36377,2564305.0
2023-06-14,29.43592,29.65236,28.7866,28.7866,2550404.0
2023-06-15,28.7866,28.930889999999998,28.13727,28.498009999999997,2206054.0
2023-06-16,28.85874,29.54414,28.029049999999998,28.13727,1963992.0
2023-06-19,28.31764,29.21948,27.95691,29.003040000000002,1905489.0
2023-06-20,29.003040000000002,29.580209999999997,29.003040000000002,29.580209999999997,1455939.0
2023-06-21,29.580209999999997,29.832720000000002,29.25555,29.580209999999997,2450179.0
2023-06-22,29.580209999999997,30.445970000000003,29.47199,30.085240000000002,2125460.0
2023-06-23,30.22953,30.22953,29.50806,29.580209999999997,1930027.0
2023-06-26,30.085240000000002,30.87885,29.111259999999998,30.87885,3514847.0
2023-06-27,30.87885,31.13137,30.445970000000003,30.66241,1869808.0
2023-06-28,30.734560000000002,30.87885,30.30168,30.445970000000003,1345032.0
2023-06-29,30.51812,30.59027,29.14733,29.14733,2158557.0
2023-06-30,29.183400000000002,30.66241,29.111259999999998,30.013090000000002,2370926.0
2023-07-03,30.15739,30.445970000000003,30.013090000000002,30.15739,1012271.0
2023-07-04,30.15739,30.951,29.97702,30.51812,1691565.0
2023-07-05,30.62634,31.96106,30.62634,31.203509999999998,3561908.0
2023-07-06,31.203509999999998,31.52818,30.445970000000003,31.02315,2285921.0
2023-07-07,30.80671,33.18755,30.59027,33.18755,3866695.0
2023-07-10,33.872949999999996,35.063370000000006,33.584360000000004,34.52227,3229273.0
2023-07-11,34.4862,35.20767,33.90902,34.91908,2938884.0
2023-07-12,34.91908,35.71269,34.70264,35.35196,2860924.0
2023-07-13,35.856989999999996,36.7949,35.35196,36.362019999999994,1933016.0
2023-07-14,36.72275,36.72275,35.35196,36.07343,1900724.0
2023-07-17,36.07343,36.72275,35.568400000000004,35.60447,1845776.0
2023-07-18,35.60447,35.640550000000005,34.630489999999995,35.35196,3188914.0
2023-07-19,35.42411,35.92913,35.063370000000006,35.60447,1779501.0
2023-07-20,35.640550000000005,37.08348,35.38803,37.08348,3984613.0
2023-07-21,37.155629999999995,39.60862,36.7949,39.60862,3044934.0
2023-07-24,39.752919999999996,39.752919999999996,38.59857,39.32004,2301642.0
2023-07-25,38.88715,39.536480000000005,38.02139,38.59857,2888577.0
2023-07-26,38.59857,39.24789,37.66066,37.80495,2611109.0
2023-07-27,38.165690000000005,39.17574,37.80495,39.03145,2309178.0
2023-07-28,38.959300000000006,39.24789,38.02139,38.59857,2463698.0
2023-07-31,38.38213,39.536480000000005,37.8771,39.03145,2389095.0
2023-08-01,39.536480000000005,39.536480000000005,38.30998,38.30998,1455790.0
2023-08-02,38.30998,39.1036,38.165690000000005,38.959300000000006,1785943.0
2023-08-03,39.03145,40.97941,38.81501,40.40224,4466305.0
2023-08-04,40.47439,40.69083,40.0415,40.40224,1200091.0
2023-08-07,40.90727,41.84518,40.11365,40.54653,2057359.0
2023-08-08,40.54653,41.051559999999995,39.680769999999995,39.752919999999996,1819343.0
2023-08-09,39.39218,40.40224,39.24789,40.257949999999994,1616900.0
2023-08-10,40.40224,40.40224,39.1036,39.32004,1245897.0
2023-08-11,39.39218,39.536480000000005,37.44422,38.67071,3408285.0
2023-08-14,38.88715,39.96936,37.94925,39.32004,2248913.0
2023-08-15,40.0415,40.0415,38.959300000000006,38.959300000000006,1697438.0
2023-08-16,38.959300000000006,39.24789,38.02139,38.23783,1518404.0
2023-08-17,38.23783,39.1036,37.73281,38.74286,2327808.0
2023-08-18,38.23783,38.454269999999994,36.037349999999996,36.037349999999996,3752693.0
2023-08-21,34.84693,36.21772,34.73871,35.027300000000004,1915052.0
2023-08-22,35.71269,37.44422,34.630489999999995,37.44422,3426270.0
2023-08-23,38.093540000000004,38.093540000000004,36.93919,37.08348,1292750.0
2023-08-24,37.37207,39.17574,37.08348,38.81501,3061608.0
2023-08-25,38.81501,40.11365,38.67071,39.680769999999995,2672729.0
2023-08-28,40.257949999999994,41.48444,39.680769999999995,41.051559999999995,3186335.0
2023-08-29,41.051559999999995,41.77303,40.11365,41.34015,2549042.0
2023-08-30,41.41229,42.71094,41.34015,41.989470000000004,2174692.0
2023-08-31,42.20591,42.278059999999996,41.70088,41.77303,1924761.0
2023-09-05,41.77303,43.14382,41.12371,42.56664,1967142.0
2023-09-06,42.56664,43.72099,42.20591,43.21597,1690227.0
2023-09-07,43.648849999999996,43.648849999999996,42.350199999999994,42.42235,2042360.0
2023-09-08,42.278059999999996,43.648849999999996,42.20591,43.21597,1815127.0
2023-09-11,44.00958,44.947489999999995,43.28811,43.28811,2680220.0
2023-09-12,43.86529,44.73105,42.99953,44.73105,1950311.0
2023-09-13,45.38037,46.101839999999996,44.00958,44.29817,2860226.0
2023-09-14,44.29817,44.29817,42.783089999999994,42.92738,3155876.0
2023-09-15,43.21597,43.360260000000004,41.48444,42.4945,1871865.0
2023-09-18,42.20591,43.21597,41.91732,42.20591,1757750.0
2023-09-19,42.855230000000006,43.50455,41.62874,43.50455,2384392.0
2023-09-20,43.72099,45.30823,43.576699999999995,45.16393,2529487.0
2023-09-21,44.73105,45.16393,44.00958,44.00958,2027941.0
2023-09-22,42.56664,43.50455,41.051559999999995,41.84518,3532413.0
2023-09-25,41.84518,42.56664,38.959300000000006,38.959300000000006,2799257.0
2023-09-26,38.02139,40.54653,37.94925,38.959300000000006,2476300.0
2023-09-27,39.680769999999995,41.12371,38.093540000000004,41.12371,1704403.0
2023-09-28,40.47439,41.48444,40.40224,41.051559999999995,1598970.0
2023-09-29,41.48444,42.71094,41.051559999999995,41.77303,2190202.0
2023-10-02,42.20591,42.56664,41.48444,41.77303,944670.0
2023-10-03,41.48444,41.48444,38.88715,38.88715,4014265.0
2023-10-04,37.8771,40.83512,37.66066,40.11365,1525421.0
2023-10-05,40.54653,41.34015,39.680769999999995,39.680769999999995,1256422.0
2023-10-06,39.60862,41.84518,39.1036,41.84518,1798155.0
2023-10-09,41.989470000000004,42.4945,41.34015,42.42235,1579755.0
2023-10-10,42.56664,43.28811,42.13376,42.20591,1891260.0
2023-10-11,42.20591,42.92738,41.84518,42.92738,1431696.0
2023-10-12,43.28811,44.6589,43.07167,43.79314,2692274.0
2023-10-13,43.07167,44.00958,42.63879,43.79314,1816445.0
2023-10-16,44.38114,44.38114,42.69392,42.69392,1644267.0
2023-10-17,42.98735,44.30778,39.832989999999995,39.832989999999995,2736949.0
2023-10-18,40.493199999999995,41.37349,38.14577,41.006699999999995,2822221.0
2023-10-19,41.006699999999995,41.080059999999996,39.24613,39.319489999999995,1728332.0
2023-10-20,38.87934,40.41983999999999,37.778980000000004,39.979699999999994,2210340.0
2023-10-23,39.979699999999994,40.053059999999995,38.585910000000005,38.73263,1115456.0
2023-10-24,39.4662,39.61291000000001,38.36584,39.61291000000001,954541.0
2023-10-25,39.759629999999994,40.859989999999996,39.61291000000001,39.61291000000001,1177739.0
2023-10-26,38.585910000000005,38.87934,36.8987,36.8987,2543894.0
2023-10-27,37.265480000000004,37.4122,34.58794,35.614940000000004,1652031.0
2023-10-30,35.614940000000004,35.8717,33.15748000000001,33.15748000000001,1344663.0
2023-10-31,33.230830000000005,33.48758,30.84672,30.84672,2633403.0
2023-11-01,30.62665,32.27719,29.416259999999998,32.13048,2188679.0
2023-11-02,32.64398,34.36787,32.35055,34.33119,1857309.0
2023-11-03,34.84469,34.91805,33.6343,34.33119,1761728.0
2023-11-06,34.47791,34.84469,34.221160000000005,34.47791,983023.0
2023-11-07,34.33119,35.578269999999996,33.81769,34.40455,1251520.0
2023-11-08,34.221160000000005,36.75198,34.11112,36.75198,1446413.0
2023-11-09,37.4122,38.072410000000005,36.82534,37.045410000000004,1718831.0
2023-11-10,36.67862,37.63227,36.23848,36.27516000000001,1763823.0
2023-11-13,36.23848,37.19213,36.16512,37.045410000000004,1051133.0
2023-11-14,37.778980000000004,38.14577,36.75198,36.97205,1208292.0
2023-11-15,38.14577,38.14577,37.11877,37.4122,1108461.0
2023-11-16,37.4122,37.99906,36.8987,37.9257,834541.0
2023-11-17,38.14577,38.51256,36.31184,37.045410000000004,2020962.0
2023-11-20,36.3852,37.778980000000004,36.3852,37.4122,864815.0
2023-11-21,37.778980000000004,38.87934,37.4122,38.87934,1839144.0
2023-11-22,38.9527,39.02606,38.292480000000005,38.87934,1147156.0
2023-11-23,38.87934,39.24613,36.31184,36.31184,1594898.0
2023-11-24,36.56858999999999,37.265480000000004,35.94505,37.265480000000004,1282125.0
2023-11-27,37.045410000000004,37.4122,36.53191,36.53191,597271.0
2023-11-28,36.53191,36.60527,35.21148,36.49523000000001,1242516.0
2023-11-29,36.60527,37.99906,36.56858999999999,37.778980000000004,1105963.0
2023-11-30,37.778980000000004,38.14577,37.045410000000004,37.045410000000004,1130479.0
2023-12-01,37.265480000000004,38.292480000000005,36.421870000000006,37.778980000000004,1199653.0
2023-12-04,38.4392,39.68626999999999,37.99906,39.17277,2203921.0
2023-12-05,39.17277,39.61291000000001,38.14577,38.14577,1527542.0
2023-12-06,38.21913,39.61291000000001,38.14577,39.539559999999994,2304067.0
2023-12-07,39.90633999999999,39.90633999999999,37.9257,38.87934,1919701.0
2023-12-08,39.02606,40.199769999999994,38.65927,39.02606,1941614.0
2023-12-11,39.02606,39.39284,38.51256,39.02606,837474.0
2023-12-12,39.17277,39.24613,38.51256,38.585910000000005,1069275.0
2023-12-13,38.585910000000005,39.17277,37.778980000000004,37.778980000000004,1330018.0
2023-12-14,38.14577,38.36584,36.49523000000001,36.53191,1885549.0
2023-12-15,36.60527,37.48555,36.16512,37.19213,1006499.0
2023-12-18,37.19213,37.558910000000004,36.31184,36.31184,591336.0
2023-12-19,36.31184,37.19213,36.27516000000001,37.19213,794587.0
2023-12-20,37.4122,37.778980000000004,37.045410000000004,37.778980000000004,747611.0
2023-12-21,37.558910000000004,37.778980000000004,37.33884,37.778980000000004,579035.0
2023-12-22,37.85234,38.14577,37.11877,37.70563,657782.0
2023-12-25,37.558910000000004,38.73263,37.558910000000004,38.73263,1704996.0
2023-12-26,38.80599,38.87934,38.36584,38.51256,1145953.0
2023-12-27,38.51256,38.73263,38.072410000000005,38.51256,1190243.0
2023-12-28,38.51256,38.585910000000005,38.292480000000005,38.292480000000005,1177470.0
2023-12-29,37.85234,38.73263,37.85234,38.36584,1067003.0
2024-01-02,38.585910000000005,38.80599,37.9257,38.36584,1047329.0
2024-01-03,38.292480000000005,41.006699999999995,37.85234,41.006699999999995,5614116.0
2024-01-04,40.93335,41.15342,40.273129999999995,40.346489999999996,2198404.0
2024-01-05,40.63992,41.006699999999995,40.346489999999996,40.786629999999995,2494977.0
2024-01-08,41.080059999999996,41.813629999999996,40.493199999999995,41.59356,2477171.0
2024-01-09,41.59356,41.66692,40.859989999999996,40.93335,1392287.0
2024-01-10,40.566559999999996,40.93335,39.61291000000001,39.979699999999994,2623982.0
2024-01-11,40.126419999999996,40.63992,39.61291000000001,40.126419999999996,1313774.0
2024-01-12,39.759629999999994,40.493199999999995,39.17277,40.199769999999994,2154377.0
2024-01-15,40.273129999999995,40.93335,40.053059999999995,40.199769999999994,1416219.0
2024-01-16,39.90633999999999,41.080059999999996,39.539559999999994,41.080059999999996,1646528.0
2024-01-17,41.300129999999996,41.300129999999996,40.346489999999996,40.346489999999996,1314157.0
2024-01-18,40.346489999999996,40.713269999999994,40.126419999999996,40.713269999999994,981667.0
2024-01-19,40.93335,42.033699999999996,40.346489999999996,40.713269999999994,2637599.0
2024-01-22,40.713269999999994,40.859989999999996,40.053059999999995,40.566559999999996,1283257.0
2024-01-23,40.566559999999996,40.566559999999996,39.979699999999994,40.053059999999995,1263709.0
2024-01-24,39.90633999999999,40.346489999999996,39.319489999999995,39.319489999999995,2068728.0
2024-01-25,39.319489999999995,40.859989999999996,39.24613,40.346489999999996,1355993.0
2024-01-26,40.273129999999995,40.713269999999994,39.68626999999999,39.979699999999994,824361.0
2024-01-29,39.90633999999999,40.346489999999996,39.61291000000001,39.90633999999999,1112282.0
2024-01-30,39.832989999999995,40.566559999999996,39.539559999999994,40.346489999999996,1779421.0
2024-01-31,40.63992,40.63992,39.68626999999999,39.68626999999999,1409727.0
2024-02-01,39.4662,40.41983999999999,39.4662,40.273129999999995,1301963.0
2024-02-02,40.493199999999995,41.59356,40.346489999999996,40.566559999999996,3121312.0
2024-02-05,40.786629999999995,41.006699999999995,40.41983999999999,40.713269999999994,1157806.0
2024-02-06,40.713269999999994,41.66692,40.63992,41.080059999999996,1799672.0
2024-02-07,41.15342,41.59356,40.713269999999994,40.786629999999995,1367755.0
2024-02-15,41.300129999999996,42.47385,40.859989999999996,42.18042,3448828.0
2024-02-16,42.40049,42.62056,41.74028,41.88699,1307563.0
2024-02-19,42.033699999999996,42.5472,41.59356,42.033699999999996,2198889.0
2024-02-20,42.25378,42.25378,41.226769999999995,41.226769999999995,2189155.0
2024-02-21,41.300129999999996,41.88699,41.080059999999996,41.520199999999996,1579061.0
2024-02-22,41.520199999999996,41.520199999999996,40.713269999999994,41.080059999999996,1827275.0
2024-02-23,41.15342,41.15342,39.539559999999994,39.979699999999994,3310579.0
2024-02-26,39.68626999999999,40.493199999999995,39.39284,40.199769999999994,1770834.0
2024-02-27,40.566559999999996,41.080059999999996,40.346489999999996,40.713269999999994,1842294.0
2024-02-28,40.786629999999995,41.44685,40.41983999999999,40.63992,1496546.0
2024-02-29,41.006699999999995,41.37349,40.346489999999996,40.93335,1844619.0
2024-03-01,40.93335,43.64756,40.859989999999996,43.42749,7838668.0
2024-03-04,44.01435,44.01435,43.28078,43.28078,1889052.0
2024-03-05,43.28078,44.38114,43.20742,43.42749,2929623.0
2024-03-06,43.57421,43.86764,42.18042,42.32713,3452787.0
2024-03-07,42.62056,43.28078,42.40049,42.5472,2821738.0
2024-03-08,43.13406,45.48149,42.25378,44.23442,7268489.0
2024-03-11,44.67457,45.26142,43.06071,43.50085,3344866.0
2024-03-12,43.42749,46.5085,43.42749,46.5085,5714365.0
2024-03-13,47.16871,48.78257,46.581849999999996,48.34243,4077645.0
2024-03-14,48.41578,49.44279,47.75557,48.48914,3325188.0
2024-03-15,48.34243,51.276720000000005,48.12236,50.6165,3449242.0
2024-03-18,50.68986,50.983290000000004,47.095349999999996,47.75557,7972707.0
2024-03-19,48.70921,48.70921,47.095349999999996,47.095349999999996,2031359.0
2024-03-20,47.022,48.78257,47.022,48.26907,2814521.0
2024-03-21,48.70921,48.78257,47.75557,48.63586,2467968.0
2024-03-22,49.00264,50.103,48.12236,49.14936,2724753.0
2024-03-25,49.22271,49.5895,47.38878,47.5355,2165515.0
2024-03-26,47.5355,48.049,47.31543,47.75557,1794083.0
2024-03-27,47.75557,49.00264,47.75557,48.12236,1762891.0
2024-03-28,48.85593,49.44279,48.26907,48.26907,2227095.0
2024-03-29,49.00264,50.24972,48.48914,48.48914,2731049.0
2024-04-01,48.5625,49.14936,48.049,48.19571,1425919.0
2024-04-02,48.19571,49.73622,47.60886,49.44279,2618143.0
2024-04-03,49.44279,49.88293,47.90228,48.12236,2695146.0
2024-04-04,47.90228,49.076,47.90228,48.26907,2082961.0
2024-04-05,47.68221,47.90228,46.80193,46.80193,2662700.0
2024-04-08,46.581849999999996,46.87528,44.89464,44.89464,2429622.0
2024-04-09,45.11471,46.21507,44.74792,45.848279999999995,1910699.0
2024-04-10,46.141709999999996,46.5085,45.48149,45.48149,1041952.0
2024-04-11,44.82128,46.5085,44.82128,46.068349999999995,1562168.0
2024-04-12,46.581849999999996,46.65521,45.92164,46.65521,959818.0
2024-04-15,46.581849999999996,46.80193,43.42749,43.42749,2375643.0
2024-04-16,42.91399,43.28078,41.006699999999995,43.28078,3349157.0
2024-04-17,43.50085,43.50085,40.786629999999995,40.786629999999995,1733565.0
2024-04-19,39.979699999999994,41.813629999999996,38.36584,39.24613,3239085.0
2024-04-22,40.053059999999995,41.44685,39.832989999999995,41.44685,1817333.0
2024-04-23,41.520199999999996,41.66692,40.199769999999994,40.346489999999996,1507357.0
2024-04-24,41.080059999999996,43.06071,41.080059999999996,43.06071,2296110.0
2024-04-25,43.06071,43.64756,42.40049,42.76728,1458461.0
2024-04-26,42.033699999999996,43.94099,42.033699999999996,43.28078,1666184.0
2024-05-02,44.01435,44.74792,43.50085,43.50085,1558200.0
2024-05-03,43.64756,43.86764,43.13406,43.28078,1417281.0
2024-05-06,43.50085,45.188069999999996,43.50085,44.74792,1665651.0
2024-05-07,45.26142,45.26142,44.52785,44.82128,1289882.0
2024-05-08,44.08771,46.21507,43.86764,45.11471,2340724.0
2024-05-09,45.33478,45.848279999999995,44.38114,44.96799,1565414.0
2024-05-10,45.11471,45.11471,43.79428,44.30778,1847202.0
2024-05-13,44.74792,44.74792,43.64756,43.72092,1643654.0
2024-05-14,44.16106,44.96799,43.86764,44.67457,1778653.0
2024-05-15,44.89464,46.068349999999995,44.52785,45.33478,2377126.0
2024-05-16,46.141709999999996,46.141709999999996,45.04135,45.33478,1961933.0
2024-05-17,45.48149,47.095349999999996,45.188069999999996,46.94864,3864096.0
2024-05-20,46.94864,47.31543,46.21507,46.94864,2170338.0
2024-05-21,46.581849999999996,47.68221,46.43514,47.5355,2248599.0
2024-05-22,47.75557,47.75557,46.288419999999995,46.80193,2166087.0
2024-05-23,46.65521,47.095349999999996,46.068349999999995,46.87528,2018732.0
2024-05-24,46.581849999999996,48.12236,44.01435,46.21507,4019246.0
2024-05-27,46.361779999999996,46.581849999999996,45.33478,46.141709999999996,1064119.0
2024-05-28,46.361779999999996,47.5355,46.288419999999995,47.31543,2495256.0
2024-05-29,47.38878,47.68221,46.288419999999995,46.65521,1881923.0
2024-05-30,45.92164,46.87528,45.11471,46.87528,2217577.0
2024-05-31,46.94864,48.70921,46.65521,47.68221,4468736.0
2024-06-03,48.26907,48.26907,47.38878,47.38878,1336576.0
2024-06-04,47.68221,47.82893,47.16871,47.24207,1576808.0
2024-06-05,47.31543,47.75557,46.65521,46.65521,1605786.0
2024-06-06,46.87528,47.31543,46.288419999999995,46.72857,1492383.0
2024-06-07,46.94864,47.5355,46.72857,47.31543,1262174.0
2024-06-10,47.60886,48.26907,47.022,47.24207,1613086.0
2024-06-11,47.38878,47.68221,46.581849999999996,47.16871,1635244.0
2024-06-12,47.31543,48.78257,47.095349999999996,48.41578,3333176.0
2024-06-13,48.85593,48.85593,47.90228,48.049,1094788.0
2024-06-14,48.049,48.70921,46.288419999999995,46.288419999999995,2968654.0
2024-06-17,46.361779999999996,46.65521,45.408139999999996,45.48149,2163209.0
2024-06-18,45.77492,46.141709999999996,45.55485,45.55485,1313905.0
2024-06-19,45.55485,46.361779999999996,45.48149,45.848279999999995,1217303.0
2024-06-20,46.141709999999996,46.288419999999995,45.55485,46.141709999999996,1074803.0
2024-06-21,46.43514,47.5355,45.92164,46.80193,1884355.0
2024-06-24,46.72857,46.94864,44.60121,44.60121,2320606.0
2024-06-25,44.60121,45.26142,44.16106,44.82128,1491644.0
2024-06-26,44.89464,45.55485,44.38114,45.408139999999996,719305.0
2024-06-27,45.188069999999996,45.48149,45.11471,45.33478,674159.0
2024-06-28,45.48149,45.77492,44.16106,44.89464,1715041.0
2024-07-01,45.188069999999996,46.361779999999996,44.74792,46.141709999999996,1635619.0
2024-07-02,46.43514,46.72857,45.995,46.5085,1079518.0
2024-07-03,46.288419999999995,46.94864,46.288419999999995,46.87528,1265334.0
2024-07-04,46.581849999999996,47.022,46.21507,46.43514,1011638.0
2024-07-05,46.5085,47.31543,46.21507,47.31543,1971827.0
2024-07-08,47.97564,48.049,47.46214,47.75557,2139829.0
2024-07-09,47.75557,47.97564,47.24207,47.90228,1658596.0
2024-07-10,48.12236,48.19571,46.94864,46.94864,1682593.0
2024-07-11,47.095349999999996,47.68221,47.095349999999996,47.31543,1329428.0
2024-07-12,47.60886,48.78257,47.31543,47.60886,3906354.0
2024-07-15,47.68221,48.049,47.022,47.5355,869279.0
2024-07-16,47.5355,47.97564,46.87528,46.94864,1648330.0
2024-07-17,47.31543,48.26907,45.92164,46.94864,3596598.0
2024-07-18,46.94864,48.049,45.995,48.049,1571198.0
2024-07-19,47.82893,49.95629,47.68221,49.076,5263571.0
2024-07-22,49.14936,49.29607,47.38878,48.85593,2389262.0
2024-07-23,49.51614,49.51614,45.48149,45.48149,4730715.0
2024-07-24,44.45449,44.74792,42.32713,42.98735,5212364.0
2024-07-25,42.98735,44.01435,42.62056,43.79428,1405556.0
2024-07-26,43.86764,44.52785,43.57421,44.23442,1726409.0
2024-07-29,44.60121,44.60121,44.08771,44.30778,1564770.0
2024-07-30,44.30778,44.45449,43.42749,43.86764,1261127.0
2024-07-31,44.01435,44.67457,43.57421,43.57421,1172511.0
2024-08-01,43.50085,43.72092,40.786629999999995,40.786629999999995,3362006.0
2024-08-02,40.346489999999996,42.5472,40.346489999999996,42.40049,1666746.0
2024-08-05,41.44685,42.10706,39.832989999999995,39.832989999999995,2493400.0
2024-08-06,40.713269999999994,41.300129999999996,40.126419999999996,41.080059999999996,1874057.0
2024-08-07,41.300129999999996,41.520199999999996,40.346489999999996,41.006699999999995,930545.0
2024-08-08,41.006699999999995,41.813629999999996,40.566559999999996,41.006699999999995,1354435.0
2024-08-09,41.37349,42.91399,41.37349,42.84063,2139452.0
2024-08-12,42.84063,43.28078,42.5472,43.28078,1341294.0
2024-08-13,43.28078,43.57421,42.5472,43.28078,1465762.0
2024-08-14,43.35413,43.50085,42.91399,43.13406,1004350.0
2024-08-15,43.28078,43.94099,42.5472,43.13406,1475873.0
2024-08-16,43.42749,44.89464,43.28078,44.38114,1773732.0
2024-08-19,44.52785,45.33478,44.45449,44.52785,968295.0
2024-08-20,44.52785,44.96799,44.30778,44.74792,1100748.0
2024-08-21,44.67457,46.43514,44.67457,45.48149,2088668.0
2024-08-22,45.48149,45.70157,45.04135,45.48149,766537.0
2024-08-23,45.408139999999996,45.70157,45.11471,45.408139999999996,795026.0
2024-08-26,45.408139999999996,45.70157,44.60121,44.60121,1559539.0
2024-08-27,44.60121,44.74792,44.08771,44.60121,1241140.0
2024-08-28,44.67457,44.74792,44.16106,44.60121,716654.0
2024-08-29,44.67457,45.04135,44.45449,44.60121,815424.0
2024-08-30,44.96799,45.408139999999996,44.45449,45.408139999999996,1149415.0
2024-09-04,44.82128,45.188069999999996,44.60121,44.96799,813616.0
2024-09-05,45.188069999999996,46.21507,44.89464,45.188069999999996,2077524.0
2024-09-06,45.26142,45.48149,44.67457,45.48149,1036132.0
2024-09-09,45.48149,46.068349999999995,45.26142,45.848279999999995,2003991.0
2024-09-10,45.92164,46.21507,45.628209999999996,45.77492,1768897.0
2024-09-11,45.77492,45.92164,45.188069999999996,45.188069999999996,1254349.0
2024-09-12,45.408139999999996,45.48149,44.38114,44.45449,1895045.0
2024-09-13,45.577839999999995,45.577839999999995,44.520129999999995,44.520129999999995,890670.0
2024-09-16,44.32782,44.71244,44.08743,44.423970000000004,654841.0
2024-09-17,44.135510000000004,45.2413,44.135510000000004,45.09706,988964.0
2024-09-18,45.09706,45.674,45.000910000000005,45.52977,1062405.0
2024-09-19,45.674,45.674,45.193220000000004,45.674,821785.0
2024-09-20,46.15478,46.20286,45.86631,46.058620000000005,1240329.0
2024-09-23,46.058620000000005,46.058620000000005,45.674,45.96247,565755.0
2024-09-24,45.674,46.44325,45.674,46.058620000000005,626359.0
2024-09-25,46.15478,46.63556,46.058620000000005,46.44325,1140689.0
2024-09-26,46.63556,46.63556,45.86631,45.86631,939537.0
2024-09-27,46.15478,46.15478,45.193220000000004,45.48169,1632991.0
2024-09-30,45.674,45.674,45.048989999999996,45.048989999999996,886343.0
2024-10-01,45.385529999999996,45.72208,45.289379999999994,45.577839999999995,809996.0
2024-10-02,45.52977,45.52977,44.8086,44.8086,1094434.0
2024-10-03,45.289379999999994,45.289379999999994,44.3759,44.423970000000004,1371797.0
2024-10-04,44.423970000000004,44.56821,44.231660000000005,44.231660000000005,808376.0
2024-10-07,44.32782,44.71244,43.94319,43.94319,786317.0
2024-10-08,43.84704,44.03935,43.17395,43.17395,2080372.0
2024-10-09,43.17395,43.750879999999995,43.17395,43.750879999999995,782166.0
2024-10-10,44.231660000000005,44.231660000000005,43.46242,43.55857,927704.0
2024-10-11,43.55857,44.08743,43.55857,43.895120000000006,445594.0
2024-10-14,44.03935,44.66436,43.65473,43.750879999999995,1015517.0
2024-10-15,43.750879999999995,43.895120000000006,43.366260000000004,43.366260000000004,572624.0
2024-10-16,43.46242,44.27974,43.414339999999996,44.27974,860612.0
2024-10-17,44.3759,44.423970000000004,43.79896,44.27974,541875.0
2024-10-18,44.18358,44.3759,43.65473,43.70281,941309.0
2024-10-21,43.70281,43.94319,43.46242,43.70281,581998.0
2024-10-22,43.366260000000004,43.55857,42.02008,42.21239,2482208.0
2024-10-23,42.21239,42.26047,41.39507,41.827769999999994,1820603.0
2024-10-24,41.923919999999995,42.16431,41.25083,41.25083,1380149.0
2024-10-25,41.25083,41.63546,40.91429,40.91429,899865.0
2024-10-28,40.91429,41.20275,40.91429,41.15468,910836.0
2024-10-29,41.34699,41.972,41.34699,41.923919999999995,879551.0
2024-10-30,42.21239,42.21239,41.25083,41.34699,1050075.0
2024-10-31,41.44314,41.539300000000004,41.20275,41.39507,628197.0
2024-11-01,41.39507,41.39507,40.91429,40.96237,709677.0
2024-11-04,40.96237,41.20275,40.19312,40.6739,1290521.0
2024-11-05,40.57774,40.770050000000005,40.2412,40.38543,779277.0
2024-11-06,40.57774,42.16431,40.57774,42.11623,1501550.0
2024-11-07,42.50086,42.50086,41.63546,41.77969,632164.0
2024-11-08,41.827769999999994,41.923919999999995,41.058519999999994,41.73161,1191087.0
2024-11-11,41.73161,41.73161,40.86621,41.44314,1075757.0
2024-11-12,41.34699,41.68353,40.770050000000005,40.86621,1317421.0
2024-11-13,40.72198,41.39507,40.48159,41.39507,953845.0
2024-11-14,41.34699,41.73161,40.6739,40.6739,1108500.0
2024-11-15,40.72198,40.72198,39.42387,39.61618,1475719.0
2024-11-18,39.66426,39.904650000000004,38.846940000000004,38.94309,1162852.0
2024-11-19,39.37579,39.37579,38.94309,38.99117,668674.0
2024-11-20,38.895019999999995,39.8085,38.17385,39.42387,1065755.0
2024-11-21,39.47195,39.85657,38.94309,39.85657,563662.0
2024-11-22,39.71234,39.95273,39.42387,39.85657,844243.0
2024-11-25,39.8085,39.904650000000004,39.18348,39.18348,1188714.0
2024-11-26,39.37579,39.8085,39.231559999999995,39.27964,1312285.0
2024-11-27,39.27964,40.000809999999994,39.27964,39.8085,1190039.0
2024-11-28,40.2412,40.2412,39.56811,39.56811,657157.0
2024-11-29,39.56811,41.68353,38.51039,41.587379999999996,4593488.0
2024-12-02,41.587379999999996,41.587379999999996,41.1066,41.34699,1074400.0
2024-12-03,41.15468,41.587379999999996,40.72198,40.72198,2203280.0
2024-12-04,40.770050000000005,41.25083,40.52966000000001,41.1066,1517476.0
2024-12-05,40.770050000000005,41.923919999999995,40.57774,41.77969,2698447.0
2024-12-06,42.02008,42.02008,41.44314,41.49122,1635435.0
2024-12-09,41.49122,41.539300000000004,41.15468,41.25083,1365401.0
2024-12-10,41.29891000000001,41.34699,40.96237,41.15468,1025428.0
2024-12-11,41.15468,41.39507,40.81813,40.86621,1138579.0
2024-12-12,40.86621,41.20275,40.289269999999995,40.38543,2218676.0
2024-12-13,40.38543,40.57774,39.760419999999996,39.8085,1457494.0
2024-12-16,39.8085,40.19312,39.37579,39.42387,1209429.0
2024-12-17,39.61618,40.14504,39.52003,40.096959999999996,678348.0
2024-12-18,40.04889,40.33735,39.47195,40.096959999999996,1307432.0
2024-12-19,39.52003,39.8085,39.13541,39.52003,1544774.0
2024-12-20,39.52003,39.904650000000004,39.42387,39.760419999999996,790109.0
2024-12-23,40.2412,40.289269999999995,39.85657,39.95273,615048.0
2024-12-24,39.904650000000004,40.000809999999994,39.37579,39.8085,968369.0
2024-12-25,39.8085,40.2412,39.760419999999996,39.760419999999996,1425906.0
2024-12-26,39.8085,40.14504,39.42387,39.42387,1201801.0
2024-12-27,39.42387,39.71234,39.27964,39.27964,1065624.0
2024-12-30,39.42387,39.56811,39.03925,39.03925,804874.0
2024-12-31,39.231559999999995,39.231559999999995,38.65463,38.65463,1135124.0
2025-01-02,38.895019999999995,39.71234,38.51039,39.71234,1376234.0
2025-01-03,39.56811,39.56811,38.65463,38.65463,787565.0
2025-01-06,38.94309,38.94309,37.11613,37.30845,1756698.0
2025-01-07,37.50076,37.78922,36.34689,36.34689,2045591.0
2025-01-08,36.15458,36.82767,36.15458,36.44304,1034027.0
2025-01-09,36.539199999999994,36.77959,36.34689,36.34689,508540.0
2025-01-10,36.34689,36.635349999999995,35.96226,35.96226,842052.0
2025-01-13,35.72187,36.298809999999996,35.62572,36.05842,816138.0
2025-01-14,36.15458,36.539199999999994,36.01034,36.01034,311837.0
2025-01-15,36.05842,36.20265,35.81803,35.81803,670037.0
2025-01-16,36.34689,36.44304,35.914190000000005,35.914190000000005,487654.0
2025-01-17,35.914190000000005,36.34689,35.914190000000005,36.250730000000004,817705.0
2025-01-20,36.539199999999994,36.9719,36.44304,36.82767,638639.0
2025-01-21,37.11613,37.11613,36.15458,36.15458,925660.0
2025-01-22,36.298809999999996,36.34689,35.81803,35.81803,1144834.0
2025-01-23,36.1065,36.250730000000004,35.769949999999994,36.1065,684500.0
2025-01-24,35.86611,36.87574,35.86611,36.539199999999994,1055913.0
2025-02-03,36.539199999999994,37.16421,36.250730000000004,36.68343,749647.0
2025-02-04,36.73151,37.16421,36.58728,37.11613,603207.0
2025-02-05,37.45268,37.45268,37.019980000000004,37.068059999999996,760276.0
2025-02-06,37.356519999999996,37.837300000000006,36.9719,37.54883,1279501.0
2025-02-07,37.54883,37.78922,37.30845,37.30845,701456.0
2025-02-10,37.21229,37.21229,36.44304,36.539199999999994,1110538.0
2025-02-11,36.250730000000004,36.539199999999994,36.1065,36.20265,801349.0
2025-02-12,36.05842,36.73151,36.05842,36.34689,470731.0
2025-02-13,36.05842,36.49112,36.05842,36.298809999999996,396009.0
2025-02-14,36.250730000000004,36.73151,36.1065,36.39497,1361857.0
2025-02-17,36.58728,36.73151,36.20265,36.250730000000004,837592.0
2025-02-18,36.250730000000004,36.92382,36.250730000000004,36.34689,873640.0
2025-02-19,36.539199999999994,37.78922,36.539199999999994,37.30845,2809203.0
2025-02-20,37.50076,37.59691,37.16421,37.26037,1144820.0
2025-02-21,37.26037,37.69307,36.77959,37.26037,1756100.0
2025-02-24,37.26037,37.69307,37.019980000000004,37.69307,991626.0
2025-02-25,37.98154,38.27,37.4046,37.4046,1270278.0
2025-02-26,37.45268,37.98154,37.45268,37.64499,1154257.0
2025-02-27,37.64499,37.88538,37.21229,37.78922,941662.0
2025-02-28,37.98154,38.79886,37.78922,38.27,2902609.0
2025-03-03,38.462309999999995,38.79886,38.31808,38.36616,1018364.0
2025-03-04,38.17385,38.36616,37.50076,38.22193,1571563.0
2025-03-05,38.27,38.31808,37.45268,37.50076,2436710.0
2025-03-06,37.50076,39.42387,37.50076,39.42387,3507740.0
2025-03-07,39.47195,39.71234,38.94309,39.18348,1854658.0
2025-03-10,39.18348,39.42387,38.895019999999995,39.08733,1918371.0
2025-03-11,38.75078,40.000809999999994,38.31808,39.904650000000004,3242860.0
2025-03-12,40.096959999999996,40.096959999999996,39.56811,39.56811,1122709.0
2025-03-13,39.71234,39.71234,38.55847,38.65463,1466840.0
2025-03-14,38.65463,39.13541,38.55847,38.75078,1249163.0
2025-03-17,39.03925,39.18348,38.846940000000004,38.94309,961354.0
2025-03-18,39.18348,39.27964,38.55847,38.55847,768427.0
2025-03-19,38.27,38.55847,37.45268,37.78922,2092509.0
2025-03-20,38.077690000000004,38.077690000000004,37.30845,37.50076,1330020.0
2025-03-21,37.4046,37.88538,37.4046,37.741150000000005,379706.0
2025-03-24,37.69307,37.98154,37.019980000000004,37.93346,1029926.0
2025-03-25,37.93346,38.22193,37.69307,37.78922,677670.0
2025-03-26,37.78922,38.31808,37.356519999999996,37.356519999999996,674258.0
2025-03-27,37.50076,37.59691,37.21229,37.21229,485898.0
2025-03-28,37.30845,37.30845,36.44304,36.539199999999994,1514856.0
2025-03-31,36.44304,36.539199999999994,36.05842,36.15458,905395.0
2025-04-01,36.15458,36.635349999999995,36.15458,36.250730000000004,375697.0
2025-04-02,36.39497,37.21229,36.39497,36.82767,575317.0
2025-04-03,34.42377,35.914190000000005,34.279540000000004,34.279540000000004,1647607.0
2025-04-04,31.92372,32.21219,31.92372,31.92372,4347506.0
2025-04-08,29.712139999999998,30.28907,29.712139999999998,29.712139999999998,1158938.0
2025-04-09,27.64479,29.1352,27.64479,27.64479,2791118.0
2025-04-10,29.5679,29.5679,29.5679,29.5679,372191.0
2025-04-11,31.63525,31.63525,29.712139999999998,31.63525,3950478.0
2025-04-14,32.21219,33.17375,31.73141,33.17375,1575505.0
2025-04-15,33.17375,33.17375,31.82757,32.21219,970822.0
2025-04-16,32.11603,32.64489,30.769849999999998,30.96216,957929.0
2025-04-17,30.28907,31.25063,29.80829,31.05832,1274232.0
2025-04-18,31.25063,32.06795,31.20255,31.20255,649098.0
2025-04-21,31.25063,31.25063,30.28907,30.48138,749700.0
2025-04-22,29.95253,30.86601,28.365959999999998,30.38523,1697520.0
2025-04-23,30.769849999999998,31.63525,30.6737,31.44294,738434.0
2025-04-24,31.73141,31.971799999999998,31.010240000000003,31.49102,639944.0
2025-04-25,31.73141,31.82757,31.15447,31.49102,947055.0
2025-04-28,31.539099999999998,32.452580000000005,31.539099999999998,31.58718,907015.0
2025-04-29,31.58718,31.779490000000003,31.39486,31.39486,456744.0
2025-05-05,31.73141,31.73141,30.91409,31.68333,540358.0
2025-05-06,31.73141,32.452580000000005,31.73141,31.92372,1182132.0
2025-05-07,31.82757,32.01988,31.49102,31.68333,665330.0
2025-05-08,32.06795,32.88528,31.82757,32.54873,1783761.0
2025-05-09,32.54873,32.789120000000004,32.21219,32.21219,970949.0
2025-05-12,32.500659999999996,32.54873,31.73141,32.01988,959845.0
2025-05-13,32.837199999999996,32.88528,32.21219,32.500659999999996,2068292.0
2025-05-14,32.789120000000004,33.558370000000004,32.64489,33.2699,2594918.0
2025-05-15,33.65453,33.65453,32.93336,33.077589999999994,1228858.0
2025-05-16,33.077589999999994,33.17375,32.4045,32.4045,1344693.0
2025-05-19,32.26027,32.59681,31.779490000000003,31.779490000000003,1064801.0
2025-05-20,31.82757,32.21219,31.779490000000003,32.06795,1339765.0
2025-05-21,32.01988,32.21219,31.779490000000003,31.82757,915984.0
2025-05-22,31.82757,32.59681,31.63525,31.87564,1191003.0
2025-05-23,31.82738,32.12027,31.14397,31.2416,1201967.0
2025-05-26,31.2416,31.82738,30.2653,31.72975,951955.0
2025-05-27,31.72975,33.145379999999996,31.583299999999998,32.901309999999995,2556744.0
2025-05-28,33.243019999999994,33.34064,32.559599999999996,32.608419999999995,1595190.0
2025-05-29,32.70605,33.291830000000004,32.65723,32.70605,1178955.0
2025-05-30,32.75486,32.80368,31.82738,31.82738,1492526.0
2025-06-02,31.63212,32.46198,31.48568,32.46198,664828.0
2025-06-03,32.70605,33.584720000000004,32.70605,33.34064,3063396.0
2025-06-04,33.34064,34.805099999999996,33.34064,34.41457,3062416.0
2025-06-05,34.21931,34.5122,33.87761,34.12168,1341730.0
2025-06-06,34.1705,34.1705,32.901309999999995,32.901309999999995,1564429.0
2025-06-09,32.950120000000005,34.46339,32.950120000000005,33.87761,2230680.0
2025-06-10,34.07287,36.22073,34.07287,36.22073,6767905.0
2025-06-11,36.51362,38.27096,36.22073,37.88044,6540370.0
2025-06-12,38.0757,39.491339999999994,37.48992,39.34489,6805194.0
2025-06-13,38.661480000000005,39.6866,38.36859,39.34489,4852479.0
2025-06-16,39.442519999999995,39.833040000000004,38.661480000000005,39.491339999999994,2914523.0
2025-06-17,39.63778,40.27238,39.63778,40.0283,4384412.0
2025-06-18,39.78422,40.858160000000005,39.491339999999994,40.0283,2746795.0
2025-06-19,40.0283,42.81076,39.247260000000004,42.81076,7331381.0
2025-06-20,42.9572,43.73824,42.71312,43.44535,3018808.0
2025-06-23,42.76194,43.44535,40.80934,41.9809,3707828.0
2025-06-24,42.27379,42.56668,41.004599999999996,41.9809,2510982.0
2025-06-25,42.56668,43.9335,42.27379,42.85957,3234670.0
2025-06-26,43.15246,45.00743,42.51786,44.909800000000004,3688106.0
2025-06-27,44.909800000000004,45.00743,43.64061,43.73824,2101354.0
2025-06-30,43.9335,44.37284,42.12734,42.9572,3650719.0
2025-07-01,43.2989,43.44535,42.17616,42.76194,1661213.0
2025-07-02,43.44535,44.56809,43.05483,43.64061,2779644.0
2025-07-03,43.25008999999999,43.2989,41.102230000000006,42.71312,3930197.0
2025-07-04,42.71312,42.76194,41.73682,42.76194,3318141.0
2025-07-07,42.9572,43.201269999999994,42.07853,43.00602,2357141.0
2025-07-08,43.15246,43.73824,42.71312,43.10364,2145141.0
2025-07-09,43.25008999999999,43.34772,42.66431,43.15246,2337783.0
2025-07-10,43.15246,44.51928,42.9572,43.64061,4702285.0
2025-07-11,43.64061,43.68942,42.76194,42.9572,2635701.0
2025-07-14,42.56668,43.88468,42.17616,43.54298,2653638.0
2025-07-15,44.17758,45.056239999999995,42.9572,42.9572,4058055.0
2025-07-16,43.00602,43.39654,42.76194,43.15246,1567319.0
2025-07-17,43.25008999999999,44.66572,43.10364,43.44535,3663238.0
2025-07-18,43.88468,45.8861,43.39654,45.495580000000004,6785443.0
2025-07-21,46.37425,46.37425,44.42165,44.909800000000004,2538618.0
2025-07-22,44.71454,45.446760000000005,44.12876,45.349129999999995,2761160.0
2025-07-23,45.5444,47.350550000000005,45.2515,46.8624,4556971.0
2025-07-24,46.960029999999996,47.350550000000005,45.59321,45.8861,2104491.0
2025-07-25,45.8861,46.71595,45.349129999999995,45.349129999999995,2974093.0
2025-07-28,45.202690000000004,46.37425,44.860980000000005,45.397949999999994,5034075.0
2025-07-29,45.8861,45.8861,42.22498,42.22498,6575012.0
2025-07-30,41.9809,42.9572,41.004599999999996,41.9809,3181117.0
2025-07-31,42.76194,42.76194,41.053419999999996,41.54156,1536278.0
2025-08-01,41.590379999999996,42.56668,41.49275,42.37142,1653363.0
2025-08-04,42.46905,43.64061,42.46905,43.64061,1590279.0
2025-08-05,43.9335,44.2752,40.66289,42.66431,3419276.0
2025-08-06,43.00602,45.642019999999995,42.46905,45.59321,6400138.0
2025-08-07,45.98373,45.98373,44.616910000000004,45.349129999999995,2924036.0
2025-08-08,45.397949999999994,46.37425,44.2752,44.71454,5566841.0
2025-08-11,45.056239999999995,46.27662,44.76336,46.17899,5952402.0
2025-08-12,47.350550000000005,48.32685,46.32544,47.00884,4168254.0
2025-08-13,46.91122,47.15529,45.00743,45.495580000000004,5620374.0
2025-08-14,45.8861,45.98373,44.51928,45.2515,4483200.0
2025-08-15,45.690839999999994,45.690839999999994,43.2989,44.32402,3870379.0
2025-08-18,44.2752,44.909800000000004,43.54298,43.54298,2835394.0
2025-08-19,44.12876,44.12876,42.9572,43.88468,3610672.0
2025-08-20,43.78706,44.812169999999995,41.49275,42.029720000000005,4013317.0
2025-08-21,42.029720000000005,42.42024,40.07712,40.51645,5167443.0
2025-08-22,40.51645,41.395120000000006,39.34489,41.004599999999996,2948857.0
2025-08-25,41.78564,41.78564,39.540150000000004,39.540150000000004,1692105.0
2025-08-26,39.149629999999995,41.590379999999996,39.149629999999995,41.590379999999996,1550566.0
2025-08-27,41.639199999999995,41.78564,40.56526,40.56526,2736903.0
2025-08-28,40.71171,41.443940000000005,40.61408,41.102230000000006,1476170.0
2025-08-29,40.71171,41.443940000000005,40.22356,41.004599999999996,3458047.0
2025-09-03,41.004599999999996,42.17616,40.71171,42.12734,2961037.0
2025-09-04,42.56668,42.9572,42.17616,42.9572,2598352.0
2025-09-05,43.68942,43.68942,42.07853,42.07853,2953516.0
2025-09-08,41.73682,41.93208,40.22356,40.32119,2238442.0
2025-09-09,40.41882,40.90697,40.12593,40.76052,968994.0
2025-09-10,41.053419999999996,41.73682,40.858160000000005,41.590379999999996,1704089.0
2025-09-11,41.639199999999995,42.81076,39.58896,42.71312,2981283.0
2025-09-12,42.9572,44.2752,42.71312,44.12876,4340819.0
2025-09-15,44.42165,44.71454,43.98231,44.42165,2349513.0
2025-09-16,44.42165,45.105059999999995,43.98231,44.2752,3717904.0
2025-09-17,44.2752,45.15388,43.9335,43.9335,2873526.0
2025-09-18,44.12876,44.17758,42.46905,42.46905,2667877.0
2025-09-19,42.85957,42.9572,41.9809,42.17616,1192796.0
2025-09-22,42.51786,42.51786,40.51645,40.76052,2595947.0
2025-09-23,40.76052,41.49275,40.56526,40.90697,780151.0
2025-09-24,40.76052,41.9809,40.22356,41.93208,1377503.0
2025-09-25,41.93208,42.029720000000005,41.297489999999996,41.395120000000006,938222.0
2025-09-26,41.49275,41.78564,40.46763,40.51645,1958732.0
2025-09-29,40.56526,40.61408,40.0283,40.0283,998457.0
2025-09-30,40.22356,40.51645,39.540150000000004,40.22356,1098836.0
2025-10-01,40.32119,40.80934,40.32119,40.66289,386430.0
2025-10-02,41.004599999999996,41.004599999999996,39.73541,39.88185,615404.0
2025-10-03,39.63778,40.0283,39.00318,39.052,1064663.0
2025-10-06,39.100809999999996,40.80934,39.100809999999996,40.76052,746262.0
2025-10-07,41.004599999999996,41.004599999999996,40.0283,40.07712,684875.0
2025-10-08,40.51645,41.297489999999996,40.0283,40.27238,2049228.0
2025-10-09,41.004599999999996,41.004599999999996,39.93067,39.93067,1735265.0
2025-10-10,40.0283,41.004599999999996,39.97948,40.12593,1717795.0
2025-10-13,39.442519999999995,39.833040000000004,38.954370000000004,39.100809999999996,2625804.0
2025-10-14,39.247260000000004,39.393699999999995,37.29466,39.052,5157227.0
2025-10-15,39.052,40.0283,38.563849999999995,39.93067,1874230.0
2025-10-16,40.17474,40.90697,39.6866,39.833040000000004,1356659.0
2025-10-17,40.12593,40.12593,39.247260000000004,39.247260000000004,1326521.0
2025-10-20,39.34489,39.73541,36.51362,36.51362,2286650.0
2025-10-21,36.1231,37.0994,35.634949999999996,36.660059999999994,1531272.0
2025-10-22,37.39229,38.0757,36.80651,38.0757,1232872.0
2025-10-23,37.63636,38.515029999999996,37.63636,38.0757,684720.0
2025-10-24,37.78281,38.905559999999994,37.78281,38.661480000000005,1116098.0
2025-10-27,38.75911,39.052,38.0757,38.12452,618610.0
2025-10-28,38.12452,39.149629999999995,37.53874,39.100809999999996,1186580.0
2025-10-29,39.442519999999995,39.540150000000004,38.856739999999995,38.856739999999995,798208.0
2025-10-30,39.052,39.73541,38.612660000000005,39.6866,1289192.0
2025-10-31,39.93067,40.32119,38.856739999999995,38.905559999999994,948740.0
2025-11-03,38.954370000000004,40.46763,38.710300000000004,39.149629999999995,2070427.0
2025-11-04,38.612660000000005,39.73541,37.63636,39.58896,1220507.0
2025-11-05,39.442519999999995,39.442519999999995,38.807919999999996,38.856739999999995,782847.0
2025-11-06,38.661480000000005,39.442519999999995,37.78281,37.88044,1651167.0
2025-11-07,38.0757,39.00318,37.0994,37.58755,819007.0
2025-11-10,37.58755,38.563849999999995,37.53874,37.78281,839447.0
2025-11-11,38.02688,38.563849999999995,37.78281,38.515029999999996,771880.0
2025-11-12,38.75911,39.34489,38.4174,39.34489,899241.0
2025-11-13,39.247260000000004,40.07712,38.46622,38.46622,1476058.0
2025-11-14,38.563849999999995,39.247260000000004,38.4174,39.00318,583208.0
2025-11-17,39.00318,41.688010000000006,39.00318,41.688010000000006,3807857.0
2025-11-18,42.07853,44.32402,41.93208,43.78706,5921374.0
2025-11-19,43.44535,44.17758,42.07853,42.46905,3206627.0
2025-11-20,42.908379999999994,43.54298,42.029720000000005,43.34772,3154117.0
2025-11-21,42.81076,44.2752,42.27379,43.83587,2796525.0
2025-11-24,43.9335,43.98231,42.76194,42.85957,1353593.0
2025-11-25,42.908379999999994,43.64061,42.17616,42.71312,2176784.0
2025-11-26,42.76194,43.201269999999994,40.07712,42.42024,2031925.0
2025-11-27,42.42024,44.07994,42.22498,43.10364,3372844.0
2025-11-28,43.201269999999994,43.9335,42.66431,42.66431,2246119.0
2025-12-01,42.76194,44.03113,42.17616,42.56668,2145848.0
2025-12-02,42.56668,42.85957,41.688010000000006,42.07853,1849625.0
2025-12-03,42.27379,44.2752,42.27379,43.64061,2981292.0
2025-12-04,43.9335,45.15388,42.9572,42.9572,3161918.0
2025-12-05,42.9572,43.44535,42.51786,42.51786,1594669.0
2025-12-08,42.51786,43.10364,41.49275,41.49275,1662043.0
2025-12-09,41.49275,41.93208,40.17474,40.51645,2051543.0
2025-12-10,40.51645,41.3463,40.41882,40.66289,654956.0
2025-12-11,40.66289,41.004599999999996,40.27238,40.27238,540709.0
2025-12-12,40.37,40.66289,38.0757,38.27096,1847841.0
2025-12-15,38.0757,38.46622,37.48992,37.48992,1293579.0
2025-12-16,37.58755,39.63778,36.70888,39.34489,1641663.0
2025-12-17,39.58896,39.58896,38.563849999999995,39.00318,525979.0
2025-12-18,38.563849999999995,39.491339999999994,38.0757,39.491339999999994,1292600.0
2025-12-19,39.100809999999996,39.198440000000005,38.31978,39.198440000000005,1362991.0
2025-12-22,39.198440000000005,39.540150000000004,38.612660000000005,39.540150000000004,1191456.0
2025-12-23,39.833040000000004,40.12593,38.856739999999995,38.856739999999995,1455811.0
2025-12-24,38.807919999999996,39.247260000000004,38.31978,39.052,1268712.0
2025-12-25,39.247260000000004,39.63778,38.515029999999996,38.661480000000005,1102030.0
2025-12-26,38.27096,38.563849999999995,37.58755,38.12452,1188559.0
2025-12-29,37.97807,39.34489,37.92925,39.149629999999995,1294354.0
2025-12-30,39.149629999999995,39.29607,38.563849999999995,38.661480000000005,628662.0
2025-12-31,38.661480000000005,38.905559999999994,38.0757,38.0757,889235.0
2026-01-05,38.12452,40.71171,37.58755,40.71171,4128592.0
2026-01-06,41.15104,41.443940000000005,40.51645,41.19986,1426040.0
2026-01-07,41.395120000000006,42.51786,40.61408,41.93208,2290901.0
2026-01-08,42.029720000000005,42.029720000000005,40.22356,40.22356,2144851.0
2026-01-09,40.61408,41.83445,39.833040000000004,41.004599999999996,1722131.0
2026-01-12,41.49275,42.908379999999994,40.80934,42.66431,3049265.0
2026-01-13,42.9572,43.25008999999999,41.93208,42.42024,2264365.0
2026-01-14,42.56668,44.812169999999995,42.42024,43.05483,4254819.0
2026-01-15,43.68942,43.68942,41.590379999999996,41.9809,2221142.0
2026-01-16,41.78564,44.909800000000004,41.590379999999996,44.909800000000004,4797379.0
2026-01-19,45.59321,45.690839999999994,43.98231,45.056239999999995,2389804.0
2026-01-20,45.202690000000004,48.1804,45.105059999999995,45.788470000000004,7183997.0
2026-01-21,45.8861,45.8861,43.98231,44.76336,2502324.0
2026-01-22,45.105059999999995,45.8861,43.73824,43.9335,2824008.0
2026-01-23,43.9335,44.909800000000004,43.49416,44.66572,1887737.0
2026-01-26,44.812169999999995,44.812169999999995,42.42024,43.201269999999994,2739048.0
2026-01-27,42.76194,44.42165,42.12734,44.12876,2078154.0
2026-01-28,44.12876,44.860980000000005,42.9572,42.9572,2091616.0
2026-01-29,43.05483,45.93492,43.05483,45.93492,4968729.0
2026-01-30,46.8624,48.32685,46.8624,47.838699999999996,6257769.0
2026-02-02,48.32685,51.158120000000004,47.545809999999996,51.158120000000004,8212539.0
2026-02-03,52.7202,54.6728,51.743900000000004,54.6728,6509221.0
2026-02-04,55.74673000000001,55.74673000000001,53.6965,54.6728,5480966.0
2026-02-05,54.37991,56.52777,52.23205,52.23205,4982953.0
2026-02-06,51.451010000000004,53.598870000000005,51.25575,52.23205,5745809.0
2026-02-09,52.81783,52.81783,50.865230000000004,50.96286,1705019.0
2026-02-10,50.865230000000004,51.84153,47.39936,47.39936,6355527.0
2026-02-11,47.350550000000005,49.30315,46.667139999999996,49.20552,3738629.0
2026-02-12,49.20552,50.18182,48.61974,49.40078,1976195.0
2026-02-13,48.91263,49.49841000000001,48.42448,49.30315,1892688.0
2026-02-23,49.7913,51.158120000000004,49.30315,50.47471,3621769.0
2026-02-24,50.37708,51.54864,49.59604,50.96286,2652441.0
2026-02-25,51.646269999999994,52.23205,50.37708,51.06049,4844573.0
2026-02-26,51.158120000000004,52.23205,50.865230000000004,51.743900000000004,2210664.0
2026-02-27,51.93916,52.23205,49.88893,49.98656,3004723.0
2026-03-02,47.936330000000005,49.49841000000001,47.545809999999996,47.545809999999996,6637441.0
2026-03-03,47.545809999999996,47.545809999999996,44.42165,44.860980000000005,7463742.0
2026-03-04,43.44535,45.202690000000004,42.17616,44.909800000000004,6543723.0
2026-03-05,45.495580000000004,46.27662,44.909800000000004,44.909800000000004,3604253.0
2026-03-06,44.17758,45.202690000000004,42.76194,43.68942,3245252.0
2026-03-09,40.66289,41.004599999999996,40.66289,40.66289,3153165.0
2026-03-10,41.102230000000006,41.297489999999996,39.052,41.297489999999996,5043459.0
2026-03-11,41.297489999999996,44.17758,41.004599999999996,44.17758,3549098.0
2026-03-12,43.44535,44.37284,42.37142,43.10364,1870825.0
2026-03-13,42.17616,43.44535,42.029720000000005,42.12734,2827689.0
2026-03-16,41.297489999999996,42.46905,40.90697,42.07853,2163108.0
2026-03-17,42.66431,43.2989,42.37142,42.85957,1401712.0
2026-03-18,43.44535,43.44535,41.004599999999996,42.66431,1276051.0
2026-03-19,41.78564,42.56668,40.51645,42.46905,2666355.0
2026-03-20,42.27379,42.27379,40.76052,41.004599999999996,1890584.0
2026-03-23,39.63778,40.37,38.46622,39.63778,3232682.0
2026-03-24,40.80934,41.3463,40.0283,41.297489999999996,1456315.0
2026-03-25,41.9809,42.66431,41.688010000000006,42.56668,2076518.0
2026-03-26,42.37142,43.9335,41.883269999999996,43.9335,2166224.0
2026-03-27,43.9335,44.42165,43.15246,44.42165,1474707.0
2026-03-30,42.76194,45.105059999999995,42.76194,44.71454,1485798.0
2026-03-31,45.00743,45.349129999999995,44.03113,44.71454,1502499.0
2026-04-01,45.495580000000004,45.495580000000004,44.2752,44.909800000000004,1068665.0
2026-04-02,44.51928,44.860980000000005,42.76194,44.860980000000005,1915406.0
2026-04-03,44.812169999999995,44.812169999999995,42.85957,42.85957,1110648.0
2026-04-06,42.85957,43.10364,41.49275,42.66431,1453923.0
2026-04-07,42.17616,42.56668,41.49275,41.93208,1227892.0
2026-04-08,43.39654,44.71454,43.201269999999994,44.66572,2147826.0
2026-04-09,44.66572,45.5444,44.03113,45.105059999999995,2329832.0
2026-04-10,45.105059999999995,45.690839999999994,44.42165,44.56809,1375050.0
2026-04-13,43.9335,44.71454,43.49416,44.51928,985811.0
2026-04-14,45.105059999999995,45.59321,43.9335,44.51928,1511434.0
2026-04-15,44.71454,45.00743,43.49416,43.591800000000006,1484744.0
2026-04-16,43.54298,44.616910000000004,43.44535,44.12876,1418804.0
2026-04-17,44.2752,46.56951,44.2752,44.860980000000005,3744158.0
2026-04-20,44.860980000000005,45.397949999999994,44.07994,44.909800000000004,1193833.0
2026-04-21,45.105059999999995,45.202690000000004,43.98231,44.42165,1834151.0
2026-04-22,43.98231,44.51928,43.64061,44.51928,1107803.0
2026-04-23,44.616910000000004,44.71454,42.85957,43.54298,1640146.0
2026-04-24,43.10364,43.591800000000006,42.56668,43.44535,1052897.0
2026-04-28,42.81076,43.73824,41.78564,41.9809,2052427.0
2026-04-29,41.883269999999996,42.66431,41.590379999999996,42.42024,799911.0
2026-05-04,42.42024,42.85957,41.9809,42.46905,640893.0
2026-05-05,42.56668,42.56668,41.93208,42.46905,577323.0
2026-05-06,42.46905,42.85957,42.17616,42.46905,1255347.0
2026-05-07,42.9572,43.68942,42.56668,43.15246,1257555.0
2026-05-08,42.81076,43.05483,41.883269999999996,42.27379,1915433.0
2026-05-11,42.07853,42.12734,40.51645,40.51645,3394214.0
2026-05-12,40.61408,41.297489999999996,40.37,41.24867,1095060.0
2026-05-13,41.4,41.45,40.5,41.4,1097072.0
2026-05-14,41.45,42.4,41.4,42.4,1062226.0
2026-05-15,42.5,42.5,41.75,42.4,936200.0
2026-05-18,41.8,42.1,41.55,42.0,884270.0
2026-05-19,41.95,42.8,41.45,41.9,1375940.0
2026-05-20,41.75,41.75,39.6,40.85,2199324.0
2026-05-21,41.2,41.7,40.85,41.7,700073.0
2026-05-22,41.7,41.7,40.6,41.25,867070.0
2026-05-25,40.85,41.1,40.6,41.0,532310.0
2026-05-26,41.05,41.45,40.55,41.45,776000.0
2026-05-27,41.3,42.25,41.3,41.7,1069800.0
2026-05-28,41.7,42.05,41.3,41.6,815500.0
2026-05-29,41.65,41.65,40.7,40.85,633100.0
2026-06-01,41.0,41.15,40.0,40.0,1112900.0
2026-06-02,40.0,40.35,39.2,39.4,945000.0
2026-06-03,39.1,40.45,39.1,40.45,681200.0
2026-06-04,40.45,40.45,39.65,40.1,420400.0
2026-06-05,40.1,40.45,39.5,39.9,478200.0
2026-06-08,39.5,39.5,38.75,39.5,995500.0
2026-06-09,39.5,39.5,38.85,38.95,323300.0
2026-06-10,39.0,39.4,38.7,39.35,657500.0
2026-06-11,39.05,39.25,38.8,39.15,204400.0
2026-06-12,39.45,39.45,38.9,38.9,405000.0
2026-06-15,39.2,40.2,39.2,40.2,1234100.0
2026-06-16,40.15,41.35,40.1,41.3,1307300.0
2026-06-17,41.1,42.0,41.1,42.0,1192200.0
2026-06-18,41.95,41.95,41.0,41.0,443600.0
2026-06-19,41.0,41.0,40.25,40.25,424900.0
2026-06-22,40.25,40.7,39.8,40.6,471700.0
2026-06-23,40.1,40.45,39.1,39.1,1197100.0
2026-06-24,39.1,39.35,38.85,39.25,1003700.0
2026-06-25,39.25,40.0,39.1,39.75,596500.0
2026-06-26,39.7,39.75,39.0,39.1,672500.0
2026-06-29,39.2,40.25,39.15,40.25,714400.0
2026-06-30,40.25,40.25,39.8,40.2,401200.0
2026-07-01,40.1,40.75,39.7,40.1,850000.0
2026-07-02,40.8,40.8,40.1,40.2,661300.0
2026-07-03,39.95,40.7,39.9,40.25,611700.0
2026-07-06,40.35,40.45,37.45,39.0,829300.0
2026-07-07,38.45,39.4,38.45,39.4,617500.0
2026-07-08,39.6,39.6,38.8,39.45,257900.0
2026-07-09,39.0,39.2,38.8,38.85,451000.0
2026-07-10,38.9,39.05,38.5,38.5,422800.0
2026-07-13,38.55,38.8,38.0,38.55,801900.0
2026-07-14,38.4,39.0,38.0,39.0,357600.0
2026-07-15,39.0,39.0,37.8,37.8,592000.0
2026-07-16,37.8,38.0,35.3,38.0,1272300.0
2026-07-17,38.4,38.4,37.25,37.4,321100.0
2026-07-20,36.95,37.2,35.0,35.15,1084300.0
2026-07-21,34.85,36.05,34.85,35.55,505400.0
2026-07-22,35.4,36.0,33.9,34.4,977100.0
2026-07-23,34.05,35.0,33.15,34.75,591000.0
2026-07-24,34.45,34.45,33.5,33.5,560200.0
2026-07-27,33.45,34.05,33.0,33.15,722300.0
2026-07-28,31.45,34.2,31.45,33.95,671800.0
2026-07-29,34.0,35.35,33.85,35.35,729300.0
2026-07-30,35.5,37.2,35.5,36.5,1759300.0
2026-07-31,36.95,37.05,36.3,36.6,1276400.0
2026-08-03,36.9,37.8,36.85,37.05,1457100.0
2026-08-04,37.1,39.6,36.85,39.6,1831900.0
2026-08-05,40.0,40.25,39.15,39.15,995000.0
2026-08-06,39.1,40.45,38.9,40.0,1362300.0
2026-08-07,39.9,40.1,39.2,39.4,888300.0
2026-08-10,39.9,41.45,39.75,40.3,1465300.0
2026-08-11,40.3,41.55,40.2,41.15,1306300.0
2026-08-12,41.2,41.45,40.55,41.0,494100.0
2026-08-13,40.65,43.85,40.65,43.15,4211400.0
2026-08-14,43.0,43.05,41.6,41.6,954900.0
2026-08-17,41.6,42.7,40.6,41.3,1056000.0
2026-08-18,41.35,42.3,40.8,41.5,1231700.0
2026-08-19,41.2,42.8,41.05,42.7,2195400.0
2026-08-20,42.65,42.95,42.05,42.7,817100.0
2026-08-21,42.65,43.0,42.15,43.0,1245500.0
2026-08-24,43.15,43.4,41.85,42.8,1727000.0
2026-08-25,42.8,43.3,42.15,42.3,1205100.0
2026-08-26,42.5,43.5,42.1,42.25,1818800.0
2026-08-27,42.4,43.5,42.4,43.1,1468800.0
2026-08-28,43.1,43.4,42.2,42.2,1198400.0
2026-09-03,41.75,42.15,40.85,40.9,2459100.0
2026-09-04,41.1,41.2,39.55,40.05,2700000.0
2026-09-07,40.7,42.2,40.05,41.8,2541800.0
2026-09-08,41.8,42.9,41.8,41.95,1924500.0
2026-09-09,41.9,41.9,41.05,41.85,996100.0
2026-09-10,41.8,44.75,41.6,44.75,5022100.0
2026-09-11,44.9,47.0,43.9,44.4,3781000.0
2026-09-14,44.2,46.0,43.25,46.0,3096900.0
2026-09-15,45.6,46.7,45.4,46.3,1622400.0
2026-09-16,45.65,46.2,44.6,44.7,1486900.0
2026-09-17,44.7,45.7,44.1,45.4,869700.0
2026-09-18,45.6,47.0,45.45,45.5,1615600.0
2026-09-21,45.5,46.25,44.8,45.0,1194100.0
2026-09-22,45.35,46.65,45.0,45.1,1499000.0
2026-09-23,44.9,47.0,44.9,46.55,3343500.0
2026-09-24,46.6,46.9,44.9,45.8,1275200.0
2026-09-25,45.3,45.85,44.5,44.5,1420700.0
2026-09-28,44.8,45.95,43.55,45.55,2054800.0
2026-09-29,45.6,46.5,45.3,45.8,1544700.0
2026-09-30,46.15,47.5,44.4,45.2,3225500.0
2026-10-01,45.0,45.9,44.65,45.2,1110100.0
2026-10-02,45.2,46.3,44.85,45.6,1642200.0
