,open,high,low,close,volume
2020-05-08,65.09308,65.09308,63.69823,63.76465,46920.0
2020-05-11,65.13257,65.13257,63.76136,64.44697000000001,35220.0
2020-05-12,64.44697000000001,64.44697000000001,63.41856,64.17272,27740.0
2020-05-13,63.76136,64.17272,62.80151,63.487120000000004,16580.0
2020-05-14,62.80151,63.41856,62.80151,63.07575,14080.0
2020-05-15,63.21287,63.62424,63.07575,63.14431,13440.0
2020-05-18,63.07575,63.14431,62.732949999999995,62.80151,14920.0
2020-05-19,62.80151,64.10416000000001,62.80151,63.07575,19750.0
2020-05-20,64.0356,64.0356,63.07575,63.14431,7130.0
2020-05-21,63.14431,64.44697000000001,63.07575,64.10416000000001,75160.0
2020-05-22,64.17272,64.17272,63.07575,63.692800000000005,8510.0
2020-05-25,63.692800000000005,63.82992,63.41856,63.82992,10000.0
2020-05-26,63.82992,64.10416000000001,63.76136,63.76136,11120.0
2020-05-27,64.10416000000001,64.58409,63.76136,63.898480000000006,46140.0
2020-05-28,63.898480000000006,64.17272,63.62424,63.62424,4420.0
2020-05-29,63.62424,65.06401,63.28144,63.28144,6150.0
2020-06-01,64.24128,64.3784,63.35,63.62424,22030.0
2020-06-02,64.10416000000001,64.44697000000001,63.41856,64.44697000000001,20580.0
2020-06-03,64.44697000000001,64.44697000000001,63.41856,63.76136,7630.0
2020-06-04,64.44697000000001,64.78976999999999,63.82992,63.82992,33520.0
2020-06-05,63.82992,64.44697000000001,63.55568,63.55568,18650.0
2020-06-08,63.55568,64.10416000000001,63.55568,63.76136,17710.0
2020-06-09,63.76136,64.51553,63.41856,64.44697000000001,42550.0
2020-06-10,64.44697000000001,64.72121,63.898480000000006,63.898480000000006,19690.0
2020-06-11,63.898480000000006,64.44697000000001,63.07575,63.07575,21540.0
2020-06-12,59.784839999999996,63.07575,59.784839999999996,62.04734,30740.0
2020-06-15,62.04734,62.938629999999996,61.841660000000005,61.841660000000005,27150.0
2020-06-16,63.00719,63.00719,61.91022,62.732949999999995,39590.0
2020-06-17,62.1159,63.28144,62.1159,63.07575,12790.0
2020-06-18,63.07575,63.21287,62.39015,63.07575,4540.0
2020-06-19,63.07575,63.76136,63.07575,63.14431,24170.0
2020-06-22,63.35,63.62424,63.14431,63.35,3020.0
2020-06-23,63.07575,63.07575,62.39015,62.66439,4320.0
2020-06-24,62.732949999999995,63.07575,62.66439,62.80151,5660.0
2020-06-25,62.80151,62.80151,61.841660000000005,62.04734,3120.0
2020-06-26,62.04734,62.59583,62.04734,62.458709999999996,7740.0
2020-06-29,62.39015,62.39015,61.49886,61.56742,3970.0
2020-06-30,62.253029999999995,62.732949999999995,61.56742,62.732949999999995,7090.0
2020-07-01,62.732949999999995,62.732949999999995,61.70454,62.04734,2300.0
2020-07-02,62.59583,62.59583,62.04734,62.39015,1700.0
2020-07-03,62.732949999999995,63.07575,61.91022,63.07575,12070.0
2020-07-06,63.62424,63.62424,62.39015,63.55568,13190.0
2020-07-07,63.967040000000004,64.10416000000001,63.487120000000004,64.0356,16850.0
2020-07-08,63.76136,64.10416000000001,63.76136,64.10416000000001,10900.0
2020-07-09,63.76136,64.58409,63.76136,64.58409,12210.0
2020-07-10,64.44697000000001,64.58409,63.07575,63.76136,9190.0
2020-07-13,63.76136,64.44697000000001,63.07575,64.3784,6090.0
2020-07-14,64.30588,65.06813,62.36562,64.92954,8860.0
2020-07-15,63.47434,64.92954,62.98927,64.58306,30680.0
2020-07-16,63.197160000000004,64.58306,63.197160000000004,64.58306,10520.0
2020-07-17,64.58306,64.58306,63.05857,64.44447,6450.0
2020-07-20,63.40504,64.44447,63.40504,63.68222,7770.0
2020-07-21,63.68222,64.44447,63.54363,64.30588,19450.0
2020-07-22,64.44447,64.44447,63.47434,64.30588,14010.0
2020-07-23,64.30588,64.30588,63.75152,64.30588,4720.0
2020-07-24,63.26645,64.72165,63.05857,64.72165,18610.0
2020-07-27,60.28676,64.44447,60.28676,63.05857,12160.0
2020-07-28,63.05857,63.75152,62.36562,63.75152,9680.0
2020-07-29,64.44447,64.44447,62.29632,64.30588,12880.0
2020-07-30,64.30588,64.30588,62.36562,64.23658999999999,7370.0
2020-07-31,64.16729,64.16729,63.12786,63.12786,3240.0
2020-08-03,64.098,64.44447,63.05857,63.54363,13380.0
2020-08-04,63.54363,67.21628,63.47434,67.21628,33840.0
2020-08-05,67.21628,67.21628,65.89967,67.21628,20210.0
2020-08-06,66.52332000000001,67.21628,66.10755,67.14698,11800.0
2020-08-07,67.00839,67.07769,65.13741999999999,67.07769,18470.0
2020-08-10,67.07769,67.21628,65.69178,67.00839,13190.0
2020-08-11,67.00839,67.00839,65.89967,67.00839,17140.0
2020-08-12,67.00839,67.00839,65.96896000000001,66.93910000000001,8230.0
2020-08-13,67.07769,67.21628,66.10755,67.07769,8130.0
2020-08-14,67.56275,67.56275,66.52332000000001,66.52332000000001,7170.0
2020-08-17,66.52332000000001,66.52332000000001,66.03826,66.45403,6800.0
2020-08-18,66.45403,66.8698,66.17685,66.31544,6090.0
2020-08-19,66.31544,66.80050999999999,66.17685,66.73121,2110.0
2020-08-20,66.8698,67.21628,65.89967,67.21628,17130.0
2020-08-21,66.8698,68.60217999999999,66.52332000000001,68.60217999999999,30320.0
2020-08-24,68.60217999999999,72.6213,67.90923,72.6213,33570.0
2020-08-25,75.46239999999999,75.46239999999999,72.6213,73.45284,21900.0
2020-08-26,72.75989,73.45284,70.68102999999999,73.03707,14720.0
2020-08-27,73.03707,73.03707,71.37397999999999,72.75989,20440.0
2020-08-28,72.75989,73.45284,72.41341,73.45284,17620.0
2020-08-31,71.72046,73.45284,71.72046,73.10636,6890.0
2020-09-01,73.03707,73.03707,71.37397999999999,72.6213,8770.0
2020-09-03,72.06693,72.41341,71.02750999999999,71.02750999999999,18830.0
2020-09-04,72.75989,72.75989,70.68102999999999,70.75033,5600.0
2020-09-07,70.68102999999999,71.37397999999999,69.29513,69.29513,8490.0
2020-09-08,69.29513,72.75989,69.29513,72.75989,17060.0
2020-09-09,72.75989,72.75989,70.88892,70.95821000000001,1350.0
2020-09-10,72.06693,72.06693,70.68102999999999,71.30469000000001,2320.0
2020-09-11,69.98808,72.69059,69.98808,72.41341,5630.0
2020-09-14,72.41341,72.41341,70.75033,70.75033,1650.0
2020-09-15,70.81962,72.48271000000001,70.81962,71.37397999999999,7200.0
2020-09-16,72.75989,72.75989,71.37397999999999,72.34411999999999,7820.0
2020-09-17,73.45284,73.59142999999999,72.75989,73.45284,36730.0
2020-09-18,74.42297,74.42297,73.10636,73.17566000000001,3170.0
2020-09-21,73.17566000000001,73.45284,68.39429,72.27482,4020.0
2020-09-22,72.75989,73.45284,72.06693,73.45284,9670.0
2020-09-23,72.41341,73.45284,72.41341,73.45284,5960.0
2020-09-24,74.14578999999999,74.14578999999999,73.17566000000001,73.59142999999999,14890.0
2020-09-25,69.7109,74.07649,69.7109,72.82918,7520.0
2020-09-28,72.06693,73.45284,72.06693,73.45284,7530.0
2020-09-29,73.52213,73.79930999999999,73.03707,73.38354,13560.0
2020-09-30,73.38354,73.38354,73.03707,73.10636,4730.0
2020-10-01,73.10636,73.45284,72.89847999999999,73.38354,8160.0
2020-10-02,72.69059,73.45284,72.69059,73.38354,6850.0
2020-10-05,73.38354,73.38354,72.06693,72.13623,1780.0
2020-10-06,72.13623,72.75989,71.72046,72.6213,4890.0
2020-10-07,72.82918,72.82918,72.13623,72.75989,2170.0
2020-10-08,73.45284,73.45284,72.75989,72.75989,1220.0
2020-10-09,71.65116,73.38354,71.65116,72.6213,3040.0
2020-10-12,72.6213,73.38354,71.58187,73.17566000000001,9900.0
2020-10-13,73.17566000000001,73.17566000000001,71.78975,72.06693,2530.0
2020-10-14,72.06693,73.10636,69.7109,73.10636,7840.0
2020-10-15,72.41341,72.75989,71.65116,72.34411999999999,1800.0
2020-10-16,72.34411999999999,72.34411999999999,72.06693,72.06693,200.0
2020-10-19,72.06693,72.6213,70.33456,71.37397999999999,1770.0
2020-10-20,71.37397999999999,72.06693,71.37397999999999,71.37397999999999,2250.0
2020-10-21,71.37397999999999,71.99764,71.37397999999999,71.44328,3480.0
2020-10-22,72.06693,72.06693,70.68102999999999,71.85905,4730.0
2020-10-23,71.99764,71.99764,71.37397999999999,71.99764,2540.0
2020-10-26,72.41341,72.41341,71.37397999999999,71.37397999999999,940.0
2020-10-27,71.37397999999999,71.99764,70.81962,71.0968,2110.0
2020-10-28,71.02750999999999,71.85905,70.47314999999999,70.68102999999999,3810.0
2020-10-29,70.68102999999999,70.68102999999999,70.33456,70.68102999999999,4170.0
2020-10-30,69.98808,70.68102999999999,69.98808,70.68102999999999,2390.0
2020-11-02,70.68102999999999,71.99764,70.68102999999999,71.99764,4160.0
2020-11-03,71.1661,72.06693,71.1661,72.06693,4350.0
2020-11-04,72.06693,72.06693,70.75033,71.37397999999999,2470.0
2020-11-05,68.74077,71.37397999999999,68.74077,71.37397999999999,20900.0
2020-11-06,71.37397999999999,71.37397999999999,71.30469000000001,71.37397999999999,4380.0
2020-11-09,70.68102999999999,72.06693,70.68102999999999,72.06693,9330.0
2020-11-10,70.88892,71.78975,70.81962,71.30469000000001,6560.0
2020-11-11,71.37397999999999,72.06693,71.30469000000001,72.06693,8360.0
2020-11-12,72.20553,72.20553,71.99764,71.99764,3190.0
2020-11-13,71.99764,71.99764,71.02750999999999,71.02750999999999,3300.0
2020-11-16,71.02750999999999,71.37397999999999,71.02750999999999,71.0968,1700.0
2020-11-17,71.0968,71.37397999999999,70.81962,71.02750999999999,3040.0
2020-11-18,71.02750999999999,71.37397999999999,70.88892,71.37397999999999,3460.0
2020-11-19,71.37397999999999,71.37397999999999,71.30469000000001,71.30469000000001,2440.0
2020-11-20,71.30469000000001,71.30469000000001,70.95821000000001,71.0968,3560.0
2020-11-23,71.0968,71.37397999999999,71.0968,71.0968,1460.0
2020-11-24,71.0968,71.1661,70.88892,71.1661,2610.0
2020-11-25,71.37397999999999,72.20553,71.1661,71.58187,8470.0
2020-11-26,72.20553,72.20553,71.65116,71.65116,3310.0
2020-11-27,71.65116,72.06693,71.23539,71.65116,2320.0
2020-11-30,70.75033,71.72046,70.75033,71.72046,3120.0
2020-12-01,71.0968,71.72046,71.0968,71.72046,2180.0
2020-12-02,71.72046,71.72046,71.58187,71.72046,4950.0
2020-12-03,71.72046,71.72046,71.37397999999999,71.37397999999999,3340.0
2020-12-04,71.37397999999999,73.45284,71.37397999999999,73.24495,25610.0
2020-12-07,73.24495,74.14578999999999,73.24495,73.73002000000001,10670.0
2020-12-08,73.73002000000001,73.86861,72.41341,73.24495,7900.0
2020-12-09,74.0072,74.0072,73.03707,73.79930999999999,17280.0
2020-12-10,74.07649,74.07649,72.96777,72.96777,9170.0
2020-12-11,72.96777,72.96777,72.89847999999999,72.89847999999999,5540.0
2020-12-14,72.89847999999999,73.66072,72.89847999999999,72.89847999999999,6870.0
2020-12-15,73.31425,73.31425,72.41341,73.10636,6470.0
2020-12-16,73.31425,73.31425,72.41341,72.75989,7360.0
2020-12-17,71.65116,72.75989,71.65116,72.27482,4840.0
2020-12-18,71.37397999999999,72.41341,71.37397999999999,72.34411999999999,5140.0
2020-12-21,72.75989,72.75989,72.06693,72.13623,6970.0
2020-12-22,72.75989,72.75989,71.37397999999999,71.37397999999999,9400.0
2020-12-23,72.75989,72.75989,71.78975,72.06693,1890.0
2020-12-24,72.41341,72.75989,71.30469000000001,72.20553,5190.0
2020-12-25,72.20553,72.48271000000001,71.92833999999999,72.48271000000001,3400.0
2020-12-28,71.37397999999999,72.41341,71.37397999999999,72.41341,4470.0
2020-12-29,72.41341,72.41341,71.44328,71.85905,3240.0
2020-12-30,71.85905,72.13623,71.72046,71.78975,9380.0
2020-12-31,71.78975,72.41341,71.65116,72.06693,9010.0
2021-01-04,72.06693,72.69059,72.06693,72.48271000000001,3100.0
2021-01-05,72.48271000000001,72.75989,72.48271000000001,72.48271000000001,800.0
2021-01-06,72.06693,73.79930999999999,71.92833999999999,73.66072,28200.0
2021-01-07,73.79930999999999,76.22464,73.79930999999999,75.04663000000001,38400.0
2021-01-08,75.04663000000001,75.46239999999999,74.83874,74.83874,6300.0
2021-01-11,74.83874,75.18522,73.45284,74.83874,17900.0
2021-01-12,72.82918,74.76944999999999,72.75989,73.31425,29000.0
2021-01-13,77.26407,77.47196000000001,74.14578999999999,75.53169,29300.0
2021-01-14,75.53169,75.53169,73.45284,75.46239999999999,37400.0
2021-01-15,75.46239999999999,75.46239999999999,73.10636,74.83874,78200.0
2021-01-18,73.17566000000001,74.76944999999999,73.17566000000001,73.59142999999999,12200.0
2021-01-19,73.59142999999999,73.59142999999999,71.37397999999999,71.37397999999999,19200.0
2021-01-20,71.37397999999999,72.06693,70.68102999999999,70.68102999999999,22500.0
2021-01-21,71.37397999999999,73.03707,70.81962,73.03707,17000.0
2021-01-22,73.03707,73.03707,72.06693,72.48271000000001,9700.0
2021-01-25,72.41341,72.48271000000001,71.37397999999999,71.65116,9800.0
2021-01-26,71.65116,71.65116,70.68102999999999,70.68102999999999,15000.0
2021-01-27,70.68102999999999,70.68102999999999,69.98808,69.98808,9000.0
2021-01-28,68.60217999999999,68.60217999999999,65.13741999999999,66.52332000000001,63200.0
2021-01-29,66.52332000000001,69.98808,66.52332000000001,69.98808,8000.0
2021-02-01,71.37397999999999,71.37397999999999,65.89967,69.29513,12900.0
2021-02-02,67.28557,69.29513,67.21628,67.97852,29200.0
2021-02-03,68.60217999999999,69.84949,68.60217999999999,69.84949,6300.0
2021-02-04,69.84949,70.54244,69.08724000000001,69.15653999999999,5800.0
2021-02-05,69.57231,69.91878999999999,69.29513,69.84949,5200.0
2021-02-08,69.91878999999999,69.91878999999999,68.60217999999999,69.15653999999999,7900.0
2021-02-09,67.90923,69.98808,67.90923,69.98808,7700.0
2021-02-17,69.29513,69.98808,69.29513,69.98808,8700.0
2021-02-18,69.98808,70.33456,69.36442,69.50302,11500.0
2021-02-19,69.64161,69.98808,69.50302,69.50302,24500.0
2021-02-22,69.50302,70.61174000000001,69.50302,69.64161,7200.0
2021-02-23,69.64161,70.68102999999999,69.57231,70.61174000000001,16200.0
2021-02-24,69.91878999999999,70.68102999999999,69.50302,69.50302,10400.0
2021-02-25,70.61174000000001,70.68102999999999,69.98808,69.98808,8300.0
2021-02-26,69.91878999999999,69.98808,69.50302,69.64161,4700.0
2021-03-01,69.64161,69.84949,69.36442,69.84949,13600.0
2021-03-02,69.84949,69.98808,69.43372000000001,69.64161,8200.0
2021-03-03,69.43372000000001,69.98808,69.36442,69.36442,13300.0
2021-03-04,69.36442,69.64161,69.22583,69.22583,10900.0
2021-03-05,69.29513,69.29513,68.60217999999999,68.60217999999999,19900.0
2021-03-08,68.67147,69.29513,68.18641000000001,68.60217999999999,25400.0
2021-03-09,68.87936,68.87936,68.25569999999999,68.325,5200.0
2021-03-10,68.325,69.29513,68.325,69.29513,16600.0
2021-03-11,69.98808,70.68102999999999,69.98808,70.33456,10400.0
2021-03-12,70.68102999999999,71.23539,70.19597,70.33456,9400.0
2021-03-15,71.02750999999999,71.02750999999999,70.12667,70.12667,17900.0
2021-03-16,70.05738000000001,70.19597,69.98808,70.19597,4700.0
2021-03-17,70.19597,70.19597,69.29513,70.12667,3300.0
2021-03-18,69.98808,70.68102999999999,69.98808,70.68102999999999,4700.0
2021-03-19,70.33456,70.33456,69.43372000000001,69.64161,14300.0
2021-03-22,69.64161,69.7802,69.64161,69.7109,6400.0
2021-03-23,69.64161,70.68102999999999,69.50302,69.57231,6500.0
2021-03-24,69.50302,70.40385,68.74077,68.87936,6100.0
2021-03-25,69.43372000000001,69.43372000000001,68.87936,69.29513,4100.0
2021-03-26,69.29513,69.29513,67.90923,67.90923,20200.0
2021-03-29,68.46359,69.15653999999999,68.46359,69.15653999999999,6600.0
2021-03-30,69.15653999999999,69.29513,69.01795,69.15653999999999,6700.0
2021-03-31,69.01795,69.15653999999999,68.94865,69.08724000000001,4100.0
2021-04-01,69.08724000000001,69.15653999999999,68.81006,69.08724000000001,5600.0
2021-04-02,69.64161,69.64161,68.87936,69.22583,3800.0
2021-04-05,68.87936,69.22583,68.87936,69.15653999999999,5000.0
2021-04-06,69.15653999999999,69.15653999999999,68.81006,69.01795,6600.0
2021-04-07,69.01795,69.08724000000001,68.67147,69.01795,5200.0
2021-04-08,69.01795,69.01795,68.67147,68.67147,5100.0
2021-04-09,68.67147,68.94865,67.90923,68.81006,10300.0
2021-04-12,68.81006,68.81006,68.325,68.60217999999999,7100.0
2021-04-13,68.46359,68.60217999999999,68.325,68.325,15200.0
2021-04-14,68.25569999999999,68.53288,67.90923,68.25569999999999,11800.0
2021-04-15,67.90923,68.39429,67.63205,68.18641000000001,10600.0
2021-04-16,67.70134,67.90923,67.56275,67.56275,8500.0
2021-04-19,67.56275,67.56275,67.21628,67.56275,9700.0
2021-04-20,67.35486999999999,67.56275,67.21628,67.21628,15000.0
2021-04-22,67.21628,69.22583,67.21628,69.22583,22900.0
2021-04-23,69.29513,69.29513,68.60217999999999,68.94865,16900.0
2021-04-26,71.37397999999999,71.37397999999999,69.01795,69.29513,18000.0
2021-04-27,69.91878999999999,69.91878999999999,67.90923,69.29513,12900.0
2021-04-28,69.29513,69.57231,69.08724000000001,69.22583,16800.0
2021-04-29,69.29513,69.29513,68.60217999999999,69.15653999999999,15200.0
2021-05-04,69.15653999999999,71.37397999999999,68.94865,71.1661,49600.0
2021-05-05,71.37397999999999,71.72046,71.1661,71.37397999999999,26800.0
2021-05-06,72.69059,72.69059,68.67147,71.02750999999999,18000.0
2021-05-07,71.38624,71.38624,68.50195,70.30463,36600.0
2021-05-10,70.30463,71.24203,70.30463,71.24203,14100.0
2021-05-11,71.38624,71.38624,70.80938,70.80938,10700.0
2021-05-12,70.80938,70.80938,69.9441,70.0162,25400.0
2021-05-13,69.9441,69.9441,67.85298,68.14141000000001,86600.0
2021-05-14,68.14141000000001,70.37674000000001,68.14141000000001,68.50195,10600.0
2021-05-17,69.07881,69.58355999999999,68.86249000000001,69.22302,9200.0
2021-05-18,69.22302,70.30463,68.79038,69.22302,11700.0
2021-05-19,69.22302,69.22302,68.50195,69.22302,21700.0
2021-05-20,69.22302,69.22302,68.86249000000001,69.22302,25300.0
2021-05-21,68.50195,68.86249000000001,68.14141000000001,68.14141000000001,33600.0
2021-05-24,68.14141000000001,68.86249000000001,68.06931,68.50195,19300.0
2021-05-25,68.50195,69.22302,68.50195,68.64616000000001,8300.0
2021-05-26,68.79038,68.86249000000001,67.78088000000001,68.50195,16400.0
2021-05-27,68.14141000000001,68.86249000000001,68.14141000000001,68.50195,11300.0
2021-05-28,68.28563,68.50195,67.78088000000001,67.85298,33700.0
2021-05-31,67.85298,68.14141000000001,67.78088000000001,67.85298,13400.0
2021-06-01,67.85298,69.22302,67.85298,68.50195,6900.0
2021-06-02,67.92509,69.22302,67.92509,68.50195,44400.0
2021-06-03,68.57406,68.57406,67.78088000000001,68.21352,19800.0
2021-06-04,68.21352,68.79038,67.85298,67.99719999999999,17900.0
2021-06-07,67.99719999999999,68.50195,67.85298,67.85298,23900.0
2021-06-08,67.85298,69.79988,67.78088000000001,69.51145,96700.0
2021-06-09,69.51145,69.51145,68.64616000000001,68.71827,11200.0
2021-06-10,68.79038,68.79038,67.92509,68.14141000000001,8300.0
2021-06-11,68.14141000000001,68.14141000000001,67.78088000000001,67.85298,37800.0
2021-06-14,67.85298,69.22302,67.42034,69.22302,36200.0
2021-06-15,67.78088000000001,69.07881,67.78088000000001,68.86249000000001,5400.0
2021-06-16,69.15092,69.22302,68.06931,68.50195,30400.0
2021-06-17,68.50195,69.07881,67.78088000000001,68.50195,10300.0
2021-06-18,68.50195,69.22302,68.50195,69.15092,35900.0
2021-06-21,69.15092,69.15092,68.50195,68.86249000000001,4400.0
2021-06-22,68.50195,69.07881,68.50195,69.07881,30000.0
2021-06-23,68.50195,69.22302,68.50195,68.93459,18900.0
2021-06-24,69.22302,69.36724000000001,68.71827,69.22302,24700.0
2021-06-25,69.22302,69.22302,68.71827,68.93459,4600.0
2021-06-28,68.93459,68.93459,68.57406,68.93459,4600.0
2021-06-29,68.50195,68.79038,68.50195,68.71827,5800.0
2021-06-30,68.86249000000001,69.43934,68.50195,68.93459,20200.0
2021-07-01,68.93459,69.43934,68.93459,69.0067,9900.0
2021-07-02,69.22302,69.22302,67.85298,67.85298,55100.0
2021-07-05,68.86249000000001,68.86249000000001,67.92509,68.14141000000001,6900.0
2021-07-06,68.35772999999999,68.50195,68.14141000000001,68.35772999999999,26200.0
2021-07-07,68.35772999999999,68.50195,67.85298,68.14141000000001,11200.0
2021-07-08,67.92509,67.92509,67.70877,67.70877,12300.0
2021-07-09,67.49244999999999,68.14141000000001,67.27611999999999,67.27611999999999,11500.0
2021-07-12,67.27611999999999,67.27611999999999,64.89658,66.33873,34900.0
2021-07-13,64.96869000000001,67.78088000000001,64.96869000000001,67.70877,3200.0
2021-07-14,68.14141000000001,68.14141000000001,66.33873,66.41084,4600.0
2021-07-15,66.33873,67.63666,64.89658,66.33873,13200.0
2021-07-16,67.56455,67.56455,66.33873,66.33873,1900.0
2021-07-19,66.69927,67.78088000000001,66.33873,67.70877,23800.0
2021-07-20,67.56455,68.50195,66.41084,67.05980000000001,14300.0
2021-07-21,67.42034,67.56455,67.05980000000001,67.05980000000001,63800.0
2021-07-22,67.20402,67.78088000000001,66.48294,67.42034,5600.0
2021-07-23,66.84348,67.42034,66.84348,66.91559,4900.0
2021-07-26,66.91559,68.50195,66.55505000000001,68.42984,17100.0
2021-07-27,67.13191,67.85298,67.13191,67.78088000000001,1800.0
2021-07-28,67.85298,67.85298,67.34823,67.42034,4000.0
2021-07-29,67.20402,67.85298,67.20402,67.85298,5800.0
2021-07-30,67.13191,67.78088000000001,67.13191,67.49244999999999,4200.0
2021-08-02,67.49244999999999,68.14141000000001,67.13191,67.70877,4600.0
2021-08-03,67.78088000000001,67.85298,67.20402,67.63666,2400.0
2021-08-04,67.78088000000001,68.86249000000001,67.78088000000001,68.50195,24100.0
2021-08-05,68.50195,68.57406,67.78088000000001,68.42984,1500.0
2021-08-06,69.07881,69.07881,67.05980000000001,68.93459,21100.0
2021-08-09,67.78088000000001,67.99719999999999,67.78088000000001,67.99719999999999,2400.0
2021-08-10,68.42984,68.50195,67.85298,68.35772999999999,5500.0
2021-08-11,68.35772999999999,68.35772999999999,67.78088000000001,67.92509,8100.0
2021-08-12,67.92509,68.50195,67.78088000000001,67.78088000000001,8900.0
2021-08-13,67.63666,67.63666,66.69927,67.49244999999999,17300.0
2021-08-16,67.63666,67.99719999999999,67.42034,67.99719999999999,12600.0
2021-08-17,67.99719999999999,67.99719999999999,67.13191,67.20402,18600.0
2021-08-18,67.42034,68.50195,67.42034,67.78088000000001,20800.0
2021-08-19,67.78088000000001,71.38624,67.78088000000001,70.30463,78000.0
2021-08-20,70.30463,70.30463,68.50195,68.93459,32600.0
2021-08-23,68.50195,68.93459,67.78088000000001,68.57406,29200.0
2021-08-24,68.64616000000001,68.64616000000001,67.05980000000001,67.56455,34300.0
2021-08-25,67.42034,67.56455,66.69927,67.42034,32000.0
2021-08-26,66.84348,68.50195,66.77136999999999,68.42984,28800.0
2021-08-27,68.28563,73.18892,68.28563,73.18892,172400.0
2021-08-30,76.72218,78.30854,75.71267999999999,78.30854,109300.0
2021-08-31,83.78869999999999,83.78869999999999,80.39966,80.39966,147500.0
2021-09-01,79.39014999999999,79.67858,77.15483,79.31805,120600.0
2021-09-06,77.22693,78.95751,75.28004,75.71267999999999,110400.0
2021-09-07,74.70317999999999,76.28953999999999,70.66517,74.70317999999999,91000.0
2021-09-08,74.19842999999999,74.27053,71.60256,73.91,36300.0
2021-09-09,72.82839,72.9726,71.45835000000001,72.75628,43800.0
2021-09-10,74.27053,74.27053,71.60256,72.25153,21100.0
2021-09-13,72.46785000000001,74.12632,72.10732,72.9726,46000.0
2021-09-14,73.11682,77.87589999999999,73.11682,74.05421000000001,31800.0
2021-09-15,74.05421000000001,74.05421000000001,72.9005,73.47735,13900.0
2021-09-16,73.62157,73.62157,71.38624,71.38624,55100.0
2021-09-17,71.53046,73.98211,69.22302,73.69367999999999,49000.0
2021-09-20,72.9005,73.62157,72.39574,72.82839,19500.0
2021-09-21,72.10732,73.33314,71.67466999999999,72.82839,42300.0
2021-09-22,72.75628,73.40525,72.10732,73.40525,19600.0
2021-09-23,73.40525,75.71267999999999,73.40525,75.20792999999999,40100.0
2021-09-24,75.42425,76.28953999999999,74.12632,74.27053,15800.0
2021-09-27,74.19842999999999,74.27053,70.73728,72.10732,36500.0
2021-09-28,70.88149,72.10732,70.88149,71.24203,11000.0
2021-09-29,71.24203,71.38624,70.88149,70.95360000000001,16400.0
2021-09-30,72.75628,72.75628,71.24203,72.03521,7800.0
2021-10-01,72.03521,72.03521,70.66517,71.96310000000001,15400.0
2021-10-04,71.96310000000001,71.96310000000001,70.80938,71.81889,25100.0
2021-10-05,71.16992,72.10732,70.88149,72.10732,16200.0
2021-10-06,71.60256,72.03521,71.02571,71.81889,26100.0
2021-10-07,71.81889,72.10732,71.53046,72.03521,15300.0
2021-10-08,71.09781,72.03521,71.09781,71.89099,12300.0
2021-10-11,71.74678,71.74678,70.52095,71.38624,28500.0
2021-10-12,71.31413,71.38624,70.66517,70.88149,15800.0
2021-10-13,71.02571,72.03521,70.88149,71.74678,11000.0
2021-10-14,71.74678,71.74678,70.73728,71.38624,18300.0
2021-10-15,71.38624,71.38624,70.66517,70.73728,22300.0
2021-10-18,70.66517,70.66517,70.0162,70.59306,20500.0
2021-10-19,70.30463,70.37674000000001,70.08830999999999,70.23252000000001,21800.0
2021-10-20,70.80938,71.16992,70.66517,71.16992,7900.0
2021-10-21,71.31413,71.74678,71.16992,71.53046,14900.0
2021-10-22,71.60256,71.74678,70.66517,70.88149,12900.0
2021-10-25,71.02571,71.16992,70.73728,70.73728,19100.0
2021-10-26,70.66517,71.38624,70.52095,71.24203,14800.0
2021-10-27,71.24203,71.81889,70.73728,71.31413,21300.0
2021-10-28,71.38624,73.76577999999999,71.16992,73.33314,74200.0
2021-10-29,73.26103,75.71267999999999,72.53996000000001,74.84739,67900.0
2021-11-01,74.9195,75.64057000000001,73.62157,73.76577999999999,35500.0
2021-11-02,73.11682,75.71267999999999,73.04471000000001,74.41475,35200.0
2021-11-03,75.71267999999999,75.71267999999999,72.17942,73.54946000000001,44900.0
2021-11-04,73.54946000000001,74.19842999999999,72.17942,73.04471000000001,14900.0
2021-11-05,73.98211,74.05421000000001,72.53996000000001,72.9726,14400.0
2021-11-08,74.27053,74.27053,72.82839,72.9726,23100.0
2021-11-09,72.9005,73.62157,72.9005,73.54946000000001,33400.0
2021-11-10,72.9726,73.47735,72.82839,72.9726,24400.0
2021-11-11,73.04471000000001,73.54946000000001,71.53046,72.75628,28000.0
2021-11-12,72.10732,73.26103,71.81889,73.26103,27400.0
2021-11-15,73.47735,75.35214,73.18892,74.41475,62100.0
2021-11-16,73.40525,74.27053,73.40525,73.62157,20900.0
2021-11-17,73.62157,74.55896000000001,72.9726,73.62157,23100.0
2021-11-18,73.62157,73.62157,72.10732,72.82839,74600.0
2021-11-19,72.82839,72.9005,71.96310000000001,71.96310000000001,14400.0
2021-11-22,71.38624,72.03521,70.80938,71.02571,26300.0
2021-11-23,70.30463,73.04471000000001,70.30463,71.16992,7600.0
2021-11-24,73.18892,73.18892,71.38624,72.82839,12200.0
2021-11-25,72.68417,72.68417,71.24203,71.81889,4200.0
2021-11-26,71.74678,72.10732,71.09781,71.74678,19400.0
2021-11-29,72.75628,75.64057000000001,72.68417,74.9195,96500.0
2021-11-30,75.06372,77.08272,74.27053,74.27053,42300.0
2021-12-01,74.27053,74.27053,71.89099,73.54946000000001,36300.0
2021-12-02,75.20792999999999,78.66908000000001,73.54946000000001,78.66908000000001,152100.0
2021-12-03,83.64449,84.14924,80.76019000000001,84.14924,172700.0
2021-12-06,83.42816,85.7356,82.20233999999999,85.44717,69100.0
2021-12-07,84.36556,88.692,83.64449,87.97091999999999,90100.0
2021-12-08,87.10564,89.98992999999999,87.10564,89.41307,65700.0
2021-12-09,90.06204,95.10955,89.41307,91.14365,64600.0
2021-12-10,89.41307,91.57629,87.24985000000001,89.77361,48900.0
2021-12-13,88.692,96.04694,88.692,96.04694,52200.0
2021-12-14,102.03185,102.75292,96.55169000000001,96.76802,127400.0
2021-12-15,96.40747999999999,100.95024000000001,96.33537,97.92173,36400.0
2021-12-16,98.06595,100.95024000000001,91.14365,93.73951,73300.0
2021-12-17,93.81161999999999,94.46058000000001,88.11514,89.12464,59400.0
2021-12-20,89.12464,94.38848,89.12464,92.6579,39300.0
2021-12-21,92.80211,94.46058000000001,92.6579,93.73951,29500.0
2021-12-22,93.59528999999999,94.10005,88.692,92.22525999999999,52600.0
2021-12-23,92.29736,93.73951,88.692,88.90832,41800.0
2021-12-24,88.61989,89.34096000000001,85.15874000000001,85.15874000000001,24400.0
2021-12-27,85.15874000000001,85.15874000000001,81.48127000000001,83.35606,58900.0
2021-12-28,83.64449,87.10564,82.92341,83.57238000000001,28400.0
2021-12-29,84.87031,84.87031,80.03912,81.7697,24100.0
2021-12-30,81.8418,82.92341,77.51536,82.13023,56000.0
2021-12-31,84.7261,84.7261,81.48127000000001,81.48127000000001,14600.0
2022-01-04,81.12073,83.28394999999999,81.12073,82.63498,36800.0
2022-01-05,82.41866,83.28394999999999,82.27445,82.92341,43400.0
2022-01-06,85.30295,88.692,84.00502,88.692,86900.0
2022-01-07,88.692,88.692,82.49077,82.63498,170400.0
2022-01-10,81.12073,82.41866,78.23644,78.23644,56200.0
2022-01-11,77.37115,77.73169,72.82839,77.08272,75800.0
2022-01-12,76.50586,76.50586,72.9726,72.9726,129600.0
2022-01-13,73.54946000000001,75.8569,72.9726,73.91,27500.0
2022-01-14,72.9726,76.43375,72.9726,76.43375,44100.0
2022-01-17,76.36165,76.43375,73.54946000000001,73.54946000000001,35300.0
2022-01-18,75.13582000000001,75.71267999999999,73.76577999999999,75.71267999999999,40800.0
2022-01-19,74.63107000000001,75.71267999999999,74.05421000000001,74.48686000000001,13400.0
2022-01-20,73.69367999999999,75.28004,73.69367999999999,74.41475,15300.0
2022-01-21,73.54946000000001,74.27053,73.40525,73.62157,23200.0
2022-01-24,73.62157,74.19842999999999,71.38624,71.38624,31900.0
2022-01-25,71.38624,71.38624,70.30463,71.02571,26200.0
2022-01-26,70.95360000000001,72.03521,70.66517,71.02571,24400.0
2022-01-27,71.09781,72.82839,71.09781,71.74678,10500.0
2022-01-28,71.74678,74.27053,71.74678,74.19842999999999,15000.0
2022-02-07,74.27053,74.99161,72.10732,74.19842999999999,16500.0
2022-02-08,73.91,73.91,72.03521,73.04471000000001,28400.0
2022-02-09,73.04471000000001,73.11682,72.25153,72.82839,31900.0
2022-02-10,74.12632,74.9195,73.18892,74.77529,21000.0
2022-02-11,74.84739,74.84739,72.82839,73.18892,22400.0
2022-02-14,72.10732,72.9726,71.74678,71.81889,87900.0
2022-02-15,72.10732,73.54946000000001,71.81889,72.9726,53200.0
2022-02-16,72.82839,74.12632,72.82839,73.40525,19100.0
2022-02-17,72.9726,73.47735,72.68417,73.47735,13300.0
2022-02-18,73.47735,78.59697,73.47735,78.52486999999999,98300.0
2022-02-21,81.26494,83.64449,80.03912,82.92341,104000.0
2022-02-22,84.87031,84.87031,82.20233999999999,82.20233999999999,74000.0
2022-02-23,82.20233999999999,87.46617,80.8323,82.92341,96200.0
2022-02-24,83.06763000000001,84.22134,79.46226,81.26494,43700.0
2022-02-25,81.19283999999999,82.92341,81.12073,82.05812,28600.0
2022-02-28,82.05812,82.05812,79.31805,81.12073,44600.0
2022-03-01,80.76019000000001,81.33705,80.39966,80.8323,27400.0
2022-03-02,81.12073,86.38456,78.59697,85.08663,127100.0
2022-03-03,85.59138,85.87980999999999,79.17383,85.01452,98500.0
2022-03-04,85.08663,85.08663,83.64449,83.64449,31600.0
2022-03-07,83.64449,85.08663,82.56288,84.14924,46500.0
2022-03-08,82.99552,83.71659,82.56288,82.56288,48200.0
2022-03-09,81.62548,82.56288,80.76019000000001,82.56288,37200.0
2022-03-10,82.49077,82.92341,81.91391,82.49077,13500.0
2022-03-11,82.41866,82.41866,78.95751,80.68809,65700.0
2022-03-14,77.51536,80.76019000000001,77.51536,78.8133,28000.0
2022-03-15,78.8133,80.03912,73.54946000000001,78.38064999999999,45500.0
2022-03-16,78.38064999999999,78.59697,77.22693,78.38064999999999,7600.0
2022-03-17,80.03912,80.03912,77.94801,78.59697,8900.0
2022-03-18,78.59697,79.24594,77.65958,78.45276,19700.0
2022-03-21,78.45276,79.96700999999999,77.87589999999999,79.39014999999999,23200.0
2022-03-22,79.39014999999999,79.60647999999999,77.51536,77.51536,29800.0
2022-03-23,79.39014999999999,79.96700999999999,77.73169,79.60647999999999,28600.0
2022-03-24,79.75069,81.69758999999999,79.75069,80.25544000000001,75000.0
2022-03-25,80.97650999999999,81.33705,79.31805,80.25544000000001,39100.0
2022-03-28,80.25544000000001,82.13023,79.75069,80.39966,43100.0
2022-03-29,79.75069,81.04862,79.75069,80.76019000000001,25200.0
2022-03-30,81.12073,81.12073,79.96700999999999,80.03912,35200.0
2022-03-31,80.03912,80.76019000000001,80.03912,80.18333,40600.0
2022-04-01,80.78103999999999,81.82338,79.66425,81.45111,17700.0
2022-04-04,81.52557,82.49345,81.52557,82.12119,41100.0
2022-04-05,82.12119,82.5679,79.7387,80.40878,35800.0
2022-04-06,79.14308,80.40878,79.14308,79.51535000000001,27900.0
2022-04-07,79.51535000000001,80.40878,78.69637,79.44089,20600.0
2022-04-08,78.54746,80.33432,78.3241,79.06863,23200.0
2022-04-12,80.03650999999999,80.03650999999999,73.55914,75.94162,73500.0
2022-04-13,76.01608,76.90951,75.49491,76.53724000000001,31500.0
2022-04-14,76.6117,77.20732000000001,76.01608,76.01608,10900.0
2022-04-15,75.79272,76.23943,75.1971,75.86717,13800.0
2022-04-18,74.52702000000001,76.16498,74.52702000000001,75.94162,23700.0
2022-04-19,75.94162,77.43066999999999,75.1971,75.94162,29000.0
2022-04-20,75.94162,77.13286,74.45257000000001,75.64381,25300.0
2022-04-21,76.46279,76.46279,75.27155,75.64381,11900.0
2022-04-22,75.1971,76.38834,75.1971,75.71826,18200.0
2022-04-25,75.79272,75.79272,71.47447,71.47447,54300.0
2022-04-26,71.47447,74.45257000000001,71.47447,74.22921000000001,17700.0
2022-04-27,73.18688,74.00586,72.59125999999999,73.9314,9500.0
2022-04-28,73.70805,74.37812,71.47447,74.37812,36600.0
2022-04-29,74.37812,75.346,73.33578,75.27155,22200.0
2022-05-04,75.49491,75.49491,73.70805,74.08031,14300.0
2022-05-05,74.08031,74.08031,73.18688,73.70805,12900.0
2022-05-06,72.29344999999999,75.86717,72.29344999999999,75.04819,16000.0
2022-05-09,74.37812,74.82483,72.5168,72.5168,10500.0
2022-05-10,72.44235,72.5168,71.47447,72.5168,34000.0
2022-05-11,72.5168,73.70805,72.44235,72.96352,16100.0
2022-05-12,74.45257000000001,74.45257000000001,71.54892,71.84673,19000.0
2022-05-13,72.21899,72.66571,69.98542,69.98542,16800.0
2022-05-16,71.47447,71.47447,67.08177,67.37958,40500.0
2022-05-17,67.45403,68.49637,63.35914,68.49637,36100.0
2022-05-18,69.91096,69.91096,67.15622,69.24089,9200.0
2022-05-19,68.79418,68.79418,66.26279,68.04965,9000.0
2022-05-20,67.52848,68.64527000000001,67.52848,67.75184,16500.0
2022-05-23,68.86863000000001,68.86863000000001,67.37958,67.37958,9100.0
2022-05-24,67.67739,68.64527000000001,67.37958,68.19856,6200.0
2022-05-25,68.19856,70.65549,68.19856,69.24089,11700.0
2022-05-26,69.16644000000001,69.24089,68.57082000000001,69.24089,3800.0
2022-05-27,68.86863000000001,69.91096,68.86863000000001,69.83650999999999,11600.0
2022-05-30,70.43213,70.72994,69.61314999999999,69.61314999999999,13600.0
2022-05-31,70.13432,70.13432,69.24089,69.91096,11500.0
2022-06-01,69.31533999999999,69.91096,67.75184,69.16644000000001,8000.0
2022-06-02,69.83650999999999,69.83650999999999,68.34746000000001,68.86863000000001,6300.0
2022-06-03,68.86863000000001,68.86863000000001,67.60292999999999,68.34746000000001,13600.0
2022-06-06,67.75184,68.34746000000001,67.37958,67.82629,13100.0
2022-06-07,67.82629,68.42191,67.37958,68.12410000000001,7900.0
2022-06-08,68.49637,69.98542,67.82629,68.64527000000001,18900.0
2022-06-09,68.64527000000001,69.24089,68.19856,69.09199000000001,5800.0
2022-06-10,69.09199000000001,69.16644000000001,68.57082000000001,69.16644000000001,8200.0
2022-06-13,68.49637,68.49637,67.37958,67.37958,30900.0
2022-06-14,67.00731,68.04965,66.63505,67.37958,6100.0
2022-06-15,66.85841,67.37958,66.63505,67.00731,6900.0
2022-06-16,68.42191,68.42191,67.15622,67.67739,13200.0
2022-06-17,67.15622,67.15622,64.10366,66.11388000000001,22900.0
2022-06-20,66.26279,66.33724000000001,66.03943,66.11388000000001,10500.0
2022-06-21,65.96498,65.96498,64.02921,64.02921,12700.0
2022-06-22,64.10366,64.32701999999999,63.80585,64.02921,7200.0
2022-06-23,64.02921,64.32701999999999,64.02921,64.10366,5900.0
2022-06-24,64.10366,64.40147,64.02921,64.40147,7800.0
2022-06-27,65.66717,65.96498,64.84819,65.59272,3300.0
2022-06-28,65.66717,65.81607000000001,64.47593,65.66717,9700.0
2022-06-29,64.99709,65.74162,64.99709,65.51826,7700.0
2022-06-30,65.146,65.74162,65.146,65.36936,6600.0
2022-07-01,65.36936,65.51826,64.84819,65.44381,7500.0
2022-07-04,65.66717,65.81607000000001,65.51826,65.66717,8600.0
2022-07-05,65.74162,66.03943,64.84819,66.03943,5400.0
2022-07-06,65.51826,65.66717,65.07155,65.07155,6800.0
2022-07-07,65.66717,65.66717,64.99709,65.07155,3900.0
2022-07-08,65.59272,65.59272,64.99709,65.51826,9700.0
2022-07-11,65.146,65.146,64.69928,64.84819,6700.0
2022-07-12,65.146,65.51826,64.84819,65.51826,3900.0
2022-07-13,65.146,66.93286,63.284690000000005,65.81607000000001,8400.0
2022-07-14,64.99709,65.74162,64.99709,65.66717,2400.0
2022-07-15,65.51826,65.74162,65.51826,65.51826,4500.0
2022-07-18,65.2949,65.51826,65.22045,65.51826,2400.0
2022-07-19,65.51826,65.51826,64.92264,64.99709,2600.0
2022-07-20,65.146,65.89053,65.146,65.89053,8900.0
2022-07-21,65.89053,68.34746000000001,65.89053,68.27301,40700.0
2022-07-22,68.49637,69.61314999999999,68.27301,69.61314999999999,22200.0
2022-07-25,69.61314999999999,69.61314999999999,68.04965,68.12410000000001,8100.0
2022-07-26,68.12410000000001,69.98542,67.75184,68.49637,28600.0
2022-07-27,69.16644000000001,69.24089,69.09199000000001,69.09199000000001,1900.0
2022-07-28,69.16644000000001,69.16644000000001,68.49637,68.49637,7200.0
2022-07-29,68.49637,68.86863000000001,67.9752,68.71972,5300.0
2022-08-01,68.49637,68.49637,67.9752,68.49637,4200.0
2022-08-02,68.49637,68.49637,67.60292999999999,68.49637,9700.0
2022-08-03,68.49637,68.94308,67.90074,68.42191,1400.0
2022-08-04,67.82629,68.42191,67.82629,68.04965,14800.0
2022-08-05,68.49637,68.49637,67.9752,68.12410000000001,8200.0
2022-08-08,68.04965,68.42191,67.9752,68.04965,2800.0
2022-08-09,67.90074,69.09199000000001,67.90074,68.71972,14800.0
2022-08-10,69.09199000000001,69.09199000000001,68.71972,69.09199000000001,6600.0
2022-08-11,69.01753,69.09199000000001,68.49637,68.49637,800.0
2022-08-12,68.49637,69.09199000000001,68.49637,68.94308,6500.0
2022-08-15,68.49637,69.01753,68.49637,68.57082000000001,11200.0
2022-08-16,68.57082000000001,68.57082000000001,68.12410000000001,68.19856,8100.0
2022-08-17,68.19856,68.94308,68.19856,68.19856,13100.0
2022-08-18,68.19856,68.49637,68.19856,68.34746000000001,6400.0
2022-08-19,68.49637,69.61314999999999,68.49637,69.53869999999999,18800.0
2022-08-22,70.35767999999999,70.58103999999999,69.53869999999999,69.98542,8900.0
2022-08-23,69.98542,69.98542,69.01753,69.24089,7100.0
2022-08-24,69.16644000000001,69.98542,69.01753,69.76205999999999,7500.0
2022-08-25,69.76205999999999,69.83650999999999,69.24089,69.46425,3700.0
2022-08-26,68.64527000000001,69.76205999999999,68.64527000000001,69.46425,6400.0
2022-08-29,68.27301,68.86863000000001,68.19856,68.49637,17500.0
2022-08-30,68.49637,68.86863000000001,67.82629,67.82629,8400.0
2022-08-31,67.9752,68.12410000000001,67.75184,67.75184,16400.0
2022-09-05,67.75184,68.49637,67.75184,68.04965,1700.0
2022-09-06,67.82629,68.49637,67.82629,68.49637,4000.0
2022-09-07,68.49637,68.49637,67.75184,67.75184,6000.0
2022-09-08,68.49637,68.49637,67.00731,67.23067,6000.0
2022-09-09,67.30512,67.30512,67.00731,67.23067,7900.0
2022-09-12,69.01753,69.38980000000001,68.49637,68.49637,17298.0
2022-09-13,68.27301,69.24089,67.45403,67.60292999999999,8585.0
2022-09-14,68.34746000000001,68.34746000000001,67.23067,67.37958,9327.0
2022-09-15,67.37958,67.82629,67.37958,67.82629,726.0
2022-09-16,67.37958,68.49637,67.37958,67.67739,9780.0
2022-09-19,67.67739,67.67739,67.08177,67.15622,3522.0
2022-09-20,67.15622,67.60292999999999,65.59272,67.60292999999999,10739.0
2022-09-21,67.08177,67.08177,66.26279,66.48615,8559.0
2022-09-22,66.26279,66.85841,65.96498,66.85841,11480.0
2022-09-23,65.89053,66.85841,65.89053,66.26279,1952.0
2022-09-26,65.59272,65.89053,64.84819,65.07155,14345.0
2022-09-27,64.17812,66.18834,63.35914,65.96498,9924.0
2022-09-28,64.77374,65.96498,64.77374,65.96498,7368.0
2022-09-29,65.96498,65.96498,64.40147,64.40147,4728.0
2022-09-30,64.40147,64.47593,63.284690000000005,63.656949999999995,11181.0
2022-10-03,65.66717,65.66717,63.656949999999995,63.7314,2975.0
2022-10-04,63.7314,63.880309999999994,62.91242,62.91242,8708.0
2022-10-05,61.94454,64.17812,61.87009,63.284690000000005,1906.0
2022-10-06,64.69928,64.69928,62.54016,62.54016,9634.0
2022-10-07,62.54016,62.54016,61.795629999999996,62.54016,6874.0
2022-10-10,61.12556,62.46571,61.12556,61.795629999999996,2211.0
2022-10-11,61.72118,61.72118,60.306580000000004,60.306580000000004,4905.0
2022-10-12,60.306580000000004,63.880309999999994,60.306580000000004,62.68906,1991.0
2022-10-13,62.61461,62.68906,62.1679,62.54016,5241.0
2022-10-14,63.284690000000005,63.284690000000005,61.87009,62.018989999999995,3951.0
2022-10-17,62.018989999999995,62.24235,61.05111,61.72118,8014.0
2022-10-18,61.795629999999996,62.1679,61.795629999999996,62.09344,6093.0
2022-10-19,63.284690000000005,64.77374,63.21023,64.02921,24629.0
2022-10-20,64.10366,67.00731,64.02921,67.00731,31400.0
2022-10-21,67.15622,69.24089,66.18834,67.00731,46235.0
2022-10-24,67.08177,67.08177,64.47593,65.51826,12933.0
2022-10-25,64.47593,66.18834,64.02921,65.89053,12767.0
2022-10-26,65.89053,65.89053,63.284690000000005,65.36936,9537.0
2022-10-27,64.40147,65.51826,64.10366,65.36936,4945.0
2022-10-28,65.51826,65.51826,64.02921,65.07155,10211.0
2022-10-31,65.51826,65.51826,64.02921,64.02921,5860.0
2022-11-01,63.656949999999995,64.77374,63.284690000000005,63.433589999999995,10546.0
2022-11-02,63.284690000000005,64.02921,63.284690000000005,64.02921,4524.0
2022-11-03,64.02921,64.47593,63.7314,63.7314,2426.0
2022-11-04,63.7314,63.7314,62.1679,63.061330000000005,8668.0
2022-11-07,63.284690000000005,63.284690000000005,62.1679,62.3168,2680.0
2022-11-08,61.49782,62.3168,61.49782,62.3168,2130.0
2022-11-09,62.39125,62.39125,62.1679,62.3168,7792.0
2022-11-10,62.3168,62.3168,59.562059999999995,60.67885,48659.0
2022-11-11,63.433589999999995,63.433589999999995,60.60439,60.60439,5795.0
2022-11-14,62.09344,62.1679,60.60439,61.34892,3119.0
2022-11-15,61.423370000000006,61.795629999999996,58.073010000000004,59.4876,23860.0
2022-11-16,59.4876,60.67885,59.26425,60.67885,10628.0
2022-11-17,61.795629999999996,61.94454,60.67885,61.20001,3617.0
2022-11-18,61.57228,62.3168,60.60439,61.94454,4715.0
2022-11-21,61.94454,61.94454,60.97666,61.05111,4588.0
2022-11-22,61.05111,61.57228,60.306580000000004,61.57228,7380.0
2022-11-23,61.423370000000006,61.423370000000006,61.05111,61.05111,2112.0
2022-11-24,61.05111,61.57228,60.67885,60.9022,1610.0
2022-11-25,60.306580000000004,61.05111,59.93432,60.083220000000004,14003.0
2022-11-28,61.05111,61.795629999999996,60.38104,61.795629999999996,22095.0
2022-11-29,61.795629999999996,61.795629999999996,60.9022,61.12556,19348.0
2022-11-30,60.9022,64.02921,60.9022,64.02921,55758.0
2022-12-01,62.98688,64.69928,62.61461,62.83797,30069.0
2022-12-02,62.83797,62.83797,62.1679,62.76352,7543.0
2022-12-05,63.061330000000005,63.880309999999994,62.91242,63.880309999999994,18999.0
2022-12-06,63.95476,64.02921,62.98688,63.284690000000005,8661.0
2022-12-07,62.68906,63.50804,62.68906,62.91242,9525.0
2022-12-08,63.95476,64.47593,63.061330000000005,63.95476,12504.0
2022-12-09,63.284690000000005,64.02921,62.98688,63.13578,7459.0
2022-12-12,63.284690000000005,64.32701999999999,63.284690000000005,63.35914,7270.0
2022-12-13,63.35914,63.35914,62.68906,63.21023,11917.0
2022-12-14,63.284690000000005,63.656949999999995,62.98688,63.656949999999995,7200.0
2022-12-15,63.7314,63.7314,63.21023,63.656949999999995,7714.0
2022-12-16,62.91242,63.880309999999994,62.91242,63.880309999999994,9481.0
2022-12-19,63.80585,63.880309999999994,63.284690000000005,63.80585,3102.0
2022-12-20,63.433589999999995,63.80585,62.98688,63.5825,21942.0
2022-12-21,63.656949999999995,63.656949999999995,63.5825,63.5825,1749.0
2022-12-22,63.5825,63.5825,63.061330000000005,63.21023,4529.0
2022-12-23,63.21023,63.7314,62.76352,63.7314,3400.0
2022-12-26,63.5825,63.5825,61.795629999999996,62.91242,3277.0
2022-12-27,62.91242,62.91242,62.68906,62.91242,2972.0
2022-12-28,63.061330000000005,63.35914,62.61461,63.35914,2920.0
2022-12-29,63.35914,63.35914,63.061330000000005,63.21023,1605.0
2022-12-30,62.98688,63.21023,59.562059999999995,63.21023,3617.0
2023-01-03,63.21023,64.40147,63.21023,64.32701999999999,15642.0
2023-01-04,64.40147,64.77374,63.656949999999995,64.77374,3825.0
2023-01-05,64.55038,64.77374,64.55038,64.69928,3817.0
2023-01-06,63.7314,64.62483,63.7314,64.17812,2100.0
2023-01-09,64.17812,64.32701999999999,63.284690000000005,64.32701999999999,8812.0
2023-01-10,64.32701999999999,65.36936,64.32701999999999,65.36936,12376.0
2023-01-11,65.36936,67.37958,65.36936,66.26279,7411.0
2023-01-12,66.26279,66.26279,65.36936,65.36936,5093.0
2023-01-13,64.84819,66.11388000000001,64.84819,65.2949,2302.0
2023-01-16,65.51826,65.51826,64.92264,64.99709,6804.0
2023-01-17,65.146,65.81607000000001,65.146,65.51826,4610.0
2023-01-18,64.17812,65.51826,64.17812,65.146,17910.0
2023-01-19,65.146,66.56060000000001,65.146,66.56060000000001,10401.0
2023-01-27,67.00731,69.46425,67.00731,69.31533999999999,35653.0
2023-01-30,70.35767999999999,70.65549,69.61314999999999,70.13432,28626.0
2023-01-31,70.13432,70.72994,69.38980000000001,70.28322999999999,17217.0
2023-02-01,71.40002,71.40002,69.68761,69.83650999999999,11101.0
2023-02-02,69.83650999999999,70.05986999999999,69.61314999999999,69.83650999999999,20306.0
2023-02-03,69.76205999999999,71.92117999999999,69.76205999999999,71.92117999999999,20318.0
2023-02-06,70.43213,72.21899,70.43213,72.07009,10388.0
2023-02-07,71.84673,73.55914,71.84673,72.5168,42414.0
2023-02-08,72.14453999999999,72.14453999999999,70.8044,71.62337,8282.0
2023-02-09,71.62337,71.62337,70.13432,71.02775,7536.0
2023-02-10,74.00586,74.37812,71.47447,71.77228,20417.0
2023-02-13,71.77228,73.55914,71.69783,72.96352,58148.0
2023-02-14,72.59125999999999,73.70805,72.59125999999999,73.33578,5239.0
2023-02-15,72.96352,74.30367,72.96352,73.70805,19694.0
2023-02-16,74.37812,74.37812,73.11242,73.63359,14881.0
2023-02-17,73.55914,74.08031,73.03797,73.11242,8532.0
2023-02-20,73.11242,73.11242,71.47447,72.74016,17851.0
2023-02-21,73.9314,73.9314,73.03797,73.63359,11762.0
2023-02-22,74.22921000000001,74.22921000000001,72.29344999999999,72.96352,7742.0
2023-02-23,73.26133,73.41024,72.36789999999999,73.26133,47110.0
2023-02-24,73.26133,73.41024,72.21899,72.21899,7912.0
2023-02-27,72.21899,72.21899,71.25111,71.77228,7206.0
2023-02-28,71.02775,74.30367,71.02775,71.69783,2218.0
2023-03-01,72.07009,74.08031,72.07009,73.33578,4082.0
2023-03-02,73.33578,73.33578,72.36789999999999,72.36789999999999,5244.0
2023-03-03,73.63359,73.63359,72.21899,72.21899,3033.0
2023-03-06,72.5168,72.5168,71.10221,71.32556,6133.0
2023-03-07,70.13432,71.84673,70.13432,71.62337,4610.0
2023-03-08,71.47447,71.62337,71.17666,71.54892,8182.0
2023-03-09,71.84673,72.44235,71.47447,71.62337,5225.0
2023-03-10,71.62337,72.21899,71.62337,71.62337,2530.0
2023-03-13,71.62337,72.29344999999999,71.54892,71.62337,3007.0
2023-03-14,71.62337,71.62337,70.72994,71.10221,2304.0
2023-03-15,71.10221,71.84673,71.10221,71.84673,4669.0
2023-03-16,70.05986999999999,71.40002,70.05986999999999,70.87885,5925.0
2023-03-17,70.05986999999999,70.20877,69.46425,69.46425,7403.0
2023-03-20,69.98542,70.72994,67.75184,69.24089,8700.0
2023-03-21,68.64527000000001,68.94308,68.64527000000001,68.94308,2336.0
2023-03-22,68.94308,70.58103999999999,68.94308,69.91096,3300.0
2023-03-23,69.98542,69.98542,69.53869999999999,69.91096,700.0
2023-03-24,68.71972,69.91096,68.71972,69.91096,200.0
2023-03-27,69.24089,69.83650999999999,68.94308,69.61314999999999,6033.0
2023-03-28,69.61314999999999,70.58103999999999,68.71972,69.46425,3805.0
2023-03-29,69.46425,69.46425,69.24089,69.24089,3300.0
2023-03-30,69.24089,69.98542,68.94308,69.01753,6016.0
2023-03-31,68.94308,69.24089,68.71972,69.01753,14112.0
2023-04-03,69.01753,69.24089,69.01753,69.09199000000001,2610.0
2023-04-04,68.86863000000001,68.86863000000001,68.49637,68.79418,14203.0
2023-04-05,68.79418,68.86863000000001,68.49637,68.64527000000001,3243.0
2023-04-06,69.01753,69.01753,67.9752,68.71972,8673.0
2023-04-07,69.24089,69.24089,68.12410000000001,68.12410000000001,2121.0
2023-04-10,67.90074,68.79418,67.90074,68.79418,8470.0
2023-04-11,68.64527000000001,68.86863000000001,67.9752,68.49637,9220.0
2023-04-12,68.49637,68.57082000000001,68.12410000000001,68.57082000000001,1300.0
2023-04-13,68.57082000000001,68.57082000000001,68.04965,68.57082000000001,7521.0
2023-04-14,68.94308,69.61314999999999,68.94308,69.53869999999999,5620.0
2023-04-17,69.53869999999999,69.98542,69.31533999999999,69.31533999999999,9915.0
2023-04-18,69.38980000000001,69.38980000000001,69.31533999999999,69.31533999999999,3126.0
2023-04-19,69.31533999999999,69.31533999999999,68.12410000000001,68.42191,10640.0
2023-04-20,68.42191,69.98542,68.34746000000001,68.86863000000001,9670.0
2023-04-21,73.63359,73.63359,73.63359,73.63359,42981.0
2023-04-24,77.87739,77.87739,75.64381,77.57958,175034.0
2023-04-25,77.35622000000001,77.35622000000001,76.01608,76.68615,18853.0
2023-04-26,76.68615,79.66425,75.27155,78.62192,89826.0
2023-04-27,78.69637,78.69637,77.43066999999999,78.62192,33123.0
2023-04-28,78.54746,79.36644,77.87739,78.77082,37309.0
2023-05-04,78.24964999999999,84.20586,78.24964999999999,84.20586,154602.0
2023-05-05,84.20586,88.00294,84.20586,86.36498,99551.0
2023-05-08,86.36498,87.77958,84.87593,85.62046000000001,63170.0
2023-05-09,85.62046000000001,86.21608,83.46133,84.80148,51010.0
2023-05-10,84.49172,86.71923,83.72362,83.72362,24350.0
2023-05-11,81.95697,84.49172,81.95697,84.49172,86804.0
2023-05-12,83.87724,84.33810000000001,83.18594,83.18594,37101.0
2023-05-15,83.18594,86.79603999999999,83.10913000000001,84.26128999999999,76943.0
2023-05-16,83.87724,84.95259,83.80042999999999,84.56853,13102.0
2023-05-17,84.56853,84.79897,82.72508,84.41491,34252.0
2023-05-18,84.18448,85.64388000000001,84.18448,85.25983000000001,17384.0
2023-05-19,85.25983000000001,85.87432000000001,84.49172,84.56853,20921.0
2023-05-22,84.56853,85.25983000000001,84.18448,84.95259,5649.0
2023-05-23,85.72069,85.72069,84.33810000000001,85.25983000000001,23941.0
2023-05-24,84.49172,85.25983000000001,84.10767,85.18302,26139.0
2023-05-25,85.18302,90.63658,84.87577999999999,87.64096,210236.0
2023-05-26,88.33225999999999,88.33225999999999,82.11059,86.02794,66319.0
2023-05-29,85.64388000000001,85.64388000000001,83.33955999999999,83.72362,46884.0
2023-05-30,86.79603999999999,86.79603999999999,83.72362,86.18156,47804.0
2023-05-31,84.95259,86.02794,84.10767,84.56853,71552.0
2023-06-01,84.56853,86.79603999999999,83.72362,86.79603999999999,56321.0
2023-06-02,86.79603999999999,86.94967,86.02794,86.02794,49639.0
2023-06-05,86.02794,86.71923,84.49172,84.72216,62876.0
2023-06-06,86.02794,86.18156,85.49025999999999,86.18156,17891.0
2023-06-07,86.4888,86.4888,85.25983000000001,86.18156,16084.0
2023-06-08,86.18156,92.17278999999999,86.18156,90.63658,175768.0
2023-06-09,90.63658,96.93505,90.55977,96.93505,128102.0
2023-06-12,96.93505,99.62342,94.70754,97.47273,63094.0
2023-06-13,96.09013,97.39591,92.17278999999999,96.62781,37029.0
2023-06-14,94.47711,96.78142999999999,94.47711,95.24522,10803.0
2023-06-15,95.24522,96.551,93.32495,96.551,25917.0
2023-06-16,96.39738,96.47419000000001,94.86116,95.24522,59023.0
2023-06-19,96.39738,96.39738,93.709,95.24522,15314.0
2023-06-20,95.16841000000001,99.4698,95.16841000000001,97.54954,35218.0
2023-06-21,96.551,96.551,94.47711,94.47711,27196.0
2023-06-22,94.47711,96.39738,93.709,94.16986999999999,32195.0
2023-06-23,93.78581,95.93651,93.78581,95.01478,14048.0
2023-06-26,95.01478,99.4698,94.16986999999999,99.08575,44743.0
2023-06-27,99.08575,103.54077000000001,96.24375,102.38861,64089.0
2023-06-28,102.08136,102.92628,99.85386,101.23644999999999,17199.0
2023-06-29,101.23644999999999,101.23644999999999,98.7017,98.7017,30040.0
2023-06-30,99.08575,100.62196,98.31764,98.7017,43763.0
2023-07-03,98.7017,102.77266,98.7017,102.77266,38661.0
2023-07-04,101.39007000000001,102.54222999999999,99.4698,99.85386,41294.0
2023-07-05,102.3118,102.3118,100.46834,101.85092999999999,11438.0
2023-07-06,100.00748,101.77412,99.08575,100.54514999999999,50309.0
2023-07-07,100.46834,104.15525,100.23791,103.61758,48863.0
2023-07-10,104.69292999999999,105.23060000000001,101.46688,103.69439,38094.0
2023-07-11,103.84800999999999,104.00163,102.69585000000001,102.92628,25275.0
2023-07-12,102.92628,103.54077000000001,101.39007000000001,101.77412,15537.0
2023-07-13,102.84947,103.61758,101.39007000000001,101.46688,30059.0
2023-07-14,101.39007000000001,101.39007000000001,99.16256,99.85386,69809.0
2023-07-17,99.77705,99.77705,97.54954,97.54954,70998.0
2023-07-18,97.54954,99.85386,97.54954,99.70022999999999,93116.0
2023-07-19,99.70022999999999,106.61319,99.70022999999999,106.61319,219578.0
2023-07-20,105.99871,107.53492,105.23060000000001,107.22767999999999,57046.0
2023-07-21,99.85386,101.39007000000001,99.77705,99.77705,243054.0
2023-07-24,95.32203,98.31764,94.09306,95.78289,272671.0
2023-07-25,96.01332000000001,97.39591,95.24522,95.32203,100972.0
2023-07-26,95.55246000000001,96.09013,95.24522,96.01332000000001,52710.0
2023-07-27,95.62927,95.8597,90.7902,91.48149000000001,203450.0
2023-07-28,92.09598,92.09598,88.71631,89.86847,131902.0
2023-07-31,89.94528,94.47711,89.86847,94.47711,42562.0
2023-08-01,93.01771000000001,94.78435,91.40468,91.40468,90232.0
2023-08-02,93.24814,93.24814,91.32786999999999,91.94236,20721.0
2023-08-03,91.94236,93.32495,91.94236,92.40322,42411.0
2023-08-04,92.9409,92.9409,91.71193,91.94236,19370.0
2023-08-07,92.01917,92.01917,90.63658,91.32786999999999,35454.0
2023-08-08,91.32786999999999,91.32786999999999,89.71485000000001,90.55977,72058.0
2023-08-09,90.55977,92.09598,89.94528,89.94528,28560.0
2023-08-10,89.94528,90.63658,89.10036,89.10036,40169.0
2023-08-11,89.10036,89.48442,88.33225999999999,89.10036,24890.0
2023-08-14,89.86847,89.86847,88.48588000000001,89.10036,23322.0
2023-08-15,89.10036,92.09598,89.10036,92.09598,54049.0
2023-08-16,91.78874,91.78874,90.02208999999999,90.0989,16292.0
2023-08-17,90.0989,90.0989,88.33225999999999,88.33225999999999,102171.0
2023-08-18,88.40907000000001,90.63658,87.56415,88.33225999999999,80762.0
2023-08-21,88.33225999999999,88.94674,87.71777,88.33225999999999,16985.0
2023-08-22,88.33225999999999,88.33225999999999,86.79603999999999,87.56415,55374.0
2023-08-23,87.18010000000001,87.56415,87.10328999999999,87.41053,21226.0
2023-08-24,87.41053,87.56415,86.87285,87.48734,30873.0
2023-08-25,87.56415,89.10036,87.33372,88.86993,26953.0
2023-08-28,88.94674,89.48442,88.86993,89.3308,25198.0
2023-08-29,89.3308,89.86847,88.48588000000001,88.48588000000001,27293.0
2023-08-30,88.48588000000001,89.40761,88.33225999999999,89.40761,27602.0
2023-08-31,89.48442,90.94382,89.48442,90.63658,30939.0
2023-09-05,89.86847,91.02063000000001,89.86847,90.55977,18093.0
2023-09-06,90.7902,94.47711,90.0989,93.709,74764.0
2023-09-07,93.40176,95.8597,93.40176,94.86116,124095.0
2023-09-08,94.86116,94.86116,92.40322,93.55538,62595.0
2023-09-11,94.32349,94.4003,88.33225999999999,91.94236,22725.0
2023-09-12,92.09598,94.70754,92.01917,94.70754,68125.0
2023-09-13,94.70754,94.70754,92.40322,92.55684,20067.0
2023-09-14,93.55538,93.55538,90.63658,91.02063000000001,18411.0
2023-09-15,92.09598,92.09598,90.55977,90.63658,21614.0
2023-09-18,92.09598,92.09598,90.71339,90.94382,20210.0
2023-09-19,91.40468,91.40468,90.25252,91.25106,7707.0
2023-09-20,91.40468,91.40468,90.63658,91.09744,15820.0
2023-09-21,92.17278999999999,92.17278999999999,90.63658,91.17425,21353.0
2023-09-22,92.01917,92.01917,89.86847,90.55977,36664.0
2023-09-25,90.63658,92.09598,89.10036,89.10036,26762.0
2023-09-26,89.3308,90.63658,88.33225999999999,89.25398,19613.0
2023-09-27,88.71631,90.02208999999999,88.71631,90.02208999999999,50600.0
2023-09-28,89.86847,89.86847,89.10036,89.40761,15305.0
2023-09-29,91.32786999999999,91.32786999999999,89.3308,89.86847,14523.0
2023-10-02,91.02063000000001,91.32786999999999,90.63658,91.17425,15293.0
2023-10-03,90.25252,91.71193,89.17717,89.63803999999999,12510.0
2023-10-04,88.40907000000001,89.63803999999999,88.33225999999999,89.56123,8200.0
2023-10-05,90.02208999999999,90.55977,88.40907000000001,89.63803999999999,12360.0
2023-10-06,89.40761,90.25252,88.71631,90.25252,9124.0
2023-10-09,90.32933,94.09306,90.32933,93.86261999999999,190188.0
2023-10-10,94.93797,94.93797,93.01771000000001,93.47857,11000.0
2023-10-11,94.24668,94.24668,91.40468,93.17133,59011.0
2023-10-12,92.78728,92.9409,91.78874,92.71046000000001,44050.0
2023-10-13,92.63364999999999,92.63364999999999,91.40468,92.17278999999999,12275.0
2023-10-16,92.86408999999999,92.9409,91.40468,91.94236,30616.0
2023-10-17,93.24814,93.24814,91.09744,91.09744,14032.0
2023-10-18,92.32641000000001,92.32641000000001,87.56415,88.6395,59861.0
2023-10-19,88.6395,89.02355,88.33225999999999,88.33225999999999,64191.0
2023-10-20,88.33225999999999,89.02355,87.56415,89.02355,33232.0
2023-10-23,86.18156,87.41053,84.49172,84.49172,52742.0
2023-10-24,83.87724,85.18302,83.87724,84.79897,12487.0
2023-10-25,84.79897,85.64388000000001,83.41637,83.41637,27761.0
2023-10-26,84.33810000000001,84.33810000000001,77.65558,79.03817,51274.0
2023-10-27,79.03817,79.11498,77.65558,77.88601,10599.0
2023-10-30,77.57875999999999,78.65411,75.27445,77.96282000000001,13103.0
2023-10-31,81.34249000000001,81.34249000000001,76.81066,76.81066,13312.0
2023-11-01,76.81066,78.73092,76.11936,78.73092,11550.0
2023-11-02,78.73092,79.11498,77.50195,79.11498,18155.0
2023-11-03,80.65119,80.65119,79.19179,79.57584,7633.0
2023-11-06,79.57584,80.57438,79.11498,80.49757000000001,7272.0
2023-11-07,80.49757000000001,80.65119,79.11498,80.49757000000001,9133.0
2023-11-08,80.26714,81.4193,79.57584,81.4193,18173.0
2023-11-09,81.4193,82.11059,80.95842999999999,80.95842999999999,10379.0
2023-11-10,80.95842999999999,80.95842999999999,80.03671,80.11352000000001,7214.0
2023-11-13,80.19033,80.49757000000001,80.11352000000001,80.11352000000001,3316.0
2023-11-14,80.26714,81.18887,79.49903,80.57438,12107.0
2023-11-15,80.65119,81.34249000000001,80.19033,81.03524,5926.0
2023-11-16,81.03524,81.03524,79.95989999999999,81.03524,10501.0
2023-11-17,80.11352000000001,81.03524,79.49903,79.95989999999999,8619.0
2023-11-20,77.11789999999999,79.95989999999999,77.11789999999999,79.57584,4801.0
2023-11-21,79.57584,81.03524,78.34687,80.80481,21429.0
2023-11-22,80.80481,80.95842999999999,78.50049,80.26714,10783.0
2023-11-23,79.11498,79.2686,78.88455,79.11498,35293.0
2023-11-24,79.19179,79.19179,78.57730000000001,78.88455,6615.0
2023-11-27,80.19033,80.26714,78.80774000000001,79.49903,4258.0
2023-11-28,79.49903,79.49903,76.73385,78.34687,28479.0
2023-11-29,78.34687,79.72946,78.11644,79.72946,14192.0
2023-11-30,79.72946,80.42076,79.19179,79.65265,14343.0
2023-12-01,79.65265,79.65265,79.11498,79.42222,3619.0
2023-12-04,79.42222,79.88308,78.96136,79.80627,29090.0
2023-12-05,80.19033,80.19033,78.96136,79.80627,28300.0
2023-12-06,79.88308,79.88308,78.96136,79.57584,25631.0
2023-12-07,79.34541,79.34541,78.19325,78.42367999999999,40735.0
2023-12-08,79.11498,79.11498,72.97013000000001,78.42367999999999,45223.0
2023-12-11,78.50049,78.50049,76.81066,77.19471,24127.0
2023-12-12,76.96428,77.96282000000001,76.96428,77.8092,15792.0
2023-12-13,77.57875999999999,77.88601,76.73385,77.11789999999999,11260.0
2023-12-14,77.11789999999999,77.42514,76.81066,76.96428,5103.0
2023-12-15,76.81066,77.19471,76.73385,77.04109,6443.0
2023-12-18,77.04109,77.11789999999999,76.81066,76.81066,5813.0
2023-12-19,76.81066,76.81066,75.6585,76.73385,12913.0
2023-12-20,76.73385,76.88747000000001,75.81212,76.65704,15465.0
2023-12-21,75.58169000000001,76.42660000000001,75.58169000000001,75.96574000000001,12679.0
2023-12-22,75.58169000000001,76.42660000000001,75.58169000000001,76.42660000000001,12772.0
2023-12-25,76.42660000000001,76.96428,76.42660000000001,76.73385,7060.0
2023-12-26,77.8092,77.8092,77.19471,77.42514,6150.0
2023-12-27,77.42514,77.96282000000001,77.42514,77.57875999999999,18403.0
2023-12-28,78.27006,78.27006,77.19471,77.73239,3103.0
2023-12-29,77.73239,79.88308,77.65558,79.88308,67798.0
2024-01-02,79.88308,84.49172,79.88308,84.49172,47041.0
2024-01-03,84.49172,86.79603999999999,84.49172,84.95259,53246.0
2024-01-04,84.95259,85.25983000000001,83.33955999999999,83.33955999999999,33075.0
2024-01-05,83.33955999999999,83.33955999999999,81.64972999999999,82.8787,9276.0
2024-01-08,83.18594,83.18594,82.1874,82.80189,16959.0
2024-01-09,82.80189,85.25983000000001,82.57146,83.72362,10542.0
2024-01-10,82.95550999999999,82.95550999999999,82.34103,82.41784,27095.0
2024-01-11,82.34103,83.03232000000001,81.4193,82.8787,7642.0
2024-01-12,82.03378,82.57146,81.95697,82.1874,11900.0
2024-01-15,82.26422,82.34103,81.95697,81.95697,3102.0
2024-01-16,80.80481,81.88016,80.80481,81.88016,2987.0
2024-01-17,81.4193,81.4193,79.88308,79.88308,29950.0
2024-01-18,80.34394999999999,81.11206,80.34394999999999,80.95842999999999,5931.0
2024-01-19,81.34249000000001,81.49611,80.95842999999999,81.11206,9348.0
2024-01-22,81.49611,82.1874,80.88162,81.49611,47312.0
2024-01-23,81.57292,84.33810000000001,81.49611,82.57146,25194.0
2024-01-24,82.57146,83.57,82.1874,82.8787,24230.0
2024-01-25,82.8787,83.33955999999999,82.8787,82.95550999999999,25453.0
2024-01-26,82.8787,82.8787,81.88016,81.88016,7893.0
2024-01-29,82.1874,82.80189,81.88016,81.88016,15882.0
2024-01-30,82.72508,82.72508,81.4193,82.11059,12856.0
2024-01-31,82.8787,82.8787,81.4193,81.4193,5830.0
2024-02-01,79.19179,81.80335000000001,79.19179,81.4193,11650.0
2024-02-02,82.1874,82.1874,81.4193,81.49611,4266.0
2024-02-05,80.95842999999999,81.64972999999999,80.88162,81.4193,9259.0
2024-02-06,80.95842999999999,81.4193,80.88162,81.4193,11367.0
2024-02-07,81.4193,82.57146,81.4193,82.41784,10088.0
2024-02-15,82.41784,82.57146,81.88016,82.34103,7132.0
2024-02-16,82.1874,82.26422,81.4193,81.80335000000001,8012.0
2024-02-19,81.80335000000001,83.64681,81.49611,83.03232000000001,18492.0
2024-02-20,83.03232000000001,85.25983000000001,83.03232000000001,84.79897,38992.0
2024-02-21,85.79750999999999,85.79750999999999,84.10767,84.49172,12866.0
2024-02-22,84.18448,84.18448,83.72362,84.03086,6122.0
2024-02-23,84.03086,85.25983000000001,82.95550999999999,83.33955999999999,17528.0
2024-02-26,83.18594,83.49319,82.1874,83.49319,10032.0
2024-02-27,83.57,83.72362,82.95550999999999,83.72362,12557.0
2024-02-28,83.87724,84.26128999999999,82.95550999999999,83.10913000000001,22218.0
2024-02-29,84.33810000000001,84.33810000000001,82.95550999999999,83.72362,22834.0
2024-03-01,84.41491,84.41491,82.95550999999999,83.64681,23170.0
2024-03-04,83.72362,84.72216,83.41637,83.95405000000001,12430.0
2024-03-05,83.95405000000001,84.49172,83.10913000000001,83.64681,13788.0
2024-03-06,83.80042999999999,84.03086,83.10913000000001,83.64681,12962.0
2024-03-07,83.64681,87.56415,83.64681,86.79603999999999,48519.0
2024-03-08,86.79603999999999,86.79603999999999,84.64535000000001,84.87577999999999,27424.0
2024-03-11,85.0294,86.25837,84.49172,84.49172,15135.0
2024-03-12,84.49172,85.87432000000001,84.49172,85.41345,19442.0
2024-03-13,85.49025999999999,87.02647999999999,85.49025999999999,86.64242,30429.0
2024-03-14,86.64242,86.64242,86.02794,86.02794,20480.0
2024-03-15,86.02794,86.02794,84.64535000000001,85.25983000000001,17065.0
2024-03-18,88.25545,91.02063000000001,86.79603999999999,90.32933,97657.0
2024-03-19,90.32933,92.55684,90.25252,90.63658,34050.0
2024-03-20,92.09598,92.09598,89.10036,89.56123,16470.0
2024-03-21,89.56123,90.48296,89.10036,89.63803999999999,13516.0
2024-03-22,89.3308,90.55977,88.79312,89.25398,18181.0
2024-03-25,89.48442,91.02063000000001,88.86993,89.3308,16809.0
2024-03-26,89.3308,89.94528,88.94674,89.71485000000001,18618.0
2024-03-27,89.71485000000001,89.71485000000001,88.79312,89.3308,15830.0
2024-03-28,89.40761,89.86847,89.25398,89.3308,17917.0
2024-03-29,89.48442,90.48296,89.3308,89.40761,10879.0
2024-04-01,88.86993,89.40761,87.56415,89.40761,22722.0
2024-04-02,89.40761,89.40761,88.40907000000001,89.10036,5757.0
2024-04-03,89.3308,89.3308,88.40907000000001,88.71631,17145.0
2024-04-04,88.71631,89.02355,88.33225999999999,88.40907000000001,6819.0
2024-04-05,87.64096,88.86993,87.64096,88.6395,4646.0
2024-04-08,88.6395,88.6395,87.56415,88.33225999999999,9960.0
2024-04-09,86.79603999999999,88.33225999999999,86.79603999999999,87.9482,9097.0
2024-04-10,87.71777,88.25545,87.71777,88.25545,6611.0
2024-04-11,88.79312,88.79312,87.87139,87.9482,13247.0
2024-04-12,88.02501,91.78874,87.41053,89.10036,8014.0
2024-04-15,88.10183,88.6395,87.9482,87.9482,12823.0
2024-04-16,83.72362,88.02501,83.72362,88.02501,14995.0
2024-04-17,86.18156,88.02501,86.02794,87.87139,3689.0
2024-04-19,87.56415,87.56415,85.33664,85.49025999999999,33639.0
2024-04-22,85.41345,85.95113,85.25983000000001,85.41345,30200.0
2024-04-23,85.64388000000001,85.87432000000001,85.25983000000001,85.87432000000001,13229.0
2024-04-24,86.02794,88.33225999999999,86.02794,86.79603999999999,7603.0
2024-04-25,86.79603999999999,87.56415,86.79603999999999,87.33372,13035.0
2024-04-26,87.33372,87.79458,87.33372,87.64096,11625.0
2024-05-02,87.56415,87.64096,86.79603999999999,87.41053,8986.0
2024-05-03,87.41053,87.41053,87.10328999999999,87.18010000000001,8607.0
2024-05-06,87.18010000000001,88.33225999999999,83.72362,83.72362,28253.0
2024-05-07,86.79603999999999,87.02647999999999,86.02794,86.79603999999999,15583.0
2024-05-08,86.79603999999999,87.87139,86.25837,86.4888,7417.0
2024-05-09,86.79603999999999,87.56415,86.79603999999999,87.25691,7547.0
2024-05-10,87.48734,87.71777,87.18010000000001,87.71777,10219.0
2024-05-13,88.33225999999999,89.79166000000001,88.25545,89.63803999999999,31748.0
2024-05-14,88.79312,89.71485000000001,88.79312,89.56123,11774.0
2024-05-15,89.56123,89.56123,89.10036,89.40761,8708.0
2024-05-16,89.10036,89.48442,88.71631,88.79312,19723.0
2024-05-17,88.48588000000001,89.86847,88.48588000000001,88.79312,6849.0
2024-05-20,88.71631,89.17717,88.33225999999999,88.86993,15305.0
2024-05-21,89.10036,89.10036,88.79312,89.02355,8465.0
2024-05-22,89.02355,89.48442,88.25545,88.94674,16053.0
2024-05-23,88.94674,89.17717,88.71631,89.17717,13722.0
2024-05-24,90.55977,90.55977,89.25398,90.17571000000001,89936.0
2024-05-27,90.02208999999999,90.32933,89.86847,90.17571000000001,14198.0
2024-05-28,90.17571000000001,90.55977,89.71485000000001,90.32933,29783.0
2024-05-29,90.55977,92.09598,90.55977,92.01917,40932.0
2024-05-30,94.47711,95.78289,92.9409,94.86116,83850.0
2024-05-31,95.24522,95.47564999999999,93.709,94.78435,54539.0
2024-06-03,94.63073,94.78435,92.17278999999999,93.17133,47799.0
2024-06-04,95.09159,95.16841000000001,92.55684,93.709,13166.0
2024-06-05,94.47711,94.47711,93.01771000000001,93.09452,60013.0
2024-06-06,93.55538,93.63219000000001,92.9409,93.24814,48816.0
2024-06-07,93.709,93.709,93.01771000000001,93.32495,55536.0
2024-06-10,93.709,94.86116,93.32495,94.47711,105095.0
2024-06-11,94.31634,95.26903,93.36364999999999,93.36364999999999,28527.0
2024-06-12,93.99878,93.99878,92.49035,92.56974000000001,18560.0
2024-06-13,92.17278999999999,92.72852999999999,91.53766,91.69644,34598.0
2024-06-14,91.45827,92.49035,91.37888000000001,92.09339999999999,29556.0
2024-06-17,91.29949,92.01401,91.06132000000001,91.61705,29833.0
2024-06-18,91.45827,92.64914,91.45827,92.41096,24428.0
2024-06-19,92.64914,92.64914,91.29949,92.01401,18147.0
2024-06-20,91.37888000000001,92.09339999999999,91.29949,92.09339999999999,17415.0
2024-06-21,91.37888000000001,92.09339999999999,91.37888000000001,91.69644,15408.0
2024-06-24,89.71167,91.29949,89.71167,90.3468,36550.0
2024-06-25,90.3468,91.29949,89.79106,90.10863,16801.0
2024-06-26,90.10863,90.26741,89.71167,89.71167,20067.0
2024-06-27,89.79106,90.90253999999999,89.79106,89.94985000000001,4049.0
2024-06-28,90.74375,90.74375,89.79106,89.94985000000001,7602.0
2024-07-01,89.94985000000001,90.66436,89.94985000000001,89.94985000000001,6339.0
2024-07-02,90.58497,90.58497,89.94985000000001,90.02924,6055.0
2024-07-03,90.50558,90.50558,90.10863,90.10863,5044.0
2024-07-04,90.66436,90.66436,90.10863,90.58497,13512.0
2024-07-05,90.58497,90.58497,89.71167,89.79106,19635.0
2024-07-08,89.79106,89.87044999999999,88.67958999999999,88.83837,51038.0
2024-07-09,88.83837,88.91776,88.52081,88.67958999999999,34030.0
2024-07-10,88.67958999999999,88.67958999999999,87.32995,87.64751,79017.0
2024-07-11,87.7269,88.91776,87.09177000000001,88.12386000000001,95615.0
2024-07-12,88.52081,88.91776,88.44142,88.52081,10827.0
2024-07-15,89.39411,89.4735,88.52081,89.4735,40896.0
2024-07-16,90.3468,95.66599000000001,90.3468,95.66599000000001,198090.0
2024-07-17,99.95309,99.95309,93.36364999999999,93.52243,77712.0
2024-07-18,93.68122,93.76061,89.55289,91.29949,80811.0
2024-07-19,93.60183,93.60183,90.10863,90.10863,59212.0
2024-07-22,90.10863,90.10863,87.32995,88.28264,91313.0
2024-07-23,88.28264,89.39411,87.32995,88.12386000000001,43845.0
2024-07-24,89.63228,89.63228,87.64751,88.75898,32321.0
2024-07-25,88.75898,89.07655,87.96507000000001,88.83837,12997.0
2024-07-26,88.83837,88.99716000000001,88.20325,88.91776,23121.0
2024-07-29,89.07655,89.63228,88.52081,89.23533,24287.0
2024-07-30,88.99716000000001,89.79106,88.67958999999999,89.31472,18173.0
2024-07-31,89.55289,90.58497,89.31472,90.3468,23501.0
2024-08-01,91.2201,91.2201,89.31472,89.71167,24717.0
2024-08-02,89.79106,89.79106,88.52081,89.55289,21501.0
2024-08-05,89.55289,90.42619,88.12386000000001,88.20325,52170.0
2024-08-06,88.28264,89.55289,88.12386000000001,88.36203,53647.0
2024-08-07,88.44142,89.23533,88.12386000000001,88.12386000000001,33598.0
2024-08-08,86.97336,89.35058000000001,86.97336,88.03900999999999,12908.0
2024-08-09,89.10466000000001,89.10466000000001,87.95703999999999,88.36691,10043.0
2024-08-12,88.36691,89.10466000000001,87.95703999999999,88.03900999999999,21241.0
2024-08-13,88.03900999999999,88.03900999999999,87.54718,87.87507000000001,16823.0
2024-08-14,87.87507000000001,88.03900999999999,86.48152999999999,86.64547,24131.0
2024-08-15,86.64547,87.30126,86.48152999999999,86.48152999999999,23050.0
2024-08-16,86.48152999999999,87.30126,86.48152999999999,86.89139,35761.0
2024-08-19,86.97336,87.30126,86.23561,86.97336,53058.0
2024-08-20,86.89139,87.38323,86.48152999999999,87.38323,44567.0
2024-08-21,87.38323,87.71112,87.30126,87.62915,19442.0
2024-08-22,87.71112,88.12099,87.38323,87.79308999999999,34388.0
2024-08-23,87.87507000000001,87.87507000000001,86.64547,87.62915,45222.0
2024-08-26,87.71112,87.71112,86.97336,87.21928,21771.0
2024-08-27,87.21928,87.30126,87.13731,87.13731,16178.0
2024-08-28,87.30126,88.36691,87.30126,87.71112,30625.0
2024-08-29,87.71112,88.28492999999999,87.71112,87.87507000000001,5158.0
2024-08-30,87.87507000000001,88.53085,87.71112,88.36691,16155.0
2024-09-04,88.12099,89.35058000000001,87.54718,89.02269,18472.0
2024-09-05,89.02269,89.35058000000001,87.87507000000001,88.12099,8272.0
2024-09-06,88.03900999999999,88.28492999999999,87.71112,88.28492999999999,4689.0
2024-09-09,87.4652,89.35058000000001,87.38323,87.79308999999999,30253.0
2024-09-10,87.71112,88.53085,87.71112,87.71112,44540.0
2024-09-11,88.12099,88.12099,87.30126,87.54718,12520.0
2024-09-12,87.54718,88.44888,87.54718,87.79308999999999,5300.0
2024-09-13,88.28492999999999,88.28492999999999,87.30126,87.38323,13271.0
2024-09-16,87.38323,88.12099,87.30126,87.38323,9001.0
2024-09-17,87.62915,88.36691,87.4652,87.95703999999999,6005.0
2024-09-18,87.62915,88.53085,87.62915,88.20296,16360.0
2024-09-19,88.20296,88.36691,87.71112,88.20296,13126.0
2024-09-20,89.02269,89.10466000000001,88.12099,88.44888,12178.0
2024-09-23,88.44888,88.53085,88.12099,88.12099,11144.0
2024-09-24,88.12099,88.36691,88.12099,88.28492999999999,16815.0
2024-09-25,88.28492999999999,88.94072,88.12099,88.12099,51226.0
2024-09-26,88.53085,88.53085,87.71112,88.12099,29180.0
2024-09-27,87.79308999999999,88.85874000000001,87.79308999999999,87.95703999999999,21501.0
2024-09-30,88.44888,88.44888,87.79308999999999,87.79308999999999,12603.0
2024-10-01,88.12099,88.77677,87.71112,88.03900999999999,17353.0
2024-10-02,88.61283,88.61283,87.71112,87.71112,12303.0
2024-10-03,88.28492999999999,88.28492999999999,87.71112,87.71112,10526.0
2024-10-04,87.62915,87.71112,87.30126,87.30126,14821.0
2024-10-07,88.28492999999999,88.28492999999999,86.89139,86.89139,17619.0
2024-10-08,86.97336,87.05534,86.48152999999999,87.05534,7435.0
2024-10-09,87.13731,87.95703999999999,87.13731,87.71112,79551.0
2024-10-10,87.79308999999999,88.36691,87.62915,88.12099,17762.0
2024-10-11,88.28492999999999,88.28492999999999,87.30126,87.95703999999999,22296.0
2024-10-14,87.95703999999999,87.95703999999999,87.30126,87.38323,9016.0
2024-10-15,87.38323,87.95703999999999,87.38323,87.4652,32653.0
2024-10-16,87.4652,87.71112,87.38323,87.38323,2818.0
2024-10-17,87.38323,87.71112,87.05534,87.21928,9901.0
2024-10-18,87.30126,87.71112,87.13731,87.4652,13701.0
2024-10-21,87.38323,88.28492999999999,86.48152999999999,86.72744999999999,63732.0
2024-10-22,86.72744999999999,87.05534,86.23561,86.48152999999999,26250.0
2024-10-23,86.15363,86.15363,85.74377,86.07166000000001,15472.0
2024-10-24,86.07166000000001,86.48152999999999,85.98969,86.07166000000001,15630.0
2024-10-25,86.07166000000001,86.15363,85.3339,85.6618,10740.0
2024-10-28,86.48152999999999,86.48152999999999,85.6618,85.6618,6228.0
2024-10-29,85.6618,86.89139,85.6618,86.5635,21081.0
2024-10-30,86.5635,86.64547,85.90772,85.90772,4453.0
2024-10-31,86.07166000000001,86.31758,85.6618,85.74377,8791.0
2024-11-01,85.74377,85.82574000000001,85.41588,85.41588,28654.0
2024-11-04,86.07166000000001,86.07166000000001,84.76008999999999,85.25192999999999,15465.0
2024-11-05,85.25192999999999,85.25192999999999,84.18628,85.08799,18935.0
2024-11-06,84.4322,84.4322,83.61247,83.94036,46510.0
2024-11-07,84.02234,84.84207,84.02234,84.26826,9001.0
2024-11-08,86.31758,86.31758,84.35023,84.35023,14357.0
2024-11-11,84.35023,85.25192999999999,83.61247,84.26826,40321.0
2024-11-12,84.76008999999999,84.76008999999999,83.69444,83.85839,16831.0
2024-11-13,83.77642,84.84207,83.77642,84.10431,22683.0
2024-11-14,84.02234,84.76008999999999,84.02234,84.18628,3705.0
2024-11-15,84.18628,84.18628,80.74342,81.80907,61826.0
2024-11-18,81.97300999999999,81.97300999999999,80.82539,81.72708999999999,32398.0
2024-11-19,82.46485000000001,82.46485000000001,81.72708999999999,81.72708999999999,8499.0
2024-11-20,81.97300999999999,81.97300999999999,81.15328,81.72708999999999,7049.0
2024-11-21,81.80907,81.80907,80.82539,81.64511999999999,19336.0
2024-11-22,81.72708999999999,82.38288,81.64511999999999,81.97300999999999,8980.0
2024-11-25,82.05498,82.21892999999999,81.15328,81.56315,17238.0
2024-11-26,81.3992,82.21892999999999,81.3992,82.05498,18739.0
2024-11-27,81.64511999999999,81.97300999999999,81.64511999999999,81.89103999999999,8265.0
2024-11-28,81.48116999999999,84.59615,81.48116999999999,82.38288,27876.0
2024-11-29,82.54682000000001,83.61247,82.38288,82.79274000000001,17370.0
2024-12-02,82.79274000000001,84.26826,82.79274000000001,83.28458,19197.0
2024-12-03,84.02234,85.08799,83.69444,84.92403999999999,48767.0
2024-12-04,85.57982000000001,85.57982000000001,83.61247,84.18628,21175.0
2024-12-05,83.61247,84.35023,81.97300999999999,84.18628,21903.0
2024-12-06,84.02234,84.35023,83.28458,83.44853,29214.0
2024-12-09,83.28458,83.61247,82.71077000000001,83.61247,22541.0
2024-12-10,84.59615,85.6618,84.59615,85.6618,54568.0
2024-12-11,86.15363,90.99004,86.15363,88.53085,88896.0
2024-12-12,89.35058000000001,89.35058000000001,86.97336,88.12099,41584.0
2024-12-13,88.12099,88.53085,87.71112,88.12099,23326.0
2024-12-16,88.20296,88.20296,87.71112,87.71112,19390.0
2024-12-17,88.03900999999999,88.28492999999999,88.03900999999999,88.12099,15186.0
2024-12-18,88.85874000000001,93.44923,88.44888,91.64583,139943.0
2024-12-19,91.31792999999999,91.64583,90.74412,90.90807000000001,30399.0
2024-12-20,90.90807000000001,91.31792999999999,89.76044999999999,90.25228999999999,30025.0
2024-12-23,89.84242,91.48188,89.84242,91.07202000000001,97558.0
2024-12-24,90.98664,91.41181,90.98664,91.07167999999999,19785.0
2024-12-25,91.24174000000001,91.83698,89.45602000000001,90.05126,47435.0
2024-12-26,90.1363,90.1363,89.37099,89.96623,11817.0
2024-12-27,89.96623,89.96623,88.43561,88.43561,21098.0
2024-12-30,88.43561,88.43561,87.58527000000001,87.67031,26217.0
2024-12-31,88.52064999999999,88.52064999999999,87.58527000000001,88.35058000000001,13293.0
2025-01-02,88.26555,88.35058000000001,87.58527000000001,88.18051,7321.0
2025-01-03,88.18051,88.18051,87.58527000000001,87.84037,14977.0
2025-01-06,87.84037,89.28596,86.73492999999999,87.84037,34142.0
2025-01-07,88.01044,88.01044,87.33017,87.67031,9917.0
2025-01-08,87.75533999999999,88.43561,87.58527000000001,87.75533999999999,9350.0
2025-01-09,87.75533999999999,88.43561,86.99003,87.07507000000001,10421.0
2025-01-10,88.01044,88.01044,87.1601,87.1601,8134.0
2025-01-13,87.58527000000001,87.58527000000001,86.73492999999999,87.24513,5733.0
2025-01-14,87.50024,87.50024,86.73492999999999,87.1601,6612.0
2025-01-15,87.1601,87.58527000000001,86.81996000000001,87.07507000000001,15628.0
2025-01-16,87.67031,88.35058000000001,87.07507000000001,87.24513,8595.0
2025-01-17,87.24513,88.01044,87.24513,87.33017,11319.0
2025-01-20,87.4152,88.86078,87.4152,87.84037,10215.0
2025-01-21,87.84037,87.84037,85.96961999999999,86.30976,44626.0
2025-01-22,86.30976,86.47983,84.1839,86.47983,55834.0
2025-01-23,86.47983,86.47983,85.03424000000001,86.30976,26753.0
2025-01-24,86.30976,87.1601,85.88459,86.39479,10926.0
2025-02-03,86.39479,86.39479,82.05805000000001,85.03424000000001,25652.0
2025-02-04,86.05465,86.05465,85.11928,85.88459,7178.0
2025-02-05,86.99003,86.99003,85.88459,86.05465,10745.0
2025-02-06,86.13969,87.24513,85.88459,87.24513,42915.0
2025-02-07,87.1601,87.50024,86.64989,87.07507000000001,13484.0
2025-02-10,87.07507000000001,87.07507000000001,85.88459,85.88459,20321.0
2025-02-11,85.88459,87.50024,85.88459,86.64989,21739.0
2025-02-12,86.73492999999999,87.4152,86.30976,86.30976,8721.0
2025-02-13,86.30976,86.73492999999999,85.28935,85.28935,23270.0
2025-02-14,85.45942,86.64989,85.37438,85.62948,34740.0
2025-02-17,85.37438,86.30976,85.28935,85.45942,29678.0
2025-02-18,85.03424000000001,85.88459,85.03424000000001,85.88459,19281.0
2025-02-19,85.88459,86.30976,85.71452000000001,85.88459,52325.0
2025-02-20,86.05465,86.73492999999999,85.88459,85.96961999999999,28868.0
2025-02-21,85.96961999999999,86.39479,85.88459,85.96961999999999,30762.0
2025-02-24,85.96961999999999,86.30976,85.88459,86.05465,34394.0
2025-02-25,86.13969,86.13969,85.03424000000001,86.05465,17735.0
2025-02-26,86.05465,86.73492999999999,85.88459,86.13969,13352.0
2025-02-27,86.13969,86.13969,85.96961999999999,86.13969,5904.0
2025-02-28,85.88459,86.64989,85.88459,86.30976,17185.0
2025-03-03,86.56486,86.56486,86.13969,86.47983,10272.0
2025-03-04,86.39479,87.07507000000001,86.39479,86.905,9505.0
2025-03-05,86.73492999999999,87.1601,86.30976,86.47983,15989.0
2025-03-06,86.56486,86.73492999999999,86.05465,86.05465,14192.0
2025-03-07,86.22472,86.30976,85.88459,85.96961999999999,16189.0
2025-03-10,86.05465,86.47983,85.45942,85.88459,20181.0
2025-03-11,85.88459,86.30976,85.45942,86.05465,14537.0
2025-03-12,86.64989,86.64989,85.88459,86.05465,20170.0
2025-03-13,86.05465,86.13969,85.45942,85.45942,18242.0
2025-03-14,86.56486,86.56486,85.20430999999999,85.88459,30030.0
2025-03-17,86.30976,86.30976,85.54445,85.62948,8972.0
2025-03-18,85.11928,85.88459,85.11928,85.28935,13301.0
2025-03-19,85.88459,86.22472,85.28935,85.37438,11030.0
2025-03-20,85.37438,85.37438,85.28935,85.28935,5961.0
2025-03-21,85.03424000000001,85.71452000000001,85.03424000000001,85.20430999999999,12387.0
2025-03-24,85.03424000000001,85.20430999999999,85.03424000000001,85.20430999999999,7737.0
2025-03-25,85.20430999999999,85.20430999999999,85.03424000000001,85.03424000000001,4259.0
2025-03-26,85.11928,85.11928,84.86417999999999,85.03424000000001,10769.0
2025-03-27,85.03424000000001,85.79955,85.03424000000001,85.03424000000001,13533.0
2025-03-28,86.05465,86.05465,85.03424000000001,85.03424000000001,3305.0
2025-03-31,85.03424000000001,85.03424000000001,84.52404,85.03424000000001,16612.0
2025-04-01,85.03424000000001,85.03424000000001,84.86417999999999,84.94921000000001,4084.0
2025-04-02,84.94921000000001,84.94921000000001,84.69411,84.77914,10317.0
2025-04-03,80.78253,84.1839,79.59205,80.35736,68120.0
2025-04-04,75.68048,78.99681,75.34034,78.99681,55214.0
2025-04-08,79.84716,79.84716,74.83013000000001,77.21109,53977.0
2025-04-09,74.83013000000001,77.38116000000001,73.97979,76.19067999999999,62179.0
2025-04-10,81.46281,81.46281,81.46281,81.46281,24830.0
2025-04-11,84.1839,84.60907,81.46281,82.39818,51563.0
2025-04-14,82.39818,83.33355999999999,81.63287,82.82335,20762.0
2025-04-15,83.07846,83.07846,80.86757,81.71791,10156.0
2025-04-16,81.71791,81.71791,81.03763000000001,81.2077,11420.0
2025-04-17,80.78253,80.9526,79.93219,80.78253,9927.0
2025-04-18,83.92880000000001,83.92880000000001,81.46281,81.97300999999999,8789.0
2025-04-21,82.82335,83.84375999999999,82.48322,83.24852,65416.0
2025-04-22,82.48322,83.24852,80.78253,82.05805000000001,25232.0
2025-04-23,85.03424000000001,85.03424000000001,81.63287,82.48322,39657.0
2025-04-24,82.48322,83.33355999999999,80.78253,82.90839,20273.0
2025-04-25,82.90839,82.99342,82.48322,82.73832,12863.0
2025-04-28,82.82335,82.82335,82.14308,82.73832,18918.0
2025-04-29,82.90839,82.99342,82.48322,82.82335,7730.0
2025-05-05,82.82335,84.1839,82.65329,84.1839,28932.0
2025-05-06,84.26894,87.75533999999999,84.1839,87.58527000000001,73663.0
2025-05-07,88.43561,88.43561,87.07507000000001,88.01044,16843.0
2025-05-08,88.43561,90.90161,88.01044,90.90161,61491.0
2025-05-09,90.90161,91.41181,89.62608999999999,89.96623,63856.0
2025-05-12,90.1363,90.56147,88.26555,88.86078,19946.0
2025-05-13,90.1363,91.75195,90.1363,91.32678,84255.0
2025-05-14,91.66691,91.92202,91.07167999999999,91.41181,56386.0
2025-05-15,91.92202,92.17712,89.37099,91.41181,40732.0
2025-05-16,91.83698,91.83698,90.47644,90.73154,21984.0
2025-05-19,90.90161,91.41181,90.90161,91.24174000000001,39209.0
2025-05-20,91.83698,94.13291000000001,91.75195,92.68733,83224.0
2025-05-21,93.53766999999999,93.53766999999999,90.1363,90.73154,90841.0
2025-05-22,90.73154,90.73154,89.45602000000001,90.56147,51881.0
2025-05-23,90.37761,90.37761,88.84578,89.74685000000001,23990.0
2025-05-26,89.74685000000001,90.19739,89.29632000000001,89.65675,18874.0
2025-05-27,89.65675,89.65675,88.84578,89.20621000000001,45131.0
2025-05-28,90.10728,90.10728,89.1161,89.65675,27854.0
2025-05-29,89.29632000000001,89.65675,89.026,89.1161,14592.0
2025-05-30,88.66557,88.75567,87.8546,88.30514,44915.0
2025-06-02,88.21503,88.30514,87.04364,88.12492,29392.0
2025-06-03,87.76449000000001,88.12492,87.58427999999999,88.03482000000001,18526.0
2025-06-04,88.84578,88.93589,87.67439,88.66557,26471.0
2025-06-05,88.66557,89.20621000000001,88.57546,89.20621000000001,24242.0
2025-06-06,89.20621000000001,89.56663999999999,88.30514,88.57546,12292.0
2025-06-09,89.20621000000001,89.20621000000001,88.12492,88.12492,12612.0
2025-06-10,88.21503,88.57546,88.12492,88.48535000000001,19746.0
2025-06-11,88.48535000000001,88.66557,88.21503,88.21503,11933.0
2025-06-12,88.30514,89.38642999999999,87.40407,89.38642999999999,30692.0
2025-06-13,89.20621000000001,89.65675,89.026,89.026,33377.0
2025-06-16,88.93589,89.026,88.75567,89.026,13425.0
2025-06-17,89.026,90.46771000000001,89.026,89.74685000000001,61622.0
2025-06-18,89.74685000000001,90.01718,89.29632000000001,89.74685000000001,16991.0
2025-06-19,90.10728,90.10728,89.47653,89.74685000000001,14047.0
2025-06-20,89.74685000000001,89.74685000000001,89.38642999999999,89.74685000000001,8639.0
2025-06-23,89.74685000000001,89.74685000000001,89.20621000000001,89.74685000000001,22342.0
2025-06-24,89.92707,90.10728,89.65675,89.65675,19207.0
2025-06-25,90.10728,90.10728,89.56663999999999,89.65675,5922.0
2025-06-26,90.01718,90.01718,89.29632000000001,89.92707,17946.0
2025-06-27,89.92707,89.92707,89.56663999999999,89.65675,4655.0
2025-06-30,89.65675,89.92707,89.38642999999999,89.83696,11888.0
2025-07-01,89.83696,89.92707,89.65675,89.65675,8479.0
2025-07-02,89.65675,90.91825,89.65675,90.73803,50350.0
2025-07-03,90.91825,91.72922,90.73803,90.73803,28452.0
2025-07-04,90.82814,91.27868,90.19739,90.73803,9911.0
2025-07-07,90.73803,91.00836,90.55782,90.91825,14401.0
2025-07-08,90.91825,91.549,90.91825,91.549,16152.0
2025-07-09,91.18857000000001,91.549,91.00836,91.36878999999999,20780.0
2025-07-10,91.18857000000001,91.45889,91.00836,91.36878999999999,15040.0
2025-07-11,91.00836,91.27868,90.55782,90.55782,16576.0
2025-07-14,90.55782,90.64792999999999,90.19739,90.64792999999999,6359.0
2025-07-15,90.55782,91.00836,90.2875,90.55782,22639.0
2025-07-16,91.36878999999999,91.36878999999999,90.55782,91.18857000000001,13213.0
2025-07-17,91.27868,91.81932,90.73803,91.72922,23007.0
2025-07-18,91.90942999999999,92.35997,91.00836,91.27868,14458.0
2025-07-21,91.27868,91.45889,91.00836,91.00836,9423.0
2025-07-22,92.35997,93.71158,92.17975,92.35997,39356.0
2025-07-23,92.54017999999999,93.62147,92.35997,93.17093,19382.0
2025-07-24,93.26104,93.35114999999999,92.99072,93.17093,16843.0
2025-07-25,93.35114999999999,93.35114999999999,92.8105,92.8105,17669.0
2025-07-28,92.99072,93.44125,92.8105,93.08082,29200.0
2025-07-29,93.26104,93.26104,91.45889,91.549,14268.0
2025-07-30,91.549,91.72922,90.82814,91.00836,20832.0
2025-07-31,91.09846,91.90942999999999,91.00836,91.90942999999999,40136.0
2025-08-01,92.54017999999999,92.54017999999999,91.09846,91.63911,12072.0
2025-08-04,91.63911,92.26986,91.18857000000001,91.45889,16410.0
2025-08-05,91.45889,92.8105,91.00836,92.63028999999999,25034.0
2025-08-06,91.18857000000001,92.63028999999999,91.18857000000001,92.63028999999999,16646.0
2025-08-07,92.63028999999999,92.8105,92.17975,92.63028999999999,16852.0
2025-08-08,91.90942999999999,92.63028999999999,91.90942999999999,92.45007000000001,13690.0
2025-08-11,92.45007000000001,93.26104,92.45007000000001,92.7204,29837.0
2025-08-12,92.8105,93.53136,92.7204,93.17093,24861.0
2025-08-13,93.35114999999999,93.35114999999999,91.99954,92.45007000000001,18462.0
2025-08-14,92.8105,93.35114999999999,92.26986,92.35997,19206.0
2025-08-15,92.8105,92.8105,91.90942999999999,92.08964,11674.0
2025-08-18,92.17975,92.35997,91.09846,92.35997,16389.0
2025-08-19,92.35997,92.45007000000001,91.99954,92.08964,3726.0
2025-08-20,92.26986,92.26986,91.72922,91.90942999999999,19042.0
2025-08-21,91.72922,91.90942999999999,91.45889,91.549,19010.0
2025-08-22,91.549,92.63028999999999,90.64792999999999,91.00836,16812.0
2025-08-25,91.00836,91.72922,90.73803,90.82814,9118.0
2025-08-26,91.27868,91.81932,91.00836,91.27868,3119.0
2025-08-27,91.18857000000001,92.35997,91.00836,91.18857000000001,5159.0
2025-08-28,91.81932,91.81932,91.18857000000001,91.27868,7289.0
2025-08-29,91.27868,91.72922,91.18857000000001,91.63911,5784.0
2025-09-03,91.63911,91.81932,91.63911,91.72922,12712.0
2025-09-04,91.72922,92.45007000000001,91.72922,91.90942999999999,3301.0
2025-09-05,91.90942999999999,92.63028999999999,91.90942999999999,92.35997,19043.0
2025-09-08,92.35997,92.8105,91.99954,92.17975,16086.0
2025-09-09,92.17975,92.26986,91.99954,92.17975,6588.0
2025-09-10,92.17975,92.26986,91.45889,91.72922,10744.0
2025-09-11,91.72922,91.72922,91.00836,91.36878999999999,9787.0
2025-09-12,91.27868,92.26986,91.09846,91.45889,7302.0
2025-09-15,92.35997,92.45007000000001,91.72922,92.35997,8741.0
2025-09-16,92.17975,92.45007000000001,91.90942999999999,92.35997,8415.0
2025-09-17,92.45007000000001,92.8105,92.45007000000001,92.45007000000001,14858.0
2025-09-18,92.17975,92.7204,91.90942999999999,91.99954,7225.0
2025-09-19,92.26986,92.35997,91.63911,91.90942999999999,13353.0
2025-09-22,91.90942999999999,91.90942999999999,91.63911,91.90942999999999,11343.0
2025-09-23,92.63028999999999,92.7204,91.81932,92.08964,8112.0
2025-09-24,91.36878999999999,91.90942999999999,91.18857000000001,91.81932,9888.0
2025-09-25,91.36878999999999,92.08964,91.36878999999999,91.81932,4712.0
2025-09-26,91.81932,91.81932,91.549,91.72922,4422.0
2025-09-29,91.549,91.81932,91.00836,91.81932,16340.0
2025-09-30,91.81932,91.81932,91.00836,91.45889,7225.0
2025-10-01,91.45889,91.99954,91.45889,91.72922,5533.0
2025-10-02,91.72922,91.90942999999999,91.63911,91.72922,2615.0
2025-10-03,91.72922,91.72922,91.45889,91.72922,4132.0
2025-10-06,91.72922,91.90942999999999,91.63911,91.90942999999999,4102.0
2025-10-07,91.90942999999999,91.90942999999999,91.27868,91.81932,4724.0
2025-10-08,91.90942999999999,91.99954,91.63911,91.90942999999999,7175.0
2025-10-09,91.99954,91.99954,91.90942999999999,91.99954,19389.0
2025-10-10,91.09846,92.08964,91.09846,92.08964,11843.0
2025-10-13,91.27868,91.90942999999999,91.09846,91.90942999999999,12100.0
2025-10-14,92.08964,92.08964,91.90942999999999,91.90942999999999,8278.0
2025-10-15,91.27868,91.72922,91.27868,91.549,5983.0
2025-10-16,91.549,91.90942999999999,91.18857000000001,91.45889,7226.0
2025-10-17,92.54017999999999,92.54017999999999,91.36878999999999,91.36878999999999,6757.0
2025-10-20,91.36878999999999,91.81932,90.46771000000001,91.00836,11406.0
2025-10-21,91.00836,91.72922,91.00836,91.09846,19842.0
2025-10-22,91.90942999999999,96.59500999999999,91.90942999999999,94.70276,111277.0
2025-10-23,94.70276,95.51372,94.70276,94.88297,28269.0
2025-10-24,95.2434,95.2434,93.35114999999999,94.52253999999999,23488.0
2025-10-27,93.26104,95.96426,93.26104,95.96426,51648.0
2025-10-28,96.41479,98.66748,95.96426,97.40597,49580.0
2025-10-29,97.49608,99.11801,96.41479,97.31586999999999,54596.0
2025-10-30,97.85651,97.85651,94.79286,95.15329,37324.0
2025-10-31,95.15329,95.15329,93.71158,95.15329,48357.0
2025-11-03,95.15329,96.23458000000001,93.9819,94.34233,32121.0
2025-11-04,94.43243,94.43243,92.35997,92.7204,34420.0
2025-11-05,92.7204,94.16211,92.7204,94.16211,9176.0
2025-11-06,94.25222,94.25222,93.35114999999999,94.16211,10150.0
2025-11-07,94.16211,94.61264999999999,92.90061,92.90061,17395.0
2025-11-10,92.8105,93.62147,92.45007000000001,92.63028999999999,12645.0
2025-11-11,92.54017999999999,92.63028999999999,91.549,92.63028999999999,43579.0
2025-11-12,92.63028999999999,94.43243,91.90942999999999,93.26104,16963.0
2025-11-13,93.26104,94.16211,92.35997,93.17093,6504.0
2025-11-14,93.17093,93.62147,92.90061,93.44125,5116.0
2025-11-17,93.62147,93.9819,92.99072,93.44125,14259.0
2025-11-18,93.26104,94.072,93.08082,93.26104,7105.0
2025-11-19,93.26104,93.26104,92.54017999999999,92.54017999999999,6607.0
2025-11-20,92.54017999999999,93.17093,92.26986,92.45007000000001,10551.0
2025-11-21,92.35997,92.7204,91.90942999999999,92.63028999999999,23994.0
2025-11-24,92.63028999999999,92.63028999999999,92.45007000000001,92.54017999999999,3221.0
2025-11-25,92.35997,93.26104,92.35997,92.35997,12792.0
2025-11-26,92.35997,92.63028999999999,92.26986,92.63028999999999,4584.0
2025-11-27,92.63028999999999,92.8105,92.08964,92.45007000000001,3286.0
2025-11-28,92.45007000000001,92.8105,92.45007000000001,92.45007000000001,4393.0
2025-12-01,92.45007000000001,93.44125,92.35997,93.26104,6360.0
2025-12-02,92.45007000000001,93.26104,92.45007000000001,92.8105,7524.0
2025-12-03,92.99072,92.99072,92.7204,92.99072,10487.0
2025-12-04,92.99072,93.62147,92.99072,93.44125,29498.0
2025-12-05,93.35114999999999,93.53136,92.8105,93.53136,20404.0
2025-12-08,94.43243,94.61264999999999,93.35114999999999,93.71158,19160.0
2025-12-09,93.71158,94.16211,92.35997,92.7204,13777.0
2025-12-10,92.45007000000001,92.99072,92.26986,92.35997,25011.0
2025-12-11,92.54017999999999,92.90061,92.45007000000001,92.8105,5844.0
2025-12-12,92.8105,93.35114999999999,91.90942999999999,91.90942999999999,24516.0
2025-12-15,91.99954,92.17975,91.72922,91.81932,6074.0
2025-12-16,91.90942999999999,92.8105,91.81932,92.8105,23466.0
2025-12-17,91.90942999999999,91.90942999999999,91.00836,91.90942999999999,41309.0
2025-12-18,91.18857000000001,91.90942999999999,91.00836,91.27868,22808.0
2025-12-19,91.27868,91.45889,91.00836,91.36878999999999,40505.0
2025-12-22,91.27868,91.36878999999999,91.00836,91.36878999999999,21157.0
2025-12-23,91.36878999999999,91.36878999999999,91.18857000000001,91.27868,16010.0
2025-12-24,91.27868,91.27868,91.00836,91.09846,11903.0
2025-12-25,91.45889,91.72922,91.09846,91.36878999999999,16958.0
2025-12-26,91.36878999999999,91.36878999999999,90.10728,91.36878999999999,27859.0
2025-12-29,91.36878999999999,92.7204,91.36878999999999,91.99954,10813.0
2025-12-30,92.08964,92.63028999999999,92.08964,92.35997,12383.0
2025-12-31,91.81932,92.35997,91.549,92.17975,16756.0
2026-01-05,92.17975,92.17975,91.45889,91.90942999999999,8335.0
2026-01-06,92.8105,92.8105,91.90942999999999,92.35997,6075.0
2026-01-07,91.36878999999999,92.8105,91.36878999999999,92.54017999999999,13949.0
2026-01-08,92.54017999999999,92.99072,92.54017999999999,92.7204,10285.0
2026-01-09,92.99072,92.99072,92.7204,92.7204,15955.0
2026-01-12,92.8105,94.072,92.8105,93.89179,33146.0
2026-01-13,93.89179,93.9819,92.45007000000001,93.89179,14103.0
2026-01-14,93.53136,94.61264999999999,93.53136,94.25222,22632.0
2026-01-15,94.25222,98.21694000000001,94.25222,95.96426,29052.0
2026-01-16,95.78403999999999,96.32469,94.61264999999999,96.14447,16182.0
2026-01-19,96.41479,97.31586999999999,95.15329,96.32469,34748.0
2026-01-20,96.41479,96.77522,94.16211,94.16211,34724.0
2026-01-21,93.71158,93.80167999999999,92.7204,93.17093,39208.0
2026-01-22,93.17093,94.43243,93.17093,93.35114999999999,17578.0
2026-01-23,94.16211,94.16211,93.08082,93.35114999999999,13643.0
2026-01-26,93.35114999999999,93.53136,92.35997,92.7204,24727.0
2026-01-27,92.08964,93.35114999999999,92.08964,93.17093,9106.0
2026-01-28,93.17093,93.53136,93.17093,93.26104,10852.0
2026-01-29,94.072,94.072,92.8105,93.44125,23746.0
2026-01-30,93.44125,94.43243,93.26104,93.71158,13146.0
2026-02-02,93.35114999999999,94.52253999999999,93.26104,93.71158,12780.0
2026-02-03,94.52253999999999,94.52253999999999,93.80167999999999,93.89179,20873.0
2026-02-04,93.9819,93.9819,93.08082,93.62147,12611.0
2026-02-05,93.89179,93.89179,92.90061,92.90061,5079.0
2026-02-06,93.26104,93.62147,92.08964,92.8105,38190.0
2026-02-09,92.8105,93.35114999999999,92.45007000000001,93.35114999999999,26814.0
2026-02-10,93.53136,93.53136,91.90942999999999,93.17093,13326.0
2026-02-11,93.17093,93.26104,92.8105,93.17093,2973.0
2026-02-12,93.26104,93.26104,92.99072,93.26104,3534.0
2026-02-13,93.26104,93.26104,92.99072,93.26104,3067.0
2026-02-23,93.35114999999999,93.89179,93.08082,93.71158,8559.0
2026-02-24,93.80167999999999,94.61264999999999,93.53136,94.34233,11802.0
2026-02-25,94.61264999999999,95.06317999999999,94.25222,94.25222,17672.0
2026-02-26,94.25222,94.25222,93.9819,94.25222,8043.0
2026-02-27,94.43243,94.43243,93.9819,94.25222,9669.0
2026-03-02,94.52253999999999,94.52253999999999,92.90061,93.08082,12428.0
2026-03-03,93.26104,93.35114999999999,92.90061,93.08082,13335.0
2026-03-04,94.072,94.072,92.35997,92.8105,14559.0
2026-03-05,93.53136,93.53136,92.63028999999999,92.63028999999999,4986.0
2026-03-06,92.63028999999999,93.26104,92.54017999999999,92.99072,7277.0
2026-03-09,91.00836,92.45007000000001,88.30514,89.20621000000001,90144.0
2026-03-10,90.10728,91.81932,90.10728,91.36878999999999,10292.0
2026-03-11,92.63028999999999,92.63028999999999,91.27868,91.27868,7592.0
2026-03-12,91.36878999999999,92.08964,90.82814,90.82814,9471.0
2026-03-13,91.00836,91.99954,91.00836,91.27868,8751.0
2026-03-16,91.81932,91.90942999999999,91.09846,91.72922,11689.0
2026-03-17,91.90942999999999,91.90942999999999,91.45889,91.90942999999999,5456.0
2026-03-18,91.36878999999999,91.90942999999999,91.36878999999999,91.90942999999999,8329.0
2026-03-19,91.81932,91.90942999999999,90.73803,90.91825,17237.0
2026-03-20,90.82814,91.81932,90.37761,90.82814,4329.0
2026-03-23,90.19739,90.55782,89.20621000000001,89.92707,13039.0
2026-03-24,90.10728,90.2875,89.92707,90.19739,18370.0
2026-03-25,90.55782,91.00836,90.10728,91.00836,6602.0
2026-03-26,90.01718,91.549,90.01718,90.82814,26899.0
2026-03-27,90.82814,91.18857000000001,90.46771000000001,91.00836,14848.0
2026-03-30,90.19739,91.09846,90.10728,91.00836,12371.0
2026-03-31,90.91825,91.09846,90.64792999999999,90.91825,15417.0
2026-04-01,92.08964,92.08964,91.00836,91.45889,8444.0
2026-04-02,91.45889,91.45889,90.37761,90.55782,9613.0
2026-04-03,91.36878999999999,91.36878999999999,90.64792999999999,90.73803,2694.0
2026-04-06,91.00836,91.00836,90.01718,90.10728,8575.0
2026-04-07,90.19739,90.19739,89.74685000000001,89.92707,21977.0
2026-04-08,90.19739,90.82814,90.10728,90.82814,21540.0
2026-04-09,90.10728,90.55782,90.10728,90.37761,7118.0
2026-04-10,91.00836,91.00836,90.10728,90.46771000000001,14220.0
2026-04-13,90.46771000000001,90.46771000000001,89.83696,90.2875,11523.0
2026-04-14,91.00836,91.00836,89.38642999999999,89.65675,27568.0
2026-04-15,90.10728,90.10728,89.56663999999999,89.74685000000001,10529.0
2026-04-16,89.47653,90.01718,89.47653,89.74685000000001,11583.0
2026-04-17,89.74685000000001,89.92707,89.47653,89.83696,14128.0
2026-04-20,89.83696,90.10728,89.56663999999999,89.74685000000001,11526.0
2026-04-21,90.01718,90.46771000000001,89.65675,89.83696,16978.0
2026-04-22,89.83696,90.91825,89.29632000000001,89.56663999999999,13934.0
2026-04-23,90.10728,90.10728,89.47653,89.74685000000001,23790.0
2026-04-24,89.74685000000001,89.83696,89.38642999999999,89.65675,13050.0
2026-04-28,89.65675,90.10728,89.65675,89.83696,18028.0
2026-04-29,89.92707,90.10728,89.65675,90.10728,24876.0
2026-05-04,90.55782,91.45889,90.10728,91.45889,48678.0
2026-05-05,91.45889,91.63911,91.00836,91.36878999999999,13009.0
2026-05-06,91.90942999999999,92.17975,91.18857000000001,91.27868,12687.0
2026-05-07,92.54017999999999,92.54017999999999,91.549,91.90942999999999,33646.0
2026-05-08,91.90942999999999,91.90942999999999,90.55782,91.81932,28252.0
2026-05-11,92.8648,92.8648,91.9172,92.10672,51581.0
2026-05-12,92.29624000000001,92.29624000000001,91.82244,92.10672,22283.0
2026-05-13,92.10672,92.10672,90.9696,91.72767999999999,13944.0
2026-05-14,91.53816,91.72767999999999,91.4434,91.72767999999999,13306.0
2026-05-15,91.53816,91.72767999999999,91.53816,91.53816,2133.0
2026-05-18,91.53816,91.53816,90.9696,91.25388000000001,13585.0
2026-05-19,90.9696,91.06436,89.92724000000001,89.92724000000001,21390.0
2026-05-20,89.92724000000001,89.92724000000001,89.16916,89.45344,10414.0
2026-05-21,89.45344,90.30628,89.45344,90.022,5195.0
2026-05-22,90.022,90.022,89.35867999999999,89.45344,9624.0
2026-05-25,89.45344,89.64296,89.45344,89.45344,5322.0
2026-05-26,89.0744,89.92724000000001,89.0744,89.45344,6132.0
2026-05-27,89.45344,89.73772,89.45344,89.5482,2906.0
2026-05-28,89.5482,89.92724000000001,89.26392,89.45344,6666.0
2026-05-29,89.45344,89.45344,88.79012,88.79012,20133.0
2026-06-01,89.73772,89.73772,88.79012,88.88488000000001,5813.0
2026-06-02,89.0744,89.5482,88.79012,89.0744,4435.0
2026-06-03,88.88488000000001,89.0744,88.79012,88.97964,6160.0
2026-06-04,88.97964,88.97964,88.1268,88.1268,12765.0
2026-06-05,88.79012,88.79012,88.31632,88.50583999999999,4590.0
2026-06-08,88.50583999999999,88.50583999999999,88.03204,88.1268,12546.0
2026-06-09,88.03204,88.50583999999999,88.03204,88.50583999999999,4200.0
2026-06-10,88.03204,88.41108,88.03204,88.41108,9828.0
2026-06-11,87.93728,88.31632,87.46347999999999,88.31632,6340.0
2026-06-12,88.6006,88.6006,88.22156,88.31632,4566.0
2026-06-15,88.97964,89.0744,88.31632,89.0744,13376.0
2026-06-16,89.16916,89.45344,89.16916,89.26392,6200.0
2026-06-17,88.88488000000001,89.26392,88.88488000000001,89.26392,11803.0
2026-06-18,88.69536,88.88488000000001,87.74776,88.69536,27329.0
2026-06-19,88.6006,88.6006,88.1268,88.50583999999999,4222.0
2026-06-22,88.1268,89.45344,88.1268,89.0744,3432.0
2026-06-23,90.022,90.022,88.88488000000001,89.73772,9878.0
2026-06-24,89.5482,89.5482,87.93728,88.41108,3747.0
2026-06-25,88.41108,89.0744,88.1268,88.97964,5127.0
2026-06-26,88.22156,88.88488000000001,88.03204,88.88488000000001,8020.0
2026-06-29,88.88488000000001,88.88488000000001,88.31632,88.88488000000001,2821.0
2026-06-30,88.88488000000001,89.0744,88.31632,88.31632,4810.0
2026-07-01,88.31632,88.88488000000001,88.31632,88.69536,4171.0
2026-07-02,88.88488000000001,89.0744,88.69536,88.69536,4763.0
2026-07-03,88.69536,88.69536,88.6006,88.69536,2871.0
2026-07-06,88.79012,89.83247999999999,88.41108,88.97964,6093.0
2026-07-07,88.50583999999999,88.6006,88.50583999999999,88.50583999999999,1491.0
2026-07-08,88.41108,89.35867999999999,88.1268,88.1268,13947.0
2026-07-09,88.31632,88.31632,88.1268,88.1268,3466.0
2026-07-10,88.1268,88.6006,87.93728,88.1268,2573.0
2026-07-13,87.1792,88.03204,87.1792,87.653,9692.0
2026-07-14,87.27396,88.41108,87.08444,88.1268,4750.0
2026-07-15,87.27396,87.93728,86.98967999999999,87.1792,3139.0
2026-07-16,87.1792,87.653,86.80016,87.36872,5289.0
2026-07-17,87.36872,87.653,87.08444,87.1792,2927.0
2026-07-20,87.1792,87.1792,86.04208,86.04208,12767.0
2026-07-21,86.42112,87.1792,86.42112,87.08444,4229.0
2026-07-22,87.08444,88.22156,86.2316,86.2316,9119.0
2026-07-23,86.2316,86.42112,85.18924000000001,85.47352000000001,11732.0
2026-07-24,85.7578,86.2316,85.284,86.13683999999999,8913.0
2026-07-27,86.2316,86.89492,86.2316,86.2316,3578.0
2026-07-28,86.2316,86.7054,85.7578,86.7054,9951.0
2026-07-29,86.61064,87.08444,86.51588000000001,86.80016,18305.0
2026-07-30,86.80016,87.84252000000001,86.80016,87.84252000000001,14532.0
2026-07-31,87.74776,87.93728,87.55824000000001,87.74776,11771.0
2026-08-03,87.93728,88.31632,87.84252000000001,88.1268,10958.0
2026-08-04,88.03204,88.6006,88.03204,88.6006,6141.0
2026-08-05,91.9172,91.9172,88.97964,89.83247999999999,33875.0
2026-08-06,89.83247999999999,90.4958,89.73772,89.83247999999999,16250.0
2026-08-07,90.30628,90.59056,90.022,90.59056,8484.0
2026-08-10,90.59056,90.9696,90.59056,90.87483999999999,7105.0
2026-08-11,91.82244,91.82244,90.87483999999999,90.87483999999999,6013.0
2026-08-12,90.78008,90.78008,89.16916,90.59056,7902.0
2026-08-13,90.022,90.30628,89.92724000000001,89.92724000000001,6778.0
2026-08-14,89.26392,89.26392,88.22156,88.69536,6039.0
2026-08-17,88.1268,88.6006,88.1268,88.6006,5516.0
2026-08-18,88.6006,88.6006,88.41108,88.6006,3647.0
2026-08-19,88.6006,88.88488000000001,88.1268,88.88488000000001,1806.0
2026-08-20,88.88488000000001,88.88488000000001,88.41108,88.41108,1532.0
2026-08-21,88.41108,90.022,88.41108,89.92724000000001,12490.0
2026-08-24,90.9696,91.25388000000001,90.87483999999999,91.06436,14328.0
2026-08-25,91.25388000000001,91.34864,89.64296,90.59056,6825.0
2026-08-26,91.4434,91.4434,90.68532,90.9696,4482.0
2026-08-27,90.9696,90.9696,90.11676,90.78008,6909.0
2026-08-28,90.78008,90.87483999999999,90.11676,90.59056,3436.0
2026-09-03,90.59056,90.87483999999999,90.022,90.87483999999999,20415.0
2026-09-04,91.25388000000001,91.25388000000001,90.59056,90.59056,7268.0
2026-09-07,90.59056,90.78008,90.30628,90.78008,6163.0
2026-09-08,90.78008,90.78008,90.30628,90.4958,7399.0
2026-09-09,90.68532,90.78008,90.022,90.68532,8030.0
2026-09-10,90.68532,90.87483999999999,90.40104,90.78008,5945.0
2026-09-11,90.87483999999999,90.87483999999999,90.30628,90.4958,12933.0
2026-09-14,89.7,91.1,89.7,90.1,7946.0
2026-09-15,90.5,90.8,89.6,90.5,12535.0
2026-09-16,90.5,90.5,90.1,90.1,6419.0
2026-09-17,90.1,90.8,89.9,90.0,10610.0
2026-09-18,90.5,90.5,90.0,90.5,4418.0
2026-09-21,90.7,90.7,90.1,90.5,5840.0
2026-09-22,90.5,90.6,90.0,90.5,5311.0
2026-09-23,90.1,90.9,90.1,90.6,6603.0
2026-09-24,90.6,90.6,90.1,90.3,1494.0
2026-09-25,90.2,90.3,90.1,90.1,2500.0
2026-09-28,90.1,90.5,89.9,90.0,5200.0
2026-09-29,89.9,90.0,89.7,89.7,6700.0
2026-09-30,89.7,90.1,89.7,89.9,4500.0
2026-10-01,90.0,90.0,89.5,89.5,6100.0
2026-10-02,89.7,89.7,89.2,89.4,8500.0
