,open,high,low,close,volume
2020-05-08,4.57522,4.6246,4.5423100000000005,4.5423100000000005,3134380.0
2020-05-11,4.558770000000001,4.608140000000001,4.509390000000001,4.558770000000001,2108920.0
2020-05-12,4.608140000000001,4.855,4.558770000000001,4.855,4958340.0
2020-05-13,4.838550000000001,4.855,4.70688,4.77271,2369590.0
2020-05-14,4.69043,4.7398,4.6246,4.6246,2626800.0
2020-05-15,4.608140000000001,4.65751,4.49293,4.49293,4457340.0
2020-05-18,4.49293,4.5423100000000005,4.4106499999999995,4.509390000000001,2594900.0
2020-05-19,4.57522,4.59168,4.49293,4.49293,2046710.0
2020-05-20,4.509390000000001,4.75626,4.46002,4.69043,5573910.0
2020-05-21,4.7398,4.7398,4.64105,4.64105,2199500.0
2020-05-22,4.6246,4.838550000000001,4.608140000000001,4.77271,4124110.0
2020-05-25,4.78917,5.10187,4.78917,5.03604,6977860.0
2020-05-26,5.06895,5.06895,4.92083,4.95375,3081230.0
2020-05-27,4.97021,5.15124,4.90438,4.90438,5350350.0
2020-05-28,4.92083,5.00312,4.838550000000001,4.90438,3472090.0
2020-05-29,4.92083,4.97021,4.87146,4.87146,1924780.0
2020-06-01,4.88792,5.05249,4.87146,4.95375,3311060.0
2020-06-02,4.97021,4.97021,4.7398,4.7398,4314070.0
2020-06-03,4.7398,4.82209,4.70688,4.82209,3381930.0
2020-06-04,4.82209,4.855,4.75626,4.80563,3482410.0
2020-06-05,4.78917,4.92083,4.78917,4.88792,2600560.0
2020-06-08,4.90438,4.98666,4.838550000000001,4.855,5604850.0
2020-06-09,4.88792,4.95375,4.838550000000001,4.88792,3878210.0
2020-06-10,4.88792,4.97021,4.80563,4.92083,3546900.0
2020-06-11,4.93729,5.06895,4.608140000000001,4.608140000000001,6437700.0
2020-06-12,4.52585,4.72334,4.49293,4.69043,3830890.0
2020-06-15,4.70688,4.7398,4.47648,4.52585,3451540.0
2020-06-16,4.57522,4.75626,4.52585,4.70688,3429930.0
2020-06-17,4.70688,4.72334,4.57522,4.608140000000001,1783170.0
2020-06-18,4.57522,4.70688,4.558770000000001,4.64105,1633880.0
2020-06-19,4.64105,4.75626,4.64105,4.72334,1992290.0
2020-06-22,5.05249,5.05249,4.75626,5.05249,8819740.0
2020-06-23,5.1677,5.200609999999999,4.92083,5.03604,5608660.0
2020-06-24,5.10187,5.10187,4.90438,4.93729,3234460.0
2020-06-25,4.838550000000001,5.0854099999999995,4.838550000000001,5.0195799999999995,3777280.0
2020-06-26,5.05249,5.0854099999999995,4.838550000000001,4.87146,2548920.0
2020-06-29,4.838550000000001,4.855,4.64105,4.70688,3694090.0
2020-06-30,4.77271,4.78917,4.5423100000000005,4.608140000000001,3015790.0
2020-07-01,4.65751,4.77271,4.608140000000001,4.7398,1345930.0
2020-07-02,4.7398,4.75626,4.6246,4.70688,1517700.0
2020-07-03,4.70688,4.75626,4.70688,4.72334,1331860.0
2020-07-06,4.7398,4.82209,4.72334,4.78917,1585170.0
2020-07-07,4.838550000000001,4.838550000000001,4.72334,4.72334,2239960.0
2020-07-08,4.72334,4.82209,4.69043,4.75626,1375260.0
2020-07-09,4.80563,4.80563,4.75626,4.80563,1487460.0
2020-07-10,4.77271,4.92083,4.77271,4.82209,2521320.0
2020-07-13,4.838550000000001,4.90438,4.80563,4.82209,1878320.0
2020-07-14,4.82209,4.92083,4.80563,4.90438,1854230.0
2020-07-15,4.93729,4.97021,4.838550000000001,4.838550000000001,2195480.0
2020-07-16,4.838550000000001,4.90438,4.82209,4.855,1444960.0
2020-07-17,4.88792,4.88792,4.80563,4.80563,1704340.0
2020-07-20,4.80563,4.838550000000001,4.7398,4.7398,1512120.0
2020-07-21,4.82209,4.855,4.7398,4.82209,2366640.0
2020-07-22,4.93729,4.98666,4.855,4.92083,3907150.0
2020-07-23,4.93729,4.93729,4.82209,4.88792,1318400.0
2020-07-24,4.855,4.87146,4.558770000000001,4.69043,4038360.0
2020-07-27,4.558770000000001,4.59168,4.37773,4.37773,5665380.0
2020-07-28,4.443560000000001,4.673970000000001,4.4271,4.64105,2488040.0
2020-07-29,4.5423100000000005,4.57522,4.36127,4.47648,2693800.0
2020-07-30,4.47648,4.59168,4.47648,4.509390000000001,1444480.0
2020-07-31,4.443560000000001,4.558770000000001,4.4106499999999995,4.49293,1439080.0
2020-08-03,4.52585,4.673970000000001,4.52585,4.65751,2076880.0
2020-08-04,4.69043,4.72334,4.64105,4.70688,3088220.0
2020-08-05,4.776350000000001,4.828270000000001,4.70713,4.776350000000001,2775350.0
2020-08-06,4.75904,4.776350000000001,4.70713,4.70713,1511120.0
2020-08-07,4.70713,4.776350000000001,4.68982,4.68982,1729860.0
2020-08-10,4.70713,4.776350000000001,4.70713,4.72443,2367340.0
2020-08-11,4.776350000000001,4.8974899999999995,4.68982,4.8628800000000005,4241480.0
2020-08-12,4.88018,4.8974899999999995,4.776350000000001,4.776350000000001,1904270.0
2020-08-13,4.96671,5.00132,4.7936499999999995,4.96671,5666410.0
2020-08-14,4.9494,4.96671,4.828270000000001,4.8455699999999995,2606540.0
2020-08-17,4.8455699999999995,4.88018,4.7936499999999995,4.8628800000000005,1468440.0
2020-08-18,4.88018,4.9494,4.88018,4.9321,2330360.0
2020-08-19,4.9494,5.00132,4.91479,4.96671,3536880.0
2020-08-20,4.96671,5.00132,4.91479,4.98402,2422930.0
2020-08-21,5.00132,5.3301300000000005,5.00132,5.3301300000000005,13078230.0
2020-08-24,5.46857,5.60702,5.43396,5.48588,6231560.0
2020-08-25,5.50318,5.5551,5.3820500000000004,5.39935,4271140.0
2020-08-26,5.3820500000000004,5.57241,5.364739999999999,5.5378,5306620.0
2020-08-27,5.5378,5.67624,5.50318,5.5378,3063130.0
2020-08-28,5.57241,5.58971,5.45127,5.45127,3981400.0
2020-08-31,5.45127,5.831989999999999,5.39935,5.710850000000001,5730320.0
2020-09-01,5.710850000000001,5.7454600000000005,5.67624,5.72816,2088800.0
2020-09-03,5.762770000000001,5.762770000000001,5.57241,5.60702,3154350.0
2020-09-04,5.50318,5.60702,5.46857,5.5551,2903650.0
2020-09-07,5.5551,5.762770000000001,5.5551,5.5551,3921790.0
2020-09-08,5.58971,5.69355,5.5378,5.62432,2604730.0
2020-09-09,5.58971,5.8666,5.5551,5.8666,5604600.0
2020-09-10,5.91852,5.93582,5.81469,5.831989999999999,2423220.0
2020-09-11,5.79738,5.97044,5.762770000000001,5.831989999999999,2560200.0
2020-09-14,5.88391,5.95313,5.831989999999999,5.93582,4446480.0
2020-09-15,5.98774,6.03966,5.90121,5.91852,3393940.0
2020-09-16,5.88391,5.91852,5.81469,5.8493,3399870.0
2020-09-17,5.8493,5.88391,5.79738,5.831989999999999,2302160.0
2020-09-18,5.81469,5.8666,5.81469,5.8493,2316090.0
2020-09-21,5.8493,5.8666,5.658930000000001,5.67624,6257410.0
2020-09-22,5.62432,5.81469,5.58971,5.7454600000000005,2652130.0
2020-09-23,5.7454600000000005,5.79738,5.72816,5.762770000000001,2689570.0
2020-09-24,5.72816,5.79738,5.710850000000001,5.79738,1881000.0
2020-09-25,5.79738,5.81469,5.7454600000000005,5.79738,2014630.0
2020-09-28,5.831989999999999,6.14349,5.831989999999999,6.0915799999999996,6452610.0
2020-09-29,6.1608,6.26463,5.95313,5.97044,4524490.0
2020-09-30,6.02235,6.21271,5.93582,6.1608,4360380.0
2020-10-01,6.19541,6.21271,6.126189999999999,6.1608,3095040.0
2020-10-02,6.1608,6.178100000000001,5.7454600000000005,5.97044,6038760.0
2020-10-05,6.05696,6.07427,5.95313,5.98774,2539610.0
2020-10-06,6.03966,6.05696,5.91852,5.93582,2029420.0
2020-10-07,5.88391,6.00505,5.88391,5.90121,2367880.0
2020-10-08,5.93582,6.14349,5.91852,6.0915799999999996,5228360.0
2020-10-09,6.10888,6.14349,6.00505,6.02235,2300460.0
2020-10-12,6.126189999999999,6.126189999999999,5.95313,5.95313,2253890.0
2020-10-13,5.95313,5.97044,5.88391,5.91852,2235410.0
2020-10-14,5.91852,5.97044,5.780069999999999,5.831989999999999,3203490.0
2020-10-15,5.8493,5.98774,5.762770000000001,5.91852,2235330.0
2020-10-16,5.91852,6.03966,5.831989999999999,5.88391,2184250.0
2020-10-19,5.91852,5.93582,5.831989999999999,5.831989999999999,1882060.0
2020-10-20,5.831989999999999,5.95313,5.81469,5.91852,1573100.0
2020-10-21,5.98774,6.00505,5.8666,5.8666,2423220.0
2020-10-22,5.8666,5.88391,5.81469,5.8666,854420.0
2020-10-23,5.91852,6.02235,5.90121,5.95313,2186110.0
2020-10-26,5.97044,5.98774,5.8666,5.8666,1381570.0
2020-10-27,5.831989999999999,5.8666,5.81469,5.81469,1617260.0
2020-10-28,5.81469,5.81469,5.5378,5.5378,3140770.0
2020-10-29,5.50318,5.64163,5.46857,5.50318,2240880.0
2020-10-30,5.60702,5.64163,5.5378,5.62432,1318960.0
2020-11-02,5.710850000000001,5.95313,5.69355,5.93582,3124640.0
2020-11-03,5.91852,5.93582,5.8493,5.88391,1633200.0
2020-11-04,5.90121,5.93582,5.81469,5.88391,1027070.0
2020-11-05,5.8666,6.07427,5.8666,5.91852,4146270.0
2020-11-06,5.93582,6.00505,5.8666,5.93582,1756660.0
2020-11-09,5.97044,6.19541,5.97044,6.14349,5108120.0
2020-11-10,6.10888,6.10888,5.97044,6.03966,4411150.0
2020-11-11,6.03966,6.0915799999999996,5.98774,6.02235,2815470.0
2020-11-12,6.02235,6.126189999999999,5.91852,6.10888,2939880.0
2020-11-13,6.0915799999999996,6.29924,6.05696,6.1608,5159630.0
2020-11-16,6.1608,6.178100000000001,6.02235,6.05696,3446640.0
2020-11-17,6.05696,6.10888,6.00505,6.0915799999999996,2956680.0
2020-11-18,6.07427,6.0915799999999996,6.00505,6.00505,4251600.0
2020-11-19,5.98774,6.05696,5.95313,5.98774,2159800.0
2020-11-20,5.98774,6.02235,5.93582,5.95313,2411810.0
2020-11-23,5.91852,6.00505,5.91852,5.93582,1846000.0
2020-11-24,5.95313,6.126189999999999,5.91852,6.126189999999999,3886880.0
2020-11-25,6.126189999999999,6.14349,6.00505,6.02235,1752370.0
2020-11-26,6.03966,6.03966,5.95313,5.98774,1223680.0
2020-11-27,6.00505,6.02235,5.97044,6.02235,1012000.0
2020-11-30,6.02235,6.02235,5.91852,5.93582,1624000.0
2020-12-01,5.88391,5.95313,5.81469,5.93582,2315280.0
2020-12-02,5.93582,6.03966,5.90121,5.95313,2314690.0
2020-12-03,5.95313,5.98774,5.93582,5.98774,1506670.0
2020-12-04,5.98774,6.05696,5.95313,5.97044,2333940.0
2020-12-07,5.98774,6.03966,5.97044,6.00505,1904340.0
2020-12-08,6.05696,6.28194,6.03966,6.28194,10265090.0
2020-12-09,6.28194,6.29924,6.178100000000001,6.21271,3497880.0
2020-12-10,6.230020000000001,6.29924,6.126189999999999,6.14349,3549010.0
2020-12-11,6.14349,6.178100000000001,5.95313,6.178100000000001,3295350.0
2020-12-14,6.230020000000001,6.230020000000001,6.14349,6.178100000000001,2729010.0
2020-12-15,6.1608,6.40308,6.126189999999999,6.230020000000001,6257370.0
2020-12-16,6.29924,6.33385,6.21271,6.230020000000001,2820700.0
2020-12-17,6.230020000000001,6.31655,6.1608,6.1608,3434880.0
2020-12-18,6.19541,6.230020000000001,6.126189999999999,6.230020000000001,3447300.0
2020-12-21,6.29924,6.40308,6.26463,6.33385,3760880.0
2020-12-22,6.36847,6.76649,6.29924,6.76649,7849440.0
2020-12-23,6.853020000000001,6.88763,6.4896,6.4896,3412460.0
2020-12-24,6.57613,6.6453500000000005,6.0915799999999996,6.385770000000001,4338560.0
2020-12-25,6.28194,6.57613,6.26463,6.472300000000001,3646600.0
2020-12-28,6.57613,6.57613,6.385770000000001,6.472300000000001,2473140.0
2020-12-29,6.42038,6.57613,6.42038,6.472300000000001,3759310.0
2020-12-30,6.4896,6.66266,6.45499,6.472300000000001,3888910.0
2020-12-31,6.5069099999999995,6.524220000000001,6.45499,6.5069099999999995,1982190.0
2021-01-04,6.54152,6.73188,6.5069099999999995,6.6453500000000005,3489700.0
2021-01-05,6.61074,6.67997,6.57613,6.593439999999999,2342100.0
2021-01-06,6.62805,6.6453500000000005,6.5069099999999995,6.524220000000001,4503300.0
2021-01-07,6.54152,6.62805,6.5069099999999995,6.61074,3685800.0
2021-01-08,6.67997,6.74919,6.61074,6.67997,3434400.0
2021-01-11,6.71458,6.81841,6.6972700000000005,6.74919,3042300.0
2021-01-12,6.74919,6.74919,6.66266,6.74919,2925800.0
2021-01-13,6.7838,6.88763,6.67997,6.74919,4866900.0
2021-01-14,6.7838,6.81841,6.6972700000000005,6.7838,2210800.0
2021-01-15,6.83572,6.87033,6.73188,6.8011099999999995,3227700.0
2021-01-18,6.81841,7.0953,6.7838,6.95686,4297400.0
2021-01-19,6.95686,6.95686,6.472300000000001,6.472300000000001,3352000.0
2021-01-20,6.5069099999999995,6.54152,6.05696,6.4896,2156900.0
2021-01-21,6.57613,6.67997,6.45499,6.66266,1783900.0
2021-01-22,6.66266,6.74919,6.593439999999999,6.6453500000000005,2477900.0
2021-01-25,6.75341,6.78933,6.627680000000001,6.64564,1515800.0
2021-01-26,6.64564,6.64564,6.30438,6.3223400000000005,2063200.0
2021-01-27,6.21457,6.3223400000000005,5.9271899999999995,5.96312,2288800.0
2021-01-28,5.58593,5.71166,5.55001,5.55001,3168900.0
2021-01-29,5.17282,5.7835,5.17282,5.6937,3089600.0
2021-02-01,5.675739999999999,5.72962,5.38836,5.49613,2078000.0
2021-02-02,5.38836,5.49613,5.2985500000000005,5.4242799999999995,3243700.0
2021-02-03,5.49613,5.74758,5.49613,5.72962,1938200.0
2021-02-04,5.74758,5.83739,5.675739999999999,5.72962,1470100.0
2021-02-05,5.7835,5.8553500000000005,5.74758,5.8553500000000005,1462300.0
2021-02-08,5.8912700000000005,5.8912700000000005,5.603890000000001,5.71166,1554600.0
2021-02-09,5.675739999999999,5.74758,5.65778,5.72962,1312300.0
2021-02-17,5.7835,5.90923,5.675739999999999,5.87331,1839600.0
2021-02-18,5.8912700000000005,6.26846,5.83739,6.2505,4090100.0
2021-02-19,6.21457,6.4839899999999995,6.19661,6.26846,2289500.0
2021-02-22,6.2505,6.3582600000000005,6.178649999999999,6.23253,1974500.0
2021-02-23,6.178649999999999,6.23253,6.088850000000001,6.19661,1686700.0
2021-02-24,6.2505,6.2505,6.017,6.07088,1993900.0
2021-02-25,6.10681,6.142729999999999,5.99904,6.07088,1263400.0
2021-02-26,6.03496,6.07088,5.9271899999999995,6.05292,1483000.0
2021-03-01,6.088850000000001,6.3403,6.07088,6.28642,2506700.0
2021-03-02,6.4480699999999995,6.64564,6.30438,6.5738,5360100.0
2021-03-03,6.5738,6.75341,6.46603,6.627680000000001,3625700.0
2021-03-04,6.663600000000001,6.933020000000001,6.663600000000001,6.71749,5484700.0
2021-03-05,6.699529999999999,6.96894,6.53788,6.8971,4752300.0
2021-03-08,6.9509799999999995,6.9868999999999994,6.64564,6.75341,4179600.0
2021-03-09,6.75341,6.8971,6.68156,6.82525,2514600.0
2021-03-10,6.8432200000000005,6.933020000000001,6.8432200000000005,6.86118,2522300.0
2021-03-11,6.8971,6.933020000000001,6.82525,6.8971,2702800.0
2021-03-12,6.9509799999999995,6.96894,6.77137,6.80729,3318100.0
2021-03-15,6.80729,6.8791400000000005,6.699529999999999,6.75341,2481800.0
2021-03-16,6.75341,6.78933,6.699529999999999,6.71749,1889000.0
2021-03-17,6.75341,7.07671,6.75341,7.05875,5521200.0
2021-03-18,7.148560000000001,7.148560000000001,7.04079,7.04079,3096900.0
2021-03-19,7.04079,7.05875,6.96894,7.04079,2149400.0
2021-03-22,6.96894,7.02283,6.8971,7.0048699999999995,2220600.0
2021-03-23,7.0048699999999995,7.09467,6.86118,7.04079,2364500.0
2021-03-24,7.0048699999999995,7.04079,6.86118,6.96894,2869600.0
2021-03-25,6.9509799999999995,6.9868999999999994,6.82525,6.9509799999999995,1481100.0
2021-03-26,6.86118,6.96894,6.71749,6.933020000000001,2198400.0
2021-03-29,6.933020000000001,7.02283,6.8971,7.0048699999999995,1920000.0
2021-03-30,7.0048699999999995,7.05875,6.933020000000001,6.9509799999999995,1251000.0
2021-03-31,6.933020000000001,7.148560000000001,6.933020000000001,7.13059,2919100.0
2021-04-01,7.13059,7.41797,7.13059,7.3820500000000004,3786300.0
2021-04-02,7.36409,7.36409,7.202439999999999,7.31021,1928100.0
2021-04-05,7.48982,7.48982,7.09467,7.25632,1966300.0
2021-04-06,7.25632,7.40001,7.13059,7.32817,2213900.0
2021-04-07,7.3461300000000005,7.40001,7.32817,7.40001,1358400.0
2021-04-08,7.43593,7.43593,7.25632,7.36409,1043600.0
2021-04-09,7.32817,7.32817,7.18448,7.29225,1225700.0
2021-04-12,7.36409,7.36409,7.2204,7.32817,1925800.0
2021-04-13,7.32817,7.32817,7.11263,7.148560000000001,1945500.0
2021-04-14,7.07671,7.16652,6.8971,7.148560000000001,1270700.0
2021-04-15,7.2204,7.25632,6.933020000000001,6.9509799999999995,1741400.0
2021-04-16,6.8791400000000005,6.96894,6.78933,6.82525,1288400.0
2021-04-19,6.82525,6.8971,6.68156,6.78933,1253500.0
2021-04-20,6.80729,6.96894,6.80729,6.8971,1142900.0
2021-04-22,6.8971,6.8971,6.68156,6.71749,1781900.0
2021-04-23,6.71749,6.77137,6.2505,6.77137,1663900.0
2021-04-26,6.91506,6.91506,6.5738,6.68156,645500.0
2021-04-27,6.68156,6.8432200000000005,6.60972,6.68156,997000.0
2021-04-28,6.71749,6.8791400000000005,6.64564,6.82525,1513800.0
2021-04-29,6.86118,6.91506,6.77137,6.8432200000000005,903000.0
2021-05-04,6.64564,6.75341,6.60972,6.71749,853200.0
2021-05-05,6.71749,6.82525,6.663600000000001,6.78933,1086800.0
2021-05-06,6.82525,6.82525,6.59176,6.59176,783800.0
2021-05-07,6.5738,6.59176,6.37622,6.55584,1907400.0
2021-05-10,6.3403,6.55584,6.3403,6.55584,1191600.0
2021-05-11,6.55584,6.71749,6.4839899999999995,6.60972,988200.0
2021-05-12,6.60972,6.60972,6.46603,6.5738,1031100.0
2021-05-13,6.5738,6.663600000000001,6.53788,6.5738,629400.0
2021-05-14,6.71749,7.0048699999999995,6.627680000000001,6.9509799999999995,2608100.0
2021-05-17,6.96894,6.9868999999999994,6.71749,6.75341,1055500.0
2021-05-18,6.663600000000001,6.78933,6.663600000000001,6.663600000000001,469300.0
2021-05-19,6.627680000000001,6.64564,6.4839899999999995,6.53788,1523100.0
2021-05-20,6.519909999999999,6.64564,6.519909999999999,6.53788,633600.0
2021-05-21,6.53788,6.75341,6.519909999999999,6.64564,694900.0
2021-05-24,6.68156,6.80729,6.627680000000001,6.80729,1337800.0
2021-05-25,6.78933,6.9868999999999994,6.77137,6.82525,1295300.0
2021-05-26,6.82525,6.82525,6.71749,6.75341,515900.0
2021-05-27,6.75341,6.86118,6.5738,6.64564,1201100.0
2021-05-28,6.64564,6.8791400000000005,6.60972,6.82525,1641600.0
2021-05-31,6.75341,6.78933,6.64564,6.78933,753900.0
2021-06-01,6.80729,6.86118,6.75341,6.75341,755900.0
2021-06-02,6.64564,7.07671,6.64564,7.07671,2261300.0
2021-06-03,7.18448,7.2204,7.04079,7.148560000000001,2618700.0
2021-06-04,7.16652,7.18448,7.04079,7.148560000000001,1837700.0
2021-06-07,7.11263,7.18448,7.0048699999999995,7.05875,1568700.0
2021-06-08,7.11263,7.543699999999999,7.11263,7.29225,4606200.0
2021-06-09,7.29225,7.36409,7.16652,7.238359999999999,1488300.0
2021-06-10,7.32817,7.723310000000001,7.18448,7.723310000000001,4181100.0
2021-06-11,7.723310000000001,7.9029300000000005,7.543699999999999,7.61555,2314600.0
2021-06-14,7.61555,7.867,7.59759,7.66943,1934500.0
2021-06-15,7.651470000000001,7.81312,7.543699999999999,7.651470000000001,2721400.0
2021-06-16,7.57962,7.79516,7.57962,7.651470000000001,2113000.0
2021-06-17,7.57962,7.79516,7.57962,7.7772,2841800.0
2021-06-18,7.84904,8.316030000000001,7.83108,8.1903,5284500.0
2021-06-21,8.26215,8.51361,8.08254,8.29807,3586300.0
2021-06-22,8.29807,8.33399,8.13642,8.1903,2192200.0
2021-06-23,8.1903,8.316030000000001,7.97477,8.06458,2471700.0
2021-06-24,8.028649999999999,8.08254,7.88496,8.01069,1888100.0
2021-06-25,7.97477,8.20827,7.867,8.15438,2263600.0
2021-06-28,8.26215,8.38788,8.15438,8.20827,1965800.0
2021-06-29,8.24419,8.38788,8.1903,8.22623,2665000.0
2021-06-30,8.26215,8.6573,8.22623,8.54953,5923300.0
2021-07-01,8.54953,8.818950000000001,8.53157,8.54953,3151100.0
2021-07-02,8.56749,8.67526,8.49565,8.49565,3567800.0
2021-07-05,8.588209999999998,8.588209999999998,8.255040000000001,8.31057,2692600.0
2021-07-06,8.255040000000001,8.458639999999999,7.73679,7.73679,2490800.0
2021-07-07,8.06995,8.06995,7.47766,7.9589,2895100.0
2021-07-08,7.88486,7.97741,7.66275,7.68126,1211500.0
2021-07-09,7.58872,7.73679,7.40363,7.551699999999999,1404400.0
2021-07-12,7.42213,7.47766,7.03344,7.3295900000000005,4293500.0
2021-07-13,7.181520000000001,7.6072299999999995,7.181520000000001,7.6072299999999995,1131800.0
2021-07-14,7.58872,7.68126,7.23704,7.42213,894700.0
2021-07-15,7.36661,7.64424,7.3295900000000005,7.64424,640100.0
2021-07-16,7.64424,7.940390000000001,7.58872,7.88486,1614000.0
2021-07-19,7.73679,7.82933,7.51468,7.69977,1320000.0
2021-07-20,7.69977,8.06995,7.69977,8.06995,1369100.0
2021-07-21,8.218020000000001,8.218020000000001,7.97741,8.01442,944100.0
2021-07-22,8.01442,8.273549999999998,8.01442,8.18101,1770300.0
2021-07-23,8.18101,8.29206,8.14399,8.1625,2175600.0
2021-07-26,8.10697,8.51417,8.06995,8.495659999999999,2335600.0
2021-07-27,8.68075,8.69926,8.47715,8.51417,1927700.0
2021-07-28,8.42162,8.66224,8.42162,8.625219999999999,1703600.0
2021-07-29,8.68075,8.9954,8.66224,8.9954,4743400.0
2021-07-30,9.106459999999998,9.624709999999999,9.06944,9.458129999999999,8000800.0
2021-08-02,9.458129999999999,10.03191,9.458129999999999,9.84682,5542500.0
2021-08-03,9.90235,10.12446,9.66173,10.05042,7099400.0
2021-08-04,9.920860000000001,10.14297,9.82831,10.06893,5152400.0
2021-08-05,9.99489,10.69824,9.95788,10.66122,4124800.0
2021-08-06,10.73526,11.0314,10.56868,10.73526,4981300.0
2021-08-09,10.90184,11.475620000000001,10.80929,11.475620000000001,8015400.0
2021-08-10,12.17896,12.271510000000001,11.77176,12.06791,9790100.0
2021-08-11,12.21598,12.90082,11.845799999999999,12.90082,7270900.0
2021-08-12,12.90082,13.32653,12.03089,12.03089,10204800.0
2021-08-13,11.845799999999999,12.8638,11.79027,12.8638,9577200.0
2021-08-16,13.32653,13.752229999999999,13.141440000000001,13.53013,7220600.0
2021-08-17,13.21547,13.4746,12.993360000000001,13.32653,6014900.0
2021-08-18,13.178450000000002,13.56714,12.77125,12.88231,7525800.0
2021-08-19,12.77125,13.21547,12.715729999999999,12.91933,4817700.0
2021-08-20,12.95634,13.4746,12.77125,13.38205,9542100.0
2021-08-23,13.4746,14.066889999999999,13.4746,13.77074,6643500.0
2021-08-24,13.58565,13.73373,12.95634,13.10442,6226400.0
2021-08-25,13.141440000000001,13.141440000000001,12.23449,12.54914,7656900.0
2021-08-26,12.62318,13.41907,12.62318,13.25249,6734900.0
2021-08-27,13.0674,13.62267,12.97485,13.62267,5808400.0
2021-08-30,13.99285,13.99285,13.43758,13.45609,7393800.0
2021-08-31,13.36354,13.80776,13.141440000000001,13.62267,6775800.0
2021-09-01,13.51162,14.177940000000001,13.4746,13.8818,8548600.0
2021-09-06,13.91882,13.99285,13.54863,13.54863,6951900.0
2021-09-07,13.400559999999999,13.62267,12.97485,13.08591,7771900.0
2021-09-08,12.93784,13.28951,12.826780000000001,13.141440000000001,4368000.0
2021-09-09,13.28951,13.32653,13.10442,13.178450000000002,2716900.0
2021-09-10,13.178450000000002,13.21547,12.91933,12.95634,6150900.0
2021-09-13,12.993360000000001,13.4746,12.97485,13.178450000000002,4432300.0
2021-09-14,13.36354,13.62267,13.178450000000002,13.21547,3670500.0
2021-09-15,13.0674,13.21547,12.993360000000001,13.08591,3195100.0
2021-09-16,13.03038,13.25249,12.88231,12.93784,3657300.0
2021-09-17,12.93784,13.25249,12.58616,13.21547,11303900.0
2021-09-20,13.51162,13.6782,13.141440000000001,13.141440000000001,5145100.0
2021-09-21,12.91933,13.10442,12.715729999999999,13.01187,4537700.0
2021-09-22,13.141440000000001,13.141440000000001,12.826780000000001,12.90082,2911100.0
2021-09-23,12.95634,13.141440000000001,12.88231,12.90082,3354700.0
2021-09-24,12.90082,12.993360000000001,12.43809,12.77125,5511500.0
2021-09-27,12.77125,12.77125,11.91984,11.91984,5305900.0
2021-09-28,11.845799999999999,12.401069999999999,11.66071,12.271510000000001,3914600.0
2021-09-29,12.271510000000001,13.12293,11.956850000000001,13.12293,7117400.0
2021-09-30,13.28951,13.826270000000001,13.08591,13.62267,9381100.0
2021-10-01,13.62267,14.43707,13.60416,14.103909999999999,12260100.0
2021-10-04,14.344520000000001,14.41856,13.8818,13.8818,8054600.0
2021-10-05,13.8818,14.344520000000001,13.659690000000001,14.066889999999999,7890200.0
2021-10-06,14.066889999999999,14.25198,13.84478,14.12242,7333900.0
2021-10-07,14.14092,14.78874,13.99285,14.21496,7376200.0
2021-10-08,14.14092,14.30751,13.54863,13.84478,9543900.0
2021-10-11,13.863290000000001,14.04838,13.64118,13.90031,4275300.0
2021-10-12,14.02987,14.344520000000001,13.91882,14.177940000000001,5904400.0
2021-10-13,14.14092,14.99234,14.103909999999999,14.881290000000002,12850600.0
2021-10-14,15.103399999999999,15.91779,14.93681,15.54761,10724500.0
2021-10-15,15.71419,16.21394,15.38103,15.82525,8957600.0
2021-10-18,15.91779,16.08438,15.36252,15.36252,10210500.0
2021-10-19,15.36252,16.39903,15.177430000000001,16.39903,8902900.0
2021-10-20,16.45456,17.1579,16.39903,16.917279999999998,7893100.0
2021-10-21,17.02834,17.528080000000003,16.60263,17.39852,6285300.0
2021-10-22,17.73168,17.73168,16.88027,17.231939999999998,7917600.0
2021-10-25,17.02834,17.231939999999998,16.58412,16.676669999999998,8791500.0
2021-10-26,16.62114,17.287470000000003,16.32499,17.287470000000003,5582800.0
2021-10-27,17.39852,17.50957,17.00983,17.17641,5005300.0
2021-10-28,17.21343,18.26845,17.02834,18.13888,8436800.0
2021-10-29,18.101860000000002,18.435029999999998,17.95379,18.13888,5079400.0
2021-11-01,18.39801,18.916259999999998,18.13888,18.435029999999998,4737900.0
2021-11-02,18.30546,18.879240000000003,18.02783,18.212919999999997,9239100.0
2021-11-03,18.212919999999997,18.26845,17.02834,17.02834,10027400.0
2021-11-04,17.19492,17.7687,17.10237,17.41703,3952200.0
2021-11-05,17.65765,18.62012,17.3615,18.62012,8500600.0
2021-11-08,19.06434,19.73066,18.84223,19.24943,6109400.0
2021-11-09,19.28644,19.3975,18.916259999999998,19.36048,4133300.0
2021-11-10,19.43452,20.06382,19.36048,19.98979,5575900.0
2021-11-11,19.98979,20.2119,19.471529999999998,19.54557,5410400.0
2021-11-12,19.58259,19.76768,19.24943,19.471529999999998,3721600.0
2021-11-15,19.54557,19.98979,18.916259999999998,19.471529999999998,6838100.0
2021-11-16,19.61961,19.95277,19.17539,19.43452,4700500.0
2021-11-17,19.50855,19.54557,19.06434,19.06434,4191300.0
2021-11-18,18.879240000000003,19.06434,17.73168,17.99081,16042200.0
2021-11-19,17.7687,18.47205,16.73219,17.02834,9735100.0
2021-11-22,17.25045,17.58361,16.917279999999998,17.21343,3914400.0
2021-11-23,17.21343,18.24994,17.083869999999997,18.24994,4240900.0
2021-11-24,18.24994,18.36099,17.787209999999998,17.95379,3671700.0
2021-11-25,18.02783,18.435029999999998,17.879759999999997,18.13888,3613900.0
2021-11-26,18.435029999999998,18.879240000000003,18.13888,18.62012,5857100.0
2021-11-29,18.323970000000003,18.47205,17.99081,18.101860000000002,2831800.0
2021-11-30,18.13888,18.990299999999998,18.13888,18.65714,6417800.0
2021-12-01,18.65714,19.54557,18.65714,19.32346,5896500.0
2021-12-02,19.36048,19.73066,18.416520000000002,18.416520000000002,6238500.0
2021-12-03,18.546080000000003,18.69415,17.58361,17.69466,6858700.0
2021-12-06,17.50957,17.69466,16.47307,16.750700000000002,6583900.0
2021-12-07,17.065360000000002,17.50957,16.69518,17.50957,3217500.0
2021-12-08,17.69466,17.95379,17.49106,17.69466,2391200.0
2021-12-09,17.65765,18.13888,17.546590000000002,18.13888,2252900.0
2021-12-10,18.13888,19.06434,18.101860000000002,18.69415,5532400.0
2021-12-13,19.02732,19.02732,18.36099,18.50906,2640500.0
2021-12-14,18.435029999999998,19.28644,18.19441,18.69415,5880100.0
2021-12-15,19.02732,19.17539,18.69415,18.879240000000003,4622800.0
2021-12-16,19.02732,19.02732,18.30546,18.435029999999998,4110600.0
2021-12-17,18.34248,18.84223,18.101860000000002,18.47205,6057700.0
2021-12-20,18.583099999999998,18.95328,18.323970000000003,18.65714,3200700.0
2021-12-21,18.84223,19.95277,18.69415,19.95277,12385600.0
2021-12-22,20.35997,20.47102,19.87873,19.98979,5134200.0
2021-12-23,19.98979,20.989279999999997,19.76768,20.545060000000003,7339000.0
2021-12-24,20.545060000000003,20.91524,20.02681,20.28593,4394800.0
2021-12-27,20.322950000000002,20.545060000000003,19.06434,19.471529999999998,6832300.0
2021-12-28,19.3975,19.841720000000002,19.28644,19.36048,4339900.0
2021-12-29,19.73066,19.95277,18.13888,18.13888,9863700.0
2021-12-30,18.39801,18.84223,17.80572,18.65714,5228400.0
2021-12-31,18.879240000000003,18.879240000000003,18.323970000000003,18.50906,2563000.0
2022-01-04,18.69415,18.879240000000003,18.28695,18.80521,4220300.0
2022-01-05,18.73117,19.10135,18.435029999999998,18.50906,4448000.0
2022-01-06,18.323970000000003,18.768189999999997,18.06485,18.06485,5541200.0
2022-01-07,18.02783,18.13888,17.21343,17.34299,10346300.0
2022-01-10,17.38001,17.58361,16.15841,16.15841,7776800.0
2022-01-11,15.99183,16.769209999999998,15.54761,16.10289,5696000.0
2022-01-12,16.10289,16.47307,15.76972,16.47307,3015600.0
2022-01-13,16.65816,17.02834,15.99183,15.99183,2289400.0
2022-01-14,15.91779,15.99183,14.881290000000002,14.881290000000002,6703500.0
2022-01-17,15.14041,15.36252,14.51111,14.51111,4549700.0
2022-01-18,14.400049999999998,15.5106,14.400049999999998,15.5106,4211700.0
2022-01-19,15.880780000000001,16.10289,15.732700000000001,15.91779,2849300.0
2022-01-20,15.880780000000001,16.10289,15.584629999999999,16.01034,1925000.0
2022-01-21,16.10289,16.10289,15.60314,15.84376,2136300.0
2022-01-24,15.54761,15.566120000000002,14.751719999999999,14.751719999999999,3196500.0
2022-01-25,14.43707,15.36252,14.43707,15.3255,1922500.0
2022-01-26,15.5106,15.65867,15.01085,15.103399999999999,1914700.0
2022-01-27,15.255040000000001,15.976040000000001,15.21709,15.67246,1695300.0
2022-01-28,15.63451,15.90015,15.23606,15.255040000000001,1491000.0
2022-02-07,15.425799999999999,16.24168,15.425799999999999,16.18476,2031500.0
2022-02-08,16.24168,16.92474,15.9381,16.77295,3137100.0
2022-02-09,16.77295,17.01961,16.50731,16.62116,3177000.0
2022-02-10,16.640130000000003,17.22832,16.39347,17.076529999999998,5243100.0
2022-02-11,17.2473,18.02523,17.15243,17.62678,6095000.0
2022-02-14,17.34217,18.02523,17.26627,17.34217,5031200.0
2022-02-15,17.45601,17.98728,17.26627,17.6837,4069400.0
2022-02-16,17.91138,18.44265,17.79754,18.36676,8143200.0
2022-02-17,18.518549999999998,18.63239,18.13907,18.21497,4501500.0
2022-02-18,18.101119999999998,18.67034,18.02523,18.63239,6731000.0
2022-02-21,18.63239,18.860080000000004,18.290860000000002,18.44265,4643600.0
2022-02-22,18.082150000000002,18.42368,17.79754,17.98728,5677100.0
2022-02-23,18.25292,19.23956,18.21497,19.23956,10169800.0
2022-02-24,19.27751,20.56773,18.917,20.56773,15093300.0
2022-02-25,20.87132,21.40259,20.453889999999998,20.453889999999998,9414700.0
2022-02-28,20.75747,21.85796,20.71953,21.85796,9675300.0
2022-03-01,22.50307,22.76871,21.47848,21.554380000000002,10746500.0
2022-03-02,21.89591,22.69281,21.63027,22.69281,10714600.0
2022-03-03,22.76871,23.26203,22.31334,22.616919999999997,8369800.0
2022-03-04,22.38923,23.03434,22.161540000000002,22.88255,7395400.0
2022-03-07,23.8692,24.47636,23.299979999999998,24.47636,6731700.0
2022-03-08,24.514310000000002,25.235319999999998,23.14819,23.527669999999997,11062100.0
2022-03-09,24.210729999999998,25.159419999999997,23.22408,24.77995,10118200.0
2022-03-10,24.210729999999998,25.007630000000002,23.7933,24.24868,6601400.0
2022-03-11,24.85584,25.80454,24.47636,25.19737,8553200.0
2022-03-14,25.235319999999998,25.65275,23.45177,23.45177,10672000.0
2022-03-15,23.14819,23.71741,22.57897,23.641509999999997,7936600.0
2022-03-16,23.94509,24.47636,23.71741,23.94509,3156800.0
2022-03-17,24.28662,24.28662,22.275389999999998,22.95845,13573300.0
2022-03-18,23.14819,24.02099,22.76871,23.71741,6687600.0
2022-03-21,23.75535,23.983040000000003,23.41382,23.67946,3803600.0
2022-03-22,23.71741,25.04558,23.60356,25.04558,8379700.0
2022-03-23,25.425060000000002,26.373759999999997,25.27327,26.18402,7553700.0
2022-03-24,26.75323,26.90502,25.6148,26.335810000000002,4910600.0
2022-03-25,26.29786,28.04346,25.80454,27.58809,7016700.0
2022-03-28,27.246560000000002,28.1573,27.246560000000002,28.04346,5319000.0
2022-03-29,28.005509999999997,28.384990000000002,27.360400000000002,27.81577,4702000.0
2022-03-30,27.51219,27.62603,25.88043,25.88043,15002200.0
2022-03-31,26.25991,26.56349,25.235319999999998,25.38711,5127900.0
2022-04-01,25.425060000000002,26.86708,25.38711,26.18402,4700200.0
2022-04-04,26.146069999999998,26.146069999999998,24.36252,24.36252,11969200.0
2022-04-05,24.28662,24.93174,23.94509,24.742,5170700.0
2022-04-06,24.32457,24.6661,23.33793,23.56561,5947300.0
2022-04-07,23.71741,24.552259999999997,22.88255,24.552259999999997,5884900.0
2022-04-08,24.59021,24.89379,23.90714,24.210729999999998,3528600.0
2022-04-12,24.43841,25.08353,24.210729999999998,24.742,4903100.0
2022-04-13,24.6661,25.80454,24.096880000000002,25.80454,5556100.0
2022-04-14,26.18402,27.58809,25.99428,27.398349999999997,9816700.0
2022-04-15,27.398349999999997,27.81577,26.22196,26.82913,6357800.0
2022-04-18,26.56349,27.62603,26.373759999999997,27.32245,6491400.0
2022-04-19,27.51219,29.21984,27.094759999999997,28.49883,9418800.0
2022-04-20,28.34704,28.99216,26.56349,26.56349,5910100.0
2022-04-21,27.360400000000002,27.967560000000002,26.63939,27.17066,8267100.0
2022-04-22,27.51219,27.51219,25.27327,25.27327,12352700.0
2022-04-25,24.47636,25.08353,23.527669999999997,23.527669999999997,5932800.0
2022-04-26,21.93386,25.007630000000002,21.89591,25.007630000000002,7237300.0
2022-04-27,24.096880000000002,24.62815,23.299979999999998,24.47636,5159000.0
2022-04-28,24.6661,25.76659,24.28662,25.19737,4237100.0
2022-04-29,24.77995,26.373759999999997,24.742,25.57685,4929900.0
2022-05-04,25.19737,25.235319999999998,23.7933,23.7933,6464400.0
2022-05-05,24.096880000000002,24.85584,23.56561,23.94509,4961800.0
2022-05-06,23.489720000000002,24.6661,23.26203,24.17278,4265200.0
2022-05-09,23.71741,23.90714,22.50307,22.50307,4769400.0
2022-05-10,20.98516,21.89591,20.94721,20.94721,9501200.0
2022-05-11,21.250799999999998,22.08565,21.099,21.706169999999997,3496300.0
2022-05-12,21.63027,21.89591,20.18826,20.18826,3427600.0
2022-05-13,19.08777,19.88467,18.78419,18.78419,3607300.0
2022-05-16,19.3534,19.69493,17.47498,17.47498,6444400.0
2022-05-17,16.27963,18.68932,16.26065,18.68932,5944000.0
2022-05-18,19.23956,19.96057,18.97392,19.88467,4471800.0
2022-05-19,19.01187,21.02311,18.97392,20.3021,6276600.0
2022-05-20,20.07441,21.51643,19.88467,21.06106,5810800.0
2022-05-23,21.21285,21.47848,20.26415,20.87132,4430900.0
2022-05-24,20.68158,21.32669,20.3021,20.87132,4745200.0
2022-05-25,20.87132,22.31334,20.41594,22.31334,5246100.0
2022-05-26,22.38923,22.73076,21.099,21.44053,4441100.0
2022-05-27,21.554380000000002,22.00975,20.94721,21.554380000000002,4613700.0
2022-05-30,21.706169999999997,21.82001,21.32669,21.44053,2140500.0
2022-05-31,21.28874,22.9205,21.250799999999998,22.616919999999997,8187000.0
2022-06-01,22.616919999999997,24.096880000000002,22.35128,23.489720000000002,5691800.0
2022-06-02,23.90714,23.94509,22.95845,23.33793,4070600.0
2022-06-03,23.71741,24.62815,23.41382,24.24868,5944800.0
2022-06-06,24.28662,25.918380000000003,23.56561,25.6148,7920200.0
2022-06-07,25.425060000000002,25.99428,23.8692,25.6148,7217000.0
2022-06-08,25.6148,26.373759999999997,24.81789,25.34916,6082600.0
2022-06-09,25.34916,25.80454,24.93174,25.38711,3534300.0
2022-06-10,25.08353,25.72864,23.641509999999997,23.641509999999997,5975200.0
2022-06-13,22.08565,22.95845,22.00975,22.00975,6195100.0
2022-06-14,20.68158,23.41382,20.68158,22.9205,5919400.0
2022-06-15,23.11024,23.83125,21.47848,23.33793,4564900.0
2022-06-16,23.489720000000002,24.6661,23.22408,23.8692,3941800.0
2022-06-17,23.03434,24.13483,22.80666,23.90714,5065400.0
2022-06-20,23.75535,24.28662,22.23744,22.616919999999997,6851300.0
2022-06-21,22.23744,22.54102,21.06106,21.06106,4318800.0
2022-06-22,21.06106,21.21285,19.619040000000002,19.619040000000002,3967900.0
2022-06-23,18.53752,20.11236,18.53752,20.11236,3756000.0
2022-06-24,20.49184,20.75747,19.92262,20.036459999999998,1542600.0
2022-06-27,20.37799,20.529790000000002,18.65137,18.65137,4299900.0
2022-06-28,18.290860000000002,19.315459999999998,17.64575,18.5565,5629500.0
2022-06-29,18.89803,19.3534,17.83549,18.97392,3255800.0
2022-06-30,19.201610000000002,19.65699,19.08777,19.3534,2908900.0
2022-07-01,18.89803,19.3534,18.17702,18.76521,2277000.0
2022-07-04,18.97392,19.23956,18.594450000000002,18.89803,1946500.0
2022-07-05,18.860080000000004,18.89803,17.58883,17.58883,4493000.0
2022-07-06,17.076529999999998,17.493959999999998,16.39347,16.39347,3439200.0
2022-07-07,16.48834,17.038580000000003,16.18476,16.69705,2472500.0
2022-07-08,17.26627,17.6837,17.26627,17.6078,3270600.0
2022-07-11,17.64575,17.968310000000002,17.51293,17.58883,3002100.0
2022-07-12,17.58883,18.02523,17.51293,18.02523,1989800.0
2022-07-13,18.06318,18.27189,17.91138,18.00625,2540300.0
2022-07-14,17.91138,19.201610000000002,17.83549,19.16366,3278500.0
2022-07-15,19.429299999999998,19.46725,18.860080000000004,19.12572,2921400.0
2022-07-18,19.46725,19.46725,19.12572,19.27751,3877600.0
2022-07-19,19.27751,19.50519,18.93598,19.23956,4850800.0
2022-07-20,19.52804,19.98123,19.32205,19.98123,2350700.0
2022-07-21,19.77523,20.39321,19.610439999999997,19.77523,2665200.0
2022-07-22,19.85763,20.10482,18.95127,18.95127,2875000.0
2022-07-25,18.044900000000002,18.74527,18.044900000000002,18.127299999999998,2681600.0
2022-07-26,18.37449,18.95127,18.1479,18.55988,1691200.0
2022-07-27,18.55988,19.11606,18.55988,19.11606,1106400.0
2022-07-28,19.36325,19.44565,19.157259999999997,19.342650000000003,2883800.0
2022-07-29,19.36325,19.46625,18.35389,18.37449,5197900.0
2022-08-01,18.827669999999998,18.827669999999998,18.47748,18.72467,1905100.0
2022-08-02,18.93067,19.32205,18.72467,19.157259999999997,1840500.0
2022-08-03,18.889470000000003,19.98123,18.80707,19.919430000000002,4525000.0
2022-08-04,19.98123,20.12542,19.52804,19.56924,2255000.0
2022-08-05,19.46625,19.65164,19.19846,19.56924,2124900.0
2022-08-08,19.610439999999997,20.10482,19.54864,20.022419999999997,3355000.0
2022-08-09,20.26961,20.39321,19.94003,20.06362,2476800.0
2022-08-10,20.022419999999997,20.022419999999997,19.56924,19.56924,2307200.0
2022-08-11,19.77523,19.85763,19.19846,19.19846,2406500.0
2022-08-12,19.36325,19.50744,19.11606,19.32205,1380800.0
2022-08-15,19.44565,19.98123,19.44565,19.73404,1784600.0
2022-08-16,19.73404,19.960630000000002,19.56924,19.69284,2250000.0
2022-08-17,19.85763,19.85763,19.36325,19.44565,2163900.0
2022-08-18,19.38385,19.754630000000002,19.38385,19.52804,1805200.0
2022-08-19,19.58984,19.73404,19.23965,19.32205,1537500.0
2022-08-22,19.280849999999997,19.40445,18.78647,18.868869999999998,2117100.0
2022-08-23,18.704069999999998,19.11606,18.62168,19.05426,2403900.0
2022-08-24,19.42505,19.98123,19.157259999999997,19.69284,3754700.0
2022-08-25,19.94003,21.05238,19.81643,21.05238,5963300.0
2022-08-26,21.42317,21.835150000000002,21.05238,21.21718,4631100.0
2022-08-29,21.42317,22.659119999999998,21.258380000000002,22.659119999999998,7768000.0
2022-08-30,23.277099999999997,23.277099999999997,22.41193,22.535529999999998,4078600.0
2022-08-31,22.535529999999998,22.86511,22.28834,22.45313,3989600.0
2022-09-05,22.617919999999998,23.3183,22.45313,22.659119999999998,4240100.0
2022-09-06,22.74152,23.07111,21.835150000000002,21.835150000000002,5485200.0
2022-09-07,21.42317,22.123540000000002,20.80519,21.093580000000003,5621900.0
2022-09-08,21.42317,21.91755,20.764,21.42317,4184100.0
2022-09-09,21.670360000000002,22.123540000000002,21.05238,22.123540000000002,3327800.0
2022-09-12,22.32953,22.659119999999998,21.54676,21.62916,3738393.0
2022-09-13,21.87635,21.999950000000002,21.29957,21.670360000000002,3546236.0
2022-09-14,21.34077,21.58796,21.17598,21.34077,3225933.0
2022-09-15,21.670360000000002,22.28834,21.58796,21.711560000000002,2750815.0
2022-09-16,21.670360000000002,21.79396,21.13478,21.46437,2562639.0
2022-09-19,21.42317,21.42317,19.98123,19.98123,5284565.0
2022-09-20,20.39321,20.7228,19.54864,20.6816,3016269.0
2022-09-21,20.39321,20.6816,20.22842,20.331409999999998,1618916.0
2022-09-22,20.18722,20.84639,20.084220000000002,20.6816,2851493.0
2022-09-23,20.7228,21.13478,20.39321,20.39321,2631777.0
2022-09-26,19.795830000000002,20.14602,18.97186,19.157259999999997,4145318.0
2022-09-27,19.54864,19.71344,19.17786,19.32205,2417337.0
2022-09-28,19.36325,19.71344,19.17786,19.48684,2107164.0
2022-09-29,19.71344,19.94003,18.25089,18.55988,2644345.0
2022-09-30,18.55988,19.73404,17.921310000000002,19.30145,4031247.0
2022-10-03,19.23965,19.280849999999997,17.9625,17.9625,3473585.0
2022-10-04,18.31269,18.31269,16.72655,17.09734,3655333.0
2022-10-05,17.262130000000003,18.23029,17.09734,17.859509999999997,3465888.0
2022-10-06,18.31269,18.31269,17.50932,17.591720000000002,3340533.0
2022-10-07,17.715310000000002,17.715310000000002,16.37637,16.89135,5492111.0
2022-10-10,16.76775,18.0655,16.76775,18.0655,2303840.0
2022-10-11,18.127299999999998,18.78647,17.880110000000002,17.921310000000002,4370212.0
2022-10-12,18.044900000000002,19.157259999999997,18.044900000000002,19.157259999999997,3420197.0
2022-10-13,19.26025,19.36325,18.889470000000003,19.19846,2934166.0
2022-10-14,19.73404,19.87823,19.44565,19.56924,2930819.0
2022-10-17,19.42505,20.18722,19.157259999999997,20.18722,3284335.0
2022-10-18,20.5168,20.5168,19.65164,19.83703,3090406.0
2022-10-19,19.77523,20.06362,19.54864,19.77523,1888613.0
2022-10-20,19.81643,19.919430000000002,18.992459999999998,19.36325,2285232.0
2022-10-21,19.36325,19.46625,18.0243,18.0861,3394225.0
2022-10-24,18.20969,18.64228,17.303330000000003,17.303330000000003,2354939.0
2022-10-25,17.55052,18.49808,17.09734,18.49808,3342068.0
2022-10-26,18.74527,18.74527,17.9625,18.33329,1226004.0
2022-10-27,18.33329,18.95127,18.044900000000002,18.95127,3588936.0
2022-10-28,19.23965,19.23965,18.33329,18.33329,2606589.0
2022-10-31,18.33329,18.45688,17.529919999999997,17.83891,2855105.0
2022-11-01,18.127299999999998,18.47748,17.9831,17.9831,1665157.0
2022-11-02,18.127299999999998,18.127299999999998,16.76775,16.99434,4505532.0
2022-11-03,16.89135,17.529919999999997,16.89135,17.303330000000003,1772685.0
2022-11-04,17.22093,17.50932,16.66475,16.850150000000003,1774949.0
2022-11-07,16.93254,17.241529999999997,16.76775,16.850150000000003,1925802.0
2022-11-08,17.01494,17.262130000000003,16.74715,17.15913,1293535.0
2022-11-09,17.50932,17.715310000000002,17.262130000000003,17.303330000000003,2387105.0
2022-11-10,17.303330000000003,17.303330000000003,16.10858,16.10858,3946611.0
2022-11-11,16.68535,16.76775,16.31457,16.39696,2263717.0
2022-11-14,15.655389999999999,16.06738,15.26401,15.28461,3661438.0
2022-11-15,14.46064,14.50184,14.23405,14.23405,1026033.0
2022-11-16,13.24529,15.222809999999999,13.24529,15.222809999999999,4993656.0
2022-11-17,15.61419,16.14977,15.3876,15.531799999999999,1390583.0
2022-11-18,15.5524,15.573,14.46064,15.243409999999999,2902266.0
2022-11-21,15.28461,15.47,14.62543,14.831430000000001,1671083.0
2022-11-22,14.66663,15.367,14.46064,14.831430000000001,2292568.0
2022-11-23,14.831430000000001,15.181610000000001,14.58423,14.93442,1260089.0
2022-11-24,14.831430000000001,15.05802,14.66663,15.037420000000001,1181054.0
2022-11-25,15.243409999999999,15.4906,15.09921,15.4906,1455019.0
2022-11-28,15.82019,16.31457,15.61419,16.087979999999998,2434618.0
2022-11-29,16.27337,16.80895,15.92318,16.68535,2442164.0
2022-11-30,17.01494,17.01494,16.47936,16.850150000000003,1836863.0
2022-12-01,16.973740000000003,17.03554,16.046780000000002,16.19097,3349448.0
2022-12-02,16.06738,17.17973,15.69659,17.01494,3176419.0
2022-12-05,17.09734,17.715310000000002,16.70595,16.911939999999998,2183967.0
2022-12-06,16.76775,18.0861,16.37637,17.42692,4229665.0
2022-12-07,17.42692,17.921310000000002,17.138540000000003,17.50932,1880038.0
2022-12-08,18.33329,18.33329,17.42692,17.73591,2703520.0
2022-12-09,17.90071,18.0655,17.50932,17.69471,1014949.0
2022-12-12,17.69471,18.1067,17.50932,17.715310000000002,1724874.0
2022-12-13,17.715310000000002,18.127299999999998,17.42692,17.921310000000002,1106835.0
2022-12-14,18.127299999999998,18.66288,17.9419,18.127299999999998,2048656.0
2022-12-15,18.127299999999998,18.31269,17.79771,18.127299999999998,977216.0
2022-12-16,17.63292,18.1067,17.63292,17.83891,1773395.0
2022-12-19,17.880110000000002,18.127299999999998,17.73591,17.83891,1078317.0
2022-12-20,17.83891,18.33329,17.117939999999997,18.33329,3168462.0
2022-12-21,18.33329,18.33329,17.63292,18.0861,893585.0
2022-12-22,18.1685,18.1685,17.529919999999997,18.003700000000002,765505.0
2022-12-23,17.715310000000002,18.003700000000002,17.591720000000002,17.79771,724266.0
2022-12-26,17.591720000000002,17.77711,16.911939999999998,17.241529999999997,1262220.0
2022-12-27,17.241529999999997,17.715310000000002,17.05614,17.715310000000002,1210723.0
2022-12-28,18.044900000000002,18.044900000000002,17.529919999999997,17.81831,1167966.0
2022-12-29,17.73591,17.79771,17.55052,17.715310000000002,776177.0
2022-12-30,17.715310000000002,17.715310000000002,17.50932,17.69471,1030131.0
2023-01-03,17.715310000000002,18.127299999999998,17.50932,17.9419,1990307.0
2023-01-04,17.9419,18.80707,17.9419,18.539279999999998,4067181.0
2023-01-05,18.74527,18.78647,18.25089,18.37449,1552550.0
2023-01-06,18.49808,18.49808,17.46812,17.46812,3220972.0
2023-01-09,17.55052,17.67411,17.28273,17.34453,1512662.0
2023-01-10,17.38573,17.38573,17.07674,17.34453,1278551.0
2023-01-11,17.48872,17.48872,17.15913,17.15913,1253852.0
2023-01-12,17.303330000000003,17.303330000000003,16.72655,16.829549999999998,1561638.0
2023-01-13,16.89135,17.138540000000003,16.850150000000003,16.93254,749667.0
2023-01-16,16.93254,17.262130000000003,16.89135,16.89135,1083138.0
2023-01-17,17.05614,17.303330000000003,16.93254,17.303330000000003,1214733.0
2023-01-18,17.32393,17.48872,17.262130000000003,17.38573,1167931.0
2023-01-19,17.38573,17.50932,17.28273,17.40633,1020972.0
2023-01-27,17.67411,17.69471,17.42692,17.42692,1161161.0
2023-01-30,17.55052,17.921310000000002,17.32393,17.81831,1817796.0
2023-01-31,17.880110000000002,18.33329,17.81831,18.003700000000002,2508790.0
2023-02-01,18.27149,18.27149,17.15913,17.36513,3268097.0
2023-02-02,17.42692,17.65352,17.36513,17.55052,1503196.0
2023-02-03,17.55052,17.81831,17.55052,17.63292,1472672.0
2023-02-06,17.79771,17.9625,17.67411,17.75651,3071919.0
2023-02-07,17.83891,17.90071,17.44752,17.57112,1187312.0
2023-02-08,17.65352,17.79771,17.28273,17.79771,2954874.0
2023-02-09,17.81831,17.9419,17.55052,17.55052,1137898.0
2023-02-10,17.63292,17.63292,17.262130000000003,17.262130000000003,1324159.0
2023-02-13,17.529919999999997,17.859509999999997,17.28273,17.529919999999997,2855261.0
2023-02-14,17.67411,17.715310000000002,17.50932,17.55052,1169933.0
2023-02-15,17.591720000000002,17.79771,17.591720000000002,17.77711,2310026.0
2023-02-16,17.82252,18.04956,17.66359,17.709,1778076.0
2023-02-17,17.73171,17.75441,17.25492,17.277630000000002,1636014.0
2023-02-20,17.096,17.43656,17.02789,17.43656,2744762.0
2023-02-21,17.572779999999998,17.61819,17.02789,17.02789,2921510.0
2023-02-22,16.800849999999997,16.891659999999998,16.39218,16.39218,2825245.0
2023-02-23,16.39218,16.57381,15.665659999999999,15.89269,2522328.0
2023-02-24,16.09703,16.39218,15.9154,16.255959999999998,1908215.0
2023-02-27,15.89269,16.255959999999998,15.82458,15.82458,925422.0
2023-02-28,16.09703,16.09703,15.3251,15.89269,1858061.0
2023-03-01,15.665659999999999,15.847290000000001,15.50673,15.82458,1069486.0
2023-03-02,15.86999,16.00621,15.801879999999999,15.82458,942167.0
2023-03-03,15.960809999999999,15.960809999999999,15.52943,15.75647,1118749.0
2023-03-06,15.89269,15.89269,15.50673,15.57484,1115893.0
2023-03-07,15.665659999999999,15.71106,15.302389999999999,15.43862,1172796.0
2023-03-08,15.3478,15.43862,15.21158,15.43862,838394.0
2023-03-09,15.43862,15.52943,15.37051,15.50673,1185146.0
2023-03-10,15.43862,15.9154,15.43862,15.665659999999999,1401627.0
2023-03-13,15.55214,15.73377,15.461319999999999,15.50673,914140.0
2023-03-14,15.55214,15.59754,14.98454,15.07536,1459176.0
2023-03-15,15.39321,15.39321,15.12076,15.3478,1033403.0
2023-03-16,15.3251,15.3251,14.98454,15.029950000000001,980096.0
2023-03-17,15.12076,15.39321,15.05265,15.39321,1982826.0
2023-03-20,15.27969,15.3251,15.00724,15.21158,853533.0
2023-03-21,15.3251,15.3478,15.07536,15.25699,1019809.0
2023-03-22,15.3478,15.43862,15.27969,15.27969,1602520.0
2023-03-23,15.25699,15.41591,15.16617,15.41591,1170787.0
2023-03-24,15.484020000000001,15.484020000000001,15.302389999999999,15.302389999999999,810848.0
2023-03-27,15.302389999999999,15.41591,15.27969,15.3478,1024025.0
2023-03-28,15.37051,15.43862,15.21158,15.25699,1239948.0
2023-03-29,15.302389999999999,15.3478,15.188870000000001,15.27969,791150.0
2023-03-30,15.3478,15.43862,15.25699,15.27969,886716.0
2023-03-31,15.27969,15.3478,15.05265,15.12076,1229048.0
2023-04-03,15.21158,15.57484,15.21158,15.55214,2313641.0
2023-04-04,15.57484,16.02892,15.484020000000001,15.77917,2701213.0
2023-04-05,15.75647,16.02892,15.688360000000001,15.9381,1957384.0
2023-04-06,15.9381,17.05059,15.9381,16.800849999999997,6151821.0
2023-04-07,16.39218,16.75544,16.11973,16.30136,2916768.0
2023-04-10,16.34677,16.43759,15.43862,15.73377,3714065.0
2023-04-11,15.89269,15.89269,15.52943,15.75647,1761759.0
2023-04-12,15.847290000000001,16.09703,15.73377,15.77917,1852432.0
2023-04-13,15.89269,16.05162,15.801879999999999,15.960809999999999,2416849.0
2023-04-14,16.02892,16.255959999999998,15.57484,15.57484,2142524.0
2023-04-17,15.43862,15.665659999999999,15.43862,15.52943,1157884.0
2023-04-18,15.52943,15.62025,15.43862,15.57484,935672.0
2023-04-19,15.57484,15.665659999999999,15.43862,15.57484,1159550.0
2023-04-20,15.57484,15.665659999999999,15.484020000000001,15.484020000000001,806495.0
2023-04-21,15.52943,15.57484,15.25699,15.302389999999999,1815803.0
2023-04-24,15.39321,15.39321,15.05265,15.05265,1268368.0
2023-04-25,15.05265,15.21158,14.98454,15.029950000000001,1292717.0
2023-04-26,14.98454,15.029950000000001,14.59857,14.7575,1779603.0
2023-04-27,14.96184,15.484020000000001,14.80291,15.27969,1375521.0
2023-04-28,15.27969,15.39321,15.25699,15.25699,1187117.0
2023-05-04,15.21158,15.27969,14.89372,14.89372,1489869.0
2023-05-05,14.80291,14.98454,14.80291,14.84832,733949.0
2023-05-08,14.87102,15.188870000000001,14.80291,14.96184,1490910.0
2023-05-09,15.12076,15.12076,14.96184,14.98454,668053.0
2023-05-10,15.12076,15.12076,14.939129999999999,14.96184,1394351.0
2023-05-11,14.98454,15.37051,14.98454,15.16617,2279200.0
2023-05-12,15.27969,15.27969,15.029950000000001,15.12076,1509602.0
2023-05-15,15.21158,15.25699,14.98454,15.029950000000001,1240560.0
2023-05-16,15.05265,15.07536,14.780209999999999,14.84832,2604177.0
2023-05-17,14.84832,15.05265,14.80291,14.98454,1749038.0
2023-05-18,15.00724,15.029950000000001,14.84832,14.89372,799613.0
2023-05-19,14.84832,14.91643,14.59857,14.59857,2566769.0
2023-05-22,14.43965,14.485059999999999,14.12179,14.21261,4564248.0
2023-05-23,14.41694,14.68939,14.34883,14.46235,2601416.0
2023-05-24,14.57587,14.57587,14.21261,14.21261,2035516.0
2023-05-25,14.21261,14.280719999999999,14.09909,14.167200000000001,1787642.0
2023-05-26,14.21261,14.46235,14.21261,14.303420000000001,1122986.0
2023-05-29,14.32613,14.43965,14.23531,14.23531,2424939.0
2023-05-30,14.23531,14.57587,14.23531,14.53046,2617867.0
2023-05-31,14.57587,14.62128,14.43965,14.485059999999999,1838402.0
2023-06-01,14.46235,14.53046,14.303420000000001,14.34883,1934497.0
2023-06-02,14.43965,14.68939,14.34883,14.643979999999999,4360201.0
2023-06-05,14.84832,15.16617,14.780209999999999,15.029950000000001,3295004.0
2023-06-06,15.05265,15.21158,14.84832,14.89372,2527619.0
2023-06-07,15.029950000000001,15.21158,14.939129999999999,15.07536,3420688.0
2023-06-08,15.302389999999999,15.37051,14.939129999999999,14.939129999999999,3551712.0
2023-06-09,14.84832,15.143469999999999,14.84832,15.12076,2694706.0
2023-06-12,15.3251,15.3478,15.00724,15.16617,2402838.0
2023-06-13,15.27969,15.3251,15.029950000000001,15.12076,2403881.0
2023-06-14,15.25699,15.25699,14.98454,14.98454,2045308.0
2023-06-15,14.98454,15.07536,14.780209999999999,14.80291,2918187.0
2023-06-16,14.91643,15.07536,14.780209999999999,14.80291,3073038.0
2023-06-19,14.80291,15.00724,14.80291,14.84832,1628025.0
2023-06-20,14.84832,14.96184,14.84832,14.96184,901755.0
2023-06-21,14.98454,15.188870000000001,14.939129999999999,15.07536,1950886.0
2023-06-22,15.21158,15.59754,15.07536,15.59754,5592518.0
2023-06-23,15.62025,15.64295,15.37051,15.59754,3081757.0
2023-06-26,15.665659999999999,16.05162,15.59754,15.9381,5797833.0
2023-06-27,16.02892,16.07432,15.82458,15.9381,2911895.0
2023-06-28,16.07432,16.34677,15.89269,16.16514,3619436.0
2023-06-29,16.255959999999998,16.255959999999998,15.82458,15.82458,3816093.0
2023-06-30,15.801879999999999,15.9381,15.73377,15.77917,1941929.0
2023-07-03,16.34677,16.5284,16.14244,16.18784,3608880.0
2023-07-04,16.18784,16.23325,15.98351,16.05162,2706133.0
2023-07-05,16.11973,16.36947,16.11973,16.16514,2758539.0
2023-07-06,16.210549999999998,16.255959999999998,15.82458,15.9154,3046584.0
2023-07-07,15.89269,16.210549999999998,15.847290000000001,16.11973,2256902.0
2023-07-10,16.27866,16.71003,16.210549999999998,16.5284,5529233.0
2023-07-11,16.71003,16.846259999999997,16.5284,16.57381,2815565.0
2023-07-12,16.732740000000003,16.93707,16.5057,16.77814,4664539.0
2023-07-13,16.868959999999998,17.096,16.800849999999997,16.846259999999997,2534403.0
2023-07-14,16.846259999999997,16.93707,16.5284,16.75544,3577892.0
2023-07-17,16.75544,16.82355,16.57381,16.64192,2595024.0
2023-07-18,16.800849999999997,16.95977,16.66462,16.82355,2982542.0
2023-07-19,17.02789,17.02789,16.66462,16.66462,2569529.0
2023-07-20,16.687330000000003,16.75544,16.64192,16.66462,2218597.0
2023-07-21,16.687330000000003,17.02789,16.687330000000003,16.98248,2830056.0
2023-07-24,17.02789,17.07329,16.846259999999997,16.98248,2647059.0
2023-07-25,17.00518,17.41385,16.93707,17.18681,3950022.0
2023-07-26,17.277630000000002,17.391150000000003,17.16411,17.23222,2357136.0
2023-07-27,17.323040000000002,17.345740000000003,16.93707,17.07329,3055903.0
2023-07-28,17.18681,17.527369999999998,17.02789,17.527369999999998,4677665.0
2023-07-31,17.958740000000002,18.140369999999997,17.82252,17.936040000000002,5360831.0
2023-08-01,18.07226,18.140369999999997,17.77711,17.77711,3580922.0
2023-08-02,17.77711,17.84522,17.572779999999998,17.77711,2820244.0
2023-08-03,17.66359,17.84522,17.527369999999998,17.527369999999998,3359887.0
2023-08-04,17.572779999999998,18.140369999999997,17.572779999999998,17.84522,2574497.0
2023-08-07,17.84522,17.981450000000002,17.61819,17.709,2591957.0
2023-08-08,17.709,18.02686,17.6863,17.958740000000002,3367740.0
2023-08-09,17.958740000000002,18.02686,17.6863,17.709,2135076.0
2023-08-10,17.75441,17.936040000000002,17.66359,17.73171,2156183.0
2023-08-11,17.91334,18.140369999999997,17.75441,18.117669999999997,3592490.0
2023-08-14,18.2766,18.95771,18.16308,18.61716,4455223.0
2023-08-15,18.662560000000003,19.07123,18.662560000000003,18.844189999999998,2702829.0
2023-08-16,18.95771,18.95771,18.61716,18.844189999999998,2986522.0
2023-08-17,18.844189999999998,18.844189999999998,18.61716,18.61716,3235361.0
2023-08-18,18.61716,18.61716,17.48196,17.73171,5648918.0
2023-08-21,17.75441,18.16308,17.66359,18.140369999999997,4000678.0
2023-08-22,18.21414,18.41052,17.03586,17.84593,2656174.0
2023-08-23,18.01776,18.01776,17.256790000000002,17.28134,3000309.0
2023-08-24,17.33043,17.47772,17.109509999999997,17.47772,3369336.0
2023-08-25,17.47772,17.57591,17.2077,17.23224,4246393.0
2023-08-28,17.42862,18.04231,17.37953,17.796830000000003,4770503.0
2023-08-29,17.944119999999998,17.944119999999998,17.47772,17.649549999999998,3970671.0
2023-08-30,17.72319,17.87047,17.55136,17.74774,3383865.0
2023-08-31,17.82138,18.26323,17.74774,18.1405,5563414.0
2023-09-05,18.336869999999998,18.48416,18.21414,18.336869999999998,2538033.0
2023-09-06,18.655990000000003,18.82782,18.50871,18.582349999999998,4787764.0
2023-09-07,18.68054,18.926009999999998,18.45961,18.582349999999998,5369952.0
2023-09-08,19.53969,19.858810000000002,19.392409999999998,19.858810000000002,5631555.0
2023-09-11,20.12883,20.52159,19.858810000000002,19.858810000000002,7151100.0
2023-09-12,19.834259999999997,19.858810000000002,19.41696,19.736069999999998,5949965.0
2023-09-13,19.858810000000002,20.12883,19.04875,19.269669999999998,6268316.0
2023-09-14,19.19603,19.637880000000003,19.12239,19.269669999999998,4679079.0
2023-09-15,19.34332,19.637880000000003,19.146939999999997,19.22058,2736513.0
2023-09-18,19.24513,19.31877,18.75418,18.87692,3222594.0
2023-09-19,19.09784,19.392409999999998,18.655990000000003,19.19603,3305024.0
2023-09-20,19.31877,19.68698,19.269669999999998,19.392409999999998,2834115.0
2023-09-21,19.41696,19.515150000000002,19.0242,19.0242,3409229.0
2023-09-22,18.705080000000002,18.926009999999998,18.16504,18.38597,5139640.0
2023-09-25,18.45961,18.705080000000002,17.47772,17.649549999999998,3338419.0
2023-09-26,17.72319,18.04231,17.42862,17.6741,3065403.0
2023-09-27,17.6741,18.06685,17.47772,18.06685,2600187.0
2023-09-28,18.16504,18.312330000000003,18.01776,18.16504,2699705.0
2023-09-29,18.43506,18.45961,18.04231,18.11595,2484816.0
2023-10-02,18.41052,18.72963,18.36142,18.5578,2759406.0
2023-10-03,18.312330000000003,18.90146,18.11595,18.655990000000003,4374869.0
2023-10-04,18.312330000000003,19.785169999999997,18.312330000000003,19.294220000000003,6666951.0
2023-10-05,19.392409999999998,19.61334,18.950560000000003,18.950560000000003,2706133.0
2023-10-06,19.146939999999997,19.146939999999997,18.36142,18.68054,4005782.0
2023-10-09,18.68054,19.66243,18.68054,19.392409999999998,4739811.0
2023-10-10,19.61334,19.61334,18.87692,18.999650000000003,4361615.0
2023-10-11,18.999650000000003,19.294220000000003,18.85237,19.294220000000003,3649980.0
2023-10-12,19.31877,19.46605,18.999650000000003,19.12239,2948767.0
2023-10-13,19.04875,19.4415,18.926009999999998,19.4415,4012205.0
2023-10-16,19.53969,20.12883,19.31877,19.785169999999997,6843572.0
2023-10-17,19.858810000000002,19.88336,18.75418,18.75418,3905130.0
2023-10-18,18.85237,18.90146,17.57591,17.6741,7042431.0
2023-10-19,17.6741,17.944119999999998,17.42862,17.52681,2540509.0
2023-10-20,17.47772,17.82138,17.08496,17.82138,2610295.0
2023-10-23,17.82138,17.82138,17.18315,17.305880000000002,1866321.0
2023-10-24,17.52681,17.52681,16.71675,17.08496,3269030.0
2023-10-25,16.937669999999997,17.03586,16.544919999999998,16.544919999999998,4400636.0
2023-10-26,16.34854,16.39763,15.39119,15.51393,5468535.0
2023-10-27,15.489379999999999,16.10306,14.99843,15.661209999999999,2894465.0
2023-10-30,15.661209999999999,15.71031,14.973889999999999,14.973889999999999,1327028.0
2023-10-31,14.973889999999999,15.07208,13.9429,13.9429,3831760.0
2023-11-01,14.21292,14.45839,13.96744,14.16382,2235682.0
2023-11-02,14.60568,15.145719999999999,14.482940000000001,15.145719999999999,2456018.0
2023-11-03,15.68576,15.85759,15.36664,15.51393,4041973.0
2023-11-06,15.68576,15.71031,15.39119,15.61212,1451703.0
2023-11-07,15.61212,16.00488,15.21936,15.39119,3862706.0
2023-11-08,15.36664,16.25035,15.317549999999999,16.12761,2655941.0
2023-11-09,16.20125,16.49582,16.07852,16.12761,2763451.0
2023-11-10,15.85759,16.17671,15.8085,15.85759,2777067.0
2023-11-13,15.88214,16.07852,15.661209999999999,15.7594,2208736.0
2023-11-14,16.029420000000002,16.05397,15.8085,15.98033,1420753.0
2023-11-15,16.20125,16.29944,15.98033,16.10306,2381760.0
2023-11-16,16.10306,16.6922,15.95578,16.64311,3769728.0
2023-11-17,16.7413,16.7413,16.10306,16.20125,2895017.0
2023-11-20,15.906690000000001,16.2258,15.906690000000001,16.15216,1907504.0
2023-11-21,16.29944,16.39763,16.17671,16.39763,1158148.0
2023-11-22,16.39763,16.64311,16.29944,16.47127,1688461.0
2023-11-23,16.6922,16.6922,15.95578,15.95578,2714303.0
2023-11-24,15.95578,16.10306,15.51393,16.10306,2426710.0
2023-11-27,16.10306,16.20125,15.85759,16.029420000000002,946294.0
2023-11-28,16.029420000000002,16.029420000000002,15.661209999999999,15.85759,1323980.0
2023-11-29,16.10306,16.10306,15.88214,16.00488,1001594.0
2023-11-30,16.10306,16.17671,15.906690000000001,16.17671,1388310.0
2023-12-01,16.17671,16.37309,16.07852,16.29944,1681163.0
2023-12-04,16.29944,16.76584,16.29944,16.6922,3150534.0
2023-12-05,16.88858,16.88858,16.42218,16.49582,2162858.0
2023-12-06,16.594009999999997,16.6922,16.49582,16.6922,1845800.0
2023-12-07,16.7413,16.81494,16.32399,16.49582,2421246.0
2023-12-08,16.49582,16.667650000000002,16.44673,16.544919999999998,1305417.0
2023-12-11,16.544919999999998,16.56946,16.39763,16.56946,811721.0
2023-12-12,16.618560000000002,16.76584,16.56946,16.7413,2037775.0
2023-12-13,16.88858,16.937669999999997,16.49582,16.49582,1919958.0
2023-12-14,16.64311,16.64311,16.25035,16.29944,902267.0
2023-12-15,16.29944,16.42218,16.07852,16.07852,1538334.0
2023-12-18,16.10306,16.2258,15.95578,16.10306,803253.0
2023-12-19,16.12761,16.2258,16.00488,16.10306,710032.0
2023-12-20,16.20125,16.2258,16.05397,16.05397,948771.0
2023-12-21,16.10306,16.12761,16.029420000000002,16.07852,689367.0
2023-12-22,16.17671,16.17671,15.95578,15.98033,1527543.0
2023-12-25,15.95578,16.17671,15.95578,16.15216,789907.0
2023-12-26,16.12761,16.34854,16.12761,16.25035,876905.0
2023-12-27,16.34854,16.39763,16.25035,16.39763,1512941.0
2023-12-28,16.39763,16.42218,16.2749,16.2749,964365.0
2023-12-29,16.2749,16.42218,16.2749,16.34854,1052274.0
2024-01-02,16.29944,16.79039,16.29944,16.6922,3944780.0
2024-01-03,16.667650000000002,16.71675,16.544919999999998,16.667650000000002,1530666.0
2024-01-04,16.6922,17.01132,16.64311,16.64311,3035298.0
2024-01-05,16.64311,16.71675,16.37309,16.618560000000002,1618642.0
2024-01-08,16.618560000000002,16.71675,16.49582,16.49582,2177255.0
2024-01-09,16.49582,16.83949,16.2749,16.64311,4028079.0
2024-01-10,16.76584,16.81494,16.42218,16.47127,2351903.0
2024-01-11,16.594009999999997,16.6922,16.39763,16.47127,1764398.0
2024-01-12,16.32399,16.42218,16.00488,16.07852,3698549.0
2024-01-15,16.05397,16.25035,16.05397,16.05397,644710.0
2024-01-16,16.07852,16.20125,16.00488,16.20125,960615.0
2024-01-17,16.25035,16.32399,16.20125,16.32399,1062663.0
2024-01-18,16.37309,16.42218,16.2749,16.32399,982706.0
2024-01-19,16.34854,16.44673,16.20125,16.2258,1705235.0
2024-01-22,16.2749,16.29944,16.10306,16.12761,1200988.0
2024-01-23,16.15216,16.17671,15.95578,16.05397,1940755.0
2024-01-24,16.07852,16.20125,16.00488,16.029420000000002,1110455.0
2024-01-25,16.05397,16.05397,15.83304,15.88214,1609440.0
2024-01-26,15.88214,16.17671,15.88214,16.05397,1200865.0
2024-01-29,16.2749,16.6922,16.2749,16.47127,2586209.0
2024-01-30,16.49582,16.544919999999998,16.34854,16.44673,879642.0
2024-01-31,16.44673,16.44673,16.07852,16.07852,1779124.0
2024-02-01,16.05397,16.29944,15.95578,16.25035,1018546.0
2024-02-02,16.25035,16.44673,16.20125,16.20125,1295823.0
2024-02-05,16.20125,16.37309,16.15216,16.34854,1228413.0
2024-02-06,16.34854,16.56946,16.32399,16.34854,1630232.0
2024-02-07,16.44673,16.81494,16.44673,16.64311,2706935.0
2024-02-15,16.7413,16.83949,16.64311,16.6922,2085097.0
2024-02-16,16.6922,16.86403,16.618560000000002,16.7413,2531438.0
2024-02-19,16.76584,17.42862,16.6922,17.1586,5089030.0
2024-02-20,17.2077,17.2077,16.98677,17.06041,1795465.0
2024-02-21,17.06041,17.35498,17.01132,17.18315,3143663.0
2024-02-22,17.18315,17.23224,16.937669999999997,16.98677,1893652.0
2024-02-23,16.98677,17.109509999999997,16.44673,16.49582,4011425.0
2024-02-26,16.594009999999997,16.937669999999997,16.37309,16.81494,1816011.0
2024-02-27,16.86403,16.98677,16.79039,16.962220000000002,1813317.0
2024-02-28,17.13405,17.50226,16.962220000000002,17.13405,5366040.0
2024-02-29,17.33043,17.33043,16.98677,17.06041,1756410.0
2024-03-01,17.06041,17.33043,16.962220000000002,17.23224,2764876.0
2024-03-04,17.42862,17.42862,17.1586,17.28134,3268278.0
2024-03-05,17.28134,17.57591,17.23224,17.33043,2972088.0
2024-03-06,17.33043,17.35498,17.03586,17.109509999999997,2396938.0
2024-03-07,17.18315,17.649549999999998,17.03586,17.37953,4299649.0
2024-03-08,17.42862,17.77228,17.305880000000002,17.42862,5499352.0
2024-03-11,17.47772,17.82138,17.33043,17.649549999999998,4380624.0
2024-03-12,17.649549999999998,17.649549999999998,17.40407,17.42862,2795310.0
2024-03-13,17.52681,18.38597,17.42862,18.06685,8413090.0
2024-03-14,18.16504,18.16504,17.77228,17.87047,4982031.0
2024-03-15,17.87047,18.1405,17.57591,17.87047,3198215.0
2024-03-18,17.96866,18.01776,16.6922,17.06041,7125601.0
2024-03-19,17.08496,17.28134,16.962220000000002,17.08496,1735564.0
2024-03-20,17.109509999999997,17.256790000000002,17.06041,17.256790000000002,1420212.0
2024-03-21,17.42862,17.453169999999997,17.256790000000002,17.42862,2198253.0
2024-03-22,17.47772,17.55136,17.256790000000002,17.42862,2543800.0
2024-03-25,17.52681,17.69864,17.18315,17.28134,2795325.0
2024-03-26,17.33043,17.6741,16.98677,17.6741,1935634.0
2024-03-27,17.69864,17.74774,17.55136,17.600450000000002,1712981.0
2024-03-28,17.6741,17.944119999999998,17.50226,17.796830000000003,3378696.0
2024-03-29,17.84593,17.89502,17.57591,17.57591,2088945.0
2024-04-01,17.625,17.72319,17.33043,17.453169999999997,3237495.0
2024-04-02,17.453169999999997,17.57591,17.18315,17.57591,2845726.0
2024-04-03,17.625,18.36142,17.625,17.91957,10331943.0
2024-04-04,18.06685,18.11595,17.72319,17.74774,2582490.0
2024-04-05,17.625,17.72319,17.37953,17.37953,2740742.0
2024-04-08,17.37953,17.42862,17.03586,17.03586,3061263.0
2024-04-09,17.08496,17.256790000000002,16.98677,17.256790000000002,1689415.0
2024-04-10,17.37953,17.37953,17.03586,17.03586,1881670.0
2024-04-11,16.913130000000002,17.03586,16.83949,16.913130000000002,1797739.0
2024-04-12,16.937669999999997,17.06041,16.88858,17.03586,1782452.0
2024-04-15,17.08496,17.37953,15.906690000000001,15.906690000000001,3413950.0
2024-04-16,15.95578,16.20125,15.71031,16.07852,2870109.0
2024-04-17,16.20125,16.2749,15.95578,15.95578,1431030.0
2024-04-19,15.73485,15.8085,15.24391,15.317549999999999,2936010.0
2024-04-22,15.71031,15.71031,15.41574,15.51393,1096783.0
2024-04-23,15.51393,15.68576,15.293,15.36664,865581.0
2024-04-24,15.661209999999999,15.7594,15.46483,15.68576,1981147.0
2024-04-25,15.68576,15.68576,15.3421,15.3421,1760877.0
2024-04-26,15.3421,15.53848,15.293,15.51393,1356067.0
2024-05-02,15.661209999999999,16.029420000000002,15.51393,15.98033,1796391.0
2024-05-03,16.15216,16.17671,15.7594,15.88214,984278.0
2024-05-06,15.95578,16.32399,15.95578,16.32399,1562735.0
2024-05-07,16.39763,16.667650000000002,16.29944,16.47127,1916212.0
2024-05-08,16.2749,16.88858,16.20125,16.7413,2625250.0
2024-05-09,16.88858,16.98677,16.56946,16.64311,2594345.0
2024-05-10,16.618560000000002,16.64311,16.39763,16.64311,1669305.0
2024-05-13,16.64311,16.64311,16.2749,16.39763,1345506.0
2024-05-14,16.44673,16.544919999999998,16.29944,16.544919999999998,1185282.0
2024-05-15,16.667650000000002,17.08496,16.56946,17.03586,4025185.0
2024-05-16,17.08496,17.33043,16.962220000000002,17.18315,2744468.0
2024-05-17,17.18315,17.33043,17.109509999999997,17.23224,2587790.0
2024-05-20,17.37953,17.625,17.1586,17.2077,3332998.0
2024-05-21,17.23224,17.96866,17.08496,17.600450000000002,5577781.0
2024-05-22,17.82138,17.82138,17.55136,17.6741,3421850.0
2024-05-23,17.6741,18.312330000000003,17.57591,18.16504,5438575.0
2024-05-24,17.993209999999998,18.0914,17.13405,17.453169999999997,5485670.0
2024-05-27,17.453169999999997,18.01776,17.37953,17.77228,2143042.0
2024-05-28,17.77228,17.91957,17.6741,17.77228,2492988.0
2024-05-29,17.82138,18.21414,17.69864,17.87047,4196399.0
2024-05-30,17.625,17.82138,17.453169999999997,17.6741,2582553.0
2024-05-31,17.57591,17.87047,17.57591,17.6741,1437287.0
2024-06-03,17.87047,18.90146,17.74774,18.90146,13773093.0
2024-06-04,19.09784,19.34332,18.90146,18.950560000000003,5154952.0
2024-06-05,19.04875,19.22058,18.90146,19.07329,5928795.0
2024-06-06,19.146939999999997,19.24513,18.655990000000003,18.90146,5551787.0
2024-06-07,18.97511,19.61334,18.90146,19.12239,5795828.0
2024-06-10,19.09784,19.19603,18.85237,19.04875,3967572.0
2024-06-11,19.17148,19.46605,19.0242,19.146939999999997,5529942.0
2024-06-12,19.146939999999997,19.294220000000003,18.926009999999998,19.07329,3572856.0
2024-06-13,19.17148,19.34332,18.999650000000003,19.04875,4062725.0
2024-06-14,19.04875,19.24513,18.06685,18.06685,8171111.0
2024-06-17,18.06685,18.50871,18.01776,18.312330000000003,4131834.0
2024-06-18,18.60689,18.655990000000003,18.312330000000003,18.36142,3375969.0
2024-06-19,18.41052,19.17148,18.38597,18.53325,5527926.0
2024-06-20,18.5578,18.655990000000003,18.11595,18.312330000000003,3531227.0
2024-06-21,18.45961,18.705080000000002,18.312330000000003,18.336869999999998,3415159.0
2024-06-24,18.26323,18.41052,17.42862,17.50226,5454811.0
2024-06-25,17.600450000000002,17.87047,17.37953,17.87047,2435463.0
2024-06-26,17.91957,18.06685,17.57591,18.06685,2029784.0
2024-06-27,18.06685,18.60689,18.01776,18.16504,2676820.0
2024-06-28,18.16504,18.18959,17.57591,17.72319,2903828.0
2024-07-01,17.77228,17.82138,17.52681,17.77228,1247660.0
2024-07-02,17.91957,18.26323,17.87047,17.87047,1656786.0
2024-07-03,18.06685,18.38597,17.87047,18.18959,2436570.0
2024-07-04,18.312330000000003,18.336869999999998,17.89502,18.16504,2018307.0
2024-07-05,18.18959,18.50871,18.18959,18.38597,4337058.0
2024-07-08,18.5578,19.34332,18.5578,19.07329,7805269.0
2024-07-09,19.19603,19.392409999999998,18.87692,18.90146,5047666.0
2024-07-10,18.999650000000003,19.22058,18.631439999999998,18.631439999999998,6045939.0
2024-07-11,18.85237,18.85237,18.26323,18.336869999999998,4765035.0
2024-07-12,18.336869999999998,18.5578,18.26323,18.38597,2012620.0
2024-07-15,18.45961,18.68054,18.36142,18.43506,1728131.0
2024-07-16,18.45961,18.50871,18.16504,18.18959,2151545.0
2024-07-17,18.312330000000003,18.312330000000003,16.937669999999997,17.28134,6823726.0
2024-07-18,17.42862,17.625,17.23224,17.625,2463297.0
2024-07-19,17.625,17.77228,17.305880000000002,17.42862,1620232.0
2024-07-22,17.42862,17.42862,16.98677,17.08496,2924811.0
2024-07-23,17.109509999999997,17.28134,16.962220000000002,16.962220000000002,1666526.0
2024-07-24,16.83949,17.37953,16.6922,17.08496,2400360.0
2024-07-25,17.109509999999997,17.18315,16.88858,17.18315,664785.0
2024-07-26,17.1586,17.37953,17.1586,17.33043,909438.0
2024-07-29,17.37953,17.77228,17.37953,17.649549999999998,2305787.0
2024-07-30,17.72319,17.72319,17.35498,17.40407,1124546.0
2024-07-31,17.453169999999997,17.625,17.256790000000002,17.33043,1484879.0
2024-08-01,17.50226,17.600450000000002,16.79039,16.913130000000002,3897044.0
2024-08-02,16.79039,17.18315,16.6922,17.18315,1594735.0
2024-08-05,16.71675,17.03586,16.05397,16.05397,3326080.0
2024-08-06,16.20125,16.64311,16.05397,16.52037,2189448.0
2024-08-07,16.6922,17.13405,16.52037,17.08496,1898968.0
2024-08-08,17.03586,17.305880000000002,16.88858,17.06041,1845846.0
2024-08-09,17.256790000000002,17.625,17.18315,17.55136,3202728.0
2024-08-12,17.77228,17.87047,17.57591,17.6741,2698496.0
2024-08-13,17.77228,17.82138,17.50226,17.57591,2587496.0
2024-08-14,17.77228,17.993209999999998,17.6741,17.72319,2516687.0
2024-08-15,17.77228,17.77228,17.50226,17.6741,1837979.0
2024-08-16,17.77228,18.23868,17.6741,18.21414,5727045.0
2024-08-19,18.45961,18.75418,18.26323,18.75418,5866288.0
2024-08-20,18.80327,18.999650000000003,18.68054,18.75418,8498587.0
2024-08-21,18.88457,18.88457,18.70324,18.75505,3940205.0
2024-08-22,18.65143,18.80686,18.34057,18.44419,3402914.0
2024-08-23,18.418290000000002,18.599619999999998,18.31467,18.496,2148844.0
2024-08-26,18.599619999999998,18.599619999999998,18.081529999999997,18.081529999999997,4323861.0
2024-08-27,18.10743,18.36648,18.081529999999997,18.13333,2920950.0
2024-08-28,18.13333,18.23695,17.97791,17.97791,1849813.0
2024-08-29,18.00381,18.18514,17.926099999999998,18.00381,1858183.0
2024-08-30,18.02972,18.28876,18.02972,18.055619999999998,1617350.0
2024-09-04,18.02972,18.18514,17.874290000000002,18.18514,2110870.0
2024-09-05,18.26286,18.28876,17.874290000000002,18.00381,1762841.0
2024-09-06,18.02972,18.625529999999998,17.952,18.625529999999998,4406498.0
2024-09-09,18.4701,18.57372,18.081529999999997,18.36648,2587606.0
2024-09-10,18.496,18.496,18.081529999999997,18.10743,2858178.0
2024-09-11,18.081529999999997,18.23695,17.874290000000002,18.081529999999997,2405491.0
2024-09-12,18.13333,18.57372,18.13333,18.23695,3081199.0
2024-09-13,18.31467,18.52191,18.18514,18.39238,2351488.0
2024-09-16,18.52191,18.858669999999996,18.496,18.496,6640178.0
2024-09-17,18.496,18.547810000000002,18.34057,18.547810000000002,1801589.0
2024-09-18,18.65143,18.65143,18.36648,18.418290000000002,2509740.0
2024-09-19,18.4701,18.52191,18.23695,18.44419,2340178.0
2024-09-20,18.547810000000002,18.72914,18.31467,18.39238,3220286.0
2024-09-23,18.44419,18.70324,18.34057,18.44419,2309061.0
2024-09-24,18.496,18.52191,18.36648,18.44419,1477405.0
2024-09-25,18.496,18.832759999999997,18.44419,18.70324,7228635.0
2024-09-26,18.858669999999996,18.96229,18.57372,18.65143,3919836.0
2024-09-27,18.72914,18.72914,18.496,18.65143,2976645.0
2024-09-30,18.65143,18.70324,18.418290000000002,18.44419,3172651.0
2024-10-01,18.496,18.65143,18.418290000000002,18.418290000000002,3226911.0
2024-10-02,18.44419,18.625529999999998,18.39238,18.4701,2604811.0
2024-10-03,18.57372,18.57372,18.055619999999998,18.21105,4532702.0
2024-10-04,18.23695,18.39238,18.13333,18.18514,1956853.0
2024-10-07,18.26286,18.28876,18.055619999999998,18.13333,2016137.0
2024-10-08,18.18514,18.21105,17.874290000000002,18.02972,3274074.0
2024-10-09,18.081529999999997,18.28876,18.02972,18.28876,1675960.0
2024-10-10,18.21105,18.418290000000002,18.081529999999997,18.081529999999997,2498588.0
2024-10-11,18.13333,18.23695,18.081529999999997,18.23695,795067.0
2024-10-14,18.34057,18.34057,18.055619999999998,18.13333,1884251.0
2024-10-15,18.18514,18.21105,17.90019,17.952,1499104.0
2024-10-16,18.10743,18.10743,17.61524,17.69295,2936790.0
2024-10-17,17.79657,17.874290000000002,17.56343,17.874290000000002,1456568.0
2024-10-18,17.90019,18.00381,17.77067,17.82248,1437818.0
2024-10-21,17.874290000000002,17.874290000000002,17.66705,17.66705,796854.0
2024-10-22,17.66705,17.848380000000002,17.53753,17.66705,1347863.0
2024-10-23,17.56343,17.69295,17.53753,17.64114,1148216.0
2024-10-24,17.64114,17.874290000000002,17.61524,17.64114,1565403.0
2024-10-25,17.71886,17.848380000000002,17.64114,17.64114,882287.0
2024-10-28,17.64114,17.74476,17.58933,17.71886,722840.0
2024-10-29,17.74476,18.13333,17.74476,18.10743,2916005.0
2024-10-30,18.10743,18.10743,17.874290000000002,17.926099999999998,1107420.0
2024-10-31,17.926099999999998,17.97791,17.77067,17.90019,1039005.0
2024-11-01,17.82248,17.82248,17.51162,17.56343,3354019.0
2024-11-04,17.48572,17.58933,17.20076,17.33029,1857107.0
2024-11-05,17.408,17.48572,17.25257,17.33029,724276.0
2024-11-06,17.356189999999998,17.64114,17.356189999999998,17.58933,973373.0
2024-11-07,17.66705,17.66705,17.45981,17.45981,931021.0
2024-11-08,17.45981,17.53753,17.304380000000002,17.356189999999998,2217587.0
2024-11-11,17.408,17.56343,17.27848,17.48572,1536605.0
2024-11-12,17.56343,17.82248,17.53753,17.53753,1798494.0
2024-11-13,17.58933,17.79657,17.408,17.64114,1625135.0
2024-11-14,17.56343,17.79657,17.56343,17.69295,3113693.0
2024-11-15,17.61524,17.77067,17.45981,17.45981,1754388.0
2024-11-18,17.408,17.56343,17.22667,17.48572,1299996.0
2024-11-19,17.48572,17.56343,17.356189999999998,17.356189999999998,936070.0
2024-11-20,17.356189999999998,17.61524,17.09714,17.51162,1688952.0
2024-11-21,17.53753,18.055619999999998,17.408,18.055619999999998,3210480.0
2024-11-22,18.055619999999998,18.44419,17.97791,18.39238,5769466.0
2024-11-25,18.39238,18.4701,18.23695,18.34057,3942551.0
2024-11-26,18.39238,18.91048,18.39238,18.832759999999997,8414251.0
2024-11-27,18.96229,18.98819,18.26286,18.39238,6490984.0
2024-11-28,18.44419,18.52191,18.15924,18.23695,2514976.0
2024-11-29,18.23695,18.52191,18.13333,18.31467,3649846.0
2024-12-02,18.44419,18.52191,18.055619999999998,18.4701,4019921.0
2024-12-03,18.496,18.75505,18.34057,18.57372,3603652.0
2024-12-04,18.599619999999998,18.858669999999996,18.31467,18.547810000000002,8030233.0
2024-12-05,18.44419,18.80686,18.44419,18.80686,3529577.0
2024-12-06,18.832759999999997,19.53219,18.832759999999997,18.91048,8736483.0
2024-12-09,18.91048,19.0141,18.67734,18.72914,4065151.0
2024-12-10,18.72914,18.78095,18.4701,18.599619999999998,3546509.0
2024-12-11,18.67734,18.67734,18.36648,18.4701,2659511.0
2024-12-12,18.496,18.547810000000002,18.34057,18.36648,2103447.0
2024-12-13,18.34057,18.52191,18.26286,18.28876,1740721.0
2024-12-16,18.28876,18.39238,18.15924,18.26286,2022324.0
2024-12-17,18.31467,18.34057,18.10743,18.18514,1772967.0
2024-12-18,18.18514,18.31467,18.00381,18.26286,2541496.0
2024-12-19,18.10743,18.44419,18.02972,18.23695,2379646.0
2024-12-20,18.34057,18.34057,18.15924,18.18514,1579581.0
2024-12-23,18.23695,18.34057,18.13333,18.31467,1813752.0
2024-12-24,18.34057,18.57372,18.21105,18.418290000000002,3097629.0
2024-12-25,18.52191,18.547810000000002,18.28876,18.34057,2539133.0
2024-12-26,18.34057,18.36648,18.23695,18.23695,1851029.0
2024-12-27,18.31467,18.75505,18.15924,18.44419,4327713.0
2024-12-30,18.496,18.65143,18.36648,18.36648,2026727.0
2024-12-31,18.31467,18.44419,18.13333,18.13333,2228966.0
2025-01-02,18.18514,18.36648,18.18514,18.34057,1109841.0
2025-01-03,18.34057,18.599619999999998,18.26286,18.418290000000002,3355895.0
2025-01-06,18.44419,18.52191,17.926099999999998,18.13333,2288528.0
2025-01-07,18.13333,18.21105,17.71886,17.82248,2434970.0
2025-01-08,17.71886,17.926099999999998,17.64114,17.90019,1514326.0
2025-01-09,17.90019,17.926099999999998,17.66705,17.69295,642439.0
2025-01-10,17.69295,17.82248,17.356189999999998,17.356189999999998,2039592.0
2025-01-13,17.304380000000002,17.66705,17.25257,17.66705,1587162.0
2025-01-14,17.77067,17.848380000000002,17.61524,17.61524,631104.0
2025-01-15,17.71886,17.74476,17.58933,17.61524,624132.0
2025-01-16,17.71886,17.82248,17.66705,17.66705,710253.0
2025-01-17,17.74476,17.874290000000002,17.66705,17.77067,709640.0
2025-01-20,17.74476,17.874290000000002,17.69295,17.77067,574971.0
2025-01-21,17.66705,17.82248,17.58933,17.61524,745085.0
2025-01-22,17.64114,17.66705,17.356189999999998,17.356189999999998,873245.0
2025-01-23,17.43391,18.081529999999997,17.43391,17.82248,1355782.0
2025-01-24,17.82248,18.18514,17.82248,17.926099999999998,1293768.0
2025-02-03,17.952,18.28876,17.82248,18.10743,1758754.0
2025-02-04,18.23695,18.36648,18.10743,18.18514,2471279.0
2025-02-05,18.34057,18.418290000000002,18.18514,18.23695,2556712.0
2025-02-06,18.26286,18.52191,18.21105,18.34057,1698950.0
2025-02-07,18.36648,18.39238,18.055619999999998,18.081529999999997,2343556.0
2025-02-10,18.13333,18.18514,17.82248,17.82248,2481400.0
2025-02-11,17.82248,18.00381,17.82248,17.97791,1388862.0
2025-02-12,18.02972,18.23695,17.97791,18.02972,2758874.0
2025-02-13,18.10743,18.96229,18.081529999999997,18.88457,9297945.0
2025-02-14,18.96229,19.06591,18.72914,18.72914,4347657.0
2025-02-17,18.832759999999997,19.24724,18.78095,18.80686,5294864.0
2025-02-18,18.80686,18.858669999999996,18.65143,18.72914,3471660.0
2025-02-19,18.75505,19.117720000000002,18.70324,19.0141,5751787.0
2025-02-20,19.0141,19.376759999999997,18.93638,19.273139999999998,7166613.0
2025-02-21,19.24724,19.35086,19.117720000000002,19.273139999999998,3812081.0
2025-02-24,19.22134,19.273139999999998,18.858669999999996,19.06591,4823878.0
2025-02-25,19.169529999999998,19.584,19.0141,19.22134,5848060.0
2025-02-26,19.42857,19.584,19.22134,19.24724,2752308.0
2025-02-27,19.24724,19.24724,18.91048,19.14362,3458458.0
2025-02-28,19.117720000000002,19.22134,18.96229,19.0141,2574878.0
2025-03-03,19.117720000000002,19.32495,19.0141,19.091810000000002,2074118.0
2025-03-04,19.0141,19.19543,18.88457,19.091810000000002,3303183.0
2025-03-05,19.091810000000002,19.14362,18.80686,18.80686,3364578.0
2025-03-06,18.858669999999996,18.91048,18.67734,18.88457,3371503.0
2025-03-07,18.91048,19.42857,18.88457,19.091810000000002,5381573.0
2025-03-10,19.169529999999998,19.169529999999998,18.91048,19.0141,2234443.0
2025-03-11,18.91048,19.32495,18.91048,19.04,4710478.0
2025-03-12,19.117720000000002,19.117720000000002,18.88457,18.91048,2630439.0
2025-03-13,18.93638,18.96229,18.44419,18.4701,5780178.0
2025-03-14,18.496,18.625529999999998,18.418290000000002,18.4701,2653561.0
2025-03-17,18.599619999999998,18.599619999999998,18.31467,18.496,2048397.0
2025-03-18,18.52191,18.625529999999998,18.496,18.496,1395431.0
2025-03-19,18.496,18.75505,18.4701,18.496,1654703.0
2025-03-20,18.496,18.599619999999998,18.39238,18.44419,1204491.0
2025-03-21,18.599619999999998,18.599619999999998,18.34057,18.36648,1500975.0
2025-03-24,18.39238,18.418290000000002,18.18514,18.23695,1389493.0
2025-03-25,18.31467,18.36648,18.18514,18.26286,1607535.0
2025-03-26,18.31467,18.52191,18.18514,18.34057,1540457.0
2025-03-27,18.31467,18.4701,18.23695,18.26286,945979.0
2025-03-28,18.496,18.70324,18.31467,18.31467,2504427.0
2025-03-31,18.28876,18.31467,17.97791,18.00381,2854751.0
2025-04-01,18.28876,18.36648,18.10743,18.21105,2142478.0
2025-04-02,18.39238,18.547810000000002,18.26286,18.28876,1315812.0
2025-04-03,17.64114,17.874290000000002,17.01943,17.01943,5663868.0
2025-04-04,15.85372,16.55314,15.85372,16.42362,3804671.0
2025-04-08,15.542860000000001,16.00914,15.283809999999999,15.283809999999999,3494082.0
2025-04-09,14.22172,15.33562,14.22172,14.42895,5484534.0
2025-04-10,15.41333,15.41333,15.41333,15.41333,86227.0
2025-04-11,16.47543,16.47543,15.879620000000001,16.47543,4704818.0
2025-04-14,16.57905,17.51162,16.527240000000003,17.356189999999998,3925685.0
2025-04-15,17.356189999999998,17.356189999999998,16.838099999999997,16.96762,2646849.0
2025-04-16,16.838099999999997,17.071240000000003,16.734479999999998,16.812189999999998,1870898.0
2025-04-17,16.734479999999998,16.864,16.57905,16.812189999999998,1465079.0
2025-04-18,16.838099999999997,17.304380000000002,16.838099999999997,17.045330000000003,2247354.0
2025-04-21,17.09714,17.22667,16.88991,17.09714,1049403.0
2025-04-22,16.94172,17.14895,15.90553,16.57905,3937618.0
2025-04-23,17.01943,17.01943,16.708569999999998,16.78629,893707.0
2025-04-24,16.88991,17.071240000000003,16.78629,16.838099999999997,2014714.0
2025-04-25,16.96762,17.01943,16.812189999999998,16.838099999999997,1020763.0
2025-04-28,16.864,17.20076,16.864,17.045330000000003,1254889.0
2025-04-29,16.88991,17.14895,16.88991,16.94172,1193505.0
2025-05-05,17.045330000000003,17.82248,17.045330000000003,17.66705,3270754.0
2025-05-06,17.66705,17.82248,17.356189999999998,17.356189999999998,2114188.0
2025-05-07,17.408,17.79657,17.408,17.56343,1832181.0
2025-05-08,17.58933,17.82248,17.408,17.71886,2240956.0
2025-05-09,17.64114,17.71886,17.51162,17.56343,790012.0
2025-05-12,17.56343,17.58933,17.382099999999998,17.56343,1211438.0
2025-05-13,17.77067,17.77067,17.53753,17.56343,1383402.0
2025-05-14,17.61524,17.848380000000002,17.45981,17.69295,1762409.0
2025-05-15,17.71886,17.874290000000002,17.58933,17.74476,1653045.0
2025-05-16,17.848380000000002,17.926099999999998,17.53753,17.53753,1767003.0
2025-05-19,17.53753,17.66705,17.33029,17.408,2033528.0
2025-05-20,17.33029,17.51162,17.33029,17.48572,1285971.0
2025-05-21,17.51162,17.51162,17.20076,17.304380000000002,1496339.0
2025-05-22,17.25257,17.56343,17.22667,17.304380000000002,2868724.0
2025-05-23,17.27848,17.66705,17.22667,17.408,2370743.0
2025-05-26,17.45981,17.77067,17.09714,17.77067,2886245.0
2025-05-27,17.79657,17.926099999999998,17.48572,17.58933,2997843.0
2025-05-28,17.74476,17.77067,17.51162,17.61524,2262163.0
2025-05-29,17.71886,17.71886,17.408,17.45981,2346016.0
2025-05-30,17.45981,17.61524,17.25257,17.27848,3686412.0
2025-06-02,17.27848,17.43391,17.071240000000003,17.33029,3327952.0
2025-06-03,17.356189999999998,17.74476,17.356189999999998,17.69295,4317246.0
2025-06-04,17.74476,17.77067,17.51162,17.56343,2104438.0
2025-06-05,17.56343,17.69295,17.51162,17.51162,1851575.0
2025-06-06,17.61524,17.61524,17.408,17.408,2017283.0
2025-06-09,17.408,17.66705,17.356189999999998,17.51162,1664930.0
2025-06-10,17.51162,18.26286,17.48572,18.055619999999998,6958811.0
2025-06-11,18.10743,18.18514,17.874290000000002,17.97791,1791165.0
2025-06-12,17.97791,18.39238,17.97791,18.18514,4631171.0
2025-06-13,18.21105,18.57372,18.10743,18.44419,7254361.0
2025-06-16,18.78095,19.117720000000002,18.75505,18.832759999999997,5962037.0
2025-06-17,18.91048,19.946669999999997,18.625529999999998,19.86895,11407949.0
2025-06-18,19.97257,20.128,19.60991,19.843049999999998,7109034.0
2025-06-19,19.946669999999997,20.30934,19.73943,20.05029,6385989.0
2025-06-20,20.05029,20.07619,19.81714,19.86895,3110747.0
2025-06-23,20.05029,20.412950000000002,19.53219,19.73943,8395231.0
2025-06-24,19.53219,19.765340000000002,19.42857,19.73943,5138463.0
2025-06-25,19.635810000000003,19.661720000000003,19.42857,19.42857,4742296.0
2025-06-26,19.45448,19.73943,19.402669999999997,19.68762,3503028.0
2025-06-27,19.843049999999998,19.843049999999998,19.53219,19.584,2586875.0
2025-06-30,19.635810000000003,19.99848,19.635810000000003,19.946669999999997,3894791.0
2025-07-01,20.05029,20.28343,19.73943,19.89486,3710974.0
2025-07-02,19.843049999999998,20.30934,19.843049999999998,20.1021,4454691.0
2025-07-03,20.1021,20.28343,19.791240000000002,19.946669999999997,5407406.0
2025-07-04,19.99848,20.15391,19.81714,19.920759999999998,3449917.0
2025-07-07,20.25753,20.620189999999997,20.02438,20.1021,5382119.0
2025-07-08,20.23162,20.25753,19.99848,20.15391,2550405.0
2025-07-09,20.30934,20.36114,19.99848,20.05029,4154275.0
2025-07-10,20.17981,20.20572,20.02438,20.05029,2735985.0
2025-07-11,20.17981,20.335240000000002,19.97257,20.02438,5593935.0
2025-07-14,20.17981,20.25753,19.99848,20.20572,6607050.0
2025-07-15,20.475939999999998,20.98784,20.20652,20.50289,5947534.0
2025-07-16,20.79925,20.85313,20.58371,20.6376,4630090.0
2025-07-17,20.82619,20.960900000000002,20.664540000000002,20.79925,4794286.0
2025-07-18,20.85313,20.90702,20.61065,20.664540000000002,3809129.0
2025-07-21,21.01479,21.607509999999998,20.880080000000003,21.41892,9831825.0
2025-07-22,21.63445,21.82305,21.580569999999998,21.76916,5513646.0
2025-07-23,21.93081,22.84684,21.82305,22.52354,6681628.0
2025-07-24,22.52354,22.577419999999996,22.11941,22.11941,4810881.0
2025-07-25,22.28106,22.496599999999997,22.06552,22.25412,3958505.0
2025-07-28,22.496599999999997,22.55048,22.22718,22.388830000000002,5219950.0
2025-07-29,22.415770000000002,22.87379,21.33809,21.33809,9729563.0
2025-07-30,21.82305,22.36189,21.553630000000002,22.36189,6862490.0
2025-07-31,22.631310000000003,22.87379,21.93081,22.092470000000002,6755079.0
2025-08-01,22.36189,22.577419999999996,21.82305,22.33494,4493044.0
2025-08-04,22.55048,22.87379,22.52354,22.577419999999996,5958931.0
2025-08-05,22.631310000000003,22.79296,22.092470000000002,22.25412,7879279.0
2025-08-06,22.415770000000002,23.68205,22.33494,23.250970000000002,9918557.0
2025-08-07,24.858759999999997,24.858759999999997,24.858759999999997,24.858759999999997,4016246.0
2025-08-08,26.590919999999997,26.590919999999997,26.590919999999997,26.590919999999997,3227045.0
2025-08-11,27.995369999999998,27.995369999999998,26.029139999999998,26.356840000000002,17702756.0
2025-08-12,26.40366,27.105880000000003,26.40366,26.965439999999997,7549962.0
2025-08-13,26.965439999999997,27.105880000000003,26.684549999999998,26.825,5418706.0
2025-08-14,27.05907,27.105880000000003,26.356840000000002,26.45048,7255569.0
2025-08-15,26.49729,26.965439999999997,26.26322,26.310029999999998,4441803.0
2025-08-18,26.310029999999998,27.90174,26.2164,26.87181,8895317.0
2025-08-19,26.91862,27.05907,26.40366,26.45048,5882619.0
2025-08-20,26.45048,26.590919999999997,24.858759999999997,25.74825,7348124.0
2025-08-21,25.74825,26.12277,25.420540000000003,25.56099,4322136.0
2025-08-22,25.18647,25.74825,24.57788,24.624689999999998,5511188.0
2025-08-25,24.90558,25.326919999999998,24.343799999999998,24.343799999999998,3350820.0
2025-08-26,24.39062,25.18647,24.39062,25.046020000000002,2219944.0
2025-08-27,25.37373,25.37373,24.90558,25.046020000000002,3370725.0
2025-08-28,25.13966,25.280099999999997,24.9524,24.9524,2035615.0
2025-08-29,25.23328,25.46736,24.999209999999998,24.999209999999998,2756527.0
2025-09-03,24.999209999999998,25.46736,24.71832,24.9524,4597973.0
2025-09-04,24.999209999999998,25.23328,24.9524,25.23328,4259558.0
2025-09-05,25.46736,26.310029999999998,25.420540000000003,25.56099,7754629.0
2025-09-08,25.56099,25.8887,24.76514,24.81195,4298794.0
2025-09-09,24.999209999999998,24.999209999999998,24.39062,24.71832,3510921.0
2025-09-10,24.81195,24.9524,24.484240000000003,24.6715,2107566.0
2025-09-11,24.71832,24.76514,24.109720000000003,24.57788,2628664.0
2025-09-12,24.76514,25.13966,24.624689999999998,24.9524,2046037.0
2025-09-15,25.046020000000002,25.654619999999998,24.9524,25.654619999999998,4721377.0
2025-09-16,25.8887,26.029139999999998,25.654619999999998,25.74825,5025560.0
2025-09-17,25.74825,25.935509999999997,25.18647,25.18647,2974277.0
2025-09-18,25.09284,25.37373,24.76514,24.858759999999997,2144768.0
2025-09-19,24.858759999999997,25.09284,24.15654,24.15654,4851047.0
2025-09-22,24.484240000000003,24.6715,24.20336,24.20336,2094294.0
2025-09-23,24.43743,24.53106,24.20336,24.343799999999998,949484.0
2025-09-24,24.343799999999998,24.6715,24.20336,24.53106,1563726.0
2025-09-25,24.6715,25.09284,24.624689999999998,24.9524,1562487.0
2025-09-26,24.999209999999998,25.09284,24.57788,24.57788,1638242.0
2025-09-29,24.624689999999998,24.624689999999998,24.343799999999998,24.343799999999998,1572637.0
2025-09-30,24.06291,24.109720000000003,23.26706,23.50113,11703647.0
2025-10-01,23.50113,23.68839,23.36068,23.4075,3965182.0
2025-10-02,23.50113,23.64158,22.330759999999998,22.330759999999998,8481376.0
2025-10-03,22.330759999999998,22.84572,22.330759999999998,22.51802,4988419.0
2025-10-06,22.70528,23.0798,22.56483,23.03298,4831967.0
2025-10-07,23.313869999999998,23.313869999999998,22.51802,22.51802,3738699.0
2025-10-08,22.939349999999997,22.939349999999997,22.4712,22.56483,2843114.0
2025-10-09,22.658459999999998,22.7989,22.51802,22.56483,3663422.0
2025-10-10,22.84572,23.12661,22.611639999999998,22.89254,3975134.0
2025-10-13,22.84572,22.84572,22.42438,22.658459999999998,4659965.0
2025-10-14,22.658459999999998,22.84572,22.37757,22.42438,5776681.0
2025-10-15,22.4712,22.51802,21.862599999999997,21.909419999999997,8845715.0
2025-10-16,22.04986,22.330759999999998,21.76898,22.330759999999998,3913308.0
2025-10-17,22.37757,22.42438,21.67534,21.67534,6062347.0
2025-10-20,21.67534,22.1435,20.69223,20.73905,5353244.0
2025-10-21,20.83268,21.72216,20.78586,21.72216,5039686.0
2025-10-22,21.72216,22.003049999999998,21.44127,22.003049999999998,3778894.0
2025-10-23,22.003049999999998,22.1435,21.628529999999998,21.81579,1658984.0
2025-10-24,21.81579,21.909419999999997,21.39446,21.5349,1803497.0
2025-10-27,21.72216,22.330759999999998,21.48808,22.09668,5458918.0
2025-10-28,22.09668,22.19031,21.81579,22.19031,3233740.0
2025-10-29,22.4712,22.70528,22.330759999999998,22.42438,4508523.0
2025-10-30,22.4712,22.658459999999998,22.330759999999998,22.4712,2789219.0
2025-10-31,22.4712,22.89254,22.42438,22.4712,5216543.0
2025-11-03,22.51802,22.611639999999998,21.72216,21.72216,3768296.0
2025-11-04,21.72216,22.19031,21.16038,22.19031,4563295.0
2025-11-05,22.37757,23.36068,22.19031,23.313869999999998,12037812.0
2025-11-06,23.36068,23.36068,22.84572,22.89254,3932574.0
2025-11-07,22.89254,23.173419999999997,22.003049999999998,22.1435,5480504.0
2025-11-10,22.19031,22.37757,21.81579,21.81579,3615221.0
2025-11-11,21.95624,22.09668,21.58172,21.72216,2727314.0
2025-11-12,22.003049999999998,22.1435,21.81579,22.09668,2173618.0
2025-11-13,22.330759999999998,23.0798,22.237119999999997,22.42438,5928140.0
2025-11-14,22.330759999999998,22.56483,22.237119999999997,22.330759999999998,2413363.0
2025-11-17,22.51802,22.89254,22.330759999999998,22.7989,3944907.0
2025-11-18,22.939349999999997,22.939349999999997,22.42438,22.611639999999998,3467772.0
2025-11-19,22.611639999999998,23.547939999999997,22.611639999999998,22.89254,11490236.0
2025-11-20,23.12661,23.12661,22.56483,22.70528,2786577.0
2025-11-21,22.70528,22.70528,22.003049999999998,22.09668,6402478.0
2025-11-24,22.09668,22.237119999999997,21.67534,21.67534,5268124.0
2025-11-25,21.72216,21.909419999999997,21.48808,21.628529999999998,4048139.0
2025-11-26,21.67534,22.09668,21.67534,21.95624,1875174.0
2025-11-27,22.09668,22.09668,21.81579,21.81579,1745459.0
2025-11-28,21.862599999999997,22.04986,21.628529999999998,21.628529999999998,2703084.0
2025-12-01,21.67534,21.81579,21.628529999999998,21.628529999999998,2052095.0
2025-12-02,21.628529999999998,21.76898,21.44127,21.5349,3067094.0
2025-12-03,21.72216,21.909419999999997,21.628529999999998,21.81579,1884073.0
2025-12-04,21.862599999999997,22.04986,21.81579,22.04986,2475433.0
2025-12-05,22.09668,22.09668,21.72216,21.72216,2103171.0
2025-12-08,21.67534,21.76898,21.58172,21.67534,1644557.0
2025-12-09,21.67534,21.67534,21.11356,21.254009999999997,4179248.0
2025-12-10,21.44127,21.48808,21.2072,21.2072,2127289.0
2025-12-11,21.254009999999997,21.44127,21.06675,21.16038,1093123.0
2025-12-12,21.16038,21.34764,20.598599999999998,20.598599999999998,3435035.0
2025-12-15,20.69223,20.78586,20.22408,20.551779999999997,2673443.0
2025-12-16,20.69223,21.06675,20.177259999999997,20.926299999999998,2189112.0
2025-12-17,21.06675,21.11356,20.73905,20.83268,1846093.0
2025-12-18,20.83268,20.87949,20.69223,20.83268,901660.0
2025-12-19,20.87949,21.06675,20.598599999999998,21.06675,2649454.0
2025-12-22,21.06675,21.300819999999998,20.973119999999998,21.11356,1810412.0
2025-12-23,21.254009999999997,21.254009999999997,20.78586,20.78586,1950643.0
2025-12-24,20.78586,21.01994,20.69223,20.926299999999998,1500204.0
2025-12-25,20.926299999999998,21.16038,20.73905,20.73905,1700694.0
2025-12-26,20.645419999999998,20.87949,20.36453,20.69223,2239906.0
2025-12-29,21.01994,21.48808,20.78586,21.254009999999997,3720000.0
2025-12-30,21.254009999999997,21.300819999999998,20.973119999999998,20.973119999999998,1883150.0
2025-12-31,20.973119999999998,21.16038,20.83268,20.83268,1431777.0
2026-01-05,21.06675,21.44127,20.78586,21.06675,4707916.0
2026-01-06,21.2072,21.628529999999998,21.2072,21.39446,4496940.0
2026-01-07,21.5349,22.09668,21.34764,21.95624,5735722.0
2026-01-08,22.330759999999998,22.56483,21.909419999999997,22.003049999999998,7926272.0
2026-01-09,21.95624,22.42438,21.95624,22.237119999999997,6045011.0
2026-01-12,22.330759999999998,23.12661,22.330759999999998,22.75209,8626160.0
2026-01-13,22.84572,23.0798,22.237119999999997,22.84572,8023556.0
2026-01-14,23.0798,23.87565,22.658459999999998,23.313869999999998,12605714.0
2026-01-15,23.36068,23.36068,22.75209,22.75209,5424374.0
2026-01-16,22.84572,22.939349999999997,22.4712,22.56483,4683842.0
2026-01-19,22.658459999999998,22.89254,22.4712,22.658459999999998,2725614.0
2026-01-20,22.75209,23.12661,22.611639999999998,22.75209,4867061.0
2026-01-21,22.611639999999998,23.12661,22.56483,23.0798,7797208.0
2026-01-22,23.22024,24.6715,23.22024,24.20336,18909432.0
2026-01-23,24.20336,24.20336,22.84572,22.986159999999998,6080169.0
2026-01-26,22.986159999999998,23.03298,21.39446,21.5349,11085848.0
2026-01-27,21.628529999999998,22.19031,21.58172,21.81579,3203010.0
2026-01-28,22.09668,22.37757,21.909419999999997,22.09668,3528361.0
2026-01-29,22.330759999999998,22.51802,21.909419999999997,22.37757,3285548.0
2026-01-30,22.70528,22.70528,22.330759999999998,22.42438,4603439.0
2026-02-02,22.56483,22.939349999999997,22.37757,22.89254,5519459.0
2026-02-03,23.0798,23.82884,22.939349999999997,23.12661,9305471.0
2026-02-04,23.26706,23.547939999999997,23.03298,23.4075,5950534.0
2026-02-05,23.7352,24.109720000000003,23.4075,23.4075,10431732.0
2026-02-06,23.173419999999997,23.50113,22.611639999999998,23.12661,6417837.0
2026-02-09,23.313869999999998,23.82884,22.84572,23.7352,6158525.0
2026-02-10,23.78202,23.82884,23.03298,23.50113,6925221.0
2026-02-11,23.50113,23.922459999999997,23.22024,23.64158,5134038.0
2026-02-12,23.64158,23.78202,23.4075,23.4075,3262978.0
2026-02-13,23.45432,23.68839,23.36068,23.4075,4498203.0
2026-02-23,23.68839,24.15654,23.547939999999997,23.78202,5452781.0
2026-02-24,24.016099999999998,25.420540000000003,23.87565,25.18647,22755184.0
2026-02-25,25.37373,25.46736,24.90558,25.09284,9335699.0
2026-02-26,25.280099999999997,25.326919999999998,24.6715,24.81195,8787971.0
2026-02-27,25.046020000000002,26.2164,24.999209999999998,25.84188,18955808.0
2026-03-02,27.620849999999997,27.620849999999997,27.1527,27.620849999999997,17357989.0
2026-03-03,29.49345,29.49345,27.71448,29.353,21529496.0
2026-03-04,30.42975,30.42975,27.480400000000003,28.650779999999997,27556572.0
2026-03-05,28.97848,29.58708,27.71448,28.55715,19405900.0
2026-03-06,29.072119999999998,29.49345,28.55715,29.165740000000003,15667904.0
2026-03-09,31.17879,31.17879,27.995369999999998,28.042180000000002,39892117.0
2026-03-10,28.276259999999997,29.961599999999997,28.089,29.306189999999997,16584126.0
2026-03-11,29.306189999999997,29.82116,27.995369999999998,29.77434,13851232.0
2026-03-12,30.2893,31.8342,30.2893,31.8342,22353554.0
2026-03-13,32.7705,33.51954,30.42975,31.08516,17085917.0
2026-03-16,31.08516,31.17879,28.931669999999997,28.931669999999997,11476711.0
2026-03-17,28.089,28.55715,26.91862,26.91862,26702373.0
2026-03-18,27.1527,28.791220000000003,27.012259999999998,28.791220000000003,7453653.0
2026-03-19,29.6339,29.680709999999998,27.85492,28.791220000000003,10400796.0
2026-03-20,28.83804,28.88486,26.87181,27.012259999999998,9148019.0
2026-03-23,26.87181,27.995369999999998,26.2164,26.87181,8119601.0
2026-03-24,27.85492,27.85492,26.63774,26.965439999999997,4319876.0
2026-03-25,27.1527,27.995369999999998,26.87181,27.52722,5738575.0
2026-03-26,27.52722,29.21256,26.684549999999998,29.11893,12328193.0
2026-03-27,29.306189999999997,29.82116,28.697599999999998,28.83804,9605763.0
2026-03-30,28.97848,29.680709999999998,28.83804,28.88486,7227214.0
2026-03-31,29.025299999999998,29.025299999999998,27.43359,27.94856,10198270.0
2026-04-01,28.089,28.13582,26.965439999999997,27.05907,8096610.0
2026-04-02,27.29314,27.66766,26.825,27.620849999999997,3665615.0
2026-04-03,27.66766,27.7613,26.965439999999997,26.965439999999997,3199325.0
2026-04-06,26.91862,27.1527,25.84188,25.84188,5414117.0
2026-04-07,26.26322,26.731360000000002,25.98232,26.169580000000003,3640595.0
2026-04-08,26.77818,27.05907,26.12277,27.05907,4357947.0
2026-04-09,26.91862,27.57404,26.590919999999997,26.684549999999998,3248038.0
2026-04-10,26.77818,27.7613,26.590919999999997,27.24633,5899713.0
2026-04-13,27.43359,27.80811,27.43359,27.43359,3878895.0
2026-04-14,27.620849999999997,27.620849999999997,26.825,26.87181,4448478.0
2026-04-15,26.965439999999997,27.1527,26.49729,26.5441,4147505.0
2026-04-16,26.731360000000002,27.05907,26.45048,26.825,2678553.0
2026-04-17,26.825,27.57404,26.684549999999998,27.05907,5576645.0
2026-04-20,27.24633,27.29314,26.684549999999998,26.77818,2167438.0
2026-04-21,26.87181,26.91862,26.40366,26.40366,3083188.0
2026-04-22,26.40366,26.77818,26.12277,26.2164,2841177.0
2026-04-23,26.310029999999998,26.45048,24.9524,25.280099999999997,6994195.0
2026-04-24,25.326919999999998,25.701439999999998,24.624689999999998,24.76514,5571115.0
2026-04-28,24.858759999999997,25.23328,23.87565,24.016099999999998,5522723.0
2026-04-29,24.016099999999998,25.09284,23.87565,24.81195,5022855.0
2026-05-04,24.624689999999998,25.23328,24.39062,24.39062,3479097.0
2026-05-05,24.53106,24.90558,24.109720000000003,24.858759999999997,4431272.0
2026-05-06,24.9524,24.9524,24.71832,24.858759999999997,2052031.0
2026-05-07,24.858759999999997,24.999209999999998,24.296979999999998,24.343799999999998,3734215.0
2026-05-08,24.343799999999998,24.53106,24.109720000000003,24.20336,2551073.0
2026-05-11,24.343799999999998,24.858759999999997,24.20336,24.71832,3174279.0
2026-05-12,24.999209999999998,25.046020000000002,24.53106,24.9524,3468696.0
2026-05-13,24.999209999999998,26.029139999999998,24.6715,25.56099,6700746.0
2026-05-14,25.56099,25.84188,25.09284,25.18647,3027578.0
2026-05-15,25.23328,25.46736,24.858759999999997,25.280099999999997,3333038.0
2026-05-18,25.420540000000003,26.63774,25.37373,26.356840000000002,9234437.0
2026-05-19,26.5441,26.5441,24.999209999999998,25.23328,4803427.0
2026-05-20,25.09284,25.37373,23.969279999999998,25.13966,5033086.0
2026-05-21,25.13966,25.280099999999997,24.43743,24.624689999999998,2417988.0
2026-05-22,24.999209999999998,25.23328,24.6715,24.76514,2612439.0
2026-05-25,24.57788,24.71832,24.20336,24.43743,3082615.0
2026-05-26,24.343799999999998,24.624689999999998,24.343799999999998,24.53106,1747166.0
2026-05-27,24.624689999999998,24.76514,24.43743,24.484240000000003,1300187.0
2026-05-28,24.43743,24.57788,24.15654,24.20336,2185709.0
2026-05-29,24.20336,24.343799999999998,23.87565,24.250169999999997,3261000.0
2026-06-01,24.15654,24.20336,23.87565,24.016099999999998,2214861.0
2026-06-02,24.06291,24.15654,23.4075,23.547939999999997,2633318.0
2026-06-03,23.547939999999997,23.64158,23.12661,23.547939999999997,2082190.0
2026-06-04,23.36068,24.06291,23.36068,23.64158,1402609.0
2026-06-05,23.547939999999997,23.7352,23.50113,23.50113,859389.0
2026-06-08,23.4075,23.4075,22.939349999999997,22.939349999999997,2603456.0
2026-06-09,22.986159999999998,23.0798,22.37757,22.4712,3520172.0
2026-06-10,22.51802,22.7989,22.283939999999998,22.56483,2717746.0
2026-06-11,22.56483,22.986159999999998,22.56483,22.84572,1918283.0
2026-06-12,22.939349999999997,22.986159999999998,22.611639999999998,22.658459999999998,1580089.0
2026-06-15,22.658459999999998,22.658459999999998,22.09668,22.1435,4828018.0
2026-06-16,22.237119999999997,22.4712,22.04986,22.237119999999997,3358800.0
2026-06-17,22.237119999999997,22.37757,22.09668,22.1435,3227755.0
2026-06-18,22.19031,22.51802,22.1435,22.19031,3367264.0
2026-06-19,22.19031,22.237119999999997,22.003049999999998,22.003049999999998,2314189.0
2026-06-22,22.04986,22.283939999999998,21.909419999999997,21.95624,2822846.0
2026-06-23,21.95624,22.04986,21.48808,21.5349,5221358.0
2026-06-24,21.58172,21.628529999999998,21.300819999999998,21.58172,3199164.0
2026-06-25,21.628529999999998,21.628529999999998,21.254009999999997,21.254009999999997,2325527.0
2026-06-26,21.254009999999997,21.44127,21.16038,21.2072,2182959.0
2026-06-29,21.300819999999998,21.67534,21.300819999999998,21.5349,3037502.0
2026-06-30,21.76898,21.76898,21.48808,21.5349,2055708.0
2026-07-01,21.72216,21.909419999999997,21.5349,21.628529999999998,1875429.0
2026-07-02,21.5349,21.76898,21.44127,21.44127,2385979.0
2026-07-03,21.5349,21.5349,21.39446,21.39446,1966943.0
2026-07-06,21.48808,21.5349,20.73905,20.973119999999998,2995709.0
2026-07-07,21.01994,21.254009999999997,20.973119999999998,21.2072,2018877.0
2026-07-08,21.44127,22.658459999999998,21.34764,22.658459999999998,12323440.0
2026-07-09,22.658459999999998,22.986159999999998,22.283939999999998,22.283939999999998,3835662.0
2026-07-10,22.237119999999997,22.42438,21.909419999999997,21.909419999999997,3160914.0
2026-07-13,22.19031,22.19031,21.254009999999997,21.909419999999997,3555429.0
2026-07-14,22.330759999999998,22.84572,22.003049999999998,22.84572,6500423.0
2026-07-15,22.89254,22.939349999999997,22.04986,22.09668,2428577.0
2026-07-16,22.003049999999998,22.237119999999997,21.16038,22.237119999999997,3453166.0
2026-07-17,22.19031,22.19031,21.67534,22.003049999999998,1587395.0
2026-07-20,22.237119999999997,22.42438,21.254009999999997,21.48808,4696122.0
2026-07-21,21.34764,21.628529999999998,20.645419999999998,21.16038,3906638.0
2026-07-22,21.16038,21.34764,20.645419999999998,20.645419999999998,2882210.0
2026-07-23,21.01994,21.254009999999997,20.598599999999998,21.254009999999997,2815259.0
2026-07-24,21.300819999999998,21.48808,21.06675,21.16038,1434230.0
2026-07-27,21.2072,21.300819999999998,20.83268,20.83268,1842066.0
2026-07-28,20.83268,21.34764,20.598599999999998,21.2072,2026547.0
2026-07-29,21.34764,21.76898,21.2072,21.5349,2366144.0
2026-07-30,21.67534,21.95624,21.58172,21.95624,2390927.0
2026-07-31,22.42438,22.42438,22.04986,22.04986,3894061.0
2026-08-03,21.9,22.35,21.9,22.2,3324676.0
2026-08-04,22.2,22.4,22.05,22.2,1498290.0
2026-08-05,22.3,22.4,21.6,21.8,4951515.0
2026-08-06,21.8,21.95,21.45,21.5,2233157.0
2026-08-07,21.6,22.35,21.5,21.85,3783398.0
2026-08-10,22.35,22.4,22.1,22.4,3833472.0
2026-08-11,22.65,22.9,22.4,22.45,3014134.0
2026-08-12,22.5,22.5,22.2,22.3,1641350.0
2026-08-13,22.35,22.45,21.85,21.9,2365269.0
2026-08-14,21.8,21.9,21.55,21.55,2185200.0
2026-08-17,21.55,21.75,21.4,21.5,1246800.0
2026-08-18,21.5,22.25,21.5,21.7,1925300.0
2026-08-19,21.7,21.95,21.5,21.6,1286600.0
2026-08-20,21.7,21.8,21.45,21.8,1246000.0
2026-08-21,22.05,22.4,21.8,22.2,3404400.0
2026-08-24,22.4,22.75,22.2,22.3,3422100.0
2026-08-25,22.35,22.45,22.0,22.1,2223500.0
2026-08-26,21.95,22.3,21.95,22.25,2076700.0
2026-08-27,22.25,22.35,22.0,22.05,1458100.0
2026-08-28,22.15,22.15,21.95,22.0,1522600.0
2026-09-03,22.25,23.3,22.15,23.3,11230700.0
2026-09-04,23.25,23.25,22.8,22.8,3915800.0
2026-09-07,22.95,22.95,22.3,22.3,3823100.0
2026-09-08,22.3,22.95,22.2,22.85,3750300.0
2026-09-09,23.0,23.2,22.75,22.8,3238600.0
2026-09-10,22.9,23.05,22.55,22.6,2681800.0
2026-09-11,22.8,23.15,22.35,22.4,4268600.0
2026-09-14,22.1,22.6,21.8,22.05,3459700.0
2026-09-15,22.15,23.2,22.1,23.05,5203800.0
2026-09-16,23.15,23.75,22.95,23.0,6232700.0
2026-09-17,22.9,23.1,22.65,22.9,4300700.0
2026-09-18,23.1,23.1,22.75,22.85,3176500.0
2026-09-21,23.0,23.1,22.65,22.8,2889100.0
2026-09-22,22.8,23.05,22.65,22.9,1889900.0
2026-09-23,22.85,23.25,22.75,23.1,3859600.0
2026-09-24,23.15,23.2,22.7,22.7,3141500.0
2026-09-25,22.75,23.05,22.6,22.6,3281800.0
2026-09-28,22.65,22.9,22.15,22.9,3629700.0
2026-09-29,22.95,23.1,22.75,23.0,3289900.0
2026-09-30,23.0,23.05,22.4,22.4,2592600.0
2026-10-01,22.45,22.75,22.35,22.4,2247700.0
2026-10-02,22.45,22.5,21.85,21.85,4266800.0
