,open,high,low,close,volume
2020-05-08,8.87816,8.87816,8.58502,8.58502,773140.0
2020-05-11,8.56408,8.73159,8.45938,8.522200000000002,1075550.0
2020-05-12,8.522200000000002,8.60596,8.39657,8.522200000000002,727730.0
2020-05-13,8.522200000000002,9.10849,8.45938,9.10849,1705810.0
2020-05-14,9.42258,9.73667,9.317879999999999,9.42258,1693300.0
2020-05-15,9.42258,9.631969999999999,9.0038,9.04568,773060.0
2020-05-18,9.0038,9.29695,8.71065,9.10849,877700.0
2020-05-19,9.25507,9.380700000000001,9.08756,9.17131,1219380.0
2020-05-20,9.17131,9.799479999999999,9.06662,9.799479999999999,2178110.0
2020-05-21,10.13451,10.46953,10.05075,10.46953,1689040.0
2020-05-22,10.51141,10.888309999999999,10.42766,10.46953,1546590.0
2020-05-25,10.3439,11.202399999999999,10.00887,11.202399999999999,1898420.0
2020-05-26,11.43273,11.83057,11.24428,11.43273,1335350.0
2020-05-27,11.43273,11.51649,10.637049999999999,10.637049999999999,2269610.0
2020-05-28,10.59517,10.846440000000001,10.13451,10.42766,1297870.0
2020-05-29,10.38578,11.13958,10.21826,10.97207,1169940.0
2020-06-01,11.18146,11.39085,11.07677,11.09771,1090850.0
2020-06-02,11.07677,11.07677,10.699860000000001,10.699860000000001,1442790.0
2020-06-03,10.699860000000001,11.034889999999999,10.46953,10.97207,1262910.0
2020-06-04,11.013950000000001,11.07677,10.67892,10.76268,1053650.0
2020-06-05,10.76268,11.49555,10.57423,11.49555,2363450.0
2020-06-08,11.76776,12.123719999999999,11.55836,11.72588,1397290.0
2020-06-09,11.72588,11.935270000000001,11.45367,11.47461,1124260.0
2020-06-10,11.328040000000001,11.851510000000001,11.16052,11.62118,1583200.0
2020-06-11,11.62118,11.99809,10.8255,10.8255,2198340.0
2020-06-12,10.07169,10.76268,10.07169,10.76268,1362720.0
2020-06-15,10.76268,11.013950000000001,10.02981,10.02981,1389690.0
2020-06-16,10.15545,10.364840000000001,9.42258,10.21826,1210890.0
2020-06-17,10.2392,10.26014,9.84136,10.11357,543500.0
2020-06-18,10.09263,10.09263,9.84136,9.967,350840.0
2020-06-19,9.98793,10.55329,9.98793,10.46953,1063310.0
2020-06-22,10.67892,10.804559999999999,10.532350000000001,10.67892,643150.0
2020-06-23,10.59517,10.74174,10.17639,10.532350000000001,533370.0
2020-06-24,10.51141,10.532350000000001,10.09263,10.09263,773200.0
2020-06-25,10.05075,10.15545,9.67385,10.05075,451900.0
2020-06-26,10.26014,10.28108,9.925120000000001,9.925120000000001,417210.0
2020-06-29,9.84136,9.84136,9.234129999999999,9.33882,1046750.0
2020-06-30,9.443520000000001,9.631969999999999,8.836290000000002,9.21319,491930.0
2020-07-01,9.08756,9.84136,9.08756,9.84136,739900.0
2020-07-02,9.84136,10.13451,9.799479999999999,9.90418,423870.0
2020-07-03,9.967,10.05075,9.73667,9.82042,311980.0
2020-07-06,9.925120000000001,10.3439,9.715729999999999,10.15545,671350.0
2020-07-07,10.30202,10.38578,10.05075,10.05075,660910.0
2020-07-08,10.05075,10.2392,10.00887,10.13451,417170.0
2020-07-09,10.05075,10.26014,10.00887,10.26014,623010.0
2020-07-10,10.2392,10.38578,10.05075,10.13451,550270.0
2020-07-13,10.13451,10.3439,10.05075,10.17639,398470.0
2020-07-14,10.13451,10.28108,10.05075,10.17639,481320.0
2020-07-15,10.26014,10.637049999999999,10.17639,10.637049999999999,1558740.0
2020-07-16,10.699860000000001,10.93019,10.699860000000001,10.804559999999999,961950.0
2020-07-17,10.78362,11.034889999999999,10.67892,10.76268,629200.0
2020-07-20,10.67892,10.74174,10.2392,10.2392,993570.0
2020-07-21,10.2392,10.40672,10.17639,10.38578,595920.0
2020-07-22,10.46953,10.55329,10.26014,10.42766,429340.0
2020-07-23,10.38578,10.42766,10.21826,10.3439,372790.0
2020-07-24,10.26014,10.26014,9.631969999999999,9.631969999999999,1392750.0
2020-07-27,8.96192,9.317879999999999,8.96192,8.96192,781940.0
2020-07-28,8.87816,9.464459999999999,8.66877,9.401639999999999,901910.0
2020-07-29,9.0038,9.04568,8.75253,8.75253,903710.0
2020-07-30,8.8991,9.129430000000001,8.75253,8.8991,323840.0
2020-07-31,8.54314,8.836290000000002,8.480319999999999,8.54314,611830.0
2020-08-03,8.54314,8.87816,8.4175,8.79441,528710.0
2020-08-04,9.0038,9.17131,8.96192,9.0038,437260.0
2020-08-05,9.0038,9.15037,8.87816,9.15037,443320.0
2020-08-06,9.15037,9.17131,9.0038,9.0038,486580.0
2020-08-07,9.0038,9.17131,8.96192,9.04568,425340.0
2020-08-10,9.08756,9.631969999999999,9.04568,9.54821,670620.0
2020-08-11,9.54821,9.715729999999999,9.464459999999999,9.50634,505470.0
2020-08-12,9.50634,9.54821,9.33882,9.42258,367750.0
2020-08-13,9.527280000000001,9.631969999999999,9.443520000000001,9.527280000000001,337190.0
2020-08-14,9.631969999999999,9.82042,9.54821,9.59009,897040.0
2020-08-17,9.631969999999999,9.67385,9.21319,9.4854,529100.0
2020-08-18,9.4854,9.757610000000001,9.4854,9.611030000000001,217140.0
2020-08-19,9.611030000000001,9.757610000000001,9.59009,9.67385,504420.0
2020-08-20,9.715729999999999,9.73667,9.56915,9.631969999999999,304190.0
2020-08-21,9.715729999999999,9.715729999999999,9.56915,9.694790000000001,398740.0
2020-08-24,9.715729999999999,10.322959999999998,9.715729999999999,10.322959999999998,1249010.0
2020-08-25,10.364840000000001,10.59517,10.21826,10.26014,722290.0
2020-08-26,10.26014,10.26014,10.05075,10.21826,653910.0
2020-08-27,10.43678,10.43678,10.218440000000001,10.32761,657700.0
2020-08-28,10.458620000000002,10.69879,10.349440000000001,10.52412,956100.0
2020-08-31,10.52412,10.69879,10.30578,10.39311,516170.0
2020-09-01,10.30578,10.56779,10.26211,10.458620000000002,703490.0
2020-09-03,10.480450000000001,10.545950000000001,10.37128,10.39311,528970.0
2020-09-04,10.04377,10.39311,10.04377,10.218440000000001,673930.0
2020-09-07,10.218440000000001,10.32761,10.04377,10.04377,644170.0
2020-09-08,10.04377,10.19661,9.93459,10.19661,482070.0
2020-09-09,10.04377,10.26211,10.04377,10.26211,225680.0
2020-09-10,10.480450000000001,10.74246,10.349440000000001,10.67696,1759610.0
2020-09-11,10.67696,10.69879,10.52412,10.52412,482110.0
2020-09-14,10.52412,11.026309999999999,10.52412,10.960799999999999,1407980.0
2020-09-15,10.960799999999999,11.04814,10.72063,10.829799999999999,773140.0
2020-09-16,10.91714,11.00447,10.829799999999999,10.960799999999999,630940.0
2020-09-17,10.98264,10.98264,10.67696,10.87347,863830.0
2020-09-18,10.829799999999999,10.895299999999999,10.829799999999999,10.87347,374600.0
2020-09-21,10.93897,11.353819999999999,10.91714,11.04814,1352890.0
2020-09-22,10.895299999999999,11.13548,10.895299999999999,11.04814,807490.0
2020-09-23,11.04814,11.26648,11.04814,11.04814,493470.0
2020-09-24,10.91714,11.091809999999999,10.74246,10.764299999999999,1116140.0
2020-09-25,10.80796,10.87347,10.58962,10.65512,756710.0
2020-09-28,10.78613,10.80796,10.58962,10.63329,480890.0
2020-09-29,10.63329,10.69879,10.39311,10.39311,768700.0
2020-09-30,10.39311,10.480450000000001,10.30578,10.480450000000001,560360.0
2020-10-01,10.480450000000001,10.63329,10.480450000000001,10.56779,292600.0
2020-10-02,10.61146,10.72063,10.30578,10.52412,644280.0
2020-10-05,10.65512,10.65512,10.458620000000002,10.50228,434310.0
2020-10-06,10.52412,10.67696,10.480450000000001,10.67696,630260.0
2020-10-07,10.69879,11.13548,10.69879,10.93897,1545270.0
2020-10-08,10.98264,11.026309999999999,10.67696,10.74246,422260.0
2020-10-09,10.69879,10.78613,10.480450000000001,10.67696,460110.0
2020-10-12,10.69879,10.80796,10.30578,10.30578,916090.0
2020-10-13,10.43678,10.52412,10.26211,10.43678,496240.0
2020-10-14,10.52412,10.52412,10.32761,10.349440000000001,437850.0
2020-10-15,10.349440000000001,10.39311,10.08743,10.17477,812630.0
2020-10-16,10.17477,10.414950000000001,10.10927,10.30578,355910.0
2020-10-19,10.30578,10.30578,10.152940000000001,10.218440000000001,243770.0
2020-10-20,10.218440000000001,10.24027,10.0001,10.08743,547670.0
2020-10-21,10.04377,10.218440000000001,10.04377,10.0656,504460.0
2020-10-22,10.08743,10.17477,10.04377,10.08743,139600.0
2020-10-23,10.1311,10.24027,10.1311,10.218440000000001,323350.0
2020-10-26,10.26211,10.26211,10.0001,10.0001,391240.0
2020-10-27,10.0001,10.021930000000001,9.65075,9.65075,538110.0
2020-10-28,9.38874,9.694420000000001,9.17039,9.21406,594300.0
2020-10-29,9.03939,9.3669,9.01755,9.257729999999999,476710.0
2020-10-30,9.257729999999999,9.257729999999999,9.061219999999999,9.10489,377080.0
2020-11-02,9.08306,9.17039,9.08306,9.17039,157280.0
2020-11-03,9.38874,9.65075,9.235899999999999,9.60708,318620.0
2020-11-04,9.60708,9.82542,9.60708,9.73809,219590.0
2020-11-05,9.73809,9.82542,9.58525,9.78175,423050.0
2020-11-06,9.60708,9.78175,9.60708,9.71625,142010.0
2020-11-09,9.71625,9.93459,9.71625,9.86909,247520.0
2020-11-10,9.93459,10.0001,9.78175,9.78175,236010.0
2020-11-11,9.78175,9.89093,9.71625,9.82542,195520.0
2020-11-12,9.956430000000001,10.218440000000001,9.82542,10.10927,496510.0
2020-11-13,10.218440000000001,10.218440000000001,10.0001,10.021930000000001,284390.0
2020-11-16,10.021930000000001,10.1311,9.323229999999999,9.65075,758280.0
2020-11-17,9.73809,9.82542,9.65075,9.80359,416370.0
2020-11-18,9.80359,9.84726,9.62891,9.694420000000001,507300.0
2020-11-19,9.694420000000001,9.91276,9.62891,9.86909,554890.0
2020-11-20,9.956430000000001,10.021930000000001,9.78175,9.91276,351500.0
2020-11-23,9.89093,10.0001,9.75992,9.78175,517710.0
2020-11-24,9.78175,9.956430000000001,9.71625,9.78175,1216220.0
2020-11-25,9.91276,9.91276,9.694420000000001,9.694420000000001,561330.0
2020-11-26,9.75992,9.80359,9.67258,9.694420000000001,429540.0
2020-11-27,9.73809,9.78175,9.694420000000001,9.694420000000001,392140.0
2020-11-30,9.78175,10.37128,9.78175,10.37128,3842830.0
2020-12-01,10.65512,10.960799999999999,10.545950000000001,10.61146,3069250.0
2020-12-02,10.61146,10.78613,10.480450000000001,10.50228,988630.0
2020-12-03,10.480450000000001,11.22282,10.458620000000002,11.22282,4377080.0
2020-12-04,11.353819999999999,11.74684,11.04814,11.20098,1721770.0
2020-12-07,11.24465,11.57216,11.24465,11.353819999999999,1485750.0
2020-12-08,11.353819999999999,11.353819999999999,11.04814,11.20098,1942660.0
2020-12-09,11.24465,11.57216,11.22282,11.26648,1936630.0
2020-12-10,11.353819999999999,11.353819999999999,10.91714,10.91714,2241020.0
2020-12-11,11.04814,11.13548,10.764299999999999,11.11364,2141340.0
2020-12-14,11.26648,11.87784,11.157309999999999,11.87784,4176460.0
2020-12-15,11.87784,12.249030000000001,11.50666,11.70317,4190310.0
2020-12-16,11.79051,12.445540000000001,11.74684,12.2927,3612500.0
2020-12-17,12.18352,12.88222,12.13986,12.445540000000001,3649450.0
2020-12-18,12.511040000000001,12.729379999999999,12.249030000000001,12.663879999999999,3063530.0
2020-12-21,12.751209999999999,13.05689,12.4892,12.70755,3266210.0
2020-12-22,12.70755,12.81672,12.4892,12.620209999999998,2618660.0
2020-12-23,12.663879999999999,13.31891,12.445540000000001,12.751209999999999,3123300.0
2020-12-24,12.751209999999999,13.01323,12.00885,12.79488,2844200.0
2020-12-25,12.88222,13.69009,12.860389999999999,13.69009,4318930.0
2020-12-28,14.19228,14.54163,13.69009,14.366950000000001,3126960.0
2020-12-29,14.27961,14.54163,13.973930000000001,14.23595,1924500.0
2020-12-30,14.104940000000001,14.476120000000002,13.79926,13.973930000000001,3619030.0
2020-12-31,13.973930000000001,14.27961,13.84293,13.973930000000001,1780550.0
2021-01-04,14.06127,14.366950000000001,14.06127,14.104940000000001,1591800.0
2021-01-05,13.973930000000001,14.75997,13.93027,14.27961,2391600.0
2021-01-06,14.45429,14.54163,14.148610000000001,14.19228,2525900.0
2021-01-07,14.19228,15.00014,13.99577,14.978309999999999,3163300.0
2021-01-08,15.02198,15.06565,14.67263,14.82547,2531800.0
2021-01-11,14.82547,15.043809999999999,14.62896,14.91281,1875400.0
2021-01-12,14.86914,14.956479999999999,14.62896,14.93464,1629000.0
2021-01-13,15.19665,15.39316,14.93464,14.978309999999999,2459600.0
2021-01-14,15.19665,15.24032,14.84731,14.956479999999999,1277200.0
2021-01-15,14.956479999999999,15.24032,14.80364,14.80364,1573900.0
2021-01-18,14.84731,15.50233,14.366950000000001,15.00014,3107300.0
2021-01-19,15.00014,15.45866,13.9521,13.9521,2406400.0
2021-01-20,13.973930000000001,14.19228,12.991389999999999,13.66825,1924400.0
2021-01-21,13.973930000000001,14.54163,13.62459,14.366950000000001,1604900.0
2021-01-22,14.366950000000001,14.75997,13.99577,14.27961,1475400.0
2021-01-25,14.27961,14.694469999999999,14.03944,14.27961,1131500.0
2021-01-26,14.23595,14.23595,13.29707,13.31891,1818900.0
2021-01-27,13.23157,13.31891,12.40187,12.40187,2225200.0
2021-01-28,11.55033,11.55033,11.55033,11.55033,675200.0
2021-01-29,10.74246,12.00885,10.74246,11.44116,2478800.0
2021-02-01,11.37566,11.57216,10.65512,10.65512,2543500.0
2021-02-02,10.0656,10.91714,9.93459,10.56779,2015200.0
2021-02-03,10.91714,11.28832,10.56779,11.28832,1187500.0
2021-02-04,11.5285,11.987020000000001,11.353819999999999,11.70317,1648100.0
2021-02-05,11.70317,12.00885,11.5285,11.79051,938100.0
2021-02-08,11.83418,11.85601,10.98264,11.31015,1833600.0
2021-02-09,11.31015,11.57216,10.87347,11.48483,1217600.0
2021-02-17,11.5285,12.20536,11.5285,12.20536,1211100.0
2021-02-18,12.22719,12.445540000000001,12.09619,12.314530000000001,1353000.0
2021-02-19,12.314530000000001,13.01323,12.13986,12.729379999999999,1686300.0
2021-02-22,13.01323,13.07873,12.642040000000001,12.81672,1566600.0
2021-02-23,12.70755,12.925889999999999,12.620209999999998,12.685709999999998,1274700.0
2021-02-24,12.70755,12.83855,11.81234,12.40187,1976300.0
2021-02-25,12.53287,12.576540000000001,12.00885,12.249030000000001,1280200.0
2021-02-26,12.00885,12.53287,11.96518,12.22719,929400.0
2021-03-01,12.445540000000001,12.46737,12.27086,12.4237,992000.0
2021-03-02,12.663879999999999,12.88222,12.4237,12.663879999999999,2449700.0
2021-03-03,12.576540000000001,12.685709999999998,12.445540000000001,12.53287,1346400.0
2021-03-04,12.576540000000001,12.620209999999998,12.00885,12.13986,1403100.0
2021-03-05,12.00885,12.18352,11.74684,12.09619,1268900.0
2021-03-08,12.445540000000001,12.445540000000001,12.09619,12.13986,1346700.0
2021-03-09,12.07435,12.22719,11.89968,12.052520000000001,1236000.0
2021-03-10,12.052520000000001,12.445540000000001,12.00885,12.314530000000001,1692900.0
2021-03-11,12.620209999999998,12.729379999999999,12.4237,12.620209999999998,1944100.0
2021-03-12,12.70755,12.83855,12.445540000000001,12.620209999999998,1482700.0
2021-03-15,12.663879999999999,12.70755,12.4237,12.46737,1808700.0
2021-03-16,12.46737,12.46737,12.22719,12.3582,1237600.0
2021-03-17,12.598379999999999,13.20973,12.53287,13.20973,5340300.0
2021-03-18,13.64642,13.75559,13.2534,13.27524,2447300.0
2021-03-19,13.27524,13.49358,13.10056,13.27524,1563100.0
2021-03-22,13.187899999999999,13.49358,13.10056,13.20973,2277200.0
2021-03-23,13.187899999999999,13.93027,13.05689,13.47175,3562500.0
2021-03-24,13.23157,14.19228,13.10056,13.75559,4331100.0
2021-03-25,14.083110000000001,14.12677,13.44991,13.60275,2080100.0
2021-03-26,13.27524,13.53725,12.663879999999999,13.10056,3237300.0
2021-03-29,13.10056,13.36257,12.991389999999999,13.31891,1971000.0
2021-03-30,13.31891,13.40624,13.07873,13.20973,1460500.0
2021-03-31,13.10056,13.66825,13.10056,13.29707,1673400.0
2021-04-01,13.36257,13.58092,13.27524,13.42808,2036400.0
2021-04-02,13.66825,13.75559,13.40624,13.49358,1759100.0
2021-04-05,13.58092,13.62459,13.36257,13.49358,1408000.0
2021-04-06,13.49358,13.93027,13.31891,13.69009,2362700.0
2021-04-07,13.82109,14.23595,13.77743,14.19228,2913400.0
2021-04-08,14.19228,14.32328,13.8866,14.19228,1396200.0
2021-04-09,13.973930000000001,14.170440000000001,13.9521,14.104940000000001,1601800.0
2021-04-12,13.973930000000001,14.104940000000001,13.75559,13.93027,2217300.0
2021-04-13,13.99577,13.99577,13.31891,13.31891,2111500.0
2021-04-14,13.187899999999999,13.49358,12.925889999999999,13.40624,1557000.0
2021-04-15,13.49358,13.49358,13.01323,13.01323,1535700.0
2021-04-16,12.663879999999999,13.01323,12.22719,12.511040000000001,2199000.0
2021-04-19,12.576540000000001,12.860389999999999,12.40187,12.79488,1224600.0
2021-04-20,12.96956,12.96956,12.663879999999999,12.83855,1210100.0
2021-04-22,12.79488,12.79488,12.22719,12.22719,1394400.0
2021-04-23,12.13986,12.3582,11.79051,12.3582,1063300.0
2021-04-26,12.380030000000001,12.4237,11.70317,11.70317,1719100.0
2021-04-27,11.70317,11.987020000000001,11.57216,11.70317,899800.0
2021-04-28,11.76867,12.09619,11.76867,11.89968,507500.0
2021-04-29,11.96518,12.13986,11.79051,11.79051,592000.0
2021-05-04,11.57216,11.79051,11.353819999999999,11.74684,855800.0
2021-05-05,11.87784,12.4892,11.79051,12.249030000000001,1067800.0
2021-05-06,12.22719,12.445540000000001,12.00885,12.052520000000001,691200.0
2021-05-07,11.85601,12.07435,11.83418,11.83418,936200.0
2021-05-10,11.419319999999999,11.70317,11.39749,11.63767,1113100.0
2021-05-11,11.6595,12.052520000000001,11.63767,11.79051,841500.0
2021-05-12,11.79051,12.00885,11.79051,11.92151,486200.0
2021-05-13,11.92151,11.92151,11.725,11.725,852600.0
2021-05-14,11.725,11.85601,11.70317,11.76867,830400.0
2021-05-17,11.74684,11.76867,11.57216,11.594,818900.0
2021-05-18,11.70317,11.70317,11.24465,11.31015,1280400.0
2021-05-19,11.17915,11.33199,10.93897,10.98264,1234700.0
2021-05-20,10.895299999999999,11.00447,10.545950000000001,10.61146,1427600.0
2021-05-21,10.61146,11.353819999999999,10.50228,11.26648,1126500.0
2021-05-24,11.26648,11.57216,11.17915,11.28832,776800.0
2021-05-25,11.22282,11.44116,11.04814,11.353819999999999,941800.0
2021-05-26,11.31015,11.353819999999999,11.091809999999999,11.24465,930400.0
2021-05-27,11.24465,11.353819999999999,10.87347,10.960799999999999,986200.0
2021-05-28,10.960799999999999,11.04814,10.829799999999999,10.960799999999999,1069700.0
2021-05-31,10.960799999999999,11.04814,10.829799999999999,10.87347,874600.0
2021-06-01,10.851629999999998,10.851629999999998,10.480450000000001,10.74246,838900.0
2021-06-02,10.764299999999999,11.091809999999999,10.764299999999999,10.93897,865100.0
2021-06-03,11.13548,11.353819999999999,11.06998,11.22282,1240300.0
2021-06-04,11.353819999999999,11.57216,11.31015,11.353819999999999,1157200.0
2021-06-07,11.353819999999999,11.48483,11.17915,11.31015,903300.0
2021-06-08,11.5285,11.68134,11.31015,11.31015,1670100.0
2021-06-09,11.39749,11.44116,11.091809999999999,11.26648,707400.0
2021-06-10,11.22282,11.353819999999999,11.13548,11.26648,809900.0
2021-06-11,11.22282,11.55033,11.22282,11.44116,1275300.0
2021-06-14,11.50666,12.00885,11.50666,11.83418,1906300.0
2021-06-15,11.96518,12.40187,11.89968,12.22719,2006000.0
2021-06-16,12.22719,12.22719,11.81234,11.96518,1038300.0
2021-06-17,11.79051,12.20536,11.6595,12.13986,1095400.0
2021-06-18,12.22719,12.663879999999999,12.13986,12.4892,2428300.0
2021-06-21,12.511040000000001,12.511040000000001,12.13986,12.22719,1191300.0
2021-06-22,12.2927,12.33636,12.16169,12.18352,827400.0
2021-06-23,12.22719,12.22719,11.81234,11.87784,1517900.0
2021-06-24,11.79051,11.87784,11.594,11.63767,951900.0
2021-06-25,11.61583,12.00885,11.61583,11.74684,460100.0
2021-06-28,11.70317,12.20536,11.5285,12.07435,1210700.0
2021-06-29,12.13986,12.18352,11.987020000000001,12.00885,934200.0
2021-06-30,12.052520000000001,12.052520000000001,11.79051,11.83418,436400.0
2021-07-01,11.83418,12.09619,11.79051,12.03068,874300.0
2021-07-02,12.03068,12.11802,11.96518,12.00885,1061800.0
2021-07-05,12.13986,12.83855,12.13986,12.83855,4190200.0
2021-07-06,13.187899999999999,13.31891,11.94335,11.94335,2503400.0
2021-07-07,12.22719,12.77305,11.83418,12.77305,1871400.0
2021-07-08,13.05689,13.05689,12.576540000000001,12.620209999999998,2538600.0
2021-07-09,12.445540000000001,13.20973,12.445540000000001,12.70755,3576300.0
2021-07-12,12.83855,13.42808,12.576540000000001,13.16607,4518900.0
2021-07-13,13.53725,13.66825,13.23157,13.51541,2130500.0
2021-07-14,13.31891,13.53725,12.620209999999998,12.88222,2669000.0
2021-07-15,12.663879999999999,13.187899999999999,12.663879999999999,12.88222,1839100.0
2021-07-16,12.925889999999999,13.42808,12.79488,13.27524,3133600.0
2021-07-19,12.925889999999999,13.75559,12.925889999999999,13.40624,4585000.0
2021-07-20,13.66825,13.66825,13.23157,13.2534,2082800.0
2021-07-21,13.27524,14.170440000000001,13.187899999999999,14.03944,4276800.0
2021-07-22,14.148610000000001,14.82547,14.06127,14.62896,3807700.0
2021-07-23,14.54163,15.21849,14.19228,14.75997,3779200.0
2021-07-26,14.89097,15.78618,14.75997,15.78618,5466800.0
2021-07-27,16.07002,16.2447,15.546,15.78618,5080400.0
2021-07-28,15.56784,15.72068,15.19665,15.28399,4231000.0
2021-07-29,15.37133,16.35387,15.21849,16.35387,4458800.0
2021-07-30,16.55038,16.81239,16.35387,16.35387,3453800.0
2021-08-02,16.15736,16.899729999999998,15.96085,16.506709999999998,3504500.0
2021-08-03,16.441209999999998,16.768720000000002,16.26653,16.55038,3300400.0
2021-08-04,16.57221,16.72505,16.33204,16.441209999999998,3038200.0
2021-08-05,16.35387,16.441209999999998,16.15736,16.310200000000002,2839600.0
2021-08-06,16.310200000000002,17.42375,16.310200000000002,16.98706,4607500.0
2021-08-09,16.98706,17.33641,16.834220000000002,17.16174,2368400.0
2021-08-10,17.20541,17.991439999999997,16.98706,17.81677,3581700.0
2021-08-11,17.9041,18.6028,17.68576,18.12245,3390000.0
2021-08-12,18.07878,18.55913,17.467419999999997,17.81677,3528800.0
2021-08-13,17.55475,18.340790000000002,17.24907,18.340790000000002,4618300.0
2021-08-16,18.340790000000002,18.733810000000002,17.9041,18.340790000000002,2135300.0
2021-08-17,18.340790000000002,19.12682,17.991439999999997,18.952150000000003,3187400.0
2021-08-18,18.6028,19.10499,18.55913,18.77747,1890400.0
2021-08-19,18.55913,18.77747,18.471790000000002,18.6028,1636500.0
2021-08-20,18.471790000000002,18.733810000000002,17.380080000000003,17.445580000000003,4557100.0
2021-08-23,17.24907,17.42375,16.506709999999998,16.506709999999998,3517500.0
2021-08-24,16.506709999999998,17.24907,16.375700000000002,17.20541,2385900.0
2021-08-25,17.24907,17.24907,16.68138,17.03073,1163500.0
2021-08-26,16.899729999999998,17.66393,16.899729999999998,17.24907,1854400.0
2021-08-27,16.98706,17.86043,16.856060000000003,17.86043,2033100.0
2021-08-30,18.25345,18.25345,17.947770000000002,18.07878,1972100.0
2021-08-31,18.07878,18.31895,17.68576,17.991439999999997,2560700.0
2021-09-01,17.9041,18.55913,17.72943,18.471790000000002,3082500.0
2021-09-06,18.952150000000003,18.99582,18.64647,18.71197,1571400.0
2021-09-07,18.71197,18.77747,17.9041,17.9041,2611200.0
2021-09-08,17.86043,17.991439999999997,17.24907,17.42375,2467600.0
2021-09-09,17.292740000000002,17.9041,17.292740000000002,17.882270000000002,1415800.0
2021-09-10,17.991439999999997,18.07878,17.68576,17.8386,1213600.0
2021-09-13,17.9041,19.08315,17.86043,19.08315,5845200.0
2021-09-14,19.65084,20.30587,19.4325,19.912860000000002,3390400.0
2021-09-15,19.912860000000002,20.436880000000002,19.4325,19.95652,1761400.0
2021-09-16,19.978360000000002,20.52422,19.65084,20.00019,2753100.0
2021-09-17,20.022029999999997,20.69889,20.022029999999997,20.52422,2318600.0
2021-09-20,20.65522,20.91723,19.60718,19.65084,2556800.0
2021-09-21,19.21416,20.28404,19.21416,20.28404,2681400.0
2021-09-22,20.28404,20.45871,19.73818,20.043860000000002,1521000.0
2021-09-23,20.043860000000002,20.30587,19.76002,19.89102,1519000.0
2021-09-24,19.93469,20.087529999999997,19.21416,19.21416,1857100.0
2021-09-27,19.21416,20.00019,19.21416,19.21416,1862300.0
2021-09-28,19.4325,19.78185,19.192330000000002,19.65084,1039800.0
2021-09-29,19.563509999999997,20.00019,19.3015,19.82552,919600.0
2021-09-30,20.043860000000002,20.91723,20.00019,20.76439,3730500.0
2021-10-01,20.87356,21.39759,20.69889,20.76439,1736100.0
2021-10-04,20.611549999999998,21.09191,20.34954,20.52422,1272600.0
2021-10-05,20.436880000000002,20.960900000000002,20.41504,20.502380000000002,1534300.0
2021-10-06,20.69889,21.13558,20.30587,20.76439,1583300.0
2021-10-07,20.93907,21.22291,20.91723,21.17924,1492100.0
2021-10-08,21.22291,21.22291,20.78623,20.960900000000002,1390500.0
2021-10-11,20.93907,20.93907,20.48055,20.65522,2131600.0
2021-10-12,20.567880000000002,20.960900000000002,20.48055,20.76439,1282600.0
2021-10-13,20.87356,20.87356,20.48055,20.48055,1262900.0
2021-10-14,20.436880000000002,20.87356,20.436880000000002,20.52422,989600.0
2021-10-15,20.567880000000002,21.22291,20.52422,20.829900000000002,2016500.0
2021-10-18,20.87356,20.93907,20.54605,20.611549999999998,981300.0
2021-10-19,20.611549999999998,20.611549999999998,20.45871,20.502380000000002,722600.0
2021-10-20,20.502380000000002,20.502380000000002,19.78185,20.087529999999997,2201200.0
2021-10-21,20.087529999999997,20.69889,19.912860000000002,20.69889,1273100.0
2021-10-22,20.69889,21.09191,20.52422,20.829900000000002,1360900.0
2021-10-25,20.960900000000002,21.20108,20.65522,20.65522,1122700.0
2021-10-26,20.52422,20.895400000000002,20.1312,20.895400000000002,807600.0
2021-10-27,20.895400000000002,22.31463,20.895400000000002,22.31463,3971100.0
2021-10-28,23.056990000000003,23.056990000000003,22.31463,22.663970000000003,1597400.0
2021-10-29,22.707639999999998,22.925990000000002,22.40196,22.75131,1247900.0
2021-11-01,23.14433,24.32338,22.96965,23.97403,3028900.0
2021-11-02,24.0177,24.93474,23.14433,24.629060000000003,1907600.0
2021-11-03,24.89107,24.89107,22.925990000000002,22.96965,2407900.0
2021-11-04,22.96965,24.19237,22.925990000000002,23.755689999999998,1862800.0
2021-11-05,23.755689999999998,24.58539,23.362669999999998,24.23604,1251700.0
2021-11-08,24.23604,24.49805,23.79936,23.93036,1057100.0
2021-11-09,24.0177,24.23604,23.58101,23.66835,1082000.0
2021-11-10,23.53735,24.36705,23.45001,23.93036,1332000.0
2021-11-11,24.105040000000002,24.45438,23.53735,23.79936,1541400.0
2021-11-12,24.0177,25.458759999999998,23.66835,25.458759999999998,2069400.0
2021-11-15,26.201130000000003,26.59414,25.371419999999997,25.851779999999998,1373100.0
2021-11-16,25.58977,25.851779999999998,25.10941,25.327759999999998,1167200.0
2021-11-17,25.371419999999997,26.63781,25.10941,26.55047,1836300.0
2021-11-18,26.768819999999998,26.81249,26.201130000000003,26.41947,811000.0
2021-11-19,26.33213,26.768819999999998,24.803729999999998,25.76444,1671900.0
2021-11-22,25.28409,25.76444,24.23604,24.41072,1801000.0
2021-11-23,24.41072,25.982779999999998,24.41072,25.76444,1137900.0
2021-11-24,26.201130000000003,26.33213,25.5461,25.72077,838900.0
2021-11-25,25.76444,26.201130000000003,25.6771,25.93912,988200.0
2021-11-26,26.33213,26.33213,25.327759999999998,25.41509,1175600.0
2021-11-29,24.89107,25.327759999999998,24.760060000000003,25.022080000000003,1112200.0
2021-11-30,25.41509,26.11379,25.19675,25.327759999999998,1094400.0
2021-12-01,25.6771,26.89982,25.327759999999998,26.856150000000003,2008300.0
2021-12-02,26.94349,28.03521,26.63781,27.51118,1696900.0
2021-12-03,27.51118,27.860529999999997,26.68148,27.0745,1117900.0
2021-12-06,26.856150000000003,27.11817,25.5461,26.201130000000003,1466100.0
2021-12-07,26.63781,27.2055,26.07012,27.11817,1086100.0
2021-12-08,27.2055,28.07887,26.856150000000003,28.07887,1102600.0
2021-12-09,28.16621,30.04396,27.68586,30.04396,1729900.0
2021-12-10,30.961,31.35401,30.305970000000002,31.35401,2154000.0
2021-12-13,31.39768,33.537440000000004,31.39768,33.057089999999995,1787200.0
2021-12-14,33.14443,34.49815,32.27105,33.40644,1646200.0
2021-12-15,33.40644,34.41081,32.96975,33.62478,1146100.0
2021-12-16,33.974129999999995,34.0178,33.013419999999996,33.27543,1083600.0
2021-12-17,33.23176,35.58986,32.75141,35.58986,1638700.0
2021-12-20,36.637910000000005,38.07897,35.80821,38.07897,1032100.0
2021-12-21,39.86938,40.2624,37.16193,37.86063,1554800.0
2021-12-22,37.249269999999996,39.258019999999995,37.249269999999996,38.20998,993500.0
2021-12-23,38.12264,39.258019999999995,37.68595,38.42832,1146600.0
2021-12-24,38.42832,41.0921,38.12264,41.0921,1421400.0
2021-12-27,42.7515,43.93056,41.65979,42.79517,1364500.0
2021-12-28,43.23186,44.105230000000006,41.96547,44.105230000000006,705900.0
2021-12-29,43.71221,45.63363,43.450199999999995,45.41529,574100.0
2021-12-30,45.63363,46.943690000000004,44.9786,45.63363,972300.0
2021-12-31,45.982980000000005,45.982980000000005,42.44582,43.75588,2483400.0
2022-01-04,43.05718,43.23186,41.48512,41.48512,2197800.0
2022-01-05,40.91743,43.23186,40.3934,41.04843,1543900.0
2022-01-06,40.43707,40.873760000000004,38.20998,38.20998,3625100.0
2022-01-07,36.72525,38.77767,36.11389,38.77767,2288900.0
2022-01-10,39.913050000000005,39.913050000000005,36.72525,37.46761,1284200.0
2022-01-11,36.89992,37.33661,34.8475,34.8475,2421300.0
2022-01-12,33.843120000000006,35.19685,32.44573,35.19685,2320800.0
2022-01-13,34.934839999999994,37.33661,34.934839999999994,36.24489,966200.0
2022-01-14,34.934839999999994,38.515660000000004,34.934839999999994,38.42832,1350800.0
2022-01-17,37.94796,38.166309999999996,35.764540000000004,35.764540000000004,1181600.0
2022-01-18,34.41081,34.934839999999994,33.27543,34.06146,1413600.0
2022-01-19,34.0178,36.07022,31.921709999999997,36.07022,827400.0
2022-01-20,36.681580000000004,36.681580000000004,35.19685,36.24489,485700.0
2022-01-21,36.24489,36.637910000000005,35.54619,36.24489,529700.0
2022-01-24,35.80821,35.80821,33.712120000000006,34.803830000000005,723000.0
2022-01-25,34.760160000000006,35.19685,33.27543,35.19685,541100.0
2022-01-26,35.37152,35.45886,34.49815,35.19685,275800.0
2022-01-27,34.934839999999994,36.681580000000004,34.71649,36.24489,787100.0
2022-01-28,36.33223,38.47199,36.33223,38.297309999999996,1194100.0
2022-02-07,40.96109,40.96109,40.61175,40.96109,1768500.0
2022-02-08,41.48512,43.05718,40.91743,41.04843,1232300.0
2022-02-09,41.04843,42.358489999999996,39.73838,41.83447,1019800.0
2022-02-10,42.27115,42.6205,41.35411,42.358489999999996,952400.0
2022-02-11,42.358489999999996,44.45458,42.358489999999996,43.23186,983600.0
2022-02-14,42.358489999999996,44.105230000000006,42.27115,42.83884,1159500.0
2022-02-15,43.10085,44.105230000000006,42.83884,42.88251,1062500.0
2022-02-16,43.49387,43.49387,41.04843,41.135769999999994,1612400.0
2022-02-17,40.69908,42.31482,40.48074,41.83447,847400.0
2022-02-18,42.79517,44.76026,42.358489999999996,44.76026,1778700.0
2022-02-21,47.86072,47.86072,46.725339999999996,47.38037,2471500.0
2022-02-22,46.28866,50.65551,45.41529,50.65551,2234500.0
2022-02-23,51.0922,53.01361,49.78214,50.917519999999996,1292500.0
2022-02-24,50.218830000000004,54.45467,50.218830000000004,54.45467,2302800.0
2022-02-25,55.67739,57.59881,53.93065,54.58568,1226000.0
2022-02-28,54.58568,54.58568,50.786519999999996,53.40663,1669800.0
2022-03-01,52.70793,55.37171,51.9219,54.14899,1289300.0
2022-03-02,54.14899,56.20142,53.712309999999995,55.459050000000005,903500.0
2022-03-03,55.459050000000005,56.419760000000004,54.49834,55.63373,964100.0
2022-03-04,55.502720000000004,58.69052,55.02237,56.76911,1154400.0
2022-03-07,56.90011,58.07916,55.895739999999996,56.76911,693100.0
2022-03-08,56.33242,57.16212,52.795269999999995,52.795269999999995,1882800.0
2022-03-09,53.27562,54.10533,50.437169999999995,52.35858,1860000.0
2022-03-10,52.48959,55.98307,52.48959,55.98307,638100.0
2022-03-11,57.20579,58.69052,55.459050000000005,56.20142,1070400.0
2022-03-14,55.15337,55.895739999999996,52.96994,54.49834,1322400.0
2022-03-15,55.19704,55.67739,54.06166,55.67739,665700.0
2022-03-16,57.642480000000006,59.56389,56.81278,59.56389,1145300.0
2022-03-17,62.70803,63.66874,60.69928,63.66874,1650700.0
2022-03-18,63.31939,63.66874,62.00933,63.23205,855400.0
2022-03-21,62.8827,65.28447,62.053,64.23643,796900.0
2022-03-22,63.53773,64.19276,61.13596,62.44602,1566800.0
2022-03-23,62.53336,66.81286999999999,62.53336,65.06613,1126200.0
2022-03-24,64.62944999999999,66.33252,64.19276,65.50282,466900.0
2022-03-25,66.37619000000001,68.55961,65.9395,67.90459,1116000.0
2022-03-28,66.02683999999999,68.34127000000001,66.02683999999999,67.4679,986800.0
2022-03-29,68.25393,68.51595,66.81286999999999,68.12293,666400.0
2022-03-30,68.12293,69.65133,66.90021,68.12293,700000.0
2022-03-31,67.94825,67.94825,64.62944999999999,65.54648,1587400.0
2022-04-01,65.50282,67.03122,63.974419999999995,66.46352,720900.0
2022-04-04,67.03122,67.64257,66.28885000000001,66.81286999999999,406500.0
2022-04-05,66.59452999999999,68.34127000000001,66.37619000000001,67.03122,518500.0
2022-04-06,66.59452999999999,69.86967,66.37619000000001,68.2976,912800.0
2022-04-07,69.826,69.86967,66.37619000000001,66.37619000000001,840700.0
2022-04-08,66.81286999999999,67.4679,62.00933,64.49844,856700.0
2022-04-12,62.44602,64.19276,60.65561,63.31939,988600.0
2022-04-13,63.27572,67.68624000000001,62.795370000000005,67.68624000000001,610500.0
2022-04-14,68.12293,72.40245,68.12293,72.1841,1663800.0
2022-04-15,71.39807,74.19286,70.78671,71.83475999999999,798800.0
2022-04-18,69.91333999999999,71.57274000000001,67.4679,70.5247,2006900.0
2022-04-19,70.96138,75.45924000000001,70.30636,74.14919,1464200.0
2022-04-20,74.14919,76.41995,73.01380999999999,73.40682000000001,578300.0
2022-04-21,71.83475999999999,74.01817999999999,68.82163,72.48978,1229000.0
2022-04-22,72.31511,73.36314999999999,67.42423,67.42423,2374600.0
2022-04-25,65.50282,67.68624000000001,62.70803,62.70803,1105900.0
2022-04-26,58.38484,64.19276,58.34118,63.31939,1477500.0
2022-04-27,62.00933,64.62944999999999,59.47656,63.75607,528500.0
2022-04-28,63.974419999999995,66.81286999999999,63.75607,65.19714,504500.0
2022-04-29,64.19276,68.9963,64.10542,68.34127000000001,735400.0
2022-05-04,67.68624000000001,69.65133,67.38056,68.86528999999999,917400.0
2022-05-05,69.03997,69.65133,65.19714,66.59452999999999,699700.0
2022-05-06,64.62944999999999,65.89583,61.96566000000001,61.96566000000001,949800.0
2022-05-09,59.60756,60.65561,57.642480000000006,57.642480000000006,1169600.0
2022-05-10,53.624970000000005,56.76911,53.624970000000005,53.712309999999995,2124400.0
2022-05-11,54.23633,56.20142,53.712309999999995,55.1097,566100.0
2022-05-12,54.84769,55.02237,51.266870000000004,51.266870000000004,1006700.0
2022-05-13,47.68605,48.8651,47.68605,47.68605,1353700.0
2022-05-16,48.0354,49.78214,44.367239999999995,44.367239999999995,1241400.0
2022-05-17,41.266769999999994,47.46771,41.266769999999994,47.46771,2288200.0
2022-05-18,48.341080000000005,49.78214,47.59871,49.5638,1177800.0
2022-05-19,46.113980000000005,48.47208,46.113980000000005,48.0354,821600.0
2022-05-20,47.94806,48.8651,46.943690000000004,47.38037,1241100.0
2022-05-23,48.25374,50.175160000000005,47.074690000000004,48.69043,1032600.0
2022-05-24,49.34545,49.73847,47.16203,49.73847,843100.0
2022-05-25,50.00048,53.18829,49.5638,53.18829,1066700.0
2022-05-26,54.14899,55.67739,53.93065,54.36734,1092000.0
2022-05-27,55.02237,58.1665,54.36734,57.99183,1240000.0
2022-05-30,58.07916,58.1665,56.76911,57.11846,714900.0
2022-05-31,57.20579,57.20579,53.27562,54.10533,1580800.0
2022-06-01,54.58568,57.42414,54.36734,57.42414,882300.0
2022-06-02,58.07916,60.56827,57.642480000000006,59.38922,954100.0
2022-06-03,60.262589999999996,60.262589999999996,58.21017,59.47656,951600.0
2022-06-06,59.17088,60.78661,58.996199999999995,59.08354,1539100.0
2022-06-07,63.11623,63.18198,59.89468,63.18198,1849800.0
2022-06-08,65.08862,67.58697000000001,64.62839,67.52122,1998000.0
2022-06-09,66.40353999999999,68.04719,65.41735,66.00905999999999,1175500.0
2022-06-10,65.08862,68.24443,64.43116,65.08862,1621800.0
2022-06-13,62.32728,63.642199999999995,60.55214,60.55214,2152900.0
2022-06-14,56.60737,60.48639,56.60737,59.17147,1729800.0
2022-06-15,59.17147,61.80131,58.448260000000005,60.091910000000006,1122200.0
2022-06-16,62.13004,64.23392,60.55214,64.23392,1878500.0
2022-06-17,62.13004,67.061,61.14385,67.061,2141300.0
2022-06-20,67.71846000000001,68.31017,63.44496,63.77369,1917000.0
2022-06-21,63.57646,64.89138,59.36871,59.36871,1458400.0
2022-06-22,60.48639,60.68363,55.226699999999994,55.226699999999994,3469500.0
2022-06-23,53.25432,59.03998,53.05708,59.03998,1464400.0
2022-06-24,60.15766000000001,61.47258,59.17147,59.63169,866600.0
2022-06-27,59.43445,60.48639,57.98804,58.51401,1136000.0
2022-06-28,58.51401,62.393029999999996,58.18528,61.80131,2018600.0
2022-06-29,60.55214,62.13004,58.71125,59.96042,1124900.0
2022-06-30,60.61788,61.14385,59.5002,59.96042,737200.0
2022-07-01,59.36871,59.76318,55.818419999999996,58.38252,1912900.0
2022-07-04,58.71125,59.30296,56.212900000000005,56.54163,637400.0
2022-07-05,56.212900000000005,56.54163,52.59686,52.59686,2376400.0
2022-07-06,50.624480000000005,51.873650000000005,48.91508,48.91508,1511800.0
2022-07-07,48.6521,52.20238,48.6521,51.61067,948200.0
2022-07-08,52.26813,53.32007,51.216190000000005,52.00515,503800.0
2022-07-11,51.15045,51.34769,48.38911,48.980830000000005,1036300.0
2022-07-12,48.91508,51.281940000000006,48.91508,51.281940000000006,687400.0
2022-07-13,51.61067,51.80791000000001,49.63829,50.03276,473100.0
2022-07-14,48.717839999999995,49.96702,48.38911,49.96702,1170500.0
2022-07-15,49.96702,51.67642,46.61397,48.19187,1607400.0
2022-07-18,48.19187,49.243809999999996,46.02225,47.665910000000004,1522700.0
2022-07-19,47.337180000000004,47.665910000000004,46.21949,46.41673,1101500.0
2022-07-20,47.00844,49.63829,46.81121,49.63829,1222000.0
2022-07-21,50.624480000000005,52.991339999999994,50.624480000000005,51.9394,2558600.0
2022-07-22,51.9394,52.26813,50.29575,50.29575,948500.0
2022-07-25,50.16426,51.67642,49.441050000000004,50.29575,1033000.0
2022-07-26,50.88746,51.61067,50.03276,50.624480000000005,857300.0
2022-07-27,50.558730000000004,51.61067,49.76978,51.281940000000006,1188400.0
2022-07-28,52.20238,52.20238,50.098510000000005,50.29575,1686900.0
2022-07-29,50.361489999999996,50.88746,47.337180000000004,47.337180000000004,2589200.0
2022-08-01,46.02225,49.63829,44.44435,48.6521,3777500.0
2022-08-02,48.38911,49.17807,47.73165,47.92889,854500.0
2022-08-03,47.27143,48.25762,47.20568,47.665910000000004,869000.0
2022-08-04,47.92889,49.30956,47.665910000000004,48.78359,1796100.0
2022-08-05,48.91508,49.30956,48.25762,49.30956,1258100.0
2022-08-08,49.63829,52.72835,49.441050000000004,52.72835,2922800.0
2022-08-09,53.78029,53.91178,52.20238,52.66261,1686000.0
2022-08-10,52.59686,52.85985,51.67642,51.67642,1385400.0
2022-08-11,52.59686,53.71454,50.624480000000005,52.00515,2018500.0
2022-08-12,52.00515,55.62118,51.41343,55.62118,4172600.0
2022-08-15,56.27864,57.72506,55.818419999999996,57.72506,1376100.0
2022-08-16,57.790800000000004,57.98804,56.47588,56.60737,1595500.0
2022-08-17,56.54163,57.72506,55.94991,56.212900000000005,1401400.0
2022-08-18,56.015660000000004,57.13334,55.62118,56.14715,1510500.0
2022-08-19,56.47588,57.922290000000004,55.88417,56.60737,1945900.0
2022-08-22,56.54163,59.10572,56.54163,58.18528,2155400.0
2022-08-23,57.26483,58.51401,57.067589999999996,58.51401,1074800.0
2022-08-24,59.17147,59.43445,57.72506,58.05379,1556900.0
2022-08-25,57.856550000000006,59.82893,56.936099999999996,58.57975,3260600.0
2022-08-26,58.51401,60.42064,58.448260000000005,58.51401,1754700.0
2022-08-29,57.330580000000005,58.6455,55.09521,58.25102,3025100.0
2022-08-30,58.51401,60.02617,58.25102,58.51401,1722300.0
2022-08-31,57.922290000000004,60.3549,57.922290000000004,59.82893,2168900.0
2022-09-05,60.48639,61.01236,59.82893,60.3549,1620700.0
2022-09-06,60.15766000000001,60.48639,59.36871,59.69744,1906200.0
2022-09-07,59.30296,59.69744,55.88417,55.88417,3605600.0
2022-09-08,56.936099999999996,57.790800000000004,55.292449999999995,56.673120000000004,1763400.0
2022-09-09,57.46207,57.98804,56.410129999999995,57.98804,976700.0
2022-09-12,58.51401,61.47258,58.05379,60.42064,3155212.0
2022-09-13,60.48639,60.48639,59.43445,59.96042,1214600.0
2022-09-14,58.38252,60.42064,58.38252,60.28915,1959500.0
2022-09-15,60.55214,60.81512,59.82893,59.82893,1216400.0
2022-09-16,59.565949999999994,59.82893,57.52782,58.05379,1831300.0
2022-09-19,57.922290000000004,58.18528,54.89797,55.226699999999994,2560200.0
2022-09-20,55.88417,56.87036,53.71454,56.87036,1584600.0
2022-09-21,55.88417,56.804610000000004,55.292449999999995,55.752669999999995,664800.0
2022-09-22,54.96372,57.13334,54.700739999999996,57.00185,1435000.0
2022-09-23,57.00185,57.19909,55.88417,56.14715,745600.0
2022-09-26,54.37201,55.226699999999994,52.26813,52.26813,4080500.0
2022-09-27,52.59686,52.92559,51.742160000000005,51.742160000000005,1246600.0
2022-09-28,50.88746,51.9394,48.126129999999996,48.126129999999996,2647123.0
2022-09-29,49.30956,49.704029999999996,46.35098,46.67971,1638177.0
2022-09-30,46.02225,48.323370000000004,43.58965,48.19187,2322877.0
2022-10-03,47.665910000000004,47.92889,44.83882,44.83882,1350519.0
2022-10-04,45.95651,46.35098,43.65539,44.049870000000006,1283228.0
2022-10-05,45.10181,47.00844,44.70733,46.67971,1079441.0
2022-10-06,47.20568,47.20568,43.72114,44.049870000000006,1561683.0
2022-10-07,43.78689,43.78689,41.28854,41.748760000000004,1830423.0
2022-10-10,40.17085,44.641589999999994,40.17085,44.641589999999994,1512315.0
2022-10-11,44.90457,45.62778,42.274730000000005,43.06368,1811579.0
2022-10-12,43.392410000000005,46.02225,43.392410000000005,46.02225,2024507.0
2022-10-13,46.35098,48.19187,46.21949,47.92889,1936494.0
2022-10-14,48.717839999999995,51.281940000000006,48.19187,51.281940000000006,2937168.0
2022-10-17,51.34769,52.72835,49.96702,52.46537,2513090.0
2022-10-18,53.58305,53.58305,50.49299,51.281940000000006,1720732.0
2022-10-19,51.41343,53.45156,50.88746,53.12283,2074068.0
2022-10-20,52.46537,53.25432,51.54492,51.80791000000001,1090212.0
2022-10-21,51.742160000000005,51.80791000000001,48.19187,48.19187,3681452.0
2022-10-24,48.6521,51.15045,47.337180000000004,48.980830000000005,2131428.0
2022-10-25,49.3753,51.61067,47.665910000000004,50.624480000000005,1666571.0
2022-10-26,51.281940000000006,51.47918,49.506800000000005,49.63829,838089.0
2022-10-27,49.30956,53.05708,49.30956,53.05708,2234721.0
2022-10-28,53.58305,55.226699999999994,52.92559,53.91178,2180107.0
2022-10-31,53.91178,54.174769999999995,50.82172,53.78029,2826262.0
2022-11-01,54.174769999999995,55.55543,53.05708,53.05708,1616445.0
2022-11-02,53.05708,53.12283,50.624480000000005,50.95321,1762318.0
2022-11-03,49.96702,52.07089,49.96702,50.361489999999996,1080277.0
2022-11-04,49.96702,50.361489999999996,47.337180000000004,47.7974,2320584.0
2022-11-07,47.99464,49.30956,45.10181,46.81121,1475812.0
2022-11-08,46.81121,49.11232,46.02225,48.6521,875910.0
2022-11-09,49.441050000000004,49.90127,48.323370000000004,49.17807,937369.0
2022-11-10,48.6521,48.78359,45.759269999999994,45.759269999999994,2050396.0
2022-11-11,47.40292,47.40292,45.36479,45.36479,1114886.0
2022-11-14,44.049870000000006,44.70733,42.208980000000004,42.208980000000004,2157193.0
2022-11-15,39.31615,40.76257,39.31615,39.31615,656044.0
2022-11-16,36.62056,42.011739999999996,36.62056,42.011739999999996,2799924.0
2022-11-17,42.406220000000005,44.44435,42.406220000000005,42.997930000000004,857420.0
2022-11-18,42.14324,43.392410000000005,40.03936,42.866440000000004,1544866.0
2022-11-21,43.12943,43.12943,41.22279,41.22279,1180699.0
2022-11-22,40.43384,42.866440000000004,39.51339,41.68301,1492030.0
2022-11-23,41.485769999999995,42.208980000000004,40.631080000000004,40.828309999999995,658205.0
2022-11-24,40.236599999999996,40.76257,38.00123000000001,38.00123000000001,1963624.0
2022-11-25,38.00123000000001,38.85593,37.21228,38.79019,1192326.0
2022-11-28,40.10511,41.485769999999995,39.44765,41.485769999999995,1115635.0
2022-11-29,43.392410000000005,43.72114,41.42003,43.65539,1825726.0
2022-11-30,43.65539,46.67971,43.06368,46.67971,1303869.0
2022-12-01,47.00844,47.99464,44.3786,44.70733,1635779.0
2022-12-02,44.70733,46.02225,43.58965,46.02225,1112591.0
2022-12-05,46.35098,47.665910000000004,45.89076,46.21949,1073528.0
2022-12-06,46.21949,47.99464,44.57584,45.2333,1898482.0
2022-12-07,45.2333,46.876949999999994,44.641589999999994,46.02225,1473561.0
2022-12-08,46.942699999999995,48.323370000000004,46.67971,47.92889,1372825.0
2022-12-09,47.337180000000004,48.38911,46.876949999999994,48.38911,917256.0
2022-12-12,48.323370000000004,49.17807,47.665910000000004,48.6521,1198939.0
2022-12-13,48.323370000000004,49.30956,46.942699999999995,49.30956,776239.0
2022-12-14,49.30956,49.63829,48.323370000000004,48.980830000000005,685480.0
2022-12-15,48.91508,49.30956,48.060379999999995,49.243809999999996,845654.0
2022-12-16,48.6521,49.243809999999996,48.126129999999996,49.11232,481259.0
2022-12-19,48.84934,49.96702,48.25762,48.323370000000004,711179.0
2022-12-20,47.40292,47.99464,45.03606,47.337180000000004,1733489.0
2022-12-21,46.67971,47.337180000000004,44.83882,47.337180000000004,582663.0
2022-12-22,47.337180000000004,47.73165,45.759269999999994,47.20568,332000.0
2022-12-23,46.35098,46.942699999999995,46.15375,46.67971,363566.0
2022-12-26,46.35098,46.35098,43.98413,43.98413,506890.0
2022-12-27,43.85263,45.36479,43.85263,45.36479,366640.0
2022-12-28,45.89076,46.15375,44.70733,46.15375,318432.0
2022-12-29,44.83882,45.62778,44.77308,45.03606,248726.0
2022-12-30,45.56203,45.56203,44.44435,45.36479,345762.0
2023-01-03,45.36479,46.48248,44.83882,46.41673,909876.0
2023-01-04,46.41673,46.54822,45.62778,45.62778,337343.0
2023-01-05,45.62778,46.61397,45.49629,45.95651,284838.0
2023-01-06,45.95651,46.35098,45.10181,45.36479,417356.0
2023-01-09,46.02225,46.02225,44.049870000000006,44.049870000000006,702431.0
2023-01-10,44.31286,44.77308,43.91838,44.18136,315461.0
2023-01-11,44.3786,44.57584,43.523900000000005,43.523900000000005,661508.0
2023-01-12,44.11562,44.11562,43.26092,43.392410000000005,377982.0
2023-01-13,43.392410000000005,43.78689,43.06368,43.06368,490711.0
2023-01-16,43.06368,43.06368,42.07749,42.07749,577617.0
2023-01-17,42.07749,43.392410000000005,42.07749,43.392410000000005,398828.0
2023-01-18,43.392410000000005,45.56203,43.392410000000005,45.10181,837816.0
2023-01-19,44.57584,45.69352,44.51009,45.69352,777569.0
2023-01-27,45.89076,48.25762,45.89076,47.99464,1678132.0
2023-01-30,48.6521,49.572540000000004,47.99464,48.717839999999995,1349755.0
2023-01-31,48.323370000000004,48.78359,47.665910000000004,48.5206,797619.0
2023-02-01,48.980830000000005,48.980830000000005,46.02225,46.21949,1293509.0
2023-02-02,46.48248,47.00844,45.95651,46.41673,529528.0
2023-02-03,46.942699999999995,46.942699999999995,46.02225,46.942699999999995,1259879.0
2023-02-06,46.942699999999995,48.25762,46.48248,47.99464,1815077.0
2023-02-07,48.323370000000004,50.75597,48.060379999999995,50.03276,2866649.0
2023-02-08,49.83553,51.0847,48.5206,49.506800000000005,1084260.0
2023-02-09,49.506800000000005,50.49299,48.454860000000004,48.454860000000004,779697.0
2023-02-10,47.99464,49.04657,46.41673,47.13994,1125131.0
2023-02-13,47.13994,47.7974,46.088,47.27143,851183.0
2023-02-14,47.73165,48.126129999999996,47.27143,47.99464,635279.0
2023-02-15,47.7974,49.243809999999996,47.73165,48.323370000000004,543820.0
2023-02-16,48.38911,48.84934,47.99464,48.19187,497965.0
2023-02-17,48.19187,49.76978,47.99464,48.6521,726700.0
2023-02-20,48.717839999999995,50.558730000000004,48.5206,49.96702,1321433.0
2023-02-21,50.49299,51.15045,49.83553,49.83553,1332800.0
2023-02-22,49.3753,51.61067,49.11232,49.441050000000004,2171263.0
2023-02-23,49.441050000000004,49.90127,47.86314,49.572540000000004,1046037.0
2023-02-24,49.572540000000004,49.63829,47.7974,47.7974,852574.0
2023-02-27,46.67971,47.665910000000004,46.35098,46.41673,903032.0
2023-02-28,46.67971,47.00844,45.10181,45.36479,711130.0
2023-03-01,45.36479,47.13994,44.70733,47.13994,425691.0
2023-03-02,47.20568,47.27143,46.41673,46.61397,384451.0
2023-03-03,46.876949999999994,46.876949999999994,45.69352,45.69352,485866.0
2023-03-06,45.95651,46.942699999999995,45.95651,45.95651,385747.0
2023-03-07,46.088,46.48248,45.825019999999995,45.95651,390210.0
2023-03-08,45.95651,47.60016,45.759269999999994,47.60016,669043.0
2023-03-09,47.60016,48.25762,47.337180000000004,47.665910000000004,535538.0
2023-03-10,47.53441,47.7974,47.07419,47.337180000000004,342145.0
2023-03-13,46.67971,47.00844,46.54822,46.54822,452299.0
2023-03-14,46.54822,46.61397,45.43054,45.759269999999994,759739.0
2023-03-15,47.13994,47.337180000000004,46.35098,47.00844,480368.0
2023-03-16,46.35098,46.67971,45.759269999999994,46.02225,615513.0
2023-03-17,46.285239999999995,46.67971,45.29905,45.29905,639394.0
2023-03-20,45.36479,45.69352,43.26092,43.392410000000005,1737419.0
2023-03-21,43.98413,44.049870000000006,42.932190000000006,43.98413,821752.0
2023-03-22,44.11562,44.11562,42.932190000000006,42.932190000000006,932097.0
2023-03-23,42.932190000000006,43.45816000000001,42.011739999999996,42.011739999999996,1080085.0
2023-03-24,42.6692,43.06368,42.34047,42.73495,822988.0
2023-03-27,42.73495,43.523900000000005,42.6692,42.8007,867666.0
2023-03-28,43.392410000000005,43.45816000000001,42.6692,42.6692,631774.0
2023-03-29,43.06368,43.06368,41.091300000000004,41.61727,1611003.0
2023-03-30,41.8145,42.07749,40.10511,40.56533,1596618.0
2023-03-31,40.56533,41.091300000000004,40.10511,40.10511,858909.0
2023-04-03,40.95981,40.95981,40.10511,40.43384,1274375.0
2023-04-04,40.49958,42.73495,40.49958,42.73495,1711238.0
2023-04-05,42.73495,43.06368,42.208980000000004,42.47197,609867.0
2023-04-06,42.47197,42.997930000000004,42.011739999999996,42.07749,1147066.0
2023-04-07,42.07749,42.274730000000005,41.55152,41.68301,507211.0
2023-04-10,42.07749,44.31286,42.011739999999996,43.392410000000005,2272714.0
2023-04-11,43.392410000000005,43.58965,42.73495,43.06368,733842.0
2023-04-12,43.06368,43.58965,42.73495,42.73495,687216.0
2023-04-13,42.997930000000004,44.049870000000006,42.6692,43.85263,1578757.0
2023-04-14,43.98413,44.3786,42.73495,42.73495,1035373.0
2023-04-17,42.932190000000006,43.98413,42.47197,43.06368,650516.0
2023-04-18,43.91838,43.91838,43.26092,43.392410000000005,754588.0
2023-04-19,43.45816000000001,45.36479,43.45816000000001,44.44435,2111857.0
2023-04-20,44.57584,44.83882,43.85263,43.85263,592005.0
2023-04-21,44.18136,44.18136,42.73495,43.12943,999636.0
2023-04-24,43.19517,43.392410000000005,41.748760000000004,41.946,946119.0
2023-04-25,42.07749,42.34047,41.22279,41.42003,759422.0
2023-04-26,41.15704,42.208980000000004,40.95981,42.14324,597527.0
2023-04-27,42.47197,42.47197,41.8145,41.88025,299073.0
2023-04-28,42.274730000000005,42.47197,41.748760000000004,41.946,517203.0
2023-05-04,41.354279999999996,42.53771,41.354279999999996,42.14324,471522.0
2023-05-05,42.14324,42.406220000000005,41.946,42.07749,254891.0
2023-05-08,42.07749,42.208980000000004,41.748760000000004,41.748760000000004,527666.0
2023-05-09,41.8145,42.34047,41.42003,41.748760000000004,324506.0
2023-05-10,42.011739999999996,42.34047,41.88025,42.07749,421590.0
2023-05-11,42.208980000000004,42.997930000000004,42.07749,42.274730000000005,551465.0
2023-05-12,42.07749,42.406220000000005,42.011739999999996,42.14324,546706.0
2023-05-15,42.208980000000004,42.406220000000005,41.88025,41.88025,602449.0
2023-05-16,42.011739999999996,42.07749,41.354279999999996,41.55152,578119.0
2023-05-17,41.55152,41.55152,40.76257,40.76257,1041272.0
2023-05-18,40.76257,41.091300000000004,40.56533,41.091300000000004,363223.0
2023-05-19,40.76257,41.354279999999996,40.69682,40.95981,305499.0
2023-05-22,40.95981,41.61727,40.95981,41.42003,338044.0
2023-05-23,41.68301,41.68301,41.22279,41.22279,416343.0
2023-05-24,41.22279,41.42003,41.22279,41.28854,308704.0
2023-05-25,41.28854,41.354279999999996,40.76257,41.28854,434626.0
2023-05-26,41.42003,41.748760000000004,41.091300000000004,41.42003,388342.0
2023-05-29,41.88025,41.88025,41.42003,41.55152,418190.0
2023-05-30,41.61727,42.932190000000006,41.61727,42.6692,1244554.0
2023-05-31,42.6692,42.866440000000004,41.88025,41.88025,559389.0
2023-06-01,42.07749,42.6692,41.88025,42.6692,704919.0
2023-06-02,42.73495,43.72114,42.406220000000005,43.392410000000005,1381873.0
2023-06-05,44.3786,44.3786,43.12943,43.12943,1030609.0
2023-06-06,43.65801999999999,44.64851,43.42944,43.65801999999999,1130372.0
2023-06-07,43.96278,44.11517,43.20086,43.8104,756274.0
2023-06-08,43.8104,44.11517,43.50563,43.58182,1042733.0
2023-06-09,43.73421,44.26755,43.124669999999995,44.26755,941537.0
2023-06-12,44.419940000000004,47.31523,44.34374,47.31523,2637990.0
2023-06-13,47.77238,48.07715,47.01046,47.16285,1075179.0
2023-06-14,47.39142,47.54381,46.47712,47.01046,1235158.0
2023-06-15,46.78189,48.15334,46.78189,47.62,1088964.0
2023-06-16,48.00096,48.762879999999996,47.08666,47.23904,1289772.0
2023-06-19,47.467620000000004,48.38192,47.08666,47.84858,887168.0
2023-06-20,47.54381,48.99146,47.54381,48.91526,861115.0
2023-06-21,48.91526,51.20102,48.91526,50.82006,1551335.0
2023-06-22,50.74387,50.972449999999995,50.28672,50.66768,619460.0
2023-06-23,50.28672,51.96294,50.28672,51.65818,871360.0
2023-06-26,51.4296,52.648669999999996,50.28672,52.572480000000006,1268503.0
2023-06-27,52.95344,53.25821,52.19152,52.26771,734407.0
2023-06-28,52.19152,52.572480000000006,51.65818,51.810559999999995,660819.0
2023-06-29,51.810559999999995,51.88675,51.04864,51.04864,1085998.0
2023-06-30,51.12483,54.553470000000004,51.12483,54.553470000000004,2853794.0
2023-07-03,55.2392,55.92493,53.486779999999996,54.2487,635815.0
2023-07-04,54.3249,55.92493,54.09632,55.46778,813889.0
2023-07-05,56.229699999999994,58.66784,55.620160000000006,57.144,936741.0
2023-07-06,57.144,58.1345,56.763040000000004,56.763040000000004,1519920.0
2023-07-07,56.534459999999996,58.28688,56.534459999999996,57.29638,704694.0
2023-07-10,57.067809999999994,58.28688,56.83923,57.52496,1187123.0
2023-07-11,57.601150000000004,58.66784,57.29638,58.51546,1298917.0
2023-07-12,59.0488,59.0488,57.52496,57.905919999999995,991641.0
2023-07-13,58.0583,59.50595,57.905919999999995,58.21069,1025136.0
2023-07-14,58.0583,59.12499,58.0583,58.82022,1079390.0
2023-07-17,58.97261,61.9441,58.89642,60.42026,1007651.0
2023-07-18,60.26787,60.9536,59.20118,59.42976,723799.0
2023-07-19,59.42976,60.34406,58.59165,58.66784,1016924.0
2023-07-20,58.36307,59.73453,58.28688,58.28688,1632963.0
2023-07-21,57.98211,59.73453,57.75354,58.82022,2526201.0
2023-07-24,58.82022,59.35357,57.75354,58.66784,2021315.0
2023-07-25,58.66784,60.496449999999996,57.905919999999995,58.439260000000004,1152026.0
2023-07-26,58.66784,59.12499,57.98211,58.28688,892354.0
2023-07-27,58.66784,59.658339999999995,58.1345,59.42976,1722759.0
2023-07-28,60.039300000000004,60.725019999999994,59.658339999999995,59.658339999999995,1093642.0
2023-07-31,57.905919999999995,58.66784,57.144,58.21069,3090593.0
2023-08-01,58.28688,59.42976,57.677339999999994,58.0583,1096293.0
2023-08-02,57.601150000000004,58.66784,57.601150000000004,58.21069,935629.0
2023-08-03,57.98211,61.486940000000004,57.98211,60.19168,2784345.0
2023-08-04,59.88691,61.10598,59.88691,60.19168,762985.0
2023-08-07,60.26787,62.8584,59.9631,61.71552,1640505.0
2023-08-08,62.09648,62.09648,60.26787,60.26787,1013141.0
2023-08-09,59.9631,60.26787,59.0488,59.0488,1213960.0
2023-08-10,59.73453,59.81072,56.38208,56.38208,2410479.0
2023-08-11,55.620160000000006,57.144,55.620160000000006,57.144,1422893.0
2023-08-14,56.763040000000004,57.52496,56.30589,56.534459999999996,996263.0
2023-08-15,56.38208,57.144,56.38208,56.61066,548168.0
2023-08-16,56.763040000000004,56.83923,55.696349999999995,55.77254,812679.0
2023-08-17,55.696349999999995,55.696349999999995,54.553470000000004,54.553470000000004,1378590.0
2023-08-18,54.3249,54.47728,51.810559999999995,51.96294,1522597.0
2023-08-21,51.810559999999995,55.54397,51.810559999999995,55.391580000000005,1176128.0
2023-08-22,55.31539,56.991620000000005,53.3344,56.991620000000005,1678665.0
2023-08-23,56.991620000000005,56.991620000000005,55.620160000000006,56.38208,631179.0
2023-08-24,56.38208,58.97261,56.00112,58.66784,1987674.0
2023-08-25,58.28688,59.12499,57.98211,58.66784,683805.0
2023-08-28,58.74403,62.47744,58.74403,61.56314,1916178.0
2023-08-29,61.334559999999996,62.09648,60.26787,61.71552,1328341.0
2023-08-30,61.71552,64.38224,61.56314,63.467940000000006,1789801.0
2023-08-31,63.23936,63.8489,62.78221,63.62032,945081.0
2023-09-05,63.23936,63.7727,62.47744,62.93459,1095339.0
2023-09-06,63.23936,65.52512,62.8584,64.61082,1150978.0
2023-09-07,64.00128,64.83939,64.00128,64.15366,561447.0
2023-09-08,64.00128,65.52512,63.69651,65.52512,878924.0
2023-09-11,65.6775,66.28703999999999,64.7632,64.7632,947072.0
2023-09-12,64.68701,65.90608,64.45843,65.90608,739641.0
2023-09-13,65.90608,67.81088000000001,63.16317,64.30605,1314717.0
2023-09-14,64.30605,64.99178,63.7727,64.30605,849280.0
2023-09-15,64.7632,66.36323,64.45843,65.52512,798121.0
2023-09-18,64.7632,65.90608,64.7632,65.90608,485605.0
2023-09-19,65.90608,66.36323,64.07747,66.28703999999999,700201.0
2023-09-20,66.51562,70.09664,66.28703999999999,67.96325999999999,1009509.0
2023-09-21,67.6585,68.72518,67.04896000000001,67.42992,571401.0
2023-09-22,65.52512,68.19184,63.92509,67.81088000000001,1607360.0
2023-09-25,67.04896000000001,68.03946,64.07747,65.90608,1097523.0
2023-09-26,63.62032,65.90608,63.62032,63.92509,643971.0
2023-09-27,64.00128,64.7632,61.486940000000004,64.7632,900599.0
2023-09-28,64.7632,65.90608,63.92509,64.91558,491585.0
2023-09-29,65.60131,68.95375999999999,65.29654000000001,67.81088000000001,1625052.0
2023-10-02,67.81088000000001,69.25853,67.6585,68.5728,467004.0
2023-10-03,67.04896000000001,69.33472,65.60131,67.81088000000001,1041591.0
2023-10-04,66.28703999999999,72.53478,66.28703999999999,72.53478,1285061.0
2023-10-05,72.38239999999999,73.14432000000001,71.77286,71.92525,906679.0
2023-10-06,72.38239999999999,75.43008,71.01094,74.2872,629236.0
2023-10-09,72.83955,74.21101,72.61098,73.14432000000001,639292.0
2023-10-10,73.14432000000001,73.52528,71.62048,72.45859,1079106.0
2023-10-11,72.45859,73.90624000000001,72.45859,73.14432000000001,323671.0
2023-10-12,74.2872,74.97292999999999,72.38239999999999,73.14432000000001,562074.0
2023-10-13,72.76336,74.21101,72.38239999999999,74.21101,526938.0
2023-10-16,74.21101,75.65866,73.14432000000001,73.90624000000001,703209.0
2023-10-17,73.90624000000001,75.04912,72.00144,72.00144,616069.0
2023-10-18,72.45859,73.14432000000001,67.81088000000001,72.38239999999999,1434010.0
2023-10-19,71.62048,72.15382000000001,70.09664,71.62048,505404.0
2023-10-20,70.09664,72.38239999999999,67.81088000000001,72.15382000000001,1064187.0
2023-10-23,71.77286,71.77286,69.33472,70.78237,390114.0
2023-10-24,70.85856,71.69667,70.47760000000001,71.54428999999999,349765.0
2023-10-25,71.62048,73.90624000000001,70.78237,72.38239999999999,422169.0
2023-10-26,70.70617999999999,70.78237,67.81088000000001,70.78237,884452.0
2023-10-27,69.33472,70.85856,68.5728,70.70617999999999,333686.0
2023-10-30,70.47760000000001,70.47760000000001,65.82989,65.82989,444766.0
2023-10-31,64.45843,66.97277,64.45843,66.28703999999999,964721.0
2023-11-01,66.28703999999999,67.04896000000001,64.30605,67.04896000000001,616929.0
2023-11-02,68.95375999999999,70.85856,67.12514999999999,70.70617999999999,304048.0
2023-11-03,70.40141,73.2967,68.72518,73.14432000000001,517138.0
2023-11-06,72.45859,73.90624000000001,72.38239999999999,73.90624000000001,495512.0
2023-11-07,73.90624000000001,74.66816,72.83955,73.14432000000001,449793.0
2023-11-08,73.14432000000001,76.95392,72.61098,76.192,911256.0
2023-11-09,76.34438,79.84922,75.65866,79.62064,676961.0
2023-11-10,78.63014,81.44925,78.24918,78.70634,335238.0
2023-11-13,78.70634,80.38256,77.71584,78.70634,296192.0
2023-11-14,79.62064,79.69683,78.47775999999999,79.23967999999999,165666.0
2023-11-15,80.00160000000001,80.00160000000001,78.24918,79.92541,377531.0
2023-11-16,79.23967999999999,79.54445,76.95392,78.85872,516364.0
2023-11-17,77.79203,78.85872,75.43008,78.40157,724355.0
2023-11-20,76.192,78.40157,76.192,77.33488,181181.0
2023-11-21,78.0968,78.40157,76.72534,77.71584,189690.0
2023-11-22,77.71584,77.94442,76.34438,77.48725999999999,186384.0
2023-11-23,77.71584,79.62064,76.11581,76.11581,319913.0
2023-11-24,76.03962,77.71584,73.75386,77.71584,733665.0
2023-11-27,78.32538000000001,78.32538000000001,75.43008,75.43008,100833.0
2023-11-28,74.59197,75.43008,73.14432000000001,75.2777,362217.0
2023-11-29,75.12531,76.87773,74.66816,76.03962,222325.0
2023-11-30,76.64914999999999,79.84922,76.192,78.02061,588388.0
2023-12-01,78.85872,78.93491,76.80153999999999,78.47775999999999,163828.0
2023-12-04,78.47775999999999,78.85872,77.33488,78.47775999999999,462696.0
2023-12-05,79.23967999999999,79.23967999999999,77.56346,77.56346,415334.0
2023-12-06,77.56346,77.56346,75.81103999999999,77.56346,555307.0
2023-12-07,77.48725999999999,77.63964999999999,74.97292999999999,77.63964999999999,398411.0
2023-12-08,77.56346,77.56346,75.81103999999999,77.03011000000001,261965.0
2023-12-11,75.43008,76.95392,75.2777,75.50627,296370.0
2023-12-12,75.43008,77.33488,75.35388999999999,77.33488,391448.0
2023-12-13,77.33488,77.33488,75.43008,76.192,288275.0
2023-12-14,76.192,76.192,74.97292999999999,76.192,297818.0
2023-12-15,75.35388999999999,76.80153999999999,75.12531,76.80153999999999,222440.0
2023-12-18,76.192,76.64914999999999,75.2777,76.64914999999999,111877.0
2023-12-19,76.192,76.192,75.2015,75.96342,233829.0
2023-12-20,75.43008,77.48725999999999,75.43008,77.33488,413670.0
2023-12-21,77.33488,78.85872,76.87773,77.63964999999999,705456.0
2023-12-22,77.56346,78.32538000000001,77.25869,78.0968,382712.0
2023-12-25,78.17299,79.46826,77.71584,79.16349000000001,534002.0
2023-12-26,79.16349000000001,79.39206,78.40157,78.78253,208662.0
2023-12-27,78.78253,80.23017999999999,78.47775999999999,78.55395,546521.0
2023-12-28,78.55395,80.15397999999999,77.48725999999999,80.15397999999999,464125.0
2023-12-29,80.15397999999999,81.52544,78.70634,81.52544,416418.0
2024-01-02,81.44925,81.44925,79.23967999999999,80.23017999999999,235826.0
2024-01-03,80.00160000000001,80.23017999999999,78.63014,80.00160000000001,453700.0
2024-01-04,80.68733,80.68733,78.24918,78.85872,776157.0
2024-01-05,78.32538000000001,79.23967999999999,77.86822000000001,78.47775999999999,320453.0
2024-01-08,78.55395,78.70634,76.95392,77.03011000000001,489480.0
2024-01-09,77.33488,77.94442,76.57296000000001,76.57296000000001,438915.0
2024-01-10,76.34438,77.56346,74.21101,75.35388999999999,1154871.0
2024-01-11,75.43008,76.192,74.66816,74.74435000000001,345905.0
2024-01-12,74.74435000000001,76.03962,74.21101,74.51577999999999,333571.0
2024-01-15,74.43958,75.81103999999999,73.83005,73.83005,445728.0
2024-01-16,72.91574,75.04912,72.91574,74.82054,485591.0
2024-01-17,75.58246000000001,76.03962,74.97292999999999,75.81103999999999,511673.0
2024-01-18,75.81103999999999,76.192,75.43008,75.96342,460671.0
2024-01-19,76.49677,76.49677,75.2777,76.11581,620766.0
2024-01-22,76.11581,77.1825,74.51577999999999,76.80153999999999,594001.0
2024-01-23,76.80153999999999,76.80153999999999,75.88723,76.26819,392099.0
2024-01-24,76.26819,76.49677,75.50627,75.73485000000001,454905.0
2024-01-25,75.43008,80.99210000000001,75.43008,80.99210000000001,1646980.0
2024-01-26,80.9159,81.37306,79.31586999999999,80.00160000000001,727319.0
2024-01-29,80.00160000000001,82.66832000000001,78.24918,82.66832000000001,1201460.0
2024-01-30,82.66832000000001,87.6208,81.14448,86.6303,970741.0
2024-01-31,86.7065,88.38272,85.716,87.31603,738237.0
2024-02-01,87.31603,90.28752,87.31603,90.05894,443936.0
2024-02-02,90.28752,90.89706,89.22083,90.66848,550649.0
2024-02-05,90.66848,91.35421000000001,89.90656,91.04944,733954.0
2024-02-06,91.04944,94.70666,90.66848,94.09711999999999,1161636.0
2024-02-07,94.93522999999999,96.68764999999999,94.17331,95.24,297880.0
2024-02-15,95.24,95.54477,93.25900999999999,95.54477,422998.0
2024-02-16,95.54477,95.54477,93.71616,94.85904,423251.0
2024-02-19,93.3352,94.40189,93.03043,94.09711999999999,467076.0
2024-02-20,92.95424,93.94474000000001,92.72566,93.41139,541430.0
2024-02-21,93.03043,98.28768,93.03043,96.61146000000001,463619.0
2024-02-22,96.61146000000001,97.52575999999999,95.24,96.38288,235304.0
2024-02-23,95.08762,100.42106,95.08762,99.73533,627299.0
2024-02-26,99.73533,102.8592,97.52575999999999,102.47824,340658.0
2024-02-27,102.8592,105.83069,99.81152,103.54493,586855.0
2024-02-28,103.54493,104.00208,100.72582000000001,103.8497,779128.0
2024-02-29,102.8592,111.01174,102.09728,110.4784,753416.0
2024-03-01,110.32602,115.50707000000001,106.6688,107.43072000000001,836805.0
2024-03-04,107.6593,110.32602,105.60211,108.04025999999999,740990.0
2024-03-05,108.04025999999999,110.55458999999999,108.04025999999999,110.4784,233173.0
2024-03-06,110.4784,111.62128,108.72597999999999,110.55458999999999,463257.0
2024-03-07,110.4784,112.3832,109.71647999999999,112.00224,613211.0
2024-03-08,111.31651,113.14511999999999,109.71647999999999,111.24032000000001,626545.0
2024-03-11,112.3832,119.0119,111.62128,117.71664,1367370.0
2024-03-12,117.41187,123.50722999999999,117.41187,120.38336,1212299.0
2024-03-13,121.14528,121.14528,118.47856,120.38336,670289.0
2024-03-14,120.38336,121.67862,114.288,117.33568,1359001.0
2024-03-15,117.25949,118.47856,112.00224,112.00224,2431455.0
2024-03-18,112.76416,114.59277,106.13546000000001,114.21181,1830929.0
2024-03-19,114.288,115.20230000000001,111.62128,114.05942,872517.0
2024-03-20,113.44989,114.51658,111.24032000000001,114.288,420673.0
2024-03-21,114.288,114.51658,112.15462,114.288,570340.0
2024-03-22,114.13561999999999,114.13561999999999,112.3832,114.05942,600258.0
2024-03-25,112.45939,113.52608000000001,111.39269999999999,112.76416,465986.0
2024-03-26,111.62128,112.68797,109.86886,112.68797,570023.0
2024-03-27,111.24032000000001,112.00224,107.88786999999999,112.00224,1188790.0
2024-03-28,112.00224,119.54525,112.00224,119.54525,1263222.0
2024-03-29,119.54525,120.0024,115.88803,118.85952,890097.0
2024-04-01,116.26899,117.64045,115.96422,116.95472,531932.0
2024-04-02,115.65946000000001,118.02141,112.99274000000001,116.57376,792213.0
2024-04-03,114.288,114.89753999999999,113.06893,113.06893,849623.0
2024-04-04,113.06893,114.288,109.4879,113.52608000000001,1019633.0
2024-04-05,112.61178,114.288,110.63078,112.76416,398990.0
2024-04-08,110.63078,112.30700999999999,108.11645,108.87836999999999,806374.0
2024-04-09,108.87836999999999,109.10694000000001,104.91638,106.6688,1558214.0
2024-04-10,106.82118,109.33552,105.90688,106.6688,437915.0
2024-04-11,105.14496000000001,110.93555,104.99258,110.63078,749595.0
2024-04-12,110.40221000000001,110.78317,108.5736,110.40221000000001,183365.0
2024-04-15,108.64979,109.18314,102.8592,105.83069,740208.0
2024-04-16,105.14496000000001,107.43072000000001,103.08778,107.43072000000001,538959.0
2024-04-17,106.6688,107.73549,105.14496000000001,107.43072000000001,414523.0
2024-04-19,106.6688,107.43072000000001,104.38304,107.43072000000001,489131.0
2024-04-22,107.43072000000001,111.39269999999999,106.89738,110.4784,900399.0
2024-04-23,110.4784,111.84986,109.64029,110.4784,539901.0
2024-04-24,108.5736,118.0976,108.5736,115.04992,2014970.0
2024-04-25,115.81183999999999,117.86902,114.89753999999999,116.57376,498584.0
2024-04-26,116.57376,124.72630000000001,115.43088,122.66911999999999,2087770.0
2024-05-02,122.66911999999999,125.7168,121.9072,124.95488,667843.0
2024-05-03,126.09776,126.47872,121.9072,124.95488,967506.0
2024-05-06,125.25965,125.33583999999999,122.36435,123.58342,531857.0
2024-05-07,124.19296,125.18346000000001,122.74531,124.95488,834390.0
2024-05-08,124.34534,125.18346000000001,123.20246,123.812,582844.0
2024-05-09,123.73581,129.45021,123.43104,127.16445,842329.0
2024-05-10,127.39302,128.00256,124.34534,125.33583999999999,629084.0
2024-05-13,125.94538,125.94538,119.24047999999999,122.51674,1254914.0
2024-05-14,122.21197000000001,123.65961999999999,120.38336,123.65961999999999,441359.0
2024-05-15,124.19296,126.47872,122.13578,124.87869,462183.0
2024-05-16,125.03107000000001,126.17394999999999,123.43104,126.17394999999999,824987.0
2024-05-17,126.47872,126.47872,125.33583999999999,126.25014,601866.0
2024-05-20,128.76448,130.21213,125.41203,125.41203,998326.0
2024-05-21,124.95488,125.41203,122.8977,124.95488,829978.0
2024-05-22,124.87869,125.33583999999999,122.28816,123.43104,835491.0
2024-05-23,123.35485,123.65961999999999,120.99289999999999,123.65961999999999,788151.0
2024-05-24,121.98339,124.19296,118.85952,122.66911999999999,1257684.0
2024-05-27,122.66911999999999,122.74531,120.45955000000001,122.51674,451186.0
2024-05-28,122.66911999999999,124.87869,121.52624,123.73581,556116.0
2024-05-29,124.42154,126.47872,122.66911999999999,124.95488,1093255.0
2024-05-30,124.19296,125.86918,122.74531,125.7168,745346.0
2024-05-31,125.7168,134.47888,125.56442,129.90736,2077710.0
2024-06-03,131.05024,132.19312,129.90736,129.98355,511450.0
2024-06-04,131.05024,131.43120000000002,128.76448,130.28832,588193.0
2024-06-05,131.05024,132.04074,128.6121,128.6121,919654.0
2024-06-06,127.6216,129.5264,126.93587,128.76448,817866.0
2024-06-07,128.00256,131.50739000000002,127.24064,129.5264,397884.0
2024-06-10,130.36451,132.57407999999998,129.75498,131.43120000000002,802400.0
2024-06-11,131.88835,132.19312,129.60259,131.43120000000002,492822.0
2024-06-12,130.36451,134.70746,130.28832,134.09792000000002,800125.0
2024-06-13,135.39318,135.39318,132.95504,134.85984,569935.0
2024-06-14,134.40269,134.47888,132.3455,132.57407999999998,794874.0
2024-06-17,132.87885,133.336,129.90736,133.336,720161.0
2024-06-18,132.49789,132.57407999999998,131.05024,131.73597,540262.0
2024-06-19,130.4407,132.95504,130.4407,132.57407999999998,439476.0
2024-06-20,131.05024,133.48838,131.05024,133.41219,382781.0
2024-06-21,133.71696,139.27898000000002,133.25981,136.38368,1163832.0
2024-06-24,135.62176000000002,137.1456,133.336,134.09792000000002,484168.0
2024-06-25,134.17410999999998,134.17410999999998,131.05024,134.09792000000002,524988.0
2024-06-26,134.40269,137.1456,132.19312,137.1456,451585.0
2024-06-27,136.38368,137.90751999999998,134.85984,137.1456,385380.0
2024-06-28,135.69795000000002,136.91701999999998,134.09792000000002,134.85984,531147.0
2024-07-01,133.48838,135.46938,131.05024,135.01222,612435.0
2024-07-02,135.01222,136.38368,134.78365,135.62176000000002,314374.0
2024-07-03,135.62176000000002,140.19328,135.62176000000002,136.38368,630156.0
2024-07-04,136.38368,137.06941,134.93603,136.53606,391239.0
2024-07-05,136.53606,138.66944,135.46938,137.1456,543586.0
2024-07-08,136.38368,139.43135999999998,135.69795000000002,139.43135999999998,544568.0
2024-07-09,139.43135999999998,139.43135999999998,136.45987,138.59325,651496.0
2024-07-10,138.51706,138.51706,136.00272,136.76464,562755.0
2024-07-11,135.08842,136.68845000000002,134.85984,136.38368,467306.0
2024-07-12,135.24079999999998,135.62176000000002,133.48838,133.71696,612966.0
2024-07-15,133.71696,133.71696,131.05024,131.81216,678020.0
2024-07-16,131.81216,133.71696,131.05024,133.71696,339474.0
2024-07-17,132.80266,133.71696,129.67878,132.42170000000002,400867.0
2024-07-18,132.3455,132.57407999999998,130.05974,132.57407999999998,470349.0
2024-07-19,132.57407999999998,134.85984,131.73597,134.09792000000002,308354.0
2024-07-22,133.94554,134.02173000000002,130.13594,134.02173000000002,518692.0
2024-07-23,134.09792000000002,134.25029999999998,130.66928,132.65026999999998,394042.0
2024-07-24,132.57407999999998,132.57407999999998,125.18346000000001,132.57407999999998,774001.0
2024-07-25,126.6311,131.50739000000002,126.6311,131.05024,280668.0
2024-07-26,130.5169,130.97405,128.76448,128.84067,231560.0
2024-07-29,129.5264,129.90736,127.31683,129.45021,315981.0
2024-07-30,128.76448,128.99305999999999,127.31683,128.99305999999999,310239.0
2024-07-31,128.84067,131.81216,128.84067,131.65978,398440.0
2024-08-01,131.50739000000002,131.65978,127.6216,129.5264,502799.0
2024-08-02,126.25014,129.45021,124.95488,129.45021,473102.0
2024-08-05,125.86918,126.78349,123.812,123.812,723835.0
2024-08-06,124.19296,128.00256,122.28816,127.16445,881531.0
2024-08-07,127.08825999999999,128.45971,124.87869,128.45971,260495.0
2024-08-08,126.47872,129.14544,126.47872,129.14544,328175.0
2024-08-09,128.76448,131.81216,128.07875,131.73597,628777.0
2024-08-12,131.73597,133.18362,130.66928,132.42170000000002,446530.0
2024-08-13,132.26931,134.02173000000002,131.20262,133.336,653505.0
2024-08-14,133.336,134.09792000000002,131.12643,131.81216,626080.0
2024-08-15,131.81216,131.81216,130.05974,131.27882,357000.0
2024-08-16,131.50739000000002,135.62176000000002,130.5169,132.80266,665986.0
2024-08-19,133.41219,133.64077,131.81216,132.57407999999998,387996.0
2024-08-20,132.57407999999998,134.09792000000002,132.11693,134.09792000000002,490659.0
2024-08-21,135.62176000000002,143.46954,135.62176000000002,143.24096,2174115.0
2024-08-22,143.46954,144.07907,141.48854,143.24096,529260.0
2024-08-23,143.24096,143.24096,139.88851,141.56474,695468.0
2024-08-26,141.79331,141.79331,137.60275,139.35517000000002,660830.0
2024-08-27,138.66944,138.66944,134.09792000000002,136.53606,1170885.0
2024-08-28,135.62176000000002,136.53606,134.25029999999998,136.53606,378364.0
2024-08-29,134.3265,137.1456,134.3265,137.1456,384265.0
2024-08-30,136.38368,138.44086,135.69795000000002,138.44086,502594.0
2024-09-04,136.38368,139.43135999999998,136.00272,139.0504,380666.0
2024-09-05,139.0504,139.12659,136.91701999999998,139.0504,428489.0
2024-09-06,137.45037,138.97421,137.1456,138.97421,383903.0
2024-09-09,137.22179,138.66944,137.22179,138.66944,293663.0
2024-09-10,138.59325,138.82182,137.37418,137.90751999999998,324012.0
2024-09-11,137.06941,137.52656,136.38368,137.52656,357892.0
2024-09-12,137.67894,137.90751999999998,135.69795000000002,136.30749,515786.0
2024-09-13,136.07891,136.38368,134.78365,136.38368,323757.0
2024-09-16,136.68845000000002,136.68845000000002,134.85984,134.85984,257512.0
2024-09-17,136.00272,136.00272,134.3265,135.01222,240892.0
2024-09-18,135.08842,137.37418,135.01222,136.99322,442825.0
2024-09-19,136.99322,137.52656,136.00272,137.52656,306785.0
2024-09-20,138.21229,138.28848000000002,136.30749,136.30749,699582.0
2024-09-23,136.30749,136.30749,134.70746,136.30749,250413.0
2024-09-24,136.30749,136.38368,135.39318,136.30749,253464.0
2024-09-25,136.30749,136.45987,135.08842,136.07891,432269.0
2024-09-26,135.62176000000002,136.38368,135.46938,136.38368,362348.0
2024-09-27,136.30749,136.30749,135.08842,135.62176000000002,449239.0
2024-09-30,134.93603,135.62176000000002,134.09792000000002,135.62176000000002,652139.0
2024-10-01,134.85984,135.62176000000002,134.85984,134.93603,347690.0
2024-10-02,134.09792000000002,135.39318,134.02173000000002,134.85984,357749.0
2024-10-03,134.47888,134.78365,133.64077,134.09792000000002,434760.0
2024-10-04,133.48838,134.93603,133.41219,134.85984,294086.0
2024-10-07,134.55507,134.85984,133.79315,134.78365,342134.0
2024-10-08,134.47888,135.01222,133.71696,134.85984,304539.0
2024-10-09,134.85984,134.93603,133.18362,134.93603,521304.0
2024-10-10,134.85984,137.90751999999998,133.79315,136.76464,756200.0
2024-10-11,137.1456,139.81232,136.84082999999998,137.1456,477153.0
2024-10-14,137.1456,137.22179,135.92652999999999,137.06941,269929.0
2024-10-15,137.06941,137.06941,135.92652999999999,136.38368,229462.0
2024-10-16,135.62176000000002,136.07891,135.01222,135.62176000000002,299143.0
2024-10-17,135.16460999999998,135.62176000000002,134.40269,135.62176000000002,265935.0
2024-10-18,136.61226000000002,136.61226000000002,134.63126,135.08842,293069.0
2024-10-21,134.25029999999998,134.78365,133.79315,134.02173000000002,261584.0
2024-10-22,133.71696,133.94554,130.05974,132.57407999999998,849011.0
2024-10-23,130.66928,131.50739000000002,130.66928,131.05024,363918.0
2024-10-24,130.89786,130.97405,129.37402,130.13594,348053.0
2024-10-25,128.76448,129.45021,128.38352,128.38352,267761.0
2024-10-28,128.6121,128.76448,127.01205999999999,128.76448,399980.0
2024-10-29,128.76448,131.12643,128.76448,130.97405,331048.0
2024-10-30,131.58357999999998,131.58357999999998,129.60259,130.4407,164723.0
2024-10-31,131.20262,132.57407999999998,130.21213,132.42170000000002,321649.0
2024-11-01,131.12643,131.81216,129.45021,129.45021,301198.0
2024-11-04,129.45021,130.5169,127.77398,130.21213,329545.0
2024-11-05,128.76448,130.21213,128.07875,130.21213,279862.0
2024-11-06,132.42170000000002,132.42170000000002,129.06925,131.43120000000002,192110.0
2024-11-07,131.35501000000002,131.35501000000002,129.37402,129.5264,399164.0
2024-11-08,129.5264,130.59309,129.29782,129.5264,135249.0
2024-11-11,129.5264,129.60259,128.6121,128.76448,209236.0
2024-11-12,128.45971,128.76448,127.24064,128.76448,381213.0
2024-11-13,128.45971,128.5359,127.31683,127.31683,301864.0
2024-11-14,127.31683,127.69779,125.86918,126.47872,429280.0
2024-11-15,125.33583999999999,126.47872,124.04058,126.47872,477216.0
2024-11-18,126.32634,126.47872,124.19296,126.47872,205434.0
2024-11-19,125.03107000000001,126.40253,124.19296,124.19296,293566.0
2024-11-20,122.8215,125.7168,121.52624,125.7168,375996.0
2024-11-21,125.7168,131.05024,124.95488,129.45021,926694.0
2024-11-22,130.21213,132.42170000000002,129.37402,131.96454,1205319.0
2024-11-25,132.26931,134.70746,131.81216,132.19312,816964.0
2024-11-26,132.11693,132.57407999999998,130.28832,131.88835,358078.0
2024-11-27,131.43120000000002,132.95504,131.43120000000002,132.26931,743973.0
2024-11-28,131.88835,134.78365,131.43120000000002,134.78365,982532.0
2024-11-29,135.62176000000002,137.45037,134.47888,136.00272,779407.0
2024-12-02,136.07891,137.90751999999998,134.55507,136.99322,419782.0
2024-12-03,137.1456,138.28848000000002,135.62176000000002,136.84082999999998,394631.0
2024-12-04,136.91701999999998,139.0504,136.00272,136.38368,425463.0
2024-12-05,136.23129999999998,138.66944,135.62176000000002,137.90751999999998,757538.0
2024-12-06,139.0504,139.43135999999998,136.84082999999998,138.28848000000002,590920.0
2024-12-09,138.28848000000002,138.59325,136.61226000000002,138.59325,326301.0
2024-12-10,138.1361,138.59325,136.76464,138.59325,302696.0
2024-12-11,137.90751999999998,138.59325,136.91701999999998,138.28848000000002,379241.0
2024-12-12,138.36467000000002,143.92669,138.36467000000002,139.0504,1170560.0
2024-12-13,137.90751999999998,138.82182,137.22179,138.59325,219893.0
2024-12-16,138.66944,141.71712,138.0599,141.71712,651457.0
2024-12-17,142.47904,143.62192000000002,139.43135999999998,141.41235,415760.0
2024-12-18,140.57424,141.64093,139.58373999999998,141.64093,367740.0
2024-12-19,139.81232,140.57424,137.90751999999998,140.34566,754891.0
2024-12-20,139.43135999999998,140.19328,138.66944,140.19328,374546.0
2024-12-23,140.19328,140.19328,138.51706,139.96470000000002,442726.0
2024-12-24,139.96470000000002,139.96470000000002,138.66944,139.12659,295071.0
2024-12-25,139.12659,139.81232,138.97421,139.81232,271986.0
2024-12-26,139.58373999999998,140.0409,139.12659,140.0409,229059.0
2024-12-27,139.73613,140.0409,138.44086,140.0409,524232.0
2024-12-30,140.0409,140.95520000000002,138.51706,140.95520000000002,491549.0
2024-12-31,140.19328,141.71712,139.50754999999998,141.41235,644548.0
2025-01-02,141.41235,142.78381,140.65043,142.32666,482594.0
2025-01-03,142.86,148.5744,141.71712,142.86,1172573.0
2025-01-06,144.61242000000001,147.6601,141.71712,141.71712,632152.0
2025-01-07,141.71712,141.71712,140.26947,141.33616,724655.0
2025-01-08,141.18378,142.47904,139.0504,140.19328,393401.0
2025-01-09,139.0504,141.03139000000002,139.0504,140.57424,348864.0
2025-01-10,140.19328,141.48854,139.12659,139.81232,325051.0
2025-01-13,139.73613,140.95520000000002,138.82182,140.95520000000002,242022.0
2025-01-14,140.19328,142.86,131.12643,140.95520000000002,439044.0
2025-01-15,140.95520000000002,141.03139000000002,139.27898000000002,140.95520000000002,580143.0
2025-01-16,139.58373999999998,141.41235,139.27898000000002,140.42185999999998,342210.0
2025-01-17,140.65043,142.47904,139.81232,142.47904,431864.0
2025-01-20,141.8695,143.62192000000002,141.64093,143.24096,418930.0
2025-01-21,144.38384,146.6696,143.16476999999998,146.6696,706636.0
2025-01-22,147.81248000000002,153.67926,147.12675,153.14592000000002,947528.0
2025-01-23,154.66976,154.89834,150.32682,151.24112,864073.0
2025-01-24,152.384,159.54604999999998,152.384,156.95551999999998,885525.0
2025-02-03,155.43168,156.95551999999998,153.90784,156.1936,277904.0
2025-02-04,155.96501999999998,155.96501999999998,153.22211,153.45069,390101.0
2025-02-05,153.98403,154.66976,147.88867000000002,150.70777999999999,1009126.0
2025-02-06,149.48870000000002,150.09824,143.24096,143.24096,808944.0
2025-02-07,144.23146,144.76479999999998,143.01238,143.54573000000002,1028941.0
2025-02-10,142.86,144.76479999999998,141.8695,143.69810999999999,769478.0
2025-02-11,143.24096,147.50771,143.24096,146.97437,674784.0
2025-02-12,146.97437,147.50771,145.06957,146.13626000000002,275949.0
2025-02-13,144.99338,147.05056,143.8505,144.76479999999998,454022.0
2025-02-14,145.52672,146.6696,144.53622000000001,145.14576,275582.0
2025-02-17,145.14576,145.52672,143.62192000000002,144.15526,429085.0
2025-02-18,144.00288,146.28864000000002,143.24096,145.14576,387621.0
2025-02-19,145.90768,146.13626000000002,143.62192000000002,145.52672,350941.0
2025-02-20,145.52672,145.52672,143.46954,143.62192000000002,258588.0
2025-02-21,143.62192000000002,143.62192000000002,139.96470000000002,140.19328,709858.0
2025-02-24,140.19328,140.19328,133.336,136.23129999999998,1070748.0
2025-02-25,136.1551,136.1551,133.336,133.56457999999998,710813.0
2025-02-26,135.08842,137.83132999999998,134.09792000000002,137.52656,452802.0
2025-02-27,138.0599,140.87901000000002,137.22179,140.57424,635203.0
2025-02-28,140.49804999999998,140.57424,138.44086,139.43135999999998,426714.0
2025-03-03,139.73613,139.73613,137.29798000000002,138.28848000000002,404869.0
2025-03-04,138.28848000000002,139.43135999999998,136.76464,136.76464,381610.0
2025-03-05,137.98371,139.96470000000002,137.1456,138.28848000000002,429875.0
2025-03-06,139.43135999999998,139.81232,138.28848000000002,138.66944,423687.0
2025-03-07,138.82182,139.81232,138.28848000000002,139.0504,198066.0
2025-03-10,139.0504,139.0504,134.85984,135.24079999999998,761407.0
2025-03-11,134.47888,136.23129999999998,134.09792000000002,136.23129999999998,413984.0
2025-03-12,136.23129999999998,136.23129999999998,134.85984,134.93603,286684.0
2025-03-13,134.93603,138.28848000000002,134.93603,137.1456,523025.0
2025-03-14,137.75514,138.28848000000002,135.85034,137.22179,398171.0
2025-03-17,137.29798000000002,139.43135999999998,137.22179,139.27898000000002,402814.0
2025-03-18,139.96470000000002,141.33616,136.76464,137.1456,529726.0
2025-03-19,136.61226000000002,137.90751999999998,134.85984,137.1456,332153.0
2025-03-20,136.91701999999998,136.91701999999998,132.26931,134.09792000000002,762176.0
2025-03-21,134.17410999999998,134.85984,133.10742000000002,134.09792000000002,169756.0
2025-03-24,133.56457999999998,134.09792000000002,130.89786,131.05024,392450.0
2025-03-25,130.97405,131.43120000000002,127.6216,129.5264,647073.0
2025-03-26,130.28832,130.28832,128.76448,129.37402,176370.0
2025-03-27,128.76448,130.28832,128.68829,130.28832,201126.0
2025-03-28,130.5169,130.5169,128.00256,128.76448,240144.0
2025-03-31,127.31683,127.31683,122.97389,125.7168,959566.0
2025-04-01,123.88819000000001,124.11677,117.33568,117.33568,838299.0
2025-04-02,119.62144,119.62144,112.45939,115.04992,1042923.0
2025-04-03,110.4784,113.52608000000001,107.04975999999999,107.04975999999999,796767.0
2025-04-04,99.81152,106.97357000000001,99.81152,106.6688,965598.0
2025-04-08,102.8592,103.62111999999999,99.20197999999999,99.20197999999999,824422.0
2025-04-09,92.26850999999999,99.81152,92.26850999999999,94.55427,1145795.0
2025-04-10,101.10678,101.10678,101.10678,101.10678,55002.0
2025-04-11,108.11645,108.11645,105.06877,108.11645,727777.0
2025-04-14,114.21181,115.43088,110.4784,115.04992,819434.0
2025-04-15,114.288,115.04992,112.68797,113.14511999999999,413086.0
2025-04-16,113.14511999999999,114.97372999999999,107.96406,110.4784,443520.0
2025-04-17,108.95456,111.16413,107.43072000000001,108.95456,132282.0
2025-04-18,109.71647999999999,115.81183999999999,109.71647999999999,111.62128,363112.0
2025-04-21,111.62128,115.65946000000001,109.03075,115.04992,422849.0
2025-04-22,115.73564999999999,121.75482000000001,108.5736,121.75482000000001,1325752.0
2025-04-23,125.33583999999999,128.00256,122.74531,128.00256,721215.0
2025-04-24,127.16445,130.66928,125.86918,128.07875,449104.0
2025-04-25,129.5264,129.5264,124.19296,124.19296,353940.0
2025-04-28,125.41203,127.16445,122.28816,126.40253,727259.0
2025-04-29,126.6311,128.6121,124.8025,127.85018,474707.0
2025-05-05,128.45971,132.49789,127.24064,131.43120000000002,627848.0
2025-05-06,132.11693,132.11693,130.74547,130.89786,248580.0
2025-05-07,130.59309,131.96454,129.5264,131.96454,498144.0
2025-05-08,131.96454,131.96454,129.90736,129.90736,334470.0
2025-05-09,130.5169,131.05024,129.45021,129.90736,333792.0
2025-05-12,129.98355,131.50739000000002,129.14544,131.50739000000002,307120.0
2025-05-13,131.50739000000002,136.84082999999998,131.50739000000002,133.336,398013.0
2025-05-14,133.336,134.78365,132.57407999999998,133.336,485982.0
2025-05-15,134.09792000000002,134.78365,131.05024,133.336,276916.0
2025-05-16,133.48838,133.48838,130.89786,130.89786,207815.0
2025-05-19,129.5264,130.66928,128.00256,128.00256,324952.0
2025-05-20,128.45971,130.05974,128.38352,129.83117,176419.0
2025-05-21,130.05974,130.05974,127.24064,127.39302,348679.0
2025-05-22,127.24064,127.77398,124.8025,125.41203,429082.0
2025-05-23,124.57392,126.78349,124.26915,124.42154,140751.0
2025-05-26,124.19296,124.95488,122.21197000000001,123.58342,367418.0
2025-05-27,124.04058,129.06925,124.04058,128.07875,429480.0
2025-05-28,129.5264,129.5264,126.09776,127.6216,236238.0
2025-05-29,127.16445,127.6216,124.95488,127.6216,413713.0
2025-05-30,128.07875,128.07875,125.7168,128.00256,306330.0
2025-06-02,124.95488,128.00256,124.95488,125.64061,219651.0
2025-06-03,125.03107000000001,129.45021,125.03107000000001,129.14544,536823.0
2025-06-04,129.60259,130.28832,128.00256,128.00256,162599.0
2025-06-05,128.76448,128.76448,126.47872,128.00256,226413.0
2025-06-06,128.00256,128.00256,125.7168,125.7168,186388.0
2025-06-09,125.7168,130.97405,125.7168,129.83117,908764.0
2025-06-10,130.21213,137.83132999999998,130.21213,137.06941,1071848.0
2025-06-11,137.1456,137.1456,134.40269,135.62176000000002,243496.0
2025-06-12,136.30749,136.30749,133.336,134.09792000000002,351054.0
2025-06-13,134.02173000000002,134.40269,125.7168,130.36451,572522.0
2025-06-16,130.66928,132.49789,129.5264,132.49789,225216.0
2025-06-17,133.336,135.16460999999998,131.05024,135.16460999999998,268675.0
2025-06-18,135.16460999999998,135.16460999999998,131.88835,132.49789,474296.0
2025-06-19,132.72646,132.72646,130.66928,132.57407999999998,375585.0
2025-06-20,131.43120000000002,133.18362,131.05024,131.20262,226606.0
2025-06-23,130.21213,131.20262,128.45971,131.20262,266202.0
2025-06-24,131.20262,131.81216,129.60259,131.05024,358089.0
2025-06-25,129.90736,131.65978,129.90736,131.43120000000002,257279.0
2025-06-26,130.82166,134.78365,130.4407,132.95504,655928.0
2025-06-27,132.95504,134.63126,131.50739000000002,133.71696,382692.0
2025-06-30,134.70746,136.99322,133.41219,136.53606,669134.0
2025-07-01,136.61226000000002,140.65043,136.23129999999998,136.84082999999998,1061985.0
2025-07-02,136.84082999999998,137.90751999999998,135.69795000000002,137.90751999999998,241763.0
2025-07-03,139.0504,142.40285,137.22179,141.71712,803689.0
2025-07-04,141.79331,144.76479999999998,141.10757999999998,143.54573000000002,513510.0
2025-07-07,143.62192000000002,144.61242000000001,141.48854,142.02189,268551.0
2025-07-08,141.8695,143.46954,141.79331,141.94570000000002,396926.0
2025-07-09,142.17426999999998,142.55523000000002,139.27898000000002,142.32666,762328.0
2025-07-10,142.32666,142.32666,139.88851,139.88851,413892.0
2025-07-11,139.96470000000002,141.71712,139.50754999999998,139.50754999999998,328443.0
2025-07-14,139.96470000000002,145.14576,139.65994,145.14576,698637.0
2025-07-15,145.22195000000002,145.6791,143.01238,143.92669,536171.0
2025-07-16,146.6696,148.09820000000002,143.14572,144.76479999999998,834507.0
2025-07-17,146.6696,147.622,144.47907999999998,145.14576,532659.0
2025-07-18,144.95528,147.52676,144.66956,145.05051999999998,436257.0
2025-07-21,144.76479999999998,145.71720000000002,144.66956,144.76479999999998,433846.0
2025-07-22,144.38384,144.86004,143.71716,143.8124,325651.0
2025-07-23,143.8124,150.76492000000002,143.8124,150.003,946779.0
2025-07-24,150.19348000000002,150.19348000000002,148.5744,149.14584,361665.0
2025-07-25,149.14584,151.4316,148.19344,150.47920000000002,465379.0
2025-07-28,150.47920000000002,150.47920000000002,148.47916,149.14584,319264.0
2025-07-29,148.38392000000002,149.43156,143.8124,145.62196,784525.0
2025-07-30,144.76479999999998,147.33628,143.14572,147.33628,845517.0
2025-07-31,147.24104,147.33628,143.62192000000002,147.33628,694908.0
2025-08-01,145.71720000000002,147.14579999999998,144.57432,147.14579999999998,723032.0
2025-08-04,146.57435999999998,146.86007999999998,144.57432,146.86007999999998,416116.0
2025-08-05,144.86004,146.09816,143.8124,143.8124,1143243.0
2025-08-06,143.8124,146.6696,143.43144,146.6696,564926.0
2025-08-07,145.52672,146.1934,144.76479999999998,144.76479999999998,272254.0
2025-08-08,144.76479999999998,145.71720000000002,143.90764000000001,144.2886,560580.0
2025-08-11,144.09812,145.241,143.33620000000002,143.8124,847086.0
2025-08-12,143.8124,143.8124,141.9076,142.86,922126.0
2025-08-13,143.8124,143.8124,140.479,141.14568,672395.0
2025-08-14,140.76472,140.95520000000002,136.28844,136.28844,1100006.0
2025-08-15,136.47892000000002,138.098,131.43120000000002,135.717,1032478.0
2025-08-18,135.33604,135.33604,131.62168,131.71692000000002,361689.0
2025-08-19,131.71692000000002,135.05032,131.43120000000002,131.52644,575595.0
2025-08-20,132.09788,132.09788,126.85968,126.85968,565965.0
2025-08-21,124.7644,128.00256,122.28816,122.3834,907102.0
2025-08-22,123.812,126.57396,122.8596,124.38344000000001,570514.0
2025-08-25,125.81204,126.47872,122.57388,122.76436,374100.0
2025-08-26,120.9548,126.09776,119.62144,126.09776,524363.0
2025-08-27,126.09776,128.0978,123.90724,124.7644,513187.0
2025-08-28,126.09776,127.1454,124.38344000000001,125.81204,337334.0
2025-08-29,124.7644,125.43108000000001,123.812,124.38344000000001,741438.0
2025-09-03,124.2882,124.2882,121.9072,122.00244,644986.0
2025-09-04,122.00244,124.7644,121.9072,123.62152,555929.0
2025-09-05,123.90724,126.95492,123.90724,125.52632000000001,949901.0
2025-09-08,126.28824,126.28824,122.3834,123.812,472659.0
2025-09-09,123.812,123.812,121.52624,122.09768,400938.0
2025-09-10,121.9072,122.8596,120.85956,122.3834,572095.0
2025-09-11,121.24052,122.76436,117.1452,122.76436,394803.0
2025-09-12,121.62147999999999,124.7644,121.62147999999999,124.7644,372856.0
2025-09-15,125.7168,127.43111999999999,125.2406,126.85968,658519.0
2025-09-16,126.95492,132.85979999999998,126.85968,129.5264,1220902.0
2025-09-17,131.43120000000002,131.71692000000002,127.05016,127.1454,634573.0
2025-09-18,128.19304,128.19304,125.7168,126.193,487018.0
2025-09-19,126.47872,126.47872,122.76436,124.7644,720681.0
2025-09-22,125.7168,125.7168,122.47864,124.66916,479631.0
2025-09-23,124.2882,125.05011999999999,122.8596,122.8596,370766.0
2025-09-24,122.3834,125.52632000000001,120.9548,125.52632000000001,453481.0
2025-09-25,125.2406,125.2406,122.8596,124.95488,451639.0
2025-09-26,123.90724,124.09772,123.14532000000001,123.812,266438.0
2025-09-29,123.71676,123.71676,121.9072,122.76436,408984.0
2025-09-30,121.9072,123.05008000000001,119.43096000000001,121.9072,733643.0
2025-10-01,122.19292,122.28816,120.28811999999999,120.28811999999999,202383.0
2025-10-02,119.62144,121.33576,118.0976,118.0976,336923.0
2025-10-03,117.6214,119.5262,116.28804,117.1452,195919.0
2025-10-06,119.05,120.28811999999999,117.1452,119.24047999999999,320012.0
2025-10-07,121.62147999999999,125.7168,120.4786,124.2882,864193.0
2025-10-08,126.47872,127.52636,123.71676,127.24064,570527.0
2025-10-09,127.6216,131.24072,127.33588,130.76452,939138.0
2025-10-10,132.00264,138.28848000000002,131.14548000000002,136.76464,1819245.0
2025-10-13,135.717,136.19320000000002,133.62172,135.43128,523016.0
2025-10-14,135.43128,135.43128,130.66928,135.43128,1098220.0
2025-10-15,135.14556,136.6694,132.66932,135.24079999999998,589505.0
2025-10-16,135.52651999999998,136.19320000000002,132.76456,132.85979999999998,245730.0
2025-10-17,132.76456,133.336,130.0026,132.28835999999998,642217.0
2025-10-20,129.5264,132.28835999999998,123.05008000000001,123.05008000000001,452229.0
2025-10-21,123.14532000000001,131.62168,123.14532000000001,131.62168,1257407.0
2025-10-22,135.33604,137.52656,133.336,137.52656,948498.0
2025-10-23,138.38372,140.66948000000002,135.717,135.717,438991.0
2025-10-24,136.76464,140.76472,136.76464,140.479,887009.0
2025-10-27,140.479,142.00284,137.62179999999998,139.33612,615374.0
2025-10-28,140.66948000000002,141.4314,136.09796,140.95520000000002,540809.0
2025-10-29,143.24096,143.24096,138.098,138.098,577267.0
2025-10-30,140.479,141.4314,137.62179999999998,141.05044,1029399.0
2025-10-31,141.05044,141.33616,138.76468,141.33616,651316.0
2025-11-03,140.95520000000002,141.33616,138.66944,140.00279999999998,713620.0
2025-11-04,137.71704,139.90756,133.24076000000002,136.19320000000002,839355.0
2025-11-05,137.05035999999998,137.05035999999998,134.7646,136.19320000000002,270703.0
2025-11-06,136.76464,136.76464,132.85979999999998,136.19320000000002,459624.0
2025-11-07,132.95504,135.717,132.85979999999998,132.85979999999998,352122.0
2025-11-10,128.574,135.81224,128.574,132.47884,311905.0
2025-11-11,131.33596,135.14556,131.33596,135.14556,196028.0
2025-11-12,132.85979999999998,137.1456,132.85979999999998,137.1456,291584.0
2025-11-13,137.24084,142.00284,132.85979999999998,138.19324,575206.0
2025-11-14,138.19324,139.0504,135.717,139.0504,210123.0
2025-11-17,139.81232,141.4314,137.52656,139.62184,581236.0
2025-11-18,140.00279999999998,141.4314,138.47896,141.4314,960077.0
2025-11-19,141.52664000000001,141.52664000000001,137.71704,140.00279999999998,696873.0
2025-11-20,139.33612,140.00279999999998,135.05032,135.43128,554737.0
2025-11-21,135.24079999999998,136.47892000000002,133.336,135.52651999999998,297159.0
2025-11-24,135.52651999999998,136.6694,133.71696,133.71696,188849.0
2025-11-25,133.62172,135.24079999999998,132.66932,135.24079999999998,303094.0
2025-11-26,134.7646,139.0504,134.7646,138.19324,419688.0
2025-11-27,138.57420000000002,139.71707999999998,137.24084,139.14564000000001,364049.0
2025-11-28,139.0504,140.76472,138.098,140.00279999999998,488260.0
2025-12-01,139.24088,140.76472,138.098,138.098,347630.0
2025-12-02,137.33607999999998,138.098,135.717,138.098,446753.0
2025-12-03,138.95516,147.71724,138.098,147.71724,2159610.0
2025-12-04,150.47920000000002,151.4316,147.81248000000002,150.9554,819786.0
2025-12-05,151.33635999999998,157.146,148.5744,152.384,1140138.0
2025-12-08,152.384,152.384,146.76484,149.81251999999998,685548.0
2025-12-09,148.5744,150.47920000000002,140.95520000000002,147.14579999999998,995990.0
2025-12-10,145.62196,146.86007999999998,142.47904,142.47904,442508.0
2025-12-11,142.57428,145.241,142.57428,142.86,365622.0
2025-12-12,143.71716,143.71716,133.336,133.336,1051232.0
2025-12-15,133.336,135.14556,132.47884,133.43124,451820.0
2025-12-16,133.336,137.1456,132.95504,135.81224,450869.0
2025-12-17,136.19320000000002,137.62179999999998,135.05032,136.19320000000002,309670.0
2025-12-18,134.19316,137.43132,134.19316,136.47892000000002,250872.0
2025-12-19,135.90748000000002,137.1456,134.66935999999998,137.1456,452445.0
2025-12-22,137.1456,140.479,136.6694,140.00279999999998,341109.0
2025-12-23,140.95520000000002,140.95520000000002,138.47896,140.479,367297.0
2025-12-24,140.00279999999998,140.00279999999998,138.098,139.62184,255835.0
2025-12-25,139.0504,139.71707999999998,136.6694,139.0504,266814.0
2025-12-26,138.098,138.098,135.24079999999998,137.33607999999998,217410.0
2025-12-29,137.33607999999998,139.0504,135.90748000000002,139.0504,201192.0
2025-12-30,138.76468,141.4314,138.098,140.66948000000002,286621.0
2025-12-31,141.71712,142.38379999999998,139.5266,142.38379999999998,317591.0
2026-01-05,141.81235999999998,149.24107999999998,140.479,145.81244,625498.0
2026-01-06,145.71720000000002,147.14579999999998,144.57432,145.14576,181302.0
2026-01-07,145.33624,149.43156,144.76479999999998,145.33624,391658.0
2026-01-08,145.33624,145.33624,138.098,139.0504,886877.0
2026-01-09,138.66944,142.00284,136.6694,136.6694,554498.0
2026-01-12,136.19320000000002,139.43135999999998,136.09796,138.098,314372.0
2026-01-13,137.71704,139.62184,137.1456,137.71704,463140.0
2026-01-14,138.85992000000002,141.71712,137.24084,138.098,520226.0
2026-01-15,138.098,139.0504,136.6694,139.0504,351989.0
2026-01-16,139.0504,148.76488,137.62179999999998,147.622,1382451.0
2026-01-19,148.47916,148.47916,143.43144,146.09816,302711.0
2026-01-20,145.71720000000002,152.384,145.05051999999998,145.52672,700975.0
2026-01-21,144.2886,145.52672,140.95520000000002,145.52672,498363.0
2026-01-22,145.52672,146.09816,142.47904,146.00292000000002,444033.0
2026-01-23,145.62196,147.81248000000002,143.90764000000001,144.57432,390710.0
2026-01-26,143.90764000000001,144.47907999999998,138.19324,138.19324,487927.0
2026-01-27,138.28848000000002,147.71724,138.28848000000002,147.33628,794029.0
2026-01-28,148.19344,154.38404,147.622,152.66972,1508895.0
2026-01-29,152.384,160.86036,151.4316,157.146,1087141.0
2026-01-30,160.86036,162.8604,157.146,161.81276,1003734.0
2026-02-02,163.14612,172.3844,158.19364000000002,167.14620000000002,1629200.0
2026-02-03,169.71768,169.71768,163.62232,165.7176,1077236.0
2026-02-04,163.81279999999998,169.71768,163.81279999999998,166.57476,871365.0
2026-02-05,166.76523999999998,166.76523999999998,161.43179999999998,161.908,869801.0
2026-02-06,160.09844,160.76512,152.76496,152.76496,1001487.0
2026-02-09,155.7174,157.81268,153.3364,156.1936,223394.0
2026-02-10,156.1936,157.146,152.00304,157.146,441650.0
2026-02-11,157.146,159.05079999999998,154.86024,159.05079999999998,350834.0
2026-02-12,159.90796,162.19372,158.00316,159.05079999999998,377107.0
2026-02-13,159.05079999999998,161.908,157.05076,161.908,576839.0
2026-02-23,161.908,164.09851999999998,160.00320000000002,163.71756,585921.0
2026-02-24,162.8604,163.71756,160.09844,162.8604,542465.0
2026-02-25,162.8604,162.8604,160.66988,162.8604,361873.0
2026-02-26,162.76516,163.71756,160.66988,162.76516,395204.0
2026-02-27,162.76516,162.76516,157.33648000000002,160.9556,973749.0
2026-03-02,157.62220000000002,160.9556,157.146,160.9556,537636.0
2026-03-03,159.43176,160.9556,154.28879999999998,157.146,653781.0
2026-03-04,154.95548000000002,156.00312,147.622,156.00312,901962.0
2026-03-05,156.00312,156.1936,150.38396,151.4316,501800.0
2026-03-06,149.81251999999998,149.81251999999998,143.33620000000002,143.43144,806419.0
2026-03-09,134.2884,135.24079999999998,133.43124,133.43124,733421.0
2026-03-10,136.19320000000002,140.95520000000002,135.717,138.28848000000002,678017.0
2026-03-11,138.098,147.90772,138.098,147.90772,512477.0
2026-03-12,146.47912,146.47912,140.76472,146.28864000000002,658374.0
2026-03-13,142.86,142.86,141.52664000000001,142.00284,308394.0
2026-03-16,140.479,143.52668,140.479,143.33620000000002,194178.0
2026-03-17,143.8124,147.52676,143.33620000000002,144.95528,387188.0
2026-03-18,146.86007999999998,146.86007999999998,142.57428,142.57428,187398.0
2026-03-19,141.9076,142.47904,140.479,141.9076,244887.0
2026-03-20,141.9076,142.86,140.95520000000002,141.52664000000001,158116.0
2026-03-23,138.098,142.86,137.1456,142.86,440289.0
2026-03-24,142.86,150.47920000000002,142.86,150.47920000000002,379080.0
2026-03-25,150.47920000000002,151.05064000000002,147.90772,151.05064000000002,378654.0
2026-03-26,150.86016,150.86016,146.86007999999998,150.47920000000002,354630.0
2026-03-27,147.52676,154.765,147.52676,154.765,706886.0
2026-03-30,151.52684,151.52684,148.76488,150.47920000000002,631586.0
2026-03-31,150.09824,150.09824,146.57435999999998,149.52679999999998,478244.0
2026-04-01,150.47920000000002,150.47920000000002,147.14579999999998,149.52679999999998,165632.0
2026-04-02,146.86007999999998,148.28868,146.47912,146.6696,186439.0
2026-04-03,146.6696,147.622,141.62188,144.76479999999998,456065.0
2026-04-06,145.71720000000002,145.71720000000002,140.479,140.95520000000002,274868.0
2026-04-07,140.95520000000002,142.66951999999998,139.71707999999998,142.38379999999998,166211.0
2026-04-08,144.57432,147.622,144.09812,145.81244,692828.0
2026-04-09,144.76479999999998,145.71720000000002,142.86,142.86,224209.0
2026-04-10,143.8124,145.14576,142.00284,144.76479999999998,413696.0
2026-04-13,144.2886,144.38384,141.9076,141.9076,184506.0
2026-04-14,143.62192000000002,144.2886,142.86,143.33620000000002,78884.0
2026-04-15,144.76479999999998,144.76479999999998,141.62188,143.8124,272625.0
2026-04-16,142.86,144.2886,141.9076,143.8124,331305.0
2026-04-17,143.62192000000002,149.24107999999998,143.62192000000002,144.86004,817222.0
2026-04-20,145.71720000000002,145.71720000000002,142.95524,143.62192000000002,202134.0
2026-04-21,143.33620000000002,143.8124,141.9076,143.8124,421905.0
2026-04-22,142.00284,143.24096,141.05044,142.76476,216115.0
2026-04-23,142.76476,142.76476,139.62184,139.71707999999998,237188.0
2026-04-24,140.00279999999998,140.95520000000002,136.47892000000002,137.62179999999998,372153.0
2026-04-28,137.62179999999998,140.479,136.19320000000002,140.479,471402.0
2026-04-29,139.43135999999998,141.9076,138.098,141.9076,325545.0
2026-05-04,140.28851999999998,141.52664000000001,139.71707999999998,140.95520000000002,156452.0
2026-05-05,139.71707999999998,141.81235999999998,139.14564000000001,141.81235999999998,149173.0
2026-05-06,140.28851999999998,141.62188,140.28851999999998,140.76472,226596.0
2026-05-07,140.66948000000002,142.28856,138.66944,138.76468,318257.0
2026-05-08,138.76468,140.38376,136.85988,138.098,377607.0
2026-05-11,137.05035999999998,138.098,131.43120000000002,131.43120000000002,677196.0
2026-05-12,133.336,135.05032,130.38356,131.71692000000002,396127.0
2026-05-13,130.4788,132.3836,130.4788,130.955,188125.0
2026-05-14,130.955,134.19316,129.5264,129.5264,425625.0
2026-05-15,129.62164,131.52644,127.6216,127.6216,372311.0
2026-05-18,127.6216,128.38352,126.57396,127.6216,428826.0
2026-05-19,127.6216,129.0502,126.38347999999999,126.38347999999999,399703.0
2026-05-20,126.28824,126.28824,122.3834,125.7168,620988.0
2026-05-21,126.6692,126.76444000000001,124.2882,125.14536,367657.0
2026-05-22,124.7644,125.2406,123.14532000000001,123.14532000000001,214584.0
2026-05-25,124.57392,124.57392,123.3358,123.90724,267985.0
2026-05-26,124.09772,124.09772,123.3358,124.00247999999999,212552.0
2026-05-27,124.00247999999999,124.7644,123.62152,124.7644,182853.0
2026-05-28,124.7644,125.05011999999999,123.812,124.7644,325819.0
2026-05-29,124.66916,124.66916,123.43104,124.00247999999999,201051.0
2026-06-01,123.62152,123.812,121.05004,121.05004,360562.0
2026-06-02,121.05004,124.66916,121.05004,121.62147999999999,332512.0
2026-06-03,121.431,122.19292,120.66908000000001,122.00244,400710.0
2026-06-04,121.9072,121.9072,119.43096000000001,120.9548,454626.0
2026-06-05,120.9548,121.9072,113.3356,118.85952,530361.0
2026-06-08,117.1452,119.05,116.57376,118.5738,386223.0
2026-06-09,118.76428,118.85952,115.33564,116.57376,663667.0
2026-06-10,116.47852,116.47852,114.288,115.2404,679165.0
2026-06-11,115.14516,115.2404,113.3356,113.3356,492141.0
2026-06-12,113.43084,117.04996000000001,113.43084,115.2404,261875.0
2026-06-15,116.85947999999999,118.0976,114.7642,117.90711999999999,216277.0
2026-06-16,120.0024,125.7168,118.85952,124.66916,1053173.0
2026-06-17,124.66916,127.43111999999999,123.05008000000001,125.7168,728219.0
2026-06-18,125.7168,127.43111999999999,123.71676,123.812,528359.0
2026-06-19,123.812,125.14536,122.95483999999999,123.812,302326.0
2026-06-22,123.14532000000001,124.2882,121.431,124.2882,469673.0
2026-06-23,124.19296,124.66916,121.431,122.66911999999999,396721.0
2026-06-24,121.9072,123.14532000000001,119.05,122.66911999999999,315499.0
2026-06-25,121.24052,122.28816,120.09764,121.71672,203887.0
2026-06-26,120.09764,120.57383999999999,118.00236,118.0976,507058.0
2026-06-29,121.1,121.1,118.8,119.0,115968.0
2026-06-30,119.0,120.4,118.8,120.0,156387.0
2026-07-01,120.3,122.2,119.5,122.1,133664.0
2026-07-02,122.5,123.1,121.6,122.0,135664.0
2026-07-03,122.0,122.0,117.5,120.4,494493.0
2026-07-06,120.3,120.3,116.2,116.2,187100.0
2026-07-07,117.7,117.7,115.0,117.0,348439.0
2026-07-08,115.6,116.9,115.3,116.4,146566.0
2026-07-09,116.4,116.4,115.5,115.5,96603.0
2026-07-10,115.5,115.5,113.9,113.9,166800.0
2026-07-13,113.3,114.0,112.1,113.3,221000.0
2026-07-14,110.0,114.9,110.0,113.6,95800.0
2026-07-15,113.5,114.0,112.0,113.0,135100.0
2026-07-16,111.4,112.4,108.5,111.4,222700.0
2026-07-17,111.6,111.8,109.0,111.8,222400.0
2026-07-20,113.0,113.0,109.0,109.9,99800.0
2026-07-21,108.7,111.3,108.7,110.9,360400.0
2026-07-22,110.9,113.0,104.8,105.0,525600.0
2026-07-23,105.0,109.0,100.2,109.0,788600.0
2026-07-24,106.0,108.3,103.7,107.8,379500.0
2026-07-27,108.1,109.5,106.9,107.8,372900.0
2026-07-28,105.3,108.0,104.0,107.7,364900.0
2026-07-29,107.0,112.5,105.8,108.7,451300.0
2026-07-30,109.9,116.3,109.9,116.3,253700.0
2026-07-31,124.4,124.4,123.3,124.4,1254600.0
2026-08-03,126.0,133.1,125.9,133.1,1302200.0
2026-08-04,136.0,137.9,132.1,133.1,957900.0
2026-08-05,134.9,139.0,133.5,135.0,993100.0
2026-08-06,135.0,135.4,130.5,132.1,272000.0
2026-08-07,132.1,133.6,131.1,132.0,451000.0
2026-08-10,134.0,137.2,132.0,137.0,778600.0
2026-08-11,138.1,146.5,138.0,146.5,1428500.0
2026-08-12,148.0,148.5,145.0,148.0,931600.0
2026-08-13,147.3,147.9,143.1,146.9,408300.0
2026-08-14,142.1,144.8,141.8,142.9,825400.0
2026-08-17,143.2,147.0,138.0,147.0,921800.0
2026-08-18,147.0,151.5,145.1,145.1,325500.0
2026-08-19,142.0,149.6,142.0,143.0,768600.0
2026-08-20,142.9,147.0,142.1,145.0,426800.0
2026-08-21,144.8,147.5,140.6,143.5,469400.0
2026-08-24,143.0,148.0,142.6,147.5,461600.0
2026-08-25,146.0,146.5,144.0,145.0,143200.0
2026-08-26,144.9,144.9,142.9,142.9,275300.0
2026-08-27,142.9,146.5,142.9,145.9,411200.0
2026-08-28,145.7,145.9,143.5,145.9,202100.0
2026-09-03,144.2,144.2,142.9,142.9,182600.0
2026-09-04,142.0,143.9,139.0,142.7,250600.0
2026-09-07,143.0,143.0,136.4,136.4,315700.0
2026-09-08,136.4,140.5,136.4,139.5,231400.0
2026-09-09,139.5,142.5,137.5,140.5,230500.0
2026-09-10,140.4,143.0,140.0,140.0,455100.0
2026-09-11,139.8,139.8,136.0,137.0,274600.0
2026-09-14,137.0,138.5,127.5,133.0,831700.0
2026-09-15,131.6,136.0,129.0,129.0,285700.0
2026-09-16,129.5,133.3,128.0,128.0,401800.0
2026-09-17,128.1,132.3,128.1,130.0,408100.0
2026-09-18,131.5,133.7,130.1,130.9,443800.0
2026-09-21,131.0,132.0,130.0,130.1,237300.0
2026-09-22,130.3,133.5,129.3,131.0,416300.0
2026-09-23,131.2,140.1,131.2,140.1,1647100.0
2026-09-24,142.0,143.1,137.3,142.0,837500.0
2026-09-25,141.9,143.0,138.7,141.9,755900.0
2026-09-28,141.6,141.6,137.0,140.0,458000.0
2026-09-29,139.0,143.0,138.0,142.0,759800.0
2026-09-30,142.0,148.2,140.3,147.0,1274300.0
2026-10-01,147.0,149.8,145.0,146.6,849900.0
2026-10-02,145.6,146.0,141.0,142.9,552100.0
