,open,high,low,close,volume
2020-05-08,3.60182,3.648,3.57104,3.60182,29990.0
2020-05-11,3.6172199999999997,3.6633899999999997,3.6172199999999997,3.6633899999999997,77860.0
2020-05-12,3.69418,3.83271,3.6633899999999997,3.83271,122130.0
2020-05-13,3.9250599999999998,4.09438,3.8481,3.94046,186360.0
2020-05-14,3.94046,3.97124,3.8788899999999997,3.9250599999999998,99990.0
2020-05-15,3.94046,3.94046,3.81732,3.83271,99790.0
2020-05-18,3.81732,3.83271,3.74036,3.81732,77600.0
2020-05-19,3.94046,3.98663,3.90967,3.94046,287720.0
2020-05-20,3.85867,4.070110000000001,3.85867,4.01725,139570.0
2020-05-21,4.070110000000001,4.070110000000001,3.89391,3.94677,53140.0
2020-05-22,3.94677,3.9996300000000002,3.92915,3.9996300000000002,20500.0
2020-05-25,3.9996300000000002,3.9996300000000002,3.89391,3.89391,72090.0
2020-05-26,3.87629,3.9996300000000002,3.87629,3.9820100000000003,122100.0
2020-05-27,4.03487,4.14059,3.9820100000000003,3.9996300000000002,139270.0
2020-05-28,3.9996300000000002,3.9996300000000002,3.94677,3.9820100000000003,19630.0
2020-05-29,3.92915,3.9820100000000003,3.92915,3.9820100000000003,39360.0
2020-06-01,3.9820100000000003,4.01725,3.9115300000000004,3.9115300000000004,82380.0
2020-06-02,3.94677,3.9820100000000003,3.9115300000000004,3.94677,142490.0
2020-06-03,3.94677,4.211060000000001,3.94677,4.211060000000001,217980.0
2020-06-04,4.492979999999999,4.492979999999999,4.36964,4.492979999999999,319360.0
2020-06-05,4.79251,4.79251,4.75727,4.79251,818090.0
2020-06-08,4.79251,4.81013,4.61631,4.77489,300240.0
2020-06-09,4.72203,4.72203,4.5810699999999995,4.5810699999999995,257980.0
2020-06-10,4.61631,4.63393,4.5106,4.63393,244860.0
2020-06-11,4.739649999999999,4.739649999999999,4.3344,4.35202,208650.0
2020-06-12,4.26392,4.35202,4.14059,4.35202,207260.0
2020-06-15,4.35202,4.36964,4.19344,4.19344,95490.0
2020-06-16,4.35202,4.35202,4.15821,4.228680000000001,20840.0
2020-06-17,4.228680000000001,4.35202,4.211060000000001,4.28154,131310.0
2020-06-18,4.29916,4.457739999999999,4.2463,4.36964,149940.0
2020-06-19,4.40488,4.54584,4.40488,4.492979999999999,77380.0
2020-06-22,4.5106,4.56345,4.4225,4.5106,166310.0
2020-06-23,4.475359999999999,4.739649999999999,4.475359999999999,4.68679,456500.0
2020-06-24,4.77489,4.77489,4.66917,4.68679,281100.0
2020-06-25,4.65155,5.003939999999999,4.5986899999999995,5.003939999999999,695260.0
2020-06-26,5.1449,5.180140000000001,5.003939999999999,5.003939999999999,503790.0
2020-06-29,5.003939999999999,5.21538,4.9687,5.180140000000001,641350.0
2020-06-30,5.28585,5.40919,5.1449,5.28585,438480.0
2020-07-01,5.32109,5.33871,5.180140000000001,5.28585,288260.0
2020-07-02,5.25062,5.49729,5.25062,5.37395,435160.0
2020-07-03,5.4620500000000005,5.4620500000000005,5.28585,5.28585,421540.0
2020-07-06,5.35633,5.35633,5.180140000000001,5.180140000000001,520250.0
2020-07-07,5.162520000000001,5.180140000000001,4.89823,4.89823,835710.0
2020-07-08,4.82775,5.10966,4.82775,5.10966,365600.0
2020-07-09,5.10966,5.10966,4.9687,5.07442,334410.0
2020-07-10,5.07442,5.40919,5.07442,5.35633,700540.0
2020-07-13,5.40919,5.426810000000001,5.28585,5.32109,597170.0
2020-07-14,5.32109,5.35633,5.003939999999999,5.21538,244560.0
2020-07-15,5.21538,5.33871,5.21538,5.28585,318360.0
2020-07-16,5.28585,5.33871,5.21538,5.21538,293870.0
2020-07-17,5.10966,5.21538,5.07442,5.21538,390090.0
2020-07-20,5.10966,5.1449,5.0568,5.0568,345210.0
2020-07-21,5.07442,5.10966,4.93346,5.02156,695840.0
2020-07-22,5.03918,5.07442,4.98632,4.98632,134790.0
2020-07-23,4.9687,5.003939999999999,4.68679,4.68679,780110.0
2020-07-24,4.68679,4.79251,4.36964,4.54584,1037840.0
2020-07-27,4.26392,4.5106,4.228680000000001,4.228680000000001,302790.0
2020-07-28,4.29916,4.475359999999999,4.26392,4.457739999999999,707450.0
2020-07-29,4.26392,4.4225,4.15821,4.28154,827120.0
2020-07-30,4.3344,4.36964,4.228680000000001,4.28154,156040.0
2020-07-31,4.1229700000000005,4.28154,4.1229700000000005,4.19344,168910.0
2020-08-03,4.211060000000001,4.40488,4.19344,4.36964,417000.0
2020-08-04,4.5106,4.5106,4.31678,4.38726,182380.0
2020-08-05,4.29916,4.61631,4.29916,4.61631,694110.0
2020-08-06,4.44012,4.61631,4.44012,4.5106,199490.0
2020-08-07,4.5106,4.5106,4.44012,4.44012,136800.0
2020-08-10,4.5106,4.5106,4.4225,4.44012,410500.0
2020-08-11,4.44012,4.5106,4.44012,4.475359999999999,106620.0
2020-08-12,4.475359999999999,4.475359999999999,4.4225,4.44012,153320.0
2020-08-13,4.475359999999999,4.5106,4.40488,4.475359999999999,189570.0
2020-08-14,4.475359999999999,4.475359999999999,4.38726,4.38726,276260.0
2020-08-17,4.3344,4.40488,4.3344,4.35202,169150.0
2020-08-18,4.28154,4.40488,4.28154,4.36964,94330.0
2020-08-19,4.40488,4.40488,4.35202,4.36964,124230.0
2020-08-20,4.35202,4.36964,4.29916,4.31678,200780.0
2020-08-21,4.31678,4.475359999999999,4.29916,4.44012,260030.0
2020-08-24,4.44012,4.54584,4.44012,4.457739999999999,328470.0
2020-08-25,4.457739999999999,4.5106,4.40488,4.40488,212150.0
2020-08-26,4.40488,4.457739999999999,4.36964,4.44012,315210.0
2020-08-27,4.475359999999999,4.475359999999999,4.4225,4.475359999999999,209820.0
2020-08-28,4.475359999999999,4.77489,4.475359999999999,4.77489,1533430.0
2020-08-31,4.72203,4.82775,4.65155,4.65155,341260.0
2020-09-01,4.61631,4.89823,4.61631,4.89823,397850.0
2020-09-03,4.93346,4.93346,4.739649999999999,4.77489,409050.0
2020-09-04,4.68679,4.93346,4.65155,4.82775,571250.0
2020-09-07,4.89823,4.89823,4.72203,4.72203,353040.0
2020-09-08,4.75727,4.79251,4.68679,4.79251,358690.0
2020-09-09,4.72203,4.86299,4.72203,4.82775,279080.0
2020-09-10,4.86299,4.93346,4.79251,4.79251,395720.0
2020-09-11,4.75727,4.82775,4.75727,4.77489,182250.0
2020-09-14,4.77489,4.82775,4.75727,4.77489,294850.0
2020-09-15,4.79251,4.93346,4.77489,4.86299,626170.0
2020-09-16,4.89823,4.89823,4.81013,4.89823,208510.0
2020-09-17,4.93346,5.10966,4.93346,5.003939999999999,833460.0
2020-09-18,4.9687,5.03918,4.95108,4.9687,206590.0
2020-09-21,5.02156,5.02156,4.89823,4.89823,361420.0
2020-09-22,4.82775,4.88061,4.79251,4.84537,548670.0
2020-09-23,4.84537,4.88061,4.81013,4.84537,225150.0
2020-09-24,4.84537,4.84537,4.79251,4.82775,179380.0
2020-09-25,4.79251,4.84537,4.63393,4.77489,671560.0
2020-09-28,4.77489,4.79251,4.72203,4.75727,328030.0
2020-09-29,4.75727,4.86299,4.72203,4.75727,288310.0
2020-09-30,4.75727,4.79251,4.68679,4.739649999999999,215630.0
2020-10-01,4.79251,5.0568,4.72203,4.89823,1019830.0
2020-10-02,4.89823,4.93346,4.72203,4.82775,348900.0
2020-10-05,4.82775,4.86299,4.75727,4.82775,230740.0
2020-10-06,4.82775,4.86299,4.72203,4.75727,409040.0
2020-10-07,4.72203,4.79251,4.72203,4.72203,249520.0
2020-10-08,4.72203,4.77489,4.63393,4.66917,442700.0
2020-10-09,4.65155,4.739649999999999,4.65155,4.70441,294570.0
2020-10-12,4.75727,4.75727,4.63393,4.65155,216140.0
2020-10-13,4.65155,4.65155,4.5810699999999995,4.61631,229060.0
2020-10-14,4.5986899999999995,4.63393,4.54584,4.5810699999999995,212330.0
2020-10-15,4.61631,4.65155,4.54584,4.54584,405760.0
2020-10-16,4.61631,4.61631,4.5106,4.5106,249420.0
2020-10-19,4.475359999999999,4.65155,4.475359999999999,4.5810699999999995,210760.0
2020-10-20,4.5810699999999995,4.5810699999999995,4.5106,4.54584,125270.0
2020-10-21,4.52822,4.54584,4.457739999999999,4.475359999999999,334810.0
2020-10-22,4.44012,4.492979999999999,4.44012,4.475359999999999,181750.0
2020-10-23,4.475359999999999,4.5106,4.475359999999999,4.475359999999999,180260.0
2020-10-26,4.492979999999999,4.5106,4.36964,4.38726,414030.0
2020-10-27,4.35202,4.38726,4.26392,4.26392,368980.0
2020-10-28,4.26392,4.29916,4.19344,4.19344,273420.0
2020-10-29,4.08773,4.19344,4.08773,4.14059,234470.0
2020-10-30,4.14059,4.28154,4.14059,4.228680000000001,224420.0
2020-11-02,4.28154,4.28154,4.228680000000001,4.26392,43780.0
2020-11-03,4.26392,4.36964,4.19344,4.228680000000001,196260.0
2020-11-04,4.3344,4.3344,4.228680000000001,4.31678,197750.0
2020-11-05,4.31678,4.3344,4.228680000000001,4.29916,177980.0
2020-11-06,4.228680000000001,4.26392,4.19344,4.211060000000001,120290.0
2020-11-09,4.211060000000001,4.29916,4.211060000000001,4.29916,159810.0
2020-11-10,4.3344,4.52822,4.29916,4.4225,424330.0
2020-11-11,4.44012,4.492979999999999,4.40488,4.475359999999999,201020.0
2020-11-12,4.475359999999999,4.475359999999999,4.40488,4.4225,324840.0
2020-11-13,4.36964,4.40488,4.35202,4.35202,275080.0
2020-11-16,4.40488,4.4225,4.3344,4.36964,211890.0
2020-11-17,4.35202,4.44012,4.35202,4.4225,122900.0
2020-11-18,4.457739999999999,4.54584,4.44012,4.5106,543320.0
2020-11-19,4.54584,4.56345,4.492979999999999,4.5106,248200.0
2020-11-20,4.5106,4.5106,4.457739999999999,4.5106,288320.0
2020-11-23,4.5106,4.5106,4.40488,4.475359999999999,495460.0
2020-11-24,4.475359999999999,4.492979999999999,4.40488,4.44012,306800.0
2020-11-25,4.475359999999999,4.54584,4.457739999999999,4.5106,307870.0
2020-11-26,4.5106,4.56345,4.492979999999999,4.52822,134980.0
2020-11-27,4.56345,4.65155,4.492979999999999,4.5810699999999995,475790.0
2020-11-30,4.65155,4.65155,4.5106,4.5106,371380.0
2020-12-01,4.4225,4.52822,4.4225,4.52822,341920.0
2020-12-02,4.52822,4.5810699999999995,4.475359999999999,4.52822,543290.0
2020-12-03,4.56345,4.65155,4.56345,4.65155,477840.0
2020-12-04,4.72203,4.72203,4.5810699999999995,4.61631,444090.0
2020-12-07,4.68679,4.68679,4.5810699999999995,4.63393,295480.0
2020-12-08,4.68679,4.81013,4.5986899999999995,4.75727,951390.0
2020-12-09,4.75727,4.915850000000001,4.75727,4.84537,1183000.0
2020-12-10,4.84537,4.86299,4.72203,4.72203,595460.0
2020-12-11,4.70441,4.79251,4.66917,4.79251,650530.0
2020-12-14,4.79251,5.03918,4.79251,4.9687,1434060.0
2020-12-15,4.9687,5.003939999999999,4.84537,4.88061,879260.0
2020-12-16,4.88061,4.915850000000001,4.84537,4.89823,499970.0
2020-12-17,4.84537,4.88061,4.68679,4.77489,748100.0
2020-12-18,4.75727,5.09204,4.739649999999999,5.07442,1879690.0
2020-12-21,5.25062,5.39157,5.180140000000001,5.35633,1580450.0
2020-12-22,5.35633,5.5501499999999995,5.25062,5.35633,1096700.0
2020-12-23,5.32109,5.35633,5.162520000000001,5.180140000000001,1047020.0
2020-12-24,5.21538,5.25062,4.86299,5.03918,726490.0
2020-12-25,4.95108,5.39157,4.95108,5.37395,1194470.0
2020-12-28,5.56777,5.7087200000000005,5.426810000000001,5.63825,1830380.0
2020-12-29,5.63825,5.67348,5.5501499999999995,5.58539,1102810.0
2020-12-30,5.58539,5.62063,5.4620500000000005,5.56777,688870.0
2020-12-31,5.56777,5.814439999999999,5.49729,5.72634,1791130.0
2021-01-04,5.84968,6.11397,5.84968,6.078729999999999,1704000.0
2021-01-05,6.09635,6.16683,5.99064,6.09635,940100.0
2021-01-06,6.09635,6.44874,5.99064,6.09635,1451000.0
2021-01-07,6.29017,6.39588,6.16683,6.30779,1596800.0
2021-01-08,6.34303,6.53684,6.30779,6.37826,1032000.0
2021-01-11,6.4135,6.48398,6.16683,6.27255,895400.0
2021-01-12,6.11397,6.30779,6.09635,6.18445,908500.0
2021-01-13,6.20207,6.30779,6.13159,6.21969,1049400.0
2021-01-14,6.237310000000001,6.6425600000000005,6.16683,6.6425600000000005,2032100.0
2021-01-15,6.730659999999999,7.10067,6.730659999999999,7.012569999999999,1334400.0
2021-01-18,7.04781,7.08305,6.69542,6.85399,1007500.0
2021-01-19,6.69542,6.81875,6.37826,6.39588,1400100.0
2021-01-20,6.39588,6.519220000000001,5.9554,6.237310000000001,1076600.0
2021-01-21,6.48398,6.48398,6.237310000000001,6.39588,744700.0
2021-01-22,6.39588,6.4135,5.99064,6.13159,1062000.0
2021-01-25,6.13159,6.27255,5.99064,6.20207,603100.0
2021-01-26,6.02587,6.27255,6.02587,6.043489999999999,909500.0
2021-01-27,6.043489999999999,6.13159,5.62063,5.7087200000000005,841500.0
2021-01-28,5.32109,5.4620500000000005,5.32109,5.32109,622700.0
2021-01-29,4.95108,5.60301,4.95108,5.426810000000001,866200.0
2021-02-01,5.426810000000001,5.5325299999999995,5.0568,5.25062,437000.0
2021-02-02,5.25062,5.25062,4.95108,5.21538,285000.0
2021-02-03,5.426810000000001,5.56777,5.180140000000001,5.56777,624100.0
2021-02-04,5.67348,5.814439999999999,5.49729,5.6911000000000005,357300.0
2021-02-05,5.6911000000000005,5.814439999999999,5.63825,5.76158,258000.0
2021-02-08,5.7791999999999994,5.814439999999999,5.426810000000001,5.5325299999999995,590500.0
2021-02-09,5.5325299999999995,5.67348,5.4620500000000005,5.60301,382000.0
2021-02-17,5.7791999999999994,5.92016,5.6911000000000005,5.92016,563900.0
2021-02-18,5.9554,6.061109999999999,5.8673,5.92016,533700.0
2021-02-19,5.814439999999999,5.99064,5.7791999999999994,5.9554,510400.0
2021-02-22,5.92016,5.97302,5.7791999999999994,5.84968,564200.0
2021-02-23,5.84968,5.88492,5.7791999999999994,5.84968,375800.0
2021-02-24,5.9554,6.09635,5.8673,5.8673,1096100.0
2021-02-25,5.9554,5.9554,5.84968,5.92016,335200.0
2021-02-26,5.814439999999999,5.92016,5.796819999999999,5.84968,356600.0
2021-03-01,5.84968,6.061109999999999,5.84968,6.061109999999999,535300.0
2021-03-02,6.14921,6.14921,5.9554,6.02587,329400.0
2021-03-03,6.02587,6.02587,5.8673,5.97302,284800.0
2021-03-04,5.99064,6.061109999999999,5.7791999999999994,5.814439999999999,507700.0
2021-03-05,5.814439999999999,5.92016,5.74396,5.84968,601300.0
2021-03-08,5.9554,6.061109999999999,5.84968,5.99064,908100.0
2021-03-09,6.043489999999999,6.30779,5.9554,6.237310000000001,1393400.0
2021-03-10,6.34303,6.34303,6.20207,6.25493,587600.0
2021-03-11,6.27255,6.501600000000001,6.27255,6.46636,1663500.0
2021-03-12,6.46636,6.501600000000001,6.34303,6.39588,1067800.0
2021-03-15,6.4135,6.4135,6.32541,6.36065,477600.0
2021-03-16,6.34303,6.37826,6.20207,6.237310000000001,577000.0
2021-03-17,6.25493,6.30779,6.21969,6.30779,573900.0
2021-03-18,6.34303,6.501600000000001,6.32541,6.34303,502300.0
2021-03-19,6.34303,6.501600000000001,6.34303,6.39588,587900.0
2021-03-22,6.37826,6.4135,6.29017,6.39588,465400.0
2021-03-23,6.30779,6.4135,6.237310000000001,6.27255,359500.0
2021-03-24,6.16683,6.20207,5.99064,6.09635,480000.0
2021-03-25,6.09635,6.16683,5.814439999999999,5.814439999999999,642500.0
2021-03-26,5.92016,5.99064,5.74396,5.9554,776400.0
2021-03-29,6.14921,6.14921,5.99064,6.02587,288000.0
2021-03-30,6.02587,6.061109999999999,5.99064,6.00826,426100.0
2021-03-31,5.99064,6.061109999999999,5.99064,6.043489999999999,329600.0
2021-04-01,6.061109999999999,6.34303,6.061109999999999,6.30779,617000.0
2021-04-02,6.37826,6.46636,6.30779,6.34303,858200.0
2021-04-05,6.43112,6.44874,6.30779,6.36065,361900.0
2021-04-06,6.27255,6.4135,6.25493,6.30779,602200.0
2021-04-07,6.34303,6.36065,6.237310000000001,6.36065,373500.0
2021-04-08,6.36065,6.37826,6.27255,6.30779,545500.0
2021-04-09,6.27255,6.60732,6.27255,6.501600000000001,1193700.0
2021-04-12,6.60732,6.66018,6.501600000000001,6.66018,1225800.0
2021-04-13,6.765890000000001,6.765890000000001,6.519220000000001,6.53684,860000.0
2021-04-14,6.48398,6.55446,6.36065,6.519220000000001,752100.0
2021-04-15,6.519220000000001,6.53684,6.34303,6.4135,589700.0
2021-04-16,6.34303,6.39588,6.061109999999999,6.21969,538700.0
2021-04-19,6.30779,6.34303,6.16683,6.237310000000001,545800.0
2021-04-20,6.39588,6.39588,6.09635,6.16683,655400.0
2021-04-22,6.27255,6.30779,6.13159,6.16683,829900.0
2021-04-23,6.16683,6.25493,6.09635,6.20207,586900.0
2021-04-26,6.30779,6.30779,6.078729999999999,6.13159,423100.0
2021-04-27,6.061109999999999,6.14921,6.00826,6.02587,311400.0
2021-04-28,6.02587,6.13159,5.97302,6.078729999999999,351300.0
2021-04-29,6.078729999999999,6.16683,6.061109999999999,6.11397,369500.0
2021-05-04,5.92016,6.16683,5.92016,6.09635,450300.0
2021-05-05,6.09635,6.519220000000001,6.09635,6.519220000000001,1491400.0
2021-05-06,6.519220000000001,6.55446,6.4135,6.519220000000001,990900.0
2021-05-07,6.44874,6.66018,6.36065,6.55446,1223000.0
2021-05-10,6.55446,7.012569999999999,6.519220000000001,7.012569999999999,2386100.0
2021-05-11,7.224,7.47067,7.1182799999999995,7.294479999999999,1538700.0
2021-05-12,7.18876,7.36496,7.18876,7.294479999999999,842900.0
2021-05-13,7.15352,7.78783,7.15352,7.78783,2302000.0
2021-05-14,7.7525900000000005,8.0345,7.7525900000000005,7.92878,1042300.0
2021-05-17,7.92878,8.01688,7.7525900000000005,7.9816400000000005,753700.0
2021-05-18,7.92878,8.24593,7.8230699999999995,8.10498,1188600.0
2021-05-19,8.15784,8.51023,8.0345,8.49261,973800.0
2021-05-20,8.52785,9.00357,8.457370000000001,9.00357,1587300.0
2021-05-21,8.80976,9.26787,8.80976,9.144530000000001,704300.0
2021-05-24,9.09167,9.16215,8.73928,8.73928,889800.0
2021-05-25,8.63356,9.12691,8.52785,9.12691,980300.0
2021-05-26,9.16215,9.479299999999999,9.07405,9.479299999999999,673500.0
2021-05-27,9.479299999999999,10.1136,9.479299999999999,9.79645,653100.0
2021-05-28,9.79645,10.360280000000001,9.761209999999998,10.2898,500900.0
2021-05-31,11.00357,11.00357,10.806370000000001,10.98385,715100.0
2021-06-01,11.35852,11.35852,10.84581,10.84581,394300.0
2021-06-02,10.27394,11.47684,10.25422,11.24021,574900.0
2021-06-03,11.61488,12.00927,11.51628,12.00927,714200.0
2021-06-04,12.14731,12.32479,12.02899,12.22619,539600.0
2021-06-07,11.8318,12.22619,11.37824,11.555719999999999,575500.0
2021-06-08,11.37824,11.4374,10.747209999999999,10.747209999999999,603400.0
2021-06-09,10.45142,11.47684,10.01759,11.27965,1062600.0
2021-06-10,11.24021,11.61488,11.121889999999999,11.20077,264100.0
2021-06-11,11.20077,11.89096,10.66834,11.89096,803200.0
2021-06-14,11.75292,12.71918,11.674040000000002,12.71918,1208900.0
2021-06-15,12.71918,13.60657,12.62058,13.60657,1145100.0
2021-06-16,13.52769,14.55311,13.05442,14.47423,737300.0
2021-06-17,14.27703,15.18414,13.80376,15.18414,631100.0
2021-06-18,15.38133,15.38133,14.23759,15.18414,692800.0
2021-06-21,14.27703,14.98694,14.27703,14.78975,650900.0
2021-06-22,14.78975,14.78975,14.158719999999999,14.27703,454300.0
2021-06-23,14.00096,14.59255,14.00096,14.11928,326300.0
2021-06-24,14.11928,14.316469999999999,13.60657,13.724879999999999,369000.0
2021-06-25,13.724879999999999,14.67143,13.36993,14.67143,519300.0
2021-06-28,15.22358,15.22358,14.710870000000002,14.8489,283300.0
2021-06-29,14.61227,15.18414,14.61227,14.8489,335300.0
2021-06-30,14.8489,14.8489,14.55311,14.55311,268200.0
2021-07-01,14.51367,15.55881,14.51367,15.53909,749100.0
2021-07-02,16.17012,16.60395,15.73629,16.4462,918000.0
2021-07-05,16.56451,16.76171,15.77573,16.17012,450200.0
2021-07-06,16.09124,16.48564,15.38133,15.38133,500800.0
2021-07-07,15.38133,15.40105,14.35591,15.341899999999999,398300.0
2021-07-08,15.341899999999999,15.61797,14.80946,14.98694,398300.0
2021-07-09,14.78975,14.9475,13.941799999999999,14.00096,458200.0
2021-07-12,13.409370000000001,13.409370000000001,13.0347,13.0347,437800.0
2021-07-13,13.0347,13.60657,12.42339,13.074129999999998,385600.0
2021-07-14,13.074129999999998,13.36993,12.285350000000001,12.58114,292400.0
2021-07-15,12.62058,13.251610000000001,12.34451,13.251610000000001,277600.0
2021-07-16,13.44881,13.48825,13.13329,13.291049999999998,269700.0
2021-07-19,12.44311,13.05442,12.36423,12.36423,284300.0
2021-07-20,12.36423,13.09385,11.98955,13.01498,448800.0
2021-07-21,13.21217,13.60657,13.05442,13.251610000000001,437800.0
2021-07-22,13.251610000000001,13.52769,13.01498,13.409370000000001,289600.0
2021-07-23,13.409370000000001,13.409370000000001,13.01498,13.01498,365400.0
2021-07-26,12.62058,13.0347,12.38395,12.77834,209300.0
2021-07-27,12.42339,13.33049,12.42339,13.05442,375800.0
2021-07-28,13.17273,13.17273,12.77834,13.05442,143700.0
2021-07-29,13.05442,13.48825,13.01498,13.48825,306900.0
2021-07-30,13.60657,13.96152,13.567129999999999,13.882639999999999,476000.0
2021-08-02,13.882639999999999,14.78975,13.80376,14.78975,1145800.0
2021-08-03,14.78975,15.73629,14.78975,15.637690000000001,1084100.0
2021-08-04,16.30816,16.30816,15.637690000000001,15.77573,739700.0
2021-08-05,15.46021,15.953209999999999,15.263020000000001,15.854610000000001,748500.0
2021-08-06,15.77573,16.525080000000003,15.46021,16.17012,1179600.0
2021-08-09,16.17012,17.2547,16.0518,17.2547,1137100.0
2021-08-10,17.74769,17.74769,17.33358,17.66882,634100.0
2021-08-11,17.649099999999997,17.905450000000002,17.23498,17.66882,1131200.0
2021-08-12,17.3533,18.22097,17.23498,18.14209,1013400.0
2021-08-13,17.984330000000003,19.40415,17.984330000000003,19.40415,1043300.0
2021-08-16,20.50845,20.74508,19.9563,20.74508,1046100.0
2021-08-17,20.74508,21.69163,20.11405,21.29723,1104600.0
2021-08-18,20.981720000000003,21.69163,20.82396,21.25779,928600.0
2021-08-19,21.25779,21.49443,20.82396,20.90284,975600.0
2021-08-20,20.70564,21.69163,20.50845,20.94228,1503500.0
2021-08-23,20.981720000000003,22.20434,20.74508,22.12546,1414800.0
2021-08-24,22.44097,22.44097,20.58733,20.82396,1141700.0
2021-08-25,20.626759999999997,20.82396,19.91686,20.78452,851900.0
2021-08-26,20.863400000000002,21.49443,20.469009999999997,21.25779,1204200.0
2021-08-27,21.218349999999997,21.29723,20.35069,21.29723,678400.0
2021-08-30,21.69163,22.28322,21.060599999999997,22.243779999999997,967700.0
2021-08-31,22.28322,22.28322,21.29723,21.88882,861500.0
2021-09-01,21.69163,22.32266,21.336669999999998,22.243779999999997,700800.0
2021-09-06,22.48041,22.55929,21.88882,21.928259999999998,837000.0
2021-09-07,22.12546,22.519849999999998,21.454990000000002,21.809939999999997,877900.0
2021-09-08,21.7705,22.08602,21.29723,21.61275,353300.0
2021-09-09,21.84938,22.36209,21.41555,22.36209,529100.0
2021-09-10,22.59873,23.66359,22.401529999999998,23.545270000000002,1047000.0
2021-09-13,23.62415,24.33406,23.2692,24.176299999999998,887700.0
2021-09-14,24.136860000000002,24.25518,23.62415,23.86079,603600.0
2021-09-15,23.66359,23.979110000000002,22.95368,23.93967,570200.0
2021-09-16,23.584709999999998,24.05799,23.2692,23.66359,382700.0
2021-09-17,23.90023,24.68901,23.584709999999998,24.64958,802600.0
2021-09-20,24.80733,25.753880000000002,24.80733,25.2806,877500.0
2021-09-21,24.80733,25.43836,24.49182,25.43836,629200.0
2021-09-22,25.359479999999998,25.4778,24.41294,24.49182,1340900.0
2021-09-23,24.41294,24.92565,24.21574,24.25518,727200.0
2021-09-24,23.93967,24.64958,22.91425,22.91425,1062300.0
2021-09-27,22.67761,22.87481,21.336669999999998,21.336669999999998,1249800.0
2021-09-28,20.42957,21.69163,20.11405,21.69163,959800.0
2021-09-29,21.69163,22.44097,20.90284,22.44097,300200.0
2021-09-30,22.36209,22.55929,21.88882,21.88882,324700.0
2021-10-01,21.809939999999997,22.12546,21.454990000000002,21.573310000000003,553400.0
2021-10-04,20.981720000000003,21.178919999999998,20.19293,21.060599999999997,1045000.0
2021-10-05,21.10004,22.519849999999998,21.10004,22.519849999999998,872300.0
2021-10-06,23.072,23.22976,22.28322,22.87481,620800.0
2021-10-07,23.22976,24.33406,22.67761,24.05799,1134100.0
2021-10-08,23.86079,24.68901,23.82135,24.45238,910400.0
2021-10-11,24.45238,24.84677,24.176299999999998,24.33406,507200.0
2021-10-12,24.53126,24.53126,23.78191,24.25518,559800.0
2021-10-13,24.21574,24.45238,23.979110000000002,24.05799,387300.0
2021-10-14,23.90023,24.92565,23.90023,24.68901,596600.0
2021-10-15,24.96509,24.96509,24.33406,24.68901,367800.0
2021-10-18,24.88621,25.20173,24.09742,24.45238,908000.0
2021-10-19,24.41294,25.00453,24.25518,24.84677,575700.0
2021-10-20,25.398919999999997,25.911630000000002,24.84677,25.20173,930000.0
2021-10-21,25.55668,25.55668,24.53126,24.64958,751200.0
2021-10-22,24.53126,24.728450000000002,24.176299999999998,24.33406,575400.0
2021-10-25,24.018549999999998,24.09742,23.426959999999998,23.426959999999998,955200.0
2021-10-26,23.2692,23.86079,22.795930000000002,23.82135,528900.0
2021-10-27,24.018549999999998,24.64958,23.78191,24.49182,500500.0
2021-10-28,24.767889999999998,25.24116,24.53126,24.64958,665800.0
2021-10-29,24.84677,24.84677,24.25518,24.45238,544400.0
2021-11-01,24.728450000000002,26.14827,24.45238,26.14827,1389900.0
2021-11-02,26.42434,27.01593,26.26659,26.818740000000002,1293500.0
2021-11-03,26.937060000000002,28.39631,26.937060000000002,27.80472,1334000.0
2021-11-04,27.80472,29.57949,27.80472,28.90902,955800.0
2021-11-05,28.9879,29.1851,27.410330000000002,28.0808,941700.0
2021-11-08,28.277990000000003,28.9879,27.33145,28.35687,800600.0
2021-11-09,28.31743,28.39631,27.60752,28.35687,677900.0
2021-11-10,28.39631,29.1851,28.19911,28.19911,486500.0
2021-11-11,28.19911,28.67239,27.37089,27.72584,817400.0
2021-11-12,27.765279999999997,28.0808,27.33145,27.92304,701700.0
2021-11-15,28.63295,29.54005,28.0808,28.43575,915100.0
2021-11-16,27.80472,28.35687,27.410330000000002,27.48921,928900.0
2021-11-17,27.410330000000002,28.67239,27.410330000000002,28.120240000000003,1031300.0
2021-11-18,28.63295,29.57949,28.120240000000003,29.34285,951000.0
2021-11-19,29.38229,30.32884,27.292009999999998,28.120240000000003,1219200.0
2021-11-22,28.120240000000003,28.63295,26.818740000000002,27.883599999999998,880800.0
2021-11-23,27.883599999999998,28.711830000000003,27.60752,28.711830000000003,571300.0
2021-11-24,29.895,29.93444,28.83014,29.10622,794500.0
2021-11-25,29.10622,30.171080000000003,28.9879,29.42173,959000.0
2021-11-26,29.57949,29.895,28.90902,29.1851,928900.0
2021-11-29,27.84416,29.1851,27.84416,28.75126,677700.0
2021-11-30,28.83014,29.50061,28.39631,28.43575,1000400.0
2021-12-01,28.43575,28.55407,27.410330000000002,27.72584,1133800.0
2021-12-02,27.72584,28.00192,27.25257,27.410330000000002,740900.0
2021-12-03,27.410330000000002,27.60752,25.55668,25.55668,1802600.0
2021-12-06,24.92565,25.911630000000002,23.979110000000002,24.21574,1144000.0
2021-12-07,24.45238,25.20173,24.05799,24.84677,877100.0
2021-12-08,25.162290000000002,25.162290000000002,24.41294,24.45238,689800.0
2021-12-09,24.53126,24.84677,24.09742,24.84677,725000.0
2021-12-10,24.45238,24.92565,24.33406,24.84677,610800.0
2021-12-13,24.49182,25.24116,24.45238,25.00453,819600.0
2021-12-14,25.20173,25.398919999999997,24.64958,24.84677,491300.0
2021-12-15,24.84677,24.84677,24.49182,24.53126,314800.0
2021-12-16,24.570700000000002,24.84677,24.25518,24.25518,434600.0
2021-12-17,24.21574,24.80733,24.176299999999998,24.64958,572100.0
2021-12-20,25.04397,25.24116,24.45238,24.92565,717500.0
2021-12-21,24.92565,24.92565,24.29462,24.45238,555600.0
2021-12-22,24.80733,24.80733,22.87481,22.87481,1460700.0
2021-12-23,22.28322,22.63817,21.336669999999998,21.41555,1280800.0
2021-12-24,21.29723,22.28322,21.29723,21.928259999999998,418000.0
2021-12-27,22.48041,22.87481,22.12546,22.756490000000003,415800.0
2021-12-28,22.48041,22.795930000000002,22.12546,22.795930000000002,477000.0
2021-12-29,22.67761,22.756490000000003,22.20434,22.401529999999998,238700.0
2021-12-30,22.519849999999998,23.90023,22.48041,23.78191,511500.0
2021-12-31,23.78191,24.45238,23.30864,23.584709999999998,334700.0
2022-01-04,23.584709999999998,24.176299999999998,23.584709999999998,24.018549999999998,551600.0
2022-01-05,23.78191,24.136860000000002,23.66359,23.86079,535300.0
2022-01-06,23.86079,23.86079,23.2692,23.348080000000003,432800.0
2022-01-07,22.91425,23.2692,22.71705,22.835369999999998,500400.0
2022-01-10,22.91425,22.993119999999998,21.809939999999997,21.88882,585000.0
2022-01-11,21.49443,22.164900000000003,20.70564,20.70564,489700.0
2022-01-12,20.74508,21.61275,20.11405,20.90284,595100.0
2022-01-13,21.29723,21.53387,20.74508,20.981720000000003,226300.0
2022-01-14,21.02116,21.060599999999997,20.70564,20.82396,153500.0
2022-01-17,20.82396,21.060599999999997,19.384430000000002,19.384430000000002,625400.0
2022-01-18,18.26041,19.30555,18.043490000000002,18.043490000000002,391700.0
2022-01-19,17.94489,19.30555,17.905450000000002,19.30555,340500.0
2022-01-20,20.42957,20.42957,19.64078,20.035169999999997,247200.0
2022-01-21,19.71966,20.15349,19.60134,19.60134,164300.0
2022-01-24,18.93087,18.93087,18.240689999999997,18.240689999999997,348600.0
2022-01-25,17.86601,18.37872,17.74769,18.37872,230000.0
2022-01-26,18.37872,18.654799999999998,17.86601,17.86601,113700.0
2022-01-27,17.86601,19.108349999999998,17.767409999999998,19.108349999999998,345700.0
2022-01-28,19.30555,19.680220000000002,19.28583,19.5619,281600.0
2022-02-07,19.71966,20.90284,19.71966,20.90284,288600.0
2022-02-08,21.29723,21.37611,20.90284,21.25779,335100.0
2022-02-09,21.29723,21.809939999999997,20.981720000000003,21.69163,449000.0
2022-02-10,21.928259999999998,21.928259999999998,21.10004,21.29723,296900.0
2022-02-11,21.25779,21.573310000000003,20.863400000000002,21.336669999999998,230800.0
2022-02-14,20.90284,21.29723,20.82396,21.10004,212200.0
2022-02-15,21.10004,21.25779,20.50845,20.82396,176700.0
2022-02-16,20.90284,21.218349999999997,20.90284,21.10004,169300.0
2022-02-17,21.10004,21.13948,20.82396,20.863400000000002,226200.0
2022-02-18,20.54789,21.454990000000002,20.54789,21.336669999999998,412600.0
2022-02-21,21.37611,22.63817,21.37611,22.63817,824000.0
2022-02-22,21.454990000000002,22.67761,21.37611,22.20434,464200.0
2022-02-23,22.756490000000003,23.348080000000003,22.32266,23.111439999999998,486800.0
2022-02-24,23.111439999999998,23.584709999999998,21.49443,22.835369999999998,685300.0
2022-02-25,22.993119999999998,23.4664,22.48041,22.91425,663900.0
2022-02-28,23.22976,23.22976,22.48041,22.519849999999998,463300.0
2022-03-01,22.59873,23.072,22.12546,22.59873,326200.0
2022-03-02,22.48041,22.59873,21.928259999999998,22.046580000000002,591400.0
2022-03-03,21.928259999999998,22.87481,21.69163,22.87481,664100.0
2022-03-04,23.2692,23.4664,22.756490000000003,22.756490000000003,435800.0
2022-03-07,22.12546,22.835369999999998,22.12546,22.55929,343400.0
2022-03-08,21.49443,22.87481,21.49443,22.164900000000003,500700.0
2022-03-09,22.164900000000003,22.28322,21.25779,22.12546,531800.0
2022-03-10,22.55929,22.835369999999998,21.652189999999997,21.69163,404400.0
2022-03-11,21.61275,21.652189999999997,20.70564,20.70564,707200.0
2022-03-14,20.23237,20.31125,19.502740000000003,19.6605,670600.0
2022-03-15,19.384430000000002,20.07461,19.384430000000002,19.91686,260600.0
2022-03-16,20.11405,20.19293,19.9563,19.99574,189800.0
2022-03-17,20.271810000000002,20.469009999999997,20.15349,20.31125,128500.0
2022-03-18,20.50845,20.50845,20.11405,20.50845,190600.0
2022-03-21,20.90284,20.90284,20.58733,20.78452,217600.0
2022-03-22,20.90284,21.060599999999997,20.863400000000002,20.90284,199000.0
2022-03-23,20.90284,21.10004,20.78452,20.78452,197200.0
2022-03-24,20.90284,20.90284,20.469009999999997,20.626759999999997,180400.0
2022-03-25,20.50845,21.218349999999997,20.31125,21.218349999999997,374300.0
2022-03-28,21.25779,22.59873,21.25779,22.59873,1442100.0
2022-03-29,22.87481,23.74247,22.59873,23.19032,1749800.0
2022-03-30,22.87481,23.348080000000003,22.28322,22.401529999999998,469300.0
2022-03-31,22.401529999999998,22.48041,21.69163,21.69163,353800.0
2022-04-01,21.13948,22.795930000000002,21.13948,22.67761,468300.0
2022-04-04,23.584709999999998,24.25518,22.87481,24.25518,1782700.0
2022-04-05,24.45238,25.08341,23.66359,23.86079,996600.0
2022-04-06,23.62415,24.84677,23.4664,24.68901,756300.0
2022-04-07,24.68901,25.24116,23.93967,23.93967,1161200.0
2022-04-08,24.41294,25.04397,23.66359,24.21574,749000.0
2022-04-12,24.09742,24.64958,22.55929,22.55929,740400.0
2022-04-13,22.55929,23.584709999999998,21.69163,23.15088,748000.0
2022-04-14,23.4664,23.4664,22.59873,22.87481,390100.0
2022-04-15,22.71705,24.05799,22.67761,22.87481,641900.0
2022-04-18,22.87481,22.87481,21.29723,21.29723,897700.0
2022-04-19,21.29723,21.73107,19.837979999999998,19.837979999999998,1006800.0
2022-04-20,18.93087,20.50845,18.93087,19.71966,527000.0
2022-04-21,19.6605,20.90284,19.04919,20.390130000000003,418800.0
2022-04-22,20.863400000000002,20.90284,19.14779,19.7591,403800.0
2022-04-25,19.32527,19.877419999999997,18.37872,18.37872,450400.0
2022-04-26,17.11667,18.53648,17.09695,18.14209,471800.0
2022-04-27,18.319560000000003,18.53648,17.74769,18.47732,208200.0
2022-04-28,18.61536,19.16751,18.47732,18.89143,399200.0
2022-04-29,18.53648,19.5619,18.53648,19.5619,317700.0
2022-05-04,19.28583,19.28583,18.29984,18.29984,289700.0
2022-05-05,18.89143,18.97031,17.3533,18.852,283100.0
2022-05-06,17.5505,18.71396,17.5505,17.74769,309700.0
2022-05-09,17.1561,17.70825,16.50536,16.50536,256800.0
2022-05-10,15.38133,16.48564,15.36162,16.249,705400.0
2022-05-11,16.387040000000002,16.544790000000003,15.77573,16.01236,89600.0
2022-05-12,15.38133,15.99264,14.908059999999999,14.908059999999999,551600.0
2022-05-13,14.00096,14.8489,13.882639999999999,13.882639999999999,507400.0
2022-05-16,14.750309999999999,14.750309999999999,12.9361,12.9361,637200.0
2022-05-17,12.50226,13.82348,12.50226,13.82348,305600.0
2022-05-18,14.39535,14.78975,14.19816,14.57283,570900.0
2022-05-19,14.19816,14.9475,13.82348,14.69115,375400.0
2022-05-20,14.829180000000001,15.18414,14.00096,14.59255,260900.0
2022-05-23,14.98694,14.98694,13.58685,13.60657,513800.0
2022-05-24,13.60657,13.843200000000001,12.7389,13.843200000000001,332300.0
2022-05-25,14.060120000000001,14.57283,13.882639999999999,14.57283,508400.0
2022-05-26,14.92778,15.18414,14.63199,14.88834,487000.0
2022-05-27,14.750309999999999,15.02638,14.73059,14.96722,407000.0
2022-05-30,14.98694,15.18414,14.63199,14.908059999999999,415600.0
2022-05-31,14.829180000000001,15.16442,14.63199,14.69115,424700.0
2022-06-01,14.63199,14.750309999999999,14.158719999999999,14.316469999999999,432500.0
2022-06-02,14.59255,14.908059999999999,13.92208,14.47423,493400.0
2022-06-03,14.434790000000001,14.59255,14.00096,14.59255,343200.0
2022-06-06,14.59255,15.1447,14.217870000000001,14.710870000000002,487600.0
2022-06-07,14.434790000000001,14.59255,13.68544,14.47423,313900.0
2022-06-08,14.78975,15.47993,14.47423,15.47993,986500.0
2022-06-09,15.57853,16.01236,15.46021,15.47993,608200.0
2022-06-10,15.22358,15.65741,14.98694,15.06582,379200.0
2022-06-13,14.060120000000001,14.434790000000001,14.02068,14.02068,648500.0
2022-06-14,13.80376,13.80376,13.05442,13.09385,650600.0
2022-06-15,13.251610000000001,13.251610000000001,12.18675,12.18675,892800.0
2022-06-16,12.62058,12.77834,11.8318,11.98955,388400.0
2022-06-17,11.20077,11.693760000000001,11.16133,11.16133,583300.0
2022-06-20,11.16133,11.555719999999999,10.41198,10.41198,437400.0
2022-06-21,10.27394,11.00357,10.09647,10.490860000000001,450600.0
2022-06-22,11.20077,11.22049,10.68806,11.22049,619600.0
2022-06-23,11.693760000000001,11.98955,11.4374,11.98955,507800.0
2022-06-24,12.81778,12.81778,12.81778,12.81778,331100.0
2022-06-27,13.70516,13.70516,13.70516,13.70516,179800.0
2022-06-28,14.39535,14.55311,13.60657,13.60657,1669800.0
2022-06-29,13.60657,14.39535,13.42909,13.86292,511100.0
2022-06-30,13.90236,14.829180000000001,13.90236,14.27703,805100.0
2022-07-01,14.158719999999999,15.263020000000001,13.38965,15.263020000000001,854400.0
2022-07-04,15.30246,16.17012,14.86862,14.908059999999999,1036100.0
2022-07-05,14.908059999999999,15.65741,14.59255,14.98694,665900.0
2022-07-06,14.59255,15.18414,14.00096,14.00096,467100.0
2022-07-07,14.07984,14.78975,13.251610000000001,14.59255,595500.0
2022-07-08,14.88834,15.1447,14.47423,14.59255,605900.0
2022-07-11,13.646,14.55311,13.58685,13.58685,1049600.0
2022-07-12,13.58685,14.27703,13.291049999999998,14.27703,444900.0
2022-07-13,14.27703,14.55311,14.07984,14.39535,548400.0
2022-07-14,14.217870000000001,15.40105,14.07984,15.40105,1253900.0
2022-07-15,15.637690000000001,15.637690000000001,14.86862,14.98694,723700.0
2022-07-18,15.341899999999999,15.420770000000001,14.908059999999999,15.00666,659100.0
2022-07-19,14.908059999999999,15.2433,14.51367,14.98694,676200.0
2022-07-20,15.420770000000001,16.03208,15.06582,16.03208,2808400.0
2022-07-21,16.03208,16.525080000000003,15.40105,15.499649999999999,1005100.0
2022-07-22,15.38133,15.73629,15.06582,15.06582,1011400.0
2022-07-25,15.08138,15.68868,14.67651,15.2332,940800.0
2022-07-26,15.43564,15.68868,14.95486,15.13199,490700.0
2022-07-27,15.13199,15.68868,14.70181,15.43564,677800.0
2022-07-28,16.09355,16.473119999999998,15.7899,15.84051,1524500.0
2022-07-29,15.89112,16.52372,15.84051,16.06825,1036300.0
2022-08-01,15.94172,17.181639999999998,15.94172,17.181639999999998,1633500.0
2022-08-02,17.20694,17.5359,16.77677,17.459979999999998,1599400.0
2022-08-03,17.10572,17.71303,16.9539,17.5359,1391300.0
2022-08-04,17.71303,17.83955,17.25755,17.5612,1199700.0
2022-08-05,17.5359,18.244419999999998,17.33346,18.21911,1597700.0
2022-08-08,18.26972,18.29503,17.5612,17.91546,1056000.0
2022-08-09,17.76364,18.446849999999998,17.5612,17.864849999999997,1462200.0
2022-08-10,17.864849999999997,18.193810000000003,17.586509999999997,17.83955,875100.0
2022-08-11,18.21911,18.446849999999998,16.87798,17.586509999999997,1984900.0
2022-08-12,17.586509999999997,18.117900000000002,17.43468,17.94077,850400.0
2022-08-15,18.117900000000002,18.1432,17.864849999999997,17.99137,974500.0
2022-08-16,17.864849999999997,18.244419999999998,17.662419999999997,18.168509999999998,930100.0
2022-08-17,18.320330000000002,18.952939999999998,18.193810000000003,18.7252,1895800.0
2022-08-18,18.877029999999998,19.35781,18.370939999999997,19.079459999999997,1366700.0
2022-08-19,19.079459999999997,19.484330000000003,18.7252,19.23129,934400.0
2022-08-22,19.20598,19.35781,18.7505,19.02885,1041200.0
2022-08-23,18.7252,19.484330000000003,18.67459,19.484330000000003,923700.0
2022-08-24,19.661459999999998,19.863889999999998,19.484330000000003,19.813290000000002,861600.0
2022-08-25,19.990419999999997,20.19285,19.73737,20.14224,713200.0
2022-08-26,20.24346,20.24346,19.13007,19.45903,1182900.0
2022-08-29,18.7252,19.484330000000003,18.21911,19.484330000000003,1214000.0
2022-08-30,19.889200000000002,19.93981,19.383110000000002,19.73737,740800.0
2022-08-31,19.63616,19.889200000000002,19.3325,19.585549999999998,608900.0
2022-09-05,19.56024,19.73737,19.25659,19.71207,631600.0
2022-09-06,19.73737,19.96511,19.35781,19.35781,592700.0
2022-09-07,19.35781,19.585549999999998,18.21911,18.47216,1028000.0
2022-09-08,18.7252,18.82642,17.48529,17.48529,940000.0
2022-09-09,17.51059,17.76364,16.80207,17.76364,793700.0
2022-09-12,18.06729,18.06729,17.76364,17.864849999999997,362562.0
2022-09-13,17.89016,17.91546,17.35877,17.81424,552762.0
2022-09-14,17.459979999999998,18.52277,17.28285,18.446849999999998,860926.0
2022-09-15,18.47216,18.67459,18.06729,18.168509999999998,423063.0
2022-09-16,17.83955,18.168509999999998,17.30816,17.43468,452206.0
2022-09-19,17.43468,17.459979999999998,16.22007,16.22007,959272.0
2022-09-20,16.675549999999998,16.82738,15.89112,16.59964,714454.0
2022-09-21,16.24538,16.70085,16.24538,16.49842,222075.0
2022-09-22,16.29599,17.20694,16.29599,16.9539,597220.0
2022-09-23,16.979200000000002,17.05511,16.59964,16.70085,285639.0
2022-09-26,16.194770000000002,16.44781,15.53686,15.53686,950488.0
2022-09-27,15.76459,16.194770000000002,15.48625,15.587459999999998,311934.0
2022-09-28,15.53686,16.09355,15.43564,15.587459999999998,572390.0
2022-09-29,16.04294,16.04294,15.03077,15.03077,437887.0
2022-09-30,15.13199,16.04294,14.727120000000001,16.04294,1404999.0
2022-10-03,15.94172,15.94172,14.929549999999999,14.929549999999999,460987.0
2022-10-04,15.359729999999999,15.41033,14.87894,14.929549999999999,615328.0
2022-10-05,15.48625,15.967030000000001,15.2332,15.7899,551197.0
2022-10-06,15.84051,15.992329999999999,14.727120000000001,14.82833,509024.0
2022-10-07,14.82833,14.82833,13.79086,13.79086,801753.0
2022-10-10,13.63903,14.75242,13.61373,14.75242,722716.0
2022-10-11,14.75242,14.87894,13.74025,13.74025,592003.0
2022-10-12,14.27164,14.70181,13.91738,14.6259,469624.0
2022-10-13,14.6259,15.18259,14.42347,14.95486,530668.0
2022-10-14,15.43564,15.84051,15.13199,15.18259,571816.0
2022-10-17,15.05607,15.53686,14.67651,15.53686,374730.0
2022-10-18,15.91642,16.04294,15.38503,15.38503,562019.0
2022-10-19,15.587459999999998,15.587459999999998,15.2079,15.2332,265571.0
2022-10-20,15.359729999999999,15.359729999999999,14.87894,15.08138,225668.0
2022-10-21,14.67651,14.929549999999999,14.043899999999999,14.043899999999999,631640.0
2022-10-24,13.99329,13.99329,13.08234,13.08234,408735.0
2022-10-25,12.17138,13.89207,12.17138,12.75338,1250510.0
2022-10-26,12.75338,13.057030000000001,11.86773,11.86773,525317.0
2022-10-27,11.91834,12.67747,11.51347,12.67747,863711.0
2022-10-28,13.00642,13.183549999999999,12.2726,12.2726,437624.0
2022-10-31,12.39912,12.702770000000001,11.462860000000001,12.2979,510316.0
2022-11-01,12.65216,12.75338,12.2726,12.2726,591604.0
2022-11-02,12.2979,12.60155,12.14608,12.348510000000001,349792.0
2022-11-03,11.968950000000001,12.2726,11.6906,11.817120000000001,692115.0
2022-11-04,11.63999,11.66529,11.00738,11.00738,858129.0
2022-11-07,10.95677,10.95677,10.24825,10.24825,497797.0
2022-11-08,9.539729999999999,9.995209999999998,9.539729999999999,9.539729999999999,1333746.0
2022-11-09,9.995209999999998,9.995209999999998,8.88182,8.88182,1032987.0
2022-11-10,8.55286,8.7806,8.27451,8.27451,908403.0
2022-11-11,7.74312,8.350430000000001,7.71782,7.71782,2005969.0
2022-11-14,7.23704,7.54069,7.1864300000000005,7.1864300000000005,780390.0
2022-11-15,6.7056499999999994,6.9333800000000005,6.7056499999999994,6.7056499999999994,1929526.0
2022-11-16,6.25017,7.1611199999999995,6.25017,7.1611199999999995,4009127.0
2022-11-17,7.54069,7.64191,7.43947,7.64191,808110.0
2022-11-18,7.793729999999999,8.1733,7.464779999999999,8.1733,1751848.0
2022-11-21,8.350430000000001,8.679379999999998,8.24921,8.27451,1568130.0
2022-11-22,8.1986,8.831209999999999,7.99617,8.27451,2167433.0
2022-11-23,8.27451,8.45164,7.71782,7.71782,1402118.0
2022-11-24,7.54069,7.99617,7.3635600000000005,7.99617,1787337.0
2022-11-25,8.27451,8.55286,8.09738,8.55286,1602731.0
2022-11-28,9.03364,9.13486,8.85651,9.13486,1773684.0
2022-11-29,9.46382,9.76747,8.90712,9.615639999999999,2237527.0
2022-11-30,9.76747,9.969899999999999,9.31199,9.79277,1580103.0
2022-12-01,10.02051,10.37477,9.16017,9.3626,2969326.0
2022-12-02,9.16017,9.995209999999998,9.10956,9.995209999999998,1992371.0
2022-12-05,10.62782,10.678420000000001,10.37477,10.678420000000001,2664973.0
2022-12-06,10.678420000000001,11.18451,10.12173,10.12173,3491910.0
2022-12-07,10.07112,10.60251,9.79277,10.425379999999999,2140254.0
2022-12-08,10.779639999999999,11.133899999999999,10.62782,11.133899999999999,3321312.0
2022-12-09,11.48816,11.48816,10.90616,11.18451,1445139.0
2022-12-12,11.18451,11.462860000000001,10.425379999999999,10.425379999999999,2953029.0
2022-12-13,10.32416,11.133899999999999,9.969899999999999,11.133899999999999,2088073.0
2022-12-14,11.48816,11.48816,10.804950000000002,10.90616,1282965.0
2022-12-15,10.88086,11.05799,10.60251,10.779639999999999,1627684.0
2022-12-16,10.57721,11.23512,10.57721,10.855559999999999,1412650.0
2022-12-19,10.855559999999999,11.589379999999998,10.62782,10.653120000000001,2199269.0
2022-12-20,10.62782,10.779639999999999,9.9193,9.9193,2449765.0
2022-12-21,10.12173,10.19764,9.23608,9.23608,2474394.0
2022-12-22,9.46382,9.86869,9.185469999999999,9.84338,1766897.0
2022-12-23,9.64095,9.969899999999999,9.3626,9.3626,786165.0
2022-12-26,9.3626,9.489120000000002,8.729989999999999,8.729989999999999,1772501.0
2022-12-27,8.7553,9.337299999999999,8.60347,9.337299999999999,1489089.0
2022-12-28,9.3626,9.615639999999999,9.16017,9.51443,1256717.0
2022-12-29,9.41321,9.615639999999999,9.21077,9.51443,1037867.0
2022-12-30,9.615639999999999,9.615639999999999,9.3879,9.56503,679541.0
2023-01-03,9.56503,10.22295,9.51443,10.22295,1673639.0
2023-01-04,10.37477,10.37477,10.12173,10.19764,1173489.0
2023-01-05,10.19764,10.37477,9.9193,10.19764,1155207.0
2023-01-06,10.22295,10.45069,10.12173,10.12173,1522391.0
2023-01-09,10.34947,10.34947,9.944600000000001,9.944600000000001,544671.0
2023-01-10,9.89399,9.944600000000001,9.3626,9.615639999999999,1410132.0
2023-01-11,9.74216,10.045819999999999,9.59034,9.59034,1264403.0
2023-01-12,9.74216,9.9193,9.64095,9.74216,795457.0
2023-01-13,9.84338,10.09643,9.76747,10.02051,984194.0
2023-01-16,10.02051,10.22295,9.86869,9.969899999999999,695119.0
2023-01-17,10.045819999999999,10.62782,10.045819999999999,10.62782,1596592.0
2023-01-18,10.678420000000001,10.855559999999999,10.501290000000001,10.83025,1464469.0
2023-01-19,10.804950000000002,11.133899999999999,10.678420000000001,11.00738,1409134.0
2023-01-27,11.15921,11.23512,10.653120000000001,10.653120000000001,1525723.0
2023-01-30,10.70373,10.95677,10.425379999999999,10.62782,1265418.0
2023-01-31,10.5266,11.133899999999999,10.47599,11.133899999999999,1689317.0
2023-02-01,11.28573,11.36164,10.37477,10.37477,2765961.0
2023-02-02,10.37477,10.47599,9.995209999999998,10.12173,1474391.0
2023-02-03,10.12173,10.24825,9.84338,9.969899999999999,1152686.0
2023-02-06,9.76747,9.995209999999998,9.64095,9.84338,1002284.0
2023-02-07,9.9193,10.12173,9.46382,9.46382,1226411.0
2023-02-08,9.615639999999999,9.84338,9.31199,9.66625,901673.0
2023-02-09,9.66625,9.84338,9.51443,9.51443,506281.0
2023-02-10,9.51443,9.615639999999999,9.31199,9.31199,742101.0
2023-02-13,9.31199,9.337299999999999,8.729989999999999,8.85651,1311931.0
2023-02-14,9.00834,9.10956,8.88182,9.058950000000001,375133.0
2023-02-15,9.058950000000001,9.46382,9.058950000000001,9.261379999999999,695011.0
2023-02-16,9.3879,9.66625,9.3626,9.66625,664044.0
2023-02-17,9.66625,9.71686,9.46382,9.56503,623128.0
2023-02-20,9.66625,10.22295,9.56503,10.22295,1459190.0
2023-02-21,10.32416,10.400079999999999,10.07112,10.07112,1439859.0
2023-02-22,9.86869,10.07112,9.51443,9.51443,1901741.0
2023-02-23,9.615639999999999,9.615639999999999,9.10956,9.615639999999999,1167932.0
2023-02-24,9.615639999999999,9.66625,9.261379999999999,9.31199,473679.0
2023-02-27,9.03364,9.21077,8.85651,8.85651,927685.0
2023-02-28,8.98304,9.185469999999999,8.95773,9.03364,621223.0
2023-03-01,9.00834,9.59034,8.88182,9.539729999999999,585151.0
2023-03-02,9.59034,9.59034,9.3626,9.41321,381054.0
2023-03-03,9.56503,9.56503,9.23608,9.23608,666710.0
2023-03-06,9.615639999999999,9.691559999999999,9.31199,9.31199,663605.0
2023-03-07,9.56503,9.56503,9.3879,9.51443,708336.0
2023-03-08,9.28669,9.71686,9.28669,9.71686,900160.0
2023-03-09,9.76747,9.86869,9.59034,9.691559999999999,1001451.0
2023-03-10,9.615639999999999,9.71686,9.51443,9.71686,1216031.0
2023-03-13,9.51443,9.79277,9.489120000000002,9.71686,1139287.0
2023-03-14,9.79277,10.07112,9.691559999999999,9.84338,2654553.0
2023-03-15,10.32416,10.5266,10.17234,10.5266,2250782.0
2023-03-16,10.5266,10.754340000000001,10.425379999999999,10.47599,2579549.0
2023-03-17,10.678420000000001,10.70373,10.27356,10.37477,1567583.0
2023-03-20,10.298860000000001,10.70373,10.07112,10.07112,2108084.0
2023-03-21,10.27356,10.5266,9.9193,10.5266,1635230.0
2023-03-22,10.5519,10.93147,10.5266,10.62782,2512430.0
2023-03-23,10.425379999999999,11.133899999999999,10.425379999999999,11.133899999999999,2712059.0
2023-03-24,11.33634,11.36164,10.95677,10.95677,2778099.0
2023-03-27,10.98208,11.7159,10.88086,11.7159,2966214.0
2023-03-28,11.84242,12.04486,11.589379999999998,11.61468,2961579.0
2023-03-29,11.63999,12.39912,11.63999,12.39912,2744181.0
2023-03-30,12.65216,12.65216,12.22199,12.373809999999999,2984436.0
2023-03-31,12.39912,13.208860000000001,12.22199,12.93051,3330580.0
2023-04-03,13.23416,13.61373,12.93051,13.15825,2211189.0
2023-04-04,13.10764,13.71494,12.95581,13.563120000000001,2560836.0
2023-04-05,13.411290000000001,13.66434,13.259469999999999,13.563120000000001,2571033.0
2023-04-06,13.58842,13.71494,12.95581,13.00642,2876575.0
2023-04-07,13.335379999999999,13.89207,13.057030000000001,13.89207,3368414.0
2023-04-10,14.17042,14.6259,13.66434,13.99329,2198446.0
2023-04-11,13.96799,14.42347,13.53781,14.42347,2387469.0
2023-04-12,14.42347,14.47407,13.86677,13.89207,1798895.0
2023-04-13,13.89207,13.91738,13.36068,13.36068,3474693.0
2023-04-14,13.63903,14.0692,13.08234,13.53781,3079196.0
2023-04-17,13.53781,13.99329,13.4619,13.66434,1274224.0
2023-04-18,13.63903,14.6006,13.563120000000001,14.6006,4189039.0
2023-04-19,14.87894,15.18259,14.499379999999999,14.82833,2899374.0
2023-04-20,14.67651,14.77773,14.296940000000001,14.57529,2138119.0
2023-04-21,14.6006,15.2332,14.42347,14.727120000000001,2094320.0
2023-04-24,14.52468,14.727120000000001,14.043899999999999,14.09451,2053066.0
2023-04-25,14.09451,14.17042,13.259469999999999,13.335379999999999,4535110.0
2023-04-26,13.335379999999999,14.043899999999999,13.31007,13.86677,1282856.0
2023-04-27,13.96799,14.043899999999999,13.4366,13.61373,1070165.0
2023-04-28,13.71494,14.372860000000001,13.51251,14.17042,2611870.0
2023-05-04,14.0692,14.57529,13.86677,14.47407,2159908.0
2023-05-05,14.47407,14.47407,14.11981,14.11981,968753.0
2023-05-08,14.27164,14.44877,14.09451,14.17042,2459493.0
2023-05-09,14.17042,14.22103,13.79086,13.89207,2052589.0
2023-05-10,13.89207,14.27164,13.89207,13.942680000000001,1996380.0
2023-05-11,14.543040000000001,14.62809,14.2879,14.48634,1908360.0
2023-05-12,14.48634,15.16672,14.259549999999999,15.02497,1985836.0
2023-05-15,15.08167,15.393510000000001,14.65644,14.65644,1899946.0
2023-05-16,14.62809,14.88323,14.543040000000001,14.74148,1014087.0
2023-05-17,14.74148,14.85488,14.2879,14.2879,1754119.0
2023-05-18,14.401299999999999,15.25177,14.20285,14.96828,2751281.0
2023-05-19,15.08167,15.25177,14.76983,15.02497,1343349.0
2023-05-22,15.16672,15.705350000000001,15.02497,15.59195,2918032.0
2023-05-23,15.64865,16.07389,15.535260000000001,15.762049999999999,1914773.0
2023-05-24,16.045540000000003,16.83931,15.7337,16.669220000000003,3470884.0
2023-05-25,16.44242,16.669220000000003,16.045540000000003,16.21563,1660794.0
2023-05-26,16.30068,16.30068,15.875440000000001,16.10224,1382352.0
2023-05-29,16.27233,16.75426,16.13059,16.55582,1546611.0
2023-05-30,16.55582,17.1795,16.27233,16.669220000000003,1430132.0
2023-05-31,16.669220000000003,16.83931,16.21563,16.55582,1561836.0
2023-06-01,16.55582,17.26455,16.44242,17.009400000000003,1863656.0
2023-06-02,17.29289,17.29289,16.896009999999997,16.92436,1158622.0
2023-06-05,17.009400000000003,17.094450000000002,16.32903,16.32903,2897867.0
2023-06-06,16.30068,16.896009999999997,16.10224,16.86766,2068956.0
2023-06-07,16.92436,16.95271,16.55582,16.782610000000002,1610371.0
2023-06-08,16.782610000000002,16.83931,16.10224,16.10224,2065256.0
2023-06-09,16.30068,16.35738,15.81875,16.35738,1926219.0
2023-06-12,16.21563,16.35738,15.875440000000001,16.045540000000003,1240658.0
2023-06-13,16.15893,16.61252,16.15893,16.414080000000002,1480450.0
2023-06-14,16.55582,16.83931,16.414080000000002,16.414080000000002,2393193.0
2023-06-15,16.38573,16.55582,16.30068,16.499119999999998,939427.0
2023-06-16,16.72591,17.26455,16.44242,16.55582,3042192.0
2023-06-19,16.55582,16.72591,16.32903,16.52747,1141333.0
2023-06-20,16.72591,17.009400000000003,16.61252,17.009400000000003,1623532.0
2023-06-21,17.207849999999997,17.88822,17.009400000000003,17.60473,2987461.0
2023-06-22,17.68978,17.80318,17.321240000000003,17.718130000000002,1684907.0
2023-06-23,17.74648,17.831529999999997,17.34959,17.718130000000002,1833715.0
2023-06-26,17.57638,17.60473,16.69757,17.29289,2545968.0
2023-06-27,17.54804,17.54804,17.122799999999998,17.29289,937374.0
2023-06-28,17.321240000000003,17.68978,17.15115,17.26455,957458.0
2023-06-29,17.26455,17.29289,16.32903,16.32903,1800870.0
2023-06-30,16.15893,16.69757,16.15893,16.47077,1232557.0
2023-07-03,16.55582,16.72591,16.499119999999998,16.64087,781846.0
2023-07-04,16.64087,17.406290000000002,16.52747,17.37794,1630365.0
2023-07-05,17.54804,17.57638,17.009400000000003,17.15115,1267262.0
2023-07-06,17.15115,17.406290000000002,16.83931,17.0661,2132657.0
2023-07-07,17.009400000000003,17.29289,16.75426,17.2362,849476.0
2023-07-10,17.46299,18.086669999999998,17.37794,17.77483,1913256.0
2023-07-11,17.77483,17.97327,17.54804,17.68978,1506079.0
2023-07-12,17.77483,18.05832,17.54804,17.60473,1502625.0
2023-07-13,17.60473,17.94492,17.57638,17.80318,1917921.0
2023-07-14,17.91657,18.28511,17.74648,18.28511,2210364.0
2023-07-17,18.28511,18.5686,18.086669999999998,18.22841,1457813.0
2023-07-18,18.20006,18.20006,17.80318,17.80318,1410134.0
2023-07-19,17.85988,18.143369999999997,17.77483,17.80318,1517347.0
2023-07-20,17.80318,18.143369999999997,17.57638,17.80318,1343849.0
2023-07-21,17.97327,18.42686,17.80318,18.28511,1369608.0
2023-07-24,18.59695,18.59695,18.171709999999997,18.22841,1519573.0
2023-07-25,18.22841,18.42686,18.05832,18.143369999999997,1438147.0
2023-07-26,18.143369999999997,18.25676,18.029970000000002,18.11502,954793.0
2023-07-27,18.11502,18.48355,17.85988,18.31346,1978924.0
2023-07-28,18.398509999999998,18.90879,18.341810000000002,18.79539,2746234.0
2023-07-31,18.79539,19.10723,18.54025,18.90879,1416283.0
2023-08-01,18.90879,18.99384,18.48355,18.48355,1588505.0
2023-08-02,18.37016,18.59695,18.28511,18.5119,919206.0
2023-08-03,18.42686,18.88044,18.25676,18.341810000000002,1121142.0
2023-08-04,18.37016,18.82374,18.20006,18.82374,1303972.0
2023-08-07,19.05053,19.16393,18.93714,19.02218,1308843.0
2023-08-08,19.16393,19.19228,18.59695,18.682,1346637.0
2023-08-09,18.71035,18.71035,18.37016,18.37016,1327883.0
2023-08-10,18.25676,18.37016,17.94492,17.97327,1648066.0
2023-08-11,17.97327,18.143369999999997,17.57638,18.143369999999997,1224151.0
2023-08-14,18.25676,18.82374,18.143369999999997,18.59695,1353117.0
2023-08-15,18.79539,18.82374,18.42686,18.5686,878710.0
2023-08-16,18.4552,18.5686,18.25676,18.37016,838112.0
2023-08-17,18.5686,19.13558,18.5686,18.71035,2551452.0
2023-08-18,18.59695,18.682,17.406290000000002,17.406290000000002,2430474.0
2023-08-21,17.60473,17.68978,17.03775,17.2362,1533239.0
2023-08-22,17.2362,17.74648,16.32903,17.718130000000002,2461377.0
2023-08-23,17.77483,17.85988,17.434639999999998,17.434639999999998,685045.0
2023-08-24,17.434639999999998,18.029970000000002,17.406290000000002,18.029970000000002,1339856.0
2023-08-25,18.029970000000002,18.31346,17.91657,18.086669999999998,1288283.0
2023-08-28,18.086669999999998,18.48355,18.086669999999998,18.48355,1249235.0
2023-08-29,18.73869,18.99384,18.48355,18.79539,1772242.0
2023-08-30,18.79539,20.09945,18.73869,20.09945,2891408.0
2023-08-31,20.978270000000002,21.48855,20.49633,21.37515,3105529.0
2023-09-05,21.828740000000003,21.828740000000003,21.37515,21.77204,1947211.0
2023-09-06,21.828740000000003,23.274540000000002,21.71534,23.274540000000002,2581045.0
2023-09-07,23.81317,24.77703,23.55803,24.77703,2551135.0
2023-09-08,24.32345,24.918779999999998,24.15335,24.918779999999998,1881058.0
2023-09-11,25.48576,25.655849999999997,24.15335,24.26675,2415654.0
2023-09-12,24.03996,25.93934,24.03996,25.93934,2149877.0
2023-09-13,26.08109,26.591369999999998,25.344009999999997,25.6275,1612029.0
2023-09-14,25.76925,25.76925,24.38015,24.63529,1870265.0
2023-09-15,24.4085,25.6275,24.32345,24.83373,1831874.0
2023-09-18,24.46519,25.40071,24.46519,25.14557,1205777.0
2023-09-19,25.14557,25.40071,24.57859,25.11722,1410424.0
2023-09-20,25.37236,25.8543,25.11722,25.7976,1558531.0
2023-09-21,25.8543,25.8543,24.49354,24.49354,2479954.0
2023-09-22,23.58637,24.09666,22.7926,22.7926,4498390.0
2023-09-25,22.62251,22.9627,21.20506,21.20506,2797385.0
2023-09-26,21.54525,22.679209999999998,20.86487,21.318450000000002,3209706.0
2023-09-27,22.055529999999997,22.7926,21.37515,22.7926,3308528.0
2023-09-28,22.877650000000003,24.38015,22.62251,24.38015,4234701.0
2023-09-29,24.83373,25.11722,23.954909999999998,24.66364,2559279.0
2023-10-02,24.38015,24.890430000000002,24.09666,24.1817,1971969.0
2023-10-03,23.72812,24.1817,22.50911,23.302880000000002,4198923.0
2023-10-04,22.906,24.918779999999998,22.82095,24.918779999999998,3085036.0
2023-10-05,24.918779999999998,25.6275,24.21005,24.21005,2659523.0
2023-10-06,24.09666,25.25897,23.24619,24.63529,2731315.0
2023-10-09,24.63529,25.25897,24.21005,25.17392,2295619.0
2023-10-10,25.514110000000002,25.59915,24.49354,24.49354,2806455.0
2023-10-11,24.49354,26.19448,24.38015,26.19448,2992396.0
2023-10-12,26.30788,27.27175,26.137790000000003,26.25118,2647007.0
2023-10-13,25.7976,26.87486,25.344009999999997,26.81816,2695407.0
2023-10-16,26.477970000000003,26.988259999999997,25.45741,25.6842,2373188.0
2023-10-17,25.88264,26.64807,23.89821,23.89821,2452360.0
2023-10-18,24.21005,24.606939999999998,22.22562,23.52968,4776360.0
2023-10-19,23.52968,23.643069999999998,21.88543,21.88543,2574371.0
2023-10-20,21.60194,23.41628,20.694779999999998,23.41628,3554719.0
2023-10-23,23.52968,23.75647,22.42407,22.679209999999998,1815756.0
2023-10-24,22.9627,23.24619,22.253970000000002,23.07609,1599976.0
2023-10-25,23.10444,23.41628,22.45241,22.45241,1732261.0
2023-10-26,21.88543,21.942130000000002,20.89322,20.89322,4322433.0
2023-10-27,21.26176,21.54525,19.84431,21.034959999999998,2341060.0
2023-10-30,20.978270000000002,21.318450000000002,19.73091,19.73091,1197383.0
2023-10-31,19.901,20.09945,18.37016,18.37016,2823876.0
2023-11-01,18.31346,19.30567,17.85988,19.277330000000003,2714702.0
2023-11-02,19.73091,20.60973,19.50412,20.60973,2526364.0
2023-11-03,20.75147,20.86487,19.84431,20.41129,2197601.0
2023-11-06,20.52468,20.978270000000002,20.326240000000002,20.723119999999998,1260772.0
2023-11-07,20.52468,21.14836,20.21284,20.75147,1776928.0
2023-11-08,20.723119999999998,22.19727,20.58138,22.19727,2881205.0
2023-11-09,22.679209999999998,23.38793,22.39572,22.679209999999998,2476846.0
2023-11-10,22.48076,23.58637,22.19727,22.70756,3383945.0
2023-11-13,22.679209999999998,23.13279,22.253970000000002,23.13279,1862414.0
2023-11-14,23.78482,23.983259999999998,23.07609,23.24619,2162059.0
2023-11-15,24.15335,24.15335,23.189490000000003,23.58637,2551519.0
2023-11-16,23.35958,24.09666,22.9627,24.09666,1890907.0
2023-11-17,24.09666,24.1817,23.10444,23.21784,3092072.0
2023-11-20,22.62251,24.26675,22.62251,24.03996,2764061.0
2023-11-21,24.26675,24.57859,23.983259999999998,24.26675,1957616.0
2023-11-22,24.26675,24.918779999999998,24.15335,24.890430000000002,2306247.0
2023-11-23,25.00383,25.08887,23.16114,23.16114,2389177.0
2023-11-24,23.35958,23.81317,22.7359,23.81317,2275937.0
2023-11-27,23.81317,23.926560000000002,23.24619,23.331229999999998,856371.0
2023-11-28,23.52968,23.78482,22.70756,23.78482,1522405.0
2023-11-29,23.926560000000002,24.52189,23.926560000000002,24.32345,1752977.0
2023-11-30,24.3518,24.606939999999998,23.954909999999998,23.983259999999998,1608393.0
2023-12-01,24.26675,24.606939999999998,23.89821,24.32345,1317340.0
2023-12-04,24.94713,25.7976,24.49354,25.23062,2771248.0
2023-12-05,25.28732,25.344009999999997,24.83373,25.06052,1591528.0
2023-12-06,25.202270000000002,25.37236,24.94713,25.17392,1389165.0
2023-12-07,25.202270000000002,25.202270000000002,23.41628,24.238400000000002,3835994.0
2023-12-08,24.238400000000002,24.32345,23.75647,23.926560000000002,1363460.0
2023-12-11,23.926560000000002,24.21005,23.274540000000002,23.983259999999998,1310817.0
2023-12-12,23.983259999999998,24.21005,23.86986,24.09666,561041.0
2023-12-13,24.32345,24.3518,23.58637,23.81317,1038525.0
2023-12-14,24.09666,24.12501,23.72812,23.81317,1017932.0
2023-12-15,23.78482,24.3518,23.69977,24.09666,1054901.0
2023-12-18,24.12501,24.32345,23.75647,24.32345,1186140.0
2023-12-19,24.21005,24.94713,24.21005,24.94713,1872579.0
2023-12-20,24.97548,25.032169999999997,24.72034,24.83373,999990.0
2023-12-21,24.69199,24.918779999999998,24.38015,24.83373,1304488.0
2023-12-22,24.83373,25.11722,24.69199,24.94713,1788152.0
2023-12-25,24.918779999999998,25.06052,24.32345,25.06052,1660983.0
2023-12-26,25.344009999999997,25.344009999999997,24.890430000000002,25.28732,1660578.0
2023-12-27,25.344009999999997,25.655849999999997,25.14557,25.344009999999997,1303280.0
2023-12-28,25.11722,25.37236,25.06052,25.37236,1142181.0
2023-12-29,25.37236,25.40071,25.11722,25.31566,812343.0
2024-01-02,25.48576,25.48576,24.52189,24.52189,1295432.0
2024-01-03,24.49354,24.66364,24.3518,24.66364,1026323.0
2024-01-04,24.66364,25.28732,24.49354,24.49354,1671658.0
2024-01-05,24.550240000000002,24.77703,24.43684,24.49354,730594.0
2024-01-08,24.57859,25.11722,24.57859,24.890430000000002,946091.0
2024-01-09,24.94713,25.6275,24.80538,25.28732,1920343.0
2024-01-10,25.28732,25.40071,24.72034,24.862080000000002,1011052.0
2024-01-11,24.94713,25.6842,24.918779999999998,25.23062,1585026.0
2024-01-12,25.202270000000002,25.28732,24.74868,24.918779999999998,1285436.0
2024-01-15,24.918779999999998,25.14557,24.21005,24.21005,1190037.0
2024-01-16,24.21005,24.94713,24.15335,24.94713,840872.0
2024-01-17,24.862080000000002,26.64807,24.862080000000002,25.6275,2740625.0
2024-01-18,25.76925,26.64807,25.7409,25.8543,1267068.0
2024-01-19,26.08109,26.53467,25.37236,25.54246,1403466.0
2024-01-22,25.6275,25.7976,25.032169999999997,25.71255,1460513.0
2024-01-23,25.71255,26.02439,25.57081,25.71255,965930.0
2024-01-24,25.71255,26.279529999999998,25.37236,25.71255,1234749.0
2024-01-25,25.71255,25.7409,25.40071,25.514110000000002,681775.0
2024-01-26,25.54246,25.8543,25.514110000000002,25.514110000000002,594294.0
2024-01-29,25.59915,26.02439,25.48576,25.6275,738216.0
2024-01-30,25.6275,25.7409,25.344009999999997,25.71255,915928.0
2024-01-31,26.02439,27.498540000000002,25.967689999999997,27.15835,4233184.0
2024-02-01,26.988259999999997,27.61193,26.988259999999997,27.47019,954831.0
2024-02-02,27.725330000000003,28.122220000000002,27.47019,27.58358,1080774.0
2024-02-05,27.75368,27.75368,27.13,27.58358,1219592.0
2024-02-06,27.61193,28.06552,27.44184,27.526889999999998,783635.0
2024-02-07,27.526889999999998,27.895419999999998,27.413490000000003,27.58358,741280.0
2024-02-15,27.78203,27.86707,27.38514,27.44184,752984.0
2024-02-16,27.55524,28.17891,27.30009,27.58358,1209616.0
2024-02-19,27.58358,28.23561,27.2434,28.23561,1844818.0
2024-02-20,28.462400000000002,29.93655,28.34901,28.97269,2094340.0
2024-02-21,28.97269,29.59636,28.6892,29.31287,1423192.0
2024-02-22,29.31287,29.539669999999997,28.91599,28.91599,700996.0
2024-02-23,28.85929,29.19948,27.78203,27.838729999999998,1935867.0
2024-02-26,27.895419999999998,29.76646,27.810380000000002,29.76646,1968997.0
2024-02-27,29.99325,30.67363,29.879849999999998,30.04995,1290922.0
2024-02-28,29.99325,30.27674,29.70976,30.22004,1272325.0
2024-02-29,30.503529999999998,32.31787,29.879849999999998,32.31787,2245784.0
2024-03-01,32.31787,33.73532,31.80759,32.88485,1720026.0
2024-03-04,33.05494,33.16833999999999,32.60136,32.88485,1222867.0
2024-03-05,32.88485,35.15277,32.37457,35.09607,1983563.0
2024-03-06,34.98268,35.09607,34.13221,34.869279999999996,1518335.0
2024-03-07,34.869279999999996,35.663050000000005,34.58579,34.69919,1427090.0
2024-03-08,34.75588,34.869279999999996,33.22504,33.621919999999996,2623570.0
2024-03-11,34.47239,35.266169999999995,34.018809999999995,34.52909,2613939.0
2024-03-12,34.52909,35.60635,34.47239,34.869279999999996,2018059.0
2024-03-13,34.98268,35.77645,34.812580000000004,35.60635,2605930.0
2024-03-14,35.71975,35.71975,34.642489999999995,34.869279999999996,2943349.0
2024-03-15,34.812580000000004,36.286730000000006,34.3023,36.286730000000006,4854859.0
2024-03-18,36.23003,36.23003,33.792019999999994,34.3023,3849397.0
2024-03-19,34.359,35.09607,34.018809999999995,34.018809999999995,910653.0
2024-03-20,34.245599999999996,34.52909,33.50853,34.359,1561996.0
2024-03-21,34.92598,34.92598,34.359,34.415699999999994,1270913.0
2024-03-22,34.58579,35.60635,34.359,34.92598,2349891.0
2024-03-25,34.92598,35.436260000000004,34.3023,34.58579,1210390.0
2024-03-26,34.58579,35.436260000000004,34.3023,35.20947,1282137.0
2024-03-27,35.663050000000005,35.663050000000005,34.92598,35.15277,928773.0
2024-03-28,35.60635,36.23003,35.15277,35.94654,2919543.0
2024-03-29,35.94654,35.94654,35.20947,35.266169999999995,1235960.0
2024-04-01,35.266169999999995,35.77645,34.812580000000004,35.54966,1367562.0
2024-04-02,35.60635,36.059940000000005,35.15277,36.059940000000005,2084204.0
2024-04-03,36.286730000000006,37.30729,35.71975,36.23003,3085550.0
2024-04-04,35.77645,36.23003,35.266169999999995,35.37956,1530201.0
2024-04-05,34.812580000000004,34.98268,32.99825,32.99825,2445210.0
2024-04-08,32.99825,33.67862,32.14778,32.31787,2107479.0
2024-04-09,32.48796,33.73532,32.31787,33.73532,1433125.0
2024-04-10,33.792019999999994,34.13221,33.621919999999996,33.73532,901430.0
2024-04-11,33.45183,34.3023,32.88485,34.13221,1227533.0
2024-04-12,34.58579,34.98268,33.90541,34.869279999999996,1328314.0
2024-04-15,34.58579,35.32286,32.43127,32.43127,2693793.0
2024-04-16,32.31787,32.71476,30.61693,32.31787,2567686.0
2024-04-17,32.88485,32.88485,30.106650000000002,30.106650000000002,1646677.0
2024-04-19,28.6892,30.503529999999998,28.06552,28.34901,4705805.0
2024-04-22,29.19948,30.33344,29.02938,30.33344,2195519.0
2024-04-23,30.503529999999998,30.900419999999997,29.25618,29.82316,1814231.0
2024-04-24,30.22004,31.75089,30.16334,31.4674,2241547.0
2024-04-25,31.2973,31.410700000000002,30.39014,31.127209999999998,1568071.0
2024-04-26,30.33344,32.03438,30.33344,30.900419999999997,2189875.0
2024-05-02,31.524099999999997,31.524099999999997,30.39014,30.900419999999997,1344231.0
2024-05-03,31.2973,32.03438,30.73032,30.900419999999997,1722347.0
2024-05-06,31.637490000000003,33.05494,31.24061,33.05494,3168592.0
2024-05-07,33.50853,33.50853,32.94155,33.45183,1345515.0
2024-05-08,33.16833999999999,34.359,32.94155,33.96211,2158100.0
2024-05-09,34.3023,34.47239,33.56523,33.84872,1560636.0
2024-05-10,34.018809999999995,34.3023,33.33843,34.13221,2461696.0
2024-05-13,34.58579,34.812580000000004,33.33843,34.018809999999995,2097126.0
2024-05-14,34.188900000000004,34.58579,33.621919999999996,33.73532,2270474.0
2024-05-15,36.10166,36.10166,34.82089,36.10166,5013880.0
2024-05-16,37.462480000000006,37.542519999999996,36.58195,36.78207,2415773.0
2024-05-17,36.78207,37.22233,36.621970000000005,36.90214,2220972.0
2024-05-20,36.90214,37.22233,36.42185,36.54192,2854355.0
2024-05-21,36.54192,37.062239999999996,36.22173,37.062239999999996,3279834.0
2024-05-22,37.18231,38.90334,37.062239999999996,37.462480000000006,3281034.0
2024-05-23,37.30238,37.62257,36.662,37.62257,1645617.0
2024-05-24,36.98219,37.542519999999996,35.221129999999995,36.341800000000006,3737621.0
2024-05-27,36.38183,36.822089999999996,36.06164,36.30178,1084930.0
2024-05-28,36.662,37.30238,36.341800000000006,37.10226,2133642.0
2024-05-29,37.582550000000005,37.582550000000005,36.5019,36.662,1560428.0
2024-05-30,36.10166,36.42185,35.42125,36.38183,2587805.0
2024-05-31,36.90214,37.18231,36.38183,36.42185,1072722.0
2024-06-03,36.822089999999996,37.14228,36.70202,36.822089999999996,2020427.0
2024-06-04,36.94216,37.22233,36.78207,36.822089999999996,2109772.0
2024-06-05,37.062239999999996,38.26296,36.822089999999996,37.70262,4414378.0
2024-06-06,37.86272,38.26296,37.542519999999996,37.62257,2488663.0
2024-06-07,37.94276,38.18291000000001,37.462480000000006,37.70262,1523619.0
2024-06-10,37.782669999999996,38.302980000000005,37.5025,37.6626,2068756.0
2024-06-11,37.782669999999996,38.02281,37.462480000000006,38.02281,2178407.0
2024-06-12,38.18291000000001,38.82329,38.14288,38.503099999999996,2558980.0
2024-06-13,39.023410000000005,39.023410000000005,38.02281,38.02281,1849316.0
2024-06-14,38.10286,38.42305,35.621370000000006,36.02161,3799848.0
2024-06-17,36.02161,36.70202,36.02161,36.42185,1781843.0
2024-06-18,36.74204,36.90214,36.341800000000006,36.42185,1075414.0
2024-06-19,36.42185,36.74204,36.10166,36.42185,1310701.0
2024-06-20,36.46188,36.54192,35.6614,36.02161,1610002.0
2024-06-21,36.02161,36.38183,35.54132,35.54132,2127289.0
2024-06-24,35.221129999999995,35.78147,33.21993,33.299980000000005,4141354.0
2024-06-25,33.86031,33.86031,33.09986,33.70022,1064124.0
2024-06-26,33.780269999999994,33.94036,33.21993,33.62017,1008367.0
2024-06-27,33.46007,33.86031,33.21993,33.34,920237.0
2024-06-28,33.62017,33.74024,32.17931,32.41945,1865242.0
2024-07-01,32.81969,33.66019,32.41945,33.66019,1173865.0
2024-07-02,33.780269999999994,34.98099,33.780269999999994,34.66079,1657943.0
2024-07-03,34.82089,34.82089,34.140480000000004,34.26055,1024577.0
2024-07-04,34.26055,34.78087,34.060430000000004,34.26055,920276.0
2024-07-05,33.70022,34.38063,33.62017,34.020410000000005,2188362.0
2024-07-08,34.42065,34.42065,33.74024,33.94036,1896965.0
2024-07-09,34.060430000000004,35.14108,33.66019,35.021010000000004,3557413.0
2024-07-10,35.221129999999995,35.261160000000004,34.46067,34.46067,1579538.0
2024-07-11,34.500699999999995,35.06103,34.3406,34.70082,1914484.0
2024-07-12,34.300580000000004,34.82089,34.22053,34.300580000000004,1247159.0
2024-07-15,34.900940000000006,34.900940000000006,33.94036,34.10046,1064236.0
2024-07-16,34.10046,34.500699999999995,33.86031,34.020410000000005,1468833.0
2024-07-17,33.98039,34.180510000000005,32.01921,32.41945,2518671.0
2024-07-18,32.41945,32.779669999999996,31.458869999999997,32.65959,2407445.0
2024-07-19,32.699619999999996,32.81969,31.57895,31.57895,1944834.0
2024-07-22,31.57895,31.93916,30.41825,30.69842,3208860.0
2024-07-23,30.81849,31.17871,29.21753,29.21753,1941782.0
2024-07-24,28.81729,30.81849,28.81729,30.65839,2955569.0
2024-07-25,30.41825,30.89854,29.89794,30.65839,1483050.0
2024-07-26,30.65839,30.89854,30.37823,30.4983,942023.0
2024-07-29,30.4983,30.85851,30.41825,30.53832,1375413.0
2024-07-30,30.29818,30.4983,29.61777,29.73784,1519046.0
2024-07-31,30.17811,30.41825,29.417650000000002,29.77787,1268453.0
2024-08-01,30.018009999999997,30.018009999999997,27.69662,27.736639999999998,3129063.0
2024-08-02,27.256349999999998,29.657790000000002,27.016209999999997,29.657790000000002,3465137.0
2024-08-05,29.21753,30.778470000000002,28.81729,29.69782,4522454.0
2024-08-06,30.41825,31.73904,29.657790000000002,31.69902,5083943.0
2024-08-07,31.85911,31.85911,30.89854,31.69902,2529736.0
2024-08-08,31.21873,31.69902,30.09806,30.738439999999997,3605828.0
2024-08-09,31.17871,32.85971,30.97859,32.85971,5531546.0
2024-08-12,32.65959,33.38003,32.41945,33.13988,2237513.0
2024-08-13,33.13988,33.13988,32.17931,32.53952,2806090.0
2024-08-14,32.97979,32.97979,32.01921,32.01921,2221800.0
2024-08-15,31.85911,32.81969,31.69902,32.4995,3580118.0
2024-08-16,32.779669999999996,34.74084,32.53952,34.74084,7239142.0
2024-08-19,35.06103,35.06103,34.300580000000004,34.62077,2732734.0
2024-08-20,34.42065,35.86152,34.140480000000004,34.42065,4674509.0
2024-08-21,34.42065,34.74084,34.180510000000005,34.62077,2755278.0
2024-08-22,34.66079,35.221129999999995,34.3406,34.900940000000006,2517938.0
2024-08-23,34.900940000000006,35.70142,34.62077,35.42125,3778368.0
2024-08-26,35.70142,35.741440000000004,34.900940000000006,34.94096,3144548.0
2024-08-27,34.900940000000006,35.30118,34.82089,34.94096,2008568.0
2024-08-28,35.06103,35.14108,34.020410000000005,34.3406,4056703.0
2024-08-29,34.38063,34.82089,34.180510000000005,34.3406,1908367.0
2024-08-30,34.3406,35.181110000000004,34.300580000000004,34.98099,2524396.0
2024-09-04,34.42065,35.58135,34.300580000000004,35.38123,3612847.0
2024-09-05,35.54132,36.18171,34.54072,34.74084,4070110.0
2024-09-06,34.62077,34.94096,34.10046,34.66079,2320383.0
2024-09-09,34.3406,34.860910000000004,34.300580000000004,34.66079,1469568.0
2024-09-10,34.900940000000006,34.900940000000006,33.70022,33.70022,3346160.0
2024-09-11,33.66019,34.78087,33.259949999999996,34.42065,3262687.0
2024-09-12,34.74084,34.78087,34.3406,34.42065,1454394.0
2024-09-13,34.42065,35.621370000000006,34.42065,35.221129999999995,4553759.0
2024-09-16,35.30118,35.30118,34.58075,34.58075,1976248.0
2024-09-17,34.900940000000006,35.70142,34.58075,35.70142,3510836.0
2024-09-18,35.86152,36.54192,35.54132,35.86152,4274982.0
2024-09-19,36.341800000000006,36.341800000000006,35.58135,35.78147,2495277.0
2024-09-20,36.26176,36.26176,35.621370000000006,35.86152,4560814.0
2024-09-23,35.86152,36.26176,35.221129999999995,35.621370000000006,2083711.0
2024-09-24,35.70142,36.02161,35.58135,36.02161,1713513.0
2024-09-25,36.14168,36.98219,36.14168,36.58195,3998782.0
2024-09-26,36.662,36.78207,36.26176,36.26176,2746658.0
2024-09-27,36.341800000000006,36.58195,36.02161,36.42185,2243530.0
2024-09-30,36.42185,36.98219,36.18171,36.822089999999996,2449526.0
2024-10-01,37.14228,37.782669999999996,36.70202,36.822089999999996,3736065.0
2024-10-02,36.58195,36.78207,36.18171,36.22173,2717124.0
2024-10-03,36.22173,36.5019,34.82089,35.5013,4010041.0
2024-10-04,35.54132,35.941559999999996,35.221129999999995,35.38123,2077838.0
2024-10-07,35.58135,36.18171,35.38123,36.18171,1589523.0
2024-10-08,36.26176,36.341800000000006,35.38123,35.54132,2608646.0
2024-10-09,35.621370000000006,35.901540000000004,35.221129999999995,35.54132,1869371.0
2024-10-10,35.621370000000006,36.06164,35.46128,35.46128,1584149.0
2024-10-11,35.38123,35.86152,35.38123,35.78147,1158841.0
2024-10-14,36.18171,36.18171,35.70142,35.70142,1295744.0
2024-10-15,35.38123,36.06164,35.221129999999995,35.221129999999995,1460407.0
2024-10-16,35.42125,35.42125,34.860910000000004,34.900940000000006,1431407.0
2024-10-17,35.06103,35.38123,34.140480000000004,35.14108,2286517.0
2024-10-18,34.900940000000006,35.38123,34.900940000000006,34.98099,1194539.0
2024-10-21,34.62077,34.82089,34.020410000000005,34.020410000000005,2540314.0
2024-10-22,33.90034,34.140480000000004,32.41945,33.21993,2942683.0
2024-10-23,32.97979,33.70022,32.97979,33.54012,1472794.0
2024-10-24,33.62017,33.62017,32.4995,32.4995,1286418.0
2024-10-25,32.81969,32.93976,32.699619999999996,32.699619999999996,1303003.0
2024-10-28,32.699619999999996,33.58015,32.699619999999996,33.38003,1076552.0
2024-10-29,33.34,33.58015,33.259949999999996,33.299980000000005,1031786.0
2024-10-30,33.46007,33.46007,33.059830000000005,33.21993,965369.0
2024-10-31,33.21993,33.62017,33.17991000000001,33.46007,931376.0
2024-11-01,33.299980000000005,33.46007,32.779669999999996,33.01981,1234444.0
2024-11-04,33.01981,34.58075,32.57955,34.3406,2470821.0
2024-11-05,34.26055,34.42065,33.86031,34.060430000000004,723729.0
2024-11-06,34.38063,34.54072,34.060430000000004,34.500699999999995,1793795.0
2024-11-07,34.78087,34.82089,34.180510000000005,34.22053,1138510.0
2024-11-08,34.22053,34.82089,33.98039,34.3406,1800738.0
2024-11-11,34.3406,34.66079,33.780269999999994,34.66079,1871258.0
2024-11-12,34.78087,35.38123,34.3406,34.38063,1998067.0
2024-11-13,34.020410000000005,34.3406,33.58015,34.22053,1758334.0
2024-11-14,33.94036,34.78087,33.21993,33.21993,2436042.0
2024-11-15,32.81969,33.17991000000001,32.01921,32.41945,2858761.0
2024-11-18,32.25935,33.90034,32.25935,33.09986,2573992.0
2024-11-19,33.09986,33.34,32.41945,32.41945,1089694.0
2024-11-20,32.37943,33.94036,31.3388,33.09986,3277072.0
2024-11-21,33.21993,33.62017,33.01981,33.54012,965869.0
2024-11-22,33.38003,33.46007,32.93976,33.01981,1292259.0
2024-11-25,33.059830000000005,33.500099999999996,32.61957,33.299980000000005,1436945.0
2024-11-26,33.299980000000005,34.180510000000005,33.299980000000005,33.74024,1952130.0
2024-11-27,33.46007,33.90034,33.38003,33.46007,1161164.0
2024-11-28,33.780269999999994,33.90034,33.38003,33.38003,1502534.0
2024-11-29,33.38003,33.780269999999994,33.259949999999996,33.62017,1501808.0
2024-12-02,33.98039,33.98039,33.46007,33.500099999999996,867235.0
2024-12-03,33.500099999999996,34.020410000000005,33.34,33.46007,1699999.0
2024-12-04,33.42005,33.62017,32.4995,32.779669999999996,2307354.0
2024-12-05,32.779669999999996,35.06103,32.05923,35.06103,5867142.0
2024-12-06,35.38123,35.38123,34.70082,34.98099,2283612.0
2024-12-09,35.021010000000004,35.30118,34.860910000000004,35.221129999999995,2127569.0
2024-12-10,35.10106,35.3412,34.82089,35.221129999999995,1569899.0
2024-12-11,35.30118,35.58135,34.94096,35.14108,2250529.0
2024-12-12,35.181110000000004,35.46128,34.82089,34.82089,1762142.0
2024-12-13,34.82089,35.14108,34.66079,34.74084,1513002.0
2024-12-16,34.74084,35.021010000000004,34.42065,34.860910000000004,985041.0
2024-12-17,35.021010000000004,35.06103,34.300580000000004,34.300580000000004,1505374.0
2024-12-18,34.42065,34.82089,34.10046,34.82089,1303388.0
2024-12-19,34.10046,34.500699999999995,34.020410000000005,34.38063,2181402.0
2024-12-20,34.58075,34.58075,34.10046,34.10046,1043856.0
2024-12-23,34.26055,34.500699999999995,34.180510000000005,34.180510000000005,812129.0
2024-12-24,34.10046,34.26055,33.62017,33.66019,1752135.0
2024-12-25,33.90034,35.06103,33.780269999999994,34.300580000000004,1964398.0
2024-12-26,34.300580000000004,34.58075,34.22053,34.22053,610358.0
2024-12-27,34.42065,34.500699999999995,34.020410000000005,34.26055,1141173.0
2024-12-30,34.26055,34.74084,34.26055,34.26055,1054935.0
2024-12-31,34.060430000000004,34.26055,33.780269999999994,33.780269999999994,1086643.0
2025-01-02,33.86031,34.10046,33.66019,33.86031,857588.0
2025-01-03,33.780269999999994,33.86031,32.97979,32.97979,2513843.0
2025-01-06,32.89974,33.259949999999996,31.97919,32.339400000000005,1881408.0
2025-01-07,32.4995,32.779669999999996,32.05923,32.339400000000005,1324761.0
2025-01-08,32.17931,32.89974,32.17931,32.73964,1037441.0
2025-01-09,32.89974,32.89974,32.339400000000005,32.339400000000005,755455.0
2025-01-10,32.339400000000005,32.61957,31.61897,31.61897,1476943.0
2025-01-13,31.57895,32.73964,31.458869999999997,32.699619999999996,1639058.0
2025-01-14,32.699619999999996,32.73964,32.25935,32.25935,697085.0
2025-01-15,32.4995,32.89974,32.29938,32.65959,877503.0
2025-01-16,33.059830000000005,33.82029,32.73964,32.85971,1766327.0
2025-01-17,32.779669999999996,32.93976,32.65959,32.73964,937610.0
2025-01-20,33.38003,33.38003,32.699619999999996,32.699619999999996,927633.0
2025-01-21,32.81969,33.13988,32.65959,32.699619999999996,824614.0
2025-01-22,32.85971,32.89974,32.57955,32.57955,924498.0
2025-01-23,32.81969,33.62017,32.61957,33.299980000000005,1914858.0
2025-01-24,33.299980000000005,33.38003,33.01981,33.13988,1117641.0
2025-02-03,32.779669999999996,33.13988,32.65959,32.73964,866273.0
2025-02-04,33.09986,33.58015,32.85971,33.38003,1462888.0
2025-02-05,33.54012,33.54012,33.13988,33.13988,968631.0
2025-02-06,33.299980000000005,33.62017,33.09986,33.09986,1264569.0
2025-02-07,33.09986,33.17991000000001,32.93976,32.93976,1053800.0
2025-02-10,32.89974,33.299980000000005,32.57955,32.85971,1659535.0
2025-02-11,32.89974,33.13988,32.65959,32.81969,839756.0
2025-02-12,32.81969,33.299980000000005,32.61957,32.65959,1079820.0
2025-02-13,32.57955,32.779669999999996,32.57955,32.73964,648910.0
2025-02-14,33.21993,33.58015,32.73964,32.97979,2138956.0
2025-02-17,33.01981,34.140480000000004,32.81969,33.66019,2880399.0
2025-02-18,33.62017,33.90034,33.46007,33.58015,1377404.0
2025-02-19,33.86031,34.060430000000004,33.54012,34.020410000000005,1679806.0
2025-02-20,34.38063,34.74084,34.060430000000004,34.060430000000004,2441412.0
2025-02-21,34.060430000000004,34.140480000000004,33.62017,33.780269999999994,1520108.0
2025-02-24,33.74024,36.02161,33.70022,36.02161,5350642.0
2025-02-25,36.14168,36.862120000000004,35.78147,36.26176,4859802.0
2025-02-26,36.42185,38.38303,36.14168,37.70262,6413375.0
2025-02-27,37.70262,38.42305,37.14228,38.42305,4411008.0
2025-02-28,38.42305,38.62317,37.70262,37.86272,3009806.0
2025-03-03,37.86272,39.98399,37.70262,39.70382,4234731.0
2025-03-04,39.70382,40.42425,38.463080000000005,39.62376999999999,3532703.0
2025-03-05,39.70382,40.6644,38.90334,38.90334,4051588.0
2025-03-06,39.22353,41.14468,39.143480000000004,40.82449,4481823.0
2025-03-07,40.82449,41.14468,40.5043,40.744440000000004,2057696.0
2025-03-10,41.06464,41.78507,40.5043,40.6644,2588486.0
2025-03-11,40.024010000000004,41.624970000000005,40.024010000000004,41.38483,3280988.0
2025-03-12,41.624970000000005,41.624970000000005,40.42425,40.42425,2935754.0
2025-03-13,40.5043,41.30478,39.98399,40.58435,3531434.0
2025-03-14,40.264160000000004,40.82449,39.94396,40.10406,2867058.0
2025-03-17,40.344199999999994,40.744440000000004,39.62376999999999,40.5043,2828590.0
2025-03-18,40.744440000000004,40.744440000000004,39.74384,39.74384,2349781.0
2025-03-19,39.6638,40.744440000000004,39.62376999999999,40.344199999999994,2562287.0
2025-03-20,40.5043,41.54492,39.94396,40.264160000000004,3365775.0
2025-03-21,40.184110000000004,40.6644,40.10406,40.264160000000004,1604981.0
2025-03-24,40.10406,41.22473,39.86392,41.22473,2900397.0
2025-03-25,41.624970000000005,41.624970000000005,40.42425,40.6644,3003206.0
2025-03-26,40.42425,40.744440000000004,39.303580000000004,39.62376999999999,3347781.0
2025-03-27,39.62376999999999,40.10406,39.303580000000004,39.463680000000004,2520451.0
2025-03-28,39.70382,40.6644,38.98339,40.024010000000004,3223885.0
2025-03-31,39.70382,40.744440000000004,39.70382,40.5043,3840659.0
2025-04-01,40.6644,40.744440000000004,39.70382,40.264160000000004,2691725.0
2025-04-02,40.5043,41.30478,40.184110000000004,40.42425,3201684.0
2025-04-03,37.70262,39.22353,37.62257,37.62257,6565236.0
2025-04-04,35.021010000000004,36.662,35.021010000000004,35.221129999999995,10243712.0
2025-04-08,32.779669999999996,33.259949999999996,32.779669999999996,32.779669999999996,2612698.0
2025-04-09,30.4983,31.77907,30.4983,30.4983,10180688.0
2025-04-10,32.61957,32.61957,32.61957,32.61957,252190.0
2025-04-11,33.38003,34.3406,32.01921,34.180510000000005,9974042.0
2025-04-14,34.180510000000005,35.06103,33.500099999999996,34.42065,5359170.0
2025-04-15,34.26055,34.26055,32.81969,32.85971,4234520.0
2025-04-16,32.85971,33.21993,31.21873,31.21873,6260510.0
2025-04-17,29.21753,31.93916,29.21753,31.498900000000003,2943985.0
2025-04-18,32.01921,32.53952,31.538919999999997,31.538919999999997,3823359.0
2025-04-21,31.69902,31.77907,30.09806,30.09806,3373486.0
2025-04-22,29.77787,30.09806,28.01681,28.41705,7381442.0
2025-04-23,29.37763,29.37763,28.457069999999998,28.93736,3161813.0
2025-04-24,28.97739,30.65839,28.97739,29.497700000000002,3897219.0
2025-04-25,29.81789,29.81789,28.93736,29.3376,3193272.0
2025-04-28,29.3376,30.61837,28.93736,30.25815,4075628.0
2025-04-29,30.4983,30.4983,29.93796,29.93796,1940957.0
2025-05-05,30.3382,30.53832,30.018009999999997,30.45827,2028635.0
2025-05-06,30.81849,31.21873,30.25815,30.41825,3486007.0
2025-05-07,30.578349999999997,30.578349999999997,30.018009999999997,30.05803,2135464.0
2025-05-08,30.3382,31.05863,30.25815,31.01861,3966252.0
2025-05-09,31.298779999999997,31.298779999999997,30.4983,30.61837,2411685.0
2025-05-12,30.81849,30.938560000000003,30.37823,30.65839,2937539.0
2025-05-13,31.21873,32.41945,31.13868,31.458869999999997,6467820.0
2025-05-14,32.153,32.28678,31.70704,32.19759,4014690.0
2025-05-15,32.82192,32.866519999999994,32.19759,32.28678,3551388.0
2025-05-16,32.37597,32.866519999999994,32.19759,32.28678,4201587.0
2025-05-19,32.1084,32.1084,31.350279999999998,31.350279999999998,3491362.0
2025-05-20,31.350279999999998,32.01921,30.99352,31.39488,2562722.0
2025-05-21,31.70704,31.84083,30.99352,31.2165,2646373.0
2025-05-22,30.90434,31.84083,30.90434,31.03812,3043331.0
2025-05-23,30.90434,31.30569,30.50298,30.50298,2500663.0
2025-05-26,30.68136,32.28678,29.56648,32.0638,5377597.0
2025-05-27,32.37597,33.134080000000004,32.153,32.68814,4656501.0
2025-05-28,33.0449,33.71382,32.64354,33.0003,5164873.0
2025-05-29,33.40166000000001,33.40166000000001,32.28678,32.37597,3369055.0
2025-05-30,32.37597,34.159769999999995,32.19759,32.55435,6857632.0
2025-06-02,32.55435,33.624629999999996,32.55435,33.53544,3423532.0
2025-06-03,34.427339999999994,35.14086,33.892199999999995,34.07058,6693939.0
2025-06-04,34.159769999999995,34.20436,33.223279999999995,33.49084,4460684.0
2025-06-05,33.53544,33.80301,32.866519999999994,32.91111,3727417.0
2025-06-06,32.9557,33.26787,32.1084,32.19759,4105523.0
2025-06-09,32.19759,32.68814,31.974619999999998,31.974619999999998,2631294.0
2025-06-10,32.1084,32.59894,31.974619999999998,32.0638,2099648.0
2025-06-11,32.153,32.33138,31.974619999999998,32.28678,1739072.0
2025-06-12,32.46516,33.0003,32.42056,32.64354,2187647.0
2025-06-13,32.1084,32.33138,31.2165,31.70704,5469464.0
2025-06-16,31.52866,32.46516,31.39488,32.46516,2180076.0
2025-06-17,32.91111,32.91111,32.1084,32.28678,1978886.0
2025-06-18,32.28678,32.866519999999994,32.153,32.42056,2911534.0
2025-06-19,32.37597,32.50976,32.153,32.42056,1459264.0
2025-06-20,32.64354,33.44625,32.64354,32.82192,4320831.0
2025-06-23,32.33138,32.50976,32.1084,32.50976,2188100.0
2025-06-24,32.9557,34.159769999999995,32.82192,33.49084,8480249.0
2025-06-25,33.53544,34.24896,33.223279999999995,33.53544,4112650.0
2025-06-26,33.49084,33.66922,32.9557,33.0003,3776419.0
2025-06-27,33.223279999999995,33.580040000000004,32.91111,33.17868,3025827.0
2025-06-30,33.75842,34.33815,33.580040000000004,33.624629999999996,3705928.0
2025-07-01,33.71382,33.71382,33.08949,33.223279999999995,2713732.0
2025-07-02,33.26787,35.54222,33.17868,35.54222,11680588.0
2025-07-03,35.58681,36.523300000000006,34.69491,35.497620000000005,8386702.0
2025-07-04,35.85438,36.12195,34.962480000000006,35.14086,5103793.0
2025-07-07,35.453019999999995,35.85438,35.14086,35.58681,5118464.0
2025-07-08,35.89898,36.523300000000006,35.58681,35.676,6617331.0
2025-07-09,35.7206,37.01385,35.676,36.12195,8451741.0
2025-07-10,36.21114,36.255739999999996,35.6314,35.7206,5706829.0
2025-07-11,35.7206,37.236830000000005,35.09626,36.47871,10731718.0
2025-07-14,36.6125,38.440889999999996,35.7206,37.28142,6513687.0
2025-07-15,37.4598,38.57468,36.65709,36.70168,9209453.0
2025-07-16,36.70168,37.504400000000004,36.34493,37.058440000000004,8097204.0
2025-07-17,37.28142,37.72737,36.5679,36.70168,5625921.0
2025-07-18,36.523300000000006,37.59358,36.47871,36.65709,7410857.0
2025-07-21,36.65709,36.92466,35.676,35.676,8293910.0
2025-07-22,35.58681,36.5679,35.363839999999996,36.30033,5190952.0
2025-07-23,36.5679,37.4152,36.255739999999996,36.6125,8005144.0
2025-07-24,36.83547,36.88006,35.85438,36.12195,5570559.0
2025-07-25,36.34493,37.816559999999996,36.21114,37.28142,10128714.0
2025-07-28,38.26251,39.689550000000004,38.17332,39.33279,9599003.0
2025-07-29,40.22469,40.22469,36.6125,36.6125,12880268.0
2025-07-30,36.65709,37.19223,35.58681,36.43412,7541967.0
2025-07-31,36.70168,37.01385,35.58681,36.5679,5628183.0
2025-08-01,36.21114,37.504400000000004,35.765190000000004,36.43412,4076756.0
2025-08-04,36.38952,36.74628,35.98816,36.70168,3230563.0
2025-08-05,37.10304,38.26251,34.159769999999995,36.34493,10954120.0
2025-08-06,36.88006,36.88006,36.34493,36.83547,3946298.0
2025-08-07,37.32602,38.797650000000004,37.10304,38.17332,8729896.0
2025-08-08,38.351699999999994,38.84225,36.92466,37.28142,7511878.0
2025-08-11,37.4598,37.95034,36.969260000000006,37.28142,7651068.0
2025-08-12,37.37061,38.30711,36.88006,37.10304,7675661.0
2025-08-13,37.28142,37.99494,36.38952,37.861160000000005,12281851.0
2025-08-14,38.30711,39.64496,37.861160000000005,37.95034,10704981.0
2025-08-15,38.26251,38.26251,36.43412,36.74628,9426735.0
2025-08-18,36.74628,37.10304,36.16654,36.21114,5168847.0
2025-08-19,36.30033,36.92466,36.03276,36.38952,7367867.0
2025-08-20,36.47871,37.10304,34.784099999999995,35.85438,6774921.0
2025-08-21,36.21114,36.83547,35.89898,35.98816,5145978.0
2025-08-22,35.676,35.7206,33.71382,33.892199999999995,6868824.0
2025-08-25,34.33815,34.69491,33.08949,33.08949,3747994.0
2025-08-26,33.0449,34.7395,33.0449,34.516529999999996,3914426.0
2025-08-27,34.8287,35.31924,34.20436,34.56112,3188344.0
2025-08-28,34.60572,35.09626,34.56112,35.05167,2713084.0
2025-08-29,35.230050000000006,36.74628,35.18546,35.7206,6230270.0
2025-09-03,35.94357,36.12195,35.40843,35.765190000000004,2963178.0
2025-09-04,35.98816,36.03276,35.54222,35.7206,3160875.0
2025-09-05,36.03276,36.38952,34.33815,34.65032,4792160.0
2025-09-08,34.427339999999994,34.873290000000004,33.44625,33.44625,4234561.0
2025-09-09,33.44625,33.71382,33.08949,33.71382,2749084.0
2025-09-10,34.11518,34.11518,33.134080000000004,33.580040000000004,1908071.0
2025-09-11,33.580040000000004,33.580040000000004,32.153,33.134080000000004,3404100.0
2025-09-12,33.26787,33.49084,33.223279999999995,33.26787,1717204.0
2025-09-15,33.71382,33.892199999999995,33.49084,33.80301,1822385.0
2025-09-16,34.159769999999995,34.516529999999996,33.53544,33.580040000000004,1999039.0
2025-09-17,33.71382,34.427339999999994,33.580040000000004,33.71382,2424672.0
2025-09-18,33.75842,33.98139,33.17868,33.35706,1387631.0
2025-09-19,33.66922,33.71382,33.08949,33.08949,1352212.0
2025-09-22,33.17868,33.35706,32.28678,32.28678,1761703.0
2025-09-23,32.64354,32.82192,32.42056,32.46516,737862.0
2025-09-24,32.46516,32.9557,32.153,32.9557,1167565.0
2025-09-25,33.17868,33.17868,32.73273,32.73273,978436.0
2025-09-26,32.59894,33.312470000000005,32.55435,32.59894,1118520.0
2025-09-29,32.64354,32.866519999999994,32.28678,32.33138,1178088.0
2025-09-30,32.42056,32.68814,31.48407,32.0638,1780000.0
2025-10-01,32.0638,32.1084,31.39488,31.48407,2111462.0
2025-10-02,31.48407,31.70704,30.77055,30.859740000000002,1569712.0
2025-10-03,30.859740000000002,31.61786,30.10162,31.2165,2591957.0
2025-10-06,31.48407,33.134080000000004,31.39488,33.08949,3066744.0
2025-10-07,33.40166000000001,33.40166000000001,32.1084,32.19759,1748642.0
2025-10-08,32.9557,32.9557,32.1084,32.19759,1499071.0
2025-10-09,32.153,32.42056,31.88542,31.974619999999998,1134869.0
2025-10-10,32.153,32.46516,32.01921,32.153,1299522.0
2025-10-13,32.01921,32.01921,31.48407,31.70704,1737184.0
2025-10-14,31.93002,32.37597,31.30569,31.48407,2680471.0
2025-10-15,31.48407,31.573259999999998,30.859740000000002,30.99352,2131920.0
2025-10-16,30.99352,31.03812,30.63676,30.68136,1976025.0
2025-10-17,30.90434,31.39488,30.63676,30.63676,2038177.0
2025-10-20,30.3692,30.81514,28.4962,28.4962,2445325.0
2025-10-21,28.4962,30.10162,27.381330000000002,29.83406,3169318.0
2025-10-22,30.10162,30.413790000000002,29.25432,30.3246,1245957.0
2025-10-23,30.3246,30.3246,29.52189,29.52189,876105.0
2025-10-24,29.56648,29.56648,28.71918,29.25432,1130764.0
2025-10-27,29.78946,31.2611,29.56648,30.72596,4976330.0
2025-10-28,30.94893,31.66245,30.81514,31.573259999999998,1999067.0
2025-10-29,31.48407,31.70704,30.99352,30.99352,1729650.0
2025-10-30,31.30569,31.61786,30.99352,31.52866,2028867.0
2025-10-31,31.573259999999998,32.24218,31.2165,31.2165,2846512.0
2025-11-03,31.2165,31.70704,30.59217,30.59217,2063962.0
2025-11-04,30.14622,32.55435,29.25432,32.01921,3776037.0
2025-11-05,31.48407,31.79624,31.2165,31.2165,1014951.0
2025-11-06,31.2165,31.48407,30.859740000000002,30.859740000000002,1068803.0
2025-11-07,30.859740000000002,31.12731,29.56648,29.61108,1706221.0
2025-11-10,29.20972,30.3692,29.20972,29.388099999999998,1144865.0
2025-11-11,29.83406,29.92325,29.29892,29.83406,644718.0
2025-11-12,30.14622,30.28,29.87865,30.19082,775148.0
2025-11-13,30.28,30.458380000000002,29.96784,29.96784,911312.0
2025-11-14,29.78946,30.19082,29.78946,30.057029999999997,753640.0
2025-11-17,30.14622,30.547580000000004,30.14622,30.413790000000002,768204.0
2025-11-18,30.458380000000002,31.17191,30.458380000000002,30.68136,1366812.0
2025-11-19,30.68136,30.859740000000002,29.96784,30.235409999999998,903758.0
2025-11-20,30.14622,30.547580000000004,29.92325,30.012439999999998,565458.0
2025-11-21,29.87865,29.87865,29.4327,29.61108,839553.0
2025-11-24,29.52189,29.87865,29.4773,29.4773,673215.0
2025-11-25,29.52189,29.78946,28.71918,28.71918,1061048.0
2025-11-26,28.71918,29.74486,28.71918,29.4773,627475.0
2025-11-27,29.70027,29.70027,29.20972,29.20972,443615.0
2025-11-28,29.16513,29.388099999999998,28.897560000000002,28.897560000000002,647976.0
2025-12-01,28.98675,29.07594,28.5854,28.71918,486505.0
2025-12-02,29.07594,29.07594,28.31782,28.80837,780198.0
2025-12-03,28.94216,29.4327,28.80837,29.03134,596772.0
2025-12-04,29.25432,29.61108,29.25432,29.4327,802146.0
2025-12-05,29.52189,29.70027,28.94216,28.94216,641050.0
2025-12-08,28.897560000000002,29.16513,28.629990000000003,28.629990000000003,698057.0
2025-12-09,28.5408,28.897560000000002,28.00566,28.4962,1077888.0
2025-12-10,28.4962,30.235409999999998,28.4962,29.74486,1511463.0
2025-12-11,29.74486,29.87865,29.16513,29.388099999999998,606397.0
2025-12-12,29.4327,29.74486,28.5408,28.5408,1490658.0
2025-12-15,28.5408,28.98675,28.31782,28.362419999999997,632059.0
2025-12-16,28.76378,29.34351,28.050259999999998,28.98675,1054973.0
2025-12-17,29.03134,29.16513,28.40702,28.40702,595941.0
2025-12-18,28.451610000000002,28.674580000000002,28.40702,28.5408,580156.0
2025-12-19,28.629990000000003,30.458380000000002,28.451610000000002,30.458380000000002,4141706.0
2025-12-22,30.458380000000002,30.547580000000004,30.10162,30.547580000000004,1219395.0
2025-12-23,30.14622,30.547580000000004,29.70027,30.14622,1189762.0
2025-12-24,29.96784,30.3692,29.78946,29.96784,1206843.0
2025-12-25,30.012439999999998,30.81514,29.87865,29.87865,2379560.0
2025-12-26,29.96784,31.082720000000002,29.56648,30.63676,3035519.0
2025-12-29,30.77055,30.99352,30.14622,30.59217,1174092.0
2025-12-30,30.90434,30.90434,29.96784,29.96784,1025648.0
2025-12-31,29.96784,30.19082,29.388099999999998,29.388099999999998,1780000.0
2026-01-05,29.388099999999998,29.61108,28.094849999999997,28.362419999999997,1746077.0
2026-01-06,28.362419999999997,29.03134,27.91647,28.71918,1345032.0
2026-01-07,28.76378,29.388099999999998,28.5854,29.120540000000002,997864.0
2026-01-08,29.25432,29.70027,28.5854,29.16513,1368573.0
2026-01-09,29.70027,29.74486,28.71918,28.80837,1170222.0
2026-01-12,28.98675,30.81514,28.94216,30.81514,3837171.0
2026-01-13,30.90434,31.2611,30.235409999999998,30.3246,2263113.0
2026-01-14,30.3246,30.68136,29.78946,30.3246,2275610.0
2026-01-15,29.78946,30.547580000000004,29.78946,30.012439999999998,1485795.0
2026-01-16,30.057029999999997,31.573259999999998,29.87865,30.547580000000004,3427735.0
2026-01-19,30.77055,30.859740000000002,30.235409999999998,30.235409999999998,1235321.0
2026-01-20,30.50298,30.50298,29.65568,29.65568,1901575.0
2026-01-21,29.65568,29.70027,28.629990000000003,28.85296,2352669.0
2026-01-22,29.388099999999998,29.52189,28.85296,29.29892,1159208.0
2026-01-23,29.29892,29.96784,28.98675,29.07594,874887.0
2026-01-26,28.94216,29.34351,28.4962,28.76378,1018230.0
2026-01-27,28.4962,28.98675,28.4962,28.76378,1206838.0
2026-01-28,28.76378,29.20972,28.629990000000003,28.94216,924127.0
2026-01-29,28.85296,29.25432,28.85296,29.07594,421386.0
2026-01-30,29.07594,29.4773,28.897560000000002,29.34351,1121769.0
2026-02-02,28.71918,29.388099999999998,28.71918,29.07594,792266.0
2026-02-03,29.4327,29.52189,29.07594,29.29892,845207.0
2026-02-04,29.4327,30.057029999999997,29.4327,29.61108,1017544.0
2026-02-05,29.74486,29.74486,29.07594,29.07594,650422.0
2026-02-06,28.85296,28.897560000000002,28.40702,28.40702,1297973.0
2026-02-09,28.451610000000002,28.674580000000002,28.362419999999997,28.40702,468538.0
2026-02-10,28.674580000000002,28.80837,28.00566,28.451610000000002,725105.0
2026-02-11,28.31782,29.07594,28.31782,29.07594,625403.0
2026-02-12,29.25432,29.25432,28.629990000000003,28.98675,414798.0
2026-02-13,28.5408,29.34351,28.5408,29.25432,803379.0
2026-02-23,29.4327,29.4327,29.120540000000002,29.388099999999998,462114.0
2026-02-24,29.16513,29.92325,29.07594,29.61108,1475236.0
2026-02-25,29.4327,29.61108,29.07594,29.388099999999998,911000.0
2026-02-26,29.388099999999998,29.52189,28.98675,29.34351,496697.0
2026-02-27,29.388099999999998,29.78946,28.80837,29.07594,1053499.0
2026-03-02,27.425919999999998,28.94216,27.425919999999998,27.91647,1851539.0
2026-03-03,28.00566,29.03134,27.91647,28.451610000000002,839141.0
2026-03-04,28.451610000000002,28.451610000000002,26.71241,28.273229999999998,2007072.0
2026-03-05,28.5408,29.56648,28.4962,28.4962,2315562.0
2026-03-06,28.362419999999997,28.4962,26.53402,26.578619999999997,3649956.0
2026-03-09,24.750220000000002,26.48943,24.750220000000002,24.750220000000002,1286507.0
2026-03-10,24.79482,25.50834,24.0367,24.43806,1844922.0
2026-03-11,24.348869999999998,25.865099999999998,24.21508,25.374560000000002,1251219.0
2026-03-12,24.973200000000002,25.419150000000002,24.750220000000002,24.88401,734615.0
2026-03-13,24.30428,24.88401,24.21508,24.348869999999998,950244.0
2026-03-16,24.43806,24.9286,24.43806,24.48266,454744.0
2026-03-17,24.88401,25.196180000000002,24.52725,24.57184,559648.0
2026-03-18,24.616439999999997,24.750220000000002,24.0813,24.43806,556244.0
2026-03-19,24.0813,24.25968,23.50156,23.50156,1140312.0
2026-03-20,23.27859,23.902919999999998,22.07452,22.07452,1203617.0
2026-03-23,21.80696,22.69886,21.361,21.361,1855985.0
2026-03-24,22.11912,22.2975,21.85155,22.11912,664105.0
2026-03-25,22.16372,22.96642,22.16372,22.654259999999997,648764.0
2026-03-26,22.87724,22.87724,22.07452,22.2975,578343.0
2026-03-27,22.2529,22.87724,22.2529,22.832639999999998,623270.0
2026-03-30,22.11912,22.52048,22.11912,22.3421,624622.0
2026-03-31,22.654259999999997,23.902919999999998,22.431279999999997,23.902919999999998,1090124.0
2026-04-01,24.973200000000002,25.10698,24.30428,24.393459999999997,1812340.0
2026-04-02,24.17049,25.24077,24.1259,25.06239,1790176.0
2026-04-03,25.24077,25.24077,24.43806,24.57184,1015838.0
2026-04-06,24.393459999999997,24.79482,23.902919999999998,23.902919999999998,785640.0
2026-04-07,24.0367,25.28536,23.902919999999998,25.28536,926162.0
2026-04-08,25.865099999999998,26.53402,25.64212,26.177259999999997,2042135.0
2026-04-09,25.64212,25.865099999999998,25.28536,25.32996,1046617.0
2026-04-10,25.419150000000002,25.64212,24.973200000000002,24.973200000000002,1121523.0
2026-04-13,24.66104,25.68672,24.348869999999998,24.79482,875192.0
2026-04-14,25.10698,25.32996,24.88401,24.9286,761013.0
2026-04-15,25.151580000000003,25.32996,24.750220000000002,24.750220000000002,618921.0
2026-04-16,24.70563,24.973200000000002,24.43806,24.48266,577233.0
2026-04-17,24.616439999999997,24.973200000000002,24.48266,24.57184,584349.0
2026-04-20,24.79482,24.79482,24.52725,24.52725,463315.0
2026-04-21,24.973200000000002,24.973200000000002,24.25968,24.30428,648162.0
2026-04-22,24.21508,24.393459999999997,23.76914,23.81373,593429.0
2026-04-23,23.81373,24.0813,22.2975,23.63535,862408.0
2026-04-24,23.81373,23.81373,23.189400000000003,23.59076,389254.0
2026-04-28,23.50156,23.81373,23.189400000000003,23.189400000000003,340583.0
2026-04-29,23.189400000000003,23.50156,22.921830000000003,23.234,459594.0
2026-05-04,23.94752,23.94752,23.27859,23.27859,370469.0
2026-05-05,23.456970000000002,23.456970000000002,23.055619999999998,23.32318,513294.0
2026-05-06,23.50156,24.25968,23.189400000000003,23.94752,959431.0
2026-05-07,24.0367,24.25968,23.67994,23.67994,530768.0
2026-05-08,23.902919999999998,23.902919999999998,23.456970000000002,23.63535,614610.0
2026-05-11,23.456970000000002,24.0813,23.412380000000002,23.54616,579885.0
2026-05-12,23.72454,24.0367,23.32318,23.76914,661926.0
2026-05-13,23.94752,24.0367,23.59076,23.59076,538694.0
2026-05-14,23.50156,24.21508,23.50156,23.85832,539676.0
2026-05-15,24.0367,24.0367,23.72454,23.76914,447982.0
2026-05-18,23.72454,24.25968,23.50156,24.17049,768815.0
2026-05-19,24.43806,24.48266,23.902919999999998,23.902919999999998,663556.0
2026-05-20,23.902919999999998,23.99211,23.011020000000002,23.54616,958454.0
2026-05-21,24.0,24.1,23.55,23.55,506318.0
2026-05-22,23.55,24.7,23.55,24.35,820901.0
2026-05-25,24.3,24.55,23.9,23.9,395460.0
2026-05-26,23.7,24.35,23.7,24.1,757276.0
2026-05-27,24.2,24.35,24.0,24.05,565653.0
2026-05-28,24.0,24.4,23.8,23.8,588163.0
2026-05-29,24.0,24.2,23.8,24.0,408586.0
2026-06-01,24.0,24.55,23.9,24.15,525951.0
2026-06-02,23.95,24.5,23.7,23.7,589899.0
2026-06-03,23.7,24.2,23.35,24.05,749700.0
2026-06-04,24.0,24.35,23.9,24.1,450400.0
2026-06-05,24.3,24.3,23.8,23.8,366100.0
2026-06-08,23.7,23.7,22.8,22.8,965000.0
2026-06-09,22.55,23.3,22.55,23.1,432000.0
2026-06-10,22.75,23.2,22.75,23.2,315400.0
2026-06-11,23.2,23.25,22.9,23.0,181100.0
2026-06-12,23.15,23.4,23.0,23.0,522200.0
2026-06-15,23.3,24.0,23.3,23.75,792600.0
2026-06-16,23.8,25.4,23.75,25.4,2455500.0
2026-06-17,26.0,27.15,25.9,27.1,5289700.0
2026-06-18,27.1,27.8,26.65,27.15,2728100.0
2026-06-19,26.75,28.15,26.75,26.95,2441300.0
2026-06-22,26.95,27.1,26.15,26.55,1446400.0
2026-06-23,26.75,27.6,25.55,26.3,2360300.0
2026-06-24,26.3,27.4,25.8,27.1,2135600.0
2026-06-25,27.2,27.65,26.7,26.75,1431600.0
2026-06-26,26.55,26.8,26.3,26.4,1033200.0
2026-06-29,26.5,26.8,25.9,26.35,1110600.0
2026-06-30,26.4,27.85,26.4,26.55,1733700.0
2026-07-01,26.75,27.1,26.55,26.9,1119600.0
2026-07-02,27.0,28.1,26.9,27.9,3916600.0
2026-07-03,28.0,28.35,27.75,28.0,2976300.0
2026-07-06,28.0,28.1,26.35,26.9,2958900.0
2026-07-07,26.9,28.4,26.75,28.35,2299600.0
2026-07-08,28.4,28.5,27.75,27.75,1593500.0
2026-07-09,27.4,28.25,26.9,27.6,1897900.0
2026-07-10,27.5,27.65,26.8,26.85,1398900.0
2026-07-13,26.45,26.8,25.0,25.75,3200400.0
2026-07-14,25.5,26.05,25.0,25.65,1087500.0
2026-07-15,25.6,26.15,24.6,25.05,1175600.0
2026-07-16,24.55,25.4,23.95,25.05,2130800.0
2026-07-17,25.0,25.35,24.2,24.2,904900.0
2026-07-20,23.95,23.95,22.55,22.55,2468900.0
2026-07-21,22.6,23.25,22.0,22.0,1370600.0
2026-07-22,22.4,23.25,22.05,22.7,1732800.0
2026-07-23,23.15,23.7,21.4,23.0,1376600.0
2026-07-24,22.55,22.9,21.6,21.6,936700.0
2026-07-27,21.9,22.05,20.1,20.1,2388200.0
2026-07-28,19.9,21.1,19.7,20.85,1331000.0
2026-07-29,20.95,20.95,20.35,20.6,984500.0
2026-07-30,20.6,22.0,20.6,21.85,1335100.0
2026-07-31,21.05,21.8,21.05,21.4,1072000.0
2026-08-03,21.6,22.4,21.6,22.1,1089300.0
2026-08-04,22.15,22.3,21.95,22.1,844500.0
2026-08-05,22.35,22.6,21.95,22.0,877400.0
2026-08-06,22.0,22.3,21.6,21.85,504700.0
2026-08-07,21.85,22.15,21.7,21.85,471800.0
2026-08-10,21.9,22.5,21.9,22.25,695600.0
2026-08-11,22.45,23.3,22.3,22.65,2141900.0
2026-08-12,22.95,22.95,22.45,22.45,594700.0
2026-08-13,22.7,22.85,21.8,21.8,1322800.0
2026-08-14,21.85,22.1,21.5,21.95,1216800.0
2026-08-17,21.8,22.0,21.55,21.6,470400.0
2026-08-18,21.6,21.9,21.55,21.85,599000.0
2026-08-19,21.8,21.95,21.3,21.5,559900.0
2026-08-20,21.85,21.85,21.55,21.55,285600.0
2026-08-21,21.55,23.0,21.55,23.0,1600600.0
2026-08-24,23.5,23.5,22.65,22.65,936300.0
2026-08-25,22.8,22.8,22.45,22.5,817100.0
2026-08-26,22.5,22.75,22.35,22.55,681000.0
2026-08-27,22.8,22.9,22.4,22.4,577200.0
2026-08-28,22.4,23.0,22.3,22.75,1344700.0
2026-09-03,22.55,22.95,22.3,22.65,690700.0
2026-09-04,22.7,22.85,22.35,22.45,514600.0
2026-09-07,22.45,22.5,21.8,21.8,788300.0
2026-09-08,21.8,22.1,21.55,21.75,484800.0
2026-09-09,21.75,21.8,21.4,21.4,479100.0
2026-09-10,21.3,21.7,21.15,21.4,511500.0
2026-09-11,21.2,21.3,20.4,20.55,1407000.0
2026-09-14,20.55,20.85,20.0,20.1,713200.0
2026-09-15,20.35,20.55,20.2,20.4,578200.0
2026-09-16,20.35,20.4,20.0,20.15,410000.0
2026-09-17,20.1,21.15,20.0,20.6,951900.0
2026-09-18,20.8,21.15,20.8,21.0,655300.0
2026-09-21,21.2,21.2,20.55,20.6,568000.0
2026-09-22,20.65,21.0,20.6,20.7,311900.0
2026-09-23,20.95,20.95,20.55,20.55,390800.0
2026-09-24,20.55,20.65,20.05,20.05,580300.0
2026-09-25,20.05,20.3,20.0,20.1,322100.0
2026-09-28,20.2,20.2,19.2,19.3,945600.0
2026-09-29,19.1,19.6,19.1,19.3,559800.0
2026-09-30,19.4,19.55,19.1,19.15,439600.0
2026-10-01,18.7,19.25,18.7,18.9,665000.0
2026-10-02,18.7,19.0,18.5,18.5,641700.0
