,open,high,low,close,volume
2020-05-08,12.84948,13.51411,12.78618,13.07102,553660.0
2020-05-11,13.07102,13.29257,13.07102,13.22927,369140.0
2020-05-12,13.22927,13.22927,13.10267,13.16597,367050.0
2020-05-13,13.16597,13.92555,13.16597,13.54576,456820.0
2020-05-14,13.60906,13.92555,13.57741,13.8939,481050.0
2020-05-15,13.8939,13.92555,13.48246,13.48246,362420.0
2020-05-18,13.29257,13.60906,13.16597,13.41916,374020.0
2020-05-19,13.29257,13.60906,13.29257,13.48246,441190.0
2020-05-20,13.48246,13.60906,13.29257,13.41916,396220.0
2020-05-21,13.41916,13.60906,13.26092,13.29257,410020.0
2020-05-22,13.29257,13.48246,13.22927,13.324219999999999,379470.0
2020-05-25,13.324219999999999,13.51411,13.22927,13.51411,504970.0
2020-05-26,13.51411,13.92555,13.51411,13.92555,639940.0
2020-05-27,13.92555,14.115440000000001,13.798950000000001,13.798950000000001,509140.0
2020-05-28,13.798950000000001,13.798950000000001,13.51411,13.57741,427410.0
2020-05-29,13.35586,13.38751,13.16597,13.29257,474540.0
2020-06-01,13.29257,13.60906,13.22927,13.35586,428850.0
2020-06-02,13.41916,13.51411,13.16597,13.16597,508070.0
2020-06-03,13.16597,13.29257,12.912780000000001,13.007729999999999,460500.0
2020-06-04,13.007729999999999,13.16597,13.007729999999999,13.16597,463520.0
2020-06-05,13.07102,13.29257,13.07102,13.22927,446090.0
2020-06-08,13.22927,13.29257,13.03938,13.26092,487140.0
2020-06-09,13.26092,13.26092,13.07102,13.10267,492950.0
2020-06-10,13.10267,13.29257,13.07102,13.29257,549690.0
2020-06-11,13.41916,13.48246,13.03938,13.03938,579860.0
2020-06-12,12.53299,12.78618,12.3431,12.4064,482360.0
2020-06-15,12.4064,12.65959,11.710120000000002,12.08991,449810.0
2020-06-16,12.1532,12.3431,11.836709999999998,12.08991,459480.0
2020-06-17,12.08991,12.2165,11.96331,12.1532,408140.0
2020-06-18,12.121559999999999,12.2798,11.96331,12.2798,436240.0
2020-06-19,12.2798,12.72289,12.2798,12.65959,488110.0
2020-06-22,12.65959,12.78618,12.4064,12.65959,466120.0
2020-06-23,12.62794,12.65959,12.3431,12.564639999999999,388630.0
2020-06-24,12.53299,12.65959,12.3431,12.53299,455200.0
2020-06-25,12.4064,12.78618,12.37475,12.78618,584530.0
2020-06-26,12.78618,12.97608,12.72289,12.84948,702630.0
2020-06-29,12.84948,13.22927,12.62794,13.22927,648580.0
2020-06-30,13.22927,13.92555,13.10267,13.92555,1007680.0
2020-07-01,13.92555,13.92555,13.29257,13.450809999999999,488880.0
2020-07-02,13.29257,13.54576,13.10267,13.134319999999999,451320.0
2020-07-03,13.134319999999999,13.22927,12.97608,12.97608,369110.0
2020-07-06,12.97608,13.22927,12.97608,13.10267,412200.0
2020-07-07,13.16597,13.16597,12.912780000000001,13.007729999999999,456100.0
2020-07-08,13.007729999999999,13.007729999999999,12.78618,12.881129999999999,387510.0
2020-07-09,12.881129999999999,12.97608,12.78618,12.912780000000001,562170.0
2020-07-10,12.912780000000001,12.912780000000001,12.75453,12.84948,410180.0
2020-07-13,12.84948,12.912780000000001,12.564639999999999,12.65959,394730.0
2020-07-14,12.65959,12.65959,12.50134,12.50134,397570.0
2020-07-15,12.50134,12.72289,12.46969,12.65959,397810.0
2020-07-16,12.65959,12.65959,12.53299,12.65959,372530.0
2020-07-17,12.65959,12.65959,12.564639999999999,12.65959,338820.0
2020-07-20,12.65959,12.65959,12.46969,12.50134,401130.0
2020-07-21,12.53299,12.53299,12.4064,12.43804,369100.0
2020-07-22,12.4064,12.53299,12.4064,12.46969,402550.0
2020-07-23,12.46969,12.53299,12.4064,12.50134,338390.0
2020-07-24,12.43804,12.43804,11.678469999999999,12.02661,418080.0
2020-07-27,12.02661,12.02661,11.20374,11.20374,417940.0
2020-07-28,10.76065,11.52022,10.76065,11.45693,386100.0
2020-07-29,10.729,11.298680000000001,10.69735,10.7923,318270.0
2020-07-30,10.7923,10.88725,10.729,10.76065,322870.0
2020-07-31,10.12767,10.665700000000001,10.12767,10.412510000000001,361480.0
2020-08-03,10.00107,11.07714,10.00107,10.88725,394370.0
2020-08-04,10.95054,11.26703,10.95054,10.95054,350520.0
2020-08-05,10.95054,11.678469999999999,10.95054,11.678469999999999,418520.0
2020-08-06,11.74177,11.74177,11.39363,11.58352,362540.0
2020-08-07,11.58352,11.58352,11.39363,11.45693,384690.0
2020-08-10,11.45693,11.64682,11.39363,11.45693,379940.0
2020-08-11,11.45693,11.52022,11.20374,11.20374,365250.0
2020-08-12,11.20374,11.298680000000001,11.07714,11.07714,374000.0
2020-08-13,11.04549,11.26703,11.04549,11.04549,347920.0
2020-08-14,11.04549,11.07714,11.01384,11.07714,379840.0
2020-08-17,11.07714,11.07714,10.95054,10.95054,351720.0
2020-08-18,10.95054,11.01384,10.91889,10.982190000000001,359340.0
2020-08-19,11.01384,11.07714,10.982190000000001,10.982190000000001,310870.0
2020-08-20,10.82395,11.01384,10.634049999999998,10.634049999999998,366350.0
2020-08-21,10.634049999999998,10.91889,10.634049999999998,10.8556,387470.0
2020-08-24,10.88725,10.982190000000001,10.88725,10.88725,405800.0
2020-08-25,10.88725,11.07714,10.88725,10.95054,387100.0
2020-08-26,10.95054,11.01384,10.76065,10.8556,498620.0
2020-08-27,10.8556,10.95054,10.76065,10.8556,340490.0
2020-08-28,10.8556,10.88725,10.7923,10.8556,352730.0
2020-08-31,10.8556,10.88725,10.76065,10.8556,387380.0
2020-09-01,10.8556,10.8556,10.76065,10.8556,342520.0
2020-09-03,10.8556,10.95054,10.729,10.729,387070.0
2020-09-04,10.69735,10.76065,10.6024,10.665700000000001,282670.0
2020-09-07,10.665700000000001,10.82395,10.665700000000001,10.665700000000001,348600.0
2020-09-08,10.665700000000001,10.76065,10.634049999999998,10.729,373460.0
2020-09-09,10.634049999999998,10.729,10.507459999999998,10.507459999999998,443640.0
2020-09-10,10.634049999999998,10.7923,10.57076,10.7923,449980.0
2020-09-11,10.88725,11.52022,10.88725,11.52022,623080.0
2020-09-14,12.1532,12.31145,11.710120000000002,12.31145,895500.0
2020-09-15,12.46969,12.75453,12.02661,12.02661,585860.0
2020-09-16,11.836709999999998,12.02661,11.551870000000001,11.836709999999998,578040.0
2020-09-17,11.836709999999998,11.96331,11.61517,11.77342,576350.0
2020-09-18,12.02141,12.57796,12.02141,12.57796,721160.0
2020-09-21,12.83768,12.83768,12.20693,12.46665,449880.0
2020-09-22,12.20693,12.46665,11.984309999999999,12.24403,360210.0
2020-09-23,12.24403,12.24403,12.02141,12.09562,410740.0
2020-09-24,11.9101,12.09562,11.9101,12.09562,340360.0
2020-09-25,11.9101,12.09562,11.873,12.02141,412260.0
2020-09-28,11.984309999999999,12.20693,11.9101,12.02141,341060.0
2020-09-29,12.02141,12.16983,11.873,12.16983,532210.0
2020-09-30,12.16983,12.16983,11.650379999999998,11.7988,328770.0
2020-10-01,11.7988,11.873,11.724590000000001,11.7988,305980.0
2020-10-02,11.7988,11.947209999999998,11.650379999999998,11.724590000000001,344670.0
2020-10-05,11.76169,12.46665,11.76169,12.46665,775500.0
2020-10-06,12.54086,12.9861,12.54086,12.76348,806160.0
2020-10-07,12.83768,12.83768,12.54086,12.61506,494260.0
2020-10-08,12.61506,12.61506,12.24403,12.35534,394230.0
2020-10-09,12.35534,12.57796,12.31824,12.429549999999999,387620.0
2020-10-12,12.46665,12.68927,12.24403,12.281139999999999,403650.0
2020-10-13,12.31824,12.31824,11.873,12.09562,337000.0
2020-10-14,12.09562,12.24403,11.873,12.09562,343340.0
2020-10-15,12.09562,12.09562,11.7988,11.947209999999998,345810.0
2020-10-16,11.947209999999998,12.02141,11.464870000000001,11.724590000000001,489310.0
2020-10-19,11.724590000000001,11.947209999999998,11.724590000000001,11.724590000000001,383620.0
2020-10-20,11.724590000000001,11.835899999999999,11.68749,11.724590000000001,332330.0
2020-10-21,11.724590000000001,11.724590000000001,11.50197,11.50197,431910.0
2020-10-22,11.50197,11.57618,11.13094,11.316450000000001,440970.0
2020-10-23,11.316450000000001,11.50197,11.24225,11.24225,396490.0
2020-10-26,11.27935,11.427760000000001,11.09384,11.09384,372850.0
2020-10-27,11.05673,11.13094,10.90832,10.94542,374800.0
2020-10-28,10.83411,10.94542,10.388879999999999,10.42598,555170.0
2020-10-29,10.388879999999999,10.46308,10.01784,10.240459999999999,601540.0
2020-10-30,10.240459999999999,10.6486,10.240459999999999,10.388879999999999,401680.0
2020-11-02,10.388879999999999,10.6857,10.388879999999999,10.61149,333990.0
2020-11-03,11.13094,11.35356,10.75991,11.35356,801190.0
2020-11-04,11.724590000000001,11.947209999999998,11.650379999999998,11.724590000000001,827700.0
2020-11-05,11.873,11.873,11.09384,11.09384,502610.0
2020-11-06,11.05673,11.13094,10.75991,10.87122,413780.0
2020-11-09,10.87122,11.613280000000001,10.87122,11.613280000000001,643960.0
2020-11-10,11.724590000000001,12.09562,11.50197,11.613280000000001,726020.0
2020-11-11,11.613280000000001,11.68749,11.464870000000001,11.613280000000001,540640.0
2020-11-12,11.57618,11.873,11.50197,11.724590000000001,779350.0
2020-11-13,11.76169,12.02141,11.724590000000001,11.947209999999998,995560.0
2020-11-16,11.947209999999998,11.984309999999999,11.57618,11.7988,738790.0
2020-11-17,11.835899999999999,11.984309999999999,11.7988,11.873,818710.0
2020-11-18,11.835899999999999,11.947209999999998,11.7988,11.873,768410.0
2020-11-19,11.873,11.9101,11.724590000000001,11.7988,842380.0
2020-11-20,11.7988,11.873,11.57618,11.68749,600110.0
2020-11-23,11.724590000000001,11.9101,11.613280000000001,11.76169,496760.0
2020-11-24,11.50197,11.724590000000001,11.427760000000001,11.539069999999999,1094730.0
2020-11-25,11.50197,12.02141,11.50197,11.984309999999999,1071580.0
2020-11-26,12.05852,12.35534,12.05852,12.24403,959880.0
2020-11-27,12.24403,12.39245,12.16983,12.16983,1028300.0
2020-11-30,12.16983,12.281139999999999,11.9101,12.132719999999999,1111140.0
2020-12-01,12.02141,12.09562,11.873,11.873,960900.0
2020-12-02,11.947209999999998,11.947209999999998,11.68749,11.7988,774340.0
2020-12-03,11.873,12.09562,11.873,12.09562,972470.0
2020-12-04,12.16983,12.80058,12.132719999999999,12.46665,1750180.0
2020-12-07,12.54086,12.9861,12.46665,12.68927,1286180.0
2020-12-08,12.68927,12.76348,12.46665,12.65217,840900.0
2020-12-09,12.61506,12.80058,12.61506,12.61506,1058370.0
2020-12-10,12.68927,12.76348,12.50375,12.57796,902430.0
2020-12-11,12.54086,12.76348,12.429549999999999,12.68927,665770.0
2020-12-14,12.91189,13.13451,12.83768,13.13451,1321450.0
2020-12-15,13.20871,13.20871,12.9861,13.023200000000001,769630.0
2020-12-16,13.0603,13.171610000000001,12.9861,13.0603,742320.0
2020-12-17,13.0603,13.171610000000001,12.76348,12.76348,770500.0
2020-12-18,12.83768,13.65395,12.83768,13.65395,2953570.0
2020-12-21,14.02498,14.58153,14.02498,14.50732,1748850.0
2020-12-22,14.54443,14.54443,13.80236,14.39601,1014570.0
2020-12-23,14.13629,14.98966,14.09919,14.47022,2221160.0
2020-12-24,14.69284,14.98966,13.95078,14.69284,1893830.0
2020-12-25,14.84125,14.95256,14.54443,14.878350000000001,1833430.0
2020-12-28,14.98966,15.24939,14.61863,14.65574,1588120.0
2020-12-29,14.65574,14.84125,14.50732,14.61863,996920.0
2020-12-30,14.61863,14.76705,14.39601,14.43312,1094100.0
2020-12-31,14.47022,14.69284,14.43312,14.69284,1399250.0
2021-01-04,14.76705,15.02677,14.69284,14.878350000000001,1878300.0
2021-01-05,14.878350000000001,14.98966,14.729940000000001,14.95256,1344900.0
2021-01-06,14.95256,15.880139999999999,14.95256,15.28649,1669700.0
2021-01-07,15.434899999999999,15.69462,15.360700000000001,15.583309999999999,1434600.0
2021-01-08,15.91724,15.91724,15.28649,15.434899999999999,1033600.0
2021-01-11,15.32359,15.3978,15.02677,15.21228,1626900.0
2021-01-12,15.175180000000001,15.50911,14.95256,15.434899999999999,1219300.0
2021-01-13,15.50911,15.50911,15.10097,15.13808,1140700.0
2021-01-14,15.02677,15.10097,14.729940000000001,14.84125,1510300.0
2021-01-15,14.91546,15.063870000000001,14.84125,14.878350000000001,917800.0
2021-01-18,14.76705,15.21228,14.39601,14.91546,1863800.0
2021-01-19,15.063870000000001,15.50911,13.87657,14.80415,1610300.0
2021-01-20,14.76705,14.91546,13.80236,14.729940000000001,714100.0
2021-01-21,14.729940000000001,14.91546,14.54443,14.80415,646300.0
2021-01-22,14.80415,14.84125,14.50732,14.65574,737600.0
2021-01-25,14.65574,14.65574,14.35891,14.39601,756400.0
2021-01-26,14.39601,14.39601,13.39423,13.87657,1374600.0
2021-01-27,13.57975,13.80236,12.91189,12.91189,1088100.0
2021-01-28,12.02141,12.24403,12.02141,12.02141,1017700.0
2021-01-29,11.20514,12.31824,11.20514,12.24403,785400.0
2021-02-01,12.24403,12.429549999999999,11.50197,11.57618,649400.0
2021-02-02,11.57618,11.873,11.24225,11.724590000000001,718000.0
2021-02-03,11.724590000000001,12.54086,11.724590000000001,12.54086,890600.0
2021-02-04,12.83768,13.023200000000001,12.46665,12.94899,828000.0
2021-02-05,12.94899,13.13451,12.83768,13.13451,623200.0
2021-02-08,13.20871,13.35713,12.46665,12.61506,479200.0
2021-02-09,12.61506,12.91189,12.281139999999999,12.91189,634900.0
2021-02-17,12.9861,13.468440000000001,12.91189,13.431329999999999,635000.0
2021-02-18,13.431329999999999,13.468440000000001,13.20871,13.28292,524200.0
2021-02-19,13.20871,13.28292,13.13451,13.20871,488600.0
2021-02-22,13.20871,13.24582,13.023200000000001,13.0974,616900.0
2021-02-23,13.023200000000001,13.13451,12.91189,12.9861,664500.0
2021-02-24,13.0974,13.20871,12.46665,12.76348,805100.0
2021-02-25,12.76348,12.83768,12.429549999999999,12.57796,570600.0
2021-02-26,12.281139999999999,12.68927,12.24403,12.57796,303300.0
2021-03-01,12.68927,13.13451,12.61506,13.13451,628000.0
2021-03-02,13.20871,13.35713,12.9861,13.13451,355300.0
2021-03-03,13.0603,13.0974,12.83768,13.0974,418900.0
2021-03-04,13.0603,13.24582,12.87479,12.9861,544800.0
2021-03-05,12.83768,12.9861,12.65217,12.91189,442500.0
2021-03-08,13.0603,13.80236,12.94899,13.80236,1596000.0
2021-03-09,13.76526,14.32181,13.505540000000002,13.987879999999999,857900.0
2021-03-10,14.02498,14.09919,13.691049999999999,13.87657,510500.0
2021-03-11,13.87657,13.91367,13.65395,13.691049999999999,757400.0
2021-03-12,13.65395,14.173399999999999,13.65395,13.95078,1032600.0
2021-03-15,14.2476,14.2476,13.76526,13.95078,737400.0
2021-03-16,13.728159999999999,13.87657,13.57975,13.728159999999999,507300.0
2021-03-17,13.80236,14.06209,13.80236,14.06209,888900.0
2021-03-18,14.09919,14.09919,13.91367,13.95078,458500.0
2021-03-19,13.87657,13.87657,13.57975,13.87657,401500.0
2021-03-22,13.87657,14.02498,13.65395,13.95078,479800.0
2021-03-23,13.95078,14.02498,13.691049999999999,13.76526,553100.0
2021-03-24,13.57975,13.728159999999999,13.13451,13.728159999999999,528600.0
2021-03-25,13.65395,13.80236,13.24582,13.80236,562000.0
2021-03-26,13.35713,13.87657,12.9861,13.87657,692600.0
2021-03-29,13.728159999999999,14.02498,13.57975,13.95078,743700.0
2021-03-30,14.09919,14.47022,13.839469999999999,14.47022,2097500.0
2021-03-31,14.50732,14.84125,14.09919,14.84125,1519200.0
2021-04-01,14.84125,14.84125,14.39601,14.54443,785600.0
2021-04-02,14.54443,14.54443,14.06209,14.13629,905700.0
2021-04-05,14.13629,14.2476,13.87657,14.09919,693300.0
2021-04-06,13.95078,14.09919,13.91367,14.09919,577800.0
2021-04-07,14.09919,14.47022,13.91367,14.32181,603600.0
2021-04-08,14.32181,14.39601,14.02498,14.2476,608200.0
2021-04-09,14.2476,14.39601,14.13629,14.2847,590800.0
2021-04-12,14.2476,14.2476,13.987879999999999,14.06209,658600.0
2021-04-13,14.02498,14.09919,13.728159999999999,13.728159999999999,730300.0
2021-04-14,13.65395,14.09919,13.505540000000002,14.09919,617800.0
2021-04-15,14.09919,14.09919,13.728159999999999,13.728159999999999,557100.0
2021-04-16,13.65395,13.728159999999999,13.35713,13.57975,623100.0
2021-04-19,13.57975,13.728159999999999,13.35713,13.39423,389000.0
2021-04-20,13.39423,13.542639999999999,13.13451,13.13451,443300.0
2021-04-22,13.13451,13.35713,12.9861,13.0974,602300.0
2021-04-23,12.9861,13.35713,12.91189,13.35713,396900.0
2021-04-26,13.20871,13.35713,12.91189,12.91189,355800.0
2021-04-27,12.91189,12.91189,12.31824,12.65217,345700.0
2021-04-28,12.68927,12.87479,12.65217,12.83768,365800.0
2021-04-29,12.91189,13.20871,12.726370000000001,12.91189,398000.0
2021-05-04,12.46665,12.87479,12.46665,12.83768,346300.0
2021-05-05,12.83768,12.9861,12.68927,12.87479,347800.0
2021-05-06,12.87479,12.91189,12.68927,12.76348,488200.0
2021-05-07,12.61506,12.83768,12.46665,12.50375,337000.0
2021-05-10,12.50375,12.54086,12.31824,12.46665,458000.0
2021-05-11,12.39245,12.76348,12.39245,12.61506,475800.0
2021-05-12,12.61506,12.83768,12.54086,12.68927,364000.0
2021-05-13,12.83768,12.83768,12.61506,12.61506,405700.0
2021-05-14,12.68927,12.76348,12.54086,12.57796,420900.0
2021-05-17,12.54086,12.61506,12.50375,12.50375,523800.0
2021-05-18,12.50375,12.50375,12.24403,12.24403,466000.0
2021-05-19,11.873,12.16983,11.835899999999999,11.835899999999999,633600.0
2021-05-20,11.835899999999999,11.873,11.57618,11.613280000000001,470000.0
2021-05-21,11.613280000000001,11.947209999999998,11.613280000000001,11.873,386000.0
2021-05-24,11.873,12.61506,11.873,12.132719999999999,485700.0
2021-05-25,12.20693,12.31824,11.9101,12.09562,462600.0
2021-05-26,12.09562,12.09562,11.873,11.9101,454800.0
2021-05-27,11.947209999999998,12.02141,11.57618,11.724590000000001,344600.0
2021-05-28,11.650379999999998,11.650379999999998,11.50197,11.57618,625300.0
2021-05-31,11.57618,11.57618,11.35356,11.35356,408300.0
2021-06-01,11.464870000000001,11.873,11.35356,11.650379999999998,348800.0
2021-06-02,11.873,12.20693,11.7988,12.20693,733900.0
2021-06-03,12.24403,12.50375,12.24403,12.39245,626200.0
2021-06-04,12.39245,12.46665,12.05852,12.24403,548200.0
2021-06-07,12.24403,12.281139999999999,11.7988,11.9101,568500.0
2021-06-08,11.724590000000001,12.05852,11.724590000000001,11.873,273500.0
2021-06-09,11.873,11.984309999999999,11.7988,11.9101,256700.0
2021-06-10,11.947209999999998,11.984309999999999,11.835899999999999,11.873,370400.0
2021-06-11,11.947209999999998,12.20693,11.873,12.132719999999999,423700.0
2021-06-14,12.20693,12.20693,12.05852,12.05852,426900.0
2021-06-15,12.05852,12.05852,11.9101,12.02141,642900.0
2021-06-16,12.02141,12.83768,11.984309999999999,12.76348,1693700.0
2021-06-17,12.726370000000001,13.13451,12.54086,12.91189,885400.0
2021-06-18,12.91189,12.9861,12.80058,12.87479,622500.0
2021-06-21,12.87479,12.9861,12.76348,12.91189,749300.0
2021-06-22,13.0603,13.57975,13.023200000000001,13.468440000000001,1554400.0
2021-06-23,13.57975,13.57975,13.0603,13.0974,860600.0
2021-06-24,13.13451,13.13451,12.80058,12.83768,463000.0
2021-06-25,12.83768,12.87479,12.54086,12.83768,493700.0
2021-06-28,12.65217,12.9861,12.65217,12.80058,374500.0
2021-06-29,12.80058,12.91189,12.61506,12.65217,324700.0
2021-06-30,12.87479,12.87479,12.46665,12.83768,504400.0
2021-07-01,12.80058,12.80058,12.46665,12.68927,329300.0
2021-07-02,12.54086,12.83768,12.54086,12.61506,298500.0
2021-07-05,12.61506,12.65217,12.24403,12.429549999999999,259800.0
2021-07-06,12.429549999999999,12.54086,12.24403,12.24403,365900.0
2021-07-07,11.947209999999998,12.09562,11.76169,11.9101,715100.0
2021-07-08,11.9101,12.09562,11.873,11.873,227800.0
2021-07-09,11.724590000000001,11.947209999999998,11.50197,11.724590000000001,321600.0
2021-07-12,11.613280000000001,11.724590000000001,10.90832,10.90832,866400.0
2021-07-13,11.50197,11.50197,11.13094,11.50197,351500.0
2021-07-14,11.539069999999999,11.650379999999998,11.427760000000001,11.50197,221000.0
2021-07-15,11.50197,11.835899999999999,11.427760000000001,11.835899999999999,227000.0
2021-07-16,11.650379999999998,11.835899999999999,11.613280000000001,11.724590000000001,203600.0
2021-07-19,11.50197,11.50197,11.168040000000001,11.316450000000001,239400.0
2021-07-20,11.13094,11.50197,11.13094,11.50197,259200.0
2021-07-21,11.539069999999999,11.947209999999998,11.539069999999999,11.7988,316900.0
2021-07-22,11.873,12.02141,11.724590000000001,11.984309999999999,397200.0
2021-07-23,11.984309999999999,11.984309999999999,11.68749,11.724590000000001,701600.0
2021-07-26,11.7988,11.947209999999998,11.650379999999998,11.724590000000001,284800.0
2021-07-27,11.724590000000001,11.873,11.650379999999998,11.68749,355900.0
2021-07-28,11.724590000000001,11.7988,11.650379999999998,11.68749,274800.0
2021-07-29,11.650379999999998,11.76169,11.650379999999998,11.76169,360400.0
2021-07-30,11.724590000000001,11.7988,11.724590000000001,11.76169,389300.0
2021-08-02,11.7988,12.05852,11.724590000000001,11.947209999999998,419300.0
2021-08-03,11.873,11.984309999999999,11.835899999999999,11.873,253700.0
2021-08-04,11.873,12.09562,11.7988,11.984309999999999,397200.0
2021-08-05,11.873,12.05852,11.873,12.02141,307300.0
2021-08-06,12.02141,12.61506,11.947209999999998,12.24403,942200.0
2021-08-09,12.132719999999999,12.68927,12.132719999999999,12.61506,1026400.0
2021-08-10,12.83768,12.83768,12.39245,12.68927,569600.0
2021-08-11,12.726370000000001,12.726370000000001,12.46665,12.46665,625300.0
2021-08-12,12.50375,13.320020000000001,12.46665,13.320020000000001,2271500.0
2021-08-13,13.468440000000001,13.542639999999999,12.91189,13.24582,768700.0
2021-08-16,13.35713,13.76526,13.28292,13.616850000000001,1187300.0
2021-08-17,13.505540000000002,13.616850000000001,13.20871,13.28292,878500.0
2021-08-18,13.35713,13.57975,13.24582,13.39423,638700.0
2021-08-19,13.505540000000002,14.09919,13.171610000000001,13.80236,1891100.0
2021-08-20,13.80236,14.09919,12.9861,13.39423,2260700.0
2021-08-23,13.80469,13.925780000000001,13.36068,13.40104,627300.0
2021-08-24,13.52214,13.52214,12.513020000000001,12.957030000000001,901100.0
2021-08-25,12.83594,13.32031,12.513020000000001,13.07813,537400.0
2021-08-26,13.07813,13.925780000000001,13.07813,13.602870000000001,722200.0
2021-08-27,13.72396,14.36979,13.602870000000001,14.36979,2470400.0
2021-08-30,14.69271,15.05599,14.41016,14.611979999999999,1460100.0
2021-08-31,14.53125,14.69271,14.20833,14.28906,1134100.0
2021-09-01,14.28906,14.69271,14.167969999999999,14.53125,1377500.0
2021-09-06,14.85417,14.85417,14.53125,14.53125,1296500.0
2021-09-07,14.53125,14.611979999999999,13.88542,13.966149999999999,1190000.0
2021-09-08,13.966149999999999,14.32943,13.643229999999999,14.12761,799400.0
2021-09-09,14.12761,14.450520000000001,13.845049999999999,14.36979,749900.0
2021-09-10,14.53125,14.53125,14.12761,14.12761,775700.0
2021-09-13,14.32943,14.49089,13.925780000000001,14.20833,970000.0
2021-09-14,14.20833,14.53125,14.12761,14.49089,1122300.0
2021-09-15,14.53125,15.33854,14.49089,15.17709,3290200.0
2021-09-16,15.17709,15.419270000000001,15.01563,15.01563,1591300.0
2021-09-17,15.136719999999999,15.33854,14.77344,15.09636,1414800.0
2021-09-20,15.09636,15.09636,14.73307,14.73307,1964200.0
2021-09-21,14.12761,14.69271,14.12761,14.41016,1710800.0
2021-09-22,14.69271,15.217450000000001,14.28906,15.09636,1344800.0
2021-09-23,15.09636,15.17709,14.611979999999999,14.611979999999999,1067600.0
2021-09-24,14.611979999999999,14.85417,14.450520000000001,14.69271,588300.0
2021-09-27,14.69271,14.73307,14.12761,14.248700000000001,814900.0
2021-09-28,14.28906,14.571620000000001,13.966149999999999,14.53125,646200.0
2021-09-29,14.53125,14.69271,14.248700000000001,14.69271,598400.0
2021-09-30,14.85417,14.934899999999999,14.69271,14.77344,764000.0
2021-10-01,14.894530000000001,14.97526,14.69271,14.934899999999999,983600.0
2021-10-04,15.01563,15.94401,15.01563,15.94401,3694400.0
2021-10-05,16.710939999999997,16.7513,15.903649999999999,15.903649999999999,1568600.0
2021-10-06,15.903649999999999,16.307290000000002,15.782549999999999,16.14584,1112000.0
2021-10-07,16.10547,16.710939999999997,15.903649999999999,16.38802,1777800.0
2021-10-08,16.38802,16.38802,15.82292,15.82292,1456300.0
2021-10-11,15.903649999999999,16.14584,15.74219,15.98438,1531400.0
2021-10-12,15.98438,16.14584,15.82292,16.14584,1613500.0
2021-10-13,16.14584,16.67057,16.14584,16.26693,1276400.0
2021-10-14,16.307290000000002,16.46875,16.1862,16.46875,999600.0
2021-10-15,16.630209999999998,16.630209999999998,16.34766,16.38802,1411200.0
2021-10-18,16.50912,16.91276,16.38802,16.38802,1680700.0
2021-10-19,16.38802,16.54948,16.14584,16.307290000000002,859500.0
2021-10-20,16.46875,16.91276,16.14584,16.710939999999997,2100300.0
2021-10-21,16.7513,17.195310000000003,16.7513,16.872400000000003,2333300.0
2021-10-22,16.872400000000003,16.95313,16.710939999999997,16.91276,1342000.0
2021-10-25,16.95313,17.23568,16.54948,16.710939999999997,1505600.0
2021-10-26,16.54948,16.872400000000003,16.46875,16.7513,1036900.0
2021-10-27,16.872400000000003,16.95313,16.710939999999997,16.83203,1298300.0
2021-10-28,16.872400000000003,17.679689999999997,16.872400000000003,16.91276,2504800.0
2021-10-29,17.4375,17.4375,16.54948,16.872400000000003,2149700.0
2021-11-01,16.95313,17.15495,16.22656,16.46875,2000200.0
2021-11-02,16.54948,16.7513,16.307290000000002,16.46875,1829100.0
2021-11-03,16.710939999999997,16.710939999999997,15.903649999999999,15.903649999999999,1895500.0
2021-11-04,15.74219,16.50912,15.66146,15.98438,1412600.0
2021-11-05,16.02474,16.42839,15.98438,16.22656,938300.0
2021-11-08,16.307290000000002,16.46875,16.26693,16.42839,1318900.0
2021-11-09,16.42839,16.872400000000003,16.38802,16.83203,2418200.0
2021-11-10,16.83203,16.872400000000003,16.54948,16.7513,1794600.0
2021-11-11,16.7513,17.92188,16.630209999999998,17.92188,4591700.0
2021-11-12,18.164060000000003,18.36589,17.598959999999998,17.92188,1626100.0
2021-11-15,18.08334,18.48698,17.598959999999998,17.841150000000003,2064400.0
2021-11-16,17.80078,17.80078,16.95313,17.276040000000002,1876300.0
2021-11-17,17.11459,17.679689999999997,16.95313,17.276040000000002,1086700.0
2021-11-18,17.195310000000003,17.679689999999997,17.11459,17.276040000000002,1291600.0
2021-11-19,17.35677,17.679689999999997,16.10547,16.54948,2708100.0
2021-11-22,16.46875,16.54948,15.66146,15.66146,1705500.0
2021-11-23,15.419270000000001,16.307290000000002,15.419270000000001,16.307290000000002,646600.0
2021-11-24,16.50912,16.50912,16.06511,16.10547,823900.0
2021-11-25,16.10547,16.1862,15.863280000000001,15.903649999999999,1117200.0
2021-11-26,15.98438,16.14584,15.782549999999999,16.02474,1046400.0
2021-11-29,15.580729999999999,16.14584,15.580729999999999,16.14584,771500.0
2021-11-30,16.22656,16.46875,16.10547,16.14584,988800.0
2021-12-01,16.14584,16.307290000000002,16.02474,16.14584,478700.0
2021-12-02,16.307290000000002,16.95313,16.14584,16.46875,1081100.0
2021-12-03,16.54948,16.67057,16.06511,16.06511,980700.0
2021-12-06,16.06511,16.10547,15.09636,15.33854,956400.0
2021-12-07,15.419270000000001,15.903649999999999,15.33854,15.82292,396800.0
2021-12-08,15.82292,15.98438,15.33854,15.580729999999999,623900.0
2021-12-09,15.45964,15.863280000000001,15.37891,15.6211,386800.0
2021-12-10,15.70182,16.10547,15.540370000000001,15.782549999999999,585900.0
2021-12-13,15.903649999999999,16.307290000000002,15.903649999999999,16.22656,916100.0
2021-12-14,16.38802,16.38802,16.02474,16.1862,636800.0
2021-12-15,16.14584,16.22656,15.98438,16.02474,496400.0
2021-12-16,16.14584,16.14584,15.782549999999999,15.782549999999999,711900.0
2021-12-17,15.82292,16.14584,15.74219,15.782549999999999,713900.0
2021-12-20,15.82292,16.02474,15.6211,15.66146,452500.0
2021-12-21,15.5,15.98438,15.5,15.863280000000001,575500.0
2021-12-22,15.98438,16.95313,15.94401,16.95313,2453600.0
2021-12-23,17.679689999999997,17.679689999999997,16.54948,17.195310000000003,2332900.0
2021-12-24,17.31641,17.31641,16.54948,16.79167,1072300.0
2021-12-27,16.630209999999998,17.51823,16.54948,17.51823,2170700.0
2021-12-28,17.598959999999998,18.72917,17.598959999999998,18.72917,3856300.0
2021-12-29,19.375,20.02084,18.97136,19.65755,3963800.0
2021-12-30,19.375,20.02084,19.05209,19.17318,1861400.0
2021-12-31,19.213540000000002,19.45573,18.72917,18.93099,2298400.0
2022-01-04,19.41537,20.22266,19.213540000000002,20.22266,2967100.0
2022-01-05,21.473959999999998,21.473959999999998,20.182290000000002,20.66667,2395700.0
2022-01-06,20.34375,20.66667,19.778650000000003,20.585939999999997,1833200.0
2022-01-07,20.505209999999998,21.39323,20.34375,20.66667,1515600.0
2022-01-10,20.82813,20.98959,19.375,19.375,3266800.0
2022-01-11,19.375,20.182290000000002,18.76953,19.617189999999997,1980300.0
2022-01-12,19.617189999999997,20.182290000000002,18.567709999999998,19.85938,1709900.0
2022-01-13,20.34375,20.34375,18.648439999999997,18.809900000000003,1253800.0
2022-01-14,17.5586,19.65755,17.5586,19.375,1228800.0
2022-01-17,19.375,19.536459999999998,18.04297,18.04297,1708400.0
2022-01-18,17.598959999999998,18.20443,16.83203,16.83203,1462600.0
2022-01-19,16.58985,18.00261,16.58985,18.00261,1031100.0
2022-01-20,18.52735,18.93099,18.164060000000003,18.809900000000003,842900.0
2022-01-21,18.809900000000003,18.809900000000003,18.32552,18.52735,660100.0
2022-01-24,18.164060000000003,18.48698,17.4375,17.4375,958300.0
2022-01-25,17.39714,18.648439999999997,17.35677,18.648439999999997,973400.0
2022-01-26,19.375,19.375,18.567709999999998,18.567709999999998,960200.0
2022-01-27,18.60807,19.375,18.52735,19.213540000000002,950300.0
2022-01-28,19.213540000000002,19.45573,18.648439999999997,19.09245,746400.0
2022-02-07,19.375,20.42448,19.213540000000002,20.34375,2148500.0
2022-02-08,20.34375,20.585939999999997,20.14193,20.34375,1084100.0
2022-02-09,20.34375,20.34375,19.85938,19.85938,1337100.0
2022-02-10,19.81901,20.34375,19.65755,20.0612,1283500.0
2022-02-11,20.0612,20.90886,20.02084,20.182290000000002,1292900.0
2022-02-14,20.182290000000002,20.82813,19.375,20.182290000000002,1266500.0
2022-02-15,20.182290000000002,20.34375,19.73828,20.34375,1145900.0
2022-02-16,20.82813,21.75651,20.585939999999997,21.75651,3939800.0
2022-02-17,21.95834,22.20052,21.39323,21.63542,1482400.0
2022-02-18,21.473959999999998,22.20052,21.39323,21.79688,1282400.0
2022-02-21,21.79688,22.5638,21.39323,21.63542,2245200.0
2022-02-22,21.51433,21.59505,20.6263,20.90886,2355000.0
2022-02-23,20.90886,21.35287,20.90886,21.02995,1816400.0
2022-02-24,21.070310000000003,21.95834,20.26302,21.95834,3666100.0
2022-02-25,22.523439999999997,22.523439999999997,21.79688,21.79688,1829300.0
2022-02-28,21.4336,21.95834,21.4336,21.63542,1394900.0
2022-03-01,21.473959999999998,22.36198,21.23177,21.83724,1801700.0
2022-03-02,21.79688,22.039060000000003,21.473959999999998,21.554689999999997,1594600.0
2022-03-03,21.59505,21.63542,21.070310000000003,21.23177,1763400.0
2022-03-04,21.23177,21.716150000000003,21.19141,21.4336,1158600.0
2022-03-07,21.23177,22.07943,21.23177,21.75651,1708900.0
2022-03-08,21.63542,23.25,21.4336,22.64453,5508800.0
2022-03-09,22.92709,23.411459999999998,22.039060000000003,22.92709,2135500.0
2022-03-10,23.00782,23.411459999999998,22.5638,22.5638,1579300.0
2022-03-11,22.32162,23.25,21.95834,22.60417,2311200.0
2022-03-14,22.20052,22.60417,21.070310000000003,21.070310000000003,3052100.0
2022-03-15,21.02995,21.151040000000002,20.26302,20.747400000000003,2567000.0
2022-03-16,20.90886,21.23177,20.66667,20.98959,1197800.0
2022-03-17,20.98959,21.473959999999998,20.98959,20.98959,1143400.0
2022-03-18,20.98959,21.3125,20.86849,20.94922,1097000.0
2022-03-21,20.98959,21.11068,20.78776,20.82813,1170900.0
2022-03-22,20.747400000000003,21.070310000000003,20.585939999999997,20.585939999999997,1704400.0
2022-03-23,20.98959,21.63542,20.90886,21.19141,1667000.0
2022-03-24,21.070310000000003,22.16016,21.02995,21.83724,1821900.0
2022-03-25,21.83724,22.07943,21.59505,21.67578,982400.0
2022-03-28,21.02995,22.60417,20.94922,22.119790000000002,2666600.0
2022-03-29,22.28125,22.48308,21.95834,21.95834,1572500.0
2022-03-30,21.79688,22.523439999999997,21.151040000000002,21.473959999999998,1593100.0
2022-03-31,21.473959999999998,21.67578,21.3125,21.39323,683800.0
2022-04-01,21.3125,21.63542,21.070310000000003,21.39323,991200.0
2022-04-04,21.67578,21.95834,21.473959999999998,21.91797,1463100.0
2022-04-05,22.07943,22.84636,22.07943,22.28125,2885200.0
2022-04-06,21.91797,22.523439999999997,21.91797,21.95834,1480500.0
2022-04-07,21.83724,22.119790000000002,21.151040000000002,21.151040000000002,1602500.0
2022-04-08,21.151040000000002,21.23177,20.34375,20.34375,1767600.0
2022-04-12,20.38412,20.78776,18.93099,18.93099,2322000.0
2022-04-13,18.809900000000003,19.69792,18.164060000000003,19.69792,1439100.0
2022-04-14,19.85938,19.85938,19.05209,19.05209,1057000.0
2022-04-15,19.01172,19.73828,18.72917,19.33464,765900.0
2022-04-18,19.132810000000003,19.65755,18.40625,18.52735,1188100.0
2022-04-19,18.72917,19.45573,18.567709999999998,18.567709999999998,1003700.0
2022-04-20,18.32552,18.97136,18.32552,18.567709999999998,816000.0
2022-04-21,18.244790000000002,18.36589,17.276040000000002,17.31641,1502200.0
2022-04-22,17.4375,17.96224,16.10547,16.54948,1371900.0
2022-04-25,16.95313,17.07422,15.419270000000001,15.419270000000001,1396200.0
2022-04-26,14.934899999999999,16.06511,14.65235,16.06511,802200.0
2022-04-27,16.02474,16.7513,15.82292,16.7513,408200.0
2022-04-28,16.95313,16.99349,16.630209999999998,16.79167,670100.0
2022-04-29,16.79167,17.35677,16.54948,17.35677,751600.0
2022-05-04,17.47787,18.32552,17.195310000000003,18.00261,889100.0
2022-05-05,18.32552,18.36589,17.195310000000003,17.679689999999997,820600.0
2022-05-06,17.11459,17.96224,16.95313,17.195310000000003,587000.0
2022-05-09,17.11459,17.195310000000003,16.02474,16.02474,1175700.0
2022-05-10,15.33854,16.91276,15.17709,16.91276,790400.0
2022-05-11,16.95313,17.47787,16.83203,17.15495,466500.0
2022-05-12,16.79167,17.15495,16.06511,16.06511,682300.0
2022-05-13,15.74219,16.34766,15.01563,15.136719999999999,1027800.0
2022-05-16,16.10547,16.10547,15.17709,15.17709,432300.0
2022-05-17,15.17709,16.22656,15.17709,16.22656,769900.0
2022-05-18,16.54948,16.95313,16.26693,16.710939999999997,588100.0
2022-05-19,16.54948,17.841150000000003,16.14584,17.841150000000003,1422900.0
2022-05-20,18.00261,18.00261,17.276040000000002,17.5586,947500.0
2022-05-23,17.5586,17.76042,16.710939999999997,16.79167,815100.0
2022-05-24,16.79167,17.35677,16.42839,17.195310000000003,638700.0
2022-05-25,17.598959999999998,18.36589,17.51823,18.36589,1827500.0
2022-05-26,18.36589,18.648439999999997,18.08334,18.40625,809100.0
2022-05-27,18.40625,18.648439999999997,18.244790000000002,18.32552,809000.0
2022-05-30,18.32552,19.213540000000002,18.00261,18.6888,1425300.0
2022-05-31,18.6888,19.85938,18.6888,19.375,2605400.0
2022-06-01,19.09245,19.94011,18.76953,19.778650000000003,1775100.0
2022-06-02,19.45573,19.94011,19.05209,19.33464,1201400.0
2022-06-03,19.29427,19.73828,18.89063,19.65755,1870600.0
2022-06-06,19.65755,21.02995,19.536459999999998,20.505209999999998,3035300.0
2022-06-07,20.6263,21.151040000000002,20.182290000000002,20.90886,2143000.0
2022-06-08,20.90886,21.35287,20.42448,20.42448,2405800.0
2022-06-09,20.101560000000003,20.90886,20.101560000000003,20.747400000000003,1737600.0
2022-06-10,20.98959,21.3125,19.778650000000003,19.778650000000003,2343200.0
2022-06-13,18.72917,20.66667,18.567709999999998,19.375,2838400.0
2022-06-14,19.41537,20.182290000000002,19.41537,19.85938,1493200.0
2022-06-15,20.101560000000003,20.101560000000003,18.648439999999997,19.09245,2161900.0
2022-06-16,20.109560000000002,20.40906,19.63891,20.40906,3021800.0
2022-06-17,19.93841,21.821009999999998,19.93841,21.821009999999998,5403200.0
2022-06-20,22.24887,22.67673,20.537419999999997,20.537419999999997,4289000.0
2022-06-21,20.83692,21.43593,19.59612,19.93841,4064000.0
2022-06-22,19.93841,20.36627,18.56925,18.56925,3437500.0
2022-06-23,17.97024,19.85284,17.71352,19.85284,2914700.0
2022-06-24,20.15234,20.323490000000003,19.424979999999998,19.46776,1456300.0
2022-06-27,19.59612,20.79414,19.382189999999998,20.79414,2821200.0
2022-06-28,20.537419999999997,21.30757,19.68169,20.36627,3830900.0
2022-06-29,20.195130000000002,20.9225,19.68169,20.708569999999998,2041700.0
2022-06-30,21.05086,21.69265,20.708569999999998,20.96528,4024000.0
2022-07-01,20.62299,21.393150000000002,19.85284,20.537419999999997,3470900.0
2022-07-04,20.79414,20.96528,19.76727,19.76727,2293200.0
2022-07-05,19.68169,19.68169,18.39811,18.39811,5630400.0
2022-07-06,17.97024,18.82597,17.54238,17.88467,2210600.0
2022-07-07,17.88467,18.48368,17.54238,18.48368,1138700.0
2022-07-08,18.911540000000002,18.911540000000002,17.97024,17.97024,1406400.0
2022-07-11,17.71352,18.141389999999998,17.54238,17.54238,1789500.0
2022-07-12,17.670740000000002,18.35532,17.37123,18.184169999999998,1057600.0
2022-07-13,18.098599999999998,18.48368,17.88467,18.05582,936200.0
2022-07-14,17.7991,18.22696,17.7991,18.098599999999998,812600.0
2022-07-15,18.098599999999998,18.954330000000002,18.098599999999998,18.56925,1685700.0
2022-07-18,18.65482,18.86875,18.22696,18.31253,899100.0
2022-07-19,18.7404,19.16826,18.48368,18.65482,1436700.0
2022-07-20,18.82597,19.12547,18.69761,18.69761,1804500.0
2022-07-21,18.7404,18.82597,18.184169999999998,18.184169999999998,1635100.0
2022-07-22,18.184169999999998,18.44089,18.05582,18.05582,1029500.0
2022-07-25,17.97024,18.48368,17.7991,18.184169999999998,814200.0
2022-07-26,18.26975,18.35532,17.97024,17.97024,655000.0
2022-07-27,17.7991,18.141389999999998,17.7991,18.141389999999998,795700.0
2022-07-28,18.48368,18.61204,18.184169999999998,18.31253,1113000.0
2022-07-29,18.39811,18.7404,18.31253,18.48368,1132900.0
2022-08-01,18.39811,18.48368,17.97024,18.44089,1868400.0
2022-08-02,18.48368,19.08269,18.48368,18.82597,2601000.0
2022-08-03,18.82597,19.296619999999997,18.56925,19.12547,1632400.0
2022-08-04,19.16826,19.25383,18.69761,18.78318,1451300.0
2022-08-05,18.7404,19.424979999999998,18.65482,19.16826,2059300.0
2022-08-08,19.3394,19.89563,19.25383,19.51055,2094500.0
2022-08-09,19.76727,19.76727,19.21105,19.424979999999998,1711200.0
2022-08-10,19.25383,19.424979999999998,19.08269,19.08269,1502000.0
2022-08-11,19.424979999999998,19.424979999999998,18.69761,18.69761,1810200.0
2022-08-12,18.65482,18.954330000000002,18.56925,18.911540000000002,1338800.0
2022-08-15,18.99711,19.382189999999998,18.99711,19.16826,1319900.0
2022-08-16,19.3394,19.3394,19.16826,19.296619999999997,1264000.0
2022-08-17,19.424979999999998,20.109560000000002,19.3394,19.51055,3246700.0
2022-08-18,19.63891,19.89563,19.08269,19.16826,1880600.0
2022-08-19,19.039900000000003,19.424979999999998,18.954330000000002,19.039900000000003,1062100.0
2022-08-22,18.99711,19.08269,18.39811,18.65482,1875700.0
2022-08-23,18.22696,18.99711,18.22696,18.954330000000002,1293900.0
2022-08-24,18.954330000000002,19.382189999999998,18.7404,19.16826,1407500.0
2022-08-25,19.25383,19.296619999999997,19.039900000000003,19.25383,1242100.0
2022-08-26,19.3394,19.51055,18.82597,18.954330000000002,1384400.0
2022-08-29,18.39811,18.7404,18.01303,18.35532,1892300.0
2022-08-30,18.56925,18.65482,18.22696,18.31253,947600.0
2022-08-31,18.22696,19.16826,17.97024,18.65482,1827100.0
2022-09-05,18.99711,18.99711,18.56925,18.65482,526400.0
2022-09-06,18.78318,19.382189999999998,18.7404,18.86875,2164600.0
2022-09-07,18.86875,18.911540000000002,18.141389999999998,18.141389999999998,1092800.0
2022-09-08,18.39811,18.44089,17.84188,17.88467,1550300.0
2022-09-09,17.97024,18.65482,17.92746,18.31253,1041400.0
2022-09-12,18.65482,18.65482,18.26975,18.26975,475812.0
2022-09-13,18.26975,18.61204,18.141389999999998,18.48368,816037.0
2022-09-14,18.05582,18.48368,17.97024,18.22696,1096852.0
2022-09-15,18.39811,18.39811,18.184169999999998,18.184169999999998,607363.0
2022-09-16,18.184169999999998,18.44089,17.97024,18.05582,1190011.0
2022-09-19,17.97024,18.31253,16.986159999999998,17.28566,1363587.0
2022-09-20,17.28566,17.54238,16.34436,17.20009,1533300.0
2022-09-21,17.02894,17.07173,16.601080000000003,16.64387,583905.0
2022-09-22,16.601080000000003,17.11452,16.42994,17.02894,807751.0
2022-09-23,17.02894,17.11452,16.815009999999997,16.815009999999997,567852.0
2022-09-26,16.25879,16.64387,15.659780000000001,15.83093,1619662.0
2022-09-27,15.873709999999999,16.55829,15.74536,16.25879,664913.0
2022-09-28,16.04486,16.34436,15.659780000000001,15.78814,477352.0
2022-09-29,16.17322,16.17322,15.659780000000001,15.74536,523269.0
2022-09-30,15.74536,15.74536,14.889629999999999,15.574209999999999,1077199.0
2022-10-03,15.574209999999999,15.574209999999999,14.50455,14.50455,800984.0
2022-10-04,14.54734,14.84684,13.777190000000001,13.86276,712387.0
2022-10-05,14.11948,14.54734,14.076690000000001,14.376190000000001,596792.0
2022-10-06,14.376190000000001,14.41898,13.39211,13.39211,877166.0
2022-10-07,13.434899999999999,13.434899999999999,12.4936,12.4936,1179257.0
2022-10-10,11.89459,12.87867,11.89459,12.83589,681136.0
2022-10-11,12.750309999999999,12.750309999999999,11.93738,11.93738,710308.0
2022-10-12,11.89459,12.40802,11.72344,12.23688,482479.0
2022-10-13,12.23688,12.62196,12.23688,12.450809999999999,234150.0
2022-10-14,12.62196,13.09261,12.62196,12.70753,608593.0
2022-10-17,12.70753,12.83589,12.4936,12.750309999999999,417421.0
2022-10-18,12.83589,13.09261,12.83589,13.00703,488068.0
2022-10-19,13.00703,13.178180000000001,12.83589,12.83589,368132.0
2022-10-20,12.87867,12.87867,12.40802,12.57917,274005.0
2022-10-21,12.66474,12.66474,11.72344,11.72344,749397.0
2022-10-24,11.76623,11.80902,10.9105,10.9105,993390.0
2022-10-25,10.439860000000001,11.12444,10.22592,10.268709999999999,769218.0
2022-10-26,10.268709999999999,10.52543,9.6697,9.755270000000001,606333.0
2022-10-27,9.6697,10.39707,9.62692,10.39707,596508.0
2022-10-28,10.78215,11.08165,10.52543,10.568209999999999,516188.0
2022-10-31,10.82493,11.12444,10.568209999999999,10.9105,776256.0
2022-11-01,11.12444,11.21001,11.038860000000001,11.12444,396568.0
2022-11-02,11.12444,11.46673,11.12444,11.21001,451648.0
2022-11-03,11.038860000000001,11.12444,10.78215,10.78215,390981.0
2022-11-04,10.78215,10.78215,10.22592,10.354280000000001,520247.0
2022-11-07,10.354280000000001,10.611,9.6697,9.6697,700706.0
2022-11-08,9.41298,10.054780000000001,9.32741,10.054780000000001,601635.0
2022-11-09,10.268709999999999,10.354280000000001,10.09756,10.09756,499637.0
2022-11-10,10.011989999999999,10.09756,9.41298,9.41298,728720.0
2022-11-11,9.49856,9.79806,9.32741,9.41298,553889.0
2022-11-14,9.41298,9.41298,8.77119,8.77119,868217.0
2022-11-15,8.55726,8.77119,8.16362,8.16362,962657.0
2022-11-16,7.5988500000000005,8.728399999999999,7.5988500000000005,8.728399999999999,1288177.0
2022-11-17,8.77119,9.32741,8.77119,9.156270000000001,611885.0
2022-11-18,9.19905,9.6697,8.77119,9.49856,911334.0
2022-11-21,9.54134,9.79806,9.49856,9.58413,478868.0
2022-11-22,9.6697,10.011989999999999,9.49856,9.62692,900585.0
2022-11-23,9.49856,9.712489999999999,9.41298,9.455770000000001,400786.0
2022-11-24,9.41298,9.58413,9.24184,9.58413,422094.0
2022-11-25,9.84085,10.09756,9.62692,10.054780000000001,510166.0
2022-11-28,10.268709999999999,10.65379,10.268709999999999,10.65379,673959.0
2022-11-29,10.95329,10.95329,10.3115,10.52543,655186.0
2022-11-30,10.439860000000001,10.739360000000001,10.354280000000001,10.568209999999999,942811.0
2022-12-01,10.69657,11.08165,10.52543,10.69657,1100125.0
2022-12-02,10.69657,10.99608,10.568209999999999,10.95329,777050.0
2022-12-05,11.29558,11.50951,11.21001,11.38115,1089890.0
2022-12-06,11.38115,11.98016,10.95329,10.95329,1670314.0
2022-12-07,10.867719999999998,11.29558,10.78215,11.12444,977423.0
2022-12-08,11.12444,11.552299999999999,10.867719999999998,11.08165,863218.0
2022-12-09,11.08165,11.167219999999999,10.867719999999998,11.12444,609914.0
2022-12-12,11.42394,11.50951,10.99608,11.12444,1098192.0
2022-12-13,11.12444,11.21001,10.867719999999998,11.08165,609547.0
2022-12-14,11.59509,11.59509,11.08165,11.167219999999999,640558.0
2022-12-15,11.12444,11.29558,11.12444,11.252790000000001,463237.0
2022-12-16,11.167219999999999,11.637870000000001,11.12444,11.38115,974075.0
2022-12-19,11.38115,11.68066,11.338370000000001,11.38115,975510.0
2022-12-20,11.21001,11.338370000000001,10.739360000000001,11.12444,1083400.0
2022-12-21,11.29558,11.29558,10.52543,11.12444,867923.0
2022-12-22,11.12444,11.338370000000001,10.95329,11.29558,1112572.0
2022-12-23,11.29558,12.06573,11.29558,12.06573,3260843.0
2022-12-26,12.23688,12.750309999999999,11.89459,12.06573,1916291.0
2022-12-27,12.151309999999999,12.23688,11.46673,12.151309999999999,2274201.0
2022-12-28,12.151309999999999,12.66474,11.851799999999999,12.66474,1264239.0
2022-12-29,12.57917,13.26375,12.40802,13.26375,2449844.0
2022-12-30,13.09261,13.69161,12.750309999999999,13.69161,4703159.0
2023-01-03,13.34932,13.60604,13.09261,13.26375,1960141.0
2023-01-04,13.26375,13.39211,12.83589,12.83589,1379989.0
2023-01-05,13.09261,13.734399999999999,12.87867,13.34932,2733158.0
2023-01-06,13.56325,13.60604,13.04982,13.13539,1194217.0
2023-01-09,13.26375,13.26375,12.83589,12.92146,929087.0
2023-01-10,13.00703,13.00703,12.450809999999999,12.7931,1001406.0
2023-01-11,12.7931,13.09261,12.750309999999999,12.83589,818408.0
2023-01-12,12.92146,13.434899999999999,12.92146,13.34932,1413421.0
2023-01-13,13.34932,13.52047,13.00703,13.00703,710745.0
2023-01-16,13.178180000000001,13.178180000000001,12.750309999999999,12.7931,764657.0
2023-01-17,12.83589,13.22096,12.70753,13.22096,1440978.0
2023-01-18,13.34932,13.777190000000001,13.30654,13.34932,1835840.0
2023-01-19,13.434899999999999,13.60604,13.30654,13.434899999999999,1180491.0
2023-01-27,13.52047,14.33341,13.434899999999999,13.94833,2275679.0
2023-01-30,13.94833,14.29062,13.69161,13.86276,1409206.0
2023-01-31,13.86276,14.16226,13.734399999999999,14.11948,1692927.0
2023-02-01,14.16226,14.24784,13.178180000000001,13.26375,2201278.0
2023-02-02,13.26375,13.34932,12.36524,12.62196,2538618.0
2023-02-03,12.66474,12.83589,12.40802,12.4936,934508.0
2023-02-06,12.40802,13.09261,12.151309999999999,12.92146,1095999.0
2023-02-07,13.09261,13.26375,12.40802,12.66474,891453.0
2023-02-08,12.750309999999999,12.750309999999999,12.27967,12.36524,876916.0
2023-02-09,12.450809999999999,12.66474,12.40802,12.53638,429848.0
2023-02-10,12.4936,13.09261,12.40802,12.70753,833232.0
2023-02-13,12.83589,12.83589,12.10852,12.10852,829134.0
2023-02-14,12.4936,12.4936,11.76623,11.98016,609060.0
2023-02-15,11.851799999999999,12.27967,11.851799999999999,12.10852,605721.0
2023-02-16,12.40802,12.4936,12.23688,12.40802,576338.0
2023-02-17,12.57917,12.70753,12.40802,12.57917,673835.0
2023-02-20,12.62196,12.96425,12.57917,12.96425,1047002.0
2023-02-21,13.04982,13.178180000000001,12.83589,12.83589,821269.0
2023-02-22,12.7931,12.83589,12.4936,12.4936,934007.0
2023-02-23,12.450809999999999,12.57917,12.022950000000002,12.40802,926398.0
2023-02-24,12.40802,12.53638,12.06573,12.23688,491732.0
2023-02-27,11.93738,12.23688,11.851799999999999,11.851799999999999,608027.0
2023-02-28,11.851799999999999,12.06573,11.851799999999999,11.98016,237378.0
2023-03-01,11.98016,12.32245,11.89459,12.32245,329641.0
2023-03-02,12.40802,12.750309999999999,12.32245,12.53638,1160274.0
2023-03-03,12.66474,12.66474,12.23688,12.23688,453785.0
2023-03-06,12.4936,12.53638,12.151309999999999,12.151309999999999,443252.0
2023-03-07,12.27967,12.32245,12.06573,12.23688,443298.0
2023-03-08,12.06573,12.4936,12.06573,12.32245,415719.0
2023-03-09,12.4936,12.7931,12.40802,12.66474,1186167.0
2023-03-10,12.53638,12.66474,12.450809999999999,12.4936,625727.0
2023-03-13,12.40802,12.57917,12.23688,12.450809999999999,667960.0
2023-03-14,12.57917,12.57917,11.98016,12.022950000000002,782122.0
2023-03-15,12.27967,12.4936,12.151309999999999,12.36524,433212.0
2023-03-16,12.151309999999999,12.32245,12.151309999999999,12.194090000000001,330802.0
2023-03-17,12.32245,12.4936,12.10852,12.23688,402143.0
2023-03-20,12.23688,12.23688,11.89459,11.89459,658243.0
2023-03-21,11.89459,12.10852,11.89459,12.10852,272178.0
2023-03-22,12.194090000000001,12.194090000000001,11.98016,12.06573,215083.0
2023-03-23,11.89459,12.06573,11.89459,12.022950000000002,237744.0
2023-03-24,12.10852,12.194090000000001,12.06573,12.06573,389358.0
2023-03-27,12.194090000000001,12.194090000000001,12.06573,12.151309999999999,225033.0
2023-03-28,12.194090000000001,12.32245,12.194090000000001,12.23688,477899.0
2023-03-29,12.194090000000001,12.27967,12.10852,12.151309999999999,262111.0
2023-03-30,12.194090000000001,12.23688,12.06573,12.06573,300204.0
2023-03-31,12.06573,12.10852,11.98016,12.022950000000002,461747.0
2023-04-03,12.10852,12.57917,12.022950000000002,12.53638,1032891.0
2023-04-04,12.70753,12.70753,12.53638,12.57917,1083164.0
2023-04-05,12.62196,13.00703,12.53638,12.7931,1395872.0
2023-04-06,12.83589,12.92146,12.4936,12.4936,1141001.0
2023-04-07,12.4936,12.4936,12.32245,12.450809999999999,777519.0
2023-04-10,12.4936,12.62196,12.450809999999999,12.4936,754256.0
2023-04-11,12.450809999999999,12.92146,12.40802,12.7931,1168735.0
2023-04-12,12.92146,13.52047,12.92146,13.34932,2640258.0
2023-04-13,13.34932,13.434899999999999,13.09261,13.13539,1280345.0
2023-04-14,13.178180000000001,13.30654,12.83589,12.83589,1522647.0
2023-04-17,12.66474,12.83589,12.66474,12.83589,568991.0
2023-04-18,13.13539,13.26375,12.7931,12.87867,670286.0
2023-04-19,13.26375,13.26375,12.4936,12.66474,905724.0
2023-04-20,12.53638,12.750309999999999,12.53638,12.66474,491696.0
2023-04-21,12.57917,12.7931,12.4936,12.57917,545722.0
2023-04-24,12.57917,13.26375,12.40802,13.13539,1897375.0
2023-04-25,13.26375,13.30654,12.7931,12.87867,947358.0
2023-04-26,12.96425,13.39211,12.83589,13.39211,2273445.0
2023-04-27,13.52047,13.99112,13.52047,13.69161,3195437.0
2023-04-28,13.94833,14.0339,13.60604,13.69161,2452867.0
2023-05-04,13.69161,14.11948,13.69161,14.0339,2607916.0
2023-05-05,14.11948,14.11948,13.734399999999999,13.734399999999999,1629752.0
2023-05-08,13.86276,14.076690000000001,13.69161,13.734399999999999,2121910.0
2023-05-09,13.777190000000001,13.86276,13.52047,13.56325,1482873.0
2023-05-10,13.60604,13.81997,13.60604,13.734399999999999,1807145.0
2023-05-11,13.81997,14.376190000000001,13.734399999999999,14.16226,3542524.0
2023-05-12,14.24784,14.50455,14.0339,14.376190000000001,2667049.0
2023-05-15,14.41898,14.54734,13.734399999999999,13.734399999999999,3168598.0
2023-05-16,14.11948,14.16226,13.69161,13.734399999999999,3060605.0
2023-05-17,13.94833,13.94833,13.52047,13.56325,2122694.0
2023-05-18,13.81997,13.81997,13.52047,13.56325,1043500.0
2023-05-19,13.60604,14.11948,13.60604,13.81997,3377365.0
2023-05-22,13.99112,14.20505,13.94833,14.076690000000001,1797781.0
2023-05-23,14.20505,14.20505,13.734399999999999,13.94833,2238626.0
2023-05-24,13.94833,14.0339,13.777190000000001,13.777190000000001,1239075.0
2023-05-25,13.777190000000001,13.99112,13.64883,13.99112,1423236.0
2023-05-26,14.0339,14.376190000000001,13.99112,14.16226,3502163.0
2023-05-29,14.376190000000001,14.376190000000001,14.076690000000001,14.16226,1605618.0
2023-05-30,14.20505,14.376190000000001,13.99112,14.11948,2283450.0
2023-05-31,14.20505,14.93242,14.0339,14.71848,4866241.0
2023-06-01,14.80406,14.80406,14.46177,14.71848,1791222.0
2023-06-02,14.71848,14.889629999999999,14.50455,14.50455,2154784.0
2023-06-05,14.71848,14.80406,14.54734,14.54734,2448997.0
2023-06-06,14.590129999999998,14.71848,14.41898,14.632909999999999,1443689.0
2023-06-07,14.71848,14.889629999999999,14.54734,14.632909999999999,1868651.0
2023-06-08,14.71848,15.189129999999999,14.41898,14.41898,4243980.0
2023-06-09,14.50455,14.54734,14.20505,14.29062,2159526.0
2023-06-12,14.33341,14.54734,13.99112,14.16226,1766188.0
2023-06-13,14.20505,14.33341,13.94833,14.0339,2026366.0
2023-06-14,14.076690000000001,14.16226,13.94833,13.94833,1635743.0
2023-06-15,13.99112,14.0339,13.734399999999999,13.81997,1356652.0
2023-06-16,13.94833,13.99112,13.69161,13.69161,1582169.0
2023-06-19,13.777190000000001,13.99112,13.69161,13.90554,1193613.0
2023-06-20,14.076690000000001,14.11948,13.90554,14.11948,1323424.0
2023-06-21,14.11948,14.29062,14.11948,14.24784,1660741.0
2023-06-22,14.33341,14.376190000000001,14.20505,14.33341,1563051.0
2023-06-23,14.33341,14.33341,14.11948,14.20505,1182825.0
2023-06-26,14.11948,14.20505,13.86276,13.90554,1246438.0
2023-06-27,13.94833,14.20505,13.90554,14.20505,1410634.0
2023-06-28,14.20505,14.29062,13.99112,14.076690000000001,872737.0
2023-06-29,14.11948,14.11948,13.777190000000001,13.777190000000001,1124874.0
2023-06-30,13.81997,14.0339,13.64883,14.0339,1410427.0
2023-07-03,14.076690000000001,14.076690000000001,13.81997,13.81997,569784.0
2023-07-04,13.81997,13.90554,13.69161,13.86276,952878.0
2023-07-05,13.86276,13.94833,13.81997,13.81997,1236298.0
2023-07-06,13.96881,14.059520000000001,13.69669,13.69669,1165244.0
2023-07-07,13.69669,13.742049999999999,13.1071,13.197809999999999,2486753.0
2023-07-10,13.197809999999999,13.60599,13.197809999999999,13.333870000000001,1352579.0
2023-07-11,13.42457,13.56063,13.37922,13.46993,1219694.0
2023-07-12,13.51528,13.51528,13.28851,13.37922,967856.0
2023-07-13,13.37922,13.56063,13.333870000000001,13.46993,1163212.0
2023-07-14,13.56063,13.878110000000001,13.46993,13.742049999999999,1758886.0
2023-07-17,13.742049999999999,14.059520000000001,13.742049999999999,13.878110000000001,1407415.0
2023-07-18,13.7874,13.923459999999999,13.65134,13.65134,970753.0
2023-07-19,13.69669,13.923459999999999,13.65134,13.742049999999999,884154.0
2023-07-20,13.742049999999999,13.878110000000001,13.65134,13.878110000000001,1107068.0
2023-07-21,14.059520000000001,14.150229999999999,13.878110000000001,13.878110000000001,1622939.0
2023-07-24,13.878110000000001,14.01417,13.83275,13.96881,1021929.0
2023-07-25,14.01417,14.059520000000001,13.7874,13.83275,1164751.0
2023-07-26,13.83275,14.24093,13.742049999999999,13.96881,1977093.0
2023-07-27,13.96881,14.059520000000001,13.7874,14.01417,1253587.0
2023-07-28,14.01417,14.059520000000001,13.878110000000001,14.01417,1348679.0
2023-07-31,14.059520000000001,14.24093,13.923459999999999,14.01417,1630515.0
2023-08-01,14.059520000000001,14.37699,13.923459999999999,14.24093,3159840.0
2023-08-02,14.33164,14.33164,14.10487,14.19558,1198357.0
2023-08-03,14.19558,14.24093,13.923459999999999,13.923459999999999,1563798.0
2023-08-04,13.923459999999999,14.01417,13.742049999999999,13.923459999999999,1965421.0
2023-08-07,14.059520000000001,14.059520000000001,13.878110000000001,13.923459999999999,1385269.0
2023-08-08,13.96881,14.37699,13.96881,14.150229999999999,2409468.0
2023-08-09,14.150229999999999,14.4677,13.96881,14.37699,2724733.0
2023-08-10,14.4677,14.694469999999999,14.24093,14.286290000000001,2413854.0
2023-08-11,14.286290000000001,14.33164,13.83275,13.96881,1425993.0
2023-08-14,13.96881,14.150229999999999,13.923459999999999,14.01417,1345699.0
2023-08-15,14.150229999999999,14.24093,13.96881,14.01417,1487853.0
2023-08-16,14.059520000000001,14.059520000000001,13.878110000000001,13.878110000000001,993011.0
2023-08-17,13.878110000000001,13.923459999999999,13.7874,13.7874,1134423.0
2023-08-18,13.742049999999999,13.742049999999999,12.83498,12.83498,3180504.0
2023-08-21,12.97104,12.97104,12.381450000000001,12.60821,1147376.0
2023-08-22,12.69892,12.789629999999999,12.06397,12.60821,1163832.0
2023-08-23,12.69892,12.789629999999999,12.47215,12.47215,612573.0
2023-08-24,12.47215,12.69892,12.47215,12.69892,655120.0
2023-08-25,12.74427,12.97104,12.51751,12.69892,656466.0
2023-08-28,12.74427,12.789629999999999,12.51751,12.69892,713271.0
2023-08-29,12.69892,12.925690000000001,12.60821,12.69892,547577.0
2023-08-30,12.69892,12.789629999999999,12.65357,12.74427,714255.0
2023-08-31,12.789629999999999,13.01639,12.789629999999999,12.97104,922929.0
2023-09-05,13.15245,13.24316,13.01639,13.24316,777955.0
2023-09-06,13.28851,13.37922,13.15245,13.197809999999999,1006366.0
2023-09-07,13.197809999999999,13.46993,13.197809999999999,13.28851,1036183.0
2023-09-08,13.28851,13.7874,13.197809999999999,13.69669,2055012.0
2023-09-11,13.878110000000001,13.878110000000001,13.24316,13.24316,1336521.0
2023-09-12,13.28851,13.37922,13.1071,13.37922,910922.0
2023-09-13,13.37922,13.51528,13.24316,13.24316,911613.0
2023-09-14,13.28851,13.333870000000001,12.925690000000001,13.01639,1126927.0
2023-09-15,13.06175,13.15245,12.83498,13.01639,619836.0
2023-09-18,13.01639,13.15245,12.925690000000001,13.06175,461264.0
2023-09-19,13.1071,13.742049999999999,12.88033,13.51528,1455542.0
2023-09-20,13.60599,13.60599,13.42457,13.56063,825891.0
2023-09-21,13.60599,13.60599,13.333870000000001,13.51528,906124.0
2023-09-22,13.28851,13.28851,12.88033,13.28851,1311313.0
2023-09-25,13.24316,13.333870000000001,12.51751,12.69892,984367.0
2023-09-26,12.69892,12.69892,12.33609,12.69892,949795.0
2023-09-27,12.60821,13.24316,12.33609,13.24316,1052948.0
2023-09-28,13.24316,13.56063,12.83498,13.56063,1036643.0
2023-09-29,13.51528,14.42235,13.28851,14.42235,3772392.0
2023-10-02,14.059520000000001,14.42235,13.923459999999999,13.923459999999999,2376660.0
2023-10-03,13.923459999999999,13.923459999999999,13.24316,13.37922,1120715.0
2023-10-04,13.01639,13.7874,13.01639,13.46993,808755.0
2023-10-05,13.51528,13.60599,13.15245,13.15245,742206.0
2023-10-06,13.06175,13.42457,12.925690000000001,13.42457,598505.0
2023-10-09,13.42457,13.60599,13.197809999999999,13.333870000000001,781812.0
2023-10-10,13.333870000000001,14.01417,13.333870000000001,13.742049999999999,2467428.0
2023-10-11,13.742049999999999,13.7874,13.42457,13.65134,788696.0
2023-10-12,13.742049999999999,13.83275,13.42457,13.42457,1285583.0
2023-10-13,13.333870000000001,13.65134,13.24316,13.42457,722404.0
2023-10-16,13.42457,13.56063,13.06175,13.06175,1073136.0
2023-10-17,13.1071,13.24316,12.51751,12.51751,1429787.0
2023-10-18,12.56286,12.60821,11.79185,12.06397,1639143.0
2023-10-19,12.06397,12.15468,11.70115,11.79185,850655.0
2023-10-20,11.79185,12.245389999999999,11.79185,12.245389999999999,443196.0
2023-10-23,12.06397,12.245389999999999,11.973270000000001,11.973270000000001,312984.0
2023-10-24,12.20003,12.20003,11.973270000000001,12.10933,171553.0
2023-10-25,12.15468,12.245389999999999,12.10933,12.245389999999999,314146.0
2023-10-26,11.973270000000001,11.973270000000001,11.429030000000001,11.429030000000001,1115538.0
2023-10-27,11.51974,11.70115,11.292969999999999,11.38368,615579.0
2023-10-30,11.38368,11.51974,11.38368,11.38368,180588.0
2023-10-31,11.292969999999999,11.38368,11.020850000000001,11.020850000000001,333082.0
2023-11-01,10.79408,11.20226,10.79408,11.020850000000001,343780.0
2023-11-02,11.292969999999999,11.61044,11.0662,11.61044,379084.0
2023-11-03,11.7465,11.7465,11.47438,11.61044,277966.0
2023-11-06,11.56509,11.6558,11.38368,11.51974,251165.0
2023-11-07,11.56509,11.79185,11.429030000000001,11.47438,447015.0
2023-11-08,11.47438,11.837209999999999,11.47438,11.837209999999999,622604.0
2023-11-09,11.92791,12.01862,11.837209999999999,11.92791,660178.0
2023-11-10,12.01862,12.381450000000001,12.01862,12.01862,879234.0
2023-11-13,12.10933,12.245389999999999,11.837209999999999,11.973270000000001,425292.0
2023-11-14,12.01862,12.20003,11.973270000000001,12.01862,345782.0
2023-11-15,12.15468,12.29074,12.01862,12.06397,411982.0
2023-11-16,12.10933,12.10933,11.973270000000001,12.01862,215206.0
2023-11-17,12.06397,12.20003,11.79185,12.01862,553729.0
2023-11-20,11.837209999999999,12.06397,11.7465,11.973270000000001,339689.0
2023-11-21,12.10933,12.10933,11.92791,12.01862,268333.0
2023-11-22,12.01862,12.10933,11.92791,12.01862,341775.0
2023-11-23,12.15468,12.47215,12.06397,12.245389999999999,931940.0
2023-11-24,12.245389999999999,12.245389999999999,11.7465,12.01862,705955.0
2023-11-27,12.06397,12.15468,11.79185,11.837209999999999,281638.0
2023-11-28,11.837209999999999,11.92791,11.6558,11.7465,432384.0
2023-11-29,11.79185,12.01862,11.79185,11.973270000000001,386325.0
2023-11-30,12.10933,12.10933,11.92791,12.01862,241967.0
2023-12-01,12.06397,12.06397,11.92791,12.01862,240485.0
2023-12-04,12.01862,12.33609,12.01862,12.29074,720645.0
2023-12-05,12.33609,12.56286,12.245389999999999,12.33609,568543.0
2023-12-06,12.51751,12.51751,12.33609,12.4268,487638.0
2023-12-07,12.51751,12.51751,12.10933,12.29074,669502.0
2023-12-08,12.15468,12.381450000000001,12.15468,12.20003,272817.0
2023-12-11,12.20003,12.20003,12.06397,12.06397,346151.0
2023-12-12,12.10933,12.20003,11.973270000000001,12.20003,217321.0
2023-12-13,12.20003,12.33609,11.973270000000001,12.06397,194569.0
2023-12-14,12.10933,12.15468,11.88256,11.88256,407721.0
2023-12-15,11.88256,11.973270000000001,11.79185,11.88256,275624.0
2023-12-18,12.01862,12.06397,11.837209999999999,11.92791,274205.0
2023-12-19,11.92791,11.973270000000001,11.837209999999999,11.92791,182715.0
2023-12-20,11.92791,12.01862,11.837209999999999,12.01862,85950.0
2023-12-21,12.01862,12.01862,11.88256,11.973270000000001,198705.0
2023-12-22,12.01862,12.01862,11.88256,11.88256,209028.0
2023-12-25,11.88256,12.10933,11.88256,12.06397,372116.0
2023-12-26,12.06397,12.10933,11.973270000000001,12.06397,210768.0
2023-12-27,12.06397,12.10933,11.92791,12.01862,195015.0
2023-12-28,12.01862,12.01862,11.92791,11.973270000000001,311007.0
2023-12-29,12.06397,12.06397,11.6558,11.6558,653715.0
2024-01-02,11.7465,11.88256,11.6558,11.70115,634752.0
2024-01-03,11.6558,11.837209999999999,11.6558,11.7465,379279.0
2024-01-04,11.79185,11.88256,11.7465,11.79185,536439.0
2024-01-05,11.837209999999999,11.88256,11.7465,11.79185,336546.0
2024-01-08,11.79185,11.837209999999999,11.7465,11.79185,404688.0
2024-01-09,11.79185,11.837209999999999,11.70115,11.837209999999999,730464.0
2024-01-10,11.837209999999999,11.92791,11.79185,11.88256,530838.0
2024-01-11,11.88256,11.92791,11.79185,11.837209999999999,381716.0
2024-01-12,11.837209999999999,11.837209999999999,11.61044,11.61044,438811.0
2024-01-15,11.56509,11.7465,11.56509,11.61044,263939.0
2024-01-16,11.61044,11.6558,11.47438,11.6558,291251.0
2024-01-17,11.61044,11.7465,11.61044,11.6558,164393.0
2024-01-18,11.6558,11.70115,11.56509,11.6558,262034.0
2024-01-19,11.6558,11.7465,11.61044,11.6558,185060.0
2024-01-22,11.6558,11.70115,11.61044,11.70115,213574.0
2024-01-23,11.6558,11.7465,11.61044,11.6558,395817.0
2024-01-24,11.70115,11.70115,11.61044,11.6558,132479.0
2024-01-25,11.6558,11.70115,11.61044,11.6558,106261.0
2024-01-26,11.6558,11.70115,11.61044,11.70115,135154.0
2024-01-29,11.7465,11.7465,11.61044,11.70115,144100.0
2024-01-30,11.70115,12.01862,11.61044,11.973270000000001,813044.0
2024-01-31,11.973270000000001,12.01862,11.837209999999999,11.88256,243292.0
2024-02-01,11.88256,11.92791,11.79185,11.88256,312182.0
2024-02-02,11.88256,12.01862,11.837209999999999,11.973270000000001,628302.0
2024-02-05,11.973270000000001,12.01862,11.88256,11.88256,296566.0
2024-02-06,11.88256,11.92791,11.837209999999999,11.837209999999999,241432.0
2024-02-07,11.88256,12.06397,11.837209999999999,11.973270000000001,561891.0
2024-02-15,11.973270000000001,12.10933,11.92791,12.01862,332346.0
2024-02-16,12.06397,12.06397,11.92791,11.973270000000001,270740.0
2024-02-19,11.973270000000001,12.10933,11.92791,12.06397,621964.0
2024-02-20,12.06397,12.4268,12.01862,12.4268,1170770.0
2024-02-21,12.4268,12.4268,12.245389999999999,12.29074,317541.0
2024-02-22,12.29074,12.33609,12.20003,12.29074,391494.0
2024-02-23,12.33609,12.33609,11.88256,11.92791,906254.0
2024-02-26,11.92791,12.01862,11.837209999999999,11.88256,419545.0
2024-02-27,11.92791,12.01862,11.88256,12.01862,323194.0
2024-02-28,12.06397,12.06397,11.92791,11.973270000000001,349513.0
2024-02-29,12.15468,12.15468,11.92791,11.973270000000001,354791.0
2024-03-01,11.973270000000001,12.01862,11.92791,11.973270000000001,363770.0
2024-03-04,12.01862,12.245389999999999,12.01862,12.10933,597889.0
2024-03-05,12.10933,12.20003,12.10933,12.10933,383914.0
2024-03-06,12.15468,12.20003,11.973270000000001,12.10933,410092.0
2024-03-07,12.06397,12.10933,11.973270000000001,12.06397,409677.0
2024-03-08,12.06397,12.15468,11.92791,11.92791,581012.0
2024-03-11,11.92791,12.01862,11.79185,11.837209999999999,432671.0
2024-03-12,11.79185,11.837209999999999,11.70115,11.7465,484097.0
2024-03-13,11.79185,11.88256,11.70115,11.88256,534144.0
2024-03-14,11.88256,11.92791,11.7465,11.79185,506225.0
2024-03-15,11.79185,11.973270000000001,11.79185,11.837209999999999,310120.0
2024-03-18,11.837209999999999,11.973270000000001,11.6558,11.7465,594094.0
2024-03-19,11.7465,11.88256,11.7465,11.837209999999999,355232.0
2024-03-20,11.88256,11.88256,11.79185,11.837209999999999,298738.0
2024-03-21,11.92791,11.92791,11.837209999999999,11.92791,592787.0
2024-03-22,11.92791,12.20003,11.92791,12.10933,913600.0
2024-03-25,12.10933,12.15468,11.88256,11.973270000000001,456097.0
2024-03-26,12.06397,12.06397,11.88256,11.92791,284322.0
2024-03-27,11.973270000000001,12.10933,11.973270000000001,12.01862,593814.0
2024-03-28,12.01862,12.10933,11.973270000000001,12.10933,398512.0
2024-03-29,12.10933,12.15468,12.01862,12.01862,283141.0
2024-04-01,12.10933,12.10933,11.88256,12.01862,447295.0
2024-04-02,11.973270000000001,12.83498,11.92791,12.83498,4124280.0
2024-04-03,12.97104,13.24316,12.69892,12.69892,1285114.0
2024-04-04,12.65357,12.83498,12.4268,12.65357,1461644.0
2024-04-05,12.47215,12.69892,12.4268,12.60821,990416.0
2024-04-08,12.60821,12.60821,12.381450000000001,12.4268,927266.0
2024-04-09,12.47215,12.51751,12.381450000000001,12.51751,577538.0
2024-04-10,12.60821,12.60821,12.4268,12.47215,567172.0
2024-04-11,12.381450000000001,12.4268,12.245389999999999,12.245389999999999,693482.0
2024-04-12,12.29074,12.381450000000001,12.20003,12.245389999999999,799888.0
2024-04-15,12.245389999999999,12.60821,12.01862,12.01862,1939487.0
2024-04-16,12.10933,12.10933,11.429030000000001,11.6558,1181770.0
2024-04-17,11.6558,11.837209999999999,11.51974,11.61044,507161.0
2024-04-19,11.56509,11.56509,10.83944,11.0662,1393854.0
2024-04-22,11.38368,11.38368,11.0662,11.15691,443682.0
2024-04-23,11.020850000000001,11.20226,10.88479,10.88479,487646.0
2024-04-24,10.88479,11.247620000000001,10.88479,11.247620000000001,306831.0
2024-04-25,11.247620000000001,11.247620000000001,11.0662,11.15691,225395.0
2024-04-26,11.15691,11.20226,11.0662,11.15691,339092.0
2024-05-02,11.247620000000001,11.61044,11.247620000000001,11.56509,446169.0
2024-05-03,11.61044,11.6558,11.51974,11.56509,395289.0
2024-05-06,11.61044,11.79185,11.56509,11.7465,386526.0
2024-05-07,11.7465,11.79185,11.61044,11.6558,374906.0
2024-05-08,11.6558,11.973270000000001,11.51974,11.79185,486893.0
2024-05-09,11.837209999999999,12.06397,11.70115,11.7465,373545.0
2024-05-10,11.7465,11.837209999999999,11.61044,11.70115,253022.0
2024-05-13,11.61044,11.79185,11.61044,11.70115,259669.0
2024-05-14,11.7465,11.79185,11.6558,11.79185,335230.0
2024-05-15,11.837209999999999,11.92791,11.79185,11.837209999999999,323980.0
2024-05-16,11.88256,11.973270000000001,11.837209999999999,11.88256,444098.0
2024-05-17,11.973270000000001,11.973270000000001,11.79185,11.88256,493275.0
2024-05-20,11.88256,12.245389999999999,11.88256,12.10933,606331.0
2024-05-21,12.10933,12.33609,11.292969999999999,12.06397,728473.0
2024-05-22,12.06397,12.15468,11.92791,11.973270000000001,431781.0
2024-05-23,12.01862,12.4268,11.973270000000001,12.29074,773764.0
2024-05-24,12.29074,12.33609,11.79185,11.88256,692587.0
2024-05-27,11.70115,12.245389999999999,11.70115,12.01862,489189.0
2024-05-28,12.06397,12.47215,12.06397,12.381450000000001,1285043.0
2024-05-29,12.4268,13.06175,12.381450000000001,12.65357,2879946.0
2024-05-30,12.56286,13.06175,12.47215,12.88033,1498975.0
2024-05-31,13.06175,13.06175,12.65357,12.65357,815994.0
2024-06-03,12.83498,12.925690000000001,12.60821,12.74427,994421.0
2024-06-04,12.97104,12.97104,12.65357,12.69892,613485.0
2024-06-05,12.88033,13.37922,12.74427,12.83498,1630430.0
2024-06-06,12.88033,12.925690000000001,12.51751,12.60821,1179081.0
2024-06-07,12.60821,13.01639,12.56286,12.69892,806997.0
2024-06-10,12.789629999999999,13.15245,12.74427,13.15245,1568221.0
2024-06-11,13.24316,13.24316,12.88033,13.06175,818786.0
2024-06-12,13.06175,13.06175,12.74427,12.97104,584786.0
2024-06-13,13.15245,13.15245,12.789629999999999,12.83498,607295.0
2024-06-14,12.74427,12.88033,12.47215,12.47215,1645881.0
2024-06-17,12.51751,12.69892,12.51751,12.69892,697350.0
2024-06-18,12.69892,13.15245,12.69892,13.01639,912216.0
2024-06-19,13.01639,13.06175,12.74427,13.06175,1001128.0
2024-06-20,13.06175,13.06175,12.789629999999999,13.06175,716972.0
2024-06-21,13.06175,13.06175,12.88033,12.88033,729766.0
2024-06-24,12.97104,12.97104,12.4268,12.51751,1457650.0
2024-06-25,12.51751,12.789629999999999,12.51751,12.69892,408983.0
2024-06-26,12.56286,12.74427,12.51751,12.69892,374620.0
2024-06-27,12.925690000000001,12.925690000000001,12.51751,12.51751,475932.0
2024-06-28,12.56286,12.789629999999999,12.47215,12.69892,778271.0
2024-07-01,12.74427,12.789629999999999,12.56286,12.69892,344567.0
2024-07-02,12.74427,13.37922,12.69892,13.28851,2217502.0
2024-07-03,13.37922,13.37922,13.197809999999999,13.28851,474848.0
2024-07-04,13.333870000000001,13.42457,13.15245,13.24316,1174422.0
2024-07-05,13.15245,13.28851,12.925690000000001,13.06175,1022602.0
2024-07-08,13.197809999999999,13.96881,13.197809999999999,13.96881,3092699.0
2024-07-09,14.51305,14.51305,14.10487,14.33164,2254554.0
2024-07-10,14.4677,14.92123,14.19558,14.55841,3301566.0
2024-07-11,14.78517,14.78517,14.4677,14.55841,1256407.0
2024-07-12,14.55841,15.10264,14.24093,15.011940000000001,2452634.0
2024-07-15,15.37476,15.60153,15.19335,15.37476,2445133.0
2024-07-16,15.510819999999999,15.55618,15.148,15.32941,1707809.0
2024-07-17,15.42012,15.46547,14.286290000000001,14.286290000000001,5621513.0
2024-07-18,14.286290000000001,14.73982,14.10487,14.73982,2689283.0
2024-07-19,14.694469999999999,14.78517,14.059520000000001,14.37699,1525143.0
2024-07-22,14.150229999999999,14.4677,13.56063,13.65134,2302487.0
2024-07-23,13.69669,13.83275,12.88033,12.97104,2221000.0
2024-07-24,12.925690000000001,13.69669,12.789629999999999,13.65134,1683236.0
2024-07-25,13.60599,13.65134,13.37922,13.51528,1039063.0
2024-07-26,13.37922,13.96881,13.37922,13.83275,1185277.0
2024-07-29,14.01417,14.01417,13.60599,13.83275,691723.0
2024-07-30,13.83275,14.286290000000001,13.46993,13.7874,1389258.0
2024-07-31,13.60599,13.742049999999999,13.333870000000001,13.51528,1548289.0
2024-08-01,13.51528,13.60599,12.83498,12.925690000000001,1797732.0
2024-08-02,12.65357,13.24316,12.60821,13.24316,1220861.0
2024-08-05,13.01639,13.06175,12.33609,12.33609,2112100.0
2024-08-06,12.88033,12.88033,12.381450000000001,12.65357,937433.0
2024-08-07,12.74427,12.74427,12.33609,12.56286,436305.0
2024-08-08,12.60821,12.83498,12.4268,12.56286,583812.0
2024-08-09,12.65357,12.88033,12.56286,12.74427,555745.0
2024-08-12,12.74427,12.789629999999999,12.56286,12.789629999999999,566074.0
2024-08-13,12.245389999999999,12.56286,11.92791,11.92791,4129089.0
2024-08-14,11.79185,12.06397,11.70115,11.70115,1070843.0
2024-08-15,11.70115,11.70115,11.247620000000001,11.33832,1436376.0
2024-08-16,11.33832,11.79185,11.33832,11.70115,1285480.0
2024-08-19,11.70115,11.79185,11.56509,11.6558,820098.0
2024-08-20,11.70115,11.837209999999999,11.6558,11.79185,967062.0
2024-08-21,11.837209999999999,11.973270000000001,11.7465,11.88256,703159.0
2024-08-22,11.88256,11.973270000000001,11.7465,11.79185,502863.0
2024-08-23,11.92791,11.92791,11.70115,11.7465,678984.0
2024-08-26,11.7465,11.88256,11.70115,11.7465,518859.0
2024-08-27,11.6558,11.7465,11.61044,11.6558,708298.0
2024-08-28,11.6558,11.7465,11.61044,11.6558,992995.0
2024-08-29,11.71452,11.905,11.61928,11.6669,613484.0
2024-08-30,11.61928,11.762139999999999,11.61928,11.6669,239971.0
2024-09-04,11.57166,11.57166,11.33356,11.38118,544297.0
2024-09-05,11.33356,11.428799999999999,11.000219999999999,11.14308,864454.0
2024-09-06,11.14308,11.23832,11.04784,11.04784,432572.0
2024-09-09,11.04784,11.190700000000001,11.04784,11.14308,956636.0
2024-09-10,11.190700000000001,11.190700000000001,10.9526,11.04784,1093282.0
2024-09-11,10.9526,11.04784,10.80974,10.90498,445343.0
2024-09-12,11.04784,11.09546,10.90498,10.90498,358545.0
2024-09-13,11.000219999999999,11.000219999999999,10.85736,10.9526,298957.0
2024-09-16,10.9526,11.04784,10.61926,10.90498,525459.0
2024-09-17,10.90498,10.9526,10.61926,10.85736,358780.0
2024-09-18,10.9526,10.9526,10.666879999999999,10.90498,378792.0
2024-09-19,10.9526,10.9526,10.85736,10.9526,187391.0
2024-09-20,10.9526,11.38118,10.9526,11.04784,806569.0
2024-09-23,11.14308,11.14308,10.9526,11.000219999999999,292520.0
2024-09-24,11.000219999999999,11.09546,11.000219999999999,11.09546,278656.0
2024-09-25,11.14308,11.23832,11.09546,11.190700000000001,432079.0
2024-09-26,11.28594,11.28594,11.09546,11.14308,587254.0
2024-09-27,11.23832,11.23832,11.000219999999999,11.000219999999999,571595.0
2024-09-30,11.000219999999999,11.14308,11.000219999999999,11.09546,308514.0
2024-10-01,11.14308,11.190700000000001,11.000219999999999,11.14308,591179.0
2024-10-02,11.190700000000001,11.190700000000001,11.04784,11.09546,335829.0
2024-10-03,11.14308,11.14308,10.9526,11.000219999999999,748714.0
2024-10-04,11.000219999999999,11.04784,10.90498,10.90498,238460.0
2024-10-07,10.90498,11.09546,10.90498,11.04784,248098.0
2024-10-08,11.04784,11.04784,10.90498,10.9526,228756.0
2024-10-09,10.90498,11.14308,10.90498,11.09546,543569.0
2024-10-10,11.09546,11.14308,11.04784,11.09546,389199.0
2024-10-11,11.09546,11.23832,11.09546,11.23832,418008.0
2024-10-14,11.33356,11.80976,11.33356,11.57166,1634704.0
2024-10-15,11.57166,11.6669,11.38118,11.428799999999999,488164.0
2024-10-16,11.33356,11.428799999999999,11.23832,11.28594,536500.0
2024-10-17,11.23832,11.33356,11.190700000000001,11.33356,371350.0
2024-10-18,11.33356,11.33356,11.190700000000001,11.190700000000001,304285.0
2024-10-21,11.190700000000001,11.28594,11.09546,11.09546,386534.0
2024-10-22,11.04784,11.09546,10.90498,10.9526,533426.0
2024-10-23,11.000219999999999,11.190700000000001,10.85736,11.000219999999999,317279.0
2024-10-24,11.09546,11.09546,10.90498,10.9526,266961.0
2024-10-25,10.9526,11.000219999999999,10.90498,10.9526,316529.0
2024-10-28,10.90498,10.9526,10.85736,10.90498,185559.0
2024-10-29,10.90498,11.000219999999999,10.90498,10.90498,183305.0
2024-10-30,10.90498,11.000219999999999,10.85736,10.9526,300018.0
2024-10-31,10.90498,10.90498,10.7145,10.762120000000001,838643.0
2024-11-01,10.7145,10.85736,10.666879999999999,10.666879999999999,234218.0
2024-11-04,10.666879999999999,10.666879999999999,9.95258,10.14306,973947.0
2024-11-05,10.09544,10.333540000000001,10.09544,10.238299999999999,253737.0
2024-11-06,10.28592,10.333540000000001,10.14306,10.28592,227932.0
2024-11-07,10.28592,10.333540000000001,10.238299999999999,10.333540000000001,154531.0
2024-11-08,10.333540000000001,10.38116,10.19068,10.19068,290854.0
2024-11-11,10.19068,10.28592,10.09544,10.19068,223359.0
2024-11-12,10.19068,10.333540000000001,10.19068,10.28592,95464.0
2024-11-13,10.428780000000001,10.428780000000001,10.19068,10.38116,343532.0
2024-11-14,10.38116,10.4764,10.238299999999999,10.238299999999999,187724.0
2024-11-15,10.238299999999999,10.28592,10.04782,10.238299999999999,352872.0
2024-11-18,10.09544,10.333540000000001,10.09544,10.28592,185378.0
2024-11-19,10.28592,10.38116,10.19068,10.19068,149240.0
2024-11-20,10.19068,10.333540000000001,10.14306,10.19068,250595.0
2024-11-21,10.19068,10.333540000000001,10.14306,10.19068,216874.0
2024-11-22,10.14306,10.333540000000001,10.14306,10.19068,164597.0
2024-11-25,10.14306,10.38116,10.14306,10.38116,267758.0
2024-11-26,10.428780000000001,10.571639999999999,10.428780000000001,10.4764,191428.0
2024-11-27,10.52402,10.52402,10.38116,10.4764,236353.0
2024-11-28,10.4764,10.666879999999999,10.4764,10.571639999999999,275910.0
2024-11-29,10.52402,10.7145,10.52402,10.571639999999999,204704.0
2024-12-02,10.666879999999999,10.7145,10.4764,10.4764,153677.0
2024-12-03,10.52402,10.571639999999999,10.38116,10.52402,97759.0
2024-12-04,10.4764,10.571639999999999,10.428780000000001,10.571639999999999,189689.0
2024-12-05,10.571639999999999,10.666879999999999,10.428780000000001,10.666879999999999,217765.0
2024-12-06,10.7145,10.7145,10.61926,10.666879999999999,189357.0
2024-12-09,10.666879999999999,10.80974,10.428780000000001,10.428780000000001,687620.0
2024-12-10,10.4764,10.571639999999999,10.38116,10.428780000000001,385052.0
2024-12-11,10.428780000000001,10.571639999999999,10.428780000000001,10.52402,118386.0
2024-12-12,10.428780000000001,10.571639999999999,10.428780000000001,10.571639999999999,153436.0
2024-12-13,10.666879999999999,10.666879999999999,10.4764,10.4764,208950.0
2024-12-16,10.4764,10.571639999999999,10.333540000000001,10.571639999999999,226697.0
2024-12-17,10.4764,10.61926,10.428780000000001,10.61926,213673.0
2024-12-18,10.61926,10.80974,10.571639999999999,10.762120000000001,313005.0
2024-12-19,10.666879999999999,10.7145,10.571639999999999,10.7145,403873.0
2024-12-20,10.80974,11.04784,10.80974,10.9526,776458.0
2024-12-23,11.04784,11.09546,10.9526,11.09546,608819.0
2024-12-24,11.14308,11.23832,11.000219999999999,11.14308,747918.0
2024-12-25,11.23832,11.23832,11.000219999999999,11.23832,654314.0
2024-12-26,11.23832,11.33356,11.04784,11.23832,422959.0
2024-12-27,11.14308,11.190700000000001,11.000219999999999,11.190700000000001,547945.0
2024-12-30,11.14308,11.428799999999999,11.000219999999999,11.190700000000001,646080.0
2024-12-31,11.190700000000001,11.428799999999999,11.09546,11.428799999999999,2342736.0
2025-01-02,11.38118,11.38118,11.23832,11.33356,479516.0
2025-01-03,11.28594,11.33356,11.14308,11.14308,290756.0
2025-01-06,11.14308,11.190700000000001,10.9526,10.9526,254043.0
2025-01-07,10.85736,10.9526,10.762120000000001,10.85736,249855.0
2025-01-08,10.762120000000001,11.04784,10.762120000000001,11.000219999999999,191427.0
2025-01-09,10.9526,11.14308,10.90498,11.000219999999999,111676.0
2025-01-10,10.90498,11.04784,10.762120000000001,10.762120000000001,192668.0
2025-01-13,10.666879999999999,10.762120000000001,10.61926,10.7145,105991.0
2025-01-14,10.666879999999999,10.9526,10.666879999999999,10.666879999999999,136918.0
2025-01-15,10.666879999999999,10.90498,10.666879999999999,10.90498,225504.0
2025-01-16,10.90498,11.000219999999999,10.85736,10.90498,96548.0
2025-01-17,10.90498,11.000219999999999,10.85736,10.9526,75930.0
2025-01-20,11.190700000000001,11.190700000000001,10.9526,10.9526,184559.0
2025-01-21,11.04784,11.04784,10.9526,10.9526,110198.0
2025-01-22,10.9526,11.000219999999999,10.90498,10.90498,185976.0
2025-01-23,10.9526,11.09546,10.9526,10.9526,112207.0
2025-01-24,10.9526,11.000219999999999,10.90498,10.90498,324516.0
2025-02-03,11.04784,11.14308,10.90498,11.09546,192791.0
2025-02-04,11.14308,11.190700000000001,11.14308,11.190700000000001,289588.0
2025-02-05,11.23832,11.952620000000001,11.190700000000001,11.952620000000001,3331050.0
2025-02-06,11.952620000000001,12.28596,11.952620000000001,12.04786,872684.0
2025-02-07,12.1431,12.1431,11.905,11.952620000000001,748291.0
2025-02-10,11.905,11.905,11.71452,11.71452,674312.0
2025-02-11,11.71452,11.85738,11.6669,11.85738,377450.0
2025-02-12,12.00024,12.00024,11.80976,11.85738,323234.0
2025-02-13,11.80976,12.33358,11.71452,12.09548,1055627.0
2025-02-14,11.952620000000001,12.23834,11.952620000000001,12.09548,705702.0
2025-02-17,12.09548,12.47644,11.905,12.47644,1870683.0
2025-02-18,12.47644,12.66692,12.33358,12.33358,714477.0
2025-02-19,12.381200000000002,12.57168,12.23834,12.33358,1460890.0
2025-02-20,12.42882,12.42882,12.190719999999999,12.28596,811771.0
2025-02-21,12.23834,12.42882,12.23834,12.23834,650244.0
2025-02-24,12.190719999999999,12.66692,12.190719999999999,12.66692,1986565.0
2025-02-25,12.714540000000001,12.76216,12.57168,12.66692,679864.0
2025-02-26,12.57168,12.66692,12.381200000000002,12.57168,705094.0
2025-02-27,12.381200000000002,12.524059999999999,12.381200000000002,12.524059999999999,668042.0
2025-02-28,12.381200000000002,12.57168,12.381200000000002,12.524059999999999,548589.0
2025-03-03,12.524059999999999,12.524059999999999,12.33358,12.33358,513560.0
2025-03-04,12.33358,12.33358,12.00024,12.00024,1320995.0
2025-03-05,12.09548,12.09548,11.80976,11.80976,797869.0
2025-03-06,11.80976,11.952620000000001,11.71452,11.85738,415144.0
2025-03-07,11.85738,12.09548,11.80976,12.09548,563118.0
2025-03-10,12.1431,12.190719999999999,12.04786,12.09548,466420.0
2025-03-11,11.905,12.28596,11.905,12.28596,1177660.0
2025-03-12,12.381200000000002,13.143120000000001,12.381200000000002,13.143120000000001,4563788.0
2025-03-13,13.23836,13.28598,12.8574,12.90502,1266129.0
2025-03-14,13.19074,13.19074,12.76216,12.80978,1158360.0
2025-03-17,13.00026,13.19074,12.8574,13.143120000000001,1515966.0
2025-03-18,13.23836,13.76218,13.19074,13.66694,2493128.0
2025-03-19,13.61932,13.61932,13.23836,13.47646,1615841.0
2025-03-20,13.52408,13.52408,12.952639999999999,13.3336,944890.0
2025-03-21,13.3336,13.47646,13.143120000000001,13.143120000000001,548417.0
2025-03-24,13.04788,13.0955,12.80978,13.04788,831656.0
2025-03-25,13.143120000000001,13.3336,12.8574,13.143120000000001,760888.0
2025-03-26,13.3336,13.3336,13.04788,13.28598,722707.0
2025-03-27,13.381219999999999,13.85742,13.381219999999999,13.428840000000001,1816047.0
2025-03-28,13.428840000000001,13.5717,13.19074,13.23836,885262.0
2025-03-31,13.143120000000001,13.47646,13.04788,13.47646,1231900.0
2025-04-01,13.52408,13.5717,13.23836,13.3336,481674.0
2025-04-02,13.3336,13.52408,13.23836,13.428840000000001,695432.0
2025-04-03,12.66692,13.04788,12.524059999999999,12.524059999999999,1667987.0
2025-04-04,11.6669,13.381219999999999,11.6669,12.42882,2239140.0
2025-04-08,11.61928,12.04786,11.57166,11.57166,1518820.0
2025-04-09,11.14308,12.190719999999999,10.9526,11.190700000000001,1912671.0
2025-04-10,11.952620000000001,11.952620000000001,11.952620000000001,11.952620000000001,16786.0
2025-04-11,12.619299999999999,12.619299999999999,12.1431,12.47644,1551982.0
2025-04-14,12.57168,12.66692,12.381200000000002,12.57168,929856.0
2025-04-15,12.47644,13.0955,12.47644,12.714540000000001,820215.0
2025-04-16,12.952639999999999,13.52408,12.90502,13.23836,2207470.0
2025-04-17,13.428840000000001,13.61932,13.19074,13.52408,2572563.0
2025-04-18,13.52408,13.714559999999999,13.428840000000001,13.47646,1786298.0
2025-04-21,13.381219999999999,13.5717,13.143120000000001,13.428840000000001,1287715.0
2025-04-22,13.428840000000001,14.0479,12.524059999999999,13.5717,4434696.0
2025-04-23,13.76218,13.76218,13.47646,13.5717,1227751.0
2025-04-24,13.66694,13.66694,13.3336,13.47646,1173248.0
2025-04-25,13.52408,13.52408,13.28598,13.381219999999999,943152.0
2025-04-28,13.428840000000001,13.428840000000001,13.143120000000001,13.143120000000001,605682.0
2025-04-29,13.143120000000001,13.3336,13.00026,13.00026,993644.0
2025-05-05,13.52408,13.905040000000001,13.381219999999999,13.905040000000001,6101561.0
2025-05-06,14.66696,14.66696,14.23838,14.5241,4396922.0
2025-05-07,14.5241,15.04792,14.38124,14.66696,4611785.0
2025-05-08,14.66696,14.85744,14.476479999999999,14.7622,2411908.0
2025-05-09,14.66696,14.7622,14.476479999999999,14.71458,2311512.0
2025-05-12,15.333639999999999,15.52412,15.14316,15.28602,6909256.0
2025-05-13,15.42888,15.42888,15.14316,15.14316,2809345.0
2025-05-14,15.14316,15.14316,14.80982,15.095540000000002,3313350.0
2025-05-15,15.0003,15.14316,14.42886,14.71458,3717732.0
2025-05-16,14.66696,15.28602,14.66696,15.0003,2389057.0
2025-05-19,14.905059999999999,15.28602,14.71458,14.80982,1720353.0
2025-05-20,14.80982,15.0003,14.66696,14.905059999999999,2370144.0
2025-05-21,15.14316,15.7146,15.095540000000002,15.52412,4273975.0
2025-05-22,15.52412,15.85746,15.04792,15.04792,3192660.0
2025-05-23,15.04792,15.14316,14.7622,14.7622,2133621.0
2025-05-26,14.7622,15.42888,14.57172,15.28602,2520274.0
2025-05-27,15.61936,15.80984,15.04792,15.2384,4096121.0
2025-05-28,15.381260000000001,15.381260000000001,14.95268,15.0003,2288755.0
2025-05-29,15.095540000000002,15.14316,14.7622,14.85744,1604814.0
2025-05-30,14.85744,15.333639999999999,14.80982,15.0003,2435309.0
2025-06-02,15.14316,16.04794,14.905059999999999,16.04794,6539308.0
2025-06-03,16.61938,16.61938,15.90508,15.9527,2479102.0
2025-06-04,15.9527,16.33366,15.7146,15.85746,3385751.0
2025-06-05,15.7146,16.1908,15.7146,16.00032,3334667.0
2025-06-06,16.14318,16.38128,15.7146,15.76222,1991329.0
2025-06-09,15.76222,15.76222,14.95268,15.14316,2464817.0
2025-06-10,15.095540000000002,15.42888,15.095540000000002,15.28602,1721963.0
2025-06-11,15.28602,15.42888,15.14316,15.2384,883925.0
2025-06-12,15.2384,15.4765,15.19078,15.333639999999999,1279622.0
2025-06-13,15.095540000000002,15.19078,14.476479999999999,14.905059999999999,3382172.0
2025-06-16,14.80982,15.2384,14.80982,15.095540000000002,1124024.0
2025-06-17,15.095540000000002,15.42888,15.0003,15.381260000000001,1997800.0
2025-06-18,15.42888,15.7146,15.28602,15.61936,2435289.0
2025-06-19,15.61936,15.9527,15.52412,15.52412,1943115.0
2025-06-20,15.61936,15.9527,15.61936,15.61936,3085552.0
2025-06-23,15.52412,15.90508,15.28602,15.85746,2654449.0
2025-06-24,15.9527,16.00032,15.61936,15.61936,1799527.0
2025-06-25,15.7146,15.7146,15.381260000000001,15.57174,1966676.0
2025-06-26,15.52412,15.61936,15.381260000000001,15.4765,1224428.0
2025-06-27,15.52412,15.76222,15.4765,15.4765,1254329.0
2025-06-30,15.42888,15.666979999999999,15.333639999999999,15.381260000000001,2054671.0
2025-07-01,15.42888,15.4765,15.0003,15.14316,1824502.0
2025-07-02,15.095540000000002,15.381260000000001,15.0003,15.28602,1255504.0
2025-07-03,15.333639999999999,15.381260000000001,15.04792,15.095540000000002,2126119.0
2025-07-04,15.14316,15.666979999999999,15.04792,15.52412,2097717.0
2025-07-07,15.57174,15.61936,15.333639999999999,15.42888,1454723.0
2025-07-08,15.42888,16.09556,15.42888,15.666979999999999,3190576.0
2025-07-09,15.7146,15.9527,15.57174,15.666979999999999,2083408.0
2025-07-10,15.7146,15.90508,15.57174,15.61936,2216130.0
2025-07-11,15.666979999999999,15.80984,15.4765,15.4765,2143924.0
2025-07-14,15.4765,16.04794,15.381260000000001,15.76222,4351718.0
2025-07-15,15.80984,16.00032,15.61936,15.61936,1990601.0
2025-07-16,15.7146,16.38128,15.7146,16.00032,3610318.0
2025-07-17,16.1908,16.1908,15.7146,15.90508,2991229.0
2025-07-18,16.04794,16.04794,15.666979999999999,15.85746,2013588.0
2025-07-21,15.90508,16.428900000000002,15.80984,16.04794,4175959.0
2025-07-22,16.00032,16.428900000000002,15.90508,16.428900000000002,2503563.0
2025-07-23,16.667,16.667,16.23842,16.428900000000002,2963933.0
2025-07-24,16.61938,16.667,16.04794,16.428900000000002,1935322.0
2025-07-25,16.52414,17.04796,16.47652,16.61938,3204950.0
2025-07-28,16.762240000000002,16.952720000000003,16.52414,16.71462,3007471.0
2025-07-29,17.04796,17.04796,15.57174,15.57174,5053258.0
2025-07-30,15.90508,16.14318,15.57174,15.7146,2733387.0
2025-07-31,16.04794,16.09556,15.57174,15.7146,2121244.0
2025-08-01,15.7146,16.80986,15.52412,16.80986,5630623.0
2025-08-04,16.952720000000003,17.57178,16.952720000000003,17.1432,3854822.0
2025-08-05,17.19082,17.33368,16.00032,16.38128,3986882.0
2025-08-06,16.47652,16.71462,16.28604,16.428900000000002,2279437.0
2025-08-07,16.762240000000002,16.762240000000002,16.33366,16.47652,1287311.0
2025-08-08,16.61938,16.61938,16.1908,16.1908,2480560.0
2025-08-11,16.23842,16.61938,16.00032,16.33366,2601275.0
2025-08-12,16.33366,16.85748,16.28604,16.571759999999998,2991905.0
2025-08-13,16.85748,16.85748,16.09556,16.38128,2694224.0
2025-08-14,16.571759999999998,16.571759999999998,16.1908,16.47652,2403676.0
2025-08-15,16.47652,16.47652,15.90508,15.9527,2625772.0
2025-08-18,15.90508,16.428900000000002,15.90508,16.14318,1527853.0
2025-08-19,16.1908,16.33366,15.90508,15.90508,1933626.0
2025-08-20,15.9527,16.00032,15.04792,15.28602,3147968.0
2025-08-21,15.4765,15.4765,14.905059999999999,14.905059999999999,1965674.0
2025-08-22,14.95268,15.381260000000001,14.66696,14.905059999999999,1562205.0
2025-08-25,14.95268,15.381260000000001,14.333620000000002,14.333620000000002,1723824.0
2025-08-26,14.333620000000002,14.66696,14.286,14.66696,1130656.0
2025-08-27,14.85744,14.905059999999999,14.71458,14.71458,918986.0
2025-08-28,14.7622,15.095540000000002,14.7622,15.04792,748621.0
2025-08-29,15.04792,15.2384,14.85744,14.85744,844659.0
2025-09-03,14.85744,15.52412,14.85744,15.04792,792807.0
2025-09-04,15.2384,15.52412,15.19078,15.28602,775769.0
2025-09-05,15.381260000000001,15.381260000000001,15.04792,15.095540000000002,1316792.0
2025-09-08,15.095540000000002,15.19078,14.7622,14.85744,1269134.0
2025-09-09,14.7622,14.95268,14.71458,14.95268,534379.0
2025-09-10,15.0003,15.0003,14.85744,14.905059999999999,287686.0
2025-09-11,14.85744,15.14316,14.61934,15.0003,1015064.0
2025-09-12,15.0003,15.42888,15.0003,15.42888,1023413.0
2025-09-15,15.52412,15.61936,15.333639999999999,15.42888,591225.0
2025-09-16,15.4765,15.52412,15.19078,15.19078,560120.0
2025-09-17,15.04792,15.4765,15.04792,15.2384,774164.0
2025-09-18,15.333639999999999,16.00032,15.333639999999999,15.61936,2725113.0
2025-09-19,15.666979999999999,15.85746,15.52412,15.57174,991998.0
2025-09-22,15.7146,15.7146,15.04792,15.095540000000002,1390454.0
2025-09-23,15.095540000000002,15.2384,15.04792,15.095540000000002,576284.0
2025-09-24,15.2384,15.28602,15.095540000000002,15.19078,725292.0
2025-09-25,15.333639999999999,15.7146,15.333639999999999,15.52412,998295.0
2025-09-26,15.57174,15.7146,15.4765,15.52412,873271.0
2025-09-29,15.61936,15.61936,15.28602,15.42888,797943.0
2025-09-30,15.42888,15.52412,15.2384,15.52412,935896.0
2025-10-01,15.57174,15.57174,15.42888,15.42888,456787.0
2025-10-02,15.42888,15.52412,15.333639999999999,15.333639999999999,533855.0
2025-10-03,15.333639999999999,15.333639999999999,15.095540000000002,15.095540000000002,844442.0
2025-10-06,15.14316,15.381260000000001,15.14316,15.2384,386791.0
2025-10-07,15.42888,15.42888,15.095540000000002,15.095540000000002,425015.0
2025-10-08,15.2384,15.2384,15.0003,15.04792,754742.0
2025-10-09,15.04792,15.19078,14.7622,15.095540000000002,423451.0
2025-10-10,15.04792,15.19078,14.95268,15.19078,632601.0
2025-10-13,14.80982,15.19078,14.80982,15.19078,541389.0
2025-10-14,15.14316,15.19078,14.95268,14.95268,695102.0
2025-10-15,14.95268,15.095540000000002,14.7622,14.85744,704982.0
2025-10-16,14.85744,15.14316,14.85744,14.95268,525765.0
2025-10-17,14.95268,15.095540000000002,14.95268,14.95268,376254.0
2025-10-20,14.57172,14.905059999999999,14.286,14.286,677496.0
2025-10-21,14.286,14.476479999999999,14.00028,14.143139999999999,783841.0
2025-10-22,14.23838,14.23838,14.09552,14.190760000000001,268114.0
2025-10-23,14.286,14.61934,14.190760000000001,14.476479999999999,207206.0
2025-10-24,14.476479999999999,14.57172,14.286,14.333620000000002,155199.0
2025-10-27,14.5241,14.5241,14.23838,14.42886,219901.0
2025-10-28,14.5241,14.57172,14.190760000000001,14.5241,315799.0
2025-10-29,14.66696,14.7622,14.476479999999999,14.71458,310294.0
2025-10-30,14.71458,15.42888,14.71458,15.19078,954633.0
2025-10-31,15.19078,15.2384,15.095540000000002,15.19078,428325.0
2025-11-03,15.19078,15.4765,14.7622,14.7622,804832.0
2025-11-04,14.71458,14.7622,14.0479,14.7622,776203.0
2025-11-05,14.476479999999999,14.5241,14.42886,14.476479999999999,296208.0
2025-11-06,14.143139999999999,14.71458,14.143139999999999,14.66696,554643.0
2025-11-07,14.38124,14.66696,14.286,14.286,331321.0
2025-11-10,14.476479999999999,14.476479999999999,14.286,14.286,98731.0
2025-11-11,14.476479999999999,14.476479999999999,14.143139999999999,14.23838,214698.0
2025-11-12,14.42886,14.42886,14.23838,14.333620000000002,278481.0
2025-11-13,14.42886,14.61934,14.286,14.57172,382664.0
2025-11-14,14.57172,14.71458,14.38124,14.38124,313166.0
2025-11-17,14.57172,14.57172,14.42886,14.42886,383927.0
2025-11-18,14.42886,14.57172,14.286,14.38124,540499.0
2025-11-19,14.38124,14.476479999999999,14.333620000000002,14.38124,215177.0
2025-11-20,14.23838,14.38124,14.23838,14.333620000000002,220856.0
2025-11-21,14.333620000000002,14.333620000000002,13.95266,14.143139999999999,506464.0
2025-11-24,14.23838,14.23838,13.95266,14.00028,342181.0
2025-11-25,14.00028,14.00028,13.52408,13.52408,611861.0
2025-11-26,13.52408,13.8098,13.47646,13.66694,303165.0
2025-11-27,13.61932,13.8098,13.61932,13.66694,155547.0
2025-11-28,13.66694,13.76218,13.61932,13.61932,172325.0
2025-12-01,13.428840000000001,13.61932,13.428840000000001,13.47646,359312.0
2025-12-02,13.52408,13.66694,13.381219999999999,13.5717,243939.0
2025-12-03,13.66694,13.76218,13.52408,13.66694,204248.0
2025-12-04,13.76218,13.76218,13.5717,13.714559999999999,157342.0
2025-12-05,13.714559999999999,13.714559999999999,13.5717,13.66694,159995.0
2025-12-08,13.714559999999999,13.76218,13.5717,13.61932,230654.0
2025-12-09,13.381219999999999,13.61932,13.3336,13.381219999999999,657344.0
2025-12-10,13.3336,13.47646,13.3336,13.381219999999999,177045.0
2025-12-11,13.428840000000001,13.61932,13.428840000000001,13.47646,120151.0
2025-12-12,13.52408,13.52408,13.28598,13.28598,411689.0
2025-12-15,13.28598,13.3336,13.23836,13.28598,211724.0
2025-12-16,13.28598,13.428840000000001,13.143120000000001,13.381219999999999,237696.0
2025-12-17,13.428840000000001,13.52408,13.3336,13.47646,152452.0
2025-12-18,13.47646,13.52408,13.381219999999999,13.52408,95283.0
2025-12-19,13.47646,13.5717,13.381219999999999,13.52408,177309.0
2025-12-22,13.61932,13.61932,13.47646,13.61932,175590.0
2025-12-23,13.66694,13.714559999999999,13.47646,13.61932,209313.0
2025-12-24,13.47646,13.76218,13.47646,13.76218,130238.0
2025-12-25,13.76218,13.8098,13.5717,13.8098,173496.0
2025-12-26,13.8098,14.00028,13.3336,14.00028,363605.0
2025-12-29,13.76218,14.190760000000001,13.76218,14.190760000000001,312816.0
2025-12-30,13.95266,14.333620000000002,13.8098,14.333620000000002,489055.0
2025-12-31,14.333620000000002,14.66696,13.95266,14.66696,1195376.0
2026-01-05,14.66696,14.66696,14.143139999999999,14.143139999999999,602835.0
2026-01-06,14.143139999999999,14.286,14.09552,14.143139999999999,206586.0
2026-01-07,14.190760000000001,14.286,13.95266,14.0479,379310.0
2026-01-08,14.286,14.286,14.00028,14.09552,236473.0
2026-01-09,14.143139999999999,14.143139999999999,13.8098,13.8098,309647.0
2026-01-12,13.85742,13.95266,13.8098,13.95266,282137.0
2026-01-13,13.905040000000001,14.38124,13.905040000000001,14.190760000000001,471040.0
2026-01-14,14.286,14.286,14.09552,14.143139999999999,276315.0
2026-01-15,14.09552,14.23838,14.09552,14.23838,345091.0
2026-01-16,14.23838,14.57172,14.190760000000001,14.333620000000002,652335.0
2026-01-19,14.333620000000002,14.38124,14.190760000000001,14.190760000000001,244039.0
2026-01-20,14.09552,14.333620000000002,14.09552,14.286,643507.0
2026-01-21,14.143139999999999,14.38124,14.09552,14.23838,580132.0
2026-01-22,14.23838,14.38124,14.190760000000001,14.333620000000002,516432.0
2026-01-23,14.57172,14.66696,14.286,14.286,595972.0
2026-01-26,14.23838,14.23838,13.95266,13.95266,479294.0
2026-01-27,13.8098,14.00028,13.8098,13.95266,227784.0
2026-01-28,13.95266,13.95266,13.76218,13.85742,268134.0
2026-01-29,14.286,14.476479999999999,14.0479,14.190760000000001,405722.0
2026-01-30,14.286,14.286,14.0479,14.0479,282462.0
2026-02-02,14.190760000000001,14.286,13.95266,14.190760000000001,226666.0
2026-02-03,14.476479999999999,14.476479999999999,14.00028,14.143139999999999,659681.0
2026-02-04,14.143139999999999,14.7622,14.0479,14.42886,1191467.0
2026-02-05,14.42886,14.57172,14.286,14.286,485533.0
2026-02-06,14.00028,14.190760000000001,13.8098,13.905040000000001,606096.0
2026-02-09,14.143139999999999,14.143139999999999,13.5717,13.85742,237160.0
2026-02-10,13.714559999999999,13.905040000000001,13.52408,13.5717,409228.0
2026-02-11,13.66694,13.8098,13.52408,13.76218,254029.0
2026-02-12,13.76218,13.85742,13.66694,13.76218,220921.0
2026-02-13,13.76218,13.95266,13.66694,13.85742,203080.0
2026-02-23,13.905040000000001,14.286,13.905040000000001,14.0479,257825.0
2026-02-24,14.00028,14.143139999999999,13.905040000000001,14.09552,337801.0
2026-02-25,14.23838,14.23838,14.00028,14.143139999999999,385904.0
2026-02-26,14.286,14.286,14.00028,14.143139999999999,262340.0
2026-02-27,14.190760000000001,14.476479999999999,14.143139999999999,14.143139999999999,502980.0
2026-03-02,13.714559999999999,15.095540000000002,13.714559999999999,15.095540000000002,4537638.0
2026-03-03,15.61936,15.61936,14.85744,15.2384,1806820.0
2026-03-04,15.2384,15.333639999999999,14.190760000000001,14.95268,2058917.0
2026-03-05,15.19078,15.19078,14.42886,14.42886,1218651.0
2026-03-06,14.476479999999999,14.905059999999999,14.333620000000002,14.61934,1785353.0
2026-03-09,14.61934,14.85744,13.66694,13.66694,2656370.0
2026-03-10,14.286,14.333620000000002,14.00028,14.00028,677464.0
2026-03-11,14.09552,14.80982,14.00028,14.71458,1130506.0
2026-03-12,14.7622,15.7146,14.57172,15.7146,4939432.0
2026-03-13,15.9527,16.428900000000002,15.76222,15.9527,3055817.0
2026-03-16,16.28604,16.28604,14.85744,15.04792,3415061.0
2026-03-17,15.04792,15.333639999999999,14.80982,14.80982,1572985.0
2026-03-18,14.85744,15.57174,14.85744,15.57174,1500000.0
2026-03-19,15.42888,16.1908,15.2384,15.4765,3185973.0
2026-03-20,15.52412,16.38128,15.52412,15.80984,3683006.0
2026-03-23,15.76222,16.38128,14.7622,15.095540000000002,2879875.0
2026-03-24,15.61936,15.7146,15.04792,15.28602,1736842.0
2026-03-25,15.52412,16.33366,15.333639999999999,16.33366,4321575.0
2026-03-26,16.571759999999998,16.61938,15.90508,15.90508,4469480.0
2026-03-27,15.80984,16.33366,15.57174,16.14318,4054401.0
2026-03-30,16.04794,16.571759999999998,15.7146,16.09556,3057528.0
2026-03-31,16.1908,16.23842,15.7146,15.76222,2496421.0
2026-04-01,15.90508,15.90508,15.42888,15.4765,2954636.0
2026-04-02,15.28602,15.61936,15.28602,15.52412,1381125.0
2026-04-03,15.52412,15.76222,15.095540000000002,15.095540000000002,1843037.0
2026-04-06,15.14316,15.19078,14.286,14.333620000000002,3036167.0
2026-04-07,14.61934,14.61934,14.143139999999999,14.286,1613699.0
2026-04-08,14.66696,14.85744,14.476479999999999,14.85744,1513340.0
2026-04-09,14.80982,14.85744,14.42886,14.5241,1082778.0
2026-04-10,14.66696,14.66696,14.38124,14.476479999999999,1342174.0
2026-04-13,14.57172,15.0003,14.57172,14.80982,1194862.0
2026-04-14,14.905059999999999,15.0003,14.66696,14.71458,848672.0
2026-04-15,14.80982,14.80982,14.61934,14.61934,936755.0
2026-04-16,14.57172,14.71458,14.476479999999999,14.57172,788862.0
2026-04-17,14.66696,14.66696,14.476479999999999,14.57172,535968.0
2026-04-20,14.71458,14.71458,14.42886,14.42886,594598.0
2026-04-21,14.476479999999999,14.57172,14.286,14.286,1258437.0
2026-04-22,14.23838,14.38124,14.190760000000001,14.190760000000001,514201.0
2026-04-23,14.190760000000001,14.38124,13.61932,13.8098,2068987.0
2026-04-24,13.8098,14.0479,13.66694,13.905040000000001,844365.0
2026-04-28,13.95266,13.95266,13.5717,13.5717,707592.0
2026-04-29,13.61932,13.76218,13.5717,13.61932,341717.0
2026-05-04,13.714559999999999,13.905040000000001,13.714559999999999,13.76218,344162.0
2026-05-05,13.714559999999999,13.76218,13.52408,13.61932,503695.0
2026-05-06,13.61932,13.85742,13.5717,13.85742,583227.0
2026-05-07,13.8098,13.85742,13.76218,13.8098,313243.0
2026-05-08,13.8098,13.8098,13.5717,13.61932,480626.0
2026-05-11,13.61932,13.714559999999999,13.52408,13.5717,511864.0
2026-05-12,13.5717,13.61932,13.428840000000001,13.47646,644316.0
2026-05-13,13.47646,13.5717,13.428840000000001,13.47646,453675.0
2026-05-14,13.47646,13.61932,13.428840000000001,13.5717,199185.0
2026-05-15,13.5717,13.5717,13.428840000000001,13.47646,271070.0
2026-05-18,13.52408,13.52408,13.3336,13.47646,369770.0
2026-05-19,13.52408,13.5717,13.428840000000001,13.52408,346862.0
2026-05-20,13.52408,13.5717,13.143120000000001,13.3336,663881.0
2026-05-21,13.3336,13.52408,13.28598,13.47646,367814.0
2026-05-22,13.52408,13.52408,13.28598,13.428840000000001,246580.0
2026-05-25,13.428840000000001,13.47646,13.3336,13.381219999999999,382890.0
2026-05-26,13.381219999999999,13.428840000000001,13.23836,13.3336,337747.0
2026-05-27,13.3336,13.714559999999999,13.3336,13.66694,1097514.0
2026-05-28,13.66694,13.714559999999999,13.47646,13.52408,474880.0
2026-05-29,13.5717,13.5717,13.381219999999999,13.381219999999999,317288.0
2026-06-01,13.47646,13.52408,13.3336,13.428840000000001,277904.0
2026-06-02,13.428840000000001,13.428840000000001,13.28598,13.28598,432173.0
2026-06-03,13.28598,13.428840000000001,13.28598,13.3336,251894.0
2026-06-04,13.3336,13.428840000000001,13.28598,13.381219999999999,204539.0
2026-06-05,13.428840000000001,13.47646,13.23836,13.23836,374090.0
2026-06-08,13.0955,13.28598,13.0955,13.19074,279261.0
2026-06-09,13.23836,13.23836,12.90502,13.00026,529409.0
2026-06-10,12.95,13.3,12.9,13.3,309332.0
2026-06-11,13.05,13.5,13.05,13.35,271662.0
2026-06-12,13.25,13.4,13.2,13.35,116130.0
2026-06-15,13.25,13.4,13.25,13.4,206986.0
2026-06-16,13.4,13.5,13.25,13.35,272683.0
2026-06-17,13.4,13.45,13.3,13.4,88162.0
2026-06-18,13.4,13.45,13.25,13.4,228339.0
2026-06-19,13.4,13.6,13.25,13.55,473727.0
2026-06-22,13.55,13.65,13.4,13.65,343697.0
2026-06-23,13.65,13.7,13.45,13.7,591900.0
2026-06-24,13.7,13.7,13.5,13.55,221300.0
2026-06-25,13.55,13.55,13.45,13.5,243500.0
2026-06-26,13.5,13.7,13.45,13.7,278500.0
2026-06-29,13.7,13.85,13.5,13.8,724300.0
2026-06-30,13.75,14.7,13.65,14.7,1151800.0
2026-07-01,14.0,14.5,13.95,14.0,646800.0
2026-07-02,13.95,14.0,13.75,13.8,247200.0
2026-07-03,13.9,13.9,13.6,13.7,229900.0
2026-07-06,13.7,13.8,13.35,13.45,392400.0
2026-07-07,13.4,13.6,13.35,13.4,183900.0
2026-07-08,13.55,13.55,13.15,13.25,310200.0
2026-07-09,13.4,13.5,13.15,13.45,291200.0
2026-07-10,13.45,13.45,13.2,13.2,122100.0
2026-07-13,13.2,13.3,12.9,13.0,381800.0
2026-07-14,13.0,13.15,12.9,13.1,123000.0
2026-07-15,13.2,13.2,13.0,13.1,223900.0
2026-07-16,13.1,13.1,12.85,12.9,430400.0
2026-07-17,13.1,13.1,12.8,12.8,119500.0
2026-07-20,12.75,12.8,12.3,12.4,300300.0
2026-07-21,12.4,12.45,12.1,12.15,282600.0
2026-07-22,12.3,12.35,11.7,11.7,312700.0
2026-07-23,11.7,12.15,11.7,12.05,308000.0
2026-07-24,11.9,12.1,11.9,11.95,152200.0
2026-07-27,12.0,12.1,11.9,11.9,142400.0
2026-07-28,11.7,12.05,11.7,12.0,160600.0
2026-07-29,11.9,12.1,11.9,12.1,110800.0
2026-07-30,12.0,12.25,11.9,12.15,329000.0
2026-07-31,12.2,12.2,12.1,12.1,163900.0
2026-08-03,11.95,12.2,11.95,12.2,387300.0
2026-08-04,12.3,12.3,12.15,12.2,148000.0
2026-08-05,12.3,12.3,12.15,12.2,229600.0
2026-08-06,12.15,12.2,12.05,12.1,213200.0
2026-08-07,12.1,12.2,12.05,12.1,228600.0
2026-08-10,12.2,12.25,12.1,12.25,331700.0
2026-08-11,12.25,12.35,12.2,12.25,179300.0
2026-08-12,12.25,12.35,12.25,12.35,140500.0
2026-08-13,12.3,12.45,12.3,12.35,188200.0
2026-08-14,12.3,12.4,12.3,12.4,191000.0
2026-08-17,12.4,12.45,12.3,12.4,112500.0
2026-08-18,12.4,12.5,12.4,12.4,93900.0
2026-08-19,12.5,12.5,12.3,12.35,152700.0
2026-08-20,12.4,12.5,12.35,12.45,126900.0
2026-08-21,12.45,12.75,12.35,12.7,151800.0
2026-08-24,12.8,12.8,12.55,12.75,118200.0
2026-08-25,12.8,12.8,12.6,12.7,306700.0
2026-08-26,12.55,12.7,12.55,12.65,290100.0
2026-08-27,12.65,12.75,12.6,12.65,137400.0
2026-08-28,12.65,12.75,12.6,12.7,130500.0
2026-09-03,12.65,12.7,12.6,12.65,137100.0
2026-09-04,12.8,12.85,12.7,12.85,387400.0
2026-09-07,12.9,12.9,12.7,12.7,103800.0
2026-09-08,12.65,12.8,12.65,12.7,102100.0
2026-09-09,12.7,12.7,12.55,12.7,123700.0
2026-09-10,12.5,12.65,12.5,12.5,134000.0
2026-09-11,12.5,12.5,12.3,12.4,142400.0
2026-09-14,12.3,12.4,12.2,12.4,62700.0
2026-09-15,12.3,12.4,12.3,12.35,93300.0
2026-09-16,12.4,12.4,12.3,12.3,112200.0
2026-09-17,12.3,12.35,12.25,12.3,42800.0
2026-09-18,12.3,12.35,12.3,12.35,355600.0
2026-09-21,12.3,12.4,12.25,12.35,133700.0
2026-09-22,12.35,12.35,12.25,12.35,106400.0
2026-09-23,12.35,12.35,12.2,12.2,201500.0
2026-09-24,12.2,12.2,12.05,12.1,127600.0
2026-09-25,12.1,12.15,12.05,12.1,265400.0
2026-09-28,12.05,12.1,11.9,11.95,197700.0
2026-09-29,11.95,11.95,11.85,11.95,69200.0
2026-09-30,12.1,12.1,11.9,11.9,152700.0
2026-10-01,12.0,12.0,11.85,11.9,99800.0
2026-10-02,11.85,11.9,11.8,11.8,131300.0
