,open,high,low,close,volume
2020-05-08,12.56103,12.76751,12.4922,12.52661,413560.0
2020-05-11,12.59544,13.14606,12.42337,13.07723,733410.0
2020-05-12,13.18047,13.352540000000001,12.97399,13.283719999999999,549130.0
2020-05-13,13.283719999999999,13.55903,13.00841,13.421370000000001,676310.0
2020-05-14,13.18047,13.593440000000001,13.07723,13.45578,575970.0
2020-05-15,13.524610000000001,13.524610000000001,13.07723,13.386959999999998,540940.0
2020-05-18,13.386959999999998,13.386959999999998,13.18047,13.283719999999999,211940.0
2020-05-19,13.352540000000001,13.490200000000002,13.31813,13.45578,460510.0
2020-05-20,13.45578,13.45578,13.283719999999999,13.421370000000001,256160.0
2020-05-21,13.421370000000001,13.490200000000002,13.31813,13.352540000000001,238910.0
2020-05-22,13.421370000000001,13.421370000000001,13.2493,13.283719999999999,308830.0
2020-05-25,13.283719999999999,13.386959999999998,13.18047,13.352540000000001,240930.0
2020-05-26,13.490200000000002,13.93758,13.490200000000002,13.86875,580970.0
2020-05-27,14.10965,14.10965,13.490200000000002,13.490200000000002,384870.0
2020-05-28,13.55903,13.69668,13.352540000000001,13.490200000000002,196260.0
2020-05-29,13.55903,13.593440000000001,13.352540000000001,13.490200000000002,330870.0
2020-06-01,13.662270000000001,13.662270000000001,13.45578,13.55903,320680.0
2020-06-02,13.69668,13.69668,13.214889999999999,13.214889999999999,471480.0
2020-06-03,13.214889999999999,13.69668,13.18047,13.55903,595720.0
2020-06-04,13.62785,13.662270000000001,13.490200000000002,13.662270000000001,406150.0
2020-06-05,13.662270000000001,14.35054,13.490200000000002,14.35054,802660.0
2020-06-08,14.38496,14.62585,14.10965,14.52261,995290.0
2020-06-09,14.45378,14.66027,14.2473,14.28172,289650.0
2020-06-10,14.10965,14.38496,14.04082,14.38496,444990.0
2020-06-11,14.38496,14.45378,13.386959999999998,13.386959999999998,738480.0
2020-06-12,12.7331,13.62785,12.7331,13.62785,593750.0
2020-06-15,13.93758,13.93758,13.07723,13.07723,214760.0
2020-06-16,13.214889999999999,13.490200000000002,13.14606,13.45578,180310.0
2020-06-17,13.45578,13.55903,13.18047,13.352540000000001,93350.0
2020-06-18,13.214889999999999,13.386959999999998,13.14606,13.352540000000001,181850.0
2020-06-19,13.283719999999999,13.524610000000001,13.283719999999999,13.524610000000001,229200.0
2020-06-22,13.62785,13.62785,13.490200000000002,13.62785,377800.0
2020-06-23,13.73109,14.10965,13.62785,13.76551,455710.0
2020-06-24,13.90316,13.97199,13.490200000000002,13.76551,226780.0
2020-06-25,13.386959999999998,13.69668,13.31813,13.593440000000001,123090.0
2020-06-26,13.593440000000001,13.69668,13.352540000000001,13.490200000000002,198940.0
2020-06-29,13.352540000000001,13.352540000000001,12.76751,13.07723,385800.0
2020-06-30,13.07723,13.14606,12.76751,12.80192,264890.0
2020-07-01,12.80192,13.07723,12.80192,13.00841,110530.0
2020-07-02,13.00841,13.07723,12.93958,13.00841,42850.0
2020-07-03,13.00841,13.07723,12.97399,13.00841,94940.0
2020-07-06,13.07723,13.214889999999999,13.07723,13.18047,142180.0
2020-07-07,13.214889999999999,13.283719999999999,13.14606,13.18047,161710.0
2020-07-08,13.18047,13.214889999999999,13.07723,13.14606,77840.0
2020-07-09,13.11165,13.352540000000001,13.07723,13.283719999999999,284050.0
2020-07-10,13.283719999999999,13.283719999999999,13.14606,13.214889999999999,107920.0
2020-07-13,13.386959999999998,13.386959999999998,13.214889999999999,13.283719999999999,190260.0
2020-07-14,13.283719999999999,13.31813,13.214889999999999,13.283719999999999,86810.0
2020-07-15,13.283719999999999,13.69668,13.283719999999999,13.593440000000001,430110.0
2020-07-16,13.69668,13.73109,13.490200000000002,13.524610000000001,162340.0
2020-07-17,13.524610000000001,13.593440000000001,13.421370000000001,13.490200000000002,104600.0
2020-07-20,13.490200000000002,13.490200000000002,13.283719999999999,13.45578,259790.0
2020-07-21,13.490200000000002,13.524610000000001,13.386959999999998,13.45578,68740.0
2020-07-22,13.45578,13.55903,13.421370000000001,13.45578,167170.0
2020-07-23,13.352540000000001,13.45578,13.2493,13.386959999999998,124260.0
2020-07-24,13.386959999999998,13.45578,12.457790000000001,12.80192,339740.0
2020-07-27,12.04482,12.320129999999999,11.90716,11.94158,926780.0
2020-07-28,11.94158,12.629850000000001,11.90716,12.629850000000001,300540.0
2020-07-29,12.14806,12.320129999999999,12.01041,12.251299999999999,182240.0
2020-07-30,12.388959999999999,12.66427,12.388959999999999,12.66427,220450.0
2020-07-31,12.56103,12.59544,12.42337,12.59544,236540.0
2020-08-03,12.42337,12.80192,12.42337,12.76751,194730.0
2020-08-04,13.07723,13.421370000000001,12.87075,13.18047,316610.0
2020-08-05,13.352540000000001,14.04082,13.18047,14.0064,1149290.0
2020-08-06,14.0064,14.45378,13.86875,14.07523,580190.0
2020-08-07,13.93758,14.10965,13.90316,13.93758,218780.0
2020-08-10,13.76551,14.10965,13.76551,13.79992,526000.0
2020-08-11,13.86875,14.38496,13.76551,14.28172,624980.0
2020-08-12,14.35054,14.59144,14.28172,14.35054,673390.0
2020-08-13,14.45378,14.557030000000001,14.21289,14.45378,726470.0
2020-08-14,14.38496,14.557030000000001,13.97199,14.2473,566480.0
2020-08-17,14.10965,14.52261,14.0064,14.52261,706990.0
2020-08-18,14.66027,15.382959999999999,14.66027,15.073229999999999,1287980.0
2020-08-19,15.073229999999999,15.96799,15.03882,15.79592,1187460.0
2020-08-20,15.4862,15.692680000000001,15.382959999999999,15.58944,613210.0
2020-08-21,15.520610000000001,16.14006,15.451780000000001,15.79592,871990.0
2020-08-24,15.83033,16.03682,15.623850000000001,15.83033,679450.0
2020-08-25,16.10565,16.44978,15.83033,15.83033,1145650.0
2020-08-26,15.93358,16.17447,15.76151,16.14006,614910.0
2020-08-27,16.10565,16.34654,16.03682,16.14006,443220.0
2020-08-28,16.002399999999998,16.14006,15.83033,15.83033,450980.0
2020-08-31,15.83033,16.03682,15.55502,15.623850000000001,692920.0
2020-09-01,15.520610000000001,15.83033,15.520610000000001,15.83033,659800.0
2020-09-03,16.3344,16.37038,16.01059,16.37038,956750.0
2020-09-04,16.04657,16.29842,15.97461,16.11853,335850.0
2020-09-07,16.1545,16.19048,15.68678,15.68678,474570.0
2020-09-08,15.68678,15.90265,15.61482,15.79472,342930.0
2020-09-09,15.68678,16.29842,15.68678,16.22646,848620.0
2020-09-10,16.29842,17.12593,16.29842,17.12593,1545260.0
2020-09-11,16.91006,17.05398,16.838099999999997,16.982020000000002,347880.0
2020-09-14,17.05398,17.05398,16.838099999999997,16.874080000000003,440080.0
2020-09-15,16.91006,17.23387,16.838099999999997,16.91006,787080.0
2020-09-16,16.874080000000003,16.982020000000002,16.76614,16.838099999999997,430610.0
2020-09-17,16.982020000000002,17.018,16.76614,16.91006,578030.0
2020-09-18,16.91006,17.48572,16.91006,17.30583,1098050.0
2020-09-21,17.30583,17.341810000000002,17.05398,17.16191,601860.0
2020-09-22,16.94604,17.12593,16.80212,17.018,642380.0
2020-09-23,16.982020000000002,17.12593,16.91006,17.05398,556570.0
2020-09-24,17.05398,17.41376,17.05398,17.30583,1051110.0
2020-09-25,17.30583,17.37779,17.018,17.12593,415100.0
2020-09-28,17.30583,17.30583,17.08995,17.12593,443050.0
2020-09-29,17.08995,17.16191,16.91006,16.91006,803470.0
2020-09-30,16.838099999999997,17.269849999999998,16.838099999999997,17.23387,494620.0
2020-10-01,17.269849999999998,17.55768,17.269849999999998,17.341810000000002,559230.0
2020-10-02,17.37779,17.41376,16.982020000000002,17.41376,858770.0
2020-10-05,17.449740000000002,18.205299999999998,17.41376,17.98943,1003420.0
2020-10-06,18.205299999999998,18.205299999999998,17.70159,17.77355,600240.0
2020-10-07,17.77355,17.845509999999997,17.48572,17.62964,587430.0
2020-10-08,17.62964,17.62964,17.30583,17.449740000000002,700500.0
2020-10-09,17.48572,17.59366,17.341810000000002,17.41376,323030.0
2020-10-12,17.62964,17.62964,17.23387,17.23387,482380.0
2020-10-13,17.23387,17.269849999999998,16.982020000000002,17.05398,320640.0
2020-10-14,17.19789,17.19789,17.018,17.12593,322390.0
2020-10-15,17.12593,17.269849999999998,17.018,17.018,285370.0
2020-10-16,16.94604,17.05398,16.76614,16.94604,462700.0
2020-10-19,16.94604,17.23387,16.91006,17.12593,299140.0
2020-10-20,17.269849999999998,17.269849999999998,16.94604,17.05398,400630.0
2020-10-21,17.05398,17.08995,16.91006,16.91006,287660.0
2020-10-22,16.982020000000002,16.982020000000002,16.76614,16.874080000000003,285370.0
2020-10-23,16.874080000000003,17.08995,16.874080000000003,17.05398,471190.0
2020-10-26,17.19789,17.19789,16.874080000000003,16.91006,605400.0
2020-10-27,16.838099999999997,16.874080000000003,16.76614,16.76614,722530.0
2020-10-28,16.76614,16.76614,15.90265,15.90265,1184680.0
2020-10-29,15.542860000000001,16.11853,15.47091,16.11853,833190.0
2020-10-30,16.22646,16.874080000000003,16.1545,16.874080000000003,878700.0
2020-11-02,16.76614,16.76614,16.47831,16.58625,253880.0
2020-11-03,16.58625,16.730169999999998,16.47831,16.65821,266890.0
2020-11-04,16.62223,17.08995,16.58625,17.018,442760.0
2020-11-05,17.018,17.12593,16.838099999999997,16.838099999999997,315900.0
2020-11-06,16.838099999999997,16.982020000000002,16.69419,16.91006,162670.0
2020-11-09,16.91006,17.98943,16.91006,17.91747,2268270.0
2020-11-10,18.34921,18.385189999999998,17.91747,17.95345,1386060.0
2020-11-11,17.98943,18.27726,17.98943,18.16932,1135700.0
2020-11-12,18.097360000000002,18.92488,18.097360000000002,18.92488,1715910.0
2020-11-13,19.06879,19.06879,18.744979999999998,18.92488,1054130.0
2020-11-16,18.996830000000003,19.42858,18.78096,19.14075,2080380.0
2020-11-17,19.28466,20.14816,18.996830000000003,19.75239,2085150.0
2020-11-18,19.75239,20.29207,19.71641,20.004240000000003,981120.0
2020-11-19,19.71641,19.78837,19.06879,19.35662,3067900.0
2020-11-20,19.28466,19.42858,18.888900000000003,19.35662,1293880.0
2020-11-23,19.42858,19.78837,19.17673,19.68043,787780.0
2020-11-24,19.5725,20.43599,19.464560000000002,19.78837,2692030.0
2020-11-25,20.14816,20.14816,19.42858,19.42858,1474320.0
2020-11-26,19.60847,20.14816,19.42858,19.71641,1041640.0
2020-11-27,19.86033,20.29207,19.68043,20.14816,1815370.0
2020-11-30,20.43599,20.43599,20.004240000000003,20.004240000000003,3297280.0
2020-12-01,19.86033,20.50795,19.68043,20.50795,4040970.0
2020-12-02,20.867729999999998,21.55133,20.83176,21.19154,4912230.0
2020-12-03,21.29948,21.587310000000002,20.867729999999998,21.227520000000002,4964610.0
2020-12-04,21.15556,21.227520000000002,20.68784,20.72382,3953960.0
2020-12-07,20.72382,21.11959,20.72382,20.975669999999997,5783650.0
2020-12-08,20.975669999999997,21.15556,20.83176,21.011650000000003,5156760.0
2020-12-09,20.975669999999997,21.011650000000003,20.79578,20.90371,4117910.0
2020-12-10,21.011650000000003,22.27091,21.011650000000003,21.69525,10777940.0
2020-12-11,22.01906,22.37885,21.98308,22.37885,10330800.0
2020-12-14,22.594720000000002,23.350270000000002,22.522759999999998,22.91853,7734180.0
2020-12-15,22.66668,24.10583,22.66668,23.88996,7050050.0
2020-12-16,24.03387,24.10583,23.02646,23.710060000000002,4699340.0
2020-12-17,23.3143,23.710060000000002,22.81059,22.81059,5670710.0
2020-12-18,23.02646,23.67408,22.81059,23.56615,3494080.0
2020-12-21,23.74604,25.11324,23.74604,24.60953,5056940.0
2020-12-22,24.717470000000002,24.717470000000002,24.06985,24.14181,3673780.0
2020-12-23,24.17779,24.17779,22.48678,23.17038,4694690.0
2020-12-24,22.88255,23.17038,21.55133,22.522759999999998,6889010.0
2020-12-25,22.522759999999998,23.38625,22.522759999999998,23.134400000000003,3886280.0
2020-12-28,23.38625,23.56615,22.66668,23.02646,3296720.0
2020-12-29,22.84657,23.997889999999998,22.594720000000002,23.53017,4724320.0
2020-12-30,23.38625,23.710060000000002,23.06244,23.17038,2177800.0
2020-12-31,23.38625,23.53017,22.84657,23.458209999999998,2518000.0
2021-01-04,23.74604,24.465619999999998,23.602130000000002,23.818,4226500.0
2021-01-05,23.818,24.78943,23.56615,24.3217,4851900.0
2021-01-06,24.60953,24.60953,23.818,24.03387,3641300.0
2021-01-07,24.24975,24.82541,23.38625,24.465619999999998,5753700.0
2021-01-08,24.75345,25.04128,24.10583,24.39366,4587500.0
2021-01-11,24.68149,24.717470000000002,24.17779,24.537580000000002,4088600.0
2021-01-12,24.82541,26.15663,24.75345,26.15663,7879300.0
2021-01-13,26.62435,26.840220000000002,25.580959999999997,25.832819999999998,5334400.0
2021-01-14,25.832819999999998,25.90477,25.32911,25.724880000000002,3097100.0
2021-01-15,25.76086,26.22858,25.54498,25.724880000000002,3847900.0
2021-01-18,25.724880000000002,25.724880000000002,25.11324,25.11324,3669100.0
2021-01-19,25.04128,25.04128,23.38625,23.38625,5956600.0
2021-01-20,23.098419999999997,23.74604,21.76721,22.48678,5114900.0
2021-01-21,22.73863,23.74604,22.37885,23.53017,2930000.0
2021-01-22,23.53017,23.74604,22.95451,23.098419999999997,2511900.0
2021-01-25,23.02646,24.465619999999998,22.70266,23.38625,4009100.0
2021-01-26,23.38625,23.710060000000002,22.522759999999998,23.17038,2603300.0
2021-01-27,22.95451,23.53017,21.9471,22.27091,2641400.0
2021-01-28,20.72382,21.29948,20.72382,20.72382,2662300.0
2021-01-29,19.28466,21.4434,19.28466,21.4434,4405300.0
2021-02-01,20.867729999999998,21.37144,19.968259999999997,19.968259999999997,4364400.0
2021-02-02,19.42858,20.004240000000003,18.60107,19.93228,3078300.0
2021-02-03,20.29207,21.04763,19.8963,20.90371,3536000.0
2021-02-04,20.867729999999998,21.91112,20.50795,21.87514,4194600.0
2021-02-05,21.69525,22.37885,21.55133,22.30689,2379300.0
2021-02-08,22.30689,22.30689,20.7598,21.2635,2714400.0
2021-02-09,21.2635,22.05504,21.15556,22.01906,2053700.0
2021-02-17,22.73863,23.53017,22.05504,23.53017,3496400.0
2021-02-18,23.74604,24.3217,23.17038,23.818,3318800.0
2021-02-19,23.38625,24.3217,23.350270000000002,24.10583,3302700.0
2021-02-22,24.10583,24.465619999999998,23.42223,24.03387,2069300.0
2021-02-23,23.88996,24.03387,23.38625,23.74604,1858900.0
2021-02-24,23.78202,24.03387,23.38625,23.49419,2287600.0
2021-02-25,23.74604,24.06985,23.3143,23.74604,2041000.0
2021-02-26,23.3143,24.42964,23.3143,24.10583,2507700.0
2021-03-01,24.465619999999998,24.82541,24.3217,24.717470000000002,3084500.0
2021-03-02,24.82541,24.82541,24.24975,24.465619999999998,1940500.0
2021-03-03,24.57356,24.57356,24.10583,24.17779,2364900.0
2021-03-04,24.17779,24.537580000000002,22.88255,23.24234,2564700.0
2021-03-05,23.098419999999997,23.53017,22.30689,23.53017,2472100.0
2021-03-08,23.85398,23.88996,22.91853,23.134400000000003,2298300.0
2021-03-09,22.95451,22.99049,22.37885,22.81059,2346400.0
2021-03-10,22.81059,23.17038,22.4508,23.098419999999997,1148200.0
2021-03-11,23.098419999999997,23.53017,23.02646,23.17038,1781000.0
2021-03-12,23.3143,23.3143,22.88255,23.02646,1763400.0
2021-03-15,23.02646,23.458209999999998,22.88255,22.99049,1528800.0
2021-03-16,23.02646,23.67408,22.88255,23.602130000000002,2630500.0
2021-03-17,23.602130000000002,24.06985,23.602130000000002,23.997889999999998,2915000.0
2021-03-18,24.17779,24.24975,23.74604,23.88996,1467400.0
2021-03-19,23.74604,23.88996,23.49419,23.710060000000002,1836100.0
2021-03-22,24.3217,25.11324,24.24975,24.89737,5846400.0
2021-03-23,24.89737,24.96932,24.03387,24.60953,2503700.0
2021-03-24,24.03387,24.465619999999998,23.458209999999998,23.88996,1845300.0
2021-03-25,23.88996,24.03387,23.3143,23.74604,2056300.0
2021-03-26,23.38625,23.602130000000002,22.522759999999998,23.38625,2443000.0
2021-03-29,23.67408,23.74604,23.458209999999998,23.74604,998000.0
2021-03-30,23.74604,24.68149,23.602130000000002,24.357680000000002,4080500.0
2021-03-31,24.357680000000002,24.82541,24.24975,24.357680000000002,2916600.0
2021-04-01,24.357680000000002,25.0053,24.17779,24.93334,3630100.0
2021-04-02,25.40107,25.40107,24.75345,25.04128,2308700.0
2021-04-05,25.04128,25.11324,24.5016,24.78943,2362000.0
2021-04-06,24.465619999999998,24.78943,24.42964,24.75345,2608200.0
2021-04-07,24.60953,26.048689999999997,24.60953,25.79684,5418300.0
2021-04-08,25.86879,25.90477,25.257150000000003,25.40107,2073800.0
2021-04-09,25.185200000000002,26.1926,25.04128,25.6889,2762900.0
2021-04-12,25.76086,25.832819999999998,25.36509,25.6889,2607300.0
2021-04-13,25.832819999999998,25.90477,25.04128,25.11324,2997600.0
2021-04-14,24.60953,25.04128,24.537580000000002,24.89737,1693600.0
2021-04-15,24.89737,25.90477,24.17779,24.645509999999998,2739000.0
2021-04-16,24.537580000000002,24.93334,23.53017,24.10583,2765600.0
2021-04-19,23.96192,24.39366,23.74604,24.3217,1425700.0
2021-04-20,24.3217,24.60953,23.74604,23.96192,1863500.0
2021-04-22,23.74604,24.10583,23.02646,23.02646,2481300.0
2021-04-23,23.02646,24.21377,22.81059,24.10583,2337100.0
2021-04-26,24.465619999999998,24.465619999999998,23.67408,23.74604,1204100.0
2021-04-27,23.602130000000002,24.3217,23.53017,23.997889999999998,1499100.0
2021-04-28,23.925939999999997,24.28572,23.925939999999997,24.24975,1865500.0
2021-04-29,24.24975,24.60953,24.24975,24.60953,2485800.0
2021-05-04,24.03387,24.42964,23.96192,24.39366,1503600.0
2021-05-05,24.465619999999998,25.61694,24.39366,25.257150000000003,3516500.0
2021-05-06,25.29313,25.32911,24.78943,24.93334,1994100.0
2021-05-07,24.93334,25.11324,24.465619999999998,24.537580000000002,1644700.0
2021-05-10,24.465619999999998,25.652919999999998,24.24975,25.652919999999998,4539900.0
2021-05-11,25.90477,27.16403,25.6889,26.33652,6475800.0
2021-05-12,26.08467,27.092080000000003,26.08467,27.092080000000003,3040300.0
2021-05-13,26.80424,26.98414,26.1926,26.1926,3220800.0
2021-05-14,26.62435,26.62435,25.6889,25.6889,3508400.0
2021-05-17,25.86879,27.056099999999997,25.76086,26.98414,4562300.0
2021-05-18,26.98414,27.667740000000002,26.840220000000002,27.20001,3736200.0
2021-05-19,27.056099999999997,27.34393,26.80424,27.27197,1897800.0
2021-05-20,27.34393,28.02753,27.34393,27.91959,3613100.0
2021-05-21,27.91959,28.56721,26.98414,27.30795,3738300.0
2021-05-24,27.34393,28.0635,26.98414,27.81165,2736600.0
2021-05-25,27.88361,28.42329,27.81165,28.02753,2834700.0
2021-05-26,27.70372,27.91959,27.34393,27.37991,2582600.0
2021-05-27,27.34393,27.5598,26.44446,26.55239,3619200.0
2021-05-28,27.34393,27.34393,26.480430000000002,27.128049999999998,2601100.0
2021-05-31,27.20001,27.27197,26.480430000000002,26.660330000000002,2129400.0
2021-06-01,26.69631,27.34393,26.69631,26.98414,1790800.0
2021-06-02,26.98414,28.0635,26.91218,28.02753,3894100.0
2021-06-03,28.387310000000003,29.35874,28.27938,28.99895,3324200.0
2021-06-04,28.855040000000002,28.99895,28.20742,28.962979999999998,3406200.0
2021-06-07,29.46668,29.46668,27.34393,28.78308,3750600.0
2021-06-08,28.45927,29.14287,27.70372,27.775669999999998,2818100.0
2021-06-09,27.775669999999998,28.42329,27.34393,28.0635,1977900.0
2021-06-10,27.91959,29.14287,27.775669999999998,28.927,3021400.0
2021-06-11,29.14287,30.1143,29.14287,29.718529999999998,3080900.0
2021-06-14,30.51007,31.301599999999997,29.86245,30.33017,3614600.0
2021-06-15,30.33017,30.797900000000002,29.86245,30.33017,2227500.0
2021-06-16,30.58202,31.22964,30.33017,30.36615,3034400.0
2021-06-17,29.86245,31.913240000000002,29.86245,31.66139,4641000.0
2021-06-18,31.66139,31.87726,31.40954,31.58943,2057200.0
2021-06-21,31.085729999999998,31.66139,30.94181,30.977790000000002,2336900.0
2021-06-22,31.15769,31.87726,31.01377,31.337580000000003,3038700.0
2021-06-23,31.66139,31.66139,30.33017,30.83388,2561000.0
2021-06-24,30.90583,31.085729999999998,30.51007,30.51007,1677200.0
2021-06-25,30.51007,30.90583,30.43811,30.68996,1430100.0
2021-06-28,31.085729999999998,31.66139,30.58202,31.66139,2170800.0
2021-06-29,31.66139,31.66139,30.86985,30.94181,1337800.0
2021-06-30,30.94181,31.301599999999997,30.86985,30.94181,1475200.0
2021-07-01,31.301599999999997,32.237049999999996,30.797900000000002,32.16509,5087700.0
2021-07-02,32.38097,32.38097,32.02118,32.05716,1950700.0
2021-07-05,32.38097,32.74075,31.69737,32.02118,3670300.0
2021-07-06,32.45292,32.45292,29.790490000000002,29.790490000000002,2992500.0
2021-07-07,30.078319999999998,30.222240000000003,28.42329,30.15028,3613500.0
2021-07-08,30.222240000000003,30.83388,29.86245,30.1143,2557500.0
2021-07-09,29.790490000000002,30.15028,28.42329,28.78308,3335500.0
2021-07-12,28.63917,28.711119999999998,26.98414,27.91959,4660500.0
2021-07-13,28.0635,28.711119999999998,27.955569999999998,28.56721,1667800.0
2021-07-14,28.78308,29.14287,27.847630000000002,28.20742,2195000.0
2021-07-15,27.775669999999998,29.14287,27.775669999999998,29.07091,1346500.0
2021-07-16,29.50266,29.790490000000002,29.214830000000003,29.64657,1746600.0
2021-07-19,28.81906,31.085729999999998,28.49525,30.00636,4987200.0
2021-07-20,30.15028,30.58202,29.28679,30.51007,2374900.0
2021-07-21,30.65398,31.085729999999998,30.43811,31.01377,2536300.0
2021-07-22,31.01377,31.76933,30.65398,31.37356,2376700.0
2021-07-23,31.301599999999997,31.445520000000002,30.58202,30.58202,2891100.0
2021-07-26,30.29419,32.56086,30.15028,32.237049999999996,5618100.0
2021-07-27,32.41695,32.74075,32.09314,32.237049999999996,3947300.0
2021-07-28,31.94922,32.30901,31.69737,31.733349999999998,1796100.0
2021-07-29,31.87726,32.812709999999996,31.62541,32.4889,3482700.0
2021-07-30,32.52488,33.82012,32.52488,33.1725,4955500.0
2021-08-02,33.10054,34.75557,32.95663,34.03599,4890600.0
2021-08-03,34.251870000000004,34.89949,33.67621,34.32382,5214300.0
2021-08-04,34.50372,34.50372,33.712180000000004,33.8561,4266000.0
2021-08-05,33.67621,34.61166,33.46033,34.07197,2653200.0
2021-08-06,34.07197,35.43917,33.78414,34.75557,5999000.0
2021-08-09,34.75557,35.58308,34.75557,35.331230000000005,3157500.0
2021-08-10,35.61906,36.69843,35.11536,36.33864,6002400.0
2021-08-11,36.55451,37.13017,35.58308,35.58308,6203300.0
2021-08-12,35.40319,36.122769999999996,34.539699999999996,34.75557,6291200.0
2021-08-13,34.790870000000005,36.15594,33.94231,36.15594,4997000.0
2021-08-16,37.04139,37.04139,35.67632,35.971470000000004,3635000.0
2021-08-17,35.934580000000004,35.934580000000004,34.68019,35.56564,2787200.0
2021-08-18,35.04913,35.787,35.04913,35.270489999999995,3458900.0
2021-08-19,35.04913,35.41807,34.71708,34.71708,3645200.0
2021-08-20,35.04913,35.60253,34.0161,34.938449999999996,5276400.0
2021-08-23,34.90155,35.75011,34.53261,34.90155,3640400.0
2021-08-24,34.938449999999996,35.56564,34.56951,34.6433,4011500.0
2021-08-25,34.753980000000006,35.38117,34.385040000000004,35.34428,2512600.0
2021-08-26,35.71322,37.77927,35.56564,37.63169,10599400.0
2021-08-27,37.63169,38.36957,37.11518,37.70548,4565800.0
2021-08-30,38.000629999999994,38.51715,37.63169,38.222,3434300.0
2021-08-31,37.85306,38.8123,37.85306,38.074419999999996,5871200.0
2021-09-01,38.000629999999994,39.9929,37.92685,39.10745,5790600.0
2021-09-06,39.255019999999995,39.84532,38.66472,38.88608,4099300.0
2021-09-07,38.66472,38.66472,37.484120000000004,37.484120000000004,6740700.0
2021-09-08,37.484120000000004,38.29578,37.04139,37.26276,2841100.0
2021-09-09,37.63169,38.29578,37.33654,37.92685,2460200.0
2021-09-10,38.074419999999996,38.14821,37.484120000000004,37.63169,2028000.0
2021-09-13,37.63169,38.738510000000005,36.783139999999996,38.36957,4764600.0
2021-09-14,38.51715,38.738510000000005,37.63169,37.92685,1919700.0
2021-09-15,37.85306,38.36957,37.63169,37.92685,1554100.0
2021-09-16,37.92685,39.10745,37.77927,39.033660000000005,4854000.0
2021-09-17,39.4026,39.4026,38.66472,38.8123,1842900.0
2021-09-20,39.10745,39.10745,37.484120000000004,37.55791000000001,3815300.0
2021-09-21,36.96761,37.77927,36.524879999999996,36.74624,5013100.0
2021-09-22,36.96761,37.18897,36.67246,37.04139,2261500.0
2021-09-23,37.04139,37.55791000000001,36.74624,37.04139,2085500.0
2021-09-24,36.89382,37.04139,35.41807,36.15594,3742600.0
2021-09-27,36.15594,36.67246,35.122910000000005,35.122910000000005,2045500.0
2021-09-28,34.90155,36.19284,34.68019,36.15594,1999000.0
2021-09-29,35.56564,36.15594,35.52875,35.897690000000004,1367100.0
2021-09-30,35.971470000000004,37.04139,35.934580000000004,36.59867,1232100.0
2021-10-01,36.377300000000005,36.856919999999995,35.787,35.934580000000004,1634600.0
2021-10-04,35.934580000000004,37.11518,35.934580000000004,36.377300000000005,2609100.0
2021-10-05,36.15594,36.377300000000005,35.60253,35.60253,3092800.0
2021-10-06,35.63943,35.934580000000004,35.1967,35.41807,2581600.0
2021-10-07,35.49185,36.783139999999996,35.41807,36.67246,3768400.0
2021-10-08,36.89382,38.36957,36.89382,37.77927,4968600.0
2021-10-11,38.000629999999994,38.14821,37.26276,37.63169,2910600.0
2021-10-12,37.63169,37.63169,36.89382,37.26276,4179100.0
2021-10-13,37.41033,37.85306,36.96761,37.26276,3521700.0
2021-10-14,37.26276,38.36957,37.11518,37.77927,4930100.0
2021-10-15,37.92685,38.14821,37.33654,37.55791000000001,2379200.0
2021-10-18,37.63169,38.738510000000005,37.55791000000001,38.000629999999994,7102100.0
2021-10-19,38.14821,38.51715,37.77927,38.000629999999994,2729300.0
2021-10-20,38.000629999999994,38.14821,36.96761,37.33654,3270800.0
2021-10-21,37.33654,37.33654,36.74624,36.96761,3902600.0
2021-10-22,36.96761,37.04139,36.377300000000005,36.67246,3895500.0
2021-10-25,36.524879999999996,37.85306,36.30352,36.89382,3030000.0
2021-10-26,36.89382,37.63169,36.414199999999994,37.18897,2020100.0
2021-10-27,37.26276,38.000629999999994,37.26276,37.70548,4309800.0
2021-10-28,37.70548,38.88608,37.63169,38.59093,6615400.0
2021-10-29,38.8123,39.255019999999995,38.14821,38.59093,3814500.0
2021-11-01,39.033660000000005,39.033660000000005,37.85306,38.074419999999996,3998900.0
2021-11-02,38.074419999999996,38.59093,38.000629999999994,38.36957,3912400.0
2021-11-03,38.36957,38.738510000000005,37.33654,37.33654,4239100.0
2021-11-04,37.484120000000004,38.000629999999994,37.04139,37.55791000000001,2745300.0
2021-11-05,37.70548,37.92685,37.26276,37.63169,2472800.0
2021-11-08,37.63169,38.95987,37.63169,38.51715,5149200.0
2021-11-09,39.255019999999995,40.50941,38.95987,40.21426,8318100.0
2021-11-10,40.21426,40.50941,39.69775,40.06669,2920000.0
2021-11-11,39.62396,40.21426,39.10745,39.47639,4234800.0
2021-11-12,39.10745,39.32881,38.36957,38.88608,4570800.0
2021-11-15,38.88608,39.69775,38.738510000000005,39.033660000000005,3786500.0
2021-11-16,39.033660000000005,41.32108,38.222,40.65699,7671600.0
2021-11-17,40.65699,40.730779999999996,39.91911,39.9929,2856600.0
2021-11-18,40.14047,40.14047,39.255019999999995,39.32881,2830300.0
2021-11-19,39.10745,39.181230000000006,36.59867,36.67246,7902200.0
2021-11-22,36.30352,36.67246,35.04913,35.52875,5543600.0
2021-11-23,35.56564,37.63169,35.56564,37.63169,1975300.0
2021-11-24,37.77927,37.92685,37.33654,37.85306,2360200.0
2021-11-25,37.85306,37.85306,37.26276,37.63169,1852100.0
2021-11-26,37.63169,37.63169,36.45108999999999,36.487989999999996,2602300.0
2021-11-29,35.787,37.18897,35.787,36.820029999999996,1749200.0
2021-11-30,37.26276,37.77927,36.67246,36.74624,2333400.0
2021-12-01,36.74624,36.89382,36.377300000000005,36.59867,1231600.0
2021-12-02,36.59867,37.04139,36.524879999999996,36.783139999999996,1092300.0
2021-12-03,36.89382,37.18897,36.15594,36.15594,1862700.0
2021-12-06,36.19284,36.524879999999996,33.94231,34.975339999999996,2533300.0
2021-12-07,35.63943,35.63943,34.90155,35.41807,2091100.0
2021-12-08,35.63943,36.15594,35.49185,36.11905,946900.0
2021-12-09,35.787,36.15594,35.787,36.04526,774400.0
2021-12-10,36.00837,36.22973,35.63943,35.934580000000004,1324900.0
2021-12-13,36.15594,36.26662,35.787,36.08215,1451900.0
2021-12-14,36.15594,36.15594,35.63943,35.934580000000004,1679600.0
2021-12-15,36.15594,37.55791000000001,36.11905,37.11518,2445400.0
2021-12-16,37.41033,37.41033,36.524879999999996,36.524879999999996,990700.0
2021-12-17,36.377300000000005,36.63556,36.15594,36.377300000000005,1262100.0
2021-12-20,36.377300000000005,36.377300000000005,35.49185,35.56564,1905100.0
2021-12-21,35.56564,35.63943,35.04913,35.15981,1778600.0
2021-12-22,35.15981,35.86079,35.122910000000005,35.233599999999996,1460800.0
2021-12-23,35.270489999999995,35.270489999999995,33.204440000000005,34.16368,2654700.0
2021-12-24,34.08989,34.53261,33.4258,33.757839999999995,2414400.0
2021-12-27,33.94231,34.08989,33.46269,33.79474,1084100.0
2021-12-28,33.573370000000004,34.16368,33.573370000000004,33.757839999999995,1222400.0
2021-12-29,33.83163,34.08989,33.720949999999995,33.90542,826300.0
2021-12-30,33.97921,35.122910000000005,33.97921,34.90155,1410700.0
2021-12-31,34.753980000000006,34.90155,34.31125,34.90155,969600.0
2022-01-04,35.04913,35.15981,34.68019,34.975339999999996,1193000.0
2022-01-05,35.04913,35.38117,34.827760000000005,35.122910000000005,1718500.0
2022-01-06,35.04913,35.122910000000005,34.53261,34.53261,1897700.0
2022-01-07,34.53261,35.971470000000004,34.53261,35.52875,2117300.0
2022-01-10,35.52875,35.52875,34.31125,34.31125,1203500.0
2022-01-11,34.08989,34.68019,33.79474,33.79474,1008500.0
2022-01-12,33.86853,34.34814,32.09762,32.72482,2682300.0
2022-01-13,33.204440000000005,33.49959,32.46656,32.46656,1660400.0
2022-01-14,32.39277,32.46656,31.58111,31.58111,1693300.0
2022-01-17,31.72868,32.318979999999996,29.88399,29.88399,2185900.0
2022-01-18,29.47816,30.69566,29.47816,30.36361,1618700.0
2022-01-19,30.36361,31.35975,30.36361,30.621869999999998,927700.0
2022-01-20,30.99081,31.28596,30.84323,31.0277,647100.0
2022-01-21,31.32285,31.433529999999998,30.99081,30.99081,602300.0
2022-01-24,31.06459,31.06459,29.99467,30.17914,1133000.0
2022-01-25,29.810209999999998,31.765580000000003,29.810209999999998,31.72868,1209500.0
2022-01-26,32.35588,32.35588,30.99081,30.99081,1047600.0
2022-01-27,30.99081,31.83937,30.99081,31.212169999999997,925200.0
2022-01-28,31.35975,31.91315,31.0277,31.72868,1276600.0
2022-02-07,32.35588,33.94231,32.35588,33.94231,1355200.0
2022-02-08,34.27436,35.04913,33.94231,34.42193,1632900.0
2022-02-09,34.68019,35.787,34.31125,35.787,2810900.0
2022-02-10,35.71322,35.71322,35.04913,35.233599999999996,1635600.0
2022-02-11,35.233599999999996,35.934580000000004,35.04913,35.67632,1659800.0
2022-02-14,35.56564,36.67246,34.6064,36.08215,2783900.0
2022-02-15,36.08215,36.22973,35.63943,36.08215,1162000.0
2022-02-16,35.787,36.70935,35.787,36.45108999999999,1462200.0
2022-02-17,36.89382,37.85306,36.70935,37.77927,3545000.0
2022-02-18,37.63169,38.44336,37.26276,38.29578,3444800.0
2022-02-21,38.222,38.738510000000005,37.77927,37.77927,1489200.0
2022-02-22,37.26276,38.66472,36.524879999999996,38.51715,3583400.0
2022-02-23,38.51715,39.32881,38.29578,38.44336,2823400.0
2022-02-24,38.000629999999994,38.95987,37.04139,37.92685,2961300.0
2022-02-25,38.36957,38.88608,37.04139,37.26276,2841200.0
2022-02-28,37.33654,37.77927,36.08215,36.67246,3043400.0
2022-03-01,37.26276,38.000629999999994,36.63556,36.89382,2258800.0
2022-03-02,36.67246,37.63169,36.00837,37.55791000000001,2071300.0
2022-03-03,37.33654,40.14047,36.96761,40.14047,6625300.0
2022-03-04,41.54244,42.058949999999996,40.361839999999994,40.5832,3852900.0
2022-03-07,40.50941,42.79683,40.21426,41.32108,3521400.0
2022-03-08,40.87835,41.468650000000004,38.8123,38.8123,4881800.0
2022-03-09,39.033660000000005,41.468650000000004,38.8123,41.468650000000004,6222700.0
2022-03-10,42.058949999999996,42.57547,40.21426,40.5832,4931700.0
2022-03-11,40.5832,41.61623,40.21426,41.09971,3028400.0
2022-03-14,40.5832,41.468650000000004,38.29578,38.29578,6156600.0
2022-03-15,37.26276,38.88608,36.15594,38.66472,4176100.0
2022-03-16,39.033660000000005,40.06669,38.59093,39.47639,2357300.0
2022-03-17,39.55017,39.84532,38.66472,39.10745,2264900.0
2022-03-18,39.4026,40.21426,38.88608,39.77154,2628000.0
2022-03-21,39.84532,40.361839999999994,39.47639,40.14047,2407700.0
2022-03-22,40.14047,41.1735,39.32881,40.288050000000005,3443500.0
2022-03-23,40.5832,40.95214,39.55017,39.55017,2233600.0
2022-03-24,39.62396,41.61623,38.95987,41.1735,5789100.0
2022-03-25,41.1735,41.39486,39.84532,40.43562,3140800.0
2022-03-28,39.55017,41.7638,39.55017,41.54244,5191400.0
2022-03-29,41.69001,43.90364,41.61623,43.53471,5425200.0
2022-03-30,43.53471,44.19879,42.058949999999996,42.42789,3404100.0
2022-03-31,42.79683,43.38713,42.42789,43.09198000000001,2149600.0
2022-04-01,42.42789,43.75607,42.058949999999996,42.79683,2562300.0
2022-04-04,42.87062,44.12501,42.42789,43.46092,3446600.0
2022-04-05,43.90364,45.30561,43.165769999999995,43.90364,3848300.0
2022-04-06,43.829860000000004,44.7891,42.64925,42.87062,3138800.0
2022-04-07,42.87062,43.23955,40.5832,41.468650000000004,3956200.0
2022-04-08,41.69001,41.911379999999994,40.21426,40.43562,2202100.0
2022-04-12,40.43562,41.1735,38.44336,38.44336,1925200.0
2022-04-13,38.738510000000005,41.09971,38.59093,41.09971,2542200.0
2022-04-14,42.058949999999996,42.20653,41.02593,41.69001,1500200.0
2022-04-15,41.32108,43.165769999999995,41.02593,42.28032,2769800.0
2022-04-18,42.058949999999996,43.018190000000004,41.02593,41.39486,2269300.0
2022-04-19,41.7638,43.829860000000004,41.69001,42.42789,3745800.0
2022-04-20,42.64925,43.46092,40.5832,41.02593,2570300.0
2022-04-21,40.21426,42.058949999999996,39.32881,41.02593,2008600.0
2022-04-22,40.65699,41.32108,38.222,38.66472,5448200.0
2022-04-25,38.51715,38.59093,35.971470000000004,35.971470000000004,4328000.0
2022-04-26,34.0161,38.44336,34.0161,38.000629999999994,2805500.0
2022-04-27,37.63169,39.84532,37.484120000000004,39.32881,1702400.0
2022-04-28,39.69775,40.804559999999995,39.62396,39.69775,2595800.0
2022-04-29,39.47639,40.43562,39.4026,40.14047,1834400.0
2022-05-04,40.50941,42.20653,39.47639,41.69001,2454200.0
2022-05-05,42.42789,42.42789,40.50941,41.09971,2748000.0
2022-05-06,39.9929,42.72304,39.9929,41.39486,4339200.0
2022-05-09,40.5832,40.95214,38.59093,39.47639,3568900.0
2022-05-10,38.59093,40.65699,37.70548,40.5832,1708900.0
2022-05-11,40.87835,41.911379999999994,40.5832,41.69001,2018900.0
2022-05-12,41.1735,43.46092,41.02593,41.24729,5734700.0
2022-05-13,41.32108,41.69001,38.36957,38.36957,3165800.0
2022-05-16,39.84532,40.21426,35.71322,35.71322,3057200.0
2022-05-17,34.68019,38.14821,33.241330000000005,38.14821,3938200.0
2022-05-18,38.59093,39.47639,37.70548,37.77927,1982700.0
2022-05-19,36.67246,38.36957,36.67246,37.63169,1728900.0
2022-05-20,37.63169,38.29578,36.524879999999996,36.74624,1914500.0
2022-05-23,36.89382,38.29578,36.524879999999996,37.26276,1204600.0
2022-05-24,37.26276,38.000629999999994,36.89382,37.92685,858900.0
2022-05-25,38.000629999999994,40.43562,38.000629999999994,40.21426,3751300.0
2022-05-26,39.84532,40.5832,39.47639,39.62396,1739700.0
2022-05-27,39.77154,41.54244,39.62396,40.804559999999995,3247100.0
2022-05-30,40.804559999999995,42.20653,40.06669,41.7638,2402100.0
2022-05-31,41.7638,43.09198000000001,41.1735,41.1735,3087000.0
2022-06-01,41.1735,43.165769999999995,40.5832,43.165769999999995,4321700.0
2022-06-02,43.165769999999995,44.12501,42.42789,42.42789,2953400.0
2022-06-03,42.42789,43.75607,41.7638,43.165769999999995,3116200.0
2022-06-06,43.38713,45.60076,43.165769999999995,44.12501,7791200.0
2022-06-07,44.12501,45.379400000000004,42.79683,45.30561,4032200.0
2022-06-08,45.74833,45.89591,44.272580000000005,44.34637,2869800.0
2022-06-09,44.42016,44.42016,43.165769999999995,43.53471,3673900.0
2022-06-10,42.79683,44.12501,40.5832,40.5832,4882400.0
2022-06-13,39.77154,40.43562,38.000629999999994,38.000629999999994,5711500.0
2022-06-14,37.63169,39.69775,37.41033,39.181230000000006,2865700.0
2022-06-15,39.47639,39.69775,37.92685,38.738510000000005,2116400.0
2022-06-16,39.69775,40.730779999999996,39.47639,40.14047,2479800.0
2022-06-17,39.10745,41.1735,38.88608,40.95214,3565000.0
2022-06-20,41.24729,41.61623,39.84532,39.91911,2907800.0
2022-06-21,39.62396,40.14047,37.18897,37.41033,4110400.0
2022-06-22,38.222,38.222,36.524879999999996,36.59867,2980000.0
2022-06-23,36.22973,39.10745,36.19284,39.10745,1587700.0
2022-06-24,39.181230000000006,39.69775,38.36957,38.36957,1777300.0
2022-06-27,38.738510000000005,39.255019999999995,38.36957,38.738510000000005,1097200.0
2022-06-28,38.8123,39.10745,37.26276,39.033660000000005,2772000.0
2022-06-29,38.88608,41.32108,38.074419999999996,40.21426,2413500.0
2022-06-30,40.43562,40.730779999999996,38.36957,38.36957,1914300.0
2022-07-01,38.29578,38.738510000000005,37.33654,37.92685,1650000.0
2022-07-04,38.074419999999996,38.51715,36.89382,37.484120000000004,1684000.0
2022-07-05,37.484120000000004,38.000629999999994,36.15594,36.26662,2049400.0
2022-07-06,36.00837,36.22973,33.94231,33.97921,2427700.0
2022-07-07,34.08989,35.34428,33.94231,34.827760000000005,1244200.0
2022-07-08,35.08602,35.75011,34.68019,35.1967,1170300.0
2022-07-11,35.270489999999995,35.63943,34.827760000000005,35.49185,1225400.0
2022-07-12,35.38117,36.377300000000005,35.270489999999995,36.22973,1417700.0
2022-07-13,36.524879999999996,36.89382,35.934580000000004,36.377300000000005,930400.0
2022-07-14,36.15594,36.487989999999996,35.71322,36.487989999999996,847600.0
2022-07-15,36.524879999999996,36.67246,36.15594,36.15594,952400.0
2022-07-18,36.15594,36.414199999999994,35.934580000000004,35.934580000000004,744500.0
2022-07-19,35.787,36.30352,35.787,36.15594,750600.0
2022-07-20,36.45108999999999,37.85306,36.30352,37.63169,1526100.0
2022-07-21,37.63169,37.63169,36.856919999999995,37.33654,755500.0
2022-07-22,37.63169,38.66472,37.484120000000004,37.484120000000004,1180400.0
2022-07-25,37.26276,37.55791000000001,36.89382,36.89382,435400.0
2022-07-26,37.11518,37.70548,36.89382,37.18897,677300.0
2022-07-27,36.89382,37.484120000000004,36.524879999999996,36.89382,453900.0
2022-07-28,37.70548,37.70548,35.04913,36.89382,927900.0
2022-07-29,37.26276,38.14821,36.89382,36.89382,1519800.0
2022-08-01,37.63169,38.738510000000005,37.63169,38.738510000000005,1816000.0
2022-08-02,38.59093,38.95987,37.85306,38.36957,1404400.0
2022-08-03,37.85306,39.255019999999995,37.85306,38.95987,1487900.0
2022-08-04,39.10745,39.10745,37.85306,38.074419999999996,1674300.0
2022-08-05,38.36957,38.66472,38.074419999999996,38.29578,1128700.0
2022-08-08,38.29578,38.59093,37.85306,38.36957,1790500.0
2022-08-09,38.51715,39.181230000000006,38.51715,38.66472,1394100.0
2022-08-10,38.59093,38.95987,38.29578,38.36957,514200.0
2022-08-11,38.738510000000005,38.88608,37.85306,38.000629999999994,1459000.0
2022-08-12,38.000629999999994,38.29578,37.70548,38.222,904700.0
2022-08-15,38.222,39.10745,38.222,38.738510000000005,1214300.0
2022-08-16,38.738510000000005,39.69775,38.66472,39.255019999999995,2285700.0
2022-08-17,39.47639,39.62396,38.8123,38.8123,920300.0
2022-08-18,38.8123,38.88608,38.36957,38.738510000000005,822700.0
2022-08-19,38.738510000000005,39.32881,38.36957,38.36957,832100.0
2022-08-22,38.14821,38.51715,37.63169,37.92685,849000.0
2022-08-23,37.63169,38.66472,37.484120000000004,38.66472,777700.0
2022-08-24,38.66472,38.738510000000005,38.29578,38.44336,766500.0
2022-08-25,38.59093,39.033660000000005,38.222,38.88608,1257600.0
2022-08-26,39.033660000000005,39.10745,38.222,38.36957,798300.0
2022-08-29,38.222,38.222,37.11518,37.70548,1294700.0
2022-08-30,37.92685,38.14821,37.04139,37.04139,1006800.0
2022-08-31,37.04139,37.77927,36.89382,37.484120000000004,633200.0
2022-09-05,37.63169,38.14821,37.26276,37.70548,823300.0
2022-09-06,37.70548,38.000629999999994,37.484120000000004,37.484120000000004,611700.0
2022-09-07,37.484120000000004,37.484120000000004,35.86079,35.897690000000004,1838300.0
2022-09-08,36.15594,36.26662,35.1967,35.41807,983800.0
2022-09-09,35.897690000000004,36.524879999999996,35.45496,36.524879999999996,726600.0
2022-09-12,36.30352,36.524879999999996,36.08215,36.26662,922869.0
2022-09-13,36.15594,36.487989999999996,36.15594,36.19284,409995.0
2022-09-14,35.71322,36.74624,35.63943,36.67246,708365.0
2022-09-15,36.89382,36.89382,36.561769999999996,36.67246,624981.0
2022-09-16,36.524879999999996,36.524879999999996,36.08215,36.15594,701360.0
2022-09-19,36.04526,36.15594,34.53261,34.68019,1317485.0
2022-09-20,35.233599999999996,35.41807,34.71708,35.41807,697526.0
2022-09-21,34.90155,35.56564,34.90155,35.38117,669915.0
2022-09-22,35.04913,36.26662,35.04913,36.15594,513005.0
2022-09-23,36.30352,36.524879999999996,35.86079,35.934580000000004,507282.0
2022-09-26,35.45496,35.63943,34.53261,34.975339999999996,753323.0
2022-09-27,34.975339999999996,35.270489999999995,34.68019,34.975339999999996,458491.0
2022-09-28,34.975339999999996,35.233599999999996,34.08989,34.31125,695658.0
2022-09-29,34.53261,35.233599999999996,34.53261,34.938449999999996,962192.0
2022-09-30,34.790870000000005,35.49185,34.753980000000006,35.41807,1358221.0
2022-10-03,35.41807,36.63556,34.6064,35.01223,1546259.0
2022-10-04,35.787,36.377300000000005,34.827760000000005,35.86079,1718596.0
2022-10-05,36.561769999999996,36.856919999999995,36.11905,36.856919999999995,1170609.0
2022-10-06,37.04139,37.04139,34.68019,36.15594,1167169.0
2022-10-07,35.551190000000005,36.53451999999999,34.6435,35.891580000000005,1246260.0
2022-10-10,35.475550000000005,37.48003,35.02171,36.68581,1079398.0
2022-10-11,36.68581,36.95055,35.551190000000005,35.66465,777175.0
2022-10-12,35.66465,36.837089999999996,35.66465,36.3076,564281.0
2022-10-13,36.64799,36.68581,35.740300000000005,36.61017,608322.0
2022-10-14,36.68581,36.761449999999996,35.9294,36.08068,691757.0
2022-10-17,36.3076,36.3076,35.551190000000005,36.15632,460678.0
2022-10-18,36.34542,36.64799,36.08068,36.08068,758455.0
2022-10-19,36.08068,36.68581,36.08068,36.61017,630799.0
2022-10-20,36.61017,36.91273,36.45888,36.79927,579917.0
2022-10-21,36.79927,36.79927,34.22748,34.794779999999996,1373130.0
2022-10-24,35.09735,35.09735,32.37428,32.37428,953091.0
2022-10-25,32.48774,32.6012,30.14287,32.223,1769012.0
2022-10-26,32.14736,32.7903,32.14736,32.52556,970784.0
2022-10-27,32.33646,34.719139999999996,32.14736,34.719139999999996,518886.0
2022-10-28,34.719139999999996,35.17299,34.56786,35.09735,743046.0
2022-10-31,34.2653,35.32427,34.2653,34.75696,328943.0
2022-11-01,34.98389,35.17299,34.90825,34.98389,316022.0
2022-11-02,35.02171,35.02171,34.60568,34.60568,538452.0
2022-11-03,34.49222,35.77812,34.2653,35.77812,488729.0
2022-11-04,34.90825,36.837089999999996,33.66017,36.837089999999996,2451510.0
2022-11-07,36.00504,36.26978,35.70248,36.23196,894046.0
2022-11-08,35.9294,36.45888,35.24863,35.24863,595268.0
2022-11-09,34.94607,36.23196,34.2653,34.41658,320531.0
2022-11-10,34.41658,34.49222,32.14736,33.168510000000005,712807.0
2022-11-11,33.244150000000005,34.2653,33.168510000000005,33.50889,1102561.0
2022-11-14,33.77363,33.811449999999994,31.76915,31.76915,999201.0
2022-11-15,29.878130000000002,31.76915,29.57557,29.57557,874780.0
2022-11-16,27.98711,31.39095,27.53326,31.39095,1578987.0
2022-11-17,30.02941,32.75248,30.02941,31.84479,701369.0
2022-11-18,30.63454,32.52556,30.63454,31.99607,456392.0
2022-11-21,33.20633,33.20633,31.61787,31.61787,377937.0
2022-11-22,31.61787,33.05505,31.61787,32.33646,509611.0
2022-11-23,32.903760000000005,33.13069,32.33646,33.13069,386970.0
2022-11-24,33.13069,34.87043,31.95825,34.794779999999996,791108.0
2022-11-25,34.794779999999996,36.837089999999996,34.41658,34.794779999999996,1458931.0
2022-11-28,36.23196,36.23196,34.11402,34.94607,339887.0
2022-11-29,35.32427,35.77812,34.94607,35.551190000000005,329180.0
2022-11-30,36.53451999999999,37.06401,35.551190000000005,35.85376,1267405.0
2022-12-01,36.38324,36.38324,34.94607,35.02171,356752.0
2022-12-02,34.719139999999996,35.77812,34.719139999999996,35.551190000000005,350252.0
2022-12-05,37.06401,37.06401,35.967220000000005,36.3076,731213.0
2022-12-06,36.3076,37.74478,36.3076,36.68581,845791.0
2022-12-07,36.68581,36.91273,36.38324,36.761449999999996,243896.0
2022-12-08,36.98837,37.29093,36.3076,36.64799,518911.0
2022-12-09,36.4967,36.761449999999996,36.00504,36.04286,237041.0
2022-12-12,35.58901,36.98837,35.58901,35.967220000000005,278058.0
2022-12-13,36.3076,36.3076,35.85376,36.15632,155465.0
2022-12-14,36.68581,36.68581,35.551190000000005,36.00504,305757.0
2022-12-15,36.23196,36.45888,35.77812,36.08068,303594.0
2022-12-16,35.551190000000005,36.45888,35.551190000000005,35.551190000000005,405720.0
2022-12-19,36.19414,36.19414,35.17299,35.17299,274955.0
2022-12-20,35.02171,35.17299,33.73581,33.811449999999994,258367.0
2022-12-21,33.811449999999994,34.719139999999996,33.811449999999994,34.41658,243706.0
2022-12-22,34.794779999999996,35.02171,34.41658,34.94607,143922.0
2022-12-23,35.24863,35.24863,34.719139999999996,34.794779999999996,38824.0
2022-12-26,34.794779999999996,34.794779999999996,33.73581,33.73581,52911.0
2022-12-27,34.41658,34.719139999999996,33.43325,34.719139999999996,135763.0
2022-12-28,34.4544,35.475550000000005,34.4544,34.4544,317521.0
2022-12-29,35.02171,35.475550000000005,34.11402,34.34094,192764.0
2022-12-30,34.2653,34.794779999999996,34.03838,34.34094,178101.0
2023-01-03,34.94607,34.94607,34.34094,34.794779999999996,537923.0
2023-01-04,34.794779999999996,36.3076,34.794779999999996,34.794779999999996,487202.0
2023-01-05,35.51337,35.51337,34.794779999999996,34.83261,552071.0
2023-01-06,35.70248,36.08068,35.210809999999995,35.24863,362661.0
2023-01-09,35.399910000000006,35.85376,35.399910000000006,35.77812,269161.0
2023-01-10,35.85376,36.3076,35.62683,36.26978,486261.0
2023-01-11,36.3076,36.34542,35.9294,35.9294,260228.0
2023-01-12,36.3076,36.3076,35.77812,36.1185,94094.0
2023-01-13,36.26978,36.26978,35.70248,36.1185,131540.0
2023-01-16,36.15632,36.15632,35.551190000000005,35.551190000000005,417710.0
2023-01-17,35.85376,36.761449999999996,35.77812,36.3076,822304.0
2023-01-18,36.42106,37.06401,36.26978,36.91273,714436.0
2023-01-19,37.13965,38.72811,37.02619,38.65247,923168.0
2023-01-27,39.03067,39.56016,38.65247,39.25758999999999,734360.0
2023-01-30,39.333239999999996,39.484519999999996,38.57683,39.03067,662361.0
2023-01-31,39.333239999999996,40.46785,38.87939,40.08964,1188177.0
2023-02-01,40.770410000000005,40.846050000000005,38.87939,38.95503,946030.0
2023-02-02,38.72811,40.08964,38.72811,40.08964,782192.0
2023-02-03,40.165279999999996,41.2999,38.95503,41.2999,3204652.0
2023-02-06,40.24093,42.51015,39.78708,42.51015,856230.0
2023-02-07,41.75374,42.28323,40.54349,40.54349,353968.0
2023-02-08,40.921690000000005,40.921690000000005,39.408879999999996,39.408879999999996,482585.0
2023-02-09,39.71144,40.921690000000005,39.408879999999996,40.69477,533192.0
2023-02-10,40.69477,40.69477,39.78708,39.78708,215554.0
2023-02-13,40.08964,40.08964,38.3499,39.333239999999996,438608.0
2023-02-14,39.93836,39.93836,39.10631,39.10631,215222.0
2023-02-15,39.78708,39.78708,39.03067,39.10631,199099.0
2023-02-16,39.10631,40.08964,39.10631,39.484519999999996,194714.0
2023-02-17,39.93836,40.69477,39.408879999999996,39.408879999999996,543079.0
2023-02-20,39.71144,40.921690000000005,39.408879999999996,40.46785,955581.0
2023-02-21,40.54349,40.997330000000005,40.31657,40.46785,871646.0
2023-02-22,40.54349,41.2999,40.39221,40.46785,1353314.0
2023-02-23,40.24093,40.46785,38.72811,39.484519999999996,778792.0
2023-02-24,39.78708,40.08964,38.95503,38.95503,401008.0
2023-02-27,38.50119,38.57683,36.837089999999996,36.837089999999996,583199.0
2023-02-28,37.06401,37.5935,36.79927,36.98837,568400.0
2023-03-01,36.98837,38.198620000000005,36.761449999999996,38.198620000000005,188928.0
2023-03-02,38.198620000000005,38.50119,37.82042,38.04734,257959.0
2023-03-03,38.04734,38.198620000000005,37.13965,37.13965,436994.0
2023-03-06,37.06401,37.40439,36.91273,37.02619,355820.0
2023-03-07,37.40439,37.442209999999996,37.02619,37.442209999999996,98339.0
2023-03-08,37.442209999999996,38.80375,37.06401,38.80375,507910.0
2023-03-09,38.57683,39.18195,38.57683,38.80375,293356.0
2023-03-10,38.65247,38.72811,38.122980000000005,38.57683,180632.0
2023-03-13,38.57683,38.87939,37.89606,38.04734,178471.0
2023-03-14,38.04734,38.42555,37.51786,38.198620000000005,306008.0
2023-03-15,38.72811,38.72811,38.122980000000005,38.274260000000005,476724.0
2023-03-16,38.274260000000005,38.72811,37.82042,38.198620000000005,326607.0
2023-03-17,38.42555,39.18195,37.21529,37.21529,478213.0
2023-03-20,37.51786,37.89606,37.48003,37.74478,251023.0
2023-03-21,38.42555,38.42555,37.74478,37.9717,208630.0
2023-03-22,38.3499,38.3499,37.74478,37.89606,174096.0
2023-03-23,37.82042,38.122980000000005,37.51786,37.9717,201278.0
2023-03-24,37.89606,38.274260000000005,37.5935,37.66914,243468.0
2023-03-27,37.82042,39.03067,37.66914,38.95503,1176306.0
2023-03-28,39.333239999999996,39.78708,38.95503,38.95503,662573.0
2023-03-29,39.03067,39.18195,38.198620000000005,38.50119,1043304.0
2023-03-30,39.10631,39.10631,38.57683,38.80375,565244.0
2023-03-31,38.95503,39.6358,38.80375,38.95503,938969.0
2023-04-03,39.71144,40.014,38.95503,39.6358,1103614.0
2023-04-04,39.86272,40.846050000000005,39.56016,40.39221,1138216.0
2023-04-05,40.39221,40.61913,40.014,40.24093,661506.0
2023-04-06,40.24093,40.31657,39.18195,39.333239999999996,676359.0
2023-04-07,39.333239999999996,39.86272,39.18195,39.71144,471001.0
2023-04-10,39.78708,39.93836,39.18195,39.333239999999996,608581.0
2023-04-11,39.71144,40.39221,39.484519999999996,40.08964,1128741.0
2023-04-12,40.08964,40.31657,39.86272,40.08964,393502.0
2023-04-13,40.014,41.60246,40.014,41.22426,1435975.0
2023-04-14,41.37554,41.52682,40.61913,40.69477,533020.0
2023-04-17,40.846050000000005,41.07297,40.46785,40.846050000000005,344310.0
2023-04-18,40.921690000000005,40.921690000000005,39.71144,40.08964,591646.0
2023-04-19,40.08964,40.39221,39.71144,39.86272,461824.0
2023-04-20,40.61913,40.770410000000005,39.86272,40.014,944273.0
2023-04-21,40.014,40.08964,39.6358,40.014,353234.0
2023-04-24,39.71144,40.54349,39.6358,39.6358,523718.0
2023-04-25,39.71144,40.69477,39.6358,39.93836,1264363.0
2023-04-26,40.08964,40.24093,39.71144,40.08964,339707.0
2023-04-27,40.24093,40.770410000000005,39.78708,40.770410000000005,697256.0
2023-04-28,40.770410000000005,40.770410000000005,39.78708,39.78708,1744466.0
2023-05-04,39.93836,40.014,38.3499,38.3499,1490353.0
2023-05-05,38.3499,38.72811,37.82042,37.82042,548758.0
2023-05-08,37.82042,38.274260000000005,37.74478,38.198620000000005,379170.0
2023-05-09,38.42555,38.42555,37.89606,38.3499,249921.0
2023-05-10,38.57683,38.57683,38.04734,38.122980000000005,926766.0
2023-05-11,38.198620000000005,38.3499,37.442209999999996,37.442209999999996,1165736.0
2023-05-12,37.5935,38.122980000000005,37.10183,37.13965,892999.0
2023-05-15,37.5935,38.122980000000005,37.40439,37.782599999999995,969241.0
2023-05-16,37.82042,38.122980000000005,37.782599999999995,37.89606,972831.0
2023-05-17,37.51786,38.122980000000005,37.51786,37.74478,415623.0
2023-05-18,37.89606,38.72811,37.82042,38.65247,1342764.0
2023-05-19,38.87939,38.87939,38.04734,38.122980000000005,225427.0
2023-05-22,38.50119,38.50119,37.40439,37.5935,499697.0
2023-05-23,37.66914,37.74478,37.442209999999996,37.51786,313837.0
2023-05-24,37.63132,38.274260000000005,37.51786,37.9717,456416.0
2023-05-25,37.82042,38.122980000000005,37.66914,37.66914,191202.0
2023-05-26,37.782599999999995,37.89606,37.51786,37.51786,368067.0
2023-05-29,37.82042,37.82042,37.55568,37.66914,156605.0
2023-05-30,37.66914,38.122980000000005,37.63132,37.89606,908177.0
2023-05-31,37.82042,38.04734,37.74478,37.89606,479701.0
2023-06-01,37.89606,38.65247,37.82042,38.57683,1135504.0
2023-06-02,38.72811,39.25758999999999,38.57683,38.87939,1672357.0
2023-06-05,39.10631,40.08964,38.65247,39.333239999999996,1103091.0
2023-06-06,39.333239999999996,39.78708,39.03067,39.333239999999996,461623.0
2023-06-07,39.18195,39.408879999999996,38.50119,38.57683,1398437.0
2023-06-08,38.42555,38.87939,37.782599999999995,37.82042,1060623.0
2023-06-09,37.9717,38.95503,37.89606,38.87939,1065705.0
2023-06-12,38.95503,39.25758999999999,38.72811,39.03067,808513.0
2023-06-13,39.03067,39.03067,38.57683,38.57683,494383.0
2023-06-14,38.95503,38.95503,38.198620000000005,38.198620000000005,422882.0
2023-06-15,38.198620000000005,38.72811,37.89606,38.122980000000005,473095.0
2023-06-16,38.198620000000005,38.72811,38.122980000000005,38.274260000000005,721660.0
2023-06-19,38.42555,38.42555,37.89606,37.9717,545672.0
2023-06-20,38.122980000000005,38.57683,37.9717,38.57683,494025.0
2023-06-21,38.57683,39.25758999999999,38.42555,39.18195,884176.0
2023-06-22,39.333239999999996,39.71144,39.10631,39.18195,885939.0
2023-06-23,39.333239999999996,39.86272,39.10631,39.86272,1230539.0
2023-06-26,40.08964,40.08964,39.10631,39.71144,657285.0
2023-06-27,40.014,40.770410000000005,39.408879999999996,40.014,1423157.0
2023-06-28,40.31657,40.31657,39.86272,39.86272,573174.0
2023-06-29,39.86272,39.86272,39.10631,39.10631,936657.0
2023-06-30,39.03067,39.93836,39.03067,39.25758999999999,458937.0
2023-07-03,39.333239999999996,39.93836,39.25758999999999,39.78708,830150.0
2023-07-04,40.08964,40.770410000000005,39.86272,40.46785,796629.0
2023-07-05,40.54349,41.14862,40.39221,40.69477,922031.0
2023-07-06,40.39221,40.770410000000005,39.93836,40.46785,1054192.0
2023-07-07,40.69477,42.35887,40.24093,42.207589999999996,2438358.0
2023-07-10,42.35887,42.35887,41.75374,42.131949999999996,1137289.0
2023-07-11,42.35887,43.79604,42.28323,42.888349999999996,2643300.0
2023-07-12,43.493480000000005,43.493480000000005,42.888349999999996,43.19092,953233.0
2023-07-13,43.26656,43.493480000000005,42.812709999999996,43.26656,1025797.0
2023-07-14,43.41784,43.644760000000005,42.812709999999996,43.11528,892885.0
2023-07-17,43.26656,43.644760000000005,42.73707,43.03964,1600196.0
2023-07-18,43.11528,44.02297,43.03964,43.644760000000005,1349209.0
2023-07-19,43.7204,44.17425,42.888349999999996,43.26656,1220381.0
2023-07-20,43.493480000000005,43.493480000000005,42.964,43.26656,728258.0
2023-07-21,43.493480000000005,43.79604,43.19092,43.493480000000005,955150.0
2023-07-24,43.87169,45.23322,43.493480000000005,44.47681,1996418.0
2023-07-25,44.62808999999999,44.855019999999996,43.87169,44.17425,1103744.0
2023-07-26,44.32553,44.32553,42.964,43.03964,1323485.0
2023-07-27,43.11528,43.644760000000005,42.73707,43.493480000000005,1277930.0
2023-07-28,43.79604,43.79604,43.11528,43.644760000000005,958266.0
2023-07-31,45.68707,45.68707,43.87169,44.40117,2341217.0
2023-08-01,44.47681,44.47681,43.19092,43.19092,1324452.0
2023-08-02,43.11528,43.3422,42.58579,42.812709999999996,1499912.0
2023-08-03,42.812709999999996,43.11528,42.51015,42.812709999999996,959323.0
2023-08-04,42.73707,43.87169,42.66143,43.87169,4239302.0
2023-08-07,44.62808999999999,44.855019999999996,43.79604,43.79604,1534120.0
2023-08-08,43.79604,44.55245,43.493480000000005,44.24989,1591952.0
2023-08-09,44.24989,44.24989,43.41784,43.569120000000005,965759.0
2023-08-10,43.493480000000005,43.493480000000005,42.58579,42.58579,1399740.0
2023-08-11,42.28323,42.812709999999996,41.60246,41.75374,956696.0
2023-08-14,41.75374,42.51015,41.75374,42.131949999999996,695732.0
2023-08-15,42.35887,42.66143,41.90501999999999,42.35887,630380.0
2023-08-16,42.35887,42.51015,42.131949999999996,42.207589999999996,580623.0
2023-08-17,41.98066,42.28323,41.52682,41.75374,709370.0
2023-08-18,41.60246,41.75374,39.484519999999996,39.484519999999996,1711462.0
2023-08-21,38.72811,41.52682,38.72811,40.997330000000005,1225367.0
2023-08-22,41.37554,41.45118,40.165279999999996,40.846050000000005,1038013.0
2023-08-23,41.22426,41.22426,40.61913,40.846050000000005,376408.0
2023-08-24,41.14862,41.98066,40.770410000000005,41.98066,1072793.0
2023-08-25,41.98066,42.056309999999996,40.921690000000005,41.82938,506233.0
2023-08-28,41.90501999999999,41.98066,41.2999,41.98066,499945.0
2023-08-29,42.35887,42.73707,42.207589999999996,42.73707,865566.0
2023-08-30,43.03964,44.40117,42.73707,44.40117,2028080.0
2023-08-31,44.855019999999996,47.502449999999996,44.62808999999999,47.4268,6000398.0
2023-09-05,47.4268,48.78834,46.82168,48.10757,2708200.0
2023-09-06,48.41014,48.7127,47.65373,48.41014,1221981.0
2023-09-07,48.41014,49.16654,48.18321,48.334489999999995,1729108.0
2023-09-08,48.334489999999995,50.67936,47.65373,49.015260000000005,2435099.0
2023-09-11,50.07423,50.07423,47.65373,47.80501,1704689.0
2023-09-12,48.258849999999995,48.863980000000005,47.65373,48.863980000000005,1410489.0
2023-09-13,49.92295,50.60372,47.65373,49.62039,1897661.0
2023-09-14,50.30116,50.906279999999995,48.258849999999995,48.56142,1916795.0
2023-09-15,48.56142,49.090900000000005,47.80501,48.41014,1472020.0
2023-09-18,48.48578,49.16654,47.80501,47.80501,1380099.0
2023-09-19,49.46911,49.84731,48.258849999999995,48.63706,2704432.0
2023-09-20,49.46911,50.67936,49.16654,49.99858999999999,1785214.0
2023-09-21,50.15681,50.78084,49.68878,50.702839999999995,1509306.0
2023-09-22,49.53277,50.234809999999996,48.908739999999995,49.9228,2135908.0
2023-09-25,49.14275,50.15681,46.88063,46.88063,1880902.0
2023-09-26,46.56861,48.440709999999996,46.56861,47.34865,1237142.0
2023-09-27,47.660669999999996,49.9228,47.11464,49.9228,1675444.0
2023-09-28,50.07881,53.042970000000004,49.53277,51.326879999999996,3328037.0
2023-09-29,51.7169,52.41894,50.39082,51.7169,1407226.0
2023-10-02,51.7169,53.042970000000004,50.78084,50.93685,1395849.0
2023-10-03,50.62484,50.62484,48.36271,48.75273,2320697.0
2023-10-04,47.660669999999996,51.56089,47.660669999999996,50.000800000000005,1956958.0
2023-10-05,50.93685,51.40488,49.68878,50.15681,1235204.0
2023-10-06,49.68878,51.40488,49.37676999999999,50.702839999999995,882856.0
2023-10-09,50.702839999999995,51.638889999999996,50.702839999999995,51.56089,1621151.0
2023-10-10,52.18492,52.96497,51.638889999999996,51.638889999999996,1696345.0
2023-10-11,52.02891,52.02891,50.000800000000005,51.7169,861291.0
2023-10-12,51.7949,52.18492,50.93685,51.09286,1323603.0
2023-10-13,50.54683,51.872910000000005,50.468830000000004,51.56089,1086622.0
2023-10-16,51.638889999999996,52.02891,51.01486,51.01486,1065394.0
2023-10-17,51.56089,52.88696,50.000800000000005,50.000800000000005,1482842.0
2023-10-18,50.78084,51.40488,49.14275,50.54683,2750737.0
2023-10-19,50.85885,51.95091,49.9228,50.62484,1061089.0
2023-10-20,50.702839999999995,50.702839999999995,47.11464,49.9228,3200262.0
2023-10-23,48.75273,49.84479,47.660669999999996,48.284699999999994,753921.0
2023-10-24,48.36271,48.59672,47.34865,47.89468,745657.0
2023-10-25,47.73867,48.98674,47.426660000000005,48.128699999999995,632039.0
2023-10-26,47.27065,47.34865,44.77451,46.022580000000005,2660026.0
2023-10-27,46.022580000000005,48.75273,45.554550000000006,48.75273,1075339.0
2023-10-30,48.674730000000004,48.674730000000004,47.19264,47.19264,262025.0
2023-10-31,48.05069,48.128699999999995,46.022580000000005,46.022580000000005,1041062.0
2023-11-01,46.4126,48.2067,46.10058,48.2067,729015.0
2023-11-02,48.83074,49.9228,48.284699999999994,49.53277,977685.0
2023-11-03,49.61078,50.702839999999995,49.53277,50.702839999999995,2182319.0
2023-11-06,50.702839999999995,51.7169,49.84479,51.482879999999994,1796295.0
2023-11-07,51.326879999999996,52.88696,50.78084,51.56089,1651496.0
2023-11-08,51.56089,53.042970000000004,51.56089,52.88696,1719698.0
2023-11-09,53.823010000000004,54.83707,53.589,53.589,1907063.0
2023-11-10,53.511,54.52505,53.198980000000006,53.74501,1265393.0
2023-11-13,53.823010000000004,54.681059999999995,52.73095,53.511,1244704.0
2023-11-14,54.21304,56.31915,53.97902,55.3831,1697945.0
2023-11-15,56.55317,57.1772,55.22709,55.46111,995824.0
2023-11-16,55.46111,56.55317,55.305099999999996,55.46111,647050.0
2023-11-17,54.83707,56.08514,54.60306,54.60306,1054316.0
2023-11-20,53.823010000000004,54.99308,53.823010000000004,54.29104,608615.0
2023-11-21,54.52505,54.99308,53.823010000000004,54.60306,774545.0
2023-11-22,54.60306,55.305099999999996,54.21304,54.91508,499075.0
2023-11-23,54.99308,54.99308,54.21304,54.36905,870909.0
2023-11-24,54.21304,54.21304,51.872910000000005,53.74501,1703895.0
2023-11-27,53.823010000000004,54.36905,52.26293,52.26293,456269.0
2023-11-28,52.26293,53.27698,52.106919999999995,52.65295,915203.0
2023-11-29,53.43299,54.60306,52.65295,54.60306,704420.0
2023-11-30,54.60306,55.22709,54.13503,54.75907,412330.0
2023-12-01,54.83707,54.99308,53.901019999999995,54.75907,623129.0
2023-12-04,55.07108,55.53911,54.21304,55.07108,1156614.0
2023-12-05,55.3831,55.92913,54.21304,54.75907,948738.0
2023-12-06,54.91508,55.53911,54.21304,54.99308,731207.0
2023-12-07,54.99308,54.99308,53.43299,54.91508,949585.0
2023-12-08,54.60306,54.99308,53.43299,54.91508,589295.0
2023-12-11,54.91508,55.3831,54.681059999999995,54.99308,644017.0
2023-12-12,54.99308,55.22709,54.36905,55.07108,466119.0
2023-12-13,55.07108,55.07108,53.74501,53.74501,634655.0
2023-12-14,54.21304,54.21304,52.88696,53.198980000000006,799266.0
2023-12-15,53.198980000000006,53.35499,52.34093,53.042970000000004,698152.0
2023-12-18,53.198980000000006,53.43299,52.34093,53.43299,580322.0
2023-12-19,53.667010000000005,53.667010000000005,53.042970000000004,53.43299,261313.0
2023-12-20,53.43299,53.823010000000004,52.88696,53.43299,617459.0
2023-12-21,53.589,53.823010000000004,53.042970000000004,53.042970000000004,563105.0
2023-12-22,53.042970000000004,53.589,53.042970000000004,53.27698,378068.0
2023-12-25,53.589,56.94319,53.43299,56.94319,2435652.0
2023-12-26,56.94319,57.56722,55.773120000000006,55.773120000000006,1166767.0
2023-12-27,56.55317,56.55317,55.69512,56.00714,1056368.0
2023-12-28,56.00714,57.1772,55.85113,56.16315,1437489.0
2023-12-29,56.47516,56.47516,54.99308,54.99308,1460972.0
2024-01-02,55.22709,56.31915,55.149089999999994,55.92913,930860.0
2024-01-03,56.16315,56.39716000000001,55.53911,56.16315,750544.0
2024-01-04,56.47516,56.70918,55.46111,55.92913,1233472.0
2024-01-05,55.69512,55.85113,55.305099999999996,55.46111,781004.0
2024-01-08,55.53911,56.16315,55.305099999999996,55.92913,648067.0
2024-01-09,56.31915,56.39716000000001,55.61712,55.92913,751061.0
2024-01-10,55.92913,57.48922,55.46111,55.85113,1488172.0
2024-01-11,56.16315,56.16315,55.22709,55.773120000000006,813828.0
2024-01-12,55.773120000000006,55.773120000000006,54.21304,54.83707,1621012.0
2024-01-15,54.83707,55.149089999999994,53.97902,53.97902,975769.0
2024-01-16,53.97902,53.97902,52.96497,53.667010000000005,1140441.0
2024-01-17,54.05703,55.07108,53.74501,54.36905,531060.0
2024-01-18,54.29104,54.36905,53.43299,54.13503,999875.0
2024-01-19,54.29104,54.29104,53.667010000000005,54.05703,914489.0
2024-01-22,53.589,54.05703,53.589,53.74501,598571.0
2024-01-23,53.74501,54.91508,53.74501,54.681059999999995,1039272.0
2024-01-24,54.681059999999995,54.83707,54.29104,54.75907,589257.0
2024-01-25,54.99308,54.99308,54.21304,54.60306,313529.0
2024-01-26,54.681059999999995,54.99308,54.447050000000004,54.681059999999995,525688.0
2024-01-29,54.75907,54.75907,54.29104,54.60306,370824.0
2024-01-30,54.75907,54.75907,54.21304,54.21304,543481.0
2024-01-31,54.36905,54.36905,52.49694,53.12098,2657561.0
2024-02-01,53.12098,53.823010000000004,53.12098,53.823010000000004,398350.0
2024-02-02,53.97902,53.97902,53.042970000000004,53.667010000000005,898042.0
2024-02-05,53.823010000000004,54.447050000000004,53.43299,53.667010000000005,1058509.0
2024-02-06,53.823010000000004,53.901019999999995,53.27698,53.823010000000004,1005528.0
2024-02-07,53.97902,54.83707,53.901019999999995,54.21304,1060426.0
2024-02-15,54.60306,54.91508,53.97902,54.21304,744942.0
2024-02-16,54.21304,54.52505,53.97902,54.447050000000004,966744.0
2024-02-19,54.681059999999995,55.61712,54.681059999999995,55.149089999999994,2038941.0
2024-02-20,55.3831,56.16315,54.75907,56.16315,1487369.0
2024-02-21,56.08514,56.08514,55.305099999999996,55.92913,960535.0
2024-02-22,56.08514,56.16315,55.07108,55.61712,507471.0
2024-02-23,56.08514,56.08514,54.21304,54.447050000000004,1136963.0
2024-02-26,54.60306,58.113260000000004,54.21304,57.80124,3256322.0
2024-02-27,58.65929,58.65929,57.56722,57.80124,1800898.0
2024-02-28,57.95725,59.51733,57.72323,58.50328,1998664.0
2024-02-29,58.81529,59.283319999999996,57.72323,59.283319999999996,1597761.0
2024-03-01,59.59533999999999,63.33955,58.65929,62.793519999999994,2991817.0
2024-03-04,63.65157,63.65157,62.01347,62.71551,2142420.0
2024-03-05,62.71551,62.71551,61.70146,62.4035,1572674.0
2024-03-06,62.24749,62.24749,60.45339,61.46744,2201415.0
2024-03-07,61.46744,62.63751,60.843410000000006,62.4035,2343589.0
2024-03-08,62.4035,62.949529999999996,60.99942,61.07742,2474412.0
2024-03-11,61.23343,61.38944,59.127309999999994,60.53139,2381204.0
2024-03-12,60.53139,62.325489999999995,60.06336,61.15543,1870355.0
2024-03-13,61.857459999999996,64.1976,61.46744,62.87152,2527605.0
2024-03-14,63.72957,64.11959,62.5595,62.87152,1815606.0
2024-03-15,62.63751,62.793519999999994,61.857459999999996,62.4035,1794924.0
2024-03-18,62.16948,62.16948,58.26926,60.7654,3036602.0
2024-03-19,60.14137,60.843410000000006,59.283319999999996,60.06336,1983479.0
2024-03-20,60.06336,61.31143,59.51733,60.843410000000006,2052338.0
2024-03-21,62.091480000000004,62.091480000000004,60.53139,61.15543,1022710.0
2024-03-22,61.62345,61.77946,60.60939,61.31143,1198833.0
2024-03-25,61.545449999999995,62.091480000000004,60.53139,60.92141,1315130.0
2024-03-26,60.843410000000006,61.62345,60.60939,61.545449999999995,824745.0
2024-03-27,61.857459999999996,63.18354,61.15543,62.4035,1633544.0
2024-03-28,63.10553,63.10553,61.70146,62.4035,806204.0
2024-03-29,62.5595,62.5595,61.857459999999996,62.16948,671317.0
2024-04-01,62.01347,63.18354,61.62345,62.01347,1179727.0
2024-04-02,62.5595,62.5595,61.70146,62.5595,836548.0
2024-04-03,62.5595,64.97764,62.091480000000004,62.793519999999994,2769758.0
2024-04-04,63.18354,63.18354,61.857459999999996,62.24749,742470.0
2024-04-05,61.857459999999996,62.091480000000004,60.843410000000006,60.843410000000006,1263113.0
2024-04-08,60.92141,61.38944,60.06336,60.45339,909669.0
2024-04-09,61.07742,61.31143,60.37538,61.31143,650121.0
2024-04-10,61.38944,62.325489999999995,61.07742,61.62345,902206.0
2024-04-11,60.45339,61.857459999999996,60.45339,61.857459999999996,644525.0
2024-04-12,62.4815,64.2756,62.01347,63.72957,2691067.0
2024-04-15,63.261540000000004,64.1976,60.06336,61.07742,1962697.0
2024-04-16,61.07742,61.62345,59.751349999999995,61.15543,2020997.0
2024-04-17,61.62345,63.417550000000006,61.545449999999995,62.793519999999994,3456860.0
2024-04-19,62.4035,63.02753,61.15543,62.4035,1665237.0
2024-04-22,63.18354,63.18354,62.01347,62.24749,865182.0
2024-04-23,62.793519999999994,62.793519999999994,60.60939,61.62345,1653204.0
2024-04-24,61.857459999999996,63.417550000000006,61.23343,63.417550000000006,2056701.0
2024-04-25,63.57356,63.57356,62.4815,63.49556,1285414.0
2024-04-26,63.49556,67.47378,63.02753,65.67967999999999,5626362.0
2024-05-02,66.14771,66.14771,64.97764,65.67967999999999,1654622.0
2024-05-03,66.30371000000001,66.69374,64.3536,66.69374,4047102.0
2024-05-06,66.53773,66.53773,65.28966,65.67967999999999,1675786.0
2024-05-07,65.75768,68.25382,64.97764,66.0697,2710611.0
2024-05-08,65.52367,67.00575,65.13365,66.22571,1889590.0
2024-05-09,66.22571,67.31777000000001,65.75768,65.75768,2113540.0
2024-05-10,66.69374,66.69374,65.05564,65.21165,1528567.0
2024-05-13,65.67967999999999,65.67967999999999,63.57356,64.04159,2525433.0
2024-05-14,64.2756,65.05564,63.72957,64.1976,1191163.0
2024-05-15,64.66562,65.28966,64.11959,64.74363,1561475.0
2024-05-16,65.28966,66.53773,65.05564,65.83569,2154207.0
2024-05-17,66.0697,66.61573,65.60167,66.14771,1475789.0
2024-05-20,66.53773,66.69374,65.44566999999999,65.44566999999999,1643147.0
2024-05-21,65.36766,66.53773,64.82163,66.53773,1674276.0
2024-05-22,67.08376,67.31777000000001,65.13365,65.52367,1683327.0
2024-05-23,65.36766,66.69374,65.13365,66.69374,1531563.0
2024-05-24,66.30371000000001,66.38172,63.57356,65.13365,2197368.0
2024-05-27,65.13365,65.13365,64.3536,64.66562,925649.0
2024-05-28,64.74363,65.52367,64.50961,64.89964,1617831.0
2024-05-29,64.89964,65.91369,63.96358,64.43161,1487371.0
2024-05-30,64.04159,65.91369,63.96358,64.66562,2862506.0
2024-05-31,64.97764,65.75768,64.97764,65.36766,1135573.0
2024-06-03,65.91369,65.91369,64.74363,64.97764,1670389.0
2024-06-04,65.36766,66.69374,64.89964,65.91369,2562207.0
2024-06-05,66.30371000000001,66.45972,65.52367,65.52367,1703617.0
2024-06-06,66.22571,66.22571,64.04159,65.52367,1852780.0
2024-06-07,65.52367,66.30371000000001,64.66562,65.05564,2037578.0
2024-06-10,65.52367,68.48783999999999,65.52367,67.78580000000001,3775627.0
2024-06-11,67.8638,68.09781,66.38172,67.08376,1905910.0
2024-06-12,66.69374,67.00575,65.75768,66.84974000000001,1713241.0
2024-06-13,66.92775,66.92775,66.0697,66.30371000000001,1023015.0
2024-06-14,66.14771,66.92775,64.74363,64.74363,2065658.0
2024-06-17,64.82163,66.22571,64.74363,65.36766,1105696.0
2024-06-18,65.52367,65.60167,65.21165,65.21165,857542.0
2024-06-19,65.21165,66.30371000000001,65.05564,65.13365,1355685.0
2024-06-20,65.13365,65.44566999999999,64.82163,64.89964,1000353.0
2024-06-21,65.13365,65.91369,64.97764,65.05564,977476.0
2024-06-24,64.82163,65.28966,63.885580000000004,63.96358,1929978.0
2024-06-25,63.96358,65.67967999999999,63.80757,64.74363,1089789.0
2024-06-26,64.74363,65.91369,63.96358,65.52367,2136632.0
2024-06-27,65.13365,65.13365,64.3536,65.05564,986959.0
2024-06-28,65.21165,65.67967999999999,64.3536,64.74363,1658955.0
2024-07-01,64.74363,64.74363,63.80757,63.96358,1184150.0
2024-07-02,64.04159,64.82163,63.57356,63.57356,1464706.0
2024-07-03,63.65157,64.2756,63.49556,64.11959,1200162.0
2024-07-04,64.50961,64.58762,63.96358,63.96358,726692.0
2024-07-05,64.58762,65.21165,63.96358,65.21165,1862264.0
2024-07-08,65.52367,65.75768,64.11959,65.52367,1650458.0
2024-07-09,65.60167,66.61573,64.82163,66.30371000000001,2351193.0
2024-07-10,66.38172,66.45972,65.52367,65.60167,1232526.0
2024-07-11,65.67967999999999,66.0697,65.28966,65.28966,782318.0
2024-07-12,65.36766,65.75768,64.89964,65.52367,1043875.0
2024-07-15,66.08503,66.08503,65.04369,65.1238,850503.0
2024-07-16,65.2039,65.44421,64.88349,65.1238,817117.0
2024-07-17,65.284,65.284,60.718129999999995,64.88349,2021665.0
2024-07-18,64.08246,64.88349,62.96101,64.00234999999999,1351321.0
2024-07-19,63.521730000000005,64.24266,62.159980000000004,63.12122,1300910.0
2024-07-22,62.6406,62.6406,61.03854,62.48039,1766523.0
2024-07-23,62.48039,62.48039,61.19875,61.35895,955281.0
2024-07-24,59.83699,62.6406,59.83699,62.40029,1359170.0
2024-07-25,61.67936,62.240089999999995,61.59926,62.240089999999995,415025.0
2024-07-26,62.240089999999995,63.28143,61.99978,63.28143,643651.0
2024-07-29,63.36153,63.681940000000004,63.04112,63.28143,272095.0
2024-07-30,62.88091,63.441629999999996,62.88091,63.28143,472744.0
2024-07-31,63.28143,64.08246,62.88091,64.08246,797416.0
2024-08-01,63.92225,63.92225,62.720699999999994,63.20132,1052275.0
2024-08-02,61.11864,64.88349,61.11864,64.88349,1278649.0
2024-08-05,63.12122,63.842150000000004,60.557919999999996,60.557919999999996,1116790.0
2024-08-06,60.23751,61.67936,60.157410000000006,61.67936,786763.0
2024-08-07,61.59926,61.67936,60.557919999999996,61.11864,485323.0
2024-08-08,60.718129999999995,61.35895,60.39771,61.27885,446565.0
2024-08-09,61.51916000000001,62.320190000000004,61.03854,61.75947,694195.0
2024-08-12,62.40029,63.92225,62.079879999999996,63.28143,563600.0
2024-08-13,63.521730000000005,63.601839999999996,62.720699999999994,62.96101,220971.0
2024-08-14,63.28143,63.28143,62.240089999999995,63.12122,707944.0
2024-08-15,63.20132,63.92225,62.48039,63.441629999999996,700387.0
2024-08-16,63.76204,64.48297,63.28143,63.92225,676925.0
2024-08-19,64.08246,67.36667999999999,64.00234999999999,66.32534,2591093.0
2024-08-20,66.32534,66.72586,65.52431,66.32534,836500.0
2024-08-21,66.72586,66.96617,65.92483,66.80596000000001,1080893.0
2024-08-22,66.80596000000001,66.88606,65.92483,66.40544,714593.0
2024-08-23,66.16514,66.32534,65.284,65.92483,858727.0
2024-08-26,66.40544,66.40544,64.88349,64.96359,981838.0
2024-08-27,64.88349,65.3641,64.08246,64.32276999999999,820312.0
2024-08-28,64.56307,65.1238,64.16256,64.24266,629939.0
2024-08-29,64.24266,64.40287000000001,64.08246,64.24266,708396.0
2024-08-30,64.64318,64.88349,64.16256,64.48297,437301.0
2024-09-04,64.40287000000001,64.40287000000001,62.720699999999994,63.28143,987432.0
2024-09-05,63.441629999999996,63.441629999999996,61.43905,63.12122,1941008.0
2024-09-06,62.48039,63.04112,61.83957,62.48039,678013.0
2024-09-09,62.40029,62.40029,61.75947,61.919669999999996,614955.0
2024-09-10,61.83957,62.320190000000004,61.83957,61.919669999999996,1048080.0
2024-09-11,61.99978,62.079879999999996,61.59926,61.75947,421907.0
2024-09-12,61.919669999999996,62.320190000000004,61.75947,62.079879999999996,888996.0
2024-09-13,62.159980000000004,62.48039,61.75947,61.83957,311315.0
2024-09-16,61.83957,61.99978,61.19875,61.19875,889191.0
2024-09-17,61.19875,61.75947,61.03854,61.51916000000001,439651.0
2024-09-18,62.40029,62.48039,61.919669999999996,62.320190000000004,764021.0
2024-09-19,62.320190000000004,62.6406,62.320190000000004,62.6406,450368.0
2024-09-20,62.5605,63.12122,62.5605,62.80081,679438.0
2024-09-23,62.48039,63.28143,62.320190000000004,63.28143,525409.0
2024-09-24,62.80081,63.36153,62.80081,63.28143,209594.0
2024-09-25,63.441629999999996,63.601839999999996,62.6406,63.28143,577430.0
2024-09-26,63.28143,63.441629999999996,62.96101,63.20132,450430.0
2024-09-27,62.96101,63.20132,62.320190000000004,62.88091,565584.0
2024-09-30,62.88091,62.88091,61.35895,62.48039,1178532.0
2024-10-01,62.240089999999995,62.5605,61.99978,61.99978,572831.0
2024-10-02,61.83957,62.96101,61.83957,62.320190000000004,810371.0
2024-10-03,62.48039,62.48039,61.59926,61.99978,477320.0
2024-10-04,61.99978,62.240089999999995,61.51916000000001,61.51916000000001,307929.0
2024-10-07,61.51916000000001,61.75947,60.87833,61.19875,366279.0
2024-10-08,61.27885,61.35895,60.31761,60.31761,784113.0
2024-10-09,60.47782,60.87833,60.31761,60.47782,332600.0
2024-10-10,60.63802,61.43905,60.63802,61.35895,609488.0
2024-10-11,61.59926,61.67936,61.35895,61.51916000000001,368011.0
2024-10-14,62.079879999999996,62.079879999999996,60.87833,60.95844,465716.0
2024-10-15,61.19875,61.43905,60.47782,60.557919999999996,779972.0
2024-10-16,60.157410000000006,60.39771,60.0773,60.157410000000006,601515.0
2024-10-17,60.23751,60.23751,58.39514,58.555339999999994,1499517.0
2024-10-18,58.47524,58.79565,57.514,57.514,1265107.0
2024-10-21,57.514,57.67421,56.31246,57.11349,1959393.0
2024-10-22,57.65314,59.25201,57.65314,59.063900000000004,891744.0
2024-10-23,59.063900000000004,59.063900000000004,58.123400000000004,59.063900000000004,598745.0
2024-10-24,58.593650000000004,59.063900000000004,58.02935,59.063900000000004,968168.0
2024-10-25,58.875800000000005,59.25201,58.3115,58.96985,731785.0
2024-10-28,59.063900000000004,59.063900000000004,58.4996,58.78175,412817.0
2024-10-29,58.78175,61.60328,58.6877,61.133019999999995,5257939.0
2024-10-30,61.22707,61.97948,60.75682,61.22707,1104008.0
2024-10-31,61.22707,61.69733,60.38062,61.41518,1353763.0
2024-11-01,61.41518,62.07353,60.38062,60.38062,3482825.0
2024-11-04,61.03897,61.03897,59.063900000000004,60.474669999999996,951881.0
2024-11-05,60.19251,60.474669999999996,59.628209999999996,60.098459999999996,780543.0
2024-11-06,60.19251,60.944919999999996,60.00441,60.662769999999995,995686.0
2024-11-07,61.22707,61.50923,60.662769999999995,61.133019999999995,1329623.0
2024-11-08,61.22707,61.32112,60.662769999999995,60.75682,637354.0
2024-11-11,60.28657,61.97948,60.19251,61.88543,2053923.0
2024-11-12,61.88543,62.07353,60.944919999999996,61.97948,1223534.0
2024-11-13,61.97948,61.97948,60.944919999999996,61.88543,730442.0
2024-11-14,61.50923,63.67239,61.41518,62.63784,2483373.0
2024-11-15,62.35568,62.54378,61.22707,61.88543,816839.0
2024-11-18,61.60328,61.60328,59.628209999999996,60.75682,1143812.0
2024-11-19,60.75682,60.75682,57.935300000000005,60.00441,1722855.0
2024-11-20,59.53416,60.19251,57.935300000000005,59.91036,1199195.0
2024-11-21,59.346059999999994,61.133019999999995,58.875800000000005,61.133019999999995,994755.0
2024-11-22,60.85087,60.85087,60.00441,60.28657,554618.0
2024-11-25,60.19251,61.03897,59.91036,60.19251,584899.0
2024-11-26,60.28657,61.133019999999995,60.098459999999996,61.03897,849047.0
2024-11-27,61.03897,61.133019999999995,60.474669999999996,60.474669999999996,446190.0
2024-11-28,60.56872,60.944919999999996,60.00441,60.85087,734184.0
2024-11-29,60.85087,61.41518,60.38062,60.85087,814356.0
2024-12-02,61.133019999999995,61.133019999999995,60.19251,60.474669999999996,670067.0
2024-12-03,60.19251,61.03897,60.19251,60.19251,968355.0
2024-12-04,60.28657,60.85087,60.00441,60.85087,641396.0
2024-12-05,60.944919999999996,62.35568,60.662769999999995,62.07353,1470884.0
2024-12-06,62.07353,63.76645,61.50923,63.39024,1934954.0
2024-12-09,63.39024,63.39024,62.73189,63.29619,1047646.0
2024-12-10,63.29619,63.29619,62.26163,62.91999,826697.0
2024-12-11,62.63784,63.01404,61.97948,61.97948,610382.0
2024-12-12,62.16758,62.54378,61.22707,62.44973,1080680.0
2024-12-13,62.54378,62.73189,61.79138,61.97948,665877.0
2024-12-16,61.88543,62.16758,61.41518,61.88543,636692.0
2024-12-17,61.88543,62.07353,60.944919999999996,61.60328,991466.0
2024-12-18,61.133019999999995,61.60328,61.03897,61.50923,445694.0
2024-12-19,61.03897,61.88543,60.944919999999996,61.22707,661790.0
2024-12-20,61.22707,62.16758,60.85087,61.133019999999995,774283.0
2024-12-23,61.22707,61.69733,61.03897,61.133019999999995,318703.0
2024-12-24,61.41518,62.35568,61.133019999999995,61.79138,937704.0
2024-12-25,61.79138,62.91999,61.79138,62.82594,984956.0
2024-12-26,63.01404,63.01404,62.07353,62.82594,587910.0
2024-12-27,62.82594,62.82594,62.26163,62.54378,726594.0
2024-12-30,62.44973,62.44973,61.79138,62.07353,563506.0
2024-12-31,62.07353,62.07353,61.32112,61.32112,384678.0
2025-01-02,61.22707,62.26163,60.75682,62.26163,776123.0
2025-01-03,62.26163,62.35568,61.50923,61.88543,713027.0
2025-01-06,61.60328,61.88543,60.00441,60.28657,878781.0
2025-01-07,60.19251,60.19251,58.96985,58.96985,847419.0
2025-01-08,58.96985,59.72226,58.3115,59.72226,584535.0
2025-01-09,59.628209999999996,59.72226,58.6877,59.72226,362229.0
2025-01-10,59.063900000000004,59.25201,58.02935,58.3115,692097.0
2025-01-13,57.935300000000005,58.21745,57.37099,58.123400000000004,601693.0
2025-01-14,58.123400000000004,58.123400000000004,56.43048,56.43048,1004821.0
2025-01-15,56.52453,57.37099,56.33643,56.61858,856907.0
2025-01-16,56.71263,58.3115,56.52453,57.55909,901295.0
2025-01-17,57.55909,58.3115,57.37099,58.3115,851213.0
2025-01-20,58.3115,58.78175,58.21745,58.4996,549344.0
2025-01-21,58.3115,58.4996,57.46504,58.3115,748576.0
2025-01-22,58.3115,58.3115,57.46504,57.74719,619446.0
2025-01-23,57.74719,58.3115,57.55909,58.3115,858418.0
2025-01-24,57.935300000000005,60.098459999999996,57.935300000000005,60.098459999999996,1301594.0
2025-02-03,59.72226,59.816309999999994,58.593650000000004,58.96985,953966.0
2025-02-04,58.875800000000005,59.628209999999996,58.875800000000005,59.346059999999994,490246.0
2025-02-05,59.157959999999996,59.91036,59.157959999999996,59.816309999999994,1110358.0
2025-02-06,59.91036,59.91036,59.25201,59.25201,713240.0
2025-02-07,59.25201,60.00441,58.875800000000005,58.875800000000005,949412.0
2025-02-10,58.875800000000005,58.875800000000005,57.935300000000005,58.02935,830809.0
2025-02-11,58.02935,58.02935,56.80669,57.27694,1986089.0
2025-02-12,57.08884,57.65314,56.99479,56.99479,758091.0
2025-02-13,56.99479,58.02935,56.99479,58.02935,767133.0
2025-02-14,57.84124,58.593650000000004,57.46504,58.02935,810191.0
2025-02-17,58.02935,58.123400000000004,57.55909,57.65314,661281.0
2025-02-18,57.46504,57.74719,56.90074,57.27694,1476393.0
2025-02-19,57.27694,57.84124,56.99479,57.37099,855430.0
2025-02-20,57.65314,57.84124,57.27694,57.84124,729795.0
2025-02-21,57.84124,58.6877,57.74719,58.3115,860401.0
2025-02-24,58.3115,58.405550000000005,57.74719,58.21745,816565.0
2025-02-25,58.02935,58.02935,57.08884,57.37099,1405523.0
2025-02-26,57.37099,57.84124,57.18289,57.46504,1420431.0
2025-02-27,57.37099,57.65314,57.18289,57.65314,901859.0
2025-02-28,57.65314,57.65314,56.99479,57.08884,1336703.0
2025-03-03,57.08884,57.37099,56.99479,57.18289,681932.0
2025-03-04,57.08884,57.935300000000005,57.08884,57.46504,1108506.0
2025-03-05,57.37099,57.55909,56.43048,56.43048,2452322.0
2025-03-06,56.71263,57.37099,56.43048,57.37099,1632773.0
2025-03-07,57.74719,57.84124,56.90074,57.84124,1872721.0
2025-03-10,57.935300000000005,57.935300000000005,56.99479,57.84124,1856759.0
2025-03-11,57.27694,57.74719,56.80669,57.55909,2129541.0
2025-03-12,57.18289,57.46504,56.52453,56.52453,2851997.0
2025-03-13,56.80669,57.18289,56.05428,56.05428,1306760.0
2025-03-14,56.24238,56.43048,54.643519999999995,54.643519999999995,2360861.0
2025-03-17,54.73757,55.113769999999995,53.98516,54.54947,1862807.0
2025-03-18,54.73757,55.96023,54.73757,55.96023,1750274.0
2025-03-19,56.14833,56.24238,54.92567,55.77213,1113209.0
2025-03-20,56.43048,56.43048,55.01972,55.86618,879020.0
2025-03-21,55.77213,55.86618,55.20782,55.86618,598144.0
2025-03-24,55.48997,55.77213,54.643519999999995,55.48997,1095721.0
2025-03-25,55.39592,55.39592,54.73757,54.83162,1243265.0
2025-03-26,55.30187,55.30187,54.73757,55.20782,623721.0
2025-03-27,55.20782,55.20782,54.54947,54.643519999999995,596763.0
2025-03-28,54.54947,55.113769999999995,54.54947,54.54947,975160.0
2025-03-31,54.54947,54.73757,53.51491,54.079209999999996,1539481.0
2025-04-01,54.079209999999996,54.36136,53.42086,54.17326,1142433.0
2025-04-02,54.17326,54.36136,52.1982,52.9506,2318623.0
2025-04-03,49.28262,51.53984,49.28262,49.28262,1741398.0
2025-04-04,45.84977,45.84977,45.84977,45.84977,546378.0
2025-04-08,42.65204,43.59255,42.65204,42.65204,1289373.0
2025-04-09,39.689440000000005,39.689440000000005,39.689440000000005,39.689440000000005,686598.0
2025-04-10,42.46394,42.46394,42.46394,42.46394,1472071.0
2025-04-11,45.14439,45.14439,40.5359,43.26337,5779629.0
2025-04-14,43.82767,45.61464,43.12229,43.59255,4791281.0
2025-04-15,43.545519999999996,44.58008,40.58292,43.16932,4947022.0
2025-04-16,42.36989,43.02824,40.441849999999995,40.441849999999995,3457329.0
2025-04-17,40.912099999999995,43.26337,40.81805,43.26337,5668807.0
2025-04-18,44.48603,46.273,44.20388,45.755720000000004,4313857.0
2025-04-21,45.755720000000004,45.755720000000004,44.20388,44.862230000000004,2773255.0
2025-04-22,44.48603,44.48603,41.758559999999996,44.01578,4435303.0
2025-04-23,44.48603,45.89679,44.20388,44.20388,3096764.0
2025-04-24,44.20388,46.08489,44.20388,46.08489,3417142.0
2025-04-25,46.367050000000006,47.96591,46.273,47.96591,4354084.0
2025-04-28,48.34211,48.34211,47.307550000000006,47.96591,2297694.0
2025-04-29,47.96591,50.22313,47.96591,49.84693,4561398.0
2025-05-05,50.78743,52.574400000000004,49.84693,51.257690000000004,3399913.0
2025-05-06,51.63389,51.63389,48.90642,50.03503,4315376.0
2025-05-07,50.12908,50.41123,48.90642,48.90642,2524613.0
2025-05-08,49.37667,50.22313,48.81237,49.37667,2820882.0
2025-05-09,49.75288,50.12908,49.37667,49.84693,1625371.0
2025-05-12,50.22313,50.69338,49.75288,50.69338,3743915.0
2025-05-13,51.727940000000004,52.66845,51.06959,52.574400000000004,4292514.0
2025-05-14,52.7625,53.42086,52.386300000000006,52.48035,2540868.0
2025-05-15,52.386300000000006,52.386300000000006,51.16364,51.91604,1970580.0
2025-05-16,51.53984,52.104150000000004,50.69338,50.69338,2233912.0
2025-05-19,50.31718,51.257690000000004,50.03503,51.257690000000004,1983670.0
2025-05-20,50.78743,52.66845,50.69338,52.01009,2276269.0
2025-05-21,52.104150000000004,52.104150000000004,50.59933,51.53984,1553859.0
2025-05-22,51.257690000000004,51.257690000000004,49.84693,49.94098,2695151.0
2025-05-23,49.84693,50.12908,49.18857,50.12908,1944107.0
2025-05-26,50.12908,52.574400000000004,49.47072,52.386300000000006,3950513.0
2025-05-27,52.66845,55.96023,52.66845,55.96023,6098363.0
2025-05-28,56.90074,57.84124,56.24238,57.27694,3813220.0
2025-05-29,57.65314,57.65314,55.96023,56.90074,2506371.0
2025-05-30,55.96023,56.52453,54.73757,56.24238,2490834.0
2025-06-02,55.86618,55.96023,54.83162,55.01972,1214360.0
2025-06-03,55.113769999999995,55.96023,55.01972,55.30187,1856037.0
2025-06-04,55.30187,56.24238,55.01972,55.58403,1598582.0
2025-06-05,55.48997,55.86618,54.45542,54.92567,1663911.0
2025-06-06,55.01972,55.48997,54.079209999999996,54.079209999999996,1449211.0
2025-06-09,54.079209999999996,54.36136,51.53984,51.82199,2907770.0
2025-06-10,51.727940000000004,52.574400000000004,51.63389,52.29225,1718916.0
2025-06-11,52.574400000000004,52.7625,51.91604,52.66845,1787313.0
2025-06-12,52.856550000000006,53.797059999999995,52.66845,53.1387,1546058.0
2025-06-13,51.82199,53.1387,51.727940000000004,52.29225,1932393.0
2025-06-16,52.48035,54.079209999999996,52.48035,53.23276,1680200.0
2025-06-17,53.51491,53.51491,52.29225,53.1387,1621300.0
2025-06-18,53.42086,53.70301,52.1982,52.1982,1954635.0
2025-06-19,52.01009,52.574400000000004,51.44579,51.53984,2208100.0
2025-06-20,51.727940000000004,52.9506,51.53984,52.574400000000004,1513984.0
2025-06-23,53.1387,53.797059999999995,52.01009,52.1982,1415270.0
2025-06-24,52.7625,52.9506,51.91604,52.66845,2158627.0
2025-06-25,52.66845,53.1387,51.82199,52.48035,1955393.0
2025-06-26,52.48035,52.48035,51.727940000000004,52.01009,1623820.0
2025-06-27,52.01009,52.574400000000004,51.91604,52.104150000000004,1071911.0
2025-06-30,52.66845,55.01972,52.48035,54.45542,4820396.0
2025-07-01,55.01972,55.01972,53.51491,54.079209999999996,1897743.0
2025-07-02,54.36136,56.43048,53.98516,56.43048,6543420.0
2025-07-03,56.14833,57.08884,54.92567,56.90074,5701396.0
2025-07-04,56.90074,57.08884,56.05428,56.90074,2275395.0
2025-07-07,56.99479,57.08884,56.14833,56.80669,2926910.0
2025-07-08,56.90074,58.4996,56.43048,58.405550000000005,4337280.0
2025-07-09,58.50236,58.89108,57.91928,58.89108,2672325.0
2025-07-10,58.988260000000004,59.57134,58.50236,59.18262,1856814.0
2025-07-11,58.50236,59.18262,58.308,58.50236,2406591.0
2025-07-14,58.59954,58.59954,56.850300000000004,57.3362,4487238.0
2025-07-15,57.3362,57.43338,56.26722,56.26722,3751103.0
2025-07-16,56.26722,56.850300000000004,55.58696,55.78132,2604361.0
2025-07-17,56.3644,56.65594,55.10106,55.489779999999996,3438903.0
2025-07-18,55.58696,56.26722,55.003879999999995,55.58696,3576186.0
2025-07-21,56.17004,56.26722,54.80952,55.3926,2509037.0
2025-07-22,55.29542,55.78132,54.51798,55.489779999999996,3252323.0
2025-07-23,56.17004,56.461580000000005,55.58696,56.17004,2339484.0
2025-07-24,56.3644,56.461580000000005,55.68414,56.26722,2074128.0
2025-07-25,56.55876,57.3362,56.55876,56.75312,2846433.0
2025-07-28,56.850300000000004,57.23902,56.26722,56.850300000000004,4580446.0
2025-07-29,56.947480000000006,57.23902,54.51798,54.71234,3537956.0
2025-07-30,54.71234,55.8785,54.03208,55.8785,2167696.0
2025-07-31,55.97568,55.97568,54.4208,54.61516,1854720.0
2025-08-01,54.80952,56.3644,54.12926,54.4208,4651026.0
2025-08-04,54.4208,55.97568,54.4208,55.3926,1553898.0
2025-08-05,55.489779999999996,57.91928,54.906699999999994,56.75312,8137343.0
2025-08-06,56.850300000000004,57.530559999999994,56.65594,56.947480000000006,3515562.0
2025-08-07,57.3362,58.988260000000004,57.3362,58.308,6310390.0
2025-08-08,58.50236,58.59954,56.75312,57.3362,3956863.0
2025-08-11,57.91928,59.2798,57.23902,57.23902,4333284.0
2025-08-12,57.43338,59.765699999999995,57.43338,59.085440000000006,6836213.0
2025-08-13,59.57134,59.668519999999994,57.8221,59.18262,3543202.0
2025-08-14,59.668519999999994,59.668519999999994,58.59954,59.474160000000005,4475156.0
2025-08-15,59.765699999999995,59.765699999999995,57.141839999999995,58.01646,5568582.0
2025-08-18,58.21082,61.51494,57.530559999999994,61.51494,6964091.0
2025-08-19,62.1952,62.6811,61.02904,61.2234,3629220.0
2025-08-20,61.02904,61.2234,56.947480000000006,60.44596,4376113.0
2025-08-21,60.44596,60.93186,59.2798,60.64032,2895182.0
2025-08-22,59.57134,62.58392,59.2798,59.96006,3790664.0
2025-08-25,60.251599999999996,60.7375,58.59954,58.69672,3200554.0
2025-08-26,58.59954,59.96006,58.308,59.96006,2269224.0
2025-08-27,60.44596,64.1388,60.05724,64.1388,9811063.0
2025-08-28,65.01342,68.026,64.33316,66.95702,6051877.0
2025-08-29,66.95702,67.73446000000001,66.47112,67.15138,4681714.0
2025-09-03,67.0542,67.0542,65.01342,65.49932,3027454.0
2025-09-04,65.40214,66.95702,65.20778,66.56830000000001,2477643.0
2025-09-05,66.95702,67.0542,63.750080000000004,64.62469999999999,2750510.0
2025-09-08,64.72188,66.27676,64.33316,64.33316,3018168.0
2025-09-09,64.72188,66.37394,64.52752,66.27676,3909589.0
2025-09-10,66.76266,68.41472,65.40214,66.76266,5269935.0
2025-09-11,66.95702,66.95702,65.01342,66.95702,2222597.0
2025-09-12,67.24856,68.026,66.37394,67.24856,2139837.0
2025-09-15,67.24856,71.9132,67.24856,71.71884,6604529.0
2025-09-16,71.9132,71.9132,70.4555,71.9132,2963987.0
2025-09-17,71.52448,72.3991,70.55268,71.52448,2239254.0
2025-09-18,70.94139999999999,71.13575999999999,68.60908,70.94139999999999,2866364.0
2025-09-19,70.74704,71.13575999999999,69.38652,70.84422,1538587.0
2025-09-22,70.4555,70.84422,68.22036,69.09497999999999,2546591.0
2025-09-23,69.28934,69.28934,67.15138,67.54010000000001,2149608.0
2025-09-24,68.31754,68.9978,67.24856,68.70626,2326964.0
2025-09-25,69.09497999999999,70.26114,68.80344000000001,69.77524000000001,1967374.0
2025-09-26,69.77524000000001,69.77524000000001,67.83164,68.026,1995823.0
2025-09-29,67.92882,67.92882,66.56830000000001,67.83164,2788679.0
2025-09-30,67.83164,67.83164,64.72188,65.98522,3466670.0
2025-10-01,65.30496,65.98522,64.33316,64.62469999999999,1997192.0
2025-10-02,64.91624,65.40214,64.1388,64.1388,1615506.0
2025-10-03,64.1388,64.72188,63.6529,64.04162000000001,1649890.0
2025-10-06,64.52752,66.27676,64.52752,66.08239999999999,1522548.0
2025-10-07,66.37394,66.37394,64.62469999999999,64.62469999999999,1264390.0
2025-10-08,65.1106,65.5965,64.43034,65.5965,1406447.0
2025-10-09,65.5965,65.5965,64.1388,65.40214,2636365.0
2025-10-10,65.40214,67.15138,65.20778,66.56830000000001,2197166.0
2025-10-13,65.30496,66.56830000000001,65.20778,65.30496,2091822.0
2025-10-14,65.40214,66.76266,65.01342,66.17958,2320622.0
2025-10-15,66.37394,69.28934,61.612120000000004,67.0542,3946470.0
2025-10-16,67.54010000000001,67.54010000000001,65.5965,65.5965,2469632.0
2025-10-17,65.5965,66.47112,65.1106,66.08239999999999,2523654.0
2025-10-20,66.08239999999999,66.08239999999999,61.51494,61.51494,5554194.0
2025-10-21,61.90366,64.43034,61.612120000000004,64.1388,2311315.0
2025-10-22,64.1388,65.30496,63.45854,65.1106,1994951.0
2025-10-23,65.1106,67.73446000000001,64.81906,65.40214,2383580.0
2025-10-24,65.5965,65.5965,64.04162000000001,64.91624,1223141.0
2025-10-27,65.40214,65.49932,63.45854,64.62469999999999,1408087.0
2025-10-28,64.52752,64.62469999999999,62.1952,64.62469999999999,2081293.0
2025-10-29,64.52752,68.026,63.750080000000004,67.24856,3995853.0
2025-10-30,67.83164,68.60908,66.85983999999999,68.5119,3454735.0
2025-10-31,67.92882,68.026,66.17958,66.17958,4258496.0
2025-11-03,66.27676,68.9978,65.79086,66.56830000000001,3828168.0
2025-11-04,65.69367999999999,66.17958,62.292379999999994,65.40214,3775405.0
2025-11-05,65.40214,65.40214,63.750080000000004,65.1106,1441752.0
2025-11-06,65.1106,65.79086,64.23598,64.23598,1891675.0
2025-11-07,64.23598,64.33316,61.2234,61.612120000000004,2328622.0
2025-11-10,61.612120000000004,61.80648,59.2798,59.2798,2652251.0
2025-11-11,59.2798,60.251599999999996,57.8221,59.2798,1525079.0
2025-11-12,59.765699999999995,61.2234,59.668519999999994,60.251599999999996,1119168.0
2025-11-13,60.34878,62.09802,60.34878,61.2234,1574773.0
2025-11-14,61.2234,61.32058,60.34878,60.7375,767955.0
2025-11-17,60.7375,62.1952,60.7375,61.80648,614442.0
2025-11-18,61.612120000000004,62.6811,61.32058,61.709300000000006,1083549.0
2025-11-19,61.80648,62.1952,60.93186,61.41776,907553.0
2025-11-20,61.41776,61.41776,60.7375,60.83468,757437.0
2025-11-21,60.7375,62.09802,60.15442,61.41776,865664.0
2025-11-24,61.41776,61.709300000000006,61.12622,61.12622,438379.0
2025-11-25,61.2234,61.612120000000004,60.251599999999996,61.12622,1312794.0
2025-11-26,61.2234,61.90366,60.7375,61.612120000000004,1234043.0
2025-11-27,61.709300000000006,62.48674,61.32058,62.09802,1197035.0
2025-11-28,62.292379999999994,62.87546,61.612120000000004,62.1952,1069025.0
2025-12-01,62.09802,62.1952,60.93186,61.709300000000006,562626.0
2025-12-02,61.02904,61.02904,60.15442,60.93186,1274053.0
2025-12-03,60.93186,61.02904,60.54314,60.93186,1276308.0
2025-12-04,61.2234,61.80648,60.34878,60.34878,1571398.0
2025-12-05,60.54314,60.7375,59.2798,59.2798,1150617.0
2025-12-08,59.96006,59.96006,57.43338,57.8221,1700225.0
2025-12-09,57.8221,57.8221,56.26722,56.850300000000004,2523667.0
2025-12-10,57.04466,57.23902,56.17004,56.3644,1257102.0
2025-12-11,56.461580000000005,57.141839999999995,56.3644,56.3644,1060341.0
2025-12-12,56.461580000000005,56.75312,55.78132,55.78132,1207063.0
2025-12-15,55.8785,57.141839999999995,55.29542,56.850300000000004,1516530.0
2025-12-16,57.04466,57.530559999999994,55.68414,57.23902,654364.0
2025-12-17,57.04466,57.43338,56.55876,57.04466,393201.0
2025-12-18,56.850300000000004,57.04466,56.55876,56.75312,210419.0
2025-12-19,56.75312,57.8221,56.3644,57.8221,722306.0
2025-12-22,57.8221,58.40518,57.530559999999994,57.8221,600688.0
2025-12-23,58.7939,58.7939,57.8221,57.8221,808492.0
2025-12-24,57.43338,58.40518,57.23902,58.308,1052787.0
2025-12-25,58.40518,58.89108,57.72492,58.7939,740766.0
2025-12-26,58.308,58.50236,56.850300000000004,57.8221,820686.0
2025-12-29,57.72492,59.57134,57.72492,59.57134,1399845.0
2025-12-30,59.2798,60.251599999999996,59.2798,60.05724,1096143.0
2025-12-31,60.251599999999996,60.251599999999996,59.2798,59.2798,319352.0
2026-01-05,59.2798,59.474160000000005,58.59954,58.89108,637627.0
2026-01-06,58.89108,59.474160000000005,58.59954,58.69672,712535.0
2026-01-07,58.59954,61.32058,58.50236,60.93186,2596499.0
2026-01-08,60.93186,61.51494,60.15442,61.2234,1996703.0
2026-01-09,61.2234,61.41776,60.251599999999996,60.251599999999996,822079.0
2026-01-12,60.64032,61.80648,60.64032,61.2234,1242242.0
2026-01-13,61.02904,62.1952,60.83468,61.12622,1022466.0
2026-01-14,61.41776,62.00084,60.83468,61.2234,1539398.0
2026-01-15,61.41776,62.09802,61.2234,61.709300000000006,934694.0
2026-01-16,61.709300000000006,64.1388,61.32058,62.09802,1896045.0
2026-01-19,62.58392,62.58392,61.80648,62.00084,967886.0
2026-01-20,62.1952,66.27676,61.90366,66.27676,4476081.0
2026-01-21,66.56830000000001,69.19216,66.56830000000001,68.5119,5348406.0
2026-01-22,68.60908,68.60908,66.76266,68.026,2689096.0
2026-01-23,68.12317999999999,68.12317999999999,64.72188,66.56830000000001,2549945.0
2026-01-26,65.88803999999999,66.27676,62.1952,62.1952,3118981.0
2026-01-27,61.51494,63.94444,61.51494,63.94444,1216089.0
2026-01-28,63.750080000000004,64.23598,63.06982,63.94444,826451.0
2026-01-29,63.36136,65.98522,63.36136,65.98522,996972.0
2026-01-30,66.08239999999999,68.026,65.1106,66.56830000000001,1902876.0
2026-02-02,66.66548,67.0542,64.72188,66.27676,1994482.0
2026-02-03,67.24856,70.84422,67.24856,70.84422,7672143.0
2026-02-04,70.64986,72.885,70.64986,71.23294,2084226.0
2026-02-05,70.94139999999999,72.20474,69.09497999999999,69.09497999999999,1908628.0
2026-02-06,68.70626,70.94139999999999,68.22036,69.4837,2873270.0
2026-02-09,70.4555,70.74704,67.44292,69.28934,1313501.0
2026-02-10,68.5119,69.4837,66.76266,68.9978,2073054.0
2026-02-11,69.09497999999999,69.28934,67.92882,69.28934,1318542.0
2026-02-12,69.38652,72.69064,69.38652,72.3991,4715962.0
2026-02-13,71.4273,72.885,71.4273,72.885,1370078.0
2026-02-23,73.37089999999999,73.37089999999999,71.9132,73.37089999999999,1303737.0
2026-02-24,73.56526,78.13272,73.17653999999999,77.54964,5163857.0
2026-02-25,77.744,78.13272,76.86938,77.744,2203826.0
2026-02-26,77.93836,81.53402,77.2581,79.10452000000001,3049371.0
2026-02-27,80.27068,82.70017999999999,78.52144,82.01992,4409491.0
2026-03-02,82.21428,86.9761,78.7158,78.7158,4975834.0
2026-03-03,78.7158,80.46503999999999,77.744,79.2017,4685411.0
2026-03-04,79.6876,79.6876,73.95398,76.7722,3975342.0
2026-03-05,77.06374000000001,78.03554,74.92578,75.12014,2757655.0
2026-03-06,74.82860000000001,76.7722,73.75962,75.8004,2313650.0
2026-03-09,70.94139999999999,71.9132,70.55268,70.55268,1547726.0
2026-03-10,71.4273,71.71884,68.22036,69.4837,3034904.0
2026-03-11,68.70626,74.3427,68.70626,74.3427,4178803.0
2026-03-12,74.14833999999999,75.89758,73.17653999999999,74.63424,1766716.0
2026-03-13,74.14833999999999,75.41167999999999,72.98218,73.75962,1668984.0
2026-03-16,73.8568,74.05116000000001,70.64986,71.9132,1411306.0
2026-03-17,72.78782000000001,74.14833999999999,71.52448,73.8568,1644038.0
2026-03-18,75.50886,77.64682,74.14833999999999,77.16092,2277386.0
2026-03-19,76.2863,76.2863,73.95398,74.3427,1476196.0
2026-03-20,74.3427,75.8004,72.98218,75.02296000000001,1571267.0
2026-03-23,72.3991,73.75962,69.87242,69.9696,2397732.0
2026-03-24,71.9132,72.59346000000001,71.13575999999999,71.81602000000001,615542.0
2026-03-25,72.30192,75.21732,72.30192,75.02296000000001,1419703.0
2026-03-26,75.12014,75.60604,71.9132,75.60604,2237524.0
2026-03-27,75.60604,76.57784,74.43988,76.2863,2125035.0
2026-03-30,75.12014,77.54964,74.53706,76.2863,1380589.0
2026-03-31,76.57784,78.52144,75.70322,77.2581,1968481.0
2026-04-01,78.61861999999999,78.61861999999999,74.53706,75.21732,2336944.0
2026-04-02,73.95398,74.63424,69.9696,71.9132,4956017.0
2026-04-03,71.9132,71.9132,67.92882,68.70626,3646073.0
2026-04-06,68.90061999999999,69.87242,68.41472,69.19216,1232773.0
2026-04-07,69.4837,70.4555,68.22036,69.87242,1311361.0
2026-04-08,71.23294,72.98218,70.64986,72.3991,2960665.0
2026-04-09,72.20474,72.30192,71.13575999999999,71.52448,692621.0
2026-04-10,71.62166,72.20474,70.55268,70.55268,855922.0
2026-04-13,69.4837,71.71884,68.9978,71.23294,1239402.0
2026-04-14,71.33012,73.27372,71.33012,72.30192,1979646.0
2026-04-15,72.885,73.07936,71.71884,72.20474,1077061.0
2026-04-16,72.10755999999999,72.98218,71.4273,71.52448,1376528.0
2026-04-17,72.49628,73.8568,72.10755999999999,72.49628,1523319.0
2026-04-20,72.885,73.56526,71.9132,72.10755999999999,694408.0
2026-04-21,72.69064,73.17653999999999,71.81602000000001,71.9132,771046.0
2026-04-22,72.01038,72.20474,71.13575999999999,71.4273,891305.0
2026-04-23,71.62166,73.37089999999999,71.4273,72.10755999999999,1369288.0
2026-04-24,72.10755999999999,73.46808,72.10755999999999,72.885,2248129.0
2026-04-28,73.46808,73.46808,72.30192,72.885,795383.0
2026-04-29,72.78782000000001,73.66244,72.3991,73.17653999999999,822610.0
2026-05-04,73.66244,73.66244,72.3991,72.98218,709312.0
2026-05-05,73.17653999999999,75.60604,72.98218,75.41167999999999,2693422.0
2026-05-06,75.50886,76.2863,75.21732,76.18911999999999,1061487.0
2026-05-07,77.06374000000001,78.32708,76.2863,77.2581,2652674.0
2026-05-08,77.45246,78.7158,76.38347999999999,78.42425999999999,1918359.0
2026-05-11,78.7158,78.7158,77.35528,77.45246,1716781.0
2026-05-12,77.35528,79.6876,76.96656,79.29888000000001,1795331.0
2026-05-13,79.29888000000001,80.1735,78.7158,79.29888000000001,1527481.0
2026-05-14,79.2017,79.49324,78.61861999999999,79.00734,1052854.0
2026-05-15,79.2017,79.2017,77.2581,77.64682,1162786.0
2026-05-18,77.64682,78.52144,77.35528,77.45246,894514.0
2026-05-19,77.35528,77.93836,76.2863,76.67502,1396534.0
2026-05-20,77.35528,77.35528,72.98218,75.70322,1356440.0
2026-05-21,76.1,76.3,73.7,74.5,662039.0
2026-05-22,74.4,74.6,72.9,73.6,850596.0
2026-05-25,73.5,75.3,73.0,74.6,538756.0
2026-05-26,75.1,76.0,74.0,75.5,835646.0
2026-05-27,76.5,76.5,73.6,74.9,1163135.0
2026-05-28,74.2,74.8,72.5,72.5,1056164.0
2026-05-29,72.5,73.0,72.0,72.3,321097.0
2026-06-01,72.3,73.3,71.9,73.3,361239.0
2026-06-02,73.3,73.3,72.2,73.3,658493.0
2026-06-03,73.0,73.8,72.2,73.3,933600.0
2026-06-04,72.5,77.1,72.5,76.1,1816600.0
2026-06-05,76.1,77.2,76.0,76.2,509700.0
2026-06-08,76.3,77.1,75.0,76.0,996500.0
2026-06-09,76.0,77.0,75.7,76.0,836500.0
2026-06-10,75.7,76.5,74.6,75.6,919600.0
2026-06-11,75.1,75.8,75.1,75.6,167200.0
2026-06-12,76.3,76.4,75.3,76.0,490300.0
2026-06-15,76.6,79.9,76.2,79.6,4151300.0
2026-06-16,79.9,80.0,78.8,79.6,611300.0
2026-06-17,79.9,79.9,78.4,78.8,761200.0
2026-06-18,78.9,79.0,77.3,77.6,930700.0
2026-06-19,78.5,78.5,75.8,77.0,1128600.0
2026-06-22,76.1,77.2,75.2,75.6,1123700.0
2026-06-23,75.9,76.9,75.2,76.4,826800.0
2026-06-24,76.0,76.3,74.5,75.0,715200.0
2026-06-25,74.8,75.2,72.8,73.0,1438200.0
2026-06-26,73.0,73.3,72.6,73.0,640300.0
2026-06-29,73.0,73.8,72.4,73.6,759300.0
2026-06-30,74.0,74.7,73.2,73.6,773500.0
2026-07-01,73.6,74.3,73.3,74.3,685700.0
2026-07-02,74.6,76.0,74.2,75.3,1585600.0
2026-07-03,75.0,76.5,73.9,76.4,1759700.0
2026-07-06,76.3,78.2,75.3,77.2,2115500.0
2026-07-07,77.2,77.3,75.8,76.0,1718400.0
2026-07-08,76.2,77.4,75.8,77.4,1249600.0
2026-07-09,77.0,77.1,76.1,76.1,810100.0
2026-07-10,74.4,76.5,73.4,75.3,2176400.0
2026-07-13,75.4,77.1,74.2,75.3,1519700.0
2026-07-14,75.3,77.8,75.0,77.5,2417600.0
2026-07-15,77.1,77.4,76.5,77.0,726100.0
2026-07-16,77.0,79.3,75.8,79.0,2607300.0
2026-07-17,79.0,79.0,76.4,77.5,990500.0
2026-07-20,76.7,77.1,75.3,76.0,923100.0
2026-07-21,76.0,77.4,75.7,76.0,874700.0
2026-07-22,75.7,76.3,72.0,72.0,2233100.0
2026-07-23,71.9,72.2,67.0,72.0,3404000.0
2026-07-24,72.0,73.2,70.6,73.2,1829400.0
2026-07-27,73.0,73.8,72.2,72.3,900100.0
2026-07-28,72.0,73.4,71.5,72.9,829700.0
2026-07-29,73.0,74.0,72.9,73.8,664000.0
2026-07-30,73.8,76.5,73.8,76.4,1393600.0
2026-07-31,77.0,77.0,74.5,77.0,2208100.0
2026-08-03,76.4,78.3,76.1,77.1,1094000.0
2026-08-04,77.2,77.4,76.2,76.5,503100.0
2026-08-05,76.9,77.2,75.8,76.2,1064800.0
2026-08-06,76.2,78.4,76.2,77.1,1066200.0
2026-08-07,76.9,77.9,76.9,77.2,579000.0
2026-08-10,78.3,82.0,77.3,78.2,3401300.0
2026-08-11,78.2,78.5,77.2,77.4,521800.0
2026-08-12,77.4,78.2,76.5,77.2,873200.0
2026-08-13,77.0,79.8,76.4,78.5,2129900.0
2026-08-14,78.4,79.8,78.3,78.7,1351300.0
2026-08-17,78.7,79.9,78.3,78.8,1731100.0
2026-08-18,79.0,79.8,78.7,79.5,2045500.0
2026-08-19,80.0,80.6,78.6,78.6,2130600.0
2026-08-20,78.7,78.9,77.0,77.0,1948800.0
2026-08-21,77.1,77.8,77.1,77.4,1388900.0
2026-08-24,77.8,78.4,77.4,77.5,646100.0
2026-08-25,77.5,78.7,77.1,78.7,1274400.0
2026-08-26,78.7,81.3,78.7,79.3,1937400.0
2026-08-27,79.7,80.1,79.2,79.8,450900.0
2026-08-28,79.8,80.1,79.2,79.5,646500.0
2026-09-03,79.5,79.5,77.6,77.6,917000.0
2026-09-04,78.0,78.4,77.3,77.4,737000.0
2026-09-07,77.5,78.0,76.8,76.8,618700.0
2026-09-08,76.8,77.2,75.0,75.0,934600.0
2026-09-09,75.0,76.5,75.0,75.6,492700.0
2026-09-10,75.7,76.0,75.1,75.2,289500.0
2026-09-11,75.2,76.0,74.2,74.6,1080800.0
2026-09-14,74.6,75.5,73.5,74.6,518100.0
2026-09-15,75.0,76.5,74.9,76.5,835700.0
2026-09-16,76.5,76.7,75.8,76.6,867100.0
2026-09-17,76.3,77.0,76.1,76.6,620500.0
2026-09-18,76.8,77.6,76.7,77.3,778100.0
2026-09-21,77.3,77.8,76.5,77.0,644500.0
2026-09-22,76.8,77.6,76.6,77.4,489000.0
2026-09-23,77.6,79.2,77.1,77.8,865500.0
2026-09-24,77.8,78.4,76.3,76.3,803100.0
2026-09-25,77.1,77.7,76.2,77.4,770900.0
2026-09-28,77.8,79.0,77.1,77.3,576500.0
2026-09-29,77.5,78.2,76.8,77.2,495700.0
2026-09-30,77.9,79.0,77.6,78.1,1035100.0
2026-10-01,78.1,79.0,77.7,78.5,1298700.0
2026-10-02,78.7,78.7,77.6,77.6,1073400.0
