,open,high,low,close,volume
2020-05-08,4.989529999999999,5.25368,4.97485,5.0629,4270560.0
2020-05-11,5.1803,5.3564,5.10693,5.341729999999999,3185780.0
2020-05-12,5.31238,5.38575,5.194979999999999,5.31238,2317490.0
2020-05-13,5.22433,5.40043,5.15095,5.28303,3081060.0
2020-05-14,5.22433,5.63523,5.16563,5.44445,3674570.0
2020-05-15,5.45913,5.561850000000001,5.3564,5.40043,2433850.0
2020-05-18,5.341729999999999,5.50315,5.31238,5.488479999999999,1832790.0
2020-05-19,5.63523,5.67926,5.4738,5.488479999999999,2867180.0
2020-05-20,5.45913,5.51783,5.38575,5.42978,2395000.0
2020-05-21,5.4738,5.488479999999999,5.40043,5.42978,1771400.0
2020-05-22,5.40043,5.620550000000001,5.38575,5.42978,2920160.0
2020-05-25,5.44445,5.57653,5.42978,5.57653,2273240.0
2020-05-26,5.64991,5.855359999999999,5.5912,5.82601,4065930.0
2020-05-27,5.855359999999999,5.87003,5.488479999999999,5.51783,4015960.0
2020-05-28,5.561850000000001,5.620550000000001,5.488479999999999,5.54718,2219910.0
2020-05-29,5.50315,5.561850000000001,5.4738,5.51783,1708650.0
2020-06-01,5.57653,5.72328,5.54718,5.72328,1595610.0
2020-06-02,5.81133,5.81133,5.561850000000001,5.5912,2017890.0
2020-06-03,5.64991,5.67926,5.561850000000001,5.64991,1098170.0
2020-06-04,5.76731,5.94341,5.75263,5.78198,5172520.0
2020-06-05,4.13837,5.92873,5.73796,5.87003,2859450.0
2020-06-08,6.04613,6.134180000000001,5.95808,6.09016,3135420.0
2020-06-09,6.134180000000001,6.14886,6.01678,6.07548,2486940.0
2020-06-10,6.01678,6.134180000000001,5.91406,6.06081,2715300.0
2020-06-11,6.04613,6.10483,5.64991,5.64991,4995600.0
2020-06-12,5.341729999999999,5.64991,5.31238,5.64991,3271120.0
2020-06-15,5.67926,5.69393,5.268350000000001,5.268350000000001,4474570.0
2020-06-16,5.42978,5.5325,5.3564,5.50315,2267080.0
2020-06-17,5.51783,5.57653,5.38575,5.50315,1528300.0
2020-06-18,5.42978,5.50315,5.37108,5.44445,1217300.0
2020-06-19,5.45913,5.708609999999999,5.44445,5.69393,2400720.0
2020-06-22,5.69393,5.73796,5.620550000000001,5.69393,1844190.0
2020-06-23,5.75263,6.09016,5.72328,5.987430000000001,5211610.0
2020-06-24,5.987430000000001,6.01678,5.72328,5.78198,2609100.0
2020-06-25,5.67926,5.79666,5.66458,5.73796,1699180.0
2020-06-26,5.78198,5.84068,5.561850000000001,5.620550000000001,2478030.0
2020-06-29,5.57653,5.60588,5.28303,5.38575,2580940.0
2020-06-30,5.488479999999999,5.5325,5.28303,5.38575,1523160.0
2020-07-01,5.44445,5.620550000000001,5.40043,5.5912,1165560.0
2020-07-02,5.63523,5.64991,5.54718,5.5912,1047190.0
2020-07-03,5.620550000000001,5.64991,5.57653,5.57653,1274600.0
2020-07-06,5.66458,5.75263,5.620550000000001,5.72328,1209080.0
2020-07-07,5.78198,5.81133,5.66458,5.66458,1985400.0
2020-07-08,5.66458,5.76731,5.63523,5.76731,1700880.0
2020-07-09,5.87368,5.9193299999999995,5.84325,5.87368,1821580.0
2020-07-10,5.812819999999999,5.9802,5.812819999999999,5.8889,1964850.0
2020-07-13,5.9193299999999995,5.94977,5.75195,5.82803,1807570.0
2020-07-14,5.7976,5.96498,5.75195,5.93455,2123340.0
2020-07-15,5.99542,6.01063,5.82803,5.8584700000000005,1659160.0
2020-07-16,5.8584700000000005,5.90412,5.812819999999999,5.84325,785130.0
2020-07-17,5.84325,5.93455,5.812819999999999,5.87368,1658460.0
2020-07-20,5.87368,5.90412,5.721520000000001,5.721520000000001,1847310.0
2020-07-21,5.78238,5.812819999999999,5.59978,5.706300000000001,2501800.0
2020-07-22,5.75195,5.75195,5.584560000000001,5.63021,1223120.0
2020-07-23,5.63021,5.64543,5.53891,5.584560000000001,1125480.0
2020-07-24,5.53891,5.56935,5.204140000000001,5.24979,3541100.0
2020-07-27,5.02154,5.17371,4.88459,4.88459,3533390.0
2020-07-28,4.89981,5.21936,4.89981,5.21936,2625840.0
2020-07-29,5.17371,5.17371,4.86937,5.03676,2914560.0
2020-07-30,5.0519799999999995,5.11284,4.96068,5.0519799999999995,2314760.0
2020-07-31,4.89981,5.082409999999999,4.89981,5.02154,864240.0
2020-08-03,4.99111,5.23458,4.99111,5.21936,1928640.0
2020-08-04,5.26501,5.29545,5.15849,5.24979,2533470.0
2020-08-05,5.21936,5.356310000000001,5.18893,5.29545,1917140.0
2020-08-06,5.2802299999999995,5.32588,5.204140000000001,5.24979,1445140.0
2020-08-07,5.24979,5.2802299999999995,5.17371,5.21936,1424950.0
2020-08-10,5.2802299999999995,5.356310000000001,5.24979,5.2802299999999995,2761400.0
2020-08-11,5.32588,5.46283,5.2802299999999995,5.4323999999999995,3043010.0
2020-08-12,5.4323999999999995,5.4780500000000005,5.356310000000001,5.40196,1145990.0
2020-08-13,5.53891,5.584560000000001,5.4323999999999995,5.53891,3243130.0
2020-08-14,5.50848,5.55413,5.37153,5.44761,2412500.0
2020-08-17,5.37153,5.4323999999999995,5.3106599999999995,5.38675,1484170.0
2020-08-18,5.356310000000001,5.4323999999999995,5.32588,5.356310000000001,1155580.0
2020-08-19,5.38675,5.4323999999999995,5.3411,5.41718,1276800.0
2020-08-20,5.38675,5.41718,5.3411,5.356310000000001,1528750.0
2020-08-21,5.37153,5.5237,5.3411,5.49326,2740380.0
2020-08-24,5.55413,5.69108,5.53891,5.59978,3679900.0
2020-08-25,5.6606499999999995,5.675859999999999,5.584560000000001,5.584560000000001,2309910.0
2020-08-26,5.59978,5.73673,5.59978,5.6606499999999995,3359280.0
2020-08-27,5.6606499999999995,5.706300000000001,5.63021,5.706300000000001,1739420.0
2020-08-28,5.78238,5.8584700000000005,5.73673,5.73673,5826520.0
2020-08-31,5.75195,5.82803,5.59978,5.64543,3625910.0
2020-09-01,5.64543,5.75195,5.615,5.721520000000001,1845750.0
2020-09-03,5.812819999999999,5.812819999999999,5.721520000000001,5.78238,3563000.0
2020-09-04,5.6606499999999995,6.02585,5.6606499999999995,5.93455,6278360.0
2020-09-07,5.99542,6.0715,5.82803,5.82803,4312720.0
2020-09-08,5.84325,5.96498,5.7976,5.96498,3111560.0
2020-09-09,5.8584700000000005,6.0410699999999995,5.84325,5.99542,3809110.0
2020-09-10,6.05628,6.13237,5.96498,6.0410699999999995,4806310.0
2020-09-11,6.02585,6.086720000000001,5.9802,6.02585,2587790.0
2020-09-14,6.0715,6.0715,5.9802,5.99542,2752720.0
2020-09-15,6.02585,6.20845,5.99542,6.0715,5506040.0
2020-09-16,6.05628,6.1628,6.05628,6.1628,2838120.0
2020-09-17,6.14759,6.20845,6.10194,6.17802,2531730.0
2020-09-18,6.17802,6.314970000000001,6.14759,6.29975,3192360.0
2020-09-21,6.3454,6.37584,6.26932,6.26932,2944900.0
2020-09-22,6.2388900000000005,6.28454,6.193239999999999,6.2541,2972730.0
2020-09-23,6.26932,6.33019,6.2541,6.29975,2029360.0
2020-09-24,6.26932,6.314970000000001,6.17802,6.29975,2973870.0
2020-09-25,6.29975,6.29975,6.13237,6.14759,2270870.0
2020-09-28,6.26932,6.33019,6.17802,6.29975,2950730.0
2020-09-29,6.33019,6.48236,6.29975,6.314970000000001,3727020.0
2020-09-30,6.29975,6.40627,6.28454,6.39105,2753770.0
2020-10-01,6.4671400000000006,6.83234,6.4367,6.74104,5563550.0
2020-10-02,6.72582,6.81712,6.39105,6.63452,4488560.0
2020-10-05,6.72582,6.83234,6.695390000000001,6.786689999999999,2197570.0
2020-10-06,6.81712,6.83234,6.63452,6.695390000000001,3758740.0
2020-10-07,6.66496,6.786689999999999,6.6193100000000005,6.63452,3209830.0
2020-10-08,6.68017,6.71061,6.58887,6.71061,2467840.0
2020-10-09,6.8019099999999995,6.89321,6.74104,6.86278,3225430.0
2020-10-12,6.93886,6.95408,6.695390000000001,6.74104,2700580.0
2020-10-13,6.74104,6.74104,6.60409,6.695390000000001,1327320.0
2020-10-14,6.71061,6.8475600000000005,6.66496,6.8019099999999995,2775270.0
2020-10-15,6.87799,6.923640000000001,6.74104,6.8019099999999995,2692260.0
2020-10-16,6.81712,6.86278,6.68017,6.83234,2646120.0
2020-10-19,6.93886,7.13668,6.90843,6.96929,4070010.0
2020-10-20,6.93886,7.0301599999999995,6.8475600000000005,6.99973,1710120.0
2020-10-21,7.014939999999999,7.014939999999999,6.695390000000001,6.695390000000001,4719090.0
2020-10-22,6.6193100000000005,6.786689999999999,6.54322,6.786689999999999,3454050.0
2020-10-23,6.786689999999999,6.81712,6.695390000000001,6.72582,2136830.0
2020-10-26,6.72582,6.87799,6.66496,6.66496,2987730.0
2020-10-27,6.63452,6.695390000000001,6.54322,6.54322,2541080.0
2020-10-28,6.51279,6.558439999999999,6.26932,6.26932,3346230.0
2020-10-29,6.14759,6.37584,6.14759,6.314970000000001,2275710.0
2020-10-30,6.36062,6.37584,6.20845,6.29975,1388610.0
2020-11-02,6.39105,6.45192,6.314970000000001,6.45192,855700.0
2020-11-03,6.48236,6.6497399999999995,6.48236,6.6193100000000005,3028360.0
2020-11-04,6.6497399999999995,6.74104,6.58887,6.66496,1916680.0
2020-11-05,6.6193100000000005,6.74104,6.6193100000000005,6.63452,1900850.0
2020-11-06,6.695390000000001,6.695390000000001,6.558439999999999,6.58887,1312400.0
2020-11-09,6.60409,6.77147,6.60409,6.77147,2308210.0
2020-11-10,6.89321,7.06059,6.786689999999999,6.923640000000001,6331880.0
2020-11-11,6.89321,6.96929,6.83234,6.87799,2930600.0
2020-11-12,6.8475600000000005,6.923640000000001,6.81712,6.87799,1900890.0
2020-11-13,6.87799,6.96929,6.86278,6.96929,2964390.0
2020-11-16,7.075810000000001,7.075810000000001,6.8475600000000005,6.8475600000000005,3074140.0
2020-11-17,6.89321,7.0301599999999995,6.8475600000000005,6.99973,2849510.0
2020-11-18,6.99973,7.13668,6.99973,7.06059,3042970.0
2020-11-19,7.10624,7.13668,7.04538,7.09103,3367900.0
2020-11-20,7.12146,7.12146,7.04538,7.12146,2608660.0
2020-11-23,7.151890000000001,7.395359999999999,7.0301599999999995,7.3801499999999995,6742180.0
2020-11-24,7.45623,7.532310000000001,7.27363,7.45623,4809780.0
2020-11-25,7.45623,7.532310000000001,7.36493,7.395359999999999,2707210.0
2020-11-26,7.3801499999999995,7.3801499999999995,7.25841,7.36493,2555050.0
2020-11-27,7.425800000000001,7.5171,7.3801499999999995,7.48666,2045670.0
2020-11-30,7.5171,7.5171,7.36493,7.36493,2068090.0
2020-12-01,7.22798,7.47145,7.22798,7.47145,3009100.0
2020-12-02,7.50188,7.68448,7.47145,7.5171,4560920.0
2020-12-03,7.59318,7.66927,7.54753,7.57796,2744120.0
2020-12-04,7.59318,7.6084,7.45623,7.47145,2546830.0
2020-12-07,7.48666,7.56275,7.47145,7.54753,2509980.0
2020-12-08,7.59318,8.0649,7.59318,8.0649,22155480.0
2020-12-09,8.20185,8.490969999999999,8.18664,8.30837,4512980.0
2020-12-10,8.21707,8.39967,8.1562,8.17142,3655170.0
2020-12-11,8.1562,8.35402,8.00403,8.35402,5954580.0
2020-12-14,8.52141,8.886610000000001,8.36924,8.74966,5404280.0
2020-12-15,8.70401,8.87139,8.582270000000001,8.688790000000001,4877910.0
2020-12-16,8.70401,8.76487,8.536620000000001,8.56706,5084250.0
2020-12-17,8.50619,8.582270000000001,8.30837,8.384450000000001,6134820.0
2020-12-18,8.50619,8.91704,8.39967,8.886610000000001,4620300.0
2020-12-21,9.038780000000001,9.4192,8.96269,9.35833,6305600.0
2020-12-22,9.26703,9.48006,9.145290000000001,9.3279,5367590.0
2020-12-23,9.28225,9.28225,8.82574,8.947479999999999,5581520.0
2020-12-24,8.97791,9.038780000000001,8.338799999999999,8.82574,5680020.0
2020-12-25,8.78009,9.43441,8.78009,9.43441,6229220.0
2020-12-28,9.67788,9.83005,9.4192,9.72353,5752960.0
2020-12-29,9.64575,9.89308,9.42934,9.692129999999999,4302410.0
2020-12-30,9.58392,9.723040000000001,9.42934,9.50663,4046180.0
2020-12-31,9.50663,9.84671,9.42934,9.70759,3866510.0
2021-01-04,10.04766,10.17132,9.83125,9.89308,4219300.0
2021-01-05,9.76942,9.924,9.7385,9.76942,4315200.0
2021-01-06,9.89308,10.09403,9.7385,9.76942,4942500.0
2021-01-07,9.924,9.98583,9.7385,9.98583,4028700.0
2021-01-08,10.10949,10.26407,9.89308,10.07858,5783900.0
2021-01-11,10.10949,10.15587,9.80033,9.86217,6534600.0
2021-01-12,9.76942,10.04766,9.64575,9.98583,6863400.0
2021-01-13,9.98583,9.98583,9.815790000000002,9.84671,4458300.0
2021-01-14,9.84671,10.526860000000001,9.7385,10.40319,11090000.0
2021-01-15,10.5114,10.66598,10.43411,10.55777,7380300.0
2021-01-18,10.58869,10.58869,10.279530000000001,10.29499,7054600.0
2021-01-19,10.2177,10.248610000000001,9.58392,9.58392,7708500.0
2021-01-20,9.67667,9.76942,8.919229999999999,9.58392,6962300.0
2021-01-21,9.58392,9.80033,9.3366,9.7385,6858300.0
2021-01-22,9.614840000000001,9.76942,9.46026,9.52209,4443800.0
2021-01-25,9.352049999999998,9.815790000000002,8.88832,9.70759,6842800.0
2021-01-26,9.692129999999999,9.70759,9.12018,9.21293,4556400.0
2021-01-27,9.12018,9.21293,8.57916,8.57916,5646700.0
2021-01-28,7.99176,8.409120000000001,7.99176,7.99176,5330700.0
2021-01-29,7.4816400000000005,8.53278,7.4816400000000005,8.316370000000001,5712400.0
2021-02-01,8.22362,8.42458,7.74443,7.74443,4151100.0
2021-02-02,7.74443,7.99176,7.466189999999999,7.914470000000001,3925700.0
2021-02-03,8.13088,8.45549,7.99176,8.440040000000002,6337600.0
2021-02-04,8.440040000000002,8.64099,8.285459999999999,8.440040000000002,4825500.0
2021-02-05,8.50187,8.74919,8.440040000000002,8.656450000000001,3772600.0
2021-02-08,8.74919,9.02744,8.19271,8.48641,6306900.0
2021-02-09,8.48641,8.73374,8.316370000000001,8.71828,4863300.0
2021-02-17,8.93469,9.12018,8.78011,9.08927,4131600.0
2021-02-18,9.05835,9.21293,8.96561,9.02744,4485600.0
2021-02-19,8.90377,9.1511,8.841940000000001,8.98106,4184700.0
2021-02-22,9.04289,9.19747,8.96561,9.05835,4770900.0
2021-02-23,9.02744,9.25931,8.96561,9.1511,4247700.0
2021-02-24,9.27476,9.398430000000001,8.96561,9.02744,4932200.0
2021-02-25,9.1511,9.19747,8.96561,9.05835,3002800.0
2021-02-26,8.919229999999999,9.05835,8.88832,9.01198,3691700.0
2021-03-01,9.24385,9.56846,9.08927,9.56846,6413700.0
2021-03-02,9.70759,9.723040000000001,9.52209,9.58392,5474800.0
2021-03-03,9.614840000000001,9.661209999999999,9.53755,9.6303,4510400.0
2021-03-04,9.70759,9.815790000000002,9.3366,9.36751,5839500.0
2021-03-05,9.30568,9.58392,9.135639999999999,9.58392,4498200.0
2021-03-08,9.80033,10.01675,9.64575,9.76942,5808400.0
2021-03-09,9.661209999999999,9.76942,9.50663,9.64575,3202000.0
2021-03-10,9.64575,9.939459999999999,9.55301,9.90854,6258900.0
2021-03-11,10.01675,10.26407,10.01675,10.07858,6795200.0
2021-03-12,10.07858,10.14041,9.95491,10.04766,3162400.0
2021-03-15,10.04766,10.07858,9.89308,9.90854,2969800.0
2021-03-16,9.924,9.939459999999999,9.67667,9.723040000000001,3887700.0
2021-03-17,9.692129999999999,9.86217,9.692129999999999,9.83125,2648600.0
2021-03-18,9.924,10.04766,9.86217,9.97037,2933800.0
2021-03-19,10.001290000000001,10.17132,9.924,10.10949,4259200.0
2021-03-22,10.07858,10.14041,9.90854,9.90854,2431300.0
2021-03-23,9.939459999999999,9.939459999999999,9.692129999999999,9.723040000000001,3666700.0
2021-03-24,9.58392,9.692129999999999,9.27476,9.27476,4392700.0
2021-03-25,9.42934,9.46026,9.21293,9.27476,3503400.0
2021-03-26,9.24385,9.42934,9.01198,9.1511,3496200.0
2021-03-29,9.352049999999998,9.444799999999999,9.25931,9.413889999999999,2145800.0
2021-03-30,9.46026,9.614840000000001,9.413889999999999,9.614840000000001,2398400.0
2021-03-31,9.64575,9.723040000000001,9.52209,9.55301,2176500.0
2021-04-01,9.67667,10.17132,9.55301,10.10949,5666500.0
2021-04-02,10.325899999999999,10.356819999999999,10.07858,10.10949,4325100.0
2021-04-05,10.356819999999999,10.356819999999999,10.14041,10.29499,5339700.0
2021-04-06,10.20224,10.387739999999999,10.14041,10.20224,4020200.0
2021-04-07,10.20224,10.29499,10.14041,10.26407,2886800.0
2021-04-08,10.34136,10.356819999999999,10.17132,10.2177,3377300.0
2021-04-09,10.23316,10.58869,10.20224,10.41865,4755000.0
2021-04-12,10.55777,10.72781,10.37228,10.69689,5273900.0
2021-04-13,10.820559999999999,10.820559999999999,10.26407,10.26407,5897600.0
2021-04-14,10.20224,10.495940000000001,10.14041,10.48048,4883500.0
2021-04-15,10.48048,10.495940000000001,10.20224,10.20224,4032400.0
2021-04-16,10.07858,10.23316,9.7385,9.89308,5583700.0
2021-04-19,10.17132,10.17132,9.80033,10.15587,3523400.0
2021-04-20,10.20224,10.29499,9.83125,9.89308,3822100.0
2021-04-22,9.86217,9.89308,9.27476,9.27476,5082400.0
2021-04-23,9.30568,9.7385,9.1511,9.7385,5346000.0
2021-04-26,9.80033,9.80033,9.30568,9.30568,3041100.0
2021-04-27,9.3366,9.42934,9.24385,9.27476,2300500.0
2021-04-28,9.27476,9.49118,9.27476,9.398430000000001,2007600.0
2021-04-29,9.46026,9.70759,9.46026,9.49118,1931300.0
2021-05-04,9.27476,9.67667,9.27476,9.67667,2966300.0
2021-05-05,9.7385,10.01675,9.692129999999999,9.86217,3372400.0
2021-05-06,9.86217,10.001290000000001,9.80033,9.83125,3746200.0
2021-05-07,9.70759,9.98583,9.58392,9.815790000000002,4905500.0
2021-05-10,9.76942,10.48048,9.67667,10.48048,9117900.0
2021-05-11,10.57466,10.77984,10.29056,10.29056,4725300.0
2021-05-12,10.19586,10.669360000000001,10.19586,10.669360000000001,4873400.0
2021-05-13,10.606219999999999,11.30068,10.57466,11.063930000000001,12670200.0
2021-05-14,11.20598,11.269110000000001,11.03237,11.17441,5305000.0
2021-05-17,11.30068,11.30068,10.89032,10.92189,5741000.0
2021-05-18,10.89032,11.07972,10.77984,10.89032,6194700.0
2021-05-19,10.89032,11.20598,10.85875,11.1902,4676900.0
2021-05-20,11.20598,11.837299999999999,11.17441,11.679469999999998,9556300.0
2021-05-21,11.616340000000001,11.82152,11.42694,11.42694,5735400.0
2021-05-24,11.45851,11.80574,11.363809999999999,11.74261,6102700.0
2021-05-25,11.74261,11.90044,11.616340000000001,11.82152,5172900.0
2021-05-26,11.82152,11.91622,11.679469999999998,11.695260000000001,4665900.0
2021-05-27,11.695260000000001,11.82152,11.33225,11.45851,4547200.0
2021-05-28,11.52164,11.82152,11.37959,11.82152,5390000.0
2021-05-31,12.08983,12.45284,11.90044,12.38971,8196700.0
2021-06-01,12.46863,12.547540000000001,11.99513,12.1214,4437200.0
2021-06-02,12.0267,12.56332,11.932,12.56332,6737700.0
2021-06-03,12.942120000000001,13.415610000000001,12.62646,13.25778,7572400.0
2021-06-04,13.25778,13.44718,13.03682,13.19465,5709000.0
2021-06-07,13.00525,13.19465,12.27923,12.59489,7495100.0
2021-06-08,12.342360000000001,12.65802,11.72682,11.72682,6712000.0
2021-06-09,11.837299999999999,12.46863,11.45851,12.05827,7854100.0
2021-06-10,12.0267,12.29501,11.77417,12.04248,5372400.0
2021-06-11,12.04248,12.62646,11.837299999999999,12.437059999999999,5495900.0
2021-06-14,12.46863,13.305129999999998,12.342360000000001,13.305129999999998,12185100.0
2021-06-15,13.541879999999999,14.23633,13.44718,14.173200000000001,10698000.0
2021-06-16,13.889100000000001,14.36259,13.60501,14.04693,7315500.0
2021-06-17,13.60501,14.14163,13.60501,14.03115,6766000.0
2021-06-18,14.20476,14.29946,13.92067,14.0785,4315200.0
2021-06-21,13.889100000000001,14.33103,13.73127,13.82597,4387400.0
2021-06-22,13.889100000000001,14.173200000000001,13.76284,14.04693,5287900.0
2021-06-23,14.094280000000001,14.8203,14.094280000000001,14.55199,6169000.0
2021-06-24,14.615120000000001,14.67826,14.11007,14.2679,4643100.0
2021-06-25,14.36259,15.262229999999999,14.23633,15.262229999999999,9536200.0
2021-06-28,15.75151,15.75151,15.30958,15.46741,5021600.0
2021-06-29,15.46741,16.09873,15.38849,15.90934,5117700.0
2021-06-30,15.814639999999999,16.25656,15.814639999999999,16.1303,5641900.0
2021-07-01,16.50909,17.108849999999997,16.3197,17.045720000000003,6160100.0
2021-07-02,17.20355,17.83487,16.88789,17.20355,6290500.0
2021-07-05,16.95102,17.20355,16.38283,16.76162,6878100.0
2021-07-06,16.73006,17.29825,15.59367,15.59367,7773500.0
2021-07-07,15.719940000000001,16.16187,14.83609,16.09873,9225300.0
2021-07-08,16.09873,16.57222,15.814639999999999,15.97247,5002900.0
2021-07-09,15.62524,16.1303,15.08862,15.183309999999999,7301600.0
2021-07-12,14.67826,14.96235,14.12585,14.12585,8910200.0
2021-07-13,14.48886,14.99392,14.173200000000001,14.99392,5401500.0
2021-07-14,14.99392,15.23066,14.20476,14.55199,4370100.0
2021-07-15,14.36259,15.214879999999999,14.36259,15.214879999999999,4408200.0
2021-07-16,15.214879999999999,15.37271,15.057049999999998,15.08862,4380400.0
2021-07-19,14.520430000000001,14.772950000000002,14.04693,14.04693,7029600.0
2021-07-20,14.14163,15.02548,13.85754,14.99392,5790900.0
2021-07-21,14.99392,15.167530000000001,14.520430000000001,14.55199,4122100.0
2021-07-22,14.520430000000001,14.93079,14.441510000000001,14.725610000000001,3517600.0
2021-07-23,14.646690000000001,14.741389999999999,14.28368,14.28368,4128800.0
2021-07-26,14.22055,14.39416,13.889100000000001,14.11007,4161400.0
2021-07-27,14.2679,14.772950000000002,14.094280000000001,14.50464,6668300.0
2021-07-28,14.42573,14.67826,14.36259,14.48886,2213000.0
2021-07-29,14.67826,14.8203,14.58356,14.8203,3252700.0
2021-07-30,14.89922,15.30958,14.83609,15.1044,7748500.0
2021-08-02,15.08862,15.37271,14.915,15.183309999999999,6350500.0
2021-08-03,15.183309999999999,15.62524,14.99392,15.62524,7303600.0
2021-08-04,15.78307,15.97247,15.57789,15.719940000000001,6998100.0
2021-08-05,15.62524,15.97247,15.49898,15.9409,6004800.0
2021-08-06,15.90934,15.97247,15.56211,15.56211,6651300.0
2021-08-09,15.46741,16.44596,15.43584,16.35126,9134000.0
2021-08-10,16.57222,16.57222,16.16187,16.3197,5500400.0
2021-08-11,16.3197,16.698490000000003,16.09873,16.09873,5888400.0
2021-08-12,16.00403,16.41439,15.90934,16.0356,5679300.0
2021-08-13,16.09873,16.698490000000003,16.06717,16.698490000000003,9592400.0
2021-08-16,17.07728,17.70861,17.045720000000003,17.58234,7501600.0
2021-08-17,17.48764,17.61391,17.20355,17.36138,5507200.0
2021-08-18,17.26668,17.96114,17.14042,17.64547,6800600.0
2021-08-19,17.64547,17.92957,17.36138,17.8033,4220800.0
2021-08-20,17.77174,18.30836,17.39294,17.9927,13393800.0
2021-08-23,17.9927,18.3715,17.74017,18.02427,7475000.0
2021-08-24,18.05583,18.15053,16.79319,16.79319,10587900.0
2021-08-25,16.79319,17.14042,16.50909,17.108849999999997,4689400.0
2021-08-26,17.108849999999997,17.20355,16.35126,16.50909,6115000.0
2021-08-27,16.3197,16.88789,16.06717,16.88789,6572600.0
2021-08-30,17.01415,17.519209999999998,16.73006,17.519209999999998,5178500.0
2021-08-31,17.519209999999998,17.61391,17.23511,17.23511,5199400.0
2021-09-01,17.171979999999998,17.519209999999998,17.01415,17.329810000000002,5464900.0
2021-09-06,17.55078,17.61391,17.23511,17.55078,4745700.0
2021-09-07,17.67704,18.11897,17.64547,17.77174,6231700.0
2021-09-08,17.96114,18.087400000000002,17.20355,17.424509999999998,5890700.0
2021-09-09,17.36138,17.61391,17.329810000000002,17.519209999999998,3565600.0
2021-09-10,17.58234,17.77174,17.36138,17.424509999999998,2730000.0
2021-09-13,17.36138,17.39294,16.666919999999998,16.82475,8950400.0
2021-09-14,16.79319,16.95102,16.25656,16.25656,5436300.0
2021-09-15,16.19343,16.88789,16.16187,16.76162,2916400.0
2021-09-16,16.73006,16.82475,16.477529999999998,16.477529999999998,2486700.0
2021-09-17,16.666919999999998,17.07728,16.54066,16.95102,4207700.0
2021-09-20,17.171979999999998,17.329810000000002,16.82475,17.07728,5265100.0
2021-09-21,16.82475,17.045720000000003,16.54066,16.698490000000003,3694200.0
2021-09-22,16.85632,16.91945,16.635360000000002,16.76162,2666000.0
2021-09-23,17.20355,17.58234,16.88789,17.39294,9071100.0
2021-09-24,17.39294,17.61391,17.20355,17.20355,4528300.0
2021-09-27,17.26668,17.329810000000002,16.25656,16.3197,4020400.0
2021-09-28,16.28813,16.982580000000002,16.09873,16.982580000000002,3837700.0
2021-09-29,17.01415,17.045720000000003,16.57222,16.60379,2921300.0
2021-09-30,16.635360000000002,16.79319,16.41439,16.41439,2725400.0
2021-10-01,16.3197,16.60379,15.9409,15.9409,5291400.0
2021-10-04,15.846200000000001,15.90934,15.246450000000001,15.246450000000001,5699200.0
2021-10-05,15.43584,16.0356,15.40428,15.846200000000001,3975000.0
2021-10-06,15.9409,15.97247,15.62524,15.62524,3397800.0
2021-10-07,15.62524,15.78307,15.46741,15.46741,5363800.0
2021-10-08,15.49898,15.719940000000001,15.32536,15.37271,10083800.0
2021-10-11,15.73132,16.2074,15.73132,16.14531,4698700.0
2021-10-12,16.2695,16.290200000000002,15.93831,15.93831,2914700.0
2021-10-13,15.93831,16.06251,15.68993,15.68993,3261400.0
2021-10-14,15.73132,15.93831,15.71062,15.79342,2918400.0
2021-10-15,15.89692,15.93831,15.73132,15.75202,2046800.0
2021-10-18,15.89692,16.166,15.75202,16.00041,3850500.0
2021-10-19,16.10391,16.3109,15.959010000000001,16.12461,3015600.0
2021-10-20,16.14531,16.166,15.81412,16.00041,2485400.0
2021-10-21,16.06251,16.12461,15.71062,15.75202,2779700.0
2021-10-22,15.79342,15.79342,15.524329999999999,15.524329999999999,3235700.0
2021-10-25,15.524329999999999,15.54503,15.11035,15.11035,3493300.0
2021-10-26,15.11035,15.524329999999999,14.758469999999999,15.27594,2068300.0
2021-10-27,15.29664,15.81412,15.29664,15.79342,2845100.0
2021-10-28,15.85552,16.186700000000002,15.85552,16.02111,3468400.0
2021-10-29,16.14531,16.14531,15.73132,15.81412,3250300.0
2021-11-01,15.93831,16.43509,15.85552,16.3523,5864200.0
2021-11-02,16.3523,16.724880000000002,16.3523,16.68348,4351000.0
2021-11-03,16.80768,16.93187,16.3523,16.45579,4936100.0
2021-11-04,16.517889999999998,17.51145,16.49719,17.32516,7655400.0
2021-11-05,17.55285,17.55285,17.32516,17.42865,4664500.0
2021-11-08,17.55285,18.38081,17.51145,18.215220000000002,7394500.0
2021-11-09,18.298009999999998,18.31871,17.80123,17.98753,4475000.0
2021-11-10,18.13242,18.505,17.98753,18.215220000000002,4641800.0
2021-11-11,18.298009999999998,18.5257,17.594240000000003,18.153119999999998,6076800.0
2021-11-12,18.00823,18.33941,17.88403,18.31871,4006200.0
2021-11-15,18.75339,19.14668,18.6913,18.87759,5572300.0
2021-11-16,18.6292,19.06388,18.505,18.6292,4909600.0
2021-11-17,18.6292,19.250169999999997,18.6292,18.75339,5287500.0
2021-11-18,19.12598,20.05744,19.00178,19.91254,8313200.0
2021-11-19,20.078139999999998,20.078139999999998,18.546400000000002,19.29157,6525400.0
2021-11-22,19.10528,19.45716,18.6292,18.6292,6102700.0
2021-11-23,18.6292,19.250169999999997,18.298009999999998,19.250169999999997,6414600.0
2021-11-24,19.664150000000003,20.01604,19.415770000000002,19.58136,6463800.0
2021-11-25,19.70555,20.181630000000002,19.39507,19.746950000000002,6964100.0
2021-11-26,19.70555,20.8233,19.70555,20.16093,10692100.0
2021-11-29,19.87115,20.53352,19.87115,20.367919999999998,8826600.0
2021-11-30,20.69911,20.9889,20.202330000000003,20.285130000000002,6855900.0
2021-12-01,20.202330000000003,20.326529999999998,19.664150000000003,19.97464,6345900.0
2021-12-02,19.97464,20.119529999999997,19.746950000000002,19.746950000000002,4524400.0
2021-12-03,19.746950000000002,19.82975,18.42221,18.42221,10040500.0
2021-12-06,18.42154,18.75648,17.18646,17.667930000000002,5993600.0
2021-12-07,18.17034,18.48434,17.647,18.400599999999997,4262300.0
2021-12-08,18.75648,18.75648,18.2122,18.42154,2798000.0
2021-12-09,18.25407,18.630869999999998,18.17034,18.630869999999998,3151100.0
2021-12-10,18.71461,18.73554,18.316869999999998,18.337799999999998,3684500.0
2021-12-13,18.42154,18.71461,18.275,18.71461,3460800.0
2021-12-14,18.84021,19.196080000000002,18.67274,18.882080000000002,4294300.0
2021-12-15,18.79834,19.00768,18.50527,18.50527,2726400.0
2021-12-16,18.58901,18.630869999999998,18.17034,18.2122,3523300.0
2021-12-17,18.42154,19.38448,18.316869999999998,19.32168,5962500.0
2021-12-20,19.34261,20.012490000000003,19.175150000000002,19.67755,6537700.0
2021-12-21,19.59382,19.84502,19.175150000000002,19.175150000000002,3635700.0
2021-12-22,19.468220000000002,19.468220000000002,18.84021,18.84021,4988400.0
2021-12-23,18.67274,18.71461,17.667930000000002,18.17034,5536800.0
2021-12-24,18.275,18.630869999999998,18.17034,18.42154,2718500.0
2021-12-27,18.75648,18.79834,18.379669999999997,18.379669999999997,1927900.0
2021-12-28,18.46341,18.54714,18.1494,18.1494,3182100.0
2021-12-29,18.19127,18.67274,18.10753,18.42154,2740900.0
2021-12-30,18.58901,19.25888,18.54714,19.23795,3395700.0
2021-12-31,19.44728,19.510080000000002,19.02861,19.04954,2735900.0
2022-01-04,19.13328,19.489150000000002,19.04954,19.196080000000002,3660400.0
2022-01-05,19.25888,19.59382,19.15421,19.175150000000002,4358300.0
2022-01-06,19.09141,19.21701,18.84021,18.84021,3271300.0
2022-01-07,18.84021,19.21701,18.75648,18.77741,3084300.0
2022-01-10,18.77741,18.84021,18.17034,18.19127,4958900.0
2022-01-11,18.2122,18.379669999999997,17.27019,17.45859,5291400.0
2022-01-12,17.45859,18.086599999999997,17.20739,17.856330000000003,3854400.0
2022-01-13,18.002869999999998,18.10753,17.47953,17.50046,2468000.0
2022-01-14,17.37486,17.79353,17.24926,17.45859,2038300.0
2022-01-17,17.50046,17.56326,16.24445,16.24445,7911500.0
2022-01-18,15.61644,16.07698,15.32337,15.44897,3057400.0
2022-01-19,15.82578,16.32818,15.70017,16.32818,2434900.0
2022-01-20,16.41192,16.53752,15.99324,16.41192,1812300.0
2022-01-21,16.32818,16.41192,15.86764,15.951379999999999,2456600.0
2022-01-24,15.67924,15.82578,14.841899999999999,14.841899999999999,4055500.0
2022-01-25,14.841899999999999,15.23964,14.7791,15.114030000000001,1738400.0
2022-01-26,15.2815,15.2815,14.6535,14.6535,1850300.0
2022-01-27,14.69536,15.30244,14.69536,15.07217,1972500.0
2022-01-28,15.23964,15.82578,15.13497,15.55364,1626000.0
2022-02-07,15.909510000000001,16.41192,15.742040000000001,16.118850000000002,2288000.0
2022-02-08,15.99324,16.30725,15.909510000000001,16.20258,1570500.0
2022-02-09,16.20258,16.41192,16.118850000000002,16.139780000000002,1754300.0
2022-02-10,16.28631,16.28631,15.97231,16.03511,1108600.0
2022-02-11,15.909510000000001,16.28631,15.909510000000001,16.118850000000002,1452100.0
2022-02-14,15.65831,15.82578,15.46991,15.46991,5808800.0
2022-02-15,15.46991,15.65831,15.2187,15.428040000000001,2848600.0
2022-02-16,15.53271,15.762979999999999,15.428040000000001,15.61644,2459500.0
2022-02-17,15.70017,15.70017,15.51177,15.53271,2023300.0
2022-02-18,15.428040000000001,15.82578,15.36524,15.82578,4610300.0
2022-02-21,15.88858,16.32818,15.86764,16.118850000000002,5028600.0
2022-02-22,15.909510000000001,16.07698,15.51177,15.86764,4219400.0
2022-02-23,15.951379999999999,16.118850000000002,15.909510000000001,15.951379999999999,3429200.0
2022-02-24,15.909510000000001,16.20258,15.2815,15.55364,6912000.0
2022-02-25,15.82578,16.07698,15.61644,15.82578,5547700.0
2022-02-28,15.909510000000001,16.07698,15.70017,15.762979999999999,3689800.0
2022-03-01,15.80484,15.97231,15.762979999999999,15.86764,3456500.0
2022-03-02,15.909510000000001,15.97231,15.53271,15.53271,5227600.0
2022-03-03,15.742040000000001,15.82578,15.51177,15.721110000000001,3836300.0
2022-03-04,15.88858,16.26538,15.86764,15.93044,6989600.0
2022-03-07,15.742040000000001,15.951379999999999,15.67924,15.86764,4334700.0
2022-03-08,15.65831,16.20258,15.65831,15.78391,5855200.0
2022-03-09,15.82578,15.951379999999999,15.428040000000001,15.53271,5365100.0
2022-03-10,15.86764,15.88858,15.59551,15.61644,2776600.0
2022-03-11,15.53271,15.70017,15.13497,15.155899999999999,5513500.0
2022-03-14,15.155899999999999,15.155899999999999,14.56976,14.56976,6304900.0
2022-03-15,14.56976,14.800030000000001,14.54883,14.56976,3166200.0
2022-03-16,14.69536,14.800030000000001,14.63256,14.6535,1973600.0
2022-03-17,14.800030000000001,14.92563,14.7791,14.82096,1855400.0
2022-03-18,14.9047,14.9047,14.7791,14.7791,2454100.0
2022-03-21,14.82096,14.9047,14.75816,14.86283,2545000.0
2022-03-22,15.00937,15.13497,14.92563,15.030299999999999,2335300.0
2022-03-23,15.05123,15.2187,15.05123,15.13497,2926500.0
2022-03-24,15.13497,15.13497,14.9047,14.9047,3219800.0
2022-03-25,14.9047,14.988430000000001,14.73723,14.73723,2408500.0
2022-03-28,14.56976,14.716299999999999,14.19296,14.23482,5179900.0
2022-03-29,14.38136,14.52789,14.360430000000001,14.44416,2490800.0
2022-03-30,14.360430000000001,14.69536,14.27669,14.360430000000001,2890400.0
2022-03-31,14.44416,14.54883,14.27669,14.27669,1811700.0
2022-04-01,14.27669,14.44416,14.21389,14.42323,2375100.0
2022-04-04,14.73723,15.2815,14.674430000000001,15.07217,4797200.0
2022-04-05,15.07217,15.30244,14.7791,14.7791,3760900.0
2022-04-06,14.674430000000001,14.94657,14.6535,14.75816,5315400.0
2022-04-07,14.82096,14.841899999999999,14.54883,14.56976,3718800.0
2022-04-08,14.61163,14.73723,14.40229,14.44416,2755300.0
2022-04-12,14.63256,14.63256,13.52308,13.52308,5244600.0
2022-04-13,13.52308,13.753350000000001,13.18815,13.606819999999999,4814400.0
2022-04-14,13.77429,13.77429,13.39748,13.39748,2212000.0
2022-04-15,13.39748,13.52308,12.76948,12.76948,3143200.0
2022-04-18,12.76948,12.76948,11.974,11.974,6590300.0
2022-04-19,12.371739999999999,12.371739999999999,11.13666,11.13666,4665800.0
2022-04-20,11.13666,11.68093,11.13666,11.38786,4841600.0
2022-04-21,11.283190000000001,12.05773,10.969190000000001,11.76466,5163600.0
2022-04-22,11.80653,12.0368,11.11572,11.513459999999998,2401700.0
2022-04-25,11.513459999999998,11.68093,10.71799,10.71799,2907300.0
2022-04-26,10.383049999999999,11.26226,10.069049999999999,11.26226,3457700.0
2022-04-27,11.094790000000001,11.408790000000002,11.05292,11.283190000000001,1569500.0
2022-04-28,11.304129999999999,11.49253,11.13666,11.13666,2300500.0
2022-04-29,11.011059999999999,11.38786,10.94825,11.11572,2431900.0
2022-05-04,11.17852,11.24132,10.75985,10.75985,2033200.0
2022-05-05,10.92732,11.03199,10.278379999999999,10.48772,2108500.0
2022-05-06,10.13185,10.383049999999999,9.755040000000001,9.755040000000001,4690100.0
2022-05-09,9.4201,9.67131,9.08517,9.08517,5287600.0
2022-05-10,9.08517,9.60851,8.70836,9.54571,4640200.0
2022-05-11,9.54571,9.62944,9.2945,9.50384,1548200.0
2022-05-12,9.31544,9.461969999999999,8.854899999999999,8.854899999999999,3707400.0
2022-05-13,8.87583,9.001430000000001,8.28969,8.28969,6783900.0
2022-05-16,8.854899999999999,8.854899999999999,8.64556,8.854899999999999,4952700.0
2022-05-17,8.7921,9.461969999999999,8.70836,9.461969999999999,4261100.0
2022-05-18,9.62944,10.00624,9.461969999999999,9.58757,6510800.0
2022-05-19,9.33637,9.88064,9.21077,9.775979999999999,6281500.0
2022-05-20,9.83878,10.15278,9.62944,9.67131,4428400.0
2022-05-23,9.69224,9.755040000000001,9.001430000000001,9.001430000000001,4856600.0
2022-05-24,9.001430000000001,9.54571,8.7921,9.54571,4925500.0
2022-05-25,9.62944,10.11091,9.62944,10.048110000000001,4268700.0
2022-05-26,10.048110000000001,10.52958,10.00624,10.23651,6140400.0
2022-05-27,10.23651,10.42492,10.02718,10.13185,4230600.0
2022-05-30,10.21558,10.403979999999999,10.089979999999999,10.13185,3344100.0
2022-05-31,10.048110000000001,10.17371,9.88064,9.94344,4238200.0
2022-06-01,9.964379999999998,10.13185,9.755040000000001,9.98531,2932200.0
2022-06-02,10.02718,10.23651,9.755040000000001,9.755040000000001,4738200.0
2022-06-03,9.71317,9.94344,9.56664,9.85971,3282100.0
2022-06-06,9.775979999999999,10.048110000000001,9.69224,9.734110000000001,2158900.0
2022-06-07,9.65037,9.734110000000001,9.127030000000001,9.54571,3734500.0
2022-06-08,9.62944,9.964379999999998,9.56664,9.90158,3520200.0
2022-06-09,9.94344,10.00624,9.83878,9.83878,1813800.0
2022-06-10,9.69224,9.83878,9.4201,9.4201,2945700.0
2022-06-13,8.9177,9.127030000000001,8.77116,8.77116,4718000.0
2022-06-14,8.45716,8.77116,8.247819999999999,8.28969,2923200.0
2022-06-15,8.28969,8.499030000000001,7.724489999999999,7.724489999999999,5671800.0
2022-06-16,8.01756,8.03849,7.5779499999999995,7.74542,3077300.0
2022-06-17,7.41048,7.68262,7.28488,7.45235,3749100.0
2022-06-20,7.5779499999999995,7.68262,6.94994,6.94994,3968000.0
2022-06-21,7.03368,7.43142,6.90808,7.43142,5717200.0
2022-06-22,7.871020000000001,7.93382,7.78729,7.93382,2148300.0
2022-06-23,7.89195,8.41529,7.78729,8.41529,5449500.0
2022-06-24,8.16409,8.56183,8.16409,8.33156,4108700.0
2022-06-27,8.43623,8.89677,8.37343,8.89677,5691000.0
2022-06-28,8.95957,9.147969999999999,8.7921,8.89677,4746600.0
2022-06-29,8.7921,9.27357,8.7921,9.06423,5169500.0
2022-06-30,9.001430000000001,9.168899999999999,8.45716,8.45716,5322300.0
2022-07-01,8.51996,9.043299999999999,8.39436,9.043299999999999,5521400.0
2022-07-04,9.48291,9.67131,9.31544,9.67131,6225500.0
2022-07-05,9.62944,9.94344,9.52477,9.65037,5988000.0
2022-07-06,9.441040000000001,10.089979999999999,9.33637,9.50384,7840700.0
2022-07-07,9.60851,10.00624,9.52477,9.79691,4698600.0
2022-07-08,9.94344,10.25745,9.775979999999999,10.17371,6661900.0
2022-07-11,9.964379999999998,10.13185,9.461969999999999,9.48291,8915600.0
2022-07-12,9.58757,9.964379999999998,9.33637,9.83878,4331500.0
2022-07-13,9.85971,10.13185,9.69224,9.69224,5581900.0
2022-07-14,9.62944,10.36212,9.62944,10.36212,10295300.0
2022-07-15,10.52958,10.55052,10.13185,10.13185,6819100.0
2022-07-18,10.21558,10.52958,10.089979999999999,10.29931,9051000.0
2022-07-19,10.17371,10.676120000000001,10.089979999999999,10.46678,8546100.0
2022-07-20,10.71799,11.17852,10.63425,10.88545,10016100.0
2022-07-21,10.71799,10.86452,10.55052,10.592379999999999,6150500.0
2022-07-22,10.46678,10.676120000000001,10.32025,10.32025,6173100.0
2022-07-25,10.17371,10.969190000000001,10.048110000000001,10.780790000000001,9944200.0
2022-07-26,10.73892,10.86452,10.57145,10.592379999999999,4006100.0
2022-07-27,10.48772,10.90639,10.48772,10.75985,5954600.0
2022-07-28,11.07386,11.283190000000001,10.86452,10.88545,10508500.0
2022-07-29,11.011059999999999,11.199459999999998,10.75985,10.92732,6730300.0
2022-08-01,10.969190000000001,11.49253,10.90639,11.325059999999999,10057600.0
2022-08-02,11.26226,11.49253,11.011059999999999,11.15759,8772700.0
2022-08-03,11.11572,11.304129999999999,10.990120000000001,11.22039,6898800.0
2022-08-04,11.304129999999999,11.618129999999999,11.24132,11.49253,9864100.0
2022-08-05,11.42973,11.80653,11.38786,11.5972,9063600.0
2022-08-08,11.55533,11.618129999999999,11.38786,11.42973,7820400.0
2022-08-09,11.38786,11.53439,11.22039,11.304129999999999,10269600.0
2022-08-10,11.24132,11.5972,11.17852,11.42973,8566000.0
2022-08-11,11.68093,11.70186,11.11572,11.24132,9467700.0
2022-08-12,11.22039,11.49253,11.13666,11.42973,5190200.0
2022-08-15,11.513459999999998,11.57626,11.26226,11.34599,6685200.0
2022-08-16,11.304129999999999,11.38786,11.22039,11.22039,5981600.0
2022-08-17,11.304129999999999,11.618129999999999,11.199459999999998,11.304129999999999,10907800.0
2022-08-18,11.304129999999999,11.932129999999999,11.304129999999999,11.8484,16551300.0
2022-08-19,11.8484,11.890270000000001,11.66,11.7856,7423400.0
2022-08-22,11.7228,11.80653,11.47159,11.5972,7687000.0
2022-08-23,11.38786,11.932129999999999,11.304129999999999,11.932129999999999,11445300.0
2022-08-24,11.932129999999999,12.0368,11.7856,11.827459999999999,5455400.0
2022-08-25,11.8484,12.05773,11.827459999999999,11.86933,6098100.0
2022-08-26,11.86933,11.86933,11.42973,11.513459999999998,8450800.0
2022-08-29,11.17852,11.304129999999999,10.75985,11.22039,13422100.0
2022-08-30,11.304129999999999,11.34599,10.88545,10.92732,6902900.0
2022-08-31,10.75985,11.13666,10.75985,10.92732,5713400.0
2022-09-05,10.84359,11.17852,10.84359,11.07386,5607500.0
2022-09-06,11.15759,11.26226,11.011059999999999,11.011059999999999,4423500.0
2022-09-07,10.969190000000001,11.17852,10.278379999999999,10.29931,7318700.0
2022-09-08,10.50865,10.592379999999999,10.25745,10.36212,5159400.0
2022-09-09,10.44585,10.63425,9.964379999999998,10.63425,4759500.0
2022-09-12,10.780790000000001,10.780790000000001,10.50865,10.50865,2805753.0
2022-09-13,10.50865,10.75985,10.29931,10.75985,4165647.0
2022-09-14,10.592379999999999,11.38786,10.48772,11.38786,11578935.0
2022-09-15,11.42973,11.47159,11.22039,11.26226,5116606.0
2022-09-16,11.22039,11.38786,10.969190000000001,11.011059999999999,7550046.0
2022-09-19,11.011059999999999,11.05292,10.36212,10.403979999999999,7559255.0
2022-09-20,10.55052,10.780790000000001,10.25745,10.655190000000001,6150025.0
2022-09-21,10.50865,10.94825,10.50865,10.82265,3551996.0
2022-09-22,10.71799,11.38786,10.676120000000001,11.38786,9898277.0
2022-09-23,11.325059999999999,11.42973,11.094790000000001,11.094790000000001,7125515.0
2022-09-26,10.88545,11.03199,10.32025,10.80172,8469661.0
2022-09-27,10.80172,11.13666,10.676120000000001,10.84359,5030241.0
2022-09-28,10.84359,11.26226,10.75985,10.969190000000001,11205910.0
2022-09-29,11.199459999999998,11.199459999999998,10.278379999999999,10.278379999999999,5917909.0
2022-09-30,10.278379999999999,10.42492,9.56664,10.25745,12378496.0
2022-10-03,10.17371,10.17371,9.54571,9.54571,5042763.0
2022-10-04,9.67131,9.71317,8.89677,8.9177,6962360.0
2022-10-05,8.9177,9.48291,8.9177,9.33637,3839122.0
2022-10-06,9.33637,9.33637,8.68743,8.68743,6018570.0
2022-10-07,8.22689,8.45716,8.080359999999999,8.080359999999999,6991344.0
2022-10-10,7.95476,8.58276,7.95476,8.39436,4002969.0
2022-10-11,8.39436,8.39436,7.80822,7.80822,5196760.0
2022-10-12,7.80822,8.35249,7.80822,8.080359999999999,3660545.0
2022-10-13,8.12222,8.26876,8.01756,8.20596,2145580.0
2022-10-14,8.47809,8.68743,8.39436,8.47809,4062131.0
2022-10-17,8.37343,8.75023,8.26876,8.75023,3611934.0
2022-10-18,8.9177,9.02237,8.58276,8.62463,3438743.0
2022-10-19,8.70836,8.7921,8.58276,8.6037,1956709.0
2022-10-20,8.58276,8.64556,8.37343,8.37343,2513224.0
2022-10-21,8.39436,8.45716,7.78729,7.78729,5883123.0
2022-10-24,7.80822,7.93382,7.24301,7.24301,5626799.0
2022-10-25,7.28488,7.74542,6.78248,7.515149999999999,5785785.0
2022-10-26,7.68262,7.724489999999999,7.2639499999999995,7.38955,1752883.0
2022-10-27,7.61982,7.89195,7.41048,7.89195,4291024.0
2022-10-28,8.10129,8.247819999999999,8.01756,8.03849,5068708.0
2022-10-31,8.05942,8.58276,7.975689999999999,8.58276,9812070.0
2022-11-01,8.83396,8.9177,8.64556,8.70836,5529597.0
2022-11-02,8.70836,8.87583,8.6037,8.75023,4360479.0
2022-11-03,8.58276,9.168899999999999,8.54089,8.83396,8406719.0
2022-11-04,8.70836,8.95957,8.247819999999999,8.6665,9051991.0
2022-11-07,8.58276,8.83396,8.080359999999999,8.080359999999999,8542542.0
2022-11-08,7.829149999999999,8.499030000000001,7.80822,8.43623,5668686.0
2022-11-09,8.56183,8.75023,8.28969,8.51996,6234540.0
2022-11-10,8.31063,8.37343,7.93382,7.93382,5919300.0
2022-11-11,8.16409,8.33156,7.38955,7.38955,9256145.0
2022-11-14,7.13835,7.32675,6.8871400000000005,6.92901,8926156.0
2022-11-15,6.76154,6.94994,6.44754,6.44754,7294048.0
2022-11-16,6.00793,6.8871400000000005,6.00793,6.8871400000000005,9996031.0
2022-11-17,7.15928,7.36862,7.11741,7.36862,6972815.0
2022-11-18,7.24301,7.871020000000001,6.99181,7.74542,8820023.0
2022-11-21,7.829149999999999,7.975689999999999,7.661689999999999,7.74542,5104009.0
2022-11-22,7.68262,8.26876,7.59888,7.95476,9577622.0
2022-11-23,7.85009,7.99662,7.41048,7.41048,4988471.0
2022-11-24,7.34768,7.85009,7.24301,7.85009,6819715.0
2022-11-25,8.10129,8.39436,7.871020000000001,8.39436,7249411.0
2022-11-28,8.6037,8.95957,8.51996,8.89677,10408831.0
2022-11-29,8.89677,9.2317,8.499030000000001,8.9805,13635031.0
2022-11-30,8.7921,9.39917,8.70836,9.18984,7699250.0
2022-12-01,9.4201,9.4201,8.6665,8.77116,12096918.0
2022-12-02,8.75023,9.37824,8.64556,9.37824,9669948.0
2022-12-05,9.83878,9.94344,9.461969999999999,9.79691,9625169.0
2022-12-06,9.54571,9.755040000000001,9.127030000000001,9.127030000000001,13628851.0
2022-12-07,9.043299999999999,9.21077,8.75023,8.854899999999999,8286731.0
2022-12-08,9.08517,9.461969999999999,9.001430000000001,9.461969999999999,7664933.0
2022-12-09,9.48291,9.52477,9.127030000000001,9.27357,4936907.0
2022-12-12,9.2945,9.71317,8.729299999999999,8.729299999999999,7821352.0
2022-12-13,8.7921,9.33637,8.58276,9.33637,7522798.0
2022-12-14,9.62944,9.71317,9.37824,9.461969999999999,7231925.0
2022-12-15,9.31544,9.83878,9.31544,9.81784,8224947.0
2022-12-16,9.67131,10.00624,9.54571,9.69224,6198587.0
2022-12-19,9.71317,10.21558,9.39917,9.39917,9130980.0
2022-12-20,9.37824,9.50384,8.83396,9.147969999999999,8965944.0
2022-12-21,9.33637,9.33637,8.62463,9.27357,6417920.0
2022-12-22,9.48291,9.48291,9.043299999999999,9.21077,3657179.0
2022-12-23,9.21077,9.27357,8.87583,8.87583,4287198.0
2022-12-26,9.001430000000001,9.02237,8.26876,8.26876,6513085.0
2022-12-27,8.28969,8.83396,8.247819999999999,8.83396,5251646.0
2022-12-28,9.001430000000001,9.1061,8.75023,8.93863,3689216.0
2022-12-29,8.83396,8.93863,8.54089,8.54089,3633899.0
2022-12-30,8.6665,8.75023,8.37343,8.37343,3213210.0
2023-01-03,8.499030000000001,8.95957,8.47809,8.95957,3236174.0
2023-01-04,9.127030000000001,9.27357,9.06423,9.1061,5139946.0
2023-01-05,9.08517,9.39917,9.06423,9.33637,4157735.0
2023-01-06,9.31544,9.67131,9.2945,9.2945,5320142.0
2023-01-09,9.4201,9.56664,9.2945,9.33637,3151372.0
2023-01-10,9.357299999999999,9.48291,9.02237,9.39917,3983261.0
2023-01-11,9.50384,9.81784,9.441040000000001,9.60851,4999715.0
2023-01-12,9.54571,9.67131,9.461969999999999,9.56664,3105171.0
2023-01-13,9.65037,9.88064,9.52477,9.56664,5840319.0
2023-01-16,9.65037,9.90158,9.54571,9.81784,4059032.0
2023-01-17,10.03151,10.224020000000001,9.92457,10.224020000000001,5001930.0
2023-01-18,10.224020000000001,10.35235,10.03151,10.20263,5126246.0
2023-01-19,10.074290000000001,10.39513,10.074290000000001,10.39513,4787522.0
2023-01-27,10.587629999999999,10.587629999999999,10.35235,10.39513,4712789.0
2023-01-30,10.39513,10.6518,10.26679,10.39513,5851176.0
2023-01-31,10.35235,10.78013,10.181239999999999,10.78013,6471961.0
2023-02-01,10.75874,10.82291,10.03151,10.03151,7469313.0
2023-02-02,10.09568,10.26679,9.88179,10.0529,5323369.0
2023-02-03,10.09568,10.26679,9.92457,10.09568,2420029.0
2023-02-06,10.09568,10.224020000000001,9.96735,10.181239999999999,2677656.0
2023-02-07,10.26679,10.43791,9.96735,9.96735,4615503.0
2023-02-08,10.138459999999998,10.43791,9.77484,10.33096,3468286.0
2023-02-09,10.33096,10.480690000000001,10.26679,10.28818,3205592.0
2023-02-10,10.181239999999999,10.41652,10.0529,10.138459999999998,3201024.0
2023-02-13,10.01012,10.138459999999998,9.45401,9.71068,4687661.0
2023-02-14,9.79623,9.8604,9.646510000000001,9.75345,1664889.0
2023-02-15,9.689290000000002,10.074290000000001,9.646510000000001,9.98874,3108633.0
2023-02-16,10.09568,10.41652,10.074290000000001,10.41652,4036900.0
2023-02-17,10.41652,10.43791,10.224020000000001,10.35235,2775973.0
2023-02-20,10.39513,11.05819,10.39513,11.05819,12402527.0
2023-02-21,11.07958,11.29347,11.0368,11.12236,9406291.0
2023-02-22,11.0368,11.16514,10.35235,10.35235,11826256.0
2023-02-23,10.480690000000001,10.715969999999999,10.074290000000001,10.715969999999999,8687927.0
2023-02-24,10.715969999999999,10.75874,10.224020000000001,10.26679,4124132.0
2023-02-27,10.0529,10.09568,9.646510000000001,9.73207,7901935.0
2023-02-28,9.88179,10.01012,9.689290000000002,9.71068,2870747.0
2023-03-01,9.71068,10.26679,9.62512,10.26679,4752323.0
2023-03-02,10.35235,10.35235,10.01012,10.0529,2783125.0
2023-03-03,10.138459999999998,10.20263,9.79623,9.79623,3805974.0
2023-03-06,10.03151,10.20263,9.83901,9.92457,3440572.0
2023-03-07,10.0529,10.39513,10.03151,10.309569999999999,4905942.0
2023-03-08,10.224020000000001,10.63041,10.138459999999998,10.63041,6149563.0
2023-03-09,10.63041,10.73736,10.480690000000001,10.523459999999998,7403591.0
2023-03-10,10.41652,10.50208,10.26679,10.39513,6267738.0
2023-03-13,10.26679,10.459299999999999,10.11707,10.26679,4708959.0
2023-03-14,10.24541,10.24541,9.77484,9.79623,7006337.0
2023-03-15,10.15985,10.480690000000001,10.09568,10.480690000000001,6391581.0
2023-03-16,10.39513,10.523459999999998,10.20263,10.24541,5757471.0
2023-03-17,10.39513,10.43791,10.09568,10.15985,3735872.0
2023-03-20,10.15985,10.20263,9.92457,9.92457,4273391.0
2023-03-21,10.03151,10.24541,9.92457,10.224020000000001,3060441.0
2023-03-22,10.309569999999999,10.41652,10.181239999999999,10.20263,3505223.0
2023-03-23,10.09568,10.480690000000001,10.09568,10.480690000000001,5712683.0
2023-03-24,10.587629999999999,10.6518,10.459299999999999,10.480690000000001,5539156.0
2023-03-27,10.523459999999998,10.82291,10.43791,10.63041,6424328.0
2023-03-28,10.715969999999999,10.75874,10.43791,10.43791,4508402.0
2023-03-29,10.480690000000001,10.63041,10.41652,10.63041,4366085.0
2023-03-30,10.86569,10.86569,10.54485,10.56624,5244808.0
2023-03-31,10.609020000000001,11.07958,10.39513,10.90847,10987004.0
2023-04-03,11.186530000000001,11.22931,11.10097,11.16514,9074865.0
2023-04-04,11.12236,11.550139999999999,11.0368,11.421809999999999,12039724.0
2023-04-05,11.33625,11.443200000000001,11.16514,11.443200000000001,6865743.0
2023-04-06,11.421809999999999,11.52875,10.99403,11.01541,10034484.0
2023-04-07,11.05819,11.27208,10.95125,11.20792,7639980.0
2023-04-10,11.37903,11.421809999999999,10.95125,10.95125,7636456.0
2023-04-11,10.95125,11.12236,10.75874,11.07958,6596493.0
2023-04-12,11.10097,11.10097,10.80152,10.82291,5448885.0
2023-04-13,10.844299999999999,11.12236,10.78013,10.99403,7001017.0
2023-04-14,11.07958,11.14375,10.80152,10.80152,5381301.0
2023-04-17,10.88708,10.95125,10.75874,10.929860000000001,2821343.0
2023-04-18,10.99403,11.314860000000001,10.90847,11.27208,7319390.0
2023-04-19,11.22931,11.314860000000001,10.95125,10.95125,5981094.0
2023-04-20,10.95125,11.01541,10.82291,10.844299999999999,3359571.0
2023-04-21,10.90847,11.22931,10.82291,10.95125,5438254.0
2023-04-24,10.90847,11.10097,10.82291,10.844299999999999,2689199.0
2023-04-25,10.929860000000001,10.929860000000001,10.37374,10.523459999999998,6944778.0
2023-04-26,10.459299999999999,10.6518,10.309569999999999,10.6518,4907284.0
2023-04-27,10.63041,10.73736,10.480690000000001,10.480690000000001,2343704.0
2023-04-28,10.609020000000001,10.69458,10.480690000000001,10.67319,3117756.0
2023-05-04,10.609020000000001,10.88708,10.587629999999999,10.86569,4301830.0
2023-05-05,10.82291,10.86569,10.67319,10.67319,2416790.0
2023-05-08,10.75874,10.95125,10.73736,10.90847,4563847.0
2023-05-09,10.99403,10.99403,10.78013,10.90847,2358202.0
2023-05-10,10.95125,11.01541,10.88708,10.929860000000001,3965202.0
2023-05-11,10.95125,11.0368,10.86569,10.929860000000001,3583945.0
2023-05-12,10.929860000000001,11.186530000000001,10.86569,11.14375,5274161.0
2023-05-15,11.22931,11.27208,10.95125,10.97264,4039460.0
2023-05-16,10.97264,11.05819,10.88708,10.97264,3343012.0
2023-05-17,10.90847,10.97264,10.75874,10.78013,4133445.0
2023-05-18,10.82291,11.16514,10.75874,10.97264,5762675.0
2023-05-19,10.99403,11.16514,10.90847,11.01541,5674279.0
2023-05-22,11.10097,11.29347,11.10097,11.20792,4792500.0
2023-05-23,11.2507,11.65709,11.2507,11.40042,13482156.0
2023-05-24,11.507370000000002,11.550139999999999,11.2507,11.2507,6168781.0
2023-05-25,11.186530000000001,11.314860000000001,11.07958,11.12236,5439069.0
2023-05-26,11.14375,11.40042,11.12236,11.29347,3762892.0
2023-05-29,11.443200000000001,11.6357,11.33625,11.6357,6370289.0
2023-05-30,11.6357,11.74265,11.507370000000002,11.65709,6030291.0
2023-05-31,11.69987,11.78542,11.507370000000002,11.59292,6244201.0
2023-06-01,11.550139999999999,11.721260000000001,11.46459,11.721260000000001,5117957.0
2023-06-02,11.892370000000001,11.93515,11.721260000000001,11.721260000000001,6622275.0
2023-06-05,11.87098,11.87098,11.48598,11.48598,8472744.0
2023-06-06,11.48598,11.849590000000001,11.443200000000001,11.849590000000001,8087376.0
2023-06-07,11.892370000000001,11.892370000000001,11.67848,11.78542,6349674.0
2023-06-08,11.850190000000001,11.850190000000001,11.32739,11.37095,11882058.0
2023-06-09,11.45809,11.588790000000001,11.28382,11.588790000000001,5210221.0
2023-06-12,11.63235,11.63235,11.32739,11.50165,4709932.0
2023-06-13,11.567,11.588790000000001,11.39274,11.39274,5284432.0
2023-06-14,11.47987,11.61057,11.32739,11.37095,5747041.0
2023-06-15,11.39274,11.588790000000001,11.32739,11.47987,5327460.0
2023-06-16,11.545219999999999,12.08981,11.545219999999999,11.697700000000001,16678968.0
2023-06-19,11.71949,11.89376,11.588790000000001,11.80662,5268473.0
2023-06-20,11.82841,11.89376,11.697700000000001,11.89376,4005333.0
2023-06-21,11.93732,12.43834,11.91554,12.416559999999999,11824744.0
2023-06-22,12.48191,12.677959999999999,12.351209999999998,12.59083,6073966.0
2023-06-23,12.63439,12.69974,12.351209999999998,12.50369,7128402.0
2023-06-26,12.59083,12.59083,12.11159,12.416559999999999,6254357.0
2023-06-27,12.50369,12.54726,12.37299,12.54726,4240002.0
2023-06-28,12.63439,12.78688,12.50369,12.65618,4762379.0
2023-06-29,12.69974,12.721530000000001,12.19872,12.19872,5767286.0
2023-06-30,12.19872,12.37299,12.15516,12.26407,4014850.0
2023-07-03,12.30764,12.43834,12.24229,12.285860000000001,3166242.0
2023-07-04,12.37299,12.98293,12.285860000000001,12.98293,13302776.0
2023-07-05,12.98293,13.026489999999999,12.721530000000001,12.87401,5101300.0
2023-07-06,12.80866,13.17898,12.59083,12.895790000000002,10665687.0
2023-07-07,12.76509,12.98293,12.61261,12.98293,4717434.0
2023-07-10,13.113629999999999,13.33146,13.09184,13.09184,6483405.0
2023-07-11,13.13541,13.30968,13.07006,13.15719,6366745.0
2023-07-12,13.15719,13.30968,12.852229999999999,12.98293,6585302.0
2023-07-13,13.113629999999999,13.24433,13.04828,13.20076,3597768.0
2023-07-14,13.24433,13.30968,12.895790000000002,13.22255,4901972.0
2023-07-17,13.24433,13.63643,13.20076,13.48395,6679330.0
2023-07-18,13.39681,13.57108,13.35325,13.44038,3723998.0
2023-07-19,13.462159999999999,13.50573,13.20076,13.20076,4673802.0
2023-07-20,13.20076,13.24433,12.895790000000002,13.026489999999999,5132455.0
2023-07-21,12.93936,13.266110000000001,12.93936,13.266110000000001,4539807.0
2023-07-24,13.4186,13.44038,13.15719,13.2879,3289719.0
2023-07-25,13.2879,13.48395,13.17898,13.20076,4837676.0
2023-07-26,13.20076,13.266110000000001,13.07006,13.17898,3368855.0
2023-07-27,13.20076,13.39681,13.113629999999999,13.266110000000001,5038712.0
2023-07-28,13.2879,13.57108,13.22255,13.44038,6337749.0
2023-07-31,13.57108,13.59286,13.37503,13.4186,4243868.0
2023-08-01,13.4186,13.44038,13.07006,13.07006,6332666.0
2023-08-02,13.09184,13.2879,13.04828,13.15719,3466649.0
2023-08-03,13.15719,13.20076,12.93936,12.93936,3801163.0
2023-08-04,13.07006,13.20076,12.91758,13.20076,3917992.0
2023-08-07,13.35325,13.63643,13.2879,13.63643,6837235.0
2023-08-08,13.723559999999999,13.91962,13.57108,13.59286,5763999.0
2023-08-09,13.549299999999999,13.63643,13.30968,13.30968,4931477.0
2023-08-10,13.33146,13.37503,13.00471,13.00471,5269070.0
2023-08-11,13.04828,13.07006,12.677959999999999,12.852229999999999,6799171.0
2023-08-14,13.026489999999999,13.44038,12.852229999999999,13.35325,8767480.0
2023-08-15,13.37503,13.44038,13.09184,13.13541,3846592.0
2023-08-16,13.13541,13.24433,13.026489999999999,13.20076,3122329.0
2023-08-17,13.2879,13.68,13.266110000000001,13.2879,9452495.0
2023-08-18,13.24433,13.2879,12.37299,12.37299,9042250.0
2023-08-21,12.50369,12.61261,12.22051,12.416559999999999,5738728.0
2023-08-22,12.43834,12.721530000000001,11.80662,12.721530000000001,7546870.0
2023-08-23,12.852229999999999,12.852229999999999,12.48191,12.569040000000001,3203904.0
2023-08-24,12.569040000000001,12.961139999999999,12.48191,12.961139999999999,5738377.0
2023-08-25,12.93936,13.266110000000001,12.87401,13.026489999999999,5319872.0
2023-08-28,13.17898,13.20076,13.00471,13.15719,6372897.0
2023-08-29,13.266110000000001,13.50573,13.15719,13.33146,7377044.0
2023-08-30,13.44038,14.24637,13.33146,14.24637,13796065.0
2023-08-31,14.37707,14.573120000000001,14.22458,14.24637,7649651.0
2023-09-05,14.35528,14.79095,14.24637,14.594899999999999,14787115.0
2023-09-06,14.594899999999999,15.22662,14.44242,14.834520000000001,8500320.0
2023-09-07,14.89987,14.92165,14.55133,14.61668,9411634.0
2023-09-08,14.594899999999999,14.987,14.55133,14.81274,7061066.0
2023-09-11,14.94344,15.16127,14.74739,14.79095,10503891.0
2023-09-12,14.81274,15.64051,14.74739,15.61872,10657358.0
2023-09-13,15.64051,15.74942,15.2484,15.42267,7668280.0
2023-09-14,15.44446,15.57516,14.92165,14.92165,9380919.0
2023-09-15,15.030569999999999,15.18305,14.81274,15.008790000000001,6457026.0
2023-09-18,14.94344,15.20484,14.81274,15.07414,5658837.0
2023-09-19,15.22662,15.22662,14.89987,15.09592,6550619.0
2023-09-20,15.20484,15.466239999999999,15.16127,15.37911,6013246.0
2023-09-21,15.37911,15.37911,14.89987,14.89987,10240885.0
2023-09-22,14.37707,14.50777,13.87605,13.87605,12457431.0
2023-09-25,13.9414,13.984969999999999,12.91758,12.91758,10371798.0
2023-09-26,12.91758,13.658209999999999,12.895790000000002,13.07006,6858995.0
2023-09-27,13.2879,13.723559999999999,13.04828,13.723559999999999,5810322.0
2023-09-28,13.68,13.723559999999999,13.33146,13.44038,4610664.0
2023-09-29,13.61465,13.723559999999999,13.15719,13.30968,4030556.0
2023-10-02,13.24433,13.61465,13.24433,13.549299999999999,3579658.0
2023-10-03,13.37503,13.39681,12.63439,12.63439,8449731.0
2023-10-04,12.54726,13.33146,12.460120000000002,12.93936,5672376.0
2023-10-05,13.04828,13.17898,12.63439,12.63439,3238820.0
2023-10-06,12.63439,13.00471,12.394770000000001,13.00471,4050283.0
2023-10-09,13.00471,13.2879,12.91758,13.2879,3183009.0
2023-10-10,13.4186,13.50573,13.07006,13.15719,3502889.0
2023-10-11,13.15719,13.57108,13.09184,13.57108,4230091.0
2023-10-12,13.68,13.984969999999999,13.59286,13.723559999999999,5450499.0
2023-10-13,13.549299999999999,13.76713,13.30968,13.68,3970138.0
2023-10-16,13.59286,13.658209999999999,13.13541,13.13541,4658956.0
2023-10-17,13.24433,13.39681,12.22051,12.22051,2897068.0
2023-10-18,12.460120000000002,12.63439,11.41452,12.19872,8073643.0
2023-10-19,12.19872,12.285860000000001,11.76305,11.78484,4017591.0
2023-10-20,11.82841,12.59083,11.76305,12.59083,6818890.0
2023-10-23,12.59083,12.852229999999999,12.43834,12.61261,4350479.0
2023-10-24,12.61261,12.91758,12.61261,12.852229999999999,3710232.0
2023-10-25,12.87401,12.93936,12.48191,12.50369,3306719.0
2023-10-26,12.19872,12.22051,11.63235,11.67592,12015738.0
2023-10-27,11.89376,12.15516,11.50165,11.980889999999999,4308307.0
2023-10-30,11.80662,12.02446,11.32739,11.32739,2921889.0
2023-10-31,11.45809,11.45809,10.58675,10.63032,7251705.0
2023-11-01,10.673879999999999,11.34917,10.564969999999999,11.32739,5612312.0
2023-11-02,11.545219999999999,12.06802,11.47987,11.93732,6024185.0
2023-11-03,12.00267,12.02446,11.65414,11.76305,5563983.0
2023-11-06,11.89376,12.00267,11.80662,11.93732,3628740.0
2023-11-07,11.89376,12.06802,11.74127,11.74127,4494983.0
2023-11-08,11.76305,12.54726,11.71949,12.54726,7073263.0
2023-11-09,12.63439,12.98293,12.54726,12.63439,8146138.0
2023-11-10,12.50369,12.98293,12.416559999999999,12.59083,5685130.0
2023-11-13,12.54726,12.76509,12.37299,12.721530000000001,4697657.0
2023-11-14,12.895790000000002,12.961139999999999,12.65618,12.80866,4707296.0
2023-11-15,13.13541,13.20076,12.78688,12.830440000000001,5784904.0
2023-11-16,12.80866,12.895790000000002,12.61261,12.895790000000002,4275482.0
2023-11-17,12.93936,13.026489999999999,12.460120000000002,12.50369,6901542.0
2023-11-20,12.24229,12.895790000000002,12.17694,12.78688,6049139.0
2023-11-21,12.93936,12.961139999999999,12.76509,12.852229999999999,3706176.0
2023-11-22,12.830440000000001,13.266110000000001,12.830440000000001,13.20076,8342285.0
2023-11-23,13.33146,13.4186,12.460120000000002,12.460120000000002,7056848.0
2023-11-24,12.677959999999999,12.80866,12.24229,12.80866,6116799.0
2023-11-27,12.80866,12.852229999999999,12.460120000000002,12.50369,2847657.0
2023-11-28,12.50369,12.74331,12.22051,12.721530000000001,4495083.0
2023-11-29,12.69974,12.895790000000002,12.69974,12.76509,3957332.0
2023-11-30,12.80866,12.961139999999999,12.74331,12.74331,4346402.0
2023-12-01,12.93936,13.026489999999999,12.69974,12.852229999999999,3729760.0
2023-12-04,13.09184,13.723559999999999,13.04828,13.50573,8620869.0
2023-12-05,13.57108,13.59286,13.35325,13.39681,4905204.0
2023-12-06,13.50573,13.76713,13.4186,13.723559999999999,7048110.0
2023-12-07,13.83248,13.85426,13.113629999999999,13.44038,11276675.0
2023-12-08,13.50573,13.63643,13.39681,13.50573,5497980.0
2023-12-11,13.63643,14.0721,13.57108,13.9414,10666585.0
2023-12-12,13.96318,14.093879999999999,13.78891,13.8107,4313967.0
2023-12-13,13.9414,14.00675,13.50573,13.52751,8545641.0
2023-12-14,13.701780000000001,13.723559999999999,13.2879,13.39681,6610097.0
2023-12-15,13.4186,13.74535,13.33146,13.723559999999999,5961036.0
2023-12-18,13.76713,13.8107,13.50573,13.50573,5241596.0
2023-12-19,13.50573,13.723559999999999,13.4186,13.723559999999999,6423868.0
2023-12-20,13.74535,14.42063,13.74535,14.22458,13421708.0
2023-12-21,14.2028,14.42063,14.093879999999999,14.24637,7527013.0
2023-12-22,14.28993,14.42063,14.0721,14.11567,6223078.0
2023-12-25,14.2028,14.37707,14.05032,14.28993,6885430.0
2023-12-26,14.3335,14.39885,14.24637,14.26815,8980324.0
2023-12-27,14.3335,14.81274,14.31172,14.55133,14382766.0
2023-12-28,14.7256,14.81274,14.594899999999999,14.81274,9419776.0
2023-12-29,14.81274,14.94344,14.74739,14.89987,13837033.0
2024-01-02,15.92916,15.92916,15.45881,15.49016,17261005.0
2024-01-03,15.49016,15.615590000000001,15.396090000000001,15.55288,6660953.0
2024-01-04,15.49016,15.74102,15.49016,15.49016,10112536.0
2024-01-05,15.52152,15.55288,15.20795,15.42745,8873628.0
2024-01-08,15.49016,15.58423,15.396090000000001,15.42745,3774027.0
2024-01-09,15.49016,15.49016,15.20795,15.27067,5654008.0
2024-01-10,15.30202,15.33338,15.08253,15.14524,4240311.0
2024-01-11,15.1766,15.45881,15.14524,15.27067,4012772.0
2024-01-12,15.23931,15.49016,14.89439,15.396090000000001,8533429.0
2024-01-15,15.49016,15.58423,15.20795,15.20795,2122362.0
2024-01-16,15.1766,15.49016,15.05117,15.49016,4262650.0
2024-01-17,15.55288,15.92916,15.36474,15.58423,9169841.0
2024-01-18,15.615590000000001,15.6783,15.42745,15.42745,3963453.0
2024-01-19,15.55288,15.58423,15.30202,15.30202,4684791.0
2024-01-22,15.396090000000001,15.58423,15.11388,15.58423,5570848.0
2024-01-23,15.615590000000001,15.77237,15.49016,15.74102,9886487.0
2024-01-24,15.74102,16.80714,15.74102,16.43086,19155393.0
2024-01-25,16.58765,16.74443,16.36815,16.49358,5423536.0
2024-01-26,16.52493,17.183419999999998,16.49358,16.8385,8665823.0
2024-01-29,16.93257,17.02664,16.49358,16.58765,6312743.0
2024-01-30,16.58765,16.963919999999998,16.52493,16.90121,4982435.0
2024-01-31,16.995279999999998,17.30885,16.619,16.619,10407879.0
2024-02-01,16.65036,16.93257,16.58765,16.74443,3362604.0
2024-02-02,16.8385,17.02664,16.71307,16.80714,5013778.0
2024-02-05,16.74443,16.995279999999998,16.55629,16.90121,5627321.0
2024-02-06,16.93257,17.43427,16.93257,17.12071,5539729.0
2024-02-07,17.214779999999998,17.3402,17.08935,17.12071,4696585.0
2024-02-15,17.24613,17.24613,16.8385,16.93257,6292925.0
2024-02-16,16.963919999999998,17.12071,16.8385,16.90121,6883635.0
2024-02-19,16.90121,16.93257,16.619,16.80714,10755421.0
2024-02-20,16.93257,17.05799,16.74443,16.80714,7356966.0
2024-02-21,16.775779999999997,16.86985,16.619,16.8385,6733702.0
2024-02-22,16.80714,16.8385,16.65036,16.65036,4811476.0
2024-02-23,16.74443,17.02664,16.49358,16.58765,13405167.0
2024-02-26,16.71307,17.74784,16.681720000000002,17.74784,31999431.0
2024-02-27,17.87327,18.09276,17.68513,17.74784,8414802.0
2024-02-28,17.7792,18.06141,17.46563,17.87327,12629471.0
2024-02-29,17.99869,18.09276,17.46563,17.52834,16334977.0
2024-03-01,17.7792,18.18683,17.62241,17.74784,9266314.0
2024-03-04,17.99869,18.15548,17.74784,17.87327,8880191.0
2024-03-05,17.81055,18.24955,17.65377,18.18683,9814244.0
2024-03-06,18.124119999999998,18.24955,17.71648,17.904619999999998,7542821.0
2024-03-07,17.81055,18.31226,17.81055,18.18683,10510503.0
2024-03-08,18.31226,18.40633,17.74784,17.74784,11272618.0
2024-03-11,17.7792,17.7792,17.24613,17.43427,8421299.0
2024-03-12,17.43427,17.65377,17.24613,17.591060000000002,7018659.0
2024-03-13,17.65377,18.24955,17.49699,18.21819,10747061.0
2024-03-14,18.343619999999998,18.40633,17.81055,17.96734,12702406.0
2024-03-15,17.87327,17.93598,17.5597,17.74784,10767587.0
2024-03-18,17.7792,17.84191,16.619,16.995279999999998,16190321.0
2024-03-19,17.02664,17.27749,16.963919999999998,17.183419999999998,3957289.0
2024-03-20,17.214779999999998,17.52834,17.02664,17.52834,6136297.0
2024-03-21,17.7792,17.99869,17.65377,17.71648,9362539.0
2024-03-22,17.84191,18.15548,17.74784,17.93598,11757621.0
2024-03-25,17.99869,18.09276,17.5597,17.62241,8079340.0
2024-03-26,17.49699,17.93598,17.371560000000002,17.74784,6668830.0
2024-03-27,17.93598,18.18683,17.74784,18.18683,7478030.0
2024-03-28,18.500400000000003,18.84532,18.43769,18.84532,17341807.0
2024-03-29,18.813959999999998,18.84532,18.500400000000003,18.500400000000003,7328654.0
2024-04-01,18.500400000000003,18.813959999999998,18.18683,18.65718,9569680.0
2024-04-02,18.56311,18.75125,18.18683,18.75125,6653310.0
2024-04-03,18.782610000000002,18.93939,18.31226,18.343619999999998,8329561.0
2024-04-04,18.31226,18.59447,18.124119999999998,18.37497,8166931.0
2024-04-05,18.18683,18.40633,17.68513,17.68513,10633561.0
2024-04-08,17.68513,17.87327,17.5597,17.591060000000002,5610828.0
2024-04-09,17.65377,18.18683,17.591060000000002,18.09276,8112495.0
2024-04-10,18.09276,18.124119999999998,17.87327,17.87327,4222414.0
2024-04-11,17.68513,18.09276,17.68513,18.06141,5211655.0
2024-04-12,18.15548,18.500400000000003,17.99869,18.500400000000003,8267038.0
2024-04-15,18.37497,18.53175,17.214779999999998,17.214779999999998,11802494.0
2024-04-16,17.183419999999998,17.24613,16.36815,17.152060000000002,10417160.0
2024-04-17,17.30885,17.30885,16.36815,16.36815,5983079.0
2024-04-19,16.05458,16.43086,15.55288,15.58423,12001280.0
2024-04-22,16.1173,16.65036,15.92916,16.619,6760646.0
2024-04-23,16.65036,16.86985,16.14865,16.52493,7317722.0
2024-04-24,16.80714,17.3402,16.681720000000002,17.3402,6964945.0
2024-04-25,17.27749,17.27749,16.93257,17.12071,3332207.0
2024-04-26,16.80714,16.995279999999998,16.681720000000002,16.963919999999998,6449119.0
2024-05-02,16.963919999999998,16.995279999999998,16.43086,16.52493,4283681.0
2024-05-03,16.86985,16.93257,16.52493,16.58765,3873678.0
2024-05-06,16.80714,17.68513,16.681720000000002,17.3402,11120189.0
2024-05-07,17.49699,17.5597,17.30885,17.46563,4932379.0
2024-05-08,17.24613,17.81055,17.214779999999998,17.65377,7408736.0
2024-05-09,17.81055,17.99869,17.591060000000002,17.74784,9692375.0
2024-05-10,17.74784,17.99869,17.46563,17.87327,5865825.0
2024-05-13,18.06141,18.124119999999998,17.591060000000002,17.74784,6605800.0
2024-05-14,17.87327,18.124119999999998,17.74784,17.87327,4581227.0
2024-05-15,17.904619999999998,18.75125,17.81055,18.18683,10779484.0
2024-05-16,18.40633,18.71989,18.280900000000003,18.37497,7162364.0
2024-05-17,18.37497,18.71989,18.24955,18.500400000000003,7598836.0
2024-05-20,18.71989,18.75125,18.43769,18.46904,8586882.0
2024-05-21,18.40633,18.62582,18.21819,18.62582,6833940.0
2024-05-22,18.813959999999998,19.59788,18.813959999999998,19.12753,17072285.0
2024-05-23,19.12753,19.2216,18.68854,19.2216,6496779.0
2024-05-24,19.0021,19.2216,17.93598,18.24955,16388505.0
2024-05-27,18.24955,18.343619999999998,17.93598,18.21819,6356598.0
2024-05-28,18.31226,18.68854,18.21819,18.65718,7393461.0
2024-05-29,18.65718,18.75125,18.31226,18.37497,4811550.0
2024-05-30,18.06141,18.24955,17.81055,18.15548,9610555.0
2024-05-31,18.24955,18.31226,17.99869,18.09276,2790247.0
2024-06-03,18.31226,18.71989,18.31226,18.500400000000003,7114143.0
2024-06-04,18.62582,18.71989,18.37497,18.40633,8147205.0
2024-06-05,18.53175,18.59447,18.31226,18.343619999999998,8007445.0
2024-06-06,18.40633,18.46904,18.03005,18.06141,7300351.0
2024-06-07,18.124119999999998,18.280900000000003,17.99869,17.99869,5069416.0
2024-06-10,18.06141,18.46904,18.06141,18.18683,4768868.0
2024-06-11,18.280900000000003,18.46904,18.06141,18.43769,8708571.0
2024-06-12,18.43769,18.75125,18.43769,18.75125,8470379.0
2024-06-13,18.93939,18.93939,18.53175,18.53175,4978815.0
2024-06-14,18.68854,19.2216,18.124119999999998,18.124119999999998,14978075.0
2024-06-17,17.99869,18.124119999999998,17.68513,17.84191,18141110.0
2024-06-18,17.93598,18.03005,17.74784,17.74784,9558241.0
2024-06-19,17.87327,18.06141,17.591060000000002,17.7792,7360338.0
2024-06-20,17.93598,17.93598,17.5597,17.62241,6586606.0
2024-06-21,17.71648,17.81055,17.5597,17.65377,5751660.0
2024-06-24,17.68513,17.71648,16.65036,16.65036,16533956.0
2024-06-25,16.8385,16.93257,16.619,16.8385,6290744.0
2024-06-26,16.8385,16.93257,16.43086,16.71307,4958362.0
2024-06-27,16.8385,16.8385,16.55629,16.71307,3055669.0
2024-06-28,16.71307,16.93257,16.33679,16.43086,5962533.0
2024-07-01,16.55629,16.775779999999997,16.36815,16.681720000000002,4328378.0
2024-07-02,16.90121,17.05799,16.8385,16.995279999999998,3351368.0
2024-07-03,17.08935,17.183419999999998,17.02664,17.12071,4124576.0
2024-07-04,17.12071,17.30885,17.02664,17.24613,4082542.0
2024-07-05,17.24613,17.3402,17.05799,17.12071,2912010.0
2024-07-08,17.24613,17.371560000000002,17.12071,17.152060000000002,3179477.0
2024-07-09,17.183419999999998,17.62241,17.12071,17.5597,7557677.0
2024-07-10,17.68513,17.68513,17.371560000000002,17.43427,4190232.0
2024-07-11,17.52834,17.74784,17.46563,17.68513,7070338.0
2024-07-12,17.71648,17.7792,17.24613,17.43427,4513530.0
2024-07-15,17.61681,17.61681,17.223869999999998,17.35485,3352923.0
2024-07-16,17.38759,17.61681,17.35485,17.35485,3768053.0
2024-07-17,17.48583,17.51857,16.56897,16.96191,6928420.0
2024-07-18,17.09289,17.15838,16.83093,17.09289,5164634.0
2024-07-19,17.09289,17.35485,16.89642,17.0274,4544739.0
2024-07-22,17.09289,17.55132,17.09289,17.35485,9683441.0
2024-07-23,17.51857,17.51857,16.69995,16.732689999999998,6560992.0
2024-07-24,16.63446,16.96191,16.04505,16.732689999999998,7822292.0
2024-07-25,16.3725,16.63446,16.24152,16.405240000000003,3555928.0
2024-07-26,16.50348,16.6672,16.405240000000003,16.63446,2429560.0
2024-07-29,16.765439999999998,16.96191,16.69995,16.79818,3383508.0
2024-07-30,16.732689999999998,16.96191,16.60171,16.765439999999998,3292932.0
2024-07-31,16.83093,16.92916,16.53622,16.60171,2893633.0
2024-08-01,16.69995,16.69995,15.717600000000001,15.88132,8137115.0
2024-08-02,15.717600000000001,16.33975,15.39015,16.07779,7982964.0
2024-08-05,15.84858,15.94681,15.062700000000001,15.062700000000001,9282307.0
2024-08-06,15.455639999999999,15.94681,15.12819,15.914069999999999,6849367.0
2024-08-07,15.97956,16.04505,15.65211,16.0123,3600644.0
2024-08-08,15.88132,16.27426,15.81583,15.914069999999999,5064325.0
2024-08-09,16.20877,16.732689999999998,16.07779,16.6672,8514971.0
2024-08-12,16.56897,16.96191,16.56897,16.96191,4970038.0
2024-08-13,16.96191,17.09289,16.56897,17.0274,7244993.0
2024-08-14,17.09289,17.223869999999998,16.732689999999998,16.96191,5423649.0
2024-08-15,16.89642,17.0274,16.60171,16.69995,4531923.0
2024-08-16,16.86367,17.81328,16.79818,17.81328,18820790.0
2024-08-19,18.00975,18.07524,17.649549999999998,17.78053,6541176.0
2024-08-20,17.78053,18.173470000000002,17.649549999999998,17.94426,11768014.0
2024-08-21,17.94426,18.07524,17.81328,18.00975,8754738.0
2024-08-22,18.07524,18.3372,17.87877,18.3372,9274605.0
2024-08-23,18.3372,18.959349999999997,18.10798,18.82837,21124564.0
2024-08-26,19.05759,19.61425,18.82837,19.45053,22848552.0
2024-08-27,19.254060000000003,19.48327,18.992099999999997,19.12308,9105060.0
2024-08-28,19.254060000000003,19.51602,18.959349999999997,19.2868,14932285.0
2024-08-29,19.221310000000003,19.38504,19.02484,19.12308,6159761.0
2024-08-30,19.12308,19.35229,18.959349999999997,19.18857,8102157.0
2024-09-04,18.762880000000003,19.15582,18.762880000000003,19.09033,9687360.0
2024-09-05,19.18857,19.51602,18.86112,19.09033,14360274.0
2024-09-06,18.992099999999997,19.254060000000003,18.762880000000003,19.18857,9331469.0
2024-09-09,19.02484,19.2868,18.82837,19.09033,7052378.0
2024-09-10,19.18857,19.221310000000003,18.56641,18.89386,11807555.0
2024-09-11,18.795630000000003,19.18857,18.56641,18.992099999999997,9908053.0
2024-09-12,19.18857,19.18857,18.89386,18.89386,5211511.0
2024-09-13,18.92661,19.45053,18.92661,19.12308,13785620.0
2024-09-16,19.12308,19.221310000000003,18.46818,18.46818,15533407.0
2024-09-17,18.46818,18.992099999999997,18.36994,18.992099999999997,9249365.0
2024-09-18,19.09033,20.17092,19.02484,19.74523,29558375.0
2024-09-19,19.9417,20.105430000000002,19.679740000000002,19.97445,11805394.0
2024-09-20,20.23641,20.26915,19.97445,20.072680000000002,10919410.0
2024-09-23,20.072680000000002,20.23641,19.9417,19.9417,9425575.0
2024-09-24,19.97445,20.17092,19.9417,20.105430000000002,6482754.0
2024-09-25,20.26915,20.82582,20.23641,20.43288,16088302.0
2024-09-26,20.465619999999998,20.53111,20.17092,20.33464,13396587.0
2024-09-27,20.43288,20.498369999999998,20.17092,20.17092,10052675.0
2024-09-30,20.17092,20.5966,20.039939999999998,20.26915,7166433.0
2024-10-01,20.36739,20.82582,20.26915,20.3019,11358779.0
2024-10-02,20.17092,20.33464,19.84347,20.072680000000002,11170217.0
2024-10-03,20.105430000000002,20.3019,19.74523,19.87621,12027463.0
2024-10-04,19.87621,20.17092,19.81072,19.9417,7391984.0
2024-10-07,20.105430000000002,20.36739,19.97445,20.36739,8426508.0
2024-10-08,20.498369999999998,20.53111,19.712490000000003,20.039939999999998,17119064.0
2024-10-09,19.87621,20.20366,19.77798,20.072680000000002,8229209.0
2024-10-10,20.20366,20.33464,19.90896,19.90896,7364168.0
2024-10-11,19.9417,20.43288,19.74523,20.43288,11695675.0
2024-10-14,20.563860000000002,20.66209,20.3019,20.3019,7395409.0
2024-10-15,20.3019,20.498369999999998,19.84347,19.87621,9709404.0
2024-10-16,19.87621,20.039939999999998,19.81072,19.84347,4867249.0
2024-10-17,19.87621,20.072680000000002,19.38504,20.039939999999998,10654777.0
2024-10-18,20.23641,20.3019,19.9417,19.9417,11182259.0
2024-10-21,19.84347,19.9417,19.31955,19.35229,12907845.0
2024-10-22,19.31955,19.48327,18.69739,18.92661,13154575.0
2024-10-23,18.92661,19.221310000000003,18.795630000000003,18.92661,7442934.0
2024-10-24,18.959349999999997,19.12308,18.46818,18.46818,11030022.0
2024-10-25,18.500919999999997,18.6319,18.46818,18.533669999999997,6452059.0
2024-10-28,18.66465,18.992099999999997,18.6319,18.795630000000003,4602237.0
2024-10-29,18.92661,18.992099999999997,18.66465,18.762880000000003,5349474.0
2024-10-30,18.795630000000003,18.82837,18.46818,18.56641,5238209.0
2024-10-31,18.66465,18.92661,18.59916,18.86112,5145844.0
2024-11-01,18.82837,18.82837,18.533669999999997,18.59916,4414166.0
2024-11-04,18.6319,19.15582,18.46818,18.992099999999997,9679421.0
2024-11-05,18.959349999999997,19.15582,18.959349999999997,18.959349999999997,3979736.0
2024-11-06,19.12308,19.31955,18.992099999999997,19.2868,8448776.0
2024-11-07,19.35229,19.38504,19.18857,19.18857,5232814.0
2024-11-08,19.254060000000003,19.2868,18.992099999999997,19.05759,5944147.0
2024-11-11,19.05759,19.09033,18.500919999999997,18.73014,10674815.0
2024-11-12,18.795630000000003,19.05759,18.66465,18.66465,4163890.0
2024-11-13,18.6319,18.69739,18.173470000000002,18.3372,8132694.0
2024-11-14,18.43543,18.500919999999997,17.55132,17.747790000000002,9899987.0
2024-11-15,17.682299999999998,17.715040000000002,17.09289,17.289360000000002,12077492.0
2024-11-18,17.289360000000002,18.206220000000002,17.256610000000002,17.91151,8602154.0
2024-11-19,17.94426,18.00975,17.51857,17.682299999999998,3788601.0
2024-11-20,17.61681,18.43543,17.48583,18.140729999999998,11996843.0
2024-11-21,18.173470000000002,18.46818,18.00975,18.36994,7161585.0
2024-11-22,18.36994,18.46818,18.10798,18.140729999999998,4717015.0
2024-11-25,18.140729999999998,18.30445,18.07524,18.23896,3335613.0
2024-11-26,18.30445,18.82837,18.27171,18.533669999999997,9112781.0
2024-11-27,18.56641,18.6319,18.3372,18.43543,3881524.0
2024-11-28,18.533669999999997,18.66465,18.27171,18.43543,5477349.0
2024-11-29,18.40269,18.59916,18.27171,18.43543,4147076.0
2024-12-02,18.59916,18.66465,18.27171,18.36994,3085104.0
2024-12-03,18.3372,18.3372,18.00975,18.04249,8784859.0
2024-12-04,18.04249,18.04249,17.682299999999998,17.747790000000002,7919519.0
2024-12-05,17.81328,18.959349999999997,17.682299999999998,18.959349999999997,14903916.0
2024-12-06,19.221310000000003,19.51602,19.09033,19.15582,15582394.0
2024-12-09,19.18857,19.48327,19.09033,19.38504,7989668.0
2024-12-10,19.31955,19.51602,19.18857,19.35229,6641885.0
2024-12-11,19.35229,19.548759999999998,19.12308,19.254060000000003,5469369.0
2024-12-12,19.2868,19.647,19.18857,19.18857,8192935.0
2024-12-13,19.15582,19.35229,19.09033,19.254060000000003,5268841.0
2024-12-16,19.254060000000003,19.45053,19.221310000000003,19.38504,5486416.0
2024-12-17,19.48327,19.581509999999998,19.221310000000003,19.31955,6119837.0
2024-12-18,19.31955,19.48327,19.18857,19.48327,5233328.0
2024-12-19,19.254060000000003,19.35229,18.992099999999997,19.31955,10262049.0
2024-12-20,19.31955,19.35229,19.18857,19.18857,3565447.0
2024-12-23,19.31955,19.38504,19.12308,19.12308,5105124.0
2024-12-24,19.09033,19.15582,18.762880000000003,18.92661,9323495.0
2024-12-25,18.959349999999997,19.81072,18.959349999999997,19.31955,10112661.0
2024-12-26,19.38504,19.41778,19.15582,19.18857,3740438.0
2024-12-27,19.254060000000003,19.41778,19.15582,19.2868,7834980.0
2024-12-30,19.45053,19.77798,19.35229,19.38504,8704708.0
2024-12-31,19.2868,19.45053,19.254060000000003,19.254060000000003,4041222.0
2025-01-02,19.31955,19.41778,19.12308,19.18857,4932148.0
2025-01-03,19.18857,19.221310000000003,18.69739,18.69739,12211602.0
2025-01-06,18.66465,18.73014,18.3372,18.43543,7288757.0
2025-01-07,18.46818,18.66465,18.3372,18.40269,5612566.0
2025-01-08,18.3372,18.69739,18.27171,18.59916,4806054.0
2025-01-09,18.59916,18.66465,18.3372,18.3372,3331415.0
2025-01-10,18.36994,18.533669999999997,17.81328,17.81328,11045052.0
2025-01-13,17.81328,18.30445,17.38759,18.206220000000002,7586691.0
2025-01-14,18.206220000000002,18.23896,18.04249,18.04249,3459744.0
2025-01-15,18.140729999999998,18.36994,18.07524,18.27171,4489503.0
2025-01-16,18.40269,18.959349999999997,18.40269,18.500919999999997,7411056.0
2025-01-17,18.500919999999997,18.73014,18.43543,18.66465,3916002.0
2025-01-20,18.795630000000003,18.795630000000003,18.59916,18.59916,3879198.0
2025-01-21,18.66465,18.92661,18.6319,18.795630000000003,5713664.0
2025-01-22,18.795630000000003,18.89386,18.762880000000003,18.82837,4538109.0
2025-01-23,18.86112,19.254060000000003,18.86112,19.18857,7699846.0
2025-01-24,19.221310000000003,19.254060000000003,18.992099999999997,19.15582,5087972.0
2025-02-03,18.959349999999997,19.221310000000003,18.795630000000003,19.02484,5709489.0
2025-02-04,19.09125,19.42443,19.05793,19.42443,7652166.0
2025-02-05,19.45775,19.52439,19.25784,19.29116,3795687.0
2025-02-06,19.39111,19.59102,19.191209999999998,19.191209999999998,7150887.0
2025-02-07,19.224520000000002,19.39111,19.09125,19.191209999999998,5576933.0
2025-02-10,19.15789,19.52439,18.82471,19.29116,14475499.0
2025-02-11,19.45775,19.49107,19.224520000000002,19.29116,5187598.0
2025-02-12,19.3578,19.69098,19.191209999999998,19.32448,8869515.0
2025-02-13,19.29116,19.42443,19.224520000000002,19.32448,4559976.0
2025-02-14,19.62434,19.95752,19.45775,19.52439,14034175.0
2025-02-17,19.52439,19.95752,19.39111,19.65766,13678911.0
2025-02-18,19.62434,19.9242,19.59102,19.75761,8014460.0
2025-02-19,19.85757,20.057479999999998,19.75761,19.99084,9356913.0
2025-02-20,20.12411,20.19075,19.85757,19.99084,7496237.0
2025-02-21,19.9242,20.02416,19.72429,19.9242,6723867.0
2025-02-24,19.9242,20.39066,19.75761,20.39066,12552888.0
2025-02-25,20.59056,21.09034,20.35734,20.69052,24015629.0
2025-02-26,20.790470000000003,21.22361,20.62388,20.957060000000002,16151206.0
2025-02-27,21.0237,21.09034,20.72384,21.0237,8454666.0
2025-02-28,21.0237,21.19029,20.69052,20.75716,8922359.0
2025-03-03,20.69052,21.22361,20.6572,20.990380000000002,11951449.0
2025-03-04,20.990380000000002,21.15697,20.52393,21.05702,10573731.0
2025-03-05,21.05702,21.55679,20.857110000000002,20.857110000000002,13102338.0
2025-03-06,20.990380000000002,21.656740000000003,20.957060000000002,21.62342,16577152.0
2025-03-07,21.756700000000002,21.756700000000002,21.52347,21.52347,7003112.0
2025-03-10,21.62342,21.790020000000002,21.25693,21.42352,11777677.0
2025-03-11,21.12365,21.59011,21.12365,21.59011,11340339.0
2025-03-12,21.723380000000002,21.756700000000002,21.3902,21.42352,7103236.0
2025-03-13,21.45683,21.656740000000003,21.12365,21.19029,12024797.0
2025-03-14,21.12365,21.32356,20.990380000000002,21.19029,9199861.0
2025-03-17,21.32356,21.52347,21.19029,21.52347,5421142.0
2025-03-18,21.55679,21.59011,21.15697,21.15697,8211181.0
2025-03-19,21.09034,21.32356,20.890430000000002,21.29024,10726124.0
2025-03-20,21.32356,21.62342,21.12365,21.35688,7955807.0
2025-03-21,21.32356,21.42352,21.22361,21.22361,7564244.0
2025-03-24,21.22361,21.59011,20.890430000000002,21.59011,9869373.0
2025-03-25,21.656740000000003,21.723380000000002,21.19029,21.22361,8149942.0
2025-03-26,21.19029,21.32356,20.59056,20.790470000000003,16942727.0
2025-03-27,20.69052,20.790470000000003,20.39066,20.39066,14494136.0
2025-03-28,20.39066,20.990380000000002,20.22407,20.59056,10801312.0
2025-03-31,20.39066,20.69052,20.39066,20.39066,7434711.0
2025-04-01,20.52393,20.62388,20.32402,20.59056,6587425.0
2025-04-02,20.62388,20.75716,20.52393,20.52393,7042020.0
2025-04-03,19.65766,19.99084,19.09125,19.09125,23368041.0
2025-04-04,17.75853,18.65812,17.75853,18.22498,26198137.0
2025-04-08,17.458669999999998,17.99176,16.9589,16.9589,9276860.0
2025-04-09,15.79276,16.9589,15.79276,15.79276,26346443.0
2025-04-10,16.892259999999997,16.892259999999997,16.892259999999997,16.892259999999997,654702.0
2025-04-11,17.125490000000003,17.95844,16.9589,17.82517,23193977.0
2025-04-14,18.12503,18.22498,17.79185,18.19166,16012533.0
2025-04-15,17.99176,18.05839,17.458669999999998,17.72521,15761191.0
2025-04-16,17.72521,17.95844,17.19212,17.19212,13679529.0
2025-04-17,16.858939999999997,17.39203,16.82562,17.292080000000002,9230770.0
2025-04-18,17.558619999999998,17.75853,17.25876,17.35871,16375005.0
2025-04-21,17.19212,17.32539,16.25922,16.25922,26531873.0
2025-04-22,15.72613,16.692349999999998,15.1264,16.392490000000002,27671841.0
2025-04-23,16.79231,16.92558,16.55908,16.55908,8114069.0
2025-04-24,16.659029999999998,16.92558,16.25922,16.52576,9437657.0
2025-04-25,16.659029999999998,16.725669999999997,16.425810000000002,16.55908,7736590.0
2025-04-28,16.659029999999998,16.99221,16.49244,16.82562,7950563.0
2025-04-29,17.05885,17.05885,16.75899,16.75899,5322093.0
2025-05-05,17.05885,17.09217,16.75899,16.892259999999997,6586551.0
2025-05-06,17.02553,17.39203,16.9589,16.99221,11702471.0
2025-05-07,16.99221,17.02553,16.79231,16.858939999999997,7802279.0
2025-05-08,16.92558,17.425349999999998,16.892259999999997,17.39203,14262451.0
2025-05-09,17.458669999999998,17.491979999999998,17.125490000000003,17.19212,7249622.0
2025-05-12,17.25876,17.32539,16.99221,17.32539,10345204.0
2025-05-13,17.664060000000003,17.86709,17.39334,17.46102,10995903.0
2025-05-14,17.5287,17.83325,17.49486,17.76557,13617238.0
2025-05-15,18.00245,18.070130000000002,17.799409999999998,17.96861,9658962.0
2025-05-16,17.90093,18.307,17.86709,17.86709,14270069.0
2025-05-19,17.6979,17.6979,17.3595,17.3595,11643484.0
2025-05-20,17.3595,17.664060000000003,17.257990000000003,17.49486,8857977.0
2025-05-21,17.49486,17.664060000000003,17.29183,17.39334,8748638.0
2025-05-22,17.32566,17.664060000000003,17.257990000000003,17.32566,11243199.0
2025-05-23,17.3595,17.39334,17.02111,17.02111,9632701.0
2025-05-26,17.05495,17.42718,16.68272,17.39334,9413479.0
2025-05-27,17.46102,17.731740000000002,17.39334,17.562540000000002,11379916.0
2025-05-28,17.6979,17.86709,17.49486,17.562540000000002,12307792.0
2025-05-29,17.63022,17.731740000000002,17.32566,17.32566,8751962.0
2025-05-30,17.42718,17.76557,17.29183,17.32566,11518411.0
2025-06-02,17.257990000000003,17.49486,17.19031,17.42718,6633066.0
2025-06-03,17.76557,18.40852,17.731740000000002,18.13781,24223470.0
2025-06-04,18.37468,18.37468,17.83325,17.93477,11128474.0
2025-06-05,18.03629,18.03629,17.664060000000003,17.664060000000003,10849773.0
2025-06-06,17.664060000000003,17.731740000000002,17.29183,17.29183,12383193.0
2025-06-09,17.32566,17.42718,17.19031,17.22415,6046263.0
2025-06-10,17.257990000000003,17.46102,17.22415,17.257990000000003,5921894.0
2025-06-11,17.39334,17.42718,17.19031,17.257990000000003,4283216.0
2025-06-12,17.32566,17.49486,17.32566,17.3595,6570438.0
2025-06-13,17.22415,17.3595,16.91959,17.05495,13117109.0
2025-06-16,17.02111,17.42718,17.02111,17.39334,6379658.0
2025-06-17,17.46102,17.5287,17.29183,17.3595,7559929.0
2025-06-18,17.32566,17.76557,17.29183,17.46102,13839194.0
2025-06-19,17.5287,17.5287,17.3595,17.39334,7217978.0
2025-06-20,17.46102,17.6979,17.42718,17.42718,13301292.0
2025-06-23,17.32566,17.32566,17.08879,17.156470000000002,20183002.0
2025-06-24,17.72085,17.890430000000002,17.50888,17.67845,17570336.0
2025-06-25,17.72085,18.06,17.63606,17.763240000000003,8081673.0
2025-06-26,17.763240000000003,17.848029999999998,17.50888,17.67845,5167642.0
2025-06-27,17.763240000000003,18.102400000000003,17.72085,17.93282,8209094.0
2025-06-30,18.14479,18.356759999999998,18.102400000000003,18.14479,10808501.0
2025-07-01,18.229580000000002,18.27198,17.97521,18.01761,7421755.0
2025-07-02,18.01761,19.247049999999998,17.97521,19.247049999999998,22339363.0
2025-07-03,19.33183,20.17972,19.16226,19.670990000000003,23383320.0
2025-07-04,19.755779999999998,20.22212,19.755779999999998,19.92536,14543221.0
2025-07-07,20.17972,20.3493,19.92536,20.137330000000002,12471791.0
2025-07-08,20.264509999999998,20.56127,20.05254,20.30691,18462434.0
2025-07-09,20.43409,21.19719,20.391689999999997,20.73085,19683173.0
2025-07-10,21.02761,21.02761,20.56127,20.646060000000002,12506573.0
2025-07-11,20.646060000000002,21.53634,20.3493,21.154790000000002,24188773.0
2025-07-14,21.23958,21.62113,20.646060000000002,21.19719,19984078.0
2025-07-15,21.19719,22.38423,21.02761,21.40916,26866426.0
2025-07-16,21.40916,21.663529999999998,21.02761,21.32437,30757933.0
2025-07-17,21.40916,21.62113,21.02761,21.1124,22186467.0
2025-07-18,21.19719,21.53634,21.07,21.154790000000002,16013535.0
2025-07-21,21.154790000000002,21.23958,20.73085,20.77324,20044903.0
2025-07-22,20.646060000000002,21.70592,20.603669999999997,21.45155,18003865.0
2025-07-23,21.70592,22.38423,21.45155,21.49395,20565652.0
2025-07-24,21.62113,21.62113,21.19719,21.32437,9939968.0
2025-07-25,21.45155,22.214650000000002,21.32437,21.833099999999998,22327309.0
2025-07-28,22.38423,23.18972,22.08747,23.02015,27620997.0
2025-07-29,23.359299999999998,23.40169,21.40916,21.40916,35793310.0
2025-07-30,21.49395,21.96029,21.07,21.70592,17136717.0
2025-07-31,21.91789,22.04507,21.23958,21.96029,15193410.0
2025-08-01,21.91789,22.68099,21.62113,22.04507,16570241.0
2025-08-04,21.8755,22.38423,21.74831,22.38423,12141722.0
2025-08-05,22.68099,23.65606,21.578740000000003,22.51141,36966447.0
2025-08-06,22.723380000000002,23.61367,22.553810000000002,23.571270000000002,22702210.0
2025-08-07,23.95282,24.03761,23.44409,23.91043,17809088.0
2025-08-08,24.03761,24.67353,23.31691,23.65606,22039934.0
2025-08-11,23.69846,23.99522,23.23212,23.82564,22750944.0
2025-08-12,23.82564,23.95282,23.18972,23.52888,15172400.0
2025-08-13,23.571270000000002,24.37677,23.14733,24.29198,33416573.0
2025-08-14,24.75831,25.01268,24.207189999999997,24.37677,15150663.0
2025-08-15,24.67353,24.970290000000002,24.122400000000003,24.58874,25049399.0
2025-08-18,24.80071,24.970290000000002,23.99522,24.24958,15861031.0
2025-08-19,24.24958,24.80071,24.16479,24.58874,19158182.0
2025-08-20,24.715919999999997,24.715919999999997,23.062540000000002,23.868029999999997,23485575.0
2025-08-21,23.91043,24.50395,23.61367,23.91043,18150940.0
2025-08-22,23.44409,23.74085,22.46902,22.6386,21611025.0
2025-08-25,23.062540000000002,23.31691,21.8755,22.04507,14357359.0
2025-08-26,21.96029,23.52888,21.91789,23.44409,14071455.0
2025-08-27,23.65606,24.122400000000003,23.40169,23.44409,18026804.0
2025-08-28,23.65606,23.91043,23.31691,23.91043,12573307.0
2025-08-29,24.37677,25.436619999999998,24.207189999999997,24.67353,30499725.0
2025-09-03,24.927889999999998,25.01268,24.24958,24.46155,13479637.0
2025-09-04,24.50395,25.267049999999998,24.33437,25.18226,18850852.0
2025-09-05,25.35184,25.775779999999997,24.16479,24.16479,26818495.0
2025-09-08,23.91043,24.33437,23.31691,23.31691,29757684.0
2025-09-09,23.74085,23.74085,23.062540000000002,23.65606,12058543.0
2025-09-10,23.91043,23.95282,23.14733,23.359299999999998,9406188.0
2025-09-11,23.10493,23.40169,22.214650000000002,23.10493,15429409.0
2025-09-12,23.31691,23.48648,23.14733,23.23212,7218619.0
2025-09-15,23.40169,23.82564,23.359299999999998,23.48648,8509329.0
2025-09-16,23.91043,23.95282,23.23212,23.23212,11103924.0
2025-09-17,23.14733,23.40169,22.76578,22.808169999999997,10220394.0
2025-09-18,22.97775,23.02015,22.68099,22.76578,6181586.0
2025-09-19,22.808169999999997,22.93536,22.553810000000002,22.5962,5739569.0
2025-09-22,22.5962,22.723380000000002,21.91789,22.08747,11465352.0
2025-09-23,22.299439999999997,22.51141,22.08747,22.214650000000002,4720269.0
2025-09-24,22.214650000000002,22.76578,22.00268,22.76578,7355170.0
2025-09-25,22.76578,22.89296,22.68099,22.68099,5116446.0
2025-09-26,22.723380000000002,22.76578,22.299439999999997,22.299439999999997,5959898.0
2025-09-29,22.214650000000002,22.808169999999997,22.214650000000002,22.46902,7257304.0
2025-09-30,22.51141,22.85057,22.12986,22.6386,6974568.0
2025-10-01,22.723380000000002,22.93536,22.553810000000002,22.6386,4954291.0
2025-10-02,22.808169999999997,22.89296,22.38423,22.42662,5907602.0
2025-10-03,22.42662,22.46902,21.96029,22.08747,6839041.0
2025-10-06,22.46902,23.61367,22.38423,23.61367,18718828.0
2025-10-07,23.82564,23.82564,23.359299999999998,23.40169,9552237.0
2025-10-08,24.122400000000003,24.122400000000003,22.89296,23.23212,14165392.0
2025-10-09,23.40169,23.44409,22.97775,23.10493,6377446.0
2025-10-10,23.23212,23.52888,23.062540000000002,23.18972,8361293.0
2025-10-13,22.76578,23.40169,22.68099,23.23212,10371214.0
2025-10-14,23.44409,23.783240000000003,22.85057,22.85057,15156705.0
2025-10-15,22.89296,22.97775,22.553810000000002,22.6386,12954182.0
2025-10-16,22.723380000000002,22.89296,22.5962,22.723380000000002,7197554.0
2025-10-17,22.85057,23.062540000000002,22.46902,22.46902,10395049.0
2025-10-20,22.42662,22.68099,20.90043,20.90043,14349645.0
2025-10-21,20.85803,21.154790000000002,20.09493,20.56127,15868969.0
2025-10-22,20.85803,20.98522,20.3493,20.98522,6459262.0
2025-10-23,21.02761,21.1124,20.603669999999997,20.68845,3251582.0
2025-10-24,20.47648,20.85803,20.17972,20.85803,8404940.0
2025-10-27,20.85803,20.85803,19.92536,20.30691,21283958.0
2025-10-28,20.3493,20.391689999999997,19.88296,20.3493,17973277.0
2025-10-29,20.47648,20.603669999999997,20.30691,20.3493,10394422.0
2025-10-30,20.3493,20.43409,19.96775,19.96775,8544694.0
2025-10-31,19.92536,20.137330000000002,19.755779999999998,19.755779999999998,13372029.0
2025-11-03,19.79817,19.88296,18.950290000000003,18.950290000000003,15812319.0
2025-11-04,18.950290000000003,20.05254,18.8231,20.01014,15079814.0
2025-11-05,19.755779999999998,19.88296,19.50141,19.54381,7611220.0
2025-11-06,19.50141,19.5862,19.11986,19.11986,8651543.0
2025-11-07,19.07747,19.28944,18.52634,18.568740000000002,13289597.0
2025-11-10,18.52634,19.37423,18.48395,18.8655,10435451.0
2025-11-11,19.03507,19.28944,18.90789,19.11986,6686603.0
2025-11-12,19.247049999999998,19.45902,19.11986,19.33183,8351928.0
2025-11-13,19.33183,19.416619999999998,19.11986,19.247049999999998,7466762.0
2025-11-14,19.11986,19.416619999999998,19.07747,19.16226,7122775.0
2025-11-17,19.20465,19.54381,19.20465,19.45902,8870211.0
2025-11-18,19.50141,19.79817,19.37423,19.45902,11218959.0
2025-11-19,19.33183,19.45902,19.07747,19.20465,8053471.0
2025-11-20,19.20465,19.37423,19.07747,19.20465,4934387.0
2025-11-21,19.07747,19.20465,18.950290000000003,19.07747,5659722.0
2025-11-24,19.20465,19.33183,19.11986,19.11986,4544321.0
2025-11-25,19.20465,19.28944,18.695919999999997,18.78071,7611717.0
2025-11-26,18.8231,19.50141,18.8231,19.247049999999998,7300847.0
2025-11-27,19.33183,19.37423,18.99268,19.03507,5298526.0
2025-11-28,19.03507,19.16226,18.78071,18.78071,4650351.0
2025-12-01,18.90789,18.99268,18.738310000000002,18.738310000000002,3752578.0
2025-12-02,18.78071,19.07747,18.65352,18.90789,7073203.0
2025-12-03,18.99268,19.247049999999998,18.90789,19.247049999999998,5692027.0
2025-12-04,19.33183,19.5862,19.28944,19.50141,10594902.0
2025-12-05,19.5862,19.5862,19.33183,19.37423,7358006.0
2025-12-08,19.416619999999998,19.50141,19.07747,19.07747,6440557.0
2025-12-09,19.20465,19.6286,18.8231,19.416619999999998,13670416.0
2025-12-10,19.50141,19.71338,19.416619999999998,19.54381,7893379.0
2025-12-11,19.5862,19.79817,19.416619999999998,19.45902,7141264.0
2025-12-12,19.416619999999998,19.670990000000003,18.90789,18.950290000000003,11610828.0
2025-12-15,18.99268,19.33183,18.950290000000003,19.20465,7628674.0
2025-12-16,19.28944,20.17972,18.950290000000003,19.84057,13307952.0
2025-12-17,19.84057,19.88296,19.416619999999998,19.50141,6098194.0
2025-12-18,19.416619999999998,19.6286,19.33183,19.50141,4774031.0
2025-12-19,19.416619999999998,19.755779999999998,19.416619999999998,19.5862,8602320.0
2025-12-22,19.71338,19.96775,19.54381,19.755779999999998,8128348.0
2025-12-23,19.92536,20.05254,19.37423,19.50141,12399461.0
2025-12-24,19.416619999999998,19.84057,19.33183,19.71338,8556416.0
2025-12-25,19.71338,19.92536,19.416619999999998,19.416619999999998,7772665.0
2025-12-26,19.33183,19.5862,18.950290000000003,19.416619999999998,12140069.0
2025-12-29,19.50141,19.50141,19.247049999999998,19.28944,4179959.0
2025-12-30,19.33183,19.416619999999998,19.16226,19.247049999999998,3421259.0
2025-12-31,19.247049999999998,19.33183,18.99268,18.99268,5474998.0
2026-01-05,19.03507,19.11986,18.06,18.44155,9136531.0
2026-01-06,18.48395,18.65352,18.06,18.44155,7294524.0
2026-01-07,18.568740000000002,18.950290000000003,18.52634,18.8655,6003252.0
2026-01-08,18.90789,19.50141,18.90789,19.07747,11689002.0
2026-01-09,19.20465,19.37423,18.99268,19.16226,9072990.0
2026-01-12,19.71338,20.47648,19.670990000000003,20.47648,23802689.0
2026-01-13,21.79071,21.8755,21.40916,21.62113,53798824.0
2026-01-14,21.70592,22.46902,21.62113,22.46902,39632257.0
2026-01-15,22.46902,22.93536,22.08747,22.08747,32285695.0
2026-01-16,22.04507,23.31691,21.70592,22.46902,32574901.0
2026-01-19,22.51141,22.553810000000002,21.91789,21.96029,22984730.0
2026-01-20,22.12986,22.42662,21.62113,21.62113,24250571.0
2026-01-21,20.603669999999997,20.68845,20.137330000000002,20.137330000000002,78441356.0
2026-01-22,20.3493,20.47648,19.96775,20.05254,17619989.0
2026-01-23,20.264509999999998,20.646060000000002,19.96775,20.05254,16211189.0
2026-01-26,19.92536,20.30691,19.20465,19.416619999999998,18578385.0
2026-01-27,19.45902,20.137330000000002,19.33183,19.79817,13059972.0
2026-01-28,19.84057,20.01014,19.6286,19.88296,9160347.0
2026-01-29,19.88296,20.264509999999998,19.88296,20.01014,8063468.0
2026-01-30,20.09493,20.17972,19.92536,19.96775,10288031.0
2026-02-02,20.01014,20.30691,19.71338,20.09493,10927151.0
2026-02-03,20.17972,20.56127,20.05254,20.264509999999998,12463468.0
2026-02-04,20.47648,21.02761,20.30691,20.43409,12859510.0
2026-02-05,20.52036,20.52036,19.95993,19.95993,7577546.0
2026-02-06,19.787490000000002,19.87371,19.3995,19.3995,10298625.0
2026-02-09,19.61505,19.95993,19.528830000000003,19.74438,3952029.0
2026-02-10,19.74438,19.87371,19.571939999999998,19.65816,4440758.0
2026-02-11,19.830599999999997,20.30481,19.74438,20.17548,7227654.0
2026-02-12,20.2617,20.30481,20.08926,20.08926,3262942.0
2026-02-13,20.04615,20.60658,20.003040000000002,20.34792,6572510.0
2026-02-23,20.563470000000002,20.60658,20.34792,20.60658,5925095.0
2026-02-24,20.52036,20.99457,20.43414,20.77902,12907753.0
2026-02-25,20.73591,21.29634,20.64969,20.82213,11192569.0
2026-02-26,20.86524,21.08079,20.60658,20.82213,7115693.0
2026-02-27,20.82213,21.167009999999998,20.64969,20.90835,10399341.0
2026-03-02,19.830599999999997,20.77902,19.830599999999997,20.132369999999998,15664143.0
2026-03-03,20.17548,20.95146,20.17548,20.60658,14787865.0
2026-03-04,20.60658,21.38256,20.08926,21.21012,22585472.0
2026-03-05,21.555,22.20165,21.123900000000003,21.123900000000003,24668970.0
2026-03-06,21.03768,21.03768,20.003040000000002,20.132369999999998,17449482.0
2026-03-09,18.75285,18.968400000000003,18.75285,18.75285,12441652.0
2026-03-10,19.3995,19.3995,18.66663,18.968400000000003,19281378.0
2026-03-11,19.011509999999998,19.787490000000002,18.83907,19.528830000000003,9586748.0
2026-03-12,19.22706,19.442610000000002,18.88218,18.92529,8765132.0
2026-03-13,18.70974,19.05462,18.58041,18.66663,8332353.0
2026-03-16,18.83907,19.22706,18.62352,18.75285,4884617.0
2026-03-17,19.05462,19.31328,18.83907,18.83907,7214270.0
2026-03-18,18.88218,18.968400000000003,18.235529999999997,18.49419,8363278.0
2026-03-19,18.19242,18.235529999999997,17.675099999999997,17.71821,12837860.0
2026-03-20,17.847540000000002,18.06309,17.675099999999997,17.675099999999997,6678938.0
2026-03-23,17.45955,17.54577,16.46802,16.46802,16848569.0
2026-03-24,16.98534,17.416439999999998,16.812900000000003,17.02845,7024658.0
2026-03-25,17.50266,18.19242,17.373330000000003,18.19242,15106684.0
2026-03-26,18.27864,18.968400000000003,18.14931,18.75285,17374795.0
2026-03-27,18.79596,19.48572,18.62352,19.18395,11317645.0
2026-03-30,18.5373,19.35639,18.5373,19.22706,11846280.0
2026-03-31,19.3995,19.87371,19.22706,19.571939999999998,11227399.0
2026-04-01,19.91682,20.52036,19.87371,20.2617,19347856.0
2026-04-02,20.003040000000002,20.60658,19.91682,20.34792,13662184.0
2026-04-03,20.52036,21.21012,20.391029999999997,20.82213,26842507.0
2026-04-06,20.6928,21.03768,20.2617,20.6928,16217398.0
2026-04-07,20.64969,20.95146,20.43414,20.90835,8660870.0
2026-04-08,21.555,22.33098,21.167009999999998,21.89988,30214005.0
2026-04-09,21.598110000000002,21.986099999999997,21.29634,21.727439999999998,11738982.0
2026-04-10,21.89988,22.20165,21.555,21.81366,12517856.0
2026-04-13,21.555,22.63275,21.425669999999997,22.33098,19520040.0
2026-04-14,22.546529999999997,22.67586,22.158540000000002,22.37409,11609056.0
2026-04-15,22.50342,23.36562,22.50342,23.15007,33508085.0
2026-04-16,22.93452,23.53806,22.8483,23.15007,28557453.0
2026-04-17,23.15007,24.18471,23.06385,23.279400000000003,24202570.0
2026-04-20,23.19318,24.40026,23.19318,24.09849,25075107.0
2026-04-21,24.09849,24.48648,23.23629,23.53806,14502253.0
2026-04-22,23.53806,23.839830000000003,23.322509999999998,23.49495,10056181.0
2026-04-23,23.45184,23.7105,22.50342,23.10696,13908268.0
2026-04-24,23.06385,23.06385,22.58964,22.58964,4529720.0
2026-04-28,22.67586,23.36562,22.24476,23.06385,7049752.0
2026-04-29,23.10696,23.322509999999998,22.93452,23.06385,3344707.0
2026-05-04,23.23629,23.322509999999998,22.718970000000002,22.718970000000002,4220042.0
2026-05-05,22.58964,23.06385,22.4172,22.93452,4945612.0
2026-05-06,22.93452,24.52959,22.93452,24.52959,26273644.0
2026-05-07,24.52959,24.70203,24.01227,24.314040000000002,6689711.0
2026-05-08,24.18471,24.52959,23.322509999999998,24.09849,14002793.0
2026-05-11,24.141599999999997,24.40026,23.66739,23.753610000000002,7772358.0
2026-05-12,23.49495,24.35715,23.49495,23.882939999999998,6756760.0
2026-05-13,24.141599999999997,24.874470000000002,23.882939999999998,24.5727,12464217.0
2026-05-14,24.5727,24.874470000000002,24.27093,24.35715,9161421.0
2026-05-15,24.48648,24.91758,24.27093,24.78825,9193674.0
2026-05-18,24.5727,25.77978,24.443369999999998,25.52112,17499790.0
2026-05-19,25.478009999999998,26.25399,25.478009999999998,25.866,15426734.0
2026-05-20,25.866,25.95222,24.5727,25.52112,12080190.0
2026-05-21,25.56423,25.56423,24.91758,24.91758,3402104.0
2026-05-22,24.74514,25.26246,24.09849,24.5727,9996382.0
2026-05-25,24.48648,24.74514,24.27093,24.27093,2339527.0
2026-05-26,24.314040000000002,24.52959,23.882939999999998,23.96916,5107511.0
2026-05-27,23.92605,23.96916,23.45184,23.7105,8003462.0
2026-05-28,23.62428,24.09849,23.45184,23.753610000000002,4345126.0
2026-05-29,23.882939999999998,24.27093,23.62428,23.66739,3738703.0
2026-06-01,23.62428,23.79672,23.19318,23.40873,3938182.0
2026-06-02,23.53806,23.53806,22.97763,22.97763,4345402.0
2026-06-03,22.89141,23.7105,22.89141,23.53806,4686557.0
2026-06-04,23.53806,23.581169999999997,23.322509999999998,23.581169999999997,2418663.0
2026-06-05,23.753610000000002,23.753610000000002,23.279400000000003,23.279400000000003,2365131.0
2026-06-08,23.279400000000003,23.839830000000003,22.8483,23.581169999999997,9159586.0
2026-06-09,23.66739,23.7105,23.02074,23.66739,2869467.0
2026-06-10,23.53806,24.18471,23.40873,23.96916,4046085.0
2026-06-11,23.62428,24.05538,23.581169999999997,23.66739,1906530.0
2026-06-12,24.141599999999997,24.141599999999997,23.19318,23.279400000000003,4153694.0
2026-06-15,23.7105,24.09849,23.53806,23.66739,3856950.0
2026-06-16,23.66739,24.09849,23.53806,24.01227,4455549.0
2026-06-17,24.05538,24.27093,23.7105,23.7105,3039628.0
2026-06-18,23.882939999999998,24.83136,23.62428,24.52959,6739643.0
2026-06-19,24.52959,24.65892,23.96916,24.35715,2715214.0
2026-06-22,24.5727,24.61581,24.22782,24.443369999999998,2252295.0
2026-06-23,24.48648,24.5727,23.7105,23.753610000000002,5175105.0
2026-06-24,23.7105,23.753610000000002,23.10696,23.279400000000003,4535627.0
2026-06-25,23.279400000000003,23.66739,23.19318,23.23629,1818647.0
2026-06-26,23.19318,23.40873,23.15007,23.19318,1843392.0
2026-06-29,23.279400000000003,23.36562,23.23629,23.23629,1549546.0
2026-06-30,23.279400000000003,23.753610000000002,23.23629,23.45184,3120309.0
2026-07-01,23.7105,24.40026,23.581169999999997,24.22782,4630711.0
2026-07-02,24.22782,25.04691,24.22782,25.0038,11417569.0
2026-07-03,25.0038,25.13313,24.5727,24.61581,4745576.0
2026-07-06,24.83136,24.874470000000002,23.40873,23.96916,6066942.0
2026-07-07,23.882939999999998,25.0038,23.79672,24.65892,3964803.0
2026-07-08,24.70203,24.78825,24.314040000000002,24.314040000000002,4090504.0
2026-07-09,24.18471,24.70203,24.141599999999997,24.22782,5216013.0
2026-07-10,24.314040000000002,24.5727,23.96916,23.96916,4315047.0
2026-07-13,23.92605,23.92605,22.93452,23.79672,8627950.0
2026-07-14,23.49495,23.839830000000003,23.279400000000003,23.36562,3568197.0
2026-07-15,23.10696,23.36562,23.06385,23.279400000000003,9931969.0
2026-07-16,23.4,24.9,23.3,24.9,10224094.0
2026-07-17,25.0,26.3,25.0,25.4,8604344.0
2026-07-20,25.4,25.8,24.3,25.75,9024667.0
2026-07-21,25.5,25.75,24.75,25.75,4420251.0
2026-07-22,25.85,26.0,25.3,25.3,5468196.0
2026-07-23,25.8,26.2,24.1,25.95,9835976.0
2026-07-24,25.9,25.9,25.05,25.6,2326680.0
2026-07-27,25.65,25.65,24.5,25.0,4504681.0
2026-07-28,24.6,25.5,24.2,25.3,5342853.0
2026-07-29,25.3,25.4,24.8,25.25,2366700.0
2026-07-30,25.2,25.9,24.95,25.7,5643000.0
2026-07-31,25.7,25.75,25.0,25.0,3965800.0
2026-08-03,25.05,25.45,24.95,25.15,4156200.0
2026-08-04,25.25,25.25,24.9,25.1,2499000.0
2026-08-05,25.25,26.25,25.2,25.55,9122500.0
2026-08-06,25.55,26.0,25.35,25.45,2800800.0
2026-08-07,25.3,25.8,25.3,25.35,2901100.0
2026-08-10,25.4,26.0,25.25,25.95,5487100.0
2026-08-11,26.15,27.35,26.1,26.5,9908700.0
2026-08-12,26.65,26.65,26.15,26.15,3313700.0
2026-08-13,26.1,26.5,25.7,25.7,6148600.0
2026-08-14,25.7,25.8,25.2,25.2,5071800.0
2026-08-17,25.2,25.4,25.05,25.3,2040200.0
2026-08-18,25.3,25.65,24.85,25.1,3915600.0
2026-08-19,25.0,25.2,24.75,24.85,2382100.0
2026-08-20,25.1,25.2,24.9,25.1,1598400.0
2026-08-21,25.25,26.6,25.15,26.3,6436700.0
2026-08-24,26.5,27.0,26.2,26.25,6291700.0
2026-08-25,26.1,26.6,26.1,26.25,5090000.0
2026-08-26,26.25,26.5,26.0,26.5,3561700.0
2026-08-27,26.6,26.9,26.15,26.5,2636000.0
2026-08-28,26.3,26.7,26.05,26.05,4649800.0
2026-09-03,26.05,26.5,25.85,26.05,3248700.0
2026-09-04,26.5,26.5,26.05,26.4,2635800.0
2026-09-07,26.5,27.05,26.4,26.4,7588800.0
2026-09-08,26.5,26.8,26.35,26.5,2570600.0
2026-09-09,26.6,26.7,26.2,26.35,2455500.0
2026-09-10,26.2,26.45,26.05,26.3,2621700.0
2026-09-11,26.1,26.2,25.0,25.5,5841200.0
2026-09-14,25.2,25.5,24.65,24.75,4303400.0
2026-09-15,24.8,25.3,24.75,25.15,2214900.0
2026-09-16,25.25,25.25,24.7,24.9,3072800.0
2026-09-17,24.7,25.9,24.2,25.3,3614500.0
2026-09-18,25.7,25.85,25.3,25.5,4465900.0
2026-09-21,25.8,25.8,24.95,25.0,2444800.0
2026-09-22,25.05,25.3,24.95,25.0,1461300.0
2026-09-23,25.2,25.5,25.0,25.5,3410600.0
2026-09-24,25.5,25.55,25.0,25.1,1945600.0
2026-09-25,25.05,25.2,24.8,24.9,1961200.0
2026-09-28,24.9,25.0,23.65,23.9,4862400.0
2026-09-29,23.8,24.5,23.55,24.45,3720900.0
2026-09-30,24.45,24.65,23.8,23.8,1415900.0
2026-10-01,23.9,24.1,23.5,23.55,2365600.0
2026-10-02,23.5,23.75,22.9,23.5,3307000.0
