,open,high,low,close,volume
2020-04-23,9.68391,12.069799999999999,9.68391,12.069799999999999,600.0
2020-04-24,11.64876,12.069799999999999,12.069799999999999,12.069799999999999,0.0
2020-04-27,11.64876,12.069799999999999,12.069799999999999,12.069799999999999,0.0
2020-04-28,10.034780000000001,10.034780000000001,10.034780000000001,10.034780000000001,100.0
2020-04-29,11.22772,11.50841,11.22772,11.50841,400.0
2020-05-04,11.36807,11.36807,11.36807,11.50841,100.0
2020-05-05,11.22772,11.22772,11.22772,11.22772,500.0
2020-05-06,11.78911,11.78911,11.78911,11.78911,200.0
2020-05-07,11.78911,11.78911,11.78911,11.78911,0.0
2020-05-08,11.22772,11.22772,11.22772,11.22772,110.0
2020-05-11,11.22772,11.22772,11.22772,11.22772,30.0
2020-05-12,9.68391,9.68391,9.68391,9.68391,147.0
2020-05-13,9.68391,9.68391,9.68391,9.68391,8.0
2020-05-14,9.68391,9.68391,9.68391,9.68391,0.0
2020-05-15,11.08737,11.08737,11.08737,11.08737,500.0
2020-05-18,12.63119,12.63119,12.63119,12.63119,100.0
2020-05-19,12.63119,12.63119,12.63119,12.63119,47.0
2020-05-20,12.63119,12.63119,12.63119,12.63119,0.0
2020-05-21,12.63119,12.63119,12.63119,12.63119,0.0
2020-05-22,12.63119,12.63119,12.63119,12.63119,10.0
2020-05-25,12.63119,12.63119,12.63119,12.63119,0.0
2020-05-26,12.63119,12.63119,12.63119,12.63119,0.0
2020-05-27,12.63119,12.63119,12.63119,12.63119,0.0
2020-05-28,12.63119,12.63119,12.63119,12.63119,0.0
2020-05-29,12.63119,12.63119,12.63119,12.63119,0.0
2020-06-01,12.63119,12.63119,12.63119,12.63119,0.0
2020-06-02,12.63119,12.63119,12.63119,12.63119,0.0
2020-06-03,11.22772,11.22772,10.876850000000001,10.876850000000001,200.0
2020-06-04,11.08737,11.08737,11.08737,10.876850000000001,47.0
2020-06-05,11.57859,11.57859,11.57859,11.57859,200.0
2020-06-08,11.57859,11.57859,11.57859,11.57859,600.0
2020-06-09,11.71893,11.71893,11.71893,11.71893,900.0
2020-06-10,11.71893,11.71893,11.71893,11.71893,207.0
2020-06-11,11.71893,11.71893,11.71893,11.71893,0.0
2020-06-12,11.71893,11.71893,11.71893,11.71893,0.0
2020-06-15,11.57859,11.57859,11.57859,11.57859,2000.0
2020-06-16,11.57859,11.57859,11.22772,11.22772,4018.0
2020-06-17,11.297889999999999,11.297889999999999,11.297889999999999,11.22772,40.0
2020-06-18,11.297889999999999,11.297889999999999,11.297889999999999,11.22772,37.0
2020-06-19,11.297889999999999,11.22772,11.22772,11.22772,0.0
2020-06-22,11.297889999999999,11.22772,11.22772,11.22772,0.0
2020-06-23,11.57859,11.57859,11.36807,11.36807,1700.0
2020-06-24,11.50841,11.50841,11.50841,11.50841,140.0
2020-06-25,11.57859,11.57859,11.57859,11.57859,300.0
2020-06-26,11.57859,11.57859,11.57859,11.57859,0.0
2020-06-29,11.57859,11.57859,11.57859,11.57859,0.0
2020-06-30,11.57859,11.57859,11.57859,11.57859,0.0
2020-07-01,11.57859,11.57859,11.57859,11.57859,300.0
2020-07-02,11.57859,11.57859,11.57859,11.57859,0.0
2020-07-03,11.57859,11.57859,11.57859,11.57859,0.0
2020-07-06,11.57859,11.57859,11.57859,11.57859,0.0
2020-07-07,11.57859,11.57859,11.57859,11.57859,0.0
2020-07-08,11.57859,11.57859,11.57859,11.57859,0.0
2020-07-09,11.57859,11.57859,11.57859,11.57859,0.0
2020-07-10,11.57859,11.57859,11.57859,11.57859,0.0
2020-07-13,11.57859,11.57859,11.57859,11.57859,0.0
2020-07-14,11.57859,11.57859,11.57859,11.57859,0.0
2020-07-15,11.57859,11.57859,11.57859,11.57859,0.0
2020-07-16,11.57859,11.57859,11.57859,11.57859,0.0
2020-07-17,10.52599,10.52599,10.52599,10.52599,100.0
2020-07-20,10.52599,10.52599,10.52599,10.52599,0.0
2020-07-21,11.929450000000001,11.929450000000001,11.929450000000001,11.929450000000001,100.0
2020-07-22,11.929450000000001,11.929450000000001,11.929450000000001,11.929450000000001,0.0
2020-07-23,11.929450000000001,11.929450000000001,11.929450000000001,11.929450000000001,0.0
2020-07-24,11.929450000000001,11.929450000000001,11.929450000000001,11.929450000000001,0.0
2020-07-27,11.929450000000001,11.929450000000001,11.929450000000001,11.929450000000001,0.0
2020-07-28,11.929450000000001,11.929450000000001,11.929450000000001,11.929450000000001,0.0
2020-07-29,11.929450000000001,11.929450000000001,11.929450000000001,11.929450000000001,0.0
2020-07-30,11.929450000000001,11.929450000000001,11.929450000000001,11.929450000000001,0.0
2020-07-31,11.929450000000001,11.929450000000001,11.929450000000001,11.929450000000001,0.0
2020-08-03,11.929450000000001,11.929450000000001,11.929450000000001,11.929450000000001,0.0
2020-08-04,11.929450000000001,11.929450000000001,11.929450000000001,11.929450000000001,0.0
2020-08-05,11.929450000000001,11.929450000000001,11.929450000000001,11.929450000000001,0.0
2020-08-06,11.929450000000001,11.929450000000001,11.929450000000001,11.929450000000001,0.0
2020-08-07,11.929450000000001,11.929450000000001,11.929450000000001,11.929450000000001,0.0
2020-08-10,11.929450000000001,11.929450000000001,11.929450000000001,11.929450000000001,0.0
2020-08-11,10.52599,10.52599,10.52599,10.52599,100.0
2020-08-12,11.36807,11.36807,11.36807,11.36807,100.0
2020-08-13,11.36807,11.36807,11.36807,11.36807,0.0
2020-08-14,11.36807,11.36807,11.36807,11.36807,0.0
2020-08-17,11.36807,11.36807,11.36807,11.36807,0.0
2020-08-18,11.36807,11.36807,11.36807,11.36807,0.0
2020-08-19,11.36807,11.36807,11.36807,11.36807,0.0
2020-08-20,11.36807,11.36807,11.36807,11.36807,0.0
2020-08-21,11.36807,11.36807,11.36807,11.36807,0.0
2020-08-24,11.36807,11.36807,11.36807,11.36807,0.0
2020-08-25,11.36807,11.36807,11.36807,11.36807,0.0
2020-08-26,11.36807,11.36807,11.36807,11.36807,1.0
2020-08-27,11.36807,11.36807,11.36807,11.36807,0.0
2020-08-28,11.71893,12.63119,11.71893,12.63119,5000.0
2020-08-31,12.069799999999999,12.069799999999999,12.069799999999999,12.63119,61.0
2020-09-01,12.069799999999999,12.069799999999999,12.069799999999999,12.63119,6.0
2020-09-03,12.069799999999999,12.63119,12.63119,12.63119,0.0
2020-09-04,13.68378,13.68378,13.68378,13.68378,135.0
2020-09-07,13.68378,13.68378,13.68378,13.68378,100.0
2020-09-08,13.68378,13.68378,13.68378,13.68378,0.0
2020-09-09,13.68378,13.68378,13.68378,13.68378,0.0
2020-09-10,13.68378,13.68378,13.68378,13.68378,0.0
2020-09-11,11.71893,11.71893,11.71893,11.71893,1000.0
2020-09-14,11.71893,11.71893,11.71893,11.71893,0.0
2020-09-15,11.71893,11.71893,11.71893,11.71893,0.0
2020-09-16,11.71893,11.71893,11.71893,11.71893,5.0
2020-09-17,11.71893,11.71893,11.71893,11.71893,0.0
2020-09-18,11.71893,11.71893,10.52599,10.52599,2300.0
2020-09-21,10.66633,10.66633,10.66633,10.66633,35.0
2020-09-22,9.47339,12.21015,9.47339,12.21015,1500.0
2020-09-23,11.22772,12.21015,12.21015,12.21015,0.0
2020-09-24,11.22772,12.21015,12.21015,12.21015,0.0
2020-09-25,11.22772,12.21015,12.21015,12.21015,0.0
2020-09-28,11.22772,11.22772,11.22772,11.22772,100.0
2020-09-29,11.22772,11.22772,11.22772,11.22772,0.0
2020-09-30,10.175120000000001,11.929450000000001,10.175120000000001,11.929450000000001,500.0
2020-10-01,11.57859,11.57859,11.57859,11.57859,100.0
2020-10-02,11.57859,11.57859,11.57859,11.57859,0.0
2020-10-05,11.57859,11.57859,11.57859,11.57859,0.0
2020-10-06,11.57859,11.57859,11.57859,11.57859,0.0
2020-10-07,11.57859,11.57859,11.57859,11.57859,0.0
2020-10-08,11.57859,11.57859,11.57859,11.57859,0.0
2020-10-09,11.57859,11.57859,11.57859,11.57859,0.0
2020-10-12,11.57859,11.57859,11.57859,11.57859,0.0
2020-10-13,11.57859,11.57859,11.57859,11.57859,0.0
2020-10-14,11.57859,11.57859,11.57859,11.57859,0.0
2020-10-15,11.57859,11.57859,11.57859,11.57859,0.0
2020-10-16,11.57859,11.57859,11.57859,11.57859,0.0
2020-10-19,11.57859,11.57859,11.57859,11.57859,0.0
2020-10-20,11.57859,11.57859,11.57859,11.57859,0.0
2020-10-21,11.57859,11.57859,11.57859,11.57859,0.0
2020-10-22,11.57859,11.57859,11.57859,11.57859,0.0
2020-10-23,11.57859,11.57859,11.57859,11.57859,0.0
2020-10-26,11.57859,11.57859,11.57859,11.57859,0.0
2020-10-27,11.57859,11.57859,11.57859,11.57859,0.0
2020-10-28,11.57859,11.57859,11.57859,11.57859,0.0
2020-10-29,11.57859,11.57859,11.57859,11.57859,0.0
2020-10-30,11.57859,11.57859,11.57859,11.57859,0.0
2020-11-02,10.52599,10.52599,10.52599,10.52599,300.0
2020-11-03,10.52599,10.52599,10.52599,10.52599,0.0
2020-11-04,10.52599,10.52599,10.52599,10.52599,0.0
2020-11-05,10.52599,10.52599,10.52599,10.52599,0.0
2020-11-06,10.52599,10.52599,10.52599,10.52599,0.0
2020-11-09,10.52599,10.52599,10.52599,10.52599,0.0
2020-11-10,10.52599,10.52599,10.52599,10.52599,0.0
2020-11-11,10.52599,10.52599,10.52599,10.52599,0.0
2020-11-12,10.52599,10.52599,10.52599,10.52599,0.0
2020-11-13,10.52599,10.52599,10.52599,10.52599,0.0
2020-11-16,10.52599,10.52599,10.52599,10.52599,0.0
2020-11-17,10.52599,10.52599,10.52599,10.52599,0.0
2020-11-18,10.52599,10.52599,10.52599,10.52599,0.0
2020-11-19,10.52599,10.52599,10.52599,10.52599,0.0
2020-11-20,10.52599,10.52599,10.52599,10.52599,0.0
2020-11-23,10.52599,10.52599,10.52599,10.52599,0.0
2020-11-24,9.82426,9.82426,9.82426,9.82426,100.0
2020-11-25,11.22772,11.297889999999999,11.22772,11.297889999999999,1300.0
2020-11-26,11.297889999999999,11.297889999999999,11.297889999999999,11.297889999999999,0.0
2020-11-27,11.297889999999999,11.297889999999999,11.297889999999999,11.297889999999999,0.0
2020-11-30,11.297889999999999,11.297889999999999,11.297889999999999,11.297889999999999,0.0
2020-12-01,11.297889999999999,11.297889999999999,11.297889999999999,11.297889999999999,0.0
2020-12-02,11.297889999999999,11.297889999999999,11.297889999999999,11.297889999999999,0.0
2020-12-03,11.297889999999999,11.297889999999999,11.297889999999999,11.297889999999999,0.0
2020-12-04,11.297889999999999,11.297889999999999,11.297889999999999,11.297889999999999,0.0
2020-12-07,11.297889999999999,11.297889999999999,11.297889999999999,11.297889999999999,0.0
2020-12-08,11.297889999999999,11.297889999999999,11.297889999999999,11.297889999999999,0.0
2020-12-09,11.297889999999999,11.297889999999999,11.297889999999999,11.297889999999999,0.0
2020-12-10,11.297889999999999,11.297889999999999,11.297889999999999,11.297889999999999,0.0
2020-12-11,11.297889999999999,11.297889999999999,11.297889999999999,11.297889999999999,0.0
2020-12-14,11.297889999999999,11.297889999999999,11.297889999999999,11.297889999999999,0.0
2020-12-15,11.297889999999999,11.297889999999999,11.297889999999999,11.297889999999999,0.0
2020-12-16,11.929450000000001,11.929450000000001,11.929450000000001,11.929450000000001,300.0
2020-12-17,11.929450000000001,11.929450000000001,11.929450000000001,11.929450000000001,0.0
2020-12-18,12.28032,12.28032,12.28032,12.28032,900.0
2020-12-21,12.28032,12.28032,12.28032,12.28032,200.0
2020-12-22,12.28032,12.28032,12.28032,12.28032,0.0
2020-12-23,12.28032,12.28032,12.28032,12.28032,100.0
2020-12-24,12.28032,12.28032,12.28032,12.28032,0.0
2020-12-25,12.28032,12.28032,12.28032,12.28032,200.0
2020-12-28,12.28032,12.28032,12.28032,12.28032,0.0
2020-12-29,12.28032,12.28032,12.28032,12.28032,0.0
2020-12-30,10.52599,10.52599,10.52599,10.52599,1000.0
2020-12-31,11.929450000000001,12.069799999999999,11.929450000000001,11.929450000000001,2800.0
2021-01-04,12.98205,13.68378,12.98205,13.68378,1302.0
2021-01-05,14.736379999999999,15.01708,13.68378,14.736379999999999,1800.0
2021-01-06,16.13985,16.70123,16.13985,16.70123,7800.0
2021-01-07,16.63106,16.63106,16.63106,16.63106,0.0
2021-01-08,16.63106,16.63106,14.175,14.175,400.0
2021-01-11,13.613610000000001,14.03465,13.613610000000001,13.824129999999998,2700.0
2021-01-12,14.736379999999999,14.736379999999999,14.736379999999999,14.736379999999999,500.0
2021-01-13,14.736379999999999,14.736379999999999,14.736379999999999,14.736379999999999,160.0
2021-01-14,12.56101,12.56101,12.56101,12.56101,200.0
2021-01-15,13.33292,13.33292,13.33292,13.33292,100.0
2021-01-18,13.33292,13.33292,13.33292,13.33292,0.0
2021-01-19,13.33292,13.33292,13.33292,13.33292,0.0
2021-01-20,13.33292,13.33292,13.33292,13.33292,0.0
2021-01-21,14.03465,14.03465,14.03465,14.03465,200.0
2021-01-22,14.03465,14.03465,14.03465,14.03465,3.0
2021-01-25,12.63119,12.63119,12.63119,12.63119,100.0
2021-01-26,11.929450000000001,11.929450000000001,11.929450000000001,11.929450000000001,100.0
2021-01-27,11.929450000000001,11.929450000000001,11.929450000000001,11.929450000000001,500.0
2021-01-28,11.929450000000001,11.929450000000001,11.929450000000001,11.929450000000001,200.0
2021-01-29,11.929450000000001,11.929450000000001,11.929450000000001,11.929450000000001,100.0
2021-02-01,11.929450000000001,11.929450000000001,11.929450000000001,11.929450000000001,0.0
2021-02-02,11.929450000000001,11.929450000000001,11.929450000000001,11.929450000000001,0.0
2021-02-03,13.68378,13.68378,13.68378,13.68378,100.0
2021-02-04,13.68378,13.68378,13.68378,13.68378,0.0
2021-02-05,13.68378,13.68378,13.68378,13.68378,0.0
2021-02-08,12.28032,12.28032,12.28032,12.28032,100.0
2021-02-09,13.68378,13.68378,13.68378,13.68378,200.0
2021-02-17,13.68378,13.68378,13.68378,13.68378,0.0
2021-02-18,13.68378,13.68378,13.68378,13.68378,0.0
2021-02-19,13.68378,13.68378,13.68378,13.68378,400.0
2021-02-22,14.03465,14.03465,13.68378,13.68378,500.0
2021-02-23,13.824129999999998,14.10482,13.824129999999998,14.10482,1100.0
2021-02-24,13.8943,13.8943,13.8943,13.8943,800.0
2021-02-25,13.8943,13.8943,13.8943,13.8943,0.0
2021-02-26,13.8943,13.8943,13.8943,13.8943,0.0
2021-03-01,14.03465,14.03465,13.33292,13.33292,1700.0
2021-03-02,13.47326,13.47326,13.47326,13.47326,600.0
2021-03-03,13.47326,13.47326,13.47326,13.47326,0.0
2021-03-04,12.28032,12.28032,11.57859,11.929450000000001,947.0
2021-03-05,11.99963,11.929450000000001,11.929450000000001,11.929450000000001,0.0
2021-03-08,11.99963,11.99963,11.99963,11.99963,800.0
2021-03-09,11.99963,11.99963,11.99963,11.99963,600.0
2021-03-10,11.99963,11.99963,11.99963,11.99963,1020.0
2021-03-11,11.99963,11.99963,11.99963,11.99963,0.0
2021-03-12,11.99963,11.99963,11.99963,11.99963,0.0
2021-03-15,12.91188,12.91188,11.99963,11.99963,2200.0
2021-03-16,12.841709999999999,12.841709999999999,12.841709999999999,12.841709999999999,200.0
2021-03-17,12.63119,12.63119,12.63119,12.63119,107.0
2021-03-18,12.63119,12.63119,12.63119,12.63119,0.0
2021-03-19,12.63119,12.63119,12.63119,12.63119,0.0
2021-03-22,12.63119,12.63119,12.63119,12.63119,0.0
2021-03-23,11.929450000000001,11.929450000000001,11.929450000000001,11.929450000000001,100.0
2021-03-24,12.63119,13.68378,12.63119,13.68378,1300.0
2021-03-25,15.08725,15.29777,15.08725,15.29777,1400.0
2021-03-26,14.736379999999999,17.47314,14.736379999999999,16.49071,1400.0
2021-03-29,15.438120000000001,15.438120000000001,15.438120000000001,15.438120000000001,500.0
2021-03-30,15.438120000000001,15.438120000000001,15.438120000000001,15.438120000000001,500.0
2021-03-31,15.438120000000001,15.438120000000001,15.438120000000001,15.438120000000001,0.0
2021-04-01,15.438120000000001,15.438120000000001,15.438120000000001,15.438120000000001,0.0
2021-04-02,15.08725,15.438120000000001,15.08725,15.438120000000001,300.0
2021-04-05,15.2276,15.438120000000001,15.438120000000001,15.438120000000001,0.0
2021-04-06,12.98205,12.98205,12.98205,12.98205,100.0
2021-04-07,12.98205,12.98205,12.63119,12.63119,1000.0
2021-04-08,12.91188,12.63119,12.63119,12.63119,0.0
2021-04-09,12.91188,12.63119,12.63119,12.63119,0.0
2021-04-12,13.122399999999999,13.122399999999999,13.05223,13.05223,300.0
2021-04-13,13.68378,14.9469,13.68378,14.03465,2400.0
2021-04-14,14.03465,14.45569,14.03465,14.45569,1000.0
2021-04-15,14.03465,14.03465,13.75396,13.75396,1300.0
2021-04-16,13.824129999999998,13.824129999999998,13.824129999999998,13.75396,7.0
2021-04-19,13.824129999999998,13.75396,13.75396,13.75396,0.0
2021-04-20,13.33292,13.33292,13.33292,13.33292,1000.0
2021-04-22,13.33292,13.33292,13.33292,13.33292,700.0
2021-04-23,13.68378,13.68378,13.68378,13.68378,420.0
2021-04-26,12.63119,12.98205,11.929450000000001,12.98205,1451.0
2021-04-27,12.069799999999999,12.63119,12.069799999999999,12.63119,300.0
2021-04-28,12.63119,12.98205,12.63119,12.98205,900.0
2021-04-29,12.841709999999999,12.98205,12.98205,12.98205,0.0
2021-05-04,12.42067,12.42067,12.42067,12.42067,100.0
2021-05-05,12.49084,12.63119,12.49084,12.49084,1500.0
2021-05-06,12.63119,13.33292,12.63119,13.33292,1100.0
2021-05-07,13.33292,14.03465,13.33292,14.03465,3200.0
2021-05-10,13.33292,14.03465,13.33292,14.03465,200.0
2021-05-11,14.03465,14.03465,14.03465,14.03465,100.0
2021-05-12,14.03465,14.03465,14.03465,14.03465,100.0
2021-05-13,14.03465,14.03465,14.03465,14.03465,0.0
2021-05-14,14.03465,14.03465,14.03465,14.03465,1000.0
2021-05-17,14.03465,14.03465,14.03465,14.03465,1207.0
2021-05-18,14.03465,14.03465,14.03465,14.03465,2900.0
2021-05-19,14.03465,14.03465,14.03465,14.03465,0.0
2021-05-20,14.03465,14.03465,14.03465,14.03465,0.0
2021-05-21,14.03465,14.03465,14.03465,14.03465,64.0
2021-05-24,11.929450000000001,11.929450000000001,11.929450000000001,11.929450000000001,200.0
2021-05-25,12.63119,12.63119,12.28032,12.28032,1500.0
2021-05-26,12.28032,12.28032,12.28032,12.28032,100.0
2021-05-27,12.28032,12.28032,12.28032,12.28032,0.0
2021-05-28,14.03465,14.03465,14.03465,14.03465,1000.0
2021-05-31,15.788979999999999,15.788979999999999,15.788979999999999,15.788979999999999,1200.0
2021-06-01,13.54344,13.54344,13.54344,13.54344,19400.0
2021-06-02,12.21015,12.21015,11.78911,12.21015,44100.0
2021-06-03,11.929450000000001,11.929450000000001,11.929450000000001,11.929450000000001,54700.0
2021-06-04,11.929450000000001,11.929450000000001,11.50841,11.929450000000001,12300.0
2021-06-07,11.57859,11.57859,10.175120000000001,10.175120000000001,174964.0
2021-06-08,10.876850000000001,11.929450000000001,10.73651,10.73651,41800.0
2021-06-09,10.52599,11.0172,10.52599,11.0172,8100.0
2021-06-10,10.94703,11.929450000000001,10.52599,11.43824,44100.0
2021-06-11,11.50841,11.64876,11.08737,11.57859,17601.0
2021-06-14,11.43824,11.64876,11.43824,11.57859,11800.0
2021-06-15,11.64876,11.64876,11.22772,11.43824,22200.0
2021-06-16,11.57859,12.63119,11.50841,11.50841,167910.0
2021-06-17,12.13997,12.42067,11.929450000000001,12.35049,27622.0
2021-06-18,12.63119,12.98205,11.78911,12.56101,245700.0
2021-06-21,12.63119,12.63119,12.28032,12.56101,48205.0
2021-06-22,12.42067,13.05223,11.929450000000001,12.13997,1160110.0
2021-06-23,12.069799999999999,12.35049,11.85928,11.85928,1354900.0
2021-06-24,11.85928,11.85928,11.50841,11.71893,953500.0
2021-06-25,11.71893,12.63119,11.57859,12.13997,1927700.0
2021-06-28,12.13997,12.77153,11.71893,12.63119,4719009.0
2021-06-29,12.63119,13.75396,12.63119,13.122399999999999,2238010.0
2021-06-30,13.19257,13.33292,12.28032,12.77153,1322400.0
2021-07-01,12.98205,14.175,12.841709999999999,13.96448,3808900.0
2021-07-02,14.03465,15.2276,13.8943,15.01708,3718846.0
2021-07-05,15.15742,15.15742,13.33292,14.80656,3616200.0
2021-07-06,14.80656,14.80656,13.75396,13.75396,3002930.0
2021-07-07,13.05223,13.824129999999998,13.05223,13.47326,1958966.0
2021-07-08,13.54344,13.96448,13.33292,13.47326,1681480.0
2021-07-09,13.47326,13.75396,13.05223,13.19257,1477900.0
2021-07-12,13.262739999999999,13.33292,11.43824,12.35049,3341530.0
2021-07-13,12.13997,12.63119,12.13997,12.42067,1402333.0
2021-07-14,12.42067,12.63119,12.069799999999999,12.35049,965646.0
2021-07-15,12.42067,12.56101,12.13997,12.42067,774550.0
2021-07-16,12.63119,13.33292,12.42067,13.122399999999999,2487407.0
2021-07-19,12.701360000000001,12.98205,11.99963,12.35049,1950225.0
2021-07-20,12.28032,12.56101,12.28032,12.42067,1254600.0
2021-07-21,12.35049,12.49084,12.21015,12.28032,1755300.0
2021-07-22,12.35049,12.63119,12.28032,12.56101,1759413.0
2021-07-23,12.63119,12.63119,12.28032,12.35049,1046943.0
2021-07-26,12.35049,12.35049,11.85928,12.069799999999999,2006323.0
2021-07-27,12.21015,12.28032,12.069799999999999,12.21015,805210.0
2021-07-28,12.21015,12.28032,12.069799999999999,12.21015,618900.0
2021-07-29,12.21015,12.91188,12.21015,12.49084,2618680.0
2021-07-30,12.56101,12.63119,12.28032,12.35049,1121942.0
2021-08-02,12.63119,12.77153,12.35049,12.49084,2904870.0
2021-08-03,12.49084,12.49084,12.28032,12.42067,1560880.0
2021-08-04,12.42067,12.49084,12.28032,12.35049,1372760.0
2021-08-05,12.35049,12.35049,12.21015,12.28032,1327900.0
2021-08-06,12.28032,13.613610000000001,12.21015,13.19257,8592475.0
2021-08-09,13.262739999999999,13.824129999999998,13.122399999999999,13.68378,3946273.0
2021-08-10,13.68378,13.824129999999998,13.47326,13.47326,2643450.0
2021-08-11,13.47326,13.47326,13.05223,13.19257,3841835.0
2021-08-12,13.19257,13.824129999999998,13.05223,13.75396,6770440.0
2021-08-13,13.75396,14.175,13.47326,13.824129999999998,4449424.0
2021-08-16,13.8943,14.9469,13.824129999999998,14.66621,10567985.0
2021-08-17,14.736379999999999,14.87673,14.10482,14.24517,6929755.0
2021-08-18,14.24517,14.52586,14.03465,14.175,4949685.0
2021-08-19,14.24517,15.29777,13.824129999999998,14.87673,14647913.0
2021-08-20,14.87673,15.2276,14.52586,14.736379999999999,9603107.0
2021-08-23,14.87673,15.08725,14.59604,14.66621,5591317.0
2021-08-24,14.66621,14.736379999999999,13.613610000000001,13.68378,8941894.0
2021-08-25,13.8943,13.8943,13.19257,13.54344,5084578.0
2021-08-26,13.54344,14.24517,13.47326,14.03465,3037934.0
2021-08-27,14.24517,14.87673,13.824129999999998,14.59604,6731437.0
2021-08-30,14.59604,15.788979999999999,14.59604,15.50829,14401494.0
2021-08-31,15.57846,15.788979999999999,15.15742,15.29777,12854218.0
2021-09-01,15.29777,15.71881,15.08725,15.648639999999999,9509873.0
2021-09-06,15.50829,16.13985,15.29777,15.36794,13781369.0
2021-09-07,15.438120000000001,15.438120000000001,14.59604,14.736379999999999,9702788.0
2021-09-08,14.736379999999999,15.08725,14.45569,14.59604,5950877.0
2021-09-09,14.59604,15.15742,14.45569,14.87673,4591310.0
2021-09-10,14.87673,15.01708,14.736379999999999,14.87673,3771344.0
2021-09-13,15.08725,15.15742,14.31534,14.45569,7045690.0
2021-09-14,14.52586,15.08725,14.24517,14.45569,5961719.0
2021-09-15,14.59604,14.87673,14.31534,14.59604,5848214.0
2021-09-16,14.736379999999999,14.736379999999999,14.52586,14.66621,3721536.0
2021-09-17,14.66621,15.08725,14.52586,14.9469,10070467.0
2021-09-20,14.9469,15.438120000000001,14.736379999999999,14.9469,9706864.0
2021-09-21,15.08725,15.08725,14.38552,14.87673,5434299.0
2021-09-22,14.87673,15.2276,14.66621,15.15742,7684065.0
2021-09-23,15.2276,15.438120000000001,14.736379999999999,14.87673,5380371.0
2021-09-24,15.01708,15.08725,14.59604,14.736379999999999,5101873.0
2021-09-27,14.80656,14.80656,13.824129999999998,13.8943,8987836.0
2021-09-28,13.8943,14.03465,13.54344,13.96448,3791710.0
2021-09-29,13.96448,14.52586,13.824129999999998,14.38552,3750956.0
2021-09-30,14.31534,14.38552,14.10482,14.31534,1923971.0
2021-10-01,14.24517,14.38552,13.8943,14.03465,3048962.0
2021-10-04,14.03465,14.03465,13.68378,13.824129999999998,3827098.0
2021-10-05,13.824129999999998,14.03465,13.75396,13.96448,2279288.0
2021-10-06,13.8943,14.59604,13.8943,14.45569,5142978.0
2021-10-07,14.45569,14.66621,14.31534,14.52586,3147929.0
2021-10-08,14.59604,14.59604,14.175,14.31534,2819923.0
2021-10-11,14.45569,14.45569,13.8943,14.10482,5110248.0
2021-10-12,14.10482,14.31534,13.8943,14.31534,4078880.0
2021-10-13,14.31534,14.9469,14.31534,14.38552,4966206.0
2021-10-14,14.45569,14.52586,14.175,14.24517,3148394.0
2021-10-15,14.24517,14.31534,14.03465,14.175,3332301.0
2021-10-18,14.10482,14.175,13.824129999999998,13.96448,4708338.0
2021-10-19,13.8943,13.8943,13.68378,13.824129999999998,3051061.0
2021-10-20,13.824129999999998,14.10482,13.68378,13.96448,2967217.0
2021-10-21,13.96448,14.03465,13.75396,13.8943,2210085.0
2021-10-22,13.8943,14.24517,13.75396,14.10482,4492325.0
2021-10-25,14.10482,14.24517,13.824129999999998,13.824129999999998,4012744.0
2021-10-26,13.8943,13.96448,13.75396,13.8943,2528050.0
2021-10-27,13.8943,14.31534,13.75396,14.175,7706790.0
2021-10-28,14.175,15.01708,14.175,14.80656,16095630.0
2021-10-29,14.80656,15.08725,14.45569,14.66621,7072577.0
2021-11-01,14.66621,15.71881,14.66621,15.36794,16701446.0
2021-11-02,15.29777,15.648639999999999,15.15742,15.29777,7822756.0
2021-11-03,15.29777,15.438120000000001,14.45569,14.52586,13530056.0
2021-11-04,14.52586,14.87673,14.175,14.52586,7283648.0
2021-11-05,14.45569,14.66621,14.31534,14.45569,6472306.0
2021-11-08,14.45569,15.08725,14.45569,15.01708,8749611.0
2021-11-09,14.9469,16.28019,14.9469,16.06967,26821502.0
2021-11-10,15.9995,16.91175,15.9995,16.56089,10416716.0
2021-11-11,16.77141,16.77141,15.9995,16.21002,10489302.0
2021-11-12,16.28019,16.77141,15.85916,16.56089,13793840.0
2021-11-15,16.420540000000003,17.47314,16.35037,17.12227,12605888.0
2021-11-16,17.19245,17.19245,16.06967,16.56089,8598438.0
2021-11-17,16.56089,16.70123,15.9995,16.21002,15264484.0
2021-11-18,16.21002,17.19245,16.21002,16.63106,11967807.0
2021-11-19,16.84158,17.26262,15.788979999999999,16.13985,14599771.0
2021-11-22,16.56089,16.56089,15.08725,15.36794,13339479.0
2021-11-23,15.57846,16.13985,15.08725,16.06967,6644525.0
2021-11-24,15.85916,16.35037,15.57846,15.85916,6734469.0
2021-11-25,15.9995,16.13985,15.71881,15.92933,10893706.0
2021-11-26,15.92933,16.84158,15.50829,16.49071,12582220.0
2021-11-29,16.28019,17.19245,16.06967,17.0521,13682516.0
2021-11-30,17.19245,18.31522,17.19245,17.89418,20347121.0
2021-12-01,18.17487,18.31522,17.54331,17.96435,12015183.0
2021-12-02,17.89418,18.80643,17.68366,18.31522,13559343.0
2021-12-03,18.31522,18.525740000000003,17.26262,17.33279,13961635.0
2021-12-06,17.33279,17.75383,16.13985,16.77141,13604216.0
2021-12-07,16.77141,17.75383,16.70123,17.613490000000002,11055839.0
2021-12-08,17.54331,17.89418,16.84158,17.40297,5973805.0
2021-12-09,17.47314,18.03453,16.84158,17.89418,9343589.0
2021-12-10,17.68366,18.525740000000003,17.68366,18.455569999999998,13478194.0
2021-12-13,18.455569999999998,19.01695,18.38539,18.59591,9008661.0
2021-12-14,18.80643,19.22747,18.1047,18.59591,13682521.0
2021-12-15,18.59591,18.80643,18.03453,18.17487,8646279.0
2021-12-16,18.17487,18.80643,18.03453,18.66609,8389607.0
2021-12-17,18.455569999999998,18.736259999999998,18.1047,18.31522,8052811.0
2021-12-20,18.24505,18.24505,17.75383,17.89418,8025416.0
2021-12-21,17.89418,18.455569999999998,17.33279,18.03453,8103430.0
2021-12-22,17.89418,18.17487,17.824009999999998,17.96435,7583028.0
2021-12-23,18.03453,18.80643,17.75383,18.525740000000003,12068916.0
2021-12-24,18.525740000000003,18.94678,18.1047,18.38539,4550699.0
2021-12-27,18.38539,19.648509999999998,18.38539,19.01695,17240791.0
2021-12-28,19.50816,19.50816,18.736259999999998,18.80643,11697904.0
2021-12-29,18.80643,18.94678,18.455569999999998,18.736259999999998,6424134.0
2021-12-30,18.80643,19.297639999999998,18.66609,18.94678,7910124.0
2021-12-31,19.01695,19.1573,18.59591,18.87661,6392239.0
2022-01-04,18.66609,19.50816,18.66609,19.437990000000003,13925205.0
2022-01-05,19.437990000000003,20.06955,19.22747,19.71868,17945119.0
2022-01-06,19.78886,20.06955,19.57834,19.648509999999998,13250932.0
2022-01-20,18.24505,19.613419999999998,18.1047,19.473080000000003,14086000.0
2022-01-21,19.82394,19.82394,18.66609,18.80643,8743500.0
2022-01-24,18.59591,18.66609,17.50823,17.50823,8196400.0
2022-01-25,16.35037,17.54331,16.31528,16.84158,12476400.0
2022-01-26,17.43805,17.43805,15.92933,16.77141,7548300.0
2022-01-27,16.80649,16.80649,15.9995,16.28019,3784400.0
2022-01-28,16.13985,16.28019,15.15742,15.85916,7255900.0
2022-02-07,16.21002,16.56089,16.06967,16.49071,3818100.0
2022-02-08,16.70123,16.70123,15.9995,16.56089,2940800.0
2022-02-09,16.49071,17.0521,16.06967,16.876669999999997,4663700.0
2022-02-10,16.981930000000002,17.29771,16.77141,17.12227,3391600.0
2022-02-11,17.19245,17.227529999999998,16.84158,17.08719,2470800.0
2022-02-14,16.70123,16.94684,16.49071,16.56089,3715500.0
2022-02-15,16.49071,16.70123,16.35037,16.63106,2218100.0
2022-02-16,16.77141,17.26262,16.666150000000002,17.0521,3182600.0
2022-02-17,17.0521,17.29771,17.01701,17.12227,3167100.0
2022-02-18,16.84158,17.75383,16.84158,17.75383,5065200.0
2022-02-21,17.75383,18.17487,17.43805,17.68366,4833200.0
2022-02-22,17.36788,17.54331,16.80649,17.08719,5578100.0
2022-02-23,17.08719,17.33279,16.94684,17.08719,3339300.0
2022-02-24,17.0521,17.0521,15.89424,16.31528,8959200.0
2022-02-25,16.56089,16.73632,16.385450000000002,16.49071,3022500.0
2022-02-28,16.5258,16.56089,16.21002,16.24511,4152900.0
2022-03-01,16.24511,16.63106,16.21002,16.49071,3354300.0
2022-03-02,16.45563,16.45563,16.10476,16.21002,4930800.0
2022-03-03,16.35037,16.420540000000003,16.06967,16.420540000000003,3883800.0
2022-03-04,16.70123,16.981930000000002,16.63106,16.77141,4651900.0
2022-03-07,16.70123,16.91175,16.49071,16.59597,4282700.0
2022-03-08,16.420540000000003,16.77141,16.31528,16.31528,4645600.0
2022-03-09,16.31528,16.63106,16.10476,16.24511,4084600.0
2022-03-10,16.49071,16.59597,16.24511,16.28019,2485300.0
2022-03-11,16.28019,16.77141,16.17493,16.35037,4551500.0
2022-03-14,16.35037,16.70123,16.24511,16.45563,4417500.0
2022-03-15,16.63106,17.50823,16.45563,17.29771,9828500.0
2022-03-16,17.578400000000002,17.578400000000002,16.91175,17.19245,4062900.0
2022-03-17,17.19245,17.47314,16.84158,16.981930000000002,3571100.0
2022-03-18,17.0521,17.227529999999998,16.73632,16.84158,4565000.0
2022-03-21,16.94684,17.26262,16.84158,17.19245,4626100.0
2022-03-22,17.40297,17.89418,17.12227,17.227529999999998,7459900.0
2022-03-23,17.227529999999998,17.29771,16.981930000000002,17.01701,3588600.0
2022-03-24,16.876669999999997,17.43805,16.876669999999997,17.12227,3010300.0
2022-03-25,17.15736,17.26262,16.981930000000002,16.981930000000002,3296300.0
2022-03-28,16.84158,16.84158,16.28019,16.5258,5821800.0
2022-03-29,16.59597,16.70123,16.5258,16.666150000000002,3791200.0
2022-03-30,16.666150000000002,17.33279,16.56089,16.70123,4840700.0
2022-03-31,16.91175,17.0521,16.59597,16.77141,2567500.0
2022-04-01,16.73632,16.876669999999997,16.59597,16.84158,2501900.0
2022-04-04,17.15736,17.26262,16.876669999999997,17.19245,4201500.0
2022-04-05,17.29771,17.68366,17.0521,17.47314,7574500.0
2022-04-06,17.36788,17.824009999999998,17.26262,17.36788,7486700.0
2022-04-07,17.54331,17.68366,17.33279,17.36788,3982400.0
2022-04-08,17.33279,17.54331,16.91175,16.91175,4055400.0
2022-04-12,17.0521,17.12227,16.28019,16.28019,4413600.0
2022-04-13,16.35037,16.70123,15.9995,16.59597,3363300.0
2022-04-14,16.80649,16.80649,16.385450000000002,16.385450000000002,1642900.0
2022-04-15,16.35037,16.49071,16.13985,16.13985,2437800.0
2022-04-18,16.13985,16.21002,15.01708,15.01708,6622200.0
2022-04-19,15.12234,15.29777,13.999559999999999,13.999559999999999,4980800.0
2022-04-20,13.999559999999999,14.13991,13.05223,13.05223,4801600.0
2022-04-21,12.35049,13.05223,12.13997,12.35049,4286300.0
2022-04-22,12.77153,13.05223,12.35049,12.946969999999999,2942500.0
2022-04-25,13.19257,13.368,12.13997,12.13997,3664300.0
2022-04-26,12.13997,12.63119,11.71893,12.5961,2794700.0
2022-04-27,12.56101,13.01714,12.45575,12.876790000000002,1741700.0
2022-04-28,12.91188,13.22766,12.876790000000002,12.91188,1214100.0
2022-04-29,12.876790000000002,13.087309999999999,12.736450000000001,12.98205,1570700.0
2022-05-04,13.05223,13.648700000000002,12.98205,13.438180000000001,1981300.0
2022-05-05,13.613610000000001,13.68378,12.80662,13.15748,1287200.0
2022-05-06,12.77153,12.946969999999999,12.52593,12.52593,1895900.0
2022-05-09,12.28032,12.42067,11.68385,11.68385,3125200.0
2022-05-10,10.94703,11.61367,10.911940000000001,11.61367,3081700.0
2022-05-11,11.78911,11.78911,11.43824,11.75402,1012000.0
2022-05-12,11.71893,11.71893,10.94703,10.94703,1725200.0
2022-05-13,10.45581,10.94703,10.21021,10.21021,2708000.0
2022-05-16,10.45581,10.59616,9.61374,9.61374,1795600.0
2022-05-17,9.648819999999999,10.28038,9.40322,10.28038,1900800.0
2022-05-18,10.52599,10.84177,10.385639999999999,10.45581,1672200.0
2022-05-19,10.175120000000001,10.52599,10.034780000000001,10.385639999999999,1146500.0
2022-05-20,10.385639999999999,10.80668,10.385639999999999,10.52599,1613300.0
2022-05-23,10.73651,10.98211,10.24529,10.45581,1491300.0
2022-05-24,10.385639999999999,10.52599,10.175120000000001,10.52599,905300.0
2022-05-25,10.63125,11.26281,10.52599,11.26281,2538700.0
2022-05-26,11.43824,11.5435,11.22772,11.297889999999999,1943400.0
2022-05-27,11.33298,11.57859,11.26281,11.36807,1482000.0
2022-05-30,11.40315,11.50841,11.33298,11.40315,990100.0
2022-05-31,11.33298,11.78911,11.26281,11.43824,1651200.0
2022-06-01,11.47333,11.75402,11.33298,11.47333,1232900.0
2022-06-02,11.5435,11.64876,11.22772,11.33298,1654900.0
2022-06-03,11.297889999999999,11.36807,10.911940000000001,11.052290000000001,1828900.0
2022-06-06,11.052290000000001,11.157549999999999,10.84177,10.84177,1421500.0
2022-06-07,10.59616,10.84177,10.31547,10.59616,1669900.0
2022-06-08,10.66633,11.19263,10.66633,11.0172,1263400.0
2022-06-09,11.122459999999998,11.26281,10.98211,11.052290000000001,803300.0
2022-06-10,10.876850000000001,11.297889999999999,10.80668,10.80668,1427500.0
2022-06-13,10.21021,10.52599,10.06986,10.06986,2494100.0
2022-06-14,9.75408,10.175120000000001,9.57865,9.719,1578200.0
2022-06-15,9.68391,9.82426,9.05235,9.08744,2385600.0
2022-06-16,9.227780000000001,9.47339,9.1927,9.1927,1180300.0
2022-06-17,8.77166,9.05235,8.56114,8.56114,2739000.0
2022-06-20,8.70148,8.70148,7.96466,7.96466,1995100.0
2022-06-21,7.719060000000001,8.03484,7.50854,7.54362,1465300.0
2022-06-22,7.8594,8.06992,7.57871,8.06992,1877000.0
2022-06-23,8.06992,8.350620000000001,8.06992,8.210270000000001,725200.0
2022-06-24,8.210270000000001,8.596219999999999,8.210270000000001,8.28044,998800.0
2022-06-27,8.49096,8.52605,8.1401,8.49096,1115700.0
2022-06-28,8.42079,8.77166,8.42079,8.70148,1364300.0
2022-06-29,8.63131,8.73657,8.52605,8.596219999999999,988900.0
2022-06-30,8.56114,8.596219999999999,8.175180000000001,8.175180000000001,1050000.0
2022-07-01,8.1401,8.24536,7.78923,8.1401,955000.0
2022-07-04,8.3857,8.49096,8.28044,8.3857,870600.0
2022-07-05,8.42079,8.42079,8.06992,8.10501,721100.0
2022-07-06,8.03484,8.06992,7.78923,7.78923,1148600.0
2022-07-07,8.06992,8.06992,7.824319999999999,7.99975,586500.0
2022-07-08,8.10501,8.42079,8.06992,8.42079,1136800.0
2022-07-11,8.49096,8.70148,8.3857,8.49096,1610000.0
2022-07-12,8.56114,8.98218,8.49096,8.98218,1756000.0
2022-07-13,8.98218,9.57865,8.912,9.57865,3315400.0
2022-07-14,9.57865,10.10495,9.40322,9.648819999999999,2630600.0
2022-07-15,9.61374,9.75408,9.4383,9.4383,2077500.0
2022-07-18,9.47339,10.06986,9.47339,10.06986,3784600.0
2022-07-19,10.10495,10.10495,9.75408,9.89443,1834500.0
2022-07-20,10.034780000000001,10.24529,9.89443,9.89443,1714300.0
2022-07-21,9.89443,10.034780000000001,9.68391,9.719,1662900.0
2022-07-22,9.82426,10.14004,9.719,9.9646,2054700.0
2022-07-25,9.9646,10.21021,9.75408,10.10495,2001200.0
2022-07-26,10.034780000000001,10.63125,10.034780000000001,10.31547,2811700.0
2022-07-27,10.21021,10.385639999999999,10.10495,10.385639999999999,1270200.0
2022-07-28,10.59616,10.80668,10.385639999999999,10.420729999999999,3205600.0
2022-07-29,10.420729999999999,10.45581,10.24529,10.24529,2161300.0
2022-08-01,10.24529,10.63125,10.24529,10.385639999999999,2002800.0
2022-08-02,10.59616,10.70142,10.420729999999999,10.52599,2402400.0
2022-08-03,10.4909,10.70142,10.385639999999999,10.66633,2141000.0
2022-08-04,10.84177,11.0172,10.63125,10.80668,2113400.0
2022-08-05,10.80668,10.80668,10.4909,10.80668,1974400.0
2022-08-08,10.80668,11.052290000000001,10.70142,10.911940000000001,2651200.0
2022-08-09,10.94703,11.052290000000001,10.84177,10.94703,1672400.0
2022-08-10,10.876850000000001,11.157549999999999,10.73651,10.98211,2302100.0
2022-08-11,11.157549999999999,11.157549999999999,10.561069999999999,10.70142,2379700.0
2022-08-12,10.66633,10.84177,10.561069999999999,10.80668,1390000.0
2022-08-15,10.84177,10.98211,10.84177,10.876850000000001,1859400.0
2022-08-16,10.876850000000001,11.122459999999998,10.84177,11.052290000000001,2160600.0
2022-08-17,11.157549999999999,11.26281,10.876850000000001,10.94703,2073700.0
2022-08-18,10.876850000000001,10.94703,10.66633,10.80668,1693000.0
2022-08-19,10.80668,10.80668,10.420729999999999,10.52599,2334100.0
2022-08-22,10.4909,10.4909,10.06986,10.10495,2630300.0
2022-08-23,9.89443,10.77159,9.89443,10.77159,2130800.0
2022-08-24,10.84177,10.84177,10.63125,10.63125,1414800.0
2022-08-25,10.66633,10.80668,10.59616,10.66633,1391600.0
2022-08-26,10.66633,10.73651,10.385639999999999,10.420729999999999,1715900.0
2022-08-29,10.175120000000001,10.4909,9.9646,10.420729999999999,2419100.0
2022-08-30,10.63125,10.63125,10.35055,10.385639999999999,1342700.0
2022-08-31,10.28038,10.52599,10.28038,10.4909,964400.0
2022-09-05,10.52599,10.63125,10.4909,10.63125,1224300.0
2022-09-06,10.63125,10.98211,10.63125,10.77159,3278600.0
2022-09-07,10.77159,10.84177,10.385639999999999,10.385639999999999,1866300.0
2022-09-08,10.52599,10.52599,10.10495,10.10495,1656200.0
2022-09-09,10.175120000000001,10.420729999999999,9.89443,10.31547,1290300.0
2022-09-12,10.385639999999999,10.52599,10.24529,10.24529,560418.0
2022-09-13,10.24529,10.385639999999999,10.14004,10.385639999999999,782438.0
2022-09-14,10.034780000000001,10.73651,10.034780000000001,10.420729999999999,2930503.0
2022-09-15,10.59616,10.66633,10.385639999999999,10.420729999999999,1094398.0
2022-09-16,10.28038,10.66633,10.21021,10.4909,2738780.0
2022-09-19,10.52599,11.0172,10.52599,11.0172,8794008.0
2022-09-20,11.157549999999999,11.157549999999999,10.66633,10.98211,2980977.0
2022-09-21,10.77159,11.71893,10.77159,11.50841,8363933.0
2022-09-22,11.40315,11.71893,11.26281,11.68385,5738847.0
2022-09-23,11.71893,12.069799999999999,11.22772,11.36807,5984181.0
2022-09-26,11.122459999999998,11.57859,10.98211,11.57859,6739170.0
2022-09-27,11.64876,11.78911,11.40315,11.40315,2543079.0
2022-09-28,11.157549999999999,11.297889999999999,10.63125,10.63125,6478316.0
2022-09-29,10.59616,10.66633,9.89443,9.89443,6494489.0
2022-09-30,9.57865,9.82426,9.227780000000001,9.54356,3863673.0
2022-10-03,9.57865,9.61374,8.87692,8.87692,3055207.0
2022-10-04,9.12252,9.12252,8.49096,8.52605,2163517.0
2022-10-05,8.77166,9.12252,8.596219999999999,8.98218,1669541.0
2022-10-06,8.94709,9.08744,8.3857,8.3857,2452435.0
2022-10-07,8.06992,8.1401,7.824319999999999,7.824319999999999,3207632.0
2022-10-10,7.50854,8.210270000000001,7.50854,8.06992,2178224.0
2022-10-11,8.1401,8.1401,7.50854,7.50854,2158515.0
2022-10-12,7.29802,7.824319999999999,7.29802,7.438359999999999,1816753.0
2022-10-13,7.50854,7.78923,7.50854,7.68397,1428314.0
2022-10-14,7.894489999999999,7.99975,7.68397,7.68397,2640591.0
2022-10-17,7.68397,7.8594,7.54362,7.824319999999999,2459207.0
2022-10-18,7.99975,8.1401,7.78923,7.78923,5447477.0
2022-10-19,8.12105,8.19488,8.01031,8.12105,2372382.0
2022-10-20,8.01031,8.15796,7.9364799999999995,8.01031,1030243.0
2022-10-21,8.01031,8.04722,7.456600000000001,7.456600000000001,3379518.0
2022-10-24,7.53043,7.53043,6.9398100000000005,6.9398100000000005,3925534.0
2022-10-25,6.87336,7.227729999999999,6.48946,6.9398100000000005,2596649.0
2022-10-26,6.97672,7.16129,6.79953,6.8659799999999995,854903.0
2022-10-27,6.87336,7.34586,6.8659799999999995,7.34586,1429793.0
2022-10-28,7.382770000000001,7.60426,7.23512,7.29418,1352271.0
2022-10-31,7.29418,7.37539,6.90289,7.1982,1115364.0
2022-11-01,7.30894,7.382770000000001,7.16129,7.16867,1362585.0
2022-11-02,7.16129,7.2868,7.13176,7.15391,899158.0
2022-11-03,7.16129,7.64117,7.10223,7.53043,1990759.0
2022-11-04,7.382770000000001,7.60426,7.16129,7.16867,1878281.0
2022-11-07,7.1908199999999995,7.227729999999999,6.67403,6.67403,2168693.0
2022-11-08,6.4230100000000006,6.659260000000001,6.386100000000001,6.6002,1200452.0
2022-11-09,6.6445,6.84383,6.57067,6.6002,807200.0
2022-11-10,6.45254,6.6445,6.14247,6.14247,2231365.0
2022-11-11,6.157229999999999,6.27536,5.714270000000001,5.714270000000001,2872212.0
2022-11-14,5.38942,5.42634,5.315600000000001,5.315600000000001,1316590.0
2022-11-15,4.94646,5.23439,4.94646,4.94646,740321.0
2022-11-16,4.6068500000000006,5.28607,4.6068500000000006,5.28607,7234079.0
2022-11-17,5.57399,5.61091,5.3525100000000005,5.45587,1374561.0
2022-11-18,5.38942,5.83239,5.09411,5.82501,3995489.0
2022-11-21,5.90622,6.157229999999999,5.90622,6.1277,2045429.0
2022-11-22,6.1277,6.4230100000000006,5.83239,5.920979999999999,3697062.0
2022-11-23,5.90622,5.98005,5.54446,5.54446,1703034.0
2022-11-24,5.50017,5.647819999999999,5.30821,5.57399,1553433.0
2022-11-25,5.73641,5.95051,5.69212,5.95051,1515300.0
2022-11-28,6.1277,6.36395,6.1277,6.36395,3582620.0
2022-11-29,6.57067,6.6445,6.1277,6.54114,3218767.0
2022-11-30,6.57067,6.6445,6.27536,6.57805,3074491.0
2022-12-01,6.7921499999999995,6.99887,6.4230100000000006,6.57805,4308205.0
2022-12-02,6.44516,6.82906,6.3491800000000005,6.7773900000000005,3449922.0
2022-12-05,7.01363,7.17605,6.79953,6.99887,4163082.0
2022-12-06,6.99149,6.99149,6.511609999999999,6.511609999999999,4648191.0
2022-12-07,6.23844,6.50422,6.11294,6.16462,2783112.0
2022-12-08,6.3491800000000005,6.57067,6.2605900000000005,6.3491800000000005,2167397.0
2022-12-09,6.43039,6.7921499999999995,6.30489,6.7921499999999995,4605093.0
2022-12-12,7.08746,7.227729999999999,6.718319999999999,6.7921499999999995,4380500.0
2022-12-13,6.7921499999999995,6.90289,6.4230100000000006,6.7921499999999995,2482656.0
2022-12-14,7.01363,7.08008,6.8659799999999995,6.8659799999999995,2959687.0
2022-12-15,6.90289,7.08746,6.82906,6.880739999999999,1893001.0
2022-12-16,6.718319999999999,7.21297,6.718319999999999,7.13914,4199552.0
2022-12-19,7.30156,7.30156,6.9398100000000005,6.9398100000000005,3779025.0
2022-12-20,6.9398100000000005,6.94719,6.49684,6.68879,3581911.0
2022-12-21,6.7773900000000005,6.784770000000001,6.25321,6.49684,2435877.0
2022-12-22,6.57067,6.65188,6.4230100000000006,6.54114,1349221.0
2022-12-23,6.555899999999999,6.68141,6.43039,6.49684,1096928.0
2022-12-26,6.60758,6.71094,6.19415,6.19415,2608059.0
2022-12-27,6.20153,6.4230100000000006,6.16462,6.4230100000000006,1280240.0
2022-12-28,6.45993,6.49684,6.3713299999999995,6.40086,957596.0
2022-12-29,6.40086,6.68141,6.40086,6.60758,2316050.0
2022-12-30,6.718319999999999,7.01363,6.63711,6.9545699999999995,3564576.0
2023-01-03,7.30894,7.419689999999999,7.2425,7.419689999999999,2703603.0
2023-01-04,7.9364799999999995,7.9364799999999995,7.60426,7.75191,11193253.0
2023-01-05,7.97339,8.01031,7.60426,7.82574,5047275.0
2023-01-06,7.89957,8.04722,7.53043,7.56734,3699172.0
2023-01-09,7.75191,7.78883,7.53043,7.53043,2719711.0
2023-01-10,7.53043,8.04722,7.493510000000001,8.04722,7352881.0
2023-01-11,8.19488,8.268709999999999,7.97339,7.97339,6452884.0
2023-01-12,7.97339,8.268709999999999,7.8626499999999995,8.12105,4168129.0
2023-01-13,8.34253,8.34253,8.04722,8.08414,4736498.0
2023-01-16,8.08414,8.63784,8.08414,8.63784,6672166.0
2023-01-17,8.89624,9.22847,8.7855,9.22847,5551061.0
2023-01-18,9.449950000000001,9.67143,9.22847,9.33921,8378962.0
2023-01-19,9.302290000000001,9.52378,9.117719999999998,9.302290000000001,6825100.0
2023-01-27,9.63452,9.929829999999999,9.449950000000001,9.856,9753253.0
2023-01-30,9.89292,10.298969999999999,9.48686,9.67143,10452625.0
2023-01-31,9.63452,10.07748,9.52378,10.040569999999999,7924993.0
2023-02-01,10.151309999999999,10.188229999999999,9.33921,9.33921,9461379.0
2023-02-02,9.33921,9.449950000000001,8.82241,9.00698,8032978.0
2023-02-03,9.19155,9.63452,9.08081,9.63452,9564999.0
2023-02-06,9.63452,9.819090000000001,9.37612,9.560690000000001,5248563.0
2023-02-07,9.560690000000001,9.67143,8.89624,8.89624,9578764.0
2023-02-08,8.93315,9.449950000000001,8.63784,9.19155,7238071.0
2023-02-09,9.33921,9.560690000000001,9.19155,9.33921,5539831.0
2023-02-10,9.08081,9.33921,9.00698,9.043899999999999,4718866.0
2023-02-13,8.7855,9.00698,8.49019,8.674760000000001,7131264.0
2023-02-14,8.85933,9.043899999999999,8.74859,8.89624,3522431.0
2023-02-15,8.93315,9.48686,8.89624,9.48686,12602619.0
2023-02-16,9.5976,9.78217,9.48686,9.708350000000001,5849822.0
2023-02-17,9.74526,10.07748,9.48686,9.856,11464105.0
2023-02-20,9.89292,10.1144,9.856,10.040569999999999,8237512.0
2023-02-21,10.22514,10.705020000000001,9.89292,10.040569999999999,14755316.0
2023-02-22,9.89292,10.594280000000001,9.67143,9.856,12433902.0
2023-02-23,9.89292,10.00366,9.22847,9.96674,12091785.0
2023-02-24,9.96674,10.040569999999999,9.560690000000001,9.560690000000001,3986702.0
2023-02-27,9.37612,9.5976,9.154639999999999,9.265379999999999,6422154.0
2023-02-28,9.449950000000001,9.52378,9.00698,9.00698,4713942.0
2023-03-01,9.00698,9.63452,8.82241,9.63452,6688585.0
2023-03-02,9.74526,9.96674,9.5976,9.5976,5705203.0
2023-03-03,9.74526,9.929829999999999,9.52378,9.63452,7637687.0
2023-03-06,9.819090000000001,10.040569999999999,9.5976,9.63452,4494757.0
2023-03-07,9.67143,9.856,9.560690000000001,9.819090000000001,5032900.0
2023-03-08,9.67143,10.262049999999999,9.67143,10.262049999999999,12650359.0
2023-03-09,10.262049999999999,10.3728,10.040569999999999,10.1144,6165882.0
2023-03-10,10.040569999999999,10.1144,9.819090000000001,9.819090000000001,7880405.0
2023-03-13,9.67143,9.819090000000001,9.5976,9.78217,6942134.0
2023-03-14,9.74526,9.89292,9.33921,9.48686,7911671.0
2023-03-15,9.819090000000001,9.929829999999999,9.67143,9.929829999999999,5653117.0
2023-03-16,9.819090000000001,9.819090000000001,9.63452,9.63452,4041559.0
2023-03-17,9.819090000000001,9.819090000000001,9.5976,9.5976,3388791.0
2023-03-20,9.560690000000001,9.89292,9.449950000000001,9.48686,5741456.0
2023-03-21,9.63452,9.74526,9.41304,9.63452,3783388.0
2023-03-22,9.74526,9.929829999999999,9.5976,9.5976,4819576.0
2023-03-23,9.52378,9.67143,9.52378,9.67143,2473294.0
2023-03-24,9.819090000000001,9.89292,9.708350000000001,9.708350000000001,5872750.0
2023-03-27,9.856,9.929829999999999,9.708350000000001,9.856,5443600.0
2023-03-28,9.74526,10.33588,9.74526,10.00366,13762037.0
2023-03-29,10.00366,10.151309999999999,9.929829999999999,10.040569999999999,4897507.0
2023-03-30,10.188229999999999,10.298969999999999,9.856,9.856,7157435.0
2023-03-31,9.89292,9.929829999999999,9.74526,9.929829999999999,5546000.0
2023-04-03,10.07748,10.33588,9.929829999999999,10.33588,10292236.0
2023-04-04,10.446620000000001,10.705020000000001,10.262049999999999,10.262049999999999,12703479.0
2023-04-05,10.262049999999999,10.33588,10.00366,10.1144,10346933.0
2023-04-06,10.1144,10.446620000000001,9.96674,9.96674,14579847.0
2023-04-07,9.929829999999999,10.00366,9.856,9.856,6571648.0
2023-04-10,9.96674,10.00366,9.560690000000001,9.560690000000001,13796453.0
2023-04-11,9.52378,9.74526,9.52378,9.74526,5731559.0
2023-04-12,9.74526,9.89292,9.63452,9.708350000000001,5440158.0
2023-04-13,9.708350000000001,9.819090000000001,9.67143,9.67143,3195244.0
2023-04-14,9.74526,9.78217,9.449950000000001,9.449950000000001,5909965.0
2023-04-17,9.449950000000001,9.52378,9.41304,9.48686,2543390.0
2023-04-18,9.52378,9.819090000000001,9.48686,9.78217,4037090.0
2023-04-19,9.78217,9.78217,9.48686,9.52378,2764447.0
2023-04-20,9.48686,9.560690000000001,9.41304,9.48686,2152011.0
2023-04-21,9.5976,9.5976,9.22847,9.33921,3817866.0
2023-04-24,9.37612,9.560690000000001,9.33921,9.449950000000001,2881112.0
2023-04-25,9.449950000000001,9.52378,9.302290000000001,9.33921,2214100.0
2023-04-26,9.37612,9.41304,9.22847,9.41304,2302466.0
2023-04-27,9.449950000000001,9.5976,9.33921,9.52378,3692091.0
2023-04-28,9.560690000000001,9.5976,9.449950000000001,9.48686,2790376.0
2023-05-04,9.449950000000001,9.74526,9.41304,9.67143,7033271.0
2023-05-05,9.708350000000001,9.78217,9.560690000000001,9.560690000000001,2454364.0
2023-05-08,9.63452,9.67143,9.52378,9.5976,4150694.0
2023-05-09,9.67143,9.856,9.63452,9.74526,7025759.0
2023-05-10,9.78217,9.96674,9.67143,9.89292,8673198.0
2023-05-11,9.96674,10.00366,9.819090000000001,9.89292,5972868.0
2023-05-12,9.89292,10.188229999999999,9.819090000000001,10.040569999999999,11823797.0
2023-05-15,10.188229999999999,10.22514,9.819090000000001,9.819090000000001,6154834.0
2023-05-16,9.856,10.1144,9.819090000000001,9.856,7332003.0
2023-05-17,9.89292,9.929829999999999,9.63452,9.67143,6026813.0
2023-05-18,9.708350000000001,9.78217,9.63452,9.67143,3885625.0
2023-05-19,9.67143,9.78217,9.5976,9.78217,4200139.0
2023-05-22,9.856,10.409709999999999,9.856,10.298969999999999,16426994.0
2023-05-23,10.33588,10.33588,10.1144,10.151309999999999,8309182.0
2023-05-24,10.262049999999999,10.483540000000001,10.1144,10.298969999999999,12824807.0
2023-05-25,10.262049999999999,10.74193,10.188229999999999,10.557360000000001,12678495.0
2023-05-26,10.705020000000001,10.88959,10.594280000000001,10.63119,11331338.0
2023-05-29,10.815760000000001,10.815760000000001,10.594280000000001,10.66811,8033957.0
2023-05-30,10.705020000000001,11.03724,10.594280000000001,11.00033,11623413.0
2023-05-31,11.00033,11.03724,10.77885,10.85268,7666405.0
2023-06-01,10.9265,10.9265,10.66811,10.815760000000001,6601574.0
2023-06-02,10.85268,11.00033,10.705020000000001,10.85268,9287890.0
2023-06-05,10.9265,10.96342,10.63119,10.66811,10250246.0
2023-06-06,10.66811,10.85268,10.557360000000001,10.815760000000001,9725119.0
2023-06-07,11.217139999999999,11.454120000000001,11.059149999999999,11.29613,10512753.0
2023-06-08,11.29613,11.375129999999999,10.86167,10.86167,10157075.0
2023-06-09,10.901159999999999,10.98016,10.66418,10.901159999999999,6369045.0
2023-06-12,10.901159999999999,11.217139999999999,10.78267,10.94066,6468419.0
2023-06-13,11.09865,11.09865,10.86167,10.901159999999999,4129071.0
2023-06-14,10.98016,11.01965,10.78267,10.78267,3907629.0
2023-06-15,10.74317,10.82217,10.70368,10.74317,5089202.0
2023-06-16,10.94066,11.059149999999999,10.82217,10.82217,10551867.0
2023-06-19,10.901159999999999,11.13814,10.82217,10.94066,11374360.0
2023-06-20,11.13814,11.6911,10.94066,11.6911,14713419.0
2023-06-21,11.7306,11.92808,11.612110000000001,11.80959,14728128.0
2023-06-22,11.92808,11.92808,11.6911,11.80959,11723123.0
2023-06-23,11.80959,12.04657,11.7306,11.770100000000001,7955839.0
2023-06-26,11.770100000000001,11.88859,11.29613,11.84909,10983973.0
2023-06-27,11.88859,12.24406,11.770100000000001,12.04657,12677537.0
2023-06-28,12.08607,12.165059999999999,11.88859,11.88859,5970052.0
2023-06-29,11.88859,12.362549999999999,11.770100000000001,11.96758,12479327.0
2023-06-30,11.96758,12.08607,11.92808,12.04657,4475744.0
2023-07-03,12.12557,12.560030000000001,12.08607,12.12557,8144550.0
2023-07-04,12.24406,12.24406,12.00708,12.204559999999999,5863024.0
2023-07-05,12.40205,12.48104,12.12557,12.12557,5974029.0
2023-07-06,12.12557,12.204559999999999,11.96758,12.12557,8057014.0
2023-07-07,12.12557,12.441540000000002,12.04657,12.362549999999999,7849365.0
2023-07-10,12.441540000000002,12.52054,12.28356,12.323049999999999,6702311.0
2023-07-11,12.52054,12.599530000000001,12.165059999999999,12.24406,6983931.0
2023-07-12,12.48104,12.87601,12.40205,12.560030000000001,10568655.0
2023-07-13,12.67853,12.718020000000001,12.48104,12.560030000000001,5860714.0
2023-07-14,12.52054,12.63903,12.40205,12.52054,8883452.0
2023-07-17,12.560030000000001,12.63903,12.40205,12.441540000000002,5937479.0
2023-07-18,12.441540000000002,12.599530000000001,12.28356,12.48104,8588194.0
2023-07-19,12.48104,12.52054,12.28356,12.28356,6061460.0
2023-07-20,12.28356,12.40205,12.204559999999999,12.362549999999999,5149186.0
2023-07-21,12.362549999999999,12.52054,12.362549999999999,12.52054,4982919.0
2023-07-24,12.560030000000001,13.11299,12.560030000000001,12.91551,14307994.0
2023-07-25,12.87601,12.91551,12.67853,12.757520000000001,8324413.0
2023-07-26,12.79702,12.83651,12.63903,12.67853,6766341.0
2023-07-27,12.67853,12.83651,12.441540000000002,12.560030000000001,9481101.0
2023-07-28,12.63903,12.79702,12.52054,12.599530000000001,7346958.0
2023-07-31,12.87601,12.955,12.63903,12.67853,5186867.0
2023-08-01,12.79702,12.955,12.560030000000001,12.67853,11287916.0
2023-08-02,12.67853,12.757520000000001,12.560030000000001,12.718020000000001,5709484.0
2023-08-03,12.79702,12.9945,12.599530000000001,12.67853,8069092.0
2023-08-04,12.67853,13.034,12.63903,12.91551,10236083.0
2023-08-07,13.034,13.31048,12.87601,12.9945,10410369.0
2023-08-08,12.9945,13.11299,12.79702,12.83651,5686462.0
2023-08-09,12.79702,12.83651,12.63903,12.67853,7134388.0
2023-08-10,12.67853,12.757520000000001,12.560030000000001,12.560030000000001,6595188.0
2023-08-11,12.560030000000001,12.63903,12.24406,12.40205,7721198.0
2023-08-14,12.48104,12.83651,12.441540000000002,12.718020000000001,6383055.0
2023-08-15,12.79702,12.955,12.67853,12.67853,5015044.0
2023-08-16,12.718020000000001,12.718020000000001,12.52054,12.560030000000001,6161214.0
2023-08-17,12.560030000000001,12.79702,12.441540000000002,12.48104,9700353.0
2023-08-18,12.441540000000002,12.52054,11.612110000000001,11.612110000000001,14282367.0
2023-08-21,11.770100000000001,11.84909,11.13814,11.335629999999998,6532192.0
2023-08-22,11.454120000000001,11.454120000000001,10.74317,11.375129999999999,6887852.0
2023-08-23,11.6516,11.6516,11.375129999999999,11.375129999999999,2837829.0
2023-08-24,11.49362,11.612110000000001,11.335629999999998,11.612110000000001,4486536.0
2023-08-25,11.612110000000001,11.92808,11.612110000000001,11.6911,3862758.0
2023-08-28,11.7306,11.770100000000001,11.612110000000001,11.6911,3250368.0
2023-08-29,11.7306,11.96758,11.7306,11.7306,4920915.0
2023-08-30,11.80959,11.88859,11.6911,11.80959,3268467.0
2023-08-31,11.88859,12.24406,11.88859,12.04657,6145451.0
2023-09-05,12.323049999999999,12.441540000000002,12.165059999999999,12.323049999999999,4889719.0
2023-09-06,12.323049999999999,12.323049999999999,12.12557,12.323049999999999,5863917.0
2023-09-07,12.48104,12.79702,12.48104,12.560030000000001,12562498.0
2023-09-08,12.52054,12.79702,12.48104,12.560030000000001,5246597.0
2023-09-11,12.718020000000001,12.79702,12.28356,12.323049999999999,9391018.0
2023-09-12,12.362549999999999,12.79702,12.24406,12.79702,9836037.0
2023-09-13,12.87601,13.66595,12.757520000000001,13.66595,36222052.0
2023-09-14,13.98193,14.17941,13.62645,13.94243,17850967.0
2023-09-15,13.98193,14.13991,13.58696,13.98193,16318954.0
2023-09-18,13.98193,14.13991,13.66595,14.13991,12515054.0
2023-09-19,14.21891,14.53488,13.70545,13.98193,16383384.0
2023-09-20,14.10042,14.21891,13.74494,14.21891,8024825.0
2023-09-21,14.2979,14.65337,13.90293,13.94243,12887219.0
2023-09-22,13.507959999999999,13.62645,12.9945,13.15249,16754791.0
2023-09-25,13.11299,13.54746,12.24406,12.24406,12359487.0
2023-09-26,12.24406,12.63903,11.92808,11.92808,10911192.0
2023-09-27,12.08607,12.560030000000001,11.770100000000001,12.560030000000001,6676652.0
2023-09-28,12.48104,12.67853,12.323049999999999,12.560030000000001,7095344.0
2023-09-29,12.79702,12.79702,12.40205,12.441540000000002,5769309.0
2023-10-02,12.599530000000001,13.19199,12.48104,13.034,6762427.0
2023-10-03,12.79702,13.27098,12.560030000000001,12.79702,15068998.0
2023-10-04,12.48104,13.31048,12.48104,13.0735,7661259.0
2023-10-05,13.19199,13.54746,13.034,13.034,10951267.0
2023-10-06,13.11299,13.27098,12.599530000000001,13.27098,11986107.0
2023-10-09,13.349969999999999,13.58696,13.23148,13.54746,10159829.0
2023-10-10,13.66595,13.74494,13.27098,13.27098,11179849.0
2023-10-11,13.27098,13.82394,13.23148,13.78444,10683844.0
2023-10-12,13.90293,13.98193,13.58696,13.863430000000001,11253661.0
2023-10-13,13.66595,13.82394,13.468459999999999,13.78444,8159867.0
2023-10-16,13.82394,13.82394,13.27098,13.27098,9376264.0
2023-10-17,13.42897,13.42897,12.40205,12.40205,12538711.0
2023-10-18,12.441540000000002,12.599530000000001,11.572610000000001,11.84909,14239708.0
2023-10-19,11.84909,11.92808,11.29613,11.454120000000001,8335133.0
2023-10-20,11.53311,11.84909,11.09865,11.84909,6789058.0
2023-10-23,11.84909,11.92808,11.414620000000001,11.6516,4691456.0
2023-10-24,11.612110000000001,12.12557,11.454120000000001,12.08607,6486725.0
2023-10-25,12.12557,12.204559999999999,11.84909,11.84909,4042335.0
2023-10-26,11.53311,11.612110000000001,11.01965,11.01965,11428806.0
2023-10-27,11.17764,11.25663,10.54569,11.059149999999999,4173650.0
2023-10-30,11.059149999999999,11.13814,10.30871,10.30871,3790558.0
2023-10-31,10.466700000000001,10.62468,9.87424,10.03223,6783108.0
2023-11-01,10.11122,10.66418,9.87424,10.66418,5776587.0
2023-11-02,10.901159999999999,11.375129999999999,10.78267,11.375129999999999,7016733.0
2023-11-03,11.53311,11.6516,11.29613,11.454120000000001,6646783.0
2023-11-06,11.612110000000001,11.6911,11.29613,11.454120000000001,4314261.0
2023-11-07,11.414620000000001,11.6911,11.17764,11.335629999999998,5608387.0
2023-11-08,11.375129999999999,12.12557,11.29613,12.12557,7996028.0
2023-11-09,12.165059999999999,12.40205,12.00708,12.08607,9051133.0
2023-11-10,11.88859,12.28356,11.88859,12.00708,7855502.0
2023-11-13,12.08607,12.28356,11.96758,12.165059999999999,7834822.0
2023-11-14,12.323049999999999,12.48104,12.12557,12.204559999999999,5277789.0
2023-11-15,12.52054,12.560030000000001,12.12557,12.12557,9815274.0
2023-11-16,12.12557,12.323049999999999,12.04657,12.323049999999999,3685054.0
2023-11-17,12.441540000000002,12.599530000000001,12.00708,12.04657,10327808.0
2023-11-20,11.80959,12.165059999999999,11.770100000000001,12.00708,6473812.0
2023-11-21,12.165059999999999,12.362549999999999,12.08607,12.204559999999999,4291895.0
2023-11-22,12.28356,12.560030000000001,12.24406,12.323049999999999,8953159.0
2023-11-23,12.48104,12.52054,11.53311,11.53311,10891571.0
2023-11-24,11.612110000000001,11.80959,11.13814,11.80959,9043657.0
2023-11-27,11.96758,12.04657,11.572610000000001,11.572610000000001,8996583.0
2023-11-28,11.93555,12.14642,11.72467,12.06207,6096565.0
2023-11-29,12.10425,12.23077,11.93555,12.14642,4475461.0
2023-11-30,12.14642,12.272950000000002,11.93555,11.93555,4362155.0
2023-12-01,11.97772,12.357299999999999,11.97772,12.357299999999999,5878881.0
2023-12-04,12.56817,13.158629999999999,12.56817,13.07428,11293389.0
2023-12-05,13.158629999999999,13.158629999999999,12.90558,12.90558,6419318.0
2023-12-06,13.11645,13.496030000000001,13.07428,13.32733,10071297.0
2023-12-07,13.32733,13.3695,12.90558,13.24298,11381616.0
2023-12-08,13.28515,13.3695,13.07428,13.2008,5692726.0
2023-12-11,13.24298,13.24298,12.94775,13.11645,4464064.0
2023-12-12,13.158629999999999,13.24298,12.989930000000001,13.0321,3938743.0
2023-12-13,13.11645,13.32733,12.736870000000001,12.90558,8075695.0
2023-12-14,13.158629999999999,13.158629999999999,12.694700000000001,12.694700000000001,5061322.0
2023-12-15,12.736870000000001,12.989930000000001,12.61035,12.736870000000001,4992207.0
2023-12-18,12.821219999999999,12.8634,12.56817,12.694700000000001,3638839.0
2023-12-19,12.65252,12.8634,12.56817,12.8634,3436607.0
2023-12-20,12.8634,12.989930000000001,12.821219999999999,12.8634,3119404.0
2023-12-21,12.736870000000001,12.989930000000001,12.694700000000001,12.94775,3863664.0
2023-12-22,12.989930000000001,13.0321,12.736870000000001,12.736870000000001,5203062.0
2023-12-25,12.821219999999999,12.90558,12.736870000000001,12.821219999999999,6103810.0
2023-12-26,12.8634,13.32733,12.8634,13.11645,12848042.0
2023-12-27,13.24298,13.24298,13.0321,13.0321,5741325.0
2023-12-28,13.07428,13.158629999999999,12.989930000000001,12.989930000000001,4509825.0
2023-12-29,12.989930000000001,13.158629999999999,12.989930000000001,13.0321,4726599.0
2024-01-02,13.24298,13.32733,12.989930000000001,13.158629999999999,9420075.0
2024-01-03,13.158629999999999,13.74908,13.11645,13.664729999999999,18831892.0
2024-01-04,13.74908,13.74908,13.3695,13.453850000000001,10796866.0
2024-01-05,13.538200000000002,13.664729999999999,13.453850000000001,13.58038,8852682.0
2024-01-08,13.7069,13.83343,13.58038,13.58038,8172677.0
2024-01-09,13.622549999999999,13.622549999999999,13.32733,13.41168,10459445.0
2024-01-10,13.496030000000001,13.496030000000001,13.158629999999999,13.158629999999999,8734726.0
2024-01-11,13.2008,13.32733,13.11645,13.24298,5869791.0
2024-01-12,13.07428,13.158629999999999,12.8634,12.989930000000001,9217006.0
2024-01-15,13.0321,13.11645,12.90558,12.90558,3502302.0
2024-01-16,12.821219999999999,13.07428,12.77905,13.07428,3770948.0
2024-01-17,13.11645,13.24298,12.989930000000001,12.989930000000001,4062005.0
2024-01-18,13.11645,13.2008,12.989930000000001,13.158629999999999,4168767.0
2024-01-19,13.2008,13.32733,13.07428,13.07428,3720102.0
2024-01-22,13.158629999999999,13.158629999999999,12.94775,13.07428,4026648.0
2024-01-23,13.158629999999999,13.453850000000001,13.158629999999999,13.24298,6310860.0
2024-01-24,13.24298,13.28515,13.11645,13.11645,2354195.0
2024-01-25,13.11645,13.158629999999999,13.0321,13.07428,2379765.0
2024-01-26,13.158629999999999,13.2008,13.0321,13.07428,2283352.0
2024-01-29,13.07428,13.158629999999999,12.989930000000001,12.989930000000001,2989356.0
2024-01-30,13.0321,13.2008,12.94775,13.2008,3669589.0
2024-01-31,13.2008,13.3695,12.989930000000001,12.989930000000001,5194691.0
2024-02-01,12.989930000000001,13.07428,12.94775,12.989930000000001,4419878.0
2024-02-02,13.07428,13.28515,12.989930000000001,12.989930000000001,4877513.0
2024-02-05,13.07428,13.158629999999999,12.94775,13.07428,4377863.0
2024-02-06,13.11645,13.11645,12.989930000000001,13.07428,3419357.0
2024-02-07,13.07428,13.158629999999999,12.989930000000001,13.11645,5223569.0
2024-02-15,13.2008,13.622549999999999,13.2008,13.496030000000001,14396624.0
2024-02-16,13.622549999999999,13.622549999999999,13.3695,13.41168,5053791.0
2024-02-19,13.453850000000001,13.496030000000001,13.24298,13.3695,6505541.0
2024-02-20,13.41168,13.453850000000001,13.24298,13.28515,7284935.0
2024-02-21,13.32733,13.32733,13.158629999999999,13.158629999999999,6226879.0
2024-02-22,13.158629999999999,13.3695,13.11645,13.158629999999999,5293931.0
2024-02-23,13.158629999999999,13.24298,12.821219999999999,12.821219999999999,10105388.0
2024-02-26,12.821219999999999,12.989930000000001,12.694700000000001,12.989930000000001,6234540.0
2024-02-27,13.0321,13.158629999999999,12.989930000000001,13.158629999999999,5626850.0
2024-02-28,13.2008,13.2008,12.989930000000001,13.07428,4458352.0
2024-02-29,13.11645,13.158629999999999,12.90558,12.94775,5304404.0
2024-03-01,12.989930000000001,13.28515,12.90558,13.24298,10187198.0
2024-03-04,13.32733,13.3695,13.158629999999999,13.2008,6690959.0
2024-03-05,13.28515,13.453850000000001,13.2008,13.24298,8423955.0
2024-03-06,13.24298,13.24298,12.94775,13.0321,5895047.0
2024-03-07,12.94775,13.07428,12.94775,13.0321,5548825.0
2024-03-08,13.158629999999999,13.158629999999999,12.77905,12.821219999999999,8252749.0
2024-03-11,12.821219999999999,13.0321,12.736870000000001,12.77905,4273388.0
2024-03-12,12.77905,12.821219999999999,12.694700000000001,12.736870000000001,3444891.0
2024-03-13,12.90558,12.90558,12.77905,12.90558,4821598.0
2024-03-14,12.90558,12.989930000000001,12.821219999999999,12.821219999999999,5155377.0
2024-03-15,12.821219999999999,13.0321,12.77905,12.821219999999999,5861075.0
2024-03-18,12.8634,12.989930000000001,12.399469999999999,12.694700000000001,9919901.0
2024-03-19,12.65252,12.90558,12.61035,12.694700000000001,12232394.0
2024-03-20,12.694700000000001,12.77905,12.61035,12.77905,6004436.0
2024-03-21,12.821219999999999,13.07428,12.736870000000001,13.07428,16997709.0
2024-03-22,13.2008,13.32733,13.0321,13.07428,14831065.0
2024-03-25,13.24298,13.41168,13.07428,13.11645,17488590.0
2024-03-26,13.158629999999999,13.158629999999999,12.989930000000001,13.11645,7330318.0
2024-03-27,13.2008,13.41168,13.158629999999999,13.24298,9742041.0
2024-03-28,13.32733,13.32733,13.07428,13.11645,5754389.0
2024-03-29,13.11645,13.158629999999999,12.94775,12.989930000000001,5857590.0
2024-04-01,13.0321,13.28515,12.94775,13.0321,8413090.0
2024-04-02,13.0321,13.11645,12.90558,13.11645,7141002.0
2024-04-03,13.158629999999999,13.664729999999999,13.158629999999999,13.24298,24838779.0
2024-04-04,13.2008,13.32733,13.0321,13.0321,7081073.0
2024-04-05,12.989930000000001,12.989930000000001,12.77905,12.77905,9189320.0
2024-04-08,12.821219999999999,12.8634,12.694700000000001,12.694700000000001,7845834.0
2024-04-09,12.736870000000001,12.821219999999999,12.65252,12.821219999999999,4477274.0
2024-04-10,12.8634,12.90558,12.694700000000001,12.694700000000001,4943608.0
2024-04-11,12.61035,12.736870000000001,12.56817,12.65252,7167087.0
2024-04-12,12.736870000000001,12.821219999999999,12.694700000000001,12.736870000000001,4953075.0
2024-04-15,12.736870000000001,12.77905,11.8512,11.8512,12543913.0
2024-04-16,11.6825,11.80902,11.13422,11.3451,12090638.0
2024-04-17,11.429450000000001,11.555969999999999,11.092049999999999,11.092049999999999,6373405.0
2024-04-19,10.96552,10.96552,10.41725,10.54377,9675295.0
2024-04-22,10.75465,10.79682,10.54377,10.71247,6021723.0
2024-04-23,10.75465,10.79682,10.24854,10.3329,5875745.0
2024-04-24,10.45942,10.79682,10.41725,10.75465,5376074.0
2024-04-25,10.79682,10.923350000000001,10.628120000000001,10.6703,3628297.0
2024-04-26,10.54377,10.71247,10.54377,10.6703,3035531.0
2024-05-02,10.839,11.04987,10.79682,10.881170000000001,5263630.0
2024-05-03,10.96552,11.04987,10.79682,10.79682,3914567.0
2024-05-06,10.839,11.13422,10.75465,11.13422,8171348.0
2024-05-07,11.21857,11.21857,11.007700000000002,11.04987,3436982.0
2024-05-08,10.96552,10.96552,10.79682,10.839,7684005.0
2024-05-09,10.923350000000001,11.092049999999999,10.79682,10.839,5926299.0
2024-05-10,10.881170000000001,10.96552,10.6703,10.79682,4567710.0
2024-05-13,10.839,10.881170000000001,10.6703,10.75465,3380909.0
2024-05-14,10.79682,10.881170000000001,10.71247,10.71247,5062541.0
2024-05-15,10.75465,10.923350000000001,10.6703,10.881170000000001,4837223.0
2024-05-16,10.96552,11.30292,10.96552,11.04987,8566220.0
2024-05-17,11.092049999999999,11.1764,11.007700000000002,11.092049999999999,4385988.0
2024-05-20,11.1764,11.387270000000001,11.13422,11.30292,7297273.0
2024-05-21,11.30292,11.30292,11.04987,11.1764,5787396.0
2024-05-22,11.30292,11.387270000000001,11.092049999999999,11.1764,5538658.0
2024-05-23,11.1764,11.387270000000001,11.13422,11.26075,5498239.0
2024-05-24,11.21857,11.26075,10.75465,10.96552,9036716.0
2024-05-27,10.923350000000001,11.007700000000002,10.839,10.881170000000001,2912325.0
2024-05-28,10.839,11.04987,10.839,11.007700000000002,3749338.0
2024-05-29,11.007700000000002,11.21857,10.923350000000001,11.04987,5451132.0
2024-05-30,10.923350000000001,11.30292,10.881170000000001,11.13422,7598946.0
2024-05-31,11.13422,11.21857,11.007700000000002,11.13422,2720695.0
2024-06-03,11.30292,11.30292,11.1764,11.26075,5688747.0
2024-06-04,11.3451,11.3451,11.13422,11.13422,4508928.0
2024-06-05,11.1764,11.3451,11.1764,11.26075,8303353.0
2024-06-06,11.3451,11.72467,11.30292,11.471620000000001,13600471.0
2024-06-07,11.59815,11.64032,11.387270000000001,11.429450000000001,4675428.0
2024-06-10,11.471620000000001,11.555969999999999,11.21857,11.26075,6526517.0
2024-06-11,11.30292,11.3451,11.092049999999999,11.13422,4836262.0
2024-06-12,11.13422,11.26075,11.13422,11.21857,3294345.0
2024-06-13,11.30292,11.30292,11.1764,11.1764,3691994.0
2024-06-14,11.21857,11.387270000000001,11.092049999999999,11.092049999999999,5152305.0
2024-06-17,11.092049999999999,11.13422,10.923350000000001,10.923350000000001,4373923.0
2024-06-18,11.007700000000002,11.04987,10.923350000000001,10.96552,2465431.0
2024-06-19,11.04987,11.04987,10.839,10.923350000000001,3017260.0
2024-06-20,10.881170000000001,10.96552,10.71247,10.75465,3971913.0
2024-06-21,10.75465,10.839,10.628120000000001,10.628120000000001,3336057.0
2024-06-24,10.71247,10.881170000000001,10.54377,10.58595,4581375.0
2024-06-25,10.628120000000001,10.71247,10.58595,10.6703,2084351.0
2024-06-26,10.628120000000001,10.75465,10.54377,10.54377,2647826.0
2024-06-27,10.5016,10.628120000000001,10.5016,10.58595,1719607.0
2024-06-28,10.628120000000001,10.628120000000001,10.290719999999999,10.290719999999999,3449313.0
2024-07-01,10.37507,10.41725,10.206370000000001,10.37507,1418894.0
2024-07-02,10.37507,10.54377,10.37507,10.41725,1365991.0
2024-07-03,10.5016,10.71247,10.41725,10.628120000000001,2236417.0
2024-07-04,10.628120000000001,10.71247,10.54377,10.58595,1712260.0
2024-07-05,10.58595,10.71247,10.5016,10.54377,2141871.0
2024-07-08,10.58595,10.71247,10.54377,10.628120000000001,2432858.0
2024-07-09,10.6703,10.71247,10.58595,10.71247,3229850.0
2024-07-10,10.79682,10.839,10.6703,10.71247,2732282.0
2024-07-11,10.79682,10.839,10.6703,10.6703,2791457.0
2024-07-12,10.71247,10.71247,10.54377,10.58595,2286491.0
2024-07-15,10.6703,10.6703,10.5016,10.5016,1478298.0
2024-07-16,10.58595,10.628120000000001,10.5016,10.5016,2348162.0
2024-07-17,10.54377,10.58595,10.122020000000001,10.37507,3002439.0
2024-07-18,10.41725,10.41725,10.206370000000001,10.37507,2396925.0
2024-07-19,10.53934,10.58363,10.31793,10.36221,2213135.0
2024-07-22,10.36221,10.36221,10.007950000000001,10.22936,2957642.0
2024-07-23,10.273639999999999,10.31793,9.963659999999999,10.007950000000001,1888069.0
2024-07-24,9.919379999999999,10.09651,9.74225,10.05223,2691909.0
2024-07-25,9.963659999999999,10.007950000000001,9.8751,9.919379999999999,1210170.0
2024-07-26,10.007950000000001,10.09651,9.963659999999999,10.05223,1376870.0
2024-07-29,10.09651,10.18508,10.007950000000001,10.007950000000001,1104957.0
2024-07-30,10.007950000000001,10.05223,9.8751,9.8751,1592516.0
2024-07-31,9.963659999999999,10.05223,9.919379999999999,9.963659999999999,1859679.0
2024-08-01,10.007950000000001,10.05223,9.47655,9.609399999999999,3158692.0
2024-08-02,9.52083,9.56512,9.21085,9.52083,4310401.0
2024-08-05,9.29942,9.43227,8.85659,8.85659,6720230.0
2024-08-06,8.900870000000001,9.078,8.68831,8.94516,2866675.0
2024-08-07,9.16657,9.16657,8.85659,8.900870000000001,2516760.0
2024-08-08,8.94516,9.52083,8.900870000000001,9.52083,9459614.0
2024-08-09,9.78653,9.78653,9.47655,9.65368,3075752.0
2024-08-12,9.65368,10.18508,9.609399999999999,10.05223,5961620.0
2024-08-13,10.09651,10.09651,9.83081,10.007950000000001,4371830.0
2024-08-14,10.09651,10.09651,9.83081,9.8751,2733108.0
2024-08-15,9.8751,10.40649,9.8751,10.22936,7261741.0
2024-08-16,10.31793,10.53934,10.273639999999999,10.495059999999999,6843583.0
2024-08-19,10.58363,10.71647,10.36221,10.36221,5249542.0
2024-08-20,10.40649,10.805040000000002,10.31793,10.67219,6435458.0
2024-08-21,10.62791,10.98217,10.62791,10.76076,5563997.0
2024-08-22,10.805040000000002,10.805040000000002,10.53934,10.58363,3410286.0
2024-08-23,10.495059999999999,10.67219,10.40649,10.62791,5030279.0
2024-08-26,10.805040000000002,10.84932,10.58363,10.58363,3463503.0
2024-08-27,10.53934,10.58363,10.40649,10.495059999999999,3551139.0
2024-08-28,10.53934,10.53934,10.273639999999999,10.40649,3748798.0
2024-08-29,10.40649,10.53934,10.36221,10.36221,2454031.0
2024-08-30,10.36221,10.53934,10.36221,10.40649,2766727.0
2024-09-04,10.31793,11.070739999999999,10.273639999999999,11.02645,12309969.0
2024-09-05,11.070739999999999,11.070739999999999,10.71647,10.76076,5076859.0
2024-09-06,10.67219,11.070739999999999,10.67219,10.89361,6409671.0
2024-09-09,10.805040000000002,10.98217,10.67219,10.71647,4635216.0
2024-09-10,10.805040000000002,10.805040000000002,10.45078,10.45078,5414145.0
2024-09-11,10.31793,10.53934,10.273639999999999,10.40649,4945081.0
2024-09-12,10.53934,10.53934,10.40649,10.40649,2493408.0
2024-09-13,10.40649,10.53934,10.36221,10.495059999999999,3056536.0
2024-09-16,10.45078,10.58363,10.273639999999999,10.273639999999999,3279765.0
2024-09-17,10.273639999999999,10.62791,10.22936,10.62791,4498973.0
2024-09-18,10.62791,10.67219,10.495059999999999,10.53934,3033130.0
2024-09-19,10.53934,10.89361,10.495059999999999,10.76076,5875669.0
2024-09-20,10.84932,10.84932,10.67219,10.67219,3664843.0
2024-09-23,10.62791,10.98217,10.62791,10.71647,6381746.0
2024-09-24,10.76076,10.84932,10.67219,10.76076,2815495.0
2024-09-25,10.76076,10.98217,10.76076,10.84932,7095607.0
2024-09-26,10.89361,11.070739999999999,10.71647,10.71647,7798344.0
2024-09-27,10.76076,10.89361,10.67219,10.71647,5043661.0
2024-09-30,10.71647,10.89361,10.67219,10.76076,5836560.0
2024-10-01,10.805040000000002,11.29215,10.805040000000002,11.070739999999999,12043317.0
2024-10-02,11.02645,11.02645,10.805040000000002,10.805040000000002,5095491.0
2024-10-03,10.89361,10.98217,10.53934,10.58363,9777514.0
2024-10-04,10.58363,10.67219,10.53934,10.53934,3600537.0
2024-10-07,10.58363,10.62791,10.45078,10.45078,3791821.0
2024-10-08,10.495059999999999,10.62791,10.45078,10.53934,2831945.0
2024-10-09,10.62791,10.805040000000002,10.58363,10.67219,4193608.0
2024-10-10,10.71647,10.805040000000002,10.58363,10.58363,2874576.0
2024-10-11,10.58363,10.76076,10.53934,10.62791,3777098.0
2024-10-14,10.76076,10.98217,10.67219,10.84932,7516130.0
2024-10-15,10.805040000000002,10.93789,10.62791,10.67219,4617145.0
2024-10-16,10.76076,10.76076,10.53934,10.58363,3032130.0
2024-10-17,10.58363,10.62791,10.40649,10.62791,4276296.0
2024-10-18,10.62791,10.71647,10.53934,10.53934,3278593.0
2024-10-21,10.53934,10.67219,10.45078,10.45078,2662421.0
2024-10-22,10.45078,10.53934,10.31793,10.36221,3437779.0
2024-10-23,10.273639999999999,10.58363,10.273639999999999,10.45078,2874133.0
2024-10-24,10.495059999999999,10.53934,10.31793,10.31793,2263785.0
2024-10-25,10.36221,10.36221,10.273639999999999,10.273639999999999,2319629.0
2024-10-28,10.31793,10.36221,10.273639999999999,10.31793,1471240.0
2024-10-29,10.36221,10.45078,10.31793,10.31793,1656146.0
2024-10-30,10.31793,10.58363,10.31793,10.45078,3018776.0
2024-10-31,10.495059999999999,10.495059999999999,10.36221,10.36221,1738888.0
2024-11-01,10.36221,10.40649,10.273639999999999,10.31793,2434529.0
2024-11-04,10.31793,10.31793,9.83081,9.8751,6922813.0
2024-11-05,9.919379999999999,10.007950000000001,9.8751,9.919379999999999,1585639.0
2024-11-06,9.963659999999999,10.140799999999999,9.919379999999999,10.140799999999999,1944866.0
2024-11-07,10.18508,10.22936,10.05223,10.09651,1991647.0
2024-11-08,10.09651,10.140799999999999,10.007950000000001,10.007950000000001,1817718.0
2024-11-11,9.963659999999999,10.09651,9.8751,10.05223,3328630.0
2024-11-12,10.09651,10.22936,10.05223,10.09651,2574209.0
2024-11-13,10.140799999999999,10.140799999999999,9.8751,10.007950000000001,2204912.0
2024-11-14,10.05223,10.05223,9.69797,9.74225,2920520.0
2024-11-15,9.74225,9.74225,9.47655,9.47655,3202325.0
2024-11-18,9.47655,9.56512,9.38799,9.52083,2363632.0
2024-11-19,9.52083,9.65368,9.3437,9.38799,1995190.0
2024-11-20,9.43227,9.74225,9.3437,9.56512,3492517.0
2024-11-21,9.56512,9.69797,9.56512,9.65368,1212432.0
2024-11-22,9.609399999999999,9.919379999999999,9.609399999999999,9.74225,4320369.0
2024-11-25,9.78653,9.83081,9.65368,9.74225,1487293.0
2024-11-26,9.74225,9.8751,9.74225,9.78653,1926001.0
2024-11-27,9.74225,9.83081,9.65368,9.69797,1727196.0
2024-11-28,9.74225,9.83081,9.65368,9.69797,1365889.0
2024-11-29,9.78653,9.78653,9.65368,9.69797,1283912.0
2024-12-02,9.74225,10.22936,9.74225,10.05223,7104196.0
2024-12-03,10.09651,10.09651,10.007950000000001,10.05223,1898312.0
2024-12-04,10.09651,10.140799999999999,9.83081,9.83081,2612786.0
2024-12-05,9.83081,10.05223,9.69797,10.05223,3848187.0
2024-12-06,10.140799999999999,10.18508,9.963659999999999,10.007950000000001,3142846.0
2024-12-09,10.05223,10.140799999999999,10.007950000000001,10.05223,2497473.0
2024-12-10,10.05223,10.140799999999999,10.05223,10.05223,2064511.0
2024-12-11,10.05223,10.18508,9.963659999999999,10.007950000000001,2112892.0
2024-12-12,10.09651,10.09651,10.007950000000001,10.007950000000001,1418927.0
2024-12-13,10.007950000000001,10.007950000000001,9.83081,9.83081,2483875.0
2024-12-16,9.83081,9.919379999999999,9.74225,9.83081,1633312.0
2024-12-17,9.83081,9.8751,9.69797,9.74225,2078557.0
2024-12-18,9.74225,9.83081,9.69797,9.78653,1886838.0
2024-12-19,9.69797,9.74225,9.609399999999999,9.65368,2743771.0
2024-12-20,9.69797,9.74225,9.609399999999999,9.65368,1227111.0
2024-12-23,9.83081,9.8751,9.74225,9.74225,2190795.0
2024-12-24,9.78653,9.78653,9.609399999999999,9.69797,1548033.0
2024-12-25,9.69797,10.36221,9.69797,10.36221,14083034.0
2024-12-26,10.36221,10.58363,10.273639999999999,10.31793,4007319.0
2024-12-27,10.36221,10.53934,10.18508,10.45078,5378576.0
2024-12-30,10.495059999999999,10.71647,10.45078,10.45078,5644230.0
2024-12-31,10.45078,10.495059999999999,10.273639999999999,10.31793,2289811.0
2025-01-02,10.31793,10.40649,10.31793,10.36221,1965258.0
2025-01-03,10.40649,10.495059999999999,10.140799999999999,10.140799999999999,4426524.0
2025-01-06,10.18508,10.53934,10.18508,10.273639999999999,5620535.0
2025-01-07,10.22936,10.45078,10.007950000000001,10.09651,4273956.0
2025-01-08,10.05223,10.273639999999999,10.05223,10.22936,2294854.0
2025-01-09,10.18508,10.31793,10.05223,10.09651,2456076.0
2025-01-10,10.140799999999999,10.45078,10.09651,10.22936,7368815.0
2025-01-13,10.22936,10.62791,10.140799999999999,10.45078,7305439.0
2025-01-14,10.53934,10.62791,10.36221,10.45078,4805130.0
2025-01-15,10.40649,11.1593,10.36221,11.070739999999999,22436195.0
2025-01-16,11.115020000000001,11.20359,10.93789,11.1593,8559330.0
2025-01-17,11.115020000000001,11.29215,11.02645,11.1593,9510513.0
2025-01-20,11.20359,11.24787,10.93789,10.98217,6231319.0
2025-01-21,11.02645,11.115020000000001,10.805040000000002,10.98217,10375174.0
2025-01-22,10.93789,11.02645,10.805040000000002,10.89361,8135234.0
2025-01-23,10.89361,11.070739999999999,10.84932,10.98217,8460068.0
2025-01-24,10.98217,11.02645,10.84932,10.84932,5678270.0
2025-02-03,10.84932,11.1593,10.84932,11.070739999999999,7816338.0
2025-02-04,11.115020000000001,11.469280000000001,11.115020000000001,11.29215,14504859.0
2025-02-05,11.38072,11.38072,11.20359,11.24787,6602762.0
2025-02-06,11.24787,11.33644,11.115020000000001,11.24787,6408378.0
2025-02-07,11.24787,11.51357,11.115020000000001,11.115020000000001,12316540.0
2025-02-10,11.1593,11.29215,11.02645,11.115020000000001,6740026.0
2025-02-11,11.1593,11.425,11.115020000000001,11.24787,6668845.0
2025-02-12,11.24787,11.690700000000001,11.24787,11.51357,16852797.0
2025-02-13,11.51357,11.51357,11.38072,11.51357,5739986.0
2025-02-14,11.55785,11.602129999999999,11.33644,11.425,10742758.0
2025-02-17,11.425,11.64642,11.33644,11.33644,9055995.0
2025-02-18,11.469280000000001,11.51357,11.33644,11.33644,7478802.0
2025-02-19,11.38072,11.602129999999999,11.38072,11.51357,11313346.0
2025-02-20,11.602129999999999,11.602129999999999,11.33644,11.38072,7348817.0
2025-02-21,11.38072,11.73498,11.29215,11.469280000000001,11991698.0
2025-02-24,11.51357,11.51357,11.33644,11.425,5585191.0
2025-02-25,11.469280000000001,11.602129999999999,11.425,11.55785,9999909.0
2025-02-26,11.55785,11.64642,11.425,11.425,7385758.0
2025-02-27,11.469280000000001,11.469280000000001,11.1593,11.38072,11193672.0
2025-02-28,11.38072,11.38072,11.1593,11.20359,7560964.0
2025-03-03,11.24787,11.33644,11.1593,11.24787,6921303.0
2025-03-04,11.24787,11.425,11.20359,11.425,9868841.0
2025-03-05,11.425,11.469280000000001,11.1593,11.1593,6783410.0
2025-03-06,11.20359,11.33644,11.115020000000001,11.33644,5744670.0
2025-03-07,11.33644,11.425,11.24787,11.24787,6636542.0
2025-03-10,11.24787,11.602129999999999,11.24787,11.51357,14943666.0
2025-03-11,11.425,11.91211,11.33644,11.64642,22837819.0
2025-03-12,11.690700000000001,11.73498,11.469280000000001,11.469280000000001,7472334.0
2025-03-13,11.469280000000001,11.51357,11.02645,11.070739999999999,19292962.0
2025-03-14,11.070739999999999,11.1593,10.93789,11.070739999999999,8419722.0
2025-03-17,11.20359,11.20359,11.070739999999999,11.115020000000001,4412013.0
2025-03-18,11.20359,11.29215,11.070739999999999,11.070739999999999,8379569.0
2025-03-19,11.115020000000001,11.24787,11.02645,11.115020000000001,5513766.0
2025-03-20,11.1593,11.20359,10.93789,11.115020000000001,5124934.0
2025-03-21,11.070739999999999,11.1593,10.98217,11.02645,2702325.0
2025-03-24,10.98217,11.070739999999999,10.84932,10.93789,4748662.0
2025-03-25,11.070739999999999,11.070739999999999,10.89361,10.93789,4181066.0
2025-03-26,10.98217,11.115020000000001,10.89361,10.98217,4366554.0
2025-03-27,10.98217,11.070739999999999,10.93789,10.93789,1892474.0
2025-03-28,10.93789,10.98217,10.71647,10.71647,6663727.0
2025-03-31,10.67219,10.93789,10.58363,10.805040000000002,6389851.0
2025-04-01,10.89361,10.93789,10.76076,10.84932,1667771.0
2025-04-02,10.89361,11.070739999999999,10.84932,10.84932,3808361.0
2025-04-03,10.36221,10.58363,10.09651,10.09651,11942978.0
2025-04-04,9.43227,10.18508,9.43227,9.919379999999999,12236413.0
2025-04-08,9.47655,9.83081,9.255139999999999,9.255139999999999,9484940.0
2025-04-09,8.60861,9.47655,8.60861,8.85659,10230073.0
2025-04-10,9.47655,9.47655,9.47655,9.47655,512502.0
2025-04-11,10.007950000000001,10.09651,9.69797,10.09651,12384217.0
2025-04-14,10.273639999999999,10.45078,10.18508,10.31793,7662394.0
2025-04-15,10.273639999999999,10.76076,10.09651,10.45078,12957802.0
2025-04-16,10.53934,10.58363,10.40649,10.495059999999999,5321251.0
2025-04-17,10.45078,10.53934,10.31793,10.495059999999999,3436480.0
2025-04-18,10.53934,10.67219,10.45078,10.495059999999999,7583957.0
2025-04-21,10.495059999999999,10.67219,10.36221,10.53934,6121920.0
2025-04-22,10.45078,10.53934,9.83081,10.36221,13638699.0
2025-04-23,10.71647,10.84932,10.495059999999999,10.71647,7991264.0
2025-04-24,10.76076,10.76076,10.45078,10.58363,3931613.0
2025-04-25,10.62791,10.93789,10.495059999999999,10.53934,7788059.0
2025-04-28,10.62791,10.67219,10.45078,10.45078,2705947.0
2025-04-29,10.58363,10.58363,10.40649,10.45078,3146934.0
2025-05-05,10.67219,10.76076,10.45078,10.71647,4673414.0
2025-05-06,10.805040000000002,10.89361,10.71647,10.71647,6771283.0
2025-05-07,10.62791,10.84932,10.62791,10.76076,5349339.0
2025-05-08,10.84932,10.89361,10.67219,10.76076,5572940.0
2025-05-09,10.805040000000002,11.070739999999999,10.62791,10.62791,8086082.0
2025-05-12,10.71647,10.76076,10.53934,10.67219,4159924.0
2025-05-13,10.76076,10.805040000000002,10.62791,10.76076,5420003.0
2025-05-14,10.76076,10.89361,10.67219,10.76076,4970180.0
2025-05-15,10.805040000000002,11.02645,10.67219,10.98217,17108044.0
2025-05-16,11.02645,11.02645,10.76076,10.805040000000002,6697849.0
2025-05-19,10.76076,10.93789,10.71647,10.76076,7674019.0
2025-05-20,10.805040000000002,10.93789,10.71647,10.71647,6135611.0
2025-05-21,10.76076,11.115020000000001,10.67219,11.02645,15187205.0
2025-05-22,11.070739999999999,11.070739999999999,10.805040000000002,10.84932,8486151.0
2025-05-23,10.84932,10.98217,10.76076,10.76076,6480875.0
2025-05-26,10.84932,10.84932,10.45078,10.805040000000002,7349306.0
2025-05-27,10.84932,11.24787,10.84932,11.1593,18463656.0
2025-05-28,11.24787,11.24787,10.98217,10.98217,8241600.0
2025-05-29,11.02645,11.070739999999999,10.89361,10.89361,5911007.0
2025-05-30,10.89361,10.93789,10.76076,10.76076,5559079.0
2025-06-02,10.76076,11.02645,10.71647,10.98217,6895473.0
2025-06-03,11.070739999999999,11.1593,10.98217,11.02645,8119862.0
2025-06-04,11.02645,11.20359,11.02645,11.115020000000001,10385483.0
2025-06-05,11.20359,11.64642,11.20359,11.24787,20305345.0
2025-06-06,11.20359,11.24787,10.93789,10.93789,7811768.0
2025-06-09,10.93789,10.98217,10.71647,10.76076,8512916.0
2025-06-10,10.76076,10.89361,10.67219,10.76076,5769469.0
2025-06-11,10.84932,10.84932,10.71647,10.76076,3696436.0
2025-06-12,10.84932,10.98217,10.805040000000002,10.89361,5292454.0
2025-06-13,10.76076,10.84932,10.58363,10.67219,10515702.0
2025-06-16,10.62791,10.89361,10.58363,10.805040000000002,4058427.0
2025-06-17,10.89361,10.93789,10.805040000000002,10.89361,5878131.0
2025-06-18,10.93789,11.1593,10.89361,10.89361,8153041.0
2025-06-19,10.93789,10.93789,10.805040000000002,10.805040000000002,2888998.0
2025-06-20,10.84932,10.89361,10.76076,10.805040000000002,4634102.0
2025-06-23,10.71647,11.070739999999999,10.62791,10.93789,8323777.0
2025-06-24,10.98217,11.02645,10.84932,10.98217,5193307.0
2025-06-25,11.070739999999999,11.33644,11.02645,11.02645,16946644.0
2025-06-26,11.115020000000001,11.115020000000001,10.89361,10.98217,4447843.0
2025-06-27,11.02645,11.070739999999999,10.93789,10.93789,4695475.0
2025-06-30,10.98217,11.02645,10.89361,10.93789,4612947.0
2025-07-01,11.115020000000001,11.38072,11.02645,11.02645,13468371.0
2025-07-02,10.98217,11.115020000000001,10.93789,10.98217,6053092.0
2025-07-03,11.02645,11.1593,10.93789,10.98217,10421405.0
2025-07-04,11.02645,11.115020000000001,10.98217,11.070739999999999,7392407.0
2025-07-07,11.115020000000001,11.24787,11.070739999999999,11.24787,11177479.0
2025-07-08,11.33644,11.38072,11.1593,11.24787,8776508.0
2025-07-09,11.33644,11.425,11.20359,11.29215,14762237.0
2025-07-10,11.38072,11.55785,11.24787,11.33644,12611988.0
2025-07-11,11.33644,11.38072,11.1593,11.20359,9159632.0
2025-07-14,11.29215,11.602129999999999,11.070739999999999,11.51357,14929082.0
2025-07-15,11.64642,11.64642,11.38072,11.425,13659348.0
2025-07-16,11.38072,12.04496,11.38072,11.86783,28536834.0
2025-07-17,12.000680000000001,12.31066,11.86783,12.08925,29686271.0
2025-07-18,12.36798,12.36798,11.90302,11.99601,13065928.0
2025-07-21,12.1355,12.182,11.90302,11.94952,11553307.0
2025-07-22,11.763530000000001,12.089,11.717030000000001,12.089,13356549.0
2025-07-23,12.182,12.64696,12.1355,12.228489999999999,21397982.0
2025-07-24,12.274989999999999,12.32148,11.94952,12.04251,10951002.0
2025-07-25,12.1355,12.46097,12.089,12.228489999999999,14989594.0
2025-07-28,12.32148,12.55397,12.182,12.50747,19330132.0
2025-07-29,12.64696,12.64696,11.67054,11.67054,39396694.0
2025-07-30,11.717030000000001,11.85652,11.39156,11.577549999999999,15464018.0
2025-07-31,11.717030000000001,11.90302,11.484549999999999,11.90302,11275334.0
2025-08-01,11.90302,12.274989999999999,11.810030000000001,11.90302,13254519.0
2025-08-04,11.99601,12.182,11.94952,12.089,9699251.0
2025-08-05,12.274989999999999,12.55397,11.90302,12.228489999999999,31994045.0
2025-08-06,12.36798,12.41448,12.182,12.274989999999999,11123856.0
2025-08-07,12.41448,12.925930000000001,12.182,12.87944,30124728.0
2025-08-08,13.018930000000001,13.11192,12.50747,12.73995,17603006.0
2025-08-11,12.972430000000001,13.62338,12.972430000000001,13.62338,21401513.0
2025-08-12,13.90235,14.181329999999999,13.3444,13.99535,32854459.0
2025-08-13,14.13484,14.41381,13.62338,13.94885,20598540.0
2025-08-14,14.08834,14.13484,13.57688,13.762870000000001,21062081.0
2025-08-15,13.85586,14.32082,13.57688,13.716370000000001,20304834.0
2025-08-18,14.08834,14.64629,14.04184,14.64629,30857891.0
2025-08-19,15.20425,15.62271,14.73929,14.78578,25480373.0
2025-08-20,14.73929,14.78578,13.762870000000001,14.32082,31045305.0
2025-08-21,14.5533,14.5533,13.90235,13.94885,18796923.0
2025-08-22,13.57688,14.41381,13.2979,14.04184,26695867.0
2025-08-25,14.36732,14.41381,13.15842,13.25141,17671911.0
2025-08-26,13.20491,13.99535,13.20491,13.94885,11157568.0
2025-08-27,14.04184,14.04184,13.62338,13.716370000000001,9945524.0
2025-08-28,13.762870000000001,13.99535,13.669870000000001,13.80936,8277570.0
2025-08-29,13.80936,13.94885,13.762870000000001,13.762870000000001,11109503.0
2025-09-03,13.80936,14.41381,13.80936,14.181329999999999,13087067.0
2025-09-04,14.36732,14.69279,14.227829999999999,14.5068,15714723.0
2025-09-05,14.64629,15.06476,13.94885,14.27432,21668432.0
2025-09-08,14.181329999999999,14.27432,13.716370000000001,13.716370000000001,15371200.0
2025-09-09,13.762870000000001,13.85586,13.3909,13.716370000000001,9256036.0
2025-09-10,13.762870000000001,13.90235,13.57688,13.57688,5608826.0
2025-09-11,13.57688,13.669870000000001,13.20491,13.53038,9375863.0
2025-09-12,13.716370000000001,14.27432,13.669870000000001,14.08834,13115331.0
2025-09-15,14.32082,14.64629,14.227829999999999,14.5998,15844106.0
2025-09-16,14.78578,14.83228,14.13484,14.181329999999999,13185570.0
2025-09-17,14.13484,14.227829999999999,13.762870000000001,13.762870000000001,10639707.0
2025-09-18,13.85586,14.27432,13.669870000000001,14.08834,9169072.0
2025-09-19,14.08834,14.181329999999999,13.94885,14.04184,5475459.0
2025-09-22,14.08834,14.36732,13.762870000000001,13.90235,10265290.0
2025-09-23,13.99535,14.13484,13.80936,13.94885,4580308.0
2025-09-24,13.99535,14.32082,13.762870000000001,14.32082,9220182.0
2025-09-25,14.5533,15.29724,14.36732,15.29724,43651847.0
2025-09-26,15.52972,16.13417,15.436729999999999,15.436729999999999,26792491.0
2025-09-29,15.57622,16.13417,15.15775,15.57622,22330728.0
2025-09-30,15.66921,15.66921,14.64629,15.15775,22949036.0
2025-10-01,15.15775,15.25074,14.878770000000001,15.01826,8682834.0
2025-10-02,15.06476,15.06476,14.36732,14.36732,14078239.0
2025-10-03,14.227829999999999,14.32082,13.99535,13.99535,16027568.0
2025-10-06,14.13484,14.73929,14.08834,14.5068,9568121.0
2025-10-07,14.5998,14.83228,14.36732,14.36732,10816484.0
2025-10-08,14.64629,14.69279,14.27432,14.41381,8066321.0
2025-10-09,14.5068,14.64629,14.36732,14.5068,9045008.0
2025-10-10,14.5533,15.01826,14.5533,14.69279,9220066.0
2025-10-13,14.41381,14.78578,14.36732,14.64629,10215154.0
2025-10-14,14.83228,14.878770000000001,14.27432,14.32082,13234250.0
2025-10-15,14.32082,14.41381,14.181329999999999,14.27432,11100257.0
2025-10-16,14.32082,14.83228,14.227829999999999,14.73929,12705460.0
2025-10-17,14.83228,15.15775,14.5998,14.5998,14611821.0
2025-10-20,14.5068,14.925270000000001,13.62338,13.62338,21218994.0
2025-10-21,13.669870000000001,14.04184,13.11192,13.762870000000001,14638224.0
2025-10-22,13.94885,13.99535,13.20491,13.762870000000001,8762711.0
2025-10-23,13.762870000000001,14.13484,13.62338,13.62338,6506441.0
2025-10-24,13.62338,13.716370000000001,13.2979,13.437389999999999,6220414.0
2025-10-27,13.62338,13.716370000000001,13.3444,13.437389999999999,4083169.0
2025-10-28,13.3909,13.62338,13.20491,13.57688,5819751.0
2025-10-29,13.80936,14.04184,13.762870000000001,13.85586,6804883.0
2025-10-30,13.94885,13.99535,13.762870000000001,13.90235,4471739.0
2025-10-31,13.94885,14.227829999999999,13.716370000000001,13.762870000000001,5233170.0
2025-11-03,13.716370000000001,13.94885,13.11192,13.11192,7732267.0
2025-11-04,13.15842,13.53038,12.55397,13.3909,13109246.0
2025-11-05,13.2979,13.3909,13.11192,13.11192,3358854.0
2025-11-06,13.20491,13.483889999999999,13.11192,13.25141,4551111.0
2025-11-07,13.15842,13.2979,12.925930000000001,12.925930000000001,5285012.0
2025-11-10,12.64696,12.78645,12.274989999999999,12.274989999999999,11913772.0
2025-11-11,12.36798,12.55397,12.228489999999999,12.41448,3575365.0
2025-11-12,12.60046,12.73995,12.46097,12.69345,4371310.0
2025-11-13,12.69345,12.83294,12.60046,12.60046,3698530.0
2025-11-14,12.64696,12.83294,12.60046,12.64696,4004213.0
2025-11-17,12.87944,13.3909,12.87944,13.3909,7521488.0
2025-11-18,13.3909,13.437389999999999,13.15842,13.2979,4929881.0
2025-11-19,13.2979,13.669870000000001,13.20491,13.25141,6853357.0
2025-11-20,13.2979,13.3909,13.11192,13.20491,2939931.0
2025-11-21,13.20491,13.20491,13.018930000000001,13.11192,4219307.0
2025-11-24,13.15842,13.2979,13.06542,13.06542,2918775.0
2025-11-25,13.15842,13.15842,12.83294,12.83294,5225047.0
2025-11-26,12.83294,13.20491,12.83294,13.15842,3984413.0
2025-11-27,13.25141,13.2979,13.018930000000001,13.018930000000001,2565070.0
2025-11-28,13.11192,13.3444,13.018930000000001,13.25141,5247100.0
2025-12-01,13.437389999999999,13.57688,13.25141,13.25141,5781075.0
2025-12-02,13.20491,13.2979,13.018930000000001,13.25141,3193928.0
2025-12-03,13.3444,13.437389999999999,13.25141,13.3909,3530550.0
2025-12-04,13.3909,13.57688,13.3444,13.483889999999999,5103005.0
2025-12-05,13.483889999999999,13.483889999999999,13.15842,13.437389999999999,6566903.0
2025-12-08,13.483889999999999,13.85586,13.483889999999999,13.62338,8181001.0
2025-12-09,13.62338,13.85586,13.25141,13.762870000000001,7027117.0
2025-12-10,13.762870000000001,13.80936,13.3909,13.3909,3827587.0
2025-12-11,13.483889999999999,13.669870000000001,13.3909,13.3909,2974993.0
2025-12-12,13.437389999999999,13.483889999999999,12.73995,12.73995,6551606.0
2025-12-15,12.73995,12.972430000000001,12.55397,12.55397,5396354.0
2025-12-16,12.64696,13.06542,12.46097,12.972430000000001,4523579.0
2025-12-17,12.972430000000001,13.25141,12.925930000000001,12.972430000000001,3769592.0
2025-12-18,12.972430000000001,13.11192,12.83294,13.11192,3032436.0
2025-12-19,13.15842,13.20491,12.83294,12.87944,4300842.0
2025-12-22,12.972430000000001,13.11192,12.87944,13.018930000000001,6001068.0
2025-12-23,13.11192,13.11192,12.73995,12.73995,9709484.0
2025-12-24,12.73995,12.83294,12.55397,12.55397,7414152.0
2025-12-25,12.714540000000001,12.90502,12.619299999999999,12.619299999999999,3137392.0
2025-12-26,12.57168,12.714540000000001,12.33358,12.42882,4790108.0
2025-12-29,12.42882,12.57168,12.33358,12.47644,3131875.0
2025-12-30,12.524059999999999,12.619299999999999,12.42882,12.47644,5106571.0
2025-12-31,12.57168,12.619299999999999,12.47644,12.524059999999999,2197654.0
2026-01-05,12.524059999999999,12.619299999999999,11.905,11.905,5913454.0
2026-01-06,12.09548,12.1431,11.61928,11.905,6124584.0
2026-01-07,11.952620000000001,12.190719999999999,11.905,12.1431,4151004.0
2026-01-08,12.23834,12.33358,12.00024,12.04786,4175802.0
2026-01-09,12.190719999999999,12.190719999999999,11.762139999999999,11.80976,5170005.0
2026-01-12,11.61928,12.33358,11.61928,12.28596,7846643.0
2026-01-13,12.47644,12.524059999999999,12.23834,12.23834,4877003.0
2026-01-14,12.23834,12.57168,12.190719999999999,12.28596,7510189.0
2026-01-15,12.28596,12.47644,12.1431,12.23834,5498032.0
2026-01-16,12.28596,12.47644,12.190719999999999,12.190719999999999,4844221.0
2026-01-19,12.23834,12.66692,12.23834,12.33358,6453924.0
2026-01-20,12.524059999999999,12.524059999999999,12.28596,12.28596,4727546.0
2026-01-21,12.33358,12.33358,12.00024,12.04786,4901738.0
2026-01-22,12.1431,12.381200000000002,12.00024,12.28596,5576358.0
2026-01-23,12.33358,12.381200000000002,12.04786,12.09548,2498178.0
2026-01-26,12.09548,12.1431,11.57166,11.71452,6200200.0
2026-01-27,11.6669,11.71452,11.428799999999999,11.524040000000001,4526183.0
2026-01-28,11.57166,11.71452,11.476420000000001,11.61928,2520212.0
2026-01-29,11.6669,11.71452,11.524040000000001,11.61928,2466744.0
2026-01-30,11.61928,11.71452,11.57166,11.61928,4463827.0
2026-02-02,11.71452,11.905,11.61928,11.762139999999999,3904209.0
2026-02-03,11.85738,11.85738,11.71452,11.71452,3029463.0
2026-02-04,11.71452,12.190719999999999,11.6669,11.905,8432149.0
2026-02-05,12.04786,12.04786,11.762139999999999,11.80976,3510375.0
2026-02-06,11.6669,11.762139999999999,11.476420000000001,11.476420000000001,4923224.0
2026-02-09,11.61928,11.61928,11.428799999999999,11.57166,2153297.0
2026-02-10,11.57166,11.61928,11.38118,11.428799999999999,2797102.0
2026-02-11,11.524040000000001,11.71452,11.476420000000001,11.6669,2428196.0
2026-02-12,11.71452,11.71452,11.57166,11.61928,1736696.0
2026-02-13,11.57166,11.6669,11.524040000000001,11.57166,2901395.0
2026-02-23,11.71452,12.04786,11.6669,11.952620000000001,4417572.0
2026-02-24,11.952620000000001,12.00024,11.85738,11.905,3049993.0
2026-02-25,11.952620000000001,12.190719999999999,11.952620000000001,12.00024,4889221.0
2026-02-26,12.00024,12.04786,11.80976,11.905,2418960.0
2026-02-27,11.952620000000001,11.952620000000001,11.762139999999999,11.905,5069434.0
2026-03-02,11.524040000000001,11.762139999999999,11.476420000000001,11.476420000000001,7700954.0
2026-03-03,11.524040000000001,11.61928,11.428799999999999,11.476420000000001,6011697.0
2026-03-04,11.524040000000001,11.57166,10.9526,11.33356,8457468.0
2026-03-05,11.428799999999999,11.80976,11.428799999999999,11.428799999999999,4759198.0
2026-03-06,11.23832,11.428799999999999,11.190700000000001,11.23832,3648147.0
2026-03-09,10.4764,10.61926,10.4764,10.4764,4848917.0
2026-03-10,10.666879999999999,10.762120000000001,10.238299999999999,10.4764,7214602.0
2026-03-11,10.52402,10.9526,10.52402,10.80974,3988231.0
2026-03-12,11.000219999999999,11.38118,10.9526,11.14308,6868444.0
2026-03-13,11.09546,11.905,11.000219999999999,11.905,13050129.0
2026-03-16,12.190719999999999,12.33358,11.61928,11.762139999999999,7339403.0
2026-03-17,11.85738,11.85738,11.476420000000001,11.61928,7218003.0
2026-03-18,11.61928,11.762139999999999,11.28594,11.61928,5711111.0
2026-03-19,11.23832,12.09548,11.23832,11.61928,6269763.0
2026-03-20,11.524040000000001,11.61928,11.38118,11.428799999999999,3295744.0
2026-03-23,11.190700000000001,11.28594,10.666879999999999,10.7145,10825632.0
2026-03-24,11.000219999999999,11.38118,10.90498,11.09546,4320957.0
2026-03-25,11.14308,11.61928,11.14308,11.524040000000001,5452229.0
2026-03-26,11.524040000000001,11.6669,11.33356,11.476420000000001,5359302.0
2026-03-27,11.476420000000001,11.85738,11.428799999999999,11.61928,7491085.0
2026-03-30,11.38118,11.6669,11.33356,11.524040000000001,5346430.0
2026-03-31,11.6669,11.85738,11.524040000000001,11.71452,6077127.0
2026-04-01,11.952620000000001,11.952620000000001,11.71452,11.71452,6442555.0
2026-04-02,11.6669,11.80976,11.524040000000001,11.524040000000001,5228175.0
2026-04-03,11.524040000000001,11.6669,11.23832,11.28594,4680207.0
2026-04-06,11.524040000000001,11.57166,11.09546,11.190700000000001,5521527.0
2026-04-07,11.190700000000001,11.428799999999999,11.09546,11.23832,2815647.0
2026-04-08,11.57166,11.762139999999999,11.428799999999999,11.6669,7382099.0
2026-04-09,11.6669,12.47644,11.476420000000001,12.28596,26677938.0
2026-04-10,12.47644,12.524059999999999,12.09548,12.1431,8344511.0
2026-04-13,12.04786,12.80978,12.00024,12.28596,15392551.0
2026-04-14,12.47644,12.57168,12.23834,12.33358,9125740.0
2026-04-15,12.381200000000002,12.57168,12.28596,12.28596,8398380.0
2026-04-16,12.23834,12.28596,12.00024,12.09548,7141162.0
2026-04-17,12.04786,12.23834,12.00024,12.09548,6382569.0
2026-04-20,12.09548,12.33358,12.09548,12.1431,5314038.0
2026-04-21,12.1431,12.190719999999999,12.00024,12.00024,5750455.0
2026-04-22,12.04786,12.09548,11.85738,11.952620000000001,4058094.0
2026-04-23,11.952620000000001,12.524059999999999,11.6669,12.28596,12134749.0
2026-04-24,12.33358,12.524059999999999,12.00024,12.09548,7008103.0
2026-04-28,12.190719999999999,12.23834,11.905,11.905,3431932.0
2026-04-29,11.905,12.04786,11.905,11.905,4620145.0
2026-05-04,12.00024,12.28596,12.00024,12.09548,5322830.0
2026-05-05,12.04786,12.28596,11.952620000000001,12.00024,4636694.0
2026-05-06,12.00024,12.28596,11.952620000000001,12.28596,5461407.0
2026-05-07,12.28596,12.33358,11.952620000000001,11.952620000000001,6683097.0
2026-05-08,11.952620000000001,12.00024,11.524040000000001,11.762139999999999,12154815.0
2026-05-11,11.85738,11.85738,11.524040000000001,11.57166,6039008.0
2026-05-12,11.61928,11.71452,11.57166,11.71452,2709979.0
2026-05-13,11.71452,11.762139999999999,11.524040000000001,11.6669,3972281.0
2026-05-14,11.61928,11.71452,11.57166,11.61928,3174526.0
2026-05-15,11.61928,11.6669,11.476420000000001,11.476420000000001,4371089.0
2026-05-18,11.476420000000001,11.476420000000001,11.33356,11.38118,6107928.0
2026-05-19,11.38118,11.61928,11.28594,11.33356,4115793.0
2026-05-20,11.33356,11.38118,10.9526,11.23832,5905716.0
2026-05-21,11.28594,11.33356,11.14308,11.190700000000001,2079618.0
2026-05-22,11.23832,11.38118,11.190700000000001,11.38118,2956559.0
2026-05-25,11.38118,11.524040000000001,11.28594,11.28594,2309815.0
2026-05-26,11.28594,11.38118,11.23832,11.33356,2117874.0
2026-05-27,11.33356,11.476420000000001,11.33356,11.38118,2358865.0
2026-05-28,11.38118,11.428799999999999,11.23832,11.23832,2148935.0
2026-05-29,11.28594,11.28594,11.09546,11.09546,2651620.0
2026-06-01,11.14308,11.23832,11.14308,11.190700000000001,1379726.0
2026-06-02,11.190700000000001,11.23832,11.04784,11.04784,2580412.0
2026-06-03,11.04784,11.14308,10.9526,11.09546,1675159.0
2026-06-04,11.09546,11.14308,11.04784,11.04784,1811533.0
2026-06-05,11.190700000000001,11.190700000000001,11.000219999999999,11.000219999999999,2582872.0
2026-06-08,10.85736,10.9526,10.7145,10.80974,3947925.0
2026-06-09,10.80974,10.90498,10.7145,10.80974,1501858.0
2026-06-10,10.80974,11.04784,10.80974,11.000219999999999,2702489.0
2026-06-11,10.9526,10.9526,10.80974,10.90498,1326356.0
2026-06-12,10.9526,11.000219999999999,10.85736,10.85736,1650210.0
2026-06-15,10.9526,11.000219999999999,10.90498,10.9526,2579126.0
2026-06-16,11.04784,11.190700000000001,11.04784,11.190700000000001,3556513.0
2026-06-17,11.190700000000001,11.23832,11.09546,11.14308,2066262.0
2026-06-18,11.14308,11.14308,10.9526,10.9526,2245053.0
2026-06-19,11.000219999999999,11.04784,10.90498,10.90498,2572942.0
2026-06-22,10.9526,10.9526,10.80974,10.85736,2272868.0
2026-06-23,10.90498,10.9526,10.762120000000001,10.762120000000001,2873693.0
2026-06-24,10.762120000000001,10.762120000000001,10.571639999999999,10.666879999999999,3890526.0
2026-06-25,10.666879999999999,10.7145,10.571639999999999,10.571639999999999,1824378.0
2026-06-26,10.571639999999999,10.666879999999999,10.571639999999999,10.61926,1743221.0
2026-06-29,10.666879999999999,11.190700000000001,10.61926,11.04784,7468170.0
2026-06-30,11.000219999999999,11.09546,10.85736,10.85736,2707802.0
2026-07-01,10.9526,11.000219999999999,10.85736,10.90498,3053158.0
2026-07-02,10.90498,11.04784,10.85736,10.85736,3348266.0
2026-07-03,10.85736,10.90498,10.762120000000001,10.762120000000001,3256288.0
2026-07-06,10.85736,10.90498,10.52402,10.571639999999999,4006879.0
2026-07-07,10.61926,10.7145,10.571639999999999,10.666879999999999,2455438.0
2026-07-08,10.7145,10.7145,10.61926,10.666879999999999,2815180.0
2026-07-09,10.75,10.8,10.65,10.7,2324814.0
2026-07-10,10.75,10.8,10.6,10.7,3100029.0
2026-07-13,10.65,10.7,10.3,10.45,3949450.0
2026-07-14,10.4,10.65,10.3,10.65,2660320.0
2026-07-15,10.6,10.7,10.45,10.5,2041627.0
2026-07-16,10.45,10.55,10.2,10.35,2720705.0
2026-07-17,10.45,10.45,10.25,10.3,1117312.0
2026-07-20,10.1,10.3,9.91,10.05,5804207.0
2026-07-21,9.8,10.15,9.76,9.9,2101703.0
2026-07-22,9.86,10.2,9.75,9.95,3351100.0
2026-07-23,9.94,10.3,9.8,10.05,2578400.0
2026-07-24,10.05,10.1,9.96,9.97,1557600.0
2026-07-27,10.0,10.05,9.8,9.8,1410000.0
2026-07-28,9.5,9.95,9.5,9.83,1974600.0
2026-07-29,9.9,9.94,9.8,9.82,1358100.0
2026-07-30,9.82,10.2,9.82,10.05,3701400.0
2026-07-31,10.15,10.15,9.96,9.96,1864900.0
2026-08-03,9.96,10.25,9.96,10.15,3751100.0
2026-08-04,10.25,10.35,10.15,10.2,2577500.0
2026-08-05,10.2,10.3,10.05,10.1,2720400.0
2026-08-06,10.05,10.1,10.0,10.05,1539900.0
2026-08-07,10.05,10.15,10.0,10.05,1797400.0
2026-08-10,10.1,10.3,10.05,10.25,3768200.0
2026-08-11,10.3,10.35,10.15,10.15,2078200.0
2026-08-12,10.15,10.5,10.15,10.3,5709100.0
2026-08-13,10.35,10.35,10.1,10.15,2884500.0
2026-08-14,10.15,10.2,10.0,10.05,2725700.0
2026-08-17,10.05,10.1,10.0,10.05,1678100.0
2026-08-18,10.05,10.15,9.99,10.0,1565100.0
2026-08-19,10.0,10.1,9.88,9.9,2637200.0
2026-08-20,9.96,9.99,9.91,9.93,1223300.0
2026-08-21,9.94,10.15,9.94,10.15,3105600.0
2026-08-24,10.2,10.25,10.1,10.15,3715200.0
2026-08-25,10.15,10.45,10.15,10.2,5613400.0
2026-08-26,10.2,10.3,10.1,10.25,3348500.0
2026-08-27,10.3,10.3,10.1,10.15,2103800.0
2026-08-28,10.15,10.15,10.0,10.05,2514300.0
2026-09-03,10.05,10.15,9.99,10.0,2720800.0
2026-09-04,10.05,10.05,9.96,9.98,2512900.0
2026-09-07,9.98,10.0,9.9,9.9,2353900.0
2026-09-08,9.89,9.98,9.88,9.92,1502400.0
2026-09-09,9.92,9.95,9.88,9.88,2045000.0
2026-09-10,9.88,9.89,9.81,9.82,1497600.0
2026-09-11,9.8,9.83,9.54,9.54,3953800.0
2026-09-14,9.54,9.6,9.26,9.3,3473600.0
2026-09-15,9.21,9.39,9.21,9.35,1591000.0
2026-09-16,9.31,9.49,9.3,9.35,1554100.0
2026-09-17,9.25,9.5,9.25,9.4,2057600.0
2026-09-18,9.51,9.53,9.39,9.41,2191400.0
2026-09-21,9.44,9.52,9.32,9.34,1285800.0
2026-09-22,9.38,9.4,9.31,9.33,1148800.0
2026-09-23,9.34,9.38,9.29,9.3,1884200.0
2026-09-24,9.29,9.3,9.14,9.15,2526900.0
2026-09-25,9.15,9.2,9.11,9.11,1370000.0
2026-09-28,9.12,9.18,8.88,8.99,3287000.0
2026-09-29,8.96,9.16,8.96,9.07,2153000.0
2026-09-30,9.03,9.16,9.03,9.06,1028700.0
2026-10-01,9.1,9.1,8.95,8.95,2048400.0
2026-10-02,8.95,8.97,8.83,8.83,2379300.0
