,open,high,low,close,volume
2020-05-08,2.2578899999999997,2.2826999999999997,2.2330799999999997,2.2578899999999997,160973.0
2020-05-11,2.2578899999999997,2.38195,2.2578899999999997,2.30751,94390.0
2020-05-12,2.33233,2.4812,2.33233,2.45639,249034.0
2020-05-13,2.45639,2.45639,2.38195,2.4067600000000002,86550.0
2020-05-14,2.4067600000000002,2.4315700000000002,2.35714,2.38195,146337.0
2020-05-15,2.35714,2.4067600000000002,2.33233,2.35714,112256.0
2020-05-18,2.35714,2.38195,2.33233,2.33233,35934.0
2020-05-19,2.35714,2.4067600000000002,2.35714,2.38195,145090.0
2020-05-20,2.38195,2.38195,2.35714,2.38195,74924.0
2020-05-21,2.38195,2.38195,2.35714,2.35714,143820.0
2020-05-22,2.35714,2.38195,2.35714,2.38195,22528.0
2020-05-25,2.38195,2.4067600000000002,2.35714,2.38195,119135.0
2020-05-26,2.4067600000000002,2.4812,2.38195,2.45639,131250.0
2020-05-27,2.45639,2.58045,2.45639,2.58045,3008521.0
2020-05-28,2.58045,2.6052600000000004,2.5308200000000003,2.58045,285572.0
2020-05-29,2.58045,2.58045,2.5308200000000003,2.5308200000000003,124070.0
2020-06-01,2.5308200000000003,2.7045100000000004,2.5060100000000003,2.67969,285458.0
2020-06-02,2.7045100000000004,2.72932,2.6052600000000004,2.6052600000000004,234712.0
2020-06-03,2.6052600000000004,2.6300700000000004,2.58045,2.6052600000000004,172026.0
2020-06-04,2.6052600000000004,2.72932,2.6052600000000004,2.65488,600248.0
2020-06-05,2.7045100000000004,2.72932,2.6300700000000004,2.65488,233487.0
2020-06-08,2.72932,2.82857,2.7045100000000004,2.82857,664018.0
2020-06-09,2.82857,2.82857,2.75413,2.80375,309141.0
2020-06-10,2.85338,2.95263,2.75413,2.903,314294.0
2020-06-11,2.85338,2.95263,2.67969,2.75413,409469.0
2020-06-12,2.7045100000000004,2.85338,2.6052600000000004,2.85338,237610.0
2020-06-15,2.96222,2.96222,2.6632800000000003,2.71763,233673.0
2020-06-16,2.7448099999999998,2.7448099999999998,2.60893,2.71763,194941.0
2020-06-17,2.71763,2.7448099999999998,2.6361,2.6632800000000003,74891.0
2020-06-18,2.6632800000000003,2.71763,2.6361,2.6632800000000003,28932.0
2020-06-19,2.6632800000000003,2.71763,2.6361,2.69046,112910.0
2020-06-22,2.7448099999999998,2.77198,2.71763,2.7448099999999998,259425.0
2020-06-23,2.77198,2.93504,2.77198,2.90787,286666.0
2020-06-24,2.90787,2.90787,2.77198,2.88069,162512.0
2020-06-25,2.8535100000000004,2.8535100000000004,2.7448099999999998,2.7448099999999998,149657.0
2020-06-26,2.7448099999999998,2.7991599999999996,2.7448099999999998,2.77198,66471.0
2020-06-29,2.77198,2.77198,2.6361,2.71763,96456.0
2020-06-30,2.71763,2.71763,2.58175,2.58175,98942.0
2020-07-01,2.6632800000000003,2.69046,2.60893,2.69046,36798.0
2020-07-02,2.69046,2.69046,2.6361,2.6632800000000003,34510.0
2020-07-03,2.6361,2.69046,2.6361,2.6632800000000003,34870.0
2020-07-06,2.69046,2.69046,2.6632800000000003,2.6632800000000003,84771.0
2020-07-07,2.71763,2.71763,2.6632800000000003,2.71763,61232.0
2020-07-08,2.6632800000000003,2.71763,2.6632800000000003,2.71763,24315.0
2020-07-09,2.71763,2.7448099999999998,2.6632800000000003,2.7448099999999998,51129.0
2020-07-10,2.71763,2.71763,2.69046,2.69046,35030.0
2020-07-13,2.69046,2.71763,2.6632800000000003,2.69046,68233.0
2020-07-14,2.6632800000000003,2.71763,2.6632800000000003,2.71763,59980.0
2020-07-15,2.71763,2.7448099999999998,2.69046,2.71763,53332.0
2020-07-16,2.71763,2.71763,2.6632800000000003,2.6632800000000003,28994.0
2020-07-17,2.69046,2.71763,2.6632800000000003,2.69046,54971.0
2020-07-20,2.69046,2.69046,2.6361,2.6361,88081.0
2020-07-21,2.6361,2.69046,2.6361,2.69046,2631.0
2020-07-22,2.69046,2.69046,2.6361,2.6632800000000003,44840.0
2020-07-23,2.6361,2.6632800000000003,2.6361,2.6361,46800.0
2020-07-24,2.6361,2.6361,2.4186900000000002,2.5274,214294.0
2020-07-27,2.33716,2.4458699999999998,2.28281,2.28281,158215.0
2020-07-28,2.17411,2.39152,2.17411,2.39152,171823.0
2020-07-29,2.30999,2.3643400000000003,2.20128,2.30999,74050.0
2020-07-30,2.30999,2.33716,2.30999,2.33716,37860.0
2020-07-31,2.25563,2.33716,2.25563,2.30999,34375.0
2020-08-03,2.30999,2.39152,2.28281,2.39152,641697.0
2020-08-04,2.3643400000000003,2.4186900000000002,2.3643400000000003,2.4186900000000002,60186.0
2020-08-05,2.4458699999999998,2.4458699999999998,2.39152,2.4458699999999998,71031.0
2020-08-06,2.4458699999999998,2.4458699999999998,2.39152,2.4186900000000002,50700.0
2020-08-07,2.39152,2.4186900000000002,2.39152,2.39152,37520.0
2020-08-10,2.4186900000000002,2.4458699999999998,2.39152,2.4186900000000002,57941.0
2020-08-11,2.4458699999999998,2.4458699999999998,2.4186900000000002,2.4186900000000002,70500.0
2020-08-12,2.4186900000000002,2.4458699999999998,2.4186900000000002,2.4458699999999998,98200.0
2020-08-13,2.4186900000000002,2.4458699999999998,2.4186900000000002,2.4458699999999998,47335.0
2020-08-14,2.4458699999999998,2.60893,2.4186900000000002,2.47304,109990.0
2020-08-17,2.47304,2.5002199999999997,2.47304,2.5002199999999997,94900.0
2020-08-18,2.5002199999999997,2.5274,2.5002199999999997,2.5274,83945.0
2020-08-19,2.5002199999999997,2.5274,2.5002199999999997,2.5274,89820.0
2020-08-20,2.5274,2.5274,2.47304,2.47304,74390.0
2020-08-21,2.5002199999999997,2.5274,2.47304,2.5274,152442.0
2020-08-24,2.5274,2.55457,2.5274,2.55457,120262.0
2020-08-25,2.55457,2.55457,2.5002199999999997,2.5274,152737.0
2020-08-26,2.5002199999999997,2.69046,2.5002199999999997,2.58175,269420.0
2020-08-27,2.58175,2.60893,2.55457,2.60893,101526.0
2020-08-28,2.60893,2.6361,2.60893,2.60893,105641.0
2020-08-31,2.60893,2.6361,2.55457,2.58175,229137.0
2020-09-01,2.58175,2.60893,2.55457,2.58175,38684.0
2020-09-03,2.58175,2.60893,2.58175,2.60893,36436.0
2020-09-04,2.60893,2.6361,2.58175,2.6361,128310.0
2020-09-07,2.6361,2.6632800000000003,2.58175,2.58175,244786.0
2020-09-08,2.60893,2.60893,2.5274,2.60893,86230.0
2020-09-09,2.58175,2.6632800000000003,2.55457,2.60893,316440.0
2020-09-10,2.60893,2.6361,2.60893,2.60893,42398.0
2020-09-11,2.58175,2.60893,2.58175,2.60893,55530.0
2020-09-14,2.60893,2.6361,2.60893,2.6361,43800.0
2020-09-15,2.6632800000000003,2.71763,2.6361,2.71763,277543.0
2020-09-16,2.69046,2.71763,2.6632800000000003,2.69046,127540.0
2020-09-17,2.6632800000000003,2.71763,2.6361,2.71763,120830.0
2020-09-18,2.6632800000000003,2.7448099999999998,2.6632800000000003,2.71763,120165.0
2020-09-21,2.7448099999999998,2.7448099999999998,2.69046,2.71763,113135.0
2020-09-22,2.6632800000000003,2.7448099999999998,2.6632800000000003,2.71763,147128.0
2020-09-23,2.71763,2.7448099999999998,2.71763,2.7448099999999998,75490.0
2020-09-24,2.71763,2.7448099999999998,2.71763,2.7448099999999998,51615.0
2020-09-25,2.71763,2.71763,2.69046,2.71763,85862.0
2020-09-28,2.71763,2.7448099999999998,2.69046,2.7448099999999998,151488.0
2020-09-29,2.7448099999999998,2.77198,2.71763,2.7448099999999998,75460.0
2020-09-30,2.7448099999999998,2.7991599999999996,2.69046,2.7991599999999996,141384.0
2020-10-01,2.7991599999999996,2.96222,2.7991599999999996,2.90787,499259.0
2020-10-02,2.90787,2.93504,2.7991599999999996,2.90787,186872.0
2020-10-05,2.90787,2.9893899999999998,2.90787,2.9893899999999998,220900.0
2020-10-06,2.9893899999999998,3.07092,2.93504,2.96222,264300.0
2020-10-07,2.96222,2.9893899999999998,2.93504,2.9893899999999998,213400.0
2020-10-08,2.9893899999999998,3.01657,2.93504,2.9893899999999998,109300.0
2020-10-09,2.9893899999999998,3.01657,2.93504,2.9893899999999998,105100.0
2020-10-12,2.96222,3.01657,2.90787,2.93504,118400.0
2020-10-13,2.96222,2.96222,2.90787,2.96222,117100.0
2020-10-14,2.96222,2.9893899999999998,2.90787,2.93504,74300.0
2020-10-15,2.90787,2.96222,2.90787,2.96222,84500.0
2020-10-16,2.90787,2.96222,2.90787,2.96222,140100.0
2020-10-19,2.96222,3.12528,2.93504,3.0981,484300.0
2020-10-20,3.0981,3.12528,3.07092,3.12528,83000.0
2020-10-21,3.12528,3.12528,3.04375,3.07092,134600.0
2020-10-22,3.04375,3.04375,2.9893899999999998,3.04375,163600.0
2020-10-23,3.04375,3.0981,3.01657,3.01657,96500.0
2020-10-26,3.0981,3.0981,2.93504,2.93504,129700.0
2020-10-27,2.93504,2.9893899999999998,2.88069,2.93504,159100.0
2020-10-28,2.90787,2.90787,2.82634,2.8535100000000004,239300.0
2020-10-29,2.7991599999999996,2.8535100000000004,2.77198,2.82634,116800.0
2020-10-30,2.8535100000000004,2.88069,2.7991599999999996,2.8535100000000004,133400.0
2020-11-02,2.8535100000000004,2.8535100000000004,2.82634,2.8535100000000004,13900.0
2020-11-03,2.88069,2.88069,2.8535100000000004,2.88069,8000.0
2020-11-04,2.8535100000000004,2.93504,2.8535100000000004,2.88069,203800.0
2020-11-05,2.88069,2.93504,2.88069,2.90787,79600.0
2020-11-06,2.88069,2.93504,2.8535100000000004,2.93504,43500.0
2020-11-09,2.93504,2.93504,2.8535100000000004,2.93504,64200.0
2020-11-10,2.93504,2.9893899999999998,2.93504,2.93504,211800.0
2020-11-11,2.93504,2.96222,2.90787,2.93504,73900.0
2020-11-12,2.93504,2.96222,2.90787,2.96222,60900.0
2020-11-13,2.96222,2.9893899999999998,2.93504,2.9893899999999998,60800.0
2020-11-16,2.9893899999999998,3.04375,2.93504,2.9893899999999998,158000.0
2020-11-17,2.9893899999999998,2.9893899999999998,2.96222,2.9893899999999998,35200.0
2020-11-18,2.9893899999999998,3.12528,2.9893899999999998,3.12528,369900.0
2020-11-19,3.12528,3.12528,3.07092,3.12528,94000.0
2020-11-20,3.12528,3.12528,3.07092,3.07092,68400.0
2020-11-23,3.07092,3.07092,2.9893899999999998,3.07092,139600.0
2020-11-24,3.04375,3.07092,2.9893899999999998,3.07092,87400.0
2020-11-25,3.07092,3.07092,2.9893899999999998,3.04375,96700.0
2020-11-26,3.04375,3.04375,3.01657,3.01657,51400.0
2020-11-27,3.04375,3.04375,3.01657,3.04375,81200.0
2020-11-30,3.04375,3.07092,3.04375,3.07092,131700.0
2020-12-01,3.07092,3.17963,2.7991599999999996,3.17963,454600.0
2020-12-02,3.20681,3.34269,3.15245,3.31551,511800.0
2020-12-03,3.31551,3.4242199999999996,3.2883299999999998,3.4242199999999996,404300.0
2020-12-04,3.39704,3.4785700000000004,3.34269,3.4242199999999996,335700.0
2020-12-07,3.36986,3.5329200000000003,3.31551,3.45139,348500.0
2020-12-08,3.45139,3.6688,3.45139,3.64163,387600.0
2020-12-09,3.6688,3.80468,3.64163,3.75033,493300.0
2020-12-10,3.75033,3.80468,3.58727,3.58727,307000.0
2020-12-11,3.6144499999999997,3.72316,3.5329200000000003,3.6688,253527.0
2020-12-14,3.69598,3.88621,3.69598,3.85904,815948.0
2020-12-15,3.88621,3.88621,3.7775100000000004,3.7775100000000004,356068.0
2020-12-16,3.7775100000000004,3.85904,3.75033,3.75033,481891.0
2020-12-17,3.75033,3.75033,3.58727,3.69598,445603.0
2020-12-18,3.69598,3.88621,3.6688,3.80468,596443.0
2020-12-21,3.8318600000000003,4.157979999999999,3.80468,4.157979999999999,1032082.0
2020-12-22,4.157979999999999,4.37539,4.1308,4.34821,1078354.0
2020-12-23,4.37539,4.45692,4.157979999999999,4.23951,689989.0
2020-12-24,4.23951,4.29386,3.9133899999999997,4.185149999999999,655344.0
2020-12-25,4.21233,4.48409,4.10362,4.45692,654307.0
2020-12-28,4.42974,4.64715,4.40256,4.53844,752784.0
2020-12-29,4.53844,4.67433,4.48409,4.53844,729252.0
2020-12-30,4.53844,4.56562,4.42974,4.45692,631099.0
2020-12-31,4.53844,4.61997,4.45692,4.48409,1308403.0
2021-01-04,4.53844,4.755859999999999,4.53844,4.67433,4257383.0
2021-01-05,4.728680000000001,4.8373800000000005,4.64715,4.7015,3390945.0
2021-01-06,4.7015,5.1635,4.7015,5.1635,1662346.0
2021-01-07,5.43526,5.67985,5.43526,5.67985,3124850.0
2021-01-08,5.84291,5.97879,5.54397,5.70703,3156729.0
2021-01-11,5.70703,5.84291,5.4080900000000005,5.43526,2987023.0
2021-01-12,5.43526,5.598319999999999,5.1635,5.54397,2284067.0
2021-01-13,5.571140000000001,5.76138,5.4896199999999995,5.54397,1556885.0
2021-01-14,5.598319999999999,6.08749,5.35373,6.08749,3247562.0
2021-01-15,6.08749,6.60384,6.08749,6.44079,2330530.0
2021-01-18,6.413609999999999,6.63102,6.386430000000001,6.413609999999999,1997605.0
2021-01-19,6.413609999999999,6.52232,5.78856,5.815729999999999,4216283.0
2021-01-20,5.87008,6.141850000000001,5.29938,6.141850000000001,2800971.0
2021-01-21,6.2505500000000005,6.52232,6.11467,6.277729999999999,1831860.0
2021-01-22,6.277729999999999,6.277729999999999,6.0059700000000005,6.11467,1744469.0
2021-01-25,6.08749,6.169020000000001,5.70703,6.0059700000000005,2375922.0
2021-01-26,5.97879,6.0059700000000005,5.4080900000000005,5.4896199999999995,1684802.0
2021-01-27,5.4896199999999995,5.4896199999999995,4.94609,4.94609,1646160.0
2021-01-28,4.755859999999999,4.755859999999999,4.45692,4.45692,949748.0
2021-01-29,4.02209,4.78303,4.02209,4.728680000000001,2084020.0
2021-02-01,4.728680000000001,4.8373800000000005,4.26668,4.26668,1309601.0
2021-02-02,4.21233,4.48409,4.10362,4.40256,845804.0
2021-02-03,4.42974,4.8373800000000005,4.42974,4.8373800000000005,1693562.0
2021-02-04,5.000439999999999,5.29938,4.86456,5.02762,1475574.0
2021-02-05,5.02762,5.29938,5.02762,5.19068,1139704.0
2021-02-08,5.19068,5.4080900000000005,4.755859999999999,4.97327,1682834.0
2021-02-09,4.9189099999999994,5.21785,4.86456,5.1635,844133.0
2021-02-17,5.000439999999999,5.4896199999999995,4.64715,5.51679,1233062.0
2021-02-18,5.51679,5.571140000000001,5.35373,5.4080900000000005,1077674.0
2021-02-19,5.4080900000000005,5.4896199999999995,5.19068,5.4080900000000005,1037260.0
2021-02-22,5.4080900000000005,5.4896199999999995,5.29938,5.29938,794523.0
2021-02-23,5.29938,5.598319999999999,5.24503,5.54397,1669578.0
2021-02-24,5.571140000000001,6.08749,5.54397,5.97879,4573199.0
2021-02-25,5.97879,6.2505500000000005,5.92444,6.141850000000001,1922400.0
2021-02-26,6.141850000000001,6.141850000000001,5.571140000000001,6.03314,1360955.0
2021-03-01,5.97879,6.2505500000000005,5.97879,6.169020000000001,1914544.0
2021-03-02,6.22338,6.386430000000001,6.08749,6.169020000000001,1608382.0
2021-03-03,6.11467,6.35926,6.08749,6.277729999999999,2299967.0
2021-03-04,6.277729999999999,6.3320799999999995,5.95161,6.11467,2776938.0
2021-03-05,6.06032,6.52232,5.92444,6.46796,3890397.0
2021-03-08,6.49514,6.79408,6.386430000000001,6.63102,2852749.0
2021-03-09,6.63102,6.6582,6.35926,6.44079,1898376.0
2021-03-10,6.44079,6.46796,6.30491,6.413609999999999,2020332.0
2021-03-11,6.413609999999999,6.63102,6.413609999999999,6.46796,2150362.0
2021-03-12,6.49514,6.54949,6.35926,6.44079,1293432.0
2021-03-15,6.46796,6.46796,6.30491,6.30491,1544996.0
2021-03-16,6.3320799999999995,6.3320799999999995,6.08749,6.1962,2323949.0
2021-03-17,6.169020000000001,6.277729999999999,6.11467,6.169020000000001,1298680.0
2021-03-18,6.2505500000000005,6.49514,6.1962,6.277729999999999,1332817.0
2021-03-19,6.277729999999999,6.46796,6.22338,6.3320799999999995,1426070.0
2021-03-22,6.3320799999999995,6.413609999999999,6.277729999999999,6.30491,1182269.0
2021-03-23,6.30491,6.35926,6.11467,6.1962,1286675.0
2021-03-24,6.169020000000001,6.22338,5.70703,6.06032,2265030.0
2021-03-25,6.03314,6.08749,5.84291,5.89726,1286606.0
2021-03-26,5.89726,6.06032,5.4896199999999995,6.03314,1606282.0
2021-03-29,6.08749,6.08749,5.95161,6.08749,815090.0
2021-03-30,6.08749,6.141850000000001,5.97879,6.141850000000001,1454450.0
2021-03-31,6.141850000000001,6.1962,6.06032,6.11467,845746.0
2021-04-01,6.141850000000001,6.71255,6.11467,6.71255,5348463.0
2021-04-02,6.68537,7.065840000000001,6.68537,6.79408,3559458.0
2021-04-05,6.79408,7.03867,6.79408,6.984310000000001,2885481.0
2021-04-06,6.984310000000001,7.01149,6.79408,6.8484300000000005,2964203.0
2021-04-07,6.90278,7.33761,6.79408,7.20172,2915755.0
2021-04-08,7.20172,7.33761,7.09302,7.09302,1734917.0
2021-04-09,7.09302,7.17455,7.01149,7.14737,1326925.0
2021-04-12,7.14737,7.33761,7.065840000000001,7.31043,2282886.0
2021-04-13,7.31043,7.41913,6.984310000000001,7.01149,2282886.0
2021-04-14,6.957140000000001,7.12019,6.87561,7.065840000000001,1482555.0
2021-04-15,7.14737,7.14737,6.8212600000000005,6.87561,1949216.0
2021-04-16,6.87561,6.92996,6.35926,6.87561,2250493.0
2021-04-19,6.87561,6.957140000000001,6.68537,6.92996,1119614.0
2021-04-20,6.957140000000001,7.09302,6.73973,6.79408,1561724.0
2021-04-22,6.79408,6.90278,6.11467,6.11467,1540802.0
2021-04-23,6.11467,6.6582,5.54397,6.6582,1815584.0
2021-04-26,6.6582,6.6582,6.2505500000000005,6.277729999999999,1171798.0
2021-04-27,6.277729999999999,6.386430000000001,6.08749,6.1962,641825.0
2021-04-28,6.1962,6.35926,6.1962,6.2505500000000005,608917.0
2021-04-29,6.2505500000000005,6.35926,6.22338,6.35926,856459.0
2021-05-04,6.3320799999999995,6.413609999999999,6.141850000000001,6.413609999999999,957610.0
2021-05-05,6.413609999999999,6.71255,6.3320799999999995,6.60384,1691655.0
2021-05-06,6.63102,6.6582,6.44079,6.46796,785218.0
2021-05-07,6.46796,6.52232,6.2505500000000005,6.30491,1214078.0
2021-05-10,6.386430000000001,6.92996,6.3320799999999995,6.92996,4433026.0
2021-05-11,7.065840000000001,7.33761,6.92996,6.984310000000001,2457068.0
2021-05-12,7.065840000000001,7.20172,6.8484300000000005,7.20172,2654925.0
2021-05-13,7.20172,7.47349,7.14737,7.33761,3743814.0
2021-05-14,7.36478,7.47349,7.09302,7.28325,3497161.0
2021-05-17,7.58185,7.9886800000000004,7.58185,7.9886800000000004,436477.0
2021-05-18,8.765360000000001,8.765360000000001,8.35853,8.580440000000001,4266979.0
2021-05-19,8.469479999999999,8.50647,8.24758,8.50647,2318585.0
2021-05-20,8.50647,9.320129999999999,8.35853,9.06124,2520069.0
2021-05-21,9.06124,9.20918,8.72838,8.802340000000001,2321832.0
2021-05-24,8.802340000000001,8.83933,8.580440000000001,8.69139,1786957.0
2021-05-25,8.69139,8.9133,8.580440000000001,8.87631,2368091.0
2021-05-26,8.87631,9.17219,8.72838,9.135209999999999,2106765.0
2021-05-27,9.135209999999999,9.24616,8.69139,8.9133,1958624.0
2021-05-28,8.9133,9.17219,8.802340000000001,9.135209999999999,2612255.0
2021-05-31,9.24616,10.02284,9.135209999999999,10.02284,3576935.0
2021-06-01,10.09681,10.72555,10.05982,10.3557,3277706.0
2021-06-02,10.3557,10.8365,9.985850000000001,10.8365,3798587.0
2021-06-03,10.8365,11.909049999999999,10.799520000000001,11.65016,2883668.0
2021-06-04,11.65016,11.835090000000001,11.28032,11.46524,2597889.0
2021-06-07,11.46524,11.46524,10.318719999999999,10.42967,4265206.0
2021-06-08,10.42967,10.72555,9.3941,9.43108,3770785.0
2021-06-09,9.43108,10.3557,9.135209999999999,10.318719999999999,2979284.0
2021-06-10,10.39268,10.42967,9.948870000000001,10.05982,1454827.0
2021-06-11,10.05982,10.65158,9.8749,10.3557,2167347.0
2021-06-14,10.318719999999999,11.28032,10.20776,11.05841,5069957.0
2021-06-15,11.05841,11.46524,10.91047,11.169360000000001,2965574.0
2021-06-16,11.169360000000001,11.39127,10.688559999999999,10.76253,2670661.0
2021-06-17,10.688559999999999,10.91047,9.726959999999998,10.8365,3121716.0
2021-06-18,10.8365,11.05841,10.799520000000001,10.91047,1961282.0
2021-06-21,10.8365,10.984440000000001,10.57761,10.57761,1574375.0
2021-06-22,10.61459,10.799520000000001,10.54062,10.61459,1584814.0
2021-06-23,10.688559999999999,11.02142,10.61459,10.76253,2006397.0
2021-06-24,10.799520000000001,10.94745,10.65158,10.799520000000001,1934488.0
2021-06-25,10.799520000000001,11.46524,10.76253,11.42825,3744074.0
2021-06-28,11.46524,11.835090000000001,11.42825,11.50222,1934138.0
2021-06-29,11.50222,11.835090000000001,11.28032,11.46524,2661336.0
2021-06-30,11.46524,11.65016,11.35429,11.61318,2164883.0
2021-07-01,11.65016,12.7597,11.61318,12.7597,5455655.0
2021-07-02,12.7597,13.49939,12.7597,13.203520000000001,3140482.0
2021-07-05,13.203520000000001,13.2405,12.38986,12.870659999999999,2909425.0
2021-07-06,12.870659999999999,13.388440000000001,11.61318,11.61318,4459236.0
2021-07-07,12.204930000000001,12.204930000000001,10.72555,12.204930000000001,3202471.0
2021-07-08,12.204930000000001,12.537790000000001,12.167950000000001,12.537790000000001,2063908.0
2021-07-09,12.537790000000001,12.7597,11.3173,11.835090000000001,3339545.0
2021-07-12,11.835090000000001,11.835090000000001,10.65158,10.72555,4638005.0
2021-07-13,10.72555,11.09539,10.65158,11.09539,2136280.0
2021-07-14,11.09539,11.13238,10.3557,10.54062,1604519.0
2021-07-15,10.54062,11.13238,10.3557,11.09539,1577999.0
2021-07-16,11.169360000000001,11.28032,10.873479999999999,10.91047,1386762.0
2021-07-19,10.799520000000001,10.799520000000001,9.837909999999999,9.837909999999999,2700390.0
2021-07-20,9.800930000000001,10.688559999999999,9.54204,10.688559999999999,2156136.0
2021-07-21,10.799520000000001,11.09539,10.503639999999999,10.61459,1207767.0
2021-07-22,10.57761,10.873479999999999,10.39268,10.799520000000001,1673853.0
2021-07-23,10.8365,10.8365,10.46665,10.46665,1964503.0
2021-07-26,10.28173,10.28173,9.800930000000001,10.05982,3832853.0
2021-07-27,10.05982,10.54062,10.05982,10.24475,2641779.0
2021-07-28,10.24475,10.3557,10.05982,10.09681,1443278.0
2021-07-29,10.133790000000001,10.3557,10.09681,10.3557,2794627.0
2021-07-30,10.3557,10.94745,10.3557,10.76253,3880810.0
2021-08-02,10.76253,10.94745,10.61459,10.72555,2794798.0
2021-08-03,10.72555,11.09539,10.54062,11.05841,4648594.0
2021-08-04,11.28032,11.57619,11.09539,11.46524,5016630.0
2021-08-05,11.46524,11.65016,11.3173,11.65016,2728833.0
2021-08-06,11.65016,11.687149999999999,11.28032,11.3173,4062076.0
2021-08-09,11.28032,12.020010000000001,10.873479999999999,11.94604,5279680.0
2021-08-10,11.98302,12.13096,11.724129999999999,11.94604,3400502.0
2021-08-11,11.94604,12.167950000000001,11.835090000000001,11.835090000000001,3914514.0
2021-08-12,11.835090000000001,12.020010000000001,11.687149999999999,11.687149999999999,3493959.0
2021-08-13,11.65016,12.020010000000001,11.50222,12.020010000000001,3938992.0
2021-08-16,12.13096,13.16653,12.020010000000001,13.16653,5867464.0
2021-08-17,13.203520000000001,13.388440000000001,12.79669,12.98161,4063183.0
2021-08-18,13.12955,13.68432,12.7597,13.42543,5084309.0
2021-08-19,13.31447,13.7213,13.203520000000001,13.68432,3208280.0
2021-08-20,13.68432,13.86924,12.64875,13.2405,7775744.0
2021-08-23,13.2405,13.86924,12.870659999999999,13.46241,6019857.0
2021-08-24,13.46241,13.68432,12.204930000000001,12.38986,5615543.0
2021-08-25,12.38986,12.79669,12.204930000000001,12.79669,2398854.0
2021-08-26,12.83367,12.94462,12.38986,12.61176,2228087.0
2021-08-27,12.61176,12.79669,11.835090000000001,12.79669,2919375.0
2021-08-30,12.79669,13.12955,12.64875,13.12955,2632052.0
2021-08-31,13.12955,13.35146,12.907639999999999,13.01859,2427409.0
2021-09-01,13.01859,13.27749,12.83367,13.12955,2528575.0
2021-09-06,13.12955,13.573360000000001,13.12955,13.49939,3633176.0
2021-09-07,13.49939,14.05416,13.49939,13.75829,4915852.0
2021-09-08,13.75829,13.943209999999999,13.31447,13.42543,2481029.0
2021-09-09,13.42543,13.53638,13.2405,13.49939,1928060.0
2021-09-10,13.49939,13.68432,13.388440000000001,13.388440000000001,2164136.0
2021-09-13,13.27749,13.42543,12.79669,12.94462,4167234.0
2021-09-14,12.94462,12.94462,12.50081,12.50081,3204931.0
2021-09-15,12.50081,12.94462,12.24192,12.870659999999999,1890553.0
2021-09-16,12.83367,12.94462,12.61176,12.68573,1133558.0
2021-09-17,12.68573,13.12955,12.64875,13.01859,1906092.0
2021-09-20,13.01859,13.12955,11.724129999999999,12.7597,1890718.0
2021-09-21,12.7597,12.7597,12.24192,12.537790000000001,1895873.0
2021-09-22,12.57478,12.68573,12.31589,12.61176,1097804.0
2021-09-23,12.61176,12.94462,12.42684,12.64875,1557385.0
2021-09-24,12.64875,12.7597,12.50081,12.50081,775082.0
2021-09-27,12.50081,12.57478,11.909049999999999,11.909049999999999,1898504.0
2021-09-28,11.909049999999999,12.167950000000001,11.65016,12.167950000000001,1405004.0
2021-09-29,12.204930000000001,12.204930000000001,11.909049999999999,12.056989999999999,810878.0
2021-09-30,12.020010000000001,12.204930000000001,12.020010000000001,12.020010000000001,668944.0
2021-10-01,12.020010000000001,12.13096,11.724129999999999,11.76112,1290792.0
2021-10-04,11.76112,11.835090000000001,11.20635,11.24333,2606232.0
2021-10-05,11.24333,12.204930000000001,11.20635,12.09398,1839545.0
2021-10-06,12.13096,12.352870000000001,11.94604,12.020010000000001,811174.0
2021-10-07,11.94604,12.2789,11.909049999999999,12.167950000000001,1322088.0
2021-10-08,12.204930000000001,12.42684,12.13096,12.24192,1167136.0
2021-10-11,12.24192,12.57478,12.24192,12.50081,993211.0
2021-10-12,12.57478,12.68573,12.38986,12.38986,1751250.0
2021-10-13,12.38986,12.50081,12.167950000000001,12.204930000000001,1070039.0
2021-10-14,12.24192,12.50081,12.204930000000001,12.38986,1171181.0
2021-10-15,12.38986,12.57478,12.24192,12.38986,1061065.0
2021-10-18,12.46382,12.7597,12.31589,12.537790000000001,1856450.0
2021-10-19,12.61176,12.79669,12.352870000000001,12.64875,1494450.0
2021-10-20,12.64875,12.7597,12.2789,12.50081,1117637.0
2021-10-21,12.537790000000001,12.68573,12.2789,12.42684,1218136.0
2021-10-22,12.42684,12.46382,12.204930000000001,12.2789,1365616.0
2021-10-25,12.31589,12.38986,11.872069999999999,11.98302,1518135.0
2021-10-26,11.98302,12.352870000000001,11.687149999999999,12.204930000000001,863449.0
2021-10-27,12.24192,12.68573,12.13096,12.64875,2263811.0
2021-10-28,12.68573,13.12955,12.64875,12.94462,3222195.0
2021-10-29,12.94462,13.055579999999999,12.64875,12.907639999999999,1815604.0
2021-11-01,12.907639999999999,13.68432,12.907639999999999,13.53638,4873159.0
2021-11-02,13.61035,14.239090000000001,13.573360000000001,14.128129999999999,3926823.0
2021-11-03,14.276069999999999,14.42401,13.42543,13.7213,3803901.0
2021-11-04,13.75829,14.86783,13.68432,14.53496,4323515.0
2021-11-05,14.49798,14.79386,14.350040000000002,14.53496,2808902.0
2021-11-08,14.49798,14.90481,14.42401,14.79386,3361344.0
2021-11-09,14.79386,14.90481,14.49798,14.86783,2753245.0
2021-11-10,14.86783,15.311639999999999,14.756870000000001,14.86783,1807225.0
2021-11-11,14.86783,15.126719999999999,14.091149999999999,14.571950000000001,3652596.0
2021-11-12,14.571950000000001,14.97878,14.461,14.941799999999999,2128083.0
2021-11-15,14.941799999999999,16.162290000000002,14.941799999999999,15.53355,2835645.0
2021-11-16,15.607520000000001,16.05133,15.08973,15.71847,1997862.0
2021-11-17,15.71847,16.27324,15.53355,15.792440000000001,2475015.0
2021-11-18,15.792440000000001,17.01294,15.792440000000001,16.64309,3038666.0
2021-11-19,16.68007,16.82801,14.97878,15.71847,4072179.0
2021-11-22,15.71847,16.162290000000002,15.20069,15.49657,2679627.0
2021-11-23,15.34863,16.27324,14.79386,16.199270000000002,1965859.0
2021-11-24,16.45817,16.90198,16.23626,16.53214,2095286.0
2021-11-25,16.569119999999998,17.197860000000002,16.27324,16.93897,2396855.0
2021-11-26,16.90198,17.0869,16.23626,16.27324,2282020.0
2021-11-29,15.68149,16.64309,15.1637,16.45817,1709178.0
2021-11-30,16.865,16.865,16.05133,16.05133,2608770.0
2021-12-01,16.05133,16.1253,15.38561,15.68149,2098610.0
2021-12-02,15.75546,16.08832,15.45958,15.53355,1436359.0
2021-12-03,15.53355,15.71847,14.239090000000001,14.239090000000001,3244949.0
2021-12-06,14.239090000000001,14.571950000000001,13.092559999999999,13.64733,3198168.0
2021-12-07,14.05416,14.239090000000001,13.53638,14.05416,1815609.0
2021-12-08,14.239090000000001,14.350040000000002,14.01718,14.16512,1346752.0
2021-12-09,14.16512,14.571950000000001,14.01718,14.53496,1557558.0
2021-12-10,14.571950000000001,14.90481,14.461,14.64592,1555170.0
2021-12-13,14.64592,15.08973,14.571950000000001,15.01576,1373470.0
2021-12-14,15.01576,15.274659999999999,14.79386,14.941799999999999,1301411.0
2021-12-15,14.941799999999999,14.97878,14.60893,14.60893,1258056.0
2021-12-16,14.60893,14.756870000000001,14.239090000000001,14.276069999999999,1612094.0
2021-12-17,14.2021,14.79386,14.2021,14.79386,1598060.0
2021-12-20,14.79386,15.274659999999999,14.79386,15.01576,1702095.0
2021-12-21,15.01576,15.05275,14.60893,14.64592,1219908.0
2021-12-22,14.6829,14.756870000000001,14.31306,14.31306,1560000.0
2021-12-23,14.239090000000001,14.350040000000002,13.31447,13.68432,2473740.0
2021-12-24,13.68432,14.091149999999999,13.68432,13.906229999999999,914305.0
2021-12-27,13.906229999999999,14.276069999999999,13.86924,14.16512,715288.0
2021-12-28,14.16512,14.2021,13.86924,13.943209999999999,1222092.0
2021-12-29,13.943209999999999,14.239090000000001,13.83226,14.05416,934090.0
2021-12-30,14.01718,15.23767,14.01718,15.1637,2448459.0
2021-12-31,15.1637,15.53355,14.90481,14.941799999999999,1147976.0
2022-01-04,14.941799999999999,15.1637,14.79386,15.08973,1193212.0
2022-01-05,15.126719999999999,15.607520000000001,15.08973,15.1637,2659819.0
2022-01-06,15.20069,15.23767,14.86783,14.86783,1231987.0
2022-01-07,14.90481,15.126719999999999,14.571950000000001,14.86783,1563773.0
2022-01-10,14.86783,15.1637,14.2021,14.2021,2573212.0
2022-01-11,14.2021,14.350040000000002,13.61035,13.83226,1604818.0
2022-01-12,13.79527,14.31306,13.573360000000001,14.239090000000001,1723928.0
2022-01-13,14.239090000000001,14.71989,13.98019,13.98019,992356.0
2022-01-14,13.98019,14.128129999999999,13.68432,13.7213,833729.0
2022-01-17,13.7213,13.86924,12.352870000000001,12.352870000000001,3581532.0
2022-01-18,12.352870000000001,12.38986,11.20635,11.724129999999999,1381719.0
2022-01-19,11.724129999999999,12.42684,11.724129999999999,12.352870000000001,722082.0
2022-01-20,12.352870000000001,12.68573,12.167950000000001,12.61176,794302.0
2022-01-21,12.61176,12.64875,12.31589,12.31589,794284.0
2022-01-24,12.24192,12.31589,11.13238,11.20635,1336266.0
2022-01-25,11.24333,11.539209999999999,10.54062,11.39127,859246.0
2022-01-26,11.46524,11.76112,11.39127,11.50222,667484.0
2022-01-27,11.50222,11.94604,11.24333,11.724129999999999,549824.0
2022-01-28,11.724129999999999,12.167950000000001,11.724129999999999,12.13096,533079.0
2022-02-07,12.13096,12.870659999999999,12.09398,12.50081,708520.0
2022-02-08,12.46382,12.722719999999999,12.2789,12.537790000000001,621541.0
2022-02-09,12.537790000000001,12.83367,12.537790000000001,12.64875,683522.0
2022-02-10,12.7597,12.7597,12.46382,12.57478,552262.0
2022-02-11,12.57478,12.68573,12.42684,12.537790000000001,708735.0
2022-02-14,12.46382,12.46382,12.13096,12.13096,973318.0
2022-02-15,12.13096,12.2789,12.020010000000001,12.24192,500636.0
2022-02-16,12.24192,12.537790000000001,12.24192,12.46382,554132.0
2022-02-17,12.46382,12.61176,12.24192,12.57478,779717.0
2022-02-18,12.64875,13.12955,12.31589,13.055579999999999,1516352.0
2022-02-21,13.2405,13.64733,13.01859,13.64733,1770809.0
2022-02-22,13.64733,13.64733,13.16653,13.573360000000001,1801114.0
2022-02-23,13.573360000000001,13.79527,13.49939,13.573360000000001,921520.0
2022-02-24,13.573360000000001,13.86924,12.94462,13.46241,2090144.0
2022-02-25,13.42543,14.01718,13.42543,13.83226,1779605.0
2022-02-28,13.83226,14.01718,13.75829,13.86924,868103.0
2022-03-01,13.86924,13.98019,13.75829,13.943209999999999,969861.0
2022-03-02,13.943209999999999,13.943209999999999,13.46241,13.79527,1453056.0
2022-03-03,13.79527,13.943209999999999,13.68432,13.86924,971275.0
2022-03-04,14.01718,14.42401,13.86924,14.239090000000001,1898177.0
2022-03-07,14.239090000000001,14.276069999999999,13.943209999999999,14.01718,1058571.0
2022-03-08,14.01718,14.350040000000002,13.68432,13.906229999999999,1637638.0
2022-03-09,13.906229999999999,14.05416,13.42543,13.53638,1521446.0
2022-03-10,13.68432,14.05416,13.64733,13.7213,540497.0
2022-03-11,13.75829,13.79527,13.203520000000001,13.2405,1292080.0
2022-03-14,13.2405,13.2405,12.38986,12.7597,1688280.0
2022-03-15,12.68573,13.092559999999999,12.64875,12.83367,485424.0
2022-03-16,12.870659999999999,13.092559999999999,12.870659999999999,13.01859,433624.0
2022-03-17,13.2405,13.27749,13.01859,13.12955,411367.0
2022-03-18,13.16653,13.203520000000001,13.01859,13.055579999999999,390107.0
2022-03-21,13.12955,13.27749,13.01859,13.27749,563959.0
2022-03-22,13.31447,13.49939,13.27749,13.42543,621612.0
2022-03-23,13.53638,13.573360000000001,13.388440000000001,13.46241,567679.0
2022-03-24,13.46241,13.46241,13.203520000000001,13.203520000000001,693056.0
2022-03-25,13.203520000000001,13.27749,13.055579999999999,13.055579999999999,509398.0
2022-03-28,12.870659999999999,13.055579999999999,12.50081,12.61176,962036.0
2022-03-29,13.12955,13.12955,12.61176,12.79669,514079.0
2022-03-30,12.57478,12.98161,12.537790000000001,12.61176,705861.0
2022-03-31,12.61176,12.907639999999999,12.537790000000001,12.537790000000001,543614.0
2022-04-01,12.537790000000001,12.94462,12.42684,12.94462,653082.0
2022-04-04,13.01859,13.98019,13.01859,13.86924,2050658.0
2022-04-05,13.86924,14.128129999999999,13.61035,13.64733,1290517.0
2022-04-06,13.68432,14.05416,13.46241,13.83226,1135345.0
2022-04-07,13.83226,14.16512,13.7213,13.7213,2108782.0
2022-04-08,13.7213,14.05416,13.49939,13.49939,1083549.0
2022-04-12,13.49939,13.61035,12.7597,12.7597,877852.0
2022-04-13,12.907639999999999,13.31447,12.42684,13.31447,923796.0
2022-04-14,13.35146,13.53638,12.98161,13.16653,374082.0
2022-04-15,13.2405,13.2405,12.57478,12.68573,758353.0
2022-04-18,12.68573,12.68573,11.42825,11.76112,2045970.0
2022-04-19,11.28032,12.020010000000001,11.02142,11.169360000000001,1048327.0
2022-04-20,11.28032,11.539209999999999,10.799520000000001,11.13238,795238.0
2022-04-21,11.13238,11.98302,10.02284,11.65016,775209.0
2022-04-22,11.65016,11.94604,11.24333,11.724129999999999,629380.0
2022-04-25,11.76112,11.835090000000001,10.57761,10.57761,960728.0
2022-04-26,10.503639999999999,11.24333,9.616010000000001,11.169360000000001,684580.0
2022-04-27,11.24333,11.39127,10.17078,11.35429,366804.0
2022-04-28,11.35429,11.539209999999999,11.20635,11.28032,389927.0
2022-04-29,11.28032,11.46524,11.02142,11.20635,615194.0
2022-05-04,11.20635,11.28032,10.799520000000001,10.873479999999999,389122.0
2022-05-05,10.873479999999999,11.20635,10.57761,11.20635,487692.0
2022-05-06,11.09539,11.09539,10.20776,10.20776,459752.0
2022-05-09,10.20776,10.20776,9.20918,9.20918,819314.0
2022-05-10,8.39551,9.3941,8.32154,9.17219,694563.0
2022-05-11,9.43108,9.43108,9.09822,9.17219,191731.0
2022-05-12,9.17219,9.17219,8.284559999999999,8.284559999999999,859117.0
2022-05-13,7.470899999999999,8.21059,7.470899999999999,7.470899999999999,1627230.0
2022-05-16,6.731199999999999,8.13662,6.731199999999999,7.655819999999999,628746.0
2022-05-17,6.91613,8.39551,6.91613,8.39551,751548.0
2022-05-18,8.50647,8.950280000000001,8.32154,8.35853,893595.0
2022-05-19,8.32154,8.69139,7.8037600000000005,8.54345,819778.0
2022-05-20,8.54345,8.9133,8.32154,8.50647,620176.0
2022-05-23,8.50647,8.580440000000001,7.76677,7.91471,653424.0
2022-05-24,7.91471,8.284559999999999,7.655819999999999,8.284559999999999,553837.0
2022-05-25,8.32154,8.87631,8.17361,8.765360000000001,745463.0
2022-05-26,8.765360000000001,9.135209999999999,8.765360000000001,8.87631,595738.0
2022-05-27,8.87631,9.06124,8.65441,8.802340000000001,577703.0
2022-05-30,8.802340000000001,9.02425,8.802340000000001,8.83933,609728.0
2022-05-31,8.83933,8.9133,8.32154,8.69139,491618.0
2022-06-01,8.65441,8.802340000000001,8.469479999999999,8.65441,467100.0
2022-06-02,8.69139,8.87631,8.39551,8.39551,726273.0
2022-06-03,8.39551,8.61742,8.21059,8.21059,582793.0
2022-06-06,8.24758,8.69139,8.21059,8.32154,528474.0
2022-06-07,8.32154,8.35853,7.8037600000000005,8.24758,534305.0
2022-06-08,8.32154,8.69139,8.284559999999999,8.469479999999999,764570.0
2022-06-09,8.50647,8.83933,8.50647,8.72838,717457.0
2022-06-10,8.69139,8.83933,8.4325,8.469479999999999,698733.0
2022-06-13,7.76677,8.24758,7.655819999999999,7.655819999999999,951764.0
2022-06-14,7.6188400000000005,7.76677,7.32296,7.5448699999999995,515439.0
2022-06-15,7.5448699999999995,7.58185,6.80517,6.8791400000000005,1079637.0
2022-06-16,6.8791400000000005,7.21201,6.5093000000000005,6.65724,666488.0
2022-06-17,6.65724,6.65724,5.99151,5.99151,1399045.0
2022-06-20,5.399760000000001,6.1764399999999995,5.399760000000001,5.399760000000001,945417.0
2022-06-21,5.02991,5.88056,4.88197,5.73262,2382976.0
2022-06-22,5.17785,6.28739,5.17785,6.21342,1035951.0
2022-06-23,6.1764399999999995,6.28739,5.73262,6.21342,673028.0
2022-06-24,6.13945,6.3613599999999995,6.06548,6.13945,1163721.0
2022-06-27,6.2504,6.62025,6.13945,6.62025,1094743.0
2022-06-28,6.62025,6.6942200000000005,6.47231,6.47231,1017517.0
2022-06-29,6.5093000000000005,6.731199999999999,6.39834,6.5093000000000005,1098399.0
2022-06-30,6.5093000000000005,6.8791400000000005,6.13945,6.13945,1509306.0
2022-07-01,6.13945,6.731199999999999,5.95453,6.546279999999999,1215472.0
2022-07-04,6.546279999999999,6.9901,6.546279999999999,6.8791400000000005,1444533.0
2022-07-05,6.8791400000000005,6.95311,6.65724,6.731199999999999,1146303.0
2022-07-06,6.65724,6.731199999999999,6.28739,6.3613599999999995,1044898.0
2022-07-07,6.32437,6.5093000000000005,6.21342,6.4353299999999996,722551.0
2022-07-08,6.4353299999999996,6.8791400000000005,6.4353299999999996,6.80517,1148534.0
2022-07-11,6.80517,6.95311,6.47231,6.62025,1069313.0
2022-07-12,6.62025,6.80517,6.546279999999999,6.80517,746803.0
2022-07-13,6.80517,6.95311,6.65724,6.731199999999999,856378.0
2022-07-14,6.65724,7.39693,6.62025,7.39693,2398000.0
2022-07-15,7.39693,7.58185,7.175020000000001,7.175020000000001,1200768.0
2022-07-18,7.21201,7.39693,7.13804,7.175020000000001,1273568.0
2022-07-19,7.175020000000001,7.50788,7.02708,7.43391,2341757.0
2022-07-20,7.470899999999999,8.06265,7.470899999999999,7.87773,2241574.0
2022-07-21,7.9517,7.9517,7.655819999999999,7.692810000000001,1059004.0
2022-07-22,7.76677,7.87773,7.50788,7.50788,1617275.0
2022-07-25,7.50788,7.91471,7.35994,7.76677,1557962.0
2022-07-26,7.76677,7.91471,7.6188400000000005,7.692810000000001,848484.0
2022-07-27,7.692810000000001,8.02567,7.5448699999999995,7.9517,1872227.0
2022-07-28,8.09964,8.72838,7.9886800000000004,8.21059,1914562.0
2022-07-29,8.24758,8.469479999999999,8.13662,8.24758,1525734.0
2022-08-01,8.21059,8.87631,8.21059,8.765360000000001,2379522.0
2022-08-02,8.765360000000001,8.83933,8.50647,8.61742,1920330.0
2022-08-03,8.50647,8.87631,8.4325,8.83933,2100550.0
2022-08-04,8.83933,8.98727,8.61742,8.72838,1930553.0
2022-08-05,8.69139,9.24616,8.65441,9.24616,3165666.0
2022-08-08,9.20918,9.43108,9.20918,9.28315,2466170.0
2022-08-09,9.35711,9.3941,9.135209999999999,9.28315,1963424.0
2022-08-10,9.28315,9.320129999999999,9.135209999999999,9.135209999999999,2390619.0
2022-08-11,9.17219,9.35711,8.9133,9.02425,3825817.0
2022-08-12,9.352219999999999,9.8825,9.15939,9.8825,2323349.0
2022-08-15,9.8825,10.21995,9.78608,9.834290000000001,1602573.0
2022-08-16,9.834290000000001,9.8825,9.641459999999999,9.737879999999999,1248024.0
2022-08-17,9.641459999999999,9.834290000000001,9.54505,9.59325,2004122.0
2022-08-18,9.59325,9.8825,9.44863,9.78608,1930915.0
2022-08-19,9.68967,9.9307,9.54505,9.641459999999999,1554129.0
2022-08-22,9.641459999999999,9.737879999999999,9.352219999999999,9.40042,1735111.0
2022-08-23,9.44863,9.9307,9.06297,9.9307,3747774.0
2022-08-24,8.96656,10.02712,8.96656,9.834290000000001,1795351.0
2022-08-25,9.834290000000001,10.02712,9.78608,9.834290000000001,1856381.0
2022-08-26,9.834290000000001,9.8825,9.44863,9.54505,2192530.0
2022-08-29,9.49684,9.49684,8.91835,9.40042,2889208.0
2022-08-30,9.44863,9.68967,9.30401,9.30401,1320426.0
2022-08-31,9.30401,9.44863,9.111180000000001,9.352219999999999,969981.0
2022-09-05,9.352219999999999,9.49684,9.15939,9.255799999999999,855475.0
2022-09-06,9.30401,9.44863,9.255799999999999,9.30401,1297462.0
2022-09-07,9.255799999999999,9.40042,8.91835,8.91835,1718720.0
2022-09-08,8.05062,9.111180000000001,8.05062,8.5809,1688572.0
2022-09-09,7.76138,8.91835,7.76138,8.67731,1464272.0
2022-09-12,8.82194,8.91835,8.5809,8.5809,621902.0
2022-09-13,8.67731,8.67731,8.48449,8.62911,702226.0
2022-09-14,8.48449,8.87014,8.19524,8.82194,1645348.0
2022-09-15,8.87014,8.96656,8.67731,8.773729999999999,685827.0
2022-09-16,8.773729999999999,8.773729999999999,8.29166,8.29166,893384.0
2022-09-19,8.29166,8.33986,7.61675,7.71317,1711174.0
2022-09-20,7.71317,8.243450000000001,7.66496,8.19524,1435759.0
2022-09-21,8.19524,8.243450000000001,7.9542,8.147029999999999,608220.0
2022-09-22,7.37572,8.5809,7.37572,8.53269,1386323.0
2022-09-23,8.5809,8.5809,8.19524,8.29166,925959.0
2022-09-26,8.05062,8.19524,7.56855,7.906,1639628.0
2022-09-27,7.76138,8.147029999999999,7.76138,8.05062,739609.0
2022-09-28,7.9542,8.43628,7.906,8.19524,2174853.0
2022-09-29,8.33986,8.53269,8.09883,8.09883,1441489.0
2022-09-30,7.9542,8.43628,7.66496,8.43628,2740474.0
2022-10-03,8.43628,8.43628,7.61675,7.61675,1678862.0
2022-10-04,7.76138,8.00241,7.61675,7.61675,1800629.0
2022-10-05,7.66496,8.29166,7.66496,8.147029999999999,1424447.0
2022-10-06,8.147029999999999,8.243450000000001,7.66496,7.71317,1612741.0
2022-10-07,7.9542,7.9542,6.990060000000001,7.2793,2565897.0
2022-10-10,7.32751,7.8095799999999995,6.749020000000001,7.71317,1222569.0
2022-10-11,6.9418500000000005,7.8095799999999995,6.9418500000000005,6.9418500000000005,1563898.0
2022-10-12,6.26695,7.47213,6.26695,7.18289,1181595.0
2022-10-13,7.2311000000000005,7.2793,6.9418500000000005,7.038270000000001,1060659.0
2022-10-14,7.08647,7.56855,7.08647,7.2311000000000005,1718381.0
2022-10-17,7.2311000000000005,7.2311000000000005,6.990060000000001,7.18289,688984.0
2022-10-18,7.37572,7.47213,7.13468,7.13468,958996.0
2022-10-19,7.18289,7.32751,7.13468,7.2793,773954.0
2022-10-20,7.2311000000000005,7.2793,7.13468,7.13468,452251.0
2022-10-21,7.13468,7.13468,6.459779999999999,6.459779999999999,2221007.0
2022-10-24,6.5079899999999995,6.652609999999999,5.83308,5.83308,2025717.0
2022-10-25,5.83308,6.26695,5.3510100000000005,5.83308,1475427.0
2022-10-26,5.2546,6.02591,5.2546,5.64025,627559.0
2022-10-27,5.109970000000001,6.170529999999999,5.109970000000001,6.170529999999999,1475877.0
2022-10-28,6.26695,6.5079899999999995,6.170529999999999,6.2187399999999995,1065658.0
2022-10-31,6.26695,6.5079899999999995,5.97771,6.411569999999999,1207491.0
2022-11-01,6.5079899999999995,6.79723,6.5079899999999995,6.55619,1022594.0
2022-11-02,5.9295,6.652609999999999,5.9295,6.459779999999999,720620.0
2022-11-03,6.363359999999999,6.55619,6.2187399999999995,6.363359999999999,895183.0
2022-11-04,5.73667,6.363359999999999,5.73667,5.97771,1055181.0
2022-11-07,5.399220000000001,6.07412,5.399220000000001,5.399220000000001,1507991.0
2022-11-08,5.3510100000000005,5.68846,5.01356,5.68846,756875.0
2022-11-09,5.158180000000001,5.9295,5.158180000000001,5.68846,597508.0
2022-11-10,5.206390000000001,5.59205,5.158180000000001,5.158180000000001,1600433.0
2022-11-11,4.77252,5.54384,4.6761099999999995,5.01356,1173630.0
2022-11-14,4.53149,5.158180000000001,4.53149,4.820729999999999,1882875.0
2022-11-15,4.3868599999999995,4.820729999999999,4.33866,4.33866,1734802.0
2022-11-16,3.9047899999999998,4.77252,3.9047899999999998,4.77252,2297986.0
2022-11-17,4.820729999999999,5.158180000000001,4.820729999999999,5.109970000000001,1153018.0
2022-11-18,4.6278999999999995,5.59205,4.6278999999999995,5.399220000000001,2094810.0
2022-11-21,4.868939999999999,5.54384,4.868939999999999,5.49563,1011887.0
2022-11-22,5.2546,6.02591,5.109970000000001,5.59205,1878469.0
2022-11-23,5.59205,5.68846,5.2546,5.2546,890562.0
2022-11-24,5.2546,5.49563,5.06177,5.399220000000001,1255676.0
2022-11-25,5.2546,5.9295,5.2546,5.9295,1682278.0
2022-11-28,6.12233,6.5079899999999995,6.07412,6.5079899999999995,2365884.0
2022-11-29,6.411569999999999,6.84544,6.170529999999999,6.652609999999999,4142748.0
2022-11-30,6.02591,6.84544,6.02591,6.700819999999999,2790411.0
2022-12-01,6.749020000000001,6.9418500000000005,6.363359999999999,6.411569999999999,4325145.0
2022-12-02,6.411569999999999,7.038270000000001,6.170529999999999,7.038270000000001,4640128.0
2022-12-05,7.18289,7.42392,7.038270000000001,7.32751,3933115.0
2022-12-06,6.6044,7.71317,6.6044,6.6044,4982801.0
2022-12-07,6.26695,6.749020000000001,6.2187399999999995,6.26695,4294738.0
2022-12-08,5.9295,6.89364,5.88129,6.89364,3679730.0
2022-12-09,7.038270000000001,7.08647,6.6044,6.749020000000001,2645962.0
2022-12-12,6.749020000000001,7.08647,6.26695,6.26695,3420228.0
2022-12-13,5.64025,6.84544,5.64025,6.84544,3160352.0
2022-12-14,6.89364,7.13468,6.700819999999999,6.749020000000001,2843222.0
2022-12-15,6.700819999999999,6.89364,6.26695,6.79723,1766029.0
2022-12-16,6.31516,6.9418500000000005,6.31516,6.749020000000001,2658891.0
2022-12-19,6.700819999999999,7.13468,6.652609999999999,6.652609999999999,4265348.0
2022-12-20,6.459779999999999,6.749020000000001,6.31516,6.459779999999999,3412111.0
2022-12-21,5.83308,6.700819999999999,5.83308,6.26695,3237144.0
2022-12-22,5.64025,6.5079899999999995,5.64025,6.363359999999999,1185312.0
2022-12-23,6.363359999999999,6.363359999999999,6.07412,6.170529999999999,1178500.0
2022-12-26,5.78488,6.170529999999999,5.59205,5.64025,2310881.0
2022-12-27,5.109970000000001,6.170529999999999,5.109970000000001,6.170529999999999,1473876.0
2022-12-28,6.2187399999999995,6.31516,6.02591,6.170529999999999,1376386.0
2022-12-29,6.170529999999999,6.2187399999999995,5.83308,5.9295,890725.0
2022-12-30,5.9295,6.12233,5.9295,5.9295,1249628.0
2023-01-03,5.54384,6.5079899999999995,5.54384,6.5079899999999995,3080340.0
2023-01-04,6.170529999999999,6.700819999999999,6.12233,6.411569999999999,1884177.0
2023-01-05,6.2187399999999995,6.55619,6.07412,6.459779999999999,1674905.0
2023-01-06,5.88129,6.89364,5.88129,6.6044,4345165.0
2023-01-09,6.749020000000001,6.84544,6.55619,6.55619,1425350.0
2023-01-10,6.363359999999999,6.79723,6.02591,6.700819999999999,2073992.0
2023-01-11,6.459779999999999,7.038270000000001,6.459779999999999,6.84544,2870390.0
2023-01-12,6.89364,6.9418500000000005,6.700819999999999,6.84544,1618383.0
2023-01-13,6.89364,7.13468,6.749020000000001,6.79723,2735440.0
2023-01-16,6.79723,7.038270000000001,6.749020000000001,6.89364,1767304.0
2023-01-17,6.990060000000001,7.2793,6.990060000000001,7.2793,2547198.0
2023-01-18,7.32751,7.32751,7.13468,7.2311000000000005,2207075.0
2023-01-19,7.18289,7.47213,7.08647,7.37572,2752650.0
2023-01-27,7.37572,7.71317,7.2311000000000005,7.2311000000000005,1883403.0
2023-01-30,7.2793,7.42392,6.9418500000000005,7.18289,2978195.0
2023-01-31,7.18289,7.32751,6.990060000000001,7.32751,2477797.0
2023-02-01,7.37572,7.47213,6.700819999999999,6.749020000000001,4169156.0
2023-02-02,6.79723,6.89364,6.700819999999999,6.79723,2465402.0
2023-02-03,6.89364,6.9418500000000005,6.749020000000001,6.79723,1202091.0
2023-02-06,6.9418500000000005,6.9418500000000005,6.652609999999999,6.79723,1381825.0
2023-02-07,6.79723,6.9418500000000005,6.5079899999999995,6.55619,3017095.0
2023-02-08,6.55619,6.79723,6.5079899999999995,6.749020000000001,1843170.0
2023-02-09,6.749020000000001,6.79723,6.6044,6.6044,720208.0
2023-02-10,6.6044,6.652609999999999,6.459779999999999,6.459779999999999,1283452.0
2023-02-13,6.459779999999999,6.5079899999999995,6.02591,6.170529999999999,2801377.0
2023-02-14,6.2187399999999995,6.363359999999999,6.170529999999999,6.2187399999999995,654380.0
2023-02-15,6.2187399999999995,6.55619,6.2187399999999995,6.459779999999999,1162694.0
2023-02-16,6.5079899999999995,6.652609999999999,6.5079899999999995,6.652609999999999,1283660.0
2023-02-17,6.652609999999999,6.700819999999999,6.5079899999999995,6.55619,969573.0
2023-02-20,6.6044,7.13468,6.55619,7.13468,3156738.0
2023-02-21,7.13468,7.18289,6.990060000000001,7.038270000000001,2291056.0
2023-02-22,6.9418500000000005,6.990060000000001,6.652609999999999,6.652609999999999,3730029.0
2023-02-23,6.652609999999999,6.700819999999999,6.411569999999999,6.700819999999999,1979316.0
2023-02-24,6.700819999999999,6.749020000000001,6.5079899999999995,6.5079899999999995,1360276.0
2023-02-27,6.5079899999999995,6.5079899999999995,6.170529999999999,6.170529999999999,2227623.0
2023-02-28,6.170529999999999,6.363359999999999,6.170529999999999,6.2187399999999995,1031230.0
2023-03-01,6.2187399999999995,6.5079899999999995,6.170529999999999,6.5079899999999995,1218097.0
2023-03-02,6.5079899999999995,6.55619,6.411569999999999,6.459779999999999,812264.0
2023-03-03,6.5079899999999995,6.6044,6.26695,6.26695,1345095.0
2023-03-06,6.26695,6.55619,6.26695,6.31516,1251506.0
2023-03-07,6.26695,6.55619,6.26695,6.5079899999999995,1704830.0
2023-03-08,6.411569999999999,6.700819999999999,6.363359999999999,6.700819999999999,2204016.0
2023-03-09,6.700819999999999,6.749020000000001,6.6044,6.700819999999999,1493297.0
2023-03-10,6.700819999999999,6.700819999999999,6.459779999999999,6.5079899999999995,2307427.0
2023-03-13,6.459779999999999,6.55619,6.411569999999999,6.55619,1604750.0
2023-03-14,5.9295,6.55619,5.9295,6.26695,1858373.0
2023-03-15,6.411569999999999,6.84544,6.411569999999999,6.84544,3745063.0
2023-03-16,6.749020000000001,6.84544,6.6044,6.6044,2050341.0
2023-03-17,6.6044,6.79723,6.6044,6.6044,1590238.0
2023-03-20,6.6044,6.652609999999999,6.363359999999999,6.411569999999999,1817792.0
2023-03-21,6.411569999999999,6.6044,6.363359999999999,6.55619,1496116.0
2023-03-22,6.55619,6.749020000000001,6.55619,6.6044,1675468.0
2023-03-23,6.55619,6.79723,6.5079899999999995,6.749020000000001,2364748.0
2023-03-24,6.79723,7.038270000000001,6.79723,6.89364,3893967.0
2023-03-27,7.038270000000001,7.13468,6.89364,6.990060000000001,3111367.0
2023-03-28,7.08647,7.18289,6.9418500000000005,6.9418500000000005,2701405.0
2023-03-29,6.9418500000000005,7.08647,6.89364,7.038270000000001,2584648.0
2023-03-30,7.08647,7.47213,7.038270000000001,7.13468,4900278.0
2023-03-31,7.13468,7.61675,7.08647,7.61675,7824288.0
2023-04-03,7.76138,8.05062,7.71317,7.9542,4037044.0
2023-04-04,7.9542,8.19524,7.8095799999999995,8.147029999999999,4467283.0
2023-04-05,8.09883,8.19524,7.9542,8.09883,4291197.0
2023-04-06,8.09883,8.29166,7.66496,7.71317,6002730.0
2023-04-07,7.71317,8.243450000000001,7.71317,8.147029999999999,6049792.0
2023-04-10,8.19524,8.43628,7.85779,8.05062,4639759.0
2023-04-11,8.05062,8.33986,7.906,8.29166,4428933.0
2023-04-12,8.29166,8.388069999999999,8.00241,8.05062,2226439.0
2023-04-13,8.147029999999999,8.147029999999999,7.85779,7.85779,3122975.0
2023-04-14,7.9542,8.05062,7.61675,7.71317,5115302.0
2023-04-17,7.76138,7.8095799999999995,7.61675,7.8095799999999995,1583366.0
2023-04-18,7.8095799999999995,8.147029999999999,7.71317,8.09883,3940937.0
2023-04-19,8.09883,8.33986,7.906,7.906,5010541.0
2023-04-20,7.85779,8.05062,7.85779,8.05062,1570257.0
2023-04-21,8.05062,8.62911,8.05062,8.48449,7986890.0
2023-04-24,8.43628,8.62911,8.33986,8.388069999999999,3962393.0
2023-04-25,8.388069999999999,8.43628,7.71317,7.85779,6245795.0
2023-04-26,7.85779,8.09883,7.71317,8.05062,1782136.0
2023-04-27,8.09883,8.09883,7.906,8.00241,1952388.0
2023-04-28,7.2311000000000005,8.19524,7.2311000000000005,8.09883,2822731.0
2023-05-04,8.147029999999999,8.388069999999999,8.00241,8.29166,3846237.0
2023-05-05,8.29166,8.5809,8.243450000000001,8.43628,4061100.0
2023-05-08,8.53269,8.67731,8.388069999999999,8.48449,2806076.0
2023-05-09,8.388069999999999,8.5809,8.29166,8.48449,2177098.0
2023-05-10,8.48449,8.725520000000001,8.43628,8.43628,3624050.0
2023-05-11,8.388069999999999,8.53269,8.29166,8.33986,3465280.0
2023-05-12,8.33986,8.53269,8.243450000000001,8.53269,3770002.0
2023-05-15,8.53269,8.82194,8.388069999999999,8.388069999999999,3349365.0
2023-05-16,8.388069999999999,8.48449,8.29166,8.388069999999999,2041832.0
2023-05-17,8.388069999999999,8.43628,8.00241,8.09883,5075953.0
2023-05-18,8.147029999999999,8.43628,8.09883,8.243450000000001,2921780.0
2023-05-19,8.29166,8.43628,8.147029999999999,8.243450000000001,1995093.0
2023-05-22,8.29166,8.43628,8.243450000000001,8.388069999999999,2095279.0
2023-05-23,8.388069999999999,8.5809,8.388069999999999,8.43628,4857929.0
2023-05-24,8.62911,8.62911,8.48449,8.48449,3534715.0
2023-05-25,8.48449,8.53269,8.29166,8.388069999999999,2553361.0
2023-05-26,8.388069999999999,8.48449,8.33986,8.43628,2016475.0
2023-05-29,8.48449,8.87014,8.48449,8.87014,5734647.0
2023-05-30,8.91835,9.01477,8.725520000000001,8.91835,3681849.0
2023-05-31,8.91835,8.96656,8.725520000000001,8.82194,3357313.0
2023-06-01,8.82194,8.96656,8.67731,8.87014,3179195.0
2023-06-02,8.96656,9.06297,8.87014,8.91835,2937570.0
2023-06-05,8.91835,9.111180000000001,8.725520000000001,8.773729999999999,3361306.0
2023-06-06,8.773729999999999,9.06297,8.62911,9.06297,6655106.0
2023-06-07,9.111180000000001,9.15939,8.91835,9.01477,3118170.0
2023-06-08,9.01477,9.06297,8.67731,8.67731,4012165.0
2023-06-09,8.67731,8.82194,8.53269,8.82194,3316507.0
2023-06-12,8.87014,8.96656,8.67731,8.87014,2581675.0
2023-06-13,8.87014,9.01477,8.773729999999999,8.91835,3444674.0
2023-06-14,8.91835,9.255799999999999,8.91835,8.96656,7245422.0
2023-06-15,8.96656,9.06297,8.91835,9.01477,2062220.0
2023-06-16,9.01477,9.54505,9.01477,9.111180000000001,6085076.0
2023-06-19,9.111180000000001,9.20759,9.01477,9.111180000000001,2425797.0
2023-06-20,9.111180000000001,9.30401,9.06297,9.255799999999999,1823318.0
2023-06-21,9.40042,9.54505,9.255799999999999,9.352219999999999,2807122.0
2023-06-22,9.352219999999999,9.44863,9.255799999999999,9.30401,2705067.0
2023-06-23,9.352219999999999,9.44863,9.255799999999999,9.40042,3204121.0
2023-06-26,9.40042,9.40042,8.725520000000001,9.30401,3826350.0
2023-06-27,9.30401,9.352219999999999,9.15939,9.20759,2166298.0
2023-06-28,9.30401,9.40042,9.15939,9.20759,1885471.0
2023-06-29,9.20759,9.255799999999999,8.87014,8.87014,3278725.0
2023-06-30,8.87014,9.01477,8.87014,8.91835,1951366.0
2023-07-03,8.96656,9.01477,8.87014,8.87014,1493914.0
2023-07-04,8.91835,9.15939,8.87014,9.111180000000001,2099570.0
2023-07-05,9.20759,9.834290000000001,9.111180000000001,9.352219999999999,7483066.0
2023-07-06,9.40042,9.641459999999999,9.255799999999999,9.49684,4957105.0
2023-07-07,9.49684,9.641459999999999,9.20759,9.54505,2825974.0
2023-07-10,9.59325,10.02712,9.54505,9.9307,4398366.0
2023-07-11,9.834290000000001,10.02712,9.78608,9.78608,3070148.0
2023-07-12,9.834290000000001,10.02712,9.59325,9.737879999999999,4866260.0
2023-07-13,9.78608,9.8825,9.59325,9.834290000000001,2723637.0
2023-07-14,9.8825,9.9307,9.641459999999999,9.834290000000001,3511765.0
2023-07-17,9.834290000000001,9.9307,9.737879999999999,9.834290000000001,3794424.0
2023-07-18,9.834290000000001,9.8825,9.68967,9.737879999999999,1885633.0
2023-07-19,9.737879999999999,9.78608,9.59325,9.59325,3745049.0
2023-07-20,9.59325,9.641459999999999,9.40042,9.49684,3320004.0
2023-07-21,9.54505,9.78608,9.49684,9.78608,2517849.0
2023-07-24,9.78608,9.9307,9.641459999999999,9.737879999999999,4105855.0
2023-07-25,9.834290000000001,9.8825,9.68967,9.737879999999999,3098877.0
2023-07-26,9.68967,9.78608,9.641459999999999,9.78608,2046205.0
2023-07-27,9.737879999999999,10.02712,9.737879999999999,9.9307,5011115.0
2023-07-28,9.9307,10.21995,9.8825,10.17174,5181153.0
2023-07-31,10.17174,10.36457,10.07533,10.21995,2646568.0
2023-08-01,10.21995,10.26816,9.8825,9.8825,3719279.0
2023-08-02,9.8825,10.07533,9.834290000000001,10.02712,2534615.0
2023-08-03,10.02712,10.07533,9.78608,9.78608,2757704.0
2023-08-04,9.78608,10.02712,9.78608,9.978909999999999,2342197.0
2023-08-07,10.02712,10.36457,10.02712,10.21995,3764607.0
2023-08-08,10.26816,10.412780000000001,10.17174,10.21995,4055539.0
2023-08-09,10.26816,10.316360000000001,9.978909999999999,10.02712,4885082.0
2023-08-10,9.97851,10.47744,9.97851,10.03395,2882058.0
2023-08-11,9.97851,10.14482,9.8122,10.14482,2008240.0
2023-08-14,10.20026,10.86549,10.14482,10.58831,4521768.0
2023-08-15,10.58831,10.69918,10.422,10.47744,1904269.0
2023-08-16,10.47744,10.53287,10.311129999999999,10.47744,2009128.0
2023-08-17,10.47744,10.81006,10.47744,10.53287,4351124.0
2023-08-18,10.53287,10.58831,9.47959,9.47959,5993379.0
2023-08-21,9.14697,9.86764,9.14697,9.6459,3433418.0
2023-08-22,9.6459,10.20026,9.14697,10.03395,4135476.0
2023-08-23,10.03395,10.311129999999999,9.92308,9.97851,1702525.0
2023-08-24,10.03395,10.255690000000001,9.86764,10.255690000000001,2913447.0
2023-08-25,10.255690000000001,10.47744,10.14482,10.311129999999999,3465352.0
2023-08-28,10.311129999999999,10.47744,10.255690000000001,10.422,2857398.0
2023-08-29,10.53287,10.64375,10.36657,10.58831,3265132.0
2023-08-30,10.64375,11.19811,10.47744,11.14267,6872831.0
2023-08-31,11.14267,11.41985,11.14267,11.30898,3497716.0
2023-09-05,11.30898,11.53073,11.19811,11.30898,3655522.0
2023-09-06,11.30898,11.97421,11.14267,11.69703,3971793.0
2023-09-07,11.69703,11.80791,11.475290000000001,11.58616,3223235.0
2023-09-08,11.6416,11.752469999999999,11.475290000000001,11.6416,2446191.0
2023-09-11,11.69703,11.97421,11.53073,11.6416,4294387.0
2023-09-12,11.58616,12.80576,11.53073,12.80576,6027611.0
2023-09-13,12.80576,13.19381,12.4177,12.75032,4981329.0
2023-09-14,12.75032,13.47099,12.63945,13.08294,6078282.0
2023-09-15,13.13837,13.24925,12.584010000000001,12.97207,3516105.0
2023-09-18,12.97207,13.19381,12.69489,13.0275,3437709.0
2023-09-19,12.91663,13.36012,12.75032,13.36012,3285091.0
2023-09-20,13.36012,13.85905,13.36012,13.58186,3214644.0
2023-09-21,13.58186,13.6373,12.91663,12.97207,5104294.0
2023-09-22,12.75032,12.75032,11.752469999999999,12.085090000000001,7576014.0
2023-09-25,12.085090000000001,12.36227,10.92093,10.92093,5784735.0
2023-09-26,10.92093,11.97421,10.64375,11.475290000000001,6428795.0
2023-09-27,11.475290000000001,12.584010000000001,11.475290000000001,12.584010000000001,6300416.0
2023-09-28,12.19596,12.97207,12.19596,12.69489,6031558.0
2023-09-29,12.97207,12.97207,12.30683,12.63945,4889894.0
2023-10-02,12.63945,12.69489,12.14052,12.19596,5082083.0
2023-10-03,12.14052,12.19596,11.08724,11.41985,8092560.0
2023-10-04,11.41985,12.473139999999999,10.92093,12.02965,4850804.0
2023-10-05,12.14052,12.19596,11.41985,11.58616,4405729.0
2023-10-06,11.475290000000001,12.2514,11.41985,12.19596,4199974.0
2023-10-09,12.19596,12.52858,12.02965,12.4177,4523193.0
2023-10-10,12.473139999999999,13.13837,12.4177,12.473139999999999,7409665.0
2023-10-11,12.52858,13.0275,12.2514,13.0275,5722030.0
2023-10-12,13.0275,13.19381,12.63945,12.86119,5409745.0
2023-10-13,12.86119,12.97207,12.4177,12.69489,5751636.0
2023-10-16,12.63945,12.86119,12.19596,12.19596,4627301.0
2023-10-17,12.19596,12.473139999999999,11.30898,11.30898,5037530.0
2023-10-18,11.30898,11.80791,10.58831,11.53073,8511228.0
2023-10-19,11.58616,11.6416,10.976360000000001,10.976360000000001,3922089.0
2023-10-20,10.976360000000001,11.53073,10.36657,11.475290000000001,6719577.0
2023-10-23,11.475290000000001,11.53073,10.976360000000001,11.19811,2376859.0
2023-10-24,11.253540000000001,11.475290000000001,11.031799999999999,11.30898,2343242.0
2023-10-25,11.36442,11.53073,10.976360000000001,11.031799999999999,3347971.0
2023-10-26,10.92093,11.031799999999999,9.97851,10.03395,8993754.0
2023-10-27,9.97851,10.36657,9.20241,10.255690000000001,3353010.0
2023-10-30,10.311129999999999,10.311129999999999,9.535020000000001,9.535020000000001,2458443.0
2023-10-31,9.42415,9.756770000000001,8.75892,8.86979,5560070.0
2023-11-01,8.814350000000001,9.6459,7.982810000000001,9.590459999999998,4455664.0
2023-11-02,9.70133,10.422,9.70133,10.311129999999999,5499914.0
2023-11-03,10.47744,10.53287,10.03395,10.20026,3483544.0
2023-11-06,10.36657,10.47744,10.20026,10.36657,3245406.0
2023-11-07,10.36657,10.64375,10.14482,10.36657,4015935.0
2023-11-08,10.36657,11.36442,10.20026,11.36442,6928466.0
2023-11-09,11.41985,11.91878,11.30898,11.30898,7057145.0
2023-11-10,11.30898,11.752469999999999,11.14267,11.30898,5809436.0
2023-11-13,11.30898,11.58616,11.031799999999999,11.41985,3760251.0
2023-11-14,11.475290000000001,11.80791,11.36442,11.58616,3712027.0
2023-11-15,11.6416,12.30683,11.58616,11.69703,5616780.0
2023-11-16,11.69703,11.91878,11.53073,11.91878,3062734.0
2023-11-17,11.97421,12.085090000000001,11.36442,11.41985,7175900.0
2023-11-20,11.36442,12.02965,11.031799999999999,11.86334,5993434.0
2023-11-21,11.91878,12.085090000000001,11.80791,11.97421,4046166.0
2023-11-22,12.02965,12.19596,11.91878,12.19596,5870923.0
2023-11-23,12.19596,12.36227,11.031799999999999,11.031799999999999,4880255.0
2023-11-24,11.08724,11.91878,11.031799999999999,11.91878,7079785.0
2023-11-27,11.91878,11.97421,11.53073,11.58616,2899603.0
2023-11-28,11.58616,11.91878,11.253540000000001,11.86334,4693460.0
2023-11-29,11.91878,12.14052,11.80791,11.97421,4615702.0
2023-11-30,11.80791,12.14052,11.80791,11.86334,4275628.0
2023-12-01,11.91878,12.14052,11.752469999999999,12.02965,3971295.0
2023-12-04,12.085090000000001,13.0275,12.02965,12.75032,8254142.0
2023-12-05,12.80576,13.0275,12.63945,12.86119,5254906.0
2023-12-06,12.86119,13.0275,12.75032,12.97207,4021667.0
2023-12-07,12.97207,13.0275,12.2514,12.52858,10389415.0
2023-12-08,12.52858,12.584010000000001,11.97421,12.19596,3941795.0
2023-12-11,12.19596,12.52858,12.02965,12.473139999999999,3409348.0
2023-12-12,11.253540000000001,12.52858,11.253540000000001,12.4177,2098533.0
2023-12-13,12.4177,12.63945,12.085090000000001,12.14052,4194134.0
2023-12-14,12.36227,12.584010000000001,12.14052,12.19596,3243464.0
2023-12-15,12.19596,12.75032,12.19596,12.52858,5126636.0
2023-12-18,12.52858,12.63945,12.2514,12.473139999999999,2957155.0
2023-12-19,12.30683,12.80576,11.253540000000001,12.80576,4523894.0
2023-12-20,12.80576,12.91663,12.69489,12.75032,3404029.0
2023-12-21,11.80791,12.80576,11.80791,12.69489,1956603.0
2023-12-22,12.75032,12.91663,12.36227,12.52858,3860740.0
2023-12-25,12.52858,12.69489,12.4177,12.584010000000001,3016877.0
2023-12-26,11.36442,12.69489,11.36442,12.584010000000001,2769519.0
2023-12-27,12.63945,12.86119,12.63945,12.63945,3100056.0
2023-12-28,11.41985,12.75032,11.41985,12.63945,2037485.0
2023-12-29,12.63945,12.69489,12.52858,12.584010000000001,2756602.0
2024-01-02,12.69489,12.75032,12.473139999999999,12.473139999999999,3229161.0
2024-01-03,12.52858,12.584010000000001,12.4177,12.584010000000001,2465601.0
2024-01-04,12.584010000000001,12.97207,12.584010000000001,12.584010000000001,7280670.0
2024-01-05,12.584010000000001,12.75032,12.52858,12.69489,2242669.0
2024-01-08,12.86119,12.97207,12.69489,12.86119,4069195.0
2024-01-09,12.52858,12.97207,12.52858,12.69489,3281245.0
2024-01-10,12.69489,12.80576,12.473139999999999,12.584010000000001,4683816.0
2024-01-11,12.75032,13.19381,12.69489,12.97207,7660532.0
2024-01-12,13.08294,13.19381,12.75032,12.86119,5175104.0
2024-01-15,12.91663,13.08294,12.584010000000001,12.584010000000001,3581489.0
2024-01-16,12.584010000000001,12.91663,12.473139999999999,12.91663,3520288.0
2024-01-17,12.91663,13.58186,12.80576,13.13837,8442930.0
2024-01-18,11.86334,13.41556,11.86334,13.08294,2525148.0
2024-01-19,13.08294,13.304680000000001,12.91663,12.97207,4175529.0
2024-01-22,12.97207,13.36012,12.86119,13.36012,4876795.0
2024-01-23,13.304680000000001,13.47099,13.19381,13.41556,3762568.0
2024-01-24,13.41556,13.80361,13.36012,13.52643,7957239.0
2024-01-25,13.52643,13.74817,13.47099,13.69274,3296553.0
2024-01-26,13.69274,13.80361,13.58186,13.6373,3726580.0
2024-01-29,13.6373,13.74817,13.52643,13.6373,2330371.0
2024-01-30,13.6373,13.80361,13.41556,13.80361,3151121.0
2024-01-31,13.80361,14.524280000000001,13.80361,14.2471,8888387.0
2024-02-01,14.2471,14.35797,14.13623,14.35797,2728806.0
2024-02-02,14.35797,15.244950000000001,14.35797,14.74602,4721308.0
2024-02-05,14.801459999999999,15.18951,14.57972,15.023200000000001,3332957.0
2024-02-06,15.134079999999999,15.18951,14.74602,14.801459999999999,4541794.0
2024-02-07,14.8569,15.134079999999999,14.74602,14.96777,2579347.0
2024-02-15,15.023200000000001,15.07864,14.801459999999999,15.023200000000001,2787788.0
2024-02-16,15.023200000000001,15.35582,14.91233,15.07864,2421731.0
2024-02-19,15.07864,15.18951,14.63515,15.023200000000001,5820290.0
2024-02-20,15.134079999999999,15.41126,15.023200000000001,15.134079999999999,4047297.0
2024-02-21,15.134079999999999,15.134079999999999,14.801459999999999,14.96777,3370436.0
2024-02-22,14.96777,15.023200000000001,14.57972,14.69059,4496686.0
2024-02-23,14.69059,14.96777,14.41341,14.524280000000001,6082657.0
2024-02-26,14.57972,15.57757,14.46884,15.522129999999999,8172877.0
2024-02-27,15.522129999999999,15.743879999999999,15.41126,15.46669,4433464.0
2024-02-28,15.522129999999999,15.57757,15.18951,15.46669,4620900.0
2024-02-29,15.46669,15.79931,15.30039,15.46669,4242483.0
2024-03-01,15.522129999999999,16.2428,15.522129999999999,15.743879999999999,4944699.0
2024-03-04,15.79931,16.13193,15.68844,15.68844,4899194.0
2024-03-05,15.68844,16.29824,15.57757,16.18736,5476117.0
2024-03-06,16.13193,16.35367,15.68844,16.07649,4721171.0
2024-03-07,16.13193,16.51998,15.965620000000001,16.18736,5459637.0
2024-03-08,16.18736,16.29824,15.79931,15.85475,7136845.0
2024-03-11,15.85475,15.965620000000001,15.244950000000001,15.46669,4589757.0
2024-03-12,15.522129999999999,15.68844,15.18951,15.46669,5371628.0
2024-03-13,15.46669,16.409110000000002,15.41126,16.29824,6712893.0
2024-03-14,16.29824,16.797159999999998,16.13193,16.51998,6503159.0
2024-03-15,16.51998,16.575419999999998,16.02106,16.46455,4655948.0
2024-03-18,16.46455,16.51998,14.96777,15.79931,9654573.0
2024-03-19,15.79931,15.85475,15.522129999999999,15.633,1893063.0
2024-03-20,15.68844,15.91018,15.57757,15.91018,3174542.0
2024-03-21,15.965620000000001,16.409110000000002,15.965620000000001,16.29824,5608431.0
2024-03-22,16.63085,16.63085,16.2428,16.46455,5361484.0
2024-03-25,16.46455,16.575419999999998,15.91018,16.07649,5901436.0
2024-03-26,15.965620000000001,16.2428,15.85475,16.2428,3405145.0
2024-03-27,16.29824,16.51998,16.2428,16.35367,2288120.0
2024-03-28,16.35367,17.07434,16.35367,17.07434,6563448.0
2024-03-29,17.18522,17.18522,16.797159999999998,16.797159999999998,2789378.0
2024-04-01,16.797159999999998,16.90803,16.409110000000002,16.63085,4753195.0
2024-04-02,16.68629,16.8526,16.2428,16.8526,4660777.0
2024-04-03,17.07434,17.12978,16.46455,16.46455,6216096.0
2024-04-04,16.51998,16.51998,16.2428,16.29824,3896641.0
2024-04-05,16.18736,16.29824,15.68844,15.68844,4659266.0
2024-04-08,15.68844,15.91018,15.522129999999999,15.68844,3049339.0
2024-04-09,15.68844,16.2428,15.68844,16.18736,2535578.0
2024-04-10,16.29824,16.29824,15.965620000000001,15.965620000000001,1643826.0
2024-04-11,16.02106,16.13193,15.41126,16.07649,3012006.0
2024-04-12,16.07649,16.46455,15.965620000000001,16.409110000000002,3544810.0
2024-04-15,16.575419999999998,16.797159999999998,15.244950000000001,15.46669,8200712.0
2024-04-16,15.522129999999999,15.79931,14.96777,15.79931,5245141.0
2024-04-17,15.85475,15.91018,14.96777,14.96777,4830573.0
2024-04-19,14.96777,15.023200000000001,13.91448,14.19166,8296590.0
2024-04-22,14.35797,15.35582,14.35797,15.134079999999999,3815864.0
2024-04-23,15.244950000000001,15.35582,14.41341,14.801459999999999,4185200.0
2024-04-24,13.36012,15.46669,13.36012,15.46669,3784307.0
2024-04-25,15.46669,15.46669,15.023200000000001,15.30039,2206840.0
2024-04-26,15.18951,15.18951,14.8569,14.96777,2696093.0
2024-05-02,14.96777,14.96777,14.46884,14.8569,1728478.0
2024-05-03,14.8569,15.18951,14.74602,14.801459999999999,2723362.0
2024-05-06,14.801459999999999,15.522129999999999,14.801459999999999,15.35582,4654622.0
2024-05-07,15.41126,15.46669,15.244950000000001,15.41126,2192606.0
2024-05-08,15.41126,15.91018,15.18951,15.79931,5745110.0
2024-05-09,15.79931,15.965620000000001,15.522129999999999,15.68844,2678046.0
2024-05-10,15.68844,15.85475,15.41126,15.85475,2788115.0
2024-05-13,15.91018,16.2428,15.68844,16.07649,5220161.0
2024-05-14,16.13193,16.18736,15.91018,16.02106,1862734.0
2024-05-15,16.07649,16.8526,15.965620000000001,16.575419999999998,7823065.0
2024-05-16,16.63085,16.90803,16.46455,16.63085,3864445.0
2024-05-17,16.63085,17.90589,16.63085,17.628709999999998,8264068.0
2024-05-20,17.628709999999998,17.96132,17.462400000000002,17.73958,4196466.0
2024-05-21,17.68414,18.18307,17.462400000000002,18.18307,6600512.0
2024-05-22,18.18307,18.51568,17.628709999999998,18.12763,4690661.0
2024-05-23,17.29609,18.40481,17.29609,18.40481,5019434.0
2024-05-24,18.29394,18.40481,17.18522,17.73958,7278386.0
2024-05-27,17.90589,18.29394,17.57327,18.07219,3468910.0
2024-05-28,18.07219,19.07005,18.07219,18.959169999999997,7603260.0
2024-05-29,19.01461,19.01461,18.40481,18.57112,3602765.0
2024-05-30,18.57112,18.79287,17.90589,18.62656,7069558.0
2024-05-31,18.2385,18.73743,18.2385,18.29394,2613025.0
2024-06-03,18.34938,18.73743,18.34938,18.40481,3648702.0
2024-06-04,18.18307,18.903740000000003,18.18307,18.57112,2807497.0
2024-06-05,18.62656,19.12548,18.51568,18.73743,4649430.0
2024-06-06,18.8483,18.959169999999997,18.51568,18.57112,2273703.0
2024-06-07,18.73743,18.79287,18.2385,18.40481,3511439.0
2024-06-10,18.51568,18.8483,18.29394,18.62656,3286277.0
2024-06-11,18.62656,19.236349999999998,18.62656,19.01461,4662544.0
2024-06-12,18.8483,19.40266,18.8483,19.34723,3496148.0
2024-06-13,19.34723,19.56897,19.236349999999998,19.458099999999998,2416485.0
2024-06-14,19.56897,19.73528,18.79287,18.79287,5380626.0
2024-06-17,18.8483,18.8483,18.34938,18.62656,4197484.0
2024-06-18,18.62656,19.01461,18.57112,18.959169999999997,3729383.0
2024-06-19,18.959169999999997,19.07005,18.681990000000003,19.01461,2905382.0
2024-06-20,19.01461,19.180919999999997,18.62656,18.959169999999997,3514892.0
2024-06-21,18.959169999999997,19.40266,18.73743,19.236349999999998,3211528.0
2024-06-24,19.236349999999998,19.236349999999998,17.51783,17.57327,8795350.0
2024-06-25,17.57327,17.90589,17.51783,17.795009999999998,2500120.0
2024-06-26,17.850450000000002,17.90589,17.29609,17.73958,2873999.0
2024-06-27,17.73958,17.73958,17.35152,17.35152,2013780.0
2024-06-28,17.29609,17.73958,16.90803,17.240650000000002,3953504.0
2024-07-01,17.240650000000002,17.628709999999998,17.240650000000002,17.628709999999998,1903011.0
2024-07-02,17.628709999999998,17.850450000000002,17.57327,17.850450000000002,2190726.0
2024-07-03,17.96132,18.016759999999998,17.68414,17.795009999999998,1518494.0
2024-07-04,17.795009999999998,18.12763,17.68414,17.795009999999998,1960025.0
2024-07-05,17.795009999999998,18.2385,17.57327,18.18307,3474411.0
2024-07-08,18.18307,18.8483,18.18307,18.79287,3733053.0
2024-07-09,18.903740000000003,19.12548,18.62656,18.8483,3499514.0
2024-07-10,18.8483,18.959169999999997,18.62656,18.62656,2773637.0
2024-07-11,18.62656,19.458099999999998,18.62656,19.34723,6175248.0
2024-07-12,19.34723,19.67984,19.291790000000002,19.458099999999998,4308483.0
2024-07-15,19.513540000000003,19.90159,19.34723,19.513540000000003,2849407.0
2024-07-16,19.513540000000003,19.79072,19.01461,19.12548,3607324.0
2024-07-17,19.180919999999997,19.79072,18.46025,19.01461,7243994.0
2024-07-18,19.01461,19.40266,19.01461,19.40266,2802516.0
2024-07-19,19.56897,19.84615,19.34723,19.62441,5038827.0
2024-07-22,19.62441,19.67984,18.12763,18.29394,7082134.0
2024-07-23,18.29394,18.62656,17.18522,17.29609,6149569.0
2024-07-24,17.585060000000002,17.98865,16.72022,17.64272,4550010.0
2024-07-25,17.64272,17.64272,17.23912,17.585060000000002,1886247.0
2024-07-26,17.585060000000002,17.87334,17.41209,17.87334,1868981.0
2024-07-29,17.87334,18.16162,17.81568,17.931,2245307.0
2024-07-30,17.931,17.98865,17.29678,17.5274,3049763.0
2024-07-31,17.585060000000002,17.81568,17.35444,17.5274,2891069.0
2024-08-01,17.585060000000002,17.70037,15.970690000000001,16.08601,7243217.0
2024-08-02,14.5293,17.23912,14.5293,17.06616,3976824.0
2024-08-05,17.06616,17.06616,15.74007,16.20132,3988096.0
2024-08-06,16.20132,17.18147,16.20132,16.95084,3851464.0
2024-08-07,16.95084,17.06616,16.54725,16.77788,1767266.0
2024-08-08,16.83553,16.95084,16.02835,16.258969999999998,2984385.0
2024-08-09,16.54725,17.123810000000002,16.374290000000002,16.95084,4566874.0
2024-08-12,17.0085,17.06616,16.72022,17.06616,4306783.0
2024-08-13,18.20854,18.20854,17.27817,17.47754,3619835.0
2024-08-14,17.61045,17.809810000000002,17.145259999999997,17.21172,1925828.0
2024-08-15,17.21172,17.344630000000002,16.879450000000002,16.879450000000002,1895394.0
2024-08-16,15.21808,18.274990000000003,15.21808,18.274990000000003,6272958.0
2024-08-19,18.67372,18.67372,18.07563,18.274990000000003,2349831.0
2024-08-20,18.4079,18.93954,18.14208,18.60726,3618469.0
2024-08-21,18.60726,18.74017,18.34144,18.74017,2823838.0
2024-08-22,18.74017,19.07244,18.67372,18.93954,3178550.0
2024-08-23,18.87308,19.271810000000002,18.67372,19.07244,3129066.0
2024-08-26,19.271810000000002,19.40472,19.00599,19.00599,2893333.0
2024-08-27,19.00599,19.07244,18.54081,18.93954,2298053.0
2024-08-28,18.93954,19.07244,18.54081,18.74017,2998406.0
2024-08-29,18.74017,18.93954,18.67372,18.67372,1825203.0
2024-08-30,18.67372,18.74017,18.54081,18.60726,2068422.0
2024-09-04,18.60726,18.60726,18.274990000000003,18.274990000000003,3024930.0
2024-09-05,18.474349999999998,18.60726,18.14208,18.274990000000003,1985577.0
2024-09-06,18.274990000000003,18.34144,17.87626,18.009169999999997,2511684.0
2024-09-09,17.809810000000002,18.07563,17.74335,17.74335,1943158.0
2024-09-10,17.87626,18.009169999999997,17.344630000000002,17.411080000000002,2694256.0
2024-09-11,17.411080000000002,18.14208,17.344630000000002,18.07563,4153773.0
2024-09-12,18.20854,18.20854,17.809810000000002,17.809810000000002,1868118.0
2024-09-13,17.87626,18.34144,17.809810000000002,18.14208,2733057.0
2024-09-16,18.14208,18.20854,17.6769,17.6769,1850270.0
2024-09-17,17.74335,18.274990000000003,17.6769,18.274990000000003,2592608.0
2024-09-18,18.34144,19.00599,18.20854,18.74017,5789645.0
2024-09-19,18.74017,19.00599,18.67372,18.74017,2231569.0
2024-09-20,18.93954,19.20535,18.74017,18.87308,3693202.0
2024-09-23,18.87308,19.53763,18.74017,19.20535,6276280.0
2024-09-24,19.20535,19.670540000000003,19.20535,19.604080000000003,3361283.0
2024-09-25,19.670540000000003,20.933169999999997,19.604080000000003,20.733810000000002,7580333.0
2024-09-26,20.800259999999998,21.198990000000002,20.600900000000003,20.86672,4504216.0
2024-09-27,20.86672,21.46481,20.733810000000002,21.198990000000002,5164434.0
2024-09-30,21.198990000000002,21.265439999999998,20.800259999999998,21.198990000000002,3201246.0
2024-10-01,21.198990000000002,21.597720000000002,20.86672,20.99963,4685292.0
2024-10-02,20.99963,21.3319,20.733810000000002,21.3319,5797263.0
2024-10-03,21.265439999999998,21.46481,20.800259999999998,21.066080000000003,5095219.0
2024-10-04,21.066080000000003,21.13253,20.800259999999998,20.800259999999998,3604882.0
2024-10-07,20.800259999999998,21.066080000000003,20.66735,21.066080000000003,3572419.0
2024-10-08,21.13253,21.13253,19.936349999999997,19.936349999999997,14033329.0
2024-10-09,19.80344,20.26863,19.604080000000003,20.00281,4059917.0
2024-10-10,18.009169999999997,20.20217,18.009169999999997,19.604080000000003,5926488.0
2024-10-11,19.604080000000003,19.936349999999997,19.53763,19.736990000000002,3008158.0
2024-10-14,19.736990000000002,20.00281,19.670540000000003,19.8699,2312165.0
2024-10-15,19.80344,19.936349999999997,19.40472,19.40472,4100538.0
2024-10-16,19.40472,19.604080000000003,19.271810000000002,19.471169999999997,1603144.0
2024-10-17,19.471169999999997,19.736990000000002,19.00599,19.736990000000002,3833460.0
2024-10-18,19.736990000000002,20.06926,19.736990000000002,19.80344,3272144.0
2024-10-21,19.80344,19.80344,19.40472,19.40472,1800727.0
2024-10-22,19.40472,19.53763,18.806630000000002,19.138900000000003,2854731.0
2024-10-23,19.271810000000002,19.33826,19.00599,19.33826,1436368.0
2024-10-24,19.33826,19.40472,18.87308,18.87308,1794322.0
2024-10-25,18.87308,19.07244,18.74017,18.87308,1437688.0
2024-10-28,18.806630000000002,19.138900000000003,18.806630000000002,19.00599,1579194.0
2024-10-29,19.20535,19.20535,19.00599,19.07244,980791.0
2024-10-30,19.07244,19.138900000000003,18.67372,18.806630000000002,1806378.0
2024-10-31,18.806630000000002,18.93954,18.54081,18.67372,1640056.0
2024-11-01,18.67372,18.74017,18.34144,18.34144,2056355.0
2024-11-04,18.34144,19.07244,18.20854,18.74017,2943870.0
2024-11-05,18.74017,18.93954,18.74017,18.74017,1171295.0
2024-11-06,18.87308,19.471169999999997,18.87308,19.471169999999997,3315882.0
2024-11-07,19.53763,19.670540000000003,19.33826,19.33826,2102951.0
2024-11-08,19.33826,19.53763,19.138900000000003,19.40472,2588480.0
2024-11-11,19.20535,19.40472,18.274990000000003,19.07244,2767067.0
2024-11-12,19.07244,19.471169999999997,19.00599,19.00599,2279079.0
2024-11-13,19.00599,19.00599,18.54081,18.806630000000002,2209126.0
2024-11-14,18.93954,18.93954,18.009169999999997,18.14208,2705357.0
2024-11-15,18.009169999999997,18.14208,17.344630000000002,17.61045,4433831.0
2024-11-18,17.61045,18.474349999999998,17.411080000000002,18.274990000000003,3440251.0
2024-11-19,18.274990000000003,18.274990000000003,17.74335,17.74335,1728241.0
2024-11-20,16.61363,18.474349999999998,16.61363,18.07563,2887804.0
2024-11-21,18.07563,18.274990000000003,17.94272,18.07563,1444984.0
2024-11-22,18.009169999999997,18.20854,17.87626,17.94272,2273946.0
2024-11-25,16.9459,18.20854,16.9459,18.07563,1495536.0
2024-11-26,17.809810000000002,18.474349999999998,17.47754,18.274990000000003,2379471.0
2024-11-27,17.47754,18.4079,16.48072,18.274990000000003,1286249.0
2024-11-28,18.274990000000003,18.60726,18.14208,18.20854,1875109.0
2024-11-29,18.20854,18.67372,18.14208,18.60726,3873080.0
2024-12-02,18.74017,18.93954,18.54081,18.806630000000002,1887622.0
2024-12-03,18.806630000000002,18.806630000000002,18.474349999999998,18.54081,2173388.0
2024-12-04,18.54081,18.54081,18.07563,18.20854,3313793.0
2024-12-05,18.20854,20.00281,17.87626,19.936349999999997,10203249.0
2024-12-06,20.135720000000003,20.135720000000003,19.670540000000003,19.80344,3251773.0
2024-12-09,19.80344,19.936349999999997,19.53763,19.736990000000002,4211462.0
2024-12-10,19.736990000000002,19.80344,19.471169999999997,19.670540000000003,2973473.0
2024-12-11,18.274990000000003,19.80344,18.274990000000003,19.471169999999997,3536337.0
2024-12-12,19.471169999999997,19.736990000000002,19.33826,19.33826,2881530.0
2024-12-13,19.20535,19.33826,19.00599,19.138900000000003,3685667.0
2024-12-16,18.60726,19.271810000000002,17.809810000000002,19.271810000000002,1525615.0
2024-12-17,19.271810000000002,19.33826,19.07244,19.20535,1389744.0
2024-12-18,19.20535,19.271810000000002,19.07244,19.271810000000002,1779310.0
2024-12-19,19.20535,19.271810000000002,18.74017,19.271810000000002,3426276.0
2024-12-20,19.138900000000003,19.138900000000003,19.00599,19.07244,1496983.0
2024-12-23,19.138900000000003,19.33826,19.07244,19.07244,1174651.0
2024-12-24,19.07244,19.138900000000003,18.67372,18.806630000000002,2757162.0
2024-12-25,19.00599,19.80344,18.806630000000002,19.271810000000002,4022586.0
2024-12-26,19.271810000000002,19.40472,19.138900000000003,19.138900000000003,1023720.0
2024-12-27,19.138900000000003,19.40472,19.07244,19.33826,2987736.0
2024-12-30,19.07244,19.604080000000003,17.809810000000002,19.271810000000002,1558004.0
2024-12-31,19.271810000000002,19.271810000000002,19.00599,19.00599,2034472.0
2025-01-02,19.00599,19.138900000000003,18.87308,18.93954,1401360.0
2025-01-03,17.07881,18.93954,17.07881,18.274990000000003,3709809.0
2025-01-06,18.274990000000003,18.4079,17.87626,17.87626,2836087.0
2025-01-07,17.87626,18.07563,17.6769,17.809810000000002,1924303.0
2025-01-08,17.809810000000002,18.20854,17.6769,18.009169999999997,2288452.0
2025-01-09,16.2149,18.009169999999997,16.2149,17.74335,1011162.0
2025-01-10,17.411080000000002,17.94272,17.27817,17.27817,2230773.0
2025-01-13,17.27817,17.809810000000002,15.81617,17.61045,2221222.0
2025-01-14,17.61045,17.809810000000002,17.47754,17.6769,1524047.0
2025-01-15,17.61045,17.94272,17.47754,17.94272,1393264.0
2025-01-16,17.94272,18.74017,17.94272,18.14208,2588339.0
2025-01-17,18.14208,18.274990000000003,18.009169999999997,18.14208,1258707.0
2025-01-20,17.47754,18.20854,17.47754,17.94272,1689823.0
2025-01-21,17.27817,18.20854,17.27817,17.94272,1194587.0
2025-01-22,17.94272,18.14208,16.34781,17.809810000000002,1585969.0
2025-01-23,17.809810000000002,18.4079,17.809810000000002,18.20854,2135385.0
2025-01-24,17.809810000000002,18.34144,17.809810000000002,18.274990000000003,1053215.0
2025-02-03,17.94272,18.274990000000003,17.94272,18.07563,1567222.0
2025-02-04,17.27817,18.54081,17.27817,18.474349999999998,2659476.0
2025-02-05,17.411080000000002,18.60726,16.68008,18.4079,890948.0
2025-02-06,18.4079,18.806630000000002,18.4079,18.474349999999998,1817434.0
2025-02-07,18.474349999999998,18.474349999999998,18.274990000000003,18.34144,1321537.0
2025-02-10,18.34144,18.60726,18.009169999999997,18.4079,2963323.0
2025-02-11,18.009169999999997,18.54081,17.94272,18.4079,1089920.0
2025-02-12,16.61363,18.67372,16.61363,18.274990000000003,1910078.0
2025-02-13,17.94272,18.274990000000003,17.94272,18.20854,2033202.0
2025-02-14,18.274990000000003,18.67372,18.274990000000003,18.274990000000003,2949613.0
2025-02-17,18.34144,18.806630000000002,18.14208,18.4079,3435635.0
2025-02-18,18.60726,18.60726,18.4079,18.474349999999998,1644250.0
2025-02-19,18.60726,18.87308,18.4079,18.806630000000002,3587592.0
2025-02-20,18.87308,19.40472,18.806630000000002,19.138900000000003,5841664.0
2025-02-21,19.138900000000003,19.20535,18.806630000000002,18.93954,2715493.0
2025-02-24,18.93954,19.471169999999997,18.806630000000002,19.471169999999997,4853997.0
2025-02-25,19.53763,19.8699,19.40472,19.736990000000002,7064647.0
2025-02-26,19.670540000000003,20.20217,19.53763,19.736990000000002,6037247.0
2025-02-27,19.80344,19.8699,19.471169999999997,19.8699,3994960.0
2025-02-28,19.8699,20.135720000000003,19.604080000000003,19.736990000000002,4658155.0
2025-03-03,19.736990000000002,20.401529999999998,19.471169999999997,20.06926,6817158.0
2025-03-04,19.736990000000002,20.33508,19.670540000000003,20.20217,5146704.0
2025-03-05,18.20854,20.53444,18.20854,19.80344,4169571.0
2025-03-06,19.80344,20.800259999999998,19.736990000000002,20.600900000000003,7672728.0
2025-03-07,20.733810000000002,20.99963,20.600900000000003,20.733810000000002,5270012.0
2025-03-10,20.600900000000003,21.066080000000003,20.33508,20.600900000000003,4426087.0
2025-03-11,20.46799,20.800259999999998,20.20217,20.66735,4999316.0
2025-03-12,20.66735,20.933169999999997,20.53444,20.53444,3255257.0
2025-03-13,20.53444,20.800259999999998,20.20217,20.33508,5577228.0
2025-03-14,18.34144,20.46799,18.34144,20.26863,3028000.0
2025-03-17,20.33508,20.46799,20.135720000000003,20.401529999999998,2258842.0
2025-03-18,20.46799,20.600900000000003,20.20217,20.20217,2173169.0
2025-03-19,20.20217,20.46799,20.06926,20.33508,3523330.0
2025-03-20,20.20217,20.933169999999997,20.06926,20.53444,4337652.0
2025-03-21,20.26863,20.733810000000002,20.135720000000003,20.53444,1921124.0
2025-03-24,20.26863,20.86672,20.20217,20.86672,3550651.0
2025-03-25,20.86672,21.198990000000002,20.46799,20.66735,4798503.0
2025-03-26,20.66735,20.66735,20.135720000000003,20.20217,3639992.0
2025-03-27,20.20217,20.26863,19.8699,19.936349999999997,3607943.0
2025-03-28,19.936349999999997,20.26863,19.670540000000003,19.936349999999997,3569748.0
2025-03-31,20.00281,20.135720000000003,19.736990000000002,19.8699,2718479.0
2025-04-01,20.135720000000003,20.135720000000003,19.736990000000002,20.00281,1664204.0
2025-04-02,20.00281,20.20217,19.936349999999997,20.00281,2526686.0
2025-04-03,19.670540000000003,19.8699,18.009169999999997,18.009169999999997,11624342.0
2025-04-04,17.145259999999997,17.94272,16.2149,17.94272,9459395.0
2025-04-08,17.94272,17.94272,16.14845,16.14845,8215052.0
2025-04-09,14.553540000000002,16.61363,14.553540000000002,14.819360000000001,8283353.0
2025-04-10,16.28136,16.28136,16.28136,16.28136,558768.0
2025-04-11,17.87626,17.87626,16.61363,17.47754,9287166.0
2025-04-14,17.74335,18.07563,17.344630000000002,18.07563,6527615.0
2025-04-15,17.87626,18.07563,17.21172,17.61045,4853119.0
2025-04-16,17.61045,18.14208,17.47754,17.6769,4677133.0
2025-04-17,17.6769,17.809810000000002,17.411080000000002,17.809810000000002,2219221.0
2025-04-18,17.809810000000002,18.54081,17.809810000000002,17.94272,8050211.0
2025-04-21,18.009169999999997,18.07563,17.411080000000002,17.47754,4357952.0
2025-04-22,17.47754,17.74335,15.74972,17.27817,9022330.0
2025-04-23,17.27817,17.94272,17.27817,17.6769,3536832.0
2025-04-24,17.809810000000002,17.94272,17.344630000000002,17.6769,3554616.0
2025-04-25,17.74335,17.87626,17.61045,17.6769,3055237.0
2025-04-28,17.6769,18.009169999999997,17.61045,17.94272,2152665.0
2025-04-29,17.94272,18.009169999999997,17.74335,17.809810000000002,2152892.0
2025-05-05,17.809810000000002,18.14208,17.6769,17.87626,2159422.0
2025-05-06,17.94272,18.274990000000003,17.74335,17.809810000000002,3464844.0
2025-05-07,17.809810000000002,17.809810000000002,17.47754,17.6769,2750515.0
2025-05-08,17.6769,18.009169999999997,17.54399,17.87626,3574335.0
2025-05-09,17.94272,18.009169999999997,17.61045,17.6769,2059177.0
2025-05-12,17.74335,17.87626,17.54399,17.809810000000002,2794932.0
2025-05-13,17.94272,18.34144,17.87626,18.009169999999997,4460068.0
2025-05-14,18.009169999999997,18.34144,18.34144,18.34144,7039563.0
2025-05-15,18.34144,18.474349999999998,18.474349999999998,18.474349999999998,4592629.0
2025-05-16,18.474349999999998,18.74017,18.20854,18.274990000000003,4864484.0
2025-05-19,18.474349999999998,18.474349999999998,17.94272,18.14208,3297398.0
2025-05-20,18.07563,18.4079,18.009169999999997,18.274990000000003,3636895.0
2025-05-21,18.274990000000003,18.474349999999998,17.87626,18.009169999999997,3611556.0
2025-05-22,18.14208,18.274990000000003,17.74335,17.87626,5786775.0
2025-05-23,17.809810000000002,17.94272,17.54399,17.54399,3734429.0
2025-05-26,17.54399,17.87626,17.21172,17.87626,3625766.0
2025-05-27,16.14845,18.07563,16.14845,17.94272,4495964.0
2025-05-28,18.009169999999997,18.34144,17.94272,17.94272,4701575.0
2025-05-29,18.009169999999997,18.14208,17.74335,17.809810000000002,2780499.0
2025-05-30,17.94272,18.34144,17.6769,17.74335,4341264.0
2025-06-02,17.61045,18.009169999999997,17.54399,18.009169999999997,2534961.0
2025-06-03,18.20854,19.20535,18.07563,18.93954,14642028.0
2025-06-04,19.07244,19.07244,18.74017,18.806630000000002,3334871.0
2025-06-05,18.87308,18.93954,18.60726,18.67372,4304681.0
2025-06-06,18.806630000000002,18.806630000000002,18.009169999999997,18.009169999999997,7727040.0
2025-06-09,18.07563,18.07563,17.6769,17.74335,3869312.0
2025-06-10,17.54399,17.94272,17.54399,17.74335,2869712.0
2025-06-11,17.54399,17.87626,17.344630000000002,17.74335,1628158.0
2025-06-12,17.74335,18.009169999999997,17.74335,17.94272,2487744.0
2025-06-13,18.07563,18.07563,17.344630000000002,17.54399,6785595.0
2025-06-16,17.344630000000002,18.009169999999997,16.61363,18.009169999999997,2247485.0
2025-06-17,18.009169999999997,18.14208,17.809810000000002,17.94272,2523166.0
2025-06-18,17.74335,18.07563,17.74335,17.94272,2279890.0
2025-06-19,17.94272,17.94272,17.74335,17.87626,1524820.0
2025-06-20,17.87626,18.14208,17.809810000000002,17.87626,1942814.0
2025-06-23,17.87626,17.87626,17.54399,17.74335,2399218.0
2025-06-24,17.87626,18.4079,17.809810000000002,18.14208,6516368.0
2025-06-25,18.14208,18.20854,17.94272,18.009169999999997,3913523.0
2025-06-26,17.94272,18.009169999999997,17.6769,17.94272,3046627.0
2025-06-27,17.94272,18.07563,17.74335,17.94272,2701399.0
2025-06-30,17.94272,18.20854,17.87626,17.94272,3274272.0
2025-07-01,17.94272,18.07563,17.74335,17.74335,3020420.0
2025-07-02,17.809810000000002,18.74017,17.6769,18.274990000000003,7873863.0
2025-07-03,18.20854,18.67372,18.009169999999997,18.14208,8314554.0
2025-07-04,18.14208,18.54081,18.07563,18.20854,3840242.0
2025-07-07,18.274990000000003,18.74017,18.20854,18.60726,6746821.0
2025-07-08,18.60726,18.87308,18.474349999999998,18.74017,6866737.0
2025-07-09,18.74017,19.53763,18.74017,19.138900000000003,13023601.0
2025-07-10,19.20535,19.33826,18.806630000000002,18.87308,5975664.0
2025-07-11,18.87308,19.936349999999997,18.67372,19.471169999999997,12955217.0
2025-07-14,19.53763,20.135720000000003,19.07244,19.604080000000003,8373906.0
2025-07-15,19.670540000000003,20.33508,19.271810000000002,19.33826,11341375.0
2025-07-16,19.33826,19.670540000000003,19.138900000000003,19.40472,7038482.0
2025-07-17,19.40472,19.80344,19.271810000000002,19.40472,7113087.0
2025-07-18,19.53763,20.733810000000002,19.40472,20.00281,13415920.0
2025-07-21,20.00281,20.46799,19.604080000000003,19.670540000000003,5585099.0
2025-07-22,19.670540000000003,20.20217,19.40472,20.06926,7661699.0
2025-07-23,20.06926,20.86672,19.936349999999997,20.06926,10451715.0
2025-07-24,20.135720000000003,20.20217,19.670540000000003,19.936349999999997,5776328.0
2025-07-25,20.06926,21.265439999999998,19.8699,21.265439999999998,13833274.0
2025-07-28,21.265439999999998,23.39199,21.265439999999998,23.39199,10941019.0
2025-07-29,24.05653,24.986900000000002,22.262259999999998,22.46162,18389750.0
2025-07-30,22.32872,24.45526,22.262259999999998,24.2559,11230589.0
2025-07-31,24.2559,24.853990000000003,23.45844,24.189439999999998,8278852.0
2025-08-01,24.2559,24.72108,23.25908,23.39199,10257782.0
2025-08-04,23.39199,23.990080000000003,22.062900000000003,23.85717,6024702.0
2025-08-05,24.05653,25.25271,22.59453,23.92362,14048663.0
2025-08-06,23.92362,24.32235,23.724259999999997,24.189439999999998,5176903.0
2025-08-07,24.388810000000003,24.72108,23.92362,24.45526,5560639.0
2025-08-08,24.588169999999998,25.186259999999997,23.724259999999997,23.990080000000003,11084554.0
2025-08-11,24.12299,24.588169999999998,23.65781,24.2559,7343901.0
2025-08-12,24.388810000000003,24.588169999999998,23.85717,24.2559,5406408.0
2025-08-13,24.2559,26.648259999999997,24.2559,26.648259999999997,18285931.0
2025-08-14,27.91089,29.30644,26.84762,29.30644,11742942.0
2025-08-15,29.70517,31.23362,27.578619999999997,29.30644,12217868.0
2025-08-18,29.30644,29.77162,28.24317,29.30644,7620623.0
2025-08-19,30.74068,31.355490000000003,28.896240000000002,29.10117,6869569.0
2025-08-20,29.647669999999998,29.647669999999998,26.23204,27.93986,13185949.0
2025-08-21,27.93986,29.30611,27.73492,27.80323,5606596.0
2025-08-22,28.00817,28.34973,25.75386,26.02711,9945267.0
2025-08-25,25.95879,27.32505,25.95879,26.30036,7499848.0
2025-08-26,26.30036,28.82792,25.61723,28.6913,8287248.0
2025-08-27,28.896240000000002,29.374419999999997,28.07648,28.07648,8149238.0
2025-08-28,28.07648,28.41805,27.5983,27.87155,6967413.0
2025-08-29,27.93986,30.05755,27.73492,28.48636,8652162.0
2025-09-03,28.6913,28.759610000000002,27.5983,27.73492,7830723.0
2025-09-04,27.73492,28.07648,27.32505,27.52998,15023528.0
2025-09-05,28.00817,29.03286,26.16373,26.30036,21691307.0
2025-09-08,26.30036,26.573610000000002,24.72917,24.79748,10969291.0
2025-09-09,24.86579,25.480610000000002,23.97773,25.412290000000002,8144092.0
2025-09-10,25.95879,26.16373,24.72917,24.934099999999997,12598942.0
2025-09-11,25.34398,25.34398,23.63616,24.66085,16791509.0
2025-09-12,24.66085,25.07073,24.182669999999998,24.319290000000002,16653794.0
2025-09-15,24.3876,25.480610000000002,24.319290000000002,25.275669999999998,10950572.0
2025-09-16,25.34398,25.95879,24.86579,25.002419999999997,10139809.0
2025-09-17,25.002419999999997,25.07073,24.45592,24.45592,6221088.0
2025-09-18,24.52423,24.79748,24.04604,24.3876,5604744.0
2025-09-19,24.45592,24.72917,24.25098,24.45592,3750885.0
2025-09-22,24.66085,24.66085,23.56785,23.70448,6820720.0
2025-09-23,23.70448,24.114349999999998,23.49954,23.49954,5582322.0
2025-09-24,25.58212,25.65803,23.76025,24.82301,4195504.0
2025-09-25,25.05074,25.4303,24.82301,25.4303,5398869.0
2025-09-26,25.4303,25.4303,24.67119,24.67119,3678604.0
2025-09-29,24.67119,25.05074,24.443450000000002,24.898919999999997,3026578.0
2025-09-30,24.898919999999997,26.03759,24.51936,25.96168,9467188.0
2025-10-01,25.96168,26.26532,25.88577,26.18941,3298401.0
2025-10-02,26.18941,26.26532,25.202560000000002,25.35439,5330357.0
2025-10-03,25.35439,25.35439,24.59527,24.82301,4225747.0
2025-10-06,24.898919999999997,27.10035,24.7471,27.02444,11851681.0
2025-10-07,27.328080000000003,27.4799,26.49306,26.49306,6272124.0
2025-10-08,27.25217,27.85946,25.96168,26.56897,9693381.0
2025-10-09,26.56897,27.10035,26.03759,26.26532,4343535.0
2025-10-10,26.49306,26.7967,26.26532,26.49306,6666762.0
2025-10-13,26.34123,26.49306,25.65803,26.34123,6999509.0
2025-10-14,26.417150000000003,27.25217,26.1135,26.18941,12162751.0
2025-10-15,26.18941,26.34123,25.65803,25.80986,6453485.0
2025-10-16,25.80986,26.1135,25.50621,25.58212,5927283.0
2025-10-17,25.65803,26.1135,25.12665,25.12665,6524338.0
2025-10-20,25.12665,25.4303,22.62158,22.62158,11215733.0
2025-10-21,22.62158,23.304779999999997,20.57197,22.393849999999997,9095929.0
2025-10-22,22.393849999999997,22.773400000000002,21.710639999999998,22.62158,4154477.0
2025-10-23,22.62158,22.773400000000002,21.48291,21.862470000000002,3839205.0
2025-10-24,21.862470000000002,22.24202,21.407,22.0902,4185717.0
2025-10-27,22.16611,23.380689999999998,21.862470000000002,22.24202,5087445.0
2025-10-28,22.24202,22.92522,22.0902,22.849310000000003,3816980.0
2025-10-29,22.849310000000003,23.456599999999998,22.62158,22.697490000000002,2798834.0
2025-10-30,22.697490000000002,22.849310000000003,22.014290000000003,22.16611,3918113.0
2025-10-31,22.545669999999998,22.545669999999998,21.862470000000002,22.0902,2609617.0
2025-11-03,22.0902,22.24202,21.25517,21.25517,4110735.0
2025-11-04,21.25517,23.22887,21.02744,23.07705,7423219.0
2025-11-05,23.15296,23.15296,22.469759999999997,22.469759999999997,2343207.0
2025-11-06,22.469759999999997,22.849310000000003,22.16611,22.545669999999998,3025714.0
2025-11-07,22.545669999999998,22.697490000000002,21.25517,21.63473,3306268.0
2025-11-10,21.710639999999998,22.62158,21.55882,21.938380000000002,2845646.0
2025-11-11,21.862470000000002,22.545669999999998,21.78655,22.545669999999998,2680117.0
2025-11-12,22.545669999999998,22.92522,22.545669999999998,22.849310000000003,3943626.0
2025-11-13,22.773400000000002,22.92522,22.469759999999997,22.469759999999997,2128204.0
2025-11-14,22.469759999999997,22.92522,22.31793,22.849310000000003,3387011.0
2025-11-17,22.849310000000003,23.304779999999997,22.773400000000002,23.15296,3334738.0
2025-11-18,23.15296,23.68434,23.00114,23.15296,3639128.0
2025-11-19,23.00114,23.15296,21.862470000000002,22.545669999999998,4198435.0
2025-11-20,22.545669999999998,22.697490000000002,22.16611,22.393849999999997,1668714.0
2025-11-21,22.469759999999997,22.469759999999997,22.014290000000003,22.16611,2214924.0
2025-11-24,22.24202,22.469759999999997,22.16611,22.31793,1249252.0
2025-11-25,22.31793,22.393849999999997,21.48291,21.55882,3428155.0
2025-11-26,21.55882,22.62158,21.48291,22.31793,2195298.0
2025-11-27,22.469759999999997,22.545669999999998,22.014290000000003,22.014290000000003,1341045.0
2025-11-28,22.014290000000003,22.16611,21.63473,21.63473,2138878.0
2025-12-01,21.63473,21.938380000000002,21.48291,21.48291,1364263.0
2025-12-02,21.63473,21.862470000000002,21.02744,21.63473,3241246.0
2025-12-03,21.63473,22.0902,21.02744,21.938380000000002,2003308.0
2025-12-04,21.938380000000002,22.469759999999997,21.938380000000002,22.31793,3841004.0
2025-12-05,22.393849999999997,22.469759999999997,21.78655,21.862470000000002,3016318.0
2025-12-08,21.862470000000002,22.0902,21.48291,21.55882,2034541.0
2025-12-09,21.63473,21.63473,20.7238,21.25517,4952415.0
2025-12-10,21.33109,21.48291,21.10335,21.17926,1875553.0
2025-12-11,21.25517,21.48291,21.17926,21.17926,1078089.0
2025-12-12,19.81286,21.48291,19.81286,19.96468,4264134.0
2025-12-15,20.04059,20.420150000000003,19.73695,20.04059,2961836.0
2025-12-16,20.04059,21.17926,19.205569999999998,20.7238,5157244.0
2025-12-17,20.799709999999997,20.799709999999997,20.19242,20.19242,1879802.0
2025-12-18,20.19242,20.19242,19.58513,19.81286,3772070.0
2025-12-19,19.81286,20.1165,19.73695,20.04059,2372253.0
2025-12-22,20.04059,20.49606,20.04059,20.344240000000003,3528987.0
2025-12-23,20.344240000000003,20.57197,20.1165,20.1165,3031337.0
2025-12-24,20.1165,20.49606,19.88877,20.344240000000003,2937084.0
2025-12-25,20.344240000000003,20.64788,20.04059,20.04059,3117432.0
2025-12-26,20.04059,20.19242,19.35739,19.88877,3956787.0
2025-12-29,19.88877,20.1165,19.73695,19.88877,2036007.0
2025-12-30,19.88877,20.04059,19.73695,19.81286,1251264.0
2025-12-31,19.73695,19.96468,19.66104,19.73695,1401988.0
2026-01-05,19.73695,19.81286,18.59828,19.05375,4701883.0
2026-01-06,18.370540000000002,19.81286,18.21872,19.50921,4260453.0
2026-01-07,19.58513,19.96468,19.4333,19.73695,3734560.0
2026-01-08,19.73695,20.268330000000002,19.73695,19.88877,5843491.0
2026-01-09,19.88877,20.344240000000003,19.81286,19.88877,4773943.0
2026-01-12,19.88877,21.78655,19.81286,21.710639999999998,14407882.0
2026-01-13,21.78655,22.24202,21.02744,21.25517,10613291.0
2026-01-14,21.33109,21.48291,20.57197,21.10335,9247467.0
2026-01-15,21.10335,21.63473,20.64788,21.02744,6901160.0
2026-01-16,21.17926,21.25517,20.49606,20.799709999999997,5864962.0
2026-01-19,20.799709999999997,21.17926,20.799709999999997,20.875619999999998,4425346.0
2026-01-20,20.875619999999998,21.10335,20.49606,20.57197,6366481.0
2026-01-21,20.57197,20.57197,19.58513,19.96468,8690205.0
2026-01-22,19.96468,20.420150000000003,19.73695,20.1165,5583742.0
2026-01-23,20.1165,20.64788,20.1165,20.1165,4661571.0
2026-01-26,20.344240000000003,20.49606,19.66104,19.81286,4542875.0
2026-01-27,19.81286,20.04059,19.05375,19.81286,2750202.0
2026-01-28,19.81286,19.96468,19.58513,19.88877,3609852.0
2026-01-29,19.88877,20.1165,19.81286,20.04059,1850983.0
2026-01-30,19.88877,20.344240000000003,19.88877,20.1165,3022557.0
2026-02-02,20.1165,20.420150000000003,19.88877,19.96468,3029166.0
2026-02-03,19.96468,20.344240000000003,19.96468,20.1165,3705799.0
2026-02-04,20.344240000000003,20.875619999999998,20.1165,20.49606,7027357.0
2026-02-05,20.49606,20.799709999999997,20.19242,20.19242,2893448.0
2026-02-06,20.19242,20.19242,19.50921,19.50921,5627487.0
2026-02-09,19.50921,19.88877,19.50921,19.50921,1766868.0
2026-02-10,19.50921,19.88877,19.4333,19.66104,2244735.0
2026-02-11,19.50921,20.344240000000003,19.50921,20.19242,3964129.0
2026-02-12,20.19242,20.420150000000003,20.1165,20.268330000000002,1553714.0
2026-02-13,20.268330000000002,20.49606,20.1165,20.344240000000003,3488460.0
2026-02-23,20.344240000000003,20.7238,20.268330000000002,20.64788,3199805.0
2026-02-24,20.64788,21.25517,20.1165,20.875619999999998,7281362.0
2026-02-25,20.875619999999998,21.10335,20.7238,20.875619999999998,4992231.0
2026-02-26,20.875619999999998,21.10335,20.57197,20.7238,3928765.0
2026-02-27,21.02744,21.25517,20.57197,20.951529999999998,5526028.0
2026-03-02,20.951529999999998,21.02744,19.58513,20.1165,8892719.0
2026-03-03,20.1165,21.25517,20.04059,20.420150000000003,7616142.0
2026-03-04,20.49606,21.17926,19.66104,21.17926,9376187.0
2026-03-05,22.014290000000003,22.849310000000003,21.33109,21.63473,21804127.0
2026-03-06,21.63473,21.710639999999998,20.49606,20.49606,9457169.0
2026-03-09,20.420150000000003,20.49606,18.44646,18.44646,11402019.0
2026-03-10,18.44646,19.66104,16.700490000000002,18.7501,15486675.0
2026-03-11,18.901919999999997,19.81286,18.67419,19.4333,5517926.0
2026-03-12,19.4333,19.73695,18.52237,18.7501,7036139.0
2026-03-13,17.00414,18.901919999999997,17.00414,18.59828,5704425.0
2026-03-16,18.59828,19.12966,18.29463,18.7501,2864443.0
2026-03-17,18.97783,19.4333,18.7501,18.7501,4312676.0
2026-03-18,18.901919999999997,19.05375,18.29463,18.52237,3459240.0
2026-03-19,18.52237,18.52237,17.53552,17.83916,6666321.0
2026-03-20,17.08005,18.21872,16.0932,17.915080000000003,3158613.0
2026-03-23,17.99099,17.99099,16.472759999999997,16.77641,5956195.0
2026-03-24,17.30779,17.83916,17.08005,17.3837,2772659.0
2026-03-25,17.83916,18.14281,17.3837,17.915080000000003,4333263.0
2026-03-26,18.0669,18.0669,17.45961,17.53552,3064650.0
2026-03-27,17.53552,18.29463,17.00414,18.14281,4746676.0
2026-03-30,17.45961,17.99099,17.45961,17.915080000000003,3840340.0
2026-03-31,17.99099,18.67419,17.99099,18.29463,8541652.0
2026-04-01,18.59828,19.35739,18.59828,18.59828,12058372.0
2026-04-02,19.38685,19.57599,18.81943,19.10314,4991450.0
2026-04-03,19.10314,19.48142,18.72486,18.914,3559164.0
2026-04-06,19.48142,19.48142,18.44115,18.44115,4468621.0
2026-04-07,18.44115,18.914,17.49545,18.914,2402792.0
2026-04-08,19.765130000000003,20.42712,19.38685,20.23798,8806545.0
2026-04-09,20.23798,20.42712,19.57599,19.8597,3117831.0
2026-04-10,19.8597,20.14341,19.670560000000002,19.670560000000002,3516803.0
2026-04-13,19.670560000000002,19.8597,19.292279999999998,19.48142,3927101.0
2026-04-14,19.48142,19.95427,19.48142,19.57599,2572021.0
2026-04-15,19.38685,19.8597,19.38685,19.57599,3703242.0
2026-04-16,19.57599,19.670560000000002,19.19771,19.292279999999998,2749838.0
2026-04-17,19.292279999999998,19.765130000000003,19.19771,19.19771,2436055.0
2026-04-20,19.19771,19.38685,19.10314,19.19771,2706967.0
2026-04-21,19.19771,19.38685,18.914,18.914,3225427.0
2026-04-22,18.914,19.10314,18.72486,18.72486,2336296.0
2026-04-23,18.914,19.00857,18.53572,18.53572,3557565.0
2026-04-24,18.630290000000002,18.72486,18.44115,18.53572,2037615.0
2026-04-28,18.53572,18.72486,18.44115,18.44115,1910447.0
2026-04-29,18.44115,18.53572,18.346580000000003,18.346580000000003,3020210.0
2026-05-04,18.346580000000003,18.630290000000002,18.25201,18.346580000000003,3455004.0
2026-05-05,18.346580000000003,18.53572,17.9683,18.157439999999998,3031188.0
2026-05-06,18.25201,18.914,18.157439999999998,18.630290000000002,4674127.0
2026-05-07,18.72486,18.914,18.44115,18.53572,2177293.0
2026-05-08,18.72486,18.72486,18.346580000000003,18.44115,2095412.0
2026-05-11,18.44115,18.81943,18.25201,18.44115,2990574.0
2026-05-12,18.44115,18.53572,18.346580000000003,18.346580000000003,1645277.0
2026-05-13,18.44115,18.53572,18.157439999999998,18.346580000000003,2714043.0
2026-05-14,18.346580000000003,18.53572,18.25201,18.25201,1552818.0
2026-05-15,18.346580000000003,18.53572,18.25201,18.346580000000003,1988276.0
2026-05-18,18.346580000000003,19.10314,17.49545,19.00857,9518868.0
2026-05-19,19.19771,19.48142,18.72486,18.81943,3775232.0
2026-05-20,18.81943,18.81943,17.77916,18.346580000000003,4339134.0
2026-05-21,18.53572,18.53572,18.157439999999998,18.25201,3266132.0
2026-05-22,18.25201,19.00857,18.06287,18.630290000000002,4138350.0
2026-05-25,18.157439999999998,18.914,18.157439999999998,18.630290000000002,2069298.0
2026-05-26,18.630290000000002,19.292279999999998,18.53572,19.292279999999998,7022824.0
2026-05-27,19.38685,19.38685,19.00857,19.19771,2387495.0
2026-05-28,17.49545,19.38685,17.49545,18.81943,3285681.0
2026-05-29,18.81943,19.10314,18.72486,18.81943,3192527.0
2026-06-01,18.81943,19.292279999999998,18.72486,19.00857,2612815.0
2026-06-02,18.914,19.10314,18.44115,18.53572,2443249.0
2026-06-03,18.44115,19.10314,18.25201,18.81943,3503057.0
2026-06-04,18.81943,19.10314,18.630290000000002,18.914,1960823.0
2026-06-05,18.914,19.10314,18.72486,18.72486,1773387.0
2026-06-08,18.72486,18.72486,17.9683,18.157439999999998,4924370.0
2026-06-09,18.157439999999998,18.25201,17.87373,18.06287,3246235.0
2026-06-10,18.06287,18.346580000000003,17.9683,18.157439999999998,1146424.0
2026-06-11,18.157439999999998,18.346580000000003,17.9683,17.9683,1462688.0
2026-06-12,17.77916,18.346580000000003,17.77916,18.157439999999998,2250205.0
2026-06-15,18.157439999999998,19.00857,18.06287,18.914,6584912.0
2026-06-16,18.914,20.14341,18.72486,19.765130000000003,11788308.0
2026-06-17,19.57599,20.23798,19.48142,19.670560000000002,4313185.0
2026-06-18,19.38685,19.95427,19.38685,19.48142,4587566.0
2026-06-19,19.57599,20.04884,19.19771,19.48142,4981146.0
2026-06-22,19.670560000000002,19.765130000000003,19.292279999999998,19.57599,3194132.0
2026-06-23,19.57599,19.95427,19.10314,19.19771,5888344.0
2026-06-24,19.19771,19.292279999999998,18.72486,18.914,3362379.0
2026-06-25,18.914,19.10314,18.630290000000002,18.630290000000002,2234019.0
2026-06-26,18.630290000000002,18.72486,18.346580000000003,18.53572,2612979.0
2026-06-29,18.53572,18.914,18.44115,18.914,1767024.0
2026-06-30,19.10314,19.57599,18.914,19.00857,2894527.0
2026-07-01,19.10314,19.38685,19.00857,19.292279999999998,2696975.0
2026-07-02,19.292279999999998,19.48142,19.00857,19.38685,8131436.0
2026-07-03,19.38685,20.71083,19.38685,20.332549999999998,24487631.0
2026-07-06,20.23798,20.52169,19.19771,19.670560000000002,11426936.0
2026-07-07,19.57599,21.08911,19.48142,21.08911,17184543.0
2026-07-08,21.08911,21.37282,20.616259999999997,20.805400000000002,11235888.0
2026-07-09,20.805400000000002,21.467389999999998,20.42712,20.89997,17394047.0
2026-07-10,20.99454,21.27825,20.616259999999997,20.616259999999997,10391335.0
2026-07-13,20.23798,20.616259999999997,19.10314,19.670560000000002,20371321.0
2026-07-14,19.670560000000002,20.04884,19.292279999999998,20.04884,8234451.0
2026-07-15,18.25201,20.14341,18.25201,19.38685,7638851.0
2026-07-16,19.38685,19.38685,18.25201,19.19771,15621093.0
2026-07-17,18.157439999999998,19.48142,17.9683,18.81943,5697590.0
2026-07-20,18.81943,18.81943,17.30631,17.49545,12385831.0
2026-07-21,17.49545,18.25201,17.30631,17.49545,5711585.0
2026-07-22,17.59002,18.157439999999998,17.49545,17.68459,8507102.0
2026-07-23,17.68459,18.630290000000002,17.211740000000002,18.346580000000003,10282544.0
2026-07-24,18.346580000000003,18.44115,17.49545,17.59002,5139897.0
2026-07-27,17.59002,17.87373,16.45518,16.45518,7961169.0
2026-07-28,14.94206,17.40088,14.94206,16.83346,8164639.0
2026-07-29,16.92803,17.117169999999998,16.45518,16.738889999999998,3978964.0
2026-07-30,16.738889999999998,17.68459,16.45518,17.40088,7582714.0
2026-07-31,17.40088,17.9683,17.022599999999997,17.022599999999997,5258459.0
2026-08-03,17.022599999999997,17.87373,17.022599999999997,17.49545,6209597.0
2026-08-04,17.59002,17.77916,17.30631,17.59002,4948500.0
2026-08-05,17.68459,17.9683,17.30631,17.30631,6754799.0
2026-08-06,17.30631,17.59002,17.211740000000002,17.30631,3712565.0
2026-08-07,17.40088,17.59002,17.211740000000002,17.49545,3130262.0
2026-08-10,17.49545,18.06287,17.49545,17.9683,5030500.0
2026-08-11,17.9683,18.346580000000003,17.68459,17.77916,6783103.0
2026-08-12,17.77916,17.9683,17.68459,17.77916,2634745.0
2026-08-13,17.59002,18.06287,17.40088,17.40088,5884424.0
2026-08-14,17.49545,17.59002,17.117169999999998,17.40088,6306307.0
2026-08-17,18.3,18.4,17.3,17.4,2340789.0
2026-08-18,17.3,17.6,17.1,17.1,3216877.0
2026-08-19,17.2,17.2,16.8,16.9,2050240.0
2026-08-20,16.9,17.2,16.9,16.9,1794612.0
2026-08-21,17.0,18.1,16.8,18.1,8249959.0
2026-08-24,18.1,18.5,17.8,17.9,4852264.0
2026-08-25,17.9,18.1,17.6,17.7,4657901.0
2026-08-26,17.5,17.9,17.5,17.8,2673655.0
2026-08-27,17.8,18.1,17.7,17.8,2379057.0
2026-08-28,17.8,18.2,17.7,17.9,4790200.0
2026-09-03,17.9,18.0,17.6,17.7,3558000.0
2026-09-04,17.7,17.9,17.6,17.7,1861200.0
2026-09-07,17.8,17.9,17.3,17.3,3298900.0
2026-09-08,17.3,17.7,17.3,17.3,1848800.0
2026-09-09,17.4,17.4,17.1,17.1,2206500.0
2026-09-10,17.0,17.3,17.0,17.1,2000900.0
2026-09-11,17.1,17.2,16.4,16.5,5954600.0
2026-09-14,16.5,16.8,16.0,16.4,3684400.0
2026-09-15,16.4,16.7,16.1,16.6,1843600.0
2026-09-16,16.6,16.6,16.3,16.4,2053100.0
2026-09-17,16.4,17.2,16.1,16.8,3397200.0
2026-09-18,16.8,17.2,16.8,17.0,2998600.0
2026-09-21,17.0,17.2,16.6,16.7,2553600.0
2026-09-22,16.7,16.9,16.6,16.7,1594200.0
2026-09-23,16.7,16.8,16.6,16.6,1658800.0
2026-09-24,16.6,16.7,16.3,16.4,2851900.0
2026-09-25,16.5,16.5,16.2,16.2,2453300.0
2026-09-28,16.2,16.3,15.6,15.7,4817900.0
2026-09-29,15.6,15.9,15.5,15.5,3182500.0
2026-09-30,15.5,15.8,15.4,15.6,2041500.0
2026-10-01,15.6,16.0,15.5,15.6,2272300.0
2026-10-02,15.6,15.8,15.3,15.3,1860000.0
