,open,high,low,close,volume
2020-04-29,27.706139999999998,27.706139999999998,27.33944,27.502419999999997,10756.0
2020-05-04,27.54316,27.54316,27.17646,27.2987,5731.0
2020-05-05,27.09497,27.25795,26.97274,27.09497,6465.0
2020-05-06,27.2987,27.420930000000002,27.01349,27.420930000000002,20110.0
2020-05-07,27.2987,27.706139999999998,27.2987,27.624650000000003,2248.0
2020-05-08,27.54316,27.706139999999998,27.38018,27.38018,23536.0
2020-05-11,27.624650000000003,27.66539,27.09497,27.624650000000003,21030.0
2020-05-12,27.461669999999998,27.624650000000003,27.38018,27.38018,7486.0
2020-05-13,27.420930000000002,27.58391,27.09497,27.38018,9070.0
2020-05-14,27.38018,27.909860000000002,27.38018,27.82837,50586.0
2020-05-15,27.624650000000003,27.66539,27.502419999999997,27.502419999999997,15045.0
2020-05-18,27.624650000000003,28.03209,27.420930000000002,27.502419999999997,9221.0
2020-05-19,27.502419999999997,27.706139999999998,27.2987,27.33944,24807.0
2020-05-20,27.461669999999998,27.706139999999998,27.33944,27.706139999999998,9048.0
2020-05-21,27.66539,27.706139999999998,27.461669999999998,27.461669999999998,17345.0
2020-05-22,27.624650000000003,27.624650000000003,27.461669999999998,27.461669999999998,9220.0
2020-05-25,27.78763,27.78763,27.38018,27.624650000000003,5756.0
2020-05-26,27.706139999999998,27.706139999999998,27.502419999999997,27.624650000000003,36140.0
2020-05-27,27.502419999999997,27.624650000000003,27.502419999999997,27.58391,17301.0
2020-05-28,27.58391,27.706139999999998,27.502419999999997,27.58391,27412.0
2020-05-29,27.58391,29.33591,27.58391,28.48028,40951.0
2020-06-01,28.52103,29.74336,28.52103,29.33591,53894.0
2020-06-02,29.25442,29.74336,29.25442,29.539630000000002,27747.0
2020-06-03,29.33591,29.4174,29.29517,29.33591,14890.0
2020-06-04,29.33591,29.33591,29.17293,29.33591,16355.0
2020-06-05,29.29517,29.539630000000002,29.29517,29.33591,25782.0
2020-06-08,29.33591,29.70261,29.29517,29.37666,23924.0
2020-06-09,29.37666,29.4174,29.0507,29.33591,23812.0
2020-06-10,29.33591,29.4174,29.33591,29.37666,37186.0
2020-06-11,29.33591,29.4174,28.92847,29.17293,64637.0
2020-06-12,28.52103,29.132189999999998,28.113580000000002,29.132189999999998,21957.0
2020-06-15,28.43954,28.92847,28.113580000000002,28.113580000000002,4836.0
2020-06-16,28.56177,29.132189999999998,27.909860000000002,28.92847,26300.0
2020-06-17,28.39879,28.88772,28.113580000000002,28.43954,13064.0
2020-06-18,27.909860000000002,28.48028,27.38018,28.113580000000002,33658.0
2020-06-19,27.909860000000002,28.39879,27.909860000000002,28.113580000000002,27370.0
2020-06-22,28.19507,28.56177,28.19507,28.52103,22480.0
2020-06-23,28.72475,28.765490000000003,28.52103,28.684,26415.0
2020-06-24,29.33591,29.4174,28.92847,29.37666,112326.0
2020-06-25,29.33591,29.33591,28.52103,29.25442,24210.0
2020-06-26,29.132189999999998,29.21368,28.92847,28.92847,20100.0
2020-06-29,28.96921,28.96921,28.3173,28.684,3930.0
2020-06-30,28.72475,28.72475,28.113580000000002,28.23582,17220.0
2020-07-01,28.48028,28.643259999999998,28.39879,28.52103,19696.0
2020-07-02,28.52103,28.72475,28.113580000000002,28.52103,24215.0
2020-07-03,28.52103,28.643259999999998,28.113580000000002,28.48028,11225.0
2020-07-06,28.15433,28.96921,28.15433,28.92847,34191.0
2020-07-07,28.643259999999998,29.33591,28.643259999999998,29.33591,62320.0
2020-07-08,29.33591,29.33591,28.23582,29.29517,22833.0
2020-07-09,29.33591,29.33591,29.25442,29.29517,23612.0
2020-07-10,29.132189999999998,29.4174,29.00996,29.33591,52296.0
2020-07-13,29.33591,29.33591,29.132189999999998,29.29517,18444.0
2020-07-14,29.25442,29.29517,29.25442,29.29517,41920.0
2020-07-15,29.29517,29.33591,29.132189999999998,29.29517,19430.0
2020-07-16,29.091450000000002,29.33591,29.091450000000002,29.33591,27025.0
2020-07-17,29.33591,29.33591,29.17293,29.33591,15730.0
2020-07-20,29.33591,29.33591,29.091450000000002,29.091450000000002,13565.0
2020-07-21,29.29517,29.33591,29.29517,29.33591,12717.0
2020-07-22,29.33591,29.33591,29.29517,29.33591,28020.0
2020-07-23,29.132189999999998,29.25442,29.0507,29.0507,11549.0
2020-07-24,28.92847,29.21368,28.52103,29.21368,130585.0
2020-07-27,28.113580000000002,29.00996,28.113580000000002,28.43954,94672.0
2020-07-28,28.56177,29.00996,28.52103,28.92847,60560.0
2020-07-29,28.92847,29.29517,28.92847,29.132189999999998,66960.0
2020-07-30,29.091450000000002,31.37313,29.091450000000002,29.947080000000003,68331.0
2020-07-31,30.35452,30.55824,29.824840000000002,30.02857,57722.0
2020-08-03,30.02857,30.02857,29.539630000000002,29.90633,66080.0
2020-08-04,30.02857,30.76196,29.90633,30.76196,277368.0
2020-08-05,30.55824,31.41387,30.55824,31.087919999999997,154470.0
2020-08-06,31.12866,31.37313,31.047169999999998,31.087919999999997,132517.0
2020-08-07,31.047169999999998,31.047169999999998,30.68047,30.68047,141900.0
2020-08-10,32.62145,32.62145,30.88857,31.1485,65264.0
2020-08-11,31.1485,31.1485,30.75861,30.97522,80070.0
2020-08-12,30.88857,30.97522,30.80193,30.88857,45067.0
2020-08-13,30.88857,31.191830000000003,30.88857,31.1485,38950.0
2020-08-14,31.1485,31.1485,30.75861,30.88857,46745.0
2020-08-17,30.88857,30.88857,30.62864,30.80193,47870.0
2020-08-18,30.80193,30.97522,30.75861,30.84525,53324.0
2020-08-19,30.84525,30.97522,30.84525,30.93189,15710.0
2020-08-20,30.93189,31.01854,30.84525,30.88857,34658.0
2020-08-21,30.88857,31.625049999999998,30.88857,31.191830000000003,57950.0
2020-08-24,31.625049999999998,31.625049999999998,30.97522,31.191830000000003,95755.0
2020-08-25,31.191830000000003,31.40844,31.10518,31.191830000000003,145877.0
2020-08-26,31.191830000000003,31.36511,31.10518,31.191830000000003,73840.0
2020-08-27,31.23515,31.84166,31.23515,31.625049999999998,84217.0
2020-08-28,31.66837,31.971619999999998,31.66837,31.79833,42540.0
2020-08-31,31.75501,32.05827,31.711689999999997,31.84166,21244.0
2020-09-01,31.84166,32.27488,31.75501,32.05827,50658.0
2020-09-03,31.9283,32.49149,31.9283,32.49149,78794.0
2020-09-04,32.05827,32.7081,31.88498,32.49149,30445.0
2020-09-07,32.53481,32.924699999999994,31.58172,32.014939999999996,57056.0
2020-09-08,32.18823,32.18823,31.66837,31.88498,69130.0
2020-09-09,31.40844,32.924699999999994,31.40844,32.7081,32033.0
2020-09-10,32.27488,32.49149,32.05827,32.49149,22642.0
2020-09-11,32.27488,32.27488,32.05827,32.10159,13185.0
2020-09-14,32.10159,32.7081,32.05827,32.05827,52685.0
2020-09-15,32.49149,32.49149,32.27488,32.27488,51414.0
2020-09-16,32.40484,32.49149,32.27488,32.44816,6855.0
2020-09-17,32.44816,32.49149,32.23155,32.23155,25459.0
2020-09-18,32.23155,32.44816,32.14491,32.40484,30999.0
2020-09-21,32.44816,32.44816,32.14491,32.14491,34865.0
2020-09-22,32.10159,32.23155,32.05827,32.23155,30800.0
2020-09-23,32.10159,32.14491,31.88498,32.014939999999996,31651.0
2020-09-24,32.014939999999996,32.27488,31.971619999999998,32.23155,22800.0
2020-09-25,32.014939999999996,32.014939999999996,31.88498,31.88498,8980.0
2020-09-28,31.88498,32.05827,31.88498,31.9283,8247.0
2020-09-29,31.971619999999998,32.10159,31.971619999999998,32.05827,44476.0
2020-09-30,32.014939999999996,32.014939999999996,31.971619999999998,32.014939999999996,2110.0
2020-10-01,32.014939999999996,32.014939999999996,31.625049999999998,31.84166,38800.0
2020-10-02,31.75501,31.75501,31.32179,31.36511,32870.0
2020-10-05,31.58172,32.36152,31.58172,32.05827,84400.0
2020-10-06,32.05827,32.27488,31.75501,32.27488,114300.0
2020-10-07,32.27488,32.3182,32.05827,32.27488,131700.0
2020-10-08,32.05827,32.27488,32.05827,32.05827,131500.0
2020-10-09,32.27488,33.14131,32.10159,32.49149,104400.0
2020-10-12,32.49149,33.35792,32.49149,32.924699999999994,38500.0
2020-10-13,32.924699999999994,33.097989999999996,32.7081,32.924699999999994,59200.0
2020-10-14,33.01135,33.79114,32.49149,33.097989999999996,43000.0
2020-10-15,33.14131,33.574529999999996,32.88138,33.097989999999996,71000.0
2020-10-16,32.924699999999994,33.53121,32.924699999999994,33.35792,119300.0
2020-10-19,33.74782,33.87779,33.574529999999996,33.574529999999996,17000.0
2020-10-20,32.96803,33.35792,32.83806,33.35792,9000.0
2020-10-21,33.53121,34.00775,33.35792,33.35792,28300.0
2020-10-22,33.574529999999996,33.574529999999996,33.40125,33.574529999999996,14600.0
2020-10-23,33.574529999999996,33.79114,33.35792,33.79114,45200.0
2020-10-26,33.74782,33.79114,33.574529999999996,33.74782,17800.0
2020-10-27,33.74782,33.74782,32.96803,33.14131,25600.0
2020-10-28,33.3146,33.44457,30.32539,31.40844,164800.0
2020-10-29,31.191830000000003,31.45176,31.191830000000003,31.278470000000002,89100.0
2020-10-30,31.625049999999998,31.84166,31.40844,31.625049999999998,45600.0
2020-11-02,31.58172,32.49149,31.58172,31.971619999999998,75300.0
2020-11-03,32.14491,32.27488,31.971619999999998,32.05827,36700.0
2020-11-04,32.18823,32.924699999999994,32.014939999999996,32.66477,98400.0
2020-11-05,32.66477,32.751419999999996,32.49149,32.66477,42500.0
2020-11-06,32.7081,33.097989999999996,32.66477,33.05467,75500.0
2020-11-09,32.924699999999994,34.22436,32.924699999999994,34.18104,129600.0
2020-11-10,34.18104,35.0908,34.18104,34.74423,123600.0
2020-11-11,33.79114,35.0908,33.79114,34.78755,58500.0
2020-11-12,34.830870000000004,34.874190000000006,34.44097,34.74423,43100.0
2020-11-13,34.874190000000006,34.874190000000006,34.26769,34.44097,36600.0
2020-11-16,34.527620000000006,34.65758,34.00775,34.31101,55300.0
2020-11-17,34.13772,35.4807,34.13772,35.307410000000004,173600.0
2020-11-18,35.220769999999995,37.04029,35.0908,36.82368,190100.0
2020-11-19,36.78036,38.12334,36.39046,37.86341,122400.0
2020-11-20,37.30022,38.72985,37.2569,38.513239999999996,94000.0
2020-11-23,38.339949999999995,38.55656,37.69012,38.513239999999996,92400.0
2020-11-24,38.469919999999995,39.0331,38.339949999999995,38.989779999999996,108800.0
2020-11-25,39.0331,39.0331,38.55656,38.989779999999996,59700.0
2020-11-26,38.989779999999996,39.98619,38.85982,39.89954,110500.0
2020-11-27,40.07283,40.93926999999999,40.07283,40.50605,158700.0
2020-11-30,40.50605,40.50605,39.24971,39.46632,101300.0
2020-12-01,38.989779999999996,40.28944,38.989779999999996,40.07283,104200.0
2020-12-02,40.28944,40.37609,40.116150000000005,40.37609,98400.0
2020-12-03,40.28944,40.37609,40.28944,40.28944,53700.0
2020-12-04,40.28944,40.722660000000005,40.28944,40.722660000000005,52000.0
2020-12-07,40.33276,40.722660000000005,40.33276,40.50605,32600.0
2020-12-08,40.592699999999994,40.722660000000005,40.50605,40.636019999999995,47600.0
2020-12-09,40.679339999999996,40.85263,40.679339999999996,40.765980000000006,99600.0
2020-12-10,40.722660000000005,40.722660000000005,40.50605,40.50605,46200.0
2020-12-11,40.592699999999994,40.592699999999994,40.37609,40.419410000000006,20462.0
2020-12-14,40.592699999999994,40.722660000000005,40.28944,40.419410000000006,22110.0
2020-12-15,40.50605,40.50605,40.28944,40.33276,35774.0
2020-12-16,40.2028,40.37609,39.85622,40.28944,25366.0
2020-12-17,39.85622,40.2028,39.46632,40.2028,48100.0
2020-12-18,40.50605,40.50605,39.423,39.769580000000005,68751.0
2020-12-21,40.28944,40.28944,39.423,39.59629,17510.0
2020-12-22,39.769580000000005,39.85622,39.46632,39.85622,58056.0
2020-12-23,39.63961,39.769580000000005,39.63961,39.63961,30606.0
2020-12-24,40.246120000000005,40.246120000000005,39.46632,39.85622,13100.0
2020-12-25,39.68293,39.85622,39.59629,39.59629,8549.0
2020-12-28,39.59629,40.46273,39.59629,39.63961,62400.0
2020-12-29,39.85622,39.85622,39.50965,39.85622,34767.0
2020-12-30,39.85622,40.2028,39.63961,39.63961,23871.0
2020-12-31,40.07283,40.37609,39.85622,40.28944,70147.0
2021-01-04,40.93926999999999,41.155879999999996,40.85263,40.93926999999999,18997.0
2021-01-05,40.93926999999999,41.155879999999996,40.722660000000005,40.722660000000005,61167.0
2021-01-06,40.722660000000005,41.155879999999996,40.246120000000005,40.93926999999999,55989.0
2021-01-07,40.46273,41.155879999999996,40.46273,40.50605,8732.0
2021-01-08,40.722660000000005,42.19561,40.722660000000005,42.02232,165427.0
2021-01-11,42.02232,43.10537,42.02232,42.93208,78851.0
2021-01-12,43.10537,43.10537,42.80212,42.888760000000005,45070.0
2021-01-13,42.888760000000005,43.32198,42.888760000000005,43.062050000000006,63996.0
2021-01-14,43.10537,43.10537,42.888760000000005,42.888760000000005,33163.0
2021-01-15,42.888760000000005,43.018730000000005,42.06564,42.45554,34900.0
2021-01-18,42.62883,42.67215,42.108959999999996,42.45554,39455.0
2021-01-19,42.45554,42.45554,36.82368,40.50605,32445.0
2021-01-20,40.85263,40.93926999999999,40.28944,40.85263,25256.0
2021-01-21,42.45554,42.45554,41.06924,42.02232,25109.0
2021-01-22,41.71907,42.19561,41.71907,41.80571,36380.0
2021-01-25,42.02232,42.02232,41.155879999999996,41.54578,22530.0
2021-01-26,41.155879999999996,41.37249,40.28944,41.155879999999996,39294.0
2021-01-27,40.89595,40.89595,40.07283,40.07283,31110.0
2021-01-28,39.20639,39.24971,38.08002,38.08002,78435.0
2021-01-29,38.08002,40.46273,38.08002,40.46273,19650.0
2021-02-01,41.155879999999996,41.155879999999996,39.0331,39.63961,32020.0
2021-02-02,39.769580000000005,40.246120000000005,38.469919999999995,40.07283,16056.0
2021-02-03,40.28944,40.722660000000005,40.07283,40.50605,23800.0
2021-02-04,40.722660000000005,40.809309999999996,40.246120000000005,40.246120000000005,19210.0
2021-02-05,40.50605,40.50605,40.246120000000005,40.37609,21592.0
2021-02-08,41.112559999999995,41.112559999999995,39.85622,40.28944,55800.0
2021-02-09,40.28944,40.636019999999995,40.28944,40.28944,18387.0
2021-02-17,40.46273,40.89595,40.37609,40.89595,15515.0
2021-02-18,40.93926999999999,41.54578,40.93926999999999,41.155879999999996,28163.0
2021-02-19,41.155879999999996,41.32917,41.06924,41.155879999999996,20841.0
2021-02-22,41.155879999999996,41.37249,40.93926999999999,41.155879999999996,15816.0
2021-02-23,41.155879999999996,41.24253,40.89595,40.89595,22626.0
2021-02-24,41.155879999999996,41.155879999999996,40.809309999999996,40.982589999999995,24648.0
2021-02-25,41.5891,41.5891,40.93926999999999,41.02592,17924.0
2021-02-26,41.06924,41.06924,40.93926999999999,41.02592,19500.0
2021-03-01,40.982589999999995,41.32917,40.982589999999995,41.24253,16415.0
2021-03-02,41.1992,41.1992,40.722660000000005,40.722660000000005,25070.0
2021-03-03,41.155879999999996,45.488080000000004,41.155879999999996,41.50246,23300.0
2021-03-04,41.24253,41.24253,41.02592,41.112559999999995,22811.0
2021-03-05,42.45554,42.45554,40.722660000000005,41.02592,49110.0
2021-03-08,41.5891,45.05486,41.5891,42.45554,59154.0
2021-03-09,42.45554,42.67215,42.15229,42.45554,75324.0
2021-03-10,42.19561,42.41222,42.19561,42.28225,16003.0
2021-03-11,42.28225,42.32557,42.108959999999996,42.108959999999996,29347.0
2021-03-12,42.19561,42.888760000000005,42.19561,42.49886,44305.0
2021-03-15,42.45554,42.888760000000005,42.02232,42.67215,24854.0
2021-03-16,42.45554,42.888760000000005,42.45554,42.84544,33413.0
2021-03-17,42.75879,42.80212,42.67215,42.80212,14627.0
2021-03-18,42.888760000000005,43.10537,42.80212,42.9754,34224.0
2021-03-19,43.27866,43.755199999999995,42.888760000000005,43.53859,51390.0
2021-03-22,43.49527,44.62164,43.49527,43.92849,19429.0
2021-03-23,44.62164,45.05486,43.92849,44.49167,31653.0
2021-03-24,43.755199999999995,45.488080000000004,43.755199999999995,45.488080000000004,87979.0
2021-03-25,45.9213,48.69391,45.9213,46.78774,97364.0
2021-03-26,45.9213,46.83106,43.32198,45.27147,41984.0
2021-03-29,44.62164,47.654180000000004,43.32198,44.40503,27124.0
2021-03-30,43.40862,44.36171,43.32198,43.40862,60700.0
2021-03-31,43.40862,45.05486,43.32198,43.755199999999995,33641.0
2021-04-01,45.44476,45.44476,43.53859,44.535,14776.0
2021-04-02,45.05486,47.654180000000004,43.92849,44.18842,15810.0
2021-04-05,44.62164,45.9213,43.84184,44.18842,16777.0
2021-04-06,44.10178,44.79493,44.05845,44.10178,15400.0
2021-04-07,44.83825,44.83825,43.755199999999995,44.18842,14010.0
2021-04-08,44.10178,44.62164,43.755199999999995,44.1451,18320.0
2021-04-09,43.755199999999995,44.62164,43.365300000000005,43.885169999999995,26110.0
2021-04-12,44.275059999999996,45.05486,44.275059999999996,45.05486,34832.0
2021-04-13,44.62164,44.881569999999996,44.36171,44.57832,20354.0
2021-04-14,45.488080000000004,45.83466000000001,43.84184,45.1415,84527.0
2021-04-15,45.488080000000004,46.61445,45.488080000000004,45.70469,69613.0
2021-04-16,46.354519999999994,46.354519999999994,45.488080000000004,45.9213,24705.0
2021-04-19,45.964620000000004,47.26428,45.488080000000004,47.004349999999995,47235.0
2021-04-20,47.004349999999995,47.004349999999995,46.137910000000005,46.354519999999994,11970.0
2021-04-22,45.70469,45.70469,44.275059999999996,45.488080000000004,61230.0
2021-04-23,45.488080000000004,46.354519999999994,45.488080000000004,45.9213,27420.0
2021-04-26,45.9213,47.654180000000004,45.1415,45.9213,23723.0
2021-04-27,45.9213,45.9213,45.488080000000004,45.488080000000004,15500.0
2021-04-28,45.488080000000004,45.70469,45.488080000000004,45.70469,9326.0
2021-04-29,46.354519999999994,47.61086,45.531400000000005,46.78774,3448.0
2021-05-04,46.96103,46.96103,45.1415,46.78774,4605.0
2021-05-05,46.354519999999994,46.874379999999995,46.354519999999994,46.70108999999999,30441.0
2021-05-06,46.96103,47.22096,46.78774,46.96103,30312.0
2021-05-07,46.83106,47.654180000000004,46.78774,47.22096,14302.0
2021-05-10,47.22096,47.22096,47.22096,47.22096,481.0
2021-05-11,47.22096,48.0874,47.22096,47.39425,3851.0
2021-05-12,48.0874,48.0874,47.004349999999995,47.22096,22454.0
2021-05-13,47.22096,48.04408,47.004349999999995,47.654180000000004,37209.0
2021-05-14,48.95384,48.95384,47.61086,48.130720000000004,6532.0
2021-05-17,48.52062,49.38706,48.52062,48.95384,48370.0
2021-05-18,48.95384,49.38706,48.0874,49.170449999999995,8474.0
2021-05-19,51.553160000000005,51.553160000000005,49.38706,50.34014,35919.0
2021-05-20,50.68672,50.68672,50.34014,50.64339,5115.0
2021-05-21,50.64339,51.553160000000005,50.64339,51.16326,20004.0
2021-05-24,51.11994,58.48467,51.11994,51.46651,36115.0
2021-05-25,51.98638,51.98638,50.903330000000004,50.903330000000004,49944.0
2021-05-26,51.553160000000005,51.553160000000005,50.47011,50.47011,11635.0
2021-05-27,51.11994,51.11994,49.82028,50.2535,18033.0
2021-05-28,50.68672,50.68672,49.82028,50.42678,7969.0
2021-05-31,51.11994,51.68312,50.51343,51.11994,40013.0
2021-06-01,53.37549,53.37549,51.799,51.799,35550.0
2021-06-02,52.69985,52.69985,51.799,52.69985,7203.0
2021-06-03,51.799,52.47464,51.34857,52.47464,42560.0
2021-06-04,52.02421,52.02421,51.799,51.799,24555.0
2021-06-07,51.84404,51.84404,51.75396,51.75396,26300.0
2021-06-08,52.249430000000004,52.249430000000004,49.90721,51.70891,1600.0
2021-06-09,51.61883,51.61883,49.591910000000006,50.22251,2098.0
2021-06-10,50.22251,51.66387,50.22251,50.447720000000004,1400.0
2021-06-11,50.447720000000004,51.34857,50.447720000000004,50.58285,2529.0
2021-06-14,50.58285,51.70891,50.58285,51.34857,17603.0
2021-06-15,51.799,51.84404,51.34857,51.84404,31282.0
2021-06-16,51.84404,52.02421,51.799,52.02421,8899.0
2021-06-17,51.70891,52.20438,51.70891,51.799,11485.0
2021-06-18,52.02421,52.02421,51.66387,51.66387,42712.0
2021-06-21,50.447720000000004,51.70891,50.447720000000004,51.34857,2405.0
2021-06-22,51.1684,51.1684,50.67293,50.67293,7200.0
2021-06-23,50.717980000000004,51.34857,50.717980000000004,50.89815,2027.0
2021-06-24,50.89815,51.799,50.89815,50.94319,1900.0
2021-06-25,51.57379,51.57379,50.98823,50.98823,5411.0
2021-06-28,50.89815,52.02421,50.89815,51.57379,3564.0
2021-06-29,58.7806,58.7806,51.34857,51.438660000000006,8335.0
2021-06-30,51.799,51.799,50.89815,51.75396,14950.0
2021-07-01,51.799,51.799,51.34857,51.34857,9010.0
2021-07-02,51.34857,51.393620000000006,50.89815,50.89815,58201.0
2021-07-05,51.438660000000006,51.438660000000006,50.8531,50.8531,36728.0
2021-07-06,51.12336,51.12336,50.89815,50.89815,36694.0
2021-07-07,50.80806,51.34857,50.80806,50.89815,29426.0
2021-07-08,51.34857,52.20438,51.34857,52.02421,10746.0
2021-07-09,54.00608999999999,54.00608999999999,51.84404,52.69985,3410.0
2021-07-12,52.925059999999995,54.05113,50.447720000000004,52.4296,16089.0
2021-07-13,51.52874,59.23103,51.52874,53.105230000000006,4511.0
2021-07-14,53.060190000000006,53.105230000000006,51.12336,51.34857,7904.0
2021-07-15,53.73583,53.73583,51.799,52.249430000000004,800.0
2021-07-16,53.24036,53.24036,52.02421,52.1143,1722.0
2021-07-19,51.393620000000006,51.799,50.94319,51.34857,29000.0
2021-07-20,53.600699999999996,53.600699999999996,52.69985,52.97011,1600.0
2021-07-21,52.249430000000004,52.925059999999995,51.34857,52.249430000000004,8845.0
2021-07-22,52.249430000000004,52.249430000000004,52.20438,52.249430000000004,16100.0
2021-07-23,52.249430000000004,52.249430000000004,51.799,52.249430000000004,7247.0
2021-07-26,50.94319,53.105230000000006,50.94319,52.60977,14927.0
2021-07-27,52.69985,53.285410000000006,51.799,53.285410000000006,39900.0
2021-07-28,53.15028,54.05113,53.15028,54.00608999999999,10815.0
2021-07-29,54.05113,57.87975,54.00608999999999,56.48343,17034.0
2021-07-30,54.59164,58.10496,54.59164,56.75369,26030.0
2021-08-02,57.20411,57.87975,57.15907,57.15907,7201.0
2021-08-03,56.9789,57.20411,55.852830000000004,56.70864,6400.0
2021-08-04,56.70864,57.6095,56.30326,56.75369,63061.0
2021-08-05,58.05992,58.05992,56.30326,56.30326,29952.0
2021-08-06,58.10496,58.10496,56.75369,56.75369,35769.0
2021-08-09,56.75369,57.564449999999994,56.30326,57.564449999999994,7823.0
2021-08-10,57.20411,58.10496,57.20411,57.42932,29713.0
2021-08-11,58.10496,58.10496,57.654540000000004,57.87975,7376.0
2021-08-12,56.798730000000006,57.78967,56.798730000000006,57.699580000000005,500.0
2021-08-13,57.699580000000005,57.699580000000005,54.05113,56.30326,47700.0
2021-08-16,56.39335,57.654540000000004,56.30326,57.42932,68769.0
2021-08-17,56.93386,57.20411,56.30326,57.11403,3702.0
2021-08-18,56.52847,58.55539,56.43839,57.87975,43500.0
2021-08-19,57.87975,57.87975,57.78967,57.87975,3130.0
2021-08-20,57.78967,57.87975,56.3483,57.87975,17530.0
2021-08-23,56.3483,57.92479,56.3483,56.573519999999995,2500.0
2021-08-24,56.618559999999995,57.92479,56.25822,57.92479,75950.0
2021-08-25,58.55539,59.591370000000005,57.20411,57.24915,27005.0
2021-08-26,59.0959,59.0959,57.2942,58.55539,2450.0
2021-08-27,58.285129999999995,58.55539,57.78967,58.55539,4800.0
2021-08-30,58.55539,59.591370000000005,57.654540000000004,57.654540000000004,33800.0
2021-08-31,58.96077,58.96077,56.30326,58.510349999999995,37330.0
2021-09-01,56.3483,58.240089999999995,56.25822,57.11403,16300.0
2021-09-06,59.411199999999994,59.411199999999994,56.30326,56.30326,34010.0
2021-09-07,56.3483,57.6095,56.30326,57.51941,7607.0
2021-09-08,57.47437,57.47437,56.3483,56.75369,5800.0
2021-09-09,57.47437,57.47437,55.94292,56.52847,3000.0
2021-09-10,56.573519999999995,56.70864,55.852830000000004,56.52847,11574.0
2021-09-13,55.67266,58.19505,55.67266,57.15907,1100.0
2021-09-14,56.9789,57.20411,56.30326,56.3483,7600.0
2021-09-15,56.75369,56.75369,56.52847,56.75369,14004.0
2021-09-16,57.51941,57.51941,56.30326,56.30326,9000.0
2021-09-17,57.11403,57.11403,56.30326,56.30326,12660.0
2021-09-20,57.20411,57.20411,55.852830000000004,56.30326,5520.0
2021-09-21,54.186260000000004,56.25822,54.14121,55.62762,5200.0
2021-09-22,55.852830000000004,56.30326,55.40241,55.62762,4532.0
2021-09-23,55.40241,55.62762,55.40241,55.58258,4502.0
2021-09-24,56.52847,56.52847,55.852830000000004,56.21317,8500.0
2021-09-27,56.9789,56.9789,55.62762,55.62762,2803.0
2021-09-28,56.30326,56.30326,55.852830000000004,55.98796,2100.0
2021-09-29,55.40241,56.12309,54.5466,55.62762,4042.0
2021-09-30,56.21317,56.21317,54.5466,55.807790000000004,4600.0
2021-10-01,55.31232,55.31232,54.951980000000006,54.951980000000006,3082.0
2021-10-04,55.04207,55.13215,55.04207,55.13215,3507.0
2021-10-05,55.08711,55.447449999999996,54.8619,55.447449999999996,6500.0
2021-10-06,55.04207,55.53754,54.951980000000006,54.99702,6401.0
2021-10-07,56.21317,62.96957,55.08711,55.08711,9149.0
2021-10-08,56.033,56.52847,55.76275,56.52847,13318.0
2021-10-11,56.618559999999995,56.618559999999995,54.99702,56.16813,8778.0
2021-10-12,55.08711,56.52847,54.951980000000006,56.30326,9909.0
2021-10-13,55.31232,55.31232,54.951980000000006,54.951980000000006,5489.0
2021-10-14,54.951980000000006,55.17719,54.951980000000006,54.951980000000006,4524.0
2021-10-15,54.951980000000006,54.951980000000006,54.50156,54.50156,2100.0
2021-10-18,54.726769999999995,54.726769999999995,54.726769999999995,54.726769999999995,4200.0
2021-10-19,54.726769999999995,55.62762,54.726769999999995,55.31232,2706.0
2021-10-20,56.25822,56.25822,54.906940000000006,54.951980000000006,1811.0
2021-10-21,55.13215,55.13215,52.69985,54.45651,4702.0
2021-10-22,55.94292,55.94292,54.5466,54.5466,620.0
2021-10-25,54.50156,55.71771,54.50156,55.40241,1442.0
2021-10-26,55.852830000000004,55.852830000000004,54.05113,55.40241,2400.0
2021-10-27,55.40241,55.40241,54.951980000000006,54.951980000000006,3200.0
2021-10-28,55.04207,55.62762,54.951980000000006,55.62762,13700.0
2021-10-29,55.852830000000004,56.25822,55.04207,56.033,6030.0
2021-11-01,56.48343,56.48343,54.771809999999995,54.906940000000006,16701.0
2021-11-02,56.39335,56.39335,54.771809999999995,54.951980000000006,11282.0
2021-11-03,54.951980000000006,55.17719,54.5466,54.5466,16814.0
2021-11-04,54.726769999999995,54.951980000000006,54.50156,54.951980000000006,6400.0
2021-11-05,54.951980000000006,54.951980000000006,54.726769999999995,54.8619,5213.0
2021-11-08,54.50156,55.17719,54.50156,55.17719,45451.0
2021-11-09,55.17719,55.62762,55.17719,55.40241,46900.0
2021-11-10,55.807790000000004,55.852830000000004,55.08711,55.13215,2613.0
2021-11-11,54.5466,55.26728,54.50156,54.50156,4374.0
2021-11-12,54.32139,54.8619,54.05113,54.8619,5936.0
2021-11-15,54.05113,54.951980000000006,54.05113,54.68173,16424.0
2021-11-16,54.50156,54.50156,53.51062,53.55566,10225.0
2021-11-17,54.50156,54.50156,53.15028,53.37549,9436.0
2021-11-18,53.37549,54.05113,53.15028,53.15028,3124.0
2021-11-19,53.37549,53.37549,52.47464,52.47464,11291.0
2021-11-22,53.15028,53.15028,51.033269999999995,51.12336,10802.0
2021-11-23,51.12336,53.55566,50.58285,53.51062,11900.0
2021-11-24,53.37549,53.37549,52.249430000000004,52.249430000000004,6310.0
2021-11-25,53.37549,53.37549,52.69985,53.105230000000006,4200.0
2021-11-26,52.249430000000004,52.78994,52.249430000000004,52.78994,503.0
2021-11-29,52.83498,59.90667,52.78994,53.15028,32202.0
2021-11-30,54.906940000000006,54.906940000000006,52.294470000000004,53.105230000000006,18077.0
2021-12-01,54.00608999999999,54.00608999999999,52.69985,52.925059999999995,5167.0
2021-12-02,51.799,54.05113,51.52874,51.799,22889.0
2021-12-03,54.00608999999999,54.00608999999999,50.89815,51.799,6900.0
2021-12-06,53.961040000000004,53.961040000000004,50.67293,52.65481,10300.0
2021-12-07,51.934129999999996,52.65481,50.89815,50.89815,4200.0
2021-12-08,50.89815,51.799,50.89815,51.799,4400.0
2021-12-09,52.47464,52.47464,50.89815,51.70891,9100.0
2021-12-10,51.57379,51.57379,50.94319,50.94319,3301.0
2021-12-13,50.94319,51.34857,50.89815,50.94319,7900.0
2021-12-14,50.94319,52.02421,50.89815,50.89815,3400.0
2021-12-15,50.98823,51.57379,50.98823,51.57379,800.0
2021-12-16,51.34857,51.34857,50.89815,50.89815,4812.0
2021-12-17,51.34857,51.34857,50.67293,51.033269999999995,3201.0
2021-12-20,50.89815,51.033269999999995,50.67293,51.033269999999995,5401.0
2021-12-21,50.8531,52.47464,50.80806,52.15933999999999,26600.0
2021-12-22,51.34857,51.799,51.34857,51.799,500.0
2021-12-23,53.060190000000006,53.060190000000006,50.89815,51.34857,3300.0
2021-12-24,50.89815,51.70891,50.80806,51.30353,5900.0
2021-12-27,51.799,51.799,51.30353,51.34857,4500.0
2021-12-28,51.799,54.00608999999999,50.67293,50.717980000000004,6284.0
2021-12-29,51.258489999999995,53.600699999999996,51.033269999999995,51.34857,10201.0
2021-12-30,53.51062,53.55566,50.8531,50.8531,4508.0
2021-12-31,51.34857,52.69985,51.34857,52.47464,21601.0
2022-01-04,52.47464,53.01515,52.384550000000004,53.01515,31601.0
2022-01-05,53.15028,54.05113,52.69985,54.05113,23599.0
2022-01-06,53.55566,54.00608999999999,52.47464,52.69985,1400.0
2022-01-07,52.78994,52.78994,52.69985,52.78994,1100.0
2022-01-10,52.78994,52.78994,51.799,51.799,3602.0
2022-01-11,52.249430000000004,52.249430000000004,50.8531,50.89815,15412.0
2022-01-12,52.83498,52.83498,51.66387,51.75396,1600.0
2022-01-13,50.89815,52.249430000000004,50.89815,52.06925,4900.0
2022-01-14,50.89815,50.89815,50.80806,50.89815,5800.0
2022-01-17,51.799,51.799,50.62789,50.62789,2900.0
2022-01-18,50.67293,51.34857,50.67293,50.89815,2900.0
2022-01-19,50.89815,50.89815,50.67293,50.89815,4962.0
2022-01-20,50.89815,51.213449999999995,50.8531,51.12336,6100.0
2022-01-21,51.12336,51.12336,50.94319,51.12336,6610.0
2022-01-24,50.89815,51.07832,49.546870000000006,50.447720000000004,10600.0
2022-01-25,50.67293,50.67293,49.77208,49.90721,13700.0
2022-01-26,50.17747,50.17747,49.546870000000006,49.546870000000006,19600.0
2022-01-27,49.81712,49.81712,49.09644,49.50183,12600.0
2022-01-28,49.63695,50.22251,49.546870000000006,49.591910000000006,19328.0
2022-02-07,53.825919999999996,53.825919999999996,50.042339999999996,50.042339999999996,11600.0
2022-02-08,49.546870000000006,53.916,49.546870000000006,52.69985,18000.0
2022-02-09,52.15933999999999,52.15933999999999,50.357639999999996,51.799,15930.0
2022-02-10,51.033269999999995,51.34857,50.357639999999996,51.34857,23002.0
2022-02-11,52.60977,52.60977,50.447720000000004,50.447720000000004,4205.0
2022-02-14,50.447720000000004,50.62789,50.31258999999999,50.62789,3100.0
2022-02-15,51.75396,51.75396,49.546870000000006,49.546870000000006,20000.0
2022-02-16,51.258489999999995,51.34857,50.087379999999996,51.30353,9500.0
2022-02-17,51.979169999999996,51.979169999999996,50.087379999999996,51.12336,5300.0
2022-02-18,50.447720000000004,51.258489999999995,50.447720000000004,51.258489999999995,2600.0
2022-02-21,51.34857,51.34857,50.447720000000004,50.447720000000004,5900.0
2022-02-22,50.492760000000004,50.492760000000004,49.63695,50.447720000000004,3500.0
2022-02-23,50.17747,50.17747,50.087379999999996,50.132419999999996,900.0
2022-02-24,50.26755,50.67293,49.546870000000006,50.67293,8900.0
2022-02-25,50.8531,50.8531,50.357639999999996,50.447720000000004,3200.0
2022-02-28,51.34857,51.34857,49.90721,50.492760000000004,2800.0
2022-03-01,50.447720000000004,50.447720000000004,50.357639999999996,50.357639999999996,1262.0
2022-03-02,50.26755,50.447720000000004,49.546870000000006,49.72704,9500.0
2022-03-03,50.357639999999996,50.357639999999996,50.087379999999996,50.132419999999996,2600.0
2022-03-04,50.22251,50.22251,50.087379999999996,50.087379999999996,10700.0
2022-03-07,49.77208,50.22251,49.77208,50.17747,9100.0
2022-03-08,49.81712,50.132419999999996,49.32166,49.32166,12926.0
2022-03-09,49.32166,49.99729,49.09644,49.546870000000006,9602.0
2022-03-10,49.546870000000006,49.99729,49.45678,49.99729,10579.0
2022-03-11,49.99729,51.34857,49.546870000000006,49.99729,6702.0
2022-03-14,49.77208,49.99729,48.91627,49.95225,7410.0
2022-03-15,49.09644,49.546870000000006,48.91627,49.45678,1748.0
2022-03-16,49.18653,49.411739999999995,48.91627,49.411739999999995,11205.0
2022-03-17,49.32166,49.32166,49.09644,49.09644,2300.0
2022-03-18,49.546870000000006,49.546870000000006,49.09644,49.546870000000006,4400.0
2022-03-21,49.99729,49.99729,49.14149,49.14149,1800.0
2022-03-22,49.99729,49.99729,49.09644,49.546870000000006,17500.0
2022-03-23,49.366699999999994,52.69985,49.366699999999994,52.69985,101400.0
2022-03-24,52.69985,52.69985,50.31258999999999,51.70891,17569.0
2022-03-25,50.447720000000004,50.447720000000004,50.447720000000004,50.447720000000004,3109.0
2022-03-28,50.492760000000004,50.492760000000004,50.31258999999999,50.447720000000004,10300.0
2022-03-29,50.447720000000004,51.75396,49.99729,50.94319,32630.0
2022-03-30,51.799,52.69985,50.89815,51.12336,12400.0
2022-03-31,51.258489999999995,52.20438,49.99729,52.1143,6600.0
2022-04-01,50.042339999999996,51.799,50.042339999999996,51.75396,3912.0
2022-04-04,51.66387,51.799,51.12336,51.799,76140.0
2022-04-05,51.75396,52.15933999999999,51.12336,51.979169999999996,68200.0
2022-04-06,52.249430000000004,52.249430000000004,50.447720000000004,51.70891,1800.0
2022-04-07,51.1684,51.34857,50.89815,51.34857,11040.0
2022-04-08,51.34857,51.34857,50.492760000000004,50.53781,3700.0
2022-04-12,50.53781,50.89815,50.087379999999996,50.58285,11535.0
2022-04-13,51.30353,51.30353,50.447720000000004,50.447720000000004,11954.0
2022-04-14,50.89815,51.34857,50.447720000000004,51.30353,6100.0
2022-04-15,51.34857,51.393620000000006,50.447720000000004,50.447720000000004,6000.0
2022-04-18,51.34857,52.20438,50.89815,50.89815,12400.0
2022-04-19,51.1684,53.961040000000004,50.89815,50.94319,4000.0
2022-04-20,53.15028,53.15028,49.99729,49.99729,62407.0
2022-04-21,51.75396,51.75396,49.77208,50.22251,84712.0
2022-04-22,51.34857,51.34857,49.546870000000006,49.99729,64527.0
2022-04-25,51.258489999999995,51.258489999999995,48.195589999999996,49.99729,33400.0
2022-04-26,47.745160000000006,49.45678,47.700120000000005,49.45678,1702.0
2022-04-27,50.357639999999996,50.357639999999996,47.745160000000006,47.745160000000006,1801.0
2022-04-28,50.357639999999996,50.357639999999996,48.06046,49.32166,3000.0
2022-04-29,50.22251,50.22251,48.465849999999996,49.32166,2445.0
2022-05-04,49.546870000000006,49.546870000000006,49.00636,49.09644,6200.0
2022-05-05,49.546870000000006,49.546870000000006,48.64602,48.64602,1700.0
2022-05-06,48.64602,49.77208,46.934400000000004,48.64602,3201.0
2022-05-09,48.64602,48.64602,48.555930000000004,48.555930000000004,400.0
2022-05-10,48.15055,48.15055,47.519949999999994,47.519949999999994,1400.0
2022-05-11,48.195589999999996,50.22251,48.195589999999996,48.64602,15500.0
2022-05-12,50.17747,50.17747,48.64602,49.50183,600.0
2022-05-13,45.04261,47.29474,45.04261,47.2497,2200.0
2022-05-16,47.29474,48.64602,45.94346,45.94346,3700.0
2022-05-17,48.195589999999996,48.195589999999996,45.49303,46.84431,3200.0
2022-05-18,46.39389,47.29474,45.49303,46.16867,2000.0
2022-05-19,47.2497,47.2497,45.94346,46.16867,900.0
2022-05-20,47.2497,47.29474,46.25876,46.25876,1713.0
2022-05-23,46.84431,46.84431,45.94346,46.619099999999996,2400.0
2022-05-24,47.2497,47.2497,45.49303,45.62816,1617.0
2022-05-25,47.2497,47.2497,45.49303,45.62816,1300.0
2022-05-26,47.2497,51.34857,45.9885,46.16867,900.0
2022-05-27,46.619099999999996,46.619099999999996,45.49303,46.16867,12408.0
2022-05-30,45.94346,46.16867,45.087650000000004,45.26782,5600.0
2022-05-31,46.348839999999996,50.89815,45.17774,46.348839999999996,4700.0
2022-06-01,45.17774,45.49303,45.04261,45.44799,8600.0
2022-06-02,46.39389,46.39389,45.04261,45.04261,10700.0
2022-06-03,45.04261,45.04261,45.04261,45.04261,4000.0
2022-06-06,45.04261,45.04261,44.59218,45.04261,6200.0
2022-06-07,44.59218,45.04261,43.64629,44.59218,6002.0
2022-06-08,45.49303,45.53808,45.49303,45.49303,25200.0
2022-06-09,45.89842,45.89842,45.04261,45.04261,1700.0
2022-06-10,45.04261,45.58312,45.04261,45.04261,1500.0
2022-06-13,45.04261,45.04261,44.36697,44.36697,7400.0
2022-06-14,44.59218,45.94346,44.59218,44.59218,26100.0
2022-06-15,49.0514,49.0514,43.69133,44.59218,3400.0
2022-06-16,44.45705,45.94346,44.45705,44.99757,25200.0
2022-06-17,44.99757,44.99757,43.69133,44.141760000000005,1200.0
2022-06-20,45.04261,45.49303,43.466120000000004,44.41201,1800.0
2022-06-21,43.78141,44.99757,43.73637,44.45705,5400.0
2022-06-22,44.141760000000005,44.141760000000005,43.91654,43.91654,28000.0
2022-06-23,42.835519999999995,43.69133,42.79048,43.69133,1410.0
2022-06-24,42.835519999999995,44.09671,40.53835,44.09671,3200.0
2022-06-27,47.20465,47.20465,42.880559999999996,44.141760000000005,9300.0
2022-06-28,46.348839999999996,46.348839999999996,43.69133,43.78141,5800.0
2022-06-29,44.141760000000005,44.141760000000005,43.91654,43.91654,10350.0
2022-06-30,43.69133,43.91654,43.69133,43.91654,4400.0
2022-07-01,42.79048,42.79048,42.79048,42.79048,600.0
2022-07-04,42.79048,43.2409,42.79048,43.01569,3100.0
2022-07-05,42.92561,42.92561,42.79048,42.79048,2400.0
2022-07-06,42.79048,42.79048,42.114839999999994,42.61031,600.0
2022-07-07,42.79048,42.79048,41.88963,42.43014,719.0
2022-07-08,42.43014,42.74543,41.88963,41.88963,11900.0
2022-07-11,42.340050000000005,42.52022,41.70945,41.88963,26131.0
2022-07-12,41.88963,41.88963,41.664410000000004,41.664410000000004,3600.0
2022-07-13,41.88963,41.93467,41.664410000000004,41.664410000000004,3600.0
2022-07-14,41.4392,41.4392,38.061,38.061,32100.0
2022-07-15,40.53835,40.62843,38.28622,38.826730000000005,15800.0
2022-07-18,38.28622,38.73664,38.28622,38.601510000000005,6500.0
2022-07-19,38.6916,40.04288,38.6916,39.99784,4000.0
2022-07-20,39.63749,40.53835,39.63749,40.448260000000005,5810.0
2022-07-21,40.53835,41.57433,40.403220000000005,41.57433,22700.0
2022-07-22,41.52928,42.74543,40.988769999999995,41.4392,4600.0
2022-07-25,42.880559999999996,42.880559999999996,40.53835,40.53835,17905.0
2022-07-26,41.61937,42.79048,40.53835,42.56526,13500.0
2022-07-27,42.74543,42.79048,40.988769999999995,42.61031,2006.0
2022-07-28,41.664410000000004,42.340050000000005,41.4392,41.4392,3900.0
2022-07-29,42.56526,42.56526,40.13296,42.340050000000005,5900.0
2022-08-01,42.74543,42.74543,40.58339,41.84458,8100.0
2022-08-02,41.84458,42.74543,41.664410000000004,42.74543,36800.0
2022-08-03,42.340050000000005,44.54714,42.340050000000005,42.38509,7900.0
2022-08-04,42.880559999999996,44.141760000000005,42.38509,43.2409,9000.0
2022-08-05,44.05167,44.05167,42.835519999999995,44.006629999999994,1900.0
2022-08-08,42.835519999999995,47.519949999999994,42.79048,47.519949999999994,53200.0
2022-08-09,44.59218,46.79927,44.59218,46.79927,28205.0
2022-08-10,44.006629999999994,47.2497,44.006629999999994,45.94346,23300.0
2022-08-11,44.186800000000005,46.84431,44.186800000000005,46.84431,11100.0
2022-08-12,46.39389,46.619099999999996,46.39389,46.619099999999996,1402.0
2022-08-15,46.39389,46.39389,44.23184,45.04261,1300.0
2022-08-16,45.087650000000004,45.94346,45.04261,45.087650000000004,2500.0
2022-08-17,45.94346,45.94346,45.087650000000004,45.087650000000004,2000.0
2022-08-18,45.087650000000004,45.087650000000004,45.04261,45.04261,3302.0
2022-08-19,45.94346,45.94346,44.86244,45.49303,4300.0
2022-08-22,45.62816,45.62816,44.59218,44.59218,3800.0
2022-08-23,44.006629999999994,44.141760000000005,43.69133,44.141760000000005,2000.0
2022-08-24,43.91654,44.772349999999996,43.91654,44.36697,2200.0
2022-08-25,46.52901,46.52901,43.91654,43.91654,14300.0
2022-08-26,43.78141,43.78141,42.79048,42.835519999999995,17548.0
2022-08-29,43.33099,44.141760000000005,42.79048,44.141760000000005,5163.0
2022-08-30,45.04261,45.04261,44.141760000000005,45.04261,25600.0
2022-08-31,44.59218,44.59218,44.59218,44.59218,600.0
2022-09-05,43.2409,43.33099,43.2409,43.2409,8187.0
2022-09-06,43.28595,43.33099,43.28595,43.33099,2752.0
2022-09-07,43.28595,43.28595,43.2409,43.2409,3404.0
2022-09-08,43.28595,44.99757,43.28595,44.59218,800.0
2022-09-09,43.91654,44.54714,43.69133,43.78141,1700.0
2022-09-12,44.23184,44.23184,43.69133,43.69133,641.0
2022-09-13,44.5021,44.682269999999995,43.33099,44.59218,49187.0
2022-09-14,43.06073000000001,44.99757,43.01569,44.99757,8124.0
2022-09-15,45.04261,45.04261,44.59218,44.59218,12577.0
2022-09-16,44.90748000000001,44.90748000000001,44.141760000000005,44.141760000000005,4100.0
2022-09-19,43.2409,44.27688,43.2409,43.33099,2812.0
2022-09-20,43.2409,43.2409,42.835519999999995,43.06073000000001,2349.0
2022-09-21,43.06073000000001,43.105779999999996,43.06073000000001,43.105779999999996,503.0
2022-09-22,43.105779999999996,43.105779999999996,42.79048,43.105779999999996,10906.0
2022-09-23,43.105779999999996,43.105779999999996,43.01569,43.105779999999996,2731.0
2022-09-26,43.01569,43.01569,42.38509,42.38509,8389.0
2022-09-27,43.69133,43.69133,42.38509,42.43014,2162.0
2022-09-28,42.92561,42.92561,42.79048,42.79048,613.0
2022-09-29,43.19586,43.19586,42.38509,42.38509,1905.0
2022-09-30,42.340050000000005,42.340050000000005,41.88963,42.114839999999994,7927.0
2022-10-03,41.4392,41.664410000000004,40.53835,41.664410000000004,10465.0
2022-10-04,41.213989999999995,41.4392,40.313129999999994,40.313129999999994,6351.0
2022-10-05,40.67347,40.67347,40.67347,40.67347,26.0
2022-10-06,40.53835,40.53835,40.22305,40.22305,3503.0
2022-10-07,39.86271,39.86271,35.088190000000004,36.03409,37567.0
2022-10-10,36.48451,36.48451,33.10632,36.03409,39778.0
2022-10-11,36.03409,36.03409,32.881099999999996,33.78196,36702.0
2022-10-12,33.28649,33.33153,29.232650000000003,31.98025,94033.0
2022-10-13,31.52983,32.25051,31.52983,31.98025,51936.0
2022-10-14,31.98025,32.65589,31.52983,31.98025,89406.0
2022-10-17,31.75504,32.43068,31.0794,31.52983,111900.0
2022-10-18,31.52983,32.65589,31.52983,32.65589,38332.0
2022-10-19,32.43068,34.59272,32.43068,34.23238,18018.0
2022-10-20,33.78196,33.827,33.10632,33.64683,10534.0
2022-10-21,33.10632,33.241440000000004,32.34059,32.74598,38695.0
2022-10-24,32.70093,32.70093,31.52983,31.52983,15232.0
2022-10-25,31.52983,32.881099999999996,29.72812,32.43068,26621.0
2022-10-26,32.881099999999996,33.78196,32.43068,32.43068,11950.0
2022-10-27,32.43068,33.241440000000004,32.43068,32.881099999999996,20305.0
2022-10-28,33.10632,33.241440000000004,32.02529,32.02529,15282.0
2022-10-31,32.74598,32.881099999999996,31.52983,32.881099999999996,11108.0
2022-11-01,31.57487,32.56581,31.52983,31.71,1801.0
2022-11-02,32.836059999999996,32.836059999999996,31.61991,31.66495,2000.0
2022-11-03,31.890169999999998,32.29555,31.75504,31.75504,1823.0
2022-11-04,31.57487,31.98025,31.57487,31.935209999999998,8218.0
2022-11-07,31.57487,31.57487,31.52983,31.52983,10105.0
2022-11-08,31.30461,31.57487,31.30461,31.52983,28409.0
2022-11-09,32.43068,32.43068,31.52983,31.52983,4056.0
2022-11-10,31.52983,31.66495,31.0794,31.66495,17054.0
2022-11-11,31.52983,31.98025,31.0794,31.25957,31049.0
2022-11-14,31.43974,31.66495,31.30461,31.52983,32832.0
2022-11-15,31.484779999999997,31.52983,31.25957,31.52983,38146.0
2022-11-16,31.0794,32.160419999999995,30.628970000000002,31.52983,54980.0
2022-11-17,31.75504,31.98025,31.03436,31.52983,15437.0
2022-11-18,31.0794,31.52983,31.0794,31.484779999999997,7194.0
2022-11-21,31.3947,31.75504,31.25957,31.52983,7925.0
2022-11-22,31.43974,31.75504,31.30461,31.52983,37256.0
2022-11-23,31.52983,31.52983,31.3947,31.52983,3700.0
2022-11-24,31.52983,31.52983,31.43974,31.52983,18205.0
2022-11-25,31.52983,31.75504,31.3947,31.52983,5356.0
2022-11-28,31.57487,31.75504,31.52983,31.66495,22088.0
2022-11-29,31.71,31.98025,31.57487,31.57487,13215.0
2022-11-30,31.98025,32.65589,31.75504,32.43068,33047.0
2022-12-01,32.836059999999996,33.33153,32.20546,33.33153,61863.0
2022-12-02,33.78196,35.98904,33.33153,33.827,14236.0
2022-12-05,33.69187,34.457589999999996,33.69187,34.41255,16433.0
2022-12-06,34.41255,34.457589999999996,33.64683,34.23238,35121.0
2022-12-07,34.18734,34.23238,33.421620000000004,34.23238,20750.0
2022-12-08,33.55674,34.23238,33.55674,34.23238,50950.0
2022-12-09,33.69187,34.41255,33.69187,34.41255,48710.0
2022-12-12,34.23238,34.23238,33.78196,34.23238,53001.0
2022-12-13,33.78196,34.23238,33.78196,34.23238,56520.0
2022-12-14,34.23238,34.23238,33.78196,34.23238,53335.0
2022-12-15,34.23238,34.637769999999996,33.87204,34.637769999999996,21023.0
2022-12-16,34.457589999999996,34.457589999999996,34.23238,34.27742,25112.0
2022-12-19,34.27742,34.682809999999996,33.962129999999995,34.682809999999996,21602.0
2022-12-20,34.05221,34.682809999999996,34.05221,34.682809999999996,48765.0
2022-12-21,34.682809999999996,34.682809999999996,34.23238,34.457589999999996,24120.0
2022-12-22,34.27742,34.682809999999996,34.27742,34.682809999999996,6200.0
2022-12-23,34.32247,34.682809999999996,34.32247,34.682809999999996,50470.0
2022-12-26,34.54768,34.682809999999996,34.23238,34.682809999999996,52676.0
2022-12-27,34.457589999999996,34.457589999999996,34.007169999999995,34.142300000000006,7360.0
2022-12-28,33.78196,34.23238,31.52983,33.60179,12760.0
2022-12-29,33.60179,34.27742,33.60179,34.23238,7110.0
2022-12-30,33.962129999999995,33.962129999999995,33.69187,33.69187,1048.0
2023-01-03,33.69187,33.69187,33.33153,33.55674,7133.0
2023-01-04,33.5117,33.64683,33.5117,33.60179,7044.0
2023-01-05,33.55674,33.55674,33.10632,33.10632,7711.0
2023-01-06,33.37657,33.37657,31.52983,32.881099999999996,23120.0
2023-01-09,32.38564,32.43068,32.34059,32.34059,20700.0
2023-01-10,32.43068,32.43068,32.20546,32.20546,10750.0
2023-01-11,32.02529,32.38564,32.02529,32.29555,4722.0
2023-01-12,32.20546,32.20546,31.98025,31.98025,10950.0
2023-01-13,31.98025,32.43068,31.57487,31.98025,54727.0
2023-01-16,32.11538,32.836059999999996,32.11538,32.43068,162100.0
2023-01-17,32.43068,32.881099999999996,32.43068,32.791019999999996,22254.0
2023-01-18,32.74598,33.55674,32.65589,32.70093,28710.0
2023-01-19,32.92615,33.55674,32.881099999999996,33.28649,4500.0
2023-01-27,33.06126999999999,35.133230000000005,33.06126999999999,33.421620000000004,6325.0
2023-01-30,33.55674,34.007169999999995,33.55674,34.007169999999995,29466.0
2023-01-31,33.78196,33.827,33.33153,33.33153,45849.0
2023-02-01,33.33153,33.64683,32.881099999999996,32.881099999999996,51860.0
2023-02-02,32.881099999999996,33.06126999999999,32.20546,32.20546,68608.0
2023-02-03,32.43068,32.836059999999996,32.43068,32.791019999999996,16400.0
2023-02-06,32.47572,32.836059999999996,32.47572,32.520759999999996,15519.0
2023-02-07,32.520759999999996,32.520759999999996,32.43068,32.43068,15700.0
2023-02-08,32.43068,32.520759999999996,32.29555,32.520759999999996,8604.0
2023-02-09,32.520759999999996,32.881099999999996,32.520759999999996,32.881099999999996,8200.0
2023-02-10,32.97119,33.06126999999999,32.65589,32.881099999999996,10281.0
2023-02-13,32.836059999999996,32.97119,32.65589,32.65589,8000.0
2023-02-14,32.836059999999996,32.836059999999996,32.20546,32.20546,3850.0
2023-02-15,32.47572,33.33153,32.47572,32.56581,10103.0
2023-02-16,32.881099999999996,33.10632,32.836059999999996,32.836059999999996,9800.0
2023-02-17,33.01623,33.01623,32.881099999999996,32.881099999999996,13000.0
2023-02-20,32.92615,33.10632,32.65589,33.10632,14800.0
2023-02-21,33.28649,33.33153,33.01623,33.33153,28807.0
2023-02-22,32.881099999999996,33.33153,32.836059999999996,33.33153,12050.0
2023-02-23,33.06126999999999,33.33153,32.70093,33.01623,7700.0
2023-02-24,32.97119,33.28649,32.881099999999996,33.28649,24922.0
2023-02-27,32.65589,33.196400000000004,28.78223,32.29555,41535.0
2023-02-28,33.01623,33.10632,32.43068,32.43068,20110.0
2023-03-01,32.881099999999996,32.881099999999996,32.20546,32.65589,23330.0
2023-03-02,32.65589,32.65589,32.43068,32.43068,39204.0
2023-03-03,32.43068,32.47572,31.0794,31.0794,98800.0
2023-03-06,31.52983,31.935209999999998,31.0794,31.52983,108357.0
2023-03-07,31.52983,31.52983,31.0794,31.0794,18700.0
2023-03-08,31.25957,31.34966,31.0794,31.0794,13826.0
2023-03-09,31.0794,31.16948,31.0794,31.0794,7250.0
2023-03-10,31.16948,31.16948,30.67402,30.67402,15705.0
2023-03-13,30.719060000000002,30.89923,30.628970000000002,30.628970000000002,12621.0
2023-03-14,30.67402,30.67402,29.99838,30.22359,8906.0
2023-03-15,30.178549999999998,30.719060000000002,30.178549999999998,30.67402,5808.0
2023-03-16,30.22359,30.40376,30.1335,30.178549999999998,9200.0
2023-03-17,30.178549999999998,30.628970000000002,30.178549999999998,30.49385,2110.0
2023-03-20,30.178549999999998,30.178549999999998,30.1335,30.1335,5933.0
2023-03-21,30.178549999999998,30.178549999999998,29.72812,29.99838,10900.0
2023-03-22,29.99838,31.52983,29.99838,29.99838,13301.0
2023-03-23,29.86325,29.86325,29.72812,29.72812,5306.0
2023-03-24,29.81821,29.81821,29.50291,29.50291,15514.0
2023-03-27,29.63804,29.63804,29.2777,29.2777,32326.0
2023-03-28,29.36778,29.50291,29.2777,29.2777,12695.0
2023-03-29,29.2777,29.2777,29.14257,29.14257,9102.0
2023-03-30,29.2777,30.178549999999998,29.2777,29.50291,24803.0
2023-03-31,29.63804,29.72812,29.54795,29.59299,4400.0
2023-04-03,31.03436,31.03436,29.68308,29.99838,9200.0
2023-04-04,29.95333,29.95333,29.50291,29.72812,10800.0
2023-04-05,29.99838,30.40376,29.99838,30.043419999999998,7120.0
2023-04-06,30.088459999999998,30.178549999999998,29.77316,29.77316,15007.0
2023-04-07,29.72812,29.81821,29.54795,29.63804,9600.0
2023-04-10,29.50291,29.68308,29.2777,29.322740000000003,17000.0
2023-04-11,29.322740000000003,29.72812,29.2777,29.2777,6700.0
2023-04-12,29.59299,30.1335,29.59299,30.1335,18400.0
2023-04-13,29.2777,29.95333,29.2777,29.95333,8025.0
2023-04-14,29.50291,29.77316,29.41282,29.41282,4500.0
2023-04-17,29.41282,29.45787,29.232650000000003,29.45787,5709.0
2023-04-18,29.322740000000003,29.41282,29.232650000000003,29.2777,10800.0
2023-04-19,29.18761,29.2777,28.91735,28.91735,41141.0
2023-04-20,29.09752,29.14257,28.91735,28.962400000000002,28402.0
2023-04-21,29.05248,29.09752,29.00744,29.05248,92500.0
2023-04-24,29.05248,29.232650000000003,29.05248,29.05248,71613.0
2023-04-25,29.05248,29.05248,28.827270000000002,29.00744,22000.0
2023-04-26,28.962400000000002,28.962400000000002,28.37684,28.421889999999998,22040.0
2023-04-27,28.37684,28.827270000000002,27.52103,27.52103,30542.0
2023-04-28,28.78223,29.2777,27.65616,27.65616,25781.0
2023-05-04,29.2777,29.2777,27.475990000000003,27.7012,139406.0
2023-05-05,27.566080000000003,28.827270000000002,27.566080000000003,28.78223,69580.0
2023-05-08,28.962400000000002,29.50291,28.91735,29.50291,54326.0
2023-05-09,29.36778,30.4488,29.36778,30.4488,40507.0
2023-05-10,30.088459999999998,31.21453,29.86325,30.628970000000002,144863.0
2023-05-11,30.628970000000002,32.20546,30.628970000000002,31.61991,125649.0
2023-05-12,32.43068,32.97119,31.52983,32.836059999999996,113237.0
2023-05-15,32.881099999999996,32.881099999999996,32.02529,32.65589,30810.0
2023-05-16,32.881099999999996,32.881099999999996,32.20546,32.70093,46422.0
2023-05-17,32.29555,32.70093,31.98025,32.65589,82225.0
2023-05-18,32.70093,32.70093,32.29555,32.65589,13910.0
2023-05-19,32.34059,32.65589,32.25051,32.65589,50203.0
2023-05-22,32.65589,33.33153,32.61085,32.61085,132510.0
2023-05-23,32.65589,32.881099999999996,32.02529,32.881099999999996,24695.0
2023-05-24,32.43068,32.881099999999996,32.25051,32.881099999999996,22228.0
2023-05-25,32.25051,33.28649,32.25051,33.28649,18651.0
2023-05-26,32.70093,33.196400000000004,32.70093,32.836059999999996,2815.0
2023-05-29,32.881099999999996,33.28649,32.70093,33.241440000000004,28440.0
2023-05-30,32.881099999999996,33.466660000000005,32.881099999999996,33.466660000000005,23410.0
2023-05-31,33.28649,33.55674,33.10632,33.28649,16072.0
2023-06-01,32.47572,33.78196,32.47572,33.78196,34851.0
2023-06-02,32.70093,33.37657,32.70093,33.37657,18836.0
2023-06-05,33.241440000000004,33.55674,33.10632,33.33153,11434.0
2023-06-06,33.10632,33.78196,33.10632,33.55674,30113.0
2023-06-07,33.421620000000004,33.55674,33.33153,33.5117,5815.0
2023-06-08,33.55674,33.55674,33.33153,33.421620000000004,5908.0
2023-06-09,32.97119,33.421620000000004,32.97119,33.10632,27148.0
2023-06-12,33.33153,33.33153,31.845119999999998,31.845119999999998,27833.0
2023-06-13,32.836059999999996,33.196400000000004,32.34059,32.881099999999996,6805.0
2023-06-14,32.881099999999996,33.55674,32.65589,33.33153,40535.0
2023-06-15,33.10632,33.10632,33.01623,33.10632,11600.0
2023-06-16,33.10632,33.10632,32.881099999999996,32.881099999999996,32867.0
2023-06-19,33.06126999999999,33.06126999999999,32.61085,32.61085,59150.0
2023-06-20,33.06126999999999,33.33153,32.74598,32.74598,6703.0
2023-06-21,32.881099999999996,32.881099999999996,32.47572,32.881099999999996,5101.0
2023-06-22,32.791019999999996,32.881099999999996,32.74598,32.836059999999996,9610.0
2023-06-23,32.881099999999996,32.881099999999996,32.791019999999996,32.791019999999996,11706.0
2023-06-26,32.836059999999996,32.836059999999996,30.85419,32.791019999999996,27579.0
2023-06-27,32.881099999999996,32.881099999999996,32.61085,32.74598,42650.0
2023-06-28,32.65589,32.70093,32.61085,32.70093,14588.0
2023-06-29,32.65589,32.65589,32.43068,32.520759999999996,25656.0
2023-06-30,32.43068,32.47572,32.43068,32.43068,11030.0
2023-07-03,32.20546,32.34059,31.98025,32.25051,8221.0
2023-07-04,32.29555,32.29555,32.25051,32.25051,3703.0
2023-07-05,32.29555,32.34059,32.29555,32.34059,5719.0
2023-07-06,32.20546,32.20546,31.52983,32.02529,16430.0
2023-07-07,32.02529,32.02529,31.52983,31.890169999999998,13490.0
2023-07-10,31.890169999999998,33.241440000000004,31.890169999999998,32.881099999999996,66377.0
2023-07-11,33.78196,34.23238,33.78196,33.962129999999995,44307.0
2023-07-12,34.457589999999996,34.457589999999996,34.007169999999995,34.09725,34741.0
2023-07-13,34.18734,34.90801999999999,34.05221,34.90801999999999,49692.0
2023-07-14,34.90801999999999,34.998110000000004,34.682809999999996,34.998110000000004,30817.0
2023-07-17,34.998110000000004,36.07913,34.998110000000004,36.03409,87372.0
2023-07-18,35.94434,36.32622,35.94434,36.13528,19607.0
2023-07-19,36.27849,37.23319,36.27849,36.27849,19903.0
2023-07-20,36.13528,36.23075,35.27606,35.89661,23097.0
2023-07-21,35.89661,36.27849,35.562470000000005,35.89661,21518.0
2023-07-24,35.89661,36.039809999999996,35.80114,35.89661,38536.0
2023-07-25,35.848879999999994,35.89661,35.70567,35.70567,18031.0
2023-07-26,35.75341,35.848879999999994,35.32379,35.848879999999994,26503.0
2023-07-27,35.848879999999994,36.27849,35.51473,36.039809999999996,10724.0
2023-07-28,35.80114,35.89661,35.75341,35.80114,7009.0
2023-07-31,36.27849,37.71053,35.80114,36.27849,28642.0
2023-08-01,36.32622,37.185449999999996,36.32622,37.185449999999996,33014.0
2023-08-02,37.04225,37.04225,36.89904,36.89904,2710.0
2023-08-03,37.185449999999996,37.328660000000006,36.89904,37.328660000000006,52800.0
2023-08-04,37.328660000000006,37.99694,37.328660000000006,37.99694,32526.0
2023-08-07,37.71053,38.04468,37.61506,38.04468,13400.0
2023-08-08,37.99694,39.09485,37.99694,39.09485,25492.0
2023-08-09,38.66523,39.38125,38.66523,39.38125,36201.0
2023-08-10,39.38125,39.619930000000004,39.19031,39.619930000000004,34404.0
2023-08-11,39.619930000000004,39.619930000000004,39.14258,39.38125,30811.0
2023-08-14,39.14258,39.81087,39.14258,39.619930000000004,29466.0
2023-08-15,39.52446,39.76313,39.38125,39.619930000000004,6905.0
2023-08-16,39.14258,39.52446,39.14258,39.52446,15750.0
2023-08-17,39.285779999999995,39.57219,39.14258,39.14258,18860.0
2023-08-18,38.90391,38.95164,36.994510000000005,37.519589999999994,36563.0
2023-08-21,37.61506,38.18788,37.280919999999995,37.47186,48642.0
2023-08-22,37.47186,38.18788,37.280919999999995,38.18788,56201.0
2023-08-23,37.806,37.853739999999995,37.71053,37.758269999999996,9908.0
2023-08-24,37.662800000000004,37.94921,37.662800000000004,37.94921,3429.0
2023-08-25,37.94921,38.66523,37.94921,38.37882,4302.0
2023-08-28,38.331089999999996,38.426559999999995,38.331089999999996,38.426559999999995,10952.0
2023-08-29,38.37882,38.71297,38.37882,38.66523,12350.0
2023-08-30,38.66523,39.14258,38.66523,38.999379999999995,17445.0
2023-08-31,38.95164,38.95164,38.6175,38.85617,9864.0
2023-09-05,38.7607,39.09485,38.7607,38.90391,72173.0
2023-09-06,38.808440000000004,38.95164,38.7607,38.90391,18402.0
2023-09-07,38.90391,38.90391,37.662800000000004,37.662800000000004,31700.0
2023-09-08,38.09241,38.71297,38.09241,38.47429,8212.0
2023-09-11,38.426559999999995,38.47429,38.14015,38.14015,3210.0
2023-09-12,38.14015,38.235620000000004,37.94921,38.14015,9862.0
2023-09-13,38.04468,38.04468,37.758269999999996,37.94921,17231.0
2023-09-14,37.90147,38.04468,37.90147,37.99694,35560.0
2023-09-15,37.94921,38.18788,37.94921,38.18788,4646.0
2023-09-18,37.94921,38.09241,37.94921,37.99694,10785.0
2023-09-19,37.94921,37.99694,37.806,37.99694,18306.0
2023-09-20,37.758269999999996,37.90147,37.758269999999996,37.90147,6240.0
2023-09-21,37.853739999999995,37.853739999999995,37.853739999999995,37.853739999999995,4962.0
2023-09-22,37.806,37.806,37.56733,37.662800000000004,6158.0
2023-09-25,37.47186,37.662800000000004,33.50987,36.994510000000005,9500.0
2023-09-26,36.612629999999996,36.612629999999996,35.32379,36.23075,15910.0
2023-09-27,35.848879999999994,36.75584,35.848879999999994,36.75584,4737.0
2023-09-28,36.27849,36.37396,36.27849,36.27849,24287.0
2023-09-29,36.37396,36.517160000000004,36.18302,36.27849,7819.0
2023-10-02,36.27849,36.32622,36.27849,36.32622,9075.0
2023-10-03,36.32622,36.32622,36.08755,36.27849,46733.0
2023-10-04,36.23075,36.23075,36.039809999999996,36.039809999999996,1902.0
2023-10-05,36.13528,36.27849,36.13528,36.23075,47412.0
2023-10-06,36.27849,36.27849,36.039809999999996,36.23075,5613.0
2023-10-09,36.23075,37.185449999999996,36.23075,36.517160000000004,10227.0
2023-10-10,37.42413,37.42413,37.23319,37.23319,446.0
2023-10-11,37.328660000000006,37.328660000000006,36.27849,36.32622,5837.0
2023-10-12,36.517160000000004,37.13772,36.37396,36.421690000000005,1901.0
2023-10-13,36.612629999999996,36.994510000000005,36.421690000000005,36.994510000000005,2656.0
2023-10-16,36.66037,36.75584,36.46943,36.66037,9590.0
2023-10-17,36.517160000000004,36.80357,36.517160000000004,36.75584,13706.0
2023-10-18,36.89904,37.328660000000006,36.517160000000004,37.089980000000004,38935.0
2023-10-19,37.04225,37.04225,36.75584,36.75584,16720.0
2023-10-20,36.75584,37.23319,36.75584,36.75584,18107.0
2023-10-23,37.04225,37.04225,36.75584,36.75584,37410.0
2023-10-24,36.27849,36.89904,36.27849,36.75584,40805.0
2023-10-25,36.75584,36.85131,36.75584,36.75584,37738.0
2023-10-26,36.75584,36.80357,35.562470000000005,36.039809999999996,30629.0
2023-10-27,36.039809999999996,36.18302,35.70567,35.80114,87989.0
2023-10-30,35.89661,36.517160000000004,35.6102,36.27849,38505.0
2023-10-31,37.23319,37.23319,35.80114,35.94434,64636.0
2023-11-01,36.23075,36.27849,34.607769999999995,35.32379,97825.0
2023-11-02,35.65794,35.80114,35.27606,35.32379,42610.0
2023-11-03,35.37153,35.37153,34.607769999999995,34.75097,42522.0
2023-11-06,34.89418,35.32379,34.89418,35.32379,39501.0
2023-11-07,35.32379,36.85131,35.13285,35.94434,72460.0
2023-11-08,35.80114,36.27849,35.80114,36.27849,12516.0
2023-11-09,36.23075,36.994510000000005,36.23075,36.994510000000005,36303.0
2023-11-10,36.994510000000005,38.18788,36.7081,37.662800000000004,47460.0
2023-11-13,37.23319,37.71053,37.089980000000004,37.089980000000004,12929.0
2023-11-14,37.23319,37.23319,36.517160000000004,36.75584,22963.0
2023-11-15,37.185449999999996,38.426559999999995,37.185449999999996,38.331089999999996,57826.0
2023-11-16,38.37882,38.66523,38.18788,38.66523,25516.0
2023-11-17,38.18788,38.235620000000004,37.23319,38.18788,10261.0
2023-11-20,38.18788,38.6175,38.14015,38.18788,21662.0
2023-11-21,37.94921,38.331089999999996,37.94921,38.331089999999996,10300.0
2023-11-22,38.66523,38.71297,37.71053,37.94921,38721.0
2023-11-23,38.426559999999995,38.426559999999995,37.758269999999996,37.758269999999996,15210.0
2023-11-24,37.328660000000006,37.71053,36.75584,36.75584,108700.0
2023-11-27,37.04225,38.18788,36.75584,37.23319,17794.0
2023-11-28,37.13772,37.71053,37.04225,37.519589999999994,106053.0
2023-11-29,37.71053,38.331089999999996,37.280919999999995,38.331089999999996,28120.0
2023-11-30,37.71053,38.90391,37.71053,38.90391,108563.0
2023-12-01,38.66523,40.62236,38.66523,40.33595,168213.0
2023-12-04,40.33595,41.29065,40.33595,41.051970000000004,69662.0
2023-12-05,40.57463,41.768,40.57463,41.72026,83191.0
2023-12-06,41.43385,41.768,41.33838,41.52932,9834.0
2023-12-07,41.624790000000004,41.72026,41.24291,41.52932,29398.0
2023-12-08,41.52932,41.52932,41.051970000000004,41.051970000000004,33696.0
2023-12-11,41.33838,41.33838,41.14744,41.14744,11381.0
2023-12-12,41.14744,41.386120000000005,41.14744,41.29065,24986.0
2023-12-13,41.24291,41.33838,35.180589999999995,41.051970000000004,20555.0
2023-12-14,41.051970000000004,41.051970000000004,40.57463,40.90877,8677.0
2023-12-15,39.619930000000004,41.577059999999996,39.619930000000004,40.90877,27478.0
2023-12-18,39.619930000000004,41.52932,36.7081,40.813300000000005,38257.0
2023-12-19,40.33595,41.48159,40.33595,41.48159,15583.0
2023-12-20,41.29065,41.768,41.24291,41.24291,20615.0
2023-12-21,41.24291,41.52932,41.051970000000004,41.29065,8620.0
2023-12-22,40.71783,41.768,40.71783,41.577059999999996,12328.0
2023-12-25,41.48159,41.52932,41.33838,41.52932,24720.0
2023-12-26,41.19518,41.48159,41.19518,41.19518,54205.0
2023-12-27,41.29065,41.52932,41.24291,41.29065,45034.0
2023-12-28,41.386120000000005,41.577059999999996,41.29065,41.52932,15858.0
2023-12-29,41.624790000000004,41.624790000000004,41.624790000000004,41.624790000000004,4537.0
2024-01-02,41.624790000000004,42.67496,41.624790000000004,42.57949,24770.0
2024-01-03,42.484019999999994,43.67739,42.484019999999994,43.67739,49589.0
2024-01-04,43.67739,43.67739,43.20004,43.20004,38549.0
2024-01-05,43.24778,43.24778,42.96137,43.24778,24596.0
2024-01-08,43.43872,43.86833,43.390980000000006,43.43872,14870.0
2024-01-09,42.00667,43.67739,42.00667,43.58192,21866.0
2024-01-10,43.43872,43.58192,43.34325,43.390980000000006,13209.0
2024-01-11,42.96137,43.43872,42.96137,42.96137,4079.0
2024-01-12,43.0091,43.20004,42.96137,43.20004,27220.0
2024-01-15,42.96137,43.10457,42.96137,43.10457,8068.0
2024-01-16,43.0091,43.20004,42.96137,43.20004,56899.0
2024-01-17,43.20004,43.58192,43.20004,43.29551,12322.0
2024-01-18,43.43872,43.48645,43.10457,43.43872,31068.0
2024-01-19,43.48645,43.62966,43.43872,43.43872,12336.0
2024-01-22,43.48645,43.72513,43.48645,43.72513,20035.0
2024-01-23,43.48645,43.72513,43.48645,43.72513,31087.0
2024-01-24,43.67739,43.72513,43.67739,43.67739,27263.0
2024-01-25,43.91607,44.15474,43.86833,44.15474,41027.0
2024-01-26,44.05927,44.20247,44.05927,44.20247,20425.0
2024-01-29,44.297940000000004,44.488879999999995,44.20247,44.39341,112543.0
2024-01-30,37.758269999999996,45.87319,37.758269999999996,45.82546,71602.0
2024-01-31,45.82546,47.25751,45.77772,47.25751,203719.0
2024-02-01,47.25751,49.59651,47.25751,49.11916,112670.0
2024-02-02,49.11916,49.64425,48.92822,49.40557,129738.0
2024-02-05,49.40557,50.59894,49.3101,50.55121,142115.0
2024-02-06,50.21707,51.55364,50.21707,51.55364,68095.0
2024-02-07,51.55364,52.4606,51.17176,51.50591,54486.0
2024-02-15,52.50834,52.50834,51.07629,51.50591,92671.0
2024-02-16,51.50591,52.030989999999996,46.39828,51.79232,71375.0
2024-02-19,51.07629,54.89508,51.07629,53.4153,106085.0
2024-02-20,53.4153,53.46304,52.985690000000005,53.46304,115703.0
2024-02-21,52.985690000000005,54.417730000000006,52.985690000000005,54.37,78616.0
2024-02-22,53.46304,54.37,53.46304,53.94038,19208.0
2024-02-23,53.94038,55.37243,53.60624,54.417730000000006,130694.0
2024-02-26,54.417730000000006,55.22923,54.37,54.94282,78233.0
2024-02-27,54.70414,55.37243,54.70414,55.37243,47853.0
2024-02-28,55.37243,57.71144,55.37243,57.71144,116100.0
2024-02-29,57.75917,57.854639999999996,56.995419999999996,57.75917,52659.0
2024-03-01,57.75917,58.95254,57.42503,58.71387,41939.0
2024-03-04,58.71387,59.907239999999994,58.71387,59.66857,69390.0
2024-03-05,60.384589999999996,64.44205000000001,60.384589999999996,64.44205000000001,119580.0
2024-03-06,64.44205000000001,66.25598,62.96227,64.9194,129265.0
2024-03-07,64.9194,66.35145,64.44205000000001,66.35145,96094.0
2024-03-08,66.11277,69.21553999999999,66.11277,68.97686,246345.0
2024-03-11,69.21553999999999,71.36361,68.59497999999999,69.21553999999999,146654.0
2024-03-12,69.21553999999999,69.97930000000001,67.30614,67.35388,139753.0
2024-03-13,67.40161,69.21553999999999,64.96714,66.35145,101765.0
2024-03-14,66.35145,66.35145,64.96714,65.01487,68895.0
2024-03-15,65.15808,65.39675,61.10061,62.53266000000001,147939.0
2024-03-18,62.05531,62.05531,57.043150000000004,59.66857,157362.0
2024-03-19,59.907239999999994,63.10548,59.907239999999994,62.293980000000005,78356.0
2024-03-20,62.293980000000005,63.01001,62.15078,62.77133,49461.0
2024-03-21,62.77133,62.866800000000005,61.57796,62.58039,33467.0
2024-03-22,62.53266000000001,62.62813,61.00514,61.00514,32263.0
2024-03-25,61.052879999999995,61.052879999999995,59.907239999999994,60.14592,25851.0
2024-03-26,60.14592,60.19365,59.5731,60.05045,22700.0
2024-03-27,59.954980000000006,60.57553,59.954980000000006,60.00271,6658.0
2024-03-28,60.62326,63.01001,60.00271,62.293980000000005,56802.0
2024-03-29,62.866800000000005,65.30128,62.866800000000005,63.58282,43151.0
2024-04-01,63.58282,65.58769000000001,63.53509,65.39675,34524.0
2024-04-02,65.39675,65.87410000000001,64.63298999999999,65.82636,16972.0
2024-04-03,65.44448,65.92183,64.68073,64.9194,34008.0
2024-04-04,64.58526,65.63542,63.77376,65.63542,31144.0
2024-04-05,64.44205000000001,65.39675,64.34658,64.96714,23828.0
2024-04-08,65.63542,66.25598,65.39675,65.87410000000001,43239.0
2024-04-09,65.87410000000001,65.87410000000001,62.53266000000001,63.9647,59522.0
2024-04-10,63.01001,65.39675,59.716300000000004,59.716300000000004,121938.0
2024-04-11,60.62326,65.39675,60.14592,63.53509,49242.0
2024-04-12,63.48736,64.7762,62.05531,62.62813,59968.0
2024-04-15,62.10304,63.01001,61.10061,61.10061,12236.0
2024-04-16,61.10061,65.87410000000001,60.62326,65.87410000000001,105362.0
2024-04-17,65.87410000000001,66.44691999999999,64.9194,66.30371000000001,78447.0
2024-04-19,66.39917999999999,70.2657,65.11034,66.59012,56898.0
2024-04-22,68.73819,68.73819,66.35145,68.26084,67841.0
2024-04-23,68.11764,68.11764,66.35145,66.35145,25467.0
2024-04-24,66.8288,67.25841,65.39675,66.35145,33712.0
2024-04-25,66.73333,68.49951,66.30371000000001,66.78106,51774.0
2024-04-26,66.39917999999999,66.8288,66.35145,66.8288,41388.0
2024-05-02,66.8288,69.93156,66.59012,69.93156,166170.0
2024-05-03,69.64515,73.1298,69.21553999999999,69.26327,282467.0
2024-05-06,71.17267,71.98416,69.93156,71.02946,151205.0
2024-05-07,71.02946,71.07719999999999,68.73819,68.78592,169723.0
2024-05-08,69.1678,71.07719999999999,68.45178,70.64758,130148.0
2024-05-09,70.64758,71.02946,70.31344,70.45664,107270.0
2024-05-10,69.74061999999999,70.64758,69.74061999999999,70.17022999999999,71039.0
2024-05-13,70.45664,70.45664,68.78592,69.40648,88118.0
2024-05-14,69.40648,69.50195,68.83366000000001,69.0246,69260.0
2024-05-15,69.69289,73.98902000000001,69.69289,72.55698,371555.0
2024-05-16,73.51167,78.28516,73.51167,77.80781,498007.0
2024-05-17,77.80781,84.29975,77.80781,83.29732000000001,257910.0
2024-05-20,85.92274,85.92274,82.5813,85.11124000000001,449424.0
2024-05-21,83.53599,85.39765,82.5813,83.53599,374950.0
2024-05-22,83.53599,85.44539,82.81997,84.96803999999999,331862.0
2024-05-23,84.49069,86.87742999999999,84.01334,86.40008,248809.0
2024-05-24,86.35235,88.30948,85.92274,88.26174,403171.0
2024-05-27,87.40252000000001,88.26174,83.53599,85.44539,195719.0
2024-05-28,85.92274,88.50041999999999,85.92274,88.35721000000001,246735.0
2024-05-29,88.73908999999999,88.73908999999999,86.87742999999999,87.35478,142004.0
2024-05-30,85.44539,88.54814999999999,85.44539,88.54814999999999,132872.0
2024-05-31,87.59346000000001,93.56031,87.59346000000001,93.56031,741058.0
2024-06-03,93.79899,102.15259,93.56031,97.14043,154689.0
2024-06-04,97.37910000000001,97.85645,94.99236,97.85645,339843.0
2024-06-05,97.85645,98.81115,96.61534,98.76341000000001,237462.0
2024-06-06,97.85645,104.53933,97.85645,104.06197999999999,387486.0
2024-06-07,104.06197999999999,105.49403,103.10728,104.30066000000001,185700.0
2024-06-10,104.30066000000001,106.35325,104.30066000000001,106.35325,403472.0
2024-06-11,106.40099000000001,106.40099000000001,104.06197999999999,106.35325,174914.0
2024-06-12,95.46971,106.6874,95.46971,105.49403,130492.0
2024-06-13,105.7327,105.7327,103.63237,104.30066000000001,168167.0
2024-06-14,104.30066000000001,105.20761999999999,102.86861,104.30066000000001,306864.0
2024-06-17,103.58463,104.82574000000001,102.62994,104.49159,272654.0
2024-06-18,104.778,104.778,101.4843,103.82330999999999,117909.0
2024-06-19,103.58463,104.53933,101.19789,104.34839,241314.0
2024-06-20,104.53933,105.7327,103.44143,105.30309,348501.0
2024-06-21,104.82574000000001,105.30309,104.53933,105.25535,219714.0
2024-06-24,105.78044,106.78286999999999,103.58463,105.15988,536367.0
2024-06-25,105.15988,105.5895,104.06197999999999,104.96894,86477.0
2024-06-26,104.68253,105.49403,103.10728,105.49403,153689.0
2024-06-27,105.49403,107.59436,104.53933,106.44872,503002.0
2024-06-28,106.06684,106.44872,104.39612,105.97137,228045.0
2024-07-01,105.97137,105.97137,104.53933,105.97137,195268.0
2024-07-02,108.67744,108.67744,106.71928999999999,107.30674,369795.0
2024-07-03,107.25778,107.35569,105.78917,107.35569,248911.0
2024-07-04,107.35569,107.35569,106.03394,107.01301,107780.0
2024-07-05,106.32766000000001,107.20883,105.98498,106.62138,141790.0
2024-07-08,106.1808,107.35569,104.2716,106.96406,276752.0
2024-07-09,106.96406,106.96406,105.98498,106.91511,86434.0
2024-07-10,106.71928999999999,106.71928999999999,104.81009,104.81009,67268.0
2024-07-11,104.81009,105.78917,99.86576,100.3553,290483.0
2024-07-12,100.3553,100.79588000000001,93.55072,94.82352,255280.0
2024-07-15,94.48084,96.53689999999999,94.48084,95.94945,60991.0
2024-07-16,96.43899,96.43899,94.48084,95.9005,114031.0
2024-07-17,94.52978999999999,96.83062,94.48084,96.83062,180261.0
2024-07-18,95.70469,96.43899,90.7114,96.43899,134807.0
2024-07-19,96.43899,96.43899,95.2641,96.43899,55971.0
2024-07-22,95.99841,96.19422,93.01223,96.19422,99846.0
2024-07-23,94.97038,96.14527000000001,94.04025999999999,96.09632,58951.0
2024-07-24,95.45992,95.94945,94.13816,95.9005,33321.0
2024-07-25,95.45992,95.94945,95.06828999999999,95.94945,11360.0
2024-07-26,95.45992,100.3553,95.45992,100.3553,99525.0
2024-07-29,100.3553,100.60007,99.13145,99.13145,52563.0
2024-07-30,99.37622,99.37622,96.73272,98.29924000000001,96569.0
2024-07-31,96.73272,99.32727,95.94945,98.88668,145391.0
2024-08-01,97.90761,98.88668,96.73272,98.88668,65804.0
2024-08-02,97.71179,100.79588000000001,97.71179,100.79588000000001,62125.0
2024-08-05,97.90761,99.37622,97.80969999999999,99.37622,50273.0
2024-08-06,98.39714,108.38372,97.95656,105.74022000000001,116460.0
2024-08-07,105.69126,105.69126,102.80299000000001,102.90089,105268.0
2024-08-08,102.80299000000001,104.71219,102.80299000000001,104.71219,20464.0
2024-08-09,104.76114,104.76114,103.09671,104.76114,21507.0
2024-08-12,104.71219,104.76114,103.04776,104.76114,25051.0
2024-08-13,103.92892,104.76114,103.92892,104.2716,50659.0
2024-08-14,104.76114,104.76114,102.31345,104.2716,162794.0
2024-08-15,103.78206,104.2716,103.34147999999999,104.2716,47573.0
2024-08-16,103.34147999999999,104.51637,103.34147999999999,104.22264999999999,174853.0
2024-08-19,104.22264999999999,104.22264999999999,102.80299000000001,104.22264999999999,48399.0
2024-08-20,104.12474,104.22264999999999,103.19462,104.22264999999999,40891.0
2024-08-21,103.68416,103.68416,102.65613,103.53729,77615.0
2024-08-22,100.64902000000001,104.2716,100.60007,101.92182000000001,26681.0
2024-08-23,101.97077,102.80299000000001,101.82391,102.80299000000001,19799.0
2024-08-26,101.97077,102.06867999999999,100.84483,101.28542,66992.0
2024-08-27,98.88668,100.84483,98.88668,100.84483,38317.0
2024-08-28,99.86576,100.3553,99.62099,100.30633999999999,63515.0
2024-08-29,99.86576,100.25739,98.69086999999999,100.25739,38810.0
2024-08-30,99.37622,103.39043,99.37622,103.39043,146021.0
2024-09-04,104.46742,104.46742,102.46030999999999,103.24357,60824.0
2024-09-05,103.39043,103.53729,100.94274,101.6281,36988.0
2024-09-06,100.84483,102.55822,100.40425,102.55822,34549.0
2024-09-09,101.6281,102.31345,101.57914,102.31345,15334.0
2024-09-10,102.31345,102.31345,100.94274,101.77496000000001,46625.0
2024-09-11,101.57914,101.57914,99.52308000000001,101.57914,39925.0
2024-09-12,101.33436999999999,101.33436999999999,94.48084,99.8168,109574.0
2024-09-13,100.11053,100.3553,99.37622,100.3553,60492.0
2024-09-16,99.91471,100.3553,99.71889999999999,100.01262,55999.0
2024-09-17,100.3553,102.06867999999999,99.96367,101.33436999999999,110375.0
2024-09-18,102.31345,102.3624,101.67705000000001,102.2645,137012.0
2024-09-19,102.16659,102.16659,87.13777,101.726,105424.0
2024-09-20,105.05486,105.05486,101.6281,102.70508,88503.0
2024-09-23,102.31345,104.41846000000001,102.31345,104.32055,336798.0
2024-09-24,104.17369000000001,109.4607,104.17369000000001,107.69837,242225.0
2024-09-25,116.60714999999999,116.60714999999999,106.0065,107.54360000000001,103427.0
2024-09-26,107.06657000000001,107.06657000000001,104.15139,106.0065,133122.0
2024-09-27,106.11251,106.16551,104.41641,106.0065,48034.0
2024-09-30,106.05950999999999,106.05950999999999,103.88637,105.47647,47010.0
2024-10-01,104.99944,104.99944,103.67436000000001,103.78036999999999,29567.0
2024-10-02,103.78036999999999,104.94644,99.01007000000001,104.41641,115742.0
2024-10-03,104.62841999999999,106.0065,104.31039999999999,104.31039999999999,329387.0
2024-10-04,104.31039999999999,106.0065,104.31039999999999,105.74149,139694.0
2024-10-07,104.94644,106.0065,104.31039999999999,104.62841999999999,17194.0
2024-10-08,105.47647,105.63548,104.68142,105.58247999999999,70562.0
2024-10-09,104.73442999999999,105.9535,102.34928,105.9535,32217.0
2024-10-10,105.21145,106.0065,104.94644,106.0065,49689.0
2024-10-11,104.99944,106.05950999999999,104.94644,105.84749000000001,40232.0
2024-10-14,104.46941000000001,105.42347,104.46941000000001,105.26446,18446.0
2024-10-15,104.94644,105.47647,104.52241000000001,105.47647,25414.0
2024-10-16,105.74149,112.63191,105.21145,111.83686,154699.0
2024-10-17,112.10188000000001,112.84392,110.77680000000001,111.04181,36345.0
2024-10-18,111.25383000000001,111.30683,110.45878,110.45878,18388.0
2024-10-21,110.45878,110.45878,108.65666999999999,109.71673,21010.0
2024-10-22,109.1867,109.29271,108.12663,108.12663,16975.0
2024-10-23,108.92168,109.98175,107.59660000000001,109.98175,23693.0
2024-10-24,109.98175,112.36689,109.98175,111.73085,61696.0
2024-10-25,110.29977000000001,111.30683,110.24676,111.04181,9310.0
2024-10-28,111.30683,111.83686,110.35277,111.04181,14265.0
2024-10-29,111.30683,112.10188000000001,110.72379,111.04181,21873.0
2024-10-30,111.30683,112.36689,109.71673,112.36689,54615.0
2024-10-31,111.99587,112.31389,110.72379,111.14782000000001,43014.0
2024-11-01,111.20082000000001,112.36689,110.24676,112.36689,38838.0
2024-11-04,111.30683,113.95699,111.30683,113.05594,67765.0
2024-11-05,113.05594,113.79798,112.63191,113.79798,13524.0
2024-11-06,113.69197,116.34214,113.69197,116.07712,84184.0
2024-11-07,116.07712,116.07712,114.48702,115.28207,26171.0
2024-11-08,115.28207,115.28207,113.53297,114.38102,31827.0
2024-11-11,113.85097999999999,116.60714999999999,113.69197,116.60714999999999,31306.0
2024-11-12,116.60714999999999,119.09831,116.50115,116.66016,28744.0
2024-11-13,117.56121,117.56121,115.54709,117.3492,15765.0
2024-11-14,117.3492,119.52233,117.2962,118.25025,23827.0
2024-11-15,116.60714999999999,118.35625999999999,115.7591,116.60714999999999,25992.0
2024-11-18,116.02412,118.19725,113.95699,118.19725,43860.0
2024-11-19,117.93224000000001,118.72728,116.07712,116.60714999999999,8545.0
2024-11-20,116.60714999999999,118.14425,115.07006,118.14425,17701.0
2024-11-21,117.3492,117.3492,115.01706,115.01706,32703.0
2024-11-22,116.28913,116.55414999999999,114.80503999999999,116.34214,42285.0
2024-11-25,116.34214,116.34214,114.96405,116.02412,12741.0
2024-11-26,115.01706,116.13011999999999,115.01706,116.07712,141326.0
2024-11-27,116.02412,116.13011999999999,116.02412,116.07712,6332.0
2024-11-28,116.07712,116.13011999999999,115.7591,116.02412,20310.0
2024-11-29,116.07712,121.90747999999999,115.91811,121.80147,65695.0
2024-12-02,118.19725,121.37745,118.19725,119.15131,20467.0
2024-12-03,119.25732,121.37745,119.25732,119.25732,21009.0
2024-12-04,119.25732,119.25732,117.66722,117.66722,15356.0
2024-12-05,117.66722,120.84741,117.66722,120.84741,16163.0
2024-12-06,120.84741,120.84741,117.13719,119.25732,43890.0
2024-12-09,117.72022,119.68133999999999,117.13719,119.52233,26888.0
2024-12-10,119.52233,119.52233,116.60714999999999,117.08417999999999,23450.0
2024-12-11,119.25732,122.96754,117.13719,118.72728,147402.0
2024-12-12,120.31738,120.31738,118.40925999999999,119.25732,68881.0
2024-12-13,119.25732,120.31738,118.72728,120.10537,51780.0
2024-12-16,120.15836999999999,124.23962,120.10537,123.39157,97972.0
2024-12-17,123.28556,123.39157,120.58239999999999,122.91453999999999,66843.0
2024-12-18,122.91453999999999,122.91453999999999,121.27144,121.37745,44841.0
2024-12-19,126.50891,126.50891,119.98441,121.36672,47350.0
2024-12-20,121.4773,124.24192,121.4773,123.96546000000001,44858.0
2024-12-23,123.57841,126.06657000000001,123.57841,126.06657000000001,50309.0
2024-12-24,126.01128,129.32882,125.40306,128.83119,105920.0
2024-12-25,127.17242,128.83119,126.34303,128.11239,63272.0
2024-12-26,127.22771,128.83119,126.78537,128.66531,151981.0
2024-12-27,128.27826,130.76642,127.17242,130.76642,240529.0
2024-12-30,130.76642,143.76012,129.71587,143.76012,114658.0
2024-12-31,135.46626999999998,143.76012,135.46626999999998,140.99551,163375.0
2025-01-02,143.70483,143.76012,134.36042,136.57211999999998,77112.0
2025-01-03,136.57211999999998,136.57211999999998,128.27826,131.31933999999998,116551.0
2025-01-06,132.03814000000003,132.64636,129.93703,131.87227,35826.0
2025-01-07,131.59581,131.59581,128.83119,130.54525,30601.0
2025-01-08,129.93703,129.93703,127.50417,129.60528,22688.0
2025-01-09,129.10765,129.10765,126.61949,127.283,23683.0
2025-01-10,127.283,128.22297,121.91964,128.22297,34384.0
2025-01-13,127.17242,128.83119,126.06657000000001,127.17242,17214.0
2025-01-14,128.55473,128.55473,123.13608,126.06657000000001,55868.0
2025-01-15,124.46309,125.51365,121.75377,124.96072,40674.0
2025-01-16,124.40780000000001,125.79011,122.74903,122.74903,24190.0
2025-01-17,122.74903,124.85014,122.74903,124.85014,17768.0
2025-01-20,124.13134,124.46309,119.98441,120.64792,91122.0
2025-01-21,120.53733,120.53733,116.66686999999999,117.71742,234543.0
2025-01-22,118.32563999999999,119.43149000000001,117.21978999999999,118.21506,146980.0
2025-01-23,118.21506,119.21032000000001,116.94333,118.49152000000001,74076.0
2025-01-24,118.60210000000001,121.09026,118.21506,119.81853,63450.0
2025-02-03,119.65266,120.53733,118.60210000000001,118.76798,37824.0
2025-02-04,119.15503,122.69374,119.15503,121.03497,112127.0
2025-02-05,122.74903,123.24666,121.36672,121.58789,102799.0
2025-02-06,122.25139999999999,123.35724,121.09026,122.74903,139838.0
2025-02-07,122.19611,122.41727,120.59263,121.64317999999999,93221.0
2025-02-10,121.31142999999999,122.19611,121.09026,121.25613,201581.0
2025-02-11,125.39643,125.39643,121.54411999999999,121.62274000000001,209110.0
2025-02-12,122.64478,122.64478,120.52208,121.22964999999999,42094.0
2025-02-13,121.22964999999999,121.62274000000001,119.02833,120.99378999999999,99175.0
2025-02-14,119.50004,119.97175,118.71386,118.87109,43522.0
2025-02-17,119.10695,119.18557000000001,116.11945,116.82702,69006.0
2025-02-18,117.45596,117.53458,116.11945,117.14149,26856.0
2025-02-19,115.96221000000001,119.97175,115.96221000000001,119.50004,79805.0
2025-02-20,119.97175,119.97175,119.42142,119.50004,53606.0
2025-02-21,119.50004,119.50004,117.14149,118.87109,36873.0
2025-02-24,118.87109,118.87109,117.14149,117.45596,43395.0
2025-02-25,117.53458,117.92766999999999,117.14149,117.37733999999999,52387.0
2025-02-26,117.53458,117.84906,116.98425,116.98425,30110.0
2025-02-27,116.98425,117.92766999999999,116.98425,117.53458,28396.0
2025-02-28,117.53458,117.53458,117.06286999999999,117.14149,25620.0
2025-03-03,117.22011,117.61319999999999,116.59116,117.14149,36598.0
2025-03-04,117.37733999999999,117.37733999999999,116.66978,116.98425,28051.0
2025-03-05,116.90563,117.53458,116.3553,116.59116,41830.0
2025-03-06,117.14149,118.32077000000001,116.3553,116.74839999999999,113380.0
2025-03-07,116.74839999999999,117.92766999999999,116.74839999999999,117.06286999999999,32781.0
2025-03-10,116.74839999999999,117.45596,116.04083,116.19807,52630.0
2025-03-11,116.3553,116.3553,115.09741,115.4905,47675.0
2025-03-12,115.56912,117.92766999999999,114.78294,117.92766999999999,56407.0
2025-03-13,116.43392,117.69182,115.96221000000001,116.59116,74951.0
2025-03-14,117.14149,117.14149,114.70432000000001,114.70432000000001,103832.0
2025-03-17,115.56912,115.56912,111.6382,111.95267,73074.0
2025-03-18,112.42438,112.97471,110.06583,110.14444999999999,63126.0
2025-03-19,111.71682000000001,111.71682000000001,108.49346000000001,108.49346000000001,67548.0
2025-03-20,108.33622,110.3803,108.33622,109.43688,24732.0
2025-03-21,110.06583,110.45891999999999,109.90858999999999,110.45891999999999,20905.0
2025-03-24,110.45891999999999,110.53753999999999,109.04378999999999,109.12241,24118.0
2025-03-25,110.06583,110.06583,109.27964,109.27964,36526.0
2025-03-26,109.59411999999999,110.06583,109.43688,109.43688,11439.0
2025-03-27,109.59411999999999,114.78294,109.59411999999999,113.21057,44126.0
2025-03-28,113.60366,115.56912,113.21057,113.44642,102518.0
2025-03-31,114.94017,114.94017,110.14444999999999,113.21057,98896.0
2025-04-01,111.24511,112.42438,111.24511,111.6382,69702.0
2025-04-02,112.18853,112.42438,110.06583,110.06583,45915.0
2025-04-03,109.35826,110.06583,94.73523,96.70069000000001,231615.0
2025-04-04,96.70069000000001,102.20398,84.90792,100.63161,116559.0
2025-04-08,96.07174,96.85793,84.12174,86.40168,219476.0
2025-04-09,85.69411,91.19739999999999,83.88589,89.62503,149652.0
2025-04-10,101.4178,102.91155,98.27306,101.4178,1468907.0
2025-04-11,104.56254,104.56254,97.48688,100.63161,169567.0
2025-04-14,100.63161,101.4178,94.10628,95.52141999999999,209081.0
2025-04-15,99.05925,101.02471000000001,92.76977000000001,92.76977000000001,121341.0
2025-04-16,93.55595,94.10628,91.74772999999999,91.74772999999999,124263.0
2025-04-17,91.19739999999999,91.98358999999999,88.20989999999999,89.70365,111406.0
2025-04-18,90.01812,94.02767,90.01812,92.76977000000001,55709.0
2025-04-21,92.76977000000001,92.84839,90.3326,90.41122,46885.0
2025-04-22,90.41122,90.41122,80.977,87.26648,233566.0
2025-04-23,90.41122,90.41122,82.62799000000001,88.76022999999999,102236.0
2025-04-24,90.41122,90.41122,87.97403999999999,89.93951,86736.0
2025-04-25,90.01812,95.12832,89.93951,92.76977000000001,240686.0
2025-04-28,96.70069000000001,97.48688,91.82635,94.49938,168136.0
2025-04-29,94.34214,95.0497,92.92701,94.02767,135686.0
2025-05-05,94.02767,94.34214,91.98358999999999,93.94905,69069.0
2025-05-06,93.94905,93.94905,92.45530000000001,92.76977000000001,72210.0
2025-05-07,91.66911,93.47734,91.66911,92.76977000000001,57315.0
2025-05-08,92.37668,93.71319,91.66911,92.84839,84173.0
2025-05-09,92.76977000000001,94.73523,92.21944,94.49938,164475.0
2025-05-12,94.57799,98.66614999999999,94.34214,98.11582000000001,150347.0
2025-05-13,98.66614999999999,101.33918,98.19444,100.63161,144972.0
2025-05-14,100.63161,103.93359,100.63161,103.46188000000001,283843.0
2025-05-15,103.46188000000001,107.55004,103.46188000000001,105.03425,251443.0
2025-05-16,105.42734,105.42734,101.26056,101.57503999999999,163745.0
2025-05-19,100.63161,101.10333,99.05925,100.1599,86430.0
2025-05-20,100.31714,100.31714,98.58753999999999,99.84543,83655.0
2025-05-21,99.05925,103.5405,99.05925,102.20398,109986.0
2025-05-22,102.20398,102.59708,100.63161,101.26056,71241.0
2025-05-23,100.31714,100.94609,100.00267,100.08129,38193.0
2025-05-26,100.1599,101.96813,98.90200999999999,101.96813,102471.0
2025-05-27,101.02471000000001,102.59708,100.78885000000001,101.02471000000001,129121.0
2025-05-28,101.65365,102.20398,101.02471000000001,101.4178,80414.0
2025-05-29,101.57503999999999,101.57503999999999,100.39576,100.78885000000001,40508.0
2025-05-30,100.86747,100.86747,99.45233999999999,100.23852000000001,95686.0
2025-06-02,99.92405000000001,100.08129,99.45233999999999,99.84543,65721.0
2025-06-03,100.23852000000001,102.12536999999999,100.23852000000001,101.02471000000001,101538.0
2025-06-04,100.23852000000001,101.4178,100.23852000000001,100.86747,58182.0
2025-06-05,101.02471000000001,101.02471000000001,100.1599,100.63161,67598.0
2025-06-06,100.553,102.83292999999999,100.553,101.18194,131120.0
2025-06-09,101.18194,101.4178,100.23852000000001,100.31714,61571.0
2025-06-10,99.84543,101.33918,99.84543,100.553,69038.0
2025-06-11,100.86747,100.86747,99.84543,100.00267,32549.0
2025-06-12,100.1599,101.02471000000001,100.1599,100.63161,38272.0
2025-06-13,100.47438000000001,101.4178,99.05925,99.76680999999999,84245.0
2025-06-16,99.60957,99.76680999999999,99.05925,99.76680999999999,38711.0
2025-06-17,99.84543,100.39576,99.45233999999999,99.84543,47513.0
2025-06-18,99.76680999999999,99.84543,97.87997,98.19444,131807.0
2025-06-19,98.19444,98.19444,95.83589,97.25102000000001,188772.0
2025-06-20,97.25102000000001,98.98063,96.85793,97.32964,55531.0
2025-06-23,97.32964,98.19444,94.34214,97.25102000000001,152824.0
2025-06-24,97.25102000000001,97.80135,97.01517,97.01517,147486.0
2025-06-25,97.1724,97.80135,97.01517,97.5655,95698.0
2025-06-26,97.48688,100.63161,97.48688,99.21647999999999,216411.0
2025-06-27,99.84543,100.63161,99.05925,99.92405000000001,249890.0
2025-06-30,100.23852000000001,102.20398,99.37372,99.60957,191020.0
2025-07-01,100.00267,100.23852000000001,97.95859,98.50892,173794.0
2025-07-02,98.50892,98.58753999999999,97.87997,98.58753999999999,136344.0
2025-07-03,98.58753999999999,101.02471000000001,98.58753999999999,100.553,213772.0
2025-07-04,100.47438000000001,101.02471000000001,99.13786,100.78885000000001,249234.0
2025-07-07,101.02932000000001,101.02932000000001,97.90222,98.78422,341796.0
2025-07-08,99.42568,99.42568,96.45894,97.26075999999999,426104.0
2025-07-09,98.06258,98.54368,96.21839999999999,96.29858,328180.0
2025-07-10,96.61931,98.62386000000001,96.05803,96.21839999999999,409256.0
2025-07-11,96.61931,96.85985000000001,95.3364,95.81749,277267.0
2025-07-14,95.81749,97.34094999999999,95.49676,96.77967,207690.0
2025-07-15,97.02022,97.02022,95.81749,95.89767,288986.0
2025-07-16,96.05803,97.34094999999999,95.81749,96.69949000000001,194876.0
2025-07-17,96.53913,96.94004,95.17603,95.3364,374731.0
2025-07-18,95.65711999999999,97.02022,94.29402999999999,94.61475999999999,657302.0
2025-07-21,94.61475999999999,95.3364,92.2093,92.85075,545867.0
2025-07-22,92.93094,93.01111999999999,91.64802,92.2093,336096.0
2025-07-23,92.2093,94.13367,92.12912,93.57239,497208.0
2025-07-24,93.49221,94.69494,92.2093,92.85075,812217.0
2025-07-25,92.85075,93.81294,92.2093,93.0913,355517.0
2025-07-28,93.0913,93.65257000000001,91.96875,92.61021000000001,763803.0
2025-07-29,92.61021000000001,92.61021000000001,85.79474,87.39838,1354086.0
2025-07-30,87.39838,88.84164999999999,85.63436999999999,86.8371,590362.0
2025-07-31,86.8371,87.31819999999999,81.62527,84.27128,976680.0
2025-08-01,83.79019,84.43164,82.42708999999999,84.1911,503448.0
2025-08-04,84.27128,86.91729,83.62982000000001,85.79474,337535.0
2025-08-05,86.19565,87.39838,85.55419,86.43619,597456.0
2025-08-06,86.59656,89.32275,85.87492,88.28038000000001,496909.0
2025-08-07,89.56329,89.88402,88.36055999999999,89.16238,340792.0
2025-08-08,89.40293,89.40293,87.87947,89.00202,363648.0
2025-08-11,89.80384,92.77057,89.00202,92.2093,565964.0
2025-08-12,92.53003,93.17148,91.40747999999999,91.80839,254794.0
2025-08-13,91.96875,92.93094,90.28492999999999,91.56783999999999,413506.0
2025-08-14,91.40747999999999,91.88857,90.20475,91.08675,402980.0
2025-08-15,91.00657000000001,91.80839,90.20475,90.68584,240560.0
2025-08-18,90.68584,93.81294,89.00202,90.60566,701027.0
2025-08-19,90.60566,92.2093,88.2002,91.64802,736546.0
2025-08-20,91.64802,93.01111999999999,90.68584,91.80839,704551.0
2025-08-21,91.80839,93.17148,91.80839,93.17148,750310.0
2025-08-22,93.17148,96.05803,92.85075,94.61475999999999,493547.0
2025-08-25,94.61475999999999,95.41658,93.73276,95.09585000000001,329580.0
2025-08-26,95.01567,95.65711999999999,93.81294,95.41658,356025.0
2025-08-27,95.81749,97.90222,95.81749,97.82203999999999,476303.0
2025-08-28,97.82203999999999,103.11405,97.82203999999999,102.63296000000001,716512.0
2025-08-29,103.03387,105.43933,103.03387,104.39696,641228.0
2025-09-03,104.39696,106.0006,103.43478,104.47714,431568.0
2025-09-04,104.47714,105.84024000000001,104.47714,105.59969,279643.0
2025-09-05,105.76006,106.0006,104.47714,104.63750999999999,479633.0
2025-09-08,104.55733000000001,105.43933,102.63296000000001,103.43478,380397.0
2025-09-09,103.43478,103.83569,102.63296000000001,103.51496,332329.0
2025-09-10,103.83569,103.99605,102.63296000000001,103.83569,243447.0
2025-09-11,103.83569,103.83569,101.02932000000001,101.9915,391461.0
2025-09-12,102.63296000000001,103.27441,101.9915,103.27441,187761.0
2025-09-15,102.95369000000001,103.67532000000001,102.95369000000001,103.19422999999999,191283.0
2025-09-16,103.3546,103.83569,101.83114,103.3546,459616.0
2025-09-17,103.3546,103.3546,101.9915,102.71314,212180.0
2025-09-18,102.63296000000001,102.95369000000001,101.91132,102.63296000000001,168394.0
2025-09-19,102.63296000000001,104.63750999999999,102.15187,103.83569,247569.0
2025-09-22,104.07623,104.07623,102.15187,102.63296000000001,128273.0
2025-09-23,102.79332000000001,103.43478,102.47259,102.63296000000001,173900.0
2025-09-24,102.95369000000001,103.99605,102.31223,103.83569,153177.0
2025-09-25,103.03387,103.83569,102.39241,103.83569,181502.0
2025-09-26,103.43478,105.03842,103.43478,104.31678,205552.0
2025-09-29,104.31678,105.03842,104.31678,104.55733000000001,162891.0
2025-09-30,104.39696,104.39696,102.31223,103.59514,189133.0
2025-10-01,103.43478,103.91587,102.8735,103.27441,49686.0
2025-10-02,102.63296000000001,103.43478,102.63296000000001,102.71314,171988.0
2025-10-03,102.63296000000001,103.03387,101.43023,102.63296000000001,194773.0
2025-10-06,103.19422999999999,104.23660000000001,102.47259,103.99605,148952.0
2025-10-07,103.99605,108.2457,103.75551,106.24114999999999,250707.0
2025-10-08,107.04297,107.44388000000001,105.35915,105.67987,66350.0
2025-10-09,106.24114999999999,107.60424,106.24114999999999,107.60424,266488.0
2025-10-10,107.60424,117.06572,107.44388000000001,115.54226,888216.0
2025-10-13,115.54226,122.67846,113.05662,121.71627000000001,716587.0
2025-10-14,121.71627000000001,123.48028,117.86753999999999,119.55136,500868.0
2025-10-15,119.95227,120.19282000000001,117.1459,119.391,413871.0
2025-10-16,119.391,120.99463,117.86753999999999,118.50899000000001,663309.0
2025-10-17,119.31081,119.71172,115.06117,116.74499,230903.0
2025-10-20,115.94317,115.94317,110.65116,111.05207,646775.0
2025-10-21,100.2275,113.45753,100.2275,112.81607000000001,317093.0
2025-10-22,112.01425,116.10352999999999,112.01425,114.66026,186716.0
2025-10-23,115.22153,115.86299000000001,114.66026,115.06117,201662.0
2025-10-24,115.46208,116.98554,114.66026,116.26389999999999,354408.0
2025-10-27,104.23660000000001,120.273,104.23660000000001,119.391,452576.0
2025-10-28,119.07027000000001,121.07482,119.07027000000001,120.19282000000001,486522.0
2025-10-29,120.11263000000001,125.08391999999999,120.11263000000001,124.20191,595077.0
2025-10-30,123.801,130.69666,123.801,127.8101,727842.0
2025-10-31,129.89484,130.69666,126.68755999999999,127.89029,344809.0
2025-11-03,127.8101,141.60141000000002,127.8101,140.23830999999998,1315887.0
2025-11-04,137.51213,149.13852,137.51213,146.41233,1803498.0
2025-11-05,146.73306,156.3549,145.93124,149.86015,1242799.0
2025-11-06,152.26560999999998,158.76036,140.3185,145.61051,1219392.0
2025-11-07,149.13852,157.95854,145.61051,156.19453,1733573.0
2025-11-10,156.19453,164.3731,155.55308,160.364,1176763.0
2025-11-11,161.16582,166.77856,159.56217999999998,165.17492000000001,880763.0
2025-11-12,165.97673999999998,173.11293,165.97673999999998,173.11293,770700.0
2025-11-13,172.3913,176.80131,172.3913,173.67421,1220042.0
2025-11-14,174.79676,177.84367,173.99494,174.71657000000002,725352.0
2025-11-17,173.99494,177.20222,173.99494,175.59858,501122.0
2025-11-18,176.4004,176.4004,171.58948,172.3913,459793.0
2025-11-19,168.3822,175.51839,168.3822,170.94801999999999,634504.0
2025-11-20,170.78766000000002,173.19312,170.78766000000002,172.23093,335953.0
2025-11-21,172.31110999999999,172.47148,168.62274,168.86329,781132.0
2025-11-24,168.86329,172.3913,168.22182999999998,171.58948,390571.0
2025-11-25,172.3913,172.55166,171.58948,171.66966,352057.0
2025-11-26,172.15075,176.4004,172.15075,172.95257,230280.0
2025-11-27,173.99494,173.99494,172.95257,173.51384,82590.0
2025-11-28,173.91475,174.39585,172.07057,173.27329999999998,212486.0
2025-12-01,173.19312,173.99494,173.19312,173.51384,271060.0
2025-12-02,173.51384,184.4186,173.51384,176.15985,776410.0
2025-12-03,178.00404,178.56531,176.4004,176.64094,472393.0
2025-12-04,176.64094,178.40495,175.99948999999998,177.04185,263271.0
2025-12-05,178.1644,179.60768,169.18401999999998,174.07512,231606.0
2025-12-08,172.3913,173.19312,171.58948,172.15075,113311.0
2025-12-09,171.99039000000002,173.19312,171.58948,172.15075,116602.0
2025-12-10,172.23093,172.23093,171.50929000000002,171.99039000000002,135691.0
2025-12-11,169.98584,174.79676,169.98584,173.83457,180280.0
2025-12-12,173.59403,174.79676,170.78766000000002,170.78766000000002,305209.0
2025-12-15,170.86784,172.79220999999998,169.18401999999998,169.82547,330962.0
2025-12-16,169.18401999999998,172.31110999999999,169.18401999999998,171.42910999999998,419068.0
2025-12-17,171.58948,171.66966,170.06601999999998,170.38675,154394.0
2025-12-25,176.4004,179.20676999999998,170.62729000000002,179.20676999999998,1009000.0
2025-12-26,173.19312,177.60313,173.19312,176.4004,297058.0
2025-12-29,176.4004,176.48057999999997,171.58948,176.48057999999997,644427.0
2025-12-30,176.32021,177.36257999999998,175.59858,177.36257999999998,383447.0
2025-12-31,177.36257999999998,180.4095,177.36257999999998,178.00404,143537.0
2026-01-05,179.52749,179.52749,173.03275,177.36257999999998,460348.0
2026-01-06,176.88148999999999,176.88148999999999,175.43821,176.4004,149462.0
2026-01-07,175.0373,176.4004,173.75439,176.4004,403949.0
2026-01-08,174.95712,174.95712,172.71202,173.59403,495174.0
2026-01-09,172.445,176.48514,167.518,173.4304,190673.0
2026-01-12,169.9815,170.57273999999998,167.518,170.27712,111689.0
2026-01-13,168.9961,170.27712,161.6056,167.41946,323210.0
2026-01-14,162.78807999999998,167.22238000000002,162.78807999999998,165.5472,97528.0
2026-01-15,163.08370000000002,165.44866,161.50706,162.591,374161.0
2026-01-16,162.591,162.591,153.7224,157.664,490358.0
2026-01-19,157.664,157.664,152.737,157.664,307553.0
2026-01-20,157.664,162.591,157.664,159.43772,245425.0
2026-01-21,159.43772,159.63479999999998,155.69320000000002,157.46692000000002,189453.0
2026-01-22,158.1567,158.1567,153.7224,156.48152,214948.0
2026-01-23,156.58006,157.664,155.2005,156.48152,167218.0
2026-01-26,158.35378,158.45232000000001,154.7078,156.1859,131274.0
2026-01-27,156.1859,156.58006,153.7224,156.1859,149626.0
2026-01-28,156.1859,156.77714,154.2151,154.80634,201046.0
2026-01-29,154.2151,159.63479999999998,154.2151,155.79174,472147.0
2026-01-30,159.53626,159.53626,155.89028,156.77714,204622.0
2026-02-02,156.67860000000002,156.87568,150.66766,151.65306,196912.0
2026-02-03,151.65306,154.60926,149.87933999999998,153.32824,221984.0
2026-02-04,153.32824,155.89028,152.737,154.90488,178150.0
2026-02-05,154.90488,155.69320000000002,152.34284,152.34284,114876.0
2026-02-06,152.34284,152.34284,149.58372,150.07642,114237.0
2026-02-09,150.07642,150.17496,148.99248,150.07642,122799.0
2026-02-10,149.97788,149.97788,139.63118,147.81,352007.0
2026-02-11,147.81,147.81,141.01074,147.81,107753.0
2026-02-12,143.57278,147.81,142.58738,146.8246,225671.0
2026-02-13,142.883,146.8246,142.883,146.8246,73494.0
2026-02-23,146.8246,146.8246,143.47423999999998,146.8246,86823.0
2026-02-24,144.85379999999998,146.8246,143.67132,146.8246,54522.0
2026-02-25,144.65672,146.3319,136.57644,144.85379999999998,217766.0
2026-02-26,143.8684,143.8684,141.8976,143.8684,50250.0
2026-02-27,141.99614000000003,142.3903,136.97060000000002,138.9414,327836.0
2026-03-02,133.029,138.9414,132.83192000000003,138.9414,261819.0
2026-03-03,134.9998,148.59832,134.9998,148.59832,441706.0
2026-03-04,149.7808,157.664,148.89394000000001,157.664,812182.0
2026-03-05,162.591,163.5764,147.81,147.90854000000002,326077.0
2026-03-06,147.3173,147.3173,139.72972000000001,140.02534,219572.0
2026-03-09,130.5655,131.45236,130.26988,130.26988,212356.0
2026-03-10,130.36842,139.33556,130.36842,135.98520000000002,327299.0
2026-03-11,134.5071,142.883,134.5071,142.883,94814.0
2026-03-12,143.08007999999998,143.08007999999998,136.4779,138.35016000000002,119771.0
2026-03-13,136.97060000000002,138.35016000000002,133.22608,137.956,383843.0
2026-03-16,147.61292,147.61292,145.93774,147.61292,1485519.0
2026-03-17,151.65306,157.86108,148.10562,157.86108,2592633.0
2026-03-18,159.63479999999998,160.6202,148.00707999999997,158.64939999999999,416126.0
2026-03-19,153.2297,158.64939999999999,151.7516,158.64939999999999,822357.0
2026-03-20,155.69320000000002,156.67860000000002,152.737,152.737,2212551.0
2026-03-23,145.3465,147.81,142.09467999999998,143.47423999999998,488453.0
2026-03-24,146.92314000000002,147.81,141.4049,145.3465,114376.0
2026-03-25,145.3465,145.8392,141.8976,145.3465,197796.0
2026-03-26,145.24795999999998,145.24795999999998,142.3903,144.85379999999998,63007.0
2026-03-27,143.8684,143.8684,139.82826,143.08007999999998,225058.0
2026-03-30,141.8976,142.68592,138.15308,142.3903,178807.0
2026-03-31,142.3903,142.3903,139.63118,141.8976,170780.0
2026-04-01,141.8976,142.883,140.9122,141.8976,171873.0
2026-04-02,139.9268,140.71511999999998,137.75892000000002,138.9414,267291.0
2026-04-03,138.9414,140.9122,136.08373999999998,138.64578,207511.0
2026-04-06,137.85746,140.32095999999999,137.56184,138.05454,191958.0
2026-04-07,138.05454,138.05454,136.57644,138.05454,173011.0
2026-04-08,141.30635999999998,141.30635999999998,137.956,139.13848000000002,201453.0
2026-04-09,139.13848000000002,139.13848000000002,135.59104000000002,138.35016000000002,377954.0
2026-04-10,138.35016000000002,138.54724,137.46329999999998,137.956,259050.0
2026-04-13,137.956,137.956,136.18228,137.956,312640.0
2026-04-14,137.956,138.25162,136.97060000000002,137.956,302840.0
2026-04-15,137.956,137.956,136.97060000000002,137.956,320573.0
2026-04-16,137.956,138.05454,136.97060000000002,137.956,301865.0
2026-04-17,137.956,141.60198,137.56184,138.9414,305716.0
2026-04-20,138.9414,139.53264000000001,138.54724,139.23702,312473.0
2026-04-21,139.13848000000002,139.23702,137.46329999999998,138.05454,338096.0
2026-04-22,137.75892000000002,138.05454,136.28082,138.05454,331999.0
2026-04-23,136.67498,137.956,136.08373999999998,137.956,330949.0
2026-04-24,137.956,138.25162,136.28082,137.46329999999998,237481.0
2026-04-28,135.68957999999998,137.46329999999998,135.68957999999998,137.46329999999998,83145.0
2026-04-29,135.68957999999998,135.98520000000002,133.029,134.9998,219524.0
2026-05-04,134.9998,135.98520000000002,131.0582,134.5071,193810.0
2026-05-05,134.5071,134.5071,132.0436,133.029,43763.0
2026-05-06,132.0436,133.029,129.0874,129.77718,295755.0
2026-05-07,129.28448,132.73338,128.5947,129.77718,428296.0
2026-05-08,129.28448,130.66404,128.5947,128.89032,101671.0
2026-05-11,128.98886,129.48156,124.1604,124.1604,491541.0
2026-05-12,123.27354,124.65310000000001,123.175,124.1604,442365.0
2026-05-13,123.76624000000001,128.102,123.76624000000001,128.102,435203.0
2026-05-14,129.97426,132.43776,128.20054,132.0436,451838.0
2026-05-15,133.029,133.5217,130.17134,131.0582,102866.0
2026-05-18,130.86112,131.0582,128.102,130.0728,429669.0
2026-05-19,131.74798,131.74798,129.0874,129.0874,451222.0
2026-05-20,129.87572,129.87572,126.22974,129.0874,110222.0
2026-05-21,129.0874,130.0728,128.39762,129.0874,433086.0
2026-05-22,129.0874,129.0874,127.1166,128.49616,433544.0
2026-05-25,126.42682,129.0874,126.42682,129.0874,116082.0
2026-05-26,129.97426,129.97426,128.29908,129.87572,439237.0
2026-05-27,130.17134,130.5655,129.38302000000002,130.26988,450201.0
2026-05-28,130.36842,130.36842,128.102,128.5947,63501.0
2026-05-29,127.1166,133.029,125.6385,133.029,142952.0
2026-06-01,131.84652,132.0436,129.48156,130.5655,467955.0
2026-06-02,131.94505999999998,131.94505999999998,129.67864,130.5655,490958.0
2026-06-03,129.67864,130.5655,128.20054,130.5655,99869.0
2026-06-04,130.0728,131.0582,129.0874,130.5655,463935.0
2026-06-05,130.46696,130.46696,128.5947,129.58010000000002,105144.0
2026-06-08,129.0874,129.58010000000002,126.62389999999999,127.6093,483048.0
2026-06-09,127.6093,128.102,127.1166,128.102,461564.0
2026-06-10,128.102,128.5947,127.6093,128.39762,93530.0
2026-06-11,128.39762,128.39762,127.51075999999999,128.39762,463339.0
2026-06-12,128.29908,128.39762,127.51075999999999,128.39762,473278.0
2026-06-15,127.6093,128.39762,127.41222,128.39762,106595.0
2026-06-16,128.49616,128.49616,127.41222,128.39762,472760.0
2026-06-17,127.6093,128.39762,127.41222,128.102,477382.0
2026-06-18,127.51075999999999,128.102,127.21514,128.102,106175.0
2026-06-19,127.6093,128.102,124.65310000000001,124.65310000000001,466479.0
2026-06-22,124.65310000000001,127.01805999999999,124.65310000000001,126.62389999999999,464045.0
2026-06-23,126.72244,127.31367999999999,125.14580000000001,125.24434,240652.0
2026-06-24,126.42682,126.42682,124.25894,126.13119999999999,472976.0
2026-06-25,125.24434,126.72244,125.14580000000001,126.13119999999999,290323.0
2026-06-26,125.24434,126.72244,125.14580000000001,125.93412,283153.0
2026-06-29,127.01805999999999,130.26988,126.91952,129.0874,217122.0
2026-06-30,129.28448,132.63484,129.28448,132.0436,287744.0
2026-07-01,133.029,139.4341,133.029,138.64578,887109.0
2026-07-02,138.9414,139.9268,135.98520000000002,136.67498,313662.0
2026-07-03,136.67498,139.33556,136.67498,138.35016000000002,628739.0
2026-07-06,138.35016000000002,139.33556,135.98520000000002,136.97060000000002,334538.0
2026-07-07,135.88666,137.46329999999998,134.9998,135.59104000000002,140863.0
2026-07-08,135.59104000000002,136.37936,132.0436,134.80272,188993.0
2026-07-09,132.63484,133.22608,130.86112,131.84652,175245.0
2026-07-10,131.84652,135.09834,131.74798,134.0144,114409.0
2026-07-13,134.80272,134.80272,131.15673999999999,132.0436,95898.0
2026-07-14,131.94505999999998,137.85746,131.94505999999998,137.85746,370536.0
2026-07-15,137.956,139.72972000000001,135.19688,135.98520000000002,167563.0
2026-07-16,136.77352,136.77352,133.12754,135.78812,112630.0
2026-07-17,135.78812,137.956,134.5071,136.87206,309948.0
2026-07-20,136.97060000000002,136.97060000000002,132.33922,133.32461999999998,158021.0
2026-07-21,133.12754,136.18228,132.53629999999998,135.78812,377296.0
2026-07-22,133.71878,136.97060000000002,131.55089999999998,132.83192000000003,270561.0
2026-07-23,132.83192000000003,134.0144,131.35382,134.0144,106960.0
2026-07-24,133.81732,134.0144,131.25528,133.029,90479.0
2026-07-27,133.029,135.98520000000002,133.029,135.4925,553919.0
2026-07-28,135.4925,137.36476000000002,133.5217,136.87206,806280.0
2026-07-29,136.97060000000002,137.56184,134.9998,136.87206,713273.0
2026-07-30,136.87206,140.81366,134.9998,140.81366,996859.0
2026-07-31,140.9122,141.50344,137.85746,138.9414,1492972.0
2026-08-03,138.84285999999997,138.9414,134.80272,135.68957999999998,444290.0
2026-08-04,135.59104000000002,136.08373999999998,133.32461999999998,135.98520000000002,249183.0
2026-08-05,135.98520000000002,135.98520000000002,134.9998,134.9998,227430.0
2026-08-06,134.9998,135.19688,134.0144,134.90126,79088.0
2026-08-07,134.90126,134.9998,133.029,134.90126,280986.0
2026-08-10,135.0,136.0,133.5,136.0,217848.0
2026-08-11,136.2,137.0,135.5,136.0,186537.0
2026-08-12,136.0,138.2,135.4,136.2,262991.0
2026-08-13,136.8,138.1,136.2,136.9,293472.0
2026-08-14,136.9,138.9,135.0,136.8,321856.0
2026-08-17,136.8,137.6,135.4,136.9,246730.0
2026-08-18,137.3,137.3,134.0,135.9,332615.0
2026-08-19,134.5,136.6,134.5,136.6,199619.0
2026-08-20,136.5,138.5,136.5,138.0,555106.0
2026-08-21,137.2,140.0,136.7,139.5,463900.0
2026-08-24,140.3,140.8,139.3,139.7,278700.0
2026-08-25,139.8,142.5,139.8,141.8,799800.0
2026-08-26,142.1,142.3,140.6,141.9,391300.0
2026-08-27,141.6,142.2,140.8,142.0,247000.0
2026-08-28,143.0,143.5,140.9,143.0,443900.0
2026-09-03,142.9,143.0,140.8,142.0,451000.0
2026-09-04,141.9,142.2,141.0,142.0,918100.0
2026-09-07,142.9,144.9,141.7,141.8,523100.0
2026-09-08,142.0,142.8,141.7,142.6,255300.0
2026-09-09,143.3,143.3,141.1,142.0,245300.0
2026-09-10,141.1,142.5,141.0,142.0,205000.0
2026-09-11,142.4,142.4,140.8,141.8,237400.0
2026-09-14,141.9,142.9,141.2,141.9,306900.0
2026-09-15,142.0,143.1,141.6,143.0,652500.0
2026-09-16,143.4,145.0,142.8,145.0,1289200.0
2026-09-17,144.5,145.6,143.1,145.6,1533600.0
2026-09-18,145.9,145.9,143.0,143.0,2650000.0
2026-09-21,143.0,143.0,138.0,143.0,1171500.0
2026-09-22,142.8,143.5,141.0,143.4,740100.0
2026-09-23,143.5,143.5,141.5,141.7,167100.0
2026-09-24,141.7,141.7,139.5,141.7,226800.0
2026-09-25,141.4,142.2,139.7,141.0,160900.0
2026-09-28,140.0,141.0,138.0,138.0,267400.0
2026-09-29,138.1,139.0,136.1,138.0,304900.0
2026-09-30,143.0,143.0,137.6,139.0,204300.0
2026-10-01,137.7,139.1,137.7,138.9,108300.0
2026-10-02,138.8,139.2,137.9,139.2,228900.0
