,open,high,low,close,volume
2020-05-08,14.88384,14.88384,14.59008,14.59008,15200.0
2020-05-11,14.78592,14.78592,14.39424,14.39424,12972.0
2020-05-12,14.88384,14.88384,14.49216,14.49216,15700.0
2020-05-13,14.688,14.688,14.49216,14.59008,13330.0
2020-05-14,14.688,14.688,14.49216,14.59008,20220.0
2020-05-15,14.49216,14.49216,14.49216,14.49216,10690.0
2020-05-18,14.49216,14.59008,14.49216,14.59008,33742.0
2020-05-19,14.59008,14.78592,14.49216,14.49216,34710.0
2020-05-20,14.49216,14.49216,14.49216,14.49216,22416.0
2020-05-21,14.49216,14.59008,14.49216,14.59008,24987.0
2020-05-22,14.39424,14.39424,14.29632,14.39424,14940.0
2020-05-25,14.39424,14.88384,14.1984,14.688,73907.0
2020-05-26,14.98176,15.1776,14.78592,14.78592,24860.0
2020-05-27,14.88384,14.88384,14.59008,14.688,17615.0
2020-05-28,14.78592,14.78592,14.49216,14.59008,8520.0
2020-05-29,14.59008,14.688,14.59008,14.688,13306.0
2020-06-01,15.07968,15.27552,14.688,14.688,18510.0
2020-06-02,15.1776,15.1776,14.59008,14.688,6600.0
2020-06-03,14.88384,15.07968,14.688,14.688,26700.0
2020-06-04,14.688,14.98176,14.59008,14.59008,67000.0
2020-06-05,14.59008,14.88384,14.39424,14.78592,53221.0
2020-06-08,14.59008,14.78592,14.59008,14.59008,25802.0
2020-06-09,14.59008,14.59008,14.29632,14.39424,44309.0
2020-06-10,14.49216,16.25472,14.49216,16.05888,136370.0
2020-06-11,16.450560000000003,17.6256,16.450560000000003,17.136,535714.0
2020-06-12,16.6464,17.6256,15.27552,16.35264,68420.0
2020-06-15,15.863040000000002,15.863040000000002,15.1776,15.1776,77305.0
2020-06-16,15.47136,16.1568,14.88384,16.1568,93130.0
2020-06-17,15.667200000000001,16.1568,15.37344,15.37344,51011.0
2020-06-18,15.47136,15.765120000000001,15.37344,15.569280000000001,17756.0
2020-06-19,15.47136,15.863040000000002,15.37344,15.863040000000002,48880.0
2020-06-22,15.863040000000002,16.05888,15.47136,15.47136,30019.0
2020-06-23,15.667200000000001,16.84224,15.667200000000001,16.25472,115366.0
2020-06-24,15.863040000000002,16.1568,15.863040000000002,16.05888,70499.0
2020-06-25,15.960959999999998,15.960959999999998,15.960959999999998,15.960959999999998,17900.0
2020-06-26,15.863040000000002,15.863040000000002,15.47136,15.667200000000001,34239.0
2020-06-29,15.37344,15.37344,14.688,14.78592,48890.0
2020-06-30,15.1776,15.1776,14.688,14.88384,43900.0
2020-07-01,14.688,14.88384,14.49216,14.88384,61316.0
2020-07-02,14.88384,15.1776,14.88384,14.98176,25655.0
2020-07-03,14.98176,14.98176,14.688,14.688,21702.0
2020-07-06,14.88384,14.98176,14.688,14.78592,28127.0
2020-07-07,15.1776,15.1776,14.688,14.78592,34764.0
2020-07-08,14.88384,15.47136,14.688,15.37344,120005.0
2020-07-09,15.27552,15.37344,14.98176,14.98176,27207.0
2020-07-10,14.88384,15.1776,14.88384,15.07968,28469.0
2020-07-13,15.27552,15.37344,14.88384,14.98176,81120.0
2020-07-14,14.98176,15.07968,14.88384,15.07968,44745.0
2020-07-15,14.98176,15.1776,14.98176,15.1776,12410.0
2020-07-16,14.98176,14.98176,14.88384,14.98176,11300.0
2020-07-17,14.98176,15.07968,14.98176,14.98176,37984.0
2020-07-20,14.98176,14.98176,14.88384,14.98176,61630.0
2020-07-21,14.98176,14.98176,14.88384,14.88384,8600.0
2020-07-22,14.78592,14.98176,14.78592,14.88384,20252.0
2020-07-23,14.88384,14.88384,14.78592,14.78592,35741.0
2020-07-24,14.98176,14.98176,14.10048,14.1984,39738.0
2020-07-27,14.1984,14.688,14.002559999999999,14.59008,113432.0
2020-07-28,14.59008,14.59008,14.29632,14.59008,2865.0
2020-07-29,14.49216,14.49216,14.002559999999999,14.49216,20374.0
2020-07-30,14.39424,14.49216,14.10048,14.49216,4300.0
2020-07-31,14.49216,14.49216,14.10048,14.29632,29489.0
2020-08-03,14.49216,14.98176,14.49216,14.688,15650.0
2020-08-04,14.88384,14.88384,14.688,14.78592,11700.0
2020-08-05,14.78592,14.78592,14.688,14.688,12600.0
2020-08-06,14.78592,14.78592,14.49216,14.49216,11555.0
2020-08-07,14.688,14.688,14.002559999999999,14.39424,12700.0
2020-08-10,14.39424,14.59008,14.39424,14.39424,11610.0
2020-08-11,14.59008,14.59008,14.29632,14.39424,9892.0
2020-08-12,14.59008,14.688,14.39424,14.39424,3700.0
2020-08-13,14.688,14.688,14.49216,14.688,11810.0
2020-08-14,14.1984,14.688,14.1984,14.59008,8680.0
2020-08-17,14.39424,15.569280000000001,14.39424,14.88384,42700.0
2020-08-18,14.98176,14.98176,14.59008,14.688,6410.0
2020-08-19,14.688,14.688,14.688,14.688,4000.0
2020-08-20,14.59008,14.688,14.59008,14.688,9335.0
2020-08-21,14.59008,14.688,14.49216,14.688,14010.0
2020-08-24,14.49216,14.688,14.39424,14.688,31612.0
2020-08-25,14.688,14.688,14.59008,14.59008,14420.0
2020-08-26,14.59008,14.688,14.59008,14.688,31551.0
2020-08-27,14.688,14.688,14.59008,14.59008,21398.0
2020-08-28,14.59008,14.688,14.49216,14.688,39900.0
2020-08-31,15.07968,15.27552,14.688,15.07968,76914.0
2020-09-01,15.47136,15.863040000000002,15.37344,15.47136,65023.0
2020-09-03,15.1776,15.47136,15.1776,15.37344,7700.0
2020-09-04,15.37344,16.6464,15.1776,16.548479999999998,340801.0
2020-09-07,16.35264,16.548479999999998,15.667200000000001,15.667200000000001,120239.0
2020-09-08,16.05888,16.05888,15.765120000000001,16.05888,32370.0
2020-09-09,15.765120000000001,17.6256,15.765120000000001,17.03808,263917.0
2020-09-10,17.136,17.136,16.84224,16.94016,59791.0
2020-09-11,16.548479999999998,16.6464,16.1568,16.1568,19162.0
2020-09-14,15.960959999999998,16.1568,15.765120000000001,15.765120000000001,140818.0
2020-09-15,16.1568,16.450560000000003,15.863040000000002,15.960959999999998,13010.0
2020-09-16,15.765120000000001,15.863040000000002,15.27552,15.765120000000001,110578.0
2020-09-17,16.450560000000003,16.450560000000003,15.47136,15.960959999999998,94430.0
2020-09-18,15.47136,15.765120000000001,15.47136,15.765120000000001,18650.0
2020-09-21,15.765120000000001,15.765120000000001,15.1776,15.37344,65700.0
2020-09-22,15.1776,15.569280000000001,15.1776,15.37344,35570.0
2020-09-23,15.37344,15.765120000000001,15.07968,15.667200000000001,86545.0
2020-09-24,15.667200000000001,15.765120000000001,15.47136,15.667200000000001,104416.0
2020-09-25,15.667200000000001,16.05888,15.667200000000001,15.863040000000002,60440.0
2020-09-28,15.863040000000002,15.960959999999998,15.569280000000001,15.863040000000002,67435.0
2020-09-29,15.667200000000001,15.765120000000001,15.569280000000001,15.667200000000001,16648.0
2020-09-30,15.47136,15.667200000000001,15.1776,15.667200000000001,42300.0
2020-10-01,15.667200000000001,15.667200000000001,15.37344,15.47136,38544.0
2020-10-02,15.47136,15.765120000000001,15.27552,15.47136,99507.0
2020-10-05,15.569280000000001,15.765120000000001,15.37344,15.667200000000001,54500.0
2020-10-06,15.765120000000001,16.05888,15.569280000000001,15.667200000000001,84000.0
2020-10-07,15.765120000000001,16.450560000000003,15.765120000000001,16.1568,77000.0
2020-10-08,16.450560000000003,16.450560000000003,15.765120000000001,15.960959999999998,19400.0
2020-10-09,15.765120000000001,15.863040000000002,15.667200000000001,15.863040000000002,59600.0
2020-10-12,15.765120000000001,16.1568,15.667200000000001,15.765120000000001,51600.0
2020-10-13,15.863040000000002,15.863040000000002,15.569280000000001,15.765120000000001,28700.0
2020-10-14,15.667200000000001,15.667200000000001,15.47136,15.667200000000001,89300.0
2020-10-15,15.765120000000001,18.01728,15.765120000000001,17.91936,1545300.0
2020-10-16,18.1152,20.36736,17.52768,18.01728,623600.0
2020-10-19,18.1152,18.1152,17.136,17.429759999999998,135600.0
2020-10-20,17.136,18.6048,16.74432,17.72352,451000.0
2020-10-21,17.91936,18.1152,16.6464,16.6464,357900.0
2020-10-22,16.94016,17.429759999999998,16.6464,16.6464,226700.0
2020-10-23,16.74432,17.6256,16.6464,17.136,295600.0
2020-10-26,17.03808,17.6256,16.450560000000003,16.74432,256100.0
2020-10-27,17.429759999999998,18.01728,16.74432,16.94016,557600.0
2020-10-28,17.136,17.136,15.863040000000002,16.1568,229300.0
2020-10-29,16.1568,16.25472,15.765120000000001,15.960959999999998,147600.0
2020-10-30,15.960959999999998,15.960959999999998,15.1776,15.47136,282900.0
2020-11-02,15.1776,15.37344,14.98176,15.27552,90900.0
2020-11-03,15.569280000000001,15.863040000000002,15.27552,15.569280000000001,69500.0
2020-11-04,15.47136,15.569280000000001,15.27552,15.37344,83300.0
2020-11-05,15.37344,15.47136,15.07968,15.27552,120400.0
2020-11-06,15.27552,15.37344,15.1776,15.27552,103800.0
2020-11-09,15.1776,15.960959999999998,15.1776,15.667200000000001,215600.0
2020-11-10,15.667200000000001,16.1568,15.47136,15.667200000000001,117900.0
2020-11-11,15.667200000000001,15.863040000000002,15.47136,15.569280000000001,89500.0
2020-11-12,15.569280000000001,15.667200000000001,15.27552,15.47136,205800.0
2020-11-13,15.47136,15.47136,15.1776,15.1776,344600.0
2020-11-16,15.37344,15.47136,15.07968,15.1776,137200.0
2020-11-17,15.1776,15.37344,14.98176,15.37344,101600.0
2020-11-18,15.37344,15.960959999999998,15.1776,15.765120000000001,453400.0
2020-11-19,15.765120000000001,16.74432,15.765120000000001,15.863040000000002,369100.0
2020-11-20,16.05888,16.1568,15.667200000000001,15.960959999999998,209500.0
2020-11-23,15.960959999999998,16.1568,15.667200000000001,15.960959999999998,414500.0
2020-11-24,15.863040000000002,16.05888,15.667200000000001,15.765120000000001,214600.0
2020-11-25,16.05888,16.1568,15.765120000000001,15.960959999999998,255500.0
2020-11-26,15.960959999999998,16.05888,15.667200000000001,15.765120000000001,268900.0
2020-11-27,15.863040000000002,17.91936,15.863040000000002,16.6464,1262000.0
2020-11-30,16.84224,17.52768,16.84224,17.136,524300.0
2020-12-01,16.94016,17.136,16.450560000000003,16.84224,321000.0
2020-12-02,16.74432,16.94016,16.548479999999998,16.74432,497900.0
2020-12-03,16.74432,17.136,16.6464,17.03808,437600.0
2020-12-04,16.94016,17.33184,16.74432,17.03808,529700.0
2020-12-07,17.33184,17.33184,16.84224,16.94016,303300.0
2020-12-08,16.84224,16.84224,16.548479999999998,16.548479999999998,352700.0
2020-12-09,16.6464,17.03808,16.35264,16.84224,426700.0
2020-12-10,16.84224,16.84224,16.450560000000003,16.450560000000003,411600.0
2020-12-11,16.6464,17.03808,16.450560000000003,16.94016,347226.0
2020-12-14,17.03808,17.233919999999998,16.6464,17.233919999999998,1137591.0
2020-12-15,17.233919999999998,18.311040000000002,17.136,17.72352,2347617.0
2020-12-16,17.91936,18.311040000000002,17.72352,18.311040000000002,1273959.0
2020-12-17,18.506880000000002,18.506880000000002,17.52768,17.52768,1364700.0
2020-12-18,17.429759999999998,19.19232,17.429759999999998,18.702720000000003,2779369.0
2020-12-21,18.6048,21.15072,18.506880000000002,20.26944,2758362.0
2020-12-22,19.87776,22.815360000000002,19.87776,21.64032,1994633.0
2020-12-23,21.93408,22.71744,18.99648,21.15072,2365129.0
2020-12-24,21.15072,21.15072,19.19232,20.46528,2193300.0
2020-12-25,20.0736,21.73824,20.0736,20.95488,2129350.0
2020-12-28,21.34656,21.64032,20.563200000000002,20.563200000000002,1332865.0
2020-12-29,20.95488,21.83616,20.46528,21.248639999999998,2342235.0
2020-12-30,21.248639999999998,21.34656,20.563200000000002,20.95488,1770029.0
2020-12-31,20.95488,22.032,20.85696,21.5424,1378297.0
2021-01-04,21.5424,22.32576,21.44448,21.93408,2747197.0
2021-01-05,21.93408,22.61952,21.83616,22.12992,1960650.0
2021-01-06,22.22784,22.5216,21.5424,21.93408,2155663.0
2021-01-07,22.032,22.32576,21.5424,22.12992,1539913.0
2021-01-08,22.12992,24.28416,21.93408,23.89248,2642329.0
2021-01-11,23.89248,25.4592,23.89248,24.9696,1557044.0
2021-01-12,22.32576,24.87168,22.32576,24.08832,2160514.0
2021-01-13,24.08832,24.77376,23.40288,23.79456,2830830.0
2021-01-14,23.9904,24.48,23.40288,24.28416,931921.0
2021-01-15,24.48,25.067520000000002,23.89248,24.08832,1360572.0
2021-01-18,24.08832,24.382080000000002,23.79456,23.9904,1558054.0
2021-01-19,23.9904,23.9904,20.563200000000002,21.64032,3245707.0
2021-01-20,21.34656,22.12992,19.584,21.93408,1330284.0
2021-01-21,21.93408,22.91328,21.5424,22.42368,1386685.0
2021-01-22,22.5216,23.500799999999998,18.99648,23.20704,2304300.0
2021-01-25,22.91328,24.18624,22.91328,23.40288,1197289.0
2021-01-26,23.500799999999998,23.500799999999998,20.563200000000002,21.64032,1553526.0
2021-01-27,21.83616,21.83616,19.0944,20.0736,1689146.0
2021-01-28,18.89856,19.584,17.72352,17.72352,1851751.0
2021-01-29,16.74432,19.48608,15.667200000000001,18.506880000000002,1067795.0
2021-02-01,18.01728,18.6048,16.6464,16.94016,1098313.0
2021-02-02,16.94016,18.01728,16.6464,17.91936,1454150.0
2021-02-03,17.91936,19.48608,17.91936,19.19232,1023077.0
2021-02-04,19.0944,19.48608,18.40896,18.800639999999998,544246.0
2021-02-05,18.800639999999998,18.99648,18.311040000000002,18.89856,921285.0
2021-02-08,18.89856,19.0944,17.6256,17.82144,1085471.0
2021-02-09,18.21312,18.6048,17.82144,18.506880000000002,526718.0
2021-02-17,18.6048,19.0944,18.506880000000002,19.0944,709712.0
2021-02-18,19.0944,20.46528,18.99648,20.36736,1446773.0
2021-02-19,20.26944,21.34656,19.87776,20.85696,1154803.0
2021-02-22,21.052799999999998,21.052799999999998,20.17152,20.46528,984317.0
2021-02-23,20.563200000000002,20.66112,20.17152,20.66112,871044.0
2021-02-24,20.563200000000002,21.34656,20.36736,20.759040000000002,1897361.0
2021-02-25,20.85696,21.64032,20.759040000000002,21.34656,1535923.0
2021-02-26,21.052799999999998,21.248639999999998,20.563200000000002,20.95488,889890.0
2021-03-01,20.95488,21.44448,20.85696,21.34656,908108.0
2021-03-02,21.15072,22.91328,21.15072,22.22784,2381687.0
2021-03-03,22.5216,23.109119999999997,22.22784,22.815360000000002,1230105.0
2021-03-04,22.815360000000002,23.011200000000002,21.052799999999998,22.032,2083163.0
2021-03-05,22.12992,22.32576,20.563200000000002,21.93408,1338738.0
2021-03-08,21.93408,22.5216,21.73824,22.032,1133209.0
2021-03-09,22.032,22.032,21.44448,21.73824,882434.0
2021-03-10,21.248639999999998,21.93408,21.052799999999998,21.64032,923392.0
2021-03-11,21.83616,21.93408,21.5424,21.73824,570117.0
2021-03-12,21.83616,22.032,21.44448,21.73824,880449.0
2021-03-15,21.5424,21.83616,21.34656,21.73824,931900.0
2021-03-16,22.32576,22.32576,21.44448,21.83616,883785.0
2021-03-17,21.73824,22.71744,21.64032,22.42368,1732100.0
2021-03-18,22.42368,23.109119999999997,22.22784,22.42368,879728.0
2021-03-19,22.32576,22.42368,21.73824,22.032,786632.0
2021-03-22,22.032,22.42368,21.73824,21.93408,673728.0
2021-03-23,22.032,22.032,20.759040000000002,21.34656,1647452.0
2021-03-24,21.052799999999998,21.248639999999998,20.0736,20.563200000000002,1217208.0
2021-03-25,20.759040000000002,20.759040000000002,19.97568,20.26944,502527.0
2021-03-26,20.26944,20.36736,19.0944,20.26944,1105528.0
2021-03-29,20.36736,20.36736,19.584,20.17152,570337.0
2021-03-30,20.17152,20.759040000000002,19.87776,20.46528,784255.0
2021-03-31,20.46528,20.759040000000002,20.17152,20.563200000000002,525345.0
2021-04-01,20.66112,21.052799999999998,20.46528,20.85696,641367.0
2021-04-02,20.95488,21.15072,20.66112,20.759040000000002,483150.0
2021-04-05,20.759040000000002,21.052799999999998,20.36736,20.46528,528520.0
2021-04-06,20.563200000000002,20.563200000000002,20.17152,20.46528,566296.0
2021-04-07,20.46528,21.83616,20.46528,21.73824,2346737.0
2021-04-08,21.5424,22.032,21.248639999999998,21.5424,635159.0
2021-04-09,21.15072,21.73824,20.36736,21.34656,723517.0
2021-04-12,21.34656,21.64032,20.85696,21.15072,1383391.0
2021-04-13,21.34656,21.44448,20.66112,20.85696,1073320.0
2021-04-14,20.85696,22.32576,20.563200000000002,22.12992,2834304.0
2021-04-15,22.12992,22.5216,21.64032,21.73824,2085039.0
2021-04-16,22.032,22.032,20.563200000000002,21.5424,1082900.0
2021-04-19,21.248639999999998,21.5424,20.563200000000002,21.052799999999998,1180465.0
2021-04-20,21.052799999999998,21.93408,20.85696,20.95488,1457650.0
2021-04-22,21.44448,21.44448,19.584,19.681919999999998,1074104.0
2021-04-23,19.584,20.26944,19.584,20.17152,929120.0
2021-04-26,20.17152,20.36736,18.89856,18.99648,1177779.0
2021-04-27,19.0944,19.38816,18.99648,19.29024,419620.0
2021-04-28,19.0944,19.584,19.0944,19.38816,365420.0
2021-04-29,19.77984,19.97568,19.19232,19.48608,332963.0
2021-05-04,19.48608,19.48608,18.6048,18.89856,706809.0
2021-05-05,18.800639999999998,19.48608,18.800639999999998,19.19232,569018.0
2021-05-06,19.29024,19.29024,18.89856,19.0944,619250.0
2021-05-07,19.0944,19.0944,18.506880000000002,18.506880000000002,744549.0
2021-05-10,18.506880000000002,18.89856,18.21312,18.6048,1045760.0
2021-05-11,18.6048,19.97568,18.6048,19.48608,1098575.0
2021-05-12,19.48608,19.48608,19.0944,19.48608,227600.0
2021-05-13,19.48608,19.48608,18.99648,19.0944,387873.0
2021-05-14,18.99648,19.77984,18.99648,19.0944,631281.0
2021-05-17,19.29024,19.584,18.99648,19.0944,351850.0
2021-05-18,19.38816,19.38816,18.702720000000003,18.89856,405800.0
2021-05-19,18.89856,18.89856,18.40896,18.506880000000002,580119.0
2021-05-20,18.40896,18.506880000000002,17.82144,17.91936,859709.0
2021-05-21,17.91936,18.311040000000002,17.82144,18.21312,536191.0
2021-05-24,18.21312,18.6048,18.1152,18.311040000000002,350777.0
2021-05-25,18.40896,20.0736,18.311040000000002,19.29024,1281340.0
2021-05-26,19.29024,19.29024,18.311040000000002,18.99648,368300.0
2021-05-27,18.702720000000003,18.89856,18.311040000000002,18.40896,429326.0
2021-05-28,18.311040000000002,18.6048,18.21312,18.6048,573611.0
2021-05-31,18.506880000000002,18.6048,17.72352,18.40896,926056.0
2021-06-01,18.40896,19.48608,18.311040000000002,19.19232,1333238.0
2021-06-02,19.19232,21.15072,19.19232,20.563200000000002,3068394.0
2021-06-03,20.85696,21.83616,20.563200000000002,20.66112,1215368.0
2021-06-04,20.759040000000002,20.85696,19.77984,20.26944,1350222.0
2021-06-07,20.563200000000002,21.15072,19.38816,20.563200000000002,1605222.0
2021-06-08,20.563200000000002,22.032,20.563200000000002,21.052799999999998,3214724.0
2021-06-09,20.85696,21.052799999999998,20.0736,20.85696,682760.0
2021-06-10,20.85696,21.5424,20.563200000000002,20.66112,687454.0
2021-06-11,20.563200000000002,21.248639999999998,20.36736,20.85696,839411.0
2021-06-14,20.85696,21.5424,20.85696,21.15072,1361520.0
2021-06-15,21.248639999999998,21.83616,21.248639999999998,21.44448,1069409.0
2021-06-16,21.5424,21.83616,20.66112,21.052799999999998,944310.0
2021-06-17,20.95488,21.15072,20.563200000000002,20.95488,881806.0
2021-06-18,20.759040000000002,21.44448,20.66112,21.15072,913373.0
2021-06-21,21.15072,23.304959999999998,21.15072,22.22784,2886294.0
2021-06-22,22.5216,23.20704,22.032,22.032,1183286.0
2021-06-23,22.12992,22.22784,21.15072,21.34656,765673.0
2021-06-24,21.34656,21.5424,20.0736,20.46528,1542642.0
2021-06-25,20.563200000000002,20.66112,19.77984,20.563200000000002,1007302.0
2021-06-28,20.563200000000002,20.759040000000002,19.97568,20.46528,627452.0
2021-06-29,20.66112,20.66112,20.0736,20.17152,569219.0
2021-06-30,20.17152,20.36736,20.0736,20.17152,435948.0
2021-07-01,20.17152,20.36736,20.0736,20.26944,410215.0
2021-07-02,20.26944,20.46528,19.87776,20.17152,649037.0
2021-07-05,20.17152,20.26944,19.29024,19.29024,1152706.0
2021-07-06,19.38816,19.584,18.21312,18.6048,923664.0
2021-07-07,18.702720000000003,18.89856,18.1152,18.800639999999998,617739.0
2021-07-08,18.89856,19.0944,18.506880000000002,18.800639999999998,393436.0
2021-07-09,18.702720000000003,18.702720000000003,17.91936,18.21312,599360.0
2021-07-12,18.21312,18.6048,17.136,18.6048,1042031.0
2021-07-13,18.6048,18.702720000000003,18.21312,18.6048,517567.0
2021-07-14,18.506880000000002,18.702720000000003,18.311040000000002,18.6048,393054.0
2021-07-15,18.506880000000002,18.99648,18.40896,18.99648,220490.0
2021-07-16,18.89856,19.0944,18.6048,18.702720000000003,130607.0
2021-07-19,18.800639999999998,18.800639999999998,17.91936,18.6048,419750.0
2021-07-20,18.40896,18.702720000000003,18.21312,18.6048,322811.0
2021-07-21,18.702720000000003,18.89856,18.40896,18.6048,181016.0
2021-07-22,18.506880000000002,19.29024,18.506880000000002,19.19232,478956.0
2021-07-23,19.38816,19.38816,18.89856,18.99648,195542.0
2021-07-26,18.89856,19.0944,18.6048,18.99648,174700.0
2021-07-27,18.99648,19.0944,18.702720000000003,18.89856,305500.0
2021-07-28,18.99648,18.99648,18.702720000000003,18.800639999999998,136970.0
2021-07-29,18.800639999999998,18.89856,18.6048,18.800639999999998,165130.0
2021-07-30,18.800639999999998,19.29024,18.702720000000003,19.0944,594212.0
2021-08-02,19.0944,19.29024,18.702720000000003,19.0944,340812.0
2021-08-03,18.99648,19.38816,18.702720000000003,19.0944,320012.0
2021-08-04,19.38816,19.38816,19.0944,19.19232,435164.0
2021-08-05,19.19232,19.29024,19.0944,19.29024,253829.0
2021-08-06,19.29024,20.26944,19.19232,19.97568,914105.0
2021-08-09,19.97568,20.563200000000002,19.97568,20.36736,739019.0
2021-08-10,20.36736,21.052799999999998,20.36736,20.563200000000002,832652.0
2021-08-11,20.66112,20.95488,20.0736,20.17152,900909.0
2021-08-12,20.17152,20.66112,19.87776,20.17152,533364.0
2021-08-13,20.17152,20.36736,19.38816,20.26944,640557.0
2021-08-16,20.17152,20.36736,19.87776,20.26944,486493.0
2021-08-17,20.26944,21.248639999999998,20.26944,20.85696,1689879.0
2021-08-18,20.95488,21.34656,20.66112,20.759040000000002,680113.0
2021-08-19,20.85696,20.95488,20.46528,20.66112,553601.0
2021-08-20,20.563200000000002,21.34656,19.29024,20.0736,1653947.0
2021-08-23,19.681919999999998,20.26944,18.99648,19.0944,823290.0
2021-08-24,19.29024,19.48608,18.800639999999998,19.0944,584601.0
2021-08-25,19.0944,19.38816,18.89856,19.38816,358260.0
2021-08-26,19.38816,19.584,18.702720000000003,18.99648,472004.0
2021-08-27,19.0944,19.0944,18.506880000000002,18.99648,425941.0
2021-08-30,19.29024,20.0736,18.99648,19.97568,716018.0
2021-08-31,20.17152,20.17152,19.681919999999998,19.87776,401392.0
2021-09-01,19.87776,22.032,19.77984,21.64032,3107427.0
2021-09-06,21.64032,22.815360000000002,21.5424,22.42368,2085963.0
2021-09-07,22.42368,22.42368,21.15072,21.73824,1415008.0
2021-09-08,21.34656,21.64032,20.95488,21.34656,1625251.0
2021-09-09,21.34656,22.42368,21.15072,22.42368,1423868.0
2021-09-10,22.42368,23.304959999999998,22.22784,22.71744,1679145.0
2021-09-13,22.71744,23.011200000000002,22.12992,22.32576,1102545.0
2021-09-14,22.42368,23.40288,22.032,22.91328,1583059.0
2021-09-15,22.91328,23.109119999999997,22.42368,23.109119999999997,1030887.0
2021-09-16,23.109119999999997,24.28416,22.91328,23.59872,1385008.0
2021-09-17,23.79456,23.79456,23.011200000000002,23.40288,988106.0
2021-09-20,23.40288,23.40288,22.22784,22.71744,1715421.0
2021-09-21,22.22784,22.42368,21.44448,22.032,1271430.0
2021-09-22,22.032,23.304959999999998,21.83616,22.71744,944649.0
2021-09-23,22.815360000000002,23.304959999999998,21.93408,22.12992,945119.0
2021-09-24,22.42368,22.5216,21.5424,21.83616,753649.0
2021-09-27,21.93408,21.93408,20.26944,20.46528,1205422.0
2021-09-28,20.46528,20.85696,20.0736,20.759040000000002,517428.0
2021-09-29,20.563200000000002,21.052799999999998,20.36736,20.85696,520057.0
2021-09-30,20.85696,21.83616,20.85696,21.5424,552256.0
2021-10-01,21.34656,21.44448,20.85696,20.95488,387155.0
2021-10-04,21.15072,22.91328,21.052799999999998,22.42368,1424024.0
2021-10-05,22.32576,22.815360000000002,22.032,22.22784,475420.0
2021-10-06,22.32576,22.91328,22.22784,22.42368,649818.0
2021-10-07,22.61952,25.263360000000002,22.61952,24.48,3333063.0
2021-10-08,24.28416,24.87168,23.9904,24.28416,1067807.0
2021-10-11,24.28416,24.57792,23.69664,24.08832,808821.0
2021-10-12,24.08832,25.263360000000002,23.59872,24.48,1603394.0
2021-10-13,24.48,25.067520000000002,24.18624,24.48,975432.0
2021-10-14,24.48,24.9696,24.48,24.77376,785643.0
2021-10-15,25.067520000000002,25.067520000000002,24.18624,24.67584,1055271.0
2021-10-18,24.77376,25.9488,24.77376,25.4592,1538014.0
2021-10-19,27.22176,27.22176,24.9696,26.24256,1178710.0
2021-10-20,26.24256,26.634240000000002,25.4592,26.04672,956779.0
2021-10-21,26.24256,26.24256,25.4592,25.65504,534576.0
2021-10-22,25.65504,26.4384,25.4592,25.85088,801799.0
2021-10-25,26.4384,26.4384,25.65504,25.752959999999998,733081.0
2021-10-26,25.65504,25.65504,24.48,25.263360000000002,1142277.0
2021-10-27,25.263360000000002,25.9488,24.9696,25.752959999999998,847897.0
2021-10-28,25.752959999999998,26.928,25.752959999999998,26.53632,1541140.0
2021-10-29,26.634240000000002,26.928,25.9488,26.34048,1076194.0
2021-11-01,26.34048,26.4384,25.557119999999998,25.752959999999998,968962.0
2021-11-02,25.9488,25.9488,25.16544,25.557119999999998,1047519.0
2021-11-03,25.557119999999998,25.752959999999998,24.08832,24.382080000000002,1606022.0
2021-11-04,24.382080000000002,24.9696,24.18624,24.48,620846.0
2021-11-05,24.67584,25.263360000000002,24.382080000000002,24.9696,663757.0
2021-11-08,24.9696,25.752959999999998,24.48,25.361279999999997,851406.0
2021-11-09,25.4592,25.752959999999998,24.87168,24.9696,573133.0
2021-11-10,24.9696,25.067520000000002,24.57792,24.87168,728857.0
2021-11-11,24.77376,25.263360000000002,24.48,24.9696,658296.0
2021-11-12,24.9696,28.69056,24.77376,28.69056,3297409.0
2021-11-15,28.886400000000002,31.62816,28.886400000000002,30.061439999999997,1387890.0
2021-11-16,30.061439999999997,30.3552,28.49472,29.278080000000003,979602.0
2021-11-17,29.278080000000003,29.376,28.3968,29.082240000000002,1164299.0
2021-11-18,28.78848,29.865599999999997,28.78848,29.18016,834183.0
2021-11-19,29.376,29.376,26.53632,27.515520000000002,1427499.0
2021-11-22,27.515520000000002,27.809279999999998,25.65504,26.14464,949676.0
2021-11-23,25.9488,27.71136,25.4592,27.12384,524140.0
2021-11-24,27.12384,27.71136,27.12384,27.31968,440330.0
2021-11-25,27.4176,29.18016,27.12384,28.59264,1028804.0
2021-11-26,29.278080000000003,29.278080000000003,28.005119999999998,28.20096,592073.0
2021-11-29,28.10304,30.15936,27.31968,29.76768,1351078.0
2021-11-30,29.76768,30.3552,28.78848,29.082240000000002,834875.0
2021-12-01,29.47392,29.47392,28.69056,28.886400000000002,401908.0
2021-12-02,28.886400000000002,28.886400000000002,27.809279999999998,28.005119999999998,672670.0
2021-12-03,28.005119999999998,28.49472,26.53632,26.928,702394.0
2021-12-06,26.830080000000002,27.31968,25.4592,26.24256,531427.0
2021-12-07,26.34048,26.928,25.85088,26.73216,391600.0
2021-12-08,26.634240000000002,27.31968,26.634240000000002,27.22176,263858.0
2021-12-09,27.31968,27.71136,26.928,27.22176,394711.0
2021-12-10,27.22176,27.4176,26.634240000000002,26.73216,486404.0
2021-12-13,27.31968,27.31968,26.634240000000002,27.02592,451727.0
2021-12-14,26.928,28.3968,26.634240000000002,27.31968,578003.0
2021-12-15,28.20096,28.20096,27.12384,27.4176,525824.0
2021-12-16,27.809279999999998,27.9072,27.02592,27.4176,407852.0
2021-12-17,27.515520000000002,27.515520000000002,27.02592,27.22176,431862.0
2021-12-20,27.12384,28.886400000000002,27.02592,28.20096,1023153.0
2021-12-21,28.20096,28.20096,27.4176,27.71136,414913.0
2021-12-22,27.9072,28.10304,27.4176,27.515520000000002,606572.0
2021-12-23,27.71136,27.71136,26.24256,26.830080000000002,906170.0
2021-12-24,26.928,27.22176,26.4384,26.830080000000002,304836.0
2021-12-27,26.73216,27.9072,26.4384,27.02592,331723.0
2021-12-28,27.02592,27.12384,26.4384,26.830080000000002,368615.0
2021-12-29,26.4384,26.928,26.4384,26.634240000000002,262760.0
2021-12-30,26.4384,26.73216,26.34048,26.73216,469777.0
2021-12-31,27.02592,27.02592,26.34048,26.4384,319738.0
2022-01-04,26.53632,27.4176,26.4384,26.928,612774.0
2022-01-05,27.31968,27.31968,26.73216,27.02592,327054.0
2022-01-06,27.02592,29.66976,27.02592,29.082240000000002,2331158.0
2022-01-07,29.082240000000002,29.376,28.10304,28.29888,659263.0
2022-01-10,28.29888,28.59264,27.71136,27.809279999999998,611549.0
2022-01-11,27.809279999999998,27.809279999999998,26.53632,26.830080000000002,907094.0
2022-01-12,26.73216,26.928,24.9696,25.9488,862310.0
2022-01-13,26.34048,26.73216,25.361279999999997,25.85088,409865.0
2022-01-14,25.9488,25.9488,25.16544,25.263360000000002,339401.0
2022-01-17,25.85088,25.85088,22.5216,23.40288,822092.0
2022-01-18,23.304959999999998,23.40288,22.032,22.032,591312.0
2022-01-19,21.5424,23.500799999999998,21.5424,23.304959999999998,295841.0
2022-01-20,23.500799999999998,24.48,23.40288,24.18624,264200.0
2022-01-21,24.18624,24.382080000000002,23.59872,24.18624,245101.0
2022-01-24,23.79456,23.79456,22.71744,23.109119999999997,282220.0
2022-01-25,23.20704,23.40288,22.61952,23.40288,215708.0
2022-01-26,23.500799999999998,23.500799999999998,23.109119999999997,23.304959999999998,136920.0
2022-01-27,23.9904,24.18624,23.20704,23.500799999999998,136165.0
2022-01-28,23.500799999999998,24.48,23.500799999999998,23.89248,250900.0
2022-02-07,23.89248,24.87168,23.89248,24.77376,182669.0
2022-02-08,24.77376,25.4592,24.77376,25.16544,248868.0
2022-02-09,25.4592,25.4592,24.77376,25.16544,183111.0
2022-02-10,25.067520000000002,25.4592,24.67584,25.263360000000002,237000.0
2022-02-11,25.361279999999997,25.4592,24.87168,25.067520000000002,186327.0
2022-02-14,25.067520000000002,25.067520000000002,24.08832,24.18624,338453.0
2022-02-15,24.382080000000002,24.382080000000002,23.9904,24.28416,317325.0
2022-02-16,24.48,24.48,23.9904,24.382080000000002,223237.0
2022-02-17,24.18624,25.263360000000002,24.18624,24.67584,258950.0
2022-02-18,24.57792,25.16544,24.382080000000002,24.87168,571820.0
2022-02-21,25.16544,26.4384,24.87168,26.24256,646402.0
2022-02-22,25.85088,26.830080000000002,25.263360000000002,26.24256,872285.0
2022-02-23,26.34048,26.73216,26.04672,26.04672,461840.0
2022-02-24,26.04672,26.4384,24.67584,25.752959999999998,923073.0
2022-02-25,25.9488,28.005119999999998,25.85088,27.02592,1558486.0
2022-02-28,27.12384,28.59264,27.02592,27.71136,1617472.0
2022-03-01,27.809279999999998,28.10304,27.02592,27.02592,1009500.0
2022-03-02,27.02592,28.3968,27.02592,27.613439999999997,938123.0
2022-03-03,27.515520000000002,28.69056,27.4176,28.49472,1541933.0
2022-03-04,28.3968,28.886400000000002,28.005119999999998,28.29888,582294.0
2022-03-07,28.3968,30.8448,27.71136,30.257279999999998,2924001.0
2022-03-08,30.64896,31.921919999999997,29.66976,30.061439999999997,2175242.0
2022-03-09,30.061439999999997,33.2928,29.66976,32.8032,2923816.0
2022-03-10,32.8032,33.58656,32.11776,32.8032,1475217.0
2022-03-11,33.096959999999996,33.096959999999996,31.62816,31.62816,1501881.0
2022-03-14,32.11776,32.11776,29.865599999999997,30.061439999999997,1876160.0
2022-03-15,30.257279999999998,30.257279999999998,28.69056,29.47392,1259488.0
2022-03-16,29.47392,30.061439999999997,28.98432,29.376,705361.0
2022-03-17,29.376,31.04064,29.376,30.061439999999997,777222.0
2022-03-18,30.15936,30.3552,29.18016,29.376,831852.0
2022-03-21,29.57184,29.57184,28.886400000000002,29.57184,615051.0
2022-03-22,29.66976,30.257279999999998,29.47392,30.061439999999997,603374.0
2022-03-23,29.76768,31.334400000000002,29.76768,30.74688,1214923.0
2022-03-24,31.04064,31.726080000000003,30.8448,31.138560000000002,967500.0
2022-03-25,31.530240000000003,31.824,30.3552,30.74688,835121.0
2022-03-28,30.74688,31.138560000000002,29.18016,30.45312,1306000.0
2022-03-29,30.45312,32.70528,30.257279999999998,32.21568,1680518.0
2022-03-30,31.824,32.70528,30.3552,31.334400000000002,1261284.0
2022-03-31,31.530240000000003,32.01984,31.23648,31.62816,531507.0
2022-04-01,31.43232,31.43232,30.74688,31.334400000000002,671700.0
2022-04-04,31.43232,31.824,30.74688,30.8448,661537.0
2022-04-05,31.530240000000003,31.530240000000003,30.257279999999998,30.55104,706306.0
2022-04-06,30.3552,30.55104,29.865599999999997,30.45312,675419.0
2022-04-07,30.55104,31.04064,30.15936,30.3552,528952.0
2022-04-08,30.3552,30.3552,29.18016,29.57184,745169.0
2022-04-12,29.57184,29.96352,27.809279999999998,28.3968,927765.0
2022-04-13,28.49472,28.98432,28.005119999999998,28.69056,574715.0
2022-04-14,29.082240000000002,29.082240000000002,28.49472,28.78848,202910.0
2022-04-15,29.865599999999997,29.865599999999997,28.29888,28.49472,466931.0
2022-04-18,28.3968,28.3968,26.14464,27.12384,843982.0
2022-04-19,27.02592,27.809279999999998,26.830080000000002,26.928,586921.0
2022-04-20,27.02592,27.31968,26.04672,26.4384,722708.0
2022-04-21,25.4592,27.22176,25.4592,26.73216,585400.0
2022-04-22,26.73216,27.515520000000002,25.9488,26.73216,760301.0
2022-04-25,26.73216,27.12384,23.500799999999998,24.48,629072.0
2022-04-26,25.752959999999998,25.752959999999998,23.20704,24.9696,475520.0
2022-04-27,24.77376,24.9696,24.28416,24.67584,281820.0
2022-04-28,25.4592,26.34048,24.67584,25.65504,294125.0
2022-04-29,26.928,27.809279999999998,25.557119999999998,26.14464,218600.0
2022-05-04,26.34048,26.34048,25.361279999999997,25.65504,391608.0
2022-05-05,25.752959999999998,26.24256,24.87168,25.16544,254024.0
2022-05-06,24.9696,24.9696,23.59872,23.9904,375904.0
2022-05-09,23.59872,23.9904,20.85696,21.052799999999998,724812.0
2022-05-10,20.85696,22.032,20.26944,21.93408,621219.0
2022-05-11,21.93408,22.42368,21.5424,22.32576,310000.0
2022-05-12,22.32576,22.42368,20.563200000000002,21.052799999999998,310700.0
2022-05-13,20.759040000000002,21.44448,18.311040000000002,18.800639999999998,962693.0
2022-05-16,17.6256,20.759040000000002,17.6256,19.29024,386395.0
2022-05-17,19.584,21.83616,19.19232,21.5424,298031.0
2022-05-18,22.12992,22.12992,20.563200000000002,20.759040000000002,215435.0
2022-05-19,20.759040000000002,20.759040000000002,18.40896,20.0736,429148.0
2022-05-20,20.26944,20.85696,20.0736,20.563200000000002,282723.0
2022-05-23,20.66112,20.95488,20.17152,20.563200000000002,270870.0
2022-05-24,20.66112,20.85696,19.77984,20.46528,154915.0
2022-05-25,20.563200000000002,23.011200000000002,20.36736,22.22784,642429.0
2022-05-26,22.32576,22.5216,21.5424,21.83616,252439.0
2022-05-27,21.83616,22.032,21.15072,21.64032,289102.0
2022-05-30,21.64032,22.815360000000002,21.34656,22.32576,623810.0
2022-05-31,22.32576,22.5216,21.93408,22.12992,275600.0
2022-06-01,22.12992,22.12992,21.34656,21.83616,213725.0
2022-06-02,21.44448,21.83616,20.66112,20.759040000000002,528200.0
2022-06-03,21.052799999999998,21.052799999999998,20.46528,20.85696,404520.0
2022-06-06,20.563200000000002,21.15072,20.563200000000002,20.66112,182872.0
2022-06-07,20.563200000000002,20.759040000000002,19.97568,20.563200000000002,331400.0
2022-06-08,20.66112,21.34656,20.66112,21.052799999999998,280400.0
2022-06-09,21.052799999999998,21.34656,20.85696,21.15072,204800.0
2022-06-10,20.85696,21.15072,20.563200000000002,20.66112,269618.0
2022-06-13,20.66112,20.66112,19.0944,19.29024,486870.0
2022-06-14,19.48608,19.584,18.89856,18.99648,420866.0
2022-06-15,19.19232,19.681919999999998,18.1152,18.800639999999998,296625.0
2022-06-16,19.0944,19.48608,18.89856,19.0944,216100.0
2022-06-17,18.800639999999998,18.800639999999998,17.6256,18.1152,299625.0
2022-06-20,18.6048,18.702720000000003,16.94016,17.136,218550.0
2022-06-21,17.33184,17.429759999999998,15.667200000000001,17.03808,365311.0
2022-06-22,17.233919999999998,17.82144,16.6464,17.03808,194200.0
2022-06-23,16.94016,17.52768,16.94016,17.52768,149500.0
2022-06-24,17.429759999999998,17.91936,17.33184,17.52768,287516.0
2022-06-27,17.82144,18.99648,17.6256,18.6048,332824.0
2022-06-28,18.6048,18.6048,18.311040000000002,18.6048,181707.0
2022-06-29,18.6048,19.19232,18.1152,18.800639999999998,350935.0
2022-06-30,18.89856,18.89856,17.82144,18.1152,249947.0
2022-07-01,17.72352,18.01728,17.429759999999998,17.82144,193600.0
2022-07-04,17.91936,18.21312,17.6256,17.91936,78600.0
2022-07-05,17.91936,17.91936,17.233919999999998,17.429759999999998,167630.0
2022-07-06,17.233919999999998,17.233919999999998,16.6464,16.74432,254930.0
2022-07-07,16.94016,17.03808,16.548479999999998,16.94016,126700.0
2022-07-08,16.94016,17.136,16.84224,16.94016,162470.0
2022-07-11,17.03808,17.91936,17.03808,17.52768,412347.0
2022-07-12,17.52768,18.1152,17.52768,18.01728,195703.0
2022-07-13,17.91936,18.1152,17.6256,17.82144,246149.0
2022-07-14,17.82144,20.0736,17.72352,19.38816,805719.0
2022-07-15,19.19232,19.97568,18.89856,19.0944,352300.0
2022-07-18,19.29024,19.681919999999998,18.99648,19.29024,258509.0
2022-07-19,19.0944,19.19232,18.311040000000002,18.99648,381827.0
2022-07-20,19.19232,19.48608,18.89856,19.19232,171200.0
2022-07-21,19.19232,19.48608,19.0944,19.19232,242119.0
2022-07-22,19.29024,19.38816,18.99648,19.0944,134905.0
2022-07-25,18.89856,18.99648,18.311040000000002,18.6048,183800.0
2022-07-26,18.6048,18.702720000000003,18.311040000000002,18.40896,143100.0
2022-07-27,18.311040000000002,18.89856,18.21312,18.800639999999998,119318.0
2022-07-28,18.89856,19.19232,18.800639999999998,19.0944,273707.0
2022-07-29,19.0944,19.29024,18.800639999999998,19.0944,107782.0
2022-08-01,19.19232,20.0736,19.0944,19.584,302319.0
2022-08-02,19.584,19.97568,19.584,19.87776,306018.0
2022-08-03,19.77984,20.85696,19.48608,20.563200000000002,567948.0
2022-08-04,20.759040000000002,20.85696,20.17152,20.17152,275400.0
2022-08-05,20.0736,20.26944,19.87776,20.0736,292500.0
2022-08-08,19.97568,20.26944,19.77984,20.0736,226900.0
2022-08-09,20.26944,20.46528,19.77984,20.17152,301900.0
2022-08-10,20.0736,20.26944,19.87776,20.0736,144000.0
2022-08-11,20.26944,20.563200000000002,19.87776,20.0736,469400.0
2022-08-12,19.87776,20.17152,19.87776,20.0736,160700.0
2022-08-15,20.0736,20.17152,19.97568,20.17152,206103.0
2022-08-16,20.0736,21.34656,19.97568,20.46528,398610.0
2022-08-17,20.759040000000002,20.759040000000002,20.0736,20.17152,216900.0
2022-08-18,19.87776,20.26944,19.77984,19.77984,179220.0
2022-08-19,19.77984,20.0736,19.584,19.584,193000.0
2022-08-22,19.681919999999998,19.681919999999998,19.0944,19.29024,241048.0
2022-08-23,19.0944,19.584,18.800639999999998,19.584,114200.0
2022-08-24,19.87776,19.87776,19.38816,19.681919999999998,124520.0
2022-08-25,19.681919999999998,19.87776,19.48608,19.681919999999998,194400.0
2022-08-26,19.97568,19.97568,19.38816,19.48608,147800.0
2022-08-29,19.48608,19.48608,18.6048,18.89856,290501.0
2022-08-30,18.89856,19.29024,18.800639999999998,19.0944,147700.0
2022-08-31,19.0944,19.0944,18.89856,19.0944,104837.0
2022-09-05,18.99648,19.38816,18.99648,19.0944,108200.0
2022-09-06,19.19232,19.19232,18.99648,18.99648,77100.0
2022-09-07,18.89856,19.0944,18.506880000000002,18.506880000000002,235800.0
2022-09-08,18.1152,18.702720000000003,18.1152,18.1152,186122.0
2022-09-09,18.311040000000002,18.506880000000002,17.91936,18.40896,92200.0
2022-09-12,18.40896,19.19232,18.40896,18.99648,194235.0
2022-09-13,19.19232,19.97568,19.19232,19.29024,328486.0
2022-09-14,19.19232,19.48608,18.89856,19.48608,178037.0
2022-09-15,19.38816,19.681919999999998,19.0944,19.29024,119688.0
2022-09-16,19.29024,19.29024,18.6048,18.6048,182027.0
2022-09-19,18.6048,18.89856,17.91936,18.311040000000002,168352.0
2022-09-20,18.6048,18.6048,18.1152,18.6048,105093.0
2022-09-21,18.6048,18.89856,18.40896,18.6048,93000.0
2022-09-22,18.311040000000002,18.702720000000003,18.311040000000002,18.702720000000003,70604.0
2022-09-23,18.800639999999998,18.99648,18.40896,18.702720000000003,129455.0
2022-09-26,18.506880000000002,18.506880000000002,17.136,17.91936,302226.0
2022-09-27,17.82144,17.91936,17.233919999999998,17.72352,132727.0
2022-09-28,18.21312,18.21312,17.136,17.429759999999998,124705.0
2022-09-29,18.01728,18.01728,17.136,17.233919999999998,96502.0
2022-09-30,17.233919999999998,17.33184,16.548479999999998,17.33184,260095.0
2022-10-03,17.33184,17.33184,16.05888,16.6464,108115.0
2022-10-04,16.6464,17.03808,16.1568,16.450560000000003,101351.0
2022-10-05,16.94016,16.94016,16.35264,16.74432,144648.0
2022-10-06,16.6464,16.6464,15.667200000000001,15.863040000000002,121429.0
2022-10-07,15.863040000000002,15.960959999999998,14.688,14.98176,224775.0
2022-10-10,15.27552,15.27552,14.1984,15.1776,267700.0
2022-10-11,15.1776,15.1776,12.82752,13.2192,175180.0
2022-10-12,13.7088,14.1984,13.7088,14.002559999999999,438600.0
2022-10-13,14.002559999999999,14.10048,13.7088,14.002559999999999,182665.0
2022-10-14,14.002559999999999,14.49216,14.002559999999999,14.1984,163689.0
2022-10-17,14.10048,14.10048,13.7088,14.002559999999999,205275.0
2022-10-18,14.002559999999999,14.78592,14.002559999999999,14.49216,226561.0
2022-10-19,14.78592,14.78592,14.10048,14.39424,141200.0
2022-10-20,14.29632,14.39424,14.002559999999999,14.1984,49720.0
2022-10-21,14.39424,14.39424,12.92544,13.415040000000001,268350.0
2022-10-24,13.415040000000001,13.51296,12.24,12.24,168581.0
2022-10-25,12.533760000000001,12.92544,12.14208,12.533760000000001,138906.0
2022-10-26,12.7296,12.7296,11.94624,12.14208,99116.0
2022-10-27,12.24,12.92544,12.24,12.7296,125610.0
2022-10-28,12.7296,13.415040000000001,12.7296,13.12128,170800.0
2022-10-31,13.12128,13.12128,12.631680000000001,12.82752,119300.0
2022-11-01,12.7296,13.2192,12.7296,12.92544,75101.0
2022-11-02,12.92544,13.12128,12.82752,12.92544,90500.0
2022-11-03,12.92544,13.02336,12.533760000000001,12.7296,91600.0
2022-11-04,12.7296,12.7296,12.04416,12.43584,135900.0
2022-11-07,12.533760000000001,12.533760000000001,11.45664,11.652479999999999,76140.0
2022-11-08,11.2608,11.652479999999999,11.2608,11.35872,75273.0
2022-11-09,11.35872,11.750399999999999,11.2608,11.554559999999999,80910.0
2022-11-10,11.45664,11.45664,9.792,9.98784,264407.0
2022-11-11,10.379520000000001,10.379520000000001,9.3024,9.59616,122250.0
2022-11-14,8.8128,9.98784,8.51904,8.714879999999999,459820.0
2022-11-15,8.8128,9.00864,7.833600000000001,8.02944,418000.0
2022-11-16,7.63776,9.3024,7.344,9.00864,420160.0
2022-11-17,9.00864,9.400319999999999,8.91072,9.400319999999999,198950.0
2022-11-18,9.49824,9.98784,9.00864,9.792,214645.0
2022-11-21,9.400319999999999,10.379520000000001,9.400319999999999,10.281600000000001,283900.0
2022-11-22,10.281600000000001,11.06496,10.281600000000001,10.379520000000001,276275.0
2022-11-23,10.7712,10.7712,9.792,10.18368,114701.0
2022-11-24,9.88992,10.08576,9.69408,10.08576,109300.0
2022-11-25,9.792,10.47744,9.792,10.379520000000001,86900.0
2022-11-28,10.96704,11.16288,10.67328,10.96704,179500.0
2022-11-29,11.16288,11.45664,10.86912,11.16288,209526.0
2022-11-30,11.16288,11.16288,10.7712,10.96704,217350.0
2022-12-01,11.16288,11.652479999999999,10.7712,11.06496,234605.0
2022-12-02,11.06496,11.554559999999999,10.7712,11.554559999999999,195200.0
2022-12-05,11.652479999999999,11.750399999999999,11.45664,11.554559999999999,202160.0
2022-12-06,11.554559999999999,11.554559999999999,10.86912,10.86912,232041.0
2022-12-07,10.7712,11.06496,10.379520000000001,10.47744,248201.0
2022-12-08,10.67328,11.06496,10.57536,10.96704,202790.0
2022-12-09,11.2608,11.2608,10.86912,10.96704,113260.0
2022-12-12,10.96704,11.16288,10.57536,10.67328,176281.0
2022-12-13,10.86912,10.86912,10.379520000000001,10.7712,172850.0
2022-12-14,10.86912,11.554559999999999,10.57536,11.554559999999999,553511.0
2022-12-15,11.2608,11.94624,11.2608,11.750399999999999,563246.0
2022-12-16,11.750399999999999,12.92544,11.45664,12.43584,689924.0
2022-12-19,12.43584,12.533760000000001,11.94624,11.94624,274530.0
2022-12-20,12.04416,12.04416,10.7712,11.16288,390635.0
2022-12-21,11.35872,11.554559999999999,10.57536,10.96704,212606.0
2022-12-22,11.06496,11.16288,10.67328,11.16288,135230.0
2022-12-23,10.96704,11.35872,10.7712,11.06496,87932.0
2022-12-26,11.06496,11.06496,10.18368,10.379520000000001,290668.0
2022-12-27,10.281600000000001,10.86912,10.281600000000001,10.7712,106119.0
2022-12-28,10.7712,10.96704,10.67328,10.96704,80300.0
2022-12-29,10.7712,10.86912,10.67328,10.67328,118932.0
2022-12-30,10.7712,10.7712,10.57536,10.67328,53520.0
2023-01-03,10.57536,11.16288,10.57536,11.06496,142801.0
2023-01-04,11.2608,11.554559999999999,10.96704,11.16288,153825.0
2023-01-05,11.2608,11.2608,10.96704,11.06496,121606.0
2023-01-06,11.06496,11.16288,10.96704,11.16288,142410.0
2023-01-09,11.16288,11.35872,11.16288,11.35872,128906.0
2023-01-10,11.35872,12.14208,11.35872,11.84832,372826.0
2023-01-11,12.14208,12.14208,11.750399999999999,11.84832,100015.0
2023-01-12,11.94624,11.94624,11.45664,11.652479999999999,92663.0
2023-01-13,11.750399999999999,11.750399999999999,11.45664,11.652479999999999,128135.0
2023-01-16,11.750399999999999,11.750399999999999,11.06496,11.35872,192451.0
2023-01-17,11.2608,11.750399999999999,11.2608,11.652479999999999,154697.0
2023-01-18,11.554559999999999,11.94624,11.554559999999999,11.94624,203980.0
2023-01-19,12.14208,12.14208,11.652479999999999,11.750399999999999,203704.0
2023-01-27,11.94624,12.533760000000001,11.84832,12.14208,320203.0
2023-01-30,12.04416,12.7296,11.94624,12.533760000000001,403348.0
2023-01-31,12.533760000000001,12.533760000000001,11.750399999999999,12.33792,363079.0
2023-02-01,12.33792,12.33792,11.35872,11.45664,385481.0
2023-02-02,11.554559999999999,11.750399999999999,11.06496,11.45664,300380.0
2023-02-03,11.45664,11.652479999999999,11.06496,11.35872,118500.0
2023-02-06,11.2608,11.45664,11.06496,11.45664,128567.0
2023-02-07,11.2608,11.45664,10.86912,10.96704,140613.0
2023-02-08,10.96704,11.16288,10.86912,11.16288,90001.0
2023-02-09,10.86912,11.2608,10.86912,10.96704,93102.0
2023-02-10,11.06496,11.06496,10.7712,10.96704,110702.0
2023-02-13,10.96704,10.96704,10.57536,10.7712,152653.0
2023-02-14,10.7712,10.96704,10.67328,10.86912,51900.0
2023-02-15,10.7712,11.06496,10.7712,10.96704,103487.0
2023-02-16,11.16288,11.16288,10.96704,11.06496,57101.0
2023-02-17,11.06496,11.2608,10.7712,11.2608,106000.0
2023-02-20,11.06496,11.45664,11.06496,11.45664,103500.0
2023-02-21,11.554559999999999,11.554559999999999,11.2608,11.35872,169762.0
2023-02-22,11.35872,11.35872,10.96704,10.96704,152400.0
2023-02-23,10.96704,11.16288,10.86912,11.06496,91600.0
2023-02-24,10.96704,11.16288,10.7712,10.86912,95735.0
2023-02-27,10.7712,10.86912,10.47744,10.57536,142380.0
2023-02-28,10.67328,10.7712,10.47744,10.57536,85500.0
2023-03-01,10.7712,11.06496,10.57536,10.96704,150300.0
2023-03-02,10.86912,11.16288,10.86912,10.96704,43101.0
2023-03-03,11.16288,11.2608,10.7712,10.7712,129005.0
2023-03-06,10.96704,11.06496,10.7712,10.86912,66758.0
2023-03-07,10.96704,10.96704,10.57536,10.86912,94403.0
2023-03-08,10.86912,11.2608,10.7712,10.96704,68400.0
2023-03-09,10.96704,11.06496,10.86912,10.86912,60050.0
2023-03-10,10.7712,10.86912,10.67328,10.7712,109001.0
2023-03-13,10.7712,10.7712,10.57536,10.67328,146305.0
2023-03-14,10.67328,10.67328,10.47744,10.67328,132200.0
2023-03-15,10.7712,10.7712,10.57536,10.67328,151001.0
2023-03-16,10.67328,10.67328,10.47744,10.47744,49401.0
2023-03-17,10.47744,10.67328,10.379520000000001,10.379520000000001,113120.0
2023-03-20,10.47744,10.47744,10.08576,10.379520000000001,216703.0
2023-03-21,10.281600000000001,10.281600000000001,10.08576,10.18368,161515.0
2023-03-22,10.18368,10.281600000000001,9.88992,9.98784,136000.0
2023-03-23,9.98784,9.98784,9.59616,9.98784,190200.0
2023-03-24,9.98784,9.98784,9.88992,9.88992,78900.0
2023-03-27,9.88992,9.98784,9.59616,9.792,129852.0
2023-03-28,9.88992,9.98784,9.792,9.792,133804.0
2023-03-29,9.88992,10.47744,9.88992,10.281600000000001,218002.0
2023-03-30,10.281600000000001,10.47744,10.18368,10.379520000000001,186926.0
2023-03-31,10.379520000000001,10.379520000000001,9.98784,10.08576,149700.0
2023-04-03,10.18368,10.379520000000001,10.08576,10.281600000000001,131110.0
2023-04-04,10.281600000000001,10.47744,10.18368,10.379520000000001,203210.0
2023-04-05,10.379520000000001,10.67328,10.281600000000001,10.57536,204110.0
2023-04-06,10.57536,10.7712,10.47744,10.47744,257485.0
2023-04-07,10.47744,10.47744,10.281600000000001,10.379520000000001,92951.0
2023-04-10,10.281600000000001,10.67328,10.281600000000001,10.47744,382100.0
2023-04-11,10.379520000000001,10.57536,10.379520000000001,10.47744,100773.0
2023-04-12,10.379520000000001,10.57536,10.379520000000001,10.379520000000001,215194.0
2023-04-13,10.47744,10.57536,10.281600000000001,10.379520000000001,85009.0
2023-04-14,10.379520000000001,10.47744,10.18368,10.281600000000001,247400.0
2023-04-17,10.281600000000001,10.281600000000001,9.98784,9.98784,174685.0
2023-04-18,10.281600000000001,10.379520000000001,10.08576,10.379520000000001,77168.0
2023-04-19,10.47744,11.750399999999999,10.47744,11.750399999999999,1129837.0
2023-04-20,13.02336,13.02336,12.43584,13.02336,518687.0
2023-04-21,14.1984,14.88384,13.12128,13.51296,2081443.0
2023-04-24,13.51296,13.7088,12.7296,12.7296,502357.0
2023-04-25,12.92544,14.88384,12.7296,14.39424,1361365.0
2023-04-26,14.29632,15.667200000000001,14.29632,15.37344,673996.0
2023-04-27,15.27552,15.667200000000001,14.39424,14.49216,510805.0
2023-04-28,14.59008,14.59008,13.61088,13.904639999999999,914355.0
2023-05-04,13.904639999999999,14.78592,13.317120000000001,14.10048,256808.0
2023-05-05,14.10048,14.78592,13.806719999999999,14.29632,358533.0
2023-05-08,14.59008,14.78592,14.10048,14.1984,385653.0
2023-05-09,14.10048,14.39424,14.002559999999999,14.10048,432579.0
2023-05-10,14.10048,14.59008,13.904639999999999,14.1984,469512.0
2023-05-11,14.1984,14.39424,13.806719999999999,13.806719999999999,609408.0
2023-05-12,14.002559999999999,15.07968,13.7088,14.88384,1205477.0
2023-05-15,15.07968,15.47136,14.59008,14.59008,712869.0
2023-05-16,14.78592,14.78592,14.1984,14.39424,435455.0
2023-05-17,14.29632,14.59008,14.10048,14.29632,411850.0
2023-05-18,14.29632,14.49216,14.10048,14.39424,285220.0
2023-05-19,14.39424,15.1776,14.29632,14.688,587928.0
2023-05-22,14.78592,15.47136,14.78592,15.27552,694605.0
2023-05-23,15.1776,15.47136,14.88384,14.98176,314649.0
2023-05-24,15.07968,15.07968,14.59008,14.688,390804.0
2023-05-25,14.688,15.1776,14.59008,15.1776,342786.0
2023-05-26,15.47136,17.03808,15.27552,17.03808,1731375.0
2023-05-29,17.52768,18.1152,16.6464,16.74432,468257.0
2023-05-30,16.6464,17.03808,16.35264,16.548479999999998,703488.0
2023-05-31,16.6464,17.6256,16.548479999999998,16.94016,701479.0
2023-06-01,16.94016,17.33184,16.6464,16.94016,413050.0
2023-06-02,16.94016,16.94016,16.548479999999998,16.84224,384059.0
2023-06-05,16.94016,17.136,16.74432,17.03808,361217.0
2023-06-06,16.94016,18.1152,16.94016,17.6256,895605.0
2023-06-07,17.82144,17.82144,17.33184,17.429759999999998,275292.0
2023-06-08,17.52768,17.82144,16.94016,17.03808,538720.0
2023-06-09,17.136,17.233919999999998,16.84224,17.136,245672.0
2023-06-12,17.429759999999998,17.429759999999998,16.74432,17.03808,227857.0
2023-06-13,17.03808,17.33184,16.94016,17.03808,283463.0
2023-06-14,17.136,17.233919999999998,16.450560000000003,16.6464,479083.0
2023-06-15,16.6464,17.03808,16.548479999999998,16.94016,170400.0
2023-06-16,16.94016,17.136,16.450560000000003,16.84224,314316.0
2023-06-19,16.94016,16.94016,16.05888,16.05888,372521.0
2023-06-20,16.25472,16.35264,15.765120000000001,16.25472,304800.0
2023-06-21,16.25472,16.548479999999998,16.05888,16.548479999999998,172206.0
2023-06-22,16.450560000000003,17.03808,16.450560000000003,16.94016,489735.0
2023-06-23,17.03808,17.03808,16.548479999999998,16.6464,205482.0
2023-06-26,16.74432,16.84224,16.05888,16.450560000000003,243200.0
2023-06-27,16.450560000000003,16.6464,16.35264,16.548479999999998,216783.0
2023-06-28,16.548479999999998,17.52768,16.548479999999998,17.136,807164.0
2023-06-29,17.33184,17.429759999999998,16.6464,16.84224,261600.0
2023-06-30,16.84224,16.84224,16.1568,16.35264,471846.0
2023-07-03,16.74432,16.74432,16.05888,16.35264,247110.0
2023-07-04,16.25472,16.6464,16.25472,16.548479999999998,135559.0
2023-07-05,16.548479999999998,16.74432,16.25472,16.25472,264100.0
2023-07-06,16.548479999999998,16.548479999999998,16.1568,16.35264,271332.0
2023-07-07,16.1568,16.35264,16.05888,16.35264,204412.0
2023-07-10,16.35264,16.74432,16.35264,16.548479999999998,293630.0
2023-07-11,17.52768,17.52768,16.74432,17.03808,676301.0
2023-07-12,17.52768,17.52768,14.59008,16.84224,264700.0
2023-07-13,16.74432,17.136,16.6464,16.94016,312240.0
2023-07-14,16.94016,16.94016,16.548479999999998,16.74432,409870.0
2023-07-17,16.74432,16.74432,16.450560000000003,16.450560000000003,380810.0
2023-07-18,16.450560000000003,16.6464,16.35264,16.548479999999998,188437.0
2023-07-19,16.450560000000003,16.6464,16.450560000000003,16.450560000000003,187500.0
2023-07-20,16.450560000000003,16.548479999999998,16.25472,16.450560000000003,283515.0
2023-07-21,16.450560000000003,17.429759999999998,16.450560000000003,16.94016,744132.0
2023-07-24,17.03808,17.91936,16.94016,17.72352,1091938.0
2023-07-25,17.91936,17.91936,17.136,17.233919999999998,495723.0
2023-07-26,17.429759999999998,17.429759999999998,17.03808,17.136,285600.0
2023-07-27,17.136,17.233919999999998,16.84224,16.94016,463898.0
2023-07-28,17.03808,17.233919999999998,16.94016,17.233919999999998,205607.0
2023-07-31,17.233919999999998,17.233919999999998,16.25472,16.548479999999998,1399655.0
2023-08-01,16.6464,16.6464,16.35264,16.450560000000003,508655.0
2023-08-02,16.35264,16.450560000000003,16.25472,16.450560000000003,327152.0
2023-08-03,16.450560000000003,16.548479999999998,16.1568,16.25472,372560.0
2023-08-04,16.25472,16.450560000000003,16.05888,16.35264,487288.0
2023-08-07,16.25472,16.450560000000003,16.25472,16.450560000000003,141484.0
2023-08-08,16.450560000000003,16.6464,16.35264,16.548479999999998,351460.0
2023-08-09,16.548479999999998,16.548479999999998,16.35264,16.548479999999998,278094.0
2023-08-10,16.548479999999998,17.429759999999998,16.548479999999998,16.94016,1009047.0
2023-08-11,17.03808,17.233919999999998,16.450560000000003,16.84224,343122.0
2023-08-14,16.6464,17.03808,16.548479999999998,16.74432,322449.0
2023-08-15,16.6464,16.74432,16.548479999999998,16.74432,216000.0
2023-08-16,16.6464,16.6464,16.35264,16.450560000000003,303479.0
2023-08-17,16.450560000000003,16.6464,16.35264,16.450560000000003,332224.0
2023-08-18,16.548479999999998,16.548479999999998,14.98176,15.1776,620156.0
2023-08-21,15.47136,15.569280000000001,14.688,15.37344,240500.0
2023-08-22,15.27552,15.37344,14.49216,14.88384,285100.0
2023-08-23,15.07968,15.37344,14.88384,15.07968,133741.0
2023-08-24,14.98176,15.27552,14.98176,15.1776,129210.0
2023-08-25,15.27552,15.37344,15.07968,15.27552,159312.0
2023-08-28,15.27552,15.27552,15.07968,15.27552,120765.0
2023-08-29,15.47136,15.667200000000001,15.07968,15.1776,135433.0
2023-08-30,15.27552,15.37344,15.1776,15.1776,151353.0
2023-08-31,15.27552,15.765120000000001,15.27552,15.765120000000001,183931.0
2023-09-05,15.765120000000001,16.1568,15.569280000000001,16.05888,220302.0
2023-09-06,15.960959999999998,16.05888,15.667200000000001,15.863040000000002,139930.0
2023-09-07,16.05888,16.05888,15.569280000000001,15.765120000000001,239856.0
2023-09-08,15.960959999999998,16.1568,15.667200000000001,16.1568,373234.0
2023-09-11,16.6464,18.1152,16.35264,17.52768,1803707.0
2023-09-12,17.52768,17.72352,16.94016,17.429759999999998,453263.0
2023-09-13,17.52768,18.1152,17.233919999999998,17.6256,880119.0
2023-09-14,17.6256,19.19232,17.6256,18.6048,1666914.0
2023-09-15,18.6048,18.800639999999998,18.01728,18.1152,525503.0
2023-09-18,18.01728,18.1152,17.33184,17.6256,643288.0
2023-09-19,17.6256,17.72352,16.1568,16.94016,747790.0
2023-09-20,16.94016,17.429759999999998,16.94016,17.33184,293066.0
2023-09-21,17.6256,18.311040000000002,17.429759999999998,18.21312,953556.0
2023-09-22,18.01728,19.19232,17.6256,18.506880000000002,1485867.0
2023-09-25,18.6048,20.66112,18.40896,19.0944,1947535.0
2023-09-26,19.19232,19.681919999999998,17.91936,18.1152,764495.0
2023-09-27,16.74432,18.40896,16.74432,17.6256,818861.0
2023-09-28,17.91936,18.01728,17.233919999999998,17.82144,401497.0
2023-09-29,18.01728,18.506880000000002,17.72352,17.91936,580428.0
2023-10-02,18.01728,18.311040000000002,17.72352,17.91936,458596.0
2023-10-03,17.91936,17.91936,16.25472,16.74432,838831.0
2023-10-04,16.74432,17.429759999999998,16.25472,17.03808,349452.0
2023-10-05,17.33184,17.33184,16.84224,16.94016,233236.0
2023-10-06,17.03808,17.03808,16.35264,16.94016,343000.0
2023-10-09,16.6464,17.233919999999998,16.6464,16.94016,429580.0
2023-10-10,17.136,17.33184,16.94016,17.233919999999998,301142.0
2023-10-11,17.233919999999998,17.33184,16.74432,17.136,232017.0
2023-10-12,17.136,17.136,16.74432,17.03808,397053.0
2023-10-13,17.03808,17.03808,16.450560000000003,16.94016,297783.0
2023-10-16,16.94016,17.03808,16.548479999999998,16.74432,251347.0
2023-10-17,16.6464,16.94016,16.1568,16.35264,268166.0
2023-10-18,16.548479999999998,16.548479999999998,15.1776,15.765120000000001,614124.0
2023-10-19,15.765120000000001,15.863040000000002,14.88384,15.07968,223168.0
2023-10-20,15.07968,16.05888,14.88384,15.863040000000002,244214.0
2023-10-23,16.05888,16.05888,15.47136,15.765120000000001,97769.0
2023-10-24,15.667200000000001,15.863040000000002,15.569280000000001,15.667200000000001,52466.0
2023-10-25,15.863040000000002,15.863040000000002,15.47136,15.569280000000001,79472.0
2023-10-26,15.37344,15.569280000000001,14.10048,14.49216,417918.0
2023-10-27,14.59008,14.688,14.10048,14.688,140344.0
2023-10-30,14.688,14.688,13.7088,14.29632,170125.0
2023-10-31,13.904639999999999,14.002559999999999,12.533760000000001,13.2192,325793.0
2023-11-01,14.002559999999999,14.688,13.2192,13.61088,200909.0
2023-11-02,14.002559999999999,14.29632,13.61088,14.1984,144172.0
2023-11-03,14.29632,14.29632,13.806719999999999,14.002559999999999,113564.0
2023-11-06,14.1984,14.1984,13.806719999999999,14.002559999999999,98210.0
2023-11-07,14.002559999999999,14.59008,14.002559999999999,14.10048,177568.0
2023-11-08,14.29632,14.88384,14.10048,14.78592,229656.0
2023-11-09,14.98176,15.07968,14.688,14.88384,237765.0
2023-11-10,14.688,14.88384,14.39424,14.59008,212157.0
2023-11-13,14.688,14.78592,14.39424,14.49216,134896.0
2023-11-14,14.59008,14.78592,14.49216,14.688,173930.0
2023-11-15,14.688,15.47136,14.688,15.07968,263830.0
2023-11-16,15.1776,15.1776,14.78592,15.1776,132870.0
2023-11-17,15.07968,15.27552,14.002559999999999,14.39424,320526.0
2023-11-20,14.1984,14.49216,14.10048,14.29632,205107.0
2023-11-21,14.78592,14.88384,13.904639999999999,14.49216,151566.0
2023-11-22,14.49216,14.59008,14.29632,14.49216,95231.0
2023-11-23,14.688,14.688,14.1984,14.1984,168611.0
2023-11-24,14.1984,14.29632,13.904639999999999,14.1984,149276.0
2023-11-27,14.49216,14.49216,13.806719999999999,13.904639999999999,83843.0
2023-11-28,14.002559999999999,14.002559999999999,13.7088,14.002559999999999,137221.0
2023-11-29,14.002559999999999,14.1984,13.806719999999999,14.10048,90650.0
2023-11-30,14.29632,14.29632,13.904639999999999,14.002559999999999,82676.0
2023-12-01,14.10048,14.1984,13.904639999999999,14.1984,70816.0
2023-12-04,14.1984,14.49216,14.10048,14.39424,146609.0
2023-12-05,14.59008,14.78592,14.39424,14.39424,118963.0
2023-12-06,14.59008,14.59008,14.39424,14.59008,140984.0
2023-12-07,14.78592,15.07968,14.49216,14.78592,442070.0
2023-12-08,14.98176,15.07968,14.688,14.88384,242197.0
2023-12-11,15.1776,15.1776,14.688,14.78592,138282.0
2023-12-12,14.78592,14.88384,14.49216,14.78592,144139.0
2023-12-13,14.688,14.688,14.1984,14.29632,124283.0
2023-12-14,14.39424,14.59008,14.1984,14.1984,195715.0
2023-12-15,14.1984,14.39424,14.10048,14.1984,118654.0
2023-12-18,14.39424,14.39424,12.24,13.7088,121025.0
2023-12-19,14.1984,14.1984,13.806719999999999,13.904639999999999,60803.0
2023-12-20,14.1984,14.29632,13.904639999999999,14.002559999999999,43944.0
2023-12-21,13.904639999999999,14.1984,13.904639999999999,13.904639999999999,39850.0
2023-12-22,14.10048,14.29632,13.806719999999999,14.29632,117110.0
2023-12-25,14.39424,14.39424,14.002559999999999,14.1984,75155.0
2023-12-26,14.39424,14.39424,14.10048,14.1984,53404.0
2023-12-27,14.1984,14.1984,14.002559999999999,14.10048,89881.0
2023-12-28,13.904639999999999,14.1984,13.904639999999999,14.10048,66734.0
2023-12-29,14.10048,14.29632,14.10048,14.1984,87485.0
2024-01-02,14.1984,14.39424,14.002559999999999,14.10048,84778.0
2024-01-03,14.002559999999999,14.29632,14.002559999999999,14.1984,117708.0
2024-01-04,14.10048,14.49216,14.10048,14.29632,235844.0
2024-01-05,14.39424,14.39424,14.10048,14.1984,65747.0
2024-01-08,14.1984,14.29632,14.10048,14.1984,136161.0
2024-01-09,14.29632,14.29632,14.002559999999999,14.10048,61146.0
2024-01-10,14.10048,14.1984,13.904639999999999,14.002559999999999,112243.0
2024-01-11,14.002559999999999,14.10048,13.904639999999999,14.002559999999999,82277.0
2024-01-12,14.002559999999999,14.10048,13.7088,13.904639999999999,189022.0
2024-01-15,14.1984,14.1984,13.7088,13.7088,59916.0
2024-01-16,13.806719999999999,13.904639999999999,13.51296,13.904639999999999,87935.0
2024-01-17,13.7088,13.904639999999999,13.51296,13.806719999999999,107211.0
2024-01-18,13.806719999999999,13.806719999999999,13.7088,13.7088,71831.0
2024-01-19,13.904639999999999,13.904639999999999,13.61088,13.7088,62500.0
2024-01-22,13.806719999999999,13.806719999999999,13.61088,13.7088,38309.0
2024-01-23,13.61088,13.7088,13.51296,13.61088,114250.0
2024-01-24,13.61088,13.7088,13.415040000000001,13.51296,127640.0
2024-01-25,13.415040000000001,13.51296,13.317120000000001,13.415040000000001,79509.0
2024-01-26,13.61088,13.7088,13.415040000000001,13.415040000000001,65830.0
2024-01-29,13.51296,13.61088,13.415040000000001,13.415040000000001,51410.0
2024-01-30,13.61088,13.61088,13.51296,13.51296,76085.0
2024-01-31,13.415040000000001,13.51296,13.317120000000001,13.51296,99711.0
2024-02-01,13.415040000000001,13.51296,13.415040000000001,13.51296,64250.0
2024-02-02,13.415040000000001,14.10048,13.415040000000001,13.7088,180605.0
2024-02-05,13.806719999999999,13.806719999999999,13.51296,13.61088,63620.0
2024-02-06,13.61088,13.7088,13.51296,13.61088,76864.0
2024-02-07,13.806719999999999,13.806719999999999,13.51296,13.61088,54221.0
2024-02-15,13.806719999999999,13.806719999999999,13.51296,13.7088,90786.0
2024-02-16,13.7088,13.806719999999999,13.51296,13.7088,94564.0
2024-02-19,13.61088,14.29632,13.51296,14.1984,402006.0
2024-02-20,14.29632,14.88384,14.1984,14.59008,307784.0
2024-02-21,14.59008,14.688,14.1984,14.39424,132910.0
2024-02-22,14.39424,14.39424,14.10048,14.10048,195860.0
2024-02-23,14.1984,14.29632,13.806719999999999,14.002559999999999,273301.0
2024-02-26,14.002559999999999,14.002559999999999,13.61088,13.904639999999999,128882.0
2024-02-27,14.29632,14.29632,13.806719999999999,14.002559999999999,73160.0
2024-02-28,14.1984,14.1984,13.904639999999999,14.002559999999999,80300.0
2024-02-29,13.904639999999999,14.1984,13.904639999999999,14.10048,116901.0
2024-03-01,14.10048,14.1984,13.806719999999999,14.10048,127650.0
2024-03-04,14.10048,14.1984,13.904639999999999,14.002559999999999,162500.0
2024-03-05,14.10048,15.863040000000002,14.10048,15.37344,1200223.0
2024-03-06,15.37344,15.863040000000002,15.07968,15.27552,453994.0
2024-03-07,15.27552,15.37344,14.688,15.07968,429927.0
2024-03-08,15.27552,15.27552,14.59008,14.88384,384721.0
2024-03-11,14.88384,15.47136,14.688,15.07968,426377.0
2024-03-12,15.27552,15.27552,14.98176,15.07968,169903.0
2024-03-13,15.47136,15.960959999999998,15.07968,15.569280000000001,644639.0
2024-03-14,15.960959999999998,15.960959999999998,15.37344,15.569280000000001,402723.0
2024-03-15,15.667200000000001,15.667200000000001,14.98176,15.27552,305701.0
2024-03-18,15.1776,15.1776,14.29632,14.59008,464800.0
2024-03-19,14.688,14.78592,14.29632,14.688,183150.0
2024-03-20,14.59008,14.688,14.39424,14.688,169228.0
2024-03-21,14.688,14.88384,14.49216,14.78592,139125.0
2024-03-22,14.688,15.765120000000001,14.688,15.47136,808953.0
2024-03-25,15.667200000000001,16.1568,15.37344,15.37344,430044.0
2024-03-26,13.317120000000001,15.47136,13.317120000000001,15.37344,271202.0
2024-03-27,15.37344,16.05888,15.1776,15.667200000000001,507663.0
2024-03-28,15.863040000000002,16.1568,15.667200000000001,15.863040000000002,424467.0
2024-03-29,15.863040000000002,15.960959999999998,15.47136,15.47136,340550.0
2024-04-01,15.47136,15.667200000000001,15.27552,15.47136,277696.0
2024-04-02,15.37344,15.569280000000001,15.27552,15.47136,200736.0
2024-04-03,15.47136,15.47136,15.1776,15.27552,246595.0
2024-04-04,15.27552,15.37344,14.688,14.688,321338.0
2024-04-05,14.88384,14.98176,14.688,14.688,268124.0
2024-04-08,14.98176,14.98176,14.49216,14.98176,303800.0
2024-04-09,14.98176,14.98176,14.59008,14.98176,85501.0
2024-04-10,14.88384,14.88384,14.59008,14.78592,98067.0
2024-04-11,14.49216,14.688,14.39424,14.49216,160601.0
2024-04-12,14.49216,14.59008,14.29632,14.29632,255449.0
2024-04-15,14.39424,14.39424,13.2192,13.317120000000001,597003.0
2024-04-16,13.806719999999999,13.806719999999999,13.2192,13.415040000000001,316200.0
2024-04-17,13.61088,13.904639999999999,13.317120000000001,13.415040000000001,259802.0
2024-04-19,13.51296,13.904639999999999,13.2192,13.317120000000001,271700.0
2024-04-22,13.61088,13.904639999999999,13.51296,13.51296,148143.0
2024-04-23,13.7088,13.7088,13.415040000000001,13.51296,89138.0
2024-04-24,13.51296,13.7088,13.51296,13.7088,115011.0
2024-04-25,13.7088,14.002559999999999,13.61088,13.7088,154600.0
2024-04-26,13.806719999999999,13.806719999999999,13.317120000000001,13.7088,95825.0
2024-05-02,13.51296,13.806719999999999,13.317120000000001,13.61088,82202.0
2024-05-03,13.806719999999999,13.806719999999999,13.51296,13.51296,87637.0
2024-05-06,13.61088,13.806719999999999,13.51296,13.806719999999999,102800.0
2024-05-07,13.904639999999999,14.49216,13.806719999999999,14.49216,413325.0
2024-05-08,14.59008,14.59008,14.10048,14.49216,306859.0
2024-05-09,14.78592,14.78592,14.1984,14.59008,384306.0
2024-05-10,14.59008,14.78592,14.29632,14.39424,215654.0
2024-05-13,14.49216,14.59008,14.29632,14.49216,182076.0
2024-05-14,14.39424,14.59008,14.29632,14.59008,232633.0
2024-05-15,15.667200000000001,16.548479999999998,15.47136,16.548479999999998,657300.0
2024-05-16,18.506880000000002,18.800639999999998,17.33184,18.01728,3198760.0
2024-05-17,18.01728,18.01728,16.84224,17.429759999999998,1808158.0
2024-05-20,18.1152,18.6048,17.33184,17.52768,1144703.0
2024-05-21,17.6256,17.6256,16.94016,17.33184,1159092.0
2024-05-22,17.136,17.72352,16.450560000000003,16.94016,1513095.0
2024-05-23,16.94016,18.1152,16.35264,17.52768,2270986.0
2024-05-24,17.52768,18.21312,16.6464,16.94016,2100375.0
2024-05-27,17.136,17.33184,16.35264,16.35264,1130225.0
2024-05-28,16.450560000000003,17.33184,16.05888,17.03808,1412683.0
2024-05-29,17.33184,17.33184,16.6464,16.6464,1551721.0
2024-05-30,16.84224,18.311040000000002,16.548479999999998,17.6256,3123032.0
2024-05-31,18.21312,18.506880000000002,17.52768,17.82144,1861599.0
2024-06-03,18.01728,18.1152,17.233919999999998,17.33184,1635398.0
2024-06-04,17.429759999999998,18.21312,17.233919999999998,17.52768,3620238.0
2024-06-05,17.82144,17.91936,17.233919999999998,17.429759999999998,1935234.0
2024-06-06,17.429759999999998,17.52768,16.84224,17.03808,1638318.0
2024-06-07,17.03808,17.233919999999998,15.765120000000001,16.6464,2200478.0
2024-06-10,16.74432,16.84224,16.05888,16.25472,1653767.0
2024-06-11,16.35264,16.6464,15.863040000000002,16.05888,1252864.0
2024-06-12,16.05888,16.1568,15.667200000000001,16.05888,1175777.0
2024-06-13,16.05888,16.548479999999998,16.05888,16.1568,1462081.0
2024-06-14,16.35264,16.35264,15.667200000000001,15.667200000000001,1118053.0
2024-06-17,15.667200000000001,15.960959999999998,15.37344,15.569280000000001,801291.0
2024-06-18,15.667200000000001,15.863040000000002,15.37344,15.569280000000001,774719.0
2024-06-19,15.569280000000001,15.569280000000001,15.07968,15.37344,776336.0
2024-06-20,15.37344,15.47136,14.88384,15.1776,496645.0
2024-06-21,15.1776,15.47136,15.07968,15.27552,859504.0
2024-06-24,15.27552,15.27552,14.1984,14.29632,1224506.0
2024-06-25,14.29632,14.59008,14.10048,14.1984,861366.0
2024-06-26,14.1984,14.59008,14.10048,14.39424,484301.0
2024-06-27,14.39424,14.49216,14.10048,14.10048,401460.0
2024-06-28,14.1984,14.29632,13.806719999999999,14.002559999999999,448355.0
2024-07-01,13.904639999999999,14.1984,13.904639999999999,14.1984,146220.0
2024-07-02,14.1984,14.29632,14.002559999999999,14.29632,243962.0
2024-07-03,14.39424,14.98176,14.29632,14.688,734965.0
2024-07-04,14.88384,14.88384,14.688,14.78592,250948.0
2024-07-05,14.78592,14.98176,14.49216,14.688,382712.0
2024-07-08,14.688,14.78592,14.1984,14.49216,437597.0
2024-07-09,14.688,14.688,14.39424,14.688,258093.0
2024-07-10,14.78592,14.88384,14.49216,14.78592,387191.0
2024-07-11,14.688,14.78592,14.49216,14.59008,257721.0
2024-07-12,14.59008,14.59008,14.29632,14.49216,328307.0
2024-07-15,14.49216,14.49216,14.1984,14.29632,178846.0
2024-07-16,14.29632,14.49216,14.10048,14.29632,402052.0
2024-07-17,14.29632,14.29632,13.415040000000001,13.904639999999999,720178.0
2024-07-18,13.904639999999999,13.904639999999999,13.415040000000001,13.61088,443060.0
2024-07-19,13.61088,13.806719999999999,13.415040000000001,13.415040000000001,278671.0
2024-07-22,13.61088,13.806719999999999,13.02336,13.317120000000001,440304.0
2024-07-23,13.2192,13.51296,12.82752,12.82752,294383.0
2024-07-24,12.82752,13.12128,12.43584,13.02336,421902.0
2024-07-25,12.92544,13.51296,12.82752,13.317120000000001,387296.0
2024-07-26,13.415040000000001,13.51296,13.317120000000001,13.51296,191002.0
2024-07-29,13.317120000000001,13.61088,13.317120000000001,13.51296,165460.0
2024-07-30,13.51296,13.61088,13.2192,13.415040000000001,268585.0
2024-07-31,13.415040000000001,13.51296,13.2192,13.317120000000001,144089.0
2024-08-01,13.415040000000001,13.415040000000001,12.533760000000001,12.533760000000001,436354.0
2024-08-02,12.533760000000001,12.7296,12.24,12.631680000000001,258434.0
2024-08-05,12.533760000000001,12.533760000000001,11.652479999999999,11.750399999999999,550535.0
2024-08-06,11.652479999999999,12.04416,11.652479999999999,11.94624,490592.0
2024-08-07,12.04416,12.24,11.84832,11.94624,269887.0
2024-08-08,11.94624,12.14208,11.750399999999999,11.94624,151985.0
2024-08-09,11.94624,12.14208,11.84832,12.04416,166875.0
2024-08-12,11.94624,12.14208,11.84832,12.14208,156289.0
2024-08-13,11.94624,12.14208,11.94624,12.04416,79463.0
2024-08-14,12.14208,12.33792,12.04416,12.24,269210.0
2024-08-15,12.24,12.24,11.84832,11.94624,207405.0
2024-08-16,12.04416,12.43584,11.94624,12.33792,422916.0
2024-08-19,12.33792,12.533760000000001,12.14208,12.33792,230298.0
2024-08-20,12.33792,12.43584,12.14208,12.33792,299503.0
2024-08-21,12.24,12.43584,12.24,12.43584,320267.0
2024-08-22,12.631680000000001,13.317120000000001,12.33792,13.12128,751629.0
2024-08-23,13.02336,13.2192,12.7296,12.7296,342537.0
2024-08-26,12.82752,12.92544,12.533760000000001,12.631680000000001,299199.0
2024-08-27,12.631680000000001,12.631680000000001,12.33792,12.533760000000001,309515.0
2024-08-28,12.533760000000001,12.631680000000001,12.24,12.43584,157502.0
2024-08-29,12.533760000000001,12.631680000000001,12.33792,12.533760000000001,124501.0
2024-08-30,12.533760000000001,12.82752,12.33792,12.7296,255857.0
2024-09-04,12.533760000000001,12.631680000000001,12.33792,12.533760000000001,157053.0
2024-09-05,12.33792,12.631680000000001,12.33792,12.33792,288600.0
2024-09-06,12.43584,12.533760000000001,12.24,12.43584,182589.0
2024-09-09,12.33792,12.43584,12.24,12.24,94158.0
2024-09-10,12.14208,12.43584,12.04416,12.14208,139325.0
2024-09-11,12.14208,12.24,12.04416,12.14208,107800.0
2024-09-12,12.14208,12.24,12.14208,12.14208,47701.0
2024-09-13,12.14208,12.24,12.04416,12.24,116695.0
2024-09-16,12.24,12.24,12.04416,12.04416,53501.0
2024-09-17,12.14208,12.14208,11.750399999999999,12.04416,259847.0
2024-09-18,12.14208,12.14208,11.94624,11.94624,128450.0
2024-09-19,11.94624,12.14208,11.84832,11.94624,121202.0
2024-09-20,12.04416,12.14208,11.94624,11.94624,124959.0
2024-09-23,12.14208,12.14208,11.84832,12.04416,160187.0
2024-09-24,12.04416,12.04416,11.750399999999999,12.04416,149732.0
2024-09-25,11.94624,12.14208,11.94624,11.94624,248908.0
2024-09-26,12.04416,12.24,11.94624,12.04416,176299.0
2024-09-27,12.04416,12.82752,11.94624,12.43584,687033.0
2024-09-30,12.631680000000001,12.631680000000001,12.14208,12.24,174362.0
2024-10-01,12.33792,12.43584,12.24,12.33792,235300.0
2024-10-02,12.24,12.631680000000001,12.24,12.33792,164398.0
2024-10-03,12.533760000000001,12.533760000000001,12.04416,12.14208,251349.0
2024-10-04,12.24,12.24,12.04416,12.04416,156804.0
2024-10-07,12.04416,12.24,11.94624,12.04416,67400.0
2024-10-08,12.14208,12.24,11.94624,11.94624,162368.0
2024-10-09,12.04416,12.14208,11.94624,12.04416,86299.0
2024-10-10,12.14208,12.533760000000001,12.04416,12.33792,383150.0
2024-10-11,12.43584,12.43584,12.24,12.24,88548.0
2024-10-14,12.43584,12.533760000000001,12.14208,12.33792,168503.0
2024-10-15,12.43584,13.51296,12.43584,12.92544,1199652.0
2024-10-16,13.12128,13.317120000000001,12.92544,13.2192,781369.0
2024-10-17,12.92544,13.317120000000001,12.631680000000001,12.7296,524384.0
2024-10-18,12.92544,12.92544,12.43584,12.631680000000001,343765.0
2024-10-21,12.631680000000001,12.631680000000001,12.33792,12.533760000000001,202755.0
2024-10-22,12.533760000000001,12.533760000000001,12.04416,12.24,492718.0
2024-10-23,12.24,12.24,12.04416,12.14208,107663.0
2024-10-24,12.14208,12.14208,11.94624,12.04416,211273.0
2024-10-25,12.04416,12.04416,11.84832,11.94624,258461.0
2024-10-28,11.94624,11.94624,11.84832,11.94624,173461.0
2024-10-29,11.94624,12.04416,11.84832,12.04416,201207.0
2024-10-30,12.14208,12.14208,11.94624,12.04416,87352.0
2024-10-31,12.04416,12.04416,11.84832,11.94624,194482.0
2024-11-01,11.94624,11.94624,11.750399999999999,11.84832,199301.0
2024-11-04,11.84832,11.84832,11.554559999999999,11.554559999999999,160060.0
2024-11-05,11.652479999999999,11.84832,11.554559999999999,11.554559999999999,85211.0
2024-11-06,11.554559999999999,11.750399999999999,11.554559999999999,11.750399999999999,142122.0
2024-11-07,11.750399999999999,11.84832,11.554559999999999,11.652479999999999,143709.0
2024-11-08,11.652479999999999,11.652479999999999,11.35872,11.554559999999999,350826.0
2024-11-11,11.554559999999999,11.554559999999999,11.35872,11.554559999999999,134564.0
2024-11-12,11.554559999999999,11.554559999999999,11.45664,11.45664,49351.0
2024-11-13,11.45664,11.45664,11.2608,11.35872,155175.0
2024-11-14,11.35872,11.35872,11.06496,11.16288,164883.0
2024-11-15,11.16288,11.16288,10.86912,11.06496,194870.0
2024-11-18,11.06496,11.06496,10.7712,10.96704,87320.0
2024-11-19,11.16288,11.16288,10.86912,10.96704,61150.0
2024-11-20,11.06496,11.16288,10.7712,11.16288,94200.0
2024-11-21,11.16288,11.16288,11.06496,11.06496,71850.0
2024-11-22,11.06496,11.2608,10.7712,10.96704,126652.0
2024-11-25,11.06496,11.16288,10.86912,11.06496,117750.0
2024-11-26,11.06496,11.2608,11.06496,11.16288,131250.0
2024-11-27,11.16288,11.2608,10.96704,11.16288,151950.0
2024-11-28,11.06496,11.16288,10.96704,10.96704,64200.0
2024-11-29,11.06496,11.94624,11.06496,11.652479999999999,714760.0
2024-12-02,11.652479999999999,11.84832,11.45664,11.554559999999999,152716.0
2024-12-03,11.652479999999999,11.750399999999999,11.35872,11.554559999999999,197292.0
2024-12-04,11.554559999999999,11.554559999999999,11.2608,11.35872,159665.0
2024-12-05,11.45664,11.554559999999999,11.2608,11.45664,380965.0
2024-12-06,11.750399999999999,12.24,11.652479999999999,11.652479999999999,764298.0
2024-12-09,11.750399999999999,12.33792,11.750399999999999,12.04416,367628.0
2024-12-10,12.04416,12.04416,11.652479999999999,11.750399999999999,281124.0
2024-12-11,11.750399999999999,11.84832,11.554559999999999,11.554559999999999,261798.0
2024-12-12,11.750399999999999,11.750399999999999,11.554559999999999,11.554559999999999,226524.0
2024-12-13,11.652479999999999,11.652479999999999,11.45664,11.45664,171886.0
2024-12-16,11.45664,11.554559999999999,11.35872,11.35872,178751.0
2024-12-17,11.45664,11.554559999999999,11.35872,11.35872,154493.0
2024-12-18,11.35872,12.24,11.2608,11.84832,2709333.0
2024-12-19,11.84832,11.84832,11.652479999999999,11.750399999999999,440788.0
2024-12-20,11.84832,12.14208,11.652479999999999,11.750399999999999,970443.0
2024-12-23,11.750399999999999,11.84832,11.554559999999999,11.750399999999999,651416.0
2024-12-24,11.84832,11.84832,11.45664,11.554559999999999,879653.0
2024-12-25,11.652479999999999,12.92544,11.652479999999999,12.33792,3719476.0
2024-12-26,12.43584,12.631680000000001,12.04416,12.14208,1170548.0
2024-12-27,12.33792,12.33792,11.652479999999999,11.750399999999999,2092549.0
2024-12-30,11.750399999999999,11.84832,11.554559999999999,11.652479999999999,801036.0
2024-12-31,11.750399999999999,11.94624,11.45664,11.45664,470541.0
2025-01-02,11.554559999999999,11.750399999999999,11.45664,11.750399999999999,365879.0
2025-01-03,11.750399999999999,11.750399999999999,11.45664,11.554559999999999,467750.0
2025-01-06,11.554559999999999,11.84832,11.2608,11.35872,684648.0
2025-01-07,11.45664,11.554559999999999,11.06496,11.35872,424590.0
2025-01-08,11.06496,11.35872,11.06496,11.35872,250816.0
2025-01-09,11.35872,11.35872,11.06496,11.16288,424913.0
2025-01-10,11.16288,11.2608,10.7712,10.96704,576121.0
2025-01-13,10.96704,10.96704,10.67328,10.7712,373899.0
2025-01-14,10.86912,10.96704,10.7712,10.86912,189094.0
2025-01-15,10.86912,11.06496,10.86912,11.06496,202540.0
2025-01-16,11.06496,11.16288,10.86912,10.96704,300150.0
2025-01-17,10.96704,10.96704,10.7712,10.86912,352977.0
2025-01-20,10.86912,10.96704,10.7712,10.86912,315750.0
2025-01-21,10.86912,10.96704,10.18368,10.47744,864214.0
2025-01-22,10.57536,10.57536,10.18368,10.18368,373482.0
2025-01-23,10.379520000000001,10.7712,10.281600000000001,10.67328,361304.0
2025-01-24,10.57536,10.96704,10.47744,10.57536,405725.0
2025-02-03,10.67328,10.86912,10.47744,10.57536,358148.0
2025-02-04,10.67328,11.06496,10.47744,10.7712,594111.0
2025-02-05,11.06496,11.554559999999999,10.96704,11.2608,1305262.0
2025-02-06,11.45664,12.92544,11.2608,12.92544,3546243.0
2025-02-07,14.29632,14.39424,13.317120000000001,14.39424,2302189.0
2025-02-10,15.1776,16.25472,14.78592,15.47136,8338576.0
2025-02-11,15.667200000000001,15.667200000000001,14.1984,14.59008,2385585.0
2025-02-12,14.688,15.765120000000001,14.59008,15.37344,2639511.0
2025-02-13,15.37344,17.52768,15.27552,17.52768,6326846.0
2025-02-14,17.6256,19.29024,17.6256,19.29024,4777482.0
2025-02-17,19.584,21.93408,19.29024,21.93408,1673453.0
2025-02-18,24.48,25.067520000000002,18.99648,20.36736,11916897.0
2025-02-19,20.36736,21.15072,19.19232,19.48608,3982742.0
2025-02-20,19.77984,22.71744,19.681919999999998,22.71744,5914896.0
2025-02-21,22.71744,24.48,22.12992,22.815360000000002,3897160.0
2025-02-24,22.815360000000002,22.815360000000002,19.48608,19.77984,6616701.0
2025-02-25,19.87776,20.36736,18.311040000000002,18.89856,4727551.0
2025-02-26,18.89856,21.052799999999998,18.702720000000003,20.0736,2268768.0
2025-02-27,20.26944,21.44448,20.17152,20.46528,3441547.0
2025-02-28,20.563200000000002,21.44448,19.77984,19.97568,2294798.0
2025-03-03,20.17152,20.85696,19.87776,20.0736,2093802.0
2025-03-04,20.26944,20.26944,19.19232,19.681919999999998,2631199.0
2025-03-05,19.48608,20.85696,19.48608,20.26944,2483170.0
2025-03-06,20.36736,21.34656,20.0736,20.66112,3048089.0
2025-03-07,20.66112,21.34656,20.0736,20.26944,2164590.0
2025-03-10,20.17152,22.91328,19.97568,22.12992,5297924.0
2025-03-11,22.12992,22.5216,21.44448,21.93408,2820969.0
2025-03-12,21.93408,22.22784,20.85696,21.15072,2875429.0
2025-03-13,21.15072,21.64032,20.46528,20.563200000000002,2577759.0
2025-03-14,20.46528,20.85696,19.87776,19.97568,2692446.0
2025-03-17,19.97568,21.15072,19.97568,20.26944,1315391.0
2025-03-18,20.36736,20.563200000000002,19.87776,19.97568,1667590.0
2025-03-19,19.97568,20.17152,18.99648,19.48608,2126978.0
2025-03-20,19.681919999999998,19.97568,19.19232,19.584,1277941.0
2025-03-21,19.584,19.77984,19.38816,19.584,651316.0
2025-03-24,19.584,19.681919999999998,18.800639999999998,18.89856,1743084.0
2025-03-25,18.99648,19.77984,18.800639999999998,19.29024,1571235.0
2025-03-26,18.89856,20.0736,18.89856,19.38816,931310.0
2025-03-27,19.584,19.584,19.19232,19.29024,519045.0
2025-03-28,19.29024,19.29024,18.702720000000003,18.89856,1157147.0
2025-03-31,18.99648,18.99648,17.82144,18.01728,2526810.0
2025-04-01,18.21312,20.85696,17.91936,20.46528,4826070.0
2025-04-02,20.46528,21.44448,19.77984,20.0736,2195693.0
2025-04-03,20.0736,20.0736,17.52768,17.72352,6355412.0
2025-04-04,17.429759999999998,18.21312,15.765120000000001,17.6256,3026024.0
2025-04-08,17.33184,17.6256,14.78592,14.78592,4318689.0
2025-04-09,13.51296,15.1776,13.02336,13.02336,5311328.0
2025-04-10,15.47136,15.47136,15.27552,15.47136,163277.0
2025-04-11,17.72352,17.72352,15.47136,16.25472,4404829.0
2025-04-14,16.25472,17.136,16.25472,16.548479999999998,2105425.0
2025-04-15,17.136,17.233919999999998,15.569280000000001,15.960959999999998,2232004.0
2025-04-16,15.960959999999998,16.25472,15.569280000000001,15.765120000000001,1578771.0
2025-04-17,15.765120000000001,16.450560000000003,15.37344,16.25472,1480052.0
2025-04-18,16.25472,16.548479999999998,16.05888,16.25472,1467328.0
2025-04-21,16.25472,16.450560000000003,15.765120000000001,15.960959999999998,938634.0
2025-04-22,15.863040000000002,15.863040000000002,13.7088,15.07968,3422020.0
2025-04-23,15.569280000000001,16.35264,15.27552,15.667200000000001,944043.0
2025-04-24,15.667200000000001,16.1568,15.1776,15.667200000000001,1396524.0
2025-04-25,15.667200000000001,17.6256,15.37344,17.233919999999998,5051437.0
2025-04-28,17.233919999999998,17.6256,16.94016,17.233919999999998,1570280.0
2025-04-29,17.233919999999998,17.52768,16.35264,16.548479999999998,2504077.0
2025-05-05,16.74432,17.136,16.450560000000003,16.84224,1167196.0
2025-05-06,17.136,18.40896,16.84224,17.429759999999998,3137795.0
2025-05-07,17.72352,17.72352,17.03808,17.33184,1294093.0
2025-05-08,17.52768,17.52768,16.84224,17.33184,1459817.0
2025-05-09,17.33184,17.429759999999998,16.74432,16.94016,1351772.0
2025-05-12,16.94016,17.03808,16.548479999999998,16.84224,1416987.0
2025-05-13,16.84224,17.429759999999998,16.74432,16.94016,981564.0
2025-05-14,16.94016,17.03808,16.6464,16.94016,1461122.0
2025-05-15,16.94016,17.52768,16.94016,17.233919999999998,2220423.0
2025-05-16,17.33184,17.429759999999998,16.84224,17.03808,1639246.0
2025-05-19,17.03808,17.03808,16.6464,16.74432,1399775.0
2025-05-20,16.6464,18.01728,16.548479999999998,17.429759999999998,3864676.0
2025-05-21,17.429759999999998,17.91936,17.136,17.429759999999998,1736355.0
2025-05-22,17.429759999999998,17.429759999999998,16.84224,16.84224,2026843.0
2025-05-23,16.84224,17.03808,16.74432,16.94016,1314179.0
2025-05-26,16.94016,16.94016,16.1568,16.94016,1770857.0
2025-05-27,16.94016,17.33184,16.94016,17.136,1634917.0
2025-05-28,17.136,19.0944,17.136,18.40896,6642238.0
2025-05-29,18.506880000000002,18.89856,18.01728,18.311040000000002,1253552.0
2025-05-30,18.311040000000002,18.6048,17.52768,17.72352,3122200.0
2025-06-02,17.72352,18.01728,17.33184,18.01728,1470058.0
2025-06-03,18.1152,18.506880000000002,17.82144,18.01728,1667964.0
2025-06-04,18.1152,18.1152,17.72352,17.82144,1558337.0
2025-06-05,17.82144,19.0944,17.82144,18.89856,5330792.0
2025-06-06,19.0944,19.38816,18.311040000000002,18.40896,1988882.0
2025-06-09,18.40896,18.506880000000002,17.52768,17.6256,2772464.0
2025-06-10,17.6256,18.1152,17.429759999999998,17.82144,1702644.0
2025-06-11,17.82144,17.91936,17.429759999999998,17.72352,1332337.0
2025-06-12,17.6256,17.82144,17.429759999999998,17.72352,1177741.0
2025-06-13,17.6256,18.311040000000002,17.33184,17.6256,2108354.0
2025-06-16,17.72352,18.1152,17.52768,18.01728,1305461.0
2025-06-17,18.01728,18.21312,17.82144,18.1152,1513018.0
2025-06-18,18.01728,18.89856,18.01728,18.311040000000002,2359337.0
2025-06-19,18.40896,18.506880000000002,17.6256,18.01728,1733352.0
2025-06-20,18.01728,18.1152,17.6256,17.82144,1588623.0
2025-06-23,17.82144,17.82144,17.429759999999998,17.52768,2339680.0
2025-06-24,17.6256,18.01728,17.6256,17.82144,1144232.0
2025-06-25,17.91936,18.01728,17.72352,17.72352,953383.0
2025-06-26,17.91936,18.506880000000002,17.82144,18.21312,3000040.0
2025-06-27,18.311040000000002,18.800639999999998,18.01728,18.506880000000002,3176226.0
2025-06-30,18.506880000000002,18.99648,18.311040000000002,18.40896,1966306.0
2025-07-01,18.506880000000002,18.6048,18.01728,18.21312,1721412.0
2025-07-02,18.21312,18.311040000000002,18.01728,18.21312,1121682.0
2025-07-03,18.21312,18.6048,17.91936,18.1152,1876331.0
2025-07-04,18.21312,18.311040000000002,18.01728,18.21312,916561.0
2025-07-07,18.21312,18.40896,18.1152,18.311040000000002,1356410.0
2025-07-08,18.311040000000002,18.506880000000002,17.82144,18.311040000000002,1414431.0
2025-07-09,18.311040000000002,19.19232,18.311040000000002,18.89856,4509735.0
2025-07-10,18.99648,19.38816,18.800639999999998,18.99648,2224871.0
2025-07-11,18.99648,19.0944,18.40896,18.506880000000002,2829848.0
2025-07-14,18.506880000000002,18.6048,18.01728,18.6048,1778589.0
2025-07-15,18.6048,18.800639999999998,18.311040000000002,18.506880000000002,1739394.0
2025-07-16,18.506880000000002,18.6048,18.311040000000002,18.506880000000002,1128343.0
2025-07-17,18.506880000000002,19.19232,18.40896,19.0944,3847801.0
2025-07-18,19.0944,21.052799999999998,19.0944,20.66112,5972326.0
2025-07-21,20.66112,21.83616,20.563200000000002,21.248639999999998,4130688.0
2025-07-22,21.248639999999998,21.5424,20.46528,21.052799999999998,2677750.0
2025-07-23,21.15072,21.93408,20.17152,20.66112,3372521.0
2025-07-24,20.85696,21.15072,20.0736,20.563200000000002,2226940.0
2025-07-25,20.46528,22.32576,20.46528,21.73824,3745818.0
2025-07-28,22.032,23.011200000000002,22.032,22.61952,3407375.0
2025-07-29,22.61952,23.304959999999998,19.584,20.26944,5495498.0
2025-07-30,20.0736,21.248639999999998,19.97568,20.759040000000002,2787518.0
2025-07-31,20.759040000000002,21.052799999999998,19.38816,20.46528,3646508.0
2025-08-01,20.36736,21.64032,20.0736,21.052799999999998,3205932.0
2025-08-04,21.052799999999998,22.032,20.759040000000002,21.73824,2742208.0
2025-08-05,21.73824,22.22784,19.97568,20.95488,4588004.0
2025-08-06,20.85696,21.052799999999998,20.46528,20.85696,1841857.0
2025-08-07,20.85696,21.15072,20.46528,21.15072,2366044.0
2025-08-08,21.15072,21.44448,20.66112,21.052799999999998,2456177.0
2025-08-11,21.15072,22.12992,21.15072,21.64032,3387469.0
2025-08-12,21.83616,22.32576,20.95488,21.34656,4305748.0
2025-08-13,21.052799999999998,21.64032,20.46528,21.052799999999998,4125780.0
2025-08-14,21.052799999999998,21.83616,20.759040000000002,20.95488,2408970.0
2025-08-15,21.15072,21.15072,19.87776,19.87776,4495506.0
2025-08-18,19.87776,20.26944,19.0944,19.584,3458963.0
2025-08-19,19.681919999999998,20.759040000000002,19.38816,20.17152,2990537.0
2025-08-20,20.26944,20.563200000000002,19.38816,19.97568,2022438.0
2025-08-21,19.97568,19.97568,19.38816,19.584,1452340.0
2025-08-22,19.584,19.584,18.1152,18.40896,2638329.0
2025-08-25,18.800639999999998,19.0944,18.1152,18.311040000000002,1292474.0
2025-08-26,18.311040000000002,19.19232,18.1152,18.89856,1033682.0
2025-08-27,18.99648,19.48608,18.89856,19.0944,1022836.0
2025-08-28,19.584,19.584,18.800639999999998,19.0944,665836.0
2025-08-29,19.0944,20.46528,19.0944,20.36736,4348321.0
2025-09-03,20.26944,22.032,20.26944,22.032,5218723.0
2025-09-04,22.032,23.20704,22.032,22.71744,4601403.0
2025-09-05,22.71744,23.011200000000002,21.34656,21.5424,4010824.0
2025-09-08,22.032,22.032,20.759040000000002,20.85696,3500415.0
2025-09-09,21.15072,21.64032,20.66112,21.34656,1518744.0
2025-09-10,21.34656,21.44448,20.95488,21.15072,941044.0
2025-09-11,21.052799999999998,21.248639999999998,20.26944,20.85696,1650282.0
2025-09-12,20.85696,21.34656,20.759040000000002,21.34656,1927115.0
2025-09-15,21.34656,22.61952,21.34656,22.32576,2648318.0
2025-09-16,22.42368,22.71744,21.34656,21.73824,2176976.0
2025-09-17,21.83616,21.83616,21.052799999999998,21.15072,1526481.0
2025-09-18,21.34656,21.44448,20.85696,21.15072,1040000.0
2025-09-19,21.15072,21.83616,21.15072,21.5424,896689.0
2025-09-22,21.73824,21.83616,20.85696,20.85696,1053455.0
2025-09-23,20.759040000000002,21.248639999999998,20.759040000000002,20.95488,758861.0
2025-09-24,20.95488,21.73824,20.95488,21.64032,1491373.0
2025-09-25,21.64032,21.83616,21.5424,21.73824,1231715.0
2025-09-26,21.83616,24.67584,21.83616,23.69664,6013444.0
2025-09-29,23.69664,24.28416,23.304959999999998,23.40288,1126212.0
2025-09-30,23.500799999999998,23.500799999999998,21.83616,22.815360000000002,2884446.0
2025-10-01,22.815360000000002,23.500799999999998,22.22784,23.20704,1199007.0
2025-10-02,23.40288,24.18624,22.91328,23.109119999999997,1411628.0
2025-10-03,23.304959999999998,23.304959999999998,22.12992,22.22784,1513505.0
2025-10-06,22.5216,23.20704,22.42368,23.20704,1454776.0
2025-10-07,23.20704,23.59872,22.71744,22.71744,1285409.0
2025-10-08,23.011200000000002,24.08832,22.91328,24.08832,1563580.0
2025-10-09,24.48,25.752959999999998,23.79456,24.67584,2241480.0
2025-10-10,24.67584,26.24256,24.57792,25.752959999999998,3098280.0
2025-10-13,27.31968,29.082240000000002,25.65504,29.082240000000002,4690102.0
2025-10-14,29.376,31.138560000000002,28.005119999999998,29.082240000000002,3159233.0
2025-10-15,29.278080000000003,29.865599999999997,27.31968,27.613439999999997,2514613.0
2025-10-16,27.613439999999997,30.8448,27.613439999999997,29.082240000000002,1863819.0
2025-10-17,29.082240000000002,29.376,27.4176,28.20096,2956244.0
2025-10-20,27.809279999999998,28.886400000000002,24.28416,24.77376,4387844.0
2025-10-21,25.4592,26.34048,24.57792,25.752959999999998,2777157.0
2025-10-22,25.752959999999998,26.634240000000002,25.361279999999997,26.53632,1553337.0
2025-10-23,26.73216,26.928,25.752959999999998,25.85088,1187150.0
2025-10-24,26.04672,26.14464,24.77376,25.557119999999998,1598453.0
2025-10-27,25.65504,26.4384,22.5216,23.20704,3134558.0
2025-10-28,23.20704,23.500799999999998,20.759040000000002,22.61952,3310003.0
2025-10-29,22.61952,23.40288,22.61952,22.91328,956513.0
2025-10-30,23.20704,23.20704,22.22784,22.5216,1202765.0
2025-10-31,22.5216,23.40288,22.32576,22.91328,1129325.0
2025-11-03,23.011200000000002,23.011200000000002,21.34656,21.44448,1315956.0
2025-11-04,21.93408,22.32576,20.563200000000002,21.93408,2301572.0
2025-11-05,22.032,22.5216,21.44448,21.93408,987095.0
2025-11-06,21.93408,22.032,21.5424,21.73824,917762.0
2025-11-07,21.93408,21.93408,20.95488,21.052799999999998,1277202.0
2025-11-10,21.248639999999998,21.44448,20.66112,21.052799999999998,863258.0
2025-11-11,21.052799999999998,21.44448,20.563200000000002,21.15072,746320.0
2025-11-12,21.34656,22.032,21.052799999999998,21.93408,720430.0
2025-11-13,21.5424,22.91328,21.5424,22.22784,962272.0
2025-11-14,22.42368,23.304959999999998,22.42368,23.011200000000002,1616611.0
2025-11-17,23.011200000000002,23.40288,22.5216,22.815360000000002,915095.0
2025-11-18,22.815360000000002,23.109119999999997,22.12992,22.32576,987119.0
2025-11-19,22.32576,22.42368,22.032,22.32576,981728.0
2025-11-20,22.5216,22.5216,21.93408,22.032,645688.0
2025-11-21,21.93408,22.032,21.64032,21.93408,795927.0
2025-11-24,21.93408,22.5216,21.83616,22.12992,538639.0
2025-11-25,22.12992,22.71744,21.83616,22.032,1019623.0
2025-11-26,22.22784,22.32576,22.032,22.32576,886556.0
2025-11-27,22.22784,23.69664,22.22784,23.500799999999998,1998787.0
2025-11-28,23.79456,26.4384,23.59872,25.4592,4673785.0
2025-12-01,26.14464,26.34048,24.382080000000002,24.48,1401913.0
2025-12-02,24.77376,24.77376,23.59872,24.28416,1500388.0
2025-12-03,24.08832,25.16544,24.08832,24.67584,753489.0
2025-12-04,24.77376,25.263360000000002,24.382080000000002,24.67584,951911.0
2025-12-05,24.67584,26.24256,24.08832,25.4592,1624074.0
2025-12-08,25.9488,26.24256,25.16544,25.557119999999998,804214.0
2025-12-09,25.557119999999998,25.65504,24.28416,24.87168,1550887.0
2025-12-10,24.87168,25.4592,24.57792,24.9696,639931.0
2025-12-11,24.9696,26.634240000000002,24.9696,25.557119999999998,1450959.0
2025-12-12,25.85088,26.928,24.9696,25.4592,2605641.0
2025-12-15,25.4592,25.65504,24.57792,24.9696,1424483.0
2025-12-16,25.16544,25.16544,23.79456,24.77376,1358749.0
2025-12-17,24.87168,25.65504,24.08832,24.87168,1165795.0
2025-12-18,24.9696,26.14464,24.9696,25.4592,1324320.0
2025-12-19,25.4592,25.9488,24.48,24.67584,1344080.0
2025-12-22,24.9696,25.361279999999997,24.67584,25.263360000000002,1088432.0
2025-12-23,24.9696,25.9488,24.87168,25.16544,1368395.0
2025-12-24,25.16544,25.361279999999997,24.77376,25.067520000000002,927553.0
2025-12-25,24.9696,25.16544,23.79456,23.89248,1808838.0
2025-12-26,23.89248,24.28416,23.011200000000002,23.69664,1944401.0
2025-12-29,23.9904,24.382080000000002,23.79456,24.28416,888519.0
2025-12-30,24.48,24.48,23.9904,24.28416,661320.0
2025-12-31,24.382080000000002,24.382080000000002,23.79456,24.08832,775090.0
2026-01-05,24.08832,24.77376,23.79456,24.18624,1223969.0
2026-01-06,24.77376,25.85088,24.48,25.557119999999998,2388020.0
2026-01-07,25.557119999999998,26.634240000000002,25.263360000000002,26.4384,2530063.0
2026-01-08,26.4384,26.73216,25.557119999999998,25.752959999999998,2048494.0
2026-01-09,25.85088,26.04672,24.9696,25.16544,2140258.0
2026-01-12,25.263360000000002,26.4384,24.67584,25.752959999999998,1675431.0
2026-01-13,25.557119999999998,27.22176,24.77376,26.34048,1579956.0
2026-01-14,26.34048,28.005119999999998,25.9488,27.02592,3128335.0
2026-01-15,27.22176,27.613439999999997,26.04672,26.53632,1970546.0
2026-01-16,26.53632,27.71136,26.53632,27.02592,2183634.0
2026-01-19,27.613439999999997,27.9072,27.12384,27.71136,2459200.0
2026-01-20,27.9072,30.8448,27.4176,29.66976,5178145.0
2026-01-21,29.66976,30.64896,28.49472,29.18016,2297682.0
2026-01-22,29.18016,30.061439999999997,27.9072,28.29888,2241334.0
2026-01-23,29.082240000000002,30.257279999999998,27.4176,27.613439999999997,2370963.0
2026-01-26,27.613439999999997,30.15936,27.613439999999997,29.082240000000002,2369226.0
2026-01-27,29.082240000000002,29.865599999999997,28.78848,29.376,1495527.0
2026-01-28,29.865599999999997,33.096959999999996,29.376,31.43232,4504386.0
2026-01-29,31.43232,35.64288,31.43232,35.64288,6275633.0
2026-01-30,37.6992,39.95136,36.72,39.85344,6291169.0
2026-02-02,39.75552,42.497279999999996,35.64288,37.99296,5428569.0
2026-02-03,38.1888,40.6368,36.72,37.2096,4397186.0
2026-02-04,38.1888,39.168,35.83872,37.2096,4047520.0
2026-02-05,37.30752,37.6992,34.7616,34.859519999999996,4087717.0
2026-02-06,34.957440000000005,35.2512,31.824,32.901120000000006,4731310.0
2026-02-09,33.2928,34.565760000000004,32.901120000000006,33.68448,979421.0
2026-02-10,33.68448,33.88032,30.3552,31.824,2970810.0
2026-02-11,32.21568,33.2928,30.8448,32.41152,1971536.0
2026-02-12,32.60736,34.7616,32.50944,34.07616,1655899.0
2026-02-13,34.174080000000004,37.30752,33.7824,36.52416,3746316.0
2026-02-23,36.52416,39.070080000000004,36.52416,37.50336,2532472.0
2026-02-24,38.09088,38.38464,36.72,37.50336,2186967.0
2026-02-25,37.50336,41.126400000000004,37.50336,40.44096,4382570.0
2026-02-26,40.44096,42.88896,40.44096,42.30144,4600466.0
2026-02-27,42.39936,47.58912,41.81184,43.0848,3973985.0
2026-03-02,43.77024,51.114239999999995,43.77024,49.84128,5253387.0
2026-03-03,49.84128,51.79968,47.001599999999996,49.35168,3343435.0
2026-03-04,49.9392,49.9392,43.47648,45.82656,5871737.0
2026-03-05,45.92448,47.29536,41.81184,42.5952,3048903.0
2026-03-06,43.574400000000004,45.82656,42.98688,45.23904,2394060.0
2026-03-09,45.23904,46.80576,39.55968,39.95136,5245355.0
2026-03-10,40.1472,46.80576,40.1472,46.70784,3987149.0
2026-03-11,45.82656,49.25376,45.82656,49.057919999999996,3586431.0
2026-03-12,49.15584,54.24768,48.4704,53.95392,4442590.0
2026-03-13,53.95392,55.8144,47.001599999999996,49.9392,6824787.0
2026-03-16,49.9392,50.9184,45.0432,46.512,4483322.0
2026-03-17,47.001599999999996,50.82048,45.14112,50.23296,3700879.0
2026-03-18,50.23296,51.212160000000004,47.29536,49.74336,1951874.0
2026-03-19,49.4496,49.4496,45.5328,46.12032,3183164.0
2026-03-20,46.512,49.25376,45.630720000000004,47.09952,1733454.0
2026-03-23,46.90368,47.001599999999996,42.20352,42.79104,2939118.0
2026-03-24,44.553599999999996,45.72864,42.69312,44.064,2710719.0
2026-03-25,44.161919999999995,49.15584,44.161919999999995,48.666239999999995,3194710.0
2026-03-26,48.666239999999995,49.4496,46.90368,47.9808,2079130.0
2026-03-27,48.666239999999995,50.135040000000004,47.9808,49.4496,2014425.0
2026-03-30,49.35168,52.19136,47.19744,50.9184,2442327.0
2026-03-31,50.9184,52.28928,48.078720000000004,50.62464,2636329.0
2026-04-01,50.9184,51.70176,48.56832,48.764160000000004,1897760.0
2026-04-02,48.96,48.96,46.022400000000005,46.80576,3070466.0
2026-04-03,47.001599999999996,47.9808,46.218239999999994,47.29536,1040585.0
2026-04-06,46.41408,48.37248,46.41408,46.512,948367.0
2026-04-07,46.512,47.19744,44.064,44.94528,2081094.0
2026-04-08,46.12032,47.4912,44.65152,46.218239999999994,1964090.0
2026-04-09,46.218239999999994,46.218239999999994,44.35776,44.45568,1664359.0
2026-04-10,45.0432,45.82656,43.966080000000005,45.14112,1326171.0
2026-04-13,45.14112,47.19744,44.65152,46.022400000000005,1068025.0
2026-04-14,46.90368,47.4912,45.43488,45.630720000000004,987317.0
2026-04-15,45.5328,46.022400000000005,44.65152,45.14112,1453970.0
2026-04-16,45.23904,46.609919999999995,44.65152,46.218239999999994,1668390.0
2026-04-17,46.512,47.4912,45.72864,45.92448,1668995.0
2026-04-20,46.022400000000005,46.31616,45.14112,45.33696,1037586.0
2026-04-21,45.33696,45.630720000000004,43.0848,43.574400000000004,2992051.0
2026-04-22,43.966080000000005,43.966080000000005,41.22432,41.81184,2301368.0
2026-04-23,41.126400000000004,41.90976,38.38464,39.657599999999995,3131118.0
2026-04-24,39.75552,40.93056,38.87424,39.657599999999995,1245535.0
2026-04-28,39.55968,40.6368,36.81792,37.50336,2011412.0
2026-04-29,37.50336,38.6784,36.03456,37.79712,1911057.0
2026-05-04,38.1888,40.44096,37.89504,39.85344,1897731.0
2026-05-05,40.049279999999996,41.42016,39.75552,40.1472,2234934.0
2026-05-06,40.73472,40.73472,38.58048,39.75552,1754401.0
2026-05-07,40.34304,40.34304,38.97216,39.168,1047334.0
2026-05-08,39.168,39.85344,38.97216,39.657599999999995,1149682.0
2026-05-11,39.657599999999995,40.73472,39.657599999999995,40.1472,1664303.0
2026-05-12,40.1472,40.53888,39.75552,40.34304,1619655.0
2026-05-13,40.44096,42.5952,40.34304,41.32224,3029564.0
2026-05-14,41.71392,41.71392,40.34304,40.44096,1241238.0
2026-05-15,40.6368,41.02848,38.38464,38.77632,3591143.0
2026-05-18,38.77632,39.168,37.2096,37.6992,2953961.0
2026-05-19,37.6992,39.55968,37.2096,39.070080000000004,1649508.0
2026-05-20,39.070080000000004,39.55968,36.915839999999996,38.58048,1766891.0
2026-05-21,38.6784,39.363839999999996,38.1888,38.87424,1262101.0
2026-05-22,38.87424,39.657599999999995,38.48256,38.77632,981239.0
2026-05-25,38.77632,39.461760000000005,38.48256,38.87424,679228.0
2026-05-26,38.77632,40.93056,38.28672,40.049279999999996,1821108.0
2026-05-27,40.1472,40.44096,39.657599999999995,40.1472,795421.0
2026-05-28,39.95136,40.34304,38.6784,38.97216,964690.0
2026-05-29,39.363839999999996,39.363839999999996,38.6784,38.77632,751472.0
2026-06-01,38.77632,39.070080000000004,38.28672,38.48256,593551.0
2026-06-02,38.48256,38.87424,37.79712,37.89504,1038459.0
2026-06-03,38.1888,38.58048,37.601279999999996,38.1888,516272.0
2026-06-04,38.1888,39.55968,37.89504,39.070080000000004,1123962.0
2026-06-05,39.168,39.95136,38.77632,39.168,612667.0
2026-06-08,38.6784,38.87424,37.79712,38.09088,772001.0
2026-06-09,38.1888,38.1888,37.405440000000006,38.09088,535870.0
2026-06-10,38.09088,38.48256,37.79712,38.28672,391499.0
2026-06-11,38.1888,38.28672,37.89504,38.09088,316072.0
2026-06-12,38.28672,38.6784,37.79712,37.89504,525210.0
2026-06-15,38.09088,38.87424,38.09088,38.1888,542543.0
2026-06-16,38.1888,38.6784,38.1888,38.58048,499641.0
2026-06-17,38.38464,40.1472,38.1888,39.461760000000005,1679453.0
2026-06-18,39.461760000000005,40.6368,39.461760000000005,39.85344,1237986.0
2026-06-19,39.95136,39.95136,38.48256,38.6784,904363.0
2026-06-22,38.6784,39.461760000000005,38.6784,38.97216,642210.0
2026-06-23,39.168,40.44096,38.77632,38.87424,843537.0
2026-06-24,38.87424,39.070080000000004,38.09088,38.58048,587963.0
2026-06-25,38.6784,39.26592,38.09088,38.6784,519984.0
2026-06-26,38.77632,38.77632,37.89504,38.28672,623254.0
2026-06-29,38.28672,38.87424,37.99296,38.58048,475947.0
2026-06-30,38.48256,38.97216,37.99296,38.38464,534397.0
2026-07-01,38.48256,38.6784,38.1888,38.58048,634599.0
2026-07-02,38.48256,39.363839999999996,38.38464,38.77632,686852.0
2026-07-03,38.87424,38.87424,38.1888,38.28672,481713.0
2026-07-06,38.38464,38.48256,36.2304,37.2096,1433624.0
2026-07-07,37.50336,37.50336,35.44704,36.13248,1807088.0
2026-07-08,36.13248,36.13248,33.68448,35.544959999999996,1910108.0
2026-07-09,35.44704,36.72,35.2512,36.13248,671941.0
2026-07-10,36.2304,36.72,35.44704,35.544959999999996,509295.0
2026-07-13,35.544959999999996,35.83872,34.272,35.15328,782291.0
2026-07-14,35.15328,35.64288,34.7616,35.44704,408118.0
2026-07-15,35.44704,35.44704,34.565760000000004,34.7616,422837.0
2026-07-16,35.05536,35.15328,33.88032,34.7616,748751.0
2026-07-17,34.7616,36.13248,34.174080000000004,35.544959999999996,874596.0
2026-07-20,35.44704,35.7408,33.88032,34.174080000000004,791070.0
2026-07-21,34.467839999999995,34.565760000000004,33.096959999999996,33.19488,997971.0
2026-07-22,33.19488,33.97824,31.921919999999997,32.21568,1174010.0
2026-07-23,32.50944,33.19488,31.138560000000002,32.70528,790865.0
2026-07-24,32.70528,32.901120000000006,32.21568,32.8032,371383.0
2026-07-27,33.096959999999996,35.2512,32.8032,34.174080000000004,1246337.0
2026-07-28,34.467839999999995,35.93664,34.174080000000004,35.544959999999996,1331271.0
2026-07-29,35.7408,36.2304,34.859519999999996,34.957440000000005,675148.0
2026-07-30,35.15328,36.2304,34.957440000000005,35.544959999999996,1140615.0
2026-07-31,35.64288,36.72,35.34912,36.03456,983723.0
2026-08-03,36.03456,36.72,35.544959999999996,36.52416,850855.0
2026-08-04,36.72,38.58048,36.42624,38.38464,2497941.0
2026-08-05,38.48256,39.461760000000005,38.1888,38.38464,1702996.0
2026-08-06,38.38464,38.6784,37.11168,37.50336,1403891.0
2026-08-07,37.6992,38.87424,37.11168,38.1888,1033457.0
2026-08-10,38.28672,39.26592,38.28672,39.070080000000004,1208417.0
2026-08-11,39.168,39.363839999999996,38.28672,38.48256,776325.0
2026-08-12,38.58048,38.77632,37.6992,37.99296,871825.0
2026-08-13,37.99296,39.55968,37.6992,39.070080000000004,1752441.0
2026-08-14,39.070080000000004,39.461760000000005,38.1888,39.070080000000004,1424665.0
2026-08-17,39.168,41.616,38.97216,41.518080000000005,3162617.0
2026-08-18,41.616,42.30144,41.02848,41.518080000000005,2236560.0
2026-08-19,41.71392,42.30144,41.02848,42.105599999999995,2027700.0
2026-08-20,42.105599999999995,42.88896,41.71392,42.105599999999995,1518610.0
2026-08-21,42.497279999999996,42.5952,41.81184,42.5952,1617843.0
2026-08-24,42.20352,44.064,42.20352,43.37856,2158885.0
2026-08-25,43.37856,43.86816,42.105599999999995,43.0848,1670895.0
2026-08-26,43.0848,43.0848,42.20352,42.79104,857387.0
2026-08-27,42.98688,44.74944,42.30144,44.35776,2056232.0
2026-08-28,44.553599999999996,46.31616,44.553599999999996,46.218239999999994,2076545.0
2026-09-03,46.218239999999994,46.80576,45.5328,46.512,1875550.0
2026-09-04,46.512,47.9808,45.5328,47.9808,1807869.0
2026-09-07,47.9808,49.057919999999996,46.90368,47.4912,2361546.0
2026-09-08,47.88288,47.88288,46.12032,46.90368,1952184.0
2026-09-09,46.90368,47.78496,46.70784,47.19744,652668.0
2026-09-10,47.19744,47.19744,45.33696,46.609919999999995,2608140.0
2026-09-11,46.609919999999995,48.666239999999995,46.218239999999994,47.001599999999996,1909297.0
2026-09-14,47.001599999999996,48.078720000000004,46.512,47.29536,1312209.0
2026-09-15,47.39328,47.78496,46.90368,47.29536,977663.0
2026-09-16,48.0,48.0,46.8,47.1,1095422.0
2026-09-17,46.8,48.5,46.7,47.2,1959026.0
2026-09-18,47.4,47.8,47.0,47.3,845432.0
2026-09-21,47.3,52.0,47.3,51.9,4019090.0
2026-09-22,51.9,54.0,51.1,53.8,2202706.0
2026-09-23,54.2,54.4,52.4,53.5,1582719.0
2026-09-24,53.5,58.0,53.5,55.5,5179279.0
2026-09-25,55.5,56.1,53.1,53.5,3029037.0
2026-09-28,54.0,54.1,51.1,52.6,2684655.0
2026-09-29,52.6,54.9,52.5,54.9,1667500.0
2026-09-30,54.6,56.5,54.4,55.3,1919000.0
2026-10-01,55.6,60.0,54.3,58.6,3989200.0
2026-10-02,58.6,63.2,58.6,60.3,3226300.0
