,open,high,low,close,volume
2020-05-08,11.03,11.63715,11.03,11.23238,101762.0
2020-05-11,11.23238,11.29984,11.16492,11.29984,72180.0
2020-05-12,11.33358,12.143120000000001,11.33358,11.94073,55550.0
2020-05-13,11.907,12.10939,11.907,11.94073,43200.0
2020-05-14,11.94073,12.10939,11.70462,12.10939,48800.0
2020-05-15,12.04192,12.04192,11.53596,11.80581,30700.0
2020-05-18,11.80581,11.80581,11.60342,11.80581,9110.0
2020-05-19,11.839540000000001,11.907,11.77208,11.907,104700.0
2020-05-20,11.94073,12.07565,11.907,12.04192,18470.0
2020-05-21,12.07565,12.07565,11.87327,11.87327,32260.0
2020-05-22,11.87327,11.87327,11.60342,11.60342,26419.0
2020-05-25,11.60342,11.73835,11.29984,11.53596,26910.0
2020-05-26,11.53596,11.73835,11.4685,11.73835,25506.0
2020-05-27,11.73835,11.80581,11.670879999999999,11.77208,249910.0
2020-05-28,11.839540000000001,12.04192,11.80581,11.974459999999999,143511.0
2020-05-29,11.974459999999999,12.00819,11.974459999999999,11.974459999999999,27523.0
2020-06-01,12.00819,12.244309999999999,12.00819,12.21058,59238.0
2020-06-02,12.21058,12.27804,12.07565,12.21058,32510.0
2020-06-03,11.907,12.21058,11.907,12.21058,5972.0
2020-06-04,12.1409,12.7306,12.1409,12.48778,130298.0
2020-06-05,12.48778,13.0081,12.1409,13.0081,72830.0
2020-06-08,13.0081,13.18154,12.93873,13.07748,42555.0
2020-06-09,13.11217,13.28561,13.04279,13.25092,21724.0
2020-06-10,13.25092,13.354989999999999,13.07748,13.354989999999999,51489.0
2020-06-11,13.354989999999999,13.354989999999999,12.66122,12.83466,35760.0
2020-06-12,12.7306,12.83466,12.59184,12.83466,37544.0
2020-06-15,12.83466,12.86935,12.66122,12.79997,18143.0
2020-06-16,12.69591,12.86935,12.69591,12.86935,9650.0
2020-06-17,12.90404,13.52843,12.86935,13.04279,29779.0
2020-06-18,13.04279,13.354989999999999,13.04279,13.14686,70500.0
2020-06-19,13.18154,13.63249,13.18154,13.63249,65350.0
2020-06-22,13.840620000000001,13.875309999999999,13.66718,13.840620000000001,340971.0
2020-06-23,13.979379999999999,14.118129999999999,13.701870000000001,13.91,85252.0
2020-06-24,13.91,13.91,13.52843,13.52843,21433.0
2020-06-25,14.153379999999999,14.153379999999999,13.320829999999999,13.5706,37930.0
2020-06-26,14.36152,14.861049999999999,13.737110000000001,14.153379999999999,17980.0
2020-06-29,13.320829999999999,14.070129999999999,13.11269,13.320829999999999,36727.0
2020-06-30,13.320829999999999,13.445709999999998,12.904549999999999,13.19595,21600.0
2020-07-01,13.65385,13.65385,13.279200000000001,13.445709999999998,5964.0
2020-07-02,13.40409,13.612219999999999,13.320829999999999,13.612219999999999,6910.0
2020-07-03,13.612219999999999,13.82036,13.40409,13.445709999999998,12400.0
2020-07-06,13.362459999999999,13.52897,13.320829999999999,13.40409,5930.0
2020-07-07,13.445709999999998,13.445709999999998,13.279200000000001,13.320829999999999,5150.0
2020-07-08,13.320829999999999,13.320829999999999,12.904549999999999,12.904549999999999,18220.0
2020-07-09,12.904549999999999,13.15432,12.904549999999999,12.98781,9765.0
2020-07-10,13.071069999999999,13.071069999999999,12.904549999999999,12.904549999999999,50334.0
2020-07-13,12.904549999999999,13.320829999999999,12.488280000000001,13.15432,63400.0
2020-07-14,12.65479,13.029440000000001,12.65479,12.98781,2810.0
2020-07-15,12.98781,13.11269,12.98781,13.071069999999999,18505.0
2020-07-16,13.320829999999999,13.320829999999999,12.77967,12.77967,11300.0
2020-07-17,13.071069999999999,13.071069999999999,12.738040000000002,12.77967,2920.0
2020-07-20,12.77967,13.279200000000001,12.738040000000002,13.071069999999999,13646.0
2020-07-21,12.738040000000002,12.86293,12.61316,12.86293,23159.0
2020-07-22,12.69642,12.77967,12.571530000000001,12.65479,38400.0
2020-07-23,12.65479,12.65479,12.44665,12.52991,83900.0
2020-07-24,12.488280000000001,12.488280000000001,11.69735,11.822239999999999,56490.0
2020-07-27,11.322709999999999,11.57247,10.69829,10.69829,99724.0
2020-07-28,10.69829,11.6141,10.69829,11.6141,15721.0
2020-07-29,11.6141,11.6141,11.03131,11.072940000000001,45910.0
2020-07-30,11.11457,11.322709999999999,11.11457,11.322709999999999,10700.0
2020-07-31,11.239450000000001,11.86386,11.239450000000001,11.86386,3200.0
2020-08-03,11.239450000000001,11.98875,11.239450000000001,11.86386,12040.0
2020-08-04,11.94712,12.113629999999999,11.94712,11.94712,18411.0
2020-08-05,11.94712,12.15526,11.90549,12.113629999999999,8304.0
2020-08-06,12.113629999999999,12.113629999999999,12.072,12.072,25852.0
2020-08-07,12.072,12.15526,11.90549,11.90549,13825.0
2020-08-10,11.94712,12.15526,11.94712,12.113629999999999,29350.0
2020-08-11,12.15526,12.19689,12.072,12.072,35640.0
2020-08-12,12.15526,12.15526,12.03038,12.072,4112.0
2020-08-13,12.113629999999999,12.113629999999999,11.98875,12.113629999999999,3440.0
2020-08-14,12.03038,12.113629999999999,11.98875,12.072,10050.0
2020-08-17,11.98875,11.98875,11.57247,11.98875,44145.0
2020-08-18,12.03038,12.77967,12.03038,12.40502,49926.0
2020-08-19,12.40502,12.44665,12.40502,12.40502,47170.0
2020-08-20,12.3634,12.3634,12.32177,12.3634,15400.0
2020-08-21,12.32177,12.44665,12.15526,12.44665,14591.0
2020-08-24,12.44665,12.821299999999999,12.44665,12.69642,31265.0
2020-08-25,12.488280000000001,12.738040000000002,12.488280000000001,12.69642,20947.0
2020-08-26,12.488280000000001,12.86293,12.488280000000001,12.821299999999999,46102.0
2020-08-27,12.738040000000002,12.98781,12.738040000000002,12.904549999999999,92575.0
2020-08-28,12.904549999999999,13.279200000000001,12.904549999999999,13.15432,14061.0
2020-08-31,13.15432,13.15432,12.904549999999999,13.071069999999999,13359.0
2020-09-01,13.071069999999999,13.071069999999999,12.86293,12.86293,38525.0
2020-09-03,12.904549999999999,13.071069999999999,12.86293,12.98781,34596.0
2020-09-04,12.94618,13.029440000000001,12.904549999999999,12.98781,39933.0
2020-09-07,13.071069999999999,13.15432,12.94618,12.94618,41000.0
2020-09-08,13.071069999999999,13.320829999999999,12.98781,13.11269,14931.0
2020-09-09,13.11269,13.19595,12.98781,13.19595,51310.0
2020-09-10,13.19595,13.40409,13.19595,13.320829999999999,47060.0
2020-09-11,13.320829999999999,13.320829999999999,13.19595,13.279200000000001,10548.0
2020-09-14,13.23758,13.52897,13.11269,13.320829999999999,61312.0
2020-09-15,13.320829999999999,13.94524,13.320829999999999,13.612219999999999,118624.0
2020-09-16,13.65385,13.77873,13.40409,13.737110000000001,86850.0
2020-09-17,13.90362,13.94524,13.612219999999999,13.82036,14445.0
2020-09-18,13.737110000000001,13.86199,13.5706,13.86199,18558.0
2020-09-21,13.86199,14.36152,13.86199,14.19501,131545.0
2020-09-22,14.11175,14.31989,14.070129999999999,14.153379999999999,18382.0
2020-09-23,14.23664,14.23664,14.11175,14.11175,16545.0
2020-09-24,13.737110000000001,14.23664,13.737110000000001,13.986870000000001,14240.0
2020-09-25,13.82036,13.94524,13.65385,13.82036,52768.0
2020-09-28,13.82036,14.0285,13.65385,14.0285,27520.0
2020-09-29,13.986870000000001,14.0285,13.86199,13.86199,9635.0
2020-09-30,13.77873,14.11175,13.52897,13.612219999999999,12634.0
2020-10-01,13.90362,14.070129999999999,13.52897,13.986870000000001,77260.0
2020-10-02,14.070129999999999,14.070129999999999,13.52897,13.94524,55245.0
2020-10-05,13.94524,14.0285,13.737110000000001,14.0285,23700.0
2020-10-06,14.0285,14.070129999999999,13.86199,13.94524,10000.0
2020-10-07,13.82036,13.94524,13.737110000000001,13.94524,9300.0
2020-10-08,13.94524,13.94524,13.65385,13.737110000000001,16200.0
2020-10-09,13.77873,13.77873,13.52897,13.612219999999999,20000.0
2020-10-12,13.86199,14.153379999999999,13.612219999999999,13.65385,72800.0
2020-10-13,13.65385,13.65385,13.52897,13.5706,13100.0
2020-10-14,13.65385,13.986870000000001,13.5706,13.5706,46400.0
2020-10-15,13.69548,13.69548,13.52897,13.69548,36500.0
2020-10-16,13.5706,13.86199,13.5706,13.86199,58000.0
2020-10-19,13.86199,14.23664,13.86199,14.23664,86500.0
2020-10-20,14.31989,14.36152,14.278270000000001,14.31989,56700.0
2020-10-21,14.36152,14.36152,13.94524,14.153379999999999,33800.0
2020-10-22,14.153379999999999,14.153379999999999,13.94524,14.070129999999999,25700.0
2020-10-23,14.153379999999999,14.36152,14.153379999999999,14.36152,92300.0
2020-10-26,14.444780000000002,15.402209999999998,14.444780000000002,15.19407,187800.0
2020-10-27,15.19407,15.318959999999999,14.90268,15.06919,69800.0
2020-10-28,15.06919,15.06919,14.36152,14.40315,73200.0
2020-10-29,14.153379999999999,14.4864,13.94524,14.11175,62800.0
2020-10-30,14.153379999999999,14.40315,13.986870000000001,14.40315,37100.0
2020-11-02,14.65291,14.65291,14.23664,14.56966,37600.0
2020-11-03,14.57031,14.787780000000001,14.57031,14.6138,41100.0
2020-11-04,14.43983,14.74428,14.35284,14.6138,27000.0
2020-11-05,14.57031,14.57031,14.35284,14.39634,12600.0
2020-11-06,14.57031,14.57031,14.13538,14.35284,27400.0
2020-11-09,14.35284,14.483319999999999,13.9614,14.39634,64000.0
2020-11-10,14.57031,14.57031,14.26586,14.30935,23300.0
2020-11-11,14.26586,14.30935,14.13538,14.26586,36800.0
2020-11-12,14.26586,14.35284,14.178870000000002,14.22236,43200.0
2020-11-13,14.22236,14.26586,14.178870000000002,14.178870000000002,41100.0
2020-11-16,14.178870000000002,14.30935,14.13538,14.13538,28500.0
2020-11-17,14.13538,14.30935,14.09188,14.22236,28300.0
2020-11-18,14.22236,14.30935,14.178870000000002,14.22236,21100.0
2020-11-19,14.22236,14.6573,14.13538,14.57031,87000.0
2020-11-20,14.6138,14.74428,14.57031,14.700790000000001,49300.0
2020-11-23,14.787780000000001,14.87477,14.700790000000001,14.700790000000001,77700.0
2020-11-24,14.700790000000001,14.700790000000001,14.39634,14.483319999999999,28500.0
2020-11-25,14.483319999999999,14.57031,14.35284,14.43983,50000.0
2020-11-26,14.43983,14.74428,14.43983,14.700790000000001,99800.0
2020-11-27,14.787780000000001,15.179219999999999,14.787780000000001,15.00525,118600.0
2020-11-30,15.00525,15.44018,15.00525,15.04874,65100.0
2020-12-01,15.04874,15.04874,14.787780000000001,15.04874,50500.0
2020-12-02,15.04874,15.092229999999999,14.83127,14.96175,47100.0
2020-12-03,14.787780000000001,15.44018,14.787780000000001,15.26621,317100.0
2020-12-04,15.26621,15.788129999999999,15.26621,15.701139999999999,244700.0
2020-12-07,17.26691,17.26691,15.875110000000001,16.22306,83900.0
2020-12-08,16.22306,16.31005,15.875110000000001,16.0056,144200.0
2020-12-09,15.9621,16.26656,15.875110000000001,16.0056,117400.0
2020-12-10,16.0056,16.04909,15.875110000000001,15.875110000000001,92700.0
2020-12-11,15.788129999999999,16.04909,15.744629999999999,16.04909,43230.0
2020-12-14,16.09258,16.09258,15.701139999999999,16.04909,45841.0
2020-12-15,16.04909,16.09258,15.918610000000001,15.9621,80616.0
2020-12-16,15.9621,15.9621,15.744629999999999,15.875110000000001,60539.0
2020-12-17,15.918610000000001,15.9621,15.744629999999999,15.831620000000001,36556.0
2020-12-18,15.831620000000001,15.831620000000001,15.57066,15.788129999999999,67805.0
2020-12-21,15.831620000000001,15.9621,15.788129999999999,15.788129999999999,49085.0
2020-12-22,15.831620000000001,15.831620000000001,14.96175,15.788129999999999,97145.0
2020-12-23,15.788129999999999,15.788129999999999,15.65765,15.65765,31532.0
2020-12-24,15.65765,15.788129999999999,15.22271,15.61415,70270.0
2020-12-25,15.61415,15.831620000000001,15.61415,15.65765,40649.0
2020-12-28,15.918610000000001,15.918610000000001,15.309700000000001,15.744629999999999,62081.0
2020-12-29,15.788129999999999,15.788129999999999,15.65765,15.701139999999999,24882.0
2020-12-30,15.744629999999999,15.744629999999999,15.65765,15.65765,19108.0
2020-12-31,15.61415,15.875110000000001,15.61415,15.65765,36054.0
2021-01-04,15.875110000000001,16.31005,15.65765,16.13608,135868.0
2021-01-05,16.13608,16.31005,16.04909,16.17957,58734.0
2021-01-06,16.17957,16.17957,15.875110000000001,15.918610000000001,113925.0
2021-01-07,17.48437,17.48437,15.875110000000001,16.04909,57815.0
2021-01-08,15.875110000000001,16.09258,15.875110000000001,15.918610000000001,36562.0
2021-01-11,15.918610000000001,16.13608,15.918610000000001,16.0056,53874.0
2021-01-12,16.0056,16.04909,15.918610000000001,16.04909,63267.0
2021-01-13,16.09258,16.87546,16.09258,16.78848,284810.0
2021-01-14,16.91896,16.91896,16.6145,16.6145,46252.0
2021-01-15,16.52752,16.658,16.48402,16.6145,70603.0
2021-01-18,16.52752,16.52752,16.13608,16.26656,97770.0
2021-01-19,16.26656,16.353540000000002,15.092229999999999,15.65765,95946.0
2021-01-20,15.831620000000001,15.831620000000001,15.22271,15.65765,69600.0
2021-01-21,15.65765,16.04909,15.52717,16.04909,87105.0
2021-01-22,16.04909,16.04909,15.9621,15.9621,14550.0
2021-01-25,15.65765,15.918610000000001,15.61415,15.875110000000001,45054.0
2021-01-26,15.65765,15.875110000000001,15.48367,15.65765,120225.0
2021-01-27,15.65765,15.65765,15.396690000000001,15.61415,54817.0
2021-01-28,15.48367,15.48367,14.09188,14.09188,145988.0
2021-01-29,13.91791,15.135729999999999,13.91791,15.00525,41650.0
2021-02-01,14.787780000000001,14.83127,14.6138,14.83127,7915.0
2021-02-02,14.6138,14.87477,14.57031,14.83127,39090.0
2021-02-03,14.787780000000001,15.00525,14.787780000000001,14.96175,21516.0
2021-02-04,14.96175,14.96175,14.787780000000001,14.83127,15471.0
2021-02-05,14.87477,15.135729999999999,14.787780000000001,14.83127,48346.0
2021-02-08,14.83127,15.179219999999999,14.700790000000001,14.787780000000001,33228.0
2021-02-09,14.700790000000001,15.00525,14.700790000000001,14.96175,23740.0
2021-02-17,14.96175,15.179219999999999,14.96175,15.04874,33800.0
2021-02-18,15.135729999999999,15.788129999999999,15.092229999999999,15.65765,56910.0
2021-02-19,15.22271,15.875110000000001,15.22271,15.875110000000001,75162.0
2021-02-22,15.65765,15.875110000000001,15.65765,15.701139999999999,24132.0
2021-02-23,15.701139999999999,15.875110000000001,15.701139999999999,15.744629999999999,23570.0
2021-02-24,15.744629999999999,15.744629999999999,15.52717,15.61415,48266.0
2021-02-25,15.61415,15.61415,15.44018,15.48367,8800.0
2021-02-26,15.309700000000001,15.57066,15.309700000000001,15.57066,14021.0
2021-03-01,15.831620000000001,15.831620000000001,15.52717,15.57066,31409.0
2021-03-02,15.65765,15.701139999999999,15.52717,15.701139999999999,46020.0
2021-03-03,15.701139999999999,15.701139999999999,15.57066,15.65765,22654.0
2021-03-04,15.744629999999999,15.875110000000001,15.57066,15.788129999999999,63700.0
2021-03-05,15.9621,16.26656,15.831620000000001,16.22306,155614.0
2021-03-08,16.22306,16.6145,16.22306,16.22306,82490.0
2021-03-09,16.22306,16.22306,16.0056,16.13608,38342.0
2021-03-10,16.13608,16.13608,15.831620000000001,15.9621,76610.0
2021-03-11,15.9621,16.09258,15.875110000000001,16.09258,40900.0
2021-03-12,16.09258,16.09258,15.875110000000001,15.918610000000001,31573.0
2021-03-15,15.918610000000001,16.0056,15.875110000000001,15.875110000000001,56363.0
2021-03-16,15.918610000000001,15.918610000000001,15.744629999999999,15.788129999999999,40740.0
2021-03-17,15.788129999999999,15.831620000000001,15.65765,15.744629999999999,49035.0
2021-03-18,15.788129999999999,15.831620000000001,15.65765,15.788129999999999,50400.0
2021-03-19,15.788129999999999,15.831620000000001,15.701139999999999,15.831620000000001,20110.0
2021-03-22,15.831620000000001,15.831620000000001,15.701139999999999,15.788129999999999,38620.0
2021-03-23,15.788129999999999,15.831620000000001,15.701139999999999,15.744629999999999,54700.0
2021-03-24,15.65765,15.701139999999999,15.52717,15.61415,121035.0
2021-03-25,15.61415,15.61415,15.52717,15.52717,24970.0
2021-03-26,15.52717,15.65765,15.48367,15.65765,42402.0
2021-03-29,15.788129999999999,15.788129999999999,15.61415,15.788129999999999,13933.0
2021-03-30,15.875110000000001,15.918610000000001,15.65765,15.65765,18131.0
2021-03-31,15.788129999999999,15.875110000000001,15.61415,15.65765,38552.0
2021-04-01,15.65765,15.875110000000001,15.61415,15.744629999999999,44628.0
2021-04-02,15.744629999999999,15.831620000000001,15.701139999999999,15.788129999999999,17400.0
2021-04-05,15.788129999999999,15.788129999999999,15.65765,15.788129999999999,21614.0
2021-04-06,15.831620000000001,15.831620000000001,15.701139999999999,15.744629999999999,38443.0
2021-04-07,15.744629999999999,15.875110000000001,15.65765,15.831620000000001,51280.0
2021-04-08,15.875110000000001,15.875110000000001,15.701139999999999,15.744629999999999,10733.0
2021-04-09,15.788129999999999,15.788129999999999,15.701139999999999,15.744629999999999,47400.0
2021-04-12,15.744629999999999,15.744629999999999,15.61415,15.61415,88959.0
2021-04-13,15.61415,15.61415,15.44018,15.48367,88959.0
2021-04-14,15.396690000000001,15.61415,15.396690000000001,15.48367,54900.0
2021-04-15,15.52717,15.52717,15.44018,15.44018,17929.0
2021-04-16,15.48367,15.48367,15.135729999999999,15.135729999999999,20137.0
2021-04-19,15.22271,15.309700000000001,15.00525,15.092229999999999,12306.0
2021-04-20,15.092229999999999,15.22271,15.04874,15.04874,43616.0
2021-04-22,15.52717,15.57066,15.22271,15.396690000000001,28334.0
2021-04-23,15.44018,15.44018,15.22271,15.26621,47835.0
2021-04-26,15.44018,15.44018,15.22271,15.22271,38460.0
2021-04-27,15.22271,15.831620000000001,15.135729999999999,15.744629999999999,152700.0
2021-04-28,15.744629999999999,15.744629999999999,15.22271,15.309700000000001,21685.0
2021-04-29,15.44018,15.57066,15.44018,15.57066,14420.0
2021-05-04,15.57066,15.875110000000001,15.309700000000001,15.788129999999999,52500.0
2021-05-05,15.788129999999999,16.48402,15.788129999999999,16.353540000000002,350594.0
2021-05-06,16.39704,16.52752,16.09258,16.17957,43512.0
2021-05-07,16.313959999999998,16.313959999999998,16.09048,16.09048,26088.0
2021-05-10,16.09048,16.62683,15.68822,16.53744,202442.0
2021-05-11,16.49274,16.58214,16.09048,16.35866,34270.0
2021-05-12,16.313959999999998,16.313959999999998,16.04579,16.135180000000002,14300.0
2021-05-13,16.17987,16.53744,15.867,16.09048,113164.0
2021-05-14,16.09048,16.09048,15.911700000000002,16.09048,20102.0
2021-05-17,16.09048,16.09048,15.867,16.00109,62600.0
2021-05-18,15.911700000000002,16.76092,15.64352,16.76092,376997.0
2021-05-19,16.76092,17.744229999999998,16.76092,17.65483,522445.0
2021-05-20,17.65483,18.50405,17.65483,18.14649,329100.0
2021-05-21,17.878310000000003,18.99571,17.878310000000003,18.727529999999998,409304.0
2021-05-24,18.727529999999998,19.308580000000003,18.10179,19.219189999999998,364476.0
2021-05-25,19.219189999999998,19.75554,18.77223,18.77223,164585.0
2021-05-26,18.77223,19.75554,18.369970000000002,19.57675,278063.0
2021-05-27,19.53206,20.51536,19.353270000000002,20.1131,391712.0
2021-05-28,20.1131,20.33658,19.219189999999998,19.93432,93240.0
2021-05-31,19.93432,20.291880000000003,18.99571,20.20249,139929.0
2021-06-01,20.20249,20.783540000000002,19.26388,19.66614,119092.0
2021-06-02,19.66614,20.33658,19.57675,20.24719,193900.0
2021-06-03,20.56006,21.2305,20.291880000000003,21.1858,264322.0
2021-06-04,21.1858,21.453979999999998,20.1131,20.64945,119460.0
2021-06-07,20.56006,21.40928,20.56006,21.31989,237055.0
2021-06-08,21.31989,21.54337,20.783540000000002,21.00702,37200.0
2021-06-09,20.783540000000002,22.03502,20.783540000000002,21.67745,274451.0
2021-06-10,21.722150000000003,22.3032,21.31989,21.856240000000003,136960.0
2021-06-11,23.68876,23.68876,21.90093,22.079720000000002,41225.0
2021-06-14,22.079720000000002,22.97363,22.079720000000002,22.571369999999998,110319.0
2021-06-15,22.571369999999998,23.197110000000002,22.571369999999998,23.15241,121030.0
2021-06-16,22.571369999999998,23.15241,22.39259,22.61607,25012.0
2021-06-17,22.571369999999998,23.06302,22.48198,23.018330000000002,87311.0
2021-06-18,22.79485,24.135720000000003,22.571369999999998,24.09103,91097.0
2021-06-21,24.135720000000003,24.135720000000003,23.3312,23.50998,18998.0
2021-06-22,23.50998,23.73346,23.15241,23.68876,90420.0
2021-06-23,23.50998,23.50998,23.24181,23.2865,7930.0
2021-06-24,23.24181,23.73346,22.34789,23.10772,30495.0
2021-06-25,22.97363,23.77816,22.97363,23.46529,24941.0
2021-06-28,23.15241,23.24181,23.018330000000002,23.24181,13321.0
2021-06-29,23.018330000000002,23.018330000000002,22.66076,22.66076,27410.0
2021-06-30,22.61607,22.70546,22.571369999999998,22.70546,14944.0
2021-07-01,22.70546,22.70546,22.52667,22.52667,13400.0
2021-07-02,22.52667,22.52667,22.2585,22.437279999999998,21500.0
2021-07-05,22.39259,22.39259,21.94563,22.3032,43700.0
2021-07-06,22.2138,22.2585,22.079720000000002,22.079720000000002,20723.0
2021-07-07,21.81154,23.10772,21.81154,22.884240000000002,118300.0
2021-07-08,22.079720000000002,22.884240000000002,22.079720000000002,22.437279999999998,16400.0
2021-07-09,22.079720000000002,22.928939999999997,21.99032,22.79485,70654.0
2021-07-12,22.79485,22.79485,21.2305,21.36458,70880.0
2021-07-13,21.36458,22.2138,21.36458,22.16911,1900.0
2021-07-14,22.16911,22.79485,21.453979999999998,22.79485,148332.0
2021-07-15,22.12441,22.79485,22.12441,22.79485,54910.0
2021-07-16,22.79485,22.79485,22.75015,22.75015,2500.0
2021-07-19,22.34789,22.39259,21.90093,22.3032,53000.0
2021-07-20,22.3032,22.75015,22.12441,22.66076,49560.0
2021-07-21,22.75015,24.89555,22.75015,23.018330000000002,18772.0
2021-07-22,23.197110000000002,23.197110000000002,22.3032,23.10772,123500.0
2021-07-23,23.10772,23.24181,22.83954,23.10772,13200.0
2021-07-26,23.10772,23.24181,22.928939999999997,23.15241,14337.0
2021-07-27,22.884240000000002,22.928939999999997,22.34789,22.48198,33566.0
2021-07-28,22.437279999999998,22.97363,21.99032,22.12441,16920.0
2021-07-29,21.99032,22.70546,21.99032,22.70546,16952.0
2021-07-30,22.2138,22.3032,22.16911,22.3032,15600.0
2021-08-02,22.3032,22.3032,21.632759999999998,21.67745,185160.0
2021-08-03,21.588060000000002,22.3032,21.588060000000002,22.2138,6156.0
2021-08-04,22.2138,22.2138,21.67745,22.16911,5300.0
2021-08-05,21.67745,22.03502,21.54337,21.856240000000003,200070.0
2021-08-06,21.94563,21.94563,21.588060000000002,21.856240000000003,30790.0
2021-08-09,21.632759999999998,21.856240000000003,21.453979999999998,21.856240000000003,38516.0
2021-08-10,21.856240000000003,22.12441,21.81154,21.99032,64900.0
2021-08-11,21.99032,22.12441,21.632759999999998,22.079720000000002,64700.0
2021-08-12,21.94563,21.94563,21.81154,21.81154,13200.0
2021-08-13,21.81154,21.81154,21.632759999999998,21.67745,18772.0
2021-08-16,21.67745,23.42059,21.67745,23.3312,246832.0
2021-08-17,23.68876,24.3592,23.50998,23.50998,57881.0
2021-08-18,23.50998,23.68876,23.24181,23.64407,11000.0
2021-08-19,23.59937,23.59937,22.34789,22.79485,105280.0
2021-08-20,22.437279999999998,22.79485,22.16911,22.571369999999998,109942.0
2021-08-23,21.94563,22.66076,21.90093,22.66076,65750.0
2021-08-24,22.66076,22.66076,22.12441,22.34789,10336.0
2021-08-25,22.12441,22.79485,22.12441,22.75015,24800.0
2021-08-26,22.75015,22.884240000000002,22.079720000000002,22.70546,177246.0
2021-08-27,22.70546,22.79485,22.2585,22.70546,17316.0
2021-08-30,22.16911,22.571369999999998,22.12441,22.2585,35130.0
2021-08-31,22.571369999999998,23.3312,22.571369999999998,23.24181,154693.0
2021-09-01,23.82285,23.82285,22.79485,23.06302,51779.0
2021-09-06,23.06302,23.68876,22.39259,23.06302,90862.0
2021-09-07,22.437279999999998,23.018330000000002,22.437279999999998,22.79485,30514.0
2021-09-08,22.571369999999998,23.15241,22.571369999999998,22.79485,14000.0
2021-09-09,23.197110000000002,23.197110000000002,22.70546,23.197110000000002,88651.0
2021-09-10,22.61607,23.24181,22.61607,23.10772,20683.0
2021-09-13,23.10772,23.10772,22.75015,23.018330000000002,16835.0
2021-09-14,22.61607,23.06302,22.61607,23.06302,15720.0
2021-09-15,22.928939999999997,23.197110000000002,22.79485,23.197110000000002,9420.0
2021-09-16,23.197110000000002,23.24181,22.70546,23.197110000000002,11748.0
2021-09-17,22.79485,23.37589,22.79485,23.24181,36600.0
2021-09-20,23.50998,23.59937,22.79485,23.24181,29501.0
2021-09-21,23.24181,23.24181,22.79485,23.24181,7571.0
2021-09-22,22.884240000000002,23.24181,22.79485,23.10772,6900.0
2021-09-23,23.10772,23.10772,22.437279999999998,22.75015,44620.0
2021-09-24,22.70546,22.75015,22.34789,22.70546,25500.0
2021-09-27,22.48198,22.571369999999998,22.12441,22.2585,10578.0
2021-09-28,22.12441,24.44859,21.67745,24.44859,30800.0
2021-09-29,24.135720000000003,24.135720000000003,22.2585,22.34789,29720.0
2021-09-30,22.34789,22.79485,22.12441,22.66076,14045.0
2021-10-01,22.61607,22.66076,22.16911,22.61607,17000.0
2021-10-04,22.34789,23.68876,20.38128,21.94563,38520.0
2021-10-05,21.94563,22.79485,21.90093,22.34789,12501.0
2021-10-06,22.34789,22.928939999999997,22.34789,22.79485,16725.0
2021-10-07,22.75015,22.79485,22.34789,22.79485,39363.0
2021-10-08,22.34789,22.61607,22.34789,22.61607,12100.0
2021-10-11,22.66076,22.70546,22.34789,22.39259,19616.0
2021-10-12,22.39259,22.70546,22.39259,22.52667,8255.0
2021-10-13,22.52667,22.97363,22.34789,22.884240000000002,48100.0
2021-10-14,22.79485,23.24181,22.79485,22.97363,19142.0
2021-10-15,23.018330000000002,23.018330000000002,22.884240000000002,22.97363,24275.0
2021-10-18,22.571369999999998,23.018330000000002,22.571369999999998,23.018330000000002,58500.0
2021-10-19,23.018330000000002,23.018330000000002,22.571369999999998,22.70546,25200.0
2021-10-20,22.571369999999998,22.70546,22.571369999999998,22.66076,8900.0
2021-10-21,22.61607,22.70546,22.61607,22.70546,10747.0
2021-10-22,22.79485,22.97363,22.79485,22.97363,16976.0
2021-10-25,23.24181,25.25312,23.24181,25.25312,253061.0
2021-10-26,25.92355,27.75608,25.92355,27.66669,342787.0
2021-10-27,27.711380000000002,27.711380000000002,26.81747,27.26443,92763.0
2021-10-28,27.21973,27.21973,24.71677,26.10234,173544.0
2021-10-29,26.10234,27.040950000000002,26.05764,26.37051,153057.0
2021-11-01,26.37051,27.085639999999998,25.92355,26.147029999999997,87208.0
2021-11-02,26.147029999999997,26.147029999999997,25.25312,25.52129,238317.0
2021-11-03,25.565990000000003,26.147029999999997,25.476599999999998,25.52129,112523.0
2021-11-04,26.07292,26.623759999999997,25.7057,25.7057,42084.0
2021-11-05,25.65979,26.531950000000002,25.43028,25.98112,95691.0
2021-11-08,25.98112,26.39424,25.7057,26.02702,53700.0
2021-11-09,26.02702,26.34834,25.935209999999998,26.11882,73539.0
2021-11-10,26.16473,28.00085,26.07292,27.771330000000003,276332.0
2021-11-11,28.00085,28.32217,27.08279,27.54182,95502.0
2021-11-12,28.00085,28.41398,26.66966,27.08279,61830.0
2021-11-15,26.89918,29.33204,26.89918,28.00085,485748.0
2021-11-16,28.27627,28.96481,26.853270000000002,28.827099999999998,2797122.0
2021-11-17,28.873009999999997,29.37794,28.551689999999997,29.24023,368851.0
2021-11-18,29.37794,29.37794,28.23036,29.14843,409523.0
2021-11-19,28.91891,28.91891,28.00085,28.459880000000002,733202.0
2021-11-22,28.459880000000002,28.459880000000002,27.67953,27.771330000000003,543997.0
2021-11-23,27.771330000000003,28.09266,27.12869,27.95495,863804.0
2021-11-24,28.41398,29.60746,28.184459999999998,29.37794,975380.0
2021-11-25,29.37794,30.06649,29.37794,29.83697,596408.0
2021-11-26,29.83697,29.83697,28.505779999999998,29.37794,392896.0
2021-11-29,28.827099999999998,29.33204,28.459880000000002,28.96481,302083.0
2021-11-30,30.296,30.296,28.827099999999998,29.56155,506393.0
2021-12-01,28.91891,29.56155,28.91891,29.24023,267976.0
2021-12-02,29.24023,29.33204,28.7353,28.827099999999998,300669.0
2021-12-03,28.827099999999998,28.91891,28.27627,28.27627,441670.0
2021-12-06,28.873009999999997,28.91891,27.3123,27.771330000000003,203400.0
2021-12-07,27.54182,28.32217,27.35821,28.00085,155469.0
2021-12-08,28.00085,28.138560000000002,27.72543,28.00085,91501.0
2021-12-09,28.00085,28.184459999999998,27.771330000000003,28.184459999999998,118000.0
2021-12-10,28.184459999999998,28.23036,27.54182,28.00085,175806.0
2021-12-13,28.00085,28.184459999999998,27.58772,28.00085,158872.0
2021-12-14,28.00085,28.00085,27.63363,27.90904,160347.0
2021-12-15,27.81724,27.90904,27.54182,27.863139999999998,137953.0
2021-12-16,27.863139999999998,27.863139999999998,27.54182,27.81724,160121.0
2021-12-17,27.771330000000003,27.771330000000003,27.3123,27.54182,228400.0
2021-12-20,27.3123,27.63363,27.08279,27.35821,192001.0
2021-12-21,27.2205,27.3123,26.531950000000002,26.531950000000002,182506.0
2021-12-22,26.531950000000002,28.41398,25.7975,27.54182,332490.0
2021-12-23,27.54182,27.54182,26.531950000000002,26.80737,70515.0
2021-12-24,26.66966,27.03689,26.302439999999997,26.99098,48100.0
2021-12-27,26.16473,27.03689,25.7516,26.48605,118201.0
2021-12-28,26.623759999999997,27.54182,26.256529999999998,26.623759999999997,146360.0
2021-12-29,26.623759999999997,27.54182,26.623759999999997,27.35821,223613.0
2021-12-30,27.54182,27.771330000000003,27.40411,27.58772,187600.0
2021-12-31,27.63363,27.63363,27.35821,27.54182,168701.0
2022-01-04,27.54182,27.90904,27.54182,27.63363,92531.0
2022-01-05,27.63363,27.72543,27.495919999999998,27.67953,323125.0
2022-01-06,27.67953,27.771330000000003,27.495919999999998,27.54182,220792.0
2022-01-07,27.67953,28.41398,27.67953,28.23036,326169.0
2022-01-10,28.23036,28.36807,27.72543,27.771330000000003,113759.0
2022-01-11,27.771330000000003,27.90904,27.54182,27.863139999999998,203540.0
2022-01-12,28.36807,28.459880000000002,27.3123,27.863139999999998,209564.0
2022-01-13,28.00085,29.88287,28.00085,29.33204,494573.0
2022-01-14,29.79107,30.112389999999998,29.05662,29.56155,467984.0
2022-01-17,29.83697,30.2501,29.24023,29.83697,1153109.0
2022-01-18,29.88287,30.2501,29.60746,29.83697,252112.0
2022-01-19,29.83697,29.83697,29.24023,29.56155,130000.0
2022-01-20,29.37794,29.60746,29.05662,29.56155,148891.0
2022-01-21,29.42384,30.06649,29.37794,29.92878,372412.0
2022-01-24,29.92878,30.06649,28.505779999999998,29.19433,488310.0
2022-01-25,29.24023,29.79107,28.68939,29.37794,116360.0
2022-01-26,28.91891,29.37794,28.459880000000002,29.14843,174422.0
2022-01-27,29.14843,29.33204,28.7353,28.91891,130600.0
2022-01-28,28.781200000000002,31.8108,28.781200000000002,31.8108,163300.0
2022-02-07,31.8108,31.8108,30.112389999999998,30.433709999999998,101146.0
2022-02-08,30.296,30.296,29.37794,30.204189999999997,80734.0
2022-02-09,30.204189999999997,30.296,29.88287,30.204189999999997,76570.0
2022-02-10,30.204189999999997,30.296,29.83697,30.15829,75716.0
2022-02-11,30.15829,30.84684,29.69926,30.84684,244307.0
2022-02-14,32.13212,32.13212,29.74516,29.83697,1104334.0
2022-02-15,29.83697,29.83697,29.46975,29.79107,67024.0
2022-02-16,29.79107,30.06649,29.51565,30.06649,127350.0
2022-02-17,29.37794,29.92878,28.91891,29.92878,374256.0
2022-02-18,29.37794,29.97468,29.24023,29.60746,152236.0
2022-02-21,29.60746,29.60746,29.010720000000003,29.51565,91200.0
2022-02-22,29.42384,29.42384,28.827099999999998,29.14843,170210.0
2022-02-23,29.05662,29.37794,29.05662,29.28613,65610.0
2022-02-24,29.83697,29.83697,28.459880000000002,28.459880000000002,211305.0
2022-02-25,28.459880000000002,29.14843,28.459880000000002,28.91891,69720.0
2022-02-28,28.96481,28.96481,28.59759,28.873009999999997,68907.0
2022-03-01,28.873009999999997,29.14843,28.27627,28.36807,172900.0
2022-03-02,28.64349,28.91891,28.27627,28.68939,121000.0
2022-03-03,28.873009999999997,29.05662,28.36807,29.05662,113015.0
2022-03-04,28.91891,28.91891,28.27627,28.781200000000002,232610.0
2022-03-07,28.781200000000002,28.781200000000002,28.459880000000002,28.505779999999998,163800.0
2022-03-08,28.459880000000002,28.59759,28.27627,28.27627,321857.0
2022-03-09,28.41398,28.41398,27.771330000000003,28.23036,110703.0
2022-03-10,28.505779999999998,28.505779999999998,26.623759999999997,28.23036,131900.0
2022-03-11,28.23036,28.23036,27.54182,27.58772,77410.0
2022-03-14,27.54182,27.863139999999998,27.2205,27.2664,101788.0
2022-03-15,27.35821,29.83697,26.623759999999997,29.83697,535400.0
2022-03-16,29.79107,29.79107,27.17459,27.17459,547414.0
2022-03-17,27.81724,27.81724,27.3123,27.54182,35429.0
2022-03-18,27.3123,27.67953,27.3123,27.45001,64508.0
2022-03-21,27.45001,27.54182,26.66966,26.853270000000002,264131.0
2022-03-22,26.94508,27.2664,26.853270000000002,26.99098,65002.0
2022-03-23,26.89918,27.54182,26.89918,27.08279,74400.0
2022-03-24,27.08279,28.873009999999997,26.94508,28.09266,293770.0
2022-03-25,28.459880000000002,28.551689999999997,27.67953,27.771330000000003,422220.0
2022-03-28,27.81724,27.81724,26.89918,26.94508,385174.0
2022-03-29,26.94508,27.3123,26.80737,26.89918,222573.0
2022-03-30,26.89918,27.08279,26.853270000000002,26.99098,165215.0
2022-03-31,26.99098,27.08279,26.71556,26.761470000000003,100000.0
2022-04-01,26.16473,26.94508,26.16473,26.39424,273716.0
2022-04-04,26.440150000000003,26.71556,26.302439999999997,26.39424,275004.0
2022-04-05,26.39424,27.08279,26.39424,26.71556,171331.0
2022-04-06,26.71556,26.71556,26.16473,26.57786,260098.0
2022-04-07,26.16473,26.34834,26.07292,26.07292,323501.0
2022-04-08,26.07292,26.210630000000002,25.84341,25.935209999999998,122300.0
2022-04-12,26.02702,26.02702,25.20076,25.20076,220515.0
2022-04-13,25.29257,25.43028,24.83354,25.246669999999998,136125.0
2022-04-14,25.38438,25.7057,25.246669999999998,25.7057,84490.0
2022-04-15,25.7057,25.84341,25.47618,25.84341,78598.0
2022-04-18,25.7516,26.02702,25.47618,25.84341,110000.0
2022-04-19,25.84341,25.84341,25.56799,25.613889999999998,38210.0
2022-04-20,25.47618,25.47618,25.10896,25.246669999999998,144601.0
2022-04-21,25.06306,25.246669999999998,24.69583,24.69583,210516.0
2022-04-22,24.78764,24.78764,23.41055,24.32861,110773.0
2022-04-25,24.32861,24.32861,21.89575,22.49249,184514.0
2022-04-26,22.354779999999998,22.722,21.34491,22.722,45400.0
2022-04-27,22.49249,23.318740000000002,22.49249,23.18103,50100.0
2022-04-28,23.18103,23.318740000000002,22.997419999999998,23.13513,103305.0
2022-04-29,23.13513,24.69583,23.13513,24.69583,45269.0
2022-05-04,24.69583,24.87944,24.604020000000002,24.604020000000002,159031.0
2022-05-05,24.604020000000002,24.74173,24.282700000000002,24.74173,89900.0
2022-05-06,24.69583,24.69583,24.14499,24.32861,65210.0
2022-05-09,23.91548,23.91548,22.49249,22.85971,41946.0
2022-05-10,22.44658,23.13513,22.354779999999998,23.13513,38703.0
2022-05-11,22.63019,22.81381,22.40068,22.63019,18020.0
2022-05-12,22.262970000000003,22.58429,21.57442,22.30887,91013.0
2022-05-13,22.44658,22.44658,20.105529999999998,21.57442,96100.0
2022-05-16,21.52852,22.53839,20.83998,21.43672,45000.0
2022-05-17,21.43672,21.66623,20.19733,21.620330000000003,38404.0
2022-05-18,22.51068,22.51068,21.103759999999998,21.90102,40213.0
2022-05-19,20.16582,21.854119999999998,20.16582,21.572740000000003,12500.0
2022-05-20,21.478939999999998,21.52584,20.916169999999997,21.33825,16001.0
2022-05-23,21.33825,21.33825,20.68169,20.916169999999997,58502.0
2022-05-24,20.447200000000002,20.86928,20.16582,20.634790000000002,66700.0
2022-05-25,20.634790000000002,20.86928,20.11892,20.634790000000002,97200.0
2022-05-26,20.634790000000002,21.478939999999998,20.634790000000002,21.478939999999998,104100.0
2022-05-27,20.16582,22.04171,20.072020000000002,21.33825,25848.0
2022-05-30,21.197560000000003,21.43204,20.775479999999998,21.05687,111922.0
2022-05-31,21.05687,21.05687,20.634790000000002,21.009970000000003,75900.0
2022-06-01,20.86928,20.96307,20.541,20.86928,26500.0
2022-06-02,20.86928,20.86928,20.40031,20.541,50400.0
2022-06-03,20.634790000000002,20.634790000000002,19.97823,20.541,97830.0
2022-06-06,20.634790000000002,20.86928,20.541,20.587889999999998,15970.0
2022-06-07,20.541,20.541,19.97823,20.4941,37700.0
2022-06-08,20.4941,20.634790000000002,20.40031,20.40031,39419.0
2022-06-09,20.40031,20.587889999999998,20.02513,20.21272,47500.0
2022-06-10,19.884439999999998,20.35341,19.79064,20.35341,38100.0
2022-06-13,19.931330000000003,19.931330000000003,18.805799999999998,19.696849999999998,143251.0
2022-06-14,20.11892,20.11892,18.52442,19.22787,31004.0
2022-06-15,18.993389999999998,18.993389999999998,18.055439999999997,18.7589,95604.0
2022-06-16,18.993389999999998,18.993389999999998,18.19613,18.243029999999997,61834.0
2022-06-17,18.19613,18.289930000000002,18.055439999999997,18.243029999999997,52700.0
2022-06-20,18.289930000000002,18.289930000000002,17.82096,18.149240000000002,79900.0
2022-06-21,18.10234,18.149240000000002,17.35198,18.10234,111400.0
2022-06-22,18.10234,18.10234,17.44578,17.82096,37900.0
2022-06-23,17.82096,17.82096,17.1175,17.53957,81612.0
2022-06-24,17.867849999999997,17.867849999999997,17.398880000000002,17.398880000000002,28100.0
2022-06-27,18.149240000000002,18.149240000000002,17.1175,17.82096,96920.0
2022-06-28,17.72716,17.774060000000002,17.25819,17.30509,72000.0
2022-06-29,17.35198,17.82096,17.30509,17.586470000000002,61700.0
2022-06-30,17.72716,17.72716,17.398880000000002,17.398880000000002,47943.0
2022-07-01,17.398880000000002,17.72716,17.25819,17.53957,34900.0
2022-07-04,17.774060000000002,17.82096,17.586470000000002,17.72716,57800.0
2022-07-05,17.586470000000002,17.82096,17.35198,17.774060000000002,47200.0
2022-07-06,17.53957,17.72716,17.35198,17.72716,38000.0
2022-07-07,17.30509,17.72716,17.30509,17.680259999999997,41000.0
2022-07-08,17.680259999999997,17.961650000000002,17.44578,17.867849999999997,61800.0
2022-07-11,19.08699,19.08699,17.797330000000002,17.9005,44808.0
2022-07-12,17.9005,18.21002,17.9005,18.21002,22802.0
2022-07-13,18.21002,18.77747,18.055259999999997,18.77747,31600.0
2022-07-14,18.77747,19.08699,18.57113,19.08699,85046.0
2022-07-15,19.29334,19.29334,18.829060000000002,18.829060000000002,26304.0
2022-07-18,20.067130000000002,20.067130000000002,18.829060000000002,19.19016,14100.0
2022-07-19,18.93223,19.24175,18.829060000000002,19.24175,24800.0
2022-07-20,19.24175,19.86079,19.24175,19.86079,77505.0
2022-07-21,19.86079,21.098860000000002,19.75762,21.047279999999997,100100.0
2022-07-22,21.15045,21.56314,20.89252,21.40838,112500.0
2022-07-25,20.9441,21.40838,20.9441,21.20204,35200.0
2022-07-26,20.99569,21.20204,20.63459,20.9441,61800.0
2022-07-27,20.27348,20.89252,19.96396,20.17031,70710.0
2022-07-28,20.22189,20.63459,20.11872,20.11872,27500.0
2022-07-29,20.583,20.63459,20.11872,20.583,60102.0
2022-08-01,20.63459,21.666310000000003,20.63459,21.3568,112600.0
2022-08-02,21.253619999999998,21.51155,21.15045,21.20204,45000.0
2022-08-03,20.63459,21.51155,20.63459,21.3568,39800.0
2022-08-04,21.459970000000002,21.459970000000002,20.89252,20.99569,54206.0
2022-08-05,20.99569,21.30521,20.99569,21.098860000000002,52600.0
2022-08-08,21.20204,21.40838,20.84093,20.89252,37610.0
2022-08-09,20.9441,21.047279999999997,20.737759999999998,20.89252,62100.0
2022-08-10,20.89252,21.15045,20.737759999999998,20.99569,47006.0
2022-08-11,21.253619999999998,21.253619999999998,20.63459,20.737759999999998,94400.0
2022-08-12,20.78934,22.079009999999997,19.60286,22.079009999999997,228549.0
2022-08-15,22.02742,22.74963,22.02742,22.698040000000002,253710.0
2022-08-16,22.646459999999998,22.74963,22.44011,22.74963,78105.0
2022-08-17,22.74963,22.74963,22.23377,22.44011,122100.0
2022-08-18,22.18218,22.90439,22.18218,22.59487,58120.0
2022-08-19,22.59487,22.59487,22.13059,22.44011,41150.0
2022-08-22,22.18218,22.54328,21.975830000000002,22.18218,48229.0
2022-08-23,21.92425,22.4917,21.76949,22.44011,44200.0
2022-08-24,22.18218,22.44011,21.975830000000002,22.23377,71900.0
2022-08-25,22.23377,22.44011,22.079009999999997,22.38852,19200.0
2022-08-26,22.23377,22.44011,22.079009999999997,22.33694,80600.0
2022-08-29,22.23377,22.23377,21.7179,22.02742,84808.0
2022-08-30,22.18218,23.00756,22.13059,22.54328,150200.0
2022-08-31,22.54328,22.698040000000002,22.44011,22.59487,80700.0
2022-09-05,22.59487,22.95598,22.4917,22.4917,66190.0
2022-09-06,22.4917,22.646459999999998,22.285349999999998,22.285349999999998,41483.0
2022-09-07,22.23377,22.285349999999998,21.56314,21.56314,102100.0
2022-09-08,21.56314,21.666310000000003,21.40838,21.459970000000002,74672.0
2022-09-09,21.666310000000003,21.666310000000003,21.20204,21.40838,35501.0
2022-09-12,21.40838,21.92425,21.30521,21.40838,14390.0
2022-09-13,21.3568,21.3568,20.63459,20.89252,53567.0
2022-09-14,20.63459,20.99569,20.53141,20.84093,113063.0
2022-09-15,20.84093,21.40838,20.53141,20.89252,106015.0
2022-09-16,21.459970000000002,21.459970000000002,20.686169999999997,20.99569,59323.0
2022-09-19,20.99569,20.99569,19.75762,19.75762,113644.0
2022-09-20,19.75762,20.78934,19.60286,20.11872,24063.0
2022-09-21,20.32507,20.583,19.91237,20.27348,22622.0
2022-09-22,20.27348,20.479830000000003,19.91237,20.27348,48416.0
2022-09-23,20.067130000000002,20.32507,20.067130000000002,20.27348,18745.0
2022-09-26,19.75762,20.015549999999998,19.39651,19.86079,31471.0
2022-09-27,19.08699,20.22189,18.880650000000003,20.015549999999998,23672.0
2022-09-28,20.015549999999998,20.015549999999998,19.55127,19.75762,56811.0
2022-09-29,19.8092,20.015549999999998,19.60286,19.60286,47175.0
2022-09-30,19.60286,19.70603,18.6743,19.55127,89866.0
2022-10-03,19.34492,19.34492,18.57113,18.622709999999998,54880.0
2022-10-04,18.72589,18.880650000000003,18.57113,18.57113,45228.0
2022-10-05,18.880650000000003,19.035400000000003,18.622709999999998,19.035400000000003,31930.0
2022-10-06,19.035400000000003,19.34492,18.72589,18.93223,72100.0
2022-10-07,18.93223,18.93223,18.055259999999997,18.31319,106317.0
2022-10-10,18.26161,18.51954,18.055259999999997,18.51954,40217.0
2022-10-11,18.98382,19.29334,17.797330000000002,17.797330000000002,152977.0
2022-10-12,18.15843,18.51954,18.055259999999997,18.31319,30303.0
2022-10-13,18.31319,18.36478,18.31319,18.36478,28600.0
2022-10-14,18.57113,19.49968,18.36478,19.34492,172336.0
2022-10-17,19.29334,19.55127,19.08699,19.55127,40792.0
2022-10-18,19.86079,20.015549999999998,19.13858,19.34492,37479.0
2022-10-19,19.86079,19.86079,19.29334,19.34492,14580.0
2022-10-20,19.34492,19.4481,19.24175,19.39651,15570.0
2022-10-21,19.08699,19.08699,18.055259999999997,18.055259999999997,149023.0
2022-10-24,18.106849999999998,18.36478,18.00368,18.15843,133497.0
2022-10-25,18.106849999999998,18.26161,17.74574,18.055259999999997,102749.0
2022-10-26,18.21002,18.21002,17.69416,17.797330000000002,37932.0
2022-10-27,17.84892,18.57113,17.84892,18.41637,38013.0
2022-10-28,18.72589,18.72589,18.41637,18.41637,9459.0
2022-10-31,18.57113,18.57113,18.055259999999997,18.106849999999998,54203.0
2022-11-01,18.106849999999998,18.829060000000002,18.106849999999998,18.72589,42326.0
2022-11-02,19.13858,19.13858,18.31319,18.31319,55630.0
2022-11-03,18.467950000000002,18.467950000000002,18.15843,18.467950000000002,33069.0
2022-11-04,18.31319,18.41637,18.055259999999997,18.26161,69974.0
2022-11-07,18.41637,18.41637,17.952090000000002,18.00368,77973.0
2022-11-08,17.797330000000002,18.21002,16.24974,17.952090000000002,247404.0
2022-11-09,18.15843,18.21002,17.797330000000002,17.952090000000002,33279.0
2022-11-10,18.00368,18.00368,16.19815,16.19815,142378.0
2022-11-11,14.59897,17.5394,14.59897,16.4045,49320.0
2022-11-14,15.57911,16.4045,14.90849,14.96007,119507.0
2022-11-15,13.722,14.96007,13.722,14.03152,160348.0
2022-11-16,12.63868,15.372770000000001,12.63868,15.372770000000001,89457.0
2022-11-17,15.52753,16.04339,15.52753,15.9918,86930.0
2022-11-18,15.733870000000001,15.9918,15.57911,15.733870000000001,48926.0
2022-11-21,15.733870000000001,16.04339,15.733870000000001,15.9918,12011.0
2022-11-22,15.9918,16.24974,15.785459999999999,16.14656,61820.0
2022-11-23,16.14656,16.19815,16.14656,16.14656,28259.0
2022-11-24,15.88863,16.14656,15.83704,16.14656,24505.0
2022-11-25,16.35291,16.66243,16.19815,16.66243,30370.0
2022-11-28,17.023529999999997,17.64257,17.023529999999997,17.59098,46386.0
2022-11-29,17.59098,17.952090000000002,17.436220000000002,17.69416,17201.0
2022-11-30,17.80146,17.96329,17.63962,17.63962,18035.0
2022-12-01,17.100189999999998,17.58568,17.04624,17.31596,11587.0
2022-12-02,16.830470000000002,17.26202,16.72258,16.9923,37875.0
2022-12-05,16.9923,18.28695,16.9923,17.74751,62420.0
2022-12-06,17.74751,17.74751,17.26202,17.26202,49584.0
2022-12-07,17.26202,17.531740000000003,17.04624,17.26202,63359.0
2022-12-08,17.531740000000003,17.58568,17.26202,17.26202,53463.0
2022-12-09,17.26202,17.531740000000003,17.04624,17.531740000000003,19567.0
2022-12-12,17.531740000000003,18.071180000000002,17.531740000000003,17.531740000000003,53772.0
2022-12-13,17.477790000000002,17.531740000000003,17.100189999999998,17.36991,5617.0
2022-12-14,17.36991,17.63962,17.31596,17.477790000000002,26445.0
2022-12-15,17.26202,17.477790000000002,17.154130000000002,17.477790000000002,14508.0
2022-12-16,17.423849999999998,17.477790000000002,17.26202,17.423849999999998,19912.0
2022-12-19,17.26202,17.531740000000003,17.26202,17.423849999999998,14210.0
2022-12-20,15.69765,17.477790000000002,15.69765,17.26202,117129.0
2022-12-21,17.26202,17.26202,17.100189999999998,17.20807,8122.0
2022-12-22,17.26202,17.26202,17.154130000000002,17.154130000000002,12692.0
2022-12-23,16.9923,17.154130000000002,16.9923,17.154130000000002,7573.0
2022-12-26,17.531740000000003,17.531740000000003,16.72258,17.26202,19930.0
2022-12-27,17.26202,17.423849999999998,16.72258,17.26202,4392.0
2022-12-28,17.26202,17.26202,17.26202,17.26202,3081.0
2022-12-29,17.31596,17.531740000000003,17.04624,17.36991,3923.0
2022-12-30,17.31596,17.31596,17.26202,17.26202,4200.0
2023-01-03,17.154130000000002,17.477790000000002,17.154130000000002,17.477790000000002,32060.0
2023-01-04,17.477790000000002,17.477790000000002,17.31596,17.477790000000002,17518.0
2023-01-05,17.531740000000003,17.531740000000003,17.154130000000002,17.477790000000002,23748.0
2023-01-06,17.423849999999998,17.531740000000003,17.20807,17.531740000000003,25602.0
2023-01-09,17.531740000000003,17.531740000000003,17.26202,17.423849999999998,7527.0
2023-01-10,17.154130000000002,17.31596,17.154130000000002,17.31596,12033.0
2023-01-11,17.26202,17.36991,17.26202,17.31596,13148.0
2023-01-12,17.26202,17.423849999999998,17.26202,17.423849999999998,13681.0
2023-01-13,17.423849999999998,17.477790000000002,17.26202,17.26202,22160.0
2023-01-16,17.20807,17.423849999999998,17.20807,17.423849999999998,42040.0
2023-01-17,17.36991,18.44878,17.36991,18.340889999999998,101508.0
2023-01-18,18.071180000000002,18.340889999999998,18.017229999999998,18.340889999999998,35264.0
2023-01-19,18.23301,18.28695,18.017229999999998,18.071180000000002,38700.0
2023-01-27,18.071180000000002,18.23301,18.071180000000002,18.12512,61465.0
2023-01-30,18.12512,18.340889999999998,18.071180000000002,18.23301,31096.0
2023-01-31,18.17906,18.340889999999998,18.017229999999998,18.28695,72090.0
2023-02-01,18.340889999999998,18.61061,18.071180000000002,18.071180000000002,74220.0
2023-02-02,17.80146,18.071180000000002,17.80146,17.855400000000003,17500.0
2023-02-03,17.80146,18.017229999999998,17.80146,17.855400000000003,4092.0
2023-02-06,17.74751,17.80146,17.69357,17.80146,10000.0
2023-02-07,17.80146,17.90934,17.531740000000003,17.69357,16619.0
2023-02-08,17.26202,17.58568,17.26202,17.58568,24817.0
2023-02-09,17.58568,17.58568,17.26202,17.423849999999998,10011.0
2023-02-10,17.477790000000002,17.58568,17.100189999999998,17.100189999999998,21910.0
2023-02-13,17.26202,17.531740000000003,16.72258,17.20807,15334.0
2023-02-14,17.26202,17.26202,16.9923,17.100189999999998,1703.0
2023-02-15,16.50681,17.100189999999998,16.50681,17.100189999999998,6047.0
2023-02-16,17.26202,17.26202,17.154130000000002,17.20807,25545.0
2023-02-17,17.100189999999998,17.26202,17.100189999999998,17.26202,11230.0
2023-02-20,17.423849999999998,17.531740000000003,17.26202,17.423849999999998,22919.0
2023-02-21,17.423849999999998,17.531740000000003,17.36991,17.36991,31164.0
2023-02-22,17.26202,17.531740000000003,17.20807,17.36991,30250.0
2023-02-23,17.26202,17.26202,17.100189999999998,17.154130000000002,19151.0
2023-02-24,16.93836,17.26202,16.88441,17.26202,26400.0
2023-02-27,17.04624,17.26202,16.830470000000002,17.26202,4129.0
2023-02-28,17.477790000000002,17.477790000000002,16.88441,17.20807,23464.0
2023-03-01,17.69357,17.69357,16.93836,17.154130000000002,136920.0
2023-03-02,17.36991,17.531740000000003,17.04624,17.26202,12001.0
2023-03-03,17.26202,17.26202,17.04624,17.100189999999998,13103.0
2023-03-06,17.26202,17.26202,16.93836,16.9923,16288.0
2023-03-07,17.20807,17.20807,17.100189999999998,17.100189999999998,400.0
2023-03-08,17.100189999999998,17.154130000000002,17.100189999999998,17.154130000000002,7100.0
2023-03-09,17.26202,17.26202,17.154130000000002,17.20807,2010.0
2023-03-10,17.26202,17.26202,16.9923,16.9923,9670.0
2023-03-13,16.9923,17.154130000000002,16.830470000000002,16.9923,27818.0
2023-03-14,16.88441,16.93836,16.72258,16.830470000000002,23674.0
2023-03-15,16.77652,16.9923,16.77652,16.88441,7460.0
2023-03-16,16.88441,17.26202,16.88441,16.9923,10310.0
2023-03-17,16.72258,17.04624,16.23709,16.88441,8100.0
2023-03-20,16.88441,16.88441,16.61469,16.61469,30610.0
2023-03-21,16.61469,16.72258,16.61469,16.61469,2862.0
2023-03-22,16.88441,16.93836,16.72258,16.93836,1740.0
2023-03-23,16.66864,16.830470000000002,16.50681,16.77652,3300.0
2023-03-24,16.77652,16.77652,16.72258,16.72258,4020.0
2023-03-27,16.72258,16.72258,16.61469,16.66864,12692.0
2023-03-28,16.830470000000002,16.830470000000002,16.66864,16.66864,4285.0
2023-03-29,16.66864,16.72258,16.66864,16.72258,7800.0
2023-03-30,16.9923,16.9923,16.88441,16.88441,7947.0
2023-03-31,16.88441,16.88441,16.830470000000002,16.830470000000002,16322.0
2023-04-03,17.100189999999998,17.100189999999998,16.77652,16.77652,10200.0
2023-04-04,16.830470000000002,16.9923,16.830470000000002,16.9923,14411.0
2023-04-05,16.9923,16.9923,16.93836,16.9923,9486.0
2023-04-06,17.04624,17.31596,16.93836,17.100189999999998,28212.0
2023-04-07,16.9923,16.9923,16.93836,16.9923,11755.0
2023-04-10,17.04624,17.04624,16.93836,17.04624,30133.0
2023-04-11,17.04624,17.477790000000002,16.9923,17.477790000000002,37340.0
2023-04-12,17.477790000000002,17.477790000000002,17.20807,17.26202,16300.0
2023-04-13,17.26202,17.36991,17.20807,17.36991,30145.0
2023-04-14,17.36991,17.36991,17.20807,17.20807,30534.0
2023-04-17,16.72258,17.20807,16.72258,17.154130000000002,15406.0
2023-04-18,17.154130000000002,17.31596,17.154130000000002,17.26202,27800.0
2023-04-19,17.154130000000002,17.63962,17.154130000000002,17.58568,33995.0
2023-04-20,17.58568,18.50273,17.58568,18.50273,105881.0
2023-04-21,18.61061,19.15005,18.61061,18.82639,114009.0
2023-04-24,18.88033,18.88033,18.23301,18.340889999999998,53190.0
2023-04-25,18.28695,18.340889999999998,17.855400000000003,17.96329,53900.0
2023-04-26,17.69357,19.689490000000003,17.69357,19.311880000000002,84019.0
2023-04-27,19.311880000000002,20.228930000000002,19.09611,19.09611,74707.0
2023-04-28,19.09611,19.311880000000002,18.66456,18.7185,40431.0
2023-05-04,18.44878,19.63555,18.44878,19.365830000000003,85446.0
2023-05-05,19.365830000000003,19.41977,18.82639,19.04216,30029.0
2023-05-08,19.09611,19.15005,18.77244,18.77244,27879.0
2023-05-09,19.15005,19.15005,18.7185,18.88033,55666.0
2023-05-10,18.88033,19.15005,18.66456,19.15005,29686.0
2023-05-11,19.204,19.204,18.88033,18.88033,23602.0
2023-05-12,18.88033,19.15005,18.77244,19.15005,31029.0
2023-05-15,19.15005,19.15005,18.88033,18.934279999999998,41065.0
2023-05-16,18.934279999999998,19.204,18.934279999999998,19.09611,45254.0
2023-05-17,19.15005,19.41977,18.88033,19.204,55137.0
2023-05-18,19.204,19.257939999999998,19.09611,19.15005,15567.0
2023-05-19,18.934279999999998,18.988220000000002,18.82639,18.88033,61661.0
2023-05-22,18.88033,19.15005,18.88033,18.88033,22846.0
2023-05-23,18.934279999999998,18.934279999999998,18.82639,18.82639,21243.0
2023-05-24,19.15005,19.15005,18.61061,18.7185,22061.0
2023-05-25,18.7185,18.988220000000002,18.7185,18.988220000000002,14803.0
2023-05-26,18.988220000000002,18.988220000000002,18.88033,18.988220000000002,15402.0
2023-05-29,18.82639,18.988220000000002,18.82639,18.988220000000002,25539.0
2023-05-30,18.988220000000002,19.04216,18.88033,18.988220000000002,26534.0
2023-05-31,19.1523,19.261740000000003,19.1523,19.1523,19052.0
2023-06-01,19.1523,19.261740000000003,19.042849999999998,19.1523,24571.0
2023-06-02,19.1523,19.53534,18.98813,19.37118,81505.0
2023-06-05,19.425900000000002,19.425900000000002,19.1523,19.425900000000002,29198.0
2023-06-06,19.425900000000002,19.48062,19.20702,19.425900000000002,21212.0
2023-06-07,19.425900000000002,19.75422,19.37118,19.53534,31450.0
2023-06-08,19.6995,19.86367,19.31646,19.53534,41860.0
2023-06-09,19.59006,19.6995,19.31646,19.53534,39763.0
2023-06-12,19.6995,21.45057,19.6995,21.45057,245509.0
2023-06-13,21.7789,22.0525,21.39585,21.505290000000002,66782.0
2023-06-14,21.505290000000002,21.505290000000002,20.57504,20.629759999999997,134271.0
2023-06-15,20.629759999999997,20.79392,20.356150000000003,20.4656,45549.0
2023-06-16,20.4656,20.90336,20.356150000000003,20.356150000000003,32578.0
2023-06-19,20.356150000000003,21.12225,20.356150000000003,20.79392,68231.0
2023-06-20,20.84864,20.84864,20.356150000000003,20.7392,30970.0
2023-06-21,20.68448,20.68448,20.41087,20.68448,18702.0
2023-06-22,21.0128,21.0128,20.356150000000003,20.68448,52341.0
2023-06-23,20.356150000000003,20.57504,20.356150000000003,20.57504,26861.0
2023-06-26,20.57504,21.0128,20.41087,21.0128,44616.0
2023-06-27,21.067520000000002,21.83362,20.84864,21.067520000000002,39311.0
2023-06-28,20.84864,21.0128,20.68448,20.68448,35432.0
2023-06-29,20.520319999999998,20.629759999999997,20.356150000000003,20.356150000000003,34166.0
2023-06-30,20.19199,20.629759999999997,20.19199,20.520319999999998,14980.0
2023-07-03,20.57504,21.17697,20.41087,21.12225,64828.0
2023-07-04,21.28641,21.83362,21.12225,21.7789,102848.0
2023-07-05,21.34113,22.92803,21.34113,22.43555,198291.0
2023-07-06,22.43555,22.70915,21.88834,22.161939999999998,65116.0
2023-07-07,22.161939999999998,23.475240000000003,21.83362,23.31108,194166.0
2023-07-10,23.31108,23.748849999999997,22.49027,23.20164,44427.0
2023-07-11,23.42052,23.42052,22.49027,22.599709999999998,55870.0
2023-07-12,22.599709999999998,23.20164,22.599709999999998,23.20164,27444.0
2023-07-13,23.20164,23.42052,22.92803,23.037470000000003,60263.0
2023-07-14,23.037470000000003,23.52996,22.87331,22.98275,39984.0
2023-07-17,23.20164,23.25636,22.87331,23.25636,36430.0
2023-07-18,23.037470000000003,23.092200000000002,22.544990000000002,22.98275,46054.0
2023-07-19,22.98275,24.02245,22.70915,24.02245,97343.0
2023-07-20,24.07717,24.6791,23.69413,23.69413,124983.0
2023-07-21,23.52996,23.52996,22.49027,23.42052,134646.0
2023-07-24,23.3658,23.42052,22.70915,22.98275,69425.0
2023-07-25,22.98275,23.748849999999997,22.98275,23.25636,57901.0
2023-07-26,22.98275,23.146919999999998,22.70915,22.87331,57688.0
2023-07-27,22.76387,22.98275,22.70915,22.70915,50313.0
2023-07-28,22.70915,22.98275,22.49027,22.81859,49610.0
2023-07-31,22.98275,22.98275,22.43555,22.81859,45851.0
2023-08-01,22.81859,22.98275,22.49027,22.65443,56217.0
2023-08-02,22.76387,23.42052,22.43555,22.599709999999998,57367.0
2023-08-03,22.49027,22.81859,22.49027,22.544990000000002,32022.0
2023-08-04,22.544990000000002,22.92803,22.544990000000002,22.92803,38219.0
2023-08-07,22.98275,22.98275,22.544990000000002,22.92803,26160.0
2023-08-08,22.92803,22.98275,22.70915,22.81859,26650.0
2023-08-09,22.81859,22.98275,22.65443,22.98275,37941.0
2023-08-10,22.98275,23.25636,22.98275,23.146919999999998,73598.0
2023-08-11,23.146919999999998,23.31108,22.49027,22.81859,26500.0
2023-08-14,23.037470000000003,23.037470000000003,22.65443,23.037470000000003,19719.0
2023-08-15,23.037470000000003,23.037470000000003,22.70915,22.98275,8400.0
2023-08-16,22.70915,22.92803,22.70915,22.92803,22800.0
2023-08-17,22.70915,22.81859,22.0525,22.76387,70901.0
2023-08-18,22.65443,22.65443,21.34113,21.34113,41857.0
2023-08-21,20.79392,21.34113,20.79392,21.17697,35896.0
2023-08-22,21.17697,21.34113,20.57504,20.958080000000002,53651.0
2023-08-23,20.958080000000002,21.067520000000002,20.79392,20.79392,15532.0
2023-08-24,20.84864,21.17697,20.79392,21.17697,8689.0
2023-08-25,21.28641,21.28641,20.79392,20.79392,25608.0
2023-08-28,21.17697,21.17697,20.57504,20.57504,14425.0
2023-08-29,20.68448,21.067520000000002,20.68448,21.067520000000002,18305.0
2023-08-30,20.84864,21.28641,20.7392,21.23169,35004.0
2023-08-31,21.23169,21.28641,20.84864,21.0128,27037.0
2023-09-05,21.28641,21.56001,21.17697,21.17697,29500.0
2023-09-06,21.34113,22.161939999999998,21.34113,21.83362,83874.0
2023-09-07,22.10722,22.92803,21.66945,21.7789,41367.0
2023-09-08,22.38082,22.38082,21.34113,21.56001,41488.0
2023-09-11,21.56001,21.614729999999998,21.28641,21.28641,45519.0
2023-09-12,21.28641,21.28641,21.12225,21.12225,28169.0
2023-09-13,21.12225,21.7789,21.12225,21.45057,14169.0
2023-09-14,21.45057,21.83362,21.067520000000002,21.56001,26503.0
2023-09-15,21.505290000000002,21.505290000000002,21.067520000000002,21.067520000000002,9244.0
2023-09-18,21.39585,21.39585,20.958080000000002,20.958080000000002,9209.0
2023-09-19,21.34113,21.34113,20.79392,21.067520000000002,32401.0
2023-09-20,21.28641,21.28641,20.79392,21.0128,43681.0
2023-09-21,21.0128,21.067520000000002,20.68448,21.0128,42015.0
2023-09-22,20.7392,20.90336,20.24671,20.90336,32200.0
2023-09-25,20.520319999999998,20.520319999999998,19.59006,19.59006,42461.0
2023-09-26,19.6995,19.80895,19.59006,19.59006,23538.0
2023-09-27,19.6995,19.973110000000002,19.53534,19.973110000000002,14949.0
2023-09-28,20.520319999999998,20.520319999999998,19.6995,20.19199,4323.0
2023-09-29,20.7392,20.7392,19.86367,19.91839,3800.0
2023-10-02,19.91839,20.68448,19.75422,20.24671,29100.0
2023-10-03,20.24671,20.24671,19.6995,19.75422,18600.0
2023-10-04,19.6995,20.02783,19.6995,20.02783,19408.0
2023-10-05,20.02783,20.082549999999998,19.91839,20.082549999999998,87000.0
2023-10-06,20.02783,20.02783,19.1523,19.59006,28822.0
2023-10-09,19.644779999999997,20.02783,19.644779999999997,19.644779999999997,2181.0
2023-10-10,19.75422,19.80895,19.644779999999997,19.6995,31787.0
2023-10-11,19.91839,20.356150000000003,19.644779999999997,19.6995,13330.0
2023-10-12,20.24671,20.24671,19.6995,19.75422,12544.0
2023-10-13,19.75422,19.75422,19.48062,19.644779999999997,14210.0
2023-10-16,20.13727,20.13727,19.48062,19.48062,14813.0
2023-10-17,19.48062,19.53534,19.425900000000002,19.48062,16611.0
2023-10-18,19.80895,19.80895,19.1523,19.20702,29650.0
2023-10-19,19.1523,19.20702,18.98813,19.09757,35950.0
2023-10-20,19.1523,19.6995,19.042849999999998,19.59006,38960.0
2023-10-23,20.13727,20.520319999999998,20.02783,20.19199,63837.0
2023-10-24,19.973110000000002,20.41087,19.973110000000002,20.19199,34418.0
2023-10-25,20.19199,20.68448,20.082549999999998,20.4656,62400.0
2023-10-26,20.24671,20.24671,19.59006,19.91839,80211.0
2023-10-27,19.59006,19.91839,19.31646,19.86367,35701.0
2023-10-30,19.91839,20.24671,19.6995,20.13727,5148.0
2023-10-31,19.91839,20.13727,19.644779999999997,20.13727,21310.0
2023-11-01,19.973110000000002,20.13727,19.6995,20.082549999999998,5200.0
2023-11-02,20.082549999999998,20.4656,19.91839,20.4656,18655.0
2023-11-03,20.4656,20.57504,20.24671,20.4656,23610.0
2023-11-06,20.520319999999998,20.57504,20.41087,20.4656,6934.0
2023-11-07,20.356150000000003,20.4656,20.24671,20.24671,7305.0
2023-11-08,20.520319999999998,20.520319999999998,20.24671,20.520319999999998,34401.0
2023-11-09,20.520319999999998,21.067520000000002,20.520319999999998,21.067520000000002,66262.0
2023-11-10,21.23169,21.23169,20.84864,20.90336,5505.0
2023-11-13,21.12225,21.12225,20.68448,20.68448,17886.0
2023-11-14,20.79392,20.958080000000002,20.356150000000003,20.7392,29752.0
2023-11-15,20.79392,20.90336,20.57504,20.68448,6867.0
2023-11-16,20.68448,21.0128,20.629759999999997,20.958080000000002,28804.0
2023-11-17,21.34113,23.037470000000003,20.958080000000002,21.39585,141461.0
2023-11-20,21.23169,21.45057,21.12225,21.12225,27117.0
2023-11-21,21.17697,21.505290000000002,21.17697,21.23169,20506.0
2023-11-22,21.34113,21.34113,20.90336,21.0128,80706.0
2023-11-23,21.0128,21.067520000000002,20.90336,20.90336,55586.0
2023-11-24,20.90336,20.90336,20.24671,20.7392,71455.0
2023-11-27,20.7392,20.79392,20.4656,20.57504,27803.0
2023-11-28,20.57504,20.57504,20.356150000000003,20.520319999999998,34408.0
2023-11-29,20.629759999999997,20.629759999999997,20.4656,20.4656,19497.0
2023-11-30,20.4656,20.68448,20.24671,20.520319999999998,38100.0
2023-12-01,20.57504,20.629759999999997,20.4656,20.57504,16500.0
2023-12-04,20.803150000000002,21.4301,20.68916,20.91714,55821.0
2023-12-05,20.91714,20.91714,20.57517,20.803150000000002,17226.0
2023-12-06,20.74616,20.91714,20.68916,20.74616,27001.0
2023-12-07,20.74616,21.316110000000002,20.57517,21.25911,90111.0
2023-12-08,21.20212,21.4301,20.86015,21.08813,35901.0
2023-12-11,21.14512,21.14512,20.86015,21.03113,18220.0
2023-12-12,21.03113,21.373099999999997,20.803150000000002,21.03113,52207.0
2023-12-13,21.373099999999997,21.373099999999997,20.74616,20.97414,45426.0
2023-12-14,20.74616,21.03113,20.74616,20.803150000000002,17213.0
2023-12-15,20.803150000000002,21.08813,18.80833,20.57517,32834.0
2023-12-18,20.2332,20.803150000000002,20.2332,20.57517,20738.0
2023-12-19,20.2332,20.74616,20.2332,20.57517,24928.0
2023-12-20,20.57517,20.74616,20.290200000000002,20.68916,31728.0
2023-12-21,20.68916,20.803150000000002,20.40419,20.51818,14101.0
2023-12-22,20.290200000000002,20.91714,20.290200000000002,20.86015,54310.0
2023-12-25,20.91714,21.316110000000002,20.91714,21.14512,53715.0
2023-12-26,21.14512,21.373099999999997,20.91714,21.08813,36655.0
2023-12-27,20.97414,21.316110000000002,20.803150000000002,20.86015,48143.0
2023-12-28,20.74616,22.22803,20.74616,22.000049999999998,189293.0
2023-12-29,22.22803,22.96896,22.22803,22.513,126600.0
2024-01-02,22.79798,22.79798,22.17103,22.45601,112730.0
2024-01-03,22.28502,22.45601,22.22803,22.45601,47045.0
2024-01-04,22.28502,22.57,22.17103,22.17103,62627.0
2024-01-05,22.11404,22.17103,21.77207,21.94305,99934.0
2024-01-08,22.22803,22.79798,22.22803,22.57,90421.0
2024-01-09,22.626990000000003,24.222849999999998,22.626990000000003,23.53891,192004.0
2024-01-10,23.53891,23.82389,23.139950000000002,23.48192,92789.0
2024-01-11,23.53891,23.76689,23.25394,23.424919999999997,70576.0
2024-01-12,23.36793,24.90679,23.139950000000002,24.051869999999997,205103.0
2024-01-15,24.10886,24.90679,24.051869999999997,24.39383,101617.0
2024-01-16,24.39383,24.7928,24.27985,24.56482,91494.0
2024-01-17,24.62181,24.90679,24.27985,24.27985,75279.0
2024-01-18,24.62181,25.64772,24.50782,24.678810000000002,196084.0
2024-01-19,24.735799999999998,24.90679,24.50782,24.678810000000002,61287.0
2024-01-22,24.678810000000002,25.07777,24.165860000000002,24.849790000000002,87223.0
2024-01-23,24.90679,25.02078,24.39383,24.450830000000003,49291.0
2024-01-24,24.39383,24.50782,23.93788,23.99487,71425.0
2024-01-25,23.99487,24.222849999999998,23.99487,24.10886,19949.0
2024-01-26,24.10886,24.7928,24.10886,24.7928,122714.0
2024-01-29,24.849790000000002,24.96378,24.50782,24.62181,61554.0
2024-01-30,24.7928,24.7928,24.165860000000002,24.27985,64292.0
2024-01-31,24.27985,24.90679,24.27985,24.7928,106774.0
2024-02-01,24.56482,25.02078,24.56482,24.849790000000002,83676.0
2024-02-02,24.849790000000002,25.64772,24.849790000000002,25.476740000000003,160385.0
2024-02-05,25.64772,25.64772,25.30575,25.36275,45817.0
2024-02-06,25.476740000000003,25.476740000000003,25.07777,25.36275,58470.0
2024-02-07,25.36275,25.53373,25.36275,25.41974,78310.0
2024-02-15,25.64772,25.64772,25.30575,25.30575,54308.0
2024-02-16,25.36275,25.41974,25.07777,25.36275,73919.0
2024-02-19,25.36275,25.36275,24.7928,25.07777,129760.0
2024-02-20,25.07777,25.248759999999997,24.849790000000002,25.07777,78342.0
2024-02-21,24.90679,25.13477,24.678810000000002,24.678810000000002,93401.0
2024-02-22,24.62181,25.41974,24.56482,25.19176,94324.0
2024-02-23,25.36275,25.53373,25.07777,25.07777,85822.0
2024-02-26,24.90679,26.21767,24.90679,26.21767,252400.0
2024-02-27,26.38866,27.35757,26.38866,26.95861,206002.0
2024-02-28,26.95861,27.18659,26.67363,26.73063,103152.0
2024-02-29,26.73063,26.84462,26.33166,26.78762,80691.0
2024-03-01,26.33166,26.78762,26.16068,26.559639999999998,95937.0
2024-03-04,26.559639999999998,27.0156,26.38866,26.502650000000003,58703.0
2024-03-05,26.502650000000003,26.559639999999998,26.16068,26.21767,108282.0
2024-03-06,26.21767,27.072599999999998,26.046689999999998,26.38866,45175.0
2024-03-07,26.274669999999997,26.502650000000003,25.81871,26.046689999999998,47644.0
2024-03-08,26.10368,26.38866,25.9327,25.98969,93910.0
2024-03-11,25.98969,26.33166,25.704720000000002,25.875700000000002,105113.0
2024-03-12,25.704720000000002,26.16068,25.64772,25.875700000000002,93608.0
2024-03-13,24.7928,26.38866,24.7928,26.046689999999998,134684.0
2024-03-14,26.046689999999998,26.67363,25.9327,26.10368,122179.0
2024-03-15,23.53891,26.10368,23.53891,25.704720000000002,42613.0
2024-03-18,25.76171,25.76171,24.450830000000003,24.678810000000002,114905.0
2024-03-19,24.62181,25.13477,24.50782,24.56482,53333.0
2024-03-20,24.50782,24.7928,24.50782,24.7928,17408.0
2024-03-21,24.56482,25.07777,24.56482,24.735799999999998,113765.0
2024-03-22,24.7928,24.7928,24.62181,24.7928,47407.0
2024-03-25,24.96378,24.96378,24.33684,24.39383,89193.0
2024-03-26,24.222849999999998,24.7928,24.10886,24.7928,48080.0
2024-03-27,24.7928,24.849790000000002,24.678810000000002,24.735799999999998,46182.0
2024-03-28,24.849790000000002,24.90679,24.62181,24.678810000000002,69420.0
2024-03-29,24.62181,24.678810000000002,24.27985,24.50782,44321.0
2024-04-01,24.50782,24.50782,24.051869999999997,24.33684,46739.0
2024-04-02,24.10886,24.7928,23.88088,24.27985,52193.0
2024-04-03,24.27985,25.02078,24.27985,24.678810000000002,115592.0
2024-04-04,24.678810000000002,25.02078,24.56482,24.96378,74562.0
2024-04-05,24.7928,24.7928,24.27985,24.33684,79436.0
2024-04-08,24.33684,24.33684,23.7099,23.82389,143443.0
2024-04-09,23.82389,24.051869999999997,23.76689,23.93788,31658.0
2024-04-10,23.93788,23.93788,23.7099,23.7099,70450.0
2024-04-11,23.59591,23.652900000000002,23.08295,23.59591,84257.0
2024-04-12,23.36793,24.39383,23.25394,23.93788,76668.0
2024-04-15,23.99487,23.99487,23.08295,23.08295,46205.0
2024-04-16,22.96896,22.96896,22.22803,22.626990000000003,95856.0
2024-04-17,22.626990000000003,22.626990000000003,22.28502,22.28502,53559.0
2024-04-19,22.22803,22.28502,21.601080000000003,21.71507,72267.0
2024-04-22,21.65808,22.79798,21.65808,21.94305,43200.0
2024-04-23,22.22803,23.025959999999998,22.22803,22.34202,66432.0
2024-04-24,22.34202,22.74098,22.22803,22.74098,220681.0
2024-04-25,22.79798,23.08295,22.74098,22.79798,167365.0
2024-04-26,22.79798,23.25394,22.626990000000003,23.25394,174607.0
2024-05-02,23.25394,23.652900000000002,23.25394,23.53891,43022.0
2024-05-03,23.53891,23.82389,23.48192,23.76689,36985.0
2024-05-06,23.652900000000002,23.93788,23.652900000000002,23.82389,47242.0
2024-05-07,23.82389,24.10886,23.82389,24.10886,50365.0
2024-05-08,23.76689,24.10886,23.76689,24.051869999999997,52668.0
2024-05-09,24.222849999999998,24.222849999999998,23.93788,23.93788,37398.0
2024-05-10,23.93788,24.10886,23.93788,24.051869999999997,29503.0
2024-05-13,24.051869999999997,24.165860000000002,24.051869999999997,24.10886,93001.0
2024-05-14,24.10886,24.10886,23.93788,24.10886,25047.0
2024-05-15,24.222849999999998,24.27985,24.051869999999997,24.222849999999998,43612.0
2024-05-16,24.222849999999998,24.33684,24.222849999999998,24.33684,12702.0
2024-05-17,24.33684,24.39383,24.165860000000002,24.39383,32259.0
2024-05-20,24.56482,26.78762,24.56482,26.78762,185504.0
2024-05-21,27.35757,29.06742,27.35757,27.92752,303282.0
2024-05-22,27.98452,30.72027,27.92752,30.72027,541230.0
2024-05-23,31.80318,33.74101,30.77727,33.74101,758477.0
2024-05-24,34.76691,37.04671,34.65292,35.678830000000005,813371.0
2024-05-27,35.678830000000005,35.90681,33.17106,33.342040000000004,324006.0
2024-05-28,33.342040000000004,34.42494,33.00007,33.342040000000004,343607.0
2024-05-29,33.627019999999995,34.70992,33.22805,33.57002,433163.0
2024-05-30,34.150580000000005,34.150580000000005,30.43982,31.07761,694357.0
2024-05-31,31.07761,32.35318,30.72972,32.17924,212202.0
2024-06-03,32.23722,33.04895,32.23722,32.469139999999996,260111.0
2024-06-04,32.5851,32.75905,31.88934,32.06328,197487.0
2024-06-05,32.06328,35.25221,31.54145,35.194230000000005,904414.0
2024-06-06,35.94798,36.23788,34.0926,34.78837,451582.0
2024-06-07,34.78837,35.25221,33.39683,33.802699999999994,322116.0
2024-06-10,33.74472,34.73039,33.62875,34.20856,200799.0
2024-06-11,34.20856,34.73039,33.04895,33.51279,277813.0
2024-06-12,33.39683,35.078269999999996,32.75905,34.32452,485600.0
2024-06-13,34.32452,36.52779,33.62875,36.23788,476998.0
2024-06-14,36.23788,38.73105,36.1799,37.04961,895564.0
2024-06-17,37.687400000000004,38.55711,34.84635,35.48413,722865.0
2024-06-18,35.89,36.1799,35.25221,35.83202,277013.0
2024-06-19,35.89,36.23788,35.078269999999996,35.71606,213927.0
2024-06-20,35.77404,37.28153,35.6001,36.469800000000006,243223.0
2024-06-21,36.58577,37.629419999999996,35.94798,36.06394,348823.0
2024-06-24,36.52779,36.52779,32.52712,32.817029999999995,622022.0
2024-06-25,32.817029999999995,34.26654,31.59943,33.91866,264328.0
2024-06-26,33.33885,34.3825,33.164910000000006,33.91866,121559.0
2024-06-27,33.91866,34.3825,33.62875,34.150580000000005,94067.0
2024-06-28,34.20856,34.20856,32.52712,33.164910000000006,160423.0
2024-07-01,33.22289,33.68674,32.817029999999995,33.68674,96714.0
2024-07-02,33.68674,34.3825,33.39683,33.68674,106046.0
2024-07-03,33.22289,33.86068,33.22289,33.39683,133917.0
2024-07-04,33.454809999999995,33.976639999999996,33.33885,33.62875,124230.0
2024-07-05,33.51279,35.36817,33.39683,35.310190000000006,833644.0
2024-07-08,37.62904,38.84082,35.7157,36.48104,386195.0
2024-07-09,36.48104,36.991260000000004,35.84326,35.97081,261251.0
2024-07-10,36.034589999999994,37.94793,35.90703,36.863699999999994,465108.0
2024-07-11,36.863699999999994,37.94793,36.48104,36.92748,360637.0
2024-07-12,36.991260000000004,37.62904,36.034589999999994,36.48104,231794.0
2024-07-15,36.48104,36.48104,35.97081,36.09837,122419.0
2024-07-16,36.353480000000005,36.48104,35.460589999999996,35.7157,131877.0
2024-07-17,36.225919999999995,37.437709999999996,34.44014,34.88659,708317.0
2024-07-18,35.07792,36.034589999999994,35.07792,36.034589999999994,137222.0
2024-07-19,36.034589999999994,36.034589999999994,34.50392,34.50392,225540.0
2024-07-22,35.01414,35.460589999999996,34.44014,34.95036,393490.0
2024-07-23,34.95036,35.01414,33.80236,34.63147,143185.0
2024-07-24,35.01414,36.67237,34.82281,36.54481,434000.0
2024-07-25,36.991260000000004,39.86127,36.73615,38.9046,1125661.0
2024-07-26,39.22349,40.11638,38.26682,39.22349,464906.0
2024-07-29,39.22349,39.925050000000006,38.3306,38.3306,735564.0
2024-07-30,38.26682,41.391940000000005,37.94793,39.86127,808480.0
2024-07-31,39.86127,40.18016,38.9046,39.15971,313194.0
2024-08-01,35.26925,39.35105,35.26925,35.97081,949338.0
2024-08-02,35.97081,37.437709999999996,34.44014,37.437709999999996,460084.0
2024-08-05,36.353480000000005,37.11882,35.20548,35.20548,395838.0
2024-08-06,35.20548,37.31015,35.20548,36.353480000000005,337893.0
2024-08-07,36.353480000000005,39.28727,36.353480000000005,38.84082,711244.0
2024-08-08,38.84082,38.968379999999996,37.94793,38.26682,216918.0
2024-08-09,38.3306,40.24394,38.3306,38.45816000000001,535854.0
2024-08-12,38.52193,39.669940000000004,37.94793,39.41483,333856.0
2024-08-13,39.41483,39.41483,38.45816000000001,39.09594,225979.0
2024-08-14,39.542379999999994,41.71083,39.4786,40.81794,1081483.0
2024-08-15,40.81794,42.0935,39.86127,41.13683,412869.0
2024-08-16,40.81794,45.21863,40.69039,45.21863,1556950.0
2024-08-19,46.11152,46.621739999999996,44.19818,45.21863,707596.0
2024-08-20,45.21863,46.23908,43.81551,44.45329,761970.0
2024-08-21,43.75173,45.6013,43.5604,44.83596,841186.0
2024-08-22,45.154849999999996,46.94063,44.83596,44.89974,550773.0
2024-08-23,44.89974,45.6013,44.19818,44.26196,420998.0
2024-08-26,44.38951,45.537519999999994,42.73128,43.177730000000004,468580.0
2024-08-27,43.177730000000004,44.89974,43.05017,44.89974,746895.0
2024-08-28,45.2824,45.2824,43.81551,43.94307,257921.0
2024-08-29,44.58085,44.58085,43.43284,43.81551,136623.0
2024-08-30,43.81551,44.708400000000005,43.43284,44.32573,303028.0
2024-09-04,43.687949999999994,43.94307,42.92262,43.30529,520691.0
2024-09-05,43.30529,44.00684,41.45572,42.348620000000004,443258.0
2024-09-06,42.41239,43.687949999999994,41.647059999999996,43.687949999999994,330440.0
2024-09-09,43.36906,43.62418,42.92262,42.92262,179997.0
2024-09-10,43.241510000000005,44.96351,42.92262,43.81551,992096.0
2024-09-11,43.87929,44.77218,42.9864,44.1344,559518.0
2024-09-12,43.687949999999994,47.00441,43.687949999999994,45.72885,1589157.0
2024-09-13,45.72885,46.23908,45.40996,45.47374,450002.0
2024-09-16,45.537519999999994,46.49419,44.58085,44.64462,939689.0
2024-09-17,44.64462,44.64462,40.30772,40.81794,2363315.0
2024-09-18,40.30772,41.96595,40.30772,40.754160000000006,781146.0
2024-09-19,40.499050000000004,42.9864,40.499050000000004,42.348620000000004,922187.0
2024-09-20,42.73128,43.05017,41.90217,42.348620000000004,649676.0
2024-09-23,42.41239,42.53995,41.20061,41.647059999999996,484061.0
2024-09-24,41.647059999999996,42.348620000000004,41.32817,42.221059999999994,362260.0
2024-09-25,42.284839999999996,42.348620000000004,41.26439,41.77461,649429.0
2024-09-26,41.77461,41.83839,41.20061,41.391940000000005,522141.0
2024-09-27,41.32817,41.58328,40.81794,40.81794,504591.0
2024-09-30,40.81794,40.81794,39.09594,39.09594,821737.0
2024-10-01,39.09594,39.669940000000004,38.58571,38.64949,655703.0
2024-10-02,38.9046,38.9046,37.56526,37.7566,609855.0
2024-10-03,37.820370000000004,38.45816000000001,36.60859,37.88415,752682.0
2024-10-04,38.01171,38.9046,37.31015,38.45816000000001,311216.0
2024-10-07,39.15971,39.15971,37.88415,37.94793,244878.0
2024-10-08,37.62904,39.542379999999994,37.437709999999996,39.22349,609011.0
2024-10-09,38.9046,39.22349,38.713269999999994,38.84082,137866.0
2024-10-10,38.9046,39.28727,38.52193,38.52193,168893.0
2024-10-11,38.39438,38.77705,38.075489999999995,38.713269999999994,185516.0
2024-10-14,38.84082,39.09594,38.26682,38.52193,176391.0
2024-10-15,38.3306,38.64949,37.820370000000004,38.52193,252463.0
2024-10-16,38.20304,39.98883,38.20304,39.542379999999994,745137.0
2024-10-17,39.542379999999994,40.30772,39.22349,40.18016,456141.0
2024-10-18,40.18016,40.3715,39.4786,39.4786,269529.0
2024-10-21,38.968379999999996,39.15971,38.075489999999995,38.075489999999995,648371.0
2024-10-22,38.26682,39.032160000000005,37.88415,38.01171,445693.0
2024-10-23,38.01171,38.26682,37.820370000000004,37.94793,152630.0
2024-10-24,38.01171,38.64949,38.01171,38.01171,168562.0
2024-10-25,38.52193,38.58571,37.62904,37.62904,166295.0
2024-10-28,37.62904,37.62904,37.11882,37.11882,286312.0
2024-10-29,37.11882,37.820370000000004,37.11882,37.62904,118473.0
2024-10-30,36.991260000000004,38.075489999999995,34.95036,37.62904,116112.0
2024-10-31,37.62904,38.13926,37.246370000000006,37.62904,62563.0
2024-11-01,37.62904,37.62904,36.863699999999994,36.863699999999994,179015.0
2024-11-04,36.863699999999994,36.92748,35.77948000000001,35.77948000000001,273085.0
2024-11-05,36.289699999999996,36.289699999999996,35.84326,36.162150000000004,54960.0
2024-11-06,36.289699999999996,37.50148,36.289699999999996,37.50148,222459.0
2024-11-07,37.50148,37.62904,36.991260000000004,37.05504,142174.0
2024-11-08,36.991260000000004,36.991260000000004,36.225919999999995,36.863699999999994,275664.0
2024-11-11,36.991260000000004,38.52193,36.353480000000005,38.20304,430976.0
2024-11-12,36.991260000000004,38.52193,36.353480000000005,37.37393,147641.0
2024-11-13,37.37393,38.01171,37.11882,37.820370000000004,235807.0
2024-11-14,37.820370000000004,39.41483,37.820370000000004,38.77705,892735.0
2024-11-15,39.86127,39.86127,38.01171,38.01171,307259.0
2024-11-18,38.01171,38.01171,36.54481,37.56526,305961.0
2024-11-19,37.437709999999996,37.56526,36.48104,36.48104,255884.0
2024-11-20,36.353480000000005,36.991260000000004,35.97081,36.863699999999994,191571.0
2024-11-21,36.991260000000004,36.991260000000004,36.60859,36.863699999999994,76825.0
2024-11-22,36.863699999999994,37.18259,36.54481,37.18259,176334.0
2024-11-25,37.18259,37.69282,36.60859,37.62904,168468.0
2024-11-26,37.88415,38.26682,37.62904,37.7566,206767.0
2024-11-27,37.7566,37.88415,37.31015,37.31015,114130.0
2024-11-28,37.437709999999996,38.52193,37.11882,38.39438,444475.0
2024-11-29,38.39438,38.77705,38.01171,38.45816000000001,227710.0
2024-12-02,38.45816000000001,38.52193,38.075489999999995,38.39438,111927.0
2024-12-03,38.39438,40.11638,38.01171,39.28727,813607.0
2024-12-04,39.41483,40.3715,39.41483,40.11638,579229.0
2024-12-05,40.18016,41.32817,39.98883,40.81794,682242.0
2024-12-06,40.81794,41.647059999999996,40.05261,41.07305,971099.0
2024-12-09,40.754160000000006,41.13683,40.499050000000004,40.499050000000004,314132.0
2024-12-10,40.499050000000004,41.07305,40.30772,40.562830000000005,321005.0
2024-12-11,40.562830000000005,41.20061,40.435269999999996,40.562830000000005,292335.0
2024-12-12,40.81794,42.284839999999996,40.62661,42.02973,1030897.0
2024-12-13,42.0935,42.0935,41.32817,41.45572,238883.0
2024-12-16,41.71083,41.77461,40.88172,41.07305,244916.0
2024-12-17,41.00928,41.83839,40.88172,41.391940000000005,222954.0
2024-12-18,41.391940000000005,41.45572,40.9455,41.00928,173090.0
2024-12-19,40.9455,41.45572,39.925050000000006,40.81794,724757.0
2024-12-20,40.81794,40.9455,40.18016,40.435269999999996,307920.0
2024-12-23,40.562830000000005,43.687949999999994,40.562830000000005,42.92262,1225443.0
2024-12-24,42.9864,43.62418,42.348620000000004,42.476169999999996,419056.0
2024-12-25,42.476169999999996,42.66751,41.32817,41.647059999999996,835219.0
2024-12-26,41.77461,42.284839999999996,41.5195,41.647059999999996,256622.0
2024-12-27,41.647059999999996,41.647059999999996,41.00928,41.07305,327439.0
2024-12-30,41.07305,41.13683,40.62661,40.754160000000006,250107.0
2024-12-31,40.69039,41.58328,40.62661,40.81794,250878.0
2025-01-02,41.13683,41.71083,40.88172,41.71083,228717.0
2025-01-03,41.71083,42.0935,41.26439,41.45572,365254.0
2025-01-06,42.24014,42.24014,39.171690000000005,39.49812,480315.0
2025-01-07,39.49812,40.28155,39.49812,39.5634,263936.0
2025-01-08,39.5634,40.020410000000005,39.302260000000004,39.43283,132824.0
2025-01-09,40.020410000000005,40.020410000000005,39.23697,39.36755,131046.0
2025-01-10,39.23697,39.43283,37.80068,37.80068,382817.0
2025-01-13,37.80068,38.12711,37.01724,37.86596,232198.0
2025-01-14,37.93125,38.192389999999996,37.40896,37.67011,112042.0
2025-01-15,37.86596,38.6494,37.73539,38.32297,105600.0
2025-01-16,38.453540000000004,39.171690000000005,38.12711,38.32297,173744.0
2025-01-17,38.32297,38.71468,37.99654,38.71468,129891.0
2025-01-20,38.84526,39.82455,38.38825,38.453540000000004,51158.0
2025-01-21,39.1064,39.69398,38.71468,39.36755,265998.0
2025-01-22,39.43283,39.5634,38.51883,38.6494,164345.0
2025-01-23,38.6494,39.759260000000005,38.6494,39.302260000000004,163371.0
2025-01-24,39.69398,40.34683999999999,39.62869,39.82455,296794.0
2025-02-03,39.95512,40.020410000000005,39.1064,39.5634,120373.0
2025-02-04,39.759260000000005,40.673269999999995,39.49812,40.41212,224841.0
2025-02-05,40.738550000000004,40.738550000000004,39.88983,40.28155,184363.0
2025-02-06,40.93441000000001,40.93441000000001,39.82455,40.34683999999999,216588.0
2025-02-07,40.34683999999999,40.34683999999999,39.82455,39.82455,127324.0
2025-02-10,39.82455,39.82455,38.97583,38.97583,196733.0
2025-02-11,38.91054,40.477410000000006,38.84526,39.82455,265963.0
2025-02-12,39.82455,39.82455,39.5634,39.5634,51442.0
2025-02-13,39.5634,40.150980000000004,39.36755,39.95512,134779.0
2025-02-14,40.020410000000005,40.86913,40.020410000000005,40.86913,469745.0
2025-02-17,41.78313,42.76243,40.607980000000005,41.65256,992792.0
2025-02-18,42.04428,42.04428,40.86913,41.064989999999995,281221.0
2025-02-19,41.4567,42.109559999999995,40.93441000000001,41.84842,467321.0
2025-02-20,41.84842,42.56657,41.58727,41.78313,344573.0
2025-02-21,41.78313,42.76243,41.65256,42.109559999999995,438910.0
2025-02-24,42.109559999999995,42.109559999999995,41.19556,41.91371,420408.0
2025-02-25,41.91371,42.63185,41.32613,41.4567,408325.0
2025-02-26,41.4567,42.893,41.4567,42.30542,771356.0
2025-02-27,42.43599,44.00286,42.30542,43.02357,886122.0
2025-02-28,42.893,43.088860000000004,41.91371,42.24014,396643.0
2025-03-03,42.04428,42.50128,41.260839999999995,41.4567,475351.0
2025-03-04,41.4567,42.24014,41.39142,41.978989999999996,284708.0
2025-03-05,42.109559999999995,43.61114,41.78313,43.28471,1171999.0
2025-03-06,43.28471,44.91687,43.28471,43.74172,982057.0
2025-03-07,43.41529,44.65572,43.28471,44.65572,651945.0
2025-03-10,44.65572,45.112730000000006,43.74172,43.87229,421565.0
2025-03-11,43.807,45.700300000000006,43.088860000000004,45.700300000000006,890239.0
2025-03-12,45.700300000000006,45.765589999999996,44.91687,44.982150000000004,297804.0
2025-03-13,40.542699999999996,45.04744,40.542699999999996,43.28471,630224.0
2025-03-14,43.28471,43.807,42.56657,42.56657,399144.0
2025-03-17,42.69714,43.48057,41.78313,43.48057,499406.0
2025-03-18,43.48057,43.48057,42.827709999999996,42.95828,260676.0
2025-03-19,42.76243,43.937580000000004,42.69714,43.15414,236981.0
2025-03-20,43.41529,44.525150000000004,42.893,44.394580000000005,555968.0
2025-03-21,44.394580000000005,44.91687,43.87229,43.937580000000004,143229.0
2025-03-24,43.937580000000004,43.937580000000004,42.76243,43.28471,359636.0
2025-03-25,43.41529,44.19872,43.088860000000004,43.807,274845.0
2025-03-26,43.87229,44.72101,43.67643,44.13343,559436.0
2025-03-27,44.19872,44.59044,43.61114,44.06815,319347.0
2025-03-28,44.06815,45.63502,43.87229,44.26401,874185.0
2025-03-31,44.26401,44.26401,43.088860000000004,43.088860000000004,577952.0
2025-04-01,43.02357,43.67643,42.95828,43.67643,418968.0
2025-04-02,42.56657,44.394580000000005,42.109559999999995,44.06815,307832.0
2025-04-03,44.13343,44.13343,39.69398,39.69398,1316354.0
2025-04-04,37.73539,40.86913,36.62553,39.171690000000005,458448.0
2025-04-08,39.171690000000005,39.302260000000004,35.25452,35.25452,731744.0
2025-04-09,31.72907,37.08253,31.72907,35.64624,503112.0
2025-04-10,39.171690000000005,39.171690000000005,38.77997,39.171690000000005,50001.0
2025-04-11,40.477410000000006,41.130269999999996,38.25768,40.150980000000004,485173.0
2025-04-14,40.150980000000004,40.9997,39.5634,40.9997,356951.0
2025-04-15,40.477410000000006,41.130269999999996,39.88983,40.803839999999994,438356.0
2025-04-16,40.9997,42.04428,40.607980000000005,41.71785,525035.0
2025-04-17,41.71785,42.893,40.9997,42.76243,706608.0
2025-04-18,42.43599,44.13343,42.43599,42.76243,664681.0
2025-04-21,42.827709999999996,45.04744,42.827709999999996,44.394580000000005,654537.0
2025-04-22,44.91687,45.43916,41.064989999999995,44.394580000000005,1025529.0
2025-04-23,44.59044,46.67959,44.394580000000005,46.22259,871881.0
2025-04-24,46.35316,47.98532,46.02673,47.463029999999996,938750.0
2025-04-25,47.72417,47.72417,46.22259,46.48374,330757.0
2025-04-28,46.35316,47.00602,45.56973,47.00602,373586.0
2025-04-29,47.00602,48.57289,47.00602,47.39774,680885.0
2025-05-05,48.50761,48.57289,47.07131,48.24646,220942.0
2025-05-06,48.31175,48.31175,47.39774,48.11589,239375.0
2025-05-07,48.11589,48.83404,47.33246,47.52831,493779.0
2025-05-08,47.52831,47.65889,46.157300000000006,46.22259,870474.0
2025-05-09,46.22259,46.744879999999995,46.157300000000006,46.614309999999996,287476.0
2025-05-12,46.614309999999996,46.67959,45.830870000000004,46.614309999999996,301533.0
2025-05-13,46.614309999999996,47.92003,46.614309999999996,47.463029999999996,544772.0
2025-05-14,47.463029999999996,48.18118,46.67959,47.1366,317672.0
2025-05-15,47.00602,46.22259,46.22259,46.22259,540293.0
2025-05-16,46.22259,47.201879999999996,47.201879999999996,47.201879999999996,469970.0
2025-05-19,47.33246,49.22575,47.201879999999996,47.52831,806062.0
2025-05-20,47.65889,47.65889,45.89616,47.00602,408102.0
2025-05-21,47.33246,48.63818,46.287879999999994,47.65889,721340.0
2025-05-22,46.35316,48.83404,46.35316,47.72417,605140.0
2025-05-23,47.65889,51.837199999999996,47.593599999999995,50.13976,1166252.0
2025-05-26,50.13976,51.510769999999994,49.68276,50.07447,415988.0
2025-05-27,50.923190000000005,51.510769999999994,49.617470000000004,50.27033,714681.0
2025-05-28,50.72733,51.05377,48.63818,48.83404,861157.0
2025-05-29,49.02989,49.42161,48.37703,48.76875,391332.0
2025-05-30,48.76875,49.617470000000004,48.37703,49.160470000000004,312528.0
2025-06-02,48.96461,49.02989,47.78946,48.37703,605231.0
2025-06-03,48.31175,49.68276,48.31175,49.55218,554273.0
2025-06-04,49.09518,50.13976,49.09518,49.29104,366776.0
2025-06-05,49.09518,49.4869,48.44232,49.29104,343262.0
2025-06-06,49.617470000000004,49.617470000000004,48.63818,48.96461,177069.0
2025-06-09,48.96461,49.4869,47.78946,47.85474,355821.0
2025-06-10,47.85474,48.89932,47.78946,48.50761,248683.0
2025-06-11,48.50761,48.63818,47.98532,48.57289,216446.0
2025-06-12,48.63818,49.35633,48.31175,48.63818,505002.0
2025-06-13,48.63705,49.828160000000004,47.57829,49.56347,710624.0
2025-06-16,49.56347,52.47508,49.56347,52.408910000000006,921767.0
2025-06-17,52.47508,53.66619,51.945699999999995,53.600019999999994,798197.0
2025-06-18,53.600019999999994,53.79854,52.60742,52.60742,253793.0
2025-06-19,52.73977,53.202980000000004,52.276559999999996,52.87212,289074.0
2025-06-20,53.070629999999994,53.13681,51.283970000000004,51.283970000000004,349871.0
2025-06-23,51.21779,51.283970000000004,50.09286,50.55607,391662.0
2025-06-24,50.55607,51.085449999999994,49.828160000000004,50.02668,497109.0
2025-06-25,49.62965,50.9531,49.03409,50.42372,255769.0
2025-06-26,50.62224,51.74718,50.09286,51.350139999999996,572047.0
2025-06-27,52.17277,53.20511,51.37866,51.37866,404628.0
2025-06-30,51.855129999999996,52.33159,51.6169,52.013949999999994,213935.0
2025-07-01,52.33159,52.33159,51.37866,51.37866,213421.0
2025-07-02,51.37866,52.25218,51.14043,51.53749,290566.0
2025-07-03,52.013949999999994,52.013949999999994,50.743379999999995,50.9022,371118.0
2025-07-04,50.9022,51.37866,50.66397,51.21984,315252.0
2025-07-07,51.37866,52.013949999999994,51.14043,52.013949999999994,184719.0
2025-07-08,52.013949999999994,53.602160000000005,51.6169,53.602160000000005,659058.0
2025-07-09,54.79332,56.778589999999994,52.80806,52.966879999999996,318216.0
2025-07-10,52.966879999999996,53.04629,51.6169,52.25218,410589.0
2025-07-11,52.25218,53.44334,51.45808,52.88747,351502.0
2025-07-14,52.490410000000004,53.36393,52.093360000000004,52.33159,186825.0
2025-07-15,52.64923,52.80806,51.77572,51.93454,175115.0
2025-07-16,51.93454,52.80806,51.77572,52.411,190636.0
2025-07-17,52.411,54.396269999999994,52.411,54.396269999999994,942828.0
2025-07-18,54.47568,55.03155,53.44334,54.713910000000006,350218.0
2025-07-21,54.872730000000004,56.30212,53.602160000000005,54.713910000000006,652198.0
2025-07-22,54.713910000000006,54.713910000000006,53.28451999999999,53.68157,376271.0
2025-07-23,54.79332,55.19037,54.237449999999995,54.79332,684079.0
2025-07-24,54.79332,57.01682,54.79332,55.58743,697689.0
2025-07-25,56.30212,56.30212,54.55509,54.79332,534747.0
2025-07-28,54.79332,54.79332,53.9198,54.237449999999995,683380.0
2025-07-29,54.79332,54.79332,51.6169,51.77572,1005837.0
2025-07-30,50.50515,52.56982,50.50515,51.77572,352590.0
2025-07-31,52.013949999999994,52.093360000000004,51.29925,51.77572,286680.0
2025-08-01,51.77572,52.80806,51.6169,51.93454,192316.0
2025-08-04,52.013949999999994,52.56982,51.6169,52.17277,260222.0
2025-08-05,52.33159,52.80806,51.6169,51.6169,716286.0
2025-08-06,51.6169,52.093360000000004,51.37866,51.6169,406801.0
2025-08-07,51.6169,52.013949999999994,51.45808,51.93454,185473.0
2025-08-08,51.93454,52.17277,51.37866,51.77572,340183.0
2025-08-11,51.69631,52.64923,51.6169,52.64923,471734.0
2025-08-12,52.88747,52.88747,52.093360000000004,52.093360000000004,335869.0
2025-08-13,52.093360000000004,52.33159,51.53749,51.69631,260868.0
2025-08-14,51.69631,51.855129999999996,51.06102,51.21984,518794.0
2025-08-15,51.21984,51.21984,50.18751,50.18751,629932.0
2025-08-18,50.18751,50.98161,50.18751,50.66397,134573.0
2025-08-19,50.66397,50.743379999999995,49.711040000000004,49.79045,662719.0
2025-08-20,49.79045,49.86986,48.04342,48.44047,670982.0
2025-08-21,48.44047,48.916940000000004,47.249309999999994,47.40813,537690.0
2025-08-22,47.646370000000005,48.83753,46.93167,47.8846,345851.0
2025-08-25,51.6169,51.6169,48.04342,48.44047,137238.0
2025-08-26,48.44047,48.916940000000004,48.04342,48.59929,174919.0
2025-08-27,48.59929,49.55222,48.59929,49.23458,147099.0
2025-08-28,49.23458,49.472809999999996,48.44047,48.83753,87764.0
2025-08-29,48.44047,49.07576,48.44047,48.6787,140225.0
2025-09-03,48.59929,50.9022,48.28165,50.9022,456410.0
2025-09-04,50.9022,51.45808,50.10809,51.45808,289191.0
2025-09-05,51.21984,51.45808,50.18751,50.18751,239531.0
2025-09-08,50.18751,50.18751,49.31399,49.472809999999996,170616.0
2025-09-09,49.472809999999996,50.26692,49.3934,49.86986,142982.0
2025-09-10,50.42574,50.42574,49.31399,49.94927,64887.0
2025-09-11,49.94927,50.18751,49.31399,49.94927,97129.0
2025-09-12,49.94927,51.855129999999996,49.86986,51.6169,549454.0
2025-09-15,51.855129999999996,53.76098,51.6169,53.20511,855842.0
2025-09-16,53.44334,53.76098,52.33159,52.490410000000004,259515.0
2025-09-17,52.56982,53.04629,51.77572,51.93454,117168.0
2025-09-18,52.411,52.411,51.37866,51.77572,135004.0
2025-09-19,51.855129999999996,52.013949999999994,51.6169,51.855129999999996,194418.0
2025-09-22,52.013949999999994,52.013949999999994,50.743379999999995,51.14043,349173.0
2025-09-23,51.37866,51.37866,49.86986,49.86986,309724.0
2025-09-24,49.631629999999994,49.94927,48.51988,49.3934,373149.0
2025-09-25,49.472809999999996,50.02868,49.07576,49.15517,246083.0
2025-09-26,49.15517,49.86986,49.15517,49.3934,113497.0
2025-09-29,48.83753,49.3934,48.44047,49.23458,162002.0
2025-09-30,49.79045,49.79045,48.99635,49.3934,128005.0
2025-10-01,49.3934,50.26692,49.3934,49.711040000000004,32851.0
2025-10-02,48.44047,50.9022,47.56696,50.18751,246965.0
2025-10-03,50.18751,50.18751,49.23458,49.3934,73263.0
2025-10-06,49.3934,50.82279,49.3934,50.743379999999995,92561.0
2025-10-07,50.66397,50.66397,49.86986,50.02868,45698.0
2025-10-08,49.94927,50.42574,49.711040000000004,49.711040000000004,41451.0
2025-10-09,49.79045,50.82279,49.79045,50.743379999999995,162536.0
2025-10-10,50.743379999999995,51.21984,50.42574,50.50515,100850.0
2025-10-13,50.02868,50.42574,49.631629999999994,50.02868,125936.0
2025-10-14,50.02868,51.21984,49.711040000000004,50.02868,298259.0
2025-10-15,50.26692,50.743379999999995,49.3934,50.02868,228884.0
2025-10-16,50.50515,51.93454,50.50515,51.69631,387321.0
2025-10-17,52.411,54.15804,51.69631,52.88747,913452.0
2025-10-20,52.88747,53.602160000000005,50.10809,50.18751,224732.0
2025-10-21,50.18751,52.64923,50.18751,51.93454,358019.0
2025-10-22,53.28451999999999,54.396269999999994,50.9022,52.490410000000004,574452.0
2025-10-23,53.20511,53.84039,52.966879999999996,53.125699999999995,380443.0
2025-10-24,53.602160000000005,53.602160000000005,52.411,52.411,318666.0
2025-10-27,52.411,53.125699999999995,51.21984,51.21984,231649.0
2025-10-28,51.21984,52.33159,50.10809,52.33159,222204.0
2025-10-29,52.33159,52.490410000000004,51.45808,51.53749,333138.0
2025-10-30,51.93454,53.52275,51.29925,51.45808,438940.0
2025-10-31,51.93454,52.013949999999994,50.82279,50.82279,231221.0
2025-11-03,50.9022,51.53749,50.02868,50.02868,398626.0
2025-11-04,50.02868,50.82279,48.59929,50.18751,342278.0
2025-11-05,50.26692,50.66397,50.02868,50.02868,96090.0
2025-11-06,50.82279,51.45808,50.02868,51.21984,156777.0
2025-11-07,51.21984,51.21984,50.02868,50.02868,76886.0
2025-11-10,50.34633,50.34633,49.3934,49.3934,78936.0
2025-11-11,49.3934,49.631629999999994,49.23458,49.31399,172434.0
2025-11-12,49.31399,50.18751,49.31399,49.79045,49408.0
2025-11-13,50.18751,50.82279,50.10809,50.42574,100564.0
2025-11-14,50.42574,51.06102,50.26692,50.66397,93198.0
2025-11-17,50.66397,51.21984,50.26692,50.42574,75102.0
2025-11-18,50.50515,50.66397,50.10809,50.18751,127818.0
2025-11-19,50.18751,51.29925,50.18751,50.82279,237358.0
2025-11-20,51.14043,53.04629,50.98161,51.6169,406576.0
2025-11-21,51.6169,51.6169,50.66397,50.82279,117994.0
2025-11-24,50.9022,50.98161,50.42574,50.50515,147460.0
2025-11-25,50.50515,50.50515,49.472809999999996,49.711040000000004,128830.0
2025-11-26,50.02868,50.66397,49.711040000000004,50.10809,106507.0
2025-11-27,50.02868,50.584559999999996,50.02868,50.42574,39839.0
2025-11-28,50.42574,50.98161,50.34633,50.82279,87778.0
2025-12-01,50.82279,53.20511,50.743379999999995,51.21984,212814.0
2025-12-02,51.45808,51.77572,50.82279,50.98161,133614.0
2025-12-03,51.14043,51.21984,50.743379999999995,51.21984,107219.0
2025-12-04,51.6169,52.17277,50.743379999999995,51.21984,186074.0
2025-12-05,51.21984,52.013949999999994,51.06102,51.06102,132472.0
2025-12-08,51.06102,51.37866,50.743379999999995,50.743379999999995,155454.0
2025-12-09,50.82279,50.98161,49.94927,50.584559999999996,199820.0
2025-12-10,50.50515,50.743379999999995,50.34633,50.50515,51847.0
2025-12-11,50.50515,53.125699999999995,50.50515,52.17277,502547.0
2025-12-12,52.093360000000004,53.9198,51.6169,51.6169,403758.0
2025-12-15,51.6169,51.93454,50.02868,50.26692,249582.0
2025-12-16,50.34633,51.06102,50.02868,50.584559999999996,198639.0
2025-12-17,50.82279,52.093360000000004,50.82279,52.013949999999994,314706.0
2025-12-18,52.17277,52.33159,51.29925,51.53749,105300.0
2025-12-19,51.6169,51.855129999999996,50.18751,50.82279,295519.0
2025-12-22,50.66397,51.29925,50.50515,51.21984,109824.0
2025-12-23,51.29925,52.093360000000004,50.9022,50.98161,195841.0
2025-12-24,50.98161,51.37866,50.66397,50.66397,164553.0
2025-12-25,50.584559999999996,51.06102,50.584559999999996,50.584559999999996,112774.0
2025-12-26,50.42574,50.584559999999996,49.711040000000004,50.10809,492865.0
2025-12-29,50.10809,50.66397,50.02868,50.42574,88357.0
2025-12-30,50.42574,50.82279,50.02868,50.34633,115771.0
2025-12-31,50.34633,52.33159,50.18751,52.33159,206430.0
2026-01-05,51.6169,52.25218,50.584559999999996,50.743379999999995,141806.0
2026-01-06,50.82279,51.21984,50.10809,50.584559999999996,225624.0
2026-01-07,50.584559999999996,52.013949999999994,50.34633,51.37866,254690.0
2026-01-08,51.45808,53.602160000000005,51.45808,52.64923,836282.0
2026-01-09,52.80806,53.602160000000005,52.013949999999994,52.25218,535002.0
2026-01-12,53.47133,55.25912,52.739959999999996,54.12144,657108.0
2026-01-13,54.28396,55.01533,53.552589999999995,54.609019999999994,496178.0
2026-01-14,54.609019999999994,60.05366,54.44649,60.05366,1956153.0
2026-01-15,61.7602,65.66084,58.4284,59.159769999999995,676672.0
2026-01-16,59.89114,61.84146,58.18461,58.18461,847102.0
2026-01-19,58.67219,58.915980000000005,56.965650000000004,57.29071,348751.0
2026-01-20,56.884389999999996,58.103339999999996,53.95891,53.95891,1543885.0
2026-01-21,53.95891,54.040169999999996,51.195949999999996,51.92732,1567053.0
2026-01-22,51.92732,52.902480000000004,51.60227,52.00859,931835.0
2026-01-23,52.00859,52.739959999999996,51.521010000000004,51.68353,752426.0
2026-01-26,51.43974,52.00859,50.38332,50.464580000000005,924996.0
2026-01-27,50.464580000000005,51.60227,50.464580000000005,51.27722,205400.0
2026-01-28,51.60227,51.68353,51.03343,51.195949999999996,178678.0
2026-01-29,51.195949999999996,51.7648,50.8709,50.952160000000006,180594.0
2026-01-30,50.78964,51.846059999999994,50.78964,51.35848,192197.0
2026-02-02,51.35848,51.846059999999994,50.78964,51.03343,179894.0
2026-02-03,50.8709,56.071760000000005,50.78964,52.821220000000004,890308.0
2026-02-04,52.739959999999996,54.040169999999996,52.00859,52.65869,282139.0
2026-02-05,52.65869,53.22754,51.03343,51.27722,367428.0
2026-02-06,51.27722,51.35848,50.8709,50.952160000000006,328096.0
2026-02-09,51.35848,51.92732,51.195949999999996,51.521010000000004,172549.0
2026-02-10,51.60227,51.68353,50.952160000000006,51.11469,260342.0
2026-02-11,51.35848,51.43974,51.03343,51.11469,110171.0
2026-02-12,51.27722,51.60227,51.195949999999996,51.195949999999996,69807.0
2026-02-13,51.195949999999996,51.521010000000004,51.11469,51.27722,77536.0
2026-02-23,51.27722,51.60227,51.27722,51.521010000000004,170800.0
2026-02-24,51.60227,53.06501,51.60227,52.57743,276076.0
2026-02-25,52.98375,52.98375,52.4149,52.65869,189067.0
2026-02-26,52.65869,52.65869,51.60227,51.60227,243492.0
2026-02-27,51.60227,51.68353,51.27722,51.68353,231620.0
2026-03-02,51.68353,52.4149,50.78964,51.7648,603298.0
2026-03-03,51.7648,52.739959999999996,51.7648,52.00859,291176.0
2026-03-04,51.92732,51.92732,50.38332,51.27722,410751.0
2026-03-05,51.60227,51.60227,50.8709,50.8709,136653.0
2026-03-06,50.952160000000006,50.952160000000006,50.54584,50.54584,218776.0
2026-03-09,48.758050000000004,50.38332,45.50751,45.50751,999979.0
2026-03-10,45.50751,48.676790000000004,45.50751,46.32015,289755.0
2026-03-11,47.94542,48.59551999999999,46.726459999999996,48.27047,94802.0
2026-03-12,48.35173,48.35173,46.97025,47.29531,216711.0
2026-03-13,47.29531,47.37657,46.88899,46.97025,203563.0
2026-03-16,46.97025,47.45783,46.726459999999996,47.05152,91678.0
2026-03-17,47.45783,47.86415,47.214040000000004,47.214040000000004,62787.0
2026-03-18,47.214040000000004,47.37657,47.13278,47.29531,59608.0
2026-03-19,47.29531,47.29531,46.56394,46.645199999999996,174732.0
2026-03-20,46.726459999999996,47.45783,46.238879999999995,46.645199999999996,221780.0
2026-03-23,46.645199999999996,46.645199999999996,42.256980000000006,44.28856,192439.0
2026-03-24,44.45108999999999,45.50751,44.28856,44.613620000000004,238962.0
2026-03-25,45.1012,45.50751,44.613620000000004,45.50751,321635.0
2026-03-26,45.50751,45.7513,44.45108999999999,44.45108999999999,110752.0
2026-03-27,45.42625,45.42625,44.04477,45.1012,259414.0
2026-03-30,44.69488,44.938669999999995,44.28856,44.69488,154156.0
2026-03-31,45.344989999999996,45.913830000000004,44.938669999999995,45.58878,213887.0
2026-04-01,46.07636,46.97025,46.07636,46.56394,73691.0
2026-04-02,46.56394,46.56394,44.69488,45.67004,152279.0
2026-04-03,45.50751,45.67004,44.69488,45.344989999999996,264696.0
2026-04-06,45.50751,45.50751,44.53235,44.69488,231251.0
2026-04-07,44.04477,45.42625,43.96351,45.18246,453915.0
2026-04-08,45.83257,46.401410000000006,45.50751,46.15762,136021.0
2026-04-09,46.238879999999995,46.32015,45.18246,45.913830000000004,114866.0
2026-04-10,43.882239999999996,47.05152,41.363080000000004,46.401410000000006,216464.0
2026-04-13,46.401410000000006,46.80773000000001,45.99509,46.32015,55989.0
2026-04-14,46.56394,48.676790000000004,46.401410000000006,48.27047,266666.0
2026-04-15,48.433,48.59551999999999,48.02668,48.02668,115402.0
2026-04-16,47.5391,48.51426,47.214040000000004,48.10794,172637.0
2026-04-17,48.10794,49.0831,47.86415,48.676790000000004,156763.0
2026-04-20,48.92058,49.73321,48.433,49.57068,318757.0
2026-04-21,49.57068,50.22079,49.489419999999996,49.895739999999996,160806.0
2026-04-22,49.001839999999994,50.13953,49.001839999999994,49.73321,146668.0
2026-04-23,49.73321,49.73321,48.59551999999999,48.83931,167687.0
2026-04-24,48.92058,49.40816,47.5391,48.02668,97935.0
2026-04-28,48.758050000000004,48.758050000000004,47.94542,48.10794,52142.0
2026-04-29,48.27047,48.27047,47.5391,47.5391,101372.0
2026-05-04,48.189209999999996,48.189209999999996,47.62036,47.78289,14466.0
2026-05-05,47.94542,49.24563,47.701629999999994,49.164370000000005,202129.0
2026-05-06,49.164370000000005,49.24563,48.433,48.83931,56087.0
2026-05-07,48.83931,50.464580000000005,48.758050000000004,50.38332,354638.0
2026-05-08,50.38332,50.38332,49.489419999999996,49.65195,155573.0
2026-05-11,49.895739999999996,50.70837,49.895739999999996,50.058260000000004,283045.0
2026-05-12,49.977,50.464580000000005,49.895739999999996,50.13953,131154.0
2026-05-13,50.38332,50.62711,49.977,50.13953,126018.0
2026-05-14,50.13953,50.464580000000005,50.058260000000004,50.30205,39085.0
2026-05-15,50.30205,50.62711,50.058260000000004,50.38332,92364.0
2026-05-18,51.195949999999996,51.195949999999996,49.977,50.13953,52664.0
2026-05-19,50.058260000000004,50.38332,49.489419999999996,49.65195,136546.0
2026-05-20,49.65195,49.977,48.10794,48.83931,57484.0
2026-05-21,49.40816,49.977,49.164370000000005,49.73321,56645.0
2026-05-22,49.57068,49.65195,49.24563,49.24563,50967.0
2026-05-25,49.24563,49.81447,49.24563,49.24563,44696.0
2026-05-26,49.998,49.998,49.24803,49.331360000000004,34689.0
2026-05-27,49.41469,50.74797,49.08137,50.74797,144077.0
2026-05-28,51.91459,51.91459,49.49802,50.08133,78455.0
2026-05-29,50.08133,50.497980000000005,49.164699999999996,50.08133,56534.0
2026-06-01,50.497980000000005,50.497980000000005,49.164699999999996,49.74801,41363.0
2026-06-02,49.74801,49.74801,49.164699999999996,49.331360000000004,55267.0
2026-06-03,49.24803,49.74801,49.24803,49.66468,41379.0
2026-06-04,50.41465,50.41465,49.164699999999996,49.41469,43509.0
2026-06-05,49.41469,50.24799,49.41469,50.24799,34608.0
2026-06-08,51.91459,51.91459,49.83134,49.91467,77294.0
2026-06-09,49.998,50.164660000000005,49.58135,49.58135,55602.0
2026-06-10,46.0,50.7,46.0,50.0,66664.0
2026-06-11,50.0,50.2,49.9,50.0,68298.0
2026-06-12,50.2,50.2,49.7,49.9,32502.0
2026-06-15,50.0,50.6,49.6,49.9,39105.0
2026-06-16,49.9,50.0,49.7,49.9,28745.0
2026-06-17,50.0,50.6,49.9,50.2,35117.0
2026-06-18,50.3,51.7,50.0,50.8,252970.0
2026-06-19,50.8,51.5,50.6,50.9,33696.0
2026-06-22,50.9,51.2,50.5,51.1,72169.0
2026-06-23,51.5,51.5,50.0,50.3,77400.0
2026-06-24,50.6,51.2,50.0,50.8,90500.0
2026-06-25,51.0,51.1,50.7,50.7,28000.0
2026-06-26,50.7,51.1,50.2,50.8,76100.0
2026-06-29,50.8,51.0,50.2,50.3,125600.0
2026-06-30,50.3,51.5,50.3,50.3,499700.0
2026-07-01,50.8,50.8,50.3,50.4,24000.0
2026-07-02,50.4,51.4,50.3,50.8,190300.0
2026-07-03,50.8,50.8,50.5,50.6,46400.0
2026-07-06,50.3,50.6,49.8,49.8,101800.0
2026-07-07,49.8,50.0,49.5,49.8,37200.0
2026-07-08,49.8,49.8,49.6,49.7,38800.0
2026-07-09,49.7,49.7,49.0,49.3,32000.0
2026-07-10,48.8,49.5,48.5,49.0,20500.0
2026-07-13,48.9,49.2,48.0,48.5,65700.0
2026-07-14,48.6,49.0,47.0,49.0,30900.0
2026-07-15,48.8,48.8,47.9,48.1,23300.0
2026-07-16,48.1,48.2,48.0,48.2,29200.0
2026-07-17,48.3,49.1,48.3,49.1,24500.0
2026-07-20,49.1,49.1,48.0,48.0,73300.0
2026-07-21,48.0,48.8,47.0,48.2,87400.0
2026-07-22,48.5,48.5,47.2,47.6,18100.0
2026-07-23,48.5,49.1,47.7,48.4,72700.0
2026-07-24,48.6,48.6,48.4,48.5,39800.0
2026-07-27,48.5,49.9,48.4,48.4,59200.0
2026-07-28,48.8,49.0,48.2,48.6,42600.0
2026-07-29,48.7,48.8,48.0,48.6,24700.0
2026-07-30,48.6,48.8,47.2,48.4,296500.0
2026-07-31,48.5,48.5,47.0,47.9,71300.0
2026-08-03,48.0,49.0,47.9,48.6,98000.0
2026-08-04,48.6,49.4,48.6,49.2,59000.0
2026-08-05,49.5,49.6,47.8,48.7,276400.0
2026-08-06,48.6,48.7,48.1,48.3,22600.0
2026-08-07,48.5,50.0,47.7,48.7,239300.0
2026-08-10,48.7,49.4,48.7,49.0,123500.0
2026-08-11,49.0,49.5,48.0,48.2,157000.0
2026-08-12,48.9,49.1,48.3,48.8,57100.0
2026-08-13,49.0,53.0,49.0,51.8,649900.0
2026-08-14,52.9,54.4,51.0,52.3,454400.0
2026-08-17,52.3,53.6,50.9,50.9,325700.0
2026-08-18,50.9,52.3,50.9,51.9,140800.0
2026-08-19,51.9,51.9,49.9,50.5,276100.0
2026-08-20,50.6,50.9,50.2,50.8,158300.0
2026-08-21,51.2,51.2,50.3,51.0,136700.0
2026-08-24,51.0,51.4,50.6,50.8,131400.0
2026-08-25,50.8,50.8,50.4,50.4,140800.0
2026-08-26,50.4,51.2,50.1,50.4,132600.0
2026-08-27,50.4,50.6,50.1,50.4,96800.0
2026-08-28,50.5,50.6,50.1,50.1,89000.0
2026-09-03,50.0,50.4,49.6,50.1,119000.0
2026-09-04,50.1,50.2,49.8,50.1,68700.0
2026-09-07,50.1,52.3,50.1,51.5,345400.0
2026-09-08,50.0,51.5,46.4,51.2,86200.0
2026-09-09,51.2,52.3,50.7,52.3,234300.0
2026-09-10,52.2,55.5,52.1,55.1,1053800.0
2026-09-11,55.0,55.0,53.4,53.9,236700.0
2026-09-14,53.9,53.9,51.1,51.4,248500.0
2026-09-15,51.4,52.3,51.3,52.3,164200.0
2026-09-16,52.0,53.4,51.6,52.3,100600.0
2026-09-17,52.1,54.0,51.5,52.7,345800.0
2026-09-18,53.6,53.8,52.5,52.5,103700.0
2026-09-21,52.1,53.0,51.7,52.5,117600.0
2026-09-22,53.0,54.1,52.3,53.5,187300.0
2026-09-23,53.5,55.1,53.4,53.5,208100.0
2026-09-24,53.5,53.6,52.2,52.9,68600.0
2026-09-25,52.6,53.4,52.0,52.5,174000.0
2026-09-28,52.5,53.0,52.0,52.6,91000.0
2026-09-29,52.5,53.2,52.1,52.4,181700.0
2026-09-30,52.3,53.3,52.3,52.5,112400.0
2026-10-01,53.0,53.2,52.1,52.1,102400.0
2026-10-02,52.1,52.1,51.0,51.3,241200.0
