,open,high,low,close,volume
2020-05-08,27.28198,27.74439,27.2306,27.693009999999997,1341880.0
2020-05-11,26.66544,28.001279999999998,26.66544,27.74439,855360.0
2020-05-12,27.79577,27.84714,26.97371,27.07647,979420.0
2020-05-13,27.07647,27.12785,26.45993,26.97371,1298260.0
2020-05-14,26.81957,27.4875,26.45993,27.02509,1223690.0
2020-05-15,27.07647,27.693009999999997,26.7682,27.02509,912370.0
2020-05-18,27.02509,27.33336,26.5113,27.12785,1236960.0
2020-05-19,27.17922,27.4875,26.7682,27.2306,961210.0
2020-05-20,27.33336,27.4875,26.71682,27.28198,992870.0
2020-05-21,27.33336,27.64163,26.7682,27.4875,1752980.0
2020-05-22,27.4875,27.89852,26.922330000000002,27.38474,1051490.0
2020-05-25,27.43612,27.693009999999997,26.81957,27.38474,1035640.0
2020-05-26,27.43612,27.693009999999997,26.97371,27.43612,1119930.0
2020-05-27,27.43612,27.79577,26.97371,27.64163,1048710.0
2020-05-28,27.64163,28.20679,27.07647,27.89852,1361440.0
2020-05-29,27.74439,28.20679,27.38474,27.59025,899220.0
2020-06-01,27.59025,28.25817,27.43612,28.25817,1189620.0
2020-06-02,28.10404,28.41231,27.4875,27.84714,1184470.0
2020-06-03,27.79577,28.001279999999998,27.33336,27.89852,689390.0
2020-06-04,27.74439,28.41231,27.38474,28.001279999999998,1060190.0
2020-06-05,28.001279999999998,28.05266,27.89852,28.05266,565320.0
2020-06-08,28.001279999999998,28.20679,27.89852,28.10404,665510.0
2020-06-09,28.15542,28.515060000000002,27.4875,28.001279999999998,1389690.0
2020-06-10,28.001279999999998,28.15542,27.4875,28.001279999999998,1072730.0
2020-06-11,28.001279999999998,28.05266,27.79577,28.001279999999998,760090.0
2020-06-12,27.84714,28.41231,27.59025,28.20679,1958480.0
2020-06-15,28.05266,28.56644,27.74439,28.36093,1533550.0
2020-06-16,28.41231,29.18299,28.41231,29.08023,906440.0
2020-06-17,28.309549999999998,29.491259999999997,28.25817,29.33712,1321680.0
2020-06-18,29.28574,30.05642,29.18299,29.95366,802170.0
2020-06-19,30.31331,31.59777,30.05642,30.46745,2717840.0
2020-06-22,30.31331,30.98123,29.799529999999997,30.31331,2037200.0
2020-06-23,30.05642,30.31331,29.85091,29.95366,780790.0
2020-06-24,29.85091,30.36469,29.542630000000003,29.95366,1160280.0
2020-06-25,29.799529999999997,30.67296,29.542630000000003,30.5702,1115060.0
2020-06-26,30.46745,32.31707,30.46745,32.06018,799730.0
2020-06-29,32.06018,32.77948000000001,31.23813,31.95742,1351000.0
2020-06-30,31.80329,32.47121,31.135369999999998,31.59777,1368910.0
2020-07-01,31.392259999999997,32.111560000000004,31.032610000000002,31.49502,768550.0
2020-07-02,31.44364,31.546400000000002,31.08399,31.44364,1098930.0
2020-07-03,31.44364,32.16294,31.08399,32.06018,1179160.0
2020-07-06,32.06018,33.139129999999994,32.06018,32.984989999999996,731790.0
2020-07-07,33.19051,33.755669999999995,32.882239999999996,33.139129999999994,1327820.0
2020-07-08,33.39602,33.70429,32.83086,33.036370000000005,1466850.0
2020-07-09,33.139129999999994,33.19051,32.83086,33.139129999999994,523400.0
2020-07-10,33.139129999999994,33.139129999999994,32.47121,32.67672,667770.0
2020-07-13,32.62534,32.882239999999996,32.21432,32.36845,576990.0
2020-07-14,32.111560000000004,32.31707,31.85467,32.0088,507380.0
2020-07-15,32.0088,32.83086,32.0088,32.16294,579630.0
2020-07-16,32.16294,32.16294,31.75191,31.90605,714270.0
2020-07-17,31.90605,31.90605,31.59777,31.80329,782730.0
2020-07-20,31.649150000000002,31.85467,31.340880000000002,31.75191,698070.0
2020-07-21,31.70053,32.52259,31.59777,32.0088,1012120.0
2020-07-22,32.0088,32.2657,31.59777,32.21432,997430.0
2020-07-23,32.31707,32.52259,32.0088,32.36845,1028510.0
2020-07-24,32.36845,32.47121,32.111560000000004,32.31707,821900.0
2020-07-27,32.21432,32.36845,32.0088,32.2657,1134300.0
2020-07-28,32.2657,33.39602,32.06018,32.67672,1822980.0
2020-07-29,32.62534,32.83086,32.419830000000005,32.62534,738170.0
2020-07-30,32.67672,33.34464,32.67672,32.933620000000005,1339210.0
2020-07-31,32.77948000000001,33.60154,32.77948000000001,33.4474,1826420.0
2020-08-03,33.139129999999994,33.4474,32.83086,33.036370000000005,1102560.0
2020-08-04,33.08775,33.39602,32.62534,33.24189,1821410.0
2020-08-05,32.984989999999996,33.49878,32.47121,33.293260000000004,2970060.0
2020-08-06,33.036370000000005,33.60154,32.77948000000001,33.34464,2427630.0
2020-08-07,33.036370000000005,33.4474,32.882239999999996,33.19051,1870080.0
2020-08-10,33.39602,33.49878,32.882239999999996,33.293260000000004,2663870.0
2020-08-11,33.293260000000004,33.4474,32.882239999999996,33.24189,2290230.0
2020-08-12,33.24189,33.39602,32.7281,33.08775,2372360.0
2020-08-13,32.933620000000005,33.24189,32.77948000000001,32.933620000000005,1132480.0
2020-08-14,32.933620000000005,32.984989999999996,31.80329,32.419830000000005,1898250.0
2020-08-17,32.36845,32.52259,31.85467,32.52259,1056740.0
2020-08-18,32.47121,32.62534,32.2657,32.52259,803990.0
2020-08-19,32.419830000000005,33.036370000000005,32.36845,32.52259,1203160.0
2020-08-20,32.36845,32.83086,32.111560000000004,32.31707,1048220.0
2020-08-21,32.111560000000004,32.52259,32.0088,32.36845,710750.0
2020-08-24,32.36845,32.36845,32.2657,32.36845,641550.0
2020-08-25,31.95742,32.419830000000005,31.95742,32.31707,1176410.0
2020-08-26,32.111560000000004,32.36845,31.70053,32.2657,1504550.0
2020-08-27,32.111560000000004,32.31707,32.111560000000004,32.31707,973480.0
2020-08-28,32.16294,33.08775,32.16294,32.36845,1384140.0
2020-08-31,32.21432,32.83086,32.21432,32.77948000000001,949010.0
2020-09-01,32.31707,32.36845,32.0088,32.36845,1153990.0
2020-09-03,32.31707,32.47121,31.75191,32.47121,1743080.0
2020-09-04,32.47121,32.62534,32.111560000000004,32.2657,1156470.0
2020-09-07,32.06018,32.7281,31.75191,32.2657,1422550.0
2020-09-08,32.0088,32.62534,31.392259999999997,32.21432,2323220.0
2020-09-09,32.111560000000004,32.2657,31.95742,32.2657,1155010.0
2020-09-10,32.36845,32.57397,31.90605,32.2657,1412490.0
2020-09-11,32.2657,32.57397,32.06018,32.31707,1786910.0
2020-09-14,32.36845,32.83086,32.31707,32.7281,995810.0
2020-09-15,32.882239999999996,33.139129999999994,32.47121,32.77948000000001,1327570.0
2020-09-16,32.77948000000001,33.08775,32.52259,32.77948000000001,1587070.0
2020-09-17,32.67672,32.77948000000001,32.419830000000005,32.57397,1179700.0
2020-09-18,32.57397,33.19051,32.52259,32.83086,1575390.0
2020-09-21,32.83086,33.24189,32.83086,32.984989999999996,1535800.0
2020-09-22,32.984989999999996,33.08775,32.67672,32.77948000000001,859210.0
2020-09-23,32.62534,33.139129999999994,32.52259,32.67672,1294340.0
2020-09-24,32.67672,33.08775,32.47121,32.62534,1522960.0
2020-09-25,32.67672,32.984989999999996,32.419830000000005,32.62534,1422350.0
2020-09-28,32.67672,32.933620000000005,32.52259,32.57397,1403010.0
2020-09-29,32.67672,32.882239999999996,32.419830000000005,32.57397,1340650.0
2020-09-30,32.62534,32.882239999999996,32.419830000000005,32.83086,1314790.0
2020-10-01,32.83086,32.984989999999996,32.57397,32.7281,1355520.0
2020-10-02,32.77948000000001,32.882239999999996,32.47121,32.62534,1250150.0
2020-10-05,32.62534,32.67672,32.419830000000005,32.52259,1193480.0
2020-10-06,32.57397,32.83086,32.36845,32.52259,1443520.0
2020-10-07,32.57397,32.77948000000001,32.2657,32.419830000000005,1230410.0
2020-10-08,32.52259,32.62534,32.21432,32.36845,1289930.0
2020-10-09,31.85467,32.7281,31.75191,32.16294,1727780.0
2020-10-12,32.31707,32.57397,31.85467,32.111560000000004,1568930.0
2020-10-13,32.06018,32.31707,31.70053,31.85467,1184190.0
2020-10-14,31.95742,32.36845,31.75191,31.85467,1504900.0
2020-10-15,32.06018,32.2657,31.70053,32.06018,1736540.0
2020-10-16,32.06018,32.111560000000004,31.649150000000002,32.0088,1376870.0
2020-10-19,32.06018,32.31707,31.75191,32.16294,1722490.0
2020-10-20,32.16294,32.31707,31.75191,31.85467,1757030.0
2020-10-21,31.95742,32.06018,31.80329,32.0088,1218250.0
2020-10-22,32.0088,32.2657,31.80329,32.111560000000004,1698200.0
2020-10-23,32.111560000000004,32.2657,31.80329,32.0088,1726440.0
2020-10-26,31.95742,32.06018,31.649150000000002,31.85467,996840.0
2020-10-27,31.85467,31.95742,31.59777,31.90605,1181530.0
2020-10-28,31.80329,32.0088,31.546400000000002,31.85467,1374730.0
2020-10-29,31.80329,31.90605,31.49502,31.85467,1184750.0
2020-10-30,31.75191,31.85467,31.392259999999997,31.85467,1349980.0
2020-11-02,32.06018,32.111560000000004,31.70053,32.0088,1092220.0
2020-11-03,31.95742,32.0088,31.70053,31.90605,1305700.0
2020-11-04,31.85467,31.95742,31.649150000000002,31.95742,1129190.0
2020-11-05,31.95742,32.0088,31.649150000000002,31.90605,1256410.0
2020-11-06,31.95742,31.95742,31.649150000000002,31.90605,1349200.0
2020-11-09,31.95742,32.0088,31.2895,31.59777,1735870.0
2020-11-10,31.649150000000002,31.85467,31.59777,31.85467,1310890.0
2020-11-11,31.85467,31.85467,31.392259999999997,31.85467,1399630.0
2020-11-12,31.80329,31.85467,31.546400000000002,31.85467,1351480.0
2020-11-13,31.85467,31.85467,31.59777,31.85467,1469550.0
2020-11-16,31.80329,31.85467,31.2895,31.49502,1604250.0
2020-11-17,31.80329,31.85467,31.340880000000002,31.75191,1301890.0
2020-11-18,31.75191,31.80329,31.340880000000002,31.59777,1580260.0
2020-11-19,31.649150000000002,31.70053,31.23813,31.59777,1516270.0
2020-11-20,31.70053,31.75191,31.340880000000002,31.649150000000002,1326730.0
2020-11-23,31.649150000000002,31.75191,31.392259999999997,31.70053,1333420.0
2020-11-24,31.649150000000002,31.70053,31.340880000000002,31.59777,1293710.0
2020-11-25,31.59777,31.59777,31.340880000000002,31.546400000000002,1629710.0
2020-11-26,31.546400000000002,31.546400000000002,30.87848,31.340880000000002,1269370.0
2020-11-27,31.340880000000002,31.340880000000002,31.032610000000002,31.2895,1113890.0
2020-11-30,31.2895,31.2895,30.87848,31.135369999999998,1341390.0
2020-12-01,30.92985,31.135369999999998,30.827099999999998,31.135369999999998,1539880.0
2020-12-02,31.08399,31.135369999999998,30.87848,31.08399,1425570.0
2020-12-03,31.032610000000002,31.08399,30.827099999999998,31.032610000000002,1162620.0
2020-12-04,30.98123,31.032610000000002,30.827099999999998,31.032610000000002,1707510.0
2020-12-07,30.98123,31.135369999999998,30.827099999999998,31.08399,1368050.0
2020-12-08,31.032610000000002,31.135369999999998,30.827099999999998,31.135369999999998,1831230.0
2020-12-09,31.08399,32.2657,31.032610000000002,32.2657,3107290.0
2020-12-10,32.31707,33.39602,32.16294,32.83086,2817400.0
2020-12-11,32.7281,33.139129999999994,32.57397,32.83086,2010120.0
2020-12-14,32.83086,33.293260000000004,32.47121,33.08775,2200880.0
2020-12-15,33.08775,34.62911,33.08775,33.652910000000006,3284160.0
2020-12-16,33.85843,34.62911,33.807050000000004,34.47497,3195680.0
2020-12-17,34.32083,34.32083,33.652910000000006,33.90981,3136020.0
2020-12-18,34.01256,34.42359,33.807050000000004,33.90981,4014050.0
2020-12-21,34.21808,34.47497,33.807050000000004,34.06394,2348350.0
2020-12-22,34.06394,34.47497,33.90981,34.26946,3068310.0
2020-12-23,34.37221,34.52635,34.11532,34.42359,4055970.0
2020-12-24,34.42359,34.52635,33.39602,33.90981,2243120.0
2020-12-25,33.90981,34.26946,33.85843,34.1667,1953300.0
2020-12-28,34.11532,34.52635,34.11532,34.47497,4271540.0
2020-12-29,34.47497,36.83838,34.42359,34.886,10563890.0
2020-12-30,35.04013,35.45116,33.96119,34.32083,3302610.0
2020-12-31,34.32083,34.52635,33.90981,33.90981,2697410.0
2021-01-04,33.807050000000004,34.83462,33.34464,33.4474,6534500.0
2021-01-05,33.39602,33.807050000000004,32.47121,33.39602,7203800.0
2021-01-06,33.34464,34.886,33.24189,34.26946,6497100.0
2021-01-07,34.26946,36.632870000000004,34.1667,36.632870000000004,8664500.0
2021-01-08,37.249410000000005,38.99628,37.249410000000005,38.893519999999995,5081200.0
2021-01-11,38.79076,38.893519999999995,38.020089999999996,38.79076,6268600.0
2021-01-12,38.79076,39.97247,38.431110000000004,38.73939,6610300.0
2021-01-13,38.73939,39.304550000000006,38.58525,38.84214,4785000.0
2021-01-14,39.04766,39.45868,38.48249,38.63663,4715400.0
2021-01-15,38.58525,38.79076,37.249410000000005,37.249410000000005,6708400.0
2021-01-18,36.99252,37.96871,36.478730000000006,36.83838,3649100.0
2021-01-19,37.198029999999996,37.249410000000005,34.42359,35.964949999999995,3120700.0
2021-01-20,36.89192,38.45073,36.424279999999996,37.41153,3061400.0
2021-01-21,38.13897,39.69779,37.41153,39.43798,3443100.0
2021-01-22,39.59386,41.56836,38.97033999999999,41.04876,5587300.0
2021-01-25,41.10072,41.62032,40.9968,41.56836,2759800.0
2021-01-26,41.828160000000004,42.86737,41.04876,42.08797,3383500.0
2021-01-27,42.08797,42.86737,41.56836,42.19189,4348500.0
2021-01-28,41.516400000000004,42.036010000000005,39.2821,39.386019999999995,7975600.0
2021-01-29,39.74975,42.13993,39.645830000000004,41.67228,2514600.0
2021-02-01,41.67228,43.02325,41.10072,41.62032,2745800.0
2021-02-02,41.62032,42.08797,41.152680000000004,41.828160000000004,2402600.0
2021-02-03,41.880120000000005,43.38698,41.46444,43.12718,2987900.0
2021-02-04,43.17914,43.38698,41.98405,42.34777,2796400.0
2021-02-05,42.65953,42.81541,41.41248,41.67228,2404700.0
2021-02-08,41.516400000000004,41.56836,39.489940000000004,40.37327,2980600.0
2021-02-09,40.788959999999996,41.776199999999996,40.009550000000004,41.04876,2216500.0
2021-02-17,42.036010000000005,42.19189,40.9968,42.08797,1504600.0
2021-02-18,41.724239999999995,42.34777,41.10072,42.34777,2001600.0
2021-02-19,42.295809999999996,42.81541,41.56836,41.724239999999995,2908100.0
2021-02-22,41.776199999999996,42.036010000000005,41.20464,41.98405,2037600.0
2021-02-23,41.98405,42.036010000000005,41.62032,41.98405,2038800.0
2021-02-24,41.98405,42.50365,41.2566,41.776199999999996,1905500.0
2021-02-25,41.98405,42.399730000000005,41.152680000000004,41.56836,1844300.0
2021-02-26,41.30856,42.08797,41.152680000000004,41.360519999999994,2117300.0
2021-03-01,41.30856,41.56836,41.10072,41.41248,1797100.0
2021-03-02,41.41248,41.56836,41.152680000000004,41.20464,1608600.0
2021-03-03,41.152680000000004,42.60757,40.94484,42.295809999999996,2283900.0
2021-03-04,42.50365,42.55561,41.56836,41.880120000000005,1619800.0
2021-03-05,42.19189,42.295809999999996,40.52915,41.516400000000004,2736200.0
2021-03-08,41.724239999999995,42.399730000000005,41.04876,42.295809999999996,3224500.0
2021-03-09,42.295809999999996,42.71149,41.67228,42.60757,2539700.0
2021-03-10,42.71149,42.86737,41.62032,42.86737,2783800.0
2021-03-11,43.2311,43.38698,42.65953,43.07522,2540300.0
2021-03-12,42.91933,43.02325,42.50365,42.71149,1521600.0
2021-03-15,42.71149,43.12718,42.24385,42.55561,2639900.0
2021-03-16,42.295809999999996,42.55561,41.776199999999996,42.036010000000005,1680800.0
2021-03-17,41.67228,42.036010000000005,41.360519999999994,41.828160000000004,4339200.0
2021-03-18,42.295809999999996,42.60757,41.56836,42.19189,1872600.0
2021-03-19,42.08797,42.19189,41.04876,41.04876,3281400.0
2021-03-22,41.56836,42.13993,41.56836,41.98405,1122300.0
2021-03-23,42.08797,42.60757,41.516400000000004,41.56836,2921000.0
2021-03-24,41.46444,41.56836,41.152680000000004,41.46444,1841200.0
2021-03-25,41.30856,42.08797,41.20464,41.56836,2034100.0
2021-03-26,41.41248,41.46444,40.94484,41.30856,1934300.0
2021-03-29,41.56836,41.62032,41.30856,41.56836,1554800.0
2021-03-30,41.828160000000004,41.98405,41.516400000000004,41.932089999999995,1414800.0
2021-03-31,41.828160000000004,41.98405,41.62032,41.828160000000004,1455700.0
2021-04-01,41.932089999999995,43.12718,41.828160000000004,42.50365,2485600.0
2021-04-02,42.86737,43.07522,42.50365,42.60757,1646800.0
2021-04-05,45.10167,45.10167,43.17914,44.426190000000005,3890400.0
2021-04-06,44.426190000000005,45.4654,43.95854,45.10167,2969000.0
2021-04-07,44.94579,45.985,44.789910000000006,45.77716,3489500.0
2021-04-08,45.881080000000004,46.81637,45.82912,46.140879999999996,2634700.0
2021-04-09,45.82912,46.81637,45.56932,46.764410000000005,2258500.0
2021-04-12,47.02421,49.88203,46.81637,49.51831,3764600.0
2021-04-13,49.88203,50.92124,49.51831,50.1938,3206000.0
2021-04-14,50.1938,52.01241,49.62223,52.01241,3604000.0
2021-04-15,53.36338,54.03887,52.01241,53.25946,5415800.0
2021-04-16,53.25946,56.948660000000004,53.25946,56.117290000000004,3860300.0
2021-04-19,56.63689,57.1565,55.85749,56.63689,4357900.0
2021-04-20,56.63689,57.05258,55.13004,56.377089999999995,3068200.0
2021-04-22,56.117290000000004,56.377089999999995,55.07808,55.753569999999996,1912600.0
2021-04-23,55.753569999999996,55.85749,55.13004,55.59768,1543900.0
2021-04-26,56.377089999999995,59.44276,55.54572,59.44276,2559000.0
2021-04-27,59.44276,63.39175,59.44276,63.131949999999996,2006900.0
2021-04-28,63.183910000000004,66.50938000000001,61.57314,66.50938000000001,2231400.0
2021-04-29,68.17211,68.8476,67.02897999999999,68.27603,3727500.0
2021-05-04,68.27603,68.5878,65.00253,68.32799,2079000.0
2021-05-05,68.06819,70.04269000000001,67.86035000000001,69.1074,1769200.0
2021-05-06,68.8476,70.92602000000001,68.17211,70.51033,1356100.0
2021-05-07,70.66622,73.26424,70.56228999999999,70.56228999999999,2379300.0
2021-05-10,69.1074,70.40641000000001,66.76917999999999,66.76917999999999,1662700.0
2021-05-11,66.76917999999999,67.80839,65.93781,66.76917999999999,4227900.0
2021-05-12,66.24958000000001,67.54858999999999,65.98977000000001,67.54858999999999,2169300.0
2021-05-13,67.54858999999999,72.22503,67.02897999999999,69.62701,1992400.0
2021-05-14,69.1074,70.09464999999999,68.89956,69.67897,1967300.0
2021-05-17,69.41916,71.70542,69.41916,71.49758,1447700.0
2021-05-18,71.70542,73.78384,71.3417,73.62796,1304000.0
2021-05-19,74.61521,75.23874,73.26424,73.78384,2769900.0
2021-05-20,74.30345,74.82305000000001,71.08189999999999,73.26424,3466500.0
2021-05-21,71.86131,72.95248,70.66622,71.3417,1092100.0
2021-05-24,71.39366,71.70542,69.62701,70.14661,1121400.0
2021-05-25,70.14661,70.66622,69.00348,70.40641000000001,1220500.0
2021-05-26,69.62701,70.40641000000001,69.1074,69.3672,1471900.0
2021-05-27,70.14661,71.13386,69.83485,70.66622,1482500.0
2021-05-28,70.45837,70.66622,69.73092999999999,70.09464999999999,1733600.0
2021-05-31,69.62701,70.30249,69.62701,69.93877,1764400.0
2021-06-01,70.14661,70.56228999999999,69.93877,70.56228999999999,1243900.0
2021-06-02,70.45837,72.74463,70.30249,72.43287,2982400.0
2021-06-03,72.74463,73.78384,72.53679,73.26424,1548100.0
2021-06-04,74.25149,74.25149,72.53679,72.64071000000001,1077700.0
2021-06-07,72.48483,73.36816,71.86131,72.01719,2570300.0
2021-06-08,72.01719,72.01719,69.57505,70.66622,3759100.0
2021-06-09,75.42760000000001,75.56859,74.01774,74.93414999999999,3534100.0
2021-06-10,74.58167999999999,75.07513,73.03084,73.03084,1655000.0
2021-06-11,73.31281,74.15872,73.03084,73.94725,1402400.0
2021-06-14,74.01774,74.01774,72.67837,73.24231,1256400.0
2021-06-15,72.74886000000001,73.52429,72.67837,73.31281,1397700.0
2021-06-16,73.31281,73.45379,72.60788000000001,72.96034,928700.0
2021-06-17,72.60788000000001,72.67837,72.04392999999999,72.04392999999999,1672900.0
2021-06-18,72.60788000000001,73.31281,72.25541,72.60788000000001,2463900.0
2021-06-21,73.45379,77.54239,72.96034,76.83746000000001,5282100.0
2021-06-22,78.95225,80.71458,78.31782000000001,80.00965,2860800.0
2021-06-23,80.99655,81.34902000000001,78.59979,78.95225,2761200.0
2021-06-24,78.24732,81.06705000000001,76.4145,81.06705000000001,3225900.0
2021-06-25,80.00965,84.23924000000001,80.00965,83.95725999999999,3539000.0
2021-06-28,84.5917,86.636,84.23924000000001,84.5917,2838700.0
2021-06-29,85.15565,85.57860000000001,83.46381,85.29663000000001,3288400.0
2021-06-30,86.00156,86.00156,84.5917,85.29663000000001,2570300.0
2021-07-01,86.77699000000001,87.12944999999999,84.02776,84.5917,4599900.0
2021-07-02,85.93107,85.93107,82.47691,83.88677,5132300.0
2021-07-05,83.25233,83.32283,80.5736,81.06705000000001,2451700.0
2021-07-06,80.99655,82.82937,80.36211999999999,82.47691,3015300.0
2021-07-07,82.47691,83.18184,81.41950999999999,83.18184,3716000.0
2021-07-08,80.5031,82.47691,77.40141,78.10634,9726500.0
2021-07-09,78.5293,78.5293,72.74886000000001,72.96034,4811600.0
2021-07-12,73.52429,75.78007000000001,70.84555,74.08823,3321300.0
2021-07-13,74.15872,74.29971,71.90295,73.80626,1750500.0
2021-07-14,73.80626,73.94725,71.05703,73.31281,3035000.0
2021-07-15,72.60788000000001,73.31281,72.25541,73.31281,1922700.0
2021-07-16,73.31281,74.86366000000001,72.04392999999999,73.73577,3034300.0
2021-07-19,72.60788000000001,73.31281,72.25541,72.60788000000001,3234600.0
2021-07-20,72.60788000000001,72.96034,71.83245,72.96034,2959200.0
2021-07-21,72.81936,73.52429,72.53738,72.67837,2556300.0
2021-07-22,72.46689,74.01774,72.46689,73.94725,2549000.0
2021-07-23,73.87675,73.87675,72.60788000000001,72.60788000000001,1917800.0
2021-07-26,72.53738,75.78007000000001,72.18492,75.78007000000001,3544400.0
2021-07-27,74.01774,75.28661,74.01774,75.07513,3971400.0
2021-07-28,74.01774,74.01774,73.3833,73.3833,1440900.0
2021-07-29,73.59478,73.73577,73.10133,73.31281,1230100.0
2021-07-30,73.10133,73.80626,72.96034,73.31281,1770500.0
2021-08-02,72.96034,75.28661,72.60788000000001,73.73577,2468400.0
2021-08-03,73.3833,74.86366000000001,73.3833,74.3702,2249700.0
2021-08-04,74.58167999999999,77.47189999999999,74.29971,75.78007000000001,5758700.0
2021-08-05,76.13253,77.26042,76.13253,76.13253,2691800.0
2021-08-06,76.13253,76.485,75.70957000000001,75.78007000000001,2468500.0
2021-08-09,75.78007000000001,75.85056,74.72267,74.72267,3955600.0
2021-08-10,74.72267,75.42760000000001,73.73577,73.73577,3132300.0
2021-08-11,73.73577,74.29971,72.96034,73.24231,2926900.0
2021-08-12,73.17182000000001,73.52429,72.96034,73.03084,2232300.0
2021-08-13,72.96034,73.24231,72.67837,72.96034,2228800.0
2021-08-16,73.03084,73.66527,72.88985000000001,73.17182000000001,2089900.0
2021-08-17,73.31281,73.31281,72.74886000000001,72.74886000000001,1790400.0
2021-08-18,73.17182000000001,73.17182000000001,72.32589999999999,72.60788000000001,2798900.0
2021-08-19,72.25541,74.01774,72.04392999999999,73.94725,4861800.0
2021-08-20,73.87675,73.87675,72.32589999999999,73.10133,3088000.0
2021-08-23,73.10133,74.86366000000001,72.96034,73.94725,3413100.0
2021-08-24,74.3702,74.72267,72.96034,74.3702,2427200.0
2021-08-25,74.3702,75.42760000000001,73.87675,74.3702,2967700.0
2021-08-26,74.3702,74.51119,72.96034,73.10133,2569200.0
2021-08-27,72.96034,73.17182000000001,72.3964,73.17182000000001,2191900.0
2021-08-30,73.17182000000001,73.52429,72.88985000000001,73.31281,2027100.0
2021-08-31,73.31281,74.29971,72.81936,73.59478,2367900.0
2021-09-01,73.59478,74.3702,73.3833,73.80626,1999400.0
2021-09-06,74.22922,74.86366000000001,73.73577,73.87675,2670600.0
2021-09-07,73.87675,74.3702,73.52429,73.87675,2327100.0
2021-09-08,73.87675,73.94725,73.31281,73.31281,2002700.0
2021-09-09,73.17182000000001,73.52429,72.74886000000001,72.74886000000001,2164900.0
2021-09-10,72.81936,73.31281,72.67837,72.81936,2216700.0
2021-09-13,72.74886000000001,72.88985000000001,72.3964,72.60788000000001,2566300.0
2021-09-14,72.74886000000001,72.88985000000001,72.32589999999999,72.60788000000001,2087300.0
2021-09-15,72.60788000000001,72.67837,72.32589999999999,72.67837,1919000.0
2021-09-16,72.96034,73.10133,72.32589999999999,72.67837,1907000.0
2021-09-17,72.67837,72.96034,72.3964,72.74886000000001,2604800.0
2021-09-20,72.60788000000001,72.96034,72.11443,72.60788000000001,2987700.0
2021-09-21,72.60788000000001,72.60788000000001,72.11443,72.60788000000001,2363300.0
2021-09-22,72.53738,72.74886000000001,72.25541,72.67837,2196300.0
2021-09-23,72.46689,72.60788000000001,72.11443,72.60788000000001,2298400.0
2021-09-24,72.53738,72.60788000000001,72.18492,72.60788000000001,2135000.0
2021-09-27,72.46689,72.53738,72.11443,72.18492,1602500.0
2021-09-28,72.04392999999999,72.32589999999999,72.04392999999999,72.32589999999999,1091100.0
2021-09-29,72.25541,72.32589999999999,71.47999,71.90295,1398700.0
2021-09-30,71.90295,71.90295,71.55048,71.90295,955600.0
2021-10-01,71.69147,71.90295,71.339,71.90295,1738100.0
2021-10-04,71.47999,71.90295,71.339,71.90295,1756000.0
2021-10-05,71.90295,74.3702,71.55048,73.59478,2884600.0
2021-10-06,74.22922,74.58167999999999,73.45379,74.01774,3391300.0
2021-10-07,74.01774,74.58167999999999,73.3833,73.3833,2436000.0
2021-10-08,73.45379,73.66527,72.67837,73.66527,1534200.0
2021-10-11,73.66527,73.73577,73.10133,73.31281,2273900.0
2021-10-12,73.10133,73.10133,72.53738,72.60788000000001,2348800.0
2021-10-13,72.60788000000001,73.10133,72.32589999999999,72.32589999999999,1641300.0
2021-10-14,72.53738,72.60788000000001,71.90295,72.11443,2839800.0
2021-10-15,72.11443,72.32589999999999,71.76196,71.90295,2172700.0
2021-10-18,71.90295,72.04392999999999,71.55048,71.69147,2239700.0
2021-10-19,71.83245,73.31281,71.339,72.32589999999999,3478600.0
2021-10-20,72.32589999999999,73.17182000000001,71.55048,72.11443,2454000.0
2021-10-21,72.25541,72.32589999999999,71.69147,71.90295,2612700.0
2021-10-22,71.90295,73.24231,71.83245,72.81936,1784500.0
2021-10-25,73.03084,73.94725,72.60788000000001,73.17182000000001,3351400.0
2021-10-26,73.31281,73.80626,72.32589999999999,72.81936,2546300.0
2021-10-27,72.81936,73.66527,72.3964,73.24231,1833600.0
2021-10-28,73.31281,77.54239,73.10133,75.99154,7631700.0
2021-10-29,77.04894,78.95225,76.76697,77.04894,6730000.0
2021-11-01,78.03584,78.17683,76.83746000000001,77.26042,3415000.0
2021-11-02,76.06204,76.83746000000001,75.92105000000001,76.20302000000001,3542600.0
2021-11-03,76.13253,76.20302000000001,74.08823,74.15872,5703800.0
2021-11-04,74.3702,74.93414999999999,73.31281,73.31281,3375700.0
2021-11-05,73.31281,74.58167999999999,73.03084,74.01774,2986600.0
2021-11-08,74.22922,74.58167999999999,73.59478,73.73577,2638200.0
2021-11-09,73.66527,73.94725,72.60788000000001,72.60788000000001,3589700.0
2021-11-10,73.03084,73.73577,72.60788000000001,73.31281,2111500.0
2021-11-11,74.01774,76.06204,73.31281,74.3702,3163200.0
2021-11-12,74.72267,75.42760000000001,74.01774,74.72267,1497600.0
2021-11-15,75.28661,75.28661,73.03084,73.03084,2376800.0
2021-11-16,73.03084,73.73577,72.67837,72.67837,2298500.0
2021-11-17,73.3833,73.3833,72.60788000000001,72.74886000000001,2048900.0
2021-11-18,73.03084,73.03084,72.18492,72.3964,2695500.0
2021-11-19,72.32589999999999,72.60788000000001,71.55048,72.04392999999999,2540600.0
2021-11-22,72.25541,72.3964,71.47999,71.97344,1917700.0
2021-11-23,72.04392999999999,74.86366000000001,72.04392999999999,74.86366000000001,2972100.0
2021-11-24,75.56859,76.13253,74.58167999999999,75.00464,2981500.0
2021-11-25,75.42760000000001,77.40141,75.21611999999999,76.83746000000001,4256200.0
2021-11-26,76.97845,79.58669,76.90795,78.03584,5239300.0
2021-11-29,75.70957000000001,78.03584,75.70957000000001,77.68338,3468700.0
2021-11-30,78.24732,78.88176,76.20302000000001,77.54239,4574900.0
2021-12-01,78.24732,81.06705000000001,77.89486,80.36211999999999,3838200.0
2021-12-02,81.77198,82.33592,79.72767999999999,80.5736,4444600.0
2021-12-03,82.12444,82.12444,78.03584,78.24732,5174600.0
2021-12-06,77.54239,79.93916,76.83746000000001,78.24732,5882400.0
2021-12-07,78.38831,79.58669,77.54239,79.37521000000001,3348700.0
2021-12-08,79.65719,80.36211999999999,78.59979,80.29162,3467000.0
2021-12-09,80.36211999999999,81.63099000000001,80.00965,81.06705000000001,5716900.0
2021-12-10,81.41950999999999,81.5605,79.65719,79.65719,2890300.0
2021-12-13,79.65719,80.36211999999999,78.24732,79.02275,4328000.0
2021-12-14,78.38831,80.43261,78.31782000000001,79.72767999999999,5114500.0
2021-12-15,79.72767999999999,81.06705000000001,78.95225,81.06705000000001,3435200.0
2021-12-16,81.63099000000001,82.47691,80.36211999999999,81.06705000000001,4674800.0
2021-12-17,81.13753999999999,82.26543,80.29162,81.20803,4684800.0
2021-12-20,80.99655,81.41950999999999,80.29162,81.27853,2891900.0
2021-12-21,81.27853,82.47691,80.64408999999999,82.19494,3944800.0
2021-12-22,82.47691,83.11135,80.71458,82.26543,5141500.0
2021-12-23,81.77198,82.82937,78.59979,79.65719,6151100.0
2021-12-24,82.92218,82.92218,80.33663,82.09111,3490400.0
2021-12-27,82.09111,83.01452,81.07536,82.18345,1044900.0
2021-12-28,82.55281,82.55281,80.33663,80.33663,1816700.0
2021-12-29,80.42897,81.07536,78.58215,80.33663,1950300.0
2021-12-30,80.33663,80.52131,79.1362,79.69024,1482900.0
2021-12-31,79.69024,84.03027,79.50556,84.03027,2914100.0
2022-01-04,83.56855999999999,83.56855999999999,81.72174000000001,82.18345,2536200.0
2022-01-05,82.18345,82.27579,81.07536,82.27579,2391300.0
2022-01-06,81.72174000000001,83.10686,81.07536,81.44472,2428400.0
2022-01-07,81.44472,81.81409,79.78258,79.78258,3022700.0
2022-01-10,79.78258,81.26003999999999,77.47406,77.47406,2916500.0
2022-01-11,77.47406,78.48980999999999,75.99661,78.02811,2675600.0
2022-01-12,77.19703999999999,78.02811,76.08895,77.38172,2055700.0
2022-01-13,77.56639999999999,77.56639999999999,75.90426,77.1047,2558200.0
2022-01-14,75.81192,77.1047,75.44256,75.71958000000001,3070800.0
2022-01-17,75.71958000000001,76.64299000000001,72.76467,73.87276,2767000.0
2022-01-18,73.87276,73.9651,73.04169,73.9651,2687600.0
2022-01-19,73.41105999999999,73.87276,72.11828999999999,73.87276,2391700.0
2022-01-20,73.41105999999999,74.05745,72.30297,74.05745,3504400.0
2022-01-21,74.05745,74.05745,72.57999000000001,73.87276,2613100.0
2022-01-24,72.48764999999999,73.87276,72.11828999999999,72.11828999999999,2844300.0
2022-01-25,72.21063000000001,73.68808,71.84125999999999,72.94935000000001,1729300.0
2022-01-26,73.59574,73.59574,72.30297,73.31872,1630700.0
2022-01-27,73.13404,73.87276,72.48764999999999,72.94935000000001,2236000.0
2022-01-28,73.41105999999999,73.78041999999999,72.57999000000001,73.78041999999999,1554600.0
2022-02-07,73.41105999999999,75.71958000000001,73.41105999999999,73.87276,1993900.0
2022-02-08,73.87276,73.87276,73.04169,73.13404,2143700.0
2022-02-09,73.59574,73.68808,72.30297,72.94935000000001,2658700.0
2022-02-10,73.04169,73.04169,72.02594,72.48764999999999,2961900.0
2022-02-11,72.48764999999999,72.48764999999999,71.74892,72.11828999999999,1978900.0
2022-02-14,72.02594,72.39531,70.82551,72.02594,2814400.0
2022-02-15,72.02594,73.5034,71.56424000000001,72.94935000000001,2724200.0
2022-02-16,73.78041999999999,73.78041999999999,71.84125999999999,72.11828999999999,2680400.0
2022-02-17,72.21063000000001,72.94935000000001,71.37956,72.94935000000001,3864700.0
2022-02-18,72.21063000000001,72.76467,71.65658,72.48764999999999,3218300.0
2022-02-21,72.48764999999999,72.57999000000001,72.02594,72.48764999999999,2583200.0
2022-02-22,71.56424000000001,72.48764999999999,71.47189999999999,72.11828999999999,2974200.0
2022-02-23,72.02594,72.11828999999999,71.47189999999999,71.47189999999999,2354600.0
2022-02-24,71.47189999999999,71.47189999999999,69.99444,70.17913,2726800.0
2022-02-25,70.64083000000001,70.64083000000001,68.70167,70.45615,3718400.0
2022-02-28,70.64083000000001,70.73317,69.25572,69.53274,2855200.0
2022-03-01,69.53274,70.17913,69.07103,69.62508,3281200.0
2022-03-02,69.53274,71.84125999999999,69.4404,70.54849,3730500.0
2022-03-03,70.82551,72.02594,70.36381,72.02594,2968500.0
2022-03-04,72.85700999999999,72.94935000000001,71.10253,71.10253,3890200.0
2022-03-07,70.64083000000001,71.01019000000001,69.71742,70.17913,4004500.0
2022-03-08,69.80976,70.54849,69.34806,70.17913,3460700.0
2022-03-09,70.54849,70.91785,69.71742,70.64083000000001,3224400.0
2022-03-10,71.10253,73.41105999999999,70.54849,71.10253,5405900.0
2022-03-11,72.02594,72.39531,70.64083000000001,71.28722,3420600.0
2022-03-14,70.82551,71.47189999999999,69.62508,70.64083000000001,4530400.0
2022-03-15,69.99444,71.28722,69.71742,70.73317,3973700.0
2022-03-16,71.01019000000001,72.39531,70.36381,71.47189999999999,3574200.0
2022-03-17,71.47189999999999,72.48764999999999,70.64083000000001,70.73317,3602100.0
2022-03-18,70.91785,71.19488,69.4404,71.19488,5003700.0
2022-03-21,71.37956,76.08895,70.73317,76.08895,7255400.0
2022-03-22,78.48980999999999,80.05961,77.1047,77.65874000000001,7102700.0
2022-03-23,78.95152,79.1362,76.92000999999999,77.38172,7524300.0
2022-03-24,77.56639999999999,78.02811,76.08895,76.45831,7178100.0
2022-03-25,76.45831,78.76683,76.45831,77.19703999999999,5584600.0
2022-03-28,77.1047,77.1047,75.90426,76.18128999999999,6222900.0
2022-03-29,76.18128999999999,76.92000999999999,75.81192,76.18128999999999,4145300.0
2022-03-30,76.08895,76.18128999999999,73.68808,73.87276,6164300.0
2022-03-31,73.87276,74.79617,73.78041999999999,73.9651,2626900.0
2022-04-01,73.9651,76.27363000000001,72.67233,76.27363000000001,4868100.0
2022-04-04,76.45831,80.89067999999999,76.27363000000001,79.87492999999999,6134300.0
2022-04-05,79.22854,81.26003999999999,78.12044999999999,80.98302000000001,5672500.0
2022-04-06,81.44472,81.53706,78.30513,79.69024,6803500.0
2022-04-07,79.1362,79.41322,77.75108,78.12044999999999,5536200.0
2022-04-08,77.38172,79.78258,77.28938000000001,78.85916999999999,6060900.0
2022-04-12,78.95152,79.78258,78.21279,78.48980999999999,3935300.0
2022-04-13,79.1362,81.07536,77.93577,79.87492999999999,5928200.0
2022-04-14,79.87492999999999,81.07536,77.56639999999999,78.48980999999999,6662400.0
2022-04-15,77.75108,78.58215,77.65874000000001,77.65874000000001,2741000.0
2022-04-18,76.64299000000001,77.1047,75.44256,75.90426,3329400.0
2022-04-19,76.18128999999999,76.45831,75.35022000000001,75.71958000000001,3030000.0
2022-04-20,75.99661,76.18128999999999,74.42681,75.16554,3466600.0
2022-04-21,74.79617,74.88851,73.5034,73.9651,4662100.0
2022-04-22,74.33447,74.98085,73.9651,74.79617,2613900.0
2022-04-25,75.90426,75.90426,72.94935000000001,73.9651,3656200.0
2022-04-26,73.9651,75.71958000000001,73.13404,74.79617,4528900.0
2022-04-27,74.79617,75.0732,73.78041999999999,75.0732,2142900.0
2022-04-28,75.0732,75.71958000000001,74.42681,75.44256,3173600.0
2022-04-29,75.62724,76.45831,74.61149,75.71958000000001,3227000.0
2022-05-04,75.71958000000001,75.99661,73.87276,74.33447,3050100.0
2022-05-05,74.79617,75.44256,73.9651,74.98085,2172500.0
2022-05-06,74.79617,74.79617,73.68808,74.61149,3892300.0
2022-05-09,74.24213,74.33447,72.21063000000001,72.48764999999999,3577100.0
2022-05-10,71.10253,72.94935000000001,70.73317,72.94935000000001,3350000.0
2022-05-11,73.9651,74.51915,72.11828999999999,72.67233,2688300.0
2022-05-12,73.41105999999999,73.87276,68.97869,69.53274,3516100.0
2022-05-13,69.25572,71.37956,66.94719,69.25572,3817000.0
2022-05-16,69.34806,69.53274,67.96294,69.25572,2173400.0
2022-05-17,69.25572,72.30297,68.42465,72.30297,2759700.0
2022-05-18,72.30297,72.30297,69.25572,72.30297,2807100.0
2022-05-19,71.01019000000001,72.30297,69.25572,72.02594,2448500.0
2022-05-20,71.93360000000001,72.48764999999999,71.19488,71.84125999999999,2381900.0
2022-05-23,71.56424000000001,71.65658,70.17913,70.54849,1912800.0
2022-05-24,70.54849,71.28722,69.34806,71.28722,2384700.0
2022-05-25,72.02594,72.85700999999999,71.01019000000001,72.85700999999999,2947500.0
2022-05-26,72.48764999999999,73.87276,71.19488,72.02594,3253700.0
2022-05-27,72.02594,73.41105999999999,71.37956,72.39531,3410700.0
2022-05-30,72.48764999999999,72.67233,71.19488,72.67233,2673200.0
2022-05-31,72.02594,72.48764999999999,71.74892,72.02594,2305900.0
2022-06-01,72.02594,72.30297,71.47189999999999,72.02594,2440800.0
2022-06-02,72.11828999999999,73.78041999999999,72.11828999999999,72.85700999999999,2394400.0
2022-06-03,72.94935000000001,73.22638,70.17913,71.56424000000001,2327400.0
2022-06-06,70.27147000000001,71.19488,69.71742,70.45615,3044600.0
2022-06-07,70.17913,70.64083000000001,69.4404,70.17913,3038300.0
2022-06-08,71.01019000000001,71.47189999999999,70.17913,70.54849,2684900.0
2022-06-09,70.91785,71.37956,70.36381,70.64083000000001,2383800.0
2022-06-10,71.01019000000001,71.56424000000001,70.45615,71.10253,2158000.0
2022-06-13,71.10253,71.10253,70.08678,70.17913,2464100.0
2022-06-14,70.27147000000001,71.10253,70.17913,70.73317,2635200.0
2022-06-15,70.91785,71.10253,69.80976,70.54849,3341200.0
2022-06-16,71.10253,72.30297,70.54849,71.56424000000001,3137300.0
2022-06-17,71.37956,72.30297,69.9021,69.9021,3396400.0
2022-06-20,71.01019000000001,71.01019000000001,69.4404,69.71742,3111300.0
2022-06-21,70.17913,70.45615,69.4404,69.71742,2429400.0
2022-06-22,70.17913,70.27147000000001,69.16337,69.71742,2346000.0
2022-06-23,69.25572,69.53274,68.79401,69.16337,2913600.0
2022-06-24,66.48549,69.99444,66.48549,68.33230999999999,3884600.0
2022-06-27,68.79401,72.76467,67.40889999999999,72.76467,3978700.0
2022-06-28,71.56424000000001,71.56424000000001,68.88635000000001,69.34806,4116100.0
2022-06-29,69.53274,70.27147000000001,68.97869,69.34806,2425200.0
2022-06-30,70.17913,70.17913,68.70167,68.79401,1597500.0
2022-07-01,69.16337,69.16337,68.14761999999999,68.70167,1683800.0
2022-07-04,68.79401,69.25572,67.77825999999999,68.33230999999999,2206200.0
2022-07-05,68.42465,69.07103,67.50124000000001,67.87060000000001,1777900.0
2022-07-06,68.33230999999999,68.33230999999999,67.50124000000001,67.77825999999999,967400.0
2022-07-07,67.59358,68.33230999999999,67.50124000000001,68.33230999999999,1728000.0
2022-07-08,68.33230999999999,69.16337,67.59358,68.14761999999999,1030500.0
2022-07-11,68.14761999999999,68.14761999999999,67.59358,67.77825999999999,957700.0
2022-07-12,67.68592,68.05528,67.31656,67.77825999999999,917300.0
2022-07-13,67.59358,68.23997,67.31656,67.96294,900500.0
2022-07-14,67.96294,68.05528,67.40889999999999,68.05528,1313200.0
2022-07-15,68.33230999999999,68.33230999999999,67.22421,67.96294,1410600.0
2022-07-18,68.14761999999999,68.14761999999999,67.50124000000001,67.96294,1405900.0
2022-07-19,68.33230999999999,68.97869,67.59358,67.96294,1526700.0
2022-07-20,68.14761999999999,68.33230999999999,67.50124000000001,68.23997,918000.0
2022-07-21,68.70167,68.97869,67.77825999999999,68.51699,1867700.0
2022-07-22,68.79401,68.79401,67.77825999999999,68.23997,2107900.0
2022-07-25,67.68592,68.60933,67.68592,68.05528,1266800.0
2022-07-26,67.59358,68.23997,67.59358,68.23997,1102800.0
2022-07-27,68.70167,68.79401,67.68592,68.05528,1806700.0
2022-07-28,68.23997,68.33230999999999,67.87060000000001,68.33230999999999,1735300.0
2022-07-29,68.33230999999999,68.79401,67.87060000000001,68.79401,3009000.0
2022-08-01,68.33230999999999,68.97869,68.33230999999999,68.97869,2430200.0
2022-08-02,68.97869,69.9021,68.33230999999999,69.9021,2766800.0
2022-08-03,69.25572,70.54849,69.25572,70.36381,3059500.0
2022-08-04,70.45615,72.48764999999999,70.17913,72.48764999999999,3680500.0
2022-08-05,72.48764999999999,76.08895,72.39531,74.70383,3741000.0
2022-08-08,72.11828999999999,75.71958000000001,72.11828999999999,75.5349,3255100.0
2022-08-09,75.71958000000001,77.19703999999999,74.79617,76.92000999999999,2873600.0
2022-08-10,76.92000999999999,77.56639999999999,75.99661,76.82767,2503400.0
2022-08-11,77.56639999999999,77.75108,74.88851,75.0732,4464700.0
2022-08-12,74.88851,75.71958000000001,72.67233,75.25788,3024700.0
2022-08-15,75.71958000000001,75.71958000000001,72.94935000000001,75.5349,2579100.0
2022-08-16,75.25788,76.64299000000001,74.42681,76.64299000000001,2508100.0
2022-08-17,76.64299000000001,78.39747,76.27363000000001,77.93577,3043000.0
2022-08-18,78.21279,78.85916999999999,76.64299000000001,76.73533,5301100.0
2022-08-19,76.73533,77.56639999999999,75.99661,75.99661,2304400.0
2022-08-22,75.71958000000001,76.45831,74.33447,75.5349,3159200.0
2022-08-23,74.42681,76.18128999999999,74.33447,75.71958000000001,3422500.0
2022-08-24,76.36597,76.55064999999999,75.5349,76.55064999999999,2529700.0
2022-08-25,77.01236,78.39747,76.55064999999999,77.19703999999999,3048600.0
2022-08-26,77.38172,78.30513,76.36597,76.92000999999999,3060400.0
2022-08-29,75.81192,76.55064999999999,75.25788,75.81192,2655600.0
2022-08-30,75.81192,76.36597,74.79617,75.90426,2386200.0
2022-08-31,75.99661,76.55064999999999,74.98085,75.62724,1662300.0
2022-09-05,74.88851,76.08895,74.61149,75.25788,2784700.0
2022-09-06,74.79617,76.08895,74.61149,75.81192,2303000.0
2022-09-07,76.18128999999999,77.47406,75.44256,77.38172,3686400.0
2022-09-08,77.38172,79.50556,76.64299000000001,78.48980999999999,5280500.0
2022-09-09,78.67449,78.76683,77.19703999999999,78.21279,2183100.0
2022-09-12,78.39747,78.39747,77.28938000000001,77.47406,2827860.0
2022-09-13,77.56639999999999,77.56639999999999,76.55064999999999,77.1047,3422000.0
2022-09-14,76.64299000000001,77.47406,75.71958000000001,77.1047,3654400.0
2022-09-15,77.1047,78.95152,77.1047,78.76683,2694800.0
2022-09-16,78.95152,79.78258,77.65874000000001,79.78258,3627600.0
2022-09-19,80.05961,80.15195,78.30513,78.48980999999999,3688300.0
2022-09-20,78.48980999999999,78.48980999999999,77.56639999999999,78.12044999999999,3219500.0
2022-09-21,78.21279,78.21279,77.56639999999999,78.12044999999999,2330200.0
2022-09-22,77.56639999999999,78.12044999999999,76.82767,78.12044999999999,3809600.0
2022-09-23,78.12044999999999,78.67449,77.38172,78.02811,3036200.0
2022-09-26,78.02811,78.02811,77.38172,78.02811,3798100.0
2022-09-27,78.12044999999999,78.39747,77.56639999999999,78.02811,2711600.0
2022-09-28,78.02811,78.30513,76.64299000000001,77.75108,2159337.0
2022-09-29,78.48980999999999,78.85916999999999,77.47406,78.30513,3203928.0
2022-09-30,78.39747,78.95152,77.47406,78.39747,4675781.0
2022-10-03,77.56639999999999,78.48980999999999,74.79617,75.71958000000001,2370445.0
2022-10-04,75.99661,76.55064999999999,74.79617,75.71958000000001,2034368.0
2022-10-05,75.71958000000001,76.27363000000001,75.0732,75.71958000000001,2402354.0
2022-10-06,75.71958000000001,76.55064999999999,73.9651,74.05745,1831654.0
2022-10-07,73.9651,74.05745,71.47189999999999,72.94935000000001,3671875.0
2022-10-10,69.62508,72.02594,69.16337,70.54849,2479207.0
2022-10-11,69.99444,69.99444,65.65442,69.25572,4493581.0
2022-10-12,68.33230999999999,72.02594,68.33230999999999,70.17913,3528685.0
2022-10-13,69.25572,70.08678,67.22421,69.71742,1808142.0
2022-10-14,69.25572,70.17913,68.33230999999999,70.17913,2363534.0
2022-10-17,70.17913,70.17913,67.40889999999999,69.25572,1795655.0
2022-10-18,69.25572,69.34806,68.33230999999999,69.34806,2734638.0
2022-10-19,69.25572,69.25572,68.33230999999999,69.25572,913410.0
2022-10-20,68.51699,69.34806,68.33230999999999,69.34806,1632788.0
2022-10-21,69.25572,69.25572,67.40889999999999,69.25572,1945825.0
2022-10-24,68.14761999999999,69.25572,67.31656,68.70167,2358502.0
2022-10-25,68.51699,69.25572,65.10037,69.25572,2106859.0
2022-10-26,69.25572,69.53274,67.40889999999999,68.79401,1070375.0
2022-10-27,69.16337,69.16337,67.50124000000001,68.23997,1087140.0
2022-10-28,67.87060000000001,68.33230999999999,66.48549,66.94719,1546560.0
2022-10-31,65.74676,66.39314999999999,62.33014,64.63867,2452741.0
2022-11-01,65.46974,65.93144000000001,60.575669999999995,64.63867,1219602.0
2022-11-02,64.63867,64.63867,60.945029999999996,63.89994,1680672.0
2022-11-03,62.97653,62.97653,59.46757,59.46757,739835.0
2022-11-04,55.31223000000001,55.31223000000001,55.31223000000001,55.31223000000001,337994.0
2022-11-07,51.52625,51.52625,51.52625,51.52625,393636.0
2022-11-08,47.92496,47.92496,47.92496,47.92496,349611.0
2022-11-09,44.60068,44.60068,44.60068,44.60068,536254.0
2022-11-10,41.50726,41.50726,41.50726,41.50726,332019.0
2022-11-11,38.644690000000004,38.644690000000004,38.644690000000004,38.644690000000004,677739.0
2022-11-14,35.966800000000006,35.966800000000006,35.966800000000006,35.966800000000006,29561.0
2022-11-15,33.4736,33.4736,33.4736,33.4736,219935.0
2022-11-16,31.16507,31.16507,31.16507,31.16507,176947.0
2022-11-17,28.995060000000002,28.995060000000002,28.995060000000002,28.995060000000002,391321.0
2022-11-18,27.00973,27.00973,27.00973,27.00973,1272739.0
2022-11-21,25.16291,25.16291,25.16291,25.16291,631975.0
2022-11-22,23.40843,26.13249,23.40843,23.40843,128536256.0
2022-11-23,21.79247,23.085240000000002,21.79247,21.79247,29720733.0
2022-11-24,20.26884,20.26884,20.26884,20.26884,3279528.0
2022-11-25,18.88373,18.88373,18.88373,18.88373,7362006.0
2022-11-28,17.59095,19.57628,17.59095,18.88373,104277578.0
2022-11-29,19.76096,20.1765,19.391599999999997,20.1765,21571638.0
2022-11-30,21.56161,21.56161,21.238419999999998,21.56161,23243697.0
2022-12-01,22.992900000000002,23.03907,20.315009999999997,21.56161,74962550.0
2022-12-02,21.56161,22.208,20.592029999999998,21.97715,46464157.0
2022-12-05,22.161830000000002,22.808220000000002,20.45352,20.45352,60549676.0
2022-12-06,19.483939999999997,19.57628,19.02224,19.02224,52322925.0
2022-12-07,17.72946,17.914150000000003,17.72946,17.72946,23242586.0
2022-12-08,16.52903,17.45244,16.52903,16.52903,67955848.0
2022-12-09,15.37477,16.34435,15.37477,15.37477,56130662.0
2022-12-12,16.43669,16.43669,16.43669,16.43669,6990439.0
2022-12-13,17.54478,17.54478,15.744129999999998,16.80605,55178341.0
2022-12-14,17.26776,17.54478,16.80605,17.083080000000002,19285192.0
2022-12-15,16.852220000000003,17.17542,16.34435,16.52903,21350400.0
2022-12-16,15.97499,16.80605,15.97499,16.80605,20396404.0
2022-12-19,16.80605,17.45244,16.15967,16.15967,23840918.0
2022-12-20,15.92881,16.25201,15.05158,15.05158,36947231.0
2022-12-21,14.95923,15.3286,14.03583,14.03583,34319502.0
2022-12-22,14.03583,14.497530000000001,13.11242,14.312850000000001,29798503.0
2022-12-23,14.312850000000001,14.68221,13.94348,13.94348,11375923.0
2022-12-26,14.03583,14.03583,12.9739,12.9739,12071115.0
2022-12-27,12.18901,13.2971,12.09666,13.2971,27214010.0
2022-12-28,13.38944,13.48178,12.743049999999998,13.25093,13459048.0
2022-12-29,12.9739,14.17434,12.9739,13.52795,21575450.0
2022-12-30,13.666459999999999,13.758799999999999,12.92773,12.92773,10593061.0
2023-01-03,12.92773,13.57412,12.789219999999998,13.52795,12200283.0
2023-01-04,13.52795,13.57412,12.92773,12.92773,15522882.0
2023-01-05,12.92773,13.15859,12.46603,12.650709999999998,13926296.0
2023-01-06,12.650709999999998,13.2971,12.55837,12.55837,16075999.0
2023-01-09,12.83539,13.15859,12.650709999999998,12.789219999999998,9958011.0
2023-01-10,12.9739,13.06624,12.743049999999998,12.88156,8575391.0
2023-01-11,13.02007,13.758799999999999,12.9739,13.758799999999999,27737688.0
2023-01-12,14.03583,14.497530000000001,13.57412,13.804969999999999,14841159.0
2023-01-13,14.03583,14.03583,13.15859,13.20476,14474418.0
2023-01-16,13.20476,13.25093,12.60454,12.60454,16752828.0
2023-01-17,12.83539,13.02007,12.650709999999998,12.92773,10049986.0
2023-01-18,13.02007,13.15859,12.92773,13.06624,11196681.0
2023-01-19,13.06624,13.11242,12.88156,12.9739,12474836.0
2023-01-27,12.92773,13.20476,12.789219999999998,12.88156,11685428.0
2023-01-30,12.88156,13.34327,12.60454,12.88156,14015731.0
2023-01-31,13.20476,13.2971,12.9739,13.11242,10529709.0
2023-02-01,13.25093,13.98965,13.20476,13.43561,33627526.0
2023-02-02,13.712629999999999,13.712629999999999,12.9739,13.11242,11462106.0
2023-02-03,13.34327,13.804969999999999,13.20476,13.804969999999999,20305026.0
2023-02-06,13.758799999999999,14.543700000000001,13.48178,14.22051,19864747.0
2023-02-07,14.17434,14.405190000000001,13.43561,13.48178,20046826.0
2023-02-08,13.666459999999999,13.758799999999999,12.83539,13.20476,13716543.0
2023-02-09,13.25093,13.38944,12.92773,13.06624,8499403.0
2023-02-10,13.06624,13.11242,12.650709999999998,12.696879999999998,10986366.0
2023-02-13,11.81964,12.18901,11.81964,11.81964,19958432.0
2023-02-14,11.03474,11.357940000000001,11.03474,11.03474,10418492.0
2023-02-15,10.29602,10.9424,10.29602,10.29602,51776963.0
2023-02-16,10.619209999999999,10.619209999999999,10.38836,10.619209999999999,13057226.0
2023-02-17,10.711549999999999,11.311770000000001,10.34219,10.757719999999999,23511496.0
2023-02-20,10.9424,11.496450000000001,10.89623,11.496450000000001,24439905.0
2023-02-21,11.95815,12.28135,11.77347,11.86581,27967749.0
2023-02-22,11.357940000000001,11.588790000000001,11.08091,11.08091,27152883.0
2023-02-23,10.89623,10.98857,10.34219,10.89623,16258568.0
2023-02-24,11.03474,11.17326,10.52687,10.52687,10371095.0
2023-02-27,10.711549999999999,10.711549999999999,9.92665,9.92665,14181989.0
2023-02-28,10.06516,10.1575,9.78814,9.78814,7142195.0
2023-03-01,9.741969999999998,9.78814,9.28027,9.46495,10143104.0
2023-03-02,9.46495,9.83431,9.46495,9.55729,7213912.0
2023-03-03,9.78814,9.78814,9.37261,9.55729,7122034.0
2023-03-06,10.20368,10.20368,10.1575,10.20368,13573543.0
2023-03-07,10.52687,10.665379999999999,9.97282,10.01899,15781579.0
2023-03-08,9.92665,10.29602,9.741969999999998,10.20368,14534295.0
2023-03-09,10.29602,10.34219,10.01899,10.11133,7487392.0
2023-03-10,9.97282,10.06516,9.78814,9.83431,7734639.0
2023-03-13,9.83431,10.34219,9.78814,10.1575,14772281.0
2023-03-14,10.1575,10.29602,9.83431,9.88048,10237014.0
2023-03-15,10.1575,10.4807,10.06516,10.4807,15168630.0
2023-03-16,10.24985,10.4807,10.20368,10.29602,9370678.0
2023-03-17,10.4807,10.619209999999999,10.29602,10.619209999999999,18244961.0
2023-03-20,10.57304,10.619209999999999,10.20368,10.24985,9863532.0
2023-03-21,10.38836,10.38836,10.06516,10.20368,7859286.0
2023-03-22,10.38836,10.38836,10.20368,10.24985,5711207.0
2023-03-23,10.1575,10.29602,10.06516,10.29602,3532907.0
2023-03-24,10.34219,10.98857,10.24985,10.98857,30514167.0
2023-03-27,11.357940000000001,11.7273,11.17326,11.7273,24342297.0
2023-03-28,11.95815,12.28135,11.63496,11.63496,30747811.0
2023-03-29,11.496450000000001,11.77347,11.450280000000001,11.588790000000001,10743822.0
2023-03-30,11.77347,12.14284,11.63496,11.81964,21988188.0
2023-03-31,11.95815,11.95815,11.68113,11.7273,9313863.0
2023-04-03,11.91198,12.23518,11.7273,11.86581,32854789.0
2023-04-04,11.91198,11.91198,11.68113,11.77347,16614888.0
2023-04-05,11.81964,12.28135,11.77347,11.86581,30631443.0
2023-04-06,12.23518,12.650709999999998,12.05049,12.23518,47119952.0
2023-04-07,12.37369,12.46603,12.09666,12.37369,18841432.0
2023-04-10,12.60454,12.83539,12.23518,12.28135,23847297.0
2023-04-11,12.14284,13.11242,11.68113,13.11242,63476824.0
2023-04-12,13.666459999999999,13.98965,13.38944,13.89731,51462224.0
2023-04-13,13.89731,13.89731,13.20476,13.38944,32763296.0
2023-04-14,13.43561,13.804969999999999,13.06624,13.11242,33870851.0
2023-04-17,13.34327,13.666459999999999,13.20476,13.666459999999999,16815081.0
2023-04-18,13.758799999999999,14.03583,13.25093,13.712629999999999,26453210.0
2023-04-19,13.85114,14.17434,13.43561,13.43561,33911042.0
2023-04-20,13.43561,13.48178,13.20476,13.2971,11355528.0
2023-04-21,13.2971,13.34327,12.5122,12.55837,31623492.0
2023-04-24,12.650709999999998,13.06624,12.18901,12.9739,22013549.0
2023-04-25,13.20476,13.25093,12.650709999999998,12.696879999999998,13987725.0
2023-04-26,12.650709999999998,12.92773,12.46603,12.88156,11140943.0
2023-04-27,12.88156,13.2971,12.743049999999998,13.02007,23423349.0
2023-04-28,13.2971,13.48178,13.06624,13.20476,19527582.0
2023-05-04,12.789219999999998,12.92773,12.46603,12.5122,28432898.0
2023-05-05,12.46603,12.5122,12.14284,12.5122,19531812.0
2023-05-08,12.46603,12.46603,11.95815,11.95815,38221663.0
2023-05-09,12.00432,12.23518,11.95815,12.00432,15192922.0
2023-05-10,12.14284,12.46603,12.09666,12.28135,13978618.0
2023-05-11,12.41986,12.88156,12.41986,12.743049999999998,20594602.0
2023-05-12,12.83539,12.88156,12.650709999999998,12.650709999999998,18548332.0
2023-05-15,12.92773,13.02007,12.46603,12.46603,17136452.0
2023-05-16,12.5122,12.650709999999998,12.37369,12.60454,10893328.0
2023-05-17,12.60454,12.650709999999998,12.28135,12.28135,12975651.0
2023-05-18,12.32752,12.41986,12.18901,12.28135,8715906.0
2023-05-19,12.28135,12.32752,12.05049,12.18901,12116839.0
2023-05-22,12.37369,12.5122,12.23518,12.32752,12204070.0
2023-05-23,12.32752,12.41986,12.09666,12.18901,15473646.0
2023-05-24,12.32752,12.60454,12.23518,12.23518,18893331.0
2023-05-25,12.23518,12.32752,12.14284,12.18901,8576641.0
2023-05-26,12.18901,12.23518,11.77347,11.95815,20148796.0
2023-05-29,12.00432,12.23518,11.95815,12.05049,14157341.0
2023-05-30,12.18901,12.55837,12.14284,12.32752,28170856.0
2023-05-31,12.46603,12.743049999999998,12.37369,12.46603,32026940.0
2023-06-01,12.5122,12.88156,12.46603,12.83539,30653621.0
2023-06-02,13.02007,13.11242,12.696879999999998,12.789219999999998,24195287.0
2023-06-05,12.92773,12.9739,12.41986,12.46603,25319659.0
2023-06-06,12.46603,12.60454,12.37369,12.55837,14495692.0
2023-06-07,12.743049999999998,13.43561,12.60454,13.43561,53101648.0
2023-06-08,13.666459999999999,13.85114,13.11242,13.11242,35680270.0
2023-06-09,13.15859,13.57412,13.06624,13.48178,30832797.0
2023-06-12,13.666459999999999,13.85114,13.11242,13.48178,29167383.0
2023-06-13,13.57412,14.405190000000001,13.34327,14.405190000000001,77659160.0
2023-06-14,14.405190000000001,14.636040000000001,14.03583,14.03583,38805232.0
2023-06-15,14.03583,14.266680000000001,13.89731,14.082,32793785.0
2023-06-16,14.266680000000001,14.405190000000001,13.666459999999999,13.758799999999999,51564781.0
2023-06-19,13.758799999999999,13.85114,12.92773,12.92773,67231089.0
2023-06-20,12.9739,13.43561,12.92773,13.38944,23528804.0
2023-06-21,13.48178,13.48178,13.15859,13.38944,28745738.0
2023-06-22,13.43561,13.85114,13.38944,13.52795,29990785.0
2023-06-23,13.666459999999999,13.712629999999999,13.20476,13.38944,31119857.0
2023-06-26,13.52795,14.03583,13.34327,13.758799999999999,50451665.0
2023-06-27,13.85114,14.17434,13.712629999999999,13.85114,31022403.0
2023-06-28,14.17434,14.636040000000001,13.98965,14.405190000000001,70794178.0
2023-06-29,14.589870000000001,14.589870000000001,13.85114,13.85114,39226356.0
2023-06-30,13.85114,14.082,13.712629999999999,13.712629999999999,27936817.0
2023-07-03,13.85114,13.89731,13.38944,13.43561,30116239.0
2023-07-04,13.43561,13.712629999999999,13.25093,13.712629999999999,23185501.0
2023-07-05,13.85114,13.94348,13.57412,13.57412,24051136.0
2023-07-06,13.57412,13.62029,13.11242,13.2971,23893810.0
2023-07-07,13.15859,13.43561,13.15859,13.38944,19483740.0
2023-07-10,13.48178,13.94348,13.38944,13.758799999999999,27534944.0
2023-07-11,13.85114,13.89731,13.52795,13.57412,17741695.0
2023-07-12,13.666459999999999,13.712629999999999,13.34327,13.48178,21670108.0
2023-07-13,13.57412,13.98965,13.48178,13.804969999999999,30509991.0
2023-07-14,13.89731,14.17434,13.758799999999999,13.98965,43049544.0
2023-07-17,14.12817,14.312850000000001,13.94348,14.17434,36939054.0
2023-07-18,14.03583,14.082,13.712629999999999,13.89731,28461708.0
2023-07-19,13.94348,14.03583,13.52795,13.57412,34696830.0
2023-07-20,13.57412,13.758799999999999,13.48178,13.666459999999999,16992274.0
2023-07-21,13.666459999999999,14.03583,13.57412,13.98965,34695508.0
2023-07-24,14.22051,14.95923,14.22051,14.95923,95957955.0
2023-07-25,15.23626,15.60562,14.82072,14.95923,42483418.0
2023-07-26,15.00541,15.882639999999999,14.82072,15.882639999999999,73239400.0
2023-07-27,15.97499,16.759880000000003,15.882639999999999,16.482860000000002,71132921.0
2023-07-28,16.482860000000002,17.45244,16.29818,16.94457,70890147.0
2023-07-31,16.759880000000003,17.40627,16.34435,17.40627,56608211.0
2023-08-01,17.40627,17.45244,16.43669,16.43669,53156682.0
2023-08-02,16.390520000000002,17.083080000000002,16.34435,16.94457,43288375.0
2023-08-03,16.94457,17.17542,16.667540000000002,17.12925,42866279.0
2023-08-04,18.05266,18.28351,17.59095,18.28351,79639195.0
2023-08-07,18.74521,19.11458,18.28351,18.65287,44471476.0
2023-08-08,18.9299,19.11458,18.51436,18.79138,44226824.0
2023-08-09,18.51436,18.74521,18.23734,18.37585,44754848.0
2023-08-10,18.37585,19.483939999999997,18.37585,19.02224,61817815.0
2023-08-11,19.25309,19.34543,18.51436,19.299259999999997,39758628.0
2023-08-14,19.57628,20.03799,19.43777,19.62245,44658264.0
2023-08-15,19.66862,19.76096,19.02224,19.16075,49336017.0
2023-08-16,19.06841,19.299259999999997,18.74521,19.06841,41000033.0
2023-08-17,18.9299,19.53011,18.9299,19.06841,40753202.0
2023-08-18,18.88373,18.9299,17.77563,17.77563,73897910.0
2023-08-21,17.3601,17.63712,16.667540000000002,17.083080000000002,46804073.0
2023-08-22,17.12925,17.45244,15.97499,17.083080000000002,45892652.0
2023-08-23,17.3601,17.77563,17.12925,17.26776,29613962.0
2023-08-24,17.3601,18.42202,17.12925,18.28351,40905731.0
2023-08-25,18.28351,18.46819,17.8218,17.914150000000003,33529942.0
2023-08-28,18.098830000000003,18.56053,17.86797,18.46819,33674899.0
2023-08-29,18.65287,19.43777,18.56053,18.79138,40382795.0
2023-08-30,18.9299,19.02224,18.006490000000003,18.51436,67205585.0
2023-08-31,18.56053,18.9299,18.46819,18.88373,36647305.0
2023-09-05,19.299259999999997,20.03799,19.206919999999997,19.76096,53920962.0
2023-09-06,19.66862,20.13033,19.391599999999997,20.13033,46238077.0
2023-09-07,20.315009999999997,20.45352,19.85331,19.94565,44475031.0
2023-09-08,19.94565,20.54586,19.76096,20.315009999999997,52623530.0
2023-09-11,20.36118,20.499689999999998,18.9299,18.9299,71709057.0
2023-09-12,18.6067,19.34543,18.145,19.34543,57219698.0
2023-09-13,19.391599999999997,19.483939999999997,18.006490000000003,18.42202,77152685.0
2023-09-14,18.098830000000003,18.28351,17.17542,17.26776,77004565.0
2023-09-15,17.54478,17.77563,17.22159,17.45244,26737149.0
2023-09-18,17.45244,17.45244,16.667540000000002,16.759880000000003,28342049.0
2023-09-19,16.852220000000003,17.03691,15.744129999999998,15.97499,54743047.0
2023-09-20,15.882639999999999,17.083080000000002,15.3286,17.083080000000002,40169776.0
2023-09-21,17.31393,17.68329,16.62137,16.80605,30142187.0
2023-09-22,16.34435,16.43669,15.65179,16.06733,36488215.0
2023-09-25,15.882639999999999,16.25201,14.95923,14.95923,28129289.0
2023-09-26,14.589870000000001,15.23626,13.98965,13.98965,33780982.0
2023-09-27,14.082,14.312850000000001,13.38944,14.312850000000001,30509507.0
2023-09-28,14.312850000000001,14.82072,14.12817,14.543700000000001,20778889.0
2023-09-29,14.77455,14.91306,14.359020000000001,14.405190000000001,13602287.0
2023-10-02,14.405190000000001,14.636040000000001,14.12817,14.22051,14016893.0
2023-10-03,13.98965,14.22051,13.25093,13.25093,29971529.0
2023-10-04,12.83539,13.758799999999999,12.83539,13.48178,17278175.0
2023-10-05,13.48178,13.666459999999999,12.743049999999998,12.743049999999998,17089724.0
2023-10-06,12.743049999999998,12.92773,12.46603,12.83539,16422153.0
2023-10-09,12.92773,13.34327,12.83539,13.25093,14257273.0
2023-10-10,13.38944,13.62029,13.11242,13.11242,15797222.0
2023-10-11,13.15859,13.34327,13.02007,13.34327,10243608.0
2023-10-12,13.48178,13.98965,13.48178,13.712629999999999,20338717.0
2023-10-13,13.48178,13.85114,13.2971,13.804969999999999,14893167.0
2023-10-16,13.804969999999999,14.12817,13.38944,13.43561,11035457.0
2023-10-17,13.57412,13.62029,12.696879999999998,12.696879999999998,12923359.0
2023-10-18,12.789219999999998,12.92773,11.81964,12.00432,23063897.0
2023-10-19,12.18901,12.650709999999998,11.81964,12.18901,15592936.0
2023-10-20,12.23518,12.743049999999998,12.00432,12.743049999999998,14533314.0
2023-10-23,12.743049999999998,12.88156,12.32752,12.32752,11390024.0
2023-10-24,12.46603,12.696879999999998,12.28135,12.60454,9406795.0
2023-10-25,12.743049999999998,13.15859,12.743049999999998,12.789219999999998,16007669.0
2023-10-26,12.37369,12.55837,11.91198,11.91198,29979267.0
2023-10-27,12.09666,12.46603,11.219430000000001,12.28135,25648896.0
2023-10-30,12.23518,12.743049999999998,11.95815,12.28135,19829131.0
2023-10-31,12.37369,12.55837,11.81964,11.91198,19119498.0
2023-11-01,12.00432,12.09666,11.63496,12.09666,11279326.0
2023-11-02,12.32752,12.92773,12.09666,12.92773,26187859.0
2023-11-03,13.758799999999999,13.758799999999999,13.25093,13.43561,31466492.0
2023-11-06,13.48178,13.758799999999999,13.15859,13.666459999999999,27913839.0
2023-11-07,13.52795,13.712629999999999,13.34327,13.38944,19060768.0
2023-11-08,13.38944,14.312850000000001,13.2971,14.312850000000001,44710981.0
2023-11-09,14.589870000000001,15.28243,14.543700000000001,15.05158,56512280.0
2023-11-10,14.82072,15.65179,14.72838,14.77455,43030813.0
2023-11-13,14.72838,15.05158,14.312850000000001,14.543700000000001,30735660.0
2023-11-14,14.82072,15.14392,14.589870000000001,14.86689,28900167.0
2023-11-15,15.37477,15.46711,14.95923,15.00541,30087798.0
2023-11-16,14.95923,15.51328,14.86689,15.46711,29924932.0
2023-11-17,15.46711,15.65179,14.636040000000001,14.86689,35814236.0
2023-11-20,14.497530000000001,15.09775,14.497530000000001,14.95923,21081007.0
2023-11-21,15.23626,15.23626,14.91306,15.00541,14404679.0
2023-11-22,15.00541,16.02116,14.95923,16.02116,67975457.0
2023-11-23,16.34435,16.89839,15.697959999999998,15.697959999999998,59226391.0
2023-11-24,16.06733,16.25201,15.46711,16.25201,47258508.0
2023-11-27,16.29818,16.62137,16.02116,16.02116,22752108.0
2023-11-28,16.02116,16.1135,15.51328,16.1135,28257219.0
2023-11-29,16.15967,16.852220000000003,16.15967,16.71371,35239618.0
2023-11-30,16.71371,16.71371,16.34435,16.34435,25531968.0
2023-12-01,16.390520000000002,16.575200000000002,16.06733,16.34435,19599017.0
2023-12-04,16.667540000000002,17.03691,16.575200000000002,16.759880000000003,32399708.0
2023-12-05,16.990740000000002,17.26776,16.759880000000003,16.80605,33258895.0
2023-12-06,16.852220000000003,16.94457,16.667540000000002,16.89839,24856147.0
2023-12-07,16.852220000000003,17.03691,15.97499,16.15967,46686678.0
2023-12-08,16.25201,16.482860000000002,16.06733,16.25201,16565107.0
2023-12-11,16.25201,16.390520000000002,16.02116,16.25201,15167136.0
2023-12-12,16.482860000000002,16.482860000000002,16.25201,16.34435,10958894.0
2023-12-13,16.482860000000002,16.482860000000002,15.697959999999998,15.697959999999998,19980712.0
2023-12-14,15.882639999999999,15.92881,15.00541,15.05158,30617463.0
2023-12-15,15.05158,15.790299999999998,14.589870000000001,15.60562,38521925.0
2023-12-18,15.65179,15.65179,15.14392,15.14392,9527014.0
2023-12-19,15.14392,15.51328,14.95923,15.51328,11520648.0
2023-12-20,15.51328,15.60562,15.3286,15.46711,7073521.0
2023-12-21,15.3286,15.42094,15.23626,15.3286,8039905.0
2023-12-22,15.37477,15.60562,15.23626,15.3286,7458027.0
2023-12-25,15.3286,15.790299999999998,15.28243,15.60562,14525281.0
2023-12-26,15.697959999999998,15.836469999999998,15.51328,15.60562,8808337.0
2023-12-27,15.60562,15.697959999999998,15.46711,15.51328,16806449.0
2023-12-28,15.46711,15.65179,15.42094,15.42094,11525159.0
2023-12-29,15.42094,15.92881,15.42094,15.744129999999998,24843638.0
2024-01-02,15.882639999999999,15.97499,15.42094,15.46711,13558248.0
2024-01-03,15.42094,15.55945,15.37477,15.51328,8770316.0
2024-01-04,15.60562,15.836469999999998,15.55945,15.55945,21534906.0
2024-01-05,15.55945,15.744129999999998,15.51328,15.55945,9156093.0
2024-01-08,15.744129999999998,16.15967,15.697959999999998,15.97499,23765282.0
2024-01-09,16.06733,16.1135,15.697959999999998,15.744129999999998,12916410.0
2024-01-10,15.744129999999998,15.882639999999999,15.51328,15.60562,13262090.0
2024-01-11,15.60562,15.744129999999998,15.46711,15.55945,11969400.0
2024-01-12,15.37477,15.46711,14.82072,15.05158,28039515.0
2024-01-15,15.23626,15.3286,15.05158,15.05158,7577812.0
2024-01-16,14.95923,15.42094,14.91306,15.37477,8612777.0
2024-01-17,15.19009,15.3286,14.86689,14.95923,25323090.0
2024-01-18,15.14392,15.3286,15.00541,15.05158,9810837.0
2024-01-19,15.28243,15.28243,15.00541,15.14392,8540691.0
2024-01-22,15.14392,16.06733,14.95923,15.97499,32579210.0
2024-01-23,15.97499,16.02116,15.60562,15.697959999999998,14195938.0
2024-01-24,15.697959999999998,15.744129999999998,15.37477,15.42094,17049653.0
2024-01-25,15.46711,15.51328,15.23626,15.3286,8642020.0
2024-01-26,15.3286,15.60562,15.3286,15.3286,10344189.0
2024-01-29,15.37477,15.46711,15.09775,15.14392,8984220.0
2024-01-30,15.14392,15.28243,15.05158,15.19009,9552916.0
2024-01-31,15.697959999999998,15.744129999999998,15.3286,15.42094,25868317.0
2024-02-01,15.46711,15.60562,15.3286,15.42094,13576285.0
2024-02-02,15.42094,16.02116,15.37477,15.697959999999998,66172053.0
2024-02-05,15.697959999999998,15.790299999999998,15.46711,15.697959999999998,13416819.0
2024-02-06,15.697959999999998,16.15967,15.697959999999998,15.92881,32144288.0
2024-02-07,15.97499,16.1135,15.744129999999998,15.97499,22947209.0
2024-02-15,16.15967,16.29818,15.97499,16.15967,25953723.0
2024-02-16,16.15967,16.62137,16.15967,16.34435,35480128.0
2024-02-19,16.34435,16.43669,16.06733,16.20584,29943371.0
2024-02-20,16.20584,16.29818,15.97499,16.20584,36300787.0
2024-02-21,16.34435,16.43669,15.97499,16.02116,30969747.0
2024-02-22,16.02116,16.06733,15.790299999999998,15.790299999999998,22166698.0
2024-02-23,15.790299999999998,15.92881,15.3286,15.697959999999998,37293489.0
2024-02-26,15.51328,15.65179,15.28243,15.51328,23435862.0
2024-02-27,15.65179,15.790299999999998,15.46711,15.744129999999998,22166702.0
2024-02-28,15.836469999999998,15.882639999999999,15.55945,15.697959999999998,14953870.0
2024-02-29,15.697959999999998,15.97499,15.60562,15.790299999999998,30605555.0
2024-03-01,15.836469999999998,16.06733,15.744129999999998,15.97499,21870465.0
2024-03-04,16.15967,16.34435,15.97499,16.15967,38243939.0
2024-03-05,16.15967,16.15967,15.790299999999998,15.882639999999999,26622646.0
2024-03-06,15.882639999999999,15.92881,15.46711,15.51328,35817563.0
2024-03-07,15.51328,15.697959999999998,15.42094,15.60562,19489222.0
2024-03-08,15.65179,15.744129999999998,15.19009,15.23626,34023635.0
2024-03-11,15.23626,15.23626,14.77455,14.82072,23750570.0
2024-03-12,14.82072,15.00541,14.77455,14.91306,15274875.0
2024-03-13,15.05158,15.28243,15.00541,15.28243,19860260.0
2024-03-14,15.37477,15.46711,15.09775,15.19009,16144532.0
2024-03-15,15.19009,15.51328,15.14392,15.23626,19139610.0
2024-03-18,15.23626,15.790299999999998,14.91306,15.42094,36475780.0
2024-03-19,15.60562,15.60562,15.23626,15.23626,9767493.0
2024-03-20,15.23626,15.37477,15.09775,15.28243,12082806.0
2024-03-21,15.51328,15.790299999999998,15.3286,15.790299999999998,42488368.0
2024-03-22,16.02116,16.1135,15.65179,15.790299999999998,29125892.0
2024-03-25,15.882639999999999,16.80605,15.836469999999998,16.34435,110508297.0
2024-03-26,16.43669,16.667540000000002,16.25201,16.482860000000002,49156003.0
2024-03-27,16.62137,16.71371,16.25201,16.71371,43785540.0
2024-03-28,16.89839,16.89839,16.20584,16.29818,45134960.0
2024-03-29,16.390520000000002,16.390520000000002,15.882639999999999,15.92881,47120812.0
2024-04-01,16.1135,16.390520000000002,15.97499,16.1135,37569742.0
2024-04-02,16.06733,16.06733,15.744129999999998,16.06733,23955903.0
2024-04-03,16.20584,16.34435,15.882639999999999,15.882639999999999,25754229.0
2024-04-04,16.25201,16.52903,16.06733,16.15967,47251054.0
2024-04-05,16.1135,17.26776,15.882639999999999,16.89839,108010258.0
2024-04-08,17.083080000000002,17.49861,16.71371,16.71371,49698270.0
2024-04-09,16.80605,16.852220000000003,16.43669,16.71371,38227051.0
2024-04-10,16.80605,16.94457,16.390520000000002,16.390520000000002,38906703.0
2024-04-11,16.15967,16.43669,16.06733,16.390520000000002,32740329.0
2024-04-12,16.43669,16.575200000000002,16.34435,16.34435,29051158.0
2024-04-15,16.25201,16.34435,15.23626,15.23626,71621979.0
2024-04-16,14.95923,15.09775,14.312850000000001,14.543700000000001,48755699.0
2024-04-17,14.68221,14.86689,13.89731,13.89731,30723064.0
2024-04-19,13.666459999999999,13.804969999999999,13.11242,13.34327,38524697.0
2024-04-22,13.666459999999999,13.89731,13.52795,13.758799999999999,23526471.0
2024-04-23,13.758799999999999,13.804969999999999,13.2971,13.38944,15529507.0
2024-04-24,13.57412,14.22051,13.48178,14.03583,26747205.0
2024-04-25,14.03583,14.03583,13.804969999999999,14.03583,11024182.0
2024-04-26,13.804969999999999,14.405190000000001,13.804969999999999,14.082,18378803.0
2024-05-02,13.85114,13.89731,13.57412,13.804969999999999,15412484.0
2024-05-03,13.85114,13.89731,13.43561,13.48178,18733103.0
2024-05-06,13.62029,13.85114,13.48178,13.758799999999999,17999952.0
2024-05-07,13.712629999999999,13.712629999999999,13.34327,13.48178,28681750.0
2024-05-08,12.55837,12.92773,12.55837,12.55837,70313822.0
2024-05-09,12.88156,13.06624,12.650709999999998,12.696879999999998,24749790.0
2024-05-10,12.83539,12.83539,12.41986,12.5122,20984186.0
2024-05-13,12.60454,12.696879999999998,12.5122,12.696879999999998,13128209.0
2024-05-14,12.743049999999998,12.83539,12.60454,12.743049999999998,9828710.0
2024-05-15,12.650709999999998,13.2971,12.650709999999998,13.11242,28349767.0
2024-05-16,13.25093,13.34327,13.06624,13.15859,15341571.0
2024-05-17,13.11242,13.2971,13.02007,13.20476,16231424.0
2024-05-20,13.34327,13.48178,13.15859,13.20476,15022178.0
2024-05-21,13.20476,13.20476,12.92773,13.20476,17447064.0
2024-05-22,13.20476,13.52795,13.15859,13.34327,22800060.0
2024-05-23,13.34327,13.48178,13.11242,13.2971,9926928.0
2024-05-24,13.38944,13.804969999999999,13.11242,13.34327,33041617.0
2024-05-27,13.48178,13.48178,13.20476,13.38944,7876462.0
2024-05-28,13.38944,13.48178,13.25093,13.38944,11436531.0
2024-05-29,13.43561,13.43561,13.06624,13.06624,15866701.0
2024-05-30,13.02007,13.11242,12.9739,13.06624,13133820.0
2024-05-31,13.11242,13.48178,13.06624,13.34327,11447538.0
2024-06-03,13.52795,13.98965,13.52795,13.804969999999999,27799302.0
2024-06-04,13.89731,13.89731,13.62029,13.666459999999999,9020478.0
2024-06-05,13.758799999999999,13.85114,13.57412,13.57412,13814804.0
2024-06-06,13.666459999999999,13.712629999999999,13.48178,13.57412,11285362.0
2024-06-07,13.62029,13.758799999999999,13.57412,13.62029,12555538.0
2024-06-10,13.712629999999999,13.712629999999999,13.52795,13.57412,9674237.0
2024-06-11,13.62029,13.62029,13.11242,13.11242,22989275.0
2024-06-12,13.11242,13.2971,13.06624,13.25093,9455825.0
2024-06-13,13.34327,13.43561,13.25093,13.25093,7535432.0
2024-06-14,13.25093,13.34327,13.06624,13.06624,12868315.0
2024-06-17,13.06624,13.11242,12.92773,13.02007,8630949.0
2024-06-18,13.11242,13.15859,12.9739,12.9739,5657700.0
2024-06-19,13.02007,13.02007,12.743049999999998,12.83539,9817919.0
2024-06-20,12.743049999999998,12.83539,12.41986,12.55837,13626691.0
2024-06-21,12.60454,12.789219999999998,12.37369,12.37369,11799467.0
2024-06-24,12.37369,12.60454,12.18901,12.28135,12063761.0
2024-06-25,12.28135,12.46603,12.23518,12.37369,7177502.0
2024-06-26,12.41986,12.5122,12.28135,12.28135,6044601.0
2024-06-27,12.41986,12.60454,12.14284,12.5122,8553512.0
2024-06-28,12.5122,12.743049999999998,12.28135,12.28135,10153211.0
2024-07-01,12.32752,12.37369,12.14284,12.28135,3817151.0
2024-07-02,12.37369,12.46603,12.23518,12.41986,4828743.0
2024-07-03,12.46603,12.650709999999998,12.37369,12.46603,6001216.0
2024-07-04,12.5122,12.60454,12.32752,12.37369,5554774.0
2024-07-05,12.32752,12.41986,12.14284,12.18901,8730687.0
2024-07-08,12.5122,12.5122,12.18901,12.23518,5362842.0
2024-07-09,12.23518,12.37369,12.23518,12.28135,6546750.0
2024-07-10,12.28135,12.32752,12.09666,12.14284,9363242.0
2024-07-11,12.14284,12.46603,12.14284,12.37369,10051488.0
2024-07-12,12.46603,12.46603,12.23518,12.23518,4321951.0
2024-07-15,12.28135,12.37369,12.05049,12.18901,6521681.0
2024-07-16,12.18901,12.23518,11.542620000000001,11.63496,22610428.0
2024-07-17,11.63496,11.77347,11.03474,11.17326,22636131.0
2024-07-18,11.311770000000001,11.404110000000001,11.08091,11.404110000000001,7886855.0
2024-07-19,11.404110000000001,11.450280000000001,10.9424,10.98857,12417726.0
2024-07-22,10.98857,10.98857,10.24985,10.29602,39082281.0
2024-07-23,10.52687,10.52687,10.24985,10.24985,9352699.0
2024-07-24,10.29602,10.711549999999999,10.1575,10.52687,9837014.0
2024-07-25,10.52687,10.52687,10.29602,10.43453,4827356.0
2024-07-26,10.43453,10.52687,10.06516,10.20368,9055218.0
2024-07-29,10.29602,10.34219,10.1575,10.1575,6595324.0
2024-07-30,10.06516,10.52687,9.78814,10.52687,18418077.0
2024-07-31,10.98857,11.219430000000001,10.803889999999999,10.9424,18364398.0
2024-08-01,10.98857,10.98857,10.24985,10.34219,10561814.0
2024-08-02,10.34219,10.619209999999999,10.20368,10.619209999999999,11004882.0
2024-08-05,10.619209999999999,10.619209999999999,9.97282,10.1575,13634844.0
2024-08-06,10.38836,10.619209999999999,10.1575,10.4807,11769728.0
2024-08-07,10.4807,10.89623,10.43453,10.52687,13648844.0
2024-08-08,10.52687,10.711549999999999,10.43453,10.52687,7513678.0
2024-08-09,10.711549999999999,10.711549999999999,10.38836,10.52687,7631977.0
2024-08-12,10.52687,10.52687,10.29602,10.34219,5325609.0
2024-08-13,10.38836,10.52687,10.29602,10.38836,4560508.0
2024-08-14,10.43453,10.52687,10.24985,10.29602,5112656.0
2024-08-15,10.34219,10.38836,10.20368,10.34219,5299423.0
2024-08-16,10.38836,11.03474,10.38836,11.03474,35456294.0
2024-08-19,11.219430000000001,11.450280000000001,11.08091,11.17326,15374199.0
2024-08-20,11.17326,11.81964,11.08091,11.7273,25460142.0
2024-08-21,11.77347,11.91198,11.542620000000001,11.63496,12880070.0
2024-08-22,11.68113,12.09666,11.542620000000001,11.91198,23824892.0
2024-08-23,11.68113,12.32752,11.588790000000001,12.18901,28522159.0
2024-08-26,12.23518,12.37369,12.09666,12.18901,21522047.0
2024-08-27,12.18901,12.32752,12.05049,12.28135,13249641.0
2024-08-28,12.28135,12.46603,11.86581,12.28135,19712102.0
2024-08-29,12.23518,12.28135,11.95815,12.00432,9156686.0
2024-08-30,12.00432,12.05049,11.77347,11.95815,14658823.0
2024-09-04,11.77347,12.00432,11.68113,11.95815,13464363.0
2024-09-05,12.00432,12.23518,11.81964,11.95815,13108047.0
2024-09-06,11.95815,12.00432,11.68113,12.00432,9064068.0
2024-09-09,12.00432,12.37369,11.91198,12.18901,16017929.0
2024-09-10,12.28135,12.28135,11.7273,11.7273,12249367.0
2024-09-11,11.77347,11.77347,10.9424,10.9424,68047567.0
2024-09-12,10.89623,10.9424,10.43453,10.52687,17578602.0
2024-09-13,10.665379999999999,10.757719999999999,10.52687,10.665379999999999,10301343.0
2024-09-16,10.665379999999999,10.757719999999999,10.34219,10.34219,10838745.0
2024-09-17,10.34219,10.4807,9.83431,10.34219,30694589.0
2024-09-18,10.38836,10.619209999999999,10.38836,10.43453,7794399.0
2024-09-19,10.57304,10.619209999999999,10.43453,10.4807,7860063.0
2024-09-20,10.43453,10.619209999999999,10.43453,10.52687,10210047.0
2024-09-23,10.52687,10.52687,10.34219,10.38836,4416181.0
2024-09-24,10.34219,10.52687,10.34219,10.4807,3975775.0
2024-09-25,10.52687,10.57304,10.38836,10.52687,11195318.0
2024-09-26,10.711549999999999,10.98857,10.619209999999999,10.665379999999999,15063807.0
2024-09-27,10.85006,10.85006,10.619209999999999,10.665379999999999,8272934.0
2024-09-30,9.92665,10.29602,9.92665,10.20368,30205131.0
2024-10-01,10.24985,10.43453,10.24985,10.34219,7175014.0
2024-10-02,10.29602,10.34219,10.1575,10.20368,8195130.0
2024-10-03,10.1575,10.24985,9.97282,10.01899,14560861.0
2024-10-04,10.01899,10.1575,10.01899,10.01899,5342489.0
2024-10-07,10.06516,10.1575,9.92665,9.97282,5356991.0
2024-10-08,9.97282,10.06516,9.695799999999998,9.88048,7821244.0
2024-10-09,9.88048,10.01899,9.88048,9.92665,3501368.0
2024-10-10,9.97282,10.06516,9.92665,9.97282,4121289.0
2024-10-11,9.92665,10.01899,9.88048,9.97282,5259042.0
2024-10-14,10.01899,10.06516,9.741969999999998,9.83431,7013541.0
2024-10-15,9.83431,9.92665,9.649629999999998,9.649629999999998,6997976.0
2024-10-16,9.603459999999998,9.695799999999998,9.41878,9.41878,8734483.0
2024-10-17,9.41878,9.695799999999998,9.28027,9.649629999999998,11795000.0
2024-10-18,9.741969999999998,9.741969999999998,9.55729,9.55729,2954957.0
2024-10-21,9.603459999999998,9.603459999999998,9.46495,9.46495,4123542.0
2024-10-22,9.41878,9.55729,9.37261,9.37261,5595157.0
2024-10-23,9.37261,9.55729,9.32644,9.46495,5017305.0
2024-10-24,9.46495,9.55729,9.37261,9.37261,3062395.0
2024-10-25,9.32644,9.51112,9.32644,9.41878,3269607.0
2024-10-28,9.51112,9.78814,9.46495,9.55729,5528871.0
2024-10-29,9.695799999999998,9.78814,9.55729,9.55729,3903826.0
2024-10-30,9.695799999999998,10.06516,9.55729,9.88048,11956189.0
2024-10-31,10.01899,10.01899,9.695799999999998,9.695799999999998,6141699.0
2024-11-01,9.695799999999998,9.83431,9.55729,9.55729,4644184.0
2024-11-04,9.51112,9.603459999999998,9.41878,9.41878,4982238.0
2024-11-05,9.46495,9.695799999999998,9.46495,9.51112,4197830.0
2024-11-06,9.55729,9.695799999999998,9.51112,9.603459999999998,2869514.0
2024-11-07,9.741969999999998,10.20368,9.649629999999998,9.97282,18150575.0
2024-11-08,10.06516,10.06516,9.83431,9.88048,4037577.0
2024-11-11,9.741969999999998,9.92665,9.695799999999998,9.83431,5284771.0
2024-11-12,9.83431,9.92665,9.695799999999998,9.741969999999998,6566058.0
2024-11-13,9.78814,10.11133,9.741969999999998,9.97282,15798447.0
2024-11-14,9.88048,10.11133,9.83431,9.97282,6728587.0
2024-11-15,9.88048,9.92665,9.603459999999998,9.603459999999998,7075638.0
2024-11-18,9.695799999999998,9.83431,9.649629999999998,9.741969999999998,6498700.0
2024-11-19,9.741969999999998,10.24985,9.741969999999998,9.92665,12107294.0
2024-11-20,10.29602,10.52687,10.1575,10.38836,20300009.0
2024-11-21,10.38836,10.43453,10.24985,10.38836,5629125.0
2024-11-22,10.38836,10.38836,10.1575,10.1575,8315776.0
2024-11-25,10.29602,10.34219,9.92665,10.1575,12287142.0
2024-11-26,10.01899,10.34219,9.97282,10.24985,7936103.0
2024-11-27,10.34219,10.619209999999999,10.24985,10.34219,9930444.0
2024-11-28,10.43453,10.52687,10.1575,10.24985,6306637.0
2024-11-29,10.20368,10.24985,10.11133,10.11133,7196211.0
2024-12-02,10.1575,10.24985,10.06516,10.11133,3417365.0
2024-12-03,10.1575,10.20368,9.88048,9.88048,6766503.0
2024-12-04,9.88048,9.97282,9.695799999999998,9.695799999999998,10326136.0
2024-12-05,9.695799999999998,10.1575,9.695799999999998,10.01899,8028063.0
2024-12-06,10.06516,10.11133,9.83431,9.83431,5588457.0
2024-12-09,9.83431,9.97282,9.78814,9.88048,6567405.0
2024-12-10,9.88048,10.01899,9.78814,9.78814,5173418.0
2024-12-11,9.83431,9.88048,9.695799999999998,9.741969999999998,4485421.0
2024-12-12,9.741969999999998,9.83431,9.695799999999998,9.695799999999998,3041913.0
2024-12-13,9.695799999999998,9.741969999999998,9.649629999999998,9.649629999999998,3825664.0
2024-12-16,9.695799999999998,9.741969999999998,9.603459999999998,9.603459999999998,2566946.0
2024-12-17,9.649629999999998,9.741969999999998,9.649629999999998,9.649629999999998,2399002.0
2024-12-18,9.649629999999998,9.78814,9.649629999999998,9.741969999999998,4017283.0
2024-12-19,9.695799999999998,9.78814,9.649629999999998,9.649629999999998,7308134.0
2024-12-20,9.695799999999998,9.741969999999998,9.32644,9.32644,12857712.0
2024-12-23,9.55729,9.78814,9.51112,9.695799999999998,7502339.0
2024-12-24,9.695799999999998,9.741969999999998,9.46495,9.51112,5728499.0
2024-12-25,9.55729,9.741969999999998,9.51112,9.603459999999998,4745300.0
2024-12-26,9.603459999999998,9.741969999999998,9.603459999999998,9.603459999999998,3939599.0
2024-12-27,9.603459999999998,9.649629999999998,9.41878,9.41878,6288718.0
2024-12-30,9.741969999999998,9.741969999999998,9.46495,9.51112,6299476.0
2024-12-31,9.51112,9.55729,9.46495,9.46495,2738022.0
2025-01-02,9.55729,9.695799999999998,9.51112,9.603459999999998,4548342.0
2025-01-03,9.603459999999998,9.97282,9.603459999999998,9.741969999999998,11647343.0
2025-01-06,9.78814,9.78814,9.51112,9.603459999999998,5016449.0
2025-01-07,9.649629999999998,9.649629999999998,9.41878,9.46495,6096591.0
2025-01-08,9.46495,9.649629999999998,9.41878,9.603459999999998,4149447.0
2025-01-09,9.55729,9.649629999999998,9.46495,9.46495,1883343.0
2025-01-10,9.46495,9.51112,9.160219999999999,9.160219999999999,8719767.0
2025-01-13,9.169459999999999,9.224860000000001,8.68005,8.76316,11658523.0
2025-01-14,8.77239,8.80933,8.264520000000001,8.264520000000001,16256645.0
2025-01-15,8.495370000000001,8.70775,8.48613,8.495370000000001,7061945.0
2025-01-16,8.495370000000001,8.68005,8.449200000000001,8.46767,5769041.0
2025-01-17,8.5046,8.61541,8.449200000000001,8.56924,4785063.0
2025-01-20,8.5323,8.5323,8.31992,8.356860000000001,5568846.0
2025-01-21,8.4215,8.43996,8.347620000000001,8.347620000000001,3246264.0
2025-01-22,8.356860000000001,8.403030000000001,8.01519,8.01519,11441286.0
2025-01-23,8.02443,8.17217,8.01519,8.06137,6084661.0
2025-01-24,8.199879999999999,8.338389999999999,8.13524,8.246049999999999,7007725.0
2025-02-03,8.246049999999999,8.31992,8.199879999999999,8.21834,4452285.0
2025-02-04,8.246049999999999,8.69852,8.246049999999999,8.670819999999999,7420110.0
2025-02-05,8.71699,8.846260000000001,8.68005,8.68005,7241180.0
2025-02-06,8.69852,8.75392,8.60618,8.670819999999999,4163672.0
2025-02-07,8.71699,8.90167,8.68005,8.72622,5148402.0
2025-02-10,8.72622,8.72622,8.52307,8.52307,5628840.0
2025-02-11,8.5323,8.65235,8.449200000000001,8.495370000000001,3875768.0
2025-02-12,8.51384,8.55077,8.45843,8.45843,3502928.0
2025-02-13,8.45843,8.476899999999999,8.31992,8.32915,7386925.0
2025-02-14,8.393790000000001,8.624649999999999,8.36609,8.541540000000001,5906112.0
2025-02-17,8.55077,8.61541,8.476899999999999,8.5046,4992162.0
2025-02-18,8.48613,8.76316,8.48613,8.63388,8828289.0
2025-02-19,8.74469,8.74469,8.63388,8.72622,7825941.0
2025-02-20,8.77239,9.32644,8.75392,9.32644,26439984.0
2025-02-21,9.603459999999998,9.603459999999998,9.28027,9.37261,13580337.0
2025-02-24,9.46495,9.51112,9.169459999999999,9.2341,12184696.0
2025-02-25,9.32644,9.37261,9.12329,9.18792,10820884.0
2025-02-26,9.2341,9.28027,9.14175,9.14175,5902753.0
2025-02-27,9.2341,9.41878,9.215629999999999,9.32644,10645160.0
2025-02-28,9.51112,9.97282,9.46495,9.78814,20452153.0
2025-03-03,9.695799999999998,9.92665,9.55729,9.603459999999998,13005425.0
2025-03-04,9.603459999999998,9.695799999999998,9.41878,9.51112,12153572.0
2025-03-05,9.51112,9.649629999999998,9.41878,9.41878,7406580.0
2025-03-06,9.46495,9.603459999999998,9.37261,9.55729,8680393.0
2025-03-07,9.603459999999998,9.92665,9.603459999999998,9.695799999999998,11454583.0
2025-03-10,9.83431,9.88048,9.603459999999998,9.603459999999998,7068433.0
2025-03-11,9.51112,9.83431,9.41878,9.741969999999998,11008625.0
2025-03-12,9.741969999999998,9.83431,9.649629999999998,9.695799999999998,5586042.0
2025-03-13,9.695799999999998,9.97282,9.603459999999998,9.603459999999998,11930757.0
2025-03-14,9.649629999999998,10.24985,9.55729,10.24985,40158847.0
2025-03-17,10.43453,10.43453,10.20368,10.29602,13576540.0
2025-03-18,10.20368,10.29602,9.97282,10.11133,19040891.0
2025-03-19,9.97282,10.06516,9.88048,9.97282,11760090.0
2025-03-20,10.01899,10.06516,9.92665,10.01899,7520143.0
2025-03-21,10.11133,10.1575,9.92665,9.92665,7025671.0
2025-03-24,9.92665,9.92665,9.37261,9.51112,19708831.0
2025-03-25,9.603459999999998,9.649629999999998,9.51112,9.55729,6625312.0
2025-03-26,9.603459999999998,9.741969999999998,9.46495,9.46495,5561390.0
2025-03-27,9.51112,9.55729,9.41878,9.46495,3894948.0
2025-03-28,9.51112,9.603459999999998,9.46495,9.46495,4153642.0
2025-03-31,9.46495,9.603459999999998,9.41878,9.51112,5300783.0
2025-04-01,9.603459999999998,9.603459999999998,9.51112,9.55729,3944055.0
2025-04-02,9.55729,9.695799999999998,9.46495,9.51112,7887433.0
2025-04-03,8.846260000000001,9.14175,8.846260000000001,8.846260000000001,30553626.0
2025-04-04,8.22758,8.69852,8.22758,8.403030000000001,21055882.0
2025-04-08,8.403030000000001,8.403030000000001,7.82128,7.82128,19632157.0
2025-04-09,7.276470000000001,7.83975,7.276470000000001,7.47962,14289770.0
2025-04-10,7.9967299999999994,7.9967299999999994,7.9967299999999994,7.9967299999999994,523431.0
2025-04-11,8.55077,8.55077,8.246049999999999,8.55077,17095287.0
2025-04-14,8.63388,8.63388,8.449200000000001,8.52307,7952866.0
2025-04-15,8.52307,8.95707,8.45843,8.541540000000001,12010047.0
2025-04-16,8.541540000000001,8.892430000000001,8.541540000000001,8.65235,7671145.0
2025-04-17,8.58771,8.75392,8.403030000000001,8.64311,6284919.0
2025-04-18,8.77239,9.114049999999999,8.71699,8.92937,11563265.0
2025-04-21,9.00324,9.51112,8.97554,9.51112,24354182.0
2025-04-22,9.603459999999998,10.11133,9.19716,9.83431,40497552.0
2025-04-23,10.29602,10.29602,9.97282,9.97282,17724472.0
2025-04-24,10.01899,10.665379999999999,9.92665,10.43453,31505444.0
2025-04-25,10.43453,10.52687,9.92665,10.01899,19038499.0
2025-04-28,10.20368,10.711549999999999,10.06516,10.57304,27389140.0
2025-04-29,10.757719999999999,10.89623,10.38836,10.52687,14856840.0
2025-05-05,10.619209999999999,10.711549999999999,10.38836,10.57304,10068399.0
2025-05-06,10.619209999999999,11.311770000000001,10.619209999999999,11.311770000000001,36997515.0
2025-05-07,11.357940000000001,12.05049,11.219430000000001,11.68113,41058000.0
2025-05-08,11.265600000000001,11.7273,11.265600000000001,11.63496,28165783.0
2025-05-09,11.91198,11.91198,11.12708,11.357940000000001,24254571.0
2025-05-12,11.450280000000001,11.63496,11.219430000000001,11.357940000000001,14821129.0
2025-05-13,11.265600000000001,11.311770000000001,10.89623,11.12708,28001125.0
2025-05-14,11.12708,11.404110000000001,11.08091,11.311770000000001,14527625.0
2025-05-15,11.357940000000001,11.450280000000001,11.03474,11.17326,14259051.0
2025-05-16,11.265600000000001,11.542620000000001,11.03474,11.219430000000001,22669180.0
2025-05-19,11.17326,11.496450000000001,11.08091,11.12708,19813494.0
2025-05-20,11.12708,11.219430000000001,10.619209999999999,10.9424,33035316.0
2025-05-21,11.03474,11.68113,10.9424,11.68113,36241988.0
2025-05-22,12.05049,12.09666,11.542620000000001,11.542620000000001,36344027.0
2025-05-23,11.588790000000001,11.86581,11.496450000000001,11.496450000000001,17217311.0
2025-05-26,11.68113,12.00432,11.265600000000001,11.81964,30640295.0
2025-05-27,11.91198,12.18901,11.7273,11.86581,28960980.0
2025-05-28,12.05049,12.32752,11.7273,12.05049,46885226.0
2025-05-29,12.32752,12.88156,12.18901,12.88156,62826098.0
2025-05-30,13.02007,13.2971,12.92773,13.06624,58694698.0
2025-06-02,13.11242,13.758799999999999,13.06624,13.43561,33325107.0
2025-06-03,13.48178,13.57412,13.02007,13.11242,38959319.0
2025-06-04,13.15859,13.38944,12.83539,13.11242,29432539.0
2025-06-05,13.11242,13.2971,12.88156,13.20476,24783458.0
2025-06-06,13.11242,13.2971,13.02007,13.20476,20392788.0
2025-06-09,13.52795,13.758799999999999,13.11242,13.2971,32559842.0
2025-06-10,13.2971,13.38944,13.11242,13.25093,18620286.0
2025-06-11,13.2971,13.34327,12.5122,12.83539,26193576.0
2025-06-12,12.83539,13.2971,12.83539,13.15859,18109503.0
2025-06-13,12.9739,13.20476,12.60454,13.20476,30361224.0
2025-06-16,13.11242,13.758799999999999,13.11242,13.758799999999999,37525370.0
2025-06-17,13.85114,14.312850000000001,13.758799999999999,14.266680000000001,36182269.0
2025-06-18,14.543700000000001,14.95923,14.266680000000001,14.405190000000001,38624532.0
2025-06-19,14.636040000000001,14.636040000000001,14.12817,14.359020000000001,19396315.0
2025-06-20,14.543700000000001,14.543700000000001,13.94348,14.266680000000001,30258997.0
2025-06-23,13.85114,14.03583,13.758799999999999,13.89731,22107306.0
2025-06-24,14.12817,14.22051,13.804969999999999,13.89731,19775863.0
2025-06-25,14.03583,14.082,13.758799999999999,13.758799999999999,11199510.0
2025-06-26,13.804969999999999,14.082,13.666459999999999,13.98965,14426733.0
2025-06-27,14.03583,14.12817,13.85114,13.85114,10735390.0
2025-06-30,14.03583,14.405190000000001,13.94348,13.98965,14829629.0
2025-07-01,14.12817,14.12817,13.804969999999999,13.98965,9895928.0
2025-07-02,13.85114,14.082,13.804969999999999,13.94348,9791654.0
2025-07-03,13.89731,14.03583,13.758799999999999,13.758799999999999,16316580.0
2025-07-04,13.85114,14.266680000000001,13.804969999999999,14.03583,19710581.0
2025-07-07,14.03583,14.266680000000001,13.89731,14.12817,22599813.0
2025-07-08,14.22051,14.636040000000001,14.082,14.497530000000001,29501551.0
2025-07-09,14.589870000000001,14.589870000000001,14.22051,14.266680000000001,20438126.0
2025-07-10,14.266680000000001,14.405190000000001,14.12817,14.266680000000001,18037219.0
2025-07-11,14.266680000000001,14.359020000000001,13.94348,13.94348,20926847.0
2025-07-14,13.94348,14.359020000000001,13.38944,14.082,37696897.0
2025-07-15,14.312850000000001,14.359020000000001,13.94348,13.94348,15943572.0
2025-07-16,13.94348,14.312850000000001,13.89731,14.17434,16828045.0
2025-07-17,14.312850000000001,15.14392,14.266680000000001,15.14392,54853874.0
2025-07-18,15.836469999999998,16.15967,15.51328,15.65179,48227946.0
2025-07-21,15.882639999999999,15.882639999999999,15.23626,15.28243,30851481.0
2025-07-22,15.19009,15.65179,15.14392,15.65179,28090333.0
2025-07-23,15.790299999999998,15.790299999999998,15.42094,15.55945,24053759.0
2025-07-24,15.55945,15.744129999999998,15.28243,15.55945,22409186.0
2025-07-25,15.37477,15.790299999999998,15.3286,15.790299999999998,25908197.0
2025-07-28,16.06733,16.62137,16.02116,16.15967,49351111.0
2025-07-29,16.29818,16.390520000000002,15.05158,15.05158,52361783.0
2025-07-30,15.05158,15.46711,14.72838,15.3286,26429129.0
2025-07-31,15.46711,15.51328,14.82072,15.37477,25642777.0
2025-08-01,15.65179,16.02116,15.37477,15.92881,33842851.0
2025-08-04,15.97499,17.03691,15.97499,17.03691,56716139.0
2025-08-05,17.31393,17.63712,16.15967,16.62137,45939498.0
2025-08-06,16.62137,17.03691,16.29818,16.80605,27601403.0
2025-08-07,17.17542,17.17542,16.667540000000002,16.80605,23489008.0
2025-08-08,17.03691,17.3601,16.62137,17.12925,35682370.0
2025-08-11,17.31393,17.8218,17.12925,17.3601,34025283.0
2025-08-12,17.26776,17.31393,16.80605,17.083080000000002,28658844.0
2025-08-13,17.083080000000002,17.72946,16.759880000000003,17.03691,36577437.0
2025-08-14,17.31393,17.63712,16.990740000000002,17.45244,32816108.0
2025-08-15,17.54478,17.59095,16.62137,16.759880000000003,36656019.0
2025-08-18,16.482860000000002,16.89839,16.25201,16.62137,36380681.0
2025-08-19,16.62137,17.26776,16.15967,16.62137,57235494.0
2025-08-20,16.62137,16.71371,15.60562,16.06733,42171363.0
2025-08-21,16.15967,16.25201,15.42094,15.55945,30699931.0
2025-08-22,15.3286,15.37477,14.589870000000001,14.68221,40688023.0
2025-08-25,14.82072,15.09775,14.68221,14.82072,14935294.0
2025-08-26,14.82072,15.51328,14.77455,15.51328,13393496.0
2025-08-27,15.697959999999998,16.1135,15.51328,15.51328,17635269.0
2025-08-28,15.697959999999998,15.697959999999998,15.19009,15.42094,10973566.0
2025-08-29,15.65179,15.97499,15.46711,15.51328,21824489.0
2025-09-03,15.697959999999998,16.20584,15.65179,15.97499,19695807.0
2025-09-04,16.15967,16.25201,15.836469999999998,15.882639999999999,14351873.0
2025-09-05,16.02116,16.62137,15.97499,15.97499,34523573.0
2025-09-08,15.882639999999999,16.15967,14.95923,14.95923,28871049.0
2025-09-09,14.95923,15.19009,14.636040000000001,15.00541,20843152.0
2025-09-10,15.19009,15.19009,14.359020000000001,14.589870000000001,23543368.0
2025-09-11,14.543700000000001,14.589870000000001,13.94348,14.497530000000001,19308128.0
2025-09-12,14.68221,15.00541,14.543700000000001,14.543700000000001,12715138.0
2025-09-15,14.22051,14.636040000000001,14.22051,14.451360000000001,16663582.0
2025-09-16,14.77455,14.91306,14.451360000000001,14.497530000000001,13659476.0
2025-09-17,14.497530000000001,14.68221,14.312850000000001,14.312850000000001,10512138.0
2025-09-18,14.312850000000001,14.497530000000001,13.85114,13.94348,21075497.0
2025-09-19,14.082,14.91306,13.94348,14.72838,27266518.0
2025-09-22,14.91306,14.95923,14.359020000000001,14.405190000000001,16677241.0
2025-09-23,14.589870000000001,14.95923,14.451360000000001,14.451360000000001,9068646.0
2025-09-24,14.636040000000001,15.05158,14.451360000000001,14.91306,13561795.0
2025-09-25,14.95923,15.09775,14.68221,14.77455,13433213.0
2025-09-26,14.77455,14.77455,14.405190000000001,14.405190000000001,13757692.0
2025-09-29,14.451360000000001,14.68221,14.359020000000001,14.405190000000001,9397905.0
2025-09-30,14.543700000000001,14.543700000000001,13.85114,14.082,14868806.0
2025-10-01,14.082,14.497530000000001,14.082,14.451360000000001,8160003.0
2025-10-02,14.497530000000001,14.497530000000001,14.22051,14.312850000000001,7263011.0
2025-10-03,14.22051,14.266680000000001,13.94348,13.94348,13090125.0
2025-10-06,14.082,14.68221,14.082,14.589870000000001,12698482.0
2025-10-07,14.636040000000001,14.636040000000001,14.22051,14.22051,7030087.0
2025-10-08,14.451360000000001,14.497530000000001,13.94348,14.12817,12931248.0
2025-10-09,14.12817,14.359020000000001,14.082,14.12817,7298825.0
2025-10-10,14.266680000000001,14.77455,14.266680000000001,14.405190000000001,15228257.0
2025-10-13,14.22051,14.95923,14.082,14.77455,22285542.0
2025-10-14,14.91306,14.95923,14.266680000000001,14.312850000000001,17244997.0
2025-10-15,14.543700000000001,14.543700000000001,14.266680000000001,14.405190000000001,8847286.0
2025-10-16,14.497530000000001,15.19009,14.497530000000001,15.00541,28957068.0
2025-10-17,15.00541,15.65179,14.82072,15.3286,32473030.0
2025-10-20,14.266680000000001,14.589870000000001,14.266680000000001,14.266680000000001,70846920.0
2025-10-21,13.48178,13.758799999999999,13.2971,13.2971,29881054.0
2025-10-22,13.38944,13.98965,12.5122,12.92773,48503409.0
2025-10-23,12.9739,13.38944,12.9739,13.11242,13107885.0
2025-10-24,13.15859,13.38944,13.02007,13.20476,19343441.0
2025-10-27,13.2971,13.38944,12.743049999999998,12.743049999999998,14420082.0
2025-10-28,12.743049999999998,12.743049999999998,11.91198,12.37369,29826656.0
2025-10-29,12.37369,12.83539,12.23518,12.5122,8473478.0
2025-10-30,12.55837,13.02007,12.55837,12.743049999999998,6209382.0
2025-10-31,12.743049999999998,12.743049999999998,12.55837,12.60454,5334330.0
2025-11-03,12.37369,12.60454,11.91198,11.91198,12430299.0
2025-11-04,11.91198,12.41986,11.542620000000001,12.37369,17606482.0
2025-11-05,12.55837,12.789219999999998,12.41986,12.696879999999998,11138165.0
2025-11-06,12.696879999999998,12.696879999999998,12.46603,12.46603,4047743.0
2025-11-07,12.46603,12.55837,11.95815,12.00432,8441748.0
2025-11-10,11.91198,12.00432,11.357940000000001,11.357940000000001,12961707.0
2025-11-11,11.450280000000001,11.542620000000001,11.12708,11.265600000000001,10982532.0
2025-11-12,11.357940000000001,12.05049,11.311770000000001,12.05049,6257554.0
2025-11-13,12.28135,12.41986,12.18901,12.23518,8979383.0
2025-11-14,12.32752,13.06624,12.32752,13.06624,22458682.0
2025-11-17,13.666459999999999,13.94348,13.48178,13.94348,18492513.0
2025-11-18,14.589870000000001,14.86689,14.12817,14.636040000000001,36714425.0
2025-11-19,14.451360000000001,14.91306,14.22051,14.451360000000001,20163442.0
2025-11-20,14.405190000000001,14.497530000000001,13.804969999999999,13.94348,13189005.0
2025-11-21,13.758799999999999,14.359020000000001,13.758799999999999,14.22051,11330417.0
2025-11-24,14.451360000000001,14.86689,14.312850000000001,14.589870000000001,19932149.0
2025-11-25,14.589870000000001,14.68221,14.03583,14.12817,11233075.0
2025-11-26,14.17434,14.497530000000001,14.12817,14.312850000000001,10763709.0
2025-11-27,14.359020000000001,14.359020000000001,13.666459999999999,13.712629999999999,16193802.0
2025-11-28,13.666459999999999,13.89731,13.02007,13.666459999999999,12706254.0
2025-12-01,13.712629999999999,14.03583,13.48178,13.62029,5737662.0
2025-12-02,13.62029,13.758799999999999,13.15859,13.712629999999999,10771338.0
2025-12-03,13.94348,13.98965,13.666459999999999,13.85114,6329233.0
2025-12-04,13.94348,14.082,13.804969999999999,13.85114,6948235.0
2025-12-05,13.85114,13.89731,13.52795,13.712629999999999,5800603.0
2025-12-08,13.712629999999999,13.712629999999999,13.2971,13.57412,6041473.0
2025-12-09,13.48178,13.48178,13.02007,13.34327,8496403.0
2025-12-10,13.38944,13.38944,13.06624,13.34327,5171238.0
2025-12-11,13.2971,13.62029,13.20476,13.25093,4061982.0
2025-12-12,13.25093,13.38944,12.32752,12.32752,12524954.0
2025-12-15,12.23518,12.5122,12.18901,12.28135,6700143.0
2025-12-16,12.18901,12.789219999999998,12.00432,12.5122,6465590.0
2025-12-17,12.5122,12.5122,12.23518,12.23518,4329591.0
2025-12-18,12.41986,12.41986,12.05049,12.23518,3940575.0
2025-12-19,12.28135,12.789219999999998,12.23518,12.789219999999998,7578679.0
2025-12-22,12.743049999999998,12.88156,12.60454,12.743049999999998,6439269.0
2025-12-23,12.83539,12.83539,12.37369,12.41986,7111962.0
2025-12-24,12.41986,12.650709999999998,12.23518,12.37369,6454084.0
2025-12-25,12.32752,12.83539,12.28135,12.28135,8751656.0
2025-12-26,12.37369,12.46603,11.68113,12.23518,10179551.0
2025-12-29,12.5122,13.06624,12.5122,13.06624,15258667.0
2025-12-30,13.43561,13.52795,12.83539,12.83539,8451679.0
2025-12-31,12.88156,12.9739,12.32752,12.32752,7447026.0
2026-01-05,12.55837,12.696879999999998,12.18901,12.32752,8519083.0
2026-01-06,12.46603,12.650709999999998,12.28135,12.32752,8730451.0
2026-01-07,12.32752,12.41986,12.05049,12.18901,10521960.0
2026-01-08,12.28135,12.46603,12.09666,12.28135,8045483.0
2026-01-09,12.23518,12.28135,11.542620000000001,11.588790000000001,22089779.0
2026-01-12,11.63496,12.05049,11.265600000000001,11.81964,11841072.0
2026-01-13,12.09666,12.09666,11.77347,11.77347,8227018.0
2026-01-14,11.77347,12.18901,11.7273,11.91198,9646502.0
2026-01-15,11.95815,12.09666,11.77347,11.81964,5570981.0
2026-01-16,11.95815,12.09666,11.81964,12.05049,8179268.0
2026-01-19,12.05049,12.09666,11.81964,11.95815,4813044.0
2026-01-20,11.81964,11.95815,11.77347,11.77347,6558544.0
2026-01-21,11.63496,11.91198,11.542620000000001,11.63496,5168666.0
2026-01-22,11.77347,12.32752,11.357940000000001,11.81964,14210320.0
2026-01-23,11.95815,12.00432,11.542620000000001,11.542620000000001,8002520.0
2026-01-26,11.542620000000001,11.68113,10.9424,10.9424,12184232.0
2026-01-27,11.08091,11.219430000000001,10.52687,10.52687,11708412.0
2026-01-28,10.757719999999999,11.08091,10.52687,10.98857,6955973.0
2026-01-29,11.08091,11.219430000000001,10.98857,11.219430000000001,3857465.0
2026-01-30,11.357940000000001,12.00432,11.219430000000001,12.00432,13145940.0
2026-02-02,12.28135,12.37369,11.63496,11.86581,11842592.0
2026-02-03,11.77347,12.09666,11.77347,11.86581,6066602.0
2026-02-04,11.86581,11.86581,11.588790000000001,11.588790000000001,4683613.0
2026-02-05,11.588790000000001,11.7273,11.404110000000001,11.404110000000001,4758961.0
2026-02-06,11.17326,11.496450000000001,11.08091,11.265600000000001,7104414.0
2026-02-09,11.219430000000001,11.450280000000001,11.17326,11.265600000000001,3931492.0
2026-02-10,11.265600000000001,11.496450000000001,11.265600000000001,11.357940000000001,4516556.0
2026-02-11,11.357940000000001,11.81964,11.357940000000001,11.81964,6275010.0
2026-02-12,11.81964,12.00432,11.68113,11.95815,5351994.0
2026-02-13,11.95815,11.95815,11.68113,11.68113,5099951.0
2026-02-23,11.77347,11.81964,11.63496,11.77347,2902178.0
2026-02-24,11.7273,11.81964,11.68113,11.77347,4750099.0
2026-02-25,11.77347,11.91198,11.63496,11.68113,4318940.0
2026-02-26,11.68113,11.81964,11.542620000000001,11.63496,4123722.0
2026-02-27,11.68113,11.68113,11.265600000000001,11.357940000000001,6774475.0
2026-03-02,10.711549999999999,11.08091,10.711549999999999,10.711549999999999,8991084.0
2026-03-03,10.665379999999999,10.89623,10.619209999999999,10.665379999999999,8410552.0
2026-03-04,10.665379999999999,10.85006,10.06516,10.24985,14112447.0
2026-03-05,10.57304,10.711549999999999,10.24985,10.29602,7453821.0
2026-03-06,10.52687,10.57304,10.24985,10.38836,5566402.0
2026-03-09,9.695799999999998,9.88048,9.695799999999998,9.695799999999998,10773438.0
2026-03-10,9.2341,9.97282,9.2341,9.83431,11917803.0
2026-03-11,9.78814,10.43453,9.741969999999998,10.24985,9653419.0
2026-03-12,10.1575,10.9424,10.11133,10.9424,19594734.0
2026-03-13,11.08091,11.68113,10.98857,11.68113,23788625.0
2026-03-16,12.37369,12.46603,12.09666,12.46603,49017575.0
2026-03-17,12.55837,12.92773,12.28135,12.37369,22483225.0
2026-03-18,12.32752,12.46603,11.81964,12.00432,15009778.0
2026-03-19,11.81964,12.83539,11.81964,12.83539,25991527.0
2026-03-20,13.11242,13.666459999999999,12.41986,12.41986,27408619.0
2026-03-23,12.37369,12.743049999999998,11.588790000000001,11.588790000000001,27168802.0
2026-03-24,11.95815,12.37369,11.7273,12.23518,17753863.0
2026-03-25,12.46603,12.92773,12.18901,12.743049999999998,17693337.0
2026-03-26,12.743049999999998,13.38944,12.5122,13.11242,21351742.0
2026-03-27,13.02007,13.758799999999999,12.88156,13.20476,22264219.0
2026-03-30,12.92773,13.15859,12.789219999999998,12.789219999999998,15379362.0
2026-03-31,12.83539,13.25093,12.789219999999998,13.06624,15923545.0
2026-04-01,13.34327,13.43561,12.83539,13.06624,13969367.0
2026-04-02,12.83539,13.06624,12.696879999999998,12.83539,7101077.0
2026-04-03,12.83539,13.62029,12.83539,13.20476,26702993.0
2026-04-06,13.2971,14.03583,13.25093,13.43561,23154328.0
2026-04-07,13.62029,13.758799999999999,12.92773,13.62029,16781260.0
2026-04-08,14.03583,14.543700000000001,13.758799999999999,14.543700000000001,30299448.0
2026-04-09,14.72838,15.55945,14.68221,15.42094,81727464.0
2026-04-10,15.65179,16.1135,15.3286,15.51328,26364438.0
2026-04-13,15.42094,16.15967,15.28243,15.882639999999999,29290182.0
2026-04-14,16.02116,16.15967,15.42094,15.790299999999998,23876641.0
2026-04-15,16.06733,16.80605,16.06733,16.15967,36723873.0
2026-04-16,16.15967,16.15967,15.37477,15.697959999999998,28137542.0
2026-04-17,15.697959999999998,16.1135,15.55945,15.744129999999998,16771789.0
2026-04-20,15.744129999999998,15.92881,15.55945,15.836469999999998,11256803.0
2026-04-21,15.97499,16.71371,15.882639999999999,16.34435,48790070.0
2026-04-22,16.34435,17.31393,16.34435,17.31393,41320626.0
2026-04-23,17.45244,18.28351,17.40627,17.72946,41736465.0
2026-04-24,17.86797,18.19117,17.03691,17.96032,33664534.0
2026-04-28,17.96032,19.02224,17.63712,18.9299,42285849.0
2026-04-29,18.9299,19.391599999999997,18.65287,18.9299,25668373.0
2026-05-04,19.06841,19.11458,17.63712,17.63712,35266798.0
2026-05-05,16.43669,16.852220000000003,16.43669,16.43669,33379333.0
2026-05-06,15.3286,16.25201,15.3286,15.836469999999998,75370959.0
2026-05-07,15.97499,16.20584,14.86689,15.28243,46802892.0
2026-05-08,15.28243,16.06733,14.77455,15.882639999999999,41053957.0
2026-05-11,15.790299999999998,15.92881,15.3286,15.51328,25125509.0
2026-05-12,15.51328,15.92881,14.95923,15.05158,26996803.0
2026-05-13,15.09775,15.51328,15.00541,15.42094,21496953.0
2026-05-14,15.51328,15.51328,15.19009,15.37477,9686104.0
2026-05-15,15.42094,15.97499,15.23626,15.97499,31443470.0
2026-05-18,15.97499,16.25201,15.697959999999998,15.836469999999998,14887713.0
2026-05-19,15.836469999999998,15.92881,15.09775,15.42094,23985325.0
2026-05-20,15.42094,15.42094,14.359020000000001,14.68221,48423600.0
2026-05-21,14.91306,14.91306,14.082,14.12817,16110491.0
2026-05-22,14.03583,14.543700000000001,14.03583,14.312850000000001,13240044.0
2026-05-25,14.451360000000001,14.77455,14.266680000000001,14.312850000000001,8999564.0
2026-05-26,14.312850000000001,14.72838,14.266680000000001,14.359020000000001,10599308.0
2026-05-27,14.497530000000001,14.497530000000001,13.804969999999999,14.22051,19966636.0
2026-05-28,14.266680000000001,14.497530000000001,13.89731,13.89731,7737568.0
2026-05-29,13.85114,14.266680000000001,13.57412,13.94348,16684481.0
2026-06-01,14.03583,14.266680000000001,13.804969999999999,14.082,8002197.0
2026-06-02,14.03583,14.17434,13.11242,13.11242,26850663.0
2026-06-03,12.743049999999998,13.06624,12.23518,12.55837,52525041.0
2026-06-04,12.696879999999998,12.92773,12.5122,12.789219999999998,10803195.0
2026-06-05,12.88156,12.92773,12.5122,12.5122,10130600.0
2026-06-08,12.55837,13.11242,12.5122,12.789219999999998,21829326.0
2026-06-09,12.88156,12.88156,12.23518,12.23518,14041042.0
2026-06-10,12.55766,13.103639999999999,12.40875,13.103639999999999,10440686.0
2026-06-11,13.20291,13.45108,12.905100000000001,12.905100000000001,16630223.0
2026-06-12,13.15328,13.15328,12.80583,12.905100000000001,10903496.0
2026-06-15,13.103639999999999,13.30218,12.905100000000001,13.15328,11123419.0
2026-06-16,13.20291,13.64962,13.054,13.40145,16428151.0
2026-06-17,13.40145,13.64962,13.252540000000002,13.252540000000002,11484156.0
2026-06-18,13.30218,13.40145,12.905100000000001,13.20291,14218797.0
2026-06-19,13.20291,13.40145,12.80583,12.80583,14999627.0
2026-06-22,12.80583,12.855459999999999,12.45838,12.855459999999999,14309170.0
2026-06-23,12.65692,12.855459999999999,12.21021,12.21021,21299364.0
2026-06-24,12.21021,12.905100000000001,11.71386,12.855459999999999,27169341.0
2026-06-25,12.905100000000001,12.905100000000001,12.55766,12.55766,7588680.0
2026-06-26,12.65692,12.65692,12.40875,12.45838,7456658.0
2026-06-29,12.45838,12.55766,12.25984,12.45838,8289679.0
2026-06-30,12.50802,12.55766,12.309479999999999,12.309479999999999,5161100.0
2026-07-01,12.309479999999999,12.756200000000002,12.309479999999999,12.45838,10654027.0
2026-07-02,12.45838,12.60729,12.35912,12.35912,4901617.0
2026-07-03,12.35912,12.50802,12.110940000000001,12.21021,8140509.0
2026-07-06,12.21021,12.35912,11.61459,12.25984,23493585.0
2026-07-07,12.16058,12.45838,12.01167,12.45838,7238811.0
2026-07-08,12.40875,12.756200000000002,12.309479999999999,12.55766,13235568.0
2026-07-09,12.50802,12.60729,12.309479999999999,12.35912,5768474.0
2026-07-10,12.309479999999999,12.65692,12.25984,12.25984,8020034.0
2026-07-13,12.25984,12.50802,11.96204,12.0613,10898992.0
2026-07-14,12.0613,12.25984,11.86276,12.110940000000001,7268308.0
2026-07-15,12.0613,12.21021,11.7635,11.7635,10332282.0
2026-07-16,11.7635,12.55766,11.36642,12.55766,24957061.0
2026-07-17,12.70656,12.70656,12.40875,12.55766,9930375.0
2026-07-20,12.40875,12.905100000000001,12.110940000000001,12.35912,16448380.0
2026-07-21,12.21021,12.70656,12.21021,12.50802,15105349.0
2026-07-22,12.55766,12.80583,12.45838,12.50802,16974282.0
2026-07-23,12.55766,12.80583,12.0613,12.60729,16645709.0
2026-07-24,12.50802,13.252540000000002,12.40875,12.855459999999999,22114417.0
2026-07-27,12.95474,13.15328,12.60729,12.60729,19591026.0
2026-07-28,12.309479999999999,12.855459999999999,12.21021,12.855459999999999,16641886.0
2026-07-29,12.905100000000001,12.905100000000001,12.21021,12.756200000000002,12780757.0
2026-07-30,12.65692,12.95474,12.55766,12.905100000000001,16128150.0
2026-07-31,13.20291,13.40145,12.905100000000001,12.905100000000001,23534626.0
2026-08-03,12.80583,13.20291,12.70656,13.054,20855417.0
2026-08-04,13.103639999999999,13.30218,12.905100000000001,13.30218,18153124.0
2026-08-05,13.35182,13.997069999999999,13.35182,13.798530000000001,33126242.0
2026-08-06,13.798530000000001,14.09634,13.550360000000001,13.59999,21559123.0
2026-08-07,13.50072,13.84816,13.50072,13.798530000000001,15004124.0
2026-08-10,13.64962,14.14598,13.64962,13.798530000000001,17879464.0
2026-08-11,13.64962,13.8978,13.45108,13.45108,16189228.0
2026-08-12,13.45108,13.798530000000001,13.45108,13.45108,15834464.0
2026-08-13,13.50072,13.64962,13.30218,13.30218,16405810.0
2026-08-14,13.30218,13.59999,13.054,13.15328,15262626.0
2026-08-17,13.103639999999999,13.40145,12.905100000000001,13.103639999999999,12027789.0
2026-08-18,13.20291,13.45108,13.004370000000002,13.103639999999999,8618852.0
2026-08-19,13.054,13.30218,12.756200000000002,12.905100000000001,11041775.0
2026-08-20,12.80583,13.004370000000002,12.70656,12.905100000000001,9028253.0
2026-08-21,12.905100000000001,13.35182,12.80583,13.252540000000002,11766104.0
2026-08-24,13.45108,13.69926,13.30218,13.45108,12380626.0
2026-08-25,13.550360000000001,13.59999,13.20291,13.20291,7455072.0
2026-08-26,13.15328,13.35182,13.15328,13.15328,6935973.0
2026-08-27,13.20291,13.30218,13.054,13.054,5791104.0
2026-08-28,13.15328,13.15328,12.95474,12.95474,7710861.0
2026-09-03,13.054,13.30218,12.855459999999999,13.054,15561423.0
2026-09-04,13.004370000000002,13.20291,12.905100000000001,12.95474,8966028.0
2026-09-07,13.004370000000002,13.103639999999999,12.45838,12.905100000000001,16835049.0
2026-09-08,12.80583,12.95474,12.60729,12.80583,7828031.0
2026-09-09,12.80583,12.905100000000001,12.60729,12.905100000000001,9523553.0
2026-09-10,12.80583,12.905100000000001,12.756200000000002,12.756200000000002,3746121.0
2026-09-11,12.65692,12.855459999999999,12.110940000000001,12.110940000000001,21704188.0
2026-09-14,12.01167,12.16058,11.56496,11.86276,22479310.0
2026-09-15,11.81313,11.96204,11.71386,11.9124,9352016.0
2026-09-16,11.9124,12.16058,11.61459,12.16058,14008755.0
2026-09-17,12.0613,12.40875,11.9124,12.40875,14255915.0
2026-09-18,12.50802,12.70656,12.40875,12.70656,29141879.0
2026-09-21,12.855459999999999,13.103639999999999,12.55766,12.55766,18377788.0
2026-09-22,12.65692,12.65692,12.309479999999999,12.45838,7782750.0
2026-09-23,12.35912,12.60729,12.16058,12.21021,7935766.0
2026-09-24,12.110940000000001,12.21021,11.86276,12.110940000000001,15469931.0
2026-09-25,12.110940000000001,12.110940000000001,11.71386,11.7635,14520081.0
2026-09-28,11.61459,11.71386,10.96934,10.96934,11820386.0
2026-09-29,10.22481,10.22481,10.22481,10.22481,21916139.0
2026-09-30,9.6,10.6,9.6,10.2,97095342.0
2026-10-01,10.25,10.45,10.1,10.4,15673675.0
2026-10-02,10.4,10.5,9.91,10.45,40823300.0
