,open,high,low,close,volume
2020-05-08,18.098860000000002,18.25832,17.56067,17.600540000000002,2183120.0
2020-05-11,17.74007,17.91946,17.500880000000002,17.8198,1412250.0
2020-05-12,17.8198,18.37791,17.540740000000003,18.33805,2222720.0
2020-05-13,18.33805,18.93603,18.01913,18.577240000000003,1884490.0
2020-05-14,18.33805,18.41778,17.58061,17.74007,3482550.0
2020-05-15,17.77993,17.939400000000003,17.52081,17.540740000000003,1616980.0
2020-05-18,17.461009999999998,17.77993,17.102220000000003,17.76,1396460.0
2020-05-19,17.939400000000003,18.05899,17.74007,17.76,1296630.0
2020-05-20,17.68027,18.098860000000002,17.68027,18.05899,1117340.0
2020-05-21,18.138720000000003,18.49751,18.098860000000002,18.33805,1803250.0
2020-05-22,18.33805,18.517439999999997,18.11879,18.138720000000003,1173980.0
2020-05-25,18.138720000000003,19.394479999999998,18.138720000000003,19.394479999999998,3142600.0
2020-05-26,20.092119999999998,20.690099999999997,19.75327,20.45091,2889580.0
2020-05-27,20.490779999999997,20.53064,19.53401,19.53401,2373900.0
2020-05-28,19.57387,20.25158,19.33468,19.93266,2435010.0
2020-05-29,20.01239,20.331310000000002,19.7732,20.29145,1194140.0
2020-06-01,20.331310000000002,21.128619999999998,20.331310000000002,21.128619999999998,1763310.0
2020-06-02,21.28808,21.32795,20.25158,20.37118,2005520.0
2020-06-03,20.37118,21.76647,20.37118,21.726599999999998,2900680.0
2020-06-04,22.00566,22.32458,21.24822,21.40768,1807500.0
2020-06-05,21.24822,21.8462,21.128619999999998,21.76647,869090.0
2020-06-08,21.76647,22.165119999999998,21.56714,21.806330000000003,1701560.0
2020-06-09,21.726599999999998,22.12525,21.32795,21.40768,1190660.0
2020-06-10,21.367810000000002,21.56714,20.769830000000002,21.28808,1417920.0
2020-06-11,21.28808,21.68674,19.93266,19.93266,2363420.0
2020-06-12,19.135360000000002,20.25158,19.135360000000002,20.21172,1913100.0
2020-06-15,20.29145,20.65024,19.35461,19.47421,1222390.0
2020-06-16,19.93266,20.25158,19.63367,20.01239,959000.0
2020-06-17,20.092119999999998,20.37118,19.79313,19.93266,684390.0
2020-06-18,19.892799999999998,20.65024,19.733340000000002,20.490779999999997,896160.0
2020-06-19,20.65024,20.84956,20.61037,20.84956,865480.0
2020-06-22,20.96916,21.28808,20.72997,20.96916,856220.0
2020-06-23,20.84956,21.128619999999998,20.331310000000002,20.769830000000002,1245440.0
2020-06-24,20.769830000000002,20.84956,20.17185,20.17185,929620.0
2020-06-25,19.93266,20.41105,19.733340000000002,20.17185,626690.0
2020-06-26,20.490779999999997,20.53064,20.01239,20.331310000000002,493250.0
2020-06-29,20.131990000000002,20.25158,19.7732,19.81307,584580.0
2020-06-30,20.131990000000002,20.131990000000002,19.41441,19.81307,646710.0
2020-07-01,19.81307,20.53064,19.7732,20.53064,821540.0
2020-07-02,20.65024,21.28808,20.490779999999997,21.00903,1444430.0
2020-07-03,21.128619999999998,21.40768,20.96916,20.96916,889420.0
2020-07-06,21.00903,21.20835,20.96916,21.00903,583920.0
2020-07-07,21.24822,21.726599999999998,21.04889,21.128619999999998,1455000.0
2020-07-08,21.128619999999998,21.52727,20.92929,21.52727,1123750.0
2020-07-09,21.726599999999998,21.726599999999998,21.32795,21.40768,1252690.0
2020-07-10,21.32795,21.32795,20.769830000000002,21.088759999999997,1339580.0
2020-07-13,21.088759999999997,21.128619999999998,20.690099999999997,20.8097,907450.0
2020-07-14,20.769830000000002,21.128619999999998,20.690099999999997,21.128619999999998,587370.0
2020-07-15,21.128619999999998,21.28808,20.96916,21.00903,496050.0
2020-07-16,21.128619999999998,21.128619999999998,20.8097,20.96916,391220.0
2020-07-17,20.96916,21.726599999999998,20.8097,21.40768,2220270.0
2020-07-20,21.56714,21.92593,21.128619999999998,21.28808,1395410.0
2020-07-21,21.367810000000002,21.8462,21.128619999999998,21.8462,1907660.0
2020-07-22,22.04552,22.24485,21.52727,21.64687,1561650.0
2020-07-23,21.60701,21.806330000000003,21.28808,21.726599999999998,814140.0
2020-07-24,21.8462,22.08539,20.331310000000002,21.00903,3233330.0
2020-07-27,20.769830000000002,20.84956,19.553939999999997,19.553939999999997,2669980.0
2020-07-28,20.092119999999998,20.61037,19.7732,20.53064,1368150.0
2020-07-29,20.01239,20.21172,19.135360000000002,20.21172,2593410.0
2020-07-30,20.25158,20.41105,20.092119999999998,20.131990000000002,911760.0
2020-07-31,19.85293,20.331310000000002,19.733340000000002,19.93266,1017640.0
2020-08-03,19.93266,20.57051,19.93266,20.53064,981510.0
2020-08-04,20.53064,20.84956,20.490779999999997,20.65024,825130.0
2020-08-05,20.65024,21.32795,20.45091,21.128619999999998,1878560.0
2020-08-06,21.128619999999998,21.20835,20.84956,21.00903,869730.0
2020-08-07,21.00903,21.24822,20.96916,21.088759999999997,944690.0
2020-08-10,21.28808,21.8462,21.088759999999997,21.52727,2348110.0
2020-08-11,21.60701,21.76647,21.32795,21.40768,1284760.0
2020-08-12,21.40768,21.48741,21.168490000000002,21.367810000000002,972130.0
2020-08-13,21.40768,21.52727,21.20835,21.40768,1022060.0
2020-08-14,21.44754,21.92593,21.367810000000002,21.52727,1835810.0
2020-08-17,21.52727,21.64687,21.24822,21.52727,746150.0
2020-08-18,21.60701,21.64687,21.44754,21.56714,845550.0
2020-08-19,21.56714,22.842830000000003,21.56714,22.842830000000003,4381730.0
2020-08-20,22.842830000000003,23.24148,22.60364,22.96243,2485510.0
2020-08-21,22.8827,23.600270000000002,22.8827,23.48068,2241600.0
2020-08-24,23.52054,23.52054,23.12189,23.32121,1930640.0
2020-08-25,23.40094,23.52054,23.12189,23.16175,1152780.0
2020-08-26,23.16175,23.879330000000003,23.002290000000002,23.32121,1718370.0
2020-08-27,23.32121,23.64014,23.28135,23.48068,716960.0
2020-08-28,23.56041,23.71987,23.12189,23.12189,1443570.0
2020-08-31,23.04216,23.12189,22.404310000000002,22.52391,2269640.0
2020-09-01,22.48404,23.002290000000002,22.44418,22.96243,930280.0
2020-09-03,23.24148,23.24148,22.842830000000003,22.96243,980640.0
2020-09-04,22.72323,23.20162,22.60364,23.12189,1280320.0
2020-09-07,23.12189,23.36108,22.72323,22.72323,974090.0
2020-09-08,22.72323,22.96243,22.60364,22.92256,597820.0
2020-09-09,22.80296,23.52054,22.6435,23.24148,1139550.0
2020-09-10,23.48068,23.64014,23.24148,23.32121,1134500.0
2020-09-11,23.28135,23.48068,23.20162,23.32121,628720.0
2020-09-14,23.32121,23.71987,23.24148,23.68,1321220.0
2020-09-15,23.879330000000003,23.879330000000003,23.600270000000002,23.600270000000002,817690.0
2020-09-16,23.600270000000002,23.68,23.36108,23.36108,559130.0
2020-09-17,23.36108,23.48068,22.92256,23.12189,1039960.0
2020-09-18,23.16175,23.20162,23.002290000000002,23.08202,577420.0
2020-09-21,23.12189,23.24148,22.8827,22.92256,1154580.0
2020-09-22,22.763099999999998,23.24148,22.72323,22.92256,704290.0
2020-09-23,22.92256,23.36108,22.842830000000003,23.32121,954060.0
2020-09-24,23.28135,23.52054,23.12189,23.32121,661940.0
2020-09-25,23.40094,23.40094,23.002290000000002,23.16175,672330.0
2020-09-28,23.24148,23.24148,22.92256,23.12189,722690.0
2020-09-29,23.12189,23.20162,22.56377,22.6435,1495930.0
2020-09-30,22.60364,23.56041,22.56377,23.24148,1767490.0
2020-10-01,23.24148,23.52054,23.20162,23.24148,656760.0
2020-10-02,23.24148,23.32121,22.60364,23.04216,892530.0
2020-10-05,23.002290000000002,23.52054,23.002290000000002,23.40094,1078280.0
2020-10-06,23.52054,23.71987,23.28135,23.40094,906020.0
2020-10-07,23.40094,23.52054,23.24148,23.36108,708270.0
2020-10-08,23.36108,23.36108,22.92256,23.16175,676930.0
2020-10-09,23.32121,23.32121,22.96243,23.04216,669920.0
2020-10-12,22.80296,22.8827,22.204990000000002,22.32458,3054660.0
2020-10-13,22.12525,22.52391,22.12525,22.44418,762820.0
2020-10-14,22.48404,22.6435,22.165119999999998,22.165119999999998,705660.0
2020-10-15,22.204990000000002,22.24485,21.52727,21.726599999999998,1906510.0
2020-10-16,21.726599999999998,22.44418,21.40768,22.04552,933370.0
2020-10-19,22.24485,22.36445,21.92593,22.04552,385320.0
2020-10-20,21.92593,22.08539,21.60701,21.92593,905300.0
2020-10-21,21.76647,22.165119999999998,21.64687,21.64687,547030.0
2020-10-22,21.64687,21.8462,21.60701,21.806330000000003,361140.0
2020-10-23,21.965790000000002,22.204990000000002,21.8462,22.12525,587880.0
2020-10-26,22.204990000000002,22.8827,22.204990000000002,22.52391,1545180.0
2020-10-27,22.36445,22.80296,22.32458,22.32458,657770.0
2020-10-28,22.52391,22.72323,21.965790000000002,22.00566,626470.0
2020-10-29,21.76647,22.12525,21.64687,21.8462,638600.0
2020-10-30,22.04552,22.12525,21.76647,21.965790000000002,351170.0
2020-11-02,21.965790000000002,22.6435,21.965790000000002,22.44418,546190.0
2020-11-03,22.56377,22.842830000000003,22.28472,22.763099999999998,813470.0
2020-11-04,22.92256,23.20162,22.72323,23.12189,1103600.0
2020-11-05,22.8827,23.04216,22.52391,22.6435,640740.0
2020-11-06,22.6435,22.842830000000003,22.48404,22.763099999999998,425240.0
2020-11-09,22.8827,23.04216,22.763099999999998,23.04216,841330.0
2020-11-10,23.32121,24.517169999999997,23.08202,24.23812,3130900.0
2020-11-11,24.23812,24.79623,24.07866,24.67664,1635830.0
2020-11-12,24.915830000000003,24.915830000000003,24.31785,24.43744,854720.0
2020-11-13,24.43744,24.79623,24.23812,24.477310000000003,1329260.0
2020-11-16,24.75637,24.87596,24.31785,24.35771,1470050.0
2020-11-17,24.39758,25.03542,24.39758,24.915830000000003,1219730.0
2020-11-18,24.915830000000003,25.59354,24.87596,25.19488,1379770.0
2020-11-19,25.23475,25.513810000000003,25.075290000000003,25.47394,1275430.0
2020-11-20,25.513810000000003,25.952330000000003,25.47394,25.753,1183520.0
2020-11-23,25.87259,26.11179,25.753,25.91246,1484070.0
2020-11-24,26.07192,26.07192,24.11852,25.832729999999998,2178220.0
2020-11-25,25.952330000000003,26.07192,25.11515,25.11515,1180000.0
2020-11-26,24.915830000000003,25.394209999999998,24.915830000000003,24.955689999999997,748170.0
2020-11-27,25.11515,25.394209999999998,24.915830000000003,25.31448,734100.0
2020-11-30,25.47394,25.952330000000003,25.27462,25.27462,851600.0
2020-12-01,25.075290000000003,25.71313,24.915830000000003,25.31448,875900.0
2020-12-02,25.31448,25.67327,25.31448,25.47394,1097820.0
2020-12-03,25.59354,26.31111,25.513810000000003,25.952330000000003,1252550.0
2020-12-04,25.992189999999997,26.31111,25.79286,26.03206,925430.0
2020-12-07,26.31111,26.31111,25.91246,26.07192,811830.0
2020-12-08,25.992189999999997,26.07192,25.753,25.91246,796490.0
2020-12-09,26.328110000000002,26.328110000000002,25.872040000000002,26.03788,812700.0
2020-12-10,25.830569999999998,25.9135,25.084259999999997,25.084259999999997,1729470.0
2020-12-11,25.12573,25.78911,25.00134,25.70619,1117960.0
2020-12-14,25.9135,25.9135,25.581799999999998,25.872040000000002,520080.0
2020-12-15,25.872040000000002,26.742729999999998,25.66473,26.493959999999998,1956140.0
2020-12-16,26.61834,26.86711,26.41104,26.493959999999998,763090.0
2020-12-17,26.493959999999998,26.493959999999998,25.9135,26.07934,828490.0
2020-12-18,26.1208,26.576880000000003,26.03788,26.493959999999998,876460.0
2020-12-21,26.742729999999998,26.9915,26.41104,26.61834,932060.0
2020-12-22,26.576880000000003,27.57196,26.53542,27.447580000000002,1296050.0
2020-12-23,27.77927,27.77927,26.4525,27.32319,527470.0
2020-12-24,26.78419,26.95004,25.62327,26.53542,1039870.0
2020-12-25,26.1208,26.742729999999998,25.70619,26.70127,782780.0
2020-12-28,26.61834,26.95004,26.20373,26.70127,789540.0
2020-12-29,26.70127,26.78419,26.41104,26.53542,812040.0
2020-12-30,26.53542,26.53542,26.245189999999997,26.493959999999998,789950.0
2020-12-31,26.493959999999998,26.493959999999998,26.03788,26.1208,625570.0
2021-01-04,26.16227,26.53542,26.1208,26.36957,915300.0
2021-01-05,26.328110000000002,26.90857,26.20373,26.65981,1671400.0
2021-01-06,26.86711,27.28173,26.61834,26.90857,878200.0
2021-01-07,27.03296,27.03296,26.576880000000003,26.70127,685800.0
2021-01-08,26.70127,27.48904,26.70127,27.15734,1720800.0
2021-01-11,27.447580000000002,28.19388,27.447580000000002,28.0695,1669000.0
2021-01-12,29.02312,29.188959999999998,28.6085,28.981650000000002,1408500.0
2021-01-13,28.815810000000003,28.940189999999998,28.318270000000002,28.815810000000003,1114900.0
2021-01-14,28.815810000000003,28.815810000000003,28.27681,28.73289,762500.0
2021-01-15,28.73289,29.1475,28.35973,29.1475,1181600.0
2021-01-18,29.47919,29.852349999999998,28.64996,29.23042,1201000.0
2021-01-19,29.23042,29.23042,27.19881,27.98658,1096500.0
2021-01-20,27.98658,28.19388,26.1208,27.94511,903900.0
2021-01-21,27.94511,28.11096,27.15734,28.0695,1225800.0
2021-01-22,27.77927,27.98658,27.11588,27.32319,1161800.0
2021-01-25,27.36465,27.5305,26.86711,27.11588,894800.0
2021-01-26,27.07442,27.07442,25.25011,26.53542,826200.0
2021-01-27,25.29157,26.16227,24.71111,25.996419999999997,1409700.0
2021-01-28,24.21357,24.62819,24.21357,24.21357,1530400.0
2021-01-29,22.55511,24.21357,22.55511,24.21357,1783700.0
2021-02-01,24.21357,24.21357,22.80388,23.34288,858500.0
2021-02-02,22.76242,23.9648,22.76242,23.71603,520000.0
2021-02-03,23.840419999999998,24.42088,23.59165,24.33796,862900.0
2021-02-04,24.46234,24.66965,24.04772,24.255029999999998,1097100.0
2021-02-05,24.255029999999998,24.62819,24.04772,24.296490000000002,779800.0
2021-02-08,24.296490000000002,24.37942,22.80388,23.798959999999997,821600.0
2021-02-09,23.633110000000002,24.006259999999997,23.218490000000003,23.9648,819300.0
2021-02-17,24.130650000000003,25.333029999999997,24.006259999999997,25.25011,788500.0
2021-02-18,25.25011,25.830569999999998,24.959880000000002,25.66473,1085400.0
2021-02-19,25.29157,25.66473,25.25011,25.49888,636500.0
2021-02-22,25.62327,25.872040000000002,25.29157,25.70619,1197500.0
2021-02-23,25.70619,25.74765,25.41596,25.70619,921900.0
2021-02-24,25.78911,25.95496,25.12573,25.49888,987200.0
2021-02-25,25.54034,25.581799999999998,24.959880000000002,25.29157,949200.0
2021-02-26,24.87696,25.333029999999997,24.87696,25.29157,735100.0
2021-03-01,25.29157,25.74765,25.167189999999998,25.54034,717900.0
2021-03-02,25.62327,26.245189999999997,25.49888,26.20373,2225100.0
2021-03-03,26.20373,26.70127,26.20373,26.36957,1082500.0
2021-03-04,26.16227,26.36957,25.333029999999997,26.36957,908900.0
2021-03-05,25.70619,26.07934,25.54034,26.03788,863300.0
2021-03-08,26.07934,26.328110000000002,25.581799999999998,25.74765,964400.0
2021-03-09,25.54034,25.62327,25.167189999999998,25.49888,808600.0
2021-03-10,25.29157,26.1208,25.167189999999998,26.03788,1040000.0
2021-03-11,26.328110000000002,26.41104,25.70619,25.9135,721600.0
2021-03-12,26.03788,26.07934,25.70619,25.70619,670300.0
2021-03-15,25.70619,25.95496,25.54034,25.581799999999998,670300.0
2021-03-16,25.581799999999998,25.70619,25.29157,25.45742,565300.0
2021-03-17,25.41596,25.70619,25.3745,25.49888,370900.0
2021-03-18,25.62327,25.78911,25.54034,25.54034,721100.0
2021-03-19,25.49888,26.03788,25.45742,26.03788,1118700.0
2021-03-22,26.1208,26.328110000000002,25.74765,25.78911,465200.0
2021-03-23,25.78911,25.996419999999997,25.41596,25.49888,624500.0
2021-03-24,25.25011,25.41596,24.255029999999998,24.46234,796000.0
2021-03-25,24.5038,24.66965,24.17211,24.255029999999998,555300.0
2021-03-26,24.04772,24.255029999999998,23.13557,24.006259999999997,950500.0
2021-03-29,24.21357,24.46234,23.881880000000002,24.42088,609600.0
2021-03-30,24.46234,24.62819,24.37942,24.46234,353100.0
2021-03-31,24.46234,24.46234,24.130650000000003,24.21357,498300.0
2021-04-01,24.17211,24.66965,24.17211,24.62819,381400.0
2021-04-02,25.084259999999997,25.084259999999997,24.5038,24.79403,508300.0
2021-04-05,25.084259999999997,25.208650000000002,24.58673,24.71111,469000.0
2021-04-06,24.66965,24.71111,24.5038,24.5038,380200.0
2021-04-07,24.5038,25.29157,24.33796,25.084259999999997,509700.0
2021-04-08,25.00134,25.0428,24.66965,24.75257,252000.0
2021-04-09,24.79403,25.0428,24.75257,24.75257,360700.0
2021-04-12,24.75257,24.8355,24.5038,24.66965,384400.0
2021-04-13,24.46234,24.5038,24.04772,24.08919,895700.0
2021-04-14,24.006259999999997,24.006259999999997,23.59165,23.75749,1125700.0
2021-04-15,23.840419999999998,23.92334,22.969720000000002,23.13557,1106400.0
2021-04-16,23.09411,23.13557,22.22341,22.30634,1122700.0
2021-04-19,22.59657,23.218490000000003,22.30634,22.76242,555600.0
2021-04-20,22.8868,23.13557,22.3478,22.47218,534500.0
2021-04-22,22.47218,22.59657,21.43564,21.43564,666600.0
2021-04-23,21.47711,21.76734,20.647869999999998,21.76734,646200.0
2021-04-26,22.18195,22.18195,21.35272,21.51857,384100.0
2021-04-27,21.560029999999998,21.72588,20.7308,20.7308,652100.0
2021-04-28,21.10395,21.85026,20.81372,21.51857,389400.0
2021-04-29,21.560029999999998,22.30634,21.51857,22.09903,393000.0
2021-05-04,21.560029999999998,21.85026,21.10395,21.14541,605200.0
2021-05-05,21.14541,21.76734,21.14541,21.51857,926600.0
2021-05-06,21.51857,21.51857,21.14541,21.22834,896300.0
2021-05-07,21.14541,21.14541,20.668599999999998,20.7308,648100.0
2021-05-10,20.7308,21.64295,20.523490000000002,21.47711,879900.0
2021-05-11,21.51857,21.97465,21.22834,21.64295,753900.0
2021-05-12,21.64295,22.67949,21.601490000000002,22.67949,1274000.0
2021-05-13,22.59657,23.05265,22.38926,22.38926,735800.0
2021-05-14,22.38926,22.47218,21.72588,21.72588,664300.0
2021-05-17,21.68441,22.140490000000003,20.93811,20.97957,904000.0
2021-05-18,21.02103,21.560029999999998,20.85518,21.14541,603000.0
2021-05-19,21.14541,21.35272,21.10395,21.14541,329300.0
2021-05-20,21.14541,21.18687,20.896639999999998,20.896639999999998,686900.0
2021-05-21,20.85518,21.64295,20.77226,21.35272,537100.0
2021-05-24,21.97465,22.67949,21.93318,22.63803,1292200.0
2021-05-25,22.8868,22.928259999999998,22.38926,22.63803,1060100.0
2021-05-26,22.720950000000002,22.84534,22.22341,22.22341,1010900.0
2021-05-27,22.22341,22.63803,21.89172,21.97465,797000.0
2021-05-28,21.97465,22.513650000000002,21.89172,22.26488,468400.0
2021-05-31,22.30634,22.720950000000002,21.85026,22.55511,750100.0
2021-06-01,22.59657,23.01119,22.26488,22.26488,762600.0
2021-06-02,22.26488,22.59657,21.76734,21.89172,817600.0
2021-06-03,22.05757,22.26488,21.808799999999998,22.22341,1070500.0
2021-06-04,22.38926,23.01119,22.26488,22.969720000000002,1087100.0
2021-06-07,23.218490000000003,24.04772,23.218490000000003,23.59165,1402900.0
2021-06-08,23.633110000000002,23.840419999999998,22.80388,23.01119,901500.0
2021-06-09,22.63803,23.01119,22.59657,22.80388,770700.0
2021-06-10,22.80388,22.928259999999998,22.18195,22.3478,758700.0
2021-06-11,22.38926,22.80388,22.38926,22.47218,641700.0
2021-06-14,22.80388,22.8868,22.47218,22.67949,637100.0
2021-06-15,22.8868,23.71603,22.720950000000002,23.46726,1384300.0
2021-06-16,23.633110000000002,23.840419999999998,23.01119,23.50872,919500.0
2021-06-17,23.50872,24.66965,23.301419999999997,24.66965,1999300.0
2021-06-18,25.084259999999997,25.084259999999997,24.33796,24.46234,1096500.0
2021-06-21,24.33796,24.54526,23.9648,24.130650000000003,958700.0
2021-06-22,24.17211,24.37942,23.798959999999997,23.798959999999997,975000.0
2021-06-23,23.798959999999997,23.9648,23.218490000000003,23.50872,854000.0
2021-06-24,23.46726,24.04772,23.17703,23.840419999999998,652500.0
2021-06-25,23.840419999999998,23.9648,23.50872,23.633110000000002,441200.0
2021-06-28,23.71603,24.006259999999997,23.550189999999997,23.798959999999997,817900.0
2021-06-29,23.798959999999997,24.04772,23.633110000000002,23.71603,497000.0
2021-06-30,23.71603,23.75749,23.46726,23.46726,473500.0
2021-07-01,23.46726,23.71603,23.218490000000003,23.50872,907500.0
2021-07-02,23.633110000000002,23.633110000000002,23.218490000000003,23.25995,839400.0
2021-07-05,23.17703,23.25995,22.01611,22.30634,1335500.0
2021-07-06,22.30634,22.59657,20.77226,20.97957,1831000.0
2021-07-07,21.14541,21.601490000000002,20.896639999999998,21.601490000000002,880800.0
2021-07-08,21.64295,21.72588,21.02103,21.47711,762800.0
2021-07-09,21.2698,21.35272,20.896639999999998,21.06249,815300.0
2021-07-12,20.97957,21.02103,19.73572,19.94303,1346600.0
2021-07-13,20.31618,20.399099999999997,19.90157,20.35764,460500.0
2021-07-14,20.461299999999998,20.461299999999998,19.611330000000002,19.90157,600700.0
2021-07-15,19.90157,20.399099999999997,19.77718,20.399099999999997,373200.0
2021-07-16,20.35764,20.523490000000002,20.233259999999998,20.523490000000002,345300.0
2021-07-19,19.94303,20.31618,19.611330000000002,19.67353,715800.0
2021-07-20,19.90157,20.399099999999997,19.52841,20.399099999999997,730000.0
2021-07-21,20.482029999999998,20.62714,20.31618,20.31618,428200.0
2021-07-22,20.233259999999998,20.68934,20.233259999999998,20.62714,477200.0
2021-07-23,20.68934,20.7308,20.35764,20.399099999999997,307500.0
2021-07-26,20.10887,20.295450000000002,19.90157,20.233259999999998,458200.0
2021-07-27,20.523490000000002,20.523490000000002,19.90157,20.233259999999998,474200.0
2021-07-28,20.10887,20.31618,20.10887,20.1918,257400.0
2021-07-29,20.399099999999997,20.399099999999997,20.10887,20.1918,376900.0
2021-07-30,20.399099999999997,20.68934,20.274720000000002,20.647869999999998,742900.0
2021-08-02,20.68934,21.39418,20.62714,21.14541,896200.0
2021-08-03,21.14541,21.35272,20.93811,21.06249,316300.0
2021-08-04,21.14541,21.2698,20.97957,21.10395,457500.0
2021-08-05,20.896639999999998,21.10395,20.62714,20.81372,953700.0
2021-08-06,20.85518,21.06249,20.7308,20.97957,479900.0
2021-08-09,20.896639999999998,22.05757,20.896639999999998,22.05757,1193800.0
2021-08-10,22.09903,22.18195,21.76734,22.05757,703400.0
2021-08-11,22.05757,22.140490000000003,21.76734,21.97465,567500.0
2021-08-12,21.93318,22.55511,21.601490000000002,22.26488,917800.0
2021-08-13,22.140490000000003,22.3478,21.808799999999998,22.22341,588000.0
2021-08-16,22.26488,22.80388,21.97465,22.55511,1243700.0
2021-08-17,22.59657,22.63803,22.18195,22.22341,603100.0
2021-08-18,22.22341,22.26488,21.93318,22.01611,563200.0
2021-08-19,21.97465,22.47218,21.808799999999998,22.09903,642200.0
2021-08-20,22.09903,22.26488,20.93811,21.2698,941800.0
2021-08-23,21.02103,21.18687,20.44057,20.7308,794500.0
2021-08-24,20.7308,20.97957,20.523490000000002,20.93811,608600.0
2021-08-25,20.93811,20.97957,20.60641,20.85518,316300.0
2021-08-26,20.85518,21.02103,20.523490000000002,20.7308,333400.0
2021-08-27,20.7308,20.85518,20.523490000000002,20.77226,426900.0
2021-08-30,21.02103,21.64295,21.02103,21.560029999999998,638000.0
2021-08-31,21.47711,22.18195,21.47711,21.97465,910000.0
2021-09-01,21.97465,22.09903,21.560029999999998,21.93318,467900.0
2021-09-06,22.05757,23.13557,21.97465,22.969720000000002,1742800.0
2021-09-07,23.05265,23.05265,22.38926,22.67949,1056800.0
2021-09-08,22.63803,22.76242,22.30634,22.47218,763900.0
2021-09-09,22.38926,22.80388,22.3478,22.720950000000002,591100.0
2021-09-10,22.8868,23.38434,22.80388,23.34288,1678800.0
2021-09-13,23.550189999999997,23.550189999999997,22.80388,22.84534,829800.0
2021-09-14,22.84534,23.13557,22.43072,22.59657,479500.0
2021-09-15,22.59657,22.63803,22.26488,22.3478,586500.0
2021-09-16,22.47218,22.55511,22.05757,22.30634,716000.0
2021-09-17,22.30634,22.513650000000002,22.26488,22.30634,716900.0
2021-09-20,22.38926,22.43072,21.76734,21.808799999999998,688100.0
2021-09-21,21.47711,21.560029999999998,21.14541,21.39418,959600.0
2021-09-22,21.39418,21.85026,21.14541,21.808799999999998,425100.0
2021-09-23,22.22341,22.26488,21.76734,21.808799999999998,419300.0
2021-09-24,21.808799999999998,21.85026,21.47711,21.47711,266100.0
2021-09-27,21.560029999999998,21.64295,21.14541,21.14541,422800.0
2021-09-28,21.02103,21.35272,20.93811,21.18687,405700.0
2021-09-29,21.22834,21.89172,21.14541,21.72588,328000.0
2021-09-30,21.97465,22.01611,21.68441,21.76734,218600.0
2021-10-01,21.64295,21.808799999999998,21.39418,21.39418,350900.0
2021-10-04,21.39418,21.72588,21.14541,21.560029999999998,228600.0
2021-10-05,21.85026,21.85026,21.560029999999998,21.85026,265300.0
2021-10-06,21.93318,22.18195,21.76734,22.140490000000003,420700.0
2021-10-07,22.22341,22.513650000000002,22.09903,22.3478,701200.0
2021-10-08,22.3478,22.43072,22.09903,22.18195,327500.0
2021-10-11,22.30634,22.43072,22.09903,22.30634,339900.0
2021-10-12,22.3478,22.3478,22.09903,22.140490000000003,346400.0
2021-10-13,22.26488,22.38926,21.808799999999998,21.85026,725700.0
2021-10-14,22.18195,22.59657,21.85026,22.513650000000002,921900.0
2021-10-15,22.59657,23.09411,22.513650000000002,22.80388,760000.0
2021-10-18,22.8868,22.8868,22.63803,22.76242,546800.0
2021-10-19,22.63803,22.63803,22.3478,22.43072,478400.0
2021-10-20,22.38926,23.550189999999997,22.38926,23.301419999999997,1876900.0
2021-10-21,23.301419999999997,24.255029999999998,23.301419999999997,24.255029999999998,1873400.0
2021-10-22,24.255029999999998,24.42088,23.71603,24.130650000000003,1074900.0
2021-10-25,24.130650000000003,24.46234,23.633110000000002,24.255029999999998,1263800.0
2021-10-26,24.21357,24.46234,23.75749,24.42088,797700.0
2021-10-27,24.58673,25.29157,24.58673,25.29157,1905100.0
2021-10-28,25.167189999999998,25.9135,25.084259999999997,25.49888,1493200.0
2021-10-29,25.49888,25.49888,25.084259999999997,25.29157,977400.0
2021-11-01,25.3745,25.49888,24.5038,24.66965,1276200.0
2021-11-02,24.58673,25.95496,24.54526,25.95496,1381900.0
2021-11-03,26.1208,27.447580000000002,25.830569999999998,26.328110000000002,2828400.0
2021-11-04,26.328110000000002,27.69635,25.78911,27.48904,1762200.0
2021-11-05,27.73781,28.52558,27.48904,28.318270000000002,1533600.0
2021-11-08,28.19388,29.23042,27.98658,28.318270000000002,1812800.0
2021-11-09,28.318270000000002,29.10604,27.98658,29.10604,1368700.0
2021-11-10,29.02312,30.05966,28.815810000000003,29.852349999999998,1090300.0
2021-11-11,29.852349999999998,29.93527,29.064580000000003,29.064580000000003,793500.0
2021-11-12,29.10604,29.1475,28.44265,28.77435,1138900.0
2021-11-15,28.77435,29.852349999999998,28.52558,29.10604,1070600.0
2021-11-16,28.981650000000002,29.43773,28.27681,29.02312,1204000.0
2021-11-17,29.35481,31.05473,29.02312,31.05473,1573700.0
2021-11-18,31.88397,33.21074,31.71812,32.04981,685300.0
2021-11-19,32.04981,32.34004,29.81089,30.64012,1127600.0
2021-11-22,29.852349999999998,30.47427,28.52558,28.52558,1244700.0
2021-11-23,27.654880000000002,28.981650000000002,27.36465,28.64996,929000.0
2021-11-24,29.02312,29.93527,28.940189999999998,29.47919,1259100.0
2021-11-25,30.101119999999998,30.142580000000002,29.31335,29.64504,860700.0
2021-11-26,29.81089,29.81089,28.6085,29.31335,1054100.0
2021-11-29,28.40119,29.31335,28.318270000000002,29.188959999999998,680200.0
2021-11-30,29.27189,31.22058,29.27189,30.64012,1703300.0
2021-12-01,30.101119999999998,30.88889,30.05966,30.39135,565100.0
2021-12-02,30.39135,30.68158,30.05966,30.266959999999997,457700.0
2021-12-03,30.47427,30.47427,28.318270000000002,28.318270000000002,1223600.0
2021-12-06,28.83133,29.044900000000002,26.482110000000002,27.336380000000002,859800.0
2021-12-07,27.97707,28.27606,27.12281,28.233349999999998,470200.0
2021-12-08,28.44692,29.00219,28.19064,28.19064,428200.0
2021-12-09,28.233349999999998,29.17304,28.233349999999998,29.044900000000002,364900.0
2021-12-10,29.13033,30.966990000000003,29.13033,30.71071,912500.0
2021-12-13,30.966990000000003,31.73582,30.75342,31.22327,920300.0
2021-12-14,31.564970000000002,31.564970000000002,30.79614,30.966990000000003,551800.0
2021-12-15,30.966990000000003,32.29109,30.53986,31.22327,867100.0
2021-12-16,31.84243,31.97511,31.40018,31.84243,390900.0
2021-12-17,31.53286,32.37314,31.17905,32.28469,595500.0
2021-12-20,32.28469,32.28469,31.2675,31.48863,587300.0
2021-12-21,31.40018,32.28469,31.40018,31.70976,449700.0
2021-12-22,32.28469,32.28469,31.40018,32.28469,658700.0
2021-12-23,32.72695,33.96526,32.28469,33.1692,1077400.0
2021-12-24,33.56723,33.56723,32.37314,32.55004,301900.0
2021-12-27,32.55004,32.55004,31.35595,31.84243,591100.0
2021-12-28,31.75398,32.50582,31.577080000000002,31.70976,571000.0
2021-12-29,31.84243,32.10779,30.957919999999998,31.31173,525700.0
2021-12-30,31.2675,31.84243,31.2675,31.31173,370500.0
2021-12-31,31.31173,31.62131,31.2675,31.53286,323400.0
2022-01-04,31.70976,32.68272,31.53286,31.88666,475900.0
2022-01-05,31.97511,32.50582,31.35595,32.28469,865700.0
2022-01-06,32.50582,34.5402,32.32892,34.5402,1893600.0
2022-01-07,34.40752,34.67287,33.61146,34.49597,463800.0
2022-01-10,34.49597,35.822739999999996,33.92104,34.36329,749500.0
2022-01-11,34.18639,35.380480000000006,33.39033,34.7171,767500.0
2022-01-12,34.27484,36.88415,34.27484,36.265,988200.0
2022-01-13,36.92838,37.59176,34.49597,34.938230000000004,1046800.0
2022-01-14,34.49597,35.822739999999996,33.25765,35.11513,429200.0
2022-01-17,34.938230000000004,36.265,32.72695,32.72695,896300.0
2022-01-18,32.28469,34.05371,32.28469,32.72695,577300.0
2022-01-19,33.39033,34.98245,32.85962,34.98245,728400.0
2022-01-20,35.380480000000006,36.57457,35.15936,36.220769999999995,650800.0
2022-01-21,36.57457,36.70725,35.24781,35.29203,527000.0
2022-01-24,34.62865,35.24781,32.85962,32.85962,1186300.0
2022-01-25,32.72695,35.15936,32.68272,35.15936,841900.0
2022-01-26,35.380480000000006,36.043870000000005,34.49597,34.58442,644600.0
2022-01-27,34.36329,35.24781,34.14217,34.938230000000004,451900.0
2022-01-28,34.938230000000004,34.938230000000004,33.25765,34.67287,530600.0
2022-02-07,34.894,36.48612,34.49597,35.46893,414500.0
2022-02-08,35.380480000000006,36.6188,35.0709,35.46893,508500.0
2022-02-09,34.938230000000004,35.822739999999996,34.938230000000004,35.380480000000006,402300.0
2022-02-10,35.42471,36.57457,35.02668,36.441900000000004,815300.0
2022-02-11,36.66303,37.59176,36.441900000000004,37.32641,932500.0
2022-02-14,36.92838,38.38782,36.70725,37.41486,662000.0
2022-02-15,37.28218,37.50331,36.6188,37.32641,518600.0
2022-02-16,38.03402,38.03402,36.043870000000005,36.043870000000005,860900.0
2022-02-17,35.822739999999996,36.70725,35.46893,36.17654,689200.0
2022-02-18,36.088089999999994,36.53035,35.690059999999995,35.822739999999996,638100.0
2022-02-21,35.778510000000004,36.39767,35.60161,35.822739999999996,424100.0
2022-02-22,35.380480000000006,36.92838,34.7171,36.92838,1315000.0
2022-02-23,36.75148,37.59176,36.57457,36.70725,551800.0
2022-02-24,36.70725,37.14951,35.380480000000006,36.48612,617900.0
2022-02-25,36.92838,37.32641,36.043870000000005,36.220769999999995,767100.0
2022-02-28,36.220769999999995,36.53035,35.46893,35.513160000000006,667100.0
2022-03-01,35.380480000000006,35.86696,35.20358,35.513160000000006,374000.0
2022-03-02,35.64584,35.911190000000005,34.938230000000004,34.938230000000004,696800.0
2022-03-03,35.24781,36.088089999999994,35.24781,36.043870000000005,532000.0
2022-03-04,36.265,37.06106,36.043870000000005,36.043870000000005,530700.0
2022-03-07,36.043870000000005,36.6188,35.380480000000006,36.043870000000005,803300.0
2022-03-08,35.60161,36.13232,34.76132,34.76132,875800.0
2022-03-09,34.849779999999996,35.380480000000006,33.96526,34.7171,642700.0
2022-03-10,34.7171,35.02668,34.18639,34.45175,433300.0
2022-03-11,34.14217,34.14217,32.85962,32.94807,1484800.0
2022-03-14,32.77117,33.12498,32.24047,32.90385,579200.0
2022-03-15,32.90385,33.69991,32.50582,33.43456,329600.0
2022-03-16,33.61146,33.74414,32.90385,32.90385,482100.0
2022-03-17,33.47878,33.61146,33.08075,33.56723,269000.0
2022-03-18,33.832589999999996,33.92104,33.47878,33.832589999999996,213700.0
2022-03-21,34.27484,34.62865,33.832589999999996,34.09794,440000.0
2022-03-22,34.14217,34.14217,33.47878,33.52301,622100.0
2022-03-23,33.34611,34.49597,33.08075,34.18639,449100.0
2022-03-24,34.05371,34.7171,34.05371,34.09794,312200.0
2022-03-25,34.319069999999996,34.67287,33.96526,34.319069999999996,468400.0
2022-03-28,34.27484,35.33626,33.832589999999996,35.24781,904800.0
2022-03-29,35.29203,35.95542,35.24781,35.60161,558700.0
2022-03-30,35.20358,35.690059999999995,34.5402,35.15936,422100.0
2022-03-31,34.849779999999996,36.265,34.76132,35.73429,1090900.0
2022-04-01,35.55739,35.778510000000004,35.20358,35.73429,796100.0
2022-04-04,35.911190000000005,37.812889999999996,35.822739999999996,37.59176,1416700.0
2022-04-05,37.14951,37.85712,36.92838,37.14951,602600.0
2022-04-06,37.06106,37.10528,35.911190000000005,36.441900000000004,703100.0
2022-04-07,36.265,36.265,34.45175,34.45175,1171900.0
2022-04-08,34.49597,35.33626,34.45175,34.849779999999996,532500.0
2022-04-12,34.938230000000004,34.98245,34.05371,34.05371,306100.0
2022-04-13,34.40752,36.13232,34.40752,35.911190000000005,759400.0
2022-04-14,36.39767,36.39767,35.46893,35.690059999999995,342200.0
2022-04-15,35.911190000000005,38.1667,34.49597,38.1667,2882100.0
2022-04-18,38.25515,40.11262,37.59176,38.6974,1727600.0
2022-04-19,38.874309999999994,39.75882,37.812889999999996,37.812889999999996,963800.0
2022-04-20,37.59176,37.85712,35.20358,35.20358,2295800.0
2022-04-21,32.94807,35.15936,32.77117,32.77117,1865200.0
2022-04-22,32.72695,33.52301,30.515669999999997,30.515669999999997,1922700.0
2022-04-25,30.515669999999997,31.0906,28.39284,28.39284,1532200.0
2022-04-26,28.26016,30.338759999999997,27.641,30.338759999999997,878300.0
2022-04-27,30.338759999999997,31.40018,29.41003,31.2675,559800.0
2022-04-28,30.16186,31.62131,30.16186,30.604119999999998,625300.0
2022-04-29,30.427220000000002,31.40018,30.427220000000002,30.957919999999998,538300.0
2022-05-04,31.0906,31.0906,29.89651,30.20609,557200.0
2022-05-05,30.515669999999997,30.86947,29.85228,30.515669999999997,458900.0
2022-05-06,29.85228,30.427220000000002,29.1889,29.1889,424800.0
2022-05-09,28.525509999999997,28.96777,27.15452,27.15452,1085300.0
2022-05-10,26.977619999999998,28.08326,26.31423,27.99481,487200.0
2022-05-11,28.21594,28.39284,27.41987,27.99481,221300.0
2022-05-12,27.641,27.950580000000002,26.04888,26.04888,379600.0
2022-05-13,26.31423,26.31423,24.23563,24.23563,812500.0
2022-05-16,24.54521,25.9162,24.23563,24.324080000000002,298600.0
2022-05-17,24.324080000000002,26.00466,23.88183,26.00466,379200.0
2022-05-18,26.09311,27.06607,26.09311,26.491139999999998,344500.0
2022-05-19,25.65085,26.977619999999998,25.65085,26.35846,366100.0
2022-05-20,26.88917,27.24297,26.53536,26.66804,291700.0
2022-05-23,27.19875,27.37565,26.491139999999998,26.66804,294600.0
2022-05-24,26.66804,26.844939999999998,25.87198,26.800720000000002,193400.0
2022-05-25,26.977619999999998,28.21594,26.93339,28.171709999999997,485200.0
2022-05-26,28.304389999999998,28.437060000000002,27.641,27.8179,435400.0
2022-05-27,27.8179,28.525509999999997,27.8179,27.99481,344400.0
2022-05-30,28.21594,29.144669999999998,27.99481,28.74664,503000.0
2022-05-31,28.702419999999996,29.63115,28.702419999999996,29.1889,540400.0
2022-06-01,29.1889,29.23312,28.34861,29.012,245600.0
2022-06-02,28.96777,30.07341,28.83509,29.63115,575700.0
2022-06-03,29.41003,30.29454,29.1889,30.07341,631100.0
2022-06-06,30.29454,31.13483,30.29454,30.515669999999997,540900.0
2022-06-07,30.55989,30.957919999999998,29.67538,30.957919999999998,705000.0
2022-06-08,31.13483,33.03653,31.13483,32.50582,1093500.0
2022-06-09,32.68272,32.72695,31.75398,32.28469,453100.0
2022-06-10,31.84243,32.90385,30.957919999999998,30.957919999999998,752100.0
2022-06-13,29.41003,29.63115,28.790869999999998,28.790869999999998,1055900.0
2022-06-14,27.86213,29.27735,26.977619999999998,29.1889,479400.0
2022-06-15,29.012,29.27735,27.41987,28.304389999999998,411800.0
2022-06-16,28.74664,29.80806,28.74664,29.1889,661100.0
2022-06-17,27.68523,29.1889,27.68523,29.100450000000002,351900.0
2022-06-20,29.1889,29.67538,28.08326,28.525509999999997,378700.0
2022-06-21,27.8179,28.74664,27.02184,27.41987,454900.0
2022-06-22,27.41987,27.86213,26.623810000000002,27.1103,372400.0
2022-06-23,26.977619999999998,28.83509,26.491139999999998,28.83509,437600.0
2022-06-24,28.74664,29.1889,28.525509999999997,28.702419999999996,260600.0
2022-06-27,28.658189999999998,30.382990000000003,28.658189999999998,30.382990000000003,721100.0
2022-06-28,30.515669999999997,30.957919999999998,30.02919,30.957919999999998,315800.0
2022-06-29,30.64834,30.86947,29.984959999999997,30.86947,376500.0
2022-06-30,30.515669999999997,30.73679,28.74664,28.74664,894900.0
2022-07-01,28.74664,28.96777,27.19875,28.658189999999998,547400.0
2022-07-04,28.702419999999996,29.1889,27.41987,27.41987,350500.0
2022-07-05,27.55255,28.03903,27.24297,27.24297,315100.0
2022-07-06,26.977619999999998,27.641,26.712259999999997,27.15452,444300.0
2022-07-07,26.977619999999998,27.37565,26.756490000000003,27.287200000000002,180000.0
2022-07-08,27.37565,28.21594,27.37565,28.171709999999997,220000.0
2022-07-11,28.08326,28.08326,27.19875,27.77368,278800.0
2022-07-12,27.68523,29.45425,27.4641,29.32158,519100.0
2022-07-13,29.32158,29.41003,28.569740000000003,28.96777,330400.0
2022-07-14,27.86213,28.304389999999998,27.41987,28.304389999999998,848300.0
2022-07-15,28.12748,28.437060000000002,27.641,28.304389999999998,421200.0
2022-07-18,28.21594,28.702419999999996,27.950580000000002,28.12748,354400.0
2022-07-19,28.12748,29.45425,28.12748,29.23312,631200.0
2022-07-20,29.41003,29.67538,28.74664,28.74664,431400.0
2022-07-21,28.48129,29.80806,28.48129,29.41003,615600.0
2022-07-22,29.27735,29.984959999999997,29.05622,29.1889,475600.0
2022-07-25,29.144669999999998,29.32158,28.790869999999998,29.1889,253500.0
2022-07-26,29.41003,29.41003,28.304389999999998,28.92354,426000.0
2022-07-27,28.83509,28.92354,28.304389999999998,28.92354,278600.0
2022-07-28,29.45425,30.515669999999997,29.100450000000002,29.89651,1156900.0
2022-07-29,30.117639999999998,30.117639999999998,29.49848,29.58693,416500.0
2022-08-01,29.85228,30.20609,29.71961,30.07341,542800.0
2022-08-02,30.16186,30.55989,29.63115,30.250310000000002,922600.0
2022-08-03,30.16186,31.17905,30.16186,30.86947,1262000.0
2022-08-04,30.957919999999998,31.04637,30.338759999999997,30.515669999999997,593900.0
2022-08-05,30.427220000000002,31.04637,30.20609,30.82525,629700.0
2022-08-08,30.78102,31.75398,30.604119999999998,30.957919999999998,1001100.0
2022-08-09,30.957919999999998,31.22328,30.382990000000003,30.427220000000002,742500.0
2022-08-10,30.515669999999997,31.04637,30.427220000000002,30.64834,559100.0
2022-08-11,30.86947,30.957919999999998,29.63115,29.94073,710200.0
2022-08-12,29.763830000000002,30.73679,29.763830000000002,30.338759999999997,496600.0
2022-08-15,30.471439999999998,30.82525,30.29454,30.515669999999997,467100.0
2022-08-16,30.515669999999997,30.86947,30.338759999999997,30.338759999999997,462800.0
2022-08-17,30.29454,30.515669999999997,29.85228,30.02919,878600.0
2022-08-18,30.07341,30.07341,29.3658,29.41003,600800.0
2022-08-19,29.3658,29.58693,29.012,29.012,557200.0
2022-08-22,28.74664,29.80806,28.658189999999998,29.763830000000002,617500.0
2022-08-23,29.63115,29.984959999999997,29.58693,29.89651,418900.0
2022-08-24,29.94073,30.86947,29.71961,30.78102,1362300.0
2022-08-25,30.78102,31.35595,30.78102,30.78102,1600900.0
2022-08-26,30.957919999999998,31.22328,30.29454,30.69257,634400.0
2022-08-29,29.89651,30.16186,29.100450000000002,30.117639999999998,918000.0
2022-08-30,30.338759999999997,32.06356,30.07341,31.2675,2499000.0
2022-08-31,31.2675,31.577080000000002,30.86947,31.22328,583800.0
2022-09-05,31.22328,32.46159,31.04637,31.88666,1499600.0
2022-09-06,31.70976,32.15201,31.2675,31.31173,700200.0
2022-09-07,31.2675,31.70976,29.27735,29.27735,2035600.0
2022-09-08,29.63115,29.85228,28.74664,29.41003,1094300.0
2022-09-09,29.63115,30.07341,28.92354,30.07341,648000.0
2022-09-12,30.16186,30.29454,29.5427,29.63115,478261.0
2022-09-13,29.63115,29.94073,29.5427,29.763830000000002,417133.0
2022-09-14,29.100450000000002,29.63115,29.05622,29.58693,690867.0
2022-09-15,29.5427,30.20609,29.49848,29.85228,544789.0
2022-09-16,29.63115,29.80806,28.74664,28.96777,956756.0
2022-09-19,28.613970000000002,28.702419999999996,26.977619999999998,26.977619999999998,1300085.0
2022-09-20,27.19875,27.641,26.977619999999998,27.641,654879.0
2022-09-21,27.41987,28.03903,27.41987,27.77368,313401.0
2022-09-22,27.331419999999998,28.08326,27.19875,27.86213,318121.0
2022-09-23,27.68523,28.21594,27.50833,27.50833,254331.0
2022-09-26,27.06607,27.41987,25.65085,26.53536,1020314.0
2022-09-27,26.44691,26.57959,26.27001,26.53536,364134.0
2022-09-28,26.491139999999998,26.491139999999998,24.85479,25.87198,683198.0
2022-09-29,26.09311,26.18156,24.36831,24.36831,465136.0
2022-09-30,24.10295,24.45676,23.218439999999998,24.36831,619024.0
2022-10-03,24.19141,24.324080000000002,22.68773,22.68773,362676.0
2022-10-04,23.351119999999998,23.351119999999998,21.759,22.77619,686225.0
2022-10-05,23.39534,23.660700000000002,22.997310000000002,23.218439999999998,447339.0
2022-10-06,23.174220000000002,23.26267,22.06858,22.06858,415238.0
2022-10-07,21.13984,21.67055,20.54279,20.54279,1263410.0
2022-10-10,20.078419999999998,21.22829,20.078419999999998,21.051389999999998,404678.0
2022-10-11,20.78603,21.00716,19.591939999999997,19.591939999999997,603186.0
2022-10-12,19.591939999999997,20.697580000000002,19.591939999999997,20.23321,580041.0
2022-10-13,20.29955,20.56491,19.76884,20.144759999999998,319292.0
2022-10-14,20.388,20.83026,20.388,20.78603,540405.0
2022-10-17,20.78603,21.405189999999997,20.47645,21.360970000000002,633030.0
2022-10-18,21.67055,21.9359,21.316740000000003,21.49364,483860.0
2022-10-19,21.49364,21.64843,20.96294,20.96294,349296.0
2022-10-20,20.96294,21.13984,20.47645,20.7197,387711.0
2022-10-21,20.65336,20.65336,19.28236,19.28236,726682.0
2022-10-24,19.28236,19.68039,17.93348,17.93348,793356.0
2022-10-25,17.46911,18.53053,16.695169999999997,16.91629,1064964.0
2022-10-26,16.93841,17.424889999999998,16.451919999999998,16.5846,589095.0
2022-10-27,16.5846,17.73447,16.5846,17.73447,558055.0
2022-10-28,18.39785,18.39785,17.955599999999997,18.06616,571742.0
2022-10-31,18.1325,18.1325,17.46911,17.86714,518821.0
2022-11-01,18.3094,18.353630000000003,17.88926,17.88926,341282.0
2022-11-02,17.82292,18.3094,17.82292,18.1325,573830.0
2022-11-03,17.845029999999998,18.15461,17.845029999999998,18.1325,545215.0
2022-11-04,17.93348,18.1325,16.89418,16.98263,700870.0
2022-11-07,17.02686,17.31432,16.5846,16.73939,653419.0
2022-11-08,16.71728,17.88926,16.71728,17.88926,729306.0
2022-11-09,18.41996,18.55264,17.93348,18.1325,462669.0
2022-11-10,17.756580000000003,18.220950000000002,16.87207,16.89418,776010.0
2022-11-11,17.33644,17.60179,16.62883,16.80573,577558.0
2022-11-14,16.71728,16.71728,15.63375,15.63375,894601.0
2022-11-15,14.66079,14.94825,14.55022,14.55022,913541.0
2022-11-16,13.53303,15.56741,13.53303,15.56741,1568904.0
2022-11-17,15.788540000000001,16.2308,15.56741,15.56741,634686.0
2022-11-18,15.50107,16.407700000000002,15.08093,16.36347,826186.0
2022-11-21,16.49615,16.89418,16.27502,16.27502,621756.0
2022-11-22,16.34136,16.93841,16.05389,16.5846,890578.0
2022-11-23,16.407700000000002,17.46911,16.407700000000002,17.02686,1092552.0
2022-11-24,16.71728,17.46911,16.71728,17.02686,749935.0
2022-11-25,17.40278,18.02193,17.11531,17.99982,713397.0
2022-11-28,18.17672,19.19391,18.17672,18.79588,854004.0
2022-11-29,19.01701,19.01701,18.1325,18.70743,833697.0
2022-11-30,18.86222,19.437150000000003,18.61898,18.84011,714155.0
2022-12-01,19.238139999999998,19.68039,18.61898,19.01701,984019.0
2022-12-02,18.97278,20.34378,18.508419999999997,20.34378,1227796.0
2022-12-05,20.78603,21.44942,20.25533,20.388,792510.0
2022-12-06,20.2111,20.388,19.28236,19.28236,1017339.0
2022-12-07,19.724619999999998,20.034200000000002,19.19391,19.90152,893188.0
2022-12-08,20.12265,20.56491,19.92363,20.078419999999998,710340.0
2022-12-09,20.32166,20.34378,19.76884,19.98997,467959.0
2022-12-12,20.05631,20.56491,19.76884,20.12265,777128.0
2022-12-13,20.27744,20.34378,19.74673,20.34378,586794.0
2022-12-14,20.56491,21.16195,20.43223,20.60913,854898.0
2022-12-15,20.78603,21.00716,20.56491,20.631240000000002,589667.0
2022-12-16,20.63023,20.993009999999998,20.5093,20.5093,630874.0
2022-12-19,20.34,20.5093,19.3484,19.3484,844817.0
2022-12-20,19.154919999999997,19.3484,18.308419999999998,18.62283,1065283.0
2022-12-21,18.62283,18.91306,18.550279999999997,18.86469,536120.0
2022-12-22,18.93725,19.83211,18.91306,19.75955,443489.0
2022-12-23,19.73537,20.07396,19.469330000000003,19.541880000000003,279954.0
2022-12-26,19.687,19.687,18.50191,18.50191,282122.0
2022-12-27,18.50191,19.203290000000003,18.50191,19.203290000000003,222002.0
2022-12-28,19.80792,19.80792,19.203290000000003,19.61444,236277.0
2022-12-29,19.638630000000003,19.638630000000003,19.25166,19.25166,185000.0
2022-12-30,19.59025,19.59025,19.058169999999997,19.058169999999997,71500.0
2023-01-03,19.30003,19.83211,19.058169999999997,19.83211,431219.0
2023-01-04,19.83211,20.24326,19.73537,20.02559,355333.0
2023-01-05,20.02559,20.46093,19.83211,20.12234,357175.0
2023-01-06,20.12234,20.46093,19.88048,20.02559,371767.0
2023-01-09,20.02559,20.26745,19.73537,19.78374,228678.0
2023-01-10,19.78374,20.00141,19.30003,19.3484,402047.0
2023-01-11,19.3484,19.75955,19.30003,19.39677,300304.0
2023-01-12,19.39677,19.638630000000003,19.3484,19.493509999999997,192656.0
2023-01-13,19.59025,19.687,19.3484,19.3484,271321.0
2023-01-16,19.3484,19.59025,19.3484,19.5177,209416.0
2023-01-17,19.541880000000003,20.46093,19.541880000000003,20.46093,743019.0
2023-01-18,20.557669999999998,20.63023,20.31582,20.60605,498938.0
2023-01-19,20.799529999999997,21.04138,20.60605,21.04138,788345.0
2023-01-27,21.42835,22.39577,21.42835,22.12973,787395.0
2023-01-30,22.63763,22.661810000000003,21.52509,21.62184,758742.0
2023-01-31,22.0088,22.0088,21.37998,22.0088,580259.0
2023-02-01,22.20229,22.27484,20.48512,21.08976,683590.0
2023-02-02,21.13813,21.25905,20.46093,21.0172,508258.0
2023-02-03,21.1865,21.1865,20.799529999999997,21.0172,342222.0
2023-02-06,20.993009999999998,21.234869999999997,20.364189999999997,21.04138,221161.0
2023-02-07,21.04138,21.25905,20.26745,20.26745,474371.0
2023-02-08,20.21908,20.557669999999998,19.88048,20.09815,400041.0
2023-02-09,20.09815,20.46093,20.09815,20.31582,268800.0
2023-02-10,20.31582,20.48512,20.00141,20.14652,450140.0
2023-02-13,20.04978,20.04978,19.3484,19.59025,785574.0
2023-02-14,19.638630000000003,20.02559,19.42096,19.66281,286013.0
2023-02-15,19.687,20.09815,19.638630000000003,19.977220000000003,511192.0
2023-02-16,20.21908,20.412560000000003,20.19489,20.364189999999997,509790.0
2023-02-17,20.412560000000003,20.557669999999998,19.88048,20.364189999999997,592607.0
2023-02-20,20.31582,21.04138,20.31582,21.04138,836851.0
2023-02-21,21.283240000000003,21.283240000000003,20.799529999999997,20.89627,466835.0
2023-02-22,20.412560000000003,20.72697,20.07396,20.07396,625872.0
2023-02-23,19.977220000000003,20.04978,19.59025,19.88048,673071.0
2023-02-24,20.04978,20.04978,19.59025,19.61444,195554.0
2023-02-27,19.30003,19.78374,19.30003,19.59025,525061.0
2023-02-28,19.78374,19.83211,19.44514,19.493509999999997,306260.0
2023-03-01,19.469330000000003,19.95304,19.372580000000003,19.83211,369326.0
2023-03-02,19.85629,19.95304,19.687,19.75955,381161.0
2023-03-03,19.83211,19.83211,19.5177,19.59025,359629.0
2023-03-06,19.66281,20.04978,19.638630000000003,19.638630000000003,251432.0
2023-03-07,19.73537,19.75955,19.541880000000003,19.66281,224504.0
2023-03-08,19.59025,19.75955,19.44514,19.75955,288258.0
2023-03-09,19.88048,20.29163,19.73537,20.26745,863364.0
2023-03-10,20.04978,20.07396,19.75955,19.83211,485333.0
2023-03-13,19.638630000000003,19.85629,19.5177,19.59025,397840.0
2023-03-14,19.687,19.73537,19.106540000000003,19.106540000000003,1145917.0
2023-03-15,19.42096,19.75955,19.3484,19.541880000000003,359340.0
2023-03-16,19.44514,19.541880000000003,19.25166,19.25166,220201.0
2023-03-17,19.638630000000003,19.638630000000003,19.22747,19.22747,196593.0
2023-03-20,19.22747,19.32421,18.71958,18.76795,618295.0
2023-03-21,18.86469,19.033990000000003,18.79213,19.033990000000003,278829.0
2023-03-22,19.106540000000003,19.203290000000003,19.0098,19.058169999999997,97610.0
2023-03-23,18.81632,19.058169999999997,18.81632,18.91306,91587.0
2023-03-24,19.058169999999997,19.203290000000003,18.86469,19.106540000000003,352547.0
2023-03-27,19.106540000000003,19.30003,19.0098,19.25166,134205.0
2023-03-28,19.30003,19.56607,19.1791,19.1791,122010.0
2023-03-29,19.203290000000003,19.32421,19.13073,19.30003,212514.0
2023-03-30,19.469330000000003,19.469330000000003,19.106540000000003,19.106540000000003,242552.0
2023-03-31,19.203290000000003,19.493509999999997,18.985619999999997,19.42096,435876.0
2023-04-03,19.80792,19.88048,19.66281,19.78374,362704.0
2023-04-04,19.78374,19.928849999999997,19.73537,19.90467,474304.0
2023-04-05,19.928849999999997,20.60605,19.90467,20.557669999999998,1223862.0
2023-04-06,20.557669999999998,20.60605,20.24326,20.24326,614589.0
2023-04-07,20.17071,20.31582,19.88048,20.09815,473912.0
2023-04-10,20.26745,20.557669999999998,20.07396,20.07396,378712.0
2023-04-11,20.07396,20.19489,19.83211,20.12234,319067.0
2023-04-12,20.24326,20.94464,20.17071,20.65442,1024126.0
2023-04-13,20.75116,20.75116,20.34,20.34,267367.0
2023-04-14,20.34,20.46093,19.44514,19.44514,561403.0
2023-04-17,19.59025,20.63023,19.493509999999997,19.83211,341383.0
2023-04-18,19.83211,19.928849999999997,19.59025,19.687,254269.0
2023-04-19,19.73537,19.80792,19.44514,19.44514,380966.0
2023-04-20,19.44514,19.59025,19.3484,19.39677,233647.0
2023-04-21,19.39677,19.83211,19.0098,19.39677,371501.0
2023-04-24,19.3484,19.61444,19.30003,19.372580000000003,144675.0
2023-04-25,19.78374,19.78374,19.372580000000003,19.372580000000003,272300.0
2023-04-26,19.3484,19.71118,19.25166,19.638630000000003,376786.0
2023-04-27,19.78374,19.88048,19.66281,19.75955,297800.0
2023-04-28,19.78374,20.02559,19.75955,19.95304,292201.0
2023-05-04,20.02559,20.24326,19.75955,19.95304,534202.0
2023-05-05,19.78374,19.95304,19.75955,19.78374,200206.0
2023-05-08,19.80792,20.24326,19.80792,20.21908,499906.0
2023-05-09,20.364189999999997,20.5093,20.17071,20.26745,400804.0
2023-05-10,20.26745,20.557669999999998,20.24326,20.5093,538248.0
2023-05-11,20.557669999999998,20.58186,20.26745,20.29163,354945.0
2023-05-12,20.29163,20.53349,20.14652,20.46093,459017.0
2023-05-15,20.5093,20.60605,20.14652,20.14652,483567.0
2023-05-16,20.17071,20.24326,20.00141,20.14652,257414.0
2023-05-17,20.14652,20.412560000000003,19.977220000000003,20.21908,431150.0
2023-05-18,20.21908,20.24326,20.07396,20.07396,206170.0
2023-05-19,20.07396,21.0172,20.07396,20.89627,1207532.0
2023-05-22,20.94464,21.1865,20.847900000000003,20.96883,584838.0
2023-05-23,21.0172,21.404169999999997,20.89627,21.04138,763487.0
2023-05-24,21.234869999999997,21.59765,20.847900000000003,21.04138,576429.0
2023-05-25,21.76695,22.39577,21.25905,22.178099999999997,1796312.0
2023-05-26,22.25066,22.661810000000003,22.15392,22.25066,913985.0
2023-05-29,22.27484,22.63763,22.12973,22.25066,885896.0
2023-05-30,22.323220000000003,22.56507,21.93625,22.15392,853471.0
2023-05-31,22.25066,23.19389,22.15392,22.97622,1214604.0
2023-06-01,22.97622,23.097150000000003,22.75855,22.97622,372970.0
2023-06-02,23.00041,23.07297,22.56507,22.661810000000003,717852.0
2023-06-05,22.83111,22.903669999999998,22.56507,22.56507,493739.0
2023-06-06,22.56507,22.8553,22.29903,22.73437,753540.0
2023-06-07,22.87948,23.07297,22.63763,23.0246,1007761.0
2023-06-08,23.07297,23.79853,22.29903,22.29903,983311.0
2023-06-09,22.54089,22.686,21.98462,22.3474,716070.0
2023-06-12,22.27484,22.58926,22.03299,22.3474,489070.0
2023-06-13,22.54089,22.54089,22.20229,22.41996,582768.0
2023-06-14,22.49251,22.63763,22.25066,22.27484,271718.0
2023-06-15,22.39577,22.39577,22.12973,22.25066,371318.0
2023-06-16,22.29903,23.07297,22.29903,22.3474,795828.0
2023-06-19,22.39577,22.44414,22.12973,22.20229,441836.0
2023-06-20,22.27484,22.87948,22.15392,22.686,509503.0
2023-06-21,22.903669999999998,23.41156,22.71018,23.19389,1617099.0
2023-06-22,23.55668,23.55668,23.097150000000003,23.21808,1053323.0
2023-06-23,23.16971,23.36319,22.75855,22.80693,929204.0
2023-06-26,22.97622,23.21808,22.39577,23.07297,827273.0
2023-06-27,23.21808,23.242259999999998,22.8553,22.95204,468681.0
2023-06-28,22.97622,23.16971,22.8553,23.097150000000003,560646.0
2023-06-29,23.097150000000003,23.16971,22.5167,22.5167,658232.0
2023-06-30,22.49251,22.71018,22.44414,22.44414,422741.0
2023-07-03,22.46833,22.92785,22.46833,22.92785,522696.0
2023-07-04,23.07297,23.677599999999998,22.71018,23.41156,851159.0
2023-07-05,23.55668,24.11294,23.43575,23.94364,1004198.0
2023-07-06,23.60505,24.11294,23.60505,23.87109,719660.0
2023-07-07,23.701790000000003,25.007810000000003,23.701790000000003,24.66921,846452.0
2023-07-10,24.66921,24.862689999999997,24.572470000000003,24.66921,504739.0
2023-07-11,24.71758,25.10455,24.47573,24.572470000000003,632000.0
2023-07-12,24.959439999999997,25.49152,24.66921,24.71758,599563.0
2023-07-13,24.862689999999997,25.007810000000003,24.66921,24.81432,412105.0
2023-07-14,24.911060000000003,24.911060000000003,24.427349999999997,24.81432,587586.0
2023-07-17,24.862689999999997,25.53989,24.71758,25.10455,695972.0
2023-07-18,25.20129,25.20129,24.71758,24.81432,503042.0
2023-07-19,24.959439999999997,25.298029999999997,24.76595,24.81432,544927.0
2023-07-20,24.66921,24.911060000000003,24.28224,24.66921,786495.0
2023-07-21,24.862689999999997,24.911060000000003,24.427349999999997,24.76595,359984.0
2023-07-24,24.81432,25.39477,24.81432,25.20129,712846.0
2023-07-25,25.152919999999998,25.24966,24.862689999999997,24.911060000000003,358292.0
2023-07-26,25.007810000000003,25.152919999999998,24.71758,25.152919999999998,340531.0
2023-07-27,25.298029999999997,25.53989,24.76595,25.53989,588846.0
2023-07-28,25.443150000000003,25.83011,25.298029999999997,25.39477,387614.0
2023-07-31,25.443150000000003,25.58826,25.007810000000003,25.24966,322302.0
2023-08-01,25.24966,25.97523,25.05618,25.39477,964679.0
2023-08-02,25.39477,25.63663,25.152919999999998,25.443150000000003,241917.0
2023-08-03,25.58826,25.87848,25.152919999999998,25.298029999999997,520158.0
2023-08-04,25.24966,25.39477,25.007810000000003,25.39477,532364.0
2023-08-07,25.63663,25.92686,25.39477,25.58826,723000.0
2023-08-08,25.58826,25.685,25.24966,25.346400000000003,443709.0
2023-08-09,25.298029999999997,25.346400000000003,24.71758,24.71758,557212.0
2023-08-10,24.71758,24.911060000000003,23.94364,24.427349999999997,745932.0
2023-08-11,24.427349999999997,24.524099999999997,23.99202,24.524099999999997,372599.0
2023-08-14,24.62084,24.76595,24.37898,24.572470000000003,417424.0
2023-08-15,24.66921,24.76595,24.427349999999997,24.524099999999997,302815.0
2023-08-16,24.524099999999997,24.81432,24.427349999999997,24.81432,372200.0
2023-08-17,24.862689999999997,24.911060000000003,24.47573,24.524099999999997,366398.0
2023-08-18,24.47573,24.47573,22.83111,22.83111,1302453.0
2023-08-21,22.58926,23.07297,22.44414,22.73437,416688.0
2023-08-22,22.80693,23.21808,22.49251,23.16971,555672.0
2023-08-23,23.50831,23.50831,23.0246,23.14552,170363.0
2023-08-24,23.19389,23.38738,23.12134,23.38738,298160.0
2023-08-25,23.45993,23.58086,23.19389,23.26645,393793.0
2023-08-28,23.33901,23.701790000000003,23.29064,23.701790000000003,328028.0
2023-08-29,23.77435,24.04039,23.701790000000003,23.89527,356103.0
2023-08-30,23.89527,24.37898,23.701790000000003,24.33061,455579.0
2023-08-31,24.427349999999997,24.81432,24.37898,24.62084,389556.0
2023-09-05,24.76595,25.05618,24.66921,24.71758,400977.0
2023-09-06,24.911060000000003,24.911060000000003,24.427349999999997,24.81432,405476.0
2023-09-07,24.959439999999997,25.24966,24.911060000000003,24.911060000000003,544581.0
2023-09-08,25.138240000000003,25.59073,25.01255,25.138240000000003,450156.0
2023-09-11,25.138240000000003,25.38962,24.48464,24.48464,548084.0
2023-09-12,24.53492,25.01255,24.2584,24.73603,345117.0
2023-09-13,25.037689999999998,25.1131,24.660610000000002,24.76116,310316.0
2023-09-14,24.76116,24.911990000000003,24.48464,24.56006,477902.0
2023-09-15,24.50978,25.1131,24.50978,24.98741,475886.0
2023-09-18,25.037689999999998,25.69128,24.98741,25.23879,552494.0
2023-09-19,25.23879,25.28907,24.63547,25.08796,300263.0
2023-09-20,25.08796,26.74709,24.96227,26.74709,1440112.0
2023-09-21,26.74709,26.94819,26.39515,26.4957,538417.0
2023-09-22,26.14377,26.39515,25.28907,25.641,873010.0
2023-09-25,25.4399,26.04322,23.856189999999998,23.881330000000002,937640.0
2023-09-26,23.881330000000002,24.434369999999998,23.479110000000002,23.479110000000002,553487.0
2023-09-27,23.479110000000002,24.13271,23.17746,24.13271,476851.0
2023-09-28,24.13271,24.33381,23.78077,23.98188,243465.0
2023-09-29,24.38409,24.38409,23.78077,23.831049999999998,304969.0
2023-10-02,23.831049999999998,24.33381,23.65508,24.13271,136476.0
2023-10-03,23.680220000000002,24.03216,23.22773,23.42884,410657.0
2023-10-04,23.12718,23.98188,23.12718,23.680220000000002,239736.0
2023-10-05,23.881330000000002,24.56006,23.629939999999998,23.95674,446079.0
2023-10-06,23.78077,24.40923,23.680220000000002,24.40923,187547.0
2023-10-09,24.38409,24.53492,24.2584,24.35895,286250.0
2023-10-10,24.61034,24.61034,24.38409,24.38409,335083.0
2023-10-11,24.48464,25.037689999999998,24.35895,24.886860000000002,326865.0
2023-10-12,25.06282,25.4399,24.83658,24.83658,380543.0
2023-10-13,24.73603,25.54045,24.71089,25.54045,537510.0
2023-10-16,25.89239,26.2946,25.59073,25.69128,679425.0
2023-10-17,25.79183,26.093490000000003,24.63547,24.63547,561641.0
2023-10-18,25.08796,25.08796,23.328290000000003,24.08243,663459.0
2023-10-19,24.13271,24.13271,23.50425,23.52939,345674.0
2023-10-20,23.37856,23.9316,22.875799999999998,23.9316,460451.0
2023-10-23,23.9316,24.08243,23.453979999999998,23.55453,190171.0
2023-10-24,23.60481,24.33381,23.60481,24.15785,359720.0
2023-10-25,24.18299,24.38409,24.13271,24.33381,208452.0
2023-10-26,23.881330000000002,24.057290000000002,22.649549999999998,22.75011,766342.0
2023-10-27,23.02663,23.02663,21.920540000000003,22.549,319463.0
2023-10-30,22.549,22.82552,22.121650000000002,22.121650000000002,297907.0
2023-10-31,22.121650000000002,22.14679,21.01557,21.01557,462699.0
2023-11-01,21.166400000000003,21.64402,21.01557,21.64402,234239.0
2023-11-02,21.87027,22.875799999999998,21.87027,22.62441,374264.0
2023-11-03,22.875799999999998,22.875799999999998,22.32276,22.52386,181317.0
2023-11-06,22.57414,22.77524,22.29762,22.47359,258694.0
2023-11-07,22.47359,22.875799999999998,22.42331,22.44845,208843.0
2023-11-08,22.57414,23.35342,22.47359,23.328290000000003,320676.0
2023-11-09,23.37856,23.80591,23.37856,23.60481,403717.0
2023-11-10,23.479110000000002,23.78077,23.22773,23.22773,279331.0
2023-11-13,23.37856,23.37856,23.12718,23.17746,229769.0
2023-11-14,23.22773,23.579669999999997,23.22773,23.35342,139270.0
2023-11-15,24.53492,24.53492,23.42884,23.60481,395290.0
2023-11-16,23.60481,23.680220000000002,23.37856,23.680220000000002,120275.0
2023-11-17,23.7305,24.18299,23.15232,23.37856,367755.0
2023-11-20,22.80038,23.881330000000002,22.80038,23.680220000000002,373265.0
2023-11-21,23.881330000000002,23.881330000000002,23.52939,23.65508,184652.0
2023-11-22,23.856189999999998,23.881330000000002,23.52939,23.70536,258427.0
2023-11-23,23.856189999999998,23.95674,23.52939,23.52939,300033.0
2023-11-24,23.50425,23.50425,23.102040000000002,23.35342,471610.0
2023-11-27,23.35342,23.629939999999998,23.22773,23.22773,232582.0
2023-11-28,23.22773,23.328290000000003,23.00149,23.303150000000002,237816.0
2023-11-29,23.303150000000002,23.579669999999997,23.303150000000002,23.52939,114540.0
2023-11-30,23.52939,24.13271,23.52939,23.70536,320700.0
2023-12-01,23.78077,23.9316,23.680220000000002,23.80591,116774.0
2023-12-04,24.08243,24.38409,24.03216,24.233259999999998,536068.0
2023-12-05,24.35895,24.48464,24.057290000000002,24.33381,357851.0
2023-12-06,24.33381,24.434369999999998,24.15785,24.33381,237954.0
2023-12-07,24.434369999999998,24.56006,23.856189999999998,24.283540000000002,419693.0
2023-12-08,24.283540000000002,24.283540000000002,24.03216,24.15785,178289.0
2023-12-11,24.208119999999997,24.233259999999998,24.08243,24.208119999999997,241719.0
2023-12-12,24.233259999999998,24.434369999999998,24.18299,24.18299,251555.0
2023-12-13,24.15785,24.30868,23.831049999999998,23.831049999999998,349856.0
2023-12-14,24.33381,24.33381,23.78077,23.831049999999998,198830.0
2023-12-15,23.831049999999998,23.98188,23.78077,23.78077,122506.0
2023-12-18,23.78077,24.13271,23.65508,23.7305,144393.0
2023-12-19,23.629939999999998,23.881330000000002,23.52939,23.881330000000002,165227.0
2023-12-20,23.7305,24.057290000000002,23.7305,23.95674,129651.0
2023-12-21,23.95674,24.00702,23.7305,23.9316,121648.0
2023-12-22,23.98188,24.18299,23.881330000000002,23.881330000000002,169776.0
2023-12-25,23.9316,24.10757,23.90646,23.90646,247504.0
2023-12-26,23.98188,24.50978,23.95674,24.48464,660627.0
2023-12-27,24.660610000000002,24.98741,24.5852,24.886860000000002,404542.0
2023-12-28,24.83658,24.96227,24.660610000000002,24.83658,292199.0
2023-12-29,24.96227,25.38962,24.83658,24.98741,425063.0
2024-01-02,25.28907,25.28907,24.5852,24.73603,194698.0
2024-01-03,24.63547,25.138240000000003,24.63547,25.138240000000003,334408.0
2024-01-04,25.1131,25.138240000000003,24.83658,24.98741,383182.0
2024-01-05,24.98741,25.037689999999998,24.68575,25.01255,264704.0
2024-01-08,25.1131,25.1131,24.73603,24.886860000000002,269877.0
2024-01-09,25.01255,25.01255,24.459509999999998,24.911990000000003,229379.0
2024-01-10,24.7863,24.93713,24.53492,24.7863,371133.0
2024-01-11,24.7863,24.93713,24.53492,24.911990000000003,193192.0
2024-01-12,24.7863,24.7863,24.10757,24.18299,465637.0
2024-01-15,24.35895,24.38409,24.00702,24.13271,215050.0
2024-01-16,24.13271,24.33381,23.90646,24.33381,98938.0
2024-01-17,24.38409,24.5852,24.33381,24.38409,240388.0
2024-01-18,24.38409,24.48464,24.38409,24.38409,88605.0
2024-01-19,24.38409,24.886860000000002,24.38409,24.61034,253791.0
2024-01-22,24.61034,24.61034,24.15785,24.56006,146984.0
2024-01-23,24.56006,24.61034,24.33381,24.38409,155200.0
2024-01-24,24.53492,24.53492,24.233259999999998,24.233259999999998,169354.0
2024-01-25,24.15785,24.283540000000002,24.13271,24.208119999999997,124802.0
2024-01-26,24.2584,24.53492,24.2584,24.48464,118010.0
2024-01-29,24.48464,25.1131,24.434369999999998,25.08796,505967.0
2024-01-30,25.138240000000003,25.94266,24.98741,25.89239,889418.0
2024-01-31,25.94266,26.14377,25.38962,25.74156,421683.0
2024-02-01,25.641,27.1493,25.38962,27.1493,1265359.0
2024-02-02,27.19957,27.19957,26.79736,26.94819,412758.0
2024-02-05,26.94819,27.40068,26.64653,26.74709,581501.0
2024-02-06,26.696810000000003,27.30013,26.596259999999997,26.74709,360595.0
2024-02-07,27.048740000000002,27.048740000000002,26.696810000000003,26.94819,212971.0
2024-02-15,27.048740000000002,27.90344,26.79736,27.1493,843352.0
2024-02-16,27.19957,28.406209999999998,27.19957,27.802889999999998,512193.0
2024-02-19,28.10455,29.16036,27.90344,28.255380000000002,875001.0
2024-02-20,28.255380000000002,28.35593,27.75262,28.15483,511683.0
2024-02-21,28.35593,28.55704,28.004,28.35593,435762.0
2024-02-22,28.55704,28.808419999999998,28.205099999999998,28.35593,348826.0
2024-02-23,28.406209999999998,28.55704,27.652060000000002,27.70234,565013.0
2024-02-26,27.70234,28.456490000000002,27.70234,28.004,727379.0
2024-02-27,28.50676,28.55704,28.10455,28.35593,430998.0
2024-02-28,28.35593,28.90897,28.255380000000002,28.55704,433400.0
2024-02-29,28.75814,28.75814,27.802889999999998,28.004,750170.0
2024-03-01,27.95372,28.406209999999998,27.90344,28.35593,567082.0
2024-03-04,28.50676,28.808419999999998,28.255380000000002,28.406209999999998,892304.0
2024-03-05,28.406209999999998,28.456490000000002,28.10455,28.15483,434107.0
2024-03-06,28.15483,28.15483,27.652060000000002,27.75262,545819.0
2024-03-07,27.75262,28.05427,27.60179,27.70234,495602.0
2024-03-08,27.90344,28.456490000000002,27.551509999999997,28.255380000000002,835530.0
2024-03-11,28.255380000000002,30.21616,28.255380000000002,29.56257,1827998.0
2024-03-12,29.56257,31.07086,29.26091,30.31672,1027112.0
2024-03-13,30.21616,30.7692,30.015060000000002,30.16589,1074927.0
2024-03-14,30.065330000000003,30.26644,29.46202,29.61284,1396198.0
2024-03-15,29.61284,31.57363,29.61284,30.81948,1319038.0
2024-03-18,31.22169,31.27197,29.16036,30.417270000000002,1485094.0
2024-03-19,30.46755,32.42833,30.16589,32.42833,1791350.0
2024-03-20,32.42833,32.42833,31.37252,32.17695,601838.0
2024-03-21,32.22722,32.2775,31.523349999999997,32.12667,746661.0
2024-03-22,31.92556,32.42833,31.4228,32.17695,1322036.0
2024-03-25,31.92556,32.57916,31.27197,31.4228,430141.0
2024-03-26,31.67418,32.57916,31.32225,32.22722,671078.0
2024-03-27,32.22722,32.42833,31.72446,32.22722,327649.0
2024-03-28,32.22722,32.37805,31.92556,31.97584,550471.0
2024-03-29,32.17695,33.1322,32.076389999999996,32.12667,952947.0
2024-04-01,31.92556,32.17695,31.623900000000003,31.92556,685504.0
2024-04-02,31.87529,32.4786,31.27197,32.37805,878032.0
2024-04-03,32.32777,32.32777,31.72446,32.076389999999996,737170.0
2024-04-04,31.523349999999997,32.076389999999996,31.47307,31.47307,507357.0
2024-04-05,31.4228,31.4228,30.417270000000002,30.417270000000002,806740.0
2024-04-08,30.26644,30.417270000000002,29.964779999999998,30.065330000000003,384399.0
2024-04-09,30.065330000000003,30.31672,29.66312,30.31672,901144.0
2024-04-10,30.46755,30.46755,29.86423,29.86423,234498.0
2024-04-11,29.26091,30.26644,29.210630000000002,29.61284,600438.0
2024-04-12,30.065330000000003,30.21616,29.56257,30.16589,353930.0
2024-04-15,29.86423,30.46755,28.05427,28.15483,702759.0
2024-04-16,28.15483,28.255380000000002,27.1493,28.15483,760055.0
2024-04-17,28.50676,28.50676,27.30013,27.30013,298586.0
2024-04-19,26.64653,27.85317,26.4957,27.70234,553971.0
2024-04-22,27.40068,27.75262,27.1493,27.24985,460134.0
2024-04-23,26.94819,27.40068,26.74709,26.84764,180826.0
2024-04-24,26.89792,28.35593,26.89792,28.15483,478983.0
2024-04-25,27.70234,28.65759,27.45096,28.65759,589351.0
2024-04-26,28.205099999999998,29.0598,28.05427,28.406209999999998,424521.0
2024-05-02,28.65759,29.16036,28.406209999999998,29.16036,257090.0
2024-05-03,29.41174,29.41174,28.858700000000002,29.0598,395652.0
2024-05-06,29.0598,29.813950000000002,29.0598,29.46202,415892.0
2024-05-07,29.46202,30.11561,29.46202,29.813950000000002,314562.0
2024-05-08,29.7134,29.813950000000002,28.95925,29.61284,425741.0
2024-05-09,29.9145,30.11561,29.16036,29.61284,276421.0
2024-05-10,29.56257,29.86423,29.210630000000002,29.86423,178884.0
2024-05-13,29.86423,29.9145,29.16036,29.41174,225673.0
2024-05-14,29.41174,30.31672,29.41174,30.26644,597480.0
2024-05-15,30.46755,30.668650000000003,30.26644,30.46755,407912.0
2024-05-16,30.51782,30.86976,30.46755,30.668650000000003,418457.0
2024-05-17,30.668650000000003,30.92003,30.26644,30.36699,528517.0
2024-05-20,30.7692,30.81948,30.11561,30.16589,439888.0
2024-05-21,30.11561,30.568099999999998,30.065330000000003,30.568099999999998,360977.0
2024-05-22,30.668650000000003,30.81948,30.015060000000002,30.065330000000003,351973.0
2024-05-23,29.7134,30.21616,29.7134,30.21616,472891.0
2024-05-24,30.11561,30.86976,29.813950000000002,30.26644,694947.0
2024-05-27,30.16589,31.37252,30.16589,31.07086,1016744.0
2024-05-28,31.171419999999998,31.4228,30.97031,31.27197,597435.0
2024-05-29,31.27197,31.82501,30.668650000000003,30.7692,1027138.0
2024-05-30,30.61837,31.27197,30.16589,31.27197,632512.0
2024-05-31,31.27197,31.27197,31.07086,31.22169,464001.0
2024-06-03,31.4228,32.02612,31.171419999999998,31.72446,1029230.0
2024-06-04,31.623900000000003,32.12667,31.4228,31.4228,492458.0
2024-06-05,31.774729999999998,31.97584,31.27197,31.4228,413357.0
2024-06-06,31.47307,31.47307,30.668650000000003,30.92003,248466.0
2024-06-07,30.92003,31.774729999999998,30.92003,31.27197,276825.0
2024-06-10,31.774729999999998,32.57916,31.4228,32.17695,755644.0
2024-06-11,32.17695,32.42833,31.623900000000003,31.67418,226937.0
2024-06-12,31.623900000000003,31.67418,31.171419999999998,31.37252,239379.0
2024-06-13,31.67418,31.67418,31.171419999999998,31.37252,275199.0
2024-06-14,31.37252,31.72446,30.668650000000003,30.668650000000003,332511.0
2024-06-17,30.7692,30.7692,29.86423,29.86423,453001.0
2024-06-18,30.11561,30.81948,29.9145,30.61837,367762.0
2024-06-19,30.61837,30.7692,30.46755,30.51782,138452.0
2024-06-20,30.668650000000003,30.7692,30.31672,30.51782,149715.0
2024-06-21,30.51782,30.92003,30.417270000000002,30.61837,179638.0
2024-06-24,30.81948,30.81948,29.66312,29.66312,302442.0
2024-06-25,29.66312,29.964779999999998,29.61284,29.66312,136029.0
2024-06-26,29.66312,30.51782,29.66312,30.46755,240583.0
2024-06-27,30.36699,30.668650000000003,30.31672,30.51782,135618.0
2024-06-28,30.46755,30.46755,29.763669999999998,30.46755,265521.0
2024-07-01,30.46755,30.46755,30.065330000000003,30.417270000000002,98497.0
2024-07-02,30.51782,30.668650000000003,30.36699,30.668650000000003,142985.0
2024-07-03,30.668650000000003,31.32225,30.668650000000003,31.07086,700712.0
2024-07-04,31.171419999999998,31.171419999999998,30.97031,31.02059,178620.0
2024-07-05,31.02059,31.171419999999998,30.46755,30.86976,422455.0
2024-07-08,31.02059,31.57363,30.668650000000003,31.523349999999997,446154.0
2024-07-09,31.82501,32.57916,31.57363,32.22722,904996.0
2024-07-10,32.12667,32.12667,31.47307,31.47307,280523.0
2024-07-11,31.4228,31.523349999999997,30.668650000000003,30.668650000000003,644761.0
2024-07-12,30.668650000000003,31.12114,30.31672,30.81948,307309.0
2024-07-15,31.07086,31.07086,30.568099999999998,31.07086,165004.0
2024-07-16,31.02059,31.22169,30.71893,31.07086,285911.0
2024-07-17,31.07086,31.171419999999998,28.90897,29.361459999999997,477265.0
2024-07-18,29.31119,29.9145,29.16036,29.9145,316437.0
2024-07-19,30.015060000000002,30.015060000000002,29.110080000000004,29.210630000000002,225658.0
2024-07-22,29.110080000000004,29.16036,28.55704,28.95925,449507.0
2024-07-23,29.16036,29.16036,28.456490000000002,28.456490000000002,152789.0
2024-07-24,27.90344,28.55704,27.75262,28.50676,184368.0
2024-07-25,28.456490000000002,28.50676,28.05427,28.205099999999998,62301.0
2024-07-26,28.205099999999998,28.95925,28.205099999999998,28.95925,97848.0
2024-07-29,28.95925,29.31119,28.95925,29.31119,176642.0
2024-07-30,29.31119,29.31119,28.75814,28.808419999999998,146014.0
2024-07-31,29.0598,29.0598,28.50676,28.70787,154869.0
2024-08-01,29.0598,29.0598,27.24985,27.24985,311953.0
2024-08-02,27.24985,27.90344,27.048740000000002,27.90344,178255.0
2024-08-05,27.24985,27.802889999999998,26.94819,26.99847,140653.0
2024-08-06,27.1493,27.90344,26.99847,27.75262,234943.0
2024-08-07,27.75262,27.75262,27.30013,27.652060000000002,83104.0
2024-08-08,27.60179,27.60179,27.30013,27.50123,78611.0
2024-08-09,28.10455,28.15483,27.652060000000002,28.05427,136036.0
2024-08-12,28.35593,28.406209999999998,27.95372,28.004,53051.0
2024-08-13,28.004,28.10455,27.70234,27.95372,94601.0
2024-08-14,29.61284,29.61284,27.652060000000002,27.90344,60753.0
2024-08-15,27.90344,28.15483,27.70234,27.85317,50503.0
2024-08-16,27.90344,29.110080000000004,27.90344,29.0598,156160.0
2024-08-19,28.858700000000002,29.110080000000004,28.808419999999998,28.858700000000002,76288.0
2024-08-20,28.858700000000002,29.0598,28.70787,28.858700000000002,99055.0
2024-08-21,28.858700000000002,29.16036,28.75814,28.95925,57466.0
2024-08-22,29.009529999999998,29.009529999999998,28.65759,28.808419999999998,93826.0
2024-08-23,28.70787,28.90897,28.456490000000002,28.50676,104563.0
2024-08-26,28.60732,28.70787,28.255380000000002,28.255380000000002,166824.0
2024-08-27,28.30566,28.75814,28.004,28.50676,240001.0
2024-08-28,28.55704,29.26091,28.55704,29.26091,676496.0
2024-08-29,29.31119,29.66312,29.16036,29.66312,412962.0
2024-08-30,29.66312,29.9145,29.61284,29.9145,490615.0
2024-09-04,29.86423,29.86423,29.210630000000002,29.51229,270933.0
2024-09-05,29.7134,29.813950000000002,28.65759,28.65759,261490.0
2024-09-06,28.95925,29.9145,28.60732,28.70787,172726.0
2024-09-09,29.16036,29.31119,28.35593,29.31119,163727.0
2024-09-10,29.56257,29.56257,27.30013,29.009529999999998,142540.0
2024-09-11,28.90897,29.16036,28.50676,29.0598,117680.0
2024-09-12,28.95925,29.66312,28.75814,29.16036,69088.0
2024-09-13,29.210630000000002,29.210630000000002,28.808419999999998,29.110080000000004,57408.0
2024-09-16,29.0598,29.361459999999997,28.858700000000002,29.110080000000004,149749.0
2024-09-17,29.26091,29.26091,29.0598,29.26091,177951.0
2024-09-18,29.361459999999997,29.86423,29.361459999999997,29.813950000000002,427744.0
2024-09-19,29.763669999999998,29.86423,29.51229,29.813950000000002,223319.0
2024-09-20,30.065330000000003,30.065330000000003,29.46202,29.46202,198939.0
2024-09-23,29.66312,29.66312,29.56257,29.66312,124928.0
2024-09-24,29.66312,30.26644,29.56257,30.26644,383805.0
2024-09-25,30.417270000000002,30.417270000000002,30.015060000000002,30.16589,153660.0
2024-09-26,30.417270000000002,30.568099999999998,30.065330000000003,30.36699,260011.0
2024-09-27,30.26644,30.26644,29.66312,29.964779999999998,209645.0
2024-09-30,29.7134,30.16589,29.66312,30.16589,157512.0
2024-10-01,30.11561,30.568099999999998,29.964779999999998,30.16589,189612.0
2024-10-02,30.16589,30.568099999999998,29.964779999999998,30.21616,216432.0
2024-10-03,30.417270000000002,30.417270000000002,29.210630000000002,29.51229,102236.0
2024-10-04,29.51229,29.86423,29.210630000000002,29.26091,140541.0
2024-10-07,29.26091,29.26091,28.75814,29.110080000000004,219503.0
2024-10-08,29.16036,29.46202,28.808419999999998,29.31119,96240.0
2024-10-09,29.31119,29.61284,29.16036,29.51229,101303.0
2024-10-10,29.51229,29.7134,29.210630000000002,29.26091,75568.0
2024-10-11,29.31119,29.51229,29.16036,29.51229,104052.0
2024-10-14,29.51229,30.11561,29.51229,30.11561,207263.0
2024-10-15,30.11561,30.11561,29.41174,29.66312,114782.0
2024-10-16,29.66312,29.66312,28.90897,29.16036,190622.0
2024-10-17,29.110080000000004,29.16036,28.808419999999998,29.110080000000004,122041.0
2024-10-18,29.110080000000004,29.51229,29.110080000000004,29.110080000000004,79100.0
2024-10-21,28.70787,29.009529999999998,28.406209999999998,28.456490000000002,140399.0
2024-10-22,28.50676,28.70787,27.802889999999998,27.95372,194524.0
2024-10-23,27.95372,28.30566,27.95372,28.255380000000002,121752.0
2024-10-24,28.255380000000002,28.30566,27.95372,28.05427,92218.0
2024-10-25,28.05427,28.10455,27.652060000000002,27.802889999999998,111416.0
2024-10-28,27.802889999999998,27.802889999999998,27.60179,27.652060000000002,102636.0
2024-10-29,27.652060000000002,28.10455,27.652060000000002,28.004,57914.0
2024-10-30,28.15483,28.15483,27.802889999999998,27.90344,34970.0
2024-10-31,27.90344,28.65759,27.75262,28.65759,77000.0
2024-11-01,28.15483,28.255380000000002,27.802889999999998,27.85317,50301.0
2024-11-04,27.90344,28.10455,27.50123,27.50123,84230.0
2024-11-05,27.50123,27.60179,27.3504,27.40068,101423.0
2024-11-06,27.40068,28.456490000000002,27.40068,28.406209999999998,418302.0
2024-11-07,28.50676,28.50676,28.10455,28.10455,86101.0
2024-11-08,28.05427,28.30566,28.004,28.10455,77396.0
2024-11-11,28.205099999999998,28.60732,28.205099999999998,28.406209999999998,322409.0
2024-11-12,28.406209999999998,28.65759,28.10455,28.30566,217152.0
2024-11-13,28.255380000000002,28.55704,28.15483,28.55704,194167.0
2024-11-14,28.406209999999998,28.60732,28.15483,28.255380000000002,210595.0
2024-11-15,28.05427,28.05427,27.652060000000002,27.70234,168748.0
2024-11-18,28.10455,28.10455,27.60179,27.802889999999998,134702.0
2024-11-19,28.004,28.205099999999998,27.802889999999998,27.802889999999998,155142.0
2024-11-20,27.802889999999998,28.15483,27.652060000000002,27.802889999999998,143839.0
2024-11-21,27.85317,28.10455,27.802889999999998,28.10455,62673.0
2024-11-22,28.10455,28.75814,28.10455,28.75814,221604.0
2024-11-25,28.75814,28.808419999999998,28.456490000000002,28.75814,145836.0
2024-11-26,28.456490000000002,28.808419999999998,28.456490000000002,28.65759,82629.0
2024-11-27,28.808419999999998,28.808419999999998,28.456490000000002,28.55704,84521.0
2024-11-28,28.70787,28.808419999999998,28.406209999999998,28.406209999999998,204151.0
2024-11-29,28.50676,28.70787,28.35593,28.35593,149421.0
2024-12-02,28.60732,28.858700000000002,28.456490000000002,28.60732,134083.0
2024-12-03,28.65759,29.0598,28.65759,29.009529999999998,244076.0
2024-12-04,29.009529999999998,29.16036,28.50676,28.65759,186631.0
2024-12-05,28.858700000000002,29.16036,28.65759,29.16036,266903.0
2024-12-06,29.009529999999998,29.61284,29.009529999999998,29.361459999999997,221624.0
2024-12-09,29.61284,30.065330000000003,29.41174,29.86423,554652.0
2024-12-10,29.9145,29.9145,29.61284,29.7134,168715.0
2024-12-11,29.7134,29.7134,29.210630000000002,29.46202,305554.0
2024-12-12,29.46202,29.66312,29.41174,29.56257,381088.0
2024-12-13,28.97917,29.24406,28.820240000000002,29.03215,317080.0
2024-12-16,28.87321,29.24406,28.87321,28.92619,178552.0
2024-12-17,28.97917,29.03215,28.767259999999997,28.820240000000002,149647.0
2024-12-18,28.820240000000002,28.820240000000002,28.44939,28.71428,140760.0
2024-12-19,28.6613,28.6613,28.131520000000002,28.34343,200921.0
2024-12-20,28.39641,28.6613,28.237470000000002,28.50237,165154.0
2024-12-23,28.60832,28.6613,28.39641,28.39641,113362.0
2024-12-24,28.34343,28.55534,28.237470000000002,28.39641,95269.0
2024-12-25,28.55534,28.820240000000002,28.39641,28.55534,198150.0
2024-12-26,28.39641,28.767259999999997,28.34343,28.55534,130384.0
2024-12-27,28.55534,28.55534,28.29045,28.29045,108676.0
2024-12-30,28.18449,28.29045,27.866619999999998,27.97258,182481.0
2024-12-31,28.18449,28.18449,27.760669999999998,28.18449,108263.0
2025-01-02,28.131520000000002,28.34343,28.025560000000002,28.07854,72738.0
2025-01-03,28.237470000000002,28.39641,27.866619999999998,27.866619999999998,106490.0
2025-01-06,27.654709999999998,27.866619999999998,27.17791,27.49578,187025.0
2025-01-07,27.49578,27.54875,27.01897,27.01897,141196.0
2025-01-08,27.01897,27.4428,26.64812,27.4428,104726.0
2025-01-09,27.4428,27.49578,27.17791,27.28386,31600.0
2025-01-10,27.230880000000003,27.28386,26.489189999999997,26.489189999999997,91811.0
2025-01-13,26.489189999999997,26.54217,26.17132,26.33025,100026.0
2025-01-14,26.489189999999997,26.91301,26.489189999999997,26.7011,152619.0
2025-01-15,26.91301,27.12493,26.54217,26.80706,29102.0
2025-01-16,27.01897,27.01897,26.7011,26.91301,56246.0
2025-01-17,27.01897,27.230880000000003,27.01897,27.17791,50804.0
2025-01-20,27.28386,27.38982,27.17791,27.28386,74863.0
2025-01-21,27.38982,27.38982,27.17791,27.17791,44654.0
2025-01-22,27.17791,27.17791,26.91301,26.91301,88106.0
2025-01-23,26.96599,28.025560000000002,26.91301,27.760669999999998,144126.0
2025-01-24,27.9196,27.9196,27.38982,27.54875,77894.0
2025-02-03,27.813650000000003,28.025560000000002,27.54875,27.813650000000003,164498.0
2025-02-04,27.813650000000003,27.813650000000003,27.60173,27.760669999999998,81874.0
2025-02-05,27.70769,28.237470000000002,27.70769,27.97258,174964.0
2025-02-06,27.813650000000003,27.97258,27.760669999999998,27.813650000000003,81960.0
2025-02-07,27.97258,28.025560000000002,27.60173,27.60173,117610.0
2025-02-10,27.49578,27.813650000000003,27.17791,27.17791,112277.0
2025-02-11,27.230880000000003,27.28386,26.96599,27.230880000000003,123096.0
2025-02-12,27.38982,27.49578,27.230880000000003,27.28386,44109.0
2025-02-13,27.28386,28.025560000000002,27.230880000000003,27.97258,301181.0
2025-02-14,28.131520000000002,28.97917,28.07854,28.820240000000002,620394.0
2025-02-17,29.13811,30.46257,29.08513,29.56193,862752.0
2025-02-18,29.56193,30.091720000000002,29.508950000000002,30.03874,434833.0
2025-02-19,30.144689999999997,30.67448,29.932779999999998,30.67448,826315.0
2025-02-20,30.72746,32.79361,30.72746,32.63468,1612877.0
2025-02-21,32.74064,33.058510000000005,32.051919999999996,33.058510000000005,865313.0
2025-02-24,32.84659,34.91275,32.84659,34.64786,1114204.0
2025-02-25,34.70083,34.753809999999994,34.01212,34.38296,606595.0
2025-02-26,34.64786,35.2836,34.22403,34.22403,852407.0
2025-02-27,34.22403,34.91275,33.37638,34.91275,1000914.0
2025-02-28,34.91275,35.23062,34.17105,35.01871,1226700.0
2025-03-03,34.96573,34.96573,33.74722,33.90616000000001,699602.0
2025-03-04,34.22403,35.2836,33.85318,34.96573,1125936.0
2025-03-05,34.96573,35.23062,34.48892,34.70083,489407.0
2025-03-06,35.01871,35.813379999999995,34.22403,34.38296,1222657.0
2025-03-07,34.594879999999996,35.23062,34.329989999999995,34.43594,799018.0
2025-03-10,34.85977,34.96573,33.90616000000001,34.17105,1142171.0
2025-03-11,33.95914,35.01871,33.95914,34.329989999999995,1556488.0
2025-03-12,34.38296,34.594879999999996,33.482330000000005,34.01212,847393.0
2025-03-13,34.11807,34.96573,33.95914,34.594879999999996,1170832.0
2025-03-14,34.64786,36.44912,33.74722,33.8002,2103208.0
2025-03-17,34.01212,34.06509,32.79361,33.11148,1074979.0
2025-03-18,33.11148,33.8002,32.63468,33.00553,968367.0
2025-03-19,32.95255,34.22403,32.68766,34.06509,742975.0
2025-03-20,34.38296,34.38296,33.58829,33.8002,513497.0
2025-03-21,33.85318,34.329989999999995,33.69425,33.90616000000001,497574.0
2025-03-24,34.277010000000004,34.277010000000004,33.37638,34.17105,476705.0
2025-03-25,34.43594,36.23721,33.37638,35.44253,2262667.0
2025-03-26,35.49551,36.02529,35.01871,35.54849,559860.0
2025-03-27,35.760400000000004,36.555080000000004,34.85977,35.49551,1289412.0
2025-03-28,35.760400000000004,36.078269999999996,35.23062,36.02529,720943.0
2025-03-31,35.91934,35.972319999999996,33.535309999999996,33.535309999999996,1790210.0
2025-04-01,33.535309999999996,33.535309999999996,32.74064,32.84659,1043951.0
2025-04-02,33.3234,33.42935,32.89957,33.37638,368052.0
2025-04-03,31.045330000000003,31.15128,31.045330000000003,31.045330000000003,598624.0
2025-04-04,28.87321,28.87321,28.87321,28.87321,114224.0
2025-04-08,26.86004,26.86004,26.86004,26.86004,393504.0
2025-04-09,25.00579,25.00579,25.00579,25.00579,698783.0
2025-04-10,26.754080000000002,26.754080000000002,26.01238,26.754080000000002,1846651.0
2025-04-11,25.694509999999998,26.64812,24.89984,26.01238,1756233.0
2025-04-14,27.38982,27.38982,25.82696,25.959400000000002,962866.0
2025-04-15,25.959400000000002,25.959400000000002,24.15814,24.15814,1548738.0
2025-04-16,24.290580000000002,24.31707,22.99261,23.072080000000003,940093.0
2025-04-17,22.72772,23.416439999999998,22.303900000000002,23.072080000000003,789951.0
2025-04-18,23.7608,24.05218,23.36346,23.628349999999998,548911.0
2025-04-21,24.10516,24.10516,23.04559,23.25751,470173.0
2025-04-22,22.93964,22.96613,21.641669999999998,21.641669999999998,1157270.0
2025-04-23,22.27741,22.27741,20.66157,22.09198,1139880.0
2025-04-24,22.515810000000002,23.072080000000003,22.19794,22.72772,778738.0
2025-04-25,22.7807,23.416439999999998,22.67474,22.80719,628649.0
2025-04-28,23.15155,23.15155,22.70123,22.93964,348893.0
2025-04-29,22.83368,23.12506,22.75421,22.99261,370268.0
2025-05-05,23.019099999999998,23.787290000000002,23.019099999999998,23.787290000000002,372417.0
2025-05-06,24.10516,24.10516,23.628349999999998,23.73431,503241.0
2025-05-07,23.73431,24.31707,23.44293,23.813779999999998,720894.0
2025-05-08,23.89325,25.138240000000003,23.84027,24.84686,1386459.0
2025-05-09,25.11175,25.16473,24.423029999999997,24.52899,552887.0
2025-05-12,24.55548,25.27068,24.5025,25.27068,725013.0
2025-05-13,25.80047,25.80047,25.32366,25.535580000000003,578081.0
2025-05-14,25.535580000000003,25.535580000000003,25.11175,25.138240000000003,819718.0
2025-05-15,25.19122,25.21771,24.66143,24.89984,646000.0
2025-05-16,25.00579,25.00579,24.52899,24.52899,691215.0
2025-05-19,24.52899,24.71441,24.211119999999998,24.47601,422696.0
2025-05-20,24.47601,24.89984,24.290580000000002,24.60845,521741.0
2025-05-21,24.76739,24.76739,24.13165,24.184630000000002,445376.0
2025-05-22,24.15814,24.47601,24.025689999999997,24.13165,472663.0
2025-05-23,24.15814,24.15814,23.89325,23.999200000000002,391930.0
2025-05-26,24.23761,25.668020000000002,23.73431,25.668020000000002,1112850.0
2025-05-27,26.065360000000002,26.4627,26.01238,26.11834,1207591.0
2025-05-28,26.489189999999997,26.754080000000002,26.03887,26.17132,832565.0
2025-05-29,26.64812,27.760669999999998,26.64812,27.760669999999998,1555543.0
2025-05-30,28.07854,28.07854,27.07195,27.17791,875400.0
2025-06-02,27.12493,27.230880000000003,25.959400000000002,27.01897,567740.0
2025-06-03,26.96599,27.4428,26.91301,26.91301,619005.0
2025-06-04,26.91301,27.654709999999998,26.91301,27.17791,497757.0
2025-06-05,27.4428,27.813650000000003,26.80706,26.80706,563063.0
2025-06-06,26.91301,27.28386,26.64812,26.86004,554522.0
2025-06-09,26.59514,27.17791,26.59514,26.96599,474654.0
2025-06-10,26.96599,27.33684,26.754080000000002,27.12493,691153.0
2025-06-11,27.12493,27.760669999999998,27.07195,27.17791,386870.0
2025-06-12,27.12493,28.29045,27.12493,27.9196,732143.0
2025-06-13,27.54875,27.70769,26.86004,27.01897,1118653.0
2025-06-16,27.01897,27.38982,27.01897,27.38982,308465.0
2025-06-17,27.49578,28.60832,27.4428,27.9196,672411.0
2025-06-18,27.97258,28.18449,27.28386,27.38982,480210.0
2025-06-19,27.9196,29.297040000000003,27.9196,29.297040000000003,1290042.0
2025-06-20,30.03874,30.40959,29.45598,29.508950000000002,890878.0
2025-06-23,29.403,31.52213,29.13811,31.31022,1395408.0
2025-06-24,31.52213,32.5817,30.83341,31.998939999999997,1099494.0
2025-06-25,32.051919999999996,32.68766,31.575110000000002,32.52872,728392.0
2025-06-26,32.5817,32.79361,31.84,32.051919999999996,448398.0
2025-06-27,31.998939999999997,32.316810000000004,31.257240000000003,32.316810000000004,712125.0
2025-06-30,32.68766,32.68766,31.787020000000002,32.316810000000004,348293.0
2025-07-01,32.10489,32.316810000000004,31.31022,32.316810000000004,778335.0
2025-07-02,32.63468,34.38296,32.051919999999996,33.69425,1098994.0
2025-07-03,32.316810000000004,33.3234,31.469150000000003,31.787020000000002,1071086.0
2025-07-04,31.84,32.79361,31.41618,31.575110000000002,533427.0
2025-07-07,32.21085,32.316810000000004,31.62809,31.998939999999997,268206.0
2025-07-08,32.5817,33.16446,32.5817,33.11148,945406.0
2025-07-09,33.3234,33.3234,32.5817,32.5817,391985.0
2025-07-10,32.36979,32.79361,31.94596,32.5817,518585.0
2025-07-11,32.157869999999996,32.5817,31.998939999999997,32.21085,198336.0
2025-07-14,32.316810000000004,33.00553,31.94596,32.52872,320350.0
2025-07-15,32.74064,32.74064,31.84,31.84,401123.0
2025-07-16,31.84,31.998939999999997,31.41618,31.892979999999998,625529.0
2025-07-17,32.36979,32.52872,31.575110000000002,31.787020000000002,306598.0
2025-07-18,32.051919999999996,33.37638,31.787020000000002,32.95255,1119449.0
2025-07-21,33.3234,33.74722,33.00553,33.00553,436436.0
2025-07-22,33.00553,33.482330000000005,32.26383,32.5817,686650.0
2025-07-23,32.84659,34.43594,32.316810000000004,34.38296,868644.0
2025-07-24,34.43594,34.85977,33.74722,34.38296,656115.0
2025-07-25,34.17105,34.43594,31.998939999999997,32.5817,841457.0
2025-07-28,33.058510000000005,33.16446,32.36979,32.63468,660772.0
2025-07-29,32.79361,34.22403,32.26383,32.5817,1239935.0
2025-07-30,32.5817,33.058510000000005,32.47574,32.84659,351137.0
2025-07-31,33.3234,34.329989999999995,33.27042,33.90616000000001,798753.0
2025-08-01,34.01212,34.11807,32.74064,33.16446,503690.0
2025-08-04,33.69425,33.69425,32.42276,32.5817,787041.0
2025-08-05,32.74064,33.21744,31.787020000000002,32.10489,1315501.0
2025-08-06,32.5817,32.5817,32.10489,32.5817,818659.0
2025-08-07,33.21744,33.64127,32.68766,32.84659,508980.0
2025-08-08,32.95255,33.16446,32.26383,32.95255,772638.0
2025-08-11,32.95255,34.11807,32.63468,33.16446,1948472.0
2025-08-12,33.535309999999996,33.535309999999996,32.84659,33.27042,629999.0
2025-08-13,33.535309999999996,34.11807,33.16446,33.8002,1275540.0
2025-08-14,33.90616000000001,33.95914,32.84659,32.84659,1306782.0
2025-08-15,32.84659,32.84659,32.316810000000004,32.36979,1116678.0
2025-08-18,32.36979,32.95255,32.36979,32.84659,378436.0
2025-08-19,33.21744,33.21744,32.10489,32.21085,807989.0
2025-08-20,32.21085,32.36979,30.93937,31.41618,861632.0
2025-08-21,31.41618,32.21085,30.51554,30.93937,707893.0
2025-08-22,30.93937,30.93937,29.08513,29.403,1389738.0
2025-08-25,29.932779999999998,29.98576,29.35002,29.61491,646493.0
2025-08-26,29.66789,30.25065,29.61491,30.03874,330654.0
2025-08-27,30.06558,30.71682,30.01131,30.3912,541696.0
2025-08-28,30.3912,30.60828,30.17412,30.3912,278216.0
2025-08-29,30.44547,30.499740000000003,30.11985,30.11985,436718.0
2025-09-03,30.11985,30.3912,29.90277,30.33693,189852.0
2025-09-04,30.3912,30.879630000000002,30.3912,30.66255,329839.0
2025-09-05,30.879630000000002,31.58514,30.71682,30.71682,605551.0
2025-09-08,30.77109,31.04244,30.17412,30.17412,365964.0
2025-09-09,30.28266,30.554009999999998,29.90277,30.06558,374192.0
2025-09-10,30.17412,30.28266,29.95704,30.01131,262424.0
2025-09-11,30.06558,30.9339,29.46861,30.9339,550792.0
2025-09-12,31.36806,31.85649,30.9339,31.69368,444173.0
2025-09-15,31.69368,32.0193,31.422330000000002,31.96503,332388.0
2025-09-16,32.0193,32.0193,31.476599999999998,31.74795,180222.0
2025-09-17,31.74795,31.91076,30.988169999999997,31.15098,237136.0
2025-09-18,31.15098,31.15098,30.82536,30.879630000000002,87226.0
2025-09-19,30.82536,31.096709999999998,30.60828,30.60828,80788.0
2025-09-22,30.66255,30.879630000000002,30.499740000000003,30.71682,175573.0
2025-09-23,30.71682,31.15098,30.71682,30.879630000000002,106545.0
2025-09-24,30.879630000000002,30.9339,30.3912,30.71682,155787.0
2025-09-25,30.71682,31.096709999999998,30.71682,30.71682,94146.0
2025-09-26,30.988169999999997,30.988169999999997,30.60828,30.60828,93358.0
2025-09-29,30.554009999999998,30.554009999999998,29.79423,30.06558,199655.0
2025-09-30,30.17412,30.17412,29.305799999999998,30.01131,283320.0
2025-10-01,31.04244,31.04244,30.554009999999998,30.66255,222160.0
2025-10-02,30.66255,30.66255,30.22839,30.3912,128901.0
2025-10-03,30.3912,30.3912,29.79423,29.79423,116581.0
2025-10-06,29.79423,30.554009999999998,29.79423,30.554009999999998,61806.0
2025-10-07,30.554009999999998,30.554009999999998,29.95704,30.01131,130603.0
2025-10-08,30.44547,30.44547,29.8485,30.01131,96726.0
2025-10-09,30.28266,30.33693,29.8485,30.01131,131482.0
2025-10-10,30.17412,30.17412,29.52288,29.577150000000003,369204.0
2025-10-13,29.52288,30.17412,29.46861,29.8485,204908.0
2025-10-14,29.90277,30.11985,29.46861,29.46861,187885.0
2025-10-15,29.46861,29.46861,28.81737,28.92591,354455.0
2025-10-16,28.98018,29.25153,28.763099999999998,28.92591,145744.0
2025-10-17,28.87164,29.088720000000002,28.38321,28.38321,163492.0
2025-10-20,28.49175,28.546020000000002,26.40236,26.40236,331056.0
2025-10-21,26.99932,27.6777,26.40236,27.24354,356821.0
2025-10-22,27.24354,27.84051,27.135,27.46062,160068.0
2025-10-23,28.11186,28.11186,27.6777,27.6777,115265.0
2025-10-24,28.05759,28.49175,27.51489,28.2204,183054.0
2025-10-27,28.763099999999998,29.305799999999998,28.65456,28.763099999999998,234992.0
2025-10-28,28.763099999999998,29.305799999999998,28.763099999999998,29.305799999999998,175247.0
2025-10-29,29.577150000000003,30.82536,29.577150000000003,30.33693,357472.0
2025-10-30,30.33693,30.77109,30.11985,30.66255,203511.0
2025-10-31,30.66255,30.988169999999997,30.28266,30.33693,219388.0
2025-11-03,30.82536,30.82536,30.11985,30.11985,144816.0
2025-11-04,30.11985,30.11985,29.25153,30.01131,265667.0
2025-11-05,30.01131,30.11985,29.73996,29.79423,91262.0
2025-11-06,29.8485,30.66255,29.8485,30.28266,137351.0
2025-11-07,30.11985,30.3912,29.36007,29.36007,128008.0
2025-11-10,29.36007,29.79423,29.36007,29.41434,62135.0
2025-11-11,29.41434,29.79423,29.305799999999998,29.305799999999998,108548.0
2025-11-12,29.63142,30.06558,29.63142,30.06558,83420.0
2025-11-13,30.11985,30.879630000000002,30.11985,30.66255,274555.0
2025-11-14,30.60828,31.15098,30.60828,30.988169999999997,382258.0
2025-11-17,30.988169999999997,31.422330000000002,30.71682,31.096709999999998,303371.0
2025-11-18,31.096709999999998,31.259520000000002,30.60828,30.66255,180696.0
2025-11-19,30.71682,31.20525,30.554009999999998,30.60828,123916.0
2025-11-20,30.60828,31.096709999999998,30.44547,30.66255,96808.0
2025-11-21,30.60828,30.71682,30.01131,30.44547,142562.0
2025-11-24,30.77109,30.77109,30.22839,30.22839,96841.0
2025-11-25,30.22839,30.82536,29.8485,29.95704,194571.0
2025-11-26,29.95704,30.28266,29.95704,30.17412,49879.0
2025-11-27,30.3912,30.9339,30.22839,30.71682,309940.0
2025-11-28,30.879630000000002,30.879630000000002,30.11985,30.17412,251902.0
2025-12-01,30.44547,30.499740000000003,29.95704,29.95704,222687.0
2025-12-02,30.17412,31.096709999999998,29.90277,30.9339,314300.0
2025-12-03,31.15098,31.69368,30.82536,31.476599999999998,705427.0
2025-12-04,31.91076,32.29065,31.58514,31.58514,857465.0
2025-12-05,31.53087,31.74795,31.31379,31.476599999999998,322438.0
2025-12-08,31.476599999999998,31.69368,30.988169999999997,31.04244,252820.0
2025-12-09,31.04244,31.20525,30.499740000000003,30.9339,223980.0
2025-12-10,30.9339,31.259520000000002,30.71682,30.988169999999997,136110.0
2025-12-11,30.9339,31.15098,30.499740000000003,30.499740000000003,127925.0
2025-12-12,30.554009999999998,30.988169999999997,29.577150000000003,29.577150000000003,455291.0
2025-12-15,29.52288,30.82536,29.46861,30.3912,297661.0
2025-12-16,30.60828,31.31379,30.01131,30.9339,228229.0
2025-12-17,30.988169999999997,31.69368,30.988169999999997,31.259520000000002,251056.0
2025-12-18,31.36806,31.422330000000002,30.82536,30.9339,105070.0
2025-12-19,30.9339,31.422330000000002,30.71682,31.36806,211979.0
2025-12-22,31.36806,31.74795,31.259520000000002,31.476599999999998,197614.0
2025-12-23,31.476599999999998,31.63941,30.71682,30.77109,262353.0
2025-12-24,31.04244,31.04244,30.554009999999998,30.554009999999998,174858.0
2025-12-25,30.66255,30.77109,30.22839,30.3912,259839.0
2025-12-26,30.11985,30.66255,29.63142,30.33693,271175.0
2025-12-29,30.33693,31.15098,30.33693,30.499740000000003,97611.0
2025-12-30,30.66255,32.61627,30.66255,32.0193,1501601.0
2025-12-31,32.0193,32.236380000000004,31.63941,31.74795,151051.0
2026-01-05,31.69368,31.91076,30.3912,30.82536,664518.0
2026-01-06,30.82536,32.50773,30.82536,31.63941,730919.0
2026-01-07,32.0193,32.94189,31.74795,32.562,1434679.0
2026-01-08,33.104699999999994,33.48459,31.69368,31.69368,1068718.0
2026-01-09,31.802220000000002,33.86448,31.802220000000002,33.86448,1904563.0
2026-01-12,34.67853,35.70966000000001,33.86448,34.081559999999996,1018987.0
2026-01-13,34.24437,35.2755,33.104699999999994,34.46145,1304333.0
2026-01-14,34.51572,36.08955,33.81021,34.46145,2068467.0
2026-01-15,34.62426,36.84933,34.56999,36.84933,2266986.0
2026-01-16,37.71765,37.71765,35.60112,35.8182,918589.0
2026-01-19,35.54685,37.77192,35.54685,36.95787,1208170.0
2026-01-20,36.9036,37.12068,35.8182,35.8182,1228306.0
2026-01-21,35.329769999999996,35.438309999999994,33.376050000000006,33.97302,1575048.0
2026-01-22,34.1901,35.2755,34.081559999999996,34.732800000000005,841018.0
2026-01-23,34.732800000000005,34.732800000000005,33.75594,33.75594,793668.0
2026-01-26,33.75594,34.732800000000005,33.158970000000004,33.91875,667652.0
2026-01-27,34.1901,34.841339999999995,33.75594,34.732800000000005,596418.0
2026-01-28,34.78707,35.166959999999996,33.81021,34.02729,644814.0
2026-01-29,34.40718,34.40718,33.376050000000006,33.647400000000005,799673.0
2026-01-30,34.24437,35.221230000000006,33.75594,34.89561,764357.0
2026-02-02,34.89561,35.2755,33.91875,34.46145,958649.0
2026-02-03,34.841339999999995,36.84933,34.732800000000005,36.84933,2257945.0
2026-02-04,37.22922,37.28349,35.981010000000005,36.3609,1302847.0
2026-02-05,36.14382,36.25236,34.24437,34.24437,1274826.0
2026-02-06,33.647400000000005,34.1901,31.91076,31.91076,1760454.0
2026-02-09,32.29065,32.562,31.69368,31.74795,429073.0
2026-02-10,31.74795,32.18211,31.04244,31.36806,599747.0
2026-02-11,31.476599999999998,32.12784,31.476599999999998,31.476599999999998,706333.0
2026-02-12,32.07357,32.12784,31.85649,32.0193,269499.0
2026-02-13,32.0193,32.77908,31.74795,32.77908,483289.0
2026-02-23,32.887620000000005,33.75594,32.887620000000005,33.376050000000006,628541.0
2026-02-24,33.43032,34.29864,33.43032,34.29864,1168675.0
2026-02-25,34.56999,35.05842,34.24437,34.56999,932312.0
2026-02-26,34.56999,34.67853,34.02729,34.56999,569591.0
2026-02-27,34.67853,35.166959999999996,34.24437,34.24437,454571.0
2026-03-02,32.887620000000005,36.63225,32.887620000000005,36.577980000000004,1883413.0
2026-03-03,36.79506,37.71765,34.02729,37.4463,1241335.0
2026-03-04,37.39203,37.93473,34.841339999999995,35.76393,1397705.0
2026-03-05,35.76393,35.76393,33.647400000000005,33.647400000000005,800863.0
2026-03-06,33.48459,34.35291,33.21324,33.21324,416378.0
2026-03-09,30.9339,31.476599999999998,30.9339,30.9339,483952.0
2026-03-10,31.63941,32.0193,30.71682,31.58514,507085.0
2026-03-11,31.36806,33.104699999999994,31.36806,32.72481,254863.0
2026-03-12,32.344919999999995,33.86448,32.344919999999995,33.376050000000006,461423.0
2026-03-13,32.67054,33.593129999999995,32.67054,33.32178,388729.0
2026-03-16,33.104699999999994,33.91875,33.05043,33.75594,516090.0
2026-03-17,33.91875,34.02729,32.94189,33.104699999999994,239947.0
2026-03-18,33.647400000000005,33.75594,33.104699999999994,33.647400000000005,224575.0
2026-03-19,33.376050000000006,33.376050000000006,32.887620000000005,33.104699999999994,206423.0
2026-03-20,33.158970000000004,33.158970000000004,31.74795,31.74795,240656.0
2026-03-23,30.988169999999997,32.0193,30.3912,30.82536,313990.0
2026-03-24,31.53087,31.802220000000002,31.259520000000002,31.36806,113417.0
2026-03-25,31.476599999999998,32.29065,31.476599999999998,32.29065,133242.0
2026-03-26,32.29065,32.99616,32.0193,32.833349999999996,178515.0
2026-03-27,32.99616,34.46145,32.72481,33.53886,500730.0
2026-03-30,33.21324,34.1901,33.21324,33.91875,225121.0
2026-03-31,33.91875,34.13583,33.53886,33.593129999999995,241221.0
2026-04-01,33.91875,34.02729,33.70167,33.75594,120786.0
2026-04-02,33.647400000000005,34.29864,33.593129999999995,34.1901,291108.0
2026-04-03,34.1901,34.51572,33.647400000000005,34.081559999999996,175694.0
2026-04-06,34.02729,34.02729,32.887620000000005,32.887620000000005,247725.0
2026-04-07,33.32178,33.32178,32.562,32.833349999999996,219128.0
2026-04-08,33.43032,34.1901,33.376050000000006,34.1901,315003.0
2026-04-09,34.29864,34.67853,33.91875,34.46145,337190.0
2026-04-10,34.51572,34.732800000000005,34.02729,34.02729,240474.0
2026-04-13,33.91875,34.51572,33.647400000000005,33.81021,342216.0
2026-04-14,33.91875,34.1901,33.647400000000005,33.81021,129978.0
2026-04-15,34.081559999999996,34.081559999999996,33.48459,33.53886,131113.0
2026-04-16,33.647400000000005,33.647400000000005,33.21324,33.376050000000006,140203.0
2026-04-17,33.75594,34.13583,33.21324,33.593129999999995,222513.0
2026-04-20,33.593129999999995,33.97302,33.32178,33.647400000000005,121998.0
2026-04-21,33.647400000000005,34.081559999999996,33.647400000000005,33.647400000000005,181699.0
2026-04-22,33.86448,33.86448,32.99616,33.376050000000006,143874.0
2026-04-23,33.376050000000006,33.376050000000006,32.29065,32.94189,181527.0
2026-04-24,33.05043,33.32178,32.72481,32.94189,71195.0
2026-04-28,33.104699999999994,33.75594,33.104699999999994,33.21324,89073.0
2026-04-29,33.21324,33.647400000000005,32.94189,33.32178,126807.0
2026-05-04,33.593129999999995,34.732800000000005,33.53886,34.732800000000005,621568.0
2026-05-05,35.00415,35.00415,33.97302,34.62426,183436.0
2026-05-06,34.24437,34.94988,34.24437,34.841339999999995,272351.0
2026-05-07,34.841339999999995,35.76393,34.841339999999995,35.11269,580944.0
2026-05-08,35.166959999999996,35.329769999999996,34.62426,34.67853,217877.0
2026-05-11,34.67853,34.841339999999995,33.97302,34.02729,206984.0
2026-05-12,34.081559999999996,35.166959999999996,33.97302,35.166959999999996,353660.0
2026-05-13,35.54685,36.79506,35.38404,35.70966000000001,706241.0
2026-05-14,35.8182,36.469440000000006,35.70966000000001,36.19808999999999,320820.0
2026-05-15,36.14382,38.69451,36.14382,38.69451,1930881.0
2026-05-18,38.531699999999994,38.91159,37.826190000000004,38.15181,467631.0
2026-05-19,38.42316,38.42316,35.492580000000004,35.492580000000004,1018214.0
2026-05-20,34.67853,37.93473,33.75594,37.93473,1900243.0
2026-05-21,40.43115,40.53969,37.71765,37.71765,1859634.0
2026-05-22,37.989,38.260349999999995,36.25236,36.3609,726442.0
2026-05-25,36.03528,36.95787,35.492580000000004,35.981010000000005,391281.0
2026-05-26,36.30663,37.12068,35.492580000000004,36.95787,353780.0
2026-05-27,37.12068,37.22922,36.25236,36.63225,227360.0
2026-05-28,37.174949999999995,38.36889,36.469440000000006,36.469440000000006,810562.0
2026-05-29,36.52371,37.066410000000005,36.3609,36.52371,166330.0
2026-06-01,37.33776,37.39203,36.740790000000004,36.79506,375654.0
2026-06-02,36.9036,37.55484,36.63225,37.174949999999995,324451.0
2026-06-03,37.22922,37.826190000000004,36.469440000000006,36.469440000000006,553170.0
2026-06-04,36.63225,37.39203,35.8182,35.926739999999995,773709.0
2026-06-05,35.981010000000005,36.740790000000004,35.00415,35.00415,1049378.0
2026-06-08,34.78707,35.329769999999996,34.29864,34.29864,670766.0
2026-06-09,34.67853,34.67853,33.70167,34.1901,322706.0
2026-06-10,34.29864,34.67853,34.081559999999996,34.67853,153788.0
2026-06-11,34.40718,35.38404,34.35291,35.00415,232816.0
2026-06-12,35.329769999999996,35.329769999999996,34.51572,34.51572,150786.0
2026-06-15,34.841339999999995,35.11269,34.51572,34.841339999999995,281924.0
2026-06-16,35.329769999999996,35.54685,34.841339999999995,35.05842,558630.0
2026-06-17,35.38404,35.38404,35.05842,35.221230000000006,243165.0
2026-06-18,35.2755,35.76393,35.11269,35.329769999999996,352921.0
2026-06-19,35.2755,35.2755,34.732800000000005,35.2755,252798.0
2026-06-22,35.38404,35.38404,34.732800000000005,34.841339999999995,369580.0
2026-06-23,34.841339999999995,35.2755,34.732800000000005,34.732800000000005,225359.0
2026-06-24,34.732800000000005,34.94988,34.40718,34.51572,218301.0
2026-06-25,34.51572,34.51572,33.647400000000005,33.647400000000005,539798.0
2026-06-26,33.647400000000005,33.81021,32.887620000000005,32.99616,475607.0
2026-06-29,32.99616,33.647400000000005,32.833349999999996,33.647400000000005,190014.0
2026-06-30,33.91875,34.46145,33.75594,34.1901,352503.0
2026-07-01,34.35291,34.46145,34.081559999999996,34.46145,191419.0
2026-07-02,34.732800000000005,36.03528,34.40718,35.329769999999996,527152.0
2026-07-03,35.60112,35.60112,34.62426,34.62426,359063.0
2026-07-06,34.732800000000005,35.2755,33.647400000000005,34.13583,286352.0
2026-07-07,34.081559999999996,34.841339999999995,33.647400000000005,34.67853,318827.0
2026-07-08,34.62426,34.732800000000005,34.29864,34.62426,106366.0
2026-07-09,34.51572,35.2755,34.46145,34.62426,231209.0
2026-07-10,34.67853,34.78707,34.29864,34.29864,110792.0
2026-07-13,34.29864,34.29864,33.26751,33.43032,212070.0
2026-07-14,33.43032,34.13583,33.43032,34.13583,228495.0
2026-07-15,33.97302,34.13583,33.104699999999994,33.593129999999995,159942.0
2026-07-16,33.593129999999995,33.647400000000005,32.67054,33.43032,341856.0
2026-07-17,33.43032,33.43032,32.887620000000005,33.05043,263085.0
2026-07-20,33.104699999999994,33.21324,31.74795,31.74795,636934.0
2026-07-21,31.58514,32.77908,31.58514,31.69368,274899.0
2026-07-22,31.85649,31.91076,30.82536,31.36806,306208.0
2026-07-23,31.422330000000002,31.422330000000002,29.52288,30.9339,569578.0
2026-07-24,30.44547,30.879630000000002,29.8485,29.95704,254192.0
2026-07-27,30.3912,31.096709999999998,30.06558,30.9339,489763.0
2026-07-28,29.95704,30.9339,29.8485,29.8485,731489.0
2026-07-29,30.17412,30.554009999999998,29.8485,30.44547,129216.0
2026-07-30,30.499740000000003,31.04244,30.28266,31.04244,221490.0
2026-07-31,31.20525,31.20525,30.66255,30.82536,209680.0
2026-08-03,30.879630000000002,32.29065,30.77109,32.29065,550806.0
2026-08-04,32.0193,32.72481,32.0193,32.45346,227704.0
2026-08-05,32.45346,32.45346,31.53087,31.58514,388698.0
2026-08-06,31.85649,32.18211,31.15098,31.422330000000002,128712.0
2026-08-07,31.422330000000002,32.67054,31.36806,31.802220000000002,571792.0
2026-08-10,32.18211,32.50773,31.802220000000002,32.45346,172622.0
2026-08-11,32.50773,32.562,31.802220000000002,31.85649,248675.0
2026-08-12,31.802220000000002,32.29065,31.58514,31.74795,201259.0
2026-08-13,31.802220000000002,32.344919999999995,31.802220000000002,32.0193,221152.0
2026-08-14,31.91076,32.07357,31.58514,31.63941,222086.0
2026-08-17,32.45346,33.81021,32.12784,33.26751,756193.0
2026-08-18,33.53886,33.53886,32.61627,32.887620000000005,172251.0
2026-08-19,32.77908,33.104699999999994,31.91076,32.562,541221.0
2026-08-20,32.61627,32.887620000000005,32.45346,32.562,99605.0
2026-08-21,32.67054,33.21324,32.45346,33.21324,311879.0
2026-08-24,33.26751,33.53886,32.77908,32.99616,537792.0
2026-08-25,33.593129999999995,33.75594,32.833349999999996,33.05043,514520.0
2026-08-26,33.376050000000006,33.91875,33.376050000000006,33.376050000000006,719287.0
2026-08-27,33.593129999999995,33.70167,33.32178,33.48459,372753.0
2026-08-28,33.593129999999995,33.91875,33.48459,33.48459,304953.0
2026-09-03,33.647400000000005,33.75594,33.26751,33.26751,543211.0
2026-09-04,33.48459,33.53886,33.26751,33.53886,318136.0
2026-09-07,33.81021,34.1901,33.53886,33.593129999999995,792611.0
2026-09-08,33.97302,33.97302,33.32178,33.647400000000005,334961.0
2026-09-09,33.70167,33.81021,33.26751,33.32178,414346.0
2026-09-10,33.32178,33.43032,32.77908,32.77908,540846.0
2026-09-11,33.35,33.9,32.45,32.8,880386.0
2026-09-14,32.6,33.3,30.8,31.1,801671.0
2026-09-15,30.95,31.8,30.9,31.4,559272.0
2026-09-16,31.5,32.5,31.3,31.75,327693.0
2026-09-17,31.55,32.0,31.45,31.7,157222.0
2026-09-18,31.8,32.0,31.5,31.55,215129.0
2026-09-21,31.6,31.95,31.6,31.7,232415.0
2026-09-22,31.85,31.95,31.65,31.65,183658.0
2026-09-23,31.7,32.25,31.6,31.65,428832.0
2026-09-24,31.7,32.55,31.7,32.0,456200.0
2026-09-25,32.3,32.75,32.2,32.45,315600.0
2026-09-28,32.75,32.75,31.8,31.9,381900.0
2026-09-29,31.9,32.75,31.85,32.7,746300.0
2026-09-30,33.0,34.5,32.9,33.55,965000.0
2026-10-01,33.9,34.6,33.35,33.85,843200.0
2026-10-02,33.55,34.35,33.15,33.2,913600.0
