,open,high,low,close,volume
2020-05-08,34.3688,36.608470000000004,34.3688,35.671879999999994,2375610.0
2020-05-11,35.83477,36.241980000000005,35.54972,36.079089999999994,1344010.0
2020-05-12,36.079089999999994,37.463620000000006,35.34611,37.09713,1799500.0
2020-05-13,37.09713,37.870830000000005,36.32342,37.17857,1755200.0
2020-05-14,37.13785,37.30073,36.527029999999996,37.13785,995730.0
2020-05-15,37.38218,37.4229,36.241980000000005,36.241980000000005,1240110.0
2020-05-18,36.241980000000005,37.056400000000004,36.241980000000005,36.934239999999996,851610.0
2020-05-19,38.68526,38.68526,37.70795,38.11516,1378600.0
2020-05-20,37.54506,38.155879999999996,37.54506,38.155879999999996,738990.0
2020-05-21,38.278040000000004,38.68526,37.870830000000005,38.278040000000004,1019750.0
2020-05-22,38.1966,38.1966,37.6265,37.78939,795930.0
2020-05-25,37.78939,38.11516,37.056400000000004,37.74867,625220.0
2020-05-26,38.278040000000004,38.278040000000004,37.78939,38.1966,626270.0
2020-05-27,38.278040000000004,38.80742,38.1966,38.1966,958690.0
2020-05-28,38.1966,38.278040000000004,37.911550000000005,38.11516,458950.0
2020-05-29,38.11516,38.155879999999996,37.50434,37.58578,806010.0
2020-06-01,37.58578,38.03372,37.58578,37.70795,817190.0
2020-06-02,38.11516,38.35949,37.58578,37.78939,1306180.0
2020-06-03,38.1966,38.278040000000004,37.870830000000005,38.03372,508870.0
2020-06-04,38.278040000000004,38.60382,38.1966,38.40021,868580.0
2020-06-05,38.44093,38.44093,36.974959999999996,38.278040000000004,586880.0
2020-06-08,38.60382,39.17391000000001,38.52237,39.09247,1541960.0
2020-06-09,39.09247,39.17391000000001,38.60382,38.7667,670760.0
2020-06-10,38.7667,38.84814,37.95227,38.84814,690860.0
2020-06-11,39.09247,39.09247,36.16054,36.16054,997810.0
2020-06-12,34.938900000000004,36.81208,34.938900000000004,36.81208,1063220.0
2020-06-15,37.056400000000004,37.056400000000004,35.671879999999994,35.83477,638070.0
2020-06-16,35.91621,36.81208,35.91621,36.079089999999994,1056690.0
2020-06-17,36.079089999999994,37.341449999999995,36.079089999999994,37.26001,2149680.0
2020-06-18,37.13785,38.44093,37.13785,38.03372,1266690.0
2020-06-19,38.44093,38.44093,37.38218,37.463620000000006,1795970.0
2020-06-22,37.463620000000006,37.70795,36.73063,37.463620000000006,1997120.0
2020-06-23,37.38218,37.870830000000005,36.73063,37.66722,2106770.0
2020-06-24,37.66722,37.66722,36.974959999999996,37.38218,1882350.0
2020-06-25,36.974959999999996,37.38218,36.486309999999996,37.341449999999995,1579880.0
2020-06-26,37.463620000000006,37.6265,36.893519999999995,37.30073,1794130.0
2020-06-29,37.17857,37.17857,36.03837,36.241980000000005,2141710.0
2020-06-30,36.241980000000005,36.81208,35.83477,36.241980000000005,1473030.0
2020-07-01,36.32342,36.81208,35.83477,36.73063,1510610.0
2020-07-02,36.974959999999996,37.13785,36.201260000000005,37.056400000000004,1347150.0
2020-07-03,37.056400000000004,37.6265,36.81208,37.4229,599290.0
2020-07-06,37.30073,37.870830000000005,37.26001,37.78939,810350.0
2020-07-07,38.11516,38.11516,37.463620000000006,37.870830000000005,583010.0
2020-07-08,37.870830000000005,37.870830000000005,37.463620000000006,37.870830000000005,467240.0
2020-07-09,37.870830000000005,38.03372,37.6265,37.911550000000005,678930.0
2020-07-10,37.78939,37.870830000000005,37.58578,37.74867,340000.0
2020-07-13,37.70795,37.870830000000005,37.66722,37.78939,580920.0
2020-07-14,37.70795,37.78939,37.26001,37.78939,425960.0
2020-07-15,37.870830000000005,37.95227,37.66722,37.83011,468770.0
2020-07-16,37.95227,38.52237,37.95227,38.155879999999996,878460.0
2020-07-17,38.155879999999996,39.336800000000004,38.11516,38.68526,1335770.0
2020-07-20,38.35949,38.48165,37.74867,37.78939,574960.0
2020-07-21,37.83011,37.870830000000005,37.09713,37.38218,439810.0
2020-07-22,37.78939,37.78939,36.649190000000004,36.893519999999995,720410.0
2020-07-23,36.893519999999995,37.58578,36.689910000000005,37.463620000000006,368860.0
2020-07-24,37.30073,37.463620000000006,35.79404,36.974959999999996,876920.0
2020-07-27,34.61313,35.75332,34.40951999999999,34.40951999999999,1119400.0
2020-07-28,34.45024,36.649190000000004,34.287349999999996,35.50899,552420.0
2020-07-29,35.02034,35.427550000000004,33.43221,33.83942,399820.0
2020-07-30,34.20591,34.61313,34.04303,34.3688,173730.0
2020-07-31,34.04303,34.69457,33.39149,34.3688,359580.0
2020-08-03,34.287349999999996,35.95693,34.20591,35.63116,528550.0
2020-08-04,35.63116,36.241980000000005,35.10178,36.241980000000005,382000.0
2020-08-05,35.99765,36.486309999999996,35.91621,36.201260000000005,234150.0
2020-08-06,36.16054,36.486309999999996,35.87549,36.32342,432920.0
2020-08-07,36.32342,36.40486,36.079089999999994,36.32342,221640.0
2020-08-10,36.32342,36.974959999999996,36.32342,36.81208,310330.0
2020-08-11,36.81208,37.26001,36.77136,37.21929,549990.0
2020-08-12,37.21929,37.870830000000005,37.21929,37.870830000000005,660600.0
2020-08-13,37.95227,38.278040000000004,37.74867,37.95227,380300.0
2020-08-14,37.6265,37.993,37.58578,37.95227,509440.0
2020-08-17,37.66722,37.870830000000005,37.4229,37.6265,225870.0
2020-08-18,37.66722,37.66722,37.4229,37.50434,88390.0
2020-08-19,37.50434,38.278040000000004,37.38218,38.278040000000004,562910.0
2020-08-20,38.278040000000004,38.40021,37.70795,37.74867,429540.0
2020-08-21,37.74867,38.155879999999996,37.74867,37.911550000000005,548520.0
2020-08-24,38.1966,39.581129999999995,38.1966,39.49968,1037310.0
2020-08-25,39.9069,41.12854,39.9069,41.04709,1227490.0
2020-08-26,41.04709,41.94296,41.04709,41.86152,1298440.0
2020-08-27,41.86152,43.1646,41.86152,43.00172,3326890.0
2020-08-28,43.00172,43.1646,42.35018,42.5945,3804130.0
2020-08-31,42.43162,43.246050000000004,42.35018,42.75739,3631670.0
2020-09-01,43.1646,43.1646,42.43162,43.08316000000001,2076920.0
2020-09-03,43.41505,43.66408,42.66795,43.24903,2055830.0
2020-09-04,42.3359,43.24903,42.08686,42.83397,2920060.0
2020-09-07,42.75096,43.083,42.16988,42.418910000000004,2220460.0
2020-09-08,42.75096,42.99999,42.16988,42.50192,1444420.0
2020-09-09,42.16988,42.3359,41.92084,42.25289,1610170.0
2020-09-10,42.418910000000004,42.50192,41.50578,41.58879,1510640.0
2020-09-11,41.58879,41.75482,41.25675,41.25675,1431590.0
2020-09-14,41.42277,41.50578,41.21524,41.339760000000005,1309320.0
2020-09-15,41.339760000000005,41.42277,40.67567,41.09073,1658590.0
2020-09-16,41.25675,42.16988,41.25675,42.16988,221840.0
2020-09-17,42.3359,42.418910000000004,41.381269999999994,41.50578,210810.0
2020-09-18,41.50578,42.00385,41.50578,41.837830000000004,518560.0
2020-09-21,42.25289,42.25289,41.75482,42.08686,473020.0
2020-09-22,42.08686,42.08686,41.67181,41.837830000000004,170700.0
2020-09-23,41.837830000000004,42.91698,41.67181,42.83397,583370.0
2020-09-24,42.91698,42.99999,42.3359,42.91698,273970.0
2020-09-25,42.75096,42.91698,42.25289,42.83397,178820.0
2020-09-28,42.91698,42.91698,42.3359,42.58493,177110.0
2020-09-29,42.50192,42.83397,42.00385,42.00385,244710.0
2020-09-30,42.00385,42.16988,41.50578,41.75482,178430.0
2020-10-01,42.3359,42.3359,41.92084,42.16988,145990.0
2020-10-02,42.00385,42.16988,41.67181,42.00385,232550.0
2020-10-05,42.00385,42.08686,41.67181,41.67181,256340.0
2020-10-06,42.16988,42.16988,41.58879,41.67181,245460.0
2020-10-07,41.50578,41.75482,41.42277,41.42277,485060.0
2020-10-08,41.50578,41.67181,41.339760000000005,41.339760000000005,137770.0
2020-10-09,41.339760000000005,41.67181,41.29825,41.29825,218150.0
2020-10-12,41.339760000000005,41.50578,40.883199999999995,40.96621,282010.0
2020-10-13,40.924699999999994,41.42277,40.883199999999995,40.96621,167150.0
2020-10-14,40.96621,41.09073,40.84169,41.09073,678810.0
2020-10-15,41.42277,42.00385,41.339760000000005,41.339760000000005,460270.0
2020-10-16,41.173739999999995,41.67181,41.173739999999995,41.46428,251320.0
2020-10-19,41.50578,41.50578,40.924699999999994,40.96621,678150.0
2020-10-20,40.67567,41.09073,40.38513,40.75868,571730.0
2020-10-21,40.75868,41.09073,40.426629999999996,40.59266,287910.0
2020-10-22,40.67567,41.007709999999996,40.30212,41.007709999999996,179460.0
2020-10-23,41.25675,41.25675,40.75868,41.09073,238360.0
2020-10-26,41.09073,41.50578,40.84169,41.50578,266000.0
2020-10-27,41.09073,41.50578,40.924699999999994,41.007709999999996,163610.0
2020-10-28,40.50964,40.84169,39.43049,39.43049,247080.0
2020-10-29,39.26447,40.26061,39.18146,40.01158,211090.0
2020-10-30,40.01158,40.67567,39.09845,40.67567,523960.0
2020-11-02,40.26061,40.426629999999996,40.05308,40.136089999999996,122440.0
2020-11-03,40.426629999999996,40.50964,40.09459,40.09459,80450.0
2020-11-04,40.1776,40.80018,40.1776,40.50964,199140.0
2020-11-05,40.59266,40.80018,40.426629999999996,40.426629999999996,255810.0
2020-11-06,40.46814,40.50964,39.84555,40.09459,147850.0
2020-11-09,40.09459,40.426629999999996,40.09459,40.26061,266160.0
2020-11-10,41.42277,41.42277,37.47972,40.55115,1107700.0
2020-11-11,40.67567,41.173739999999995,40.136089999999996,40.55115,512860.0
2020-11-12,40.55115,40.75868,40.2191,40.34362,356940.0
2020-11-13,40.09459,40.50964,39.88706,40.50964,459050.0
2020-11-16,40.67567,40.924699999999994,39.97007,39.97007,896740.0
2020-11-17,40.1776,40.34362,39.97007,40.1776,468290.0
2020-11-18,40.34362,40.46814,40.136089999999996,40.1776,485750.0
2020-11-19,40.426629999999996,42.66795,40.34362,42.08686,1877310.0
2020-11-20,42.25289,42.418910000000004,42.00385,42.00385,705480.0
2020-11-23,42.08686,42.58493,41.42277,42.08686,776920.0
2020-11-24,42.16988,42.25289,41.173739999999995,41.67181,886820.0
2020-11-25,42.3359,42.3359,41.67181,41.837830000000004,694950.0
2020-11-26,41.75482,43.33204,41.67181,42.66795,1630020.0
2020-11-27,42.66795,43.083,42.25289,42.58493,627770.0
2020-11-30,42.66795,42.83397,42.16988,42.16988,515420.0
2020-12-01,41.50578,42.16988,41.09073,42.00385,907360.0
2020-12-02,42.00385,42.66795,41.50578,42.25289,632830.0
2020-12-03,42.50192,42.58493,41.75482,42.00385,688180.0
2020-12-04,42.25289,42.83397,42.00385,42.16988,901290.0
2020-12-07,42.66795,42.66795,42.3359,42.58493,534840.0
2020-12-08,42.58493,42.66795,42.00385,42.08686,768990.0
2020-12-09,42.25289,43.99613,42.08686,43.41505,1540750.0
2020-12-10,43.41505,43.99613,42.83397,42.83397,906890.0
2020-12-11,43.58107,43.99613,42.91698,43.99613,1131390.0
2020-12-14,44.245160000000006,45.2413,44.162150000000004,45.2413,1162870.0
2020-12-15,44.82625,45.65636,44.411190000000005,44.743230000000004,1249090.0
2020-12-16,44.66022,44.82625,44.411190000000005,44.57721,651030.0
2020-12-17,44.32818,44.57721,42.99999,43.41505,1365140.0
2020-12-18,43.41505,44.66022,43.41505,44.66022,839990.0
2020-12-21,44.82625,44.90926,44.162150000000004,44.82625,838750.0
2020-12-22,44.162150000000004,44.66022,43.99613,44.162150000000004,640360.0
2020-12-23,44.07914,45.07528,44.07914,44.07914,866960.0
2020-12-24,44.32818,44.66022,41.09073,43.747099999999996,833500.0
2020-12-25,43.83011,44.162150000000004,43.16601,44.07914,394190.0
2020-12-28,44.66022,45.98841,44.07914,45.490339999999996,1758050.0
2020-12-29,45.65636,46.23744,44.90926,45.40733,1165010.0
2020-12-30,45.57335,46.071419999999996,45.2413,45.57335,456950.0
2020-12-31,45.32432,45.65636,45.2413,45.32432,566460.0
2021-01-04,45.65636,46.40347,45.32432,45.57335,1330000.0
2021-01-05,45.65636,46.15443,45.32432,45.73937,746800.0
2021-01-06,46.40347,47.06756,45.822379999999995,45.9054,691800.0
2021-01-07,46.071419999999996,46.735510000000005,45.822379999999995,46.15443,755500.0
2021-01-08,46.569489999999995,47.89767,46.320449999999994,46.6525,1314800.0
2021-01-11,48.0637,48.561769999999996,47.23358,47.56563,1140700.0
2021-01-12,47.64864,48.0637,47.15057,47.56563,656300.0
2021-01-13,48.0637,48.14671,47.23358,47.31659,792700.0
2021-01-14,46.984550000000006,47.482620000000004,46.48648,46.6525,1187700.0
2021-01-15,46.6525,46.984550000000006,45.9054,46.48648,1236000.0
2021-01-18,46.320449999999994,47.482620000000004,46.071419999999996,46.569489999999995,1240800.0
2021-01-19,46.901540000000004,46.901540000000004,43.58107,43.99613,805900.0
2021-01-20,44.162150000000004,44.82625,43.16601,44.245160000000006,1368100.0
2021-01-21,45.07528,45.65636,44.411190000000005,45.57335,961300.0
2021-01-22,45.73937,46.320449999999994,45.07528,45.07528,990800.0
2021-01-25,44.99227,45.490339999999996,44.743230000000004,44.743230000000004,906400.0
2021-01-26,44.743230000000004,45.2413,43.24903,43.66408,1198900.0
2021-01-27,43.66408,43.91312,42.00385,42.08686,1168700.0
2021-01-28,40.426629999999996,41.339760000000005,39.18146,39.18146,1593800.0
2021-01-29,37.77026,41.92084,37.77026,40.67567,734900.0
2021-02-01,40.67567,41.50578,39.92856,40.26061,693200.0
2021-02-02,40.26061,41.58879,40.01158,41.25675,1078600.0
2021-02-03,41.42277,42.50192,41.42277,41.92084,707800.0
2021-02-04,42.3359,42.58493,41.75482,42.58493,364700.0
2021-02-05,42.75096,43.33204,42.58493,43.33204,570400.0
2021-02-08,43.83011,44.82625,41.58879,43.16601,2088700.0
2021-02-09,42.75096,44.07914,42.16988,43.99613,1327100.0
2021-02-17,45.07528,46.320449999999994,44.07914,46.23744,1271200.0
2021-02-18,46.40347,46.735510000000005,46.071419999999996,46.569489999999995,1304600.0
2021-02-19,46.15443,46.735510000000005,45.822379999999995,46.6525,1466000.0
2021-02-22,46.6525,48.14671,46.569489999999995,47.482620000000004,2133700.0
2021-02-23,47.98069,48.0637,46.735510000000005,47.15057,1314000.0
2021-02-24,48.0637,48.14671,46.735510000000005,47.56563,1965900.0
2021-02-25,48.14671,48.97682,47.56563,48.47875,2473000.0
2021-02-26,47.31659,48.31273,47.31659,48.31273,1319300.0
2021-03-01,48.395739999999996,49.059839999999994,48.31273,48.97682,5292000.0
2021-03-02,49.39188,49.47489,48.561769999999996,48.64478,3858000.0
2021-03-03,48.64478,48.72779,48.22972,48.561769999999996,4286300.0
2021-03-04,48.561769999999996,48.893809999999995,46.48648,47.98069,4348500.0
2021-03-05,48.22972,48.561769999999996,47.73165,48.14671,4894700.0
2021-03-08,48.97682,49.142849999999996,48.0637,48.47875,3852200.0
2021-03-09,48.14671,48.14671,46.901540000000004,46.984550000000006,4097200.0
2021-03-10,46.901540000000004,46.984550000000006,46.15443,46.320449999999994,4298000.0
2021-03-11,46.569489999999995,47.31659,45.9054,46.15443,2905500.0
2021-03-12,46.6525,46.901540000000004,46.15443,46.15443,2127200.0
2021-03-15,45.822379999999995,48.14671,45.822379999999995,47.3996,4551600.0
2021-03-16,47.31659,48.14671,46.6525,47.98069,4964600.0
2021-03-17,47.56563,48.0637,47.482620000000004,47.98069,4739600.0
2021-03-18,47.98069,48.0637,47.73165,47.89767,3442900.0
2021-03-19,47.06756,47.31659,46.15443,46.735510000000005,4493400.0
2021-03-22,46.735510000000005,47.15057,46.48648,46.48648,963700.0
2021-03-23,46.48648,47.81466,46.320449999999994,47.482620000000004,1753800.0
2021-03-24,47.15057,47.15057,46.48648,46.735510000000005,1694900.0
2021-03-25,46.569489999999995,46.901540000000004,46.320449999999994,46.6525,889500.0
2021-03-26,46.40347,46.48648,43.99613,46.40347,1148200.0
2021-03-29,46.901540000000004,46.984550000000006,46.15443,46.15443,662600.0
2021-03-30,46.15443,46.569489999999995,45.98841,46.071419999999996,969300.0
2021-03-31,46.071419999999996,47.06756,45.73937,45.73937,935900.0
2021-04-01,45.73937,46.81852,45.73937,46.735510000000005,679900.0
2021-04-02,46.984550000000006,47.31659,46.81852,46.901540000000004,1046700.0
2021-04-05,47.15057,47.73165,46.15443,46.40347,1662400.0
2021-04-06,45.98841,46.48648,45.9054,46.320449999999994,1105900.0
2021-04-07,46.071419999999996,46.320449999999994,45.9054,46.320449999999994,1256900.0
2021-04-08,46.48648,46.735510000000005,46.15443,46.40347,740900.0
2021-04-09,46.40347,46.735510000000005,46.23744,46.40347,749700.0
2021-04-12,46.071419999999996,46.48648,46.071419999999996,46.40347,1616600.0
2021-04-13,46.48648,46.569489999999995,45.57335,45.57335,1443600.0
2021-04-14,45.57335,46.071419999999996,45.15829,45.822379999999995,844600.0
2021-04-15,46.15443,46.6525,44.66022,45.15829,2122700.0
2021-04-16,45.32432,45.32432,43.16601,43.83011,1472100.0
2021-04-19,43.83011,44.162150000000004,43.58107,43.58107,1408700.0
2021-04-20,43.99613,44.82625,43.58107,43.91312,1359900.0
2021-04-22,43.24903,43.91312,42.3359,42.3359,1485700.0
2021-04-23,42.3359,42.66795,41.837830000000004,42.3359,2184900.0
2021-04-26,43.16601,43.16601,41.21524,41.46428,1127800.0
2021-04-27,41.46428,41.50578,40.34362,40.34362,2050800.0
2021-04-28,40.50964,41.67181,40.426629999999996,41.50578,1396000.0
2021-04-29,41.92084,42.00385,41.173739999999995,41.75482,1037100.0
2021-05-04,41.50578,41.50578,40.67567,41.21524,1098200.0
2021-05-05,41.92084,43.33204,41.67181,42.25289,1453500.0
2021-05-06,41.09073,42.99999,41.09073,42.16988,1035200.0
2021-05-07,42.00385,42.25289,41.58879,42.08686,1861800.0
2021-05-10,42.08686,44.411190000000005,42.08686,44.245160000000006,2939400.0
2021-05-11,44.411190000000005,44.57721,43.99613,43.99613,1711900.0
2021-05-12,43.83011,44.4942,43.83011,44.245160000000006,2193100.0
2021-05-13,44.32818,45.07528,44.162150000000004,44.82625,2040100.0
2021-05-14,44.99227,45.57335,44.82625,45.490339999999996,2380600.0
2021-05-17,46.071419999999996,46.15443,44.743230000000004,44.82625,2314100.0
2021-05-18,44.82625,45.15829,44.411190000000005,44.82625,2399700.0
2021-05-19,45.2413,45.9054,44.90926,44.99227,2808800.0
2021-05-20,45.32432,45.490339999999996,44.411190000000005,45.15829,1480900.0
2021-05-21,45.07528,47.64864,44.66022,47.64864,2248400.0
2021-05-24,46.984550000000006,46.984550000000006,46.15443,46.735510000000005,3111800.0
2021-05-25,46.735510000000005,46.81852,46.15443,46.6525,3987700.0
2021-05-26,46.48648,46.48648,45.73937,45.9054,4817200.0
2021-05-27,45.65636,45.822379999999995,44.66022,44.743230000000004,4228500.0
2021-05-28,45.2413,45.65636,44.66022,45.490339999999996,4141900.0
2021-05-31,44.99227,45.65636,44.90926,45.32432,4350300.0
2021-06-01,45.65636,46.15443,45.2413,45.40733,2062500.0
2021-06-02,45.65636,46.48648,45.40733,45.822379999999995,4807300.0
2021-06-03,46.40347,46.40347,45.73937,45.98841,4369300.0
2021-06-04,45.98841,47.73165,45.32432,47.482620000000004,5913000.0
2021-06-07,47.98069,48.14671,45.65636,46.984550000000006,6463900.0
2021-06-08,46.48648,46.81852,45.32432,45.40733,5831000.0
2021-06-09,45.32432,45.57335,44.07914,44.66022,4049700.0
2021-06-10,44.57721,44.66022,43.33204,43.58107,3102600.0
2021-06-11,43.99613,44.99227,43.66408,44.82625,5131500.0
2021-06-14,45.490339999999996,45.98841,44.90926,45.65636,6387700.0
2021-06-15,45.57335,46.071419999999996,44.82625,45.490339999999996,7003300.0
2021-06-16,45.73937,47.15057,45.73937,46.48648,4148100.0
2021-06-17,46.071419999999996,47.3996,45.65636,47.06756,3096600.0
2021-06-18,46.901540000000004,47.23358,46.6525,46.901540000000004,2319300.0
2021-06-21,47.3996,49.059839999999994,47.23358,48.64478,6573200.0
2021-06-22,49.22586,49.39188,48.561769999999996,48.64478,3673900.0
2021-06-23,48.73063,48.90013,47.71364,47.88314,2790000.0
2021-06-24,47.62889,48.222139999999996,47.120400000000004,47.45939,2592500.0
2021-06-25,47.54414,48.222139999999996,47.20515,47.88314,1839500.0
2021-06-28,48.73063,48.73063,48.05264,48.39163,2439700.0
2021-06-29,47.96789,48.30688,47.035650000000004,47.62889,2488400.0
2021-06-30,47.37465,47.79839,46.44241,46.44241,2339900.0
2021-07-01,46.52716,47.45939,45.76442,47.035650000000004,2307300.0
2021-07-02,47.62889,47.71364,46.866150000000005,46.950900000000004,1266800.0
2021-07-05,46.950900000000004,47.20515,45.594919999999995,46.18816,2150300.0
2021-07-06,47.035650000000004,47.035650000000004,43.81519,43.81519,1955600.0
2021-07-07,43.81519,45.08643,43.22195,45.08643,2287100.0
2021-07-08,44.15419,44.91693,43.98469,44.32368,1593300.0
2021-07-09,43.89994,44.83218,42.20496,43.05245,2491500.0
2021-07-12,43.3067,43.3067,40.933730000000004,42.077839999999995,2701900.0
2021-07-13,42.37446,43.39145,42.247339999999994,43.22195,1200100.0
2021-07-14,43.4762,43.89994,42.45921,43.1372,1160000.0
2021-07-15,42.54396,43.56094,42.45921,43.1372,1030800.0
2021-07-16,43.22195,43.64569,43.1372,43.3067,1041300.0
2021-07-19,41.950720000000004,42.45921,41.10323,41.52697,1312400.0
2021-07-20,41.35747,41.865970000000004,40.509980000000006,41.823589999999996,1878300.0
2021-07-21,42.37446,42.798199999999994,42.162589999999994,42.37446,1131300.0
2021-07-22,42.37446,43.39145,42.37446,43.1372,784100.0
2021-07-23,42.882949999999994,43.1372,42.45921,42.54396,1002500.0
2021-07-26,42.03546,42.37446,41.781220000000005,42.28971,1069300.0
2021-07-27,42.798199999999994,43.1372,42.37446,42.62871,975000.0
2021-07-28,42.54396,43.05245,42.37446,42.798199999999994,464600.0
2021-07-29,42.798199999999994,43.22195,42.332089999999994,43.22195,1719000.0
2021-07-30,43.39145,43.81519,43.05245,43.4762,1306000.0
2021-08-02,43.64569,44.06944,43.3067,43.64569,872300.0
2021-08-03,43.64569,43.73044,43.1372,43.39145,1243400.0
2021-08-04,43.64569,44.83218,43.22195,44.32368,2070900.0
2021-08-05,44.40843,44.83218,43.98469,44.40843,806900.0
2021-08-06,44.74743,45.17117,44.57793,44.83218,1720900.0
2021-08-09,44.57793,45.00168,44.06944,44.83218,1710100.0
2021-08-10,44.74743,45.67967,44.49318,45.594919999999995,4106100.0
2021-08-11,45.594919999999995,45.84917,45.255919999999996,45.255919999999996,2800700.0
2021-08-12,44.91693,45.510169999999995,44.91693,44.91693,2153600.0
2021-08-13,44.57793,44.91693,43.98469,44.83218,2831900.0
2021-08-16,44.66268,44.66268,43.22195,44.15419,1051300.0
2021-08-17,44.23894,44.49318,43.73044,43.73044,1354100.0
2021-08-18,43.73044,43.98469,43.4762,43.73044,1016100.0
2021-08-19,43.73044,43.89994,43.3067,43.64569,1008500.0
2021-08-20,43.81519,43.81519,41.950720000000004,42.03546,1982900.0
2021-08-23,41.865970000000004,42.28971,41.10323,41.10323,1795400.0
2021-08-24,41.52697,41.781220000000005,41.10323,41.35747,1279500.0
2021-08-25,41.65409,42.247339999999994,41.52697,41.993089999999995,1156100.0
2021-08-26,42.077839999999995,42.45921,41.27272,41.27272,754100.0
2021-08-27,41.1456,41.950720000000004,41.1456,41.950720000000004,797100.0
2021-08-30,42.28971,42.45921,41.865970000000004,41.993089999999995,831900.0
2021-08-31,42.37446,42.37446,41.950720000000004,42.12021,1101500.0
2021-09-01,42.20496,43.3067,42.12021,43.05245,1320900.0
2021-09-06,43.39145,43.98469,43.05245,43.3067,1375400.0
2021-09-07,43.3067,43.56094,42.45921,42.71346,1205400.0
2021-09-08,42.71346,42.798199999999994,41.781220000000005,41.781220000000005,915600.0
2021-09-09,41.950720000000004,43.05245,41.950720000000004,42.882949999999994,746700.0
2021-09-10,43.1372,43.22195,42.798199999999994,42.798199999999994,702400.0
2021-09-13,43.05245,43.3067,42.62871,42.62871,1201200.0
2021-09-14,43.05245,43.05245,42.45921,42.45921,648500.0
2021-09-15,42.45921,43.1372,42.45921,43.1372,847800.0
2021-09-16,43.4762,43.89994,43.05245,43.22195,1014800.0
2021-09-17,43.4762,43.4762,42.967699999999994,42.967699999999994,893600.0
2021-09-20,42.967699999999994,43.4762,42.37446,42.37446,1142300.0
2021-09-21,41.950720000000004,42.37446,41.781220000000005,42.03546,981600.0
2021-09-22,42.20496,42.882949999999994,42.03546,42.45921,553000.0
2021-09-23,42.798199999999994,43.1372,42.37446,42.54396,919700.0
2021-09-24,42.798199999999994,43.1372,42.247339999999994,42.37446,951000.0
2021-09-27,42.882949999999994,43.1372,42.45921,42.45921,1496700.0
2021-09-28,42.54396,43.73044,42.45921,43.3067,2247200.0
2021-09-29,43.56094,44.49318,43.22195,44.06944,2210600.0
2021-09-30,44.32368,44.40843,43.64569,43.73044,969100.0
2021-10-01,43.4762,44.32368,43.39145,43.98469,2380900.0
2021-10-04,44.91693,45.933910000000004,44.74743,45.594919999999995,3732500.0
2021-10-05,46.18816,46.18816,45.425419999999995,45.67967,1392800.0
2021-10-06,45.933910000000004,46.18816,45.340669999999996,45.67967,1460000.0
2021-10-07,45.340669999999996,46.18816,44.49318,45.76442,2783100.0
2021-10-08,46.018660000000004,46.018660000000004,45.340669999999996,45.67967,975300.0
2021-10-11,46.866150000000005,46.866150000000005,46.103410000000004,46.52716,1873000.0
2021-10-12,46.52716,46.950900000000004,45.933910000000004,46.61191,2970900.0
2021-10-13,46.35766,46.69665,45.594919999999995,45.594919999999995,1768800.0
2021-10-14,45.67967,46.018660000000004,45.510169999999995,45.67967,1634100.0
2021-10-15,46.018660000000004,46.018660000000004,45.255919999999996,45.425419999999995,1830000.0
2021-10-18,45.594919999999995,46.52716,45.510169999999995,46.103410000000004,2103700.0
2021-10-19,46.018660000000004,46.69665,45.76442,46.44241,1198600.0
2021-10-20,46.52716,46.52716,45.08643,45.67967,1183600.0
2021-10-21,46.103410000000004,46.103410000000004,45.340669999999996,45.340669999999996,1128500.0
2021-10-22,45.340669999999996,45.67967,44.66268,44.83218,1576000.0
2021-10-25,45.255919999999996,46.44241,44.91693,45.84917,1068200.0
2021-10-26,46.44241,47.2899,46.018660000000004,46.27291,2374600.0
2021-10-27,46.781400000000005,46.866150000000005,46.27291,46.866150000000005,2086200.0
2021-10-28,46.69665,46.866150000000005,46.27291,46.44241,1387500.0
2021-10-29,46.44241,46.69665,45.84917,45.84917,2289600.0
2021-11-01,45.67967,46.44241,45.510169999999995,45.67967,1823500.0
2021-11-02,45.76442,46.44241,45.67967,46.018660000000004,1890500.0
2021-11-03,46.18816,46.35766,44.91693,44.91693,1957500.0
2021-11-04,44.91693,45.340669999999996,44.49318,44.66268,1526500.0
2021-11-05,44.83218,46.61191,44.83218,45.67967,2295000.0
2021-11-08,46.18816,47.035650000000004,46.018660000000004,46.35766,2207100.0
2021-11-09,46.27291,46.44241,45.933910000000004,46.18816,1074200.0
2021-11-10,46.781400000000005,49.40862,46.44241,49.40862,7387900.0
2021-11-11,50.9341,51.2731,49.747620000000005,50.67985,5714300.0
2021-11-12,50.7646,50.84935,49.578120000000006,50.84935,2450800.0
2021-11-15,50.9341,52.37483,50.17136,50.9341,3128700.0
2021-11-16,50.67985,51.18835,49.83236,49.83236,2612300.0
2021-11-17,49.662870000000005,52.62908,49.578120000000006,52.62908,4711400.0
2021-11-18,52.71383,52.88333,51.527339999999995,51.696839999999995,2574800.0
2021-11-19,52.37483,52.37483,48.222139999999996,50.34086,5024900.0
2021-11-22,49.40862,49.91711,47.120400000000004,47.37465,3031200.0
2021-11-23,47.37465,48.30688,47.120400000000004,48.30688,2507800.0
2021-11-24,48.90013,49.40862,47.96789,48.30688,2281600.0
2021-11-25,48.56113,50.00186,48.30688,49.15437,2036100.0
2021-11-26,49.15437,49.578120000000006,47.96789,48.137389999999996,2760500.0
2021-11-29,46.950900000000004,46.950900000000004,45.76442,46.52716,2717900.0
2021-11-30,47.035650000000004,48.05264,45.84917,45.84917,2727300.0
2021-12-01,45.76442,46.69665,45.76442,46.018660000000004,1844900.0
2021-12-02,46.018660000000004,47.37465,46.018660000000004,47.035650000000004,1186100.0
2021-12-03,47.035650000000004,47.035650000000004,45.17117,45.17117,1645400.0
2021-12-06,45.255919999999996,45.594919999999995,43.3067,43.81519,2038600.0
2021-12-07,44.40843,45.340669999999996,44.15419,45.340669999999996,989900.0
2021-12-08,45.76442,46.44241,45.510169999999995,45.594919999999995,1106400.0
2021-12-09,45.340669999999996,46.103410000000004,45.340669999999996,45.84917,1421300.0
2021-12-10,45.594919999999995,45.67967,44.91693,45.17117,1440600.0
2021-12-13,45.255919999999996,45.933910000000004,45.17117,45.510169999999995,1316300.0
2021-12-14,45.510169999999995,46.44241,45.340669999999996,46.18816,1045000.0
2021-12-15,46.103410000000004,47.20515,45.76442,46.27291,1358400.0
2021-12-16,46.44241,46.69665,46.018660000000004,46.52716,1206700.0
2021-12-17,46.52716,46.69665,46.018660000000004,46.018660000000004,1023600.0
2021-12-20,45.933910000000004,45.933910000000004,44.57793,44.91693,1492900.0
2021-12-21,44.91693,45.255919999999996,44.57793,44.91693,858300.0
2021-12-22,45.17117,45.594919999999995,44.74743,44.74743,884600.0
2021-12-23,44.91693,45.594919999999995,43.89994,44.74743,1667200.0
2021-12-24,45.255919999999996,45.67967,44.83218,44.91693,597000.0
2021-12-27,45.17117,45.84917,45.08643,45.84917,972100.0
2021-12-28,46.35766,46.35766,45.510169999999995,45.594919999999995,888300.0
2021-12-29,45.67967,45.933910000000004,45.510169999999995,45.76442,668600.0
2021-12-30,46.103410000000004,46.44241,45.76442,45.76442,551000.0
2021-12-31,45.84917,46.27291,45.510169999999995,45.67967,872900.0
2022-01-04,46.103410000000004,47.79839,45.76442,47.37465,2734500.0
2022-01-05,47.45939,48.39163,47.120400000000004,47.20515,1640600.0
2022-01-06,47.20515,48.05264,46.781400000000005,47.035650000000004,1242900.0
2022-01-07,47.37465,48.05264,47.20515,47.71364,1521100.0
2022-01-10,48.05264,48.222139999999996,46.61191,46.61191,1504200.0
2022-01-11,46.52716,46.866150000000005,45.76442,45.84917,1115000.0
2022-01-12,47.45939,47.45939,45.510169999999995,46.44241,1388500.0
2022-01-13,46.61191,47.035650000000004,45.84917,45.933910000000004,1055200.0
2022-01-14,45.76442,46.61191,45.510169999999995,46.61191,884000.0
2022-01-17,47.45939,47.88314,45.340669999999996,45.425419999999995,1814400.0
2022-01-18,45.17117,46.103410000000004,44.83218,45.76442,1129000.0
2022-01-19,46.18816,46.27291,45.510169999999995,45.84917,1004200.0
2022-01-20,45.84917,46.18816,45.340669999999996,45.84917,669600.0
2022-01-21,45.84917,46.781400000000005,45.340669999999996,46.44241,1281700.0
2022-01-24,46.44241,47.2899,46.018660000000004,46.018660000000004,1088400.0
2022-01-25,45.84917,46.18816,45.425419999999995,46.103410000000004,977300.0
2022-01-26,46.44241,48.47638,45.933910000000004,48.30688,4913800.0
2022-01-27,49.15437,49.15437,48.30688,48.30688,1932200.0
2022-01-28,48.30688,48.73063,47.120400000000004,47.54414,1430900.0
2022-02-07,48.47638,50.84935,48.05264,49.747620000000005,3957700.0
2022-02-08,49.23912,50.25611,49.23912,49.83236,1986900.0
2022-02-09,49.83236,51.612089999999995,49.32387,50.34086,2814400.0
2022-02-10,50.7646,51.442589999999996,50.34086,51.2731,3213700.0
2022-02-11,51.527339999999995,51.612089999999995,50.25611,50.34086,2724600.0
2022-02-14,51.01885,52.45958,50.67985,51.01885,3147700.0
2022-02-15,51.1036,51.18835,49.40862,50.00186,2402200.0
2022-02-16,49.40862,50.08661,48.90013,50.00186,1851300.0
2022-02-17,49.747620000000005,51.442589999999996,49.32387,50.84935,2257800.0
2022-02-18,50.595099999999995,51.18835,50.25611,50.67985,1749200.0
2022-02-21,51.35785,51.442589999999996,50.67985,50.7646,2326000.0
2022-02-22,51.35785,53.81556,50.84935,52.54433,5660600.0
2022-02-23,53.05282,54.578300000000006,52.88333,52.96807,4311700.0
2022-02-24,53.05282,55.84954,52.54433,53.73081,5798300.0
2022-02-25,53.47657,53.98506,52.12059,52.88333,3042900.0
2022-02-28,53.39182,53.81556,52.62908,52.79858,2428900.0
2022-03-01,52.88333,53.222319999999996,51.696839999999995,51.95108999999999,3577800.0
2022-03-02,53.39182,54.324059999999996,52.12059,52.12059,5368100.0
2022-03-03,52.88333,53.73081,52.03583999999999,53.222319999999996,3080600.0
2022-03-04,52.71383,52.88333,51.781589999999994,51.781589999999994,2848300.0
2022-03-07,53.222319999999996,54.408809999999995,52.37483,53.64607,6674300.0
2022-03-08,52.96807,53.39182,51.95108999999999,51.95108999999999,2878000.0
2022-03-09,52.54433,54.15456,51.95108999999999,53.39182,3721600.0
2022-03-10,52.54433,52.54433,51.612089999999995,51.95108999999999,2906400.0
2022-03-11,51.95108999999999,52.29008,48.73063,49.15437,5639500.0
2022-03-14,48.73063,49.15437,47.2899,47.37465,3858900.0
2022-03-15,46.866150000000005,48.222139999999996,46.18816,47.45939,2592000.0
2022-03-16,47.79839,47.88314,46.950900000000004,47.62889,1634500.0
2022-03-17,47.79839,47.79839,47.120400000000004,47.2899,1490400.0
2022-03-18,47.79839,48.137389999999996,47.37465,47.37465,1514600.0
2022-03-21,47.45939,48.137389999999996,47.20515,47.45939,1400300.0
2022-03-22,47.96789,48.64588,47.88314,48.137389999999996,1998000.0
2022-03-23,48.137389999999996,48.30688,47.45939,47.45939,1522600.0
2022-03-24,48.05264,48.05264,47.37465,47.45939,1447000.0
2022-03-25,47.45939,48.30688,47.20515,47.45939,1417700.0
2022-03-28,47.45939,48.137389999999996,47.120400000000004,47.45939,1764000.0
2022-03-29,47.37465,47.96789,47.37465,47.79839,1594000.0
2022-03-30,47.62889,47.71364,46.61191,46.61191,2248900.0
2022-03-31,46.61191,47.120400000000004,46.103410000000004,46.781400000000005,1938200.0
2022-04-01,46.61191,47.120400000000004,46.18816,46.69665,1340600.0
2022-04-04,46.950900000000004,47.79839,46.866150000000005,47.62889,1692600.0
2022-04-05,47.79839,48.222139999999996,47.54414,47.54414,926100.0
2022-04-06,47.20515,47.71364,47.120400000000004,47.45939,1262500.0
2022-04-07,47.45939,48.64588,47.2899,47.96789,3131500.0
2022-04-08,47.96789,48.56113,47.62889,47.62889,1558900.0
2022-04-12,47.62889,47.62889,46.27291,46.27291,1465200.0
2022-04-13,46.44241,46.61191,45.67967,46.35766,1274500.0
2022-04-14,46.52716,46.950900000000004,46.103410000000004,46.35766,1030400.0
2022-04-15,46.44241,47.20515,46.18816,46.35766,1178200.0
2022-04-18,46.35766,47.035650000000004,44.83218,44.83218,1985100.0
2022-04-19,45.08643,45.76442,43.22195,43.22195,1352700.0
2022-04-20,43.22195,44.32368,43.05245,43.4762,1732500.0
2022-04-21,43.56094,43.81519,42.45921,42.62871,2002500.0
2022-04-22,42.798199999999994,43.22195,41.35747,42.45921,2090300.0
2022-04-25,42.54396,42.71346,39.493,39.493,2303200.0
2022-04-26,38.137010000000004,40.509980000000006,37.798019999999994,40.509980000000006,2044300.0
2022-04-27,40.509980000000006,40.933730000000004,39.66249,40.933730000000004,593900.0
2022-04-28,41.018480000000004,41.018480000000004,40.255739999999996,40.509980000000006,609700.0
2022-04-29,40.425230000000006,41.10323,40.170989999999996,40.679480000000005,871300.0
2022-05-04,40.679480000000005,41.781220000000005,40.679480000000005,41.23035,779900.0
2022-05-05,41.61172,41.950720000000004,40.12861,40.340489999999996,1542400.0
2022-05-06,39.40825,39.83199,38.81501,38.81501,1026300.0
2022-05-09,38.77263,38.77263,36.10304,36.10304,2497600.0
2022-05-10,34.15381,36.44204,34.15381,36.18779,1181500.0
2022-05-11,36.484410000000004,36.484410000000004,35.08605,35.1708,1273100.0
2022-05-12,35.1708,35.806419999999996,32.713080000000005,32.713080000000005,2073500.0
2022-05-13,32.713080000000005,33.052080000000004,31.39947,31.65372,2015800.0
2022-05-16,32.45884,33.85719,32.45884,33.13683,1598100.0
2022-05-17,33.13683,35.425050000000006,33.13683,35.425050000000006,1495800.0
2022-05-18,35.679300000000005,35.679300000000005,34.87418,35.08605,1216200.0
2022-05-19,34.069069999999996,34.91655,34.069069999999996,34.32331,1367000.0
2022-05-20,34.40806,35.340300000000006,34.28094,34.32331,1106000.0
2022-05-23,34.74706,34.74706,33.94194,34.11144,1090900.0
2022-05-24,34.32331,34.32331,33.13683,33.89957,770900.0
2022-05-25,34.40806,35.1708,33.89957,35.08605,1234100.0
2022-05-26,35.29792,36.69628,35.08605,36.06067,1650500.0
2022-05-27,36.145410000000005,36.399660000000004,36.01829,36.10304,1051000.0
2022-05-30,36.35729,36.95053,36.27254,36.78103,1268600.0
2022-05-31,36.69628,38.052260000000004,36.399660000000004,37.289519999999996,2119400.0
2022-06-01,37.289519999999996,38.00989,37.20478,37.713269999999994,1321500.0
2022-06-02,37.289519999999996,37.628519999999995,36.86578,36.86578,1442600.0
2022-06-03,36.95053,37.543769999999995,36.61153,36.86578,1338800.0
2022-06-06,37.459019999999995,38.30651,37.459019999999995,38.052260000000004,1695100.0
2022-06-07,38.052260000000004,39.70487,37.12003,39.57775,1631000.0
2022-06-08,39.959120000000006,40.594730000000006,39.66249,39.70487,2041700.0
2022-06-09,39.66249,39.959120000000006,39.40825,39.74724,814300.0
2022-06-10,39.154,39.57775,38.137010000000004,38.137010000000004,1655600.0
2022-06-13,36.78103,37.75564,35.594550000000005,35.594550000000005,1678400.0
2022-06-14,35.594550000000005,37.12003,35.55217,36.52678,1377300.0
2022-06-15,36.86578,37.07765,34.74706,34.74706,930800.0
2022-06-16,35.76404,35.93354,35.425050000000006,35.636919999999996,817400.0
2022-06-17,34.40806,35.594550000000005,34.40806,35.509800000000006,1109100.0
2022-06-20,35.25555,35.25555,33.263949999999994,33.263949999999994,1238300.0
2022-06-21,33.263949999999994,34.32331,32.62833,33.052080000000004,533000.0
2022-06-22,34.23856,34.23856,33.13683,33.47582,516600.0
2022-06-23,33.47582,34.83181,33.094449999999995,34.49281,394200.0
2022-06-24,34.619930000000004,35.0013,34.32331,34.57756,524800.0
2022-06-27,34.74706,35.1708,34.40806,35.1708,556400.0
2022-06-28,35.25555,35.84879,35.0013,35.425050000000006,561600.0
2022-06-29,35.0013,35.425050000000006,34.619930000000004,34.74706,437200.0
2022-06-30,34.66231,35.0013,33.98432,34.15381,636800.0
2022-07-01,33.89957,34.49281,33.39107,34.40806,539300.0
2022-07-04,34.83181,34.91655,34.15381,34.19619,212300.0
2022-07-05,34.57756,34.619930000000004,33.89957,34.02669,313200.0
2022-07-06,33.22158,33.98432,32.37409,32.37409,571200.0
2022-07-07,33.73007,33.73007,32.37409,33.052080000000004,419400.0
2022-07-08,33.39107,33.77244,32.882580000000004,33.348699999999994,253600.0
2022-07-11,33.43345,33.98432,33.22158,33.47582,317000.0
2022-07-12,33.56057,34.28094,33.56057,34.23856,455900.0
2022-07-13,34.11144,34.23856,33.6877,33.85719,363900.0
2022-07-14,33.81482,34.23856,33.6877,33.98432,218100.0
2022-07-15,34.02669,34.02669,33.6877,33.73007,349400.0
2022-07-18,34.23856,34.40806,33.89957,34.11144,402900.0
2022-07-19,34.28094,35.679300000000005,34.23856,35.679300000000005,1069900.0
2022-07-20,36.65391,36.95053,35.76404,36.314910000000005,914800.0
2022-07-21,36.01829,36.18779,35.594550000000005,35.891169999999995,396100.0
2022-07-22,35.594550000000005,35.93354,35.425050000000006,35.425050000000006,471800.0
2022-07-25,35.425050000000006,35.425050000000006,34.49281,34.83181,470100.0
2022-07-26,35.0013,35.25555,34.57756,34.619930000000004,247700.0
2022-07-27,34.619930000000004,35.08605,34.15381,35.0013,350200.0
2022-07-28,35.25555,35.594550000000005,35.04368,35.1708,694400.0
2022-07-29,35.21318,35.21318,34.83181,34.83181,443300.0
2022-08-01,34.32331,35.425050000000006,34.02669,35.425050000000006,1113400.0
2022-08-02,34.87418,35.04368,34.70468,34.74706,1275500.0
2022-08-03,34.619930000000004,35.12843,34.49281,34.66231,1442600.0
2022-08-04,34.95893,35.84879,34.74706,35.679300000000005,1511100.0
2022-08-05,35.25555,35.84879,35.1708,35.29792,1453000.0
2022-08-08,35.340300000000006,36.06067,35.340300000000006,35.975919999999995,1603600.0
2022-08-09,36.27254,36.65391,35.636919999999996,35.679300000000005,1639000.0
2022-08-10,35.636919999999996,35.679300000000005,35.25555,35.55217,1192600.0
2022-08-11,36.01829,36.01829,35.1708,35.46742,1382000.0
2022-08-12,35.29792,35.93354,35.29792,35.55217,690900.0
2022-08-15,35.594550000000005,35.93354,35.38267,35.679300000000005,1526200.0
2022-08-16,35.509800000000006,36.65391,35.509800000000006,36.65391,2545400.0
2022-08-17,36.86578,36.86578,36.10304,36.145410000000005,1560700.0
2022-08-18,36.10304,36.230160000000005,35.721669999999996,35.93354,1375600.0
2022-08-19,35.93354,36.78103,35.84879,36.18779,1495800.0
2022-08-22,35.93354,36.61153,35.806419999999996,35.891169999999995,988200.0
2022-08-23,35.806419999999996,37.374269999999996,35.679300000000005,37.289519999999996,3993800.0
2022-08-24,37.459019999999995,37.628519999999995,37.03528,37.12003,1409200.0
2022-08-25,37.20478,37.628519999999995,37.07765,37.20478,946800.0
2022-08-26,37.20478,37.459019999999995,36.73866,36.86578,1933400.0
2022-08-29,36.145410000000005,36.569160000000004,35.340300000000006,36.35729,2361900.0
2022-08-30,36.61153,36.86578,35.76404,35.806419999999996,1821500.0
2022-08-31,35.594550000000005,35.975919999999995,35.594550000000005,35.76404,1095000.0
2022-09-05,35.679300000000005,36.10304,35.509800000000006,35.509800000000006,1257000.0
2022-09-06,35.84879,35.84879,35.1708,35.1708,1498300.0
2022-09-07,35.12843,35.12843,33.89957,33.89957,2462800.0
2022-09-08,34.069069999999996,34.23856,33.64532,33.73007,1169900.0
2022-09-09,33.89957,34.069069999999996,33.64532,34.069069999999996,650000.0
2022-09-12,34.15381,34.74706,34.11144,34.11144,468370.0
2022-09-13,34.23856,34.32331,33.89957,33.98432,538738.0
2022-09-14,33.39107,33.73007,33.22158,33.39107,1068452.0
2022-09-15,33.5182,33.73007,33.30633,33.30633,724468.0
2022-09-16,33.30633,33.47582,33.052080000000004,33.179199999999994,693196.0
2022-09-19,33.179199999999994,33.43345,32.11984,32.20459,1122580.0
2022-09-20,32.41646,32.45884,31.78084,32.20459,1326323.0
2022-09-21,32.16221,32.45884,31.95034,32.11984,699658.0
2022-09-22,31.86559,32.16221,31.3571,31.823220000000003,1460066.0
2022-09-23,31.823220000000003,31.907970000000002,31.44185,31.5266,1750390.0
2022-09-26,31.1876,31.27235,30.25536,30.59436,1477926.0
2022-09-27,30.63673,30.89098,29.831619999999997,30.00112,1338893.0
2022-09-28,29.535,30.00112,29.49262,29.57737,718188.0
2022-09-29,29.831619999999997,30.34011,29.11125,29.11125,945663.0
2022-09-30,28.560389999999998,28.85701,27.50102,27.88239,2003377.0
2022-10-03,27.88239,29.11125,27.41628,27.41628,1340607.0
2022-10-04,27.7129,28.22139,27.11965,27.11965,1241099.0
2022-10-05,27.458650000000002,28.22139,27.458650000000002,27.96714,987657.0
2022-10-06,28.22139,28.39089,27.289150000000003,27.289150000000003,899400.0
2022-10-07,27.289150000000003,27.7129,26.52641,26.95016,1371950.0
2022-10-10,27.11965,28.64513,26.86541,28.39089,1485388.0
2022-10-11,28.518009999999997,29.06888,27.96714,27.96714,1433667.0
2022-10-12,28.22139,29.0265,27.79765,28.72988,1434488.0
2022-10-13,28.81463,28.81463,28.22139,28.560389999999998,513585.0
2022-10-14,28.89938,29.0265,28.433259999999997,28.560389999999998,1056501.0
2022-10-17,28.47564,28.518009999999997,27.7129,27.88239,880460.0
2022-10-18,28.05189,28.560389999999998,28.05189,28.17902,626479.0
2022-10-19,28.64513,28.64513,28.009520000000002,28.17902,651489.0
2022-10-20,28.47564,28.77226,28.05189,28.39089,932480.0
2022-10-21,28.560389999999998,28.560389999999998,26.69591,26.69591,1846194.0
2022-10-24,26.78066,27.289150000000003,24.83143,24.83143,1452835.0
2022-10-25,24.661939999999998,25.08568,23.13645,23.7297,1631595.0
2022-10-26,23.51783,24.111069999999998,23.390700000000002,23.51783,627605.0
2022-10-27,23.7297,24.74668,23.64495,24.661939999999998,668837.0
2022-10-28,25.00093,25.08568,24.32294,24.577189999999998,594136.0
2022-10-31,24.577189999999998,24.577189999999998,23.51783,24.15344,855535.0
2022-11-01,24.577189999999998,25.00093,24.53481,24.661939999999998,788042.0
2022-11-02,24.74668,25.17043,24.70431,24.83143,579594.0
2022-11-03,24.53481,25.04331,24.49244,24.789060000000003,595659.0
2022-11-04,24.789060000000003,24.789060000000003,24.19582,24.40769,1051556.0
2022-11-07,24.577189999999998,25.00093,24.15344,24.45006,686566.0
2022-11-08,24.32294,25.00093,23.983939999999997,24.958560000000002,758091.0
2022-11-09,25.44323,25.70826,25.08985,25.53157,666758.0
2022-11-10,25.178189999999997,25.53157,23.85303,23.85303,1090682.0
2022-11-11,24.206400000000002,24.471439999999998,23.80885,24.02972,528701.0
2022-11-14,23.764680000000002,23.85303,22.52786,23.4113,794131.0
2022-11-15,22.52786,22.96958,21.77693,21.77693,1350183.0
2022-11-16,20.27507,23.05793,20.27507,22.96958,2378708.0
2022-11-17,22.96958,23.36713,22.6162,22.66038,1226216.0
2022-11-18,22.6162,23.05793,21.33521,22.17448,1124284.0
2022-11-21,21.77693,22.748720000000002,21.77693,22.35117,782169.0
2022-11-22,22.35117,23.58799,22.17448,23.14627,1833152.0
2022-11-23,23.14627,24.29475,23.14627,23.54382,1551764.0
2022-11-24,23.94137,24.42727,23.54382,24.29475,1306009.0
2022-11-25,24.38309,24.957330000000002,24.38309,24.957330000000002,1245013.0
2022-11-28,24.73647,25.929119999999998,24.73647,25.929119999999998,1208629.0
2022-11-29,26.14998,26.415020000000002,25.399060000000002,26.14998,1819754.0
2022-11-30,26.14998,26.2825,25.66409,26.06164,966594.0
2022-12-01,26.50336,27.38681,26.50336,27.38681,1605226.0
2022-12-02,27.29846,27.78436,26.50336,27.78436,1049317.0
2022-12-05,27.916880000000003,28.49111,27.872700000000002,28.31443,888734.0
2022-12-06,28.18191,28.18191,26.50336,26.680049999999998,1087120.0
2022-12-07,26.680049999999998,26.680049999999998,25.70826,25.79661,728122.0
2022-12-08,25.88495,27.38681,25.88495,26.32667,1029225.0
2022-12-09,26.90091,26.90091,26.370849999999997,26.856740000000002,643276.0
2022-12-12,26.856740000000002,27.828529999999997,26.856740000000002,27.475150000000003,859901.0
2022-12-13,27.03343,27.916880000000003,27.03343,27.74019,898024.0
2022-12-14,27.828529999999997,28.00522,27.12177,27.696009999999998,472778.0
2022-12-15,27.65184,27.74019,27.29846,27.60767,369740.0
2022-12-16,27.38681,27.5635,26.94509,27.38681,1115754.0
2022-12-19,27.38681,27.430979999999998,26.856740000000002,26.856740000000002,490984.0
2022-12-20,26.856740000000002,26.856740000000002,25.929119999999998,25.929119999999998,997877.0
2022-12-21,25.9733,26.45919,25.66409,26.06164,606848.0
2022-12-22,25.9733,27.65184,25.9733,27.077599999999997,608761.0
2022-12-23,27.12177,27.38681,26.54753,27.29846,465889.0
2022-12-26,27.5635,27.5635,26.680049999999998,26.680049999999998,752837.0
2022-12-27,26.23833,27.21012,26.23833,27.03343,423190.0
2022-12-28,27.29846,28.18191,27.077599999999997,27.828529999999997,735015.0
2022-12-29,28.18191,28.226080000000003,27.696009999999998,27.696009999999998,748676.0
2022-12-30,28.18191,28.18191,27.78436,28.00522,512834.0
2023-01-03,28.13774,29.1537,28.13774,29.10953,744524.0
2023-01-04,29.06535,31.14145,28.84449,31.14145,1545009.0
2023-01-05,31.097279999999998,31.62735,30.69973,31.62735,971085.0
2023-01-06,31.36231,31.71569,31.00893,31.00893,902179.0
2023-01-09,30.65556,31.539,30.65556,31.36231,544542.0
2023-01-10,31.00893,32.82,31.00893,32.55496,966266.0
2023-01-11,32.68748,33.83596,32.3341,32.908339999999995,1601556.0
2023-01-12,32.908339999999995,32.952510000000004,32.3341,32.77583,605900.0
2023-01-13,32.77583,33.1292,32.24576,32.73165,682538.0
2023-01-16,32.73165,32.86417,32.24576,32.51079,424699.0
2023-01-17,32.51079,33.085029999999996,32.37827,32.99669,605540.0
2023-01-18,32.952510000000004,33.65927,32.952510000000004,33.57093,630001.0
2023-01-19,33.35006,33.65927,33.21755,33.57093,447871.0
2023-01-27,33.9243,34.189339999999994,33.57093,33.65927,478262.0
2023-01-30,33.57093,33.70344,32.73165,32.73165,687302.0
2023-01-31,33.04086,33.04086,32.3341,32.51079,741225.0
2023-02-01,32.77583,33.30589,31.80404,32.0249,1294580.0
2023-02-02,32.0249,32.42245,31.89238,31.98072,525416.0
2023-02-03,32.24576,32.952510000000004,31.89238,32.952510000000004,800940.0
2023-02-06,32.952510000000004,34.277680000000004,32.68748,34.277680000000004,1442973.0
2023-02-07,34.454370000000004,35.33782,34.32185,34.454370000000004,1467731.0
2023-02-08,34.454370000000004,34.454370000000004,32.86417,32.86417,730353.0
2023-02-09,33.21755,34.01265,32.99669,33.48258,455135.0
2023-02-10,33.57093,34.36603,32.952510000000004,33.83596,852938.0
2023-02-13,33.70344,33.747620000000005,32.68748,33.48258,463877.0
2023-02-14,33.747620000000005,33.83596,32.86417,33.57093,210118.0
2023-02-15,33.52675,34.454370000000004,33.30589,34.23351,680556.0
2023-02-16,34.23351,34.763580000000005,34.23351,34.454370000000004,716626.0
2023-02-17,34.675230000000006,34.71941,34.100989999999996,34.100989999999996,416394.0
2023-02-20,33.83596,34.80775,33.83596,34.80775,696303.0
2023-02-21,35.33782,36.397949999999994,34.896089999999994,35.86788,1821444.0
2023-02-22,35.33782,35.86788,33.747620000000005,33.747620000000005,861383.0
2023-02-23,33.9243,34.189339999999994,33.1292,33.880129999999994,1362722.0
2023-02-24,33.79179,34.01265,33.173379999999995,33.30589,386942.0
2023-02-27,32.952510000000004,33.1292,32.64331,32.73165,726915.0
2023-02-28,32.82,33.394239999999996,32.82,32.952510000000004,240864.0
2023-03-01,33.1292,34.36603,32.952510000000004,34.14517,495352.0
2023-03-02,34.32185,34.63106,31.75986,34.14517,382021.0
2023-03-03,34.36603,34.410199999999996,33.65927,34.277680000000004,372354.0
2023-03-06,34.63106,34.71941,34.189339999999994,34.36603,600817.0
2023-03-07,34.454370000000004,34.85192,34.410199999999996,34.454370000000004,684493.0
2023-03-08,34.36603,34.71941,34.100989999999996,34.36603,413727.0
2023-03-09,34.410199999999996,35.16113,33.96848000000001,34.454370000000004,664062.0
2023-03-10,34.454370000000004,34.454370000000004,33.57093,33.70344,653681.0
2023-03-13,33.57093,33.83596,33.1292,33.6151,651121.0
2023-03-14,33.65927,33.9243,32.64331,32.77583,782127.0
2023-03-15,33.394239999999996,33.394239999999996,32.68748,33.261720000000004,724720.0
2023-03-16,32.99669,32.99669,32.069069999999996,32.113240000000005,1373017.0
2023-03-17,32.24576,32.59914,30.83225,31.273970000000002,5502578.0
2023-03-20,31.36231,32.113240000000005,31.2298,31.273970000000002,1316040.0
2023-03-21,31.36231,31.89238,30.52304,30.65556,1550999.0
2023-03-22,31.14145,31.14145,30.52304,30.65556,1568181.0
2023-03-23,30.52304,31.67152,30.47887,31.67152,2018484.0
2023-03-24,31.71569,32.37827,31.71569,32.113240000000005,1052355.0
2023-03-27,32.113240000000005,32.15741,31.539,31.539,913426.0
2023-03-28,31.89238,32.0249,31.539,31.62735,577552.0
2023-03-29,31.71569,31.89238,31.539,31.80404,588084.0
2023-03-30,32.24576,32.86417,32.15741,32.59914,1565649.0
2023-03-31,33.1292,33.57093,32.99669,33.085029999999996,2458985.0
2023-04-03,33.6151,33.6151,32.68748,33.1292,1452451.0
2023-04-04,33.52675,33.57093,33.173379999999995,33.52675,1627668.0
2023-04-05,33.57093,33.70344,33.35006,33.6151,966043.0
2023-04-06,33.747620000000005,33.747620000000005,32.99669,32.99669,1259657.0
2023-04-07,32.99669,33.65927,32.952510000000004,33.30589,1153646.0
2023-04-10,33.48258,33.57093,32.86417,32.952510000000004,1303919.0
2023-04-11,32.952510000000004,33.173379999999995,32.51079,32.64331,793575.0
2023-04-12,32.68748,33.04086,32.51079,32.68748,561916.0
2023-04-13,32.86417,33.173379999999995,32.68748,32.86417,580434.0
2023-04-14,32.952510000000004,32.952510000000004,32.24576,32.24576,588315.0
2023-04-17,32.069069999999996,32.24576,31.848209999999998,31.89238,607481.0
2023-04-18,31.98072,32.59914,31.98072,32.51079,492954.0
2023-04-19,32.64331,32.64331,32.15741,32.15741,324936.0
2023-04-20,32.15741,32.3341,32.113240000000005,32.20159,407986.0
2023-04-21,32.20159,32.64331,32.15741,32.46662,573973.0
2023-04-24,32.51079,32.51079,32.28993,32.46662,361009.0
2023-04-25,32.46662,32.51079,32.15741,32.15741,338159.0
2023-04-26,32.46662,32.59914,32.15741,32.59914,489281.0
2023-04-27,32.68748,33.173379999999995,32.68748,33.085029999999996,853140.0
2023-04-28,33.173379999999995,33.394239999999996,32.952510000000004,33.085029999999996,350269.0
2023-05-04,33.261720000000004,33.30589,32.86417,33.085029999999996,662459.0
2023-05-05,33.261720000000004,33.57093,33.1292,33.394239999999996,1144379.0
2023-05-08,33.52675,33.747620000000005,33.394239999999996,33.394239999999996,676867.0
2023-05-09,33.48258,33.70344,33.394239999999996,33.57093,659987.0
2023-05-10,33.48258,33.57093,33.1292,33.35006,627098.0
2023-05-11,33.35006,33.48258,33.21755,33.35006,590115.0
2023-05-12,33.35006,33.35006,33.04086,33.173379999999995,552065.0
2023-05-15,33.261720000000004,33.52675,33.1292,33.394239999999996,695698.0
2023-05-16,33.35006,33.70344,33.35006,33.6151,987603.0
2023-05-17,33.57093,33.65927,33.1292,33.1292,598368.0
2023-05-18,33.1292,33.21755,32.908339999999995,33.085029999999996,446091.0
2023-05-19,33.35006,33.52675,33.085029999999996,33.21755,625167.0
2023-05-22,33.21755,33.52675,33.21755,33.35006,499289.0
2023-05-23,33.48258,33.57093,33.085029999999996,33.1292,553593.0
2023-05-24,33.173379999999995,33.261720000000004,32.952510000000004,32.952510000000004,606559.0
2023-05-25,32.86417,33.21755,32.68748,32.99669,375506.0
2023-05-26,32.99669,33.747620000000005,32.99669,33.261720000000004,737912.0
2023-05-29,33.30589,33.70344,33.30589,33.48258,868705.0
2023-05-30,33.747620000000005,33.747620000000005,33.438410000000005,33.48258,507956.0
2023-05-31,33.48258,33.52675,33.085029999999996,33.1292,950240.0
2023-06-01,33.085029999999996,33.30589,33.085029999999996,33.085029999999996,417118.0
2023-06-02,33.173379999999995,34.01265,33.1292,33.79179,1189394.0
2023-06-05,34.277680000000004,34.85192,34.01265,34.54272,1442179.0
2023-06-06,34.54272,34.763580000000005,34.23351,34.36603,690527.0
2023-06-07,34.454370000000004,34.454370000000004,33.880129999999994,34.36603,1273069.0
2023-06-08,34.454370000000004,34.80775,33.83596,33.83596,541009.0
2023-06-09,33.747620000000005,33.83596,33.48258,33.57093,591277.0
2023-06-12,33.57093,33.747620000000005,33.261720000000004,33.52675,570223.0
2023-06-13,33.35006,33.6151,33.30589,33.6151,420185.0
2023-06-14,33.83596,33.9243,33.6151,33.6151,436764.0
2023-06-15,33.57093,34.189339999999994,33.57093,33.83596,1436676.0
2023-06-16,34.14517,34.14517,32.86417,32.86417,621083.0
2023-06-19,33.21755,33.394239999999996,32.86417,32.86417,750739.0
2023-06-20,32.86417,33.1292,32.68748,32.86417,556311.0
2023-06-21,32.99669,33.1292,32.86417,33.1292,455025.0
2023-06-22,33.21755,33.394239999999996,33.173379999999995,33.261720000000004,381244.0
2023-06-23,33.30589,33.394239999999996,32.952510000000004,33.1292,686755.0
2023-06-26,33.1292,33.30589,32.73165,33.173379999999995,830371.0
2023-06-27,33.438410000000005,33.9243,33.30589,33.70344,859176.0
2023-06-28,33.96848000000001,33.96848000000001,33.48258,33.65927,410237.0
2023-06-29,33.747620000000005,33.747620000000005,33.1292,33.1292,689478.0
2023-06-30,33.21755,33.48258,32.99669,32.99669,444188.0
2023-07-03,33.173379999999995,33.65927,33.04086,33.261720000000004,379269.0
2023-07-04,33.438410000000005,35.2053,33.438410000000005,35.2053,3703966.0
2023-07-05,35.60285,36.08875,35.2053,35.60285,2214796.0
2023-07-06,35.470330000000004,36.22126,35.2053,35.60285,2372197.0
2023-07-07,35.779540000000004,36.04457,35.42616,35.60285,1478909.0
2023-07-10,35.956230000000005,36.92802,35.779540000000004,36.92802,2415584.0
2023-07-11,37.10471,37.14888,36.44212,36.44212,1677648.0
2023-07-12,36.4863,37.06054,36.30961,36.66299,1187672.0
2023-07-13,36.75133,36.92802,36.35378,36.57464,1143117.0
2023-07-14,36.53047,36.75133,35.82371,36.13292,1706389.0
2023-07-17,36.26543,36.70716,35.64702,36.17709,2240171.0
2023-07-18,36.44212,36.4863,35.82371,35.82371,1122551.0
2023-07-19,36.04457,36.08875,35.42616,35.42616,1401703.0
2023-07-20,35.381989999999995,35.60285,34.98444,35.07278,2116820.0
2023-07-21,35.07278,35.956230000000005,35.02861,35.779540000000004,1741395.0
2023-07-24,35.86788,36.13292,35.60285,35.60285,1713518.0
2023-07-25,35.779540000000004,36.44212,35.33782,35.60285,1969771.0
2023-07-26,35.60285,35.956230000000005,35.51451,35.779540000000004,1219492.0
2023-07-27,35.779540000000004,35.956230000000005,35.07278,35.24947,2128074.0
2023-07-28,35.42616,35.51451,35.16113,35.381989999999995,1595657.0
2023-07-31,35.60285,36.66299,35.60285,36.66299,2752199.0
2023-08-01,37.281400000000005,37.281400000000005,36.08875,36.22126,3005161.0
2023-08-02,36.53047,36.53047,36.08875,36.17709,1348043.0
2023-08-03,36.22126,36.30961,35.42616,35.42616,2016664.0
2023-08-04,35.86788,35.86788,35.33782,35.60285,1482472.0
2023-08-07,35.86788,35.956230000000005,35.60285,35.779540000000004,1475174.0
2023-08-08,35.91206,36.35378,35.91206,36.13292,2949646.0
2023-08-09,36.397949999999994,36.397949999999994,35.86788,35.956230000000005,1236142.0
2023-08-10,36.13292,37.01636,36.04457,36.04457,2426641.0
2023-08-11,36.17709,36.397949999999994,35.33782,35.91206,1140355.0
2023-08-14,36.0004,36.04457,35.691199999999995,35.82371,1197172.0
2023-08-15,35.91206,35.91206,35.51451,35.64702,1208223.0
2023-08-16,35.691199999999995,36.0004,35.381989999999995,35.55868,1006317.0
2023-08-17,35.51451,35.64702,35.11696,35.11696,1615948.0
2023-08-18,35.11696,35.24947,32.99669,32.99669,2703256.0
2023-08-21,32.86417,33.438410000000005,32.82,33.1292,878283.0
2023-08-22,33.57093,33.6151,32.68748,33.30589,1253189.0
2023-08-23,33.65927,33.65927,32.59914,33.04086,1209515.0
2023-08-24,33.04086,33.394239999999996,33.04086,33.394239999999996,583949.0
2023-08-25,33.394239999999996,33.48258,33.173379999999995,33.173379999999995,933995.0
2023-08-28,33.1292,33.9243,33.1292,33.70344,936488.0
2023-08-29,33.79179,33.83596,33.57093,33.6151,798424.0
2023-08-30,33.83596,34.410199999999996,33.83596,33.9243,804114.0
2023-08-31,33.9243,34.14517,33.9243,34.05682,729669.0
2023-09-05,34.63106,34.85192,34.454370000000004,34.58689,1240789.0
2023-09-06,34.98444,34.98444,34.63106,34.71941,743998.0
2023-09-07,34.80775,35.2053,34.675230000000006,34.763580000000005,832586.0
2023-09-08,34.71941,35.07278,34.63106,34.80775,972735.0
2023-09-11,34.896089999999994,35.86788,34.896089999999994,35.2053,2042574.0
2023-09-12,35.33782,35.55868,35.07278,35.33782,685857.0
2023-09-13,35.60285,36.35378,35.33782,35.60285,2267494.0
2023-09-14,35.86788,35.956230000000005,35.33782,35.33782,1097773.0
2023-09-15,35.73537,36.4863,35.42616,35.470330000000004,1806046.0
2023-09-18,35.91206,35.91206,34.49854,34.98444,1405870.0
2023-09-19,35.16113,35.33782,34.71941,35.24947,653178.0
2023-09-20,35.33782,35.86788,35.16113,35.691199999999995,1060515.0
2023-09-21,35.95992,36.139720000000004,35.600319999999996,35.780120000000004,972954.0
2023-09-22,35.15083,35.510419999999996,34.16193,35.19578,1040527.0
2023-09-25,35.19578,35.240730000000006,33.71243,33.71243,1156166.0
2023-09-26,33.71243,34.116980000000005,33.352830000000004,33.352830000000004,1065330.0
2023-09-27,33.26293,33.53263,32.36393,32.85838,1673830.0
2023-09-28,33.30788,33.93718,33.08313,33.93718,1126628.0
2023-09-29,33.93718,33.93718,33.39778,33.71243,435855.0
2023-10-02,33.71243,34.07203,33.48768,33.71243,568386.0
2023-10-03,33.352830000000004,33.442730000000005,32.36393,32.36393,1026654.0
2023-10-04,31.59978,32.72353,31.59978,32.588680000000004,784858.0
2023-10-05,32.633630000000004,32.633630000000004,30.92553,30.92553,1531172.0
2023-10-06,31.37503,31.91443,30.880580000000002,31.46493,2194708.0
2023-10-09,32.18413,32.274029999999996,31.86948,32.094229999999996,1552963.0
2023-10-10,32.36393,32.588680000000004,32.318979999999996,32.36393,1524977.0
2023-10-11,32.588680000000004,33.26293,32.45383,33.17303,1353444.0
2023-10-12,33.26293,33.71243,32.85838,32.993230000000004,1062329.0
2023-10-13,32.993230000000004,33.128080000000004,32.81343,32.993230000000004,1299953.0
2023-10-16,33.71243,33.98213,33.08313,33.08313,1012478.0
2023-10-17,33.08313,33.128080000000004,32.36393,32.36393,1005987.0
2023-10-18,32.49878,32.49878,30.97048,31.46493,1300180.0
2023-10-19,31.509880000000003,32.049279999999996,31.37503,31.46493,593520.0
2023-10-20,31.59978,31.86948,30.92553,31.82453,610773.0
2023-10-23,32.18413,32.22908,31.46493,31.779580000000003,377273.0
2023-10-24,31.779580000000003,32.049279999999996,31.554830000000003,31.91443,303488.0
2023-10-25,31.86948,32.049279999999996,31.68968,31.779580000000003,374121.0
2023-10-26,31.285130000000002,31.554830000000003,29.57704,29.57704,1804106.0
2023-10-27,29.66694,30.116439999999997,28.947740000000003,29.66694,636725.0
2023-10-30,29.66694,29.93664,29.53209,29.53209,267246.0
2023-10-31,29.93664,29.93664,28.31844,28.67804,980950.0
2023-11-01,28.36339,29.21744,28.13864,29.03764,633514.0
2023-11-02,29.30734,30.16139,29.30734,30.02654,768585.0
2023-11-03,30.07149,30.116439999999997,29.66694,29.75684,572145.0
2023-11-06,29.93664,30.07149,29.75684,29.891689999999997,367461.0
2023-11-07,29.891689999999997,30.52099,29.66694,29.80179,482626.0
2023-11-08,29.84674,30.74573,29.62199,30.74573,968669.0
2023-11-09,30.835630000000002,31.015430000000002,30.52099,30.52099,844233.0
2023-11-10,30.25129,30.565939999999998,29.98159,29.98159,745143.0
2023-11-13,30.116439999999997,30.20634,29.84674,29.98159,603847.0
2023-11-14,30.29624,30.341189999999997,29.93664,30.116439999999997,729877.0
2023-11-15,30.52099,30.880580000000002,30.38614,30.565939999999998,1186518.0
2023-11-16,30.74573,31.15028,30.565939999999998,30.97048,791252.0
2023-11-17,31.015430000000002,31.060380000000002,30.116439999999997,30.116439999999997,897879.0
2023-11-20,29.84674,30.43109,29.84674,30.116439999999997,958688.0
2023-11-21,30.38614,30.52099,30.116439999999997,30.38614,911136.0
2023-11-22,30.43109,30.835630000000002,30.38614,30.61088,839265.0
2023-11-23,30.65583,30.74573,30.29624,30.29624,874823.0
2023-11-24,30.02654,30.20634,29.66694,30.02654,778636.0
2023-11-27,30.02654,30.61088,30.02654,30.20634,630515.0
2023-11-28,30.02654,30.29624,29.71189,30.29624,663805.0
2023-11-29,30.43109,32.18413,30.43109,32.18413,3137067.0
2023-11-30,32.00433,32.36393,31.554830000000003,31.554830000000003,818158.0
2023-12-01,31.554830000000003,32.18413,31.285130000000002,31.64473,923930.0
2023-12-04,32.094229999999996,32.18413,31.64473,31.91443,935439.0
2023-12-05,31.68968,32.588680000000004,31.68968,31.95938,885638.0
2023-12-06,31.779580000000003,32.318979999999996,31.779580000000003,32.274029999999996,721089.0
2023-12-07,32.18413,32.18413,31.285130000000002,31.59978,956614.0
2023-12-08,31.59978,32.049279999999996,31.554830000000003,32.049279999999996,629925.0
2023-12-11,32.274029999999996,32.274029999999996,31.64473,32.049279999999996,372426.0
2023-12-12,32.049279999999996,32.094229999999996,31.554830000000003,31.86948,547575.0
2023-12-13,31.82453,31.91443,31.19523,31.19523,939802.0
2023-12-14,31.46493,31.46493,30.65583,30.880580000000002,442388.0
2023-12-15,31.015430000000002,31.24018,30.835630000000002,30.835630000000002,448090.0
2023-12-18,30.835630000000002,31.015430000000002,30.47604,30.47604,352381.0
2023-12-19,30.565939999999998,30.65583,30.16139,30.52099,305008.0
2023-12-20,30.565939999999998,31.015430000000002,30.52099,30.92553,267145.0
2023-12-21,30.565939999999998,30.700779999999998,30.565939999999998,30.565939999999998,358786.0
2023-12-22,30.65583,30.835630000000002,30.341189999999997,30.38614,635929.0
2023-12-25,30.43109,31.19523,30.43109,31.15028,674467.0
2023-12-26,31.105330000000002,31.285130000000002,30.97048,30.97048,782903.0
2023-12-27,31.19523,31.24018,30.880580000000002,30.97048,457274.0
2023-12-28,30.92553,31.19523,30.65583,31.015430000000002,963315.0
2023-12-29,31.015430000000002,31.15028,30.92553,31.015430000000002,523085.0
2024-01-02,31.105330000000002,31.15028,31.015430000000002,31.060380000000002,634812.0
2024-01-03,31.060380000000002,31.37503,30.92553,31.37503,808042.0
2024-01-04,31.37503,31.734630000000003,31.37503,31.554830000000003,1705055.0
2024-01-05,31.68968,31.82453,31.554830000000003,31.64473,1409079.0
2024-01-08,31.64473,31.95938,31.46493,31.734630000000003,1404589.0
2024-01-09,31.82453,31.82453,31.15028,31.15028,498609.0
2024-01-10,31.285130000000002,31.41998,31.105330000000002,31.330080000000002,605412.0
2024-01-11,31.330080000000002,31.86948,31.330080000000002,31.86948,1123425.0
2024-01-12,31.91443,31.95938,31.24018,31.41998,1009605.0
2024-01-15,31.46493,31.64473,31.15028,31.15028,322356.0
2024-01-16,31.105330000000002,31.285130000000002,31.105330000000002,31.24018,311875.0
2024-01-17,31.41998,31.64473,31.060380000000002,31.060380000000002,545724.0
2024-01-18,31.285130000000002,31.285130000000002,30.97048,31.015430000000002,339406.0
2024-01-19,31.37503,31.41998,31.19523,31.330080000000002,588898.0
2024-01-22,31.37503,31.41998,31.19523,31.24018,314639.0
2024-01-23,31.24018,31.46493,31.19523,31.330080000000002,351684.0
2024-01-24,31.330080000000002,31.41998,31.105330000000002,31.15028,348882.0
2024-01-25,31.24018,31.285130000000002,31.015430000000002,31.015430000000002,275454.0
2024-01-26,31.105330000000002,31.285130000000002,31.015430000000002,31.015430000000002,280924.0
2024-01-29,31.015430000000002,31.285130000000002,31.015430000000002,31.19523,384441.0
2024-01-30,31.19523,31.37503,31.15028,31.24018,323918.0
2024-01-31,31.24018,31.285130000000002,31.060380000000002,31.105330000000002,540842.0
2024-02-01,31.015430000000002,31.24018,31.015430000000002,31.105330000000002,394430.0
2024-02-02,31.285130000000002,31.285130000000002,31.060380000000002,31.105330000000002,506928.0
2024-02-05,31.105330000000002,31.285130000000002,31.015430000000002,31.060380000000002,589442.0
2024-02-06,31.105330000000002,31.19523,31.060380000000002,31.19523,359358.0
2024-02-07,31.19523,31.46493,31.105330000000002,31.24018,523842.0
2024-02-15,31.37503,31.91443,31.37503,31.734630000000003,737296.0
2024-02-16,31.734630000000003,31.779580000000003,31.46493,31.734630000000003,517352.0
2024-02-19,31.779580000000003,32.903330000000004,31.779580000000003,32.588680000000004,1887745.0
2024-02-20,32.81343,32.81343,32.36393,32.45383,953097.0
2024-02-21,32.36393,32.49878,32.049279999999996,32.13918,890366.0
2024-02-22,32.094229999999996,32.633630000000004,32.049279999999996,32.22908,1340903.0
2024-02-23,32.22908,32.274029999999996,31.554830000000003,31.554830000000003,1447710.0
2024-02-26,31.41998,31.68968,31.37503,31.64473,444511.0
2024-02-27,31.734630000000003,32.81343,31.734630000000003,32.049279999999996,1008741.0
2024-02-28,32.274029999999996,33.26293,32.274029999999996,32.54373,2211861.0
2024-02-29,32.633630000000004,32.72353,32.094229999999996,32.22908,839625.0
2024-03-01,32.36393,32.45383,32.094229999999996,32.274029999999996,717942.0
2024-03-04,32.768480000000004,32.768480000000004,32.318979999999996,32.318979999999996,933388.0
2024-03-05,32.318979999999996,32.36393,32.049279999999996,32.318979999999996,708348.0
2024-03-06,32.54373,33.17303,32.40888,32.588680000000004,1721377.0
2024-03-07,32.81343,33.71243,32.633630000000004,33.71243,2774817.0
2024-03-08,33.71243,34.07203,32.993230000000004,33.08313,1455828.0
2024-03-11,32.993230000000004,33.03818,32.274029999999996,32.318979999999996,1224731.0
2024-03-12,32.318979999999996,32.85838,32.318979999999996,32.678580000000004,880758.0
2024-03-13,33.08313,33.352830000000004,32.81343,33.352830000000004,1173188.0
2024-03-14,33.48768,34.116980000000005,33.30788,33.577580000000005,2857679.0
2024-03-15,33.71243,33.98213,33.48768,33.84728,1565504.0
2024-03-18,33.84728,33.98213,32.318979999999996,32.81343,2849484.0
2024-03-19,32.903330000000004,33.892230000000005,32.678580000000004,33.667480000000005,1382396.0
2024-03-20,33.892230000000005,33.98213,33.26293,33.667480000000005,1272290.0
2024-03-21,33.71243,34.791230000000006,33.39778,34.566480000000006,3063058.0
2024-03-22,34.61143,34.65638,33.98213,34.16193,1528959.0
2024-03-25,34.25183,34.52153,33.442730000000005,33.62253,1721225.0
2024-03-26,33.62253,34.16193,33.352830000000004,34.16193,929373.0
2024-03-27,34.20688,34.61143,33.802330000000005,34.16193,1294708.0
2024-03-28,34.07203,34.29678,33.667480000000005,33.75738,1266217.0
2024-03-29,33.892230000000005,33.98213,33.442730000000005,33.53263,1119314.0
2024-04-01,33.48768,33.98213,33.39778,33.667480000000005,682747.0
2024-04-02,33.667480000000005,34.116980000000005,33.26293,34.07203,1468071.0
2024-04-03,34.16193,34.25183,33.71243,33.802330000000005,983200.0
2024-04-04,33.802330000000005,33.802330000000005,33.30788,33.39778,963268.0
2024-04-05,33.26293,34.20688,33.26293,33.39778,1296523.0
2024-04-08,33.48768,33.667480000000005,33.30788,33.30788,541118.0
2024-04-09,33.30788,33.577580000000005,33.128080000000004,33.39778,437947.0
2024-04-10,33.53263,33.53263,32.85838,32.903330000000004,864131.0
2024-04-11,32.81343,32.81343,32.45383,32.633630000000004,826973.0
2024-04-12,32.81343,33.217980000000004,32.678580000000004,33.128080000000004,446121.0
2024-04-15,33.17303,33.442730000000005,31.285130000000002,32.36393,927997.0
2024-04-16,32.36393,32.633630000000004,31.59978,32.318979999999996,787402.0
2024-04-17,32.36393,32.36393,31.64473,31.734630000000003,449224.0
2024-04-19,31.509880000000003,31.734630000000003,31.060380000000002,31.15028,518813.0
2024-04-22,31.46493,31.64473,31.060380000000002,31.15028,411792.0
2024-04-23,31.285130000000002,31.734630000000003,31.060380000000002,31.46493,421100.0
2024-04-24,31.509880000000003,31.734630000000003,31.41998,31.68968,742886.0
2024-04-25,31.68968,31.68968,31.37503,31.554830000000003,219805.0
2024-04-26,31.554830000000003,32.094229999999996,31.46493,32.094229999999996,422484.0
2024-05-02,32.094229999999996,32.40888,31.68968,32.18413,421250.0
2024-05-03,32.45383,32.54373,32.22908,32.36393,519400.0
2024-05-06,33.08313,33.08313,32.72353,32.993230000000004,551512.0
2024-05-07,33.128080000000004,34.92608,33.08313,34.791230000000006,3667823.0
2024-05-08,34.791230000000006,36.31952,34.25183,35.95992,2987411.0
2024-05-09,35.95992,36.49932,35.285669999999996,36.139720000000004,2132572.0
2024-05-10,36.139720000000004,36.589220000000005,35.690220000000004,36.04982,1934314.0
2024-05-13,36.40942,36.40942,35.780120000000004,35.82507,1604669.0
2024-05-14,36.05707,36.15048,34.84271,35.029540000000004,1950446.0
2024-05-15,35.029540000000004,36.05707,35.029540000000004,35.68342,1257406.0
2024-05-16,36.01037,36.2906,35.59001,35.68342,1778821.0
2024-05-17,35.730129999999996,35.730129999999996,34.93613,35.449889999999996,2726222.0
2024-05-20,35.4966,36.01037,35.4966,35.4966,1631170.0
2024-05-21,35.21636,35.449889999999996,34.56248,35.029540000000004,2552910.0
2024-05-22,35.122949999999996,35.68342,34.93613,35.21636,1576562.0
2024-05-23,35.309779999999996,37.64508,35.122949999999996,37.64508,5339203.0
2024-05-24,38.48579,39.606730000000006,37.59837,38.29896,5372537.0
2024-05-27,38.48579,39.09297,37.831900000000005,38.5792,3454500.0
2024-05-28,39.046260000000004,39.139669999999995,38.39237,38.81273,3262202.0
2024-05-29,39.046260000000004,39.98038,38.532489999999996,38.76602,4837209.0
2024-05-30,38.29896,38.719319999999996,37.69178,38.625910000000005,3178965.0
2024-05-31,38.5792,38.5792,38.11214,38.29896,1186375.0
2024-06-03,38.48579,39.606730000000006,38.48579,38.76602,2571348.0
2024-06-04,38.76602,39.3732,38.625910000000005,38.95285,2201852.0
2024-06-05,38.95285,39.70014,38.76602,39.09297,2445957.0
2024-06-06,38.999550000000006,39.56003,38.11214,39.139669999999995,2092206.0
2024-06-07,39.23308,39.3265,38.532489999999996,38.76602,1544548.0
2024-06-10,38.81273,39.41991,38.76602,39.18638,1543970.0
2024-06-11,39.3265,40.54085,39.3265,40.35403,3783609.0
2024-06-12,40.35403,40.44744,39.70014,40.26062,1530392.0
2024-06-13,40.44744,40.44744,39.3732,39.41991,2331676.0
2024-06-14,39.41991,39.74685,37.831900000000005,37.831900000000005,3496473.0
2024-06-17,37.925309999999996,38.11214,37.27143,37.27143,2125535.0
2024-06-18,38.11214,38.5792,37.64508,38.29896,1477556.0
2024-06-19,38.34567,38.76602,37.87861,38.76602,1027609.0
2024-06-20,39.139669999999995,39.3265,37.925309999999996,38.5792,1285549.0
2024-06-21,38.76602,39.84026,38.11214,39.51332,1971769.0
2024-06-24,39.79356,39.98038,38.06543,38.06543,2507110.0
2024-06-25,38.06543,38.67261,38.018730000000005,38.29896,854544.0
2024-06-26,38.29896,39.65344,38.06543,39.606730000000006,2057136.0
2024-06-27,39.70014,39.70014,38.5792,38.5792,1068657.0
2024-06-28,38.67261,39.046260000000004,37.925309999999996,38.20555,1456408.0
2024-07-01,38.34567,38.67261,37.59837,38.11214,682864.0
2024-07-02,38.625910000000005,38.625910000000005,38.11214,38.625910000000005,660904.0
2024-07-03,38.85944,39.41991,38.48579,39.09297,1462413.0
2024-07-04,39.139669999999995,41.38156,39.046260000000004,41.00791,6019356.0
2024-07-05,41.00791,41.47497,40.9145,41.05462,2476809.0
2024-07-08,41.101330000000004,43.53004,41.101330000000004,43.436629999999994,5316020.0
2024-07-09,43.53004,43.53004,42.78274,42.96957,1999558.0
2024-07-10,43.34322,43.95039,42.96957,43.48333,2764660.0
2024-07-11,43.57675,43.81028,43.06298,43.716860000000004,2442096.0
2024-07-12,43.81028,44.09051,43.06298,43.2498,1818606.0
2024-07-15,43.62345,44.83781,43.48333,44.83781,2716682.0
2024-07-16,45.21146,45.21146,43.997099999999996,43.997099999999996,2057065.0
2024-07-17,43.997099999999996,43.997099999999996,40.96121,42.03545,3845770.0
2024-07-18,42.409099999999995,44.37075,42.03545,44.37075,2700997.0
2024-07-19,44.37075,44.65099,43.06298,43.81028,2055687.0
2024-07-22,43.716860000000004,43.716860000000004,42.4558,43.296510000000005,2145989.0
2024-07-23,43.34322,44.09051,42.222269999999995,42.50251,2258904.0
2024-07-24,42.08215,43.436629999999994,41.194739999999996,43.436629999999994,3365040.0
2024-07-25,42.96957,43.62345,42.4558,43.296510000000005,1152907.0
2024-07-26,43.296510000000005,44.97793,43.296510000000005,44.65099,3344181.0
2024-07-29,45.491690000000006,45.491690000000006,44.183930000000004,44.65099,1353431.0
2024-07-30,44.37075,45.118050000000004,43.48333,43.997099999999996,1700323.0
2024-07-31,43.997099999999996,44.65099,42.78274,42.876160000000006,3185383.0
2024-08-01,43.06298,43.53004,42.31568,42.31568,2572860.0
2024-08-02,42.08215,44.37075,41.848620000000004,44.37075,2541850.0
2024-08-05,43.34322,43.76357,42.12886,42.50251,2339208.0
2024-08-06,43.34322,44.183930000000004,42.54921,43.903690000000005,2130367.0
2024-08-07,44.09051,44.7911,43.2031,44.65099,1945065.0
2024-08-08,44.604279999999996,45.024629999999995,43.903690000000005,44.41746,2288723.0
2024-08-09,44.83781,44.83781,43.903690000000005,44.83781,1398221.0
2024-08-12,45.491690000000006,46.51923,45.491690000000006,45.631809999999994,4058840.0
2024-08-13,45.72522,46.51923,45.5384,45.631809999999994,2216000.0
2024-08-14,45.77193,47.17311,45.5384,45.958760000000005,3085932.0
2024-08-15,45.958760000000005,46.23899,45.58511,45.77193,1245594.0
2024-08-16,45.865339999999996,48.294059999999995,45.81864,47.26652,4588051.0
2024-08-19,47.26652,48.01382,47.079699999999995,47.079699999999995,1224573.0
2024-08-20,46.986290000000004,47.920410000000004,46.19229,46.19229,2520231.0
2024-08-21,46.23899,46.706050000000005,45.30487,45.58511,3226535.0
2024-08-22,45.865339999999996,46.37911,45.67852,45.77193,1066892.0
2024-08-23,45.39828,46.14558,45.39828,45.77193,1219887.0
2024-08-26,45.91205,46.14558,45.35158,45.35158,1460187.0
2024-08-27,45.35158,46.098870000000005,45.30487,45.865339999999996,1208652.0
2024-08-28,46.098870000000005,46.472519999999996,45.958760000000005,46.14558,1088559.0
2024-08-29,46.3324,46.3324,45.5384,45.58511,722890.0
2024-08-30,45.58511,45.77193,45.35158,45.39828,893681.0
2024-09-04,45.118050000000004,45.118050000000004,43.81028,43.903690000000005,2545591.0
2024-09-05,43.903690000000005,44.277339999999995,42.54921,43.01627,2979729.0
2024-09-06,42.64263,43.903690000000005,42.64263,43.85698,1278720.0
2024-09-09,43.15639,43.997099999999996,43.15639,43.38992,792019.0
2024-09-10,43.81028,43.85698,43.06298,43.34322,1015688.0
2024-09-11,43.436629999999994,43.436629999999994,42.73604,42.78274,836695.0
2024-09-12,43.2031,43.2498,42.409099999999995,42.409099999999995,1270293.0
2024-09-13,42.409099999999995,42.92286,42.03545,42.78274,726513.0
2024-09-16,43.38992,43.38992,42.03545,42.03545,814197.0
2024-09-17,42.03545,42.409099999999995,41.28815,42.03545,1126574.0
2024-09-18,42.36239,42.59592,41.801919999999996,42.03545,896345.0
2024-09-19,42.08215,42.36239,41.615089999999995,42.36239,1416716.0
2024-09-20,42.409099999999995,43.296510000000005,42.36239,42.96957,1270006.0
2024-09-23,42.96957,42.96957,42.12886,42.268980000000006,965499.0
2024-09-24,42.31568,42.59592,42.03545,42.222269999999995,1182376.0
2024-09-25,42.50251,42.78274,42.268980000000006,42.409099999999995,1309308.0
2024-09-26,42.59592,42.96957,42.31568,42.59592,1673150.0
2024-09-27,42.68933,42.73604,41.942029999999995,41.98874,1565740.0
2024-09-30,42.08215,42.08215,41.56839,41.56839,1097047.0
2024-10-01,41.47497,41.98874,41.47497,41.56839,1076611.0
2024-10-02,41.848620000000004,42.222269999999995,41.6618,41.98874,957987.0
2024-10-03,41.75521,41.942029999999995,41.33486,41.47497,1304592.0
2024-10-04,41.56839,42.50251,41.52168,42.12886,2562922.0
2024-10-07,42.409099999999995,42.409099999999995,41.801919999999996,41.98874,796760.0
2024-10-08,42.12886,42.4558,41.7085,41.7085,1701152.0
2024-10-09,41.6618,41.801919999999996,41.42827,41.47497,1818435.0
2024-10-10,41.6618,42.222269999999995,41.42827,41.56839,749712.0
2024-10-11,41.942029999999995,42.17556,41.6618,41.75521,713817.0
2024-10-14,41.75521,41.75521,41.47497,41.52168,713370.0
2024-10-15,41.42827,41.52168,39.70014,40.027089999999994,3911655.0
2024-10-16,40.027089999999994,40.027089999999994,38.85944,39.09297,2453845.0
2024-10-17,39.23308,39.51332,38.999550000000006,39.46661,1200212.0
2024-10-18,39.606730000000006,40.167199999999994,39.51332,39.56003,798563.0
2024-10-21,39.41991,39.41991,38.76602,38.85944,1345548.0
2024-10-22,38.85944,39.41991,38.625910000000005,39.046260000000004,1350644.0
2024-10-23,39.18638,39.65344,39.139669999999995,39.51332,746645.0
2024-10-24,39.51332,39.56003,38.999550000000006,38.999550000000006,738417.0
2024-10-25,39.046260000000004,39.09297,38.719319999999996,38.81273,476730.0
2024-10-28,38.81273,39.23308,38.06543,39.23308,771845.0
2024-10-29,38.76602,39.18638,38.76602,39.139669999999995,533378.0
2024-10-30,39.23308,39.23308,38.625910000000005,38.67261,581729.0
2024-10-31,38.67261,38.67261,38.29896,38.39237,560785.0
2024-11-01,38.39237,38.39237,37.925309999999996,37.925309999999996,817338.0
2024-11-04,37.87861,38.018730000000005,37.27143,37.27143,1077844.0
2024-11-05,37.08461,37.69178,37.08461,37.411550000000005,478524.0
2024-11-06,37.831900000000005,37.831900000000005,37.50496,37.50496,555517.0
2024-11-07,37.64508,37.97201999999999,37.59837,37.64508,565609.0
2024-11-08,37.87861,37.87861,37.364839999999994,37.411550000000005,609188.0
2024-11-11,37.364839999999994,37.55167,36.52413,36.66425,1219965.0
2024-11-12,36.61754,36.944489999999995,36.52413,36.804370000000006,731564.0
2024-11-13,36.804370000000006,36.85108,36.05707,36.337309999999995,966214.0
2024-11-14,36.2906,37.13131,36.15048,36.38401,868294.0
2024-11-15,36.66425,36.66425,35.87025,35.87025,737389.0
2024-11-18,35.82354,36.2906,34.88942,35.21636,965132.0
2024-11-19,35.4966,36.243900000000004,35.4966,35.77684,637089.0
2024-11-20,35.54331,36.243900000000004,35.4966,36.05707,443688.0
2024-11-21,36.10378,36.71096,35.82354,36.47743,416970.0
2024-11-22,36.75766,36.75766,36.337309999999995,36.57084,310348.0
2024-11-25,36.71096,36.85108,36.43072,36.804370000000006,368470.0
2024-11-26,36.57084,36.85108,36.243900000000004,36.66425,525479.0
2024-11-27,36.66425,36.804370000000006,36.47743,36.52413,260282.0
2024-11-28,36.66425,37.87861,36.52413,37.364839999999994,1180089.0
2024-11-29,37.64508,37.831900000000005,37.364839999999994,37.364839999999994,463385.0
2024-12-02,37.364839999999994,37.50496,36.85108,37.13131,602358.0
2024-12-03,37.0379,37.925309999999996,36.85108,37.364839999999994,763676.0
2024-12-04,37.411550000000005,38.20555,37.411550000000005,37.64508,652112.0
2024-12-05,37.64508,38.018730000000005,37.364839999999994,37.925309999999996,716714.0
2024-12-06,37.925309999999996,38.06543,37.45825,37.785199999999996,788404.0
2024-12-09,37.785199999999996,37.785199999999996,37.364839999999994,37.50496,574450.0
2024-12-10,37.50496,37.785199999999996,37.45825,37.64508,285366.0
2024-12-11,37.55167,37.64508,37.22472,37.27143,547103.0
2024-12-12,37.22472,37.50496,36.804370000000006,36.804370000000006,843454.0
2024-12-13,36.804370000000006,36.804370000000006,36.15048,36.15048,1285972.0
2024-12-16,36.43072,36.43072,36.10378,36.15048,648007.0
2024-12-17,36.10378,36.337309999999995,36.10378,36.337309999999995,438786.0
2024-12-18,36.15048,37.13131,36.15048,36.71096,792313.0
2024-12-19,36.337309999999995,37.364839999999994,36.15048,36.804370000000006,776964.0
2024-12-20,36.99119,37.13131,36.10378,36.43072,592412.0
2024-12-23,36.52413,36.804370000000006,36.19719,36.19719,527532.0
2024-12-24,36.2906,36.2906,35.730129999999996,35.91695,604115.0
2024-12-25,35.91695,36.337309999999995,35.91695,36.05707,740816.0
2024-12-26,36.243900000000004,36.52413,35.91695,35.91695,756712.0
2024-12-27,36.05707,36.15048,35.730129999999996,35.963660000000004,1060947.0
2024-12-30,36.01037,36.15048,35.68342,35.68342,614275.0
2024-12-31,35.730129999999996,35.87025,35.029540000000004,35.029540000000004,710918.0
2025-01-02,35.449889999999996,35.87025,35.449889999999996,35.636720000000004,547111.0
2025-01-03,36.01037,36.05707,35.59001,35.91695,787494.0
2025-01-06,35.91695,36.19719,35.636720000000004,35.82354,671502.0
2025-01-07,36.10378,36.10378,35.40319,35.40319,859765.0
2025-01-08,35.449889999999996,35.77684,34.84271,35.77684,915235.0
2025-01-09,35.963660000000004,36.71096,35.77684,36.43072,1724721.0
2025-01-10,36.2906,36.47743,35.4966,35.59001,716200.0
2025-01-13,36.01037,36.337309999999995,35.82354,36.337309999999995,989252.0
2025-01-14,36.47743,37.45825,36.47743,37.13131,1717944.0
2025-01-15,37.27143,37.59837,36.99119,37.364839999999994,1317529.0
2025-01-16,37.69178,37.69178,37.13131,37.364839999999994,1054970.0
2025-01-17,37.31814,37.364839999999994,36.99119,37.364839999999994,772505.0
2025-01-20,37.364839999999994,37.364839999999994,37.13131,37.22472,402862.0
2025-01-21,37.31814,37.69178,36.804370000000006,37.22472,873707.0
2025-01-22,37.27143,37.27143,36.57084,36.57084,873536.0
2025-01-23,36.61754,37.08461,36.38401,36.99119,505994.0
2025-01-24,36.52413,36.944489999999995,36.52413,36.89778,570308.0
2025-02-03,36.61754,36.804370000000006,36.2906,36.71096,541288.0
2025-02-04,36.804370000000006,37.55167,36.804370000000006,37.364839999999994,947205.0
2025-02-05,37.50496,37.55167,37.08461,37.27143,623891.0
2025-02-06,37.364839999999994,37.364839999999994,36.99119,37.27143,601953.0
2025-02-07,37.27143,37.27143,37.08461,37.22472,735182.0
2025-02-10,37.17802,38.06543,36.99119,37.73849,2003743.0
2025-02-11,37.831900000000005,38.5792,37.73849,38.48579,2096826.0
2025-02-12,38.48579,38.719319999999996,38.39237,38.625910000000005,1137195.0
2025-02-13,38.625910000000005,39.41991,38.25226,39.23308,2401025.0
2025-02-14,39.606730000000006,39.93367,39.23308,39.56003,2156193.0
2025-02-17,39.606730000000006,40.26062,39.139669999999995,39.27979,2505209.0
2025-02-18,39.23308,39.93367,39.139669999999995,39.79356,1698187.0
2025-02-19,40.167199999999994,40.44744,39.98038,40.35403,2235945.0
2025-02-20,40.494150000000005,40.494150000000005,40.07379,40.26062,1278276.0
2025-02-21,39.98038,40.634269999999994,39.88697,40.35403,1857980.0
2025-02-24,40.26062,40.30732,39.84026,40.167199999999994,1507636.0
2025-02-25,40.167199999999994,40.72768,40.167199999999994,40.44744,1838959.0
2025-02-26,40.44744,40.587559999999996,40.167199999999994,40.40073,1082425.0
2025-02-27,40.35403,40.54085,40.027089999999994,40.1205,1385824.0
2025-02-28,40.1205,40.82109,40.1205,40.68097,1737668.0
2025-03-03,40.54085,41.38156,40.40073,41.28815,2399990.0
2025-03-04,41.28815,41.615089999999995,40.82109,41.56839,2100737.0
2025-03-05,41.56839,41.56839,40.8678,40.8678,1232804.0
2025-03-06,40.82109,40.9145,39.88697,40.77438,2032783.0
2025-03-07,40.72768,40.72768,39.74685,40.027089999999994,3053707.0
2025-03-10,40.167199999999994,40.167199999999994,39.41991,40.167199999999994,2078695.0
2025-03-11,39.79356,40.44744,39.606730000000006,40.44744,1583873.0
2025-03-12,40.40073,40.40073,39.79356,40.07379,1184420.0
2025-03-13,40.027089999999994,40.027089999999994,38.95285,38.95285,2542113.0
2025-03-14,38.85944,39.046260000000004,38.29896,38.67261,1681513.0
2025-03-17,38.67261,38.95285,38.15884,38.719319999999996,1373302.0
2025-03-18,38.85944,39.18638,38.719319999999996,38.95285,1316699.0
2025-03-19,39.046260000000004,39.046260000000004,38.39237,38.76602,677059.0
2025-03-20,38.67261,38.85944,38.25226,38.5792,859643.0
2025-03-21,38.5792,38.67261,38.25226,38.5792,1181023.0
2025-03-24,38.5792,38.719319999999996,38.20555,38.532489999999996,617785.0
2025-03-25,38.76602,38.76602,38.20555,38.25226,1757514.0
2025-03-26,38.39237,38.76602,38.29896,38.439080000000004,792904.0
2025-03-27,38.439080000000004,38.5792,38.11214,38.25226,792781.0
2025-03-28,38.11214,38.25226,37.17802,37.17802,1651085.0
2025-03-31,36.99119,37.0379,36.47743,36.944489999999995,1020533.0
2025-04-01,37.22472,37.64508,37.08461,37.64508,565478.0
2025-04-02,37.73849,37.73849,37.364839999999994,37.55167,350291.0
2025-04-03,35.68342,36.61754,34.93613,34.93613,2809610.0
2025-04-04,32.50741,33.34812,32.50741,33.34812,4401941.0
2025-04-08,31.24635,32.60082,31.05952,31.05952,1903706.0
2025-04-09,28.91105,30.91941,28.91105,28.91105,2656049.0
2025-04-10,30.91941,30.91941,30.91941,30.91941,41725.0
2025-04-11,33.067879999999995,33.067879999999995,31.24635,33.02118,3677259.0
2025-04-14,32.974470000000004,33.02118,32.133759999999995,32.55412,1582843.0
2025-04-15,32.22718,32.46071,31.386470000000003,31.386470000000003,1653667.0
2025-04-16,31.386470000000003,31.85353,30.82599,30.82599,1207346.0
2025-04-17,30.77929,31.666700000000002,30.59246,31.62,802357.0
2025-04-18,31.993650000000002,32.18047,31.76012,31.76012,607620.0
2025-04-21,31.76012,31.993650000000002,31.29305,31.57329,419464.0
2025-04-22,31.57329,31.57329,29.37811,30.91941,1194762.0
2025-04-23,31.47988,31.57329,30.96611,31.24635,795307.0
2025-04-24,31.386470000000003,31.993650000000002,31.386470000000003,31.433169999999997,935211.0
2025-04-25,31.47988,32.18047,31.433169999999997,31.993650000000002,1459331.0
2025-04-28,31.993650000000002,31.993650000000002,31.433169999999997,31.57329,608855.0
2025-04-29,31.57329,31.76012,31.57329,31.666700000000002,357616.0
2025-05-05,31.52659,31.52659,31.01282,31.433169999999997,658425.0
2025-05-06,31.666700000000002,32.32059,31.47988,31.666700000000002,1538813.0
2025-05-07,30.82599,31.57329,30.82599,31.29305,2038319.0
2025-05-08,31.01282,33.44153,31.01282,33.34812,4051672.0
2025-05-09,33.34812,33.44153,32.69424,32.83435,1596493.0
2025-05-12,32.83435,33.34812,32.83435,33.161300000000004,1727294.0
2025-05-13,33.62836,33.62836,33.208,33.208,1537168.0
2025-05-14,33.34812,33.86189,33.254709999999996,33.34812,2600945.0
2025-05-15,33.34812,33.58165,33.067879999999995,33.208,1230061.0
2025-05-16,33.254709999999996,33.72177,33.208,33.39483,1452685.0
2025-05-19,33.34812,33.39483,32.74094,32.78765,1051912.0
2025-05-20,32.78765,32.83435,32.46071,32.50741,848660.0
2025-05-21,32.647529999999996,33.254709999999996,32.55412,32.974470000000004,908634.0
2025-05-22,32.974470000000004,32.974470000000004,32.367290000000004,32.50741,815488.0
2025-05-23,32.50741,32.647529999999996,31.85353,32.08706,1027851.0
2025-05-26,31.993650000000002,32.50741,31.152939999999997,32.414,1115699.0
2025-05-27,32.55412,32.83435,32.367290000000004,32.46071,1035154.0
2025-05-28,32.74094,33.72177,32.74094,33.161300000000004,1773284.0
2025-05-29,33.208,33.208,32.50741,32.60082,1259523.0
2025-05-30,32.414,32.74094,32.22718,32.22718,761689.0
2025-06-02,32.60082,33.254709999999996,32.414,33.254709999999996,1840119.0
2025-06-03,33.39483,33.48824,33.254709999999996,33.30142,1207580.0
2025-06-04,33.44153,34.32895,33.39483,33.675059999999995,2131454.0
2025-06-05,34.04871,34.09542,33.58165,33.72177,1412787.0
2025-06-06,33.86189,35.309779999999996,33.86189,34.93613,3678248.0
2025-06-09,34.98283,34.98283,34.142120000000006,34.56248,2001535.0
2025-06-10,34.56132,34.56132,34.07862,34.271699999999996,653163.0
2025-06-11,34.271699999999996,34.271699999999996,33.740730000000006,33.740730000000006,899419.0
2025-06-12,34.22343,34.46478,33.98208,34.03035,602196.0
2025-06-13,34.85094,36.39558,34.85094,36.39558,5454716.0
2025-06-16,38.616,38.905620000000006,37.312709999999996,38.905620000000006,5742642.0
2025-06-17,38.95389,38.95389,37.60233,37.69887,2718995.0
2025-06-18,38.616,38.80908,37.6506,37.6506,2511539.0
2025-06-19,37.795410000000004,38.51946,36.926550000000006,38.18157,2537516.0
2025-06-20,38.18157,38.42292,37.312709999999996,37.795410000000004,1437117.0
2025-06-23,40.40199,40.40199,38.616,38.80908,3043815.0
2025-06-24,36.49212,37.55406,36.49212,36.733470000000004,2968738.0
2025-06-25,36.685199999999995,37.07136,35.81634,36.00942,1865160.0
2025-06-26,36.00942,36.39558,35.57499,35.76807,1509744.0
2025-06-27,35.81634,36.29904,35.67153,36.00942,574167.0
2025-06-30,36.00942,36.2025,35.719800000000006,35.96115,932268.0
2025-07-01,35.96115,35.96115,35.62326,35.62326,1079302.0
2025-07-02,35.62326,35.81634,35.57499,35.67153,680205.0
2025-07-03,35.912879999999994,36.105959999999996,35.719800000000006,35.719800000000006,783203.0
2025-07-04,35.719800000000006,36.00942,35.719800000000006,35.96115,938298.0
2025-07-07,35.96115,36.00942,35.719800000000006,35.81634,986164.0
2025-07-08,35.81634,36.05769,35.81634,36.00942,1231985.0
2025-07-09,36.2025,36.54039,36.05769,36.154230000000005,1351472.0
2025-07-10,36.2025,37.023089999999996,36.154230000000005,36.588660000000004,1684678.0
2025-07-11,36.588660000000004,36.63693,36.29904,36.39558,1225215.0
2025-07-14,36.588660000000004,36.588660000000004,36.00942,36.2025,1241350.0
2025-07-15,36.2025,36.39558,36.00942,36.00942,1513361.0
2025-07-16,36.00942,36.2025,35.76807,35.96115,1736842.0
2025-07-17,35.96115,36.05769,35.76807,35.81634,1793128.0
2025-07-18,35.86461,36.29904,35.86461,36.00942,2297247.0
2025-07-21,36.250769999999996,36.29904,35.81634,35.81634,1176408.0
2025-07-22,35.81634,35.86461,35.62326,35.86461,1525266.0
2025-07-23,35.96115,36.2025,35.719800000000006,35.96115,2047853.0
2025-07-24,36.05769,36.87828,36.00942,36.78174,4404849.0
2025-07-25,36.87828,37.26444,36.685199999999995,36.78174,2924874.0
2025-07-28,36.83001,36.87828,36.39558,36.54039,3968649.0
2025-07-29,36.588660000000004,37.1679,35.2371,35.2371,7474349.0
2025-07-30,35.719800000000006,35.719800000000006,34.947480000000006,35.044019999999996,3101582.0
2025-07-31,35.33364,35.81634,34.89921,34.99575,2106212.0
2025-08-01,34.99575,35.044019999999996,34.41651,34.56132,3050174.0
2025-08-04,35.044019999999996,35.57499,34.754400000000004,35.33364,2612896.0
2025-08-05,35.62326,35.81634,34.947480000000006,35.33364,3925919.0
2025-08-06,35.526720000000005,36.29904,35.43018,36.154230000000005,2982594.0
2025-08-07,36.2025,36.250769999999996,35.719800000000006,35.81634,2327242.0
2025-08-08,35.81634,37.1679,35.81634,36.87828,6379883.0
2025-08-11,36.926550000000006,37.1679,36.34731,36.63693,2347480.0
2025-08-12,36.685199999999995,37.50579,36.34731,37.1679,4945053.0
2025-08-13,37.312709999999996,37.60233,36.2025,36.685199999999995,3549439.0
2025-08-14,37.07136,37.07136,36.250769999999996,36.588660000000004,2331429.0
2025-08-15,36.685199999999995,38.37465,36.39558,37.1679,7517715.0
2025-08-18,37.84368,37.98849,37.11963,37.457519999999995,3226799.0
2025-08-19,37.457519999999995,37.940220000000004,37.023089999999996,37.023089999999996,4032327.0
2025-08-20,36.97482,37.023089999999996,35.381910000000005,35.719800000000006,4910873.0
2025-08-21,35.719800000000006,36.105959999999996,35.43018,35.62326,2488141.0
2025-08-22,35.43018,35.57499,34.60959,34.706129999999995,3930883.0
2025-08-25,34.85094,35.2371,34.51305,34.60959,2065877.0
2025-08-26,34.754400000000004,35.14056,34.65786,35.09229,1246116.0
2025-08-27,35.09229,35.57499,34.89921,35.14056,1393378.0
2025-08-28,35.18883,35.526720000000005,34.85094,34.89921,1885173.0
2025-08-29,35.2371,35.2371,34.80267,34.85094,1695376.0
2025-09-03,35.14056,35.67153,35.044019999999996,35.28537,1412640.0
2025-09-04,35.33364,35.719800000000006,35.2371,35.381910000000005,1444947.0
2025-09-05,35.526720000000005,35.912879999999994,35.33364,35.33364,2742478.0
2025-09-08,35.2371,35.33364,34.271699999999996,34.271699999999996,3119642.0
2025-09-09,34.31997,34.46478,33.93381,34.22343,1658978.0
2025-09-10,34.36824,34.60959,34.03035,34.175160000000005,952731.0
2025-09-11,34.36824,34.46478,33.64419,34.126889999999996,2032041.0
2025-09-12,34.175160000000005,34.754400000000004,34.03035,34.36824,1760557.0
2025-09-15,34.754400000000004,34.80267,34.36824,34.51305,1255579.0
2025-09-16,34.754400000000004,35.044019999999996,34.56132,34.706129999999995,2345082.0
2025-09-17,34.89921,35.381910000000005,34.754400000000004,34.85094,1912365.0
2025-09-18,34.85094,34.89921,34.31997,34.36824,1611365.0
2025-09-19,34.31997,34.51305,34.07862,34.126889999999996,2153402.0
2025-09-22,34.175160000000005,34.31997,33.64419,33.64419,1868070.0
2025-09-23,33.789,33.98208,33.547650000000004,33.547650000000004,1170119.0
2025-09-24,33.59592,33.83727,33.40284,33.789,1195056.0
2025-09-25,33.93381,34.07862,33.83727,33.83727,1033175.0
2025-09-26,34.07862,34.07862,33.59592,33.59592,805519.0
2025-09-29,33.98208,34.07862,33.45111,33.547650000000004,1021060.0
2025-09-30,33.547650000000004,33.59592,32.8236,33.01668,1611756.0
2025-10-01,33.01668,33.25803,32.968410000000006,32.968410000000006,696852.0
2025-10-02,32.968410000000006,33.16149,32.8236,32.8236,1040679.0
2025-10-03,32.968410000000006,32.968410000000006,32.14782,32.29263,2005930.0
2025-10-06,32.8236,32.968410000000006,32.53398,32.968410000000006,922201.0
2025-10-07,33.11322,33.16149,32.72706,32.72706,894185.0
2025-10-08,33.11322,33.20976,32.72706,32.775330000000004,1041869.0
2025-10-09,32.8236,33.20976,32.67879,32.920139999999996,1217886.0
2025-10-10,32.968410000000006,33.064949999999996,32.775330000000004,32.87187,1172238.0
2025-10-13,32.53398,32.87187,32.38917,32.87187,1241494.0
2025-10-14,32.87187,33.11322,32.340900000000005,32.437439999999995,1918724.0
2025-10-15,32.437439999999995,32.72706,32.38917,32.53398,1660938.0
2025-10-16,32.53398,32.72706,32.24436,32.53398,1736701.0
2025-10-17,32.53398,32.58225,32.29263,32.38917,1942118.0
2025-10-20,32.340900000000005,32.340900000000005,31.3755,31.56858,2225022.0
2025-10-21,31.665119999999998,32.340900000000005,31.665119999999998,32.19609,1524934.0
2025-10-22,32.340900000000005,33.3063,32.24436,33.064949999999996,2050548.0
2025-10-23,33.40284,33.740730000000006,33.064949999999996,33.064949999999996,1271667.0
2025-10-24,33.59592,33.64419,33.064949999999996,33.11322,1110207.0
2025-10-27,33.59592,33.59592,32.968410000000006,32.968410000000006,778211.0
2025-10-28,32.968410000000006,33.11322,32.67879,32.87187,643453.0
2025-10-29,32.920139999999996,33.3063,32.8236,33.3063,1346556.0
2025-10-30,33.40284,33.59592,33.20976,33.35457,795323.0
2025-10-31,33.35457,34.271699999999996,33.35457,33.35457,2940028.0
2025-11-03,33.789,33.789,33.11322,33.11322,1162989.0
2025-11-04,33.01668,33.3063,32.58225,33.01668,1944362.0
2025-11-05,33.11322,34.85094,33.11322,33.98208,4305744.0
2025-11-06,34.07862,34.175160000000005,33.499379999999995,33.547650000000004,2004608.0
2025-11-07,33.59592,33.789,32.8236,32.8236,2558532.0
2025-11-10,32.968410000000006,33.20976,32.72706,32.72706,1623943.0
2025-11-11,32.775330000000004,32.920139999999996,32.53398,32.58225,1321589.0
2025-11-12,32.8236,32.87187,32.58225,32.87187,1082669.0
2025-11-13,32.87187,33.83727,32.8236,33.3063,2598663.0
2025-11-14,33.35457,33.64419,33.20976,33.3063,1410503.0
2025-11-17,33.35457,33.499379999999995,33.20976,33.499379999999995,1655444.0
2025-11-18,33.45111,33.88554,33.35457,33.35457,2770673.0
2025-11-19,33.35457,33.64419,33.20976,33.499379999999995,1999282.0
2025-11-20,33.547650000000004,33.64419,33.11322,33.20976,1407490.0
2025-11-21,33.064949999999996,33.16149,32.63052,32.775330000000004,2148195.0
2025-11-24,32.72706,32.920139999999996,32.58225,32.67879,807542.0
2025-11-25,32.67879,32.775330000000004,32.29263,32.340900000000005,1548984.0
2025-11-26,32.38917,32.87187,32.38917,32.67879,593614.0
2025-11-27,32.67879,32.920139999999996,32.53398,32.8236,685001.0
2025-11-28,32.8236,32.87187,32.53398,32.72706,914486.0
2025-12-01,32.72706,33.3063,32.72706,33.25803,1420334.0
2025-12-02,33.20976,33.69246,33.01668,33.64419,1940328.0
2025-12-03,33.98208,34.126889999999996,33.35457,33.40284,1599598.0
2025-12-04,33.59592,33.88554,33.35457,33.740730000000006,1750837.0
2025-12-05,33.740730000000006,33.740730000000006,33.11322,33.20976,1115030.0
2025-12-08,33.25803,35.044019999999996,33.20976,34.80267,3944321.0
2025-12-09,34.56132,34.56132,33.69246,33.789,1605269.0
2025-12-10,33.88554,33.88554,33.3063,33.40284,1075268.0
2025-12-11,33.499379999999995,33.59592,33.16149,33.20976,899602.0
2025-12-12,33.20976,33.25803,32.340900000000005,32.53398,1620171.0
2025-12-15,32.67879,32.72706,32.437439999999995,32.72706,630239.0
2025-12-16,32.8236,33.35457,32.14782,33.20976,1593363.0
2025-12-17,33.11322,34.36824,33.11322,33.45111,3256307.0
2025-12-18,33.64419,33.93381,33.40284,33.59592,936770.0
2025-12-19,33.59592,33.98208,33.45111,33.64419,1087645.0
2025-12-22,33.69246,34.07862,33.69246,34.07862,1462378.0
2025-12-23,34.22343,34.85094,33.69246,34.36824,3534127.0
2025-12-24,34.31997,34.41651,33.93381,33.93381,1060039.0
2025-12-25,34.22343,34.65786,33.83727,33.83727,1866888.0
2025-12-26,33.83727,34.31997,33.499379999999995,34.31997,1965374.0
2025-12-29,34.46478,35.719800000000006,34.36824,35.2371,5311128.0
2025-12-30,35.33364,35.33364,34.46478,34.51305,1528801.0
2025-12-31,34.706129999999995,35.044019999999996,34.07862,34.07862,1542936.0
2026-01-05,34.65786,35.719800000000006,34.126889999999996,35.044019999999996,6077590.0
2026-01-06,35.09229,37.457519999999995,35.044019999999996,37.40925,13263243.0
2026-01-07,38.03676,40.01583,37.50579,40.01583,15159247.0
2026-01-08,42.477599999999995,42.477599999999995,38.616,40.064099999999996,12752152.0
2026-01-09,40.25718,42.477599999999995,40.064099999999996,41.5122,8144514.0
2026-01-12,42.477599999999995,43.97397,40.112370000000006,40.93296,9739788.0
2026-01-13,40.93296,43.78089,40.83642,43.78089,9976920.0
2026-01-14,45.95304,46.8219,45.3738,46.8219,15657359.0
2026-01-15,46.435739999999996,50.00772,45.3738,50.00772,15424458.0
2026-01-16,50.2008,53.483160000000005,48.27,50.2008,14347341.0
2026-01-19,50.97312,53.67624,49.7181,53.67624,11842214.0
2026-01-20,56.37936,57.34476,55.5105,56.9586,11948103.0
2026-01-21,55.80012,58.50324,53.483160000000005,57.05514,12532505.0
2026-01-22,57.924,59.082480000000004,54.352019999999996,54.5451,9480565.0
2026-01-23,54.44856,55.31742,51.166199999999996,52.71084,12347782.0
2026-01-26,52.42122,56.37936,52.32468,55.027800000000006,14226545.0
2026-01-27,55.993199999999995,58.79286,54.5451,58.79286,13458798.0
2026-01-28,61.01328,62.557919999999996,55.220879999999994,56.86206,15584364.0
2026-01-29,56.18628,56.765519999999995,54.44856,55.70358,10143326.0
2026-01-30,56.37936,57.441300000000005,55.70358,56.86206,6934580.0
2026-02-02,55.31742,58.79286,54.834720000000004,58.79286,10147071.0
2026-02-03,58.406699999999994,60.53058,57.441300000000005,57.924,8393365.0
2026-02-04,57.924,59.179019999999994,56.668980000000005,57.924,5536687.0
2026-02-05,57.924,58.599779999999996,55.413959999999996,55.413959999999996,7254763.0
2026-02-06,54.5451,57.537839999999996,52.42122,55.027800000000006,10250422.0
2026-02-09,55.5105,56.18628,54.5451,55.31742,2444525.0
2026-02-10,55.60704,56.37936,51.45582,51.45582,11418700.0
2026-02-11,50.2008,51.74544,48.7527,49.91118,7531499.0
2026-02-12,50.78004,51.45582,49.81464,49.91118,2649142.0
2026-02-13,49.81464,50.876580000000004,48.94578,50.2008,3686053.0
2026-02-23,52.6143,53.67624,51.45582,53.67624,2815570.0
2026-02-24,55.5105,56.4759,54.73818,55.70358,9920175.0
2026-02-25,55.70358,57.73092,55.027800000000006,55.993199999999995,9053875.0
2026-02-26,56.4759,56.57244,54.062400000000004,55.5105,4731360.0
2026-02-27,56.28282,59.082480000000004,55.5105,55.80012,6871957.0
2026-03-02,59.179019999999994,59.66172,57.924,59.66172,10164840.0
2026-03-03,61.88214,63.812940000000005,56.86206,63.812940000000005,17818393.0
2026-03-04,65.6472,67.96416,63.7164,67.09530000000001,11622866.0
2026-03-05,66.99875999999999,67.09530000000001,62.46138,62.46138,10263118.0
2026-03-06,61.399440000000006,64.68180000000001,58.69632,59.854800000000004,11645624.0
2026-03-09,63.61986,63.61986,55.70358,55.70358,13289385.0
2026-03-10,53.097,56.08974,51.84198000000001,51.84198000000001,8238364.0
2026-03-11,49.81464,53.29008,49.621559999999995,53.29008,8742980.0
2026-03-12,53.097,53.29008,50.2008,50.2008,7053740.0
2026-03-13,50.2008,52.51776,46.72536,46.72536,11943760.0
2026-03-16,46.3392,46.435739999999996,43.49127,45.08418,10183433.0
2026-03-17,46.24266,46.435739999999996,43.78089,44.07051,3720763.0
2026-03-18,43.63608,47.11152,43.63608,46.77363,6638681.0
2026-03-19,46.435739999999996,46.435739999999996,44.02224,44.4084,4001886.0
2026-03-20,44.98764,44.98764,41.319120000000005,41.319120000000005,7462256.0
2026-03-23,39.67794,41.46393,38.664269999999995,39.5814,6732918.0
2026-03-24,40.546800000000005,40.643339999999995,37.1679,38.42292,8826058.0
2026-03-25,39.00216,40.83642,39.00216,39.871019999999994,4334333.0
2026-03-26,39.871019999999994,39.871019999999994,38.32638,38.51946,4234038.0
2026-03-27,38.80908,40.93296,38.616,40.78815,6117291.0
2026-03-30,40.546800000000005,41.5122,39.96756,39.96756,5428378.0
2026-03-31,40.45026,40.45026,38.95389,39.00216,4162413.0
2026-04-01,39.67794,40.40199,39.098699999999994,39.291779999999996,4273075.0
2026-04-02,39.5814,40.01583,38.664269999999995,39.00216,2568221.0
2026-04-03,39.48486,39.919290000000004,38.80908,38.80908,2941459.0
2026-04-06,38.80908,38.80908,37.55406,37.55406,3135427.0
2026-04-07,37.60233,38.18157,37.21617,37.26444,1993090.0
2026-04-08,38.133300000000006,39.340050000000005,37.60233,39.098699999999994,3501403.0
2026-04-09,39.098699999999994,39.098699999999994,38.133300000000006,38.133300000000006,2991513.0
2026-04-10,38.567730000000005,40.546800000000005,38.18157,39.72621,5712905.0
2026-04-13,40.45026,40.49853,39.098699999999994,39.291779999999996,3029714.0
2026-04-14,39.774480000000004,39.774480000000004,38.712540000000004,38.76081,2226353.0
2026-04-15,38.76081,39.291779999999996,38.27811,38.42292,2872404.0
2026-04-16,38.712540000000004,38.712540000000004,37.55406,37.74714,3342545.0
2026-04-17,38.03676,39.05043,37.60233,38.567730000000005,2908983.0
2026-04-20,38.712540000000004,38.905620000000006,37.940220000000004,38.085029999999996,1772487.0
2026-04-21,38.085029999999996,38.616,37.940220000000004,37.98849,1993776.0
2026-04-22,38.229839999999996,38.229839999999996,37.6506,37.6506,1916242.0
2026-04-23,37.74714,38.32638,36.685199999999995,37.940220000000004,3796910.0
2026-04-24,38.27811,39.919290000000004,38.18157,38.32638,6414471.0
2026-04-28,36.87828,37.84368,35.67153,35.67153,6522862.0
2026-04-29,35.719800000000006,36.154230000000005,34.99575,35.86461,3577083.0
2026-05-04,37.1679,38.37465,36.78174,37.360980000000005,4414532.0
2026-05-05,37.312709999999996,38.32638,36.49212,37.891949999999994,3889638.0
2026-05-06,37.891949999999994,38.229839999999996,37.312709999999996,37.6506,3105513.0
2026-05-07,37.55406,37.55406,36.39558,36.39558,4494286.0
2026-05-08,36.78174,37.023089999999996,36.2025,36.29904,1965966.0
2026-05-11,36.685199999999995,36.685199999999995,35.33364,35.526720000000005,5104493.0
2026-05-12,35.912879999999994,36.588660000000004,35.719800000000006,36.49212,1745936.0
2026-05-13,36.49212,39.00216,36.2025,38.95389,10820549.0
2026-05-14,39.098699999999994,40.30545,38.37465,38.47119,5388167.0
2026-05-15,38.03676,40.88469,38.03676,40.73988,9253543.0
2026-05-18,41.12604,43.58781,41.0295,43.58781,11452113.0
2026-05-19,44.4084,45.3738,40.546800000000005,40.546800000000005,14805458.0
2026-05-20,40.49853,42.38106,37.84368,42.33279,9861473.0
2026-05-21,42.38106,42.38106,40.78815,41.46393,3510045.0
2026-05-22,41.850089999999994,41.9949,40.20891,40.49853,4149981.0
2026-05-25,39.5814,39.871019999999994,38.229839999999996,38.32638,5771902.0
2026-05-26,38.712540000000004,39.436589999999995,38.51946,38.616,2016813.0
2026-05-27,38.712540000000004,39.24351,38.085029999999996,38.085029999999996,2743939.0
2026-05-28,37.98849,39.098699999999994,37.21617,38.085029999999996,3800905.0
2026-05-29,38.085029999999996,40.064099999999996,37.50579,39.5814,4652948.0
2026-06-01,39.5814,40.064099999999996,38.37465,38.37465,2164780.0
2026-06-02,38.76081,39.00216,37.50579,37.50579,3080924.0
2026-06-03,37.50579,38.47119,37.50579,37.795410000000004,1388416.0
2026-06-04,39.05043,40.40199,38.95389,40.40199,6435942.0
2026-06-05,40.83642,42.477599999999995,39.72621,40.546800000000005,5055589.0
2026-06-08,40.16064,41.319120000000005,40.064099999999996,40.25718,3853361.0
2026-06-09,40.35372,40.35372,38.80908,39.098699999999994,2510832.0
2026-06-10,39.48486,39.53313,38.47119,38.664269999999995,2600784.0
2026-06-11,39.19524,39.53313,38.47119,38.47119,1692203.0
2026-06-12,38.47119,39.5814,38.27811,38.664269999999995,2265288.0
2026-06-15,38.03676,38.085029999999996,37.07136,37.1679,4546229.0
2026-06-16,37.40925,37.6506,36.97482,37.26444,1886395.0
2026-06-17,37.26444,38.03676,36.926550000000006,37.312709999999996,1729538.0
2026-06-18,37.360980000000005,37.891949999999994,37.26444,37.6506,1555109.0
2026-06-19,37.74714,37.795410000000004,37.26444,37.312709999999996,1536703.0
2026-06-22,37.457519999999995,37.940220000000004,37.312709999999996,37.312709999999996,1875771.0
2026-06-23,37.55406,37.55406,36.154230000000005,36.39558,4326653.0
2026-06-24,36.44385,36.87828,35.57499,36.49212,1920896.0
2026-06-25,36.44385,36.49212,35.719800000000006,35.96115,912085.0
2026-06-26,36.105959999999996,36.250769999999996,35.526720000000005,35.526720000000005,1721821.0
2026-06-29,35.62326,36.44385,35.57499,35.96115,1260653.0
2026-06-30,36.00942,36.29904,35.62326,35.67153,1157746.0
2026-07-01,35.67153,37.1679,35.67153,36.154230000000005,1565892.0
2026-07-02,36.154230000000005,36.154230000000005,35.81634,35.912879999999994,806634.0
2026-07-03,36.154230000000005,36.154230000000005,35.28537,35.28537,2073343.0
2026-07-06,35.33364,35.62326,32.968410000000006,33.88554,3262546.0
2026-07-07,34.03035,34.36824,33.35457,33.69246,2623958.0
2026-07-08,34.271699999999996,34.706129999999995,33.83727,34.03035,2216223.0
2026-07-09,34.56132,35.526720000000005,34.46478,34.754400000000004,2897620.0
2026-07-10,35.33364,35.67153,34.754400000000004,34.754400000000004,2477319.0
2026-07-13,35.2371,35.28537,33.789,34.31997,1666672.0
2026-07-14,34.89921,36.05769,34.31997,35.526720000000005,3610639.0
2026-07-15,35.67153,35.67153,34.80267,34.80267,1502175.0
2026-07-16,34.85094,35.28537,33.3063,34.65786,2078341.0
2026-07-17,34.65786,34.754400000000004,33.88554,33.98208,1004273.0
2026-07-20,34.31997,34.60959,33.11322,33.11322,1706723.0
2026-07-21,32.24436,33.11322,30.796259999999997,31.520310000000002,3073993.0
2026-07-22,31.520310000000002,32.48571,31.42377,31.61685,1764010.0
2026-07-23,31.8582,32.437439999999995,31.56858,32.24436,1470717.0
2026-07-24,32.63052,33.25803,32.58225,32.63052,1717171.0
2026-07-27,32.58225,32.58225,31.665119999999998,31.665119999999998,1333011.0
2026-07-28,30.796259999999997,32.05128,30.796259999999997,31.56858,1714188.0
2026-07-29,31.80993,32.05128,31.665119999999998,31.80993,986390.0
2026-07-30,32.003009999999996,32.8236,32.003009999999996,32.67879,1458915.0
2026-07-31,33.45111,33.45111,32.14782,32.14782,3147973.0
2026-08-03,32.67879,33.789,32.67879,33.499379999999995,2583067.0
2026-08-04,33.75,33.9,33.2,33.45,1212031.0
2026-08-05,33.35,34.4,33.1,34.25,2311464.0
2026-08-06,34.4,35.0,33.7,33.7,1519462.0
2026-08-07,34.2,36.05,33.9,35.95,7043161.0
2026-08-10,36.5,38.0,35.8,37.5,4975003.0
2026-08-11,37.75,37.9,36.5,36.6,3517294.0
2026-08-12,36.65,36.9,36.2,36.65,2726188.0
2026-08-13,36.65,36.85,35.3,35.6,2356983.0
2026-08-14,35.6,36.2,34.8,35.05,3465693.0
2026-08-17,35.0,35.7,34.75,35.5,1853700.0
2026-08-18,36.3,37.95,36.2,37.95,5350900.0
2026-08-19,38.8,39.05,37.85,38.1,5382400.0
2026-08-20,38.3,38.65,37.1,38.2,3968200.0
2026-08-21,38.5,38.5,37.45,37.95,3051800.0
2026-08-24,38.4,39.0,37.8,38.05,5303300.0
2026-08-25,37.75,38.0,37.0,37.5,3605600.0
2026-08-26,37.4,38.8,37.35,37.4,5518700.0
2026-08-27,37.4,37.45,36.2,36.4,6882300.0
2026-08-28,36.5,36.9,36.25,36.25,4810100.0
2026-09-03,36.9,37.2,36.2,36.2,4859200.0
2026-09-04,36.2,36.25,35.75,36.0,3267100.0
2026-09-07,36.05,36.15,35.15,35.15,3723700.0
2026-09-08,35.45,36.0,35.1,35.75,3841200.0
2026-09-09,36.15,36.95,35.75,35.8,5211800.0
2026-09-10,36.25,36.25,35.5,35.5,3556200.0
2026-09-11,36.0,36.35,35.2,35.2,4766600.0
2026-09-14,35.2,35.95,34.85,35.25,4183000.0
2026-09-15,35.4,37.5,35.3,37.35,11244000.0
2026-09-16,37.55,39.5,37.5,38.2,11745200.0
2026-09-17,38.0,38.5,37.35,37.8,6643200.0
2026-09-18,38.0,38.05,36.8,37.4,5491800.0
2026-09-21,37.1,37.8,36.85,36.85,4841100.0
2026-09-22,37.0,37.0,35.9,36.5,5587700.0
2026-09-23,36.4,36.75,36.0,36.4,2502400.0
2026-09-24,36.4,36.65,35.0,35.0,6781000.0
2026-09-25,35.1,35.3,34.5,35.0,3909400.0
2026-09-28,35.2,35.65,34.6,35.6,2854800.0
2026-09-29,35.75,37.1,35.65,36.45,5323900.0
2026-09-30,36.2,36.3,35.5,35.6,2712600.0
2026-10-01,36.05,37.65,35.5,36.65,7102400.0
2026-10-02,37.0,37.15,35.8,35.8,3261100.0
