,open,high,low,close,volume
2020-05-08,14.2778,14.532350000000001,14.09268,14.1621,853130.0
2020-05-11,14.30095,14.32409,14.11582,14.20838,349490.0
2020-05-12,14.20838,14.555489999999999,14.09268,14.48607,924900.0
2020-05-13,14.48607,14.81004,14.30095,14.81004,1001410.0
2020-05-14,14.62492,14.85632,14.62492,14.7869,460710.0
2020-05-15,14.7869,14.7869,14.30095,14.532350000000001,678800.0
2020-05-18,14.370370000000001,14.50921,14.2778,14.50921,495250.0
2020-05-19,14.578629999999999,14.69434,14.48607,14.555489999999999,1133970.0
2020-05-20,14.555489999999999,14.578629999999999,14.46293,14.532350000000001,380660.0
2020-05-21,14.532350000000001,14.71748,14.43979,14.71748,515860.0
2020-05-22,14.62492,14.62492,14.43979,14.43979,408660.0
2020-05-25,14.43979,14.48607,14.32409,14.43979,415190.0
2020-05-26,14.43979,15.041450000000001,14.43979,15.041450000000001,1489950.0
2020-05-27,15.041450000000001,15.087729999999999,14.60177,14.60177,959990.0
2020-05-28,14.71748,14.740620000000002,14.532350000000001,14.555489999999999,486440.0
2020-05-29,14.555489999999999,14.555489999999999,14.416649999999999,14.46293,477830.0
2020-06-01,14.48607,14.71748,14.48607,14.6712,454600.0
2020-06-02,14.71748,14.81004,14.60177,14.64806,432350.0
2020-06-03,14.64806,14.71748,14.62492,14.6712,517360.0
2020-06-04,14.6712,14.85632,14.6712,14.81004,1061670.0
2020-06-05,14.81004,14.81004,14.740620000000002,14.81004,578070.0
2020-06-08,14.9026,15.087729999999999,14.81004,14.87946,1386640.0
2020-06-09,15.041450000000001,15.041450000000001,14.76376,14.7869,585770.0
2020-06-10,14.7869,14.7869,14.64806,14.7869,480400.0
2020-06-11,14.7869,14.81004,14.11582,14.11582,1435460.0
2020-06-12,13.65301,14.30095,13.65301,14.25466,836600.0
2020-06-15,14.25466,14.2778,14.00012,14.00012,482990.0
2020-06-16,14.11582,14.20838,14.069540000000002,14.20838,340070.0
2020-06-17,14.30095,14.30095,14.11582,14.18524,181910.0
2020-06-18,14.069540000000002,14.30095,14.069540000000002,14.30095,147730.0
2020-06-19,14.30095,14.555489999999999,14.25466,14.532350000000001,224740.0
2020-06-22,14.46293,14.532350000000001,14.393510000000001,14.46293,205170.0
2020-06-23,14.532350000000001,14.578629999999999,14.46293,14.50921,266000.0
2020-06-24,14.48607,14.60177,14.393510000000001,14.50921,261380.0
2020-06-25,14.34723,14.393510000000001,14.25466,14.393510000000001,186020.0
2020-06-26,14.393510000000001,14.555489999999999,14.25466,14.43979,100190.0
2020-06-29,14.20838,14.34723,14.1621,14.20838,353270.0
2020-06-30,14.20838,14.30095,14.18524,14.18524,339550.0
2020-07-01,14.18524,14.32409,14.18524,14.2778,96080.0
2020-07-02,14.30095,14.393510000000001,14.25466,14.32409,123890.0
2020-07-03,14.416649999999999,14.69434,14.32409,14.69434,262890.0
2020-07-06,14.7869,14.948879999999999,14.76376,14.7869,421670.0
2020-07-07,14.81004,14.85632,14.740620000000002,14.740620000000002,191630.0
2020-07-08,14.71748,14.81004,14.6712,14.81004,266360.0
2020-07-09,14.81004,14.87946,14.76376,14.85632,282380.0
2020-07-10,14.83318,14.85632,14.64806,14.81004,258740.0
2020-07-13,14.81004,15.34228,14.71748,15.226569999999999,1119760.0
2020-07-14,15.226569999999999,15.27285,15.180290000000001,15.226569999999999,392740.0
2020-07-15,15.27285,15.411700000000002,15.226569999999999,15.296,438040.0
2020-07-16,15.27285,15.319139999999999,15.20343,15.319139999999999,351370.0
2020-07-17,15.319139999999999,15.319139999999999,15.087729999999999,15.11087,337700.0
2020-07-20,15.087729999999999,15.15715,14.92574,14.99517,341680.0
2020-07-21,15.01831,15.226569999999999,14.99517,15.11087,106380.0
2020-07-22,15.11087,15.180290000000001,14.97203,14.97203,132320.0
2020-07-23,15.01831,15.550540000000002,14.9026,15.550540000000002,494640.0
2020-07-24,15.50426,15.5274,14.71748,15.041450000000001,770310.0
2020-07-27,14.578629999999999,15.01831,14.578629999999999,14.6712,1109220.0
2020-07-28,14.76376,15.13401,14.64806,14.948879999999999,560060.0
2020-07-29,14.81004,14.83318,14.62492,14.81004,853180.0
2020-07-30,14.81004,15.01831,14.81004,15.01831,213020.0
2020-07-31,14.81004,15.11087,14.81004,15.01831,419900.0
2020-08-03,14.99517,15.66625,14.99517,15.59682,723720.0
2020-08-04,15.64311,15.712530000000001,15.48112,15.59682,346460.0
2020-08-05,15.43484,15.78195,15.43484,15.78195,402790.0
2020-08-06,15.64311,15.92079,15.64311,15.80509,322570.0
2020-08-07,15.73567,16.22162,15.73567,16.013360000000002,585330.0
2020-08-10,16.1522,16.24476,15.990219999999999,15.990219999999999,354460.0
2020-08-11,15.990219999999999,16.013360000000002,15.73567,15.96708,507670.0
2020-08-12,15.92079,16.013360000000002,15.758809999999999,15.990219999999999,426100.0
2020-08-13,16.33733,16.52245,16.059639999999998,16.33733,791750.0
2020-08-14,16.24476,16.42989,16.059639999999998,16.33733,708180.0
2020-08-17,16.1522,16.291040000000002,16.10592,16.19848,261460.0
2020-08-18,16.12906,16.47617,16.12906,16.31419,245240.0
2020-08-19,16.40675,16.40675,16.291040000000002,16.33733,310770.0
2020-08-20,16.31419,16.42989,16.17534,16.33733,485200.0
2020-08-21,16.40675,16.54559,16.33733,16.47617,393140.0
2020-08-24,16.56873,16.63816,16.52245,16.63816,503760.0
2020-08-25,16.6613,17.054689999999997,16.63816,17.054689999999997,915810.0
2020-08-26,17.077830000000002,17.10097,16.84642,16.86956,447620.0
2020-08-27,16.86956,17.054689999999997,16.777,17.00841,389550.0
2020-08-28,16.93898,17.26295,16.93898,17.054689999999997,474590.0
2020-08-31,17.054689999999997,17.216669999999997,17.03155,17.077830000000002,288150.0
2020-09-01,16.31419,17.12411,16.31419,17.12411,309110.0
2020-09-03,17.17039,17.355520000000002,17.077830000000002,17.355520000000002,426930.0
2020-09-04,17.12411,17.309240000000003,17.03155,17.26295,243410.0
2020-09-07,17.216669999999997,17.309240000000003,16.93898,16.93898,287690.0
2020-09-08,17.077830000000002,17.10097,16.86956,16.98527,240200.0
2020-09-09,16.98527,17.26295,16.91584,17.19353,301000.0
2020-09-10,17.26295,18.04974,17.14725,18.04974,1007380.0
2020-09-11,18.04974,18.09602,17.67949,17.91089,591820.0
2020-09-14,18.04974,18.30428,17.91089,18.18858,288840.0
2020-09-15,18.18858,18.18858,17.86461,18.0266,560820.0
2020-09-16,18.0266,18.11916,17.957169999999998,18.04974,361000.0
2020-09-17,18.04974,18.72082,18.0266,18.46627,827270.0
2020-09-18,18.60511,18.67454,18.46627,18.651400000000002,289520.0
2020-09-21,18.651400000000002,19.044790000000003,18.55883,18.697680000000002,621040.0
2020-09-22,18.53569,18.79024,18.48941,18.697680000000002,435990.0
2020-09-23,18.743959999999998,18.8828,18.48941,18.53569,435520.0
2020-09-24,18.53569,18.859659999999998,18.37371,18.697680000000002,435870.0
2020-09-25,18.743959999999998,18.79024,18.51255,18.697680000000002,226460.0
2020-09-28,18.743959999999998,18.7671,18.60511,18.651400000000002,264660.0
2020-09-29,18.67454,18.72082,18.48941,18.48941,607330.0
2020-09-30,18.46627,18.651400000000002,18.46627,18.60511,457740.0
2020-10-01,18.60511,19.368759999999998,18.60511,19.34562,587940.0
2020-10-02,19.34562,19.43818,18.51255,18.581970000000002,797440.0
2020-10-05,19.06793,19.43818,19.06793,19.41504,371100.0
2020-10-06,19.43818,19.43818,18.975360000000002,19.29933,557850.0
2020-10-07,19.06793,19.27619,18.99851,19.137349999999998,448650.0
2020-10-08,19.137349999999998,19.253049999999998,19.06793,19.18363,382790.0
2020-10-09,19.18363,19.57702,19.09107,19.43818,384750.0
2020-10-12,19.6233,19.71587,19.20677,19.29933,575670.0
2020-10-13,19.29933,19.34562,19.11421,19.27619,223010.0
2020-10-14,19.20677,19.253049999999998,18.8828,19.02165,533620.0
2020-10-15,18.975360000000002,19.368759999999998,18.975360000000002,19.34562,302230.0
2020-10-16,19.34562,19.34562,18.975360000000002,19.253049999999998,540700.0
2020-10-19,19.06793,19.27619,19.06793,19.253049999999998,144440.0
2020-10-20,19.253049999999998,19.3919,19.160490000000003,19.253049999999998,287510.0
2020-10-21,19.32248,19.83157,19.29933,19.34562,988240.0
2020-10-22,19.3919,19.64644,19.32248,19.368759999999998,330310.0
2020-10-23,19.57702,19.57702,19.368759999999998,19.43818,320340.0
2020-10-26,19.43818,19.48446,19.368759999999998,19.3919,451160.0
2020-10-27,19.368759999999998,19.41504,19.253049999999998,19.3919,638290.0
2020-10-28,19.3919,19.43818,19.32248,19.32248,457560.0
2020-10-29,18.929080000000003,19.32248,18.929080000000003,19.253049999999998,471030.0
2020-10-30,19.02165,19.3919,19.02165,19.3919,389330.0
2020-11-02,19.137349999999998,19.3919,19.137349999999998,19.22991,377590.0
2020-11-03,19.22991,19.762150000000002,19.22991,19.53074,256440.0
2020-11-04,19.53074,19.53074,19.34562,19.3919,253590.0
2020-11-05,19.253049999999998,19.66959,19.253049999999998,19.34562,439280.0
2020-11-06,19.34562,19.41504,19.29933,19.3919,239580.0
2020-11-09,19.3919,19.66959,19.29933,19.46132,506590.0
2020-11-10,19.66959,19.739009999999997,19.57702,19.57702,323620.0
2020-11-11,19.60016,19.60016,19.46132,19.60016,244470.0
2020-11-12,19.762150000000002,20.68778,19.71587,20.595209999999998,883980.0
2020-11-13,20.502650000000003,20.61835,20.36381,20.595209999999998,316800.0
2020-11-16,20.595209999999998,20.64149,20.22496,20.22496,325880.0
2020-11-17,20.317520000000002,20.502650000000003,20.17868,20.43323,736910.0
2020-11-18,20.43323,20.68778,20.22496,20.317520000000002,400660.0
2020-11-19,20.43323,20.54893,20.17868,20.317520000000002,675990.0
2020-11-20,20.317520000000002,20.61835,20.317520000000002,20.595209999999998,299890.0
2020-11-23,20.595209999999998,21.47456,20.45637,21.31257,745600.0
2020-11-24,21.31257,21.33571,20.91918,21.28943,386580.0
2020-11-25,21.91423,21.91423,21.05803,21.24315,405260.0
2020-11-26,21.28943,21.729110000000002,21.15059,21.47456,406620.0
2020-11-27,21.45142,22.076220000000003,21.33571,22.02994,513130.0
2020-11-30,22.90928,22.90928,22.076220000000003,22.49275,821150.0
2020-12-01,22.42333,22.44647,22.1225,22.42333,362830.0
2020-12-02,22.42333,22.60845,22.168779999999998,22.35391,278150.0
2020-12-03,22.2382,22.28448,21.382,21.844810000000003,479430.0
2020-12-04,21.98365,21.98365,21.70597,21.75225,364310.0
2020-12-07,21.52084,21.98365,21.52084,21.70597,343790.0
2020-12-08,21.70597,21.79853,21.52084,21.52084,415460.0
2020-12-09,21.52084,21.63654,21.382,21.63654,552810.0
2020-12-10,21.65968,22.67787,21.65968,21.89109,686500.0
2020-12-11,21.89109,22.1225,21.89109,21.98365,483590.0
2020-12-14,22.168779999999998,22.40019,21.98365,22.006790000000002,457190.0
2020-12-15,22.09936,22.21506,21.821669999999997,21.98365,443820.0
2020-12-16,21.89109,22.02994,21.75225,21.89109,559800.0
2020-12-17,21.75225,21.89109,21.33571,21.428279999999997,938760.0
2020-12-18,21.28943,21.65968,21.28943,21.56712,593480.0
2020-12-21,21.75225,22.1225,21.75225,21.79853,522710.0
2020-12-22,21.79853,22.58531,21.65968,22.49275,792470.0
2020-12-23,22.67787,22.70102,22.21506,22.44647,500210.0
2020-12-24,22.2382,22.44647,21.65968,22.076220000000003,554540.0
2020-12-25,21.86795,22.21506,21.86795,22.21506,451440.0
2020-12-28,22.35391,22.35391,21.937369999999998,22.05308,383160.0
2020-12-29,22.02994,22.14564,21.89109,22.076220000000003,318410.0
2020-12-30,22.076220000000003,22.67787,21.937369999999998,22.35391,504640.0
2020-12-31,22.21506,22.65473,22.21506,22.65473,241510.0
2021-01-04,22.932419999999997,23.3721,22.770439999999997,23.279529999999998,659500.0
2021-01-05,23.14069,23.3721,23.09441,23.23325,362700.0
2021-01-06,23.279529999999998,23.6035,22.955560000000002,23.14069,456500.0
2021-01-07,23.09441,23.74235,23.04813,23.6035,624000.0
2021-01-08,23.83491,23.83491,23.3721,23.74235,498200.0
2021-01-11,23.74235,23.97375,23.6035,23.69607,614200.0
2021-01-12,23.69607,24.760540000000002,23.6035,24.57541,1089900.0
2021-01-13,24.760540000000002,24.89938,24.29772,24.621689999999997,1066600.0
2021-01-14,24.621689999999997,24.66797,24.39029,24.529130000000002,482400.0
2021-01-15,24.760540000000002,24.853099999999998,24.39029,24.760540000000002,925900.0
2021-01-18,24.760540000000002,25.22335,24.621689999999997,24.94566,559600.0
2021-01-19,24.94566,24.94566,23.23325,24.43657,786300.0
2021-01-20,24.48285,24.57541,23.14069,24.529130000000002,988000.0
2021-01-21,24.529130000000002,24.94566,24.25144,24.80682,586800.0
2021-01-22,24.80682,25.454759999999997,24.66797,25.03823,816100.0
2021-01-25,25.03823,25.22335,24.89938,25.13079,678300.0
2021-01-26,25.31591,25.31591,24.06632,24.71426,713400.0
2021-01-27,24.06632,24.71426,23.14069,24.02003,958000.0
2021-01-28,22.35391,23.3721,22.35391,22.35391,917900.0
2021-01-29,21.28943,23.88119,21.28943,23.6035,680300.0
2021-02-01,23.510939999999998,23.97375,22.58531,23.186970000000002,485900.0
2021-02-02,23.04813,24.760540000000002,23.024990000000003,24.760540000000002,669000.0
2021-02-03,24.99194,25.22335,24.529130000000002,24.99194,1020400.0
2021-02-04,25.13079,25.13079,24.344,24.760540000000002,1187200.0
2021-02-05,24.760540000000002,24.99194,24.344,24.760540000000002,937100.0
2021-02-08,24.853099999999998,25.91757,24.43657,24.99194,1818200.0
2021-02-09,24.99194,26.38039,24.760540000000002,26.38039,1500300.0
2021-02-17,26.8432,27.398580000000003,26.38039,27.35229,1912700.0
2021-02-18,27.306009999999997,27.5837,26.61179,27.5837,1053100.0
2021-02-19,27.07461,27.537419999999997,27.07461,27.12089,637700.0
2021-02-22,26.88948,26.98204,26.28782,26.38039,1044700.0
2021-02-23,26.38039,26.61179,25.91757,26.102700000000002,990700.0
2021-02-24,26.28782,26.47295,25.454759999999997,26.38039,616000.0
2021-02-25,26.426669999999998,26.704349999999998,25.91757,26.102700000000002,816200.0
2021-02-26,25.77873,26.28782,25.73245,26.24154,1037700.0
2021-03-01,26.24154,26.51923,26.24154,26.3341,874100.0
2021-03-02,26.61179,26.65807,26.24154,26.3341,563900.0
2021-03-03,26.51923,26.56551,26.24154,26.426669999999998,1146400.0
2021-03-04,26.65807,26.65807,25.22335,25.68616,948400.0
2021-03-05,25.68616,25.68616,25.22335,25.63988,641600.0
2021-03-08,25.73245,26.148979999999998,25.63988,25.91757,614800.0
2021-03-09,25.63988,25.73245,24.853099999999998,25.454759999999997,1461200.0
2021-03-10,25.31591,25.40848,24.99194,25.40848,968100.0
2021-03-11,25.454759999999997,25.68616,25.454759999999997,25.68616,821900.0
2021-03-12,25.68616,25.73245,25.50104,25.68616,611700.0
2021-03-15,25.54732,25.68616,25.36219,25.40848,586200.0
2021-03-16,25.40848,25.40848,24.66797,24.94566,1072000.0
2021-03-17,24.94566,24.99194,24.71426,24.94566,636800.0
2021-03-18,25.13079,25.36219,24.94566,25.03823,428500.0
2021-03-19,25.03823,26.05642,24.94566,26.01013,1678800.0
2021-03-22,26.195259999999998,26.38039,25.91757,26.148979999999998,982800.0
2021-03-23,26.148979999999998,26.148979999999998,25.50104,25.68616,456100.0
2021-03-24,25.13079,25.454759999999997,24.760540000000002,24.99194,672400.0
2021-03-25,24.99194,25.084509999999998,24.66797,24.71426,565800.0
2021-03-26,24.71426,24.99194,23.00184,24.99194,870500.0
2021-03-29,24.99194,25.13079,24.71426,25.13079,301000.0
2021-03-30,25.13079,25.13079,24.344,24.621689999999997,816600.0
2021-03-31,24.25144,24.621689999999997,24.25144,24.344,728900.0
2021-04-01,24.39029,24.94566,24.29772,24.94566,458300.0
2021-04-02,24.99194,25.084509999999998,24.853099999999998,24.853099999999998,542500.0
2021-04-05,24.94566,25.084509999999998,24.66797,24.80682,388200.0
2021-04-06,24.853099999999998,24.99194,24.29772,24.66797,369800.0
2021-04-07,24.39029,24.66797,24.29772,24.66797,291200.0
2021-04-08,24.621689999999997,24.66797,24.344,24.43657,378300.0
2021-04-09,24.43657,24.80682,24.39029,24.760540000000002,652700.0
2021-04-12,24.80682,24.80682,24.57541,24.80682,754500.0
2021-04-13,24.853099999999998,24.853099999999998,24.529130000000002,24.621689999999997,807100.0
2021-04-14,24.529130000000002,24.621689999999997,24.25144,24.48285,507400.0
2021-04-15,24.39029,24.48285,23.92747,23.92747,620300.0
2021-04-16,23.88119,23.92747,23.14069,23.6035,691200.0
2021-04-19,23.6035,24.39029,23.14069,24.39029,537800.0
2021-04-20,24.39029,24.621689999999997,24.06632,24.06632,607800.0
2021-04-22,24.06632,24.06632,23.69607,23.69607,412900.0
2021-04-23,23.6035,24.20516,23.279529999999998,24.20516,496900.0
2021-04-26,24.20516,24.20516,23.510939999999998,23.74235,428700.0
2021-04-27,23.78863,23.78863,23.32581,23.6035,548100.0
2021-04-28,23.46466,23.64978,23.186970000000002,23.6035,287200.0
2021-04-29,23.6035,24.80682,23.418380000000003,24.80682,1047800.0
2021-05-04,24.29772,24.529130000000002,24.06632,24.112599999999997,461800.0
2021-05-05,24.112599999999997,24.760540000000002,24.112599999999997,24.43657,390100.0
2021-05-06,24.760540000000002,25.63988,24.48285,25.50104,1560900.0
2021-05-07,25.36219,26.24154,24.99194,25.963849999999997,996200.0
2021-05-10,25.73245,26.56551,25.50104,26.24154,898500.0
2021-05-11,26.24154,26.28782,25.36219,25.40848,906700.0
2021-05-12,25.13079,25.871290000000002,24.99194,25.5936,376800.0
2021-05-13,25.454759999999997,25.68616,25.13079,25.454759999999997,603500.0
2021-05-14,25.454759999999997,26.195259999999998,25.22335,25.91757,626200.0
2021-05-17,25.91757,26.05642,25.454759999999997,25.54732,360000.0
2021-05-18,25.54732,25.91757,25.17707,25.68616,523000.0
2021-05-19,25.454759999999997,25.5936,25.17707,25.454759999999997,357800.0
2021-05-20,25.26963,27.07461,25.26963,27.02832,1457300.0
2021-05-21,27.02832,27.02832,26.51923,26.8432,822600.0
2021-05-24,26.8432,27.722540000000002,26.65807,27.35229,879000.0
2021-05-25,27.398580000000003,27.537419999999997,26.8432,27.35229,590800.0
2021-05-26,27.35229,27.398580000000003,26.98204,27.35229,518900.0
2021-05-27,27.35229,28.23164,27.12089,27.398580000000003,1038100.0
2021-05-28,27.21345,27.444860000000002,26.98204,27.444860000000002,769900.0
2021-05-31,27.537419999999997,27.5837,26.8432,26.93576,551500.0
2021-06-01,26.93576,26.93576,26.195259999999998,26.38039,834100.0
2021-06-02,25.91757,26.28782,25.73245,25.91757,827600.0
2021-06-03,25.68616,27.07461,25.68616,26.75064,594100.0
2021-06-04,26.61179,26.704349999999998,26.148979999999998,26.56551,520300.0
2021-06-07,26.38039,26.47295,24.99194,25.82501,1120100.0
2021-06-08,25.91757,26.38039,25.73245,25.91757,592000.0
2021-06-09,25.454759999999997,25.91757,25.454759999999997,25.68616,326800.0
2021-06-10,25.22335,25.63988,24.71426,25.22335,1013600.0
2021-06-11,25.22335,25.54732,24.99194,25.40848,789200.0
2021-06-14,25.63988,25.82501,25.36219,25.68616,764800.0
2021-06-15,26.102700000000002,26.47295,25.91757,26.3341,779500.0
2021-06-16,26.24154,26.51923,25.82501,26.3341,616300.0
2021-06-17,25.871290000000002,27.90767,25.82501,27.76883,1078600.0
2021-06-18,28.18536,28.23164,27.5837,27.62998,1201700.0
2021-06-21,26.8432,27.444860000000002,26.75064,26.93576,684000.0
2021-06-22,26.8432,27.21345,26.51923,26.65807,559600.0
2021-06-23,26.65807,26.796919999999997,26.195259999999998,26.3341,692700.0
2021-06-24,26.148979999999998,26.38039,26.102700000000002,26.102700000000002,312400.0
2021-06-25,26.3341,26.38039,25.82501,26.148979999999998,429400.0
2021-06-28,26.148979999999998,26.61179,26.102700000000002,26.51923,501500.0
2021-06-29,26.51923,26.98204,26.51923,26.704349999999998,693700.0
2021-06-30,26.8432,27.02832,26.61179,26.704349999999998,413000.0
2021-07-01,26.61179,27.02832,26.51923,26.65807,434400.0
2021-07-02,26.8432,26.8432,26.24154,26.24154,767900.0
2021-07-05,26.24154,26.24154,25.36219,25.36219,1101800.0
2021-07-06,25.36219,26.24154,24.29772,24.29772,929400.0
2021-07-07,24.529130000000002,24.94566,24.29772,24.94566,550700.0
2021-07-08,24.94566,24.99194,24.529130000000002,24.529130000000002,369600.0
2021-07-09,24.112599999999997,24.66797,24.02003,24.48285,790100.0
2021-07-12,24.529130000000002,24.529130000000002,23.14069,24.20516,1353000.0
2021-07-13,24.43657,24.43657,23.88119,24.02003,410700.0
2021-07-14,23.83491,24.02003,23.55722,23.64978,518000.0
2021-07-15,23.64978,24.06632,23.6035,23.69607,355900.0
2021-07-16,23.92747,24.112599999999997,23.69607,24.02003,472400.0
2021-07-19,23.6035,24.02003,23.3721,23.510939999999998,529600.0
2021-07-20,23.418380000000003,23.97375,23.418380000000003,23.92747,471600.0
2021-07-21,23.88119,24.43657,23.83491,24.15888,496900.0
2021-07-22,24.15888,24.57541,24.112599999999997,24.43657,277600.0
2021-07-23,24.43657,24.621689999999997,23.6035,23.83491,650100.0
2021-07-26,23.97375,24.112599999999997,23.3721,24.06632,379700.0
2021-07-27,23.92747,24.760540000000002,23.92747,24.43657,461400.0
2021-07-28,24.29772,24.43657,24.112599999999997,24.25144,170600.0
2021-07-29,24.25144,24.529130000000002,24.06632,24.25144,300500.0
2021-07-30,24.57541,25.454759999999997,24.25144,25.454759999999997,1927400.0
2021-08-02,25.17707,25.40848,24.71426,24.99194,637200.0
2021-08-03,24.99194,25.22335,24.853099999999998,25.13079,426800.0
2021-08-04,25.13079,25.22335,24.94566,24.99194,384600.0
2021-08-05,24.760540000000002,25.03823,24.760540000000002,24.99194,269300.0
2021-08-06,24.94566,25.36219,24.94566,24.99194,415500.0
2021-08-09,24.99194,25.871290000000002,24.760540000000002,25.871290000000002,1049800.0
2021-08-10,25.77873,25.963849999999997,25.68616,25.871290000000002,457000.0
2021-08-11,25.871290000000002,26.38039,25.63988,26.102700000000002,792600.0
2021-08-12,25.73245,26.01013,25.5936,25.77873,459600.0
2021-08-13,25.871290000000002,25.963849999999997,25.31591,25.77873,587900.0
2021-08-16,25.91757,26.796919999999997,25.871290000000002,26.148979999999998,1197200.0
2021-08-17,26.24154,26.704349999999998,25.871290000000002,26.195259999999998,809900.0
2021-08-18,26.28782,28.00023,25.871290000000002,28.00023,3303400.0
2021-08-19,28.46305,29.249830000000003,28.0928,28.0928,1685100.0
2021-08-20,28.277919999999998,29.388669999999998,27.306009999999997,28.37048,2231000.0
2021-08-23,28.139080000000003,28.46305,26.8432,26.8432,2414900.0
2021-08-24,26.93576,27.21345,25.91757,26.796919999999997,1270700.0
2021-08-25,26.61179,27.07461,26.28782,26.88948,892300.0
2021-08-26,27.16717,28.740740000000002,26.98204,28.740740000000002,2584800.0
2021-08-27,28.740740000000002,30.360580000000002,28.740740000000002,30.082900000000002,1983900.0
2021-08-30,30.54571,30.77712,29.851490000000002,30.082900000000002,1032500.0
2021-08-31,29.94405,31.37877,29.5738,30.54571,1640500.0
2021-09-01,30.22174,31.19365,30.12918,30.77712,1031900.0
2021-09-06,30.49943,31.47134,30.3143,30.638270000000002,1158000.0
2021-09-07,30.591990000000003,30.638270000000002,29.62008,29.62008,1306800.0
2021-09-08,29.388669999999998,30.082900000000002,29.388669999999998,29.75893,669000.0
2021-09-09,29.75893,30.54571,29.75893,30.54571,598700.0
2021-09-10,30.54571,30.86968,30.12918,30.49943,619500.0
2021-09-13,30.49943,30.49943,29.75893,29.851490000000002,932400.0
2021-09-14,29.80521,30.082900000000002,29.388669999999998,30.03661,984100.0
2021-09-15,29.851490000000002,30.3143,29.481240000000003,30.082900000000002,666900.0
2021-09-16,30.082900000000002,30.45315,29.851490000000002,30.082900000000002,720500.0
2021-09-17,30.082900000000002,31.702740000000002,30.082900000000002,30.96224,2313500.0
2021-09-20,31.10109,31.10109,30.3143,30.360580000000002,1060000.0
2021-09-21,29.75893,30.54571,29.71264,30.54571,1033200.0
2021-09-22,30.49943,31.47134,30.082900000000002,31.47134,1075900.0
2021-09-23,31.47134,31.61018,30.638270000000002,31.00852,831500.0
2021-09-24,31.00852,31.14737,30.175459999999998,30.175459999999998,571300.0
2021-09-27,30.175459999999998,30.54571,28.69445,28.69445,1197000.0
2021-09-28,28.46305,29.851490000000002,28.46305,29.851490000000002,990900.0
2021-09-29,29.62008,30.3143,29.62008,30.12918,669000.0
2021-09-30,30.12918,30.22174,29.71264,30.175459999999998,549800.0
2021-10-01,30.12918,30.684549999999998,29.851490000000002,30.49943,834700.0
2021-10-04,30.823400000000003,32.35068,30.591990000000003,32.3044,2540500.0
2021-10-05,32.35068,32.48953,32.072990000000004,32.3044,979700.0
2021-10-06,32.44325,33.23003,32.35068,33.23003,926800.0
2021-10-07,33.46144,33.46144,32.90606,32.99862,572900.0
2021-10-08,33.32259,33.32259,32.25812,32.62837,726200.0
2021-10-11,32.39696,32.76722,32.39696,32.62837,624400.0
2021-10-12,32.67465,33.785410000000006,32.58209,33.50772,896200.0
2021-10-13,33.50772,34.155660000000005,33.50772,33.785410000000006,712700.0
2021-10-14,34.01681,34.01681,33.60028,33.785410000000006,789800.0
2021-10-15,33.554,33.87797,33.415150000000004,33.785410000000006,374400.0
2021-10-18,33.785410000000006,34.803599999999996,33.32259,34.24822,600700.0
2021-10-19,34.24822,34.942440000000005,33.83169,34.61847,485700.0
2021-10-20,34.89616,34.89616,34.01681,34.66475,355400.0
2021-10-21,34.66475,34.71103,34.24822,34.66475,195800.0
2021-10-22,34.66475,35.31269,34.34078,35.17385,548300.0
2021-10-25,35.12757,35.590379999999996,34.942440000000005,35.17385,315300.0
2021-10-26,34.84988,35.17385,34.01681,34.803599999999996,401500.0
2021-10-27,34.66475,35.31269,34.38706,35.17385,547600.0
2021-10-28,35.08128,35.590379999999996,34.942440000000005,35.17385,424400.0
2021-10-29,35.22013,35.590379999999996,34.61847,34.61847,564000.0
2021-11-01,34.155660000000005,34.57219,32.48953,33.32259,1664800.0
2021-11-02,33.32259,33.785410000000006,32.90606,33.46144,518300.0
2021-11-03,33.69284,33.785410000000006,32.85978,33.46144,596800.0
2021-11-04,33.13747,33.415150000000004,32.62837,32.76722,646900.0
2021-11-05,32.39696,33.09118,32.39696,32.90606,660600.0
2021-11-08,33.09118,33.415150000000004,32.90606,33.32259,639900.0
2021-11-09,33.32259,33.97053,33.23003,33.32259,655700.0
2021-11-10,33.36887,33.36887,32.76722,32.76722,690500.0
2021-11-11,32.62837,33.32259,32.44325,32.76722,766000.0
2021-11-12,32.76722,33.785410000000006,32.62837,33.785410000000006,473900.0
2021-11-15,33.36887,34.24822,32.8135,33.36887,1048800.0
2021-11-16,33.09118,33.32259,32.72093,33.23003,503500.0
2021-11-17,33.32259,33.32259,32.76722,33.23003,389600.0
2021-11-18,33.18375,33.18375,32.39696,32.39696,732800.0
2021-11-19,32.44325,32.67465,30.54571,31.0548,1085200.0
2021-11-22,31.0548,31.0548,29.5738,29.851490000000002,1222800.0
2021-11-23,29.43496,30.86968,29.43496,30.86968,458400.0
2021-11-24,31.33249,31.47134,30.91596,31.28621,405700.0
2021-11-25,31.10109,31.10109,30.823400000000003,30.96224,553200.0
2021-11-26,31.00852,31.33249,30.77712,31.00852,871600.0
2021-11-29,30.77712,32.16556,30.591990000000003,31.934150000000002,390800.0
2021-11-30,33.18375,33.18375,31.980430000000002,32.62837,816000.0
2021-12-01,33.09118,33.09118,32.25812,32.35068,518100.0
2021-12-02,32.3044,32.35068,31.88787,31.934150000000002,433300.0
2021-12-03,32.25812,32.25812,31.23993,31.23993,392300.0
2021-12-06,30.91596,31.65646,30.082900000000002,30.12918,865800.0
2021-12-07,30.360580000000002,31.23993,30.3143,31.23993,606700.0
2021-12-08,31.47134,31.47134,30.86968,31.10109,377600.0
2021-12-09,31.0548,31.23993,30.91596,31.23993,411800.0
2021-12-10,31.23993,31.88787,31.23993,31.517619999999997,322700.0
2021-12-13,31.702740000000002,32.3044,31.61018,32.119279999999996,337200.0
2021-12-14,32.16556,32.53581,31.702740000000002,31.79531,592400.0
2021-12-15,31.702740000000002,31.88787,30.54571,30.54571,533600.0
2021-12-16,31.23993,31.33249,30.96224,31.10109,476000.0
2021-12-17,31.00852,31.425060000000002,31.00852,31.28621,442000.0
2021-12-20,31.23993,31.37877,30.91596,31.0548,671800.0
2021-12-21,30.91596,31.934150000000002,30.77712,31.934150000000002,1112300.0
2021-12-22,32.39696,32.58209,31.88787,31.934150000000002,1562000.0
2021-12-23,31.934150000000002,32.39696,31.28621,32.39696,2292600.0
2021-12-24,32.58209,33.97053,32.3044,33.23003,1905800.0
2021-12-27,33.785410000000006,33.785410000000006,32.76722,33.276309999999995,605400.0
2021-12-28,33.09118,33.97053,32.95234,33.276309999999995,799500.0
2021-12-29,33.23003,33.276309999999995,32.39696,32.53581,723200.0
2021-12-30,32.48953,32.85978,32.3044,32.35068,360000.0
2021-12-31,32.35068,32.72093,31.980430000000002,31.980430000000002,748900.0
2022-01-04,32.3044,32.62837,31.88787,32.39696,516300.0
2022-01-05,32.3044,33.32259,32.3044,32.85978,626600.0
2022-01-06,32.72093,32.72093,32.21184,32.35068,512600.0
2022-01-07,32.58209,32.58209,32.02671,32.072990000000004,523600.0
2022-01-10,32.02671,32.39696,31.47134,31.517619999999997,862300.0
2022-01-11,31.28621,31.517619999999997,30.54571,30.54571,894600.0
2022-01-12,30.54571,30.96224,30.082900000000002,30.591990000000003,476800.0
2022-01-13,31.33249,31.33249,30.591990000000003,30.591990000000003,392000.0
2022-01-14,30.3143,31.00852,30.3143,30.73083,158600.0
2022-01-17,30.73083,30.823400000000003,29.15727,29.62008,836000.0
2022-01-18,29.62008,30.03661,29.11099,29.62008,417600.0
2022-01-19,29.66636,29.94405,29.62008,29.89777,118300.0
2022-01-20,29.851490000000002,30.49943,29.851490000000002,30.082900000000002,212800.0
2022-01-21,30.12918,30.49943,30.12918,30.360580000000002,189300.0
2022-01-24,30.45315,30.45315,28.97214,29.15727,393800.0
2022-01-25,29.15727,29.851490000000002,29.01842,29.75893,314800.0
2022-01-26,29.75893,30.26802,29.66636,30.03661,508800.0
2022-01-27,29.851490000000002,31.19365,29.71264,31.19365,534800.0
2022-01-28,31.23993,31.934150000000002,31.00852,31.934150000000002,745200.0
2022-02-07,32.3044,32.3044,31.61018,31.74902,245100.0
2022-02-08,31.47134,32.21184,31.425060000000002,32.119279999999996,622100.0
2022-02-09,32.119279999999996,32.53581,32.119279999999996,32.25812,498600.0
2022-02-10,32.16556,32.25812,31.47134,31.5639,260500.0
2022-02-11,31.47134,31.88787,31.425060000000002,31.61018,176700.0
2022-02-14,31.28621,31.61018,31.23993,31.23993,254500.0
2022-02-15,31.00852,31.65646,31.00852,31.61018,178600.0
2022-02-16,31.702740000000002,33.46144,31.702740000000002,33.46144,1134700.0
2022-02-17,33.46144,33.554,32.99862,33.09118,517600.0
2022-02-18,32.90606,34.155660000000005,32.90606,33.554,899400.0
2022-02-21,33.60028,34.063089999999995,33.09118,33.50772,744800.0
2022-02-22,33.276309999999995,33.32259,32.85978,33.13747,497600.0
2022-02-23,33.415150000000004,34.71103,33.13747,34.47963,1046100.0
2022-02-24,34.47963,34.75731,33.32259,34.01681,818600.0
2022-02-25,34.01681,34.942440000000005,33.64656,34.24822,652600.0
2022-02-28,33.92425,35.26641,33.87797,34.98872,997300.0
2022-03-01,35.035,35.12757,34.47963,34.57219,358600.0
2022-03-02,34.47963,35.08128,34.01681,34.24822,509300.0
2022-03-03,34.24822,35.17385,33.69284,35.035,821400.0
2022-03-04,35.45154,35.45154,34.52591,34.66475,255900.0
2022-03-07,34.61847,34.66475,34.01681,34.155660000000005,370100.0
2022-03-08,33.87797,34.84988,33.554,33.554,1110100.0
2022-03-09,33.46144,33.785410000000006,32.90606,32.90606,859100.0
2022-03-10,33.36887,33.785410000000006,33.09118,33.18375,446900.0
2022-03-11,33.36887,34.52591,33.18375,33.415150000000004,856100.0
2022-03-14,33.18375,34.01681,33.18375,33.73912,402400.0
2022-03-15,33.69284,33.69284,33.18375,33.32259,264200.0
2022-03-16,33.36887,33.554,32.95234,32.95234,481100.0
2022-03-17,33.13747,33.554,32.99862,33.23003,293700.0
2022-03-18,33.23003,33.554,33.18375,33.23003,257700.0
2022-03-21,33.554,33.554,33.09118,33.32259,318200.0
2022-03-22,33.276309999999995,34.47963,33.276309999999995,34.2945,1134400.0
2022-03-23,34.2945,35.08128,34.109379999999994,34.47963,826600.0
2022-03-24,34.34078,36.88626,34.24822,36.88626,2130800.0
2022-03-25,37.0251,37.34907,36.37716,36.562290000000004,948100.0
2022-03-28,36.19204,37.441629999999996,36.19204,36.97882,1154500.0
2022-03-29,37.441629999999996,37.81189,36.97882,37.25651,1067000.0
2022-03-30,37.25651,38.08957,36.70113,37.67304,1382000.0
2022-03-31,37.95073,39.06148,37.719319999999996,37.81189,1059100.0
2022-04-01,37.95073,39.06148,37.81189,38.92264,1105600.0
2022-04-04,38.87636,39.29289,38.18214,38.18214,766200.0
2022-04-05,38.18214,38.55239,37.626760000000004,37.95073,800900.0
2022-04-06,37.719319999999996,39.339169999999996,37.626760000000004,39.20033,935400.0
2022-04-07,39.246610000000004,39.80198,37.487919999999995,37.487919999999995,1025700.0
2022-04-08,37.95073,38.08957,36.97882,37.85817,964100.0
2022-04-12,38.22842,38.22842,36.562290000000004,36.60857,670500.0
2022-04-13,36.60857,37.95073,35.91435,37.5342,873400.0
2022-04-14,37.487919999999995,38.644949999999994,37.0251,37.95073,744400.0
2022-04-15,37.81189,40.54249,37.81189,40.2648,1484100.0
2022-04-18,40.2648,41.46811,39.61686,41.005300000000005,852700.0
2022-04-19,41.005849999999995,41.099470000000004,38.85258,39.60154,608500.0
2022-04-20,39.32068,39.46111,37.448269999999994,37.448269999999994,1122400.0
2022-04-21,36.792919999999995,38.66533999999999,36.46525,37.82275,728300.0
2022-04-22,37.68232,39.03982,35.201370000000004,35.85672,1356300.0
2022-04-25,36.27801,36.27801,33.375769999999996,33.375769999999996,1317900.0
2022-04-26,31.87784,34.63965,31.36292,34.592839999999995,704100.0
2022-04-27,34.17154,35.06094,33.70344,34.63965,310000.0
2022-04-28,35.575849999999996,37.02697,35.43542,37.02697,1010500.0
2022-04-29,37.448269999999994,39.50792,37.448269999999994,38.57172,961800.0
2022-05-04,38.85258,39.50792,38.57172,38.85258,732100.0
2022-05-05,39.32068,39.50792,37.49508,38.478089999999995,778000.0
2022-05-06,38.29085,41.14628,37.91637,40.25689,1914500.0
2022-05-09,39.788779999999996,40.49094,37.91637,37.91637,1189300.0
2022-05-10,37.448269999999994,40.53775,37.26103,40.53775,1319800.0
2022-05-11,41.61439,43.34637,40.49094,43.34637,2055500.0
2022-05-12,42.1293,44.46982,40.72499,40.72499,1824500.0
2022-05-13,40.3037,41.61439,37.91637,37.91637,1729600.0
2022-05-16,35.341800000000006,39.27387,35.29499,35.29499,1566200.0
2022-05-17,34.98933,37.73464,33.374430000000004,37.73464,1342000.0
2022-05-18,38.70358,40.04932,38.21911,39.2957,800300.0
2022-05-19,37.8423,41.44889,37.8423,41.179739999999995,1053800.0
2022-05-20,41.44889,42.09485,40.3723,41.018260000000005,963700.0
2022-05-23,41.125910000000005,41.179739999999995,39.02655,39.56485,766000.0
2022-05-24,39.34953,40.3723,39.02655,40.3723,997800.0
2022-05-25,40.910599999999995,43.171440000000004,40.80294,43.171440000000004,962300.0
2022-05-26,44.94783,45.916760000000004,44.19421,45.10931,1634100.0
2022-05-27,44.67868,48.23144,44.14038,48.23144,2630300.0
2022-05-30,49.09271,50.97676,48.39293,50.97676,1132200.0
2022-05-31,50.54612,51.40739,47.90846,48.71591,1322800.0
2022-06-01,48.76974,51.99952,48.55442,51.40739,1158400.0
2022-06-02,51.67654,52.48399,48.98506,49.73867,973800.0
2022-06-03,49.7925,51.138239999999996,48.23144,50.06165,1281800.0
2022-06-06,50.06165,51.838029999999996,49.03888,49.415690000000005,1649500.0
2022-06-07,50.59995,52.214839999999995,49.30803,51.67654,2258000.0
2022-06-08,53.829730000000005,53.829730000000005,51.838029999999996,52.914629999999995,1412700.0
2022-06-09,53.183769999999996,53.183769999999996,51.94569,52.10718,775000.0
2022-06-10,51.19207,52.214839999999995,48.500589999999995,48.500589999999995,2369100.0
2022-06-13,45.755269999999996,50.3308,45.755269999999996,46.56272,2025800.0
2022-06-14,47.31633,49.2542,47.04718,48.71591,1094400.0
2022-06-15,49.09271,49.09271,47.10101,48.8774,1158900.0
2022-06-16,49.52335,52.26867,49.36186,52.10718,3325500.0
2022-06-17,51.299730000000004,53.72207,50.65378,53.29143,1908100.0
2022-06-20,53.29143,53.61441000000001,49.57718,49.57718,1775600.0
2022-06-21,48.446760000000005,49.36186,46.13208,46.13208,3333600.0
2022-06-22,45.916760000000004,47.15483999999999,42.956129999999995,42.956129999999995,2130600.0
2022-06-23,42.79464,45.916760000000004,42.52549,45.916760000000004,1302800.0
2022-06-24,46.56272,46.8857,45.916760000000004,46.18591000000001,583700.0
2022-06-27,46.18591000000001,47.585480000000004,45.48612,46.29357,1046200.0
2022-06-28,46.29357,48.17761,45.21697,47.15483999999999,1735800.0
2022-06-29,46.29357,46.93953,45.48612,46.50889,973300.0
2022-06-30,47.10101,48.23144,46.3474,46.401230000000005,1102400.0
2022-07-01,46.616550000000004,46.83187,44.14038,46.29357,1216100.0
2022-07-04,47.370160000000006,47.370160000000006,45.48612,45.755269999999996,509500.0
2022-07-05,45.916760000000004,45.916760000000004,42.57932,42.57932,1849400.0
2022-07-06,42.364,43.00996,39.67251,39.67251,1172100.0
2022-07-07,39.67251,40.96443,39.2957,40.58762,592100.0
2022-07-08,40.42613,41.77187,40.42613,41.39506,469600.0
2022-07-11,41.179739999999995,41.179739999999995,38.59592,38.75741,983800.0
2022-07-12,38.75741,40.85677,38.21911,40.85677,919600.0
2022-07-13,40.69528,42.41783,40.64145,41.66421,687800.0
2022-07-14,41.179739999999995,41.71804,40.96443,41.71804,467700.0
2022-07-15,41.66421,42.41783,41.125910000000005,41.93336,1078700.0
2022-07-18,42.52549,42.902300000000004,41.77187,42.63315,917800.0
2022-07-19,42.52549,43.871230000000004,42.52549,43.70974,1055500.0
2022-07-20,43.8174,45.21697,43.60208,44.40953,1328500.0
2022-07-21,44.19421,44.67868,43.60208,43.97889,701300.0
2022-07-22,44.14038,44.624849999999995,43.54825,43.54825,652200.0
2022-07-25,43.33293,43.97889,42.84847,42.84847,710200.0
2022-07-26,42.956129999999995,43.06378,41.07208,41.07208,1020600.0
2022-07-27,40.3723,42.041019999999996,40.3723,41.77187,523800.0
2022-07-28,42.202510000000004,42.47166,41.8257,41.8257,951000.0
2022-07-29,42.256339999999994,42.31017,40.47996,40.47996,1984700.0
2022-08-01,40.910599999999995,41.2874,40.3723,40.910599999999995,961500.0
2022-08-02,40.910599999999995,42.52549,40.74911,42.31017,918600.0
2022-08-03,42.256339999999994,44.03272,42.041019999999996,43.70974,2154500.0
2022-08-04,43.60208,43.925059999999995,43.06378,43.06378,943500.0
2022-08-05,42.79464,43.70974,42.686980000000005,43.60208,1040500.0
2022-08-08,43.60208,44.624849999999995,43.33293,44.14038,1253800.0
2022-08-09,44.40953,44.624849999999995,43.11761,43.2791,1273300.0
2022-08-10,43.2791,43.97889,43.06378,43.38676,1260100.0
2022-08-11,43.8174,43.8174,41.987190000000005,43.171440000000004,1403000.0
2022-08-12,43.06378,43.76357,42.63315,43.38676,773100.0
2022-08-15,43.76357,45.10931,43.44058999999999,45.00166,2261100.0
2022-08-16,45.00166,45.593779999999995,45.00166,45.32463,1185700.0
2022-08-17,45.32463,45.32463,44.08655,44.57102,1506400.0
2022-08-18,44.786339999999996,45.21697,44.14038,44.624849999999995,1049700.0
2022-08-19,44.67868,45.00166,43.171440000000004,43.97889,1395100.0
2022-08-22,43.38676,44.94783,43.33293,44.786339999999996,1137200.0
2022-08-23,44.67868,45.53995,44.40953,45.48612,956900.0
2022-08-24,45.48612,46.02442,45.2708,45.755269999999996,1132300.0
2022-08-25,45.755269999999996,46.07825,45.2708,45.86293,946100.0
2022-08-26,46.02442,46.02442,44.84017,44.94783,745700.0
2022-08-29,44.40953,45.21697,43.44058999999999,45.21697,1503600.0
2022-08-30,45.48612,46.18591000000001,45.05548,45.37846,689500.0
2022-08-31,45.05548,46.778040000000004,44.84017,46.3474,1807500.0
2022-09-05,46.401230000000005,46.99336,46.13208,46.56272,721500.0
2022-09-06,46.56272,47.53165,46.455059999999996,46.455059999999996,1161200.0
2022-09-07,46.455059999999996,46.455059999999996,44.67868,44.67868,1257700.0
2022-09-08,44.786339999999996,45.10931,43.76357,43.76357,1147900.0
2022-09-09,44.14038,45.8091,43.871230000000004,45.701440000000005,849300.0
2022-09-12,46.02442,46.56272,45.64761,45.8091,732685.0
2022-09-13,46.07825,46.29357,45.37846,46.29357,697312.0
2022-09-14,45.32463,46.23974,45.32463,46.07825,751485.0
2022-09-15,46.29357,46.616550000000004,46.07825,46.29357,699624.0
2022-09-16,46.401230000000005,46.401230000000005,45.2708,45.2708,862772.0
2022-09-19,44.732510000000005,45.48612,44.03272,44.30187,980353.0
2022-09-20,44.894,45.16314,44.30187,45.16314,666447.0
2022-09-21,44.94783,45.16314,44.732510000000005,45.10931,379231.0
2022-09-22,45.00166,45.48612,44.57102,45.43229,453976.0
2022-09-23,45.64761,45.64761,44.786339999999996,45.00166,299481.0
2022-09-26,44.08655,44.3557,41.879529999999995,42.256339999999994,1240380.0
2022-09-27,42.256339999999994,42.956129999999995,42.041019999999996,42.47166,555623.0
2022-09-28,42.47166,42.52549,39.834,40.42613,605913.0
2022-09-29,41.987190000000005,41.987190000000005,40.3723,40.3723,581588.0
2022-09-30,39.72633999999999,41.44889,39.67251,41.44889,572525.0
2022-10-03,41.39506,41.39506,39.40336,39.40336,370996.0
2022-10-04,40.31847,40.47996,38.81124,39.56485,467152.0
2022-10-05,40.3723,41.71804,40.10315,41.71804,562627.0
2022-10-06,41.66421,41.71804,39.88783,39.88783,322733.0
2022-10-07,38.9189,39.88783,38.488260000000004,39.56485,681624.0
2022-10-10,38.75741,41.8257,38.75741,40.96443,415284.0
2022-10-11,40.910599999999995,41.34123,39.511019999999995,40.3723,321945.0
2022-10-12,40.3723,41.44889,39.834,41.23357,407279.0
2022-10-13,41.44889,41.55655,40.64145,40.85677,372091.0
2022-10-14,40.96443,41.71804,40.96443,41.61038,304274.0
2022-10-17,41.61038,43.171440000000004,41.179739999999995,42.956129999999995,501263.0
2022-10-18,43.54825,43.54825,42.84847,43.11761,299655.0
2022-10-19,43.171440000000004,43.2791,42.52549,43.06378,223406.0
2022-10-20,43.00996,44.14038,42.47166,43.70974,791128.0
2022-10-21,43.60208,43.925059999999995,41.018260000000005,42.52549,717157.0
2022-10-24,42.57932,42.57932,40.96443,41.34123,492616.0
2022-10-25,41.77187,43.06378,40.10315,42.256339999999994,394028.0
2022-10-26,41.77187,42.740809999999996,41.44889,42.740809999999996,318333.0
2022-10-27,42.79464,43.8174,42.202510000000004,43.60208,521195.0
2022-10-28,43.60208,44.14038,42.956129999999995,42.956129999999995,411956.0
2022-10-31,43.06378,43.655910000000006,42.52549,42.52549,332841.0
2022-11-01,42.79464,43.00996,41.44889,41.44889,464005.0
2022-11-02,41.55655,42.52549,40.3723,40.42613,781613.0
2022-11-03,40.3723,41.44889,39.834,40.53379,627373.0
2022-11-04,40.58762,40.58762,37.73464,37.73464,2478068.0
2022-11-07,37.68081,37.73464,35.3123,36.87337,1066040.0
2022-11-08,36.17358,37.57315,35.796769999999995,37.57315,365246.0
2022-11-09,37.89613,37.89613,37.14251,37.14251,231230.0
2022-11-10,36.3889,37.03485,34.558690000000006,36.60422,960173.0
2022-11-11,37.088680000000004,37.304,35.796769999999995,37.25017,502043.0
2022-11-14,35.63528,37.25017,35.47379,36.9272,348954.0
2022-11-15,36.06592,37.088680000000004,34.34337,34.34337,470666.0
2022-11-16,31.97486,36.65805,31.97486,36.28124,803771.0
2022-11-17,36.55039,37.14251,36.227410000000006,36.9272,541043.0
2022-11-18,36.60422,37.19634,35.527620000000006,37.14251,429147.0
2022-11-21,37.088680000000004,37.788470000000004,37.03485,37.411660000000005,367424.0
2022-11-22,37.25017,37.94996,36.98103,37.68081,560543.0
2022-11-23,37.68081,37.94996,36.87337,37.788470000000004,166803.0
2022-11-24,37.788470000000004,37.788470000000004,36.9272,37.57315,205022.0
2022-11-25,37.68081,38.00379,37.411660000000005,37.89613,308015.0
2022-11-28,38.21911,39.2957,37.68081,39.02655,382297.0
2022-11-29,39.834,39.834,38.21911,39.241870000000006,364853.0
2022-11-30,39.08038,39.834,38.972730000000006,39.834,366292.0
2022-12-01,40.10315,40.3723,38.86507,40.10315,402099.0
2022-12-02,40.04932,41.987190000000005,39.18804,41.987190000000005,533381.0
2022-12-05,42.041019999999996,43.06378,41.987190000000005,42.740809999999996,362405.0
2022-12-06,42.686980000000005,43.225269999999995,40.64145,41.987190000000005,351424.0
2022-12-07,41.987190000000005,42.256339999999994,40.910599999999995,41.66421,444513.0
2022-12-08,42.041019999999996,42.256339999999994,41.34123,41.66421,319199.0
2022-12-09,41.66421,43.60208,40.910599999999995,43.06378,990327.0
2022-12-12,43.11761,43.225269999999995,42.256339999999994,43.06378,290139.0
2022-12-13,43.06378,43.06378,41.44889,42.52549,394240.0
2022-12-14,42.79464,42.79464,41.66421,41.879529999999995,454089.0
2022-12-15,41.93336,41.93336,41.125910000000005,41.55655,417792.0
2022-12-16,40.910599999999995,42.52549,40.910599999999995,42.52549,601942.0
2022-12-19,42.364,42.364,41.502720000000004,41.502720000000004,241037.0
2022-12-20,41.018260000000005,41.39506,39.2957,40.58762,351787.0
2022-12-21,40.42613,40.42613,38.75741,39.56485,248513.0
2022-12-22,39.511019999999995,39.72633999999999,38.75741,39.56485,164255.0
2022-12-23,39.511019999999995,40.910599999999995,38.75741,39.78017,333293.0
2022-12-26,39.78017,39.78017,37.57315,37.8423,544506.0
2022-12-27,37.73464,38.75741,37.25017,38.75741,157439.0
2022-12-28,38.75741,38.81124,38.21911,38.64975,875365.0
2022-12-29,38.59592,38.75741,38.21911,38.64975,494411.0
2022-12-30,38.326769999999996,39.08038,38.326769999999996,38.488260000000004,316875.0
2023-01-03,38.3806,39.72633999999999,38.3806,39.02655,276158.0
2023-01-04,39.56485,39.56485,38.86507,39.34953,213149.0
2023-01-05,39.134209999999996,40.10315,39.134209999999996,40.10315,393921.0
2023-01-06,39.72633999999999,40.10315,39.2957,39.99549,153430.0
2023-01-09,40.04932,40.26464,39.02655,39.511019999999995,231128.0
2023-01-10,39.56485,39.67251,38.75741,38.75741,422245.0
2023-01-11,38.75741,39.40336,38.64975,39.02655,221402.0
2023-01-12,39.2957,39.2957,38.59592,39.02655,127275.0
2023-01-13,39.02655,39.134209999999996,38.59592,38.64975,228233.0
2023-01-16,38.81124,38.86507,38.165279999999996,38.165279999999996,223796.0
2023-01-17,38.165279999999996,38.272940000000006,37.14251,37.14251,704291.0
2023-01-18,37.62698,37.8423,36.65805,37.19634,575585.0
2023-01-19,37.51932,37.94996,37.304,37.62698,283734.0
2023-01-27,38.488260000000004,39.72633999999999,38.21911,39.02655,640587.0
2023-01-30,39.02655,40.58762,39.02655,39.56485,1107748.0
2023-01-31,40.156980000000004,40.58762,39.61868,40.156980000000004,478740.0
2023-02-01,40.3723,40.64145,39.18804,39.34953,439190.0
2023-02-02,39.34953,39.56485,38.488260000000004,38.972730000000006,320750.0
2023-02-03,39.02655,39.241870000000006,37.94996,37.94996,1212182.0
2023-02-06,38.21911,39.241870000000006,38.11145,39.241870000000006,312789.0
2023-02-07,39.99549,40.58762,39.18804,39.56485,731849.0
2023-02-08,39.834,39.834,38.972730000000006,39.56485,286898.0
2023-02-09,39.72633999999999,39.72633999999999,39.02655,39.02655,164941.0
2023-02-10,39.08038,39.2957,38.488260000000004,38.488260000000004,342083.0
2023-02-13,37.68081,38.542089999999995,37.19634,37.94996,394981.0
2023-02-14,38.00379,38.272940000000006,37.73464,37.8423,124834.0
2023-02-15,37.94996,38.21911,37.73464,37.94996,174409.0
2023-02-16,38.165279999999996,38.326769999999996,38.00379,38.21911,162345.0
2023-02-17,38.11145,38.488260000000004,38.05762,38.326769999999996,207795.0
2023-02-20,38.43443,39.241870000000006,38.43443,39.241870000000006,313981.0
2023-02-21,39.241870000000006,39.67251,39.02655,39.241870000000006,332037.0
2023-02-22,39.02655,39.02655,38.43443,38.43443,252097.0
2023-02-23,38.21911,38.326769999999996,37.465489999999996,37.68081,474225.0
2023-02-24,37.788470000000004,38.00379,37.411660000000005,37.68081,245304.0
2023-02-27,37.465489999999996,37.465489999999996,36.3889,36.87337,357519.0
2023-02-28,37.31044,37.41969,36.76417,37.0373,109978.0
2023-03-01,36.381769999999996,37.14656,36.27252,37.14656,214975.0
2023-03-02,37.14656,37.583580000000005,37.14656,37.528949999999995,107893.0
2023-03-03,37.528949999999995,37.69283,36.65491,36.65491,159935.0
2023-03-06,37.36507,37.36507,36.60028,36.60028,132880.0
2023-03-07,37.14656,37.14656,36.60028,36.81879,85429.0
2023-03-08,36.381769999999996,37.25581,36.381769999999996,37.14656,133700.0
2023-03-09,37.14656,37.36507,37.0373,37.14656,257931.0
2023-03-10,37.0373,37.31044,36.98267,37.25581,285848.0
2023-03-13,37.0373,37.911339999999996,37.0373,37.47432,247064.0
2023-03-14,37.47432,37.47432,36.928050000000006,37.20118,161580.0
2023-03-15,37.528949999999995,37.583580000000005,37.09193,37.583580000000005,124810.0
2023-03-16,37.36507,37.47432,36.60028,37.14656,284962.0
2023-03-17,37.41969,37.41969,36.928050000000006,37.14656,94617.0
2023-03-20,36.98267,37.09193,36.4364,36.4364,150407.0
2023-03-21,37.09193,37.09193,35.61699,36.60028,211009.0
2023-03-22,36.65491,36.873419999999996,36.545660000000005,36.60028,70666.0
2023-03-23,36.16327,36.65491,36.16327,36.65491,163943.0
2023-03-24,36.65491,36.873419999999996,36.545660000000005,36.873419999999996,150621.0
2023-03-27,36.873419999999996,37.14656,36.60028,37.14656,113662.0
2023-03-28,37.31044,37.47432,36.60028,37.14656,202015.0
2023-03-29,37.0373,37.0373,36.49103,36.709540000000004,162258.0
2023-03-30,36.709540000000004,37.09193,36.60028,36.76417,87826.0
2023-03-31,36.873419999999996,36.928050000000006,36.60028,36.928050000000006,75952.0
2023-04-03,37.0373,37.31044,37.0373,37.20118,205887.0
2023-04-04,37.25581,38.2391,37.25581,38.12985,422646.0
2023-04-05,38.2391,38.89463,37.14656,38.293730000000004,309334.0
2023-04-06,38.676120000000004,38.676120000000004,37.85671,37.85671,284189.0
2023-04-07,37.85671,38.12985,37.69283,37.911339999999996,184695.0
2023-04-10,37.96597,38.2391,37.41969,38.2391,279631.0
2023-04-11,37.96597,38.2391,37.583580000000005,37.583580000000005,195397.0
2023-04-12,37.96597,38.84,37.85671,38.12985,515866.0
2023-04-13,38.12985,38.2391,37.528949999999995,37.69283,202750.0
2023-04-14,37.96597,37.96597,37.14656,37.14656,240120.0
2023-04-17,37.14656,37.14656,36.873419999999996,37.0373,128110.0
2023-04-18,37.0373,37.47432,36.928050000000006,37.14656,193462.0
2023-04-19,37.47432,37.47432,36.81879,36.928050000000006,169228.0
2023-04-20,36.873419999999996,37.09193,36.709540000000004,36.928050000000006,76860.0
2023-04-21,36.81879,37.09193,36.32715,36.4364,217350.0
2023-04-24,36.60028,36.60028,35.78087,35.78087,244146.0
2023-04-25,35.8355,36.873419999999996,35.50774,35.50774,296019.0
2023-04-26,35.78087,35.999379999999995,35.01609,35.01609,422637.0
2023-04-27,35.01609,35.78087,35.01609,35.179970000000004,157417.0
2023-04-28,36.054010000000005,36.873419999999996,35.89013,36.32715,1084580.0
2023-05-04,36.76417,37.09193,36.49103,36.49103,289692.0
2023-05-05,36.49103,36.60028,36.10864,36.16327,230890.0
2023-05-08,36.27252,36.709540000000004,36.27252,36.49103,310204.0
2023-05-09,36.76417,36.76417,36.27252,36.32715,238644.0
2023-05-10,36.16327,36.49103,36.16327,36.27252,217788.0
2023-05-11,36.60028,36.60028,36.27252,36.32715,275783.0
2023-05-12,36.32715,36.4364,36.054010000000005,36.10864,429753.0
2023-05-15,36.16327,37.36507,36.16327,36.65491,745359.0
2023-05-16,37.0373,37.31044,36.76417,36.873419999999996,346038.0
2023-05-17,36.873419999999996,37.14656,36.381769999999996,36.4364,324425.0
2023-05-18,36.60028,36.60028,36.32715,36.4364,365083.0
2023-05-19,37.125949999999996,37.125949999999996,36.49776,36.87468,329984.0
2023-05-22,37.377230000000004,38.068239999999996,37.063129999999994,38.068239999999996,746528.0
2023-05-23,38.63361,39.45025,38.38233,39.32461,1055051.0
2023-05-24,39.45025,39.45025,38.696419999999996,38.696419999999996,561054.0
2023-05-25,38.82206,38.82206,38.25669,38.31951,513709.0
2023-05-26,38.50797,39.19897,38.38233,38.63361,583402.0
2023-05-29,38.63361,39.073339999999995,38.31951,38.63361,495794.0
2023-05-30,38.63361,38.82206,38.31951,38.44515,476768.0
2023-05-31,38.44515,39.38743,38.193870000000004,38.63361,588544.0
2023-06-01,38.82206,38.82206,38.31951,38.50797,466371.0
2023-06-02,38.50797,38.82206,38.31951,38.57079,716222.0
2023-06-05,38.884879999999995,39.638709999999996,38.44515,39.26179,1333398.0
2023-06-06,39.073339999999995,39.88998,39.073339999999995,39.638709999999996,851927.0
2023-06-07,39.638709999999996,40.015620000000006,39.136160000000004,39.638709999999996,1225334.0
2023-06-08,39.38743,39.45025,38.9477,38.9477,1073851.0
2023-06-09,38.9477,39.073339999999995,38.44515,38.884879999999995,970672.0
2023-06-12,39.01052,39.51307,38.696419999999996,39.01052,841689.0
2023-06-13,39.136160000000004,40.204080000000005,39.073339999999995,39.45025,1507286.0
2023-06-14,39.70153,39.70153,39.073339999999995,39.136160000000004,671863.0
2023-06-15,39.19897,39.19897,38.57079,38.82206,917335.0
2023-06-16,38.884879999999995,39.51307,38.82206,39.19897,1354180.0
2023-06-19,39.26179,40.51817,39.26179,39.76434,1839486.0
2023-06-20,40.015620000000006,40.015620000000006,39.57589,39.88998,505150.0
2023-06-21,40.07844,40.07844,39.51307,39.76434,872742.0
2023-06-22,39.88998,39.88998,39.38743,39.70153,980547.0
2023-06-23,39.70153,40.14126,39.51307,39.51307,849453.0
2023-06-26,39.45025,39.88998,39.19897,39.26179,870505.0
2023-06-27,39.45025,39.76434,39.26179,39.45025,833178.0
2023-06-28,39.57589,40.9579,39.57589,40.9579,2405554.0
2023-06-29,41.272,41.272,40.07844,40.07844,728864.0
2023-06-30,40.07844,41.20918,40.07844,40.9579,1825006.0
2023-07-03,41.020720000000004,41.39764,40.9579,40.9579,833386.0
2023-07-04,40.9579,41.08354,40.51817,41.08354,812622.0
2023-07-05,41.14636,42.2771,40.832269999999994,41.20918,1517858.0
2023-07-06,41.39764,41.58609,40.76945,40.89508,1185435.0
2023-07-07,40.832269999999994,40.9579,40.455349999999996,40.9579,961181.0
2023-07-10,41.39764,41.64891,40.9579,41.272,1491748.0
2023-07-11,41.52327,41.52327,40.89508,41.39764,677015.0
2023-07-12,41.71173,41.71173,40.832269999999994,40.832269999999994,805957.0
2023-07-13,41.08354,41.774550000000005,40.9579,41.460449999999994,987093.0
2023-07-14,41.52327,41.58609,41.020720000000004,41.460449999999994,685142.0
2023-07-17,41.460449999999994,41.460449999999994,41.020720000000004,41.020720000000004,710061.0
2023-07-18,40.89508,41.20918,40.832269999999994,41.020720000000004,665829.0
2023-07-19,40.9579,41.20918,40.70663,40.832269999999994,510570.0
2023-07-20,40.832269999999994,41.020720000000004,40.32971,40.58099,865269.0
2023-07-21,40.455349999999996,41.272,40.39253,41.08354,893221.0
2023-07-24,41.460449999999994,41.460449999999994,40.70663,40.70663,739280.0
2023-07-25,40.76945,41.272,40.76945,41.020720000000004,739161.0
2023-07-26,41.14636,42.65401,40.9579,42.65401,2448896.0
2023-07-27,42.33992,42.71683,41.90019,42.15146,833540.0
2023-07-28,42.02582,43.03093,41.774550000000005,42.71683,1285943.0
2023-07-31,42.40274,42.71683,41.774550000000005,42.08864,1140195.0
2023-08-01,42.21428,42.2771,41.14636,41.14636,1265558.0
2023-08-02,41.14636,41.52327,40.76945,40.76945,1263883.0
2023-08-03,40.832269999999994,41.33482,40.58099,40.76945,862517.0
2023-08-04,40.70663,40.832269999999994,40.204080000000005,40.204080000000005,2040421.0
2023-08-07,40.39253,40.76945,40.39253,40.76945,648733.0
2023-08-08,41.08354,41.08354,40.70663,40.76945,748883.0
2023-08-09,40.70663,40.76945,40.32971,40.32971,838505.0
2023-08-10,40.32971,40.51817,39.51307,39.51307,1525086.0
2023-08-11,39.51307,39.9528,39.32461,39.70153,871250.0
2023-08-14,40.015620000000006,40.39253,39.70153,39.88998,408527.0
2023-08-15,40.07844,40.07844,39.57589,39.76434,600477.0
2023-08-16,39.827160000000006,39.88998,39.638709999999996,39.638709999999996,365467.0
2023-08-17,39.638709999999996,39.827160000000006,39.38743,39.38743,676041.0
2023-08-18,39.38743,39.57589,38.00542,38.00542,1744875.0
2023-08-21,37.81696,38.44515,37.69132,38.31951,822004.0
2023-08-22,38.193870000000004,38.50797,37.6285,38.38233,749811.0
2023-08-23,38.57079,38.696419999999996,38.193870000000004,38.38233,306271.0
2023-08-24,38.193870000000004,38.63361,38.193870000000004,38.63361,446757.0
2023-08-25,38.63361,38.63361,38.31951,38.63361,418203.0
2023-08-28,38.9477,39.57589,38.75924,39.57589,538127.0
2023-08-29,39.70153,39.76434,39.073339999999995,39.45025,427948.0
2023-08-30,39.19897,39.57589,39.073339999999995,39.57589,479591.0
2023-08-31,39.57589,39.827160000000006,39.32461,39.45025,788838.0
2023-09-05,39.88998,40.07844,39.638709999999996,40.07844,620256.0
2023-09-06,40.07844,40.58099,39.9528,40.2669,646095.0
2023-09-07,40.32971,40.455349999999996,39.88998,39.9528,847499.0
2023-09-08,40.14126,40.39253,39.88998,40.204080000000005,940524.0
2023-09-11,40.455349999999996,40.455349999999996,39.88998,39.9528,1054794.0
2023-09-12,39.76434,40.015620000000006,39.57589,39.827160000000006,797982.0
2023-09-13,40.14126,40.14126,39.76434,39.827160000000006,869309.0
2023-09-14,39.88998,40.015620000000006,39.45025,39.51307,632474.0
2023-09-15,39.57589,39.9528,39.51307,39.57589,336427.0
2023-09-18,39.88998,39.88998,39.19897,39.26179,691605.0
2023-09-19,39.38743,40.14126,39.073339999999995,39.88998,625165.0
2023-09-20,39.88998,40.39253,39.827160000000006,40.39253,955293.0
2023-09-21,40.455349999999996,41.460449999999994,40.455349999999996,41.14636,1530828.0
2023-09-22,40.832269999999994,40.89508,39.76434,39.88998,1018553.0
2023-09-25,39.88998,40.39253,38.82206,38.82206,1047856.0
2023-09-26,38.82206,39.26179,38.75924,38.884879999999995,782035.0
2023-09-27,39.136160000000004,39.57589,38.82206,39.51307,399230.0
2023-09-28,39.57589,39.88998,39.073339999999995,39.88998,561754.0
2023-09-29,39.88998,40.2669,39.638709999999996,39.70153,335012.0
2023-10-02,39.9528,40.32971,39.76434,39.88998,359582.0
2023-10-03,39.45025,39.88998,38.82206,38.9477,685583.0
2023-10-04,38.82206,39.88998,38.75924,39.45025,615413.0
2023-10-05,39.88998,39.88998,38.9477,38.9477,311214.0
2023-10-06,39.32461,39.32461,38.75924,39.073339999999995,398077.0
2023-10-09,38.9477,39.073339999999995,38.75924,38.884879999999995,452325.0
2023-10-10,39.32461,39.76434,39.073339999999995,39.32461,523187.0
2023-10-11,39.57589,39.57589,39.01052,39.32461,269139.0
2023-10-12,39.51307,39.9528,39.45025,39.51307,465679.0
2023-10-13,39.073339999999995,39.45025,39.073339999999995,39.45025,297869.0
2023-10-16,39.45025,39.70153,38.9477,39.073339999999995,323672.0
2023-10-17,39.136160000000004,39.45025,38.696419999999996,38.696419999999996,324256.0
2023-10-18,38.696419999999996,38.75924,36.74904,37.9426,668458.0
2023-10-19,37.9426,38.068239999999996,37.377230000000004,37.44005,252141.0
2023-10-20,37.377230000000004,38.00542,37.063129999999994,37.9426,199625.0
2023-10-23,38.193870000000004,38.193870000000004,37.063129999999994,37.18877,209852.0
2023-10-24,37.063129999999994,37.50287,37.063129999999994,37.44005,173379.0
2023-10-25,37.56568,37.6285,37.063129999999994,37.063129999999994,269155.0
2023-10-26,36.49776,37.31441,35.17857,35.17857,799546.0
2023-10-27,35.304199999999994,35.49266,33.6081,34.55038,618219.0
2023-10-30,34.42474,34.80165,34.299099999999996,34.299099999999996,227534.0
2023-10-31,34.36192,34.55038,32.79145,33.042730000000006,392125.0
2023-11-01,33.294,33.482459999999996,31.849169999999997,32.72863,482366.0
2023-11-02,33.294,34.487559999999995,33.042730000000006,34.299099999999996,445340.0
2023-11-03,34.676019999999994,34.676019999999994,33.294,33.294,888986.0
2023-11-06,33.73373,34.80165,33.73373,34.80165,407350.0
2023-11-07,34.80165,35.17857,34.42474,34.676019999999994,397007.0
2023-11-08,34.676019999999994,36.12085,34.487559999999995,35.806760000000004,521311.0
2023-11-09,35.806760000000004,36.434940000000005,35.49266,35.806760000000004,325065.0
2023-11-10,36.12085,36.87468,35.618300000000005,36.05803,398864.0
2023-11-13,36.05803,36.434940000000005,35.806760000000004,35.99521,249709.0
2023-11-14,36.05803,36.434940000000005,35.68112,36.37213,364754.0
2023-11-15,36.9375,37.00031,36.37213,36.623400000000004,275194.0
2023-11-16,36.49776,36.623400000000004,36.18367,36.37213,152990.0
2023-11-17,36.37213,36.9375,36.18367,36.434940000000005,489196.0
2023-11-20,35.86957,36.49776,35.806760000000004,36.309309999999996,450499.0
2023-11-21,36.434940000000005,36.56058,35.93239,36.24649,204329.0
2023-11-22,36.623400000000004,36.623400000000004,36.12085,36.12085,201510.0
2023-11-23,36.68622,36.68622,36.12085,36.12085,190511.0
2023-11-24,36.05803,36.12085,35.618300000000005,35.86957,299625.0
2023-11-27,35.86957,35.99521,35.68112,35.74394,165522.0
2023-11-28,36.12085,36.12085,35.68112,35.93239,146629.0
2023-11-29,35.93239,36.309309999999996,35.93239,36.18367,180323.0
2023-11-30,36.18367,36.37213,35.86957,35.86957,136881.0
2023-12-01,35.99521,36.24649,35.74394,35.99521,124796.0
2023-12-04,36.05803,36.56058,35.99521,36.434940000000005,622566.0
2023-12-05,36.74904,37.69132,36.74904,37.25158999999999,584262.0
2023-12-06,37.25158999999999,37.31441,36.81186,36.9375,222697.0
2023-12-07,36.9375,37.31441,36.18367,36.434940000000005,443836.0
2023-12-08,36.434940000000005,37.18877,36.18367,37.18877,539569.0
2023-12-11,37.18877,37.56568,36.87468,36.87468,237332.0
2023-12-12,36.87468,37.125949999999996,36.623400000000004,37.063129999999994,287383.0
2023-12-13,37.18877,37.18877,36.12085,36.24649,588444.0
2023-12-14,36.49776,36.68622,35.86957,35.86957,278537.0
2023-12-15,35.93239,36.434940000000005,35.49266,35.618300000000005,513564.0
2023-12-18,35.93239,35.93239,35.17857,35.68112,497495.0
2023-12-19,35.36702,35.806760000000004,35.17857,35.36702,288690.0
2023-12-20,35.42984,35.68112,35.11575,35.36702,408673.0
2023-12-21,35.17857,35.55548,34.864470000000004,35.49266,533985.0
2023-12-22,35.618300000000005,35.618300000000005,35.05293,35.05293,383418.0
2023-12-25,35.05293,35.49266,34.99011,35.24139,480478.0
2023-12-26,35.36702,35.42984,35.05293,35.05293,623147.0
2023-12-27,35.11575,35.49266,35.11575,35.42984,527778.0
2023-12-28,35.618300000000005,35.68112,35.36702,35.42984,346945.0
2023-12-29,35.806760000000004,36.12085,35.42984,35.68112,712798.0
2024-01-02,36.12085,36.623400000000004,35.86957,36.12085,779590.0
2024-01-03,36.12085,36.309309999999996,35.86957,36.18367,376152.0
2024-01-04,36.37213,36.9375,36.12085,36.24649,899128.0
2024-01-05,36.24649,36.309309999999996,35.99521,36.05803,555100.0
2024-01-08,36.05803,36.309309999999996,35.68112,35.68112,920506.0
2024-01-09,35.42984,35.618300000000005,35.17857,35.24139,1088205.0
2024-01-10,35.36702,35.42984,34.92729,35.05293,684484.0
2024-01-11,35.05293,35.24139,34.92729,35.05293,430404.0
2024-01-12,34.99011,35.05293,34.55038,34.6132,792673.0
2024-01-15,34.6132,35.05293,34.6132,34.676019999999994,193593.0
2024-01-16,34.738839999999996,35.11575,34.487559999999995,34.92729,311396.0
2024-01-17,34.92729,35.42984,34.738839999999996,35.24139,350082.0
2024-01-18,35.304199999999994,35.36702,34.92729,34.99011,296824.0
2024-01-19,34.99011,35.42984,34.864470000000004,35.17857,288408.0
2024-01-22,35.49266,35.49266,35.11575,35.24139,218338.0
2024-01-23,35.24139,36.05803,35.17857,35.74394,495237.0
2024-01-24,35.74394,35.806760000000004,35.36702,35.68112,232377.0
2024-01-25,35.49266,35.68112,35.05293,35.36702,357292.0
2024-01-26,35.24139,35.49266,35.17857,35.304199999999994,415943.0
2024-01-29,35.304199999999994,35.68112,35.24139,35.49266,338629.0
2024-01-30,35.36702,35.55548,35.17857,35.42984,710711.0
2024-01-31,35.618300000000005,35.68112,34.99011,35.17857,592351.0
2024-02-01,35.17857,35.42984,34.738839999999996,34.80165,886542.0
2024-02-02,34.738839999999996,35.24139,34.55038,34.55038,725061.0
2024-02-05,34.738839999999996,35.304199999999994,34.676019999999994,34.864470000000004,594933.0
2024-02-06,34.864470000000004,35.55548,34.864470000000004,35.304199999999994,610931.0
2024-02-07,35.49266,35.618300000000005,35.36702,35.49266,323806.0
2024-02-15,35.55548,37.063129999999994,35.55548,36.623400000000004,1291392.0
2024-02-16,36.623400000000004,37.56568,36.623400000000004,36.87468,891768.0
2024-02-19,37.063129999999994,37.25158999999999,36.68622,37.18877,1088195.0
2024-02-20,37.25158999999999,37.25158999999999,36.74904,36.9375,626086.0
2024-02-21,36.9375,37.9426,36.74904,37.81696,1074514.0
2024-02-22,37.87978,37.87978,37.377230000000004,37.44005,466586.0
2024-02-23,37.50287,37.69132,36.74904,36.74904,1051386.0
2024-02-26,37.00031,37.00031,36.434940000000005,36.49776,840189.0
2024-02-27,36.9375,37.25158999999999,36.623400000000004,37.125949999999996,655015.0
2024-02-28,37.377230000000004,38.50797,37.18877,38.44515,1565959.0
2024-02-29,38.44515,39.073339999999995,38.31951,38.44515,981417.0
2024-03-01,38.44515,39.51307,38.44515,39.136160000000004,1219253.0
2024-03-04,39.136160000000004,39.70153,38.82206,39.073339999999995,1404079.0
2024-03-05,39.136160000000004,39.827160000000006,38.884879999999995,39.76434,1129980.0
2024-03-06,39.638709999999996,39.70153,39.073339999999995,39.19897,757384.0
2024-03-07,39.136160000000004,39.638709999999996,39.073339999999995,39.57589,1108310.0
2024-03-08,39.57589,40.58099,39.45025,39.638709999999996,1690974.0
2024-03-11,39.57589,39.57589,38.57079,38.9477,1057379.0
2024-03-12,38.9477,39.51307,38.696419999999996,38.9477,1020734.0
2024-03-13,39.32461,40.32971,39.136160000000004,39.9528,1471115.0
2024-03-14,40.32971,40.70663,40.015620000000006,40.39253,1257473.0
2024-03-15,40.51817,40.51817,39.57589,40.204080000000005,809650.0
2024-03-18,40.204080000000005,40.204080000000005,38.068239999999996,38.75924,1555213.0
2024-03-19,39.19897,39.19897,38.44515,38.82206,905943.0
2024-03-20,38.884879999999995,39.136160000000004,38.38233,39.01052,823360.0
2024-03-21,39.51307,39.638709999999996,39.01052,39.51307,968157.0
2024-03-22,40.14126,40.76945,39.70153,40.2669,1680649.0
2024-03-25,40.2669,40.9579,39.70153,39.88998,1017832.0
2024-03-26,39.88998,40.51817,39.76434,40.2669,705759.0
2024-03-27,40.51817,40.51817,40.015620000000006,40.14126,640155.0
2024-03-28,40.32971,40.39253,40.015620000000006,40.14126,516396.0
2024-03-29,40.14126,40.58099,39.9528,40.07844,884521.0
2024-04-01,40.07844,40.32971,39.32461,39.76434,1105427.0
2024-04-02,39.88998,40.2669,39.57589,40.2669,987871.0
2024-04-03,40.32971,40.89508,39.88998,40.015620000000006,1182227.0
2024-04-04,39.88998,40.015620000000006,39.45025,39.51307,943695.0
2024-04-05,39.45025,39.76434,39.32461,39.32461,620751.0
2024-04-08,39.19897,39.38743,38.82206,39.26179,760638.0
2024-04-09,39.38743,39.57589,39.26179,39.45025,486954.0
2024-04-10,39.57589,39.70153,39.32461,39.32461,560158.0
2024-04-11,38.9477,39.51307,38.9477,39.51307,849092.0
2024-04-12,39.89614,40.15148000000001,39.57697,40.08764,641959.0
2024-04-15,39.70464,40.08764,38.810970000000005,38.8748,1364392.0
2024-04-16,39.00247,39.13014,38.1088,38.55563,1127709.0
2024-04-17,38.810970000000005,39.066300000000005,38.3003,38.3003,676496.0
2024-04-19,37.72579,38.3003,36.83212,37.02362,1577895.0
2024-04-22,37.215120000000006,38.044959999999996,37.15129,37.59812,880026.0
2024-04-23,37.406620000000004,37.72579,37.15129,37.27896,816436.0
2024-04-24,37.59812,38.74713,37.470459999999996,38.491800000000005,1084738.0
2024-04-25,38.42796,38.42796,37.85346,38.3003,615280.0
2024-04-26,38.17263,39.44931,37.85346,39.32164,1228590.0
2024-05-02,39.066300000000005,40.98132,38.93864,40.98132,2466357.0
2024-05-03,40.98132,42.066489999999995,40.98132,42.066489999999995,3665401.0
2024-05-06,42.32183,42.32183,41.55582,41.68349,1613605.0
2024-05-07,42.066489999999995,42.066489999999995,41.36432,41.49199,1419900.0
2024-05-08,41.87499,42.51333,41.300489999999996,42.38566,3578672.0
2024-05-09,42.96017,43.087830000000004,42.002660000000006,42.13033,1332458.0
2024-05-10,42.32183,42.4495,41.49199,42.13033,1203649.0
2024-05-13,42.51333,43.407,42.066489999999995,42.768660000000004,1528399.0
2024-05-14,43.2155,43.2155,42.38566,42.51333,592918.0
2024-05-15,42.51333,42.89633,42.38566,42.51333,1107509.0
2024-05-16,43.024,44.045339999999996,42.577160000000006,43.79001,1738682.0
2024-05-17,43.98151,44.045339999999996,43.407,43.407,1483345.0
2024-05-20,43.66233999999999,43.79001,42.8325,43.087830000000004,1281576.0
2024-05-21,43.89677,43.970169999999996,43.0893,43.45633,1070162.0
2024-05-22,43.38293,43.89677,43.236110000000004,43.45633,668317.0
2024-05-23,43.38293,45.29148,43.0159,45.14467,2223278.0
2024-05-24,45.21807,45.21807,43.74996,44.63083,1416788.0
2024-05-27,44.77764,45.65851,44.41061,45.65851,1002470.0
2024-05-28,45.878730000000004,46.612790000000004,45.5117,46.46598,1048638.0
2024-05-29,46.612790000000004,46.612790000000004,45.36489,45.5117,754618.0
2024-05-30,45.14467,45.5117,44.85105,45.5117,1136145.0
2024-05-31,45.80532,46.098949999999995,45.14467,45.731919999999995,732168.0
2024-06-03,45.878730000000004,46.39257,45.80532,46.245760000000004,760418.0
2024-06-04,46.245760000000004,46.319160000000004,45.731919999999995,45.878730000000004,463189.0
2024-06-05,45.731919999999995,46.17235,45.731919999999995,45.95213,681853.0
2024-06-06,45.95213,46.39257,45.5117,45.5117,565629.0
2024-06-07,45.5851,45.95213,45.14467,45.5117,460634.0
2024-06-10,45.5851,46.46598,45.5117,45.65851,644881.0
2024-06-11,46.02554,46.46598,45.5117,45.5117,611624.0
2024-06-12,45.731919999999995,46.612790000000004,45.5117,46.612790000000004,1322762.0
2024-06-13,47.64047,47.64047,46.7596,46.97982,898465.0
2024-06-14,47.05322,47.12663,45.14467,45.14467,1217305.0
2024-06-17,45.14467,45.878730000000004,45.07126,45.21807,819150.0
2024-06-18,45.29148,46.83301,45.21807,46.612790000000004,900479.0
2024-06-19,46.539379999999994,46.7596,46.02554,46.7596,672971.0
2024-06-20,46.612790000000004,48.88837,46.612790000000004,48.22772,1600113.0
2024-06-21,49.10859,49.10859,47.346849999999996,47.346849999999996,938085.0
2024-06-24,47.42025,47.860690000000005,45.5117,46.68619,1144846.0
2024-06-25,46.68619,48.08091,46.68619,47.05322,766216.0
2024-06-26,47.56707,47.56707,46.17235,46.97982,973589.0
2024-06-27,46.97982,47.64047,46.39257,46.97982,806900.0
2024-06-28,46.612790000000004,46.68619,45.95213,45.95213,1165698.0
2024-07-01,45.95213,46.68619,45.36489,46.612790000000004,1044666.0
2024-07-02,46.83301,46.83301,46.245760000000004,46.39257,905177.0
2024-07-03,46.539379999999994,46.97982,46.245760000000004,46.97982,1012861.0
2024-07-04,46.97982,48.08091,46.7596,47.9341,1481030.0
2024-07-05,48.30113,48.30113,46.97982,47.860690000000005,838116.0
2024-07-08,48.44794,49.03519,48.154309999999995,48.81497,1684807.0
2024-07-09,49.182,51.38418,48.30113,51.01715,2165255.0
2024-07-10,51.677800000000005,53.07251,50.72351999999999,52.26505,2412860.0
2024-07-11,52.338449999999995,53.80657,52.11824,52.48527,1711493.0
2024-07-12,52.26505,52.41186,51.60439,52.19164,1140145.0
2024-07-15,52.19164,53.07251,51.677800000000005,52.8523,1226928.0
2024-07-16,52.8523,54.24701,52.48527,54.24701,1126867.0
2024-07-17,54.32041,55.56832,50.65012,52.99911,2125888.0
2024-07-18,52.99911,53.292730000000006,51.09055,52.8523,1609329.0
2024-07-19,52.8523,52.8523,51.60439,51.60439,930742.0
2024-07-22,51.38418,51.60439,50.283089999999994,50.283089999999994,1539493.0
2024-07-23,50.20968,51.38418,49.98946,50.136269999999996,1222031.0
2024-07-24,49.916059999999995,50.65012,48.44794,50.65012,1138107.0
2024-07-25,50.5033,51.971419999999995,50.20968,51.75121,1050377.0
2024-07-26,51.75121,52.48527,51.677800000000005,52.11824,1053163.0
2024-07-29,52.41186,52.77889,51.60439,52.48527,570790.0
2024-07-30,52.11824,52.26505,50.283089999999994,51.75121,2000914.0
2024-07-31,50.65012,51.09055,49.769239999999996,51.09055,2042585.0
2024-08-01,50.94374,50.94374,48.44794,49.84265,1598854.0
2024-08-02,48.30113,51.60439,48.30113,51.60439,1562939.0
2024-08-05,50.5033,50.5033,48.0075,48.0075,1152417.0
2024-08-06,48.08091,49.2554,47.860690000000005,48.96178,662287.0
2024-08-07,49.182,49.32881,48.30113,48.30113,427579.0
2024-08-08,48.30113,49.40222,48.22772,48.66816,486844.0
2024-08-09,49.32881,49.40222,48.88837,49.182,545300.0
2024-08-12,49.182,51.01715,49.182,50.57671,822176.0
2024-08-13,50.5033,50.65012,49.182,49.769239999999996,727785.0
2024-08-14,50.283089999999994,51.01715,49.54903,50.65012,691646.0
2024-08-15,50.65012,50.72351999999999,49.47562,49.54903,575484.0
2024-08-16,49.62243,51.31077,49.62243,51.31077,1121059.0
2024-08-19,51.31077,52.338449999999995,51.09055,51.60439,968709.0
2024-08-20,51.60439,51.677800000000005,50.87033,51.31077,738417.0
2024-08-21,51.530989999999996,51.898019999999995,51.01715,51.45758,747580.0
2024-08-22,51.82461,51.82461,51.09055,51.163959999999996,604774.0
2024-08-23,51.01715,51.898019999999995,51.01715,51.82461,888460.0
2024-08-26,52.338449999999995,52.55867,50.94374,51.38418,678177.0
2024-08-27,51.09055,51.38418,50.20968,50.35649,694135.0
2024-08-28,50.4299,50.65012,50.062870000000004,50.35649,531151.0
2024-08-29,50.283089999999994,50.65012,50.20968,50.65012,329921.0
2024-08-30,50.4299,50.79693,50.283089999999994,50.35649,342819.0
2024-09-04,49.916059999999995,49.98946,49.182,49.182,771476.0
2024-09-05,49.2554,49.54903,47.787279999999996,47.9341,1122537.0
2024-09-06,47.713879999999996,48.37453,46.83301,48.154309999999995,934374.0
2024-09-09,48.22772,49.03519,48.154309999999995,48.521339999999995,510059.0
2024-09-10,48.66816,48.81497,47.64047,47.713879999999996,656484.0
2024-09-11,47.713879999999996,48.44794,47.64047,47.787279999999996,493269.0
2024-09-12,48.37453,48.37453,47.787279999999996,48.22772,281840.0
2024-09-13,48.22772,48.44794,48.08091,48.22772,261429.0
2024-09-16,48.30113,48.30113,47.493660000000006,47.493660000000006,567485.0
2024-09-17,47.713879999999996,47.713879999999996,47.05322,47.64047,834652.0
2024-09-18,47.713879999999996,48.44794,47.713879999999996,48.30113,638386.0
2024-09-19,48.44794,48.81497,48.30113,48.521339999999995,478001.0
2024-09-20,48.81497,49.32881,48.81497,48.88837,846625.0
2024-09-23,49.03519,49.182,48.88837,48.96178,492915.0
2024-09-24,48.96178,49.182,48.74156,48.88837,459452.0
2024-09-25,49.10859,49.769239999999996,48.88837,49.54903,689545.0
2024-09-26,49.84265,50.062870000000004,49.47562,49.47562,567073.0
2024-09-27,49.54903,49.916059999999995,48.88837,48.96178,483680.0
2024-09-30,48.74156,49.10859,48.59475,48.88837,369025.0
2024-10-01,48.96178,49.32881,48.88837,48.96178,444815.0
2024-10-02,48.74156,49.769239999999996,48.74156,49.47562,674129.0
2024-10-03,49.769239999999996,49.916059999999995,48.88837,49.03519,476916.0
2024-10-04,49.182,49.182,48.66816,48.66816,340230.0
2024-10-07,48.81497,49.40222,48.30113,48.30113,525314.0
2024-10-08,48.521339999999995,48.66816,48.0075,48.154309999999995,421215.0
2024-10-09,48.154309999999995,48.154309999999995,47.9341,48.154309999999995,520281.0
2024-10-10,48.154309999999995,48.37453,48.0075,48.08091,662405.0
2024-10-11,48.22772,48.521339999999995,48.0075,48.154309999999995,639222.0
2024-10-14,48.81497,48.88837,48.22772,48.37453,412849.0
2024-10-15,48.37453,48.59475,47.860690000000005,47.860690000000005,373611.0
2024-10-16,47.713879999999996,48.08091,47.42025,47.64047,424100.0
2024-10-17,47.64047,47.860690000000005,47.56707,47.64047,336606.0
2024-10-18,47.64047,48.08091,47.56707,47.56707,288718.0
2024-10-21,47.493660000000006,47.56707,46.97982,47.05322,381578.0
2024-10-22,46.97982,47.05322,46.245760000000004,46.319160000000004,641849.0
2024-10-23,46.245760000000004,46.612790000000004,46.17235,46.46598,373224.0
2024-10-24,46.46598,46.612790000000004,46.245760000000004,46.612790000000004,457866.0
2024-10-25,46.90641,46.90641,46.245760000000004,46.245760000000004,271438.0
2024-10-28,46.39257,46.612790000000004,46.17235,46.46598,285878.0
2024-10-29,46.46598,47.42025,46.39257,47.42025,561516.0
2024-10-30,47.64047,47.860690000000005,47.493660000000006,47.713879999999996,644230.0
2024-10-31,47.493660000000006,47.56707,45.95213,47.05322,392046.0
2024-11-01,46.97982,46.97982,45.5117,45.5117,3433664.0
2024-11-04,45.731919999999995,47.05322,45.5117,46.97982,1288748.0
2024-11-05,46.46598,47.56707,46.46598,46.68619,560724.0
2024-11-06,46.83301,47.27344,46.539379999999994,46.90641,680225.0
2024-11-07,47.12663,47.493660000000006,46.7596,47.346849999999996,696362.0
2024-11-08,47.64047,47.64047,47.20004,47.42025,701768.0
2024-11-11,47.42025,47.713879999999996,46.97982,47.713879999999996,551658.0
2024-11-12,48.0075,48.44794,47.787279999999996,48.30113,753078.0
2024-11-13,48.154309999999995,48.154309999999995,47.56707,48.0075,547539.0
2024-11-14,48.154309999999995,48.44794,47.713879999999996,47.713879999999996,527937.0
2024-11-15,47.493660000000006,47.860690000000005,47.42025,47.713879999999996,834415.0
2024-11-18,47.64047,47.787279999999996,46.68619,46.7596,495632.0
2024-11-19,46.97982,46.97982,46.098949999999995,46.098949999999995,439051.0
2024-11-20,46.098949999999995,46.83301,45.36489,46.83301,891973.0
2024-11-21,47.12663,47.713879999999996,46.83301,47.713879999999996,583013.0
2024-11-22,47.713879999999996,47.860690000000005,47.20004,47.493660000000006,447065.0
2024-11-25,47.56707,49.40222,47.12663,49.10859,1600690.0
2024-11-26,49.10859,49.2554,48.74156,48.96178,494663.0
2024-11-27,48.96178,49.54903,48.66816,49.182,969244.0
2024-11-28,49.2554,49.32881,48.88837,49.182,643178.0
2024-11-29,49.32881,49.32881,49.03519,49.32881,499804.0
2024-12-02,49.40222,49.769239999999996,48.88837,49.03519,520063.0
2024-12-03,49.2554,50.283089999999994,48.81497,49.769239999999996,1035645.0
2024-12-04,49.916059999999995,49.916059999999995,49.32881,49.32881,492089.0
2024-12-05,49.32881,50.35649,49.32881,50.20968,1133528.0
2024-12-06,50.20968,50.283089999999994,49.769239999999996,49.769239999999996,544436.0
2024-12-09,50.136269999999996,50.136269999999996,49.54903,49.769239999999996,565276.0
2024-12-10,49.916059999999995,50.283089999999994,49.47562,49.47562,444921.0
2024-12-11,49.47562,49.62243,48.81497,48.88837,700559.0
2024-12-12,48.88837,49.2554,48.44794,48.44794,444534.0
2024-12-13,48.521339999999995,49.10859,48.37453,48.81497,299749.0
2024-12-16,48.81497,49.03519,48.44794,48.59475,234786.0
2024-12-17,48.59475,49.10859,48.44794,48.81497,275875.0
2024-12-18,48.81497,49.769239999999996,48.74156,49.769239999999996,807547.0
2024-12-19,49.182,50.062870000000004,49.03519,49.40222,732751.0
2024-12-20,49.40222,50.062870000000004,49.32881,49.69584,583062.0
2024-12-23,50.20968,50.20968,49.769239999999996,49.916059999999995,443423.0
2024-12-24,49.916059999999995,49.916059999999995,49.47562,49.54903,445862.0
2024-12-25,49.54903,51.163959999999996,49.54903,50.4299,1078560.0
2024-12-26,50.5033,50.57671,49.916059999999995,49.916059999999995,372493.0
2024-12-27,50.20968,50.20968,49.69584,49.916059999999995,413683.0
2024-12-30,49.54903,49.98946,49.182,49.182,412076.0
2024-12-31,49.32881,49.84265,48.88837,49.84265,402044.0
2025-01-02,49.84265,49.84265,49.03519,49.182,341740.0
2025-01-03,49.40222,49.40222,47.713879999999996,48.0075,662457.0
2025-01-06,48.0075,48.22772,46.90641,46.97982,842876.0
2025-01-07,47.27344,47.713879999999996,46.7596,47.56707,465093.0
2025-01-08,47.56707,47.56707,46.90641,47.05322,434273.0
2025-01-09,47.05322,47.42025,46.83301,47.27344,156123.0
2025-01-10,47.56707,47.56707,46.90641,47.20004,338632.0
2025-01-13,47.20004,47.713879999999996,46.83301,47.713879999999996,323039.0
2025-01-14,47.787279999999996,48.0075,47.42025,48.0075,230548.0
2025-01-15,47.713879999999996,48.0075,47.56707,47.64047,357840.0
2025-01-16,47.64047,48.154309999999995,47.56707,48.154309999999995,234809.0
2025-01-17,48.154309999999995,49.10859,48.08091,48.96178,567028.0
2025-01-20,48.96178,49.182,48.0075,49.10859,387124.0
2025-01-21,49.182,49.182,48.44794,48.44794,278404.0
2025-01-22,48.59475,48.59475,47.9341,48.0075,411778.0
2025-01-23,48.0075,48.37453,47.9341,48.37453,339998.0
2025-01-24,48.44794,48.44794,47.713879999999996,47.713879999999996,1194291.0
2025-02-03,47.860690000000005,47.9341,47.42025,47.9341,186608.0
2025-02-04,48.22772,48.74156,48.0075,48.44794,397373.0
2025-02-05,48.521339999999995,48.96178,48.44794,48.81497,338249.0
2025-02-06,49.03519,49.03519,48.44794,48.44794,394631.0
2025-02-07,48.59475,49.47562,48.59475,49.03519,810050.0
2025-02-10,49.10859,49.10859,48.74156,49.03519,513605.0
2025-02-11,49.182,49.54903,48.96178,49.54903,576757.0
2025-02-12,49.769239999999996,50.20968,49.54903,49.916059999999995,664358.0
2025-02-13,49.916059999999995,50.20968,49.54903,49.84265,520505.0
2025-02-14,49.84265,50.062870000000004,49.47562,49.54903,617785.0
2025-02-17,49.47562,49.769239999999996,48.96178,48.96178,499798.0
2025-02-18,48.88837,49.62243,48.88837,49.54903,445520.0
2025-02-19,49.69584,52.99911,49.54903,52.99911,3066720.0
2025-02-20,53.953379999999996,53.953379999999996,52.9257,52.9257,799005.0
2025-02-21,52.9257,53.43954,52.044830000000005,52.8523,1309705.0
2025-02-24,52.70548,55.78853,52.41186,55.05447,2335081.0
2025-02-25,55.05447,55.27469,54.24701,54.54063,799075.0
2025-02-26,54.54063,55.05447,53.80657,54.02679,1091093.0
2025-02-27,54.32518,55.59028,53.953089999999996,55.06936,837089.0
2025-02-28,55.06936,55.21819,53.581,53.87867,1058788.0
2025-03-03,54.25076,54.25076,53.50658,54.02751,754001.0
2025-03-04,53.581,54.77169,53.283319999999996,54.3996,1102229.0
2025-03-05,54.47401,55.36703,53.80425,54.3996,818652.0
2025-03-06,54.697269999999996,55.664699999999996,54.3996,54.8461,726275.0
2025-03-07,54.99494,54.99494,54.32518,54.54843,558584.0
2025-03-10,54.77169,56.33446,54.10192,55.81354,1791200.0
2025-03-11,54.920519999999996,55.73912,54.920519999999996,55.51587,698079.0
2025-03-12,55.51587,55.81354,54.77169,54.920519999999996,558958.0
2025-03-13,55.21819,55.21819,53.65542,53.72983,1060526.0
2025-03-14,53.581,53.953089999999996,52.539139999999996,52.7624,1006722.0
2025-03-17,52.7624,53.50658,52.39031,52.68798,675201.0
2025-03-18,52.46473,53.65542,52.46473,53.06007,479285.0
2025-03-19,52.83682,53.06007,51.794959999999996,52.16705,864162.0
2025-03-20,52.83682,53.35774,52.24147,53.20891,523061.0
2025-03-21,53.50658,53.953089999999996,52.91123,53.20891,508276.0
2025-03-24,53.20891,53.581,52.46473,53.581,328707.0
2025-03-25,53.87867,54.32518,53.20891,53.953089999999996,862346.0
2025-03-26,54.02751,54.697269999999996,53.65542,54.02751,813198.0
2025-03-27,53.581,54.697269999999996,53.581,54.3996,515707.0
2025-03-28,54.62285,54.62285,52.7624,52.7624,816124.0
2025-03-31,52.46473,53.13449,52.315889999999996,53.13449,701850.0
2025-04-01,53.50658,53.50658,52.91123,53.20891,452387.0
2025-04-02,53.581,53.72983,52.68798,52.83682,457412.0
2025-04-03,50.306599999999996,51.27404,49.19033,49.19033,1883617.0
2025-04-04,45.99036,48.96708,45.7671,48.96708,1821801.0
2025-04-08,46.13919,48.074059999999996,45.54385,45.54385,1463406.0
2025-04-09,42.49271,48.669410000000006,42.49271,45.39501,1871852.0
2025-04-10,48.52057,48.52057,48.52057,48.52057,147713.0
2025-04-11,49.11591000000001,50.38102,47.99964,50.23218,1917612.0
2025-04-14,50.60427,50.60427,49.488,50.15777,515686.0
2025-04-15,49.488,49.63684,47.70197,48.74382,1099374.0
2025-04-16,47.99964,49.11591000000001,47.99964,48.669410000000006,594409.0
2025-04-17,48.44615,48.74382,47.77639,48.2229,624088.0
2025-04-18,48.74382,49.26475,48.37173000000001,48.74382,397541.0
2025-04-21,48.89266000000001,51.571709999999996,47.62755,50.75311,1154972.0
2025-04-22,50.827529999999996,50.827529999999996,47.329879999999996,50.23218,1221802.0
2025-04-23,50.67869,51.050779999999996,49.86009,50.97637,634493.0
2025-04-24,50.97637,51.348459999999996,50.60427,50.90195,480333.0
2025-04-25,51.19962,52.01822,50.827529999999996,52.01822,1000975.0
2025-04-28,52.01822,52.01822,51.348459999999996,51.348459999999996,335447.0
2025-04-29,51.348459999999996,51.72055,50.97637,50.97637,337375.0
2025-05-05,51.571709999999996,52.61356,50.60427,52.46473,609866.0
2025-05-06,52.7624,52.7624,51.86938,51.86938,686304.0
2025-05-07,51.86938,52.91123,51.72055,51.72055,619143.0
2025-05-08,52.09264,52.315889999999996,51.794959999999996,51.86938,347599.0
2025-05-09,51.9438,52.01822,51.1252,51.1252,606394.0
2025-05-12,51.571709999999996,52.315889999999996,50.97637,51.348459999999996,721041.0
2025-05-13,51.72055,51.72055,51.050779999999996,51.1252,645980.0
2025-05-14,51.348459999999996,53.65542,51.19962,53.20891,1763530.0
2025-05-15,52.98565,53.283319999999996,52.68798,52.83682,652866.0
2025-05-16,52.83682,53.65542,52.61356,52.83682,880646.0
2025-05-19,52.61356,53.581,52.39031,52.539139999999996,615894.0
2025-05-20,52.539139999999996,54.32518,52.539139999999996,53.953089999999996,1163253.0
2025-05-21,53.953089999999996,54.54843,53.06007,53.43216,591561.0
2025-05-22,53.35774,54.25076,51.9438,52.539139999999996,793714.0
2025-05-23,52.24147,52.83682,52.09264,52.39031,508451.0
2025-05-26,52.98565,53.50658,51.348459999999996,53.50658,688503.0
2025-05-27,53.87867,55.06936,53.50658,54.176339999999996,1447144.0
2025-05-28,54.47401,54.62285,53.50658,53.87867,669257.0
2025-05-29,53.87867,54.02751,52.83682,53.13449,561286.0
2025-05-30,53.35774,53.581,52.61356,53.35774,579818.0
2025-06-02,53.35774,54.99494,52.61356,54.32518,1119335.0
2025-06-03,55.06936,55.06936,54.25076,54.25076,758545.0
2025-06-04,53.953089999999996,54.99494,53.581,53.80425,711319.0
2025-06-05,54.10192,57.525150000000004,53.65542,57.525150000000004,2143036.0
2025-06-06,57.525150000000004,58.86468,57.525150000000004,58.04608,1394930.0
2025-06-09,57.525150000000004,57.82283,56.55772,57.3019,1003154.0
2025-06-10,57.22748,58.34375,56.55772,56.929809999999996,1512549.0
2025-06-11,58.02143,58.02143,56.13873,57.7647,652393.0
2025-06-12,58.02143,58.44932,57.251239999999996,57.7647,621103.0
2025-06-13,57.08008,57.93586,56.48104,57.33682,677205.0
2025-06-16,57.251239999999996,59.90414,56.6522,59.219519999999996,1153975.0
2025-06-17,59.30509,59.30509,58.278169999999996,58.96278,543937.0
2025-06-18,58.79163,60.50318,58.5349,59.04836,821935.0
2025-06-19,58.706050000000005,59.647400000000005,58.5349,59.04836,469395.0
2025-06-20,59.39067,59.39067,58.5349,58.5349,410079.0
2025-06-23,58.5349,59.04836,57.50797,57.59355,799980.0
2025-06-24,57.85028,58.02143,56.73777,56.73777,1405131.0
2025-06-25,56.90893,57.42239,56.90893,57.33682,854218.0
2025-06-26,57.59355,58.192589999999996,57.16566,57.7647,590614.0
2025-06-27,57.85028,58.10701,57.33682,57.59355,590258.0
2025-06-30,57.679120000000005,58.96278,57.59355,58.278169999999996,1027351.0
2025-07-01,58.278169999999996,58.62048,57.42239,57.7647,888280.0
2025-07-02,58.10701,58.10701,56.6522,56.73777,1843030.0
2025-07-03,56.90893,57.33682,56.39546,57.251239999999996,1609422.0
2025-07-04,57.16566,57.7647,56.90893,56.994510000000005,624071.0
2025-07-07,56.994510000000005,57.16566,56.73777,56.90893,866178.0
2025-07-08,57.16566,57.93586,57.08008,57.7647,1061397.0
2025-07-09,58.192589999999996,58.278169999999996,57.33682,57.7647,992068.0
2025-07-10,58.192589999999996,58.192589999999996,57.59355,57.7647,699549.0
2025-07-11,57.85028,58.192589999999996,57.08008,57.251239999999996,944664.0
2025-07-14,57.33682,58.62048,57.16566,58.62048,1500756.0
2025-07-15,58.706050000000005,59.39067,58.278169999999996,58.706050000000005,1020223.0
2025-07-16,58.87721,59.732980000000005,58.706050000000005,58.87721,881403.0
2025-07-17,59.04836,59.30509,58.02143,58.192589999999996,1478444.0
2025-07-18,58.36374,58.87721,58.02143,58.62048,998479.0
2025-07-21,58.79163,60.931059999999995,58.706050000000005,58.706050000000005,1813054.0
2025-07-22,58.706050000000005,59.219519999999996,58.278169999999996,58.87721,867064.0
2025-07-23,59.04836,59.90414,58.62048,59.30509,1036284.0
2025-07-24,59.81856,60.16087,59.30509,59.39067,1112584.0
2025-07-25,59.81856,59.90414,58.96278,59.647400000000005,1126053.0
2025-07-28,59.90414,59.90414,59.04836,59.47625,1096691.0
2025-07-29,59.647400000000005,59.732980000000005,56.90893,57.16566,1768122.0
2025-07-30,58.02143,58.02143,57.08008,57.59355,1056344.0
2025-07-31,57.7647,57.7647,56.30989,57.16566,1043435.0
2025-08-01,56.90893,57.16566,55.45411,56.053160000000005,1782395.0
2025-08-04,55.882,57.16566,55.882,57.16566,566996.0
2025-08-05,57.08008,57.93586,56.13873,56.90893,1188318.0
2025-08-06,56.90893,57.42239,56.6522,57.251239999999996,1085658.0
2025-08-07,57.33682,57.50797,56.6522,57.251239999999996,861496.0
2025-08-08,57.251239999999996,58.278169999999996,56.73777,58.192589999999996,1971577.0
2025-08-11,58.5349,58.87721,58.10701,58.10701,942340.0
2025-08-12,58.192589999999996,58.706050000000005,57.7647,58.706050000000005,1501613.0
2025-08-13,58.96278,59.30509,57.93586,58.62048,1315863.0
2025-08-14,58.87721,58.96278,57.7647,58.5349,1141687.0
2025-08-15,58.5349,58.5349,56.90893,56.994510000000005,1330073.0
2025-08-18,57.08008,57.251239999999996,56.48104,56.48104,1025864.0
2025-08-19,56.48104,56.6522,55.62526999999999,56.053160000000005,1347093.0
2025-08-20,55.62526999999999,56.90893,55.282959999999996,56.053160000000005,1146559.0
2025-08-21,56.48104,56.994510000000005,56.053160000000005,56.56662,920741.0
2025-08-22,55.967580000000005,56.48104,54.7695,55.197379999999995,1068674.0
2025-08-25,56.30989,56.30989,54.68392,54.7695,575312.0
2025-08-26,54.7695,55.967580000000005,54.7695,55.967580000000005,399545.0
2025-08-27,56.30989,56.994510000000005,55.62526999999999,56.48104,1054543.0
2025-08-28,56.48104,56.56662,55.967580000000005,56.13873,553714.0
2025-08-29,55.967580000000005,56.30989,55.62526999999999,55.79642,1033376.0
2025-09-03,55.79642,56.053160000000005,55.45411,55.53969,690155.0
2025-09-04,55.79642,56.30989,55.62526999999999,55.967580000000005,741831.0
2025-09-05,56.48104,58.62048,56.39546,57.50797,3119950.0
2025-09-08,57.50797,58.36374,56.994510000000005,57.16566,1395097.0
2025-09-09,57.33682,57.33682,56.224309999999996,56.56662,632139.0
2025-09-10,56.48104,57.251239999999996,56.39546,57.251239999999996,578411.0
2025-09-11,57.33682,57.33682,55.71085,56.82335,827372.0
2025-09-12,56.90893,57.33682,56.48104,57.16566,707947.0
2025-09-15,57.59355,58.192589999999996,57.33682,58.192589999999996,1226444.0
2025-09-16,58.44932,58.5349,57.42239,57.59355,810779.0
2025-09-17,57.33682,58.36374,57.251239999999996,57.679120000000005,645109.0
2025-09-18,57.33682,57.679120000000005,56.82335,57.08008,740207.0
2025-09-19,57.08008,58.02143,56.82335,57.33682,587390.0
2025-09-22,57.33682,59.04836,56.053160000000005,57.679120000000005,910525.0
2025-09-23,57.93586,57.93586,57.16566,57.50797,285846.0
2025-09-24,57.50797,57.85028,56.39546,57.08008,1117535.0
2025-09-25,57.16566,58.02143,56.994510000000005,57.85028,1339112.0
2025-09-26,57.59355,58.192589999999996,56.56662,56.73777,568878.0
2025-09-29,56.56662,56.90893,55.62526999999999,55.62526999999999,823435.0
2025-09-30,55.79642,56.053160000000005,54.85507,56.053160000000005,646848.0
2025-10-01,56.48104,56.6522,56.053160000000005,56.30989,231134.0
2025-10-02,56.224309999999996,56.6522,55.71085,55.79642,295333.0
2025-10-03,55.79642,55.967580000000005,55.197379999999995,55.197379999999995,279409.0
2025-10-06,55.1118,55.79642,55.1118,55.62526999999999,276740.0
2025-10-07,55.79642,55.79642,55.282959999999996,55.53969,329941.0
2025-10-08,55.71085,55.882,55.197379999999995,55.62526999999999,269085.0
2025-10-09,56.053160000000005,56.053160000000005,55.197379999999995,55.282959999999996,388723.0
2025-10-10,55.79642,56.053160000000005,55.282959999999996,55.79642,256208.0
2025-10-13,55.62526999999999,55.62526999999999,55.282959999999996,55.45411,347761.0
2025-10-14,56.30989,56.30989,55.45411,56.053160000000005,596199.0
2025-10-15,56.053160000000005,56.13873,55.282959999999996,55.36854,512625.0
2025-10-16,55.36854,55.62526999999999,54.256029999999996,54.59833999999999,928755.0
2025-10-17,54.59833999999999,54.94065,53.82814,53.82814,708715.0
2025-10-20,53.485839999999996,54.08488,51.26082,51.3464,1279648.0
2025-10-21,52.1166,52.972370000000005,51.517559999999996,52.63006,902535.0
2025-10-22,52.71564,53.229099999999995,52.03102,52.88679,276321.0
2025-10-23,53.05795,53.31468,52.80122,53.14353,198451.0
2025-10-24,53.05795,53.31468,52.37333,53.14353,260421.0
2025-10-27,54.34161,54.34161,53.31468,53.57141,199093.0
2025-10-28,53.999300000000005,54.34161,53.31468,54.34161,274037.0
2025-10-29,54.34161,55.36854,53.91372,55.197379999999995,436927.0
2025-10-30,54.85507,55.71085,54.85507,55.71085,267203.0
2025-10-31,56.39546,56.48104,55.62526999999999,56.48104,686518.0
2025-11-03,56.053160000000005,56.82335,55.62526999999999,55.62526999999999,283075.0
2025-11-04,55.1118,55.62526999999999,54.34161,55.62526999999999,454868.0
2025-11-05,55.882,55.882,55.282959999999996,55.79642,144720.0
2025-11-06,55.967580000000005,55.967580000000005,55.282959999999996,55.71085,142539.0
2025-11-07,55.967580000000005,55.967580000000005,54.94065,55.282959999999996,282824.0
2025-11-10,54.85507,55.45411,54.34161,54.34161,164010.0
2025-11-11,54.42719,55.026230000000005,54.34161,54.68392,105661.0
2025-11-12,55.1118,55.197379999999995,54.51276,55.197379999999995,120671.0
2025-11-13,55.62526999999999,56.82335,55.282959999999996,56.30989,460620.0
2025-11-14,56.30989,56.82335,56.224309999999996,56.82335,354176.0
2025-11-17,57.16566,57.16566,56.39546,56.73777,212584.0
2025-11-18,56.48104,57.7647,56.30989,57.679120000000005,695832.0
2025-11-19,57.679120000000005,58.79163,57.59355,58.192589999999996,1119802.0
2025-11-20,58.192589999999996,58.278169999999996,57.7647,57.7647,440239.0
2025-11-21,58.192589999999996,58.192589999999996,57.16566,57.33682,372418.0
2025-11-24,57.33682,57.33682,56.48104,56.73777,287347.0
2025-11-25,57.7647,57.7647,55.62526999999999,55.62526999999999,781602.0
2025-11-26,56.224309999999996,56.224309999999996,55.197379999999995,55.62526999999999,451743.0
2025-11-27,55.71085,56.56662,55.62526999999999,56.48104,380593.0
2025-11-28,56.39546,56.48104,55.71085,55.79642,133957.0
2025-12-01,55.882,56.053160000000005,55.282959999999996,55.282959999999996,185880.0
2025-12-02,55.282959999999996,55.45411,53.91372,53.999300000000005,476792.0
2025-12-03,54.42719,54.94065,54.170449999999995,54.94065,286794.0
2025-12-04,55.53969,55.53969,54.51276,54.68392,377930.0
2025-12-05,54.7695,54.94065,54.51276,54.94065,296400.0
2025-12-08,54.170449999999995,55.1118,54.170449999999995,54.256029999999996,267665.0
2025-12-09,54.7695,54.7695,53.57141,53.65699,339965.0
2025-12-10,54.59833999999999,54.59833999999999,53.485839999999996,54.170449999999995,225881.0
2025-12-11,54.170449999999995,54.256029999999996,53.65699,53.65699,100121.0
2025-12-12,53.91372,53.999300000000005,53.31468,53.31468,169965.0
2025-12-15,53.14353,53.485839999999996,53.14353,53.31468,539070.0
2025-12-16,53.14353,53.74257,51.77429,53.57141,361501.0
2025-12-17,53.57141,53.82814,52.972370000000005,52.972370000000005,314633.0
2025-12-18,52.972370000000005,53.05795,52.63006,52.63006,332210.0
2025-12-19,53.57141,53.57141,52.71564,52.972370000000005,343327.0
2025-12-22,53.40026,53.40026,52.63006,52.972370000000005,303996.0
2025-12-23,53.05795,53.229099999999995,52.54448,52.54448,277238.0
2025-12-24,52.71564,52.972370000000005,52.1166,52.202169999999995,264209.0
2025-12-25,52.202169999999995,53.05795,52.1166,52.54448,257251.0
2025-12-26,52.54448,52.71564,52.202169999999995,52.45891,302689.0
2025-12-29,52.45891,52.63006,52.1166,52.45891,218388.0
2025-12-30,52.45891,52.63006,52.202169999999995,52.37333,232459.0
2025-12-31,52.45891,52.71564,52.202169999999995,52.202169999999995,354887.0
2026-01-05,52.45891,53.05795,52.03102,52.03102,745603.0
2026-01-06,52.202169999999995,52.972370000000005,52.03102,52.37333,380157.0
2026-01-07,52.37333,53.40026,52.37333,53.05795,639578.0
2026-01-08,53.05795,53.40026,52.63006,52.80122,616451.0
2026-01-09,53.05795,53.485839999999996,52.202169999999995,52.202169999999995,783443.0
2026-01-12,52.45891,52.80122,52.202169999999995,52.63006,967738.0
2026-01-13,53.74257,54.256029999999996,53.05795,53.14353,1178384.0
2026-01-14,53.14353,54.170449999999995,53.14353,53.31468,1109043.0
2026-01-15,53.82814,53.82814,53.14353,53.31468,586189.0
2026-01-16,53.31468,56.053160000000005,53.31468,54.51276,1135178.0
2026-01-19,54.7695,55.71085,53.91372,54.170449999999995,755758.0
2026-01-20,54.256029999999996,54.59833999999999,53.65699,53.74257,764294.0
2026-01-21,53.65699,53.74257,53.05795,53.14353,611720.0
2026-01-22,53.999300000000005,54.68392,53.65699,54.08488,826134.0
2026-01-23,54.42719,54.68392,53.74257,53.74257,416118.0
2026-01-26,53.999300000000005,54.08488,52.80122,52.88679,716447.0
2026-01-27,52.88679,53.40026,52.88679,53.40026,319589.0
2026-01-28,53.74257,53.74257,52.80122,52.88679,535149.0
2026-01-29,53.14353,53.91372,52.88679,53.05795,706221.0
2026-01-30,53.40026,53.485839999999996,52.88679,53.14353,741542.0
2026-02-02,53.229099999999995,53.229099999999995,52.202169999999995,52.37333,1191503.0
2026-02-03,52.80122,53.74257,52.63006,53.65699,759555.0
2026-02-04,53.82814,53.91372,53.05795,53.57141,514594.0
2026-02-05,53.82814,53.82814,53.14353,53.14353,417273.0
2026-02-06,53.40026,53.40026,52.45891,52.45891,647224.0
2026-02-09,53.05795,53.14353,52.45891,52.54448,312227.0
2026-02-10,52.54448,52.63006,51.77429,51.77429,746776.0
2026-02-11,51.77429,52.88679,51.77429,52.88679,243083.0
2026-02-12,52.88679,53.05795,52.63006,53.05795,236686.0
2026-02-13,53.05795,53.05795,52.71564,52.71564,174779.0
2026-02-23,53.05795,53.31468,52.88679,53.05795,364621.0
2026-02-24,53.05795,53.40026,52.972370000000005,53.31468,569649.0
2026-02-25,53.40026,53.91372,53.31468,53.91372,859504.0
2026-02-26,54.43696,54.43696,53.65432,54.08912,346022.0
2026-02-27,54.17608,54.17608,53.4804,53.741279999999996,269188.0
2026-03-02,53.65432,56.87184,52.610800000000005,55.915279999999996,2056674.0
2026-03-03,56.524,56.784879999999994,55.567440000000005,56.0892,1075979.0
2026-03-04,56.0892,57.91536,54.784800000000004,56.0892,2129278.0
2026-03-05,56.35008,56.87184,55.2196,55.2196,719328.0
2026-03-06,55.567440000000005,55.567440000000005,53.0456,53.9152,969748.0
2026-03-09,52.176,52.26296,50.17592,50.17592,2304152.0
2026-03-10,51.306400000000004,52.176,50.95856,51.828160000000004,1095727.0
2026-03-11,52.00208,52.87168,51.7412,52.52384,794684.0
2026-03-12,52.26296,54.784800000000004,51.306400000000004,54.35,1521650.0
2026-03-13,54.610879999999995,56.17616,54.43696,55.48048,1163231.0
2026-03-16,56.35008,56.35008,53.9152,55.13264,1021816.0
2026-03-17,55.13264,55.2196,54.35,54.784800000000004,625909.0
2026-03-18,54.52392,55.82832,53.9152,55.6544,784027.0
2026-03-19,54.87176,57.8284,54.52392,56.87184,2127354.0
2026-03-20,56.87184,60.78504,56.61096,58.61104,3782188.0
2026-03-23,58.698,60.61112,55.6544,56.524,1876532.0
2026-03-24,58.08928,58.698,56.784879999999994,57.65448000000001,1046112.0
2026-03-25,58.00232,61.65464,57.65448000000001,61.65464,3863595.0
2026-03-26,63.046,63.046,61.65464,62.350319999999996,2077508.0
2026-03-27,61.7416,63.046,61.13288,62.350319999999996,1683460.0
2026-03-30,62.350319999999996,64.52432,60.872,60.872,3183625.0
2026-03-31,60.872,61.7416,59.48064,59.5676,2467571.0
2026-04-01,60.872,61.3068,58.61104,58.61104,1828904.0
2026-04-02,58.61104,59.39368,57.3936,57.65448000000001,1855167.0
2026-04-03,58.2632,58.61104,56.00224,56.00224,2351861.0
2026-04-06,56.958800000000004,57.04576,55.74136,56.00224,1121686.0
2026-04-07,57.13272,57.3936,56.00224,56.697919999999996,890979.0
2026-04-08,57.567519999999995,58.2632,57.13272,58.00232,1460662.0
2026-04-09,58.524080000000005,58.524080000000005,56.87184,56.958800000000004,1010895.0
2026-04-10,56.87184,57.567519999999995,56.61096,57.21968,864865.0
2026-04-13,57.567519999999995,58.43712,57.48056,57.8284,828805.0
2026-04-14,57.8284,58.2632,57.30664,57.30664,874682.0
2026-04-15,58.08928,58.08928,56.0892,56.43704,1039765.0
2026-04-16,56.43704,56.87184,55.6544,56.0892,725150.0
2026-04-17,56.35008,56.35008,55.6544,56.00224,570629.0
2026-04-20,55.82832,56.958800000000004,55.6544,56.784879999999994,1357955.0
2026-04-21,57.3936,57.3936,56.0892,56.35008,1085452.0
2026-04-22,56.697919999999996,56.697919999999996,55.915279999999996,56.35008,777021.0
2026-04-23,56.524,56.524,53.9152,54.08912,1873165.0
2026-04-24,54.52392,54.610879999999995,53.82824,54.17608,528791.0
2026-04-28,54.69784,54.69784,52.176,52.176,1841527.0
2026-04-29,52.176,53.393440000000005,52.176,52.436879999999995,935344.0
2026-05-04,52.69776,53.56736,52.69776,53.219519999999996,539839.0
2026-05-05,53.219519999999996,53.56736,52.69776,52.87168,451771.0
2026-05-06,52.87168,53.56736,52.87168,53.4804,398194.0
2026-05-07,53.4804,54.35,53.30648,53.393440000000005,990592.0
2026-05-08,53.9152,53.9152,52.87168,53.0456,833966.0
2026-05-11,53.82824,53.82824,52.95864,53.13256,519630.0
2026-05-12,53.4804,53.82824,52.95864,53.219519999999996,596698.0
2026-05-13,53.393440000000005,53.393440000000005,52.610800000000005,52.95864,846645.0
2026-05-14,52.610800000000005,53.13256,52.52384,52.610800000000005,893872.0
2026-05-15,52.78472,52.87168,52.26296,52.436879999999995,707411.0
2026-05-18,53.0,53.3,52.4,52.8,642777.0
2026-05-19,53.1,53.9,52.9,53.7,697882.0
2026-05-20,53.9,54.8,52.8,53.5,969341.0
2026-05-21,54.0,54.0,52.9,53.3,462536.0
2026-05-22,52.6,53.2,52.2,52.6,632358.0
2026-05-25,52.7,53.3,52.3,52.4,388537.0
2026-05-26,52.5,53.0,52.4,52.8,307609.0
2026-05-27,53.2,53.3,52.8,53.3,401659.0
2026-05-28,53.5,53.7,53.0,53.0,399297.0
2026-05-29,53.1,53.1,52.3,52.7,395600.0
2026-06-01,52.7,53.1,51.2,51.2,1109400.0
2026-06-02,51.0,51.4,50.4,50.5,1086900.0
2026-06-03,50.5,51.3,50.5,51.2,290200.0
2026-06-04,51.3,51.4,50.8,51.2,200600.0
2026-06-05,51.2,51.3,50.8,50.9,177800.0
2026-06-08,50.9,50.9,50.2,50.2,515200.0
2026-06-09,50.3,50.7,50.0,50.2,330700.0
2026-06-10,50.0,50.5,50.0,50.3,465100.0
2026-06-11,50.3,51.0,50.3,50.6,250000.0
2026-06-12,50.7,50.9,50.2,50.4,300100.0
2026-06-15,50.6,51.0,50.4,51.0,440100.0
2026-06-16,51.1,51.1,50.6,50.9,335500.0
2026-06-17,50.8,51.0,50.6,50.9,305800.0
2026-06-18,50.7,50.9,50.5,50.5,266600.0
2026-06-19,50.7,50.7,50.4,50.4,225400.0
2026-06-22,50.8,51.2,50.3,51.2,312400.0
2026-06-23,51.2,51.2,50.3,50.6,292700.0
2026-06-24,50.4,50.8,50.1,50.3,230400.0
2026-06-25,50.4,50.4,49.85,49.85,423800.0
2026-06-26,49.85,49.9,49.2,49.2,443300.0
2026-06-29,49.1,49.85,49.1,49.75,292600.0
2026-06-30,49.75,50.4,49.5,49.65,319600.0
2026-07-01,50.4,50.4,49.7,49.9,228200.0
2026-07-02,49.9,50.1,49.65,49.65,281400.0
2026-07-03,49.5,49.7,48.8,48.8,729600.0
2026-07-06,48.8,48.9,46.8,47.25,1118200.0
2026-07-07,47.25,47.75,46.8,47.45,572300.0
2026-07-08,47.75,47.75,47.0,47.2,482300.0
2026-07-09,47.2,47.5,47.2,47.2,377200.0
2026-07-10,47.25,47.6,47.0,47.0,314100.0
2026-07-13,47.1,47.1,46.1,46.15,643300.0
2026-07-14,46.2,46.5,46.05,46.15,377800.0
2026-07-15,46.5,46.55,46.15,46.2,197200.0
2026-07-16,46.2,46.3,45.3,45.85,492900.0
2026-07-17,46.0,47.3,46.0,46.25,477300.0
2026-07-20,46.55,46.55,45.4,45.45,550500.0
2026-07-21,45.4,46.3,45.15,45.6,398700.0
2026-07-22,46.0,46.1,43.85,43.85,1104500.0
2026-07-23,43.9,45.0,42.5,44.5,795600.0
2026-07-24,44.0,44.75,44.0,44.4,304800.0
2026-07-27,45.5,45.5,43.85,44.4,569800.0
2026-07-28,44.35,44.95,43.8,44.5,476200.0
2026-07-29,44.9,44.9,44.35,44.5,340700.0
2026-07-30,44.7,45.4,44.35,45.3,601200.0
2026-07-31,45.7,46.5,45.3,46.5,1294700.0
2026-08-03,46.5,48.4,46.5,48.4,985700.0
2026-08-04,48.0,48.35,47.9,48.35,329900.0
2026-08-05,48.35,48.7,47.4,47.45,505300.0
2026-08-06,47.85,47.85,46.9,47.5,278600.0
2026-08-07,47.3,48.1,47.1,47.1,270100.0
2026-08-10,47.45,48.0,47.45,47.6,262300.0
2026-08-11,47.7,47.9,47.2,47.25,249100.0
2026-08-12,47.25,47.4,47.0,47.15,310400.0
2026-08-13,47.4,47.7,46.6,46.6,352900.0
2026-08-14,46.6,46.65,45.8,45.9,322800.0
2026-08-17,45.95,45.95,45.35,45.55,240400.0
2026-08-18,45.75,46.0,45.35,45.35,212100.0
2026-08-19,45.3,45.75,45.25,45.75,244000.0
2026-08-20,45.75,46.2,45.5,45.6,165300.0
2026-08-21,45.7,46.5,45.5,46.1,384700.0
2026-08-24,46.7,46.7,46.05,46.15,396800.0
2026-08-25,46.35,46.6,45.2,45.2,461400.0
2026-08-26,45.25,46.15,45.25,45.95,310000.0
2026-08-27,46.1,46.35,45.75,45.8,214300.0
2026-08-28,46.05,46.05,45.5,45.55,322700.0
2026-09-03,45.65,45.75,45.2,45.25,355200.0
2026-09-04,45.3,45.65,45.25,45.55,182700.0
2026-09-07,45.8,45.9,45.55,45.75,206900.0
2026-09-08,45.8,45.8,45.55,45.65,135900.0
2026-09-09,45.65,45.8,45.3,45.4,201500.0
2026-09-10,45.85,45.85,45.4,45.5,152600.0
2026-09-11,45.5,45.55,44.9,44.95,397100.0
2026-09-14,44.95,45.25,44.85,45.0,437200.0
2026-09-15,45.25,45.5,45.0,45.3,280900.0
2026-09-16,45.0,45.4,44.95,45.3,332200.0
2026-09-17,45.3,45.45,45.0,45.3,240800.0
2026-09-18,45.7,47.3,45.6,47.05,1001000.0
2026-09-21,47.35,47.35,46.4,46.7,307200.0
2026-09-22,46.7,47.65,46.65,47.05,534800.0
2026-09-23,47.1,47.65,47.05,47.3,443800.0
2026-09-24,47.3,47.3,46.5,46.7,299400.0
2026-09-25,46.9,46.9,46.1,46.1,283300.0
2026-09-28,46.05,46.1,45.4,45.6,393800.0
2026-09-29,45.6,48.1,45.6,47.15,782300.0
2026-09-30,47.1,48.45,47.1,47.9,947600.0
2026-10-01,48.45,48.5,47.3,47.9,364600.0
2026-10-02,47.9,48.05,47.4,47.4,375500.0
