,open,high,low,close,volume
2020-04-29,18.819689999999998,18.93444,17.90165,18.13116,15100.0
2020-05-04,16.777060000000002,18.29182,16.777060000000002,17.21313,57480.0
2020-05-05,17.09837,17.672150000000002,17.00657,17.672150000000002,34710.0
2020-05-06,17.44264,18.36067,17.44264,18.36067,18000.0
2020-05-07,18.01641,18.38362,17.924599999999998,18.26887,20422.0
2020-05-08,15.60657,18.36067,15.60657,18.245919999999998,24870.0
2020-05-11,17.25903,18.085259999999998,17.25903,17.672150000000002,7320.0
2020-05-12,17.58034,18.085259999999998,17.557389999999998,17.786900000000003,16728.0
2020-05-13,17.809849999999997,18.13116,17.672150000000002,17.924599999999998,15382.0
2020-05-14,17.672150000000002,17.947560000000003,17.672150000000002,17.786900000000003,14708.0
2020-05-15,17.90165,17.90165,17.44264,17.44264,20610.0
2020-05-18,17.48854,17.90165,17.48854,17.8328,14900.0
2020-05-19,17.90165,18.819689999999998,17.672150000000002,18.54428,52400.0
2020-05-20,18.47542,19.393459999999997,18.47542,18.95739,77410.0
2020-05-21,18.819689999999998,19.0492,18.819689999999998,19.00329,52328.0
2020-05-22,18.59018,19.0492,18.59018,18.93444,45420.0
2020-05-25,19.00329,21.00002,19.00329,21.00002,155230.0
2020-05-26,21.00002,21.11477,20.196740000000002,20.541,42227.0
2020-05-27,20.65575,20.770509999999998,19.760669999999998,19.99018,54890.0
2020-05-28,20.081979999999998,20.38034,19.73772,20.311490000000003,42460.0
2020-05-29,20.38034,21.25248,20.38034,21.04592,57254.0
2020-06-01,21.11477,22.23936,21.11477,22.032799999999998,102917.0
2020-06-02,21.91805,22.23936,21.20657,21.8033,90998.0
2020-06-03,21.75739,22.79018,21.48198,22.69838,75744.0
2020-06-04,22.262310000000003,23.180349999999997,22.262310000000003,22.721330000000002,58781.0
2020-06-05,22.721330000000002,23.409860000000002,22.721330000000002,23.180349999999997,63310.0
2020-06-08,23.409860000000002,23.59346,22.21641,22.90494,76743.0
2020-06-09,23.180349999999997,23.295099999999998,22.285259999999997,22.95084,54680.0
2020-06-10,23.180349999999997,23.3869,22.032799999999998,22.836080000000003,35000.0
2020-06-11,22.85904,23.180349999999997,20.88526,20.88526,89282.0
2020-06-12,21.68854,21.68854,20.196740000000002,20.196740000000002,116800.0
2020-06-15,20.86231,21.183619999999998,19.96723,20.6328,45301.0
2020-06-16,20.196740000000002,21.11477,18.819689999999998,19.393459999999997,154170.0
2020-06-17,19.393459999999997,19.393459999999997,18.75084,18.75084,60931.0
2020-06-18,18.61313,19.2787,18.245919999999998,19.0492,67705.0
2020-06-19,19.0492,19.43936,18.47542,19.41641,51106.0
2020-06-22,19.57707,19.57707,19.2328,19.2787,21103.0
2020-06-23,19.2787,19.50821,19.141,19.141,29605.0
2020-06-24,19.0492,19.2787,18.95739,19.0492,27130.0
2020-06-25,18.819689999999998,19.50821,18.77379,19.34756,31808.0
2020-06-26,19.485259999999997,20.609849999999998,19.0492,19.73772,64289.0
2020-06-29,19.99018,19.99018,18.61313,19.02625,37610.0
2020-06-30,19.37051,19.37051,18.819689999999998,19.0492,12011.0
2020-07-01,18.819689999999998,19.73772,18.819689999999998,19.2787,10900.0
2020-07-02,19.69182,19.69182,19.1869,19.20985,5271.0
2020-07-03,19.2787,19.73772,19.16395,19.16395,41718.0
2020-07-06,18.796740000000003,19.92133,18.796740000000003,19.393459999999997,11200.0
2020-07-07,19.41641,19.622970000000002,19.393459999999997,19.393459999999997,22139.0
2020-07-08,19.53116,19.53116,19.2787,19.485259999999997,31470.0
2020-07-09,19.485259999999997,19.96723,19.393459999999997,19.73772,23950.0
2020-07-10,19.82952,19.96723,19.50821,19.73772,4661.0
2020-07-13,19.73772,19.94428,19.53116,19.71477,1250.0
2020-07-14,19.66887,19.73772,19.393459999999997,19.645919999999997,4160.0
2020-07-15,19.57707,19.57707,19.50821,19.53116,12967.0
2020-07-16,19.53116,19.66887,19.0492,19.60002,19110.0
2020-07-17,19.50821,19.50821,19.2328,19.41641,22600.0
2020-07-20,19.393459999999997,19.89838,19.393459999999997,19.645919999999997,44442.0
2020-07-21,19.60002,19.60002,19.2787,19.57707,18712.0
2020-07-22,19.43936,19.43936,19.2787,19.393459999999997,9200.0
2020-07-23,19.32482,19.580009999999998,19.232029999999998,19.30162,13700.0
2020-07-24,19.25523,19.48722,18.32726,18.79125,95065.0
2020-07-27,18.09527,18.32726,17.21371,17.236909999999998,57774.0
2020-07-28,17.770490000000002,18.21127,17.3993,18.18807,13020.0
2020-07-29,18.09527,18.09527,17.28331,17.492099999999997,18200.0
2020-07-30,17.3993,19.000040000000002,17.3993,18.55925,33851.0
2020-07-31,19.25523,19.9512,18.69845,19.208830000000003,54660.0
2020-08-03,18.79125,19.51042,18.79125,19.51042,15060.0
2020-08-04,19.71921,19.74241,19.37122,19.60321,32431.0
2020-08-05,19.60321,20.41518,19.48722,20.29918,64377.0
2020-08-06,19.9512,20.99516,19.9512,20.484779999999997,48728.0
2020-08-07,20.41518,20.832759999999997,20.18319,20.41518,15721.0
2020-08-10,20.41518,20.73997,19.974400000000003,20.50798,75013.0
2020-08-11,20.60077,21.36634,20.22959,20.99516,98787.0
2020-08-12,21.34314,21.459139999999998,20.87916,21.111150000000002,33445.0
2020-08-13,21.18075,21.31994,20.18319,20.41518,90710.0
2020-08-14,20.50798,20.57757,19.9512,20.322380000000003,63476.0
2020-08-17,20.27599,20.85596,20.18319,20.71677,38580.0
2020-08-18,20.64717,20.87916,20.62397,20.87916,38048.0
2020-08-19,20.87916,21.69113,20.80956,21.57513,150747.0
2020-08-20,21.57513,21.94632,21.31994,21.459139999999998,64360.0
2020-08-21,21.55193,21.59833,21.18075,21.412740000000003,42800.0
2020-08-24,21.27355,21.48234,21.06475,21.31994,85678.0
2020-08-25,21.22715,21.667930000000002,21.18075,21.296740000000003,55835.0
2020-08-26,21.34314,21.412740000000003,21.111150000000002,21.34314,52355.0
2020-08-27,21.412740000000003,22.24791,21.134349999999998,22.03912,50213.0
2020-08-28,21.923119999999997,22.06231,21.34314,21.34314,33290.0
2020-08-31,21.73753,21.73753,20.53118,21.08795,55039.0
2020-09-01,20.85596,21.111150000000002,20.53118,21.111150000000002,26537.0
2020-09-03,20.87916,21.06475,20.55437,20.76317,32558.0
2020-09-04,20.64717,20.832759999999997,20.438380000000002,20.832759999999997,53120.0
2020-09-07,20.71677,21.20395,20.41518,20.73997,29842.0
2020-09-08,20.64717,20.73997,20.438380000000002,20.71677,9905.0
2020-09-09,20.18319,20.76317,20.18319,20.76317,90721.0
2020-09-10,21.111150000000002,21.111150000000002,20.60077,20.64717,14638.0
2020-09-11,20.71677,20.80956,20.55437,20.69357,6710.0
2020-09-14,21.111150000000002,21.111150000000002,20.41518,20.41518,24731.0
2020-09-15,20.41518,20.53118,20.39198,20.484779999999997,29528.0
2020-09-16,20.62397,20.85596,20.41518,20.76317,38710.0
2020-09-17,21.06475,21.807119999999998,21.04156,21.20395,98022.0
2020-09-18,21.22715,21.22715,20.99516,21.22715,43975.0
2020-09-21,21.15755,21.18075,21.01836,21.15755,23512.0
2020-09-22,20.90236,21.15755,20.87916,21.15755,30190.0
2020-09-23,21.18075,21.296740000000003,21.01836,21.111150000000002,54151.0
2020-09-24,21.87585,22.67618,21.342290000000002,21.63575,63054.0
2020-09-25,21.71578,21.71578,21.342290000000002,21.52903,24705.0
2020-09-28,21.50236,21.60907,21.2089,21.31561,29938.0
2020-09-29,21.155540000000002,21.449,20.80873,21.048830000000002,27164.0
2020-09-30,21.075509999999998,21.2089,20.94212,21.2089,23803.0
2020-10-01,21.449,21.47568,21.075509999999998,21.28893,23987.0
2020-10-02,21.18222,21.52903,21.02215,21.52903,61265.0
2020-10-05,21.52903,21.662419999999997,21.342290000000002,21.449,18100.0
2020-10-06,21.60907,21.662419999999997,21.42232,21.58239,18200.0
2020-10-07,21.47568,22.6495,21.47568,22.24934,60400.0
2020-10-08,22.27601,22.27601,22.08927,22.27601,32800.0
2020-10-09,22.4094,22.4094,22.14263,22.30269,48000.0
2020-10-12,22.19598,22.329369999999997,21.742459999999998,22.03591,44400.0
2020-10-13,21.95588,22.27601,21.87585,22.27601,34500.0
2020-10-14,22.03591,22.569470000000003,22.03591,22.4094,62200.0
2020-10-15,22.516119999999997,22.67618,22.4094,22.62283,26400.0
2020-10-16,22.569470000000003,22.94296,22.43608,22.91628,61400.0
2020-10-19,22.91628,23.983400000000003,22.72954,22.96964,42100.0
2020-10-20,23.263099999999998,23.58323,22.99632,23.156380000000002,24900.0
2020-10-21,23.20974,23.343130000000002,22.86293,23.10303,83200.0
2020-10-22,23.02299,23.343130000000002,22.94296,23.343130000000002,74700.0
2020-10-23,23.47652,23.71662,23.10303,23.60991,72300.0
2020-10-26,23.60991,24.010080000000002,23.47652,23.93004,45500.0
2020-10-27,23.76997,24.03675,23.743299999999998,23.850009999999997,47000.0
2020-10-28,23.850009999999997,23.95672,22.78289,23.36981,44300.0
2020-10-29,23.63659,23.983400000000003,22.94296,23.47652,13700.0
2020-10-30,23.47652,23.93004,20.0084,23.90336,119900.0
2020-11-02,23.93004,25.31729,23.93004,24.890439999999998,107400.0
2020-11-03,25.343970000000002,25.87753,24.83709,25.50404,69400.0
2020-11-04,25.61075,26.67786,25.61075,26.67786,127400.0
2020-11-05,26.411080000000002,26.67786,26.411080000000002,26.597830000000002,119000.0
2020-11-06,26.67786,28.27853,26.67786,28.01175,79800.0
2020-11-09,28.01175,29.74582,28.01175,29.345650000000003,194100.0
2020-11-10,29.345650000000003,31.986759999999997,29.345650000000003,29.87921,188600.0
2020-11-11,29.61243,30.94632,29.452360000000002,30.386080000000003,103400.0
2020-11-12,30.30605,31.18642,29.61243,30.626189999999998,94900.0
2020-11-13,30.09263,31.96008,30.09263,31.74666,154800.0
2020-11-16,31.74666,33.614110000000004,31.74666,33.34733,107000.0
2020-11-17,33.614110000000004,36.28189,33.614110000000004,36.01511,175100.0
2020-11-18,36.01511,38.149339999999995,36.01511,37.08223,193900.0
2020-11-19,37.34901,38.12266,36.54867,37.88256,194100.0
2020-11-20,37.88256,40.28357,37.88256,40.28357,138200.0
2020-11-23,40.28357,42.151019999999995,39.21646,40.25689,240500.0
2020-11-24,40.25689,40.81713,38.94968,40.01679,198600.0
2020-11-25,39.563269999999996,42.6579,38.01595,38.94968,126800.0
2020-11-26,38.01595,38.01595,33.88088,34.52115,383700.0
2020-11-27,34.41444,35.74833,33.48072,35.13474,104000.0
2020-11-30,34.81461,35.988440000000004,34.81461,35.481559999999995,77000.0
2020-12-01,35.21564,36.694160000000004,35.21564,36.26404,195800.0
2020-12-02,36.0221,38.97914,36.0221,38.71032,192300.0
2020-12-03,38.71032,41.80177,38.71032,41.640480000000004,195000.0
2020-12-04,41.53295,43.414699999999996,41.53295,43.226519999999994,193600.0
2020-12-07,44.08675,44.35557,40.59207,41.613589999999995,192300.0
2020-12-08,41.398540000000004,42.205,41.129709999999996,41.66736,103400.0
2020-12-09,41.1566,42.070589999999996,37.661910000000006,38.97914,417900.0
2020-12-10,38.71032,40.29637,34.94682,36.55975,843400.0
2020-12-11,35.48446,36.29092,32.2586,35.48446,1487651.0
2020-12-14,36.0221,39.03291,33.95218,39.03291,10353047.0
2020-12-15,43.14588,43.44158,41.66736,43.44158,390958.0
2020-12-16,45.16204,45.9685,43.54911,45.69968,539849.0
2020-12-17,45.403980000000004,49.19436,44.221160000000005,48.119080000000004,299100.0
2020-12-18,47.98467,51.07612,47.85026,50.26965,136482.0
2020-12-21,51.07612,51.07612,48.3879,50.00083,164708.0
2020-12-22,50.00083,50.135239999999996,48.92554,50.135239999999996,136590.0
2020-12-23,49.86642,49.86642,43.01147,46.90938,653420.0
2020-12-24,46.23733,46.23733,39.24796,43.54911,637600.0
2020-12-25,43.54911,48.119080000000004,43.54911,47.85026,243111.0
2020-12-28,47.85026,48.119080000000004,45.99539,47.04379,109577.0
2020-12-29,46.23733,46.77497,45.24269,45.403980000000004,139446.0
2020-12-30,45.484629999999996,47.554550000000006,45.16204,47.01691,163048.0
2020-12-31,45.78033,47.01691,45.69968,47.01691,69433.0
2021-01-04,46.26421,46.77497,46.18356,46.371739999999996,82717.0
2021-01-05,46.371739999999996,48.3879,45.9685,47.85026,221107.0
2021-01-06,47.79649,48.06531,47.31261,47.71584,69870.0
2021-01-07,47.68896,50.00083,47.31261,49.73201,163486.0
2021-01-08,49.73201,53.76433,49.73201,52.42022,253857.0
2021-01-11,52.95787,53.49551,52.1514,52.95787,78142.0
2021-01-12,51.34494,53.76433,51.34494,53.656800000000004,106815.0
2021-01-13,53.09228,53.76433,52.68905,53.14604,62629.0
2021-01-14,52.68905,53.19981,52.01699,52.42022,36097.0
2021-01-15,52.3127,53.49551,51.3987,53.49551,173541.0
2021-01-18,52.68905,53.737449999999995,50.00083,52.42022,52580.0
2021-01-19,51.07612,52.68905,46.23733,49.73201,69322.0
2021-01-20,49.73201,51.04923,47.60832,51.04923,153350.0
2021-01-21,51.04923,56.26437,51.04923,56.26437,258897.0
2021-01-22,56.183730000000004,63.334379999999996,56.183730000000004,61.479510000000005,37689.0
2021-01-25,61.02252,61.02252,59.67841000000001,60.08164,12448.0
2021-01-26,59.947230000000005,60.753699999999995,55.10844,60.18917,70610.0
2021-01-27,59.140769999999996,63.44191,55.10844,56.45255,76112.0
2021-01-28,53.76433,58.334300000000006,49.086839999999995,49.086839999999995,105860.0
2021-01-29,44.40933999999999,57.74289,44.40933999999999,56.96331,87562.0
2021-02-01,57.25901,60.48487,53.76433,56.156839999999995,75175.0
2021-02-02,52.07076,57.769769999999994,52.07076,55.86114,38905.0
2021-02-03,56.45255,59.140769999999996,54.570800000000006,57.79666,55130.0
2021-02-04,58.603120000000004,59.65153,54.839620000000004,56.990190000000005,42910.0
2021-02-05,59.409589999999994,59.409589999999994,54.839620000000004,55.86114,57405.0
2021-02-08,55.914910000000006,56.42567,53.226690000000005,54.839620000000004,57050.0
2021-02-09,55.350379999999994,55.646080000000005,53.49551,55.05468,101751.0
2021-02-17,54.97403,54.97403,53.49551,54.839620000000004,65000.0
2021-02-18,59.221410000000006,59.221410000000006,54.38262,55.646080000000005,54270.0
2021-02-19,56.183730000000004,57.52784,55.646080000000005,56.56008,68268.0
2021-02-22,55.914910000000006,57.23213,55.88802,56.39878,51230.0
2021-02-23,56.0762,57.25901,55.88802,56.56008,93550.0
2021-02-24,56.45255,57.500949999999996,55.59232,56.183730000000004,36329.0
2021-02-25,56.183730000000004,56.31814,54.570800000000006,55.6192,36075.0
2021-02-26,55.37726,56.42567,54.32886,55.511669999999995,22907.0
2021-03-01,54.839620000000004,55.59232,53.76433,55.081559999999996,36400.0
2021-03-02,54.839620000000004,55.56544,54.463269999999994,54.8665,20829.0
2021-03-03,54.59768,55.10844,54.570800000000006,54.73209,25880.0
2021-03-04,54.73209,55.05468,53.76433,54.81274,43520.0
2021-03-05,54.43639,55.10844,53.76433,55.10844,35970.0
2021-03-08,54.839620000000004,57.52784,54.59768,56.183730000000004,96790.0
2021-03-09,55.457910000000005,56.45255,55.24285,55.6192,64170.0
2021-03-10,56.29126,56.29126,55.10844,55.88802,40000.0
2021-03-11,56.183730000000004,56.42567,55.296620000000004,55.807379999999995,41205.0
2021-03-12,55.914910000000006,55.914910000000006,54.463269999999994,55.10844,62197.0
2021-03-15,55.86114,56.156839999999995,54.30198,55.05468,61140.0
2021-03-16,54.570800000000006,55.59232,53.952510000000004,54.81274,65418.0
2021-03-17,54.839620000000004,55.081559999999996,53.737449999999995,54.30198,70130.0
2021-03-18,54.03315,54.03315,52.42022,53.226690000000005,116742.0
2021-03-19,52.95787,52.95787,51.74817,52.1514,82715.0
2021-03-22,51.882580000000004,52.17828,51.61376,52.043870000000005,25500.0
2021-03-23,51.61376,53.19981,50.9417,51.07612,90855.0
2021-03-24,51.07612,51.07612,48.3879,50.21589,42478.0
2021-03-25,51.07612,51.318059999999996,48.629839999999994,50.48471,52400.0
2021-03-26,50.72665,50.72665,48.119080000000004,49.73201,57100.0
2021-03-29,50.80729,53.19981,49.75889,51.29117,41248.0
2021-03-30,52.6084,52.6084,50.00083,51.55999,19925.0
2021-03-31,51.74817,51.96323,50.135239999999996,51.882580000000004,22528.0
2021-04-01,51.882580000000004,53.737449999999995,50.565349999999995,51.21053,22565.0
2021-04-02,50.80729,51.34494,49.73201,51.04923,39015.0
2021-04-05,50.43094,51.022349999999996,50.26965,50.538470000000004,19703.0
2021-04-06,50.29653,50.538470000000004,48.92554,50.00083,33111.0
2021-04-07,49.73201,49.86642,48.92554,49.4363,28029.0
2021-04-08,49.73201,50.78041,47.31261,48.361019999999996,120900.0
2021-04-09,47.85026,47.85026,46.53303,46.77497,107000.0
2021-04-12,47.04379,48.25349,46.50615,47.28573,41436.0
2021-04-13,48.0922,48.119080000000004,46.77497,47.554550000000006,40601.0
2021-04-14,46.90938,48.25349,46.90938,48.25349,39600.0
2021-04-15,48.52231,48.52231,47.04379,47.85026,41450.0
2021-04-16,47.31261,47.31261,45.9685,47.01691,30951.0
2021-04-19,46.23733,46.77497,45.69968,46.77497,31100.0
2021-04-20,46.50615,46.50615,45.69968,45.69968,26550.0
2021-04-22,45.69968,47.258849999999995,44.6244,44.6244,61420.0
2021-04-23,44.6244,45.29645,44.6244,45.16204,16769.0
2021-04-26,45.05451,45.05451,43.81793,44.6244,19100.0
2021-04-27,43.844809999999995,47.28573,43.81793,45.61904,24030.0
2021-04-28,44.89322,47.258849999999995,44.89322,47.258849999999995,41030.0
2021-04-29,46.53303,47.87714,46.53303,47.393260000000005,37210.0
2021-05-04,47.31261,47.31261,46.18356,47.31261,25000.0
2021-05-05,47.31261,47.76961,47.04379,47.60832,38550.0
2021-05-06,47.58143,47.823370000000004,46.50615,46.50615,36168.0
2021-05-07,47.554550000000006,47.554550000000006,45.99539,46.721199999999996,14600.0
2021-05-10,45.9685,45.9685,44.35557,44.89322,48360.0
2021-05-11,45.00075,45.9685,44.248050000000006,45.9685,31902.0
2021-05-12,45.56527,45.69968,45.16204,45.43086,22955.0
2021-05-13,45.188919999999996,45.56527,44.6244,44.6244,27538.0
2021-05-14,44.97386,45.29645,44.705040000000004,44.731919999999995,121900.0
2021-05-17,44.89322,45.29645,44.40933999999999,44.94698,37700.0
2021-05-18,44.35557,44.83945,44.03299,44.08675,186600.0
2021-05-19,44.08675,44.516870000000004,43.60287,43.95234,27943.0
2021-05-20,43.683519999999994,43.95234,41.1566,42.71576,54521.0
2021-05-21,43.01147,45.69968,41.66736,44.38246,59660.0
2021-05-24,42.500699999999995,45.3771,42.500699999999995,44.35557,19863.0
2021-05-25,45.43086,45.43086,43.95234,44.221160000000005,14700.0
2021-05-26,44.35557,44.35557,43.92546,44.140519999999995,15700.0
2021-05-27,44.1674,45.43086,43.89858,45.43086,37640.0
2021-05-28,45.403980000000004,46.23733,45.403980000000004,45.69968,9815.0
2021-05-31,46.77497,46.77497,45.43086,45.78033,36652.0
2021-06-01,45.69968,45.834089999999996,45.26957,45.834089999999996,52261.0
2021-06-02,45.43086,46.10291,45.29645,45.69968,13233.0
2021-06-03,45.29645,45.69968,45.16204,45.16204,25006.0
2021-06-04,45.43086,46.23733,45.29645,46.10291,56635.0
2021-06-07,45.72656,45.94162,45.403980000000004,45.64592,22900.0
2021-06-08,45.69968,46.64056,45.027629999999995,45.69968,39856.0
2021-06-09,45.69968,45.69968,45.05451,45.69968,5430.0
2021-06-10,45.29645,46.23733,45.188919999999996,45.9685,220300.0
2021-06-11,45.69968,46.50615,45.43086,46.47927,58574.0
2021-06-14,46.47927,46.61368,45.69968,46.23733,15023.0
2021-06-15,46.77497,49.19436,46.23733,48.41478,38447.0
2021-06-16,48.92554,49.73201,47.58143,47.85026,15410.0
2021-06-17,47.58143,49.463190000000004,47.58143,49.463190000000004,15910.0
2021-06-18,49.19436,49.19436,47.85026,48.3879,15743.0
2021-06-21,48.3879,48.89866000000001,47.9309,48.3879,17305.0
2021-06-22,48.119080000000004,48.119080000000004,47.58143,47.85026,21600.0
2021-06-23,47.60832,47.60832,46.64056,46.77497,35300.0
2021-06-24,46.77497,46.77497,46.47927,46.47927,26100.0
2021-06-25,46.50615,46.50615,45.9685,46.371739999999996,13978.0
2021-06-28,46.26421,46.50615,45.9685,46.50615,7800.0
2021-06-29,46.26421,46.26421,45.69968,45.834089999999996,38000.0
2021-06-30,45.9685,46.50615,45.9685,45.9685,9300.0
2021-07-01,45.9685,45.9685,45.860980000000005,45.860980000000005,6807.0
2021-07-02,45.860980000000005,45.9685,45.6728,45.69968,17147.0
2021-07-05,45.69968,45.69968,45.484629999999996,45.484629999999996,8801.0
2021-07-06,45.56527,45.9685,45.027629999999995,45.027629999999995,16426.0
2021-07-07,44.89322,45.69968,44.35557,45.43086,30850.0
2021-07-08,44.38246,45.69968,44.248050000000006,44.248050000000006,18245.0
2021-07-09,45.94162,45.94162,44.35557,44.35557,5000.0
2021-07-12,44.35557,45.027629999999995,43.95234,45.027629999999995,43505.0
2021-07-13,44.35557,45.6728,44.35557,45.6728,19704.0
2021-07-14,45.43086,45.43086,44.89322,45.16204,29417.0
2021-07-15,45.16204,45.16204,44.75881,44.97386,11600.0
2021-07-16,45.16204,45.9685,45.16204,45.9685,26110.0
2021-07-19,45.43086,45.6728,45.16204,45.43086,34504.0
2021-07-20,45.43086,45.6728,44.83945,45.135160000000006,16205.0
2021-07-21,45.45774,47.04379,45.43086,45.9685,30350.0
2021-07-22,45.9685,46.50615,45.9685,46.23733,19400.0
2021-07-23,46.77746,46.77746,45.72294,46.37187,19010.0
2021-07-26,46.23668,46.23668,41.91044,46.020360000000004,9900.0
2021-07-27,45.831089999999996,46.50707,45.45255,46.50707,24800.0
2021-07-28,46.64226,47.318239999999996,46.64226,47.318239999999996,57367.0
2021-07-29,47.318239999999996,48.12941,47.318239999999996,48.12941,34450.0
2021-07-30,48.64315,48.64315,47.6427,48.12941,27022.0
2021-08-02,48.399800000000006,48.670190000000005,47.318239999999996,47.318239999999996,39105.0
2021-08-03,47.18304,47.588629999999995,46.50707,46.91265,15200.0
2021-08-04,46.77746,47.53455,46.23668,46.23668,12530.0
2021-08-05,46.37187,46.37187,45.831089999999996,46.23668,10300.0
2021-08-06,45.72294,47.18304,45.155120000000004,45.6959,99521.0
2021-08-09,45.6959,45.96629,45.42551,45.96629,56806.0
2021-08-10,45.831089999999996,46.1826,45.6959,45.96629,26114.0
2021-08-11,45.96629,45.96629,44.61434,45.66886,31100.0
2021-08-12,45.5607,45.614779999999996,45.42551,45.506620000000005,14400.0
2021-08-13,45.42551,45.5607,44.34395,45.39847,52707.0
2021-08-16,45.39847,45.42551,44.884730000000005,45.42551,15213.0
2021-08-17,45.39847,45.66886,44.37099,45.236230000000006,65500.0
2021-08-18,45.155120000000004,45.155120000000004,44.61434,44.61434,38037.0
2021-08-19,44.695449999999994,45.29031,44.61434,45.29031,22900.0
2021-08-20,44.884730000000005,45.39847,44.695449999999994,44.83065,65500.0
2021-08-23,44.857690000000005,44.91177,44.34395,44.56026,13833.0
2021-08-24,43.532779999999995,44.07356,43.262389999999996,43.80317,17600.0
2021-08-25,43.28943,43.93836,42.72161,42.775690000000004,22400.0
2021-08-26,43.262389999999996,43.28943,42.992,42.992,10000.0
2021-08-27,43.262389999999996,43.262389999999996,42.72161,43.18127,4600.0
2021-08-30,43.12719,44.046519999999994,43.12719,43.532779999999995,39000.0
2021-08-31,43.397580000000005,44.28987,43.262389999999996,43.80317,9500.0
2021-09-01,43.667970000000004,44.61434,39.47693,43.262389999999996,12900.0
2021-09-06,43.262389999999996,45.128080000000004,43.262389999999996,44.34395,113862.0
2021-09-07,45.08572,46.32946,44.49494,44.99244,36730.0
2021-09-08,45.39665,45.707589999999996,44.77478,45.58321,2609.0
2021-09-09,45.39665,45.39665,44.05963,44.89915,25050.0
2021-09-10,44.152910000000006,44.77478,43.84197,44.74369,41845.0
2021-09-13,44.40166000000001,44.40166000000001,43.84197,43.997440000000005,108900.0
2021-09-14,43.6865,44.152910000000006,43.220099999999995,43.220099999999995,17861.0
2021-09-15,43.09573,43.09573,42.03854,42.28729,43100.0
2021-09-16,42.00745,43.531040000000004,41.97636,43.220099999999995,10100.0
2021-09-17,43.531040000000004,43.531040000000004,42.2562,42.28729,12530.0
2021-09-20,43.468849999999996,43.468849999999996,42.06964,42.06964,18700.0
2021-09-21,41.97636,43.12682,41.88308,41.97636,25700.0
2021-09-22,42.753699999999995,42.753699999999995,42.13182,42.56713,4020.0
2021-09-23,42.34948,42.53604,42.28729,42.28729,10200.0
2021-09-24,42.22511,42.28729,41.97636,42.13182,10700.0
2021-09-27,42.38057,42.38057,41.945260000000005,41.97636,7502.0
2021-09-28,41.82089,42.28729,41.82089,42.2562,4600.0
2021-09-29,42.06964,42.28729,42.06964,42.16292,4900.0
2021-09-30,42.28729,43.064629999999994,42.28729,42.44276,27122.0
2021-10-01,42.53604,42.53604,42.28729,42.28729,2618.0
2021-10-04,42.13182,42.59823,42.13182,42.34948,3210.0
2021-10-05,42.31839,42.56713,42.19401,42.31839,15031.0
2021-10-06,42.31839,42.44276,42.28729,42.44276,11000.0
2021-10-07,42.38057,42.56713,42.38057,42.56713,11500.0
2021-10-08,42.38057,42.56713,42.28729,42.56713,15920.0
2021-10-11,42.38057,42.53604,42.28729,42.44276,5300.0
2021-10-12,42.28729,42.38057,42.13182,42.13182,24800.0
2021-10-13,42.28729,42.28729,41.66542,41.97636,17500.0
2021-10-14,41.69651,42.06964,41.66542,41.97636,11300.0
2021-10-15,41.66542,41.82089,41.509949999999996,41.541050000000006,12200.0
2021-10-18,41.541050000000006,41.541050000000006,41.385580000000004,41.44777,8200.0
2021-10-19,41.509949999999996,41.509949999999996,40.73261,41.04355,20800.0
2021-10-20,40.88808,40.88808,40.63933,40.67043,19304.0
2021-10-21,40.42168,41.292300000000004,40.42168,40.98136,30658.0
2021-10-22,41.04355,44.46384,41.012449999999994,43.25119,49089.0
2021-10-25,42.90916,44.49494,42.90916,43.531040000000004,63296.0
2021-10-26,43.313379999999995,43.313379999999995,42.59823,42.90916,7859.0
2021-10-27,42.59823,43.40666,42.44276,43.220099999999995,28353.0
2021-10-28,42.59823,45.02353,42.59823,44.152910000000006,87691.0
2021-10-29,44.152910000000006,44.30838,43.997440000000005,44.246190000000006,19925.0
2021-11-01,44.46384,44.77478,43.002449999999996,43.74869,39444.0
2021-11-02,43.77979,44.30838,43.531040000000004,44.152910000000006,55595.0
2021-11-03,43.220099999999995,44.152910000000006,43.220099999999995,43.375569999999996,10935.0
2021-11-04,43.531040000000004,43.531040000000004,43.18901,43.531040000000004,58015.0
2021-11-05,43.375569999999996,48.87914,43.375569999999996,47.88414,191984.0
2021-11-08,47.759769999999996,50.06069,47.759769999999996,48.50601,78786.0
2021-11-09,48.81695,49.12788,48.195080000000004,48.195080000000004,26156.0
2021-11-10,47.88414,49.12788,47.88414,48.226169999999996,33102.0
2021-11-11,48.25726,49.12788,47.262269999999994,47.88414,32422.0
2021-11-12,48.97242,48.97242,47.63539,48.785849999999996,18368.0
2021-11-15,51.30444,51.30444,48.195080000000004,48.81695,53655.0
2021-11-16,48.38164,55.96848000000001,48.195080000000004,50.682559999999995,89796.0
2021-11-17,50.682559999999995,51.615370000000006,50.06069,50.931309999999996,47538.0
2021-11-18,48.35054,53.79192,48.35054,50.9935,30870.0
2021-11-19,50.371629999999996,50.40272,48.81695,50.0296,15430.0
2021-11-22,49.81194,49.81194,46.6404,48.16398,68724.0
2021-11-23,46.1118,49.59429,46.1118,48.94132,26773.0
2021-11-24,49.74976,49.74976,47.54211,49.0657,34828.0
2021-11-25,48.50601,48.50601,47.262269999999994,48.195080000000004,55300.0
2021-11-26,48.03961,48.03961,47.262269999999994,47.5732,15422.0
2021-11-29,46.173989999999996,47.35555,46.173989999999996,46.95133,6310.0
2021-11-30,48.195080000000004,49.40773,47.29336,48.41273,25596.0
2021-12-01,48.38164,48.38164,46.702580000000005,47.04461,17060.0
2021-12-02,47.1068,47.511019999999995,47.1068,47.262269999999994,7150.0
2021-12-03,47.5732,47.5732,46.702580000000005,46.702580000000005,15065.0
2021-12-06,47.88414,48.81695,45.08572,45.98743,26630.0
2021-12-07,46.204480000000004,47.80967,45.70088,47.21166,4120.0
2021-12-08,47.18018,47.18018,39.65779,45.95268,219261.0
2021-12-09,45.95268,46.991339999999994,40.91677,46.991339999999994,75639.0
2021-12-10,47.84115,49.41487,46.11005,47.21166,97691.0
2021-12-13,47.02281,47.84115,46.26742,46.26742,28535.0
2021-12-14,47.21166,47.21166,45.98415,45.98415,34777.0
2021-12-15,45.95268,46.141529999999996,45.323190000000004,45.323190000000004,25945.0
2021-12-16,45.98415,47.5264,45.98415,47.5264,37500.0
2021-12-17,47.21166,48.15589,47.21166,47.21166,41122.0
2021-12-20,46.896910000000005,47.21166,46.58217,46.645120000000006,15730.0
2021-12-21,46.015629999999994,46.73954,46.015629999999994,46.73954,24986.0
2021-12-22,46.11005,46.519220000000004,45.85826,45.85826,34846.0
2021-12-23,45.63794,46.141529999999996,45.38614,45.82678,24167.0
2021-12-24,45.82678,46.11005,44.6937,44.6937,61901.0
2021-12-27,46.0471,47.05428,45.323190000000004,45.63794,7060.0
2021-12-28,45.95268,46.015629999999994,45.38614,45.44909,21046.0
2021-12-29,45.323190000000004,45.79531,44.064209999999996,44.59928,83024.0
2021-12-30,45.008449999999996,45.008449999999996,44.03274,44.22159,18650.0
2021-12-31,44.6937,44.6937,43.43472,44.064209999999996,19101.0
2022-01-04,43.78094,47.21166,43.74947,46.26742,54846.0
2022-01-05,46.424800000000005,46.61364,45.95268,46.26742,5233.0
2022-01-06,46.424800000000005,46.487739999999995,45.41761,45.41761,5560.0
2022-01-07,45.76383,46.235949999999995,44.064209999999996,44.37896,33231.0
2022-01-10,44.88255,47.21166,44.88255,45.95268,72904.0
2022-01-11,45.95268,47.71525,45.95268,47.494930000000004,99460.0
2022-01-12,47.43198,47.84115,46.2989,47.14871,58107.0
2022-01-13,47.21166,47.5264,46.26742,46.33037,50933.0
2022-01-14,46.83396,46.83396,45.323190000000004,46.456269999999996,41913.0
2022-01-17,45.82678,46.26742,43.43472,45.323190000000004,43527.0
2022-01-18,42.49049,44.19011,42.49049,43.4662,23210.0
2022-01-19,43.43472,45.48056,43.119980000000005,44.064209999999996,17700.0
2022-01-20,44.97697,45.16582,44.064209999999996,45.16582,10488.0
2022-01-21,44.6937,45.63794,44.37896,44.85107,50242.0
2022-01-24,44.064209999999996,44.9455,43.43472,43.43472,40160.0
2022-01-25,44.095690000000005,44.6937,43.65505,44.6937,49991.0
2022-01-26,45.95268,45.95268,43.4662,44.37896,22565.0
2022-01-27,43.812419999999996,44.50486,43.74947,44.064209999999996,16020.0
2022-01-28,45.22877,45.22877,43.62357,44.37896,3500.0
2022-02-07,44.37896,44.37896,43.43472,43.906839999999995,44300.0
2022-02-08,43.812419999999996,43.812419999999996,43.65505,43.65505,16410.0
2022-02-09,43.56062,44.00126,43.56062,43.5921,15475.0
2022-02-10,43.812419999999996,44.064209999999996,43.62357,43.96979,16710.0
2022-02-11,45.323190000000004,45.323190000000004,43.5921,43.74947,15881.0
2022-02-14,43.71799,43.74947,43.18293,43.686519999999994,11100.0
2022-02-15,43.43472,44.064209999999996,43.43472,44.064209999999996,9835.0
2022-02-16,43.4662,43.906839999999995,43.4662,43.875370000000004,7700.0
2022-02-17,43.875370000000004,44.00126,43.52915,43.906839999999995,8300.0
2022-02-18,43.5921,43.812419999999996,43.4662,43.74947,11700.0
2022-02-21,44.37896,45.008449999999996,43.74947,44.44191,33319.0
2022-02-22,44.41043,44.41043,43.74947,43.74947,12219.0
2022-02-23,43.78094,44.6937,43.78094,44.347480000000004,20050.0
2022-02-24,44.85107,44.85107,43.43472,44.00126,34011.0
2022-02-25,43.52915,44.064209999999996,43.4662,44.03274,34321.0
2022-02-28,43.5921,45.008449999999996,43.43472,44.47338,54472.0
2022-03-01,43.93832,44.37896,43.74947,44.22159,20905.0
2022-03-02,43.74947,44.63075,43.74947,44.347480000000004,7600.0
2022-03-03,43.78094,44.6937,43.5921,43.74947,12178.0
2022-03-04,44.37896,44.41043,43.43472,43.74947,15400.0
2022-03-07,43.74947,43.74947,43.30883,43.43472,40645.0
2022-03-08,43.43472,43.4662,43.37178,43.43472,31100.0
2022-03-09,43.43472,43.43472,43.30883,43.43472,41600.0
2022-03-10,43.43472,43.43472,43.27735,43.40325,15400.0
2022-03-11,43.37178,43.37178,42.80524,43.30883,29445.0
2022-03-14,42.20722,43.27735,42.17575,42.96261,8817.0
2022-03-15,43.40325,43.43472,42.80524,43.119980000000005,16150.0
2022-03-16,43.40325,43.43472,42.96261,42.96261,12600.0
2022-03-17,43.15145,43.15145,42.931129999999996,42.931129999999996,16160.0
2022-03-18,43.43472,43.43472,43.05703,43.05703,8455.0
2022-03-21,43.119980000000005,43.119980000000005,42.80524,42.80524,26660.0
2022-03-22,42.96261,43.43472,42.64786,43.43472,20340.0
2022-03-23,42.83671,42.83671,42.710809999999995,42.80524,2900.0
2022-03-24,42.80524,43.37178,42.80524,42.86818,6200.0
2022-03-25,42.994080000000004,43.119980000000005,42.49049,42.994080000000004,16650.0
2022-03-28,42.83671,42.96261,42.36459,42.49049,5000.0
2022-03-29,42.96261,42.96261,42.55344,42.80524,5500.0
2022-03-30,42.679339999999996,42.679339999999996,42.36459,42.49049,16600.0
2022-03-31,42.64786,43.43472,41.546260000000004,43.43472,72000.0
2022-04-01,43.43472,44.8196,42.710809999999995,44.064209999999996,57312.0
2022-04-04,44.064209999999996,45.323190000000004,44.064209999999996,44.567800000000005,30050.0
2022-04-05,44.41043,44.41043,43.78094,44.22159,5014.0
2022-04-06,43.74947,44.064209999999996,43.4662,43.5921,13300.0
2022-04-07,43.62357,43.62357,42.80524,42.80524,26406.0
2022-04-08,42.49049,43.119980000000005,42.49049,42.55344,10900.0
2022-04-12,42.61639,42.679339999999996,40.91677,42.27017,5385.0
2022-04-13,42.14427,42.710809999999995,41.70363,42.679339999999996,5298.0
2022-04-14,41.45183,42.17575,41.23151,42.17575,19400.0
2022-04-15,41.51478,42.14427,41.51478,42.1128,3600.0
2022-04-18,41.64068,42.77376,35.56611,41.861,5865.0
2022-04-19,42.17575,42.17575,40.287279999999996,40.60203,15300.0
2022-04-20,40.91677,40.91677,39.65779,40.53908,5700.0
2022-04-21,39.53189,40.47613,36.22708,40.287279999999996,40150.0
2022-04-22,37.17131,38.65061,36.85657,37.29721,40680.0
2022-04-25,37.39163,39.24862,33.04816,36.825089999999996,71220.0
2022-04-26,33.42585,35.88086,31.474439999999998,35.88086,23005.0
2022-04-27,36.510349999999995,36.510349999999995,34.9681,35.88086,19770.0
2022-04-28,35.94381,36.510349999999995,35.094,36.1956,59600.0
2022-04-29,36.16413,37.769330000000004,36.16413,37.73785,14870.0
2022-05-04,37.769330000000004,37.769330000000004,36.1956,37.10836,16800.0
2022-05-05,35.72349,35.72349,35.72349,35.72349,1145.0
2022-05-06,36.510349999999995,36.510349999999995,33.04816,34.62188,12020.0
2022-05-09,35.25137,35.25137,31.474439999999998,31.474439999999998,86301.0
2022-05-10,31.159689999999998,34.62188,31.159689999999998,34.62188,28275.0
2022-05-11,32.41867,35.25137,32.41867,33.99239,28535.0
2022-05-12,32.89079,34.558930000000004,31.159689999999998,31.159689999999998,56280.0
2022-05-13,31.474439999999998,32.98521,28.641740000000002,31.128220000000002,19451.0
2022-05-16,30.24693,33.04816,30.24693,31.474439999999998,14553.0
2022-05-17,31.474439999999998,33.33143,31.474439999999998,32.733419999999995,20400.0
2022-05-18,32.135400000000004,32.41867,31.53739,31.78918,9812.0
2022-05-19,31.78918,32.41867,31.78918,31.82066,14700.0
2022-05-20,31.22264,32.07245,31.22264,32.07245,5635.0
2022-05-23,31.474439999999998,31.78918,31.31707,31.31707,20310.0
2022-05-24,31.78918,31.78918,31.31707,31.78918,22141.0
2022-05-25,32.16688,32.98521,32.16688,32.98521,5178.0
2022-05-26,33.016690000000004,34.055339999999994,32.98521,33.83502,33700.0
2022-05-27,33.3629,33.99239,32.57604,33.96092,17250.0
2022-05-30,33.55175,36.1956,33.55175,35.72349,35000.0
2022-05-31,35.56611,37.45458,35.56611,36.5733,69400.0
2022-06-01,37.13984,37.13984,36.1956,36.510349999999995,20700.0
2022-06-02,37.13984,37.13984,35.629059999999996,35.629059999999996,28069.0
2022-06-03,35.56611,36.510349999999995,35.56611,36.16413,516731.0
2022-06-06,36.16413,36.16413,31.852130000000002,34.33861,88806.0
2022-06-07,34.33861,34.464510000000004,33.99239,34.24419,11409.0
2022-06-08,34.30714,36.1956,34.24419,35.88086,54203.0
2022-06-09,35.84938,37.10836,35.84938,36.1956,9400.0
2022-06-10,35.56611,35.56611,34.65336,34.65336,24900.0
2022-06-13,33.45733,34.65336,32.89079,33.079629999999995,19655.0
2022-06-14,33.488800000000005,33.488800000000005,32.135400000000004,33.42585,23550.0
2022-06-15,33.52028,33.55175,31.159689999999998,31.159689999999998,40920.0
2022-06-16,31.88361,32.10393,31.159689999999998,31.915080000000003,62200.0
2022-06-17,31.474439999999998,31.474439999999998,30.750529999999998,31.00232,75175.0
2022-06-20,28.51584,31.31707,28.51584,31.159689999999998,50700.0
2022-06-21,31.06527,31.06527,29.74334,30.813470000000002,4221.0
2022-06-22,31.159689999999998,32.57604,30.84495,30.84495,7600.0
2022-06-23,31.128220000000002,31.159689999999998,30.49873,31.159689999999998,3200.0
2022-06-24,31.0338,31.474439999999998,30.9079,30.93937,14300.0
2022-06-27,31.474439999999998,33.04816,31.159689999999998,33.04816,172949.0
2022-06-28,32.57604,33.04816,32.41867,32.953739999999996,35100.0
2022-06-29,32.41867,32.41867,32.41867,32.41867,100.0
2022-06-30,32.3872,32.67047,31.474439999999998,32.67047,5800.0
2022-07-01,33.04816,33.04816,32.10393,33.04816,28800.0
2022-07-04,33.99239,33.99239,32.41867,32.41867,18900.0
2022-07-05,32.45015,33.04816,32.41867,32.45015,22300.0
2022-07-06,32.10393,32.19835,31.78918,31.82066,9970.0
2022-07-07,31.159689999999998,32.41867,31.159689999999998,32.41867,4000.0
2022-07-08,33.016690000000004,33.016690000000004,31.53739,32.41867,2520.0
2022-07-11,31.56886,31.56886,31.474439999999998,31.474439999999998,5600.0
2022-07-12,32.3872,33.016690000000004,31.63181,32.98521,33200.0
2022-07-13,32.154759999999996,32.79657,32.09058,32.25103,20500.0
2022-07-14,33.053290000000004,33.053290000000004,32.44357,32.44357,5100.0
2022-07-15,32.25103,33.053290000000004,32.25103,33.053290000000004,9100.0
2022-07-18,33.374199999999995,33.374199999999995,32.3473,33.21375,40300.0
2022-07-19,33.053290000000004,34.65782,33.053290000000004,34.01601,65516.0
2022-07-20,34.65782,35.941449999999996,34.65782,35.877269999999996,46300.0
2022-07-21,34.978730000000006,35.90936,34.978730000000006,35.780989999999996,3056.0
2022-07-22,35.13918,36.26235,34.94664,35.941449999999996,6671.0
2022-07-25,35.941449999999996,36.67953,35.941449999999996,36.58326,13787.0
2022-07-26,35.29963,36.74371,33.69511,36.74371,11700.0
2022-07-27,36.29444,38.28406,36.29444,38.28406,22634.0
2022-07-28,38.8296,40.75503,38.8296,40.75503,18380.0
2022-07-29,41.23639,42.03866,40.46622,40.46622,19000.0
2022-08-01,40.69085,41.04385,38.8296,38.8296,16300.0
2022-08-02,39.18259,39.471410000000006,39.18259,39.471410000000006,6266.0
2022-08-03,40.59458,40.59458,39.02214,39.82441,23600.0
2022-08-04,40.72294,42.03866,40.72294,42.03866,61800.0
2022-08-05,42.9051,43.51482,42.07075,43.00137,25348.0
2022-08-08,43.32228,43.32228,41.71775,42.231199999999994,13500.0
2022-08-09,42.231199999999994,43.86782,42.231199999999994,43.32228,47115.0
2022-08-10,43.09765,44.12454,43.09765,43.12974,27109.0
2022-08-11,43.64318,44.89472,42.84092,43.579,16426.0
2022-08-12,43.38646,43.38646,43.00137,43.32228,14305.0
2022-08-15,42.77674,43.00137,42.26329,43.00137,38932.0
2022-08-16,42.68047,43.932,42.52001,43.932,33616.0
2022-08-17,44.12454,44.285,43.45064,43.64318,17400.0
2022-08-18,43.899910000000006,44.25291,43.41855,43.96409,26500.0
2022-08-19,43.03346,45.53653,43.03346,45.21562,93300.0
2022-08-22,45.56862,45.82534,43.771550000000005,43.96409,39100.0
2022-08-23,43.96409,44.76636,43.899910000000006,44.220819999999996,49500.0
2022-08-24,44.926809999999996,45.2798,44.12454,45.08726,98167.0
2022-08-25,45.24771,45.88953,44.926809999999996,45.53653,50517.0
2022-08-26,45.88953,46.049980000000005,44.02827,45.15144,208100.0
2022-08-29,45.24771,45.24771,43.00137,43.32228,61800.0
2022-08-30,44.12454,44.926809999999996,43.03346,43.61109,25200.0
2022-08-31,44.6059,44.6059,42.68047,43.32228,39329.0
2022-09-05,43.06555,43.32228,41.71775,42.03866,55000.0
2022-09-06,42.26329,42.26329,40.434129999999996,41.39684,42700.0
2022-09-07,42.03866,42.03866,40.5304,41.71775,25200.0
2022-09-08,42.423739999999995,42.423739999999995,39.79232,39.79232,20500.0
2022-09-09,42.03866,42.03866,37.866879999999995,39.63186,98100.0
2022-09-12,39.1505,39.76023,38.79751,39.1505,21331.0
2022-09-13,39.63186,40.434129999999996,39.63186,40.04904,68955.0
2022-09-14,40.016949999999994,40.016949999999994,38.990050000000004,39.79232,67632.0
2022-09-15,40.75503,40.75503,40.11322,40.65876,52396.0
2022-09-16,41.71775,41.71775,39.69604,39.69604,20050.0
2022-09-19,39.69604,40.434129999999996,38.66915,40.434129999999996,61645.0
2022-09-20,40.04904,40.04904,38.95796,39.054230000000004,22012.0
2022-09-21,39.53559,39.53559,39.02214,39.1505,19325.0
2022-09-22,39.214690000000004,40.081129999999995,38.92587,39.278870000000005,22566.0
2022-09-23,40.081129999999995,40.59458,39.31096,40.11322,17521.0
2022-09-26,38.57287,39.76023,37.866879999999995,38.38033,80200.0
2022-09-27,38.79751,38.79751,37.54598,37.54598,45426.0
2022-09-28,36.96834,38.28406,36.4549,37.03253,21207.0
2022-09-29,39.76023,39.79232,36.26235,36.87207,21411.0
2022-09-30,35.716809999999995,35.716809999999995,33.727199999999996,34.497370000000004,55200.0
2022-10-03,34.978730000000006,34.978730000000006,31.769669999999998,32.25103,64800.0
2022-10-04,33.69511,34.01601,31.93012,32.09058,41700.0
2022-10-05,33.53465,33.69511,32.09058,33.27793,49838.0
2022-10-06,33.374199999999995,34.625730000000004,32.73239,32.73239,43901.0
2022-10-07,32.79657,34.17646,31.44877,33.69511,101979.0
2022-10-10,33.69511,36.58326,32.73239,36.26235,61950.0
2022-10-11,36.58326,36.87207,33.053290000000004,33.374199999999995,118911.0
2022-10-12,34.33692,36.904160000000005,33.69511,35.716809999999995,62039.0
2022-10-13,36.58326,36.58326,34.94664,34.94664,25413.0
2022-10-14,35.780989999999996,36.61535,35.780989999999996,36.58326,26119.0
2022-10-17,36.58326,36.58326,35.780989999999996,36.58326,14595.0
2022-10-18,36.26235,36.87207,36.16608,36.42281,123040.0
2022-10-19,36.58326,38.89378,36.58326,38.57287,161170.0
2022-10-20,39.471410000000006,39.471410000000006,38.12361,38.50869,116100.0
2022-10-21,39.471410000000006,41.07594,36.74371,36.904160000000005,298400.0
2022-10-24,37.22507,37.22507,33.79138,35.941449999999996,256472.0
2022-10-25,35.90936,36.39071,31.51295,34.01601,234000.0
2022-10-26,33.374199999999995,35.13918,31.769669999999998,32.3473,260603.0
2022-10-27,32.989110000000004,33.727199999999996,32.09058,33.14957,302100.0
2022-10-28,33.053290000000004,33.21375,32.12267,32.25103,122400.0
2022-10-31,32.18685,33.053290000000004,30.55023,31.64131,248200.0
2022-11-01,32.09058,32.989110000000004,31.769669999999998,32.37939,117100.0
2022-11-02,32.09058,32.37939,31.41667,31.6734,107000.0
2022-11-03,32.154759999999996,33.85556,31.44877,31.6734,139800.0
2022-11-04,32.57194,33.21375,31.09577,31.833849999999998,167600.0
2022-11-07,31.769669999999998,32.0264,28.881520000000002,29.041970000000003,209107.0
2022-11-08,26.859810000000003,30.19723,26.859810000000003,28.23971,234867.0
2022-11-09,27.9188,28.881520000000002,27.02027,27.46953,194110.0
2022-11-10,27.565810000000003,27.82253,24.388840000000002,24.388840000000002,185800.0
2022-11-11,24.58138,25.03065,22.27086,22.27086,130001.0
2022-11-14,19.60734,20.18497,19.47898,19.47898,245738.0
2022-11-15,17.48936,19.25435,16.59083,17.45727,105795.0
2022-11-16,17.32891,19.51107,17.00801,19.51107,167177.0
2022-11-17,20.53797,21.43651,20.05661,20.69842,76020.0
2022-11-18,20.69842,22.1425,20.21706,21.85368,87231.0
2022-11-21,21.179779999999997,22.4634,21.083509999999997,21.88577,41102.0
2022-11-22,21.85368,24.06793,21.82159,22.97685,92671.0
2022-11-23,22.4634,23.233580000000003,22.1425,22.43131,25789.0
2022-11-24,22.4634,22.4634,21.85368,22.30295,14002.0
2022-11-25,23.105220000000003,23.426119999999997,22.1425,23.105220000000003,33339.0
2022-11-28,23.426119999999997,24.90229,23.426119999999997,23.90748,98467.0
2022-11-29,24.22839,24.22839,22.78431,23.81121,33800.0
2022-11-30,23.74703,23.77912,22.84849,23.137310000000003,47001.0
2022-12-01,23.426119999999997,23.81121,23.105220000000003,23.105220000000003,69465.0
2022-12-02,23.233580000000003,23.426119999999997,22.01414,22.4634,89407.0
2022-12-05,23.426119999999997,24.388840000000002,22.30295,22.4634,245185.0
2022-12-06,22.4634,22.94476,21.50069,21.91786,66751.0
2022-12-07,22.4634,22.4634,20.79469,21.051419999999997,98626.0
2022-12-08,21.66114,22.1425,21.50069,22.1425,45370.0
2022-12-09,21.91786,22.1425,21.243959999999998,21.72532,21351.0
2022-12-12,21.98205,22.30295,21.59696,21.82159,41240.0
2022-12-13,21.50069,22.01414,21.50069,22.01414,35915.0
2022-12-14,22.1425,23.04103,22.078319999999998,22.49549,72064.0
2022-12-15,22.20668,22.94476,21.50069,22.94476,33759.0
2022-12-16,22.78431,23.265669999999997,22.43131,22.94476,36618.0
2022-12-19,22.4634,22.75222,21.50069,22.27086,121108.0
2022-12-20,19.89616,21.88577,19.09389,21.37232,55906.0
2022-12-21,20.890970000000003,21.72532,20.890970000000003,21.66114,40100.0
2022-12-22,21.82159,21.82159,21.179779999999997,21.4686,21908.0
2022-12-23,21.66114,21.75741,21.40441,21.75741,8100.0
2022-12-26,21.66114,22.4634,21.59696,21.69323,57501.0
2022-12-27,21.34023,21.69323,20.890970000000003,21.179779999999997,47500.0
2022-12-28,21.75741,21.88577,21.34023,21.59696,20400.0
2022-12-29,21.59696,21.66114,21.43651,21.53278,32000.0
2022-12-30,21.50069,21.88577,21.50069,21.82159,12811.0
2023-01-03,21.82159,22.43131,21.82159,22.43131,40300.0
2023-01-04,22.43131,23.04103,22.1425,22.84849,31612.0
2023-01-05,22.68804,22.68804,22.1425,22.1425,47501.0
2023-01-06,22.68804,22.68804,21.98205,22.30295,33300.0
2023-01-09,22.01414,22.4634,21.91786,22.110409999999998,57600.0
2023-01-10,22.20668,22.20668,21.94995,22.17459,28901.0
2023-01-11,22.27086,22.30295,21.98205,22.27086,34586.0
2023-01-12,22.1425,22.49549,22.1425,22.49549,22000.0
2023-01-13,22.30295,22.68804,22.30295,22.68804,25510.0
2023-01-16,22.49549,25.415740000000003,22.4634,24.70974,137871.0
2023-01-17,24.388840000000002,25.99337,24.388840000000002,25.351560000000003,42600.0
2023-01-18,24.388840000000002,25.5441,23.137310000000003,24.90229,51000.0
2023-01-19,25.351560000000003,26.15382,24.22839,25.99337,43839.0
2023-01-27,26.31427,27.9188,25.99337,27.43744,60867.0
2023-01-30,27.597900000000003,27.88671,27.11654,27.11654,37125.0
2023-01-31,27.40535,29.20243,27.30908,28.913610000000002,294709.0
2023-02-01,29.52333,30.16514,27.565810000000003,27.9188,67806.0
2023-02-02,28.881520000000002,28.881520000000002,26.95608,27.30908,60161.0
2023-02-03,27.82253,28.07925,27.43744,27.82253,26800.0
2023-02-06,27.9188,27.9188,27.597900000000003,27.597900000000003,12650.0
2023-02-07,27.79044,27.82253,26.98818,27.597900000000003,28300.0
2023-02-08,26.98818,27.43744,26.98818,27.27699,50603.0
2023-02-09,27.27699,27.27699,26.95608,27.21281,15950.0
2023-02-10,27.2449,27.27699,26.47473,26.731450000000002,274400.0
2023-02-13,27.9188,27.9188,25.704549999999998,26.25009,25438.0
2023-02-14,26.02546,26.60309,25.672459999999997,25.96128,34522.0
2023-02-15,26.31427,26.47473,26.05755,26.31427,7960.0
2023-02-16,26.635180000000002,27.08445,26.44264,27.08445,12722.0
2023-02-17,26.92399,26.92399,26.53891,26.667270000000002,12701.0
2023-02-20,26.667270000000002,27.27699,26.41054,27.27699,16600.0
2023-02-21,27.11654,27.597900000000003,26.98818,27.08445,45203.0
2023-02-22,27.597900000000003,27.75835,26.827720000000003,26.827720000000003,28875.0
2023-02-23,24.388840000000002,26.667270000000002,24.388840000000002,26.47473,30100.0
2023-02-24,26.31427,27.597900000000003,26.31427,27.11654,152849.0
2023-02-27,27.27699,27.27699,26.31427,26.827720000000003,21300.0
2023-02-28,26.667270000000002,26.763540000000003,26.31427,26.31427,16720.0
2023-03-01,26.44264,26.635180000000002,26.31427,26.635180000000002,24676.0
2023-03-02,27.11654,27.533720000000002,26.53891,26.763540000000003,36500.0
2023-03-03,26.731450000000002,26.8919,25.99337,26.635180000000002,97931.0
2023-03-06,26.53891,26.60309,26.05755,26.50682,29820.0
2023-03-07,27.08445,27.08445,26.12173,26.12173,7250.0
2023-03-08,26.31427,26.31427,25.640369999999997,26.08964,86400.0
2023-03-09,25.83291,26.05755,25.672459999999997,25.736639999999998,25800.0
2023-03-10,25.768729999999998,25.768729999999998,25.351560000000003,25.672459999999997,28500.0
2023-03-13,25.319470000000003,25.51201,25.12692,25.447830000000003,41500.0
2023-03-14,25.351560000000003,25.351560000000003,24.77393,25.319470000000003,35700.0
2023-03-15,25.351560000000003,26.12173,25.28737,25.672459999999997,75300.0
2023-03-16,25.447830000000003,25.447830000000003,24.70974,25.22319,26800.0
2023-03-17,25.83291,25.83291,24.8702,25.06274,11300.0
2023-03-20,25.12692,25.12692,24.54929,24.8702,12900.0
2023-03-21,25.47992,25.47992,24.70974,24.80602,15700.0
2023-03-22,25.03065,25.22319,24.93438,24.93438,17400.0
2023-03-23,24.8702,25.15901,24.54929,24.80602,12000.0
2023-03-24,25.351560000000003,25.96128,24.8702,25.672459999999997,43500.0
2023-03-27,25.92919,25.99337,25.5441,25.800819999999998,18702.0
2023-03-28,25.704549999999998,26.60309,25.672459999999997,26.41054,47677.0
2023-03-29,26.34636,30.00469,26.25009,30.00469,93004.0
2023-03-30,27.95089,29.49124,27.95089,28.23971,45801.0
2023-03-31,28.84943,29.170330000000003,28.30389,28.56061,55409.0
2023-04-03,28.881520000000002,30.58232,28.84943,30.58232,126670.0
2023-04-04,30.55023,30.80695,29.74796,30.80695,73802.0
2023-04-05,30.48605,34.01601,30.48605,31.127860000000002,468518.0
2023-04-06,30.51814,34.978730000000006,30.48605,32.09058,503767.0
2023-04-07,30.83904,30.83904,30.16514,30.16514,46705.0
2023-04-10,30.325599999999998,30.42187,28.30389,28.30389,49449.0
2023-04-11,29.20243,29.52333,27.597900000000003,28.20762,88719.0
2023-04-12,27.82253,28.84943,27.82253,28.36807,17900.0
2023-04-13,28.56061,28.56061,27.50162,27.597900000000003,47005.0
2023-04-14,27.662080000000003,28.047159999999998,27.27699,27.27699,33000.0
2023-04-17,27.75835,27.75835,27.21281,27.27699,19725.0
2023-04-18,27.37326,28.01507,27.37326,27.9188,7521.0
2023-04-19,27.9188,28.49643,27.597900000000003,27.72626,50761.0
2023-04-20,28.047159999999998,28.047159999999998,27.341169999999998,27.565810000000003,32220.0
2023-04-21,26.95608,26.95608,26.18591,26.635180000000002,173600.0
2023-04-24,26.31427,27.11654,25.865009999999998,26.763540000000003,36125.0
2023-04-25,26.53891,26.763540000000003,26.31427,26.50682,24000.0
2023-04-26,26.635180000000002,26.95608,26.50682,26.95608,25804.0
2023-04-27,27.40535,27.69417,27.18072,27.43744,41000.0
2023-04-28,27.27699,27.597900000000003,26.47473,27.533720000000002,116700.0
2023-05-04,26.92399,27.40535,26.667270000000002,26.667270000000002,38800.0
2023-05-05,26.635180000000002,27.05236,26.635180000000002,26.827720000000003,24300.0
2023-05-08,26.95608,29.23452,26.8919,29.23452,121500.0
2023-05-09,29.49124,30.48605,29.36288,29.780060000000002,79720.0
2023-05-10,29.780060000000002,29.90842,29.36288,29.844240000000003,28200.0
2023-05-11,30.45396,30.45396,29.20243,29.65169,33400.0
2023-05-12,29.9726,29.9726,28.881520000000002,29.68378,25100.0
2023-05-15,29.555419999999998,29.555419999999998,28.2718,29.041970000000003,93031.0
2023-05-16,28.5927,29.20243,28.5927,28.881520000000002,25921.0
2023-05-17,28.5927,29.106150000000003,28.56061,29.009880000000003,27617.0
2023-05-18,28.65689,30.325599999999998,28.56061,29.45915,80303.0
2023-05-19,29.52333,30.48605,29.52333,30.16514,84722.0
2023-05-22,30.16514,30.93532,30.16514,30.48605,35385.0
2023-05-23,30.96741,31.769669999999998,30.6465,31.320400000000003,87086.0
2023-05-24,31.44877,32.73239,31.41667,32.09058,63896.0
2023-05-25,32.57194,34.59364,32.57194,33.21375,96766.0
2023-05-26,33.502559999999995,34.33692,32.47566,33.053290000000004,95812.0
2023-05-29,33.374199999999995,34.01601,32.09058,32.89284,120637.0
2023-05-30,33.053290000000004,36.4549,33.053290000000004,35.29963,102020.0
2023-05-31,36.87207,38.02733,35.29963,36.904160000000005,94290.0
2023-06-01,36.904160000000005,37.064620000000005,35.652629999999995,36.48699,63612.0
2023-06-02,37.16089,37.16089,35.716809999999995,36.00563,40880.0
2023-06-05,36.13399,36.23026,35.588449999999995,35.81308,65500.0
2023-06-06,36.23026,37.866879999999995,35.845169999999996,36.74371,55613.0
2023-06-07,36.904160000000005,36.904160000000005,36.13399,36.13399,35020.0
2023-06-08,37.41087,37.41087,35.42445,36.086589999999994,81401.0
2023-06-09,36.21901999999999,36.21901999999999,35.42445,35.589980000000004,61220.0
2023-06-12,35.589980000000004,38.40407,35.25891,35.75552,35510.0
2023-06-13,35.72241,35.75552,33.96774,34.431239999999995,230622.0
2023-06-14,34.76231,34.79542,33.86842,34.10017,68733.0
2023-06-15,34.265699999999995,34.69609,33.47114,34.00085,93571.0
2023-06-16,34.00085,34.7292,34.00085,34.398129999999995,73307.0
2023-06-19,34.398129999999995,34.398129999999995,33.60357,33.7691,29034.0
2023-06-20,33.669779999999996,34.10017,33.43803,33.96774,83414.0
2023-06-21,34.10017,35.45756,34.10017,35.39134,98727.0
2023-06-22,35.39134,35.39134,34.79542,34.99406,45590.0
2023-06-23,35.589980000000004,35.62309,34.76231,35.52377,112853.0
2023-06-26,35.25891,36.78183,35.25891,36.417660000000005,81756.0
2023-06-27,36.81494,37.21222,36.086589999999994,36.252120000000005,58802.0
2023-06-28,36.18591000000001,36.18591000000001,34.76231,35.589980000000004,85527.0
2023-06-29,35.589980000000004,36.384550000000004,34.76231,34.927839999999996,108720.0
2023-06-30,36.71562,38.40407,36.384550000000004,37.5764,241760.0
2023-07-03,37.74194,38.00679,34.563669999999995,37.5764,32999.0
2023-07-04,38.073,38.073,37.146010000000004,37.67572,47735.0
2023-07-05,37.97368,38.56961,37.97368,38.40407,63665.0
2023-07-06,38.40407,38.80136,38.073,38.40407,28197.0
2023-07-07,38.073,38.5365,37.90747,38.10611,34894.0
2023-07-10,38.13922,38.20543,37.90747,38.20543,36180.0
2023-07-11,38.0399,38.073,37.51019,37.74194,50131.0
2023-07-12,37.87436,38.073,37.1129,38.0399,39001.0
2023-07-13,39.0,39.0,37.90747,38.5365,84146.0
2023-07-14,39.03311,39.66214,38.30475,39.4635,111986.0
2023-07-17,39.26486,39.926989999999996,39.26486,39.926989999999996,125656.0
2023-07-18,39.72835,40.8871,39.72835,40.853989999999996,50907.0
2023-07-19,41.01952,42.707980000000006,41.01952,41.41681,83458.0
2023-07-20,41.41681,42.37691,41.41681,41.880309999999994,28251.0
2023-07-21,42.012730000000005,42.674870000000006,41.582339999999995,42.37691,60476.0
2023-07-24,42.37691,43.535650000000004,42.37691,43.23769,396308.0
2023-07-25,43.13837,43.13837,42.37691,42.707980000000006,88807.0
2023-07-26,43.03905,43.89983,43.03905,43.89983,69427.0
2023-07-27,43.535650000000004,44.03226,43.37012,43.66808,133980.0
2023-07-28,43.63497,44.92615,43.601870000000005,44.39643,106458.0
2023-07-31,44.6944,44.79372,43.701190000000004,44.16469,98121.0
2023-08-08,44.19779,44.19779,42.707980000000006,43.13837,88100.0
2023-08-09,43.37012,43.37012,41.582339999999995,41.880309999999994,153255.0
2023-08-10,42.04584,42.54244,41.582339999999995,41.714769999999994,64171.0
2023-08-11,41.714769999999994,41.714769999999994,40.8871,41.35059,104632.0
2023-08-14,41.3837,41.3837,40.8871,41.05263,86344.0
2023-08-15,40.920199999999994,43.072160000000004,40.920199999999994,43.03905,68970.0
2023-08-16,43.00594,43.00594,41.714769999999994,42.37691,32022.0
2023-08-17,42.37691,43.00594,42.24448,42.24448,52702.0
2023-08-18,42.24448,42.24448,40.224959999999996,40.29117,162085.0
2023-08-21,40.35739,42.54244,39.72835,40.72156,42124.0
2023-08-22,41.880309999999994,41.880309999999994,40.059419999999996,40.45671,149914.0
2023-08-23,41.68166,41.714769999999994,40.158739999999995,41.648559999999996,112701.0
2023-08-24,41.648559999999996,42.21138,41.05263,42.21138,48615.0
2023-08-25,42.509339999999995,43.701190000000004,42.3107,43.436330000000005,85593.0
2023-08-28,44.09847,44.62818,43.701190000000004,43.83362,146220.0
2023-08-29,44.66129,44.66129,43.701190000000004,43.86672,109304.0
2023-08-30,44.330220000000004,44.363330000000005,43.701190000000004,43.734300000000005,72446.0
2023-08-31,44.03226,44.363330000000005,43.535650000000004,44.03226,118375.0
2023-09-05,44.6944,45.191,44.363330000000005,45.191,209238.0
2023-09-06,45.52207,45.75382,45.02547,45.191,261938.0
2023-09-07,47.342949999999995,47.60781,45.68761,46.01868,421034.0
2023-09-08,46.01868,46.482169999999996,45.35654,45.95246,152501.0
2023-09-11,46.08489,46.482169999999996,44.29711,44.89304,279310.0
2023-09-12,44.89304,45.29032,44.363330000000005,44.89304,222850.0
2023-09-13,44.89304,45.091680000000004,44.16469,44.16469,108074.0
2023-09-14,44.16469,44.16469,43.03905,43.03905,136172.0
2023-09-15,43.701190000000004,44.363330000000005,42.24448,42.24448,128137.0
2023-09-18,42.24448,42.97284,41.714769999999994,41.78098000000001,97750.0
2023-09-19,41.78098000000001,42.57555,41.3837,41.913410000000006,56615.0
2023-09-20,41.51613,43.3039,41.51613,42.774190000000004,44313.0
2023-09-21,43.03905,44.363330000000005,42.37691,43.10526,87029.0
2023-09-22,42.509339999999995,43.03905,40.39049,41.648559999999996,138250.0
2023-09-25,42.3107,42.3107,40.059419999999996,40.059419999999996,65026.0
2023-09-26,39.4635,41.05263,39.4635,39.99321,76507.0
2023-09-27,39.99321,40.39049,38.80136,40.39049,75670.0
2023-09-28,39.926989999999996,41.05263,39.4635,39.72835,53200.0
2023-09-29,39.72835,40.58913,39.72835,40.191849999999995,36339.0
2023-10-02,39.72835,40.65535,39.72835,40.39049,18342.0
2023-10-03,39.86078,40.39049,39.06621,39.39728,62140.0
2023-10-04,38.93379,39.4635,38.40407,39.33107,51122.0
2023-10-05,39.39728,39.926989999999996,39.19864,39.39728,90814.0
2023-10-06,39.39728,40.059419999999996,38.93379,39.72835,16965.0
2023-10-09,39.72835,40.72156,39.06621,40.39049,35694.0
2023-10-10,40.12564,40.920199999999994,40.12564,40.58913,25700.0
2023-10-11,40.853989999999996,40.853989999999996,39.72835,40.12564,21520.0
2023-10-12,40.059419999999996,42.3107,39.4635,41.648559999999996,283169.0
2023-10-13,41.3837,42.24448,40.58913,41.648559999999996,93592.0
2023-10-16,41.714769999999994,41.714769999999994,40.58913,40.65535,178615.0
2023-10-17,40.72156,40.986419999999995,39.06621,39.06621,129308.0
2023-10-18,39.13243,39.13243,36.417660000000005,37.013580000000005,327509.0
2023-10-19,37.54329,37.54329,35.093379999999996,35.093379999999996,85878.0
2023-10-20,35.159589999999994,35.62309,33.43803,35.42445,291719.0
2023-10-23,35.75552,35.75552,34.431239999999995,35.093379999999996,37734.0
2023-10-24,35.42445,35.42445,34.431239999999995,35.159589999999994,45909.0
2023-10-25,35.490660000000005,35.75552,34.89474,35.159589999999994,66127.0
2023-10-26,34.76231,34.76231,33.00764,33.636669999999995,340130.0
2023-10-27,33.70289,35.6893,33.70289,35.093379999999996,108265.0
2023-10-30,34.431239999999995,35.02716,34.298809999999996,34.298809999999996,44458.0
2023-10-31,34.298809999999996,34.431239999999995,33.17317,33.7691,82556.0
2023-11-01,33.636669999999995,34.36503,33.504239999999996,33.90153,60033.0
2023-11-02,34.03396,35.42445,33.90153,35.093379999999996,73401.0
2023-11-03,35.093379999999996,35.55688,34.89474,35.55688,69000.0
2023-11-06,35.75552,35.75552,35.358230000000006,35.42445,32101.0
2023-11-07,35.42445,35.62309,35.093379999999996,35.292019999999994,18300.0
2023-11-08,35.225809999999996,37.41087,35.225809999999996,36.68251,64643.0
2023-11-09,37.013580000000005,38.073,36.88115,36.88115,78788.0
2023-11-10,36.88115,37.74194,36.88115,36.88115,62276.0
2023-11-13,36.88115,36.88115,36.417660000000005,36.81494,44819.0
2023-11-14,36.74873,37.74194,36.6163,37.079800000000006,40078.0
2023-11-15,37.74194,37.940580000000004,37.47708,37.67572,107427.0
2023-11-16,37.67572,38.073,37.34465,38.073,39231.0
2023-11-17,38.5365,39.33107,37.34465,38.20543,93571.0
2023-11-20,38.00679,38.80136,37.21222,38.66893,106603.0
2023-11-21,38.66893,39.13243,38.40407,38.80136,71054.0
2023-11-22,39.06621,40.39049,39.0,39.72835,230612.0
2023-11-23,39.86078,40.39049,37.079800000000006,37.079800000000006,81341.0
2023-11-24,37.808150000000005,38.40407,37.079800000000006,38.40407,146376.0
2023-11-27,39.06621,39.06621,38.073,38.27165,70324.0
2023-11-28,38.27165,38.33786,37.41087,38.13922,29544.0
2023-11-29,38.40407,38.73514,38.13922,38.40407,52510.0
2023-11-30,38.60272,39.59593,38.60272,39.13243,82512.0
2023-12-01,39.19864,39.19864,38.40407,38.73514,28622.0
2023-12-04,39.52971,39.66214,38.86757,39.4635,157629.0
2023-12-05,39.4635,40.059419999999996,39.13243,39.99321,137999.0
2023-12-06,40.25806,40.25806,39.66214,39.79457,39032.0
2023-12-07,40.46631,40.46631,39.052339999999994,39.389,93171.0
2023-12-08,39.18701,40.19698,39.18701,39.389,41012.0
2023-12-11,39.45633,39.65833,39.11968,39.45633,38040.0
2023-12-12,39.52366000000001,39.591,39.25434,39.52366000000001,35732.0
2023-12-13,39.591,39.591,38.71569,38.71569,54144.0
2023-12-14,39.45633,39.45633,37.705709999999996,38.91768,19254.0
2023-12-15,38.91768,38.91768,38.37903,38.91768,23600.0
2023-12-18,37.97504,38.98501,37.97504,38.513690000000004,22900.0
2023-12-19,38.042370000000005,39.32167,38.042370000000005,39.32167,32028.0
2023-12-20,39.052339999999994,39.25434,38.513690000000004,39.052339999999994,10800.0
2023-12-21,38.85035,38.98501,38.581019999999995,38.98501,6300.0
2023-12-22,39.052339999999994,39.052339999999994,38.513690000000004,38.98501,34801.0
2023-12-25,39.32167,39.32167,38.44636,38.98501,36873.0
2023-12-26,39.052339999999994,39.792989999999996,38.98501,39.45633,77802.0
2023-12-27,39.11968,39.725660000000005,38.91768,39.389,37273.0
2023-12-28,39.052339999999994,42.082269999999994,39.052339999999994,42.082269999999994,362932.0
2023-12-29,42.48626,43.96755,42.41892,42.82291,537112.0
2024-01-02,44.034879999999994,44.84286,43.2269,43.83289,297964.0
2024-01-03,43.900220000000004,44.10222,42.95758,43.294239999999995,283785.0
2024-01-04,43.69823,43.76556,42.82291,43.09224,246249.0
2024-01-05,43.76556,44.7082,43.2269,43.563559999999995,288223.0
2024-01-08,43.96755,44.10222,43.2269,43.36157,75401.0
2024-01-09,43.36157,45.24685,43.36157,45.112190000000005,271831.0
2024-01-10,45.44885,45.44885,44.10222,44.10222,127700.0
2024-01-11,44.10222,44.10222,42.41892,42.62092,491872.0
2024-01-12,42.41892,43.36157,42.01494,42.28426,277721.0
2024-01-15,42.62092,43.024910000000006,42.082269999999994,42.082269999999994,140027.0
2024-01-16,42.55359,43.09224,42.01494,42.62092,757953.0
2024-01-17,43.09224,43.09224,42.21693,42.21693,185105.0
2024-01-18,42.21693,43.4289,42.21693,43.15957,115802.0
2024-01-19,43.09224,44.43887,42.75558,43.76556,300648.0
2024-01-22,43.96755,46.45882,43.76556,46.45882,453045.0
2024-01-23,46.593489999999996,47.80545,46.25683,46.324160000000006,306102.0
2024-01-24,46.593489999999996,46.593489999999996,45.51618,45.51618,213995.0
2024-01-25,45.78551,46.795480000000005,45.112190000000005,46.795480000000005,176116.0
2024-01-26,47.13214,49.08476,47.13214,48.546099999999996,630841.0
2024-01-29,48.882760000000005,50.0274,48.546099999999996,49.69074,392637.0
2024-01-30,49.75807,51.71069,49.48875,50.90271,423840.0
2024-01-31,50.83538,52.85533,50.83538,52.182010000000005,429390.0
2024-02-01,52.182010000000005,53.865300000000005,51.845349999999996,53.19199,244334.0
2024-02-02,53.25932,53.663309999999996,51.91268,52.38401,386079.0
2024-02-05,52.451339999999995,54.26929,52.182010000000005,53.73064,262354.0
2024-02-06,54.20196,54.20196,52.92266,53.663309999999996,197045.0
2024-02-07,53.25932,54.20196,53.25932,53.865300000000005,175050.0
2024-02-15,53.865300000000005,53.865300000000005,52.316669999999995,52.51867,245130.0
2024-02-16,52.85533,54.53862,52.586,53.865300000000005,324736.0
2024-02-19,53.865300000000005,53.865300000000005,52.653330000000004,52.92266,288011.0
2024-02-20,52.586,55.21193,52.51867,55.21193,578368.0
2024-02-21,55.27927,56.76056,55.21193,55.21193,369567.0
2024-02-22,55.88525,55.88525,55.07727,55.21193,200041.0
2024-02-23,55.21193,56.22191,53.99996,53.99996,447524.0
2024-02-26,54.0673,55.683260000000004,53.25932,55.54859,822925.0
2024-02-27,55.41393,56.55857,54.94261,56.01991,539013.0
2024-02-28,56.35657,56.35657,55.27927,55.88525,144369.0
2024-02-29,56.55857,56.55857,54.94261,56.55857,439055.0
2024-03-01,56.89522,57.23188,56.15458,57.23188,205165.0
2024-03-04,57.366550000000004,57.366550000000004,56.55857,56.6259,203362.0
2024-03-05,56.82789,56.82789,55.615919999999996,56.55857,257444.0
2024-03-06,55.48126,55.952580000000005,55.346599999999995,55.48126,188550.0
2024-03-07,55.48126,56.28924,55.346599999999995,56.01991,221922.0
2024-03-08,55.88525,56.55857,55.21193,56.28924,301659.0
2024-03-11,56.35657,58.44385,56.08724,57.29921,546139.0
2024-03-12,57.83787,61.27178,57.635870000000004,61.27178,752730.0
2024-03-13,63.56106,63.56106,61.33911,63.15707,356059.0
2024-03-14,63.56106,63.56106,62.55108,62.753080000000004,296015.0
2024-03-15,63.628389999999996,63.628389999999996,60.80046,62.618410000000004,410964.0
2024-03-18,62.618410000000004,63.15707,58.24186,60.598459999999996,620715.0
2024-03-19,60.598459999999996,61.60844,59.386489999999995,61.54111,222040.0
2024-03-20,61.54111,61.810430000000004,59.92515,61.13712,150864.0
2024-03-21,61.13712,61.204449999999994,60.463800000000006,61.204449999999994,237932.0
2024-03-22,61.27178,61.27178,59.85782,60.598459999999996,333237.0
2024-03-25,60.598459999999996,60.598459999999996,58.24186,59.92515,404413.0
2024-03-26,58.645849999999996,61.204449999999994,58.57852,60.935120000000005,192046.0
2024-03-27,60.935120000000005,60.935120000000005,59.319160000000004,59.92515,212511.0
2024-03-28,59.92515,61.27178,59.58849,61.204449999999994,311000.0
2024-03-29,61.27178,65.04235,60.598459999999996,63.29173,669270.0
2024-04-01,63.29173,63.29173,61.60844,61.810430000000004,265177.0
2024-04-02,61.002449999999996,61.60844,59.25183,61.002449999999996,276322.0
2024-04-03,61.002449999999996,61.002449999999996,59.25183,59.52116,924181.0
2024-04-04,59.25183,59.92515,56.69323,57.164550000000006,885443.0
2024-04-05,56.89522,58.9825,56.55857,57.02989,369190.0
2024-04-08,57.23188,57.23188,54.53862,54.53862,575778.0
2024-04-09,53.932629999999996,55.54859,53.932629999999996,55.27927,278823.0
2024-04-10,55.750589999999995,55.750589999999995,54.403949999999995,54.740610000000004,228353.0
2024-04-11,53.663309999999996,55.21193,53.663309999999996,54.60595,161245.0
2024-04-12,54.60595,55.41393,54.60595,55.346599999999995,83056.0
2024-04-15,55.346599999999995,55.346599999999995,51.50869,51.50869,534469.0
2024-04-16,50.83538,53.19199,49.8254,52.653330000000004,846567.0
2024-04-17,53.52864,53.865300000000005,51.91268,52.24934,312395.0
2024-04-19,51.845349999999996,52.85533,51.50869,51.50869,253885.0
2024-04-22,52.788,52.788,52.182010000000005,52.316669999999995,120988.0
2024-04-23,52.316669999999995,52.451339999999995,51.71069,52.182010000000005,104269.0
2024-04-24,52.51867,55.346599999999995,52.51867,55.21193,276358.0
2024-04-25,55.21193,55.21193,54.403949999999995,54.60595,134079.0
2024-04-26,53.932629999999996,54.87528,53.932629999999996,54.53862,137519.0
2024-05-02,54.53862,56.4239,54.33662,56.15458,364059.0
2024-05-03,57.09722,57.09722,55.88525,56.15458,118662.0
2024-05-06,55.952580000000005,59.049839999999996,55.952580000000005,59.049839999999996,428018.0
2024-05-07,59.049839999999996,59.11717,58.24186,58.9825,183705.0
2024-05-08,58.57852,58.71318,54.87528,57.770540000000004,162729.0
2024-05-09,57.905199999999994,58.71318,57.770540000000004,57.770540000000004,141383.0
2024-05-10,58.10719,58.645849999999996,57.433879999999995,58.57852,164311.0
2024-05-13,58.57852,59.58849,57.97253,57.97253,110405.0
2024-05-14,57.97253,59.049839999999996,57.97253,58.57852,139842.0
2024-05-15,58.646519999999995,59.392309999999995,58.646519999999995,59.18891000000001,138150.0
2024-05-16,59.392309999999995,62.23989,59.392309999999995,61.83309,630462.0
2024-05-17,61.629690000000004,61.83309,60.7483,61.1551,216532.0
2024-05-20,61.2229,63.392480000000006,61.1551,62.30769,330397.0
2024-05-21,62.03649,62.03649,60.4771,60.7483,250793.0
2024-05-22,60.883900000000004,61.697489999999995,60.8161,61.3585,350346.0
2024-05-23,61.0195,62.03649,60.951699999999995,62.03649,202200.0
2024-05-24,62.03649,63.12128,59.66351,60.4771,427617.0
2024-05-27,60.883900000000004,60.883900000000004,59.053309999999996,60.3415,133292.0
2024-05-28,60.6805,61.697489999999995,59.79911,61.697489999999995,424885.0
2024-05-29,62.57889,62.57889,61.087300000000006,61.087300000000006,534524.0
2024-05-30,60.4093,61.2229,58.985519999999994,60.883900000000004,285410.0
2024-05-31,61.0195,61.0195,60.00251,60.8161,107960.0
2024-06-03,60.5449,61.0195,60.20591,60.6805,249339.0
2024-06-04,60.6805,62.03649,60.6805,60.951699999999995,251658.0
2024-06-05,61.2229,65.15526,61.0195,65.15526,2248951.0
2024-06-06,66.44345,66.44345,64.27387,64.81627,313079.0
2024-06-07,65.15526,67.05364999999999,64.74847,65.76546,472452.0
2024-06-10,66.57905000000001,66.57905000000001,64.47726999999999,66.44345,552468.0
2024-06-11,66.44345,66.64685,61.83309,64.95187,987940.0
2024-06-12,63.731480000000005,65.01967,63.392480000000006,64.47726999999999,279161.0
2024-06-13,64.74847,64.74847,63.392480000000006,64.00267,202867.0
2024-06-14,64.07047,64.88407,62.37549,62.37549,581776.0
2024-06-17,62.17209,62.23989,60.3415,60.6127,551774.0
2024-06-18,60.6805,62.03649,60.6805,62.03649,331674.0
2024-06-19,62.03649,62.03649,61.1551,61.697489999999995,138560.0
2024-06-20,62.03649,64.68066999999999,62.03649,64.00267,689876.0
2024-06-21,64.27387,64.74847,63.731480000000005,64.40947,425432.0
2024-06-24,63.86708,64.07047,60.5449,60.5449,601901.0
2024-06-25,60.4093,61.629690000000004,60.4093,61.629690000000004,239040.0
2024-06-26,60.6805,61.629690000000004,59.46011,61.629690000000004,296929.0
2024-06-27,61.629690000000004,62.91788,61.0195,61.087300000000006,936877.0
2024-06-28,61.1551,61.1551,59.59571,60.3415,438593.0
2024-07-01,60.4093,61.1551,59.79911,61.1551,121095.0
2024-07-02,61.1551,61.697489999999995,60.4093,61.56189,134904.0
2024-07-03,61.49409,63.392480000000006,61.087300000000006,62.71448,488567.0
2024-07-04,62.78228,63.05348,61.0195,61.697489999999995,185218.0
2024-07-05,62.44329,62.44329,61.290699999999994,61.3585,167817.0
2024-07-08,61.56189,63.32468,61.56189,62.98568,401045.0
2024-07-09,63.595879999999994,64.00267,62.511089999999996,62.511089999999996,448242.0
2024-07-10,63.93232,65.02383999999999,63.54249,64.16622,460814.0
2024-07-11,64.32215000000001,64.63401,63.15265,63.46452,293946.0
2024-07-12,63.54249,63.85435,62.76282,63.46452,192381.0
2024-07-15,63.62045,64.94588,63.62045,64.55605,294484.0
2024-07-16,64.71198,68.22046,64.71198,67.75266,1174540.0
2024-07-17,68.53233,68.53233,63.776379999999996,64.63401,482128.0
2024-07-18,64.71198,64.94588,62.99672,64.86791000000001,403791.0
2024-07-19,64.86791000000001,64.86791000000001,63.308589999999995,63.93232,259642.0
2024-07-22,63.93232,63.93232,60.5018,61.59333,575369.0
2024-07-23,61.2035,61.983160000000005,58.24078,58.86451,581589.0
2024-07-24,57.92892,62.29503,57.30519,60.813669999999995,661934.0
2024-07-25,59.41028,60.813669999999995,59.41028,60.65774,117174.0
2024-07-26,60.65774,61.2035,59.25434,61.12553,213543.0
2024-07-29,61.59333,61.74926,58.47468,60.813669999999995,1425079.0
2024-07-30,60.5018,60.5018,58.63061,60.42384,224023.0
2024-07-31,60.42384,60.5018,58.31875,58.31875,1120154.0
2024-08-01,58.47468,58.63061,54.65433,55.97976,761699.0
2024-08-02,54.576370000000004,57.46112,53.874669999999995,57.46112,916245.0
2024-08-05,56.83739,56.83739,53.48484,53.48484,726002.0
2024-08-06,56.135690000000004,56.135690000000004,53.48484,55.35603,185505.0
2024-08-07,56.05773000000001,56.05773000000001,54.7323,55.35603,156861.0
2024-08-08,55.6679,55.6679,54.0306,55.12213,312200.0
2024-08-09,55.12213,55.6679,54.576370000000004,55.2001,227744.0
2024-08-12,55.2001,57.14925,54.88823,57.14925,654885.0
2024-08-13,57.539089999999995,57.69502,56.213660000000004,57.07129,181836.0
2024-08-14,57.46112,57.46112,56.447559999999996,56.447559999999996,268469.0
2024-08-15,56.75942,56.75942,54.65433,54.7323,448405.0
2024-08-16,54.88823,57.46112,54.88823,57.30519,329234.0
2024-08-19,57.38315,58.39671,56.99332,58.31875,356538.0
2024-08-20,57.772980000000004,58.47468,57.617050000000006,58.47468,372752.0
2024-08-21,58.47468,58.47468,57.46112,58.24078,353775.0
2024-08-22,57.85095,58.24078,57.46112,58.162819999999996,270231.0
2024-08-23,57.85095,59.56621,57.69502,58.63061,654603.0
2024-08-26,58.786550000000005,59.56621,56.52552,58.786550000000005,1033899.0
2024-08-27,58.86451,59.48824,57.92892,59.25434,427212.0
2024-08-28,59.25434,59.800110000000004,58.162819999999996,59.176379999999995,344618.0
2024-08-29,59.176379999999995,59.56621,58.55265,59.176379999999995,279606.0
2024-08-30,59.176379999999995,59.95604,58.786550000000005,59.95604,584227.0
2024-09-04,59.48824,59.56621,58.708580000000005,59.41028,489704.0
2024-09-05,59.56621,59.56621,57.85095,57.85095,234588.0
2024-09-06,57.38315,58.006879999999995,56.91536,57.85095,236598.0
2024-09-09,57.539089999999995,57.85095,56.68146,57.38315,284033.0
2024-09-10,57.617050000000006,57.617050000000006,56.135690000000004,56.135690000000004,271704.0
2024-09-11,56.135690000000004,56.68146,56.05773000000001,56.60349,159568.0
2024-09-12,56.75942,57.30519,56.68146,57.07129,543119.0
2024-09-13,57.38315,57.46112,56.91536,57.30519,538981.0
2024-09-16,57.30519,57.772980000000004,56.91536,57.22722,134056.0
2024-09-17,57.22722,57.69502,56.91536,57.69502,120496.0
2024-09-18,57.46112,58.084849999999996,57.46112,58.006879999999995,101432.0
2024-09-19,58.24078,58.24078,57.617050000000006,58.162819999999996,116816.0
2024-09-20,58.55265,58.708580000000005,57.30519,57.30519,151362.0
2024-09-23,57.69502,57.69502,56.68146,56.68146,686623.0
2024-09-24,56.52552,57.69502,56.52552,56.91536,148476.0
2024-09-25,56.99332,57.772980000000004,56.99332,57.617050000000006,583643.0
2024-09-26,57.617050000000006,57.69502,56.60349,56.60349,256263.0
2024-09-27,56.68146,57.07129,56.447559999999996,56.52552,219754.0
2024-09-30,56.369589999999995,56.52552,55.6679,55.6679,239312.0
2024-10-01,55.74586,56.52552,55.6679,56.135690000000004,168963.0
2024-10-02,56.135690000000004,57.07129,55.74586,56.91536,216358.0
2024-10-03,56.52552,57.22722,55.35603,56.29163,308587.0
2024-10-04,56.369589999999995,56.369589999999995,55.74586,56.05773000000001,351010.0
2024-10-07,56.05773000000001,56.29163,55.74586,55.74586,450853.0
2024-10-08,55.74586,57.539089999999995,55.6679,56.99332,611989.0
2024-10-09,56.91536,57.30519,56.75942,57.14925,258522.0
2024-10-10,57.14925,57.69502,56.99332,57.14925,135488.0
2024-10-11,57.14925,57.617050000000006,57.14925,57.30519,100421.0
2024-10-14,57.30519,58.708580000000005,57.30519,57.92892,436015.0
2024-10-15,57.92892,58.786550000000005,57.69502,57.69502,438279.0
2024-10-16,57.772980000000004,58.47468,56.91536,57.14925,142497.0
2024-10-17,57.30519,57.30519,56.447559999999996,56.99332,178033.0
2024-10-18,57.07129,57.772980000000004,57.07129,57.07129,102756.0
2024-10-21,57.46112,57.46112,56.369589999999995,56.369589999999995,367973.0
2024-10-22,56.213660000000004,56.68146,55.82383,55.82383,152055.0
2024-10-23,55.90179,55.97976,55.35603,55.82383,98412.0
2024-10-24,55.82383,56.135690000000004,55.6679,55.74586,84971.0
2024-10-25,55.74586,55.82383,54.65433,54.65433,151323.0
2024-10-28,54.810269999999996,55.278059999999996,54.576370000000004,54.9662,47601.0
2024-10-29,54.9662,55.74586,54.9662,55.35603,79014.0
2024-10-30,56.91536,58.47468,56.60349,57.85095,630363.0
2024-10-31,57.85095,57.92892,57.539089999999995,57.772980000000004,141757.0
2024-11-01,57.22722,58.006879999999995,56.99332,57.46112,139431.0
2024-11-04,57.92892,57.92892,56.135690000000004,56.213660000000004,406339.0
2024-11-05,56.60349,57.69502,56.135690000000004,57.69502,935391.0
2024-11-06,58.006879999999995,61.6713,58.006879999999995,61.6713,1795007.0
2024-11-07,61.2035,62.68486,61.04757,61.905190000000005,683404.0
2024-11-08,61.905190000000005,63.308589999999995,61.12553,63.308589999999995,835861.0
2024-11-11,63.38655,64.24418,62.52892,64.24418,644269.0
2024-11-12,64.16622,64.16622,63.38655,63.85435,274345.0
2024-11-13,63.54249,65.10181,63.308589999999995,64.55605,622811.0
2024-11-14,64.24418,64.55605,63.23062,63.93232,405815.0
2024-11-15,63.15265,67.51876,62.29503,63.85435,921993.0
2024-11-18,63.85435,63.85435,60.735699999999994,60.735699999999994,745991.0
2024-11-19,61.2035,61.35943,58.084849999999996,58.084849999999996,770000.0
2024-11-20,58.47468,59.25434,56.91536,58.47468,393936.0
2024-11-21,58.55265,59.41028,57.539089999999995,59.02044,419924.0
2024-11-22,58.86451,59.33231,58.084849999999996,58.86451,412320.0
2024-11-25,58.86451,60.267900000000004,58.86451,60.267900000000004,373800.0
2024-11-26,60.267900000000004,60.89163,60.03401,60.813669999999995,333930.0
2024-11-27,60.813669999999995,60.89163,59.722139999999996,60.03401,215570.0
2024-11-28,60.03401,61.2035,60.03401,61.12553,315211.0
2024-11-29,61.28147,61.82723,60.65774,61.28147,245799.0
2024-12-02,61.51536,64.47808,60.89163,64.08825,1067931.0
2024-12-03,64.08825,65.33571,63.93232,65.25774,989783.0
2024-12-04,65.25774,66.58317,64.86791000000001,65.49164,1218237.0
2024-12-05,65.17978,65.72554,64.08825,65.72554,546181.0
2024-12-06,66.66114,67.6747,65.10181,65.49164,924920.0
2024-12-09,65.49164,65.88147000000001,64.94588,65.49164,938696.0
2024-12-10,65.41368,66.03741000000001,64.40011,65.17978,643010.0
2024-12-11,65.64757,65.64757,64.71198,65.49164,359474.0
2024-12-12,65.57023,67.38505,65.17571,65.88585,750125.0
2024-12-13,65.88585,65.88585,64.62337000000001,65.0179,295374.0
2024-12-16,65.0179,68.56863,65.0179,66.83272,2106031.0
2024-12-17,66.91162,67.22724000000001,66.28038000000001,66.6749,799860.0
2024-12-18,66.35928,66.43819,64.30775,66.04366,1049059.0
2024-12-19,65.0179,65.49133,64.46556,65.49133,662570.0
2024-12-20,65.49133,66.596,64.93899,66.596,2324661.0
2024-12-23,66.51709,66.596,65.49133,66.28038000000001,414527.0
2024-12-24,66.28038000000001,68.01629,65.96476,66.6749,1410081.0
2024-12-25,66.6749,67.54286,66.35928,67.38505,827430.0
2024-12-26,67.54286,67.93739,66.28038000000001,67.06943,549798.0
2024-12-27,67.06943,67.06943,64.93899,65.57023,1056067.0
2024-12-30,65.57023,65.57023,64.54446,65.49133,522339.0
2024-12-31,65.49133,65.57023,64.62337000000001,65.57023,428475.0
2025-01-02,65.17571,65.41242,63.91322,64.70227,669796.0
2025-01-03,64.30775,64.78118,63.992129999999996,64.07103,600304.0
2025-01-06,64.07103,64.54446,61.94058999999999,62.33512,696806.0
2025-01-07,62.49293,63.518699999999995,62.0984,63.281980000000004,550575.0
2025-01-08,63.36089,63.83432,62.33512,63.83432,295723.0
2025-01-09,63.518699999999995,64.07103,63.12417,63.518699999999995,242500.0
2025-01-10,63.281980000000004,63.43979,61.54607,61.54607,593068.0
2025-01-13,60.83592,62.33512,60.36249,62.17731,347064.0
2025-01-14,62.17731,62.96636,62.0195,62.0195,316446.0
2025-01-15,62.57183,63.43979,62.0195,63.43979,528776.0
2025-01-16,63.755410000000005,63.755410000000005,62.729639999999996,62.808550000000004,148395.0
2025-01-17,62.808550000000004,64.07103,62.808550000000004,64.07103,302621.0
2025-01-20,64.70227,64.78118,63.5976,64.46556,329220.0
2025-01-21,64.54446,64.54446,63.518699999999995,63.518699999999995,191891.0
2025-01-22,63.5976,64.70227,63.43979,63.5976,350579.0
2025-01-23,63.992129999999996,64.70227,63.5976,64.70227,394167.0
2025-01-24,65.0179,65.0968,63.992129999999996,64.30775,246869.0
2025-02-03,64.30775,64.30775,63.281980000000004,63.91322,286485.0
2025-02-04,63.91322,65.0968,63.518699999999995,64.93899,559846.0
2025-02-05,65.33352,66.12257000000001,64.54446,65.33352,536496.0
2025-02-06,65.49133,65.88585,64.54446,65.33352,342403.0
2025-02-07,65.33352,65.33352,64.30775,64.30775,420023.0
2025-02-10,64.22883999999999,64.22883999999999,62.96636,62.96636,565266.0
2025-02-11,62.96636,63.36089,62.729639999999996,63.281980000000004,410328.0
2025-02-12,63.755410000000005,65.72804,63.755410000000005,64.07103,1017968.0
2025-02-13,64.62337000000001,64.62337000000001,63.43979,63.755410000000005,221164.0
2025-02-14,63.992129999999996,65.0968,63.755410000000005,64.07103,478810.0
2025-02-17,64.07103,64.07103,63.518699999999995,63.5976,350012.0
2025-02-18,63.20308,63.91322,63.20308,63.91322,248999.0
2025-02-19,63.755410000000005,68.33191000000001,63.755410000000005,68.33191000000001,3390055.0
2025-02-20,68.33191000000001,68.41082,67.38505,67.62177,779132.0
2025-02-21,67.62177,70.06783,67.38505,69.04205999999999,1050316.0
2025-02-24,69.35767999999999,71.01469,68.25300999999999,71.01469,1199876.0
2025-02-25,71.01469,71.09360000000001,70.46235,70.93579,708022.0
2025-02-26,70.93579,72.35608,70.06783,70.06783,1006586.0
2025-02-27,70.06783,71.40922,69.04205999999999,71.40922,740232.0
2025-02-28,71.40922,72.11936,70.77798,71.80374,402263.0
2025-03-03,71.96155,72.90841999999999,71.1725,72.75061,839538.0
2025-03-04,72.75061,72.90841999999999,71.01469,72.5928,673409.0
2025-03-05,72.43499,72.43499,70.77798,70.77798,690128.0
2025-03-06,71.01469,71.80374,70.54126,71.80374,453852.0
2025-03-07,71.88265,71.88265,70.62017,70.69907,611143.0
2025-03-10,71.40922,73.38185,71.1725,71.88265,962803.0
2025-03-11,71.01469,72.98732000000001,70.62017,72.5928,563339.0
2025-03-12,72.5928,73.14513000000001,71.96155,72.19827000000001,608186.0
2025-03-13,72.19827000000001,72.75061,70.93579,71.09360000000001,769401.0
2025-03-14,71.33031,72.04046000000001,70.77798,72.04046000000001,599563.0
2025-03-17,72.04046000000001,72.90841999999999,71.1725,71.72484,409918.0
2025-03-18,72.04046000000001,74.80214,70.30453999999999,70.30453999999999,1340786.0
2025-03-19,69.83111,70.30453999999999,68.48972,68.80535,999239.0
2025-03-20,69.83111,71.01469,68.48972,71.01469,700838.0
2025-03-21,71.01469,71.72484,70.38345,71.09360000000001,1333778.0
2025-03-24,71.01469,71.01469,69.83111,70.85688,300768.0
2025-03-25,70.85688,72.82951,70.38345,72.04046000000001,1087446.0
2025-03-26,72.04046000000001,72.90841999999999,71.48812,72.43499,402331.0
2025-03-27,72.75061,73.69747,71.64592999999999,71.80374,608698.0
2025-03-28,72.04046000000001,72.51389,71.64592999999999,72.19827000000001,366014.0
2025-03-31,71.01469,71.40922,67.46396,68.01629,1587374.0
2025-04-01,68.01629,69.12097,66.6749,67.85848,707278.0
2025-04-02,67.93739,68.48972,67.70067,67.93739,378693.0
2025-04-03,63.20308,64.70227,63.20308,63.20308,583619.0
2025-04-04,58.78438,58.78438,58.78438,58.78438,464877.0
2025-04-08,54.681309999999996,54.681309999999996,54.681309999999996,54.681309999999996,456983.0
2025-04-09,50.893860000000004,50.893860000000004,50.893860000000004,50.893860000000004,219790.0
2025-04-10,54.4446,54.4446,54.4446,54.4446,374089.0
2025-04-11,51.4462,53.024300000000004,50.65715,51.68291000000001,3571552.0
2025-04-14,55.233650000000004,55.233650000000004,52.86649,54.4446,1567048.0
2025-04-15,53.57664,53.89226,50.65715,50.65715,1569478.0
2025-04-16,49.315760000000004,51.28839,47.18532,47.18532,1786755.0
2025-04-17,44.975970000000004,48.13218,44.818160000000006,46.08064,1204888.0
2025-04-18,47.50094,48.52671,47.02751,47.97437,729328.0
2025-04-21,47.97437,47.97437,45.76502,47.42203,477173.0
2025-04-22,46.00174,46.9486,44.10801,44.26582,1494420.0
2025-04-23,45.13378,46.55408,44.344730000000006,45.922830000000005,645168.0
2025-04-24,46.71189,49.07904,46.55408,49.07904,956778.0
2025-04-25,49.315760000000004,50.18372,48.52671,48.60561,598699.0
2025-04-28,49.63138,49.63138,48.05327,49.315760000000004,370914.0
2025-04-29,48.368900000000004,50.10481,48.368900000000004,50.10481,309480.0
2025-05-05,50.10481,52.07744,50.10481,52.07744,600483.0
2025-05-06,52.47197,52.47197,51.05167,51.76182,398577.0
2025-05-07,51.5251,52.39306,51.05167,52.07744,352919.0
2025-05-08,52.47197,53.734449999999995,51.76182,53.734449999999995,1095380.0
2025-05-09,54.05007,54.05007,52.787589999999994,53.10321,390723.0
2025-05-12,52.9454,55.15474,52.787589999999994,55.15474,737884.0
2025-05-13,56.180510000000005,56.25942,55.15474,55.707080000000005,879103.0
2025-05-14,55.707080000000005,55.707080000000005,54.83912,54.99693,615886.0
2025-05-15,55.153949999999995,55.79156,53.87871,55.074239999999996,447646.0
2025-05-16,54.75544,55.31335,54.03812,54.11782,508164.0
2025-05-19,53.79901,53.79901,52.125260000000004,52.36437,637462.0
2025-05-20,52.444069999999996,53.87871,52.444069999999996,53.87871,375352.0
2025-05-21,53.95841,53.95841,52.603480000000005,52.68318,377965.0
2025-05-22,52.68318,52.842580000000005,51.80645,51.80645,489984.0
2025-05-23,51.88615,52.603480000000005,51.56735,51.88615,319703.0
2025-05-26,51.80645,54.99454,51.40794,54.99454,593695.0
2025-05-27,55.632160000000006,55.632160000000006,54.436629999999994,55.074239999999996,369229.0
2025-05-28,55.39305,56.19008,54.11782,54.59603,714496.0
2025-05-29,55.871269999999996,57.38561,55.47276,56.588589999999996,760144.0
2025-05-30,56.19008,56.19008,54.59603,54.67573,346010.0
2025-06-02,54.67573,55.233650000000004,54.11782,55.074239999999996,365282.0
2025-06-03,55.233650000000004,55.871269999999996,54.99454,55.233650000000004,386466.0
2025-06-04,55.71186,55.871269999999996,54.91484,54.91484,320070.0
2025-06-05,54.91484,56.03067,54.67573,55.39305,514390.0
2025-06-06,55.79156,55.79156,53.95841,53.95841,497282.0
2025-06-09,53.6396,53.79901,51.08913,51.40794,798658.0
2025-06-10,51.00943,52.045559999999995,51.00943,51.40794,427266.0
2025-06-11,51.80645,51.96586,51.24854,51.24854,312780.0
2025-06-12,51.80645,52.36437,51.48764,51.88615,170635.0
2025-06-13,48.937169999999995,51.72675,48.937169999999995,51.32824,327951.0
2025-06-16,51.32824,52.20496,51.24854,51.72675,315618.0
2025-06-17,52.52377,52.52377,51.64705,51.80645,286248.0
2025-06-18,52.045559999999995,52.20496,51.48764,51.48764,247148.0
2025-06-19,51.56735,53.00199,51.48764,52.20496,398265.0
2025-06-20,52.045559999999995,52.36437,50.929730000000006,50.929730000000006,1099045.0
2025-06-23,51.16883,54.03812,51.16883,53.4005,596036.0
2025-06-24,53.87871,54.59603,53.4005,53.5599,984834.0
2025-06-25,53.71931,54.75544,53.6396,54.27722,749511.0
2025-06-26,54.75544,55.552459999999996,54.59603,54.91484,793065.0
2025-06-27,55.39305,55.39305,54.19752,54.356919999999995,521624.0
2025-06-30,54.436629999999994,55.153949999999995,54.436629999999994,54.83514,433649.0
2025-07-01,54.75544,56.11037,54.59603,55.074239999999996,663629.0
2025-07-02,55.552459999999996,58.89995,55.233650000000004,58.89995,1427294.0
2025-07-03,57.38561,57.78412,54.83514,54.91484,2294752.0
2025-07-04,55.79156,55.79156,53.6396,54.99454,1136629.0
2025-07-07,56.588589999999996,57.94352,55.552459999999996,56.26978,1108935.0
2025-07-08,58.10293,58.10293,56.827690000000004,57.2262,949330.0
2025-07-09,57.78412,57.78412,56.26978,56.50888,534185.0
2025-07-10,56.42918,57.38561,56.34948,56.588589999999996,622957.0
2025-07-11,56.74799,57.2262,56.11037,56.34948,634579.0
2025-07-14,57.28369,57.375339999999994,55.908879999999996,57.00873,656793.0
2025-07-15,57.28369,57.55865,56.64211,56.64211,595751.0
2025-07-16,56.55046,56.64211,56.00054,56.36715,465217.0
2025-07-17,56.55046,57.65031,56.36715,56.64211,665767.0
2025-07-18,56.82542,57.83361,56.2755,56.36715,1220782.0
2025-07-21,56.82542,58.10858,56.36715,57.375339999999994,912066.0
2025-07-22,57.28369,57.92527,57.00873,57.55865,538171.0
2025-07-23,57.74196,58.6585,57.375339999999994,58.6585,860668.0
2025-07-24,60.21661,62.691269999999996,59.57504,62.691269999999996,1847579.0
2025-07-25,62.59962,63.14954,61.86639,62.049690000000005,687011.0
2025-07-28,62.141349999999996,62.691269999999996,61.408120000000004,61.408120000000004,884694.0
2025-07-29,61.49977,62.141349999999996,58.10858,60.39992,1415317.0
2025-07-30,59.75835,60.21661,58.841809999999995,59.75835,550649.0
2025-07-31,61.683080000000004,62.78292,59.85,61.683080000000004,1772627.0
2025-08-01,61.683080000000004,61.683080000000004,59.30008,59.39173,717981.0
2025-08-04,59.57504,59.94165,58.750150000000005,59.20842,469729.0
2025-08-05,60.03331,60.85819,57.74196,58.475190000000005,1107544.0
2025-08-06,59.116769999999995,59.48338,58.38354,59.02511,478068.0
2025-08-07,60.94985,61.683080000000004,60.30827,60.85819,1158474.0
2025-08-08,61.774730000000005,61.774730000000005,59.39173,60.21661,653052.0
2025-08-11,60.21661,62.32465,60.03331,61.408120000000004,837730.0
2025-08-12,62.141349999999996,62.141349999999996,60.39992,60.94985,580960.0
2025-08-13,61.22481,62.96623,61.0415,61.86639,1303101.0
2025-08-14,61.86639,61.958040000000004,60.674879999999995,61.13315,461403.0
2025-08-15,60.94985,61.13315,58.93346,59.02511,1127570.0
2025-08-18,58.841809999999995,60.03331,58.6585,59.02511,403725.0
2025-08-19,59.02511,59.48338,58.841809999999995,59.02511,492256.0
2025-08-20,59.02511,59.116769999999995,57.28369,57.65031,748452.0
2025-08-21,57.74196,59.20842,56.36715,57.100379999999994,707286.0
2025-08-22,56.82542,56.82542,53.70919,53.800839999999994,829722.0
2025-08-25,53.98415,55.45061,52.97596,52.97596,273306.0
2025-08-26,52.97596,54.0758,52.51769,53.70919,271204.0
2025-08-27,54.0758,54.900690000000004,53.8925,54.25911,443283.0
2025-08-28,54.80903,55.358959999999996,54.44242,54.71738,186782.0
2025-08-29,54.99234,54.99234,53.98415,53.98415,311619.0
2025-09-03,53.98415,54.99234,53.8925,54.71738,217503.0
2025-09-04,54.99234,56.2755,54.99234,55.72557,304466.0
2025-09-05,56.09219,57.92527,56.00054,56.00054,669431.0
2025-09-08,56.09219,56.458800000000004,54.53407,54.53407,358109.0
2025-09-09,54.53407,55.084,53.70919,53.800839999999994,210839.0
2025-09-10,53.98415,54.16746,52.97596,53.15926,317032.0
2025-09-11,53.15926,53.70919,52.334379999999996,53.34257,237201.0
2025-09-12,53.52588,54.71738,53.52588,54.25911,239387.0
2025-09-15,54.99234,55.908879999999996,54.44242,55.908879999999996,366412.0
2025-09-16,56.18384,56.2755,54.80903,55.175650000000005,322045.0
2025-09-17,54.99234,55.175650000000005,53.61753,53.800839999999994,495309.0
2025-09-18,54.0758,54.0758,53.34257,53.800839999999994,261967.0
2025-09-19,53.800839999999994,54.0758,52.70099,52.70099,414822.0
2025-09-22,52.97596,53.34257,52.609339999999996,52.79265,391070.0
2025-09-23,53.15926,53.70919,52.51769,52.79265,202950.0
2025-09-24,52.79265,53.06761,52.24273,52.51769,398636.0
2025-09-25,53.15926,53.25092,52.70099,52.8843,218800.0
2025-09-26,52.97596,53.34257,52.609339999999996,52.70099,232907.0
2025-09-29,52.609339999999996,52.79265,51.326190000000004,51.326190000000004,491048.0
2025-09-30,51.87611,51.87611,50.13469,50.59296,528958.0
2025-10-01,50.86792,51.326190000000004,50.59296,50.86792,389822.0
2025-10-02,51.692800000000005,51.692800000000005,50.13469,50.22633999999999,414526.0
2025-10-03,50.59296,50.59296,49.3098,49.40145,247874.0
2025-10-06,49.67642,51.14288,49.67642,51.14288,192124.0
2025-10-07,51.326190000000004,51.326190000000004,50.22633999999999,50.317989999999995,237189.0
2025-10-08,50.95957,51.05122,50.04303,50.317989999999995,185388.0
2025-10-09,50.317989999999995,50.86792,50.04303,50.86792,163459.0
2025-10-10,50.59296,51.50949,50.59296,50.86792,249550.0
2025-10-13,50.68461,51.50949,50.13469,50.68461,173353.0
2025-10-14,50.95957,50.95957,50.04303,50.5013,320586.0
2025-10-15,50.68461,50.68461,49.40145,49.49311,287162.0
2025-10-16,49.49311,49.95138,49.21815,49.49311,178707.0
2025-10-17,49.49311,49.95138,49.034839999999996,49.12649,195254.0
2025-10-20,49.21815,49.49311,45.82695,45.82695,276760.0
2025-10-21,46.46853,47.38507,46.01026,47.20176,480162.0
2025-10-22,48.66822,50.04303,47.29341,48.026650000000004,1041237.0
2025-10-23,49.3098,49.3098,48.393260000000005,48.94318,138984.0
2025-10-24,49.3098,49.3098,47.75168,48.85153,160273.0
2025-10-27,50.77626,50.86792,49.67642,49.95138,372238.0
2025-10-28,50.5013,50.5013,49.034839999999996,50.40965,1044152.0
2025-10-29,50.40965,52.70099,50.317989999999995,51.87611,490346.0
2025-10-30,51.50949,52.334379999999996,51.41784,51.601150000000004,175011.0
2025-10-31,52.059419999999996,52.334379999999996,51.326190000000004,51.601150000000004,265228.0
2025-11-03,51.87611,52.97596,51.41784,51.784459999999996,372381.0
2025-11-04,51.784459999999996,51.87611,49.3098,51.326190000000004,269713.0
2025-11-05,51.50949,51.784459999999996,50.68461,51.23453,230724.0
2025-11-06,51.23453,52.79265,51.14288,51.784459999999996,355589.0
2025-11-07,51.784459999999996,52.15107,50.22633999999999,50.40965,189399.0
2025-11-10,50.40965,50.68461,49.49311,50.40965,220035.0
2025-11-11,50.40965,50.40965,49.76807,49.76807,91240.0
2025-11-12,50.68461,50.77626,49.85972,50.77626,143403.0
2025-11-13,50.77626,53.61753,50.68461,53.15926,1043402.0
2025-11-14,52.70099,54.35077,52.51769,54.0758,542558.0
2025-11-17,54.44242,55.72557,53.34257,55.45061,1008919.0
2025-11-18,55.542269999999995,55.542269999999995,54.25911,54.71738,311404.0
2025-11-19,54.81336,54.81336,53.694720000000004,53.88116,281352.0
2025-11-20,53.88116,54.0676,53.135400000000004,54.0676,204540.0
2025-11-21,54.25404,54.72014,53.41506,53.78794,235129.0
2025-11-24,54.34726,54.34726,51.92354,53.135400000000004,789863.0
2025-11-25,52.762519999999995,53.88116,51.83032,53.135400000000004,395029.0
2025-11-26,53.135400000000004,53.78794,52.6693,53.78794,264303.0
2025-11-27,53.78794,53.78794,52.762519999999995,53.135400000000004,279202.0
2025-11-28,53.04218,53.04218,52.016760000000005,52.762519999999995,299248.0
2025-12-01,52.6693,52.85574,51.271,52.203199999999995,474252.0
2025-12-02,52.016760000000005,52.10998,51.17778,52.016760000000005,313681.0
2025-12-03,52.10998,52.576080000000005,51.7371,52.576080000000005,390462.0
2025-12-04,52.576080000000005,53.04218,52.016760000000005,52.10998,348062.0
2025-12-05,52.38964,52.38964,51.271,51.457440000000005,263055.0
2025-12-08,51.17778,51.457440000000005,50.52524,51.084559999999996,434107.0
2025-12-09,50.8049,51.084559999999996,49.49982,49.872699999999995,455241.0
2025-12-10,49.872699999999995,49.96592,49.49982,49.77948000000001,186448.0
2025-12-11,49.77948000000001,50.8049,49.59304,50.338800000000006,167329.0
2025-12-12,50.338800000000006,50.338800000000006,49.22016000000001,49.4066,135652.0
2025-12-15,49.22016000000001,49.4066,48.101519999999994,48.567620000000005,275759.0
2025-12-16,48.9405,48.9405,47.0761,48.66083999999999,383235.0
2025-12-17,48.754059999999996,49.22016000000001,48.194739999999996,48.4744,174547.0
2025-12-18,48.4744,48.4744,47.542199999999994,47.82186,244603.0
2025-12-19,47.82186,48.66083999999999,47.82186,48.66083999999999,212768.0
2025-12-22,48.38118,48.9405,48.38118,48.754059999999996,224673.0
2025-12-23,49.313379999999995,49.313379999999995,48.4744,48.66083999999999,244252.0
2025-12-24,48.84728,48.9405,48.4744,48.84728,119765.0
2025-12-25,48.84728,48.9405,47.82186,48.008300000000006,285189.0
2025-12-26,47.542199999999994,48.194739999999996,47.26254,47.82186,186258.0
2025-12-29,47.82186,48.84728,47.82186,48.567620000000005,182925.0
2025-12-30,48.567620000000005,48.9405,48.28796,48.28796,125998.0
2025-12-31,48.38118,50.15236,48.28796,49.03372,271148.0
2026-01-05,49.872699999999995,49.872699999999995,48.38118,48.4744,160280.0
2026-01-06,48.4744,49.77948000000001,48.28796,48.84728,308934.0
2026-01-07,48.9405,51.271,48.9405,50.61846,431194.0
2026-01-08,51.271,51.7371,50.245580000000004,50.61846,409805.0
2026-01-09,50.8049,52.85574,50.8049,52.203199999999995,514288.0
2026-01-12,52.29642,52.38964,51.36422,51.83032,448645.0
2026-01-13,52.203199999999995,52.48286,51.17778,51.7371,488638.0
2026-01-14,51.83032,53.135400000000004,51.7371,52.6693,1022680.0
2026-01-15,52.48286,53.78794,52.48286,53.22862,560997.0
2026-01-16,53.22862,53.6015,52.94896,53.321839999999995,430622.0
2026-01-19,53.321839999999995,56.77098,53.22862,54.9998,1330413.0
2026-01-20,54.9998,55.55912,53.321839999999995,53.321839999999995,802541.0
2026-01-21,53.321839999999995,53.6015,51.83032,52.29642,849273.0
2026-01-22,53.135400000000004,54.62692,52.6693,54.16082,795457.0
2026-01-23,54.62692,54.62692,53.135400000000004,54.0676,500431.0
2026-01-26,54.0676,54.25404,52.203199999999995,52.29642,462776.0
2026-01-27,52.10998,53.6015,52.10998,53.6015,347389.0
2026-01-28,54.0676,54.44048,52.38964,53.135400000000004,462935.0
2026-01-29,54.0676,54.72014,53.22862,54.62692,620417.0
2026-01-30,55.093019999999996,57.51674,55.093019999999996,56.8642,1725988.0
2026-02-02,57.3303,57.7964,56.11844,56.8642,591637.0
2026-02-03,56.95742,60.49978,56.95742,60.1269,2280495.0
2026-02-04,60.22012,62.4574,58.54216,59.6608,1241415.0
2026-02-05,59.56758,60.49978,58.2625,58.2625,1012184.0
2026-02-06,57.88962,58.16928,55.74556,55.932,1010731.0
2026-02-09,56.025220000000004,56.8642,55.652339999999995,55.932,472641.0
2026-02-10,56.025220000000004,56.11844,53.135400000000004,53.6015,698190.0
2026-02-11,53.78794,54.81336,53.78794,54.62692,249280.0
2026-02-12,54.533699999999996,55.55912,54.533699999999996,55.37268,320345.0
2026-02-13,55.465900000000005,56.21166,54.72014,55.27946,309303.0
2026-02-23,56.3981,56.95742,56.11844,56.3981,363577.0
2026-02-24,56.67776,58.2625,56.21166,58.16928,606295.0
2026-02-25,58.16928,59.47436,57.3303,58.63538,762316.0
2026-02-26,58.63538,58.91504,57.982839999999996,58.91504,369465.0
2026-02-27,58.91504,58.91504,57.60996,57.982839999999996,332692.0
2026-03-02,56.3981,59.00826,56.025220000000004,57.7964,910338.0
2026-03-03,57.70318,58.2625,55.465900000000005,55.932,516494.0
2026-03-04,55.465900000000005,56.584540000000004,53.88116,55.093019999999996,1128035.0
2026-03-05,55.55912,56.67776,54.0676,54.0676,324202.0
2026-03-06,54.72014,55.652339999999995,54.0676,54.34726,2773702.0
2026-03-09,51.457440000000005,52.762519999999995,50.61846,50.61846,894312.0
2026-03-10,51.92354,53.04218,51.643879999999996,52.38964,223924.0
2026-03-11,52.6693,54.533699999999996,52.38964,54.0676,202090.0
2026-03-12,53.50828,54.81336,53.50828,53.78794,260780.0
2026-03-13,53.78794,54.72014,53.694720000000004,54.34726,286770.0
2026-03-16,54.25404,54.81336,53.321839999999995,53.694720000000004,186215.0
2026-03-17,53.78794,54.81336,53.694720000000004,53.694720000000004,130643.0
2026-03-18,53.694720000000004,54.25404,53.04218,53.22862,176458.0
2026-03-19,52.85574,55.465900000000005,52.29642,54.81336,545361.0
2026-03-20,54.81336,54.81336,51.271,51.271,573972.0
2026-03-23,51.457440000000005,52.10998,50.61846,51.17778,370819.0
2026-03-24,51.55066,53.135400000000004,51.457440000000005,51.83032,154433.0
2026-03-25,52.10998,53.41506,52.10998,52.94896,159348.0
2026-03-26,52.94896,53.04218,52.38964,52.48286,119907.0
2026-03-27,52.762519999999995,54.44048,52.576080000000005,54.0676,318541.0
2026-03-30,53.135400000000004,56.30488,53.135400000000004,55.932,584373.0
2026-03-31,55.932,57.05064,55.18624,57.05064,489038.0
2026-04-01,57.3303,57.7964,56.95742,57.23708,244721.0
2026-04-02,56.49132,56.8642,55.932,56.77098,188881.0
2026-04-03,57.05064,57.3303,55.37268,55.37268,246463.0
2026-04-06,55.37268,56.77098,54.34726,56.77098,256227.0
2026-04-07,56.584540000000004,56.584540000000004,54.62692,56.30488,216114.0
2026-04-08,57.23708,57.3303,56.11844,57.143860000000004,375398.0
2026-04-09,57.143860000000004,57.60996,56.025220000000004,57.23708,348553.0
2026-04-10,57.423519999999996,57.423519999999996,56.584540000000004,56.67776,191386.0
2026-04-13,56.49132,57.3303,56.21166,57.3303,244475.0
2026-04-14,57.60996,57.7964,56.49132,56.49132,207078.0
2026-04-15,56.49132,57.3303,56.49132,56.77098,243446.0
2026-04-16,56.8642,57.3303,56.30488,57.3303,197923.0
2026-04-17,57.3303,58.2625,56.95742,57.70318,211862.0
2026-04-20,57.70318,57.70318,56.49132,57.143860000000004,151713.0
2026-04-21,57.143860000000004,57.143860000000004,56.025220000000004,56.025220000000004,202797.0
2026-04-22,56.11844,56.3981,54.72014,55.37268,371948.0
2026-04-23,55.37268,55.74556,53.694720000000004,54.25404,557348.0
2026-04-24,54.25404,56.30488,54.25404,56.21166,223622.0
2026-04-28,56.21166,56.584540000000004,55.093019999999996,56.584540000000004,131904.0
2026-04-29,56.21166,56.584540000000004,55.27946,56.584540000000004,141765.0
2026-05-04,56.584540000000004,56.584540000000004,55.465900000000005,56.49132,218402.0
2026-05-05,56.584540000000004,56.584540000000004,55.37268,55.932,239592.0
2026-05-06,55.55912,56.11844,55.18624,56.025220000000004,278936.0
2026-05-07,55.652339999999995,55.932,54.9998,54.9998,357530.0
2026-05-08,54.62692,55.465900000000005,54.25404,54.62692,298770.0
2026-05-11,55.27946,55.465900000000005,54.81336,55.465900000000005,346361.0
2026-05-12,55.55912,55.652339999999995,54.533699999999996,54.81336,407997.0
2026-05-13,55.093019999999996,55.465900000000005,54.533699999999996,54.9998,398248.0
2026-05-14,55.8,55.8,54.1,54.9,333720.0
2026-05-15,55.4,55.4,53.8,54.0,254059.0
2026-05-18,53.2,53.7,52.5,53.4,370814.0
2026-05-19,53.2,53.5,52.2,52.3,225639.0
2026-05-20,52.7,53.0,50.0,52.0,276243.0
2026-05-21,52.1,52.3,51.5,52.0,149806.0
2026-05-22,51.8,52.0,51.5,52.0,214290.0
2026-05-25,52.0,52.5,51.8,51.9,177058.0
2026-05-26,51.8,52.0,51.2,51.8,166401.0
2026-05-27,51.8,52.1,51.2,51.8,221000.0
2026-05-28,51.8,51.8,51.0,51.3,201800.0
2026-05-29,51.2,51.7,51.0,51.7,49000.0
2026-06-01,52.0,52.2,50.9,51.6,183600.0
2026-06-02,51.6,51.6,50.6,50.8,233100.0
2026-06-03,51.0,51.0,50.7,51.0,142900.0
2026-06-04,51.3,51.3,50.6,51.0,151600.0
2026-06-05,51.0,51.1,50.7,51.0,82400.0
2026-06-08,50.9,50.9,49.95,50.0,235900.0
2026-06-09,50.2,50.2,49.7,49.8,256800.0
2026-06-10,49.8,51.0,49.55,51.0,490700.0
2026-06-11,51.0,52.0,50.7,52.0,122900.0
2026-06-12,52.3,52.5,51.5,52.0,151800.0
2026-06-15,52.0,52.5,51.4,51.6,544500.0
2026-06-16,51.6,52.0,51.0,51.3,530900.0
2026-06-17,51.3,51.9,51.2,51.2,146200.0
2026-06-18,51.5,52.0,50.9,51.2,202800.0
2026-06-19,51.4,51.5,50.8,51.3,54800.0
2026-06-22,51.4,51.4,50.3,50.5,147700.0
2026-06-23,50.5,50.8,50.1,50.2,63600.0
2026-06-24,50.5,50.5,50.0,50.0,129900.0
2026-06-25,50.2,50.3,49.95,50.2,40500.0
2026-06-26,50.1,50.4,50.0,50.1,28700.0
2026-06-29,50.1,50.5,50.1,50.3,22700.0
2026-06-30,50.7,50.7,50.0,50.3,133400.0
2026-07-01,50.2,50.5,49.95,50.0,159000.0
2026-07-02,49.95,50.4,49.95,50.0,140900.0
2026-07-03,49.95,50.0,49.8,49.95,58100.0
2026-07-06,50.2,50.2,49.5,49.75,54300.0
2026-07-07,50.1,50.1,49.55,49.7,76200.0
2026-07-08,49.7,50.0,49.6,49.9,42900.0
2026-07-09,49.8,49.9,49.5,49.5,85200.0
2026-07-10,49.5,49.8,49.35,49.6,26600.0
2026-07-13,49.6,49.65,49.1,49.25,92800.0
2026-07-14,49.1,49.6,49.0,49.5,58900.0
2026-07-15,49.5,49.5,49.0,49.0,48000.0
2026-07-16,49.0,49.15,47.9,48.05,103500.0
2026-07-17,48.1,48.95,48.1,48.45,38800.0
2026-07-20,48.5,48.5,46.95,46.95,149400.0
2026-07-21,46.85,47.35,46.8,46.95,71300.0
2026-07-22,46.95,47.2,46.4,46.8,55100.0
2026-07-23,46.8,47.5,46.1,46.75,112500.0
2026-07-24,46.75,47.2,46.55,46.7,91300.0
2026-07-27,46.7,47.25,46.5,46.6,138600.0
2026-07-28,46.2,47.15,46.2,47.15,61600.0
2026-07-29,47.25,47.35,46.9,47.1,42900.0
2026-07-30,47.15,48.2,47.15,48.2,71100.0
2026-07-31,48.7,48.7,48.1,48.1,75800.0
2026-08-03,48.55,49.75,48.55,49.65,108800.0
2026-08-04,49.65,51.2,49.45,51.0,200400.0
2026-08-05,51.0,51.7,50.8,51.0,187500.0
2026-08-06,51.1,51.1,50.0,50.1,75100.0
2026-08-07,49.7,51.7,49.7,50.9,102600.0
2026-08-10,51.0,51.2,50.6,51.1,56800.0
2026-08-11,51.1,51.4,50.8,50.9,70300.0
2026-08-12,50.9,51.1,50.7,51.1,60100.0
2026-08-13,51.2,51.6,50.8,50.9,81300.0
2026-08-14,51.4,51.4,50.0,50.0,66900.0
2026-08-17,49.7,50.4,49.5,49.9,120900.0
2026-08-18,49.95,50.2,49.4,49.4,167700.0
2026-08-19,49.1,49.7,49.1,49.7,80100.0
2026-08-20,49.6,49.9,48.8,49.3,88100.0
2026-08-21,49.15,50.0,48.8,49.9,55100.0
2026-08-24,50.0,50.4,49.9,50.0,37100.0
2026-08-25,50.3,50.5,49.5,49.5,48300.0
2026-08-26,49.8,50.3,49.5,49.8,34300.0
2026-08-27,49.8,50.2,49.5,50.0,94800.0
2026-08-28,50.0,50.2,49.35,49.45,134000.0
2026-09-03,49.45,49.8,48.9,49.2,144700.0
2026-09-04,49.65,49.65,48.9,48.9,60600.0
2026-09-07,49.0,49.45,48.9,48.9,68000.0
2026-09-08,48.9,49.05,48.8,48.8,27700.0
2026-09-09,48.95,49.2,48.8,49.0,87700.0
2026-09-10,48.9,49.2,48.9,49.0,50200.0
2026-09-11,49.05,49.1,48.5,48.5,44900.0
2026-09-14,48.6,48.8,45.15,47.75,79400.0
2026-09-15,48.0,48.3,47.55,47.85,81000.0
2026-09-16,48.4,48.8,48.0,48.4,41300.0
2026-09-17,48.0,48.8,48.0,48.55,18900.0
2026-09-18,48.8,50.2,48.75,49.5,192700.0
2026-09-21,49.5,50.2,49.5,49.5,43600.0
2026-09-22,49.5,50.4,49.5,50.2,80600.0
2026-09-23,50.5,51.1,50.1,50.2,44700.0
2026-09-24,50.2,50.4,49.9,50.0,70900.0
2026-09-25,50.0,50.2,49.7,50.0,38800.0
2026-09-28,49.4,49.9,49.05,49.15,93600.0
2026-09-29,49.35,49.45,48.8,49.05,82000.0
2026-09-30,49.05,49.9,49.05,49.1,50300.0
2026-10-01,49.1,49.5,48.8,49.25,158600.0
2026-10-02,49.25,49.3,48.6,48.6,62800.0
