,open,high,low,close,volume
2020-05-08,4.3165,4.38765,4.28092,4.29278,168160.0
2020-05-11,4.29278,4.5062299999999995,4.29278,4.44694,137630.0
2020-05-12,4.4588,4.75526,4.39951,4.75526,353420.0
2020-05-13,4.76712,5.0873,4.7078299999999995,5.0873,346820.0
2020-05-14,5.33633,5.33633,5.0873,5.18217,652330.0
2020-05-15,5.00429,5.18217,4.933140000000001,5.18217,338510.0
2020-05-18,4.98058,5.170310000000001,4.95686,5.0991599999999995,102210.0
2020-05-19,5.19403,5.24146,5.0991599999999995,5.21775,310870.0
2020-05-20,5.21775,5.21775,5.12288,5.20589,136380.0
2020-05-21,5.19403,5.21775,5.12288,5.170310000000001,161530.0
2020-05-22,5.20589,5.21775,4.98058,4.98058,166670.0
2020-05-25,4.98058,5.051729999999999,4.933140000000001,4.98058,77950.0
2020-05-26,4.98058,5.00429,4.90942,5.00429,238050.0
2020-05-27,5.0754399999999995,5.0991599999999995,4.95686,4.95686,74930.0
2020-05-28,4.98058,5.0873,4.88571,4.89757,88230.0
2020-05-29,4.88571,4.933140000000001,4.86199,4.89757,123320.0
2020-06-01,4.933140000000001,5.0754399999999995,4.933140000000001,5.051729999999999,150440.0
2020-06-02,5.051729999999999,5.0991599999999995,4.98058,4.98058,125520.0
2020-06-03,4.98058,5.24146,4.98058,5.20589,546590.0
2020-06-04,5.21775,5.24146,5.19403,5.21775,313230.0
2020-06-05,5.19403,5.24146,5.170310000000001,5.20589,323580.0
2020-06-08,5.14659,5.21775,5.14659,5.170310000000001,132990.0
2020-06-09,5.170310000000001,5.170310000000001,5.0991599999999995,5.13474,42790.0
2020-06-10,5.13474,5.21775,5.13474,5.21775,126730.0
2020-06-11,5.21775,5.2533199999999995,4.88571,4.88571,126510.0
2020-06-12,4.57739,4.98058,4.57739,4.98058,149330.0
2020-06-15,4.98058,4.98058,4.81456,4.81456,82650.0
2020-06-16,4.81456,4.98058,4.81456,4.98058,67860.0
2020-06-17,4.98058,4.98058,4.87385,4.87385,19700.0
2020-06-18,4.8382700000000005,4.90942,4.8382700000000005,4.89757,20140.0
2020-06-19,4.90942,4.98058,4.85013,4.98058,82100.0
2020-06-22,4.96872,5.051729999999999,4.86199,4.96872,122470.0
2020-06-23,5.0754399999999995,5.0754399999999995,4.921279999999999,5.051729999999999,145090.0
2020-06-24,4.95686,5.051729999999999,4.95686,5.03987,148580.0
2020-06-25,4.945,5.00429,4.88571,4.98058,75010.0
2020-06-26,4.90942,5.01615,4.90942,5.01615,59750.0
2020-06-29,4.98058,4.98058,4.81456,4.945,90490.0
2020-06-30,4.945,4.945,4.88571,4.88571,35420.0
2020-07-01,4.88571,4.95686,4.86199,4.945,23010.0
2020-07-02,4.86199,4.945,4.86199,4.933140000000001,33440.0
2020-07-03,4.933140000000001,4.933140000000001,4.88571,4.88571,22730.0
2020-07-06,4.921279999999999,4.95686,4.89757,4.95686,55120.0
2020-07-07,4.98058,5.051729999999999,4.96872,4.96872,85360.0
2020-07-08,4.96872,5.14659,4.96872,5.0754399999999995,79230.0
2020-07-09,5.0991599999999995,5.2889,5.0991599999999995,5.20589,214960.0
2020-07-10,5.0991599999999995,5.20589,5.0991599999999995,5.14659,67580.0
2020-07-13,5.170310000000001,5.312609999999999,5.0991599999999995,5.170310000000001,83070.0
2020-07-14,5.170310000000001,5.170310000000001,5.0873,5.14659,34430.0
2020-07-15,5.15845,5.18217,5.12288,5.13474,22780.0
2020-07-16,5.13474,5.26518,5.0873,5.24146,116430.0
2020-07-17,5.18217,5.24146,5.18217,5.21775,63130.0
2020-07-20,5.21775,5.21775,5.18217,5.18217,30750.0
2020-07-21,5.18217,5.18217,5.06358,5.0991599999999995,71650.0
2020-07-22,5.170310000000001,5.170310000000001,5.00429,5.0991599999999995,59360.0
2020-07-23,5.12288,5.12288,4.98058,5.0754399999999995,67290.0
2020-07-24,5.02801,5.170310000000001,4.86199,4.90942,155090.0
2020-07-27,4.601100000000001,4.8382700000000005,4.601100000000001,4.62482,101280.0
2020-07-28,4.62482,4.945,4.62482,4.945,211440.0
2020-07-29,4.79084,4.86199,4.67225,4.81456,65230.0
2020-07-30,4.743399999999999,4.86199,4.743399999999999,4.86199,16870.0
2020-07-31,4.69597,4.88571,4.69597,4.88571,35190.0
2020-08-03,4.90942,4.90942,4.88571,4.89757,23300.0
2020-08-04,4.98058,5.0991599999999995,4.89757,4.95686,75210.0
2020-08-05,5.0991599999999995,5.0991599999999995,4.933140000000001,4.98058,26400.0
2020-08-06,4.98058,4.98058,4.921279999999999,4.98058,51960.0
2020-08-07,5.02801,5.02801,4.933140000000001,4.95686,22300.0
2020-08-10,4.95686,5.00429,4.95686,4.98058,63600.0
2020-08-11,5.00429,5.00429,4.95686,5.00429,38000.0
2020-08-12,5.00429,5.02801,4.98058,5.00429,41650.0
2020-08-13,5.06358,5.06358,5.01615,5.06358,12850.0
2020-08-14,5.00429,5.0754399999999995,4.992430000000001,4.992430000000001,26190.0
2020-08-17,4.933140000000001,5.00429,4.933140000000001,4.992430000000001,31080.0
2020-08-18,5.051729999999999,5.051729999999999,4.945,5.00429,70860.0
2020-08-19,5.051729999999999,5.051729999999999,4.95686,5.01615,25160.0
2020-08-20,4.95686,5.0754399999999995,4.95686,5.0754399999999995,150390.0
2020-08-21,5.12288,5.24146,5.12288,5.21775,219380.0
2020-08-24,5.36005,5.39562,5.2889,5.312609999999999,457370.0
2020-08-25,5.312609999999999,5.32447,5.26518,5.32447,281750.0
2020-08-26,5.33633,5.33633,5.2889,5.2889,150080.0
2020-08-27,5.312609999999999,5.312609999999999,5.21775,5.2889,128510.0
2020-08-28,5.312609999999999,5.312609999999999,5.2533199999999995,5.2889,266980.0
2020-08-31,5.312609999999999,5.36005,5.2889,5.33633,214630.0
2020-09-01,5.3837600000000005,5.62093,5.36005,5.54978,565870.0
2020-09-03,5.54978,5.59722,5.45492,5.58536,375140.0
2020-09-04,5.52607,5.54978,5.45492,5.490489999999999,378370.0
2020-09-07,5.490489999999999,5.54978,5.40748,5.40748,1393600.0
2020-09-08,5.40748,5.47863,5.40748,5.44306,1094670.0
2020-09-09,5.40748,5.46677,5.37191,5.45492,1336480.0
2020-09-10,5.46677,5.52607,5.45492,5.51421,1455720.0
2020-09-11,5.502350000000001,5.502350000000001,5.45492,5.490489999999999,1144310.0
2020-09-14,5.502350000000001,5.52607,5.45492,5.46677,1036980.0
2020-09-15,5.45492,5.47863,5.41934,5.44306,1276570.0
2020-09-16,5.45492,5.46677,5.41934,5.44306,1310010.0
2020-09-17,5.44306,5.46677,5.41934,5.44306,1330110.0
2020-09-18,5.44306,5.68023,5.41934,5.63279,2844100.0
2020-09-21,5.69209,5.703939999999999,5.60908,5.62093,1445490.0
2020-09-22,5.59722,5.81067,5.59722,5.6683699999999995,2864060.0
2020-09-23,5.6683699999999995,5.739520000000001,5.62093,5.62093,1634160.0
2020-09-24,5.62093,5.6683699999999995,5.60908,5.6446499999999995,1428130.0
2020-09-25,5.6446499999999995,5.65651,5.5735,5.5735,1447080.0
2020-09-28,5.5735,5.69209,5.5735,5.62093,1006930.0
2020-09-29,5.6446499999999995,5.6683699999999995,5.52607,5.52607,1121300.0
2020-09-30,5.5735,5.60908,5.53793,5.561640000000001,2843160.0
2020-10-01,5.5735,5.893680000000001,5.5735,5.85811,4408980.0
2020-10-02,5.90554,5.9529700000000005,5.7158,5.893680000000001,3339580.0
2020-10-05,5.92926,6.00041,5.9174,5.96483,3570750.0
2020-10-06,5.9529700000000005,6.04784,5.893680000000001,5.9529700000000005,3513190.0
2020-10-07,5.9174,5.9529700000000005,5.85811,5.86996,2744360.0
2020-10-08,5.90554,5.92926,5.7988100000000005,5.83439,1913730.0
2020-10-09,5.83439,5.94111,5.81067,5.90554,3478130.0
2020-10-12,5.9529700000000005,5.97669,5.881819999999999,5.881819999999999,2026030.0
2020-10-13,5.881819999999999,5.94111,5.8225299999999995,5.893680000000001,1935520.0
2020-10-14,5.9174,5.96483,5.881819999999999,5.92926,3276270.0
2020-10-15,5.94111,5.9529700000000005,5.881819999999999,5.881819999999999,2932680.0
2020-10-16,5.86996,6.04784,5.85811,5.9174,3618880.0
2020-10-19,5.94111,6.09528,5.90554,6.04784,3684050.0
2020-10-20,6.071560000000001,6.14271,6.02412,6.08342,3335700.0
2020-10-21,6.08342,6.11899,5.92926,5.92926,4031080.0
2020-10-22,5.92926,5.97669,5.81067,5.97669,2022830.0
2020-10-23,5.97669,5.97669,5.84625,5.84625,2178010.0
2020-10-26,5.84625,5.893680000000001,5.69209,5.69209,1951470.0
2020-10-27,5.6683699999999995,5.69209,5.54978,5.63279,2688920.0
2020-10-28,5.58536,5.59722,5.24146,5.24146,1990850.0
2020-10-29,5.2889,5.45492,5.2889,5.39562,1949300.0
2020-10-30,5.4312,5.47863,5.312609999999999,5.40748,915230.0
2020-11-02,5.4312,5.490489999999999,5.4312,5.47863,1070100.0
2020-11-03,5.502350000000001,5.5735,5.45492,5.52607,1578820.0
2020-11-04,5.5735,5.62093,5.53793,5.60908,1800080.0
2020-11-05,5.60908,5.63279,5.54978,5.54978,1206860.0
2020-11-06,5.54978,5.58536,5.52607,5.561640000000001,921120.0
2020-11-09,5.58536,5.81067,5.58536,5.81067,3670230.0
2020-11-10,5.85811,5.881819999999999,5.69209,5.69209,1607900.0
2020-11-11,5.739520000000001,5.81067,5.69209,5.72766,1884080.0
2020-11-12,5.739520000000001,5.75138,5.69209,5.739520000000001,1254330.0
2020-11-13,5.7751,5.7988100000000005,5.72766,5.76324,1526510.0
2020-11-16,5.81067,5.83439,5.739520000000001,5.739520000000001,1617010.0
2020-11-17,5.78695,5.81067,5.72766,5.78695,1698360.0
2020-11-18,5.85811,5.893680000000001,5.8225299999999995,5.86996,2058430.0
2020-11-19,5.881819999999999,5.90554,5.84625,5.85811,1917270.0
2020-11-20,5.85811,5.881819999999999,5.8225299999999995,5.84625,1415320.0
2020-11-23,5.84625,5.85811,5.7751,5.8225299999999995,1807420.0
2020-11-24,5.90554,6.00041,5.85811,6.00041,5979860.0
2020-11-25,6.04784,6.059699999999999,5.9529700000000005,5.96483,1958840.0
2020-11-26,5.92926,5.97669,5.85811,5.881819999999999,1995910.0
2020-11-27,5.893680000000001,6.04784,5.881819999999999,6.04784,3783720.0
2020-11-30,6.432720000000001,6.46169,6.2298800000000005,6.46169,3057830.0
2020-12-01,6.374770000000001,6.65004,6.374770000000001,6.47618,2665390.0
2020-12-02,6.44721,6.47618,6.30232,6.34579,4206070.0
2020-12-03,6.331300000000001,6.34579,6.258859999999999,6.28784,2474760.0
2020-12-04,6.28784,6.432720000000001,6.24437,6.34579,2515760.0
2020-12-07,6.34579,6.432720000000001,6.331300000000001,6.374770000000001,1778380.0
2020-12-08,6.40374,6.40374,6.3602799999999995,6.38925,1964080.0
2020-12-09,6.38925,6.5196499999999995,6.374770000000001,6.50516,3548360.0
2020-12-10,6.5196499999999995,6.5196499999999995,6.432720000000001,6.432720000000001,1978540.0
2020-12-11,6.418229999999999,6.47618,6.38925,6.46169,1785650.0
2020-12-14,6.47618,6.5776,6.432720000000001,6.50516,1913000.0
2020-12-15,6.50516,6.50516,6.432720000000001,6.432720000000001,1077470.0
2020-12-16,6.47618,6.63555,6.44721,6.5776,2612110.0
2020-12-17,6.60658,6.91083,6.50516,6.80941,3057240.0
2020-12-18,6.9253100000000005,7.22956,6.8239,7.2150799999999995,3473990.0
2020-12-21,7.44688,7.70767,7.44688,7.70767,4223670.0
2020-12-22,7.7946,8.20027,7.7946,7.9974300000000005,3622360.0
2020-12-23,7.93948,8.11334,7.533810000000001,7.67869,2570550.0
2020-12-24,7.67869,7.70767,7.1426300000000005,7.533810000000001,2785860.0
2020-12-25,7.41791,7.9105,7.273029999999999,7.86704,4348120.0
2020-12-28,7.96846,8.08436,7.66421,7.7946,2166250.0
2020-12-29,7.67869,7.7946,7.62074,7.67869,1563460.0
2020-12-30,7.67869,7.82358,7.62074,7.69318,1910680.0
2020-12-31,7.76562,7.80909,7.63523,7.76562,1784030.0
2021-01-04,8.01192,8.08436,7.88153,8.055390000000001,3721100.0
2021-01-05,8.08436,8.17129,7.9974300000000005,8.040899999999999,2719500.0
2021-01-06,8.09885,8.31617,7.9974300000000005,8.11334,3750900.0
2021-01-07,8.11334,8.31617,8.055390000000001,8.21475,3874900.0
2021-01-08,8.25822,8.33066,8.14231,8.25822,4106300.0
2021-01-11,8.25822,8.33066,8.11334,8.17129,3098700.0
2021-01-12,8.21475,8.21475,7.9105,8.11334,2537300.0
2021-01-13,8.14231,8.17129,7.982939999999999,7.9974300000000005,4604600.0
2021-01-14,7.9974300000000005,8.055390000000001,7.89602,8.01192,2198600.0
2021-01-15,8.11334,8.519,8.08436,8.31617,8547500.0
2021-01-18,8.547979999999999,8.547979999999999,8.31617,8.34515,4421500.0
2021-01-19,8.4031,8.47554,7.76562,8.09885,4912800.0
2021-01-20,8.11334,8.20027,7.533810000000001,8.08436,3656500.0
2021-01-21,8.11334,8.374120000000001,7.9974300000000005,8.25822,3197000.0
2021-01-22,8.20027,8.25822,8.01192,8.02641,2745500.0
2021-01-25,8.02641,8.040899999999999,7.88153,7.9105,1988200.0
2021-01-26,7.88153,7.9105,7.533810000000001,7.73665,2712200.0
2021-01-27,7.533810000000001,7.70767,7.2150799999999995,7.273029999999999,2839900.0
2021-01-28,6.76594,7.04122,6.76594,6.76594,4594000.0
2021-01-29,6.374770000000001,7.22956,6.374770000000001,7.22956,3775400.0
2021-02-01,7.35996,7.51933,6.9398,7.05571,1379600.0
2021-02-02,7.05571,7.38893,6.95429,7.330979999999999,1646100.0
2021-02-03,7.47586,7.8380600000000005,7.41791,7.76562,1899400.0
2021-02-04,7.7946,7.7946,7.38893,7.67869,1119000.0
2021-02-05,7.59177,7.86704,7.59177,7.73665,1117600.0
2021-02-08,7.73665,7.7946,7.2440500000000005,7.59177,2133900.0
2021-02-09,7.64972,7.82358,7.50484,7.78011,1529600.0
2021-02-17,7.82358,8.02641,7.7946,8.02641,1709300.0
2021-02-18,8.055390000000001,8.06987,7.93948,8.06987,1481100.0
2021-02-19,8.02641,8.08436,7.96846,8.02641,1768000.0
2021-02-22,8.09885,8.28719,8.040899999999999,8.08436,3988300.0
2021-02-23,8.12783,8.14231,7.9974300000000005,8.09885,2963500.0
2021-02-24,8.11334,8.14231,7.76562,7.93948,1909800.0
2021-02-25,7.93948,7.96846,7.82358,7.92499,1739500.0
2021-02-26,7.82358,8.02641,7.7946,7.982939999999999,1406800.0
2021-03-01,8.11334,8.17129,8.055390000000001,8.11334,3672800.0
2021-03-02,8.25822,8.678370000000001,8.1568,8.62042,17188900.0
2021-03-03,8.663889999999999,8.98262,8.60593,8.62042,5889600.0
2021-03-04,8.63491,8.663889999999999,8.25822,8.301680000000001,4032100.0
2021-03-05,8.17129,8.4031,8.02641,8.25822,6168400.0
2021-03-08,8.359639999999999,8.461049999999998,8.229239999999999,8.25822,4699200.0
2021-03-09,8.17129,8.34515,8.055390000000001,8.229239999999999,3367100.0
2021-03-10,8.24373,8.301680000000001,8.11334,8.24373,2567700.0
2021-03-11,8.33066,8.359639999999999,8.25822,8.28719,5008800.0
2021-03-12,8.301680000000001,8.44656,8.27271,8.28719,5823500.0
2021-03-15,8.31617,8.4031,8.301680000000001,8.31617,4597200.0
2021-03-16,8.34515,8.374120000000001,8.17129,8.25822,3011500.0
2021-03-17,8.229239999999999,8.34515,8.18578,8.31617,3656000.0
2021-03-18,8.4031,8.461049999999998,8.31617,8.4031,5781900.0
2021-03-19,8.4031,8.47554,8.301680000000001,8.374120000000001,6947000.0
2021-03-22,8.38861,8.461049999999998,8.31617,8.34515,3471700.0
2021-03-23,8.31617,8.374120000000001,8.11334,8.20027,4377900.0
2021-03-24,8.055390000000001,8.17129,7.7946,7.80909,6669100.0
2021-03-25,7.88153,7.95397,7.75114,7.7946,5221400.0
2021-03-26,7.75114,7.7946,7.44688,7.73665,5041800.0
2021-03-29,7.82358,7.93948,7.78011,7.93948,2164500.0
2021-03-30,7.96846,8.055390000000001,7.93948,8.055390000000001,2611900.0
2021-03-31,8.055390000000001,8.12783,8.01192,8.06987,2172200.0
2021-04-01,8.06987,8.1568,8.040899999999999,8.11334,4129700.0
2021-04-02,8.25822,8.34515,8.17129,8.20027,3197300.0
2021-04-05,8.28719,8.31617,8.18578,8.229239999999999,3468800.0
2021-04-06,8.21475,8.229239999999999,8.11334,8.1568,5698500.0
2021-04-07,8.1568,8.461049999999998,8.14231,8.34515,8769900.0
2021-04-08,8.4031,8.44656,8.31617,8.374120000000001,4230200.0
2021-04-09,8.4031,8.4031,8.28719,8.34515,2837100.0
2021-04-12,8.43208,8.44656,8.34515,8.44656,7405300.0
2021-04-13,8.504520000000001,8.895700000000001,8.49003,8.57696,13381000.0
2021-04-14,8.53349,8.62042,8.4031,8.59145,4211400.0
2021-04-15,8.60593,8.60593,8.34515,8.34515,5927900.0
2021-04-16,8.229239999999999,8.25822,7.95397,8.02641,9357800.0
2021-04-19,8.11334,8.20027,7.93948,8.20027,4273500.0
2021-04-20,8.24373,8.27271,8.01192,8.055390000000001,4568500.0
2021-04-22,8.055390000000001,8.24373,7.82358,7.82358,4524000.0
2021-04-23,7.96846,8.11334,7.76562,8.11334,3974200.0
2021-04-26,8.11334,8.11334,7.85255,7.86704,2466600.0
2021-04-27,7.86704,7.95397,7.7946,7.85255,1963700.0
2021-04-28,7.82358,7.95397,7.7946,7.89602,2403800.0
2021-04-29,7.95397,8.055390000000001,7.88153,7.93948,6020100.0
2021-05-04,7.80909,8.11334,7.7946,8.11334,4210300.0
2021-05-05,8.1568,8.34515,8.12783,8.301680000000001,5462800.0
2021-05-06,8.24373,8.374120000000001,8.14231,8.1568,3732900.0
2021-05-07,8.11334,8.56247,8.08436,8.43208,11689700.0
2021-05-10,8.43208,9.0116,8.4031,9.0116,14127900.0
2021-05-11,9.15648,9.33034,8.98262,8.98262,9406500.0
2021-05-12,8.92467,9.2579,8.866719999999999,9.2579,7670600.0
2021-05-13,9.27239,9.41727,9.1275,9.1275,8058500.0
2021-05-14,9.21443,9.33034,9.1275,9.2579,7273700.0
2021-05-17,9.30136,9.53317,9.30136,9.44624,6851800.0
2021-05-18,9.44624,9.44624,9.15648,9.30136,6628100.0
2021-05-19,9.30136,9.53317,9.30136,9.53317,6049900.0
2021-05-20,9.562149999999999,9.72152,9.51868,9.562149999999999,6273700.0
2021-05-21,9.562149999999999,9.707030000000001,9.46073,9.562149999999999,6207600.0
2021-05-24,9.562149999999999,9.707030000000001,9.44624,9.66356,7400000.0
2021-05-25,9.73601,10.24309,9.72152,10.17065,6027300.0
2021-05-26,10.185139999999999,10.43143,10.17065,10.41695,7918500.0
2021-05-27,10.373479999999999,10.43143,9.99679,10.17065,7594100.0
2021-05-28,10.17065,10.46041,10.09821,10.46041,6656000.0
2021-05-31,10.46041,10.86608,10.46041,10.85159,3844900.0
2021-06-01,11.18482,11.18482,10.85159,10.95301,6046600.0
2021-06-02,10.721200000000001,10.909540000000002,10.60529,10.77915,5058600.0
2021-06-03,10.85159,11.09789,10.77915,11.0834,5342100.0
2021-06-04,11.010959999999999,11.851270000000001,10.86608,11.30072,4796400.0
2021-06-07,11.010959999999999,11.24277,10.576319999999999,10.77915,5115100.0
2021-06-08,10.721200000000001,10.86608,10.02577,10.14167,5103800.0
2021-06-09,10.14167,10.54734,9.85191,10.40246,5857500.0
2021-06-10,10.576319999999999,10.692219999999999,10.21411,10.21411,3283700.0
2021-06-11,10.28655,10.721200000000001,10.21411,10.60529,5631100.0
2021-06-14,10.721200000000001,10.721200000000001,10.373479999999999,10.518360000000001,3289600.0
2021-06-15,10.518360000000001,10.576319999999999,10.28655,10.43143,3629500.0
2021-06-16,10.28655,10.60529,10.14167,10.31553,5993800.0
2021-06-17,10.14167,10.43143,10.054739999999999,10.25758,3953600.0
2021-06-18,10.373479999999999,10.41695,10.27207,10.28655,2732200.0
2021-06-21,10.38797,10.46041,10.199620000000001,10.21411,3684200.0
2021-06-22,10.21411,10.43143,10.199620000000001,10.27207,3665200.0
2021-06-23,10.40246,10.44592,10.30104,10.35899,2609800.0
2021-06-24,10.43143,10.46041,10.27207,10.330020000000001,2873600.0
2021-06-25,10.330020000000001,10.40246,10.21411,10.40246,2778100.0
2021-06-28,10.518360000000001,10.909540000000002,10.373479999999999,10.909540000000002,11082500.0
2021-06-29,11.010959999999999,11.010959999999999,10.692219999999999,10.80812,4886800.0
2021-06-30,10.77915,10.8371,10.63427,10.64876,2831800.0
2021-07-01,10.66324,10.77915,10.4749,10.77915,5441400.0
2021-07-02,10.89505,10.98198,10.77915,10.93852,5091100.0
2021-07-05,11.025450000000001,11.387649999999999,10.96749,11.387649999999999,8382000.0
2021-07-06,11.387649999999999,11.4456,10.5908,10.5908,8022400.0
2021-07-07,10.692219999999999,10.95301,10.31553,10.86608,5701400.0
2021-07-08,10.85159,11.27174,10.77915,10.93852,5774600.0
2021-07-09,10.8371,11.12686,10.43143,10.721200000000001,4759000.0
2021-07-12,10.721200000000001,10.721200000000001,9.982299999999999,10.15616,7554300.0
2021-07-13,10.28655,10.330020000000001,9.85191,10.08372,3263000.0
2021-07-14,10.054739999999999,10.14167,9.53317,9.562149999999999,5212700.0
2021-07-15,9.562149999999999,9.982299999999999,9.44624,9.76498,3272200.0
2021-07-16,9.93884,9.96781,9.793959999999998,9.82293,1930300.0
2021-07-19,9.6201,9.6201,9.14199,9.14199,5202600.0
2021-07-20,9.21443,9.562149999999999,9.09853,9.562149999999999,7650000.0
2021-07-21,9.6201,9.707030000000001,9.53317,9.59112,5750900.0
2021-07-22,9.59112,9.80845,9.47522,9.80845,6179900.0
2021-07-23,9.64908,9.77947,9.562149999999999,9.562149999999999,6293200.0
2021-07-26,9.41727,9.692540000000001,9.40278,9.53317,7083400.0
2021-07-27,9.678049999999999,9.93884,9.6201,9.880889999999999,9483900.0
2021-07-28,9.82293,10.054739999999999,9.793959999999998,9.90986,5651400.0
2021-07-29,9.95333,10.14167,9.95333,10.054739999999999,7422900.0
2021-07-30,10.14167,10.2286,10.054739999999999,10.14167,5460700.0
2021-08-02,10.054739999999999,10.17065,9.982299999999999,9.982299999999999,6590300.0
2021-08-03,9.99679,10.09821,9.880889999999999,10.011280000000001,3921100.0
2021-08-04,10.054739999999999,10.34451,10.04026,10.17065,9425000.0
2021-08-05,10.28655,10.40246,10.17065,10.40246,4879300.0
2021-08-06,10.46041,10.518360000000001,10.27207,10.28655,3867300.0
2021-08-09,10.2286,10.40246,10.127180000000001,10.40246,3632200.0
2021-08-10,10.48939,10.48939,10.25758,10.43143,3413600.0
2021-08-11,10.48939,10.86608,10.373479999999999,10.721200000000001,13559700.0
2021-08-12,10.692219999999999,10.75017,10.54734,10.54734,3106500.0
2021-08-13,10.31553,10.576319999999999,10.31553,10.54734,3475900.0
2021-08-16,10.54734,10.79364,10.43143,10.75017,6804300.0
2021-08-17,10.96749,10.96749,10.721200000000001,10.822610000000001,4819100.0
2021-08-18,10.80812,10.89505,10.721200000000001,10.79364,2954100.0
2021-08-19,10.73568,10.75017,10.56183,10.63427,3203000.0
2021-08-20,10.63427,10.63427,9.90986,10.14167,6442500.0
2021-08-23,10.02577,10.199620000000001,9.793959999999998,9.793959999999998,4981600.0
2021-08-24,9.77947,9.90986,9.73601,9.8664,3121900.0
2021-08-25,9.8664,10.1127,9.73601,10.1127,3063600.0
2021-08-26,10.14167,10.185139999999999,9.880889999999999,9.880889999999999,3452600.0
2021-08-27,9.75049,10.06923,9.692540000000001,9.85191,2387500.0
2021-08-30,9.93884,10.09821,9.83742,10.04026,2214900.0
2021-08-31,10.054739999999999,10.14167,9.85191,9.880889999999999,1914500.0
2021-09-01,9.85191,9.99679,9.82293,9.90986,2358900.0
2021-09-06,10.09821,10.199620000000001,9.95333,10.08372,4847800.0
2021-09-07,10.1127,10.576319999999999,10.08372,10.54734,11320500.0
2021-09-08,10.576319999999999,10.70671,10.43143,10.46041,6472700.0
2021-09-09,10.46041,10.98198,10.38797,10.95301,12528300.0
2021-09-10,11.010959999999999,11.15584,10.8371,10.8371,7832100.0
2021-09-13,10.86608,11.213790000000001,10.80812,11.03993,6969300.0
2021-09-14,10.89505,11.12686,10.88057,10.89505,6127000.0
2021-09-15,10.86608,11.15584,10.721200000000001,11.0834,6953500.0
2021-09-16,11.15584,11.387649999999999,11.06891,11.1993,5226100.0
2021-09-17,11.24277,11.82229,11.18482,11.82229,11835000.0
2021-09-20,11.88024,12.11205,11.4456,11.619459999999998,8941100.0
2021-09-21,11.47458,11.706389999999999,11.4456,11.59048,6615400.0
2021-09-22,11.67741,11.67741,11.387649999999999,11.619459999999998,4172000.0
2021-09-23,11.72088,12.17001,11.47458,12.03961,17971500.0
2021-09-24,12.08308,12.198979999999999,11.96717,12.0541,9113500.0
2021-09-27,12.08308,12.08308,11.59048,11.59048,6183100.0
2021-09-28,11.4456,11.79332,11.3297,11.79332,5440500.0
2021-09-29,11.67741,12.025129999999999,11.67741,11.99615,8107000.0
2021-09-30,11.90922,12.12654,11.90922,12.0541,6327900.0
2021-10-01,12.12654,12.37284,12.010639999999999,12.343860000000001,14912000.0
2021-10-04,12.401819999999999,12.43079,12.025129999999999,12.17001,13232300.0
2021-10-05,12.25694,12.343860000000001,12.0541,12.31489,9289100.0
2021-10-06,12.31489,12.50323,12.14103,12.25694,8403600.0
2021-10-07,12.3004,12.3004,12.11205,12.17001,4681500.0
2021-10-08,12.37284,12.37284,12.11205,12.21347,3133300.0
2021-10-11,12.198979999999999,12.48874,12.18449,12.48874,4961600.0
2021-10-12,12.517719999999999,12.546700000000001,12.37284,12.37284,1868600.0
2021-10-13,12.31489,12.401819999999999,12.25694,12.28591,2308600.0
2021-10-14,12.22796,12.35835,12.17001,12.25694,3529900.0
2021-10-15,12.343860000000001,12.662600000000001,12.329379999999999,12.61914,8141800.0
2021-10-18,12.69158,12.836459999999999,12.64811,12.74953,5380700.0
2021-10-19,12.72055,12.821969999999999,12.546700000000001,12.72055,1757300.0
2021-10-20,12.89441,12.89441,12.633629999999998,12.77851,3448400.0
2021-10-21,12.735040000000001,12.87992,12.662600000000001,12.662600000000001,3518900.0
2021-10-22,12.67709,12.74953,12.48874,12.517719999999999,2608400.0
2021-10-25,12.517719999999999,12.57567,12.17001,12.17001,3636400.0
2021-10-26,12.14103,12.329379999999999,12.08308,12.31489,2109700.0
2021-10-27,12.44528,12.60465,12.31489,12.546700000000001,1765600.0
2021-10-28,12.60465,12.89441,12.60465,12.865440000000001,5366700.0
2021-10-29,12.865440000000001,13.024799999999999,12.735040000000001,12.99583,4835600.0
2021-11-01,12.99583,12.99583,12.43079,12.57567,3171500.0
2021-11-02,12.60465,12.80748,12.57567,12.69158,4763800.0
2021-11-03,12.69158,12.93788,12.662600000000001,12.80748,4896100.0
2021-11-04,12.80748,12.821969999999999,12.64811,12.67709,2000700.0
2021-11-05,12.77851,12.793,12.517719999999999,12.60465,2881900.0
2021-11-08,12.70607,12.76402,12.662600000000001,12.69158,4557700.0
2021-11-09,12.74953,12.74953,12.517719999999999,12.57567,2345100.0
2021-11-10,12.517719999999999,12.74953,12.474260000000001,12.74953,1869200.0
2021-11-11,12.74953,12.77851,12.401819999999999,12.45977,2416900.0
2021-11-12,12.48874,12.69158,12.37284,12.60465,1388100.0
2021-11-15,12.80748,12.80748,12.60465,12.735040000000001,2505800.0
2021-11-16,12.74953,12.80748,12.662600000000001,12.662600000000001,2533500.0
2021-11-17,12.74953,12.74953,12.517719999999999,12.53221,1572000.0
2021-11-18,12.50323,12.546700000000001,12.44528,12.44528,2206300.0
2021-11-19,12.43079,12.89441,12.4163,12.60465,3155700.0
2021-11-22,12.74953,13.47394,12.60465,13.47394,10239600.0
2021-11-23,13.7637,14.11141,13.47394,14.11141,7755400.0
2021-11-24,14.11141,14.44464,13.82165,14.227319999999999,7302100.0
2021-11-25,14.343219999999999,14.343219999999999,13.95204,14.256290000000002,4304700.0
2021-11-26,14.227319999999999,14.256290000000002,13.7637,13.7637,3319200.0
2021-11-29,13.47394,13.90858,13.47394,13.676770000000001,2410200.0
2021-11-30,13.8796,13.8796,12.89441,13.06827,6316500.0
2021-12-01,13.039290000000001,13.981020000000001,12.98134,13.981020000000001,5480300.0
2021-12-02,13.92307,14.45913,13.92307,14.024479999999999,5754000.0
2021-12-03,14.169360000000001,14.19834,13.61882,13.61882,3624400.0
2021-12-06,13.50291,13.850629999999999,13.039290000000001,13.61882,4309000.0
2021-12-07,13.73472,14.05346,13.48842,13.850629999999999,2257700.0
2021-12-08,13.93756,14.80684,13.93756,14.80684,9186000.0
2021-12-09,14.80684,15.06763,14.60401,14.83582,2544400.0
2021-12-10,14.83582,15.502270000000001,14.71991,15.06763,8180500.0
2021-12-13,15.06763,15.183530000000001,14.488100000000001,14.63298,4682900.0
2021-12-14,14.488100000000001,14.864790000000001,14.343219999999999,14.63298,2339500.0
2021-12-15,14.661959999999999,15.27046,14.45913,15.06763,4599700.0
2021-12-16,15.27046,15.27046,14.83582,14.83582,4016000.0
2021-12-17,14.89377,14.92275,14.60401,14.864790000000001,4365800.0
2021-12-20,15.25681,15.648010000000001,15.13945,15.56977,8238900.0
2021-12-21,15.45241,15.491530000000001,15.061209999999999,15.17857,3634600.0
2021-12-22,15.061209999999999,15.45241,14.82649,14.86561,5929700.0
2021-12-23,14.86561,15.10033,13.96585,14.35705,4598100.0
2021-12-24,14.31793,15.354610000000001,14.25925,15.354610000000001,7855000.0
2021-12-27,15.491530000000001,16.27393,15.335049999999999,15.94141,9038200.0
2021-12-28,15.84361,16.508650000000003,15.648010000000001,16.44997,8593600.0
2021-12-29,16.44997,16.606450000000002,16.09789,16.17613,5365300.0
2021-12-30,16.09789,16.19569,15.86317,15.94141,3226200.0
2021-12-31,16.03921,16.567330000000002,16.03921,16.05877,3726100.0
2022-01-04,16.23481,16.91941,16.15657,16.72381,11034900.0
2022-01-05,16.626009999999997,16.72381,16.39129,16.43041,3828100.0
2022-01-06,16.15657,16.82161,16.15657,16.43041,5190400.0
2022-01-07,16.37173,16.58689,16.03921,16.03921,4150700.0
2022-01-10,16.03921,16.41085,15.82405,15.82405,4219100.0
2022-01-11,15.80449,16.23481,15.648010000000001,15.72625,4830300.0
2022-01-12,15.72625,16.82161,15.648010000000001,16.82161,18620300.0
2022-01-13,16.93897,17.21281,16.46953,16.48909,17622800.0
2022-01-14,16.31305,16.64557,16.27393,16.39129,5566400.0
2022-01-17,16.27393,16.508650000000003,15.72625,15.72625,9068700.0
2022-01-18,15.491530000000001,15.745809999999999,15.15901,15.217690000000001,9953400.0
2022-01-19,15.10033,15.76537,15.10033,15.37417,6653400.0
2022-01-20,15.37417,15.784930000000001,15.354610000000001,15.491530000000001,7434600.0
2022-01-21,15.51109,16.03921,15.51109,15.648010000000001,8225000.0
2022-01-24,15.648010000000001,15.84361,14.55265,14.767809999999999,6820100.0
2022-01-25,14.74825,15.648010000000001,14.74825,15.55021,8957900.0
2022-01-26,15.648010000000001,15.86317,15.335049999999999,15.335049999999999,10946400.0
2022-01-27,15.413290000000002,15.84361,15.335049999999999,15.72625,7264800.0
2022-01-28,15.70669,16.54777,15.648010000000001,16.41085,15526500.0
2022-02-07,16.54777,16.66513,16.15657,16.31305,5806800.0
2022-02-08,16.37173,16.58689,16.15657,16.43041,5776900.0
2022-02-09,16.39129,16.567330000000002,16.19569,16.23481,5316900.0
2022-02-10,16.35217,16.35217,15.96097,16.11745,3954300.0
2022-02-11,16.03921,16.802049999999998,15.96097,16.76293,15984500.0
2022-02-14,16.43041,16.76293,15.648010000000001,15.648010000000001,7405700.0
2022-02-15,16.03921,16.05877,15.72625,15.94141,3153900.0
2022-02-16,16.01965,16.07833,15.784930000000001,15.80449,2879600.0
2022-02-17,15.80449,16.09789,15.76537,16.09789,3081100.0
2022-02-18,15.84361,16.11745,15.84361,15.96097,3759900.0
2022-02-21,15.84361,16.00009,15.68713,16.00009,3924200.0
2022-02-22,15.86317,16.23481,15.80449,16.23481,8309400.0
2022-02-23,16.23481,16.899849999999997,16.21525,16.66513,16076300.0
2022-02-24,16.43041,16.58689,15.76537,16.13701,4957200.0
2022-02-25,16.31305,16.72381,16.15657,16.41085,10795200.0
2022-02-28,16.35217,16.626009999999997,16.03921,16.528209999999998,5548200.0
2022-03-01,16.508650000000003,16.899849999999997,16.39129,16.74337,11884800.0
2022-03-02,16.606450000000002,16.93897,16.07833,16.21525,8271600.0
2022-03-03,16.27393,16.528209999999998,16.07833,16.23481,4590700.0
2022-03-04,16.07833,16.33261,15.84361,15.94141,5107000.0
2022-03-07,15.80449,15.82405,15.061209999999999,15.25681,10005000.0
2022-03-08,15.17857,15.648010000000001,15.00253,15.17857,5092700.0
2022-03-09,15.198129999999999,15.39373,15.17857,15.17857,2653800.0
2022-03-10,15.56977,15.56977,15.23725,15.25681,2043100.0
2022-03-11,15.13945,15.45241,15.080770000000001,15.11989,2509400.0
2022-03-14,15.061209999999999,15.45241,15.061209999999999,15.335049999999999,2160600.0
2022-03-15,15.335049999999999,15.76537,15.29593,15.608889999999999,8713700.0
2022-03-16,15.62845,15.80449,15.51109,15.55021,2937800.0
2022-03-17,15.66757,15.80449,15.491530000000001,15.491530000000001,3131300.0
2022-03-18,15.608889999999999,15.648010000000001,15.43285,15.45241,1622300.0
2022-03-21,15.471969999999999,15.76537,15.471969999999999,15.608889999999999,3849800.0
2022-03-22,15.608889999999999,16.00009,15.58933,15.84361,6367200.0
2022-03-23,15.84361,16.05877,15.648010000000001,15.66757,4207000.0
2022-03-24,15.66757,15.745809999999999,15.56977,15.68713,2951000.0
2022-03-25,15.882729999999999,15.882729999999999,15.608889999999999,15.608889999999999,2187700.0
2022-03-28,15.58933,15.72625,15.198129999999999,15.43285,2993800.0
2022-03-29,15.43285,15.84361,15.43285,15.76537,4909800.0
2022-03-30,15.76537,16.01965,15.56977,15.648010000000001,5350100.0
2022-03-31,15.76537,15.96097,15.68713,15.70669,2433800.0
2022-04-01,15.70669,16.25437,15.648010000000001,16.13701,11121000.0
2022-04-04,16.31305,16.35217,16.07833,16.13701,6600400.0
2022-04-05,16.03921,16.25437,15.921850000000001,15.96097,4682200.0
2022-04-06,15.921850000000001,16.19569,15.72625,16.09789,6695600.0
2022-04-07,16.17613,16.31305,15.921850000000001,16.03921,8696600.0
2022-04-08,16.00009,16.11745,15.72625,15.72625,3486300.0
2022-04-12,15.76537,15.82405,14.88517,14.88517,3022200.0
2022-04-13,15.11989,15.72625,14.88517,15.648010000000001,5941400.0
2022-04-14,15.648010000000001,15.648010000000001,15.25681,15.27637,2541800.0
2022-04-15,15.29593,15.37417,14.61133,14.61133,5117800.0
2022-04-18,14.787370000000001,14.98297,14.47441,14.82649,3139300.0
2022-04-19,14.82649,14.904729999999999,14.16145,14.16145,1927100.0
2022-04-20,14.39617,14.513530000000001,13.88761,13.88761,3759500.0
2022-04-21,13.92673,14.200569999999999,13.33993,13.61377,3722600.0
2022-04-22,13.71157,14.08321,13.61377,13.77025,2544600.0
2022-04-25,13.809370000000001,13.96585,12.81181,13.49641,3408500.0
2022-04-26,13.30081,13.71157,12.67489,13.672450000000001,3801700.0
2022-04-27,13.672450000000001,13.69201,13.08565,13.61377,2244300.0
2022-04-28,13.65289,13.65289,13.14433,13.14433,1822600.0
2022-04-29,13.14433,13.47685,12.98785,13.14433,3022600.0
2022-05-04,13.14433,13.18345,12.51841,12.51841,1643600.0
2022-05-05,12.71401,13.37905,12.71401,13.37905,7805500.0
2022-05-06,13.14433,13.47685,13.00741,13.14433,2046700.0
2022-05-09,12.831370000000001,13.24213,12.28369,12.361930000000001,2197900.0
2022-05-10,12.12721,13.14433,11.931610000000001,13.026969999999999,5931000.0
2022-05-11,13.026969999999999,13.08565,12.44017,13.08565,3606600.0
2022-05-12,12.90961,13.026969999999999,12.185889999999999,12.361930000000001,2322400.0
2022-05-13,12.51841,12.51841,11.501290000000001,11.73601,3558200.0
2022-05-16,12.12721,12.361930000000001,11.81425,12.12721,2422200.0
2022-05-17,12.12721,12.929170000000001,11.931610000000001,12.90961,3919900.0
2022-05-18,12.94873,13.33993,12.59665,12.59665,3950000.0
2022-05-19,12.30325,12.57709,12.02941,12.185889999999999,1963400.0
2022-05-20,12.47929,12.59665,12.20545,12.28369,2095800.0
2022-05-23,12.47929,12.55753,11.69689,11.73601,2555000.0
2022-05-24,11.81425,12.10765,11.81425,12.08809,1674200.0
2022-05-25,12.10765,12.51841,12.08809,12.47929,4540800.0
2022-05-26,12.47929,12.498850000000001,12.30325,12.361930000000001,1314300.0
2022-05-27,12.361930000000001,12.831370000000001,12.322809999999999,12.63577,4877200.0
2022-05-30,12.67489,12.94873,12.57709,12.90961,5396700.0
2022-05-31,12.90961,12.929170000000001,12.65533,12.65533,2721700.0
2022-06-01,12.57709,12.79225,12.322809999999999,12.51841,1734700.0
2022-06-02,12.51841,12.51841,12.20545,12.51841,3017400.0
2022-06-03,12.42061,12.51841,12.20545,12.45973,1206700.0
2022-06-06,12.44017,12.45973,11.85337,12.00985,2785800.0
2022-06-07,12.00985,12.00985,11.54041,11.57953,2127800.0
2022-06-08,11.618649999999999,12.12721,11.618649999999999,11.83381,3549200.0
2022-06-09,11.83381,11.87293,11.73601,11.75557,1929100.0
2022-06-10,11.69689,11.97073,11.618649999999999,11.618649999999999,1371900.0
2022-06-13,11.42305,11.42305,10.816690000000001,10.816690000000001,3791000.0
2022-06-14,10.75801,10.75801,10.171209999999999,10.36681,4019300.0
2022-06-15,10.36681,10.445049999999998,9.70177,10.386370000000001,3493100.0
2022-06-16,10.445049999999998,10.640649999999999,10.26901,10.48417,2916700.0
2022-06-17,10.171209999999999,10.32769,9.78001,9.975610000000001,3209900.0
2022-06-20,9.95605,10.22989,9.79957,9.79957,3691400.0
2022-06-21,9.76045,10.249450000000001,9.76045,10.03429,3071400.0
2022-06-22,10.03429,10.36681,10.03429,10.249450000000001,1667200.0
2022-06-23,10.249450000000001,10.36681,10.05385,10.36681,1838200.0
2022-06-24,10.36681,10.42549,10.171209999999999,10.171209999999999,906300.0
2022-06-27,10.171209999999999,10.62109,10.171209999999999,10.445049999999998,1953200.0
2022-06-28,10.71889,10.953610000000001,10.54285,10.79713,2059500.0
2022-06-29,10.60153,11.070969999999999,10.60153,10.71889,1929300.0
2022-06-30,10.640649999999999,10.953610000000001,10.62109,10.62109,1757700.0
2022-07-01,10.62109,10.79713,10.32769,10.679770000000001,898800.0
2022-07-04,10.679770000000001,10.87537,10.640649999999999,10.679770000000001,575300.0
2022-07-05,10.75801,10.93405,10.58197,10.75801,2314300.0
2022-07-06,10.679770000000001,10.87537,10.32769,10.54285,1497300.0
2022-07-07,10.445049999999998,10.816690000000001,10.445049999999998,10.73845,1466500.0
2022-07-08,10.75801,10.89493,10.56241,10.60153,1153300.0
2022-07-11,10.56241,10.60153,10.171209999999999,10.171209999999999,1301000.0
2022-07-12,10.19077,10.46461,10.19077,10.445049999999998,629500.0
2022-07-13,10.445049999999998,10.75801,10.19077,10.42549,1522200.0
2022-07-14,10.386370000000001,10.58197,10.36681,10.523290000000001,678000.0
2022-07-15,10.56241,10.75801,10.56241,10.60153,1418200.0
2022-07-18,10.69933,10.75801,10.62109,10.66021,1343100.0
2022-07-19,10.679770000000001,10.679770000000001,10.46461,10.62109,807800.0
2022-07-20,10.75801,11.149209999999998,10.640649999999999,11.12965,3076300.0
2022-07-21,11.16877,11.207889999999999,10.97317,11.070969999999999,2614000.0
2022-07-22,11.070969999999999,11.207889999999999,10.93405,10.97317,2447800.0
2022-07-25,10.777569999999999,10.914489999999999,10.679770000000001,10.71889,1365400.0
2022-07-26,10.75801,10.79713,10.56241,10.56241,1261300.0
2022-07-27,10.56241,10.60153,10.36681,10.54285,1623200.0
2022-07-28,10.58197,10.87537,10.58197,10.640649999999999,2373300.0
2022-07-29,10.79713,10.79713,10.40593,10.40593,3021600.0
2022-08-01,10.60153,10.73845,10.58197,10.66021,1942000.0
2022-08-02,10.679770000000001,10.87537,10.679770000000001,10.816690000000001,2302300.0
2022-08-03,10.75801,10.99273,10.679770000000001,10.953610000000001,2573400.0
2022-08-04,11.149209999999998,11.42305,11.05141,11.26657,5311300.0
2022-08-05,11.30569,11.42305,11.149209999999998,11.26657,1921300.0
2022-08-08,11.24701,11.40349,11.090530000000001,11.16877,2285100.0
2022-08-09,11.32525,11.32525,11.11009,11.18833,2334000.0
2022-08-10,11.227450000000001,11.227450000000001,11.05141,11.070969999999999,1904100.0
2022-08-11,11.207889999999999,11.38393,11.05141,11.149209999999998,2561900.0
2022-08-12,11.207889999999999,11.207889999999999,11.090530000000001,11.18833,1013100.0
2022-08-15,11.32525,11.46217,11.227450000000001,11.32525,3271800.0
2022-08-16,11.344809999999999,11.364370000000001,11.24701,11.28613,1398100.0
2022-08-17,11.28613,11.32525,11.227450000000001,11.227450000000001,1323000.0
2022-08-18,11.227450000000001,11.26657,11.070969999999999,11.227450000000001,2094800.0
2022-08-19,11.26657,11.26657,11.070969999999999,11.11009,1464800.0
2022-08-22,11.05141,11.070969999999999,10.85581,10.914489999999999,1455600.0
2022-08-23,10.75801,10.953610000000001,10.75801,10.953610000000001,1225800.0
2022-08-24,10.953610000000001,11.05141,10.93405,10.99273,1183300.0
2022-08-25,11.12965,11.30569,11.01229,11.26657,1687100.0
2022-08-26,11.28613,11.30569,11.090530000000001,11.11009,1359300.0
2022-08-29,10.953610000000001,10.99273,10.60153,10.83625,2031300.0
2022-08-30,10.953610000000001,11.03185,10.83625,10.914489999999999,821500.0
2022-08-31,10.914489999999999,11.01229,10.777569999999999,10.953610000000001,585300.0
2022-09-05,11.149209999999998,11.149209999999998,10.85581,10.953610000000001,1827200.0
2022-09-06,11.01229,11.01229,10.816690000000001,10.953610000000001,1348000.0
2022-09-07,10.87537,10.914489999999999,10.679770000000001,10.679770000000001,1754000.0
2022-09-08,10.69933,10.71889,10.523290000000001,10.523290000000001,1410600.0
2022-09-09,10.679770000000001,10.679770000000001,10.40593,10.56241,935700.0
2022-09-12,10.56241,10.60153,10.48417,10.54285,828599.0
2022-09-13,10.60153,10.60153,10.46461,10.50373,773332.0
2022-09-14,10.36681,10.48417,10.26901,10.386370000000001,956169.0
2022-09-15,10.42549,10.69933,10.36681,10.386370000000001,800110.0
2022-09-16,10.36681,10.50373,10.28857,10.28857,867879.0
2022-09-19,10.28857,10.28857,9.66265,9.78001,1440519.0
2022-09-20,9.93649,9.93649,9.74089,9.93649,891679.0
2022-09-21,9.78001,9.93649,9.78001,9.87781,676786.0
2022-09-22,9.78001,9.91693,9.70177,9.91693,605778.0
2022-09-23,9.91693,9.93649,9.78001,9.79957,1060462.0
2022-09-26,9.66265,9.74089,9.271450000000002,9.74089,1899725.0
2022-09-27,9.70177,9.74089,9.38881,9.74089,1142409.0
2022-09-28,9.48661,9.68221,9.193209999999999,9.64309,1534557.0
2022-09-29,9.66265,9.78001,9.467049999999999,9.66265,983968.0
2022-09-30,9.58441,9.81913,9.36925,9.78001,2075563.0
2022-10-03,9.81913,9.81913,9.15409,9.330129999999999,1604080.0
2022-10-04,9.34969,9.545290000000001,9.29101,9.31057,959173.0
2022-10-05,9.38881,9.44749,9.29101,9.38881,1213932.0
2022-10-06,9.34969,9.467049999999999,8.99761,9.38881,3201701.0
2022-10-07,9.01717,9.05629,8.74333,8.74333,2060296.0
2022-10-10,8.13697,8.489049999999999,8.13697,8.13697,2389500.0
2022-10-11,7.56973,7.82401,7.56973,7.56973,8999630.0
2022-10-12,7.15897,8.01961,7.15897,8.01961,4643791.0
2022-10-13,8.01961,8.058729999999999,7.70665,8.058729999999999,3781791.0
2022-10-14,8.195649999999999,8.234770000000001,7.94137,8.058729999999999,2178844.0
2022-10-17,7.86313,8.058729999999999,7.58929,8.058729999999999,4157867.0
2022-10-18,8.097850000000001,8.195649999999999,7.98049,8.058729999999999,2525246.0
2022-10-19,8.097850000000001,8.097850000000001,7.84357,8.03917,1715823.0
2022-10-20,7.94137,8.078289999999999,7.82401,8.058729999999999,1713554.0
2022-10-21,8.058729999999999,8.13697,7.56973,7.86313,2779325.0
2022-10-24,7.86313,7.882689999999999,7.31545,7.882689999999999,3262389.0
2022-10-25,7.70665,8.078289999999999,7.5501700000000005,7.882689999999999,3235196.0
2022-10-26,7.90225,8.00005,7.74577,7.82401,1129662.0
2022-10-27,7.80445,8.215209999999999,7.76533,8.215209999999999,4337901.0
2022-10-28,8.29345,8.41081,8.078289999999999,8.15653,2785626.0
2022-10-31,8.215209999999999,8.215209999999999,7.94137,8.097850000000001,2828416.0
2022-11-01,8.215209999999999,8.64553,8.17609,8.52817,5885447.0
2022-11-02,8.52817,8.802010000000001,8.43037,8.43037,4003267.0
2022-11-03,8.352129999999999,8.64553,8.15653,8.31301,3799603.0
2022-11-04,8.215209999999999,8.33257,7.74577,8.33257,7373867.0
2022-11-07,8.39125,8.39125,7.82401,7.86313,2522145.0
2022-11-08,7.70665,8.097850000000001,7.62841,8.01961,4239349.0
2022-11-09,8.097850000000001,8.215209999999999,7.86313,7.90225,2800095.0
2022-11-10,7.84357,7.86313,7.432810000000001,7.784890000000001,2993920.0
2022-11-11,8.01961,8.01961,7.51105,7.784890000000001,3738739.0
2022-11-14,7.62841,7.72621,7.45237,7.70665,3213445.0
2022-11-15,7.58929,7.784890000000001,7.178529999999999,7.784890000000001,5347443.0
2022-11-16,7.3350100000000005,8.215209999999999,7.27633,8.15653,5538959.0
2022-11-17,8.33257,8.41081,8.00005,8.15653,5230443.0
2022-11-18,8.058729999999999,8.17609,7.882689999999999,8.058729999999999,2041765.0
2022-11-21,8.097850000000001,8.097850000000001,7.82401,8.058729999999999,3200388.0
2022-11-22,8.01961,8.29345,7.882689999999999,8.078289999999999,5490108.0
2022-11-23,7.96093,8.13697,7.784890000000001,7.82401,2889847.0
2022-11-24,7.86313,7.921810000000001,7.51105,7.82401,4812983.0
2022-11-25,7.90225,7.96093,7.72621,7.94137,3035692.0
2022-11-28,8.01961,8.33257,7.84357,8.215209999999999,12704595.0
2022-11-29,8.33257,8.44993,8.097850000000001,8.41081,9287703.0
2022-11-30,8.489049999999999,8.802010000000001,8.15653,8.60641,12994213.0
2022-12-01,8.74333,8.899809999999999,8.44993,8.52817,15160792.0
2022-12-02,8.41081,8.91937,8.29345,8.91937,8250994.0
2022-12-05,9.07585,9.38881,8.97805,9.05629,16151858.0
2022-12-06,8.99761,9.05629,8.44993,8.44993,11607702.0
2022-12-07,8.41081,8.52817,8.11741,8.195649999999999,8894207.0
2022-12-08,8.352129999999999,8.762889999999999,8.13697,8.60641,20800040.0
2022-12-09,8.68465,8.99761,8.52817,8.802010000000001,13275657.0
2022-12-12,8.899809999999999,9.07585,8.72377,8.95849,14482587.0
2022-12-13,8.84113,8.99761,8.802010000000001,8.99761,9695859.0
2022-12-14,9.15409,9.15409,8.84113,8.91937,5662958.0
2022-12-15,8.86069,9.23233,8.802010000000001,8.99761,13101154.0
2022-12-16,8.899809999999999,9.21277,8.802010000000001,8.99761,4769891.0
2022-12-19,8.97805,9.11497,8.802010000000001,8.802010000000001,7145498.0
2022-12-20,8.78245,8.78245,8.31301,8.60641,9975295.0
2022-12-21,8.70421,8.762889999999999,8.39125,8.44993,3514365.0
2022-12-22,8.567290000000002,8.802010000000001,8.44993,8.74333,6223963.0
2022-12-23,8.762889999999999,8.762889999999999,8.54773,8.60641,2280883.0
2022-12-26,8.54773,8.64553,8.058729999999999,8.215209999999999,3118194.0
2022-12-27,8.03917,8.33257,8.03917,8.234770000000001,2796949.0
2022-12-28,8.234770000000001,8.39125,8.078289999999999,8.371690000000001,2828431.0
2022-12-29,8.41081,8.43037,8.29345,8.371690000000001,3162508.0
2022-12-30,8.43037,8.43037,8.234770000000001,8.234770000000001,3246447.0
2023-01-03,8.234770000000001,8.567290000000002,8.234770000000001,8.567290000000002,2333350.0
2023-01-04,8.66509,8.74333,8.46949,8.60641,4383781.0
2023-01-05,8.60641,8.91937,8.54773,8.82157,7504260.0
2023-01-06,8.82157,9.03673,8.72377,8.802010000000001,5806560.0
2023-01-09,8.82157,8.97805,8.72377,8.802010000000001,4156802.0
2023-01-10,8.91937,8.91937,8.72377,8.802010000000001,2905092.0
2023-01-11,8.762889999999999,8.938930000000001,8.74333,8.78245,5230431.0
2023-01-12,8.84113,8.84113,8.70421,8.762889999999999,2067274.0
2023-01-13,8.802010000000001,8.82157,8.68465,8.762889999999999,4921044.0
2023-01-16,8.762889999999999,8.802010000000001,8.60641,8.60641,2963120.0
2023-01-17,8.68465,8.99761,8.64553,8.99761,13157017.0
2023-01-18,9.01717,9.31057,9.01717,9.23233,10093531.0
2023-01-19,9.15409,9.44749,9.09541,9.38881,13449205.0
2023-01-27,9.506170000000001,9.70177,9.38881,9.58441,12822815.0
2023-01-30,9.58441,9.58441,9.31057,9.34969,8373452.0
2023-01-31,9.36925,9.78001,9.17365,9.78001,16662021.0
2023-02-01,9.78001,9.93649,9.11497,9.271450000000002,14497938.0
2023-02-02,9.31057,9.42793,9.193209999999999,9.34969,8034481.0
2023-02-03,9.38881,9.38881,9.21277,9.38881,5938923.0
2023-02-06,9.31057,9.467049999999999,9.29101,9.42793,4564035.0
2023-02-07,9.467049999999999,9.76045,9.408370000000001,9.545290000000001,17626114.0
2023-02-08,9.74089,9.74089,9.545290000000001,9.62353,6008968.0
2023-02-09,9.58441,9.83869,9.48661,9.48661,10388630.0
2023-02-10,9.48661,9.58441,9.21277,9.21277,4093777.0
2023-02-13,9.21277,9.271450000000002,8.899809999999999,8.99761,4327415.0
2023-02-14,9.15409,9.23233,9.11497,9.193209999999999,2690267.0
2023-02-15,9.21277,9.52573,9.17365,9.31057,6781877.0
2023-02-16,9.34969,9.38881,9.25189,9.38881,3655695.0
2023-02-17,9.42793,9.42793,9.271450000000002,9.330129999999999,4452854.0
2023-02-20,9.330129999999999,9.62353,9.31057,9.62353,8702102.0
2023-02-21,9.66265,9.81913,9.506170000000001,9.70177,11405901.0
2023-02-22,9.58441,9.62353,9.21277,9.21277,4054871.0
2023-02-23,9.271450000000002,9.38881,9.11497,9.38881,4540521.0
2023-02-24,9.38881,9.467049999999999,9.193209999999999,9.193209999999999,2353336.0
2023-02-27,9.11497,9.23233,9.01717,9.09541,3120503.0
2023-02-28,9.15409,9.23233,9.11497,9.11497,2093625.0
2023-03-01,9.09541,9.42793,9.03673,9.38881,4259498.0
2023-03-02,9.38881,9.467049999999999,9.31057,9.31057,2697318.0
2023-03-03,9.31057,9.408370000000001,9.15409,9.15409,2869690.0
2023-03-06,9.23233,9.36925,9.17365,9.17365,2322691.0
2023-03-07,9.271450000000002,9.31057,9.15409,9.193209999999999,1779033.0
2023-03-08,9.15409,9.38881,9.11497,9.36925,5406304.0
2023-03-09,9.38881,9.603969999999999,9.34969,9.58441,7713211.0
2023-03-10,9.467049999999999,9.56485,9.34969,9.38881,2711834.0
2023-03-13,9.271450000000002,9.62353,9.25189,9.506170000000001,6635979.0
2023-03-14,9.56485,9.56485,9.330129999999999,9.467049999999999,6715992.0
2023-03-15,9.62353,9.81913,9.506170000000001,9.64309,9041560.0
2023-03-16,9.603969999999999,9.74089,9.52573,9.64309,3008474.0
2023-03-17,9.64309,9.975610000000001,9.64309,9.89737,10698140.0
2023-03-20,9.89721,9.89721,9.37631,9.37631,3895355.0
2023-03-21,9.46312,9.52824,9.31119,9.37631,2205946.0
2023-03-22,9.419709999999998,9.61505,9.419709999999998,9.46312,3282085.0
2023-03-23,9.46312,9.61505,9.419709999999998,9.57165,2587221.0
2023-03-24,9.57165,9.63676,9.506530000000001,9.549940000000001,2493617.0
2023-03-27,9.57165,9.65846,9.506530000000001,9.506530000000001,2417223.0
2023-03-28,9.549940000000001,9.63676,9.48483,9.48483,2008291.0
2023-03-29,9.549940000000001,9.549940000000001,9.44142,9.506530000000001,1441375.0
2023-03-30,9.549940000000001,9.63676,9.506530000000001,9.61505,2721464.0
2023-03-31,9.593350000000001,9.68017,9.593350000000001,9.63676,2387138.0
2023-04-03,9.76698,9.89721,9.65846,9.87551,8218357.0
2023-04-04,9.940620000000001,9.940620000000001,9.745280000000001,9.81039,3620230.0
2023-04-05,9.8321,9.87551,9.68017,9.8538,5449287.0
2023-04-06,9.8538,10.135959999999999,9.81039,10.02744,10311195.0
2023-04-07,9.940620000000001,10.11426,9.91892,10.02744,4469745.0
2023-04-10,10.11426,10.20107,9.89721,10.02744,7617514.0
2023-04-11,9.96232,10.09255,9.8321,10.02744,2704196.0
2023-04-12,10.02744,10.11426,9.940620000000001,10.02744,3844800.0
2023-04-13,10.15766,10.15766,10.02744,10.07085,2531229.0
2023-04-14,10.07085,10.331299999999999,10.07085,10.07085,7235840.0
2023-04-17,10.07085,10.07085,9.89721,9.98403,1630746.0
2023-04-18,9.89721,10.11426,9.81039,9.89721,1700541.0
2023-04-19,9.89721,9.98403,9.701870000000001,9.701870000000001,1858990.0
2023-04-20,9.701870000000001,9.81039,9.65846,9.72358,952156.0
2023-04-21,9.72358,10.00573,9.72358,9.78869,2605357.0
2023-04-24,9.76698,10.00573,9.76698,9.91892,4773916.0
2023-04-25,9.91892,9.940620000000001,9.81039,9.87551,1385612.0
2023-04-26,9.8321,10.04914,9.76698,9.98403,4375876.0
2023-04-27,10.02744,10.09255,9.96232,10.00573,1875119.0
2023-04-28,10.00573,10.331299999999999,9.98403,10.331299999999999,8038300.0
2023-05-04,10.331299999999999,10.331299999999999,10.17937,10.24448,1874368.0
2023-05-05,10.20107,10.287889999999999,10.00573,10.135959999999999,2077234.0
2023-05-08,10.11426,10.22278,10.00573,10.09255,2834392.0
2023-05-09,10.09255,10.287889999999999,10.09255,10.22278,3221528.0
2023-05-10,10.24448,10.374709999999999,10.11426,10.3096,4226138.0
2023-05-11,10.331299999999999,10.353,10.15766,10.24448,1383896.0
2023-05-12,10.26619,10.26619,10.135959999999999,10.22278,1785435.0
2023-05-15,10.24448,10.50493,10.20107,10.374709999999999,10105598.0
2023-05-16,10.374709999999999,10.39641,10.24448,10.353,1727269.0
2023-05-17,10.374709999999999,10.39641,10.09255,10.09255,1959863.0
2023-05-18,10.11426,10.287889999999999,10.11426,10.15766,1266222.0
2023-05-19,10.24448,10.24448,10.07085,10.17937,1117353.0
2023-05-22,10.353,10.41812,10.20107,10.331299999999999,4991543.0
2023-05-23,10.287889999999999,10.46153,10.287889999999999,10.287889999999999,4101523.0
2023-05-24,10.374709999999999,10.39641,10.20107,10.20107,1902828.0
2023-05-25,10.24448,10.287889999999999,10.11426,10.15766,987937.0
2023-05-26,10.287889999999999,10.287889999999999,10.15766,10.26619,1359868.0
2023-05-29,10.39641,10.61346,10.287889999999999,10.54834,6815461.0
2023-05-30,10.656870000000001,10.656870000000001,10.374709999999999,10.46153,2891753.0
2023-05-31,10.61346,10.939020000000001,10.526639999999999,10.85221,11087140.0
2023-06-01,10.98243,11.35141,10.85221,11.35141,13566630.0
2023-06-02,11.17777,11.65527,11.17777,11.41652,12080730.0
2023-06-05,11.93743,11.93743,11.286290000000001,11.3297,9603592.0
2023-06-06,11.3297,11.43822,11.090950000000001,11.19948,10017781.0
2023-06-07,11.286290000000001,11.43822,11.17777,11.39482,9306637.0
2023-06-08,11.43822,11.43822,11.11266,11.11266,7733193.0
2023-06-09,11.29935,11.48062,11.1785,11.269129999999999,7733809.0
2023-06-12,11.329559999999999,11.329559999999999,11.02744,11.11807,2669072.0
2023-06-13,11.1785,11.1785,10.96701,10.96701,3061892.0
2023-06-14,10.997219999999999,11.148280000000002,10.96701,10.96701,3722910.0
2023-06-15,10.997219999999999,10.997219999999999,10.90659,10.96701,2762507.0
2023-06-16,10.96701,11.11807,10.96701,10.997219999999999,4861584.0
2023-06-19,11.02744,11.057649999999999,10.9368,11.057649999999999,1546332.0
2023-06-20,11.057649999999999,11.087860000000001,10.96701,11.02744,2287320.0
2023-06-21,11.057649999999999,11.11807,11.02744,11.11807,4234535.0
2023-06-22,11.23892,11.329559999999999,11.11807,11.11807,5295375.0
2023-06-23,11.148280000000002,11.269129999999999,11.087860000000001,11.1785,6150470.0
2023-06-26,11.20871,11.269129999999999,11.02744,11.148280000000002,3353412.0
2023-06-27,11.148280000000002,11.1785,11.02744,11.11807,2755396.0
2023-06-28,11.11807,11.148280000000002,11.057649999999999,11.148280000000002,3334307.0
2023-06-29,11.1785,11.1785,10.9368,10.9368,3937347.0
2023-06-30,10.9368,10.96701,10.87638,10.87638,2646567.0
2023-07-03,11.02744,11.02744,10.90659,10.96701,2904706.0
2023-07-04,10.997219999999999,11.02744,10.9368,10.96701,1809105.0
2023-07-05,10.997219999999999,11.02744,10.9368,10.9368,3936273.0
2023-07-06,10.9368,10.997219999999999,10.87638,10.997219999999999,4456046.0
2023-07-07,10.90659,10.997219999999999,10.84616,10.90659,4773277.0
2023-07-10,10.9368,11.02744,10.87638,10.997219999999999,5910499.0
2023-07-11,11.057649999999999,11.23892,10.997219999999999,11.057649999999999,8870114.0
2023-07-12,11.11807,11.11807,10.96701,10.96701,3911153.0
2023-07-13,10.997219999999999,11.057649999999999,10.9368,11.02744,4697336.0
2023-07-14,11.02744,11.057649999999999,10.90659,10.96701,3864302.0
2023-07-17,10.96701,11.02744,10.9368,11.02744,4233459.0
2023-07-18,11.02744,11.45041,10.997219999999999,11.45041,24821321.0
2023-07-19,11.48062,11.54104,11.269129999999999,11.29935,9355940.0
2023-07-20,11.29935,11.359770000000001,11.11807,11.359770000000001,11174363.0
2023-07-21,11.29935,11.45041,11.23892,11.329559999999999,9112052.0
2023-07-24,11.29935,11.359770000000001,11.148280000000002,11.269129999999999,7045839.0
2023-07-25,11.269129999999999,11.631680000000001,11.23892,11.48062,13361374.0
2023-07-26,11.48062,11.48062,11.29935,11.359770000000001,6636529.0
2023-07-27,11.359770000000001,11.38998,11.11807,11.20871,6664965.0
2023-07-28,11.1785,11.359770000000001,11.148280000000002,11.29935,7182079.0
2023-07-31,11.269129999999999,11.38998,11.23892,11.329559999999999,5201548.0
2023-08-01,11.359770000000001,11.631680000000001,11.329559999999999,11.359770000000001,14484569.0
2023-08-02,11.329559999999999,11.48062,11.29935,11.42019,6637422.0
2023-08-03,11.42019,11.48062,11.11807,11.148280000000002,6911097.0
2023-08-04,11.23892,11.48062,11.148280000000002,11.45041,12271753.0
2023-08-07,11.48062,11.75253,11.45041,11.66189,17755159.0
2023-08-08,11.72232,11.72232,11.45041,11.48062,6318090.0
2023-08-09,11.51083,11.54104,11.329559999999999,11.38998,5499014.0
2023-08-10,11.38998,11.42019,11.148280000000002,11.1785,5801849.0
2023-08-11,11.20871,11.269129999999999,11.02744,11.269129999999999,5342544.0
2023-08-14,11.269129999999999,11.29935,11.1785,11.269129999999999,5489663.0
2023-08-15,11.29935,11.57125,11.20871,11.48062,12077448.0
2023-08-16,11.48062,11.57125,11.359770000000001,11.54104,8498716.0
2023-08-17,11.54104,11.57125,11.359770000000001,11.38998,5852301.0
2023-08-18,11.329559999999999,11.359770000000001,10.87638,10.9368,11569243.0
2023-08-21,11.057649999999999,11.23892,10.90659,11.1785,8200962.0
2023-08-22,11.11807,11.23892,10.997219999999999,11.20871,4105984.0
2023-08-23,11.269129999999999,11.269129999999999,11.087860000000001,11.1785,5562659.0
2023-08-24,11.1785,11.42019,11.087860000000001,11.359770000000001,10071220.0
2023-08-25,11.29935,11.38998,11.23892,11.38998,3739298.0
2023-08-28,11.45041,11.51083,11.359770000000001,11.48062,7209299.0
2023-08-29,11.48062,11.54104,11.38998,11.48062,6938674.0
2023-08-30,11.48062,11.81295,11.48062,11.81295,22004414.0
2023-08-31,11.87338,11.90359,11.6921,11.84316,5943375.0
2023-09-05,11.90359,11.994219999999999,11.84316,11.87338,9233621.0
2023-09-06,11.87338,11.9338,11.57125,11.9338,11953366.0
2023-09-07,11.96401,12.145290000000001,11.81295,11.87338,16385746.0
2023-09-08,11.87338,11.90359,11.72232,11.72232,6027774.0
2023-09-11,11.78274,11.84316,11.42019,11.45041,10193226.0
2023-09-12,11.45041,11.601469999999999,11.359770000000001,11.601469999999999,9028399.0
2023-09-13,11.631680000000001,11.6921,11.45041,11.631680000000001,5527774.0
2023-09-14,11.631680000000001,11.78274,11.48062,11.48062,5654954.0
2023-09-15,11.601469999999999,11.66189,11.51083,11.601469999999999,4834829.0
2023-09-18,11.601469999999999,11.601469999999999,11.359770000000001,11.45041,5315824.0
2023-09-19,11.359770000000001,11.54104,11.329559999999999,11.51083,6067311.0
2023-09-20,11.45041,11.84316,11.38998,11.78274,14288894.0
2023-09-21,11.78274,11.81295,11.51083,11.51083,5546570.0
2023-09-22,11.38998,11.45041,11.087860000000001,11.20871,8919499.0
2023-09-25,11.20871,11.29935,10.87638,10.87638,6151606.0
2023-09-26,10.87638,11.02744,10.6951,10.6951,7205172.0
2023-09-27,10.6951,10.78574,10.51383,10.75553,5753983.0
2023-09-28,10.75553,10.9368,10.42319,10.90659,6391686.0
2023-09-29,10.90659,10.9368,10.75553,10.78574,3985833.0
2023-10-02,10.78574,10.81595,10.57425,10.57425,4169925.0
2023-10-03,10.51383,10.51383,10.090860000000001,10.090860000000001,7815486.0
2023-10-04,9.97001,10.272129999999999,9.97001,10.03043,3544218.0
2023-10-05,10.211709999999998,10.211709999999998,9.97001,10.000219999999999,3338911.0
2023-10-06,10.000219999999999,10.1815,9.97001,10.15128,4443068.0
2023-10-09,10.15128,10.302340000000001,10.090860000000001,10.1815,4909438.0
2023-10-10,10.272129999999999,10.272129999999999,10.12107,10.12107,4295187.0
2023-10-11,10.15128,10.1815,10.060649999999999,10.12107,3219715.0
2023-10-12,10.1815,10.39298,10.12107,10.39298,5225264.0
2023-10-13,10.272129999999999,10.48362,10.24192,10.42319,7510640.0
2023-10-16,10.39298,10.39298,10.12107,10.15128,4727722.0
2023-10-17,10.15128,10.24192,9.97001,9.97001,3430612.0
2023-10-18,10.000219999999999,10.03043,9.63768,9.818950000000001,5441532.0
2023-10-19,9.818950000000001,9.84916,9.6981,9.75853,2474668.0
2023-10-20,9.728309999999999,10.000219999999999,9.728309999999999,9.97001,2687532.0
2023-10-23,9.97001,10.12107,9.879370000000002,9.9398,4556885.0
2023-10-24,9.97001,10.1815,9.9398,10.15128,4262188.0
2023-10-25,10.15128,10.211709999999998,10.03043,10.12107,4186043.0
2023-10-26,9.90959,10.03043,9.4564,9.66789,6942761.0
2023-10-27,9.66789,9.84916,9.60746,9.78874,2255518.0
2023-10-30,9.78874,9.879370000000002,9.66789,9.66789,4289663.0
2023-10-31,9.728309999999999,9.728309999999999,9.54704,9.54704,2936880.0
2023-11-01,9.63768,9.63768,9.42619,9.54704,3184883.0
2023-11-02,9.6981,10.090860000000001,9.6981,9.90959,7606127.0
2023-11-03,10.03043,10.060649999999999,9.6981,9.6981,5737264.0
2023-11-06,9.9398,10.12107,9.78874,10.03043,4382632.0
2023-11-07,9.97001,10.12107,9.9398,10.000219999999999,3708947.0
2023-11-08,10.000219999999999,10.57425,9.97001,10.42319,8612907.0
2023-11-09,10.48362,10.54404,10.302340000000001,10.332559999999999,5485926.0
2023-11-10,10.272129999999999,10.4534,10.211709999999998,10.272129999999999,5917888.0
2023-11-13,10.272129999999999,10.42319,10.211709999999998,10.42319,4234952.0
2023-11-14,10.57425,10.78574,10.42319,10.51383,12506923.0
2023-11-15,10.54404,10.81595,10.51383,10.6951,9716888.0
2023-11-16,10.63468,10.63468,10.42319,10.57425,5220788.0
2023-11-17,10.57425,10.66489,10.211709999999998,10.272129999999999,7433829.0
2023-11-20,10.090860000000001,10.51383,10.060649999999999,10.39298,4723035.0
2023-11-21,10.39298,10.51383,10.272129999999999,10.302340000000001,2617136.0
2023-11-22,10.302340000000001,10.39298,10.272129999999999,10.332559999999999,2305512.0
2023-11-23,10.39298,10.51383,10.272129999999999,10.272129999999999,6956587.0
2023-11-24,10.302340000000001,10.302340000000001,10.12107,10.272129999999999,3550391.0
2023-11-27,10.24192,10.272129999999999,10.060649999999999,10.060649999999999,3115183.0
2023-11-28,10.060649999999999,10.1815,9.97001,10.12107,2506689.0
2023-11-29,10.12107,10.24192,10.090860000000001,10.1815,2468113.0
2023-11-30,10.12107,10.332559999999999,10.12107,10.272129999999999,8678015.0
2023-12-01,10.302340000000001,10.362770000000001,10.1815,10.332559999999999,9187846.0
2023-12-04,10.362770000000001,10.54404,10.332559999999999,10.39298,11161978.0
2023-12-05,10.42319,10.42319,10.302340000000001,10.302340000000001,4491908.0
2023-12-06,10.332559999999999,10.63468,10.302340000000001,10.54404,14005355.0
2023-12-07,10.57425,10.63468,10.42319,10.60447,15079464.0
2023-12-08,10.57425,10.6951,10.51383,10.54404,4737848.0
2023-12-11,10.54404,10.60447,10.48362,10.48362,4331665.0
2023-12-12,10.51383,10.54404,10.42319,10.48362,2416307.0
2023-12-13,10.51383,10.51383,10.272129999999999,10.272129999999999,3335319.0
2023-12-14,10.332559999999999,10.39298,10.1815,10.211709999999998,3330261.0
2023-12-15,10.272129999999999,10.302340000000001,10.1815,10.24192,3380612.0
2023-12-18,10.211709999999998,10.272129999999999,10.12107,10.211709999999998,3077529.0
2023-12-19,10.15128,10.272129999999999,10.12107,10.272129999999999,2429238.0
2023-12-20,10.211709999999998,10.272129999999999,10.1815,10.211709999999998,2825458.0
2023-12-21,10.211709999999998,10.211709999999998,10.090860000000001,10.211709999999998,2097571.0
2023-12-22,10.211709999999998,10.24192,10.12107,10.211709999999998,2374078.0
2023-12-25,10.211709999999998,10.332559999999999,10.211709999999998,10.302340000000001,2548254.0
2023-12-26,10.332559999999999,10.332559999999999,10.24192,10.272129999999999,2030227.0
2023-12-27,10.272129999999999,10.48362,10.272129999999999,10.48362,5357747.0
2023-12-28,10.4534,10.48362,10.362770000000001,10.4534,3899546.0
2023-12-29,10.51383,10.54404,10.42319,10.51383,3048145.0
2024-01-02,10.54404,10.57425,10.42319,10.4534,6972007.0
2024-01-03,10.42319,10.54404,10.332559999999999,10.54404,7156654.0
2024-01-04,10.57425,10.997219999999999,10.51383,10.81595,30604262.0
2024-01-05,10.81595,10.96701,10.72531,10.87638,11027926.0
2024-01-08,10.997219999999999,10.997219999999999,10.75553,10.84616,10135587.0
2024-01-09,10.87638,10.90659,10.6951,10.72531,10505693.0
2024-01-10,10.75553,11.23892,10.72531,11.1785,24221574.0
2024-01-11,11.1785,11.48062,11.087860000000001,11.1785,18119563.0
2024-01-12,11.087860000000001,11.359770000000001,10.96701,11.20871,18903546.0
2024-01-15,11.329559999999999,11.359770000000001,11.057649999999999,11.057649999999999,6965814.0
2024-01-16,10.997219999999999,11.23892,10.997219999999999,11.23892,9335413.0
2024-01-17,11.20871,11.29935,11.087860000000001,11.087860000000001,7455094.0
2024-01-18,11.087860000000001,11.148280000000002,10.997219999999999,11.148280000000002,5370589.0
2024-01-19,11.148280000000002,11.269129999999999,11.11807,11.23892,5652900.0
2024-01-22,11.23892,11.29935,11.148280000000002,11.269129999999999,8799064.0
2024-01-23,11.269129999999999,11.359770000000001,11.1785,11.23892,9422714.0
2024-01-24,11.20871,11.20871,11.02744,11.057649999999999,9179066.0
2024-01-25,11.057649999999999,11.057649999999999,10.96701,10.96701,5631807.0
2024-01-26,10.997219999999999,11.1785,10.96701,11.057649999999999,3899828.0
2024-01-29,11.057649999999999,11.11807,10.96701,10.96701,2948966.0
2024-01-30,10.96701,11.148280000000002,10.96701,11.057649999999999,7023878.0
2024-01-31,11.148280000000002,11.148280000000002,10.75553,10.78574,8858005.0
2024-02-01,10.78574,10.90659,10.75553,10.78574,5057592.0
2024-02-02,10.81595,10.84616,10.57425,10.57425,9175641.0
2024-02-05,10.57425,11.02744,10.57425,10.96701,18714346.0
2024-02-06,11.02744,11.087860000000001,10.9368,10.9368,9957893.0
2024-02-07,10.9368,11.23892,10.9368,11.1785,14678695.0
2024-02-15,11.269129999999999,11.57125,11.23892,11.38998,25902501.0
2024-02-16,11.42019,11.51083,11.359770000000001,11.42019,14364194.0
2024-02-19,11.42019,11.45041,11.269129999999999,11.359770000000001,8782998.0
2024-02-20,11.329559999999999,11.38998,11.269129999999999,11.329559999999999,9315850.0
2024-02-21,11.329559999999999,11.78274,11.20871,11.78274,31800025.0
2024-02-22,11.78274,11.9338,11.601469999999999,11.81295,15647874.0
2024-02-23,11.84316,12.145290000000001,11.54104,11.54104,43609529.0
2024-02-26,11.51083,11.66189,11.45041,11.57125,8203673.0
2024-02-27,11.57125,11.66189,11.38998,11.57125,15272359.0
2024-02-28,11.631680000000001,12.08486,11.54104,12.08486,25604492.0
2024-02-29,12.08486,12.23592,11.90359,11.994219999999999,30163480.0
2024-03-01,11.994219999999999,12.054649999999999,11.81295,11.994219999999999,14285287.0
2024-03-04,12.02444,12.054649999999999,11.78274,11.84316,15044312.0
2024-03-05,11.84316,11.84316,11.66189,11.72232,12297029.0
2024-03-06,11.72232,11.87338,11.54104,11.601469999999999,10019615.0
2024-03-07,11.6921,11.6921,11.57125,11.631680000000001,9138978.0
2024-03-08,11.631680000000001,11.66189,11.23892,11.23892,22069265.0
2024-03-11,11.20871,11.359770000000001,11.11807,11.1785,11039443.0
2024-03-12,11.1785,11.29935,11.148280000000002,11.1785,7981563.0
2024-03-13,11.1785,11.48062,11.148280000000002,11.48062,7645139.0
2024-03-14,11.48062,11.51083,11.23892,11.329559999999999,7678563.0
2024-03-15,11.29935,11.48062,11.148280000000002,11.359770000000001,9001479.0
2024-03-18,11.48062,11.48062,10.6951,11.057649999999999,13706020.0
2024-03-19,11.057649999999999,11.11807,10.997219999999999,10.997219999999999,4383580.0
2024-03-20,10.997219999999999,11.329559999999999,10.84616,11.23892,15981272.0
2024-03-21,11.359770000000001,11.38998,11.1785,11.329559999999999,9185199.0
2024-03-22,11.359770000000001,11.631680000000001,11.269129999999999,11.329559999999999,17972329.0
2024-03-25,11.359770000000001,11.631680000000001,11.29935,11.48062,17585868.0
2024-03-26,11.48062,11.601469999999999,11.42019,11.57125,10845104.0
2024-03-27,11.601469999999999,11.631680000000001,11.48062,11.601469999999999,6032387.0
2024-03-28,11.72232,11.78274,11.48062,11.54104,10136151.0
2024-03-29,11.601469999999999,11.601469999999999,11.48062,11.54104,5777111.0
2024-04-01,11.48062,11.51083,11.269129999999999,11.329559999999999,10022082.0
2024-04-02,11.269129999999999,11.38998,11.057649999999999,11.38998,10361316.0
2024-04-03,11.359770000000001,11.359770000000001,11.148280000000002,11.1785,8205356.0
2024-04-04,11.1785,11.20871,11.057649999999999,11.11807,11409380.0
2024-04-05,10.997219999999999,11.087860000000001,10.9368,10.997219999999999,9631727.0
2024-04-08,10.997219999999999,11.23892,10.9368,11.02744,11669502.0
2024-04-09,11.087860000000001,11.23892,10.96701,11.23892,4447989.0
2024-04-10,11.269129999999999,11.269129999999999,11.087860000000001,11.087860000000001,4269718.0
2024-04-11,10.9368,11.087860000000001,10.9368,11.087860000000001,6872629.0
2024-04-12,11.087860000000001,11.29935,11.02744,11.29935,10983193.0
2024-04-15,11.148280000000002,11.269129999999999,10.57425,10.57425,12294528.0
2024-04-16,10.57425,10.72531,10.272129999999999,10.63468,16800367.0
2024-04-17,10.6951,10.6951,10.272129999999999,10.272129999999999,6202546.0
2024-04-19,10.24192,10.332559999999999,9.90959,10.03043,8466392.0
2024-04-22,10.272129999999999,10.60447,10.15128,10.57425,12636955.0
2024-04-23,10.51383,10.63468,10.362770000000001,10.42319,6326477.0
2024-04-24,10.60447,10.87638,10.57425,10.87638,11891874.0
2024-04-25,10.84616,10.87638,10.6951,10.84616,4945753.0
2024-04-26,10.66489,10.84616,10.66489,10.81595,3092380.0
2024-05-02,10.81595,10.84616,10.66489,10.66489,1668427.0
2024-05-03,10.72531,10.81595,10.57425,10.57425,7857085.0
2024-05-06,10.6951,10.81595,10.63468,10.75553,4038552.0
2024-05-07,10.78574,10.78574,10.63468,10.72531,2575038.0
2024-05-08,10.6951,10.75553,10.60447,10.72531,4168883.0
2024-05-09,10.75553,11.11807,10.6951,10.96701,15538786.0
2024-05-10,10.997219999999999,11.057649999999999,10.87638,10.9368,8321349.0
2024-05-13,10.9368,11.087860000000001,10.81595,10.87638,5844574.0
2024-05-14,10.90659,10.997219999999999,10.81595,10.87638,4387329.0
2024-05-15,10.997219999999999,10.997219999999999,10.81595,10.84616,9488725.0
2024-05-16,10.997219999999999,11.11807,10.87638,11.087860000000001,9640850.0
2024-05-17,11.11807,11.269129999999999,11.02744,11.11807,12136290.0
2024-05-20,11.11807,11.23892,11.11807,11.148280000000002,13765827.0
2024-05-21,11.1785,11.1785,10.997219999999999,11.087860000000001,4451104.0
2024-05-22,11.11807,11.148280000000002,10.9368,10.96701,6157747.0
2024-05-23,10.96701,11.057649999999999,10.90659,11.057649999999999,5062723.0
2024-05-24,10.87638,11.087860000000001,10.63468,10.72531,15603862.0
2024-05-27,10.72531,10.81595,10.60447,10.6951,5793453.0
2024-05-28,10.75553,10.81595,10.6951,10.78574,4458316.0
2024-05-29,10.81595,10.81595,10.6951,10.6951,4683211.0
2024-05-30,10.6951,10.72531,10.57425,10.6951,6362308.0
2024-05-31,10.6951,10.75553,10.60447,10.66489,3888474.0
2024-06-03,10.72531,11.087860000000001,10.6951,10.90659,12045228.0
2024-06-04,10.96701,10.997219999999999,10.87638,10.90659,4465731.0
2024-06-05,10.90659,10.96701,10.84616,10.87638,4057482.0
2024-06-06,10.87638,11.087860000000001,10.84616,11.02744,8350356.0
2024-06-07,11.057649999999999,11.11807,10.9368,10.9368,3481908.0
2024-06-10,11.02744,11.23892,10.997219999999999,11.087860000000001,13101015.0
2024-06-11,11.11807,11.1785,10.96701,10.997219999999999,4549487.0
2024-06-12,10.997219999999999,11.1785,10.96701,11.148280000000002,6748117.0
2024-06-13,11.1785,11.54104,11.148280000000002,11.48062,44008939.0
2024-06-14,11.48062,11.54104,11.269129999999999,11.269129999999999,11914278.0
2024-06-17,11.29935,11.29935,11.11807,11.20871,9227155.0
2024-06-18,11.329559999999999,11.329559999999999,11.1785,11.23892,7925120.0
2024-06-19,11.29935,11.329559999999999,11.11807,11.20871,8455930.0
2024-06-20,11.36449,11.36449,11.17819,11.333440000000001,8933153.0
2024-06-21,11.27134,11.39554,11.20924,11.240290000000002,7478006.0
2024-06-24,11.20924,11.240290000000002,10.805579999999999,10.805579999999999,9998726.0
2024-06-25,10.898729999999999,10.929780000000001,10.805579999999999,10.898729999999999,4195120.0
2024-06-26,10.86768,10.898729999999999,10.74348,10.898729999999999,4414757.0
2024-06-27,10.83663,10.898729999999999,10.77453,10.83663,2870324.0
2024-06-28,10.71243,10.86768,10.61928,10.681379999999999,5437684.0
2024-07-01,10.681379999999999,10.77453,10.65033,10.77453,2304798.0
2024-07-02,10.77453,10.929780000000001,10.77453,10.83663,2732397.0
2024-07-03,10.86768,10.991879999999998,10.83663,10.898729999999999,3470501.0
2024-07-04,10.929780000000001,11.05398,10.898729999999999,10.96083,4745748.0
2024-07-05,10.96083,10.991879999999998,10.83663,10.991879999999998,2533797.0
2024-07-08,10.991879999999998,11.20924,10.991879999999998,11.02293,12786282.0
2024-07-09,11.02293,11.17819,10.991879999999998,11.11609,7759602.0
2024-07-10,11.17819,11.17819,10.929780000000001,11.085030000000001,4930100.0
2024-07-11,11.11609,11.20924,11.02293,11.11609,9298029.0
2024-07-12,11.11609,11.17819,11.05398,11.14714,4263833.0
2024-07-15,11.14714,11.17819,10.929780000000001,10.96083,2941273.0
2024-07-16,10.991879999999998,11.20924,10.991879999999998,11.085030000000001,4742215.0
2024-07-17,11.085030000000001,11.36449,10.991879999999998,11.085030000000001,10970541.0
2024-07-18,11.14714,11.17819,10.991879999999998,11.17819,3673666.0
2024-07-19,11.17819,11.51974,11.11609,11.426590000000001,42893806.0
2024-07-22,11.426590000000001,11.7371,11.36449,11.550790000000001,32705162.0
2024-07-23,11.58184,11.61289,10.74348,11.02293,14193128.0
2024-07-24,10.96083,11.240290000000002,10.86768,11.14714,16213404.0
2024-07-25,10.991879999999998,11.17819,10.991879999999998,11.05398,7532966.0
2024-07-26,11.11609,11.17819,11.05398,11.085030000000001,5558371.0
2024-07-29,11.17819,11.36449,11.14714,11.240290000000002,13239463.0
2024-07-30,11.240290000000002,11.302389999999999,11.05398,11.17819,5121957.0
2024-07-31,11.20924,11.51974,11.17819,11.27134,21622214.0
2024-08-01,11.302389999999999,11.333440000000001,10.86768,10.991879999999998,14232788.0
2024-08-02,10.86768,11.02293,10.77453,11.02293,12011577.0
2024-08-05,10.74348,10.898729999999999,10.43297,10.43297,17831543.0
2024-08-06,10.58823,10.86768,10.46402,10.77453,9816351.0
2024-08-07,10.77453,10.929780000000001,10.55718,10.58823,13941183.0
2024-08-08,10.58823,10.681379999999999,10.46402,10.49507,6128688.0
2024-08-09,10.681379999999999,10.77453,10.55718,10.61928,13230777.0
2024-08-12,10.61928,10.74348,10.55718,10.71243,4133334.0
2024-08-13,10.71243,10.86768,10.65033,10.71243,7204284.0
2024-08-14,10.77453,10.77453,10.681379999999999,10.681379999999999,2721711.0
2024-08-15,10.681379999999999,10.74348,10.61928,10.61928,3773838.0
2024-08-16,10.65033,10.898729999999999,10.65033,10.86768,8175982.0
2024-08-19,10.86768,10.96083,10.77453,10.86768,8332879.0
2024-08-20,10.86768,10.991879999999998,10.86768,10.898729999999999,8888684.0
2024-08-21,10.898729999999999,11.11609,10.86768,11.11609,16731142.0
2024-08-22,11.17819,11.302389999999999,11.11609,11.17819,7987928.0
2024-08-23,11.17819,11.17819,10.991879999999998,11.11609,8050463.0
2024-08-26,11.11609,11.302389999999999,11.05398,11.05398,11812943.0
2024-08-27,11.05398,11.11609,10.991879999999998,11.02293,4465669.0
2024-08-28,11.05398,11.17819,10.991879999999998,11.02293,8035333.0
2024-08-29,11.02293,11.20924,11.02293,11.085030000000001,7341604.0
2024-08-30,11.085030000000001,11.17819,11.05398,11.11609,6998759.0
2024-09-04,10.929780000000001,11.02293,10.86768,10.96083,7588693.0
2024-09-05,11.02293,11.05398,10.898729999999999,10.929780000000001,4866650.0
2024-09-06,10.96083,11.11609,10.898729999999999,10.991879999999998,7409422.0
2024-09-09,10.96083,11.02293,10.898729999999999,10.929780000000001,3034364.0
2024-09-10,10.991879999999998,11.20924,10.991879999999998,11.05398,16888810.0
2024-09-11,11.11609,11.14714,10.991879999999998,11.085030000000001,3937481.0
2024-09-12,11.17819,11.39554,11.11609,11.27134,28884459.0
2024-09-13,11.302389999999999,11.333440000000001,11.20924,11.27134,6115159.0
2024-09-16,11.27134,11.39554,11.11609,11.17819,14300838.0
2024-09-17,11.17819,11.27134,11.11609,11.27134,4891183.0
2024-09-18,11.333440000000001,11.426590000000001,11.20924,11.333440000000001,15986465.0
2024-09-19,11.36449,11.48869,11.333440000000001,11.333440000000001,15198847.0
2024-09-20,11.39554,11.48869,11.20924,11.240290000000002,24879440.0
2024-09-23,11.402209999999998,11.62578,11.36494,11.36494,11937319.0
2024-09-24,11.402209999999998,11.47673,11.29042,11.47673,5345342.0
2024-09-25,11.55125,11.66304,11.51399,11.62578,11743747.0
2024-09-26,11.700299999999999,12.408280000000001,11.58852,12.408280000000001,60835591.0
2024-09-27,12.669120000000001,12.81817,12.37102,12.59459,60292572.0
2024-09-30,12.59459,13.00448,12.55733,12.81817,37870846.0
2024-10-01,12.81817,12.96721,12.631860000000001,12.74364,30055170.0
2024-10-02,12.85543,13.11626,12.70638,13.041739999999999,33126116.0
2024-10-03,13.11626,13.48888,12.929950000000002,13.041739999999999,51544738.0
2024-10-04,13.190790000000002,13.190790000000002,12.81817,12.85543,20469240.0
2024-10-07,13.00448,13.11626,12.85543,13.041739999999999,16728021.0
2024-10-08,13.190790000000002,13.48888,13.079,13.079,32036591.0
2024-10-09,13.11626,13.190790000000002,12.96721,13.11626,15091566.0
2024-10-10,13.26531,13.45162,12.96721,13.00448,34478837.0
2024-10-11,13.00448,13.041739999999999,12.85543,13.041739999999999,13145944.0
2024-10-14,13.11626,13.190790000000002,12.929950000000002,13.00448,13864814.0
2024-10-15,13.11626,13.26531,12.96721,13.00448,14886065.0
2024-10-16,12.96721,13.079,12.929950000000002,13.041739999999999,8609094.0
2024-10-17,13.079,13.3771,12.89269,13.33984,22484094.0
2024-10-18,13.41436,13.48888,13.22805,13.26531,29526373.0
2024-10-21,13.15353,13.26531,13.041739999999999,13.041739999999999,12879407.0
2024-10-22,12.96721,13.26531,12.780899999999999,12.89269,31071770.0
2024-10-23,12.929950000000002,13.22805,12.81817,13.15353,18025064.0
2024-10-24,13.22805,13.30257,12.70638,12.70638,18328397.0
2024-10-25,12.780899999999999,12.89269,12.669120000000001,12.70638,16913571.0
2024-10-28,12.70638,12.81817,12.70638,12.81817,7926417.0
2024-10-29,12.85543,12.929950000000002,12.74364,12.74364,9769963.0
2024-10-30,12.780899999999999,12.85543,12.669120000000001,12.85543,11124629.0
2024-10-31,12.780899999999999,13.079,12.70638,12.89269,19915965.0
2024-11-01,12.81817,12.89269,12.70638,12.70638,13069341.0
2024-11-04,12.70638,12.74364,12.2965,12.33376,27023859.0
2024-11-05,12.33376,12.445549999999999,12.2965,12.33376,9264343.0
2024-11-06,12.445549999999999,12.70638,12.33376,12.631860000000001,12045520.0
2024-11-07,12.70638,12.70638,12.482809999999999,12.52007,6842658.0
2024-11-08,12.59459,12.59459,12.33376,12.408280000000001,8670181.0
2024-11-11,12.37102,12.408280000000001,11.923879999999999,12.07292,30709655.0
2024-11-12,12.147450000000001,12.147450000000001,11.961139999999999,11.9984,9285623.0
2024-11-13,11.961139999999999,12.07292,11.700299999999999,12.03566,17339430.0
2024-11-14,11.961139999999999,12.147450000000001,11.73756,11.73756,10657890.0
2024-11-15,11.62578,11.73756,11.55125,11.62578,16228672.0
2024-11-18,11.62578,11.9984,11.58852,11.923879999999999,16215321.0
2024-11-19,11.886610000000001,11.961139999999999,11.77483,11.77483,9962528.0
2024-11-20,11.700299999999999,12.184709999999999,11.700299999999999,11.961139999999999,11382625.0
2024-11-21,12.03566,12.110190000000001,11.961139999999999,12.110190000000001,6030696.0
2024-11-22,12.07292,12.147450000000001,11.9984,11.9984,6829807.0
2024-11-25,12.03566,12.110190000000001,11.961139999999999,12.03566,5432501.0
2024-11-26,12.03566,12.221969999999999,12.03566,12.03566,7398141.0
2024-11-27,12.03566,12.147450000000001,11.9984,12.03566,4889716.0
2024-11-28,12.110190000000001,12.2965,12.07292,12.110190000000001,11226487.0
2024-11-29,12.110190000000001,12.184709999999999,12.07292,12.07292,4915269.0
2024-12-02,12.184709999999999,12.259229999999999,11.9984,11.9984,6796362.0
2024-12-03,12.03566,12.07292,11.923879999999999,11.923879999999999,6556486.0
2024-12-04,11.961139999999999,11.961139999999999,11.77483,11.77483,8017084.0
2024-12-05,11.81209,12.259229999999999,11.73756,12.259229999999999,11743617.0
2024-12-06,12.2965,12.2965,12.110190000000001,12.110190000000001,9731894.0
2024-12-09,12.184709999999999,12.2965,12.110190000000001,12.221969999999999,8423940.0
2024-12-10,12.221969999999999,12.2965,12.184709999999999,12.184709999999999,4982300.0
2024-12-11,12.221969999999999,12.2965,12.07292,12.147450000000001,6316729.0
2024-12-12,12.184709999999999,12.408280000000001,12.110190000000001,12.184709999999999,17363669.0
2024-12-13,12.184709999999999,12.259229999999999,12.110190000000001,12.110190000000001,4588100.0
2024-12-16,12.110190000000001,12.221969999999999,12.03566,12.07292,9852128.0
2024-12-17,12.07292,12.147450000000001,12.03566,12.07292,4268647.0
2024-12-18,12.07292,12.147450000000001,11.9984,12.110190000000001,5408555.0
2024-12-19,11.961139999999999,12.03566,11.886610000000001,11.923879999999999,10789820.0
2024-12-20,11.961139999999999,11.961139999999999,11.849350000000001,11.849350000000001,5575726.0
2024-12-23,12.03566,12.07292,11.923879999999999,11.961139999999999,6275589.0
2024-12-24,11.961139999999999,12.03566,11.923879999999999,11.961139999999999,5951925.0
2024-12-25,11.9984,12.55733,11.961139999999999,12.221969999999999,14532759.0
2024-12-26,12.184709999999999,12.37102,12.184709999999999,12.33376,6868626.0
2024-12-27,12.37102,12.70638,12.33376,12.482809999999999,27808453.0
2024-12-30,12.52007,12.59459,12.2965,12.408280000000001,6737172.0
2024-12-31,12.408280000000001,12.52007,12.2965,12.408280000000001,7934334.0
2025-01-02,12.445549999999999,12.445549999999999,12.221969999999999,12.33376,5153532.0
2025-01-03,12.2965,12.33376,12.07292,12.07292,9678572.0
2025-01-06,12.07292,12.147450000000001,11.923879999999999,11.961139999999999,7774012.0
2025-01-07,11.9984,12.110190000000001,11.961139999999999,11.9984,5753862.0
2025-01-08,12.110190000000001,12.184709999999999,12.03566,12.07292,4609078.0
2025-01-09,12.147450000000001,12.147450000000001,11.961139999999999,11.9984,4450634.0
2025-01-10,11.9984,12.110190000000001,11.81209,11.849350000000001,8371072.0
2025-01-13,11.77483,11.961139999999999,11.700299999999999,11.849350000000001,6940107.0
2025-01-14,11.849350000000001,11.961139999999999,11.81209,11.849350000000001,3549550.0
2025-01-15,11.923879999999999,11.9984,11.849350000000001,11.923879999999999,5697114.0
2025-01-16,11.9984,12.07292,11.923879999999999,11.961139999999999,6279717.0
2025-01-17,11.961139999999999,12.07292,11.923879999999999,12.03566,4339780.0
2025-01-20,12.110190000000001,12.259229999999999,12.07292,12.221969999999999,6760313.0
2025-01-21,12.2965,12.2965,12.07292,12.07292,5406455.0
2025-01-22,12.147450000000001,12.147450000000001,11.9984,11.9984,5144114.0
2025-01-23,12.110190000000001,12.221969999999999,11.9984,12.184709999999999,6162898.0
2025-01-24,12.147450000000001,12.2965,12.147450000000001,12.259229999999999,8385965.0
2025-02-03,12.221969999999999,12.221969999999999,11.9984,12.03566,8875858.0
2025-02-04,12.110190000000001,12.37102,12.03566,12.33376,10940880.0
2025-02-05,12.37102,12.445549999999999,12.259229999999999,12.37102,8951702.0
2025-02-06,12.445549999999999,12.59459,12.2965,12.33376,8820555.0
2025-02-07,12.408280000000001,12.52007,12.259229999999999,12.33376,10062941.0
2025-02-10,12.2965,12.55733,12.184709999999999,12.482809999999999,17706881.0
2025-02-11,12.482809999999999,12.81817,12.482809999999999,12.669120000000001,42527437.0
2025-02-12,12.74364,12.74364,12.52007,12.55733,7643518.0
2025-02-13,12.55733,12.631860000000001,12.482809999999999,12.59459,7953561.0
2025-02-14,12.669120000000001,12.780899999999999,12.59459,12.59459,9822625.0
2025-02-17,12.59459,12.669120000000001,12.52007,12.55733,8525542.0
2025-02-18,12.55733,12.70638,12.52007,12.59459,9231695.0
2025-02-19,12.631860000000001,12.669120000000001,12.55733,12.669120000000001,8593181.0
2025-02-20,12.669120000000001,12.85543,12.631860000000001,12.74364,17115175.0
2025-02-21,12.780899999999999,12.780899999999999,12.59459,12.669120000000001,10003413.0
2025-02-24,12.669120000000001,12.780899999999999,12.59459,12.70638,12874869.0
2025-02-25,12.780899999999999,12.780899999999999,12.59459,12.631860000000001,15156834.0
2025-02-26,12.74364,12.74364,12.59459,12.631860000000001,12931156.0
2025-02-27,12.669120000000001,12.70638,12.52007,12.59459,18066708.0
2025-02-28,12.55733,12.59459,12.445549999999999,12.445549999999999,20443237.0
2025-03-03,12.221969999999999,12.259229999999999,11.9984,12.07292,61870386.0
2025-03-04,12.07292,12.184709999999999,11.9984,12.07292,20883499.0
2025-03-05,12.110190000000001,12.221969999999999,11.9984,11.9984,15098147.0
2025-03-06,11.9984,12.110190000000001,11.961139999999999,12.07292,17486001.0
2025-03-07,12.07292,12.259229999999999,12.07292,12.184709999999999,18982813.0
2025-03-10,12.184709999999999,12.259229999999999,12.07292,12.07292,12091571.0
2025-03-11,11.9984,12.110190000000001,11.961139999999999,12.110190000000001,9441252.0
2025-03-12,12.110190000000001,12.147450000000001,11.9984,12.03566,8871670.0
2025-03-13,12.03566,12.07292,11.961139999999999,11.961139999999999,9956155.0
2025-03-14,11.961139999999999,12.03566,11.923879999999999,11.9984,10226070.0
2025-03-17,12.03566,12.259229999999999,11.961139999999999,12.184709999999999,14575385.0
2025-03-18,12.221969999999999,12.221969999999999,12.07292,12.110190000000001,5579794.0
2025-03-19,12.110190000000001,12.147450000000001,11.923879999999999,11.961139999999999,17896124.0
2025-03-20,11.961139999999999,11.9984,11.17863,11.32768,81025216.0
2025-03-21,11.17863,11.32768,10.880540000000002,10.99232,38296269.0
2025-03-24,10.95506,11.14137,10.76875,10.80601,29390757.0
2025-03-25,10.84327,11.17863,10.84327,11.02958,18410538.0
2025-03-26,11.02958,11.06685,10.76875,10.80601,18664654.0
2025-03-27,10.80601,10.880540000000002,10.58244,10.65696,19581131.0
2025-03-28,10.69423,10.731489999999999,10.58244,10.58244,9639037.0
2025-03-31,10.58244,10.80601,10.58244,10.65696,12043549.0
2025-04-01,10.731489999999999,10.76875,10.6197,10.65696,7881714.0
2025-04-02,10.65696,10.731489999999999,10.58244,10.6197,11858336.0
2025-04-03,9.98625,10.43339,9.911719999999999,9.911719999999999,52470535.0
2025-04-04,9.241,9.650889999999999,9.241,9.50184,42689790.0
2025-04-08,9.241,9.31553,8.868379999999998,8.868379999999998,30414597.0
2025-04-09,8.27219,9.278270000000001,8.27219,8.71933,30885432.0
2025-04-10,9.31553,9.31553,9.31553,9.31553,1279664.0
2025-04-11,9.948979999999999,9.948979999999999,9.50184,9.837200000000001,26122158.0
2025-04-14,9.87446,9.911719999999999,9.650889999999999,9.72541,13394316.0
2025-04-15,9.72541,9.76267,9.50184,9.539100000000001,11198508.0
2025-04-16,9.50184,9.68815,9.50184,9.650889999999999,8424167.0
2025-04-17,9.613620000000001,9.76267,9.576360000000001,9.76267,9435068.0
2025-04-18,9.76267,9.948979999999999,9.76267,9.837200000000001,12420409.0
2025-04-21,10.06077,10.24708,9.98625,10.098030000000001,15964691.0
2025-04-22,9.98625,10.098030000000001,9.68815,9.98625,24172642.0
2025-04-23,10.20982,10.20982,10.02351,10.06077,8552434.0
2025-04-24,10.098030000000001,10.135290000000001,9.948979999999999,10.02351,6908743.0
2025-04-25,10.098030000000001,10.135290000000001,9.98625,9.98625,14042922.0
2025-04-28,10.135290000000001,10.135290000000001,9.98625,10.06077,8457626.0
2025-04-29,10.098030000000001,10.172559999999999,10.06077,10.135290000000001,7018500.0
2025-05-05,10.20982,10.24708,10.098030000000001,10.135290000000001,4499063.0
2025-05-06,10.06077,10.39613,10.06077,10.28434,14699805.0
2025-05-07,10.43339,10.43339,10.28434,10.358870000000001,12160145.0
2025-05-08,10.43339,10.54518,10.39613,10.47065,17154005.0
2025-05-09,10.58244,10.58244,10.43339,10.47065,17761369.0
2025-05-12,10.54518,11.02958,10.50792,10.99232,34291082.0
2025-05-13,11.15225,11.15225,10.7925,10.87245,18615811.0
2025-05-14,10.912420000000001,11.03233,10.87245,11.03233,14773298.0
2025-05-15,11.03233,11.11228,10.832469999999999,10.992360000000001,14248146.0
2025-05-16,10.95239,10.992360000000001,10.832469999999999,10.87245,8593192.0
2025-05-19,10.7925,10.832469999999999,10.71256,10.75253,8531993.0
2025-05-20,10.75253,10.832469999999999,10.67258,10.7925,10478406.0
2025-05-21,10.7925,10.992360000000001,10.75253,10.7925,15408387.0
2025-05-22,10.75253,10.7925,10.59264,10.632610000000001,15419099.0
2025-05-23,10.632610000000001,10.67258,10.5127,10.59264,9582657.0
2025-05-26,10.632610000000001,10.71256,10.39278,10.67258,9096584.0
2025-05-27,10.67258,10.75253,10.39278,10.67258,11177750.0
2025-05-28,10.71256,10.7925,10.632610000000001,10.67258,8514605.0
2025-05-29,10.71256,10.75253,10.67258,10.71256,7032877.0
2025-05-30,10.71256,10.75253,10.55267,10.59264,7904104.0
2025-06-02,10.31283,10.5127,10.19292,10.472719999999999,21648529.0
2025-06-03,10.5127,10.632610000000001,10.5127,10.59264,7567169.0
2025-06-04,10.59264,10.632610000000001,10.472719999999999,10.472719999999999,8560149.0
2025-06-05,10.55267,10.55267,10.472719999999999,10.5127,4782444.0
2025-06-06,10.5127,10.55267,10.43275,10.472719999999999,6758571.0
2025-06-09,10.472719999999999,10.5127,10.39278,10.43275,5651042.0
2025-06-10,10.43275,10.5127,10.39278,10.43275,4596301.0
2025-06-11,10.472719999999999,10.67258,10.43275,10.59264,9203140.0
2025-06-12,10.59264,10.67258,10.55267,10.632610000000001,7348011.0
2025-06-13,10.55267,10.632610000000001,10.472719999999999,10.55267,15367212.0
2025-06-16,10.55267,10.67258,10.5127,10.632610000000001,8630180.0
2025-06-17,10.71256,10.95239,10.67258,10.7925,15766277.0
2025-06-18,10.832469999999999,10.832469999999999,10.67258,10.71256,5254080.0
2025-06-19,10.71256,10.7925,10.67258,10.71256,4783144.0
2025-06-20,10.67258,10.7925,10.632610000000001,10.67258,6956543.0
2025-06-23,10.55267,10.632610000000001,10.5127,10.632610000000001,6863369.0
2025-06-24,10.71256,10.71256,10.59264,10.59264,6093359.0
2025-06-25,10.632610000000001,10.7925,10.59264,10.71256,11611124.0
2025-06-26,10.71256,10.75253,10.632610000000001,10.67258,4861534.0
2025-06-27,10.71256,10.75253,10.632610000000001,10.71256,8297200.0
2025-06-30,10.75253,10.832469999999999,10.71256,10.75253,12756790.0
2025-07-01,10.832469999999999,10.87245,10.75253,10.832469999999999,13101893.0
2025-07-02,10.832469999999999,10.912420000000001,10.7925,10.87245,9760921.0
2025-07-03,10.912420000000001,11.15225,10.832469999999999,10.992360000000001,27263469.0
2025-07-04,11.03233,11.11228,10.992360000000001,10.992360000000001,10477847.0
2025-07-07,10.992360000000001,11.35211,10.992360000000001,11.31214,26263961.0
2025-07-08,11.15225,11.31214,11.11228,11.192219999999999,32552242.0
2025-07-09,11.272170000000001,11.9517,11.2322,11.911719999999999,62059545.0
2025-07-10,11.991670000000001,12.03164,11.75184,11.87175,17104305.0
2025-07-11,11.87175,12.11159,11.79181,11.87175,26333712.0
2025-07-14,11.87175,11.911719999999999,11.631920000000001,11.911719999999999,20670158.0
2025-07-15,11.9517,12.07161,11.79181,11.79181,19492578.0
2025-07-16,11.75184,11.911719999999999,11.75184,11.911719999999999,15934154.0
2025-07-17,11.991670000000001,12.11159,11.83178,11.911719999999999,19302540.0
2025-07-18,11.9517,12.271469999999999,11.87175,12.07161,26891993.0
2025-07-21,12.19153,12.2315,12.03164,12.07161,21269765.0
2025-07-22,12.03164,12.351420000000001,11.87175,12.2315,28525664.0
2025-07-23,12.351420000000001,12.43136,12.19153,12.31145,27111889.0
2025-07-24,12.31145,12.71117,12.31145,12.47134,28838575.0
2025-07-25,12.59125,12.631219999999999,12.39139,12.47134,23927040.0
2025-07-28,12.51131,13.19084,12.47134,13.15086,42113346.0
2025-07-29,13.27078,13.27078,12.2315,12.2315,48805716.0
2025-07-30,12.31145,12.79111,12.2315,12.71117,28373259.0
2025-07-31,12.83109,12.87106,12.351420000000001,12.55128,19596231.0
2025-08-01,12.55128,12.59125,12.271469999999999,12.55128,20600777.0
2025-08-04,12.39139,13.3907,12.39139,13.3907,58160506.0
2025-08-05,13.95031,14.31006,13.47064,14.070219999999999,95641099.0
2025-08-06,14.46995,15.02956,14.23011,14.54989,52755103.0
2025-08-07,14.66981,15.5492,14.39,15.5492,73686855.0
2025-08-08,15.78903,16.06884,15.26939,15.46925,43617297.0
2025-08-11,15.50922,15.74906,15.06953,15.62914,60946022.0
2025-08-12,15.74906,15.829,15.149469999999999,15.34934,41400956.0
2025-08-13,15.34934,15.58917,14.8297,15.30936,43150309.0
2025-08-14,15.30936,16.2687,15.30936,15.829,71678094.0
2025-08-15,16.02886,16.02886,15.34934,15.58917,44726847.0
2025-08-18,15.58917,16.46856,15.38931,16.10881,50434092.0
2025-08-19,16.22872,16.9882,16.10881,16.9882,70624067.0
2025-08-20,17.18806,17.22803,15.829,16.50853,55925815.0
2025-08-21,16.78834,17.62775,16.50853,17.62775,114532647.0
2025-08-22,17.58778,18.22734,16.42859,17.268,80733188.0
2025-08-25,17.268,17.427889999999998,16.06884,16.06884,59524530.0
2025-08-26,15.58917,16.828310000000002,15.42928,16.74836,49499939.0
2025-08-27,17.02817,17.30797,16.02886,16.148780000000002,54296456.0
2025-08-28,16.38861,16.78834,16.10881,16.62845,38297944.0
2025-08-29,16.78834,17.10811,16.50853,16.708389999999998,47768356.0
2025-09-03,16.74836,16.90825,16.5485,16.828310000000002,27342346.0
2025-09-04,17.06814,17.34795,16.828310000000002,17.18806,37906629.0
2025-09-05,17.268,17.46786,16.46856,16.46856,47107109.0
2025-09-08,16.148780000000002,16.42859,15.46925,15.46925,54231477.0
2025-09-09,15.5492,15.66911,15.22942,15.5492,21870627.0
2025-09-10,15.62914,15.78903,15.26939,15.34934,20217202.0
2025-09-11,15.30936,15.74906,14.70978,15.70909,33096065.0
2025-09-12,15.829,15.829,15.46925,15.58917,13562355.0
2025-09-15,15.62914,15.90895,15.5492,15.829,13107505.0
2025-09-16,15.94892,16.02886,15.58917,15.70909,14892577.0
2025-09-17,15.70909,15.74906,15.42928,15.42928,10751522.0
2025-09-18,15.42928,15.5492,14.94961,15.06953,18532878.0
2025-09-19,15.1095,15.30936,14.86967,14.86967,12261147.0
2025-09-22,14.94961,15.18945,14.54989,15.18945,20778456.0
2025-09-23,15.149469999999999,15.34934,14.98959,15.34934,12070341.0
2025-09-24,15.30936,15.70909,14.90964,15.70909,29874722.0
2025-09-25,15.70909,15.74906,15.46925,15.50922,9199011.0
2025-09-26,15.46925,15.5492,15.02956,15.02956,10608337.0
2025-09-29,15.02956,15.26939,14.90964,15.06953,7336214.0
2025-09-30,15.1095,15.18945,14.70978,15.06953,11742321.0
2025-10-01,15.06953,15.62914,15.02956,15.42928,19788383.0
2025-10-02,15.42928,15.62914,15.02956,15.02956,11184379.0
2025-10-03,14.94961,15.1095,14.8297,14.94961,9155332.0
2025-10-06,15.22942,15.94892,15.02956,15.86897,25606476.0
2025-10-07,15.94892,15.94892,15.46925,15.46925,12571556.0
2025-10-08,15.74906,15.74906,15.26939,15.5492,21261778.0
2025-10-09,15.62914,16.02886,15.50922,15.98889,42839052.0
2025-10-10,16.06884,16.10881,15.62914,15.66911,23804197.0
2025-10-13,15.42928,15.62914,15.38931,15.5492,18312041.0
2025-10-14,15.58917,15.829,15.22942,15.34934,41110920.0
2025-10-15,15.34934,15.86897,15.34934,15.74906,28536540.0
2025-10-16,15.86897,15.86897,15.58917,15.78903,17133945.0
2025-10-17,15.78903,15.829,15.34934,15.38931,18713824.0
2025-10-20,15.38931,15.38931,14.35003,14.35003,26359599.0
2025-10-21,14.23011,14.70978,13.59056,14.54989,23313824.0
2025-10-22,14.66981,14.70978,14.03025,14.50992,8166614.0
2025-10-23,14.54989,14.58986,14.23011,14.23011,9154556.0
2025-10-24,14.27009,14.35003,13.95031,14.31006,10411761.0
2025-10-27,14.39,14.429969999999999,14.03025,14.03025,7158436.0
2025-10-28,13.99028,14.35003,13.95031,14.35003,8883123.0
2025-10-29,14.39,14.70978,14.31006,14.50992,10941914.0
2025-10-30,14.6895,14.6895,14.39571,14.39571,5644446.0
2025-10-31,14.35374,14.52162,13.97601,13.97601,9010067.0
2025-11-03,14.10192,14.52162,13.97601,13.97601,20604049.0
2025-11-04,13.97601,14.647530000000001,13.89207,14.47965,16482486.0
2025-11-05,14.43768,14.47965,14.143889999999999,14.18586,4670645.0
2025-11-06,14.18586,14.39571,14.05995,14.18586,4180591.0
2025-11-07,14.10192,14.227829999999999,13.72419,13.850100000000001,8568969.0
2025-11-10,13.850100000000001,14.10192,13.808129999999998,13.850100000000001,5428796.0
2025-11-11,13.89207,14.18586,13.808129999999998,14.18586,4340376.0
2025-11-12,14.18586,14.52162,14.05995,14.52162,10054581.0
2025-11-13,14.43768,14.47965,14.227829999999999,14.227829999999999,4504233.0
2025-11-14,14.227829999999999,14.2698,14.10192,14.227829999999999,4320666.0
2025-11-17,14.2698,14.43768,14.18586,14.39571,4676931.0
2025-11-18,14.39571,14.77344,14.35374,14.77344,13317986.0
2025-11-19,14.77344,14.77344,14.39571,14.39571,4227126.0
2025-11-20,14.43768,14.52162,14.2698,14.47965,4216798.0
2025-11-21,14.311770000000001,14.47965,14.143889999999999,14.47965,5452216.0
2025-11-24,14.47965,14.52162,14.2698,14.47965,6503083.0
2025-11-25,14.35374,14.47965,14.143889999999999,14.227829999999999,5093337.0
2025-11-26,14.18586,14.647530000000001,14.18586,14.605559999999999,6900698.0
2025-11-27,14.605559999999999,14.94132,14.52162,14.56359,8320307.0
2025-11-28,14.56359,14.605559999999999,14.2698,14.52162,3785424.0
2025-12-01,14.43768,14.47965,14.2698,14.2698,4169638.0
2025-12-02,14.2698,14.39571,14.143889999999999,14.35374,6559716.0
2025-12-03,14.39571,14.81541,14.39571,14.56359,17186555.0
2025-12-04,14.56359,14.81541,14.56359,14.77344,16145456.0
2025-12-05,14.85738,14.89935,14.47965,14.605559999999999,7637348.0
2025-12-08,14.56359,14.647530000000001,14.39571,14.43768,4436334.0
2025-12-09,14.39571,14.47965,14.01798,14.18586,16848565.0
2025-12-10,14.18586,14.35374,14.18586,14.18586,2986383.0
2025-12-11,14.227829999999999,14.311770000000001,14.05995,14.10192,6537384.0
2025-12-12,14.10192,14.18586,13.72419,13.72419,9148362.0
2025-12-15,13.68222,13.850100000000001,13.64025,13.72419,7343377.0
2025-12-16,13.72419,14.10192,13.346459999999999,14.10192,10797275.0
2025-12-17,14.01798,14.18586,13.850100000000001,13.850100000000001,4978212.0
2025-12-18,13.850100000000001,14.01798,13.808129999999998,14.01798,3422677.0
2025-12-19,14.05995,14.143889999999999,13.97601,14.143889999999999,3952508.0
2025-12-22,14.227829999999999,14.605559999999999,14.10192,14.52162,12329856.0
2025-12-23,14.605559999999999,14.81541,14.227829999999999,14.56359,11811264.0
2025-12-24,14.56359,14.77344,14.35374,14.605559999999999,5945273.0
2025-12-25,14.647530000000001,14.73147,14.2698,14.2698,6288046.0
2025-12-26,14.18586,14.39571,13.934040000000001,14.227829999999999,7465622.0
2025-12-29,14.2698,14.39571,14.18586,14.18586,4994327.0
2025-12-30,14.2698,14.52162,14.227829999999999,14.39571,9191059.0
2025-12-31,14.47965,14.47965,14.35374,14.35374,4741423.0
2026-01-05,14.39571,14.43768,13.89207,13.934040000000001,9758883.0
2026-01-06,14.05995,14.39571,13.89207,14.311770000000001,10002239.0
2026-01-07,14.43768,14.81541,14.35374,14.647530000000001,24323305.0
2026-01-08,14.6895,15.23511,14.52162,14.81541,28585504.0
2026-01-09,15.02526,15.109200000000001,14.6895,14.77344,23650937.0
2026-01-12,14.77344,15.444959999999998,14.73147,15.27708,31650927.0
2026-01-13,15.36102,15.5289,14.98329,15.02526,25051015.0
2026-01-14,15.06723,15.06723,14.6895,14.6895,16897621.0
2026-01-15,14.6895,14.81541,14.52162,14.605559999999999,9935546.0
2026-01-16,14.81541,14.85738,14.56359,14.605559999999999,8688949.0
2026-01-19,14.605559999999999,14.6895,14.52162,14.56359,5057541.0
2026-01-20,14.605559999999999,14.94132,14.605559999999999,14.647530000000001,19311494.0
2026-01-21,14.52162,14.647530000000001,14.35374,14.43768,7509935.0
2026-01-22,14.43768,14.77344,14.43768,14.605559999999999,7328336.0
2026-01-23,14.605559999999999,14.6895,14.43768,14.47965,6052407.0
2026-01-26,14.39571,14.47965,14.10192,14.35374,9067898.0
2026-01-27,14.311770000000001,14.47965,14.2698,14.43768,7441878.0
2026-01-28,14.47965,14.47965,14.143889999999999,14.18586,6357429.0
2026-01-29,14.18586,14.35374,14.01798,14.01798,5250425.0
2026-01-30,14.10192,14.43768,13.97601,14.43768,6446966.0
2026-02-02,14.43768,14.56359,14.2698,14.2698,7442882.0
2026-02-03,14.43768,14.56359,14.227829999999999,14.39571,8607689.0
2026-02-04,14.39571,14.647530000000001,14.35374,14.605559999999999,8484900.0
2026-02-05,14.605559999999999,14.73147,14.35374,14.35374,5387091.0
2026-02-06,14.311770000000001,14.35374,14.05995,14.10192,8886685.0
2026-02-09,14.18586,14.2698,14.05995,14.10192,4930992.0
2026-02-10,14.01798,14.2698,13.97601,14.10192,4370736.0
2026-02-11,14.10192,14.56359,14.10192,14.56359,9401137.0
2026-02-12,14.647530000000001,14.6895,14.39571,14.39571,4655126.0
2026-02-13,14.39571,14.6895,14.35374,14.6895,5379831.0
2026-02-23,14.77344,15.15117,14.605559999999999,15.109200000000001,34801775.0
2026-02-24,15.109200000000001,15.402989999999999,14.81541,15.15117,34929036.0
2026-02-25,15.319049999999999,15.69678,15.15117,15.65481,50421486.0
2026-02-26,15.780719999999999,15.780719999999999,15.23511,15.402989999999999,20477733.0
2026-02-27,15.486930000000001,15.69678,15.319049999999999,15.444959999999998,17478286.0
2026-03-02,15.02526,15.486930000000001,14.94132,14.94132,38715487.0
2026-03-03,14.98329,15.27708,14.73147,14.77344,24837591.0
2026-03-04,14.73147,14.94132,13.934040000000001,14.52162,30136803.0
2026-03-05,14.6895,14.85738,14.311770000000001,14.311770000000001,18628126.0
2026-03-06,14.2698,14.47965,14.143889999999999,14.143889999999999,14322061.0
2026-03-09,13.26252,13.850100000000001,13.17858,13.17858,28469104.0
2026-03-10,13.51434,13.72419,13.17858,13.430399999999999,22287701.0
2026-03-11,13.472370000000002,14.01798,13.430399999999999,13.808129999999998,21028094.0
2026-03-12,13.59828,13.808129999999998,13.38843,13.472370000000002,13118523.0
2026-03-13,13.51434,13.59828,13.30449,13.430399999999999,11271860.0
2026-03-16,13.51434,13.59828,13.38843,13.430399999999999,6994997.0
2026-03-17,13.55631,13.72419,13.51434,13.51434,6395625.0
2026-03-18,13.59828,13.72419,13.346459999999999,13.472370000000002,8620254.0
2026-03-19,13.30449,13.51434,13.22055,13.430399999999999,11851535.0
2026-03-20,13.346459999999999,13.430399999999999,13.26252,13.26252,4825329.0
2026-03-23,13.09464,13.22055,12.674940000000001,12.674940000000001,11946120.0
2026-03-24,13.0107,13.38843,12.88479,13.26252,11905396.0
2026-03-25,13.30449,13.59828,13.26252,13.55631,11995857.0
2026-03-26,13.55631,13.55631,13.346459999999999,13.346459999999999,6807679.0
2026-03-27,13.346459999999999,13.68222,13.346459999999999,13.64025,9254296.0
2026-03-30,13.346459999999999,13.59828,13.30449,13.38843,5134468.0
2026-03-31,13.472370000000002,13.850100000000001,13.430399999999999,13.68222,11369353.0
2026-04-01,13.89207,14.05995,13.68222,13.72419,11602563.0
2026-04-02,13.64025,13.64025,13.38843,13.430399999999999,5654356.0
2026-04-03,13.55631,13.55631,13.38843,13.430399999999999,4123016.0
2026-04-06,13.430399999999999,13.51434,13.30449,13.30449,4702931.0
2026-04-07,13.38843,13.430399999999999,13.05267,13.22055,9198416.0
2026-04-08,13.59828,13.934040000000001,13.55631,13.850100000000001,17322442.0
2026-04-09,13.808129999999998,13.808129999999998,13.64025,13.64025,5403764.0
2026-04-10,13.76616,14.18586,13.68222,13.68222,8886628.0
2026-04-13,13.59828,13.850100000000001,13.51434,13.72419,7948999.0
2026-04-14,13.850100000000001,14.01798,13.76616,13.808129999999998,8618524.0
2026-04-15,13.808129999999998,13.934040000000001,13.72419,13.76616,6815726.0
2026-04-16,13.76616,13.808129999999998,13.59828,13.64025,6093659.0
2026-04-17,13.64025,13.76616,13.59828,13.64025,6013268.0
2026-04-20,13.64025,13.850100000000001,13.64025,13.76616,6490925.0
2026-04-21,13.808129999999998,13.850100000000001,13.64025,13.64025,6867712.0
2026-04-22,13.72419,13.72419,13.55631,13.68222,5316306.0
2026-04-23,13.68222,13.97601,13.64025,13.68222,7417655.0
2026-04-24,13.72419,13.808129999999998,13.64025,13.68222,4054406.0
2026-04-28,13.68222,13.76616,13.64025,13.64025,4418103.0
2026-04-29,13.64025,13.76616,13.55631,13.64025,4034031.0
2026-05-04,13.64025,13.808129999999998,13.64025,13.68222,6867195.0
2026-05-05,13.64025,13.68222,13.38843,13.64025,11231772.0
2026-05-06,13.59828,13.68222,13.430399999999999,13.64025,7683734.0
2026-05-07,13.64025,13.72419,13.472370000000002,13.472370000000002,10351906.0
2026-05-08,13.472370000000002,13.59828,13.38843,13.430399999999999,12448608.0
2026-05-11,13.51434,13.51434,13.22055,13.22055,12459580.0
2026-05-12,13.26252,13.30449,13.0107,13.26252,11294550.0
2026-05-13,13.26252,13.30449,13.05267,13.09464,7050694.0
2026-05-14,13.17858,13.430399999999999,13.09464,13.30449,11042791.0
2026-05-15,13.346459999999999,13.38843,13.17858,13.17858,2821728.0
2026-05-18,13.17858,13.17858,13.0107,13.0107,7801693.0
2026-05-19,13.136610000000001,13.17858,12.88479,12.88479,8055119.0
2026-05-20,12.968729999999999,13.136610000000001,12.71691,13.0107,13717913.0
2026-05-21,13.09464,13.136610000000001,13.0107,13.09464,5923838.0
2026-05-22,13.09464,13.09464,12.92676,13.05267,4722342.0
2026-05-25,13.09464,13.17858,13.0107,13.09464,4912988.0
2026-05-26,13.09464,13.346459999999999,13.09464,13.26252,10804923.0
2026-05-27,13.30449,13.68222,13.26252,13.64025,22081247.0
2026-05-28,13.64025,13.64025,13.346459999999999,13.346459999999999,7033130.0
2026-05-29,13.346459999999999,13.55631,13.30449,13.346459999999999,10472790.0
2026-06-01,13.430399999999999,13.472370000000002,13.17858,13.17858,7158826.0
2026-06-02,13.22055,13.26252,13.05267,13.09464,7032101.0
2026-06-03,13.09464,13.346459999999999,13.09464,13.17858,7625396.0
2026-06-04,13.17858,13.38843,13.17858,13.38843,7211565.0
2026-06-05,13.38843,13.76616,13.38843,13.59828,28629742.0
2026-06-08,13.472370000000002,13.51434,13.26252,13.26252,10809797.0
2026-06-09,13.30449,13.430399999999999,13.22055,13.430399999999999,5915660.0
2026-06-10,13.38843,13.55631,13.346459999999999,13.38843,6649171.0
2026-06-11,13.30449,13.472370000000002,13.26252,13.30449,5469750.0
2026-06-12,13.472370000000002,13.934040000000001,13.430399999999999,13.72419,44517457.0
2026-06-15,13.808129999999998,13.934040000000001,13.68222,13.808129999999998,19594139.0
2026-06-16,13.934040000000001,13.934040000000001,13.68222,13.808129999999998,15332342.0
2026-06-17,13.808129999999998,13.934040000000001,13.68222,13.808129999999998,16114328.0
2026-06-18,13.808129999999998,13.89207,13.55631,13.59828,18070714.0
2026-06-19,13.59828,13.59828,13.472370000000002,13.59828,7925295.0
2026-06-22,13.64025,13.64025,13.430399999999999,13.64025,10990151.0
2026-06-23,13.64025,13.934040000000001,13.51434,13.55631,14312598.0
2026-06-24,13.55631,13.59828,13.38843,13.430399999999999,8880790.0
2026-06-25,13.472370000000002,13.64025,13.430399999999999,13.430399999999999,5241897.0
2026-06-26,13.430399999999999,13.59828,13.430399999999999,13.51434,5989586.0
2026-06-29,13.55631,13.76616,13.55631,13.72419,10099590.0
2026-06-30,13.72419,13.97601,13.64025,13.934040000000001,32664421.0
2026-07-01,13.934040000000001,14.05995,13.850100000000001,14.05995,21988092.0
2026-07-02,14.10192,14.10192,13.76616,13.850100000000001,9897158.0
2026-07-03,13.850100000000001,13.934040000000001,13.72419,13.89207,7426628.0
2026-07-06,13.97601,13.97601,13.51434,13.59828,9657295.0
2026-07-07,13.64025,13.68222,13.51434,13.59828,5924823.0
2026-07-08,13.59828,13.850100000000001,13.59828,13.68222,11511689.0
2026-07-09,13.64025,13.808129999999998,13.55631,13.59828,6456076.0
2026-07-10,13.59828,13.64025,13.38843,13.38843,7742409.0
2026-07-13,13.346459999999999,13.38843,12.88479,13.05267,14686677.0
2026-07-14,13.05267,13.136610000000001,12.84282,13.0107,7161213.0
2026-07-15,13.05267,13.05267,12.80085,12.84282,7420954.0
2026-07-16,12.80085,13.0107,12.632969999999998,12.92676,14136665.0
2026-07-17,13.0107,13.0107,12.75888,12.75888,3544341.0
2026-07-20,12.71691,12.75888,12.12933,12.21327,11519552.0
2026-07-21,12.08736,12.38115,12.08736,12.21327,6360036.0
2026-07-22,12.21327,12.38115,11.66766,11.835540000000002,17506697.0
2026-07-23,11.66766,11.91948,11.54175,11.7516,15590155.0
2026-07-24,11.709629999999999,12.04539,11.54175,11.91948,12205393.0
2026-07-27,12.08736,12.12933,11.66766,11.66766,6272193.0
2026-07-28,11.66766,11.91948,11.58372,11.793569999999999,8170918.0
2026-07-29,11.793569999999999,11.877510000000001,11.7516,11.835540000000002,4509660.0
2026-07-30,11.793569999999999,12.12933,11.793569999999999,12.08736,7995214.0
2026-07-31,12.171299999999999,12.33918,11.835540000000002,11.835540000000002,10533966.0
2026-08-03,11.961450000000001,12.25524,11.91948,12.08736,11248866.0
2026-08-04,12.08736,12.21327,12.04539,12.21327,7499726.0
2026-08-05,12.21327,12.632969999999998,12.21327,12.38115,20666440.0
2026-08-06,12.38115,12.38115,12.12933,12.171299999999999,6263275.0
2026-08-07,12.12933,12.29721,12.04539,12.25524,4806588.0
2026-08-10,12.25524,12.46509,12.21327,12.38115,12970473.0
2026-08-11,12.38115,12.50706,12.33918,12.33918,5886047.0
2026-08-12,12.33918,12.42312,12.25524,12.33918,3030272.0
2026-08-13,12.33918,12.42312,12.12933,12.12933,6513096.0
2026-08-14,12.171299999999999,12.171299999999999,12.04539,12.08736,4199307.0
2026-08-17,12.08736,12.21327,12.00342,12.12933,4469849.0
2026-08-18,12.08736,12.171299999999999,12.00342,12.04539,3714219.0
2026-08-19,12.04539,12.171299999999999,11.91948,12.171299999999999,7664638.0
2026-08-20,12.171299999999999,12.25524,12.04539,12.171299999999999,6288105.0
2026-08-21,12.25524,12.42312,12.12933,12.42312,8111341.0
2026-08-24,12.54903,12.54903,12.25524,12.25524,13015517.0
2026-08-25,12.25524,12.33918,12.08736,12.12933,5377795.0
2026-08-26,12.12933,12.29721,12.04539,12.171299999999999,6933232.0
2026-08-27,12.171299999999999,12.38115,12.171299999999999,12.33918,4149089.0
2026-08-28,12.33918,12.42312,12.25524,12.29721,6624632.0
2026-09-03,12.25524,12.25524,12.171299999999999,12.171299999999999,3221529.0
2026-09-04,12.25524,12.42312,12.171299999999999,12.33918,8586596.0
2026-09-07,12.33918,12.42312,12.171299999999999,12.21327,5158077.0
2026-09-08,12.21327,12.29721,12.171299999999999,12.171299999999999,5562917.0
2026-09-09,12.171299999999999,12.25524,12.12933,12.12933,2312768.0
2026-09-10,12.12933,12.171299999999999,12.08736,12.12933,4280994.0
2026-09-11,12.08736,12.12933,11.877510000000001,11.877510000000001,6447820.0
2026-09-14,11.877510000000001,11.961450000000001,11.709629999999999,11.7516,6607242.0
2026-09-15,11.7516,12.04539,11.7516,11.877510000000001,16860148.0
2026-09-16,11.91948,11.961450000000001,11.7516,11.7516,4624307.0
2026-09-17,11.7516,12.00342,11.709629999999999,11.793569999999999,8812451.0
2026-09-18,11.91948,12.04539,11.835540000000002,11.835540000000002,6859880.0
2026-09-21,12.00342,12.00342,11.7516,11.7516,6204502.0
2026-09-22,11.835540000000002,11.961450000000001,11.793569999999999,11.961450000000001,10221395.0
2026-09-23,12.00342,12.38115,11.961450000000001,12.38115,28169325.0
2026-09-24,12.38115,12.46509,12.171299999999999,12.33918,13353720.0
2026-09-25,12.33918,12.42312,12.25524,12.25524,8782136.0
2026-09-28,12.25524,12.29721,12.08736,12.25524,9167746.0
2026-09-29,12.171299999999999,12.33918,12.08736,12.171299999999999,6928557.0
2026-09-30,12.25524,12.25524,12.08736,12.12933,5575807.0
2026-10-01,12.12933,12.29721,12.08736,12.08736,16567364.0
2026-10-02,12.3,12.3,11.75,11.9,11178200.0
