,open,high,low,close,volume
2020-04-27,2.9159200000000003,2.95642,2.87542,2.9159200000000003,466516.0
2020-04-28,2.9159200000000003,2.93617,2.87542,2.93617,385960.0
2020-04-29,2.93617,2.95642,2.9159200000000003,2.93617,418833.0
2020-05-04,2.93617,2.93617,2.89567,2.89567,350874.0
2020-05-05,2.89567,2.9159200000000003,2.87542,2.89567,207333.0
2020-05-06,2.89567,2.95642,2.89567,2.9159200000000003,527580.0
2020-05-07,2.89567,2.95642,2.89567,2.93617,339828.0
2020-05-08,2.93617,3.05767,2.93617,2.9969200000000003,1165615.0
2020-05-11,2.9969200000000003,3.09816,2.97667,3.09816,1287559.0
2020-05-12,3.09816,3.11841,3.03742,3.11841,980524.0
2020-05-13,3.0779099999999997,3.13866,3.05767,3.09816,619390.0
2020-05-14,3.09816,3.09816,3.05767,3.0779099999999997,822910.0
2020-05-15,3.0779099999999997,3.09816,3.01717,3.03742,572365.0
2020-05-18,3.03742,3.05767,3.01717,3.05767,501442.0
2020-05-19,3.0779099999999997,3.13866,3.0779099999999997,3.09816,1086727.0
2020-05-20,3.09816,3.09816,3.05767,3.05767,783043.0
2020-05-21,3.0779099999999997,3.13866,3.05767,3.11841,887025.0
2020-05-22,3.11841,3.23991,3.09816,3.1589099999999997,1648500.0
2020-05-25,3.19941,3.28041,3.11841,3.23991,1546574.0
2020-05-26,3.23991,3.34116,3.2196599999999997,3.32091,949626.0
2020-05-27,3.32091,3.36141,3.26016,3.28041,2058493.0
2020-05-28,3.28041,3.3006599999999997,3.23991,3.28041,912036.0
2020-05-29,3.28041,3.32091,3.26016,3.3006599999999997,654976.0
2020-06-01,3.3006599999999997,3.46265,3.3006599999999997,3.42216,2093625.0
2020-06-02,3.42216,3.4829,3.3816599999999997,3.4424,992502.0
2020-06-03,3.4424,3.58415,3.4424,3.58415,2254645.0
2020-06-04,3.5639000000000003,3.6449000000000003,3.5639000000000003,3.58415,1346102.0
2020-06-05,3.58415,3.6044,3.5234,3.5639000000000003,1715045.0
2020-06-08,3.5639000000000003,3.6449000000000003,3.54365,3.62465,1170012.0
2020-06-09,3.6044,3.6449000000000003,3.5639000000000003,3.6449000000000003,1939347.0
2020-06-10,3.62465,3.62465,3.54365,3.6044,1027828.0
2020-06-11,3.58415,3.6449000000000003,3.40191,3.4424,2450732.0
2020-06-12,3.34116,3.54365,3.34116,3.50315,1384928.0
2020-06-15,3.50315,3.5234,3.3816599999999997,3.42216,894516.0
2020-06-16,3.4424,3.50315,3.42216,3.4829,910998.0
2020-06-17,3.50315,3.50315,3.4424,3.46265,508649.0
2020-06-18,3.46265,3.50315,3.4424,3.50315,216642.0
2020-06-19,3.46265,3.5639000000000003,3.46265,3.54365,379358.0
2020-06-22,3.5639000000000003,3.5639000000000003,3.5234,3.54365,452918.0
2020-06-23,3.54365,3.5639000000000003,3.50315,3.54365,497628.0
2020-06-24,3.54365,3.6044,3.5234,3.5639000000000003,613284.0
2020-06-25,3.4829,3.6044,3.4829,3.6044,795653.0
2020-06-26,3.6044,3.6044,3.54365,3.5639000000000003,444060.0
2020-06-29,3.5639000000000003,3.5639000000000003,3.4829,3.5234,695034.0
2020-06-30,3.54365,3.58415,3.4829,3.5234,505813.0
2020-07-01,3.54365,3.58415,3.5234,3.58415,504327.0
2020-07-02,3.58415,3.6044,3.54365,3.58415,1319895.0
2020-07-03,3.6044,3.6044,3.58415,3.58415,440727.0
2020-07-06,3.58415,3.6044,3.54365,3.58415,725536.0
2020-07-07,3.6044,3.62465,3.58415,3.6044,700953.0
2020-07-08,3.6044,3.7866500000000003,3.58415,3.7259,1859618.0
2020-07-09,3.7259,3.84739,3.7259,3.8068899999999997,1546175.0
2020-07-10,3.8068899999999997,3.8068899999999997,3.70565,3.74615,1130622.0
2020-07-13,3.74615,3.8068899999999997,3.70565,3.7259,609791.0
2020-07-14,3.7259,3.74615,3.70565,3.7259,366626.0
2020-07-15,3.74615,3.88789,3.7259,3.84739,2018401.0
2020-07-16,3.84739,3.98914,3.84739,3.9486399999999997,1977932.0
2020-07-17,3.96889,3.96889,3.90814,3.96889,960045.0
2020-07-20,3.96889,4.02964,3.9486399999999997,4.00939,1786914.0
2020-07-21,3.98914,4.09039,3.98914,4.09039,1561773.0
2020-07-22,4.13089,4.21188,4.09039,4.151140000000001,1767643.0
2020-07-23,4.151140000000001,4.19163,4.0498899999999995,4.11064,1273565.0
2020-07-24,4.11064,4.11064,3.82714,3.90814,3268484.0
2020-07-27,3.84739,3.84739,3.54365,3.58415,3379143.0
2020-07-28,3.6044,3.8068899999999997,3.58415,3.7664,1486515.0
2020-07-29,3.7664,3.7664,3.46265,3.54365,1347306.0
2020-07-30,3.54365,3.6449000000000003,3.54365,3.58415,1069882.0
2020-07-31,3.54365,3.70565,3.50315,3.6449000000000003,955484.0
2020-08-03,3.66515,3.82714,3.6449000000000003,3.82714,1716060.0
2020-08-04,3.82714,3.92839,3.8068899999999997,3.84739,1205530.0
2020-08-05,3.84739,3.90814,3.82714,3.8676399999999997,772175.0
2020-08-06,4.0498899999999995,4.45488,3.8676399999999997,3.9486399999999997,1657359.0
2020-08-07,4.0498899999999995,4.0498899999999995,3.90814,3.92839,700448.0
2020-08-10,3.92839,4.0498899999999995,3.92839,3.98914,1232135.0
2020-08-11,4.00939,4.11064,3.98914,4.09039,1816914.0
2020-08-12,4.09039,4.23213,4.09039,4.19163,2908268.0
2020-08-13,4.17138,4.27263,4.17138,4.21188,1569494.0
2020-08-14,4.21188,4.21188,4.11064,4.11064,1288597.0
2020-08-17,4.151140000000001,4.19163,4.09039,4.17138,480014.0
2020-08-18,4.17138,4.29288,4.13089,4.23213,1520983.0
2020-08-19,4.23213,4.27263,4.21188,4.23213,930177.0
2020-08-20,4.23213,4.31313,4.21188,4.23213,1394638.0
2020-08-21,4.23213,4.31313,4.23213,4.29288,927842.0
2020-08-24,4.27263,4.35363,4.27263,4.33338,1997809.0
2020-08-25,4.37388,4.47513,4.35363,4.41438,4105763.0
2020-08-26,4.41438,4.59662,4.41438,4.49538,1749787.0
2020-08-27,4.49538,4.57637,4.49538,4.57637,1062067.0
2020-08-28,4.59662,4.59662,4.53587,4.57637,1382505.0
2020-08-31,4.57637,4.61687,4.41438,4.45488,2777800.0
2020-09-01,4.45488,4.49538,4.41438,4.47513,572944.0
2020-09-03,4.49538,4.69787,4.49538,4.6371199999999995,1877480.0
2020-09-04,4.65737,4.65737,4.51563,4.59662,1152863.0
2020-09-07,4.59662,4.6371199999999995,4.53587,4.53587,1154881.0
2020-09-08,4.53587,4.57637,4.49538,4.55612,711262.0
2020-09-09,4.47513,4.53587,4.45488,4.53587,880072.0
2020-09-10,4.55612,4.57637,4.51563,4.53587,511931.0
2020-09-11,4.53587,4.55612,4.51563,4.55612,303811.0
2020-09-14,4.55612,4.59662,4.55612,4.59662,592291.0
2020-09-15,4.57637,4.81937,4.57637,4.75862,1962679.0
2020-09-16,4.79912,4.83962,4.71812,4.75862,586193.0
2020-09-17,4.75862,4.79912,4.73837,4.75862,713588.0
2020-09-18,4.75862,5.06236,4.75862,5.06236,2411775.0
2020-09-21,5.06236,5.22436,5.04211,5.08261,1260312.0
2020-09-22,5.10286,5.12311,5.021859999999999,5.08261,648599.0
2020-09-23,5.08261,5.285100000000001,5.08261,5.22436,2685712.0
2020-09-24,5.20411,5.26485,5.163609999999999,5.22436,1733246.0
2020-09-25,5.183859999999999,5.3661,5.183859999999999,5.3661,1326769.0
2020-09-28,5.3661,5.5281,5.3661,5.5281,1345184.0
2020-09-29,5.5686,5.66984,5.50785,5.60909,2287410.0
2020-09-30,5.588850000000001,5.64959,5.50785,5.60909,846611.0
2020-10-01,5.60909,5.87234,5.60909,5.87234,2157149.0
2020-10-02,5.87234,6.03433,5.75084,5.95334,3403611.0
2020-10-05,5.91284,6.17608,5.91284,6.15583,2058900.0
2020-10-06,6.17608,6.84431,6.15583,6.82406,4081300.0
2020-10-07,6.68232,6.884810000000001,6.5810699999999995,6.7835600000000005,5212500.0
2020-10-08,6.7835600000000005,6.80381,6.01408,6.68232,3410100.0
2020-10-09,6.68232,6.743060000000001,6.621569999999999,6.68232,1149100.0
2020-10-12,6.68232,6.7835600000000005,6.5810699999999995,6.621569999999999,2464500.0
2020-10-13,6.601319999999999,6.621569999999999,6.35832,6.459569999999999,2044000.0
2020-10-14,6.459569999999999,6.459569999999999,6.15583,6.39882,2078700.0
2020-10-15,6.37857,6.50007,6.27733,6.50007,572800.0
2020-10-16,6.47982,6.84431,6.47982,6.722810000000001,1798200.0
2020-10-19,6.7835600000000005,6.905060000000001,6.763310000000001,6.84431,875900.0
2020-10-20,6.80381,6.98606,6.64182,6.80381,690400.0
2020-10-21,6.80381,6.80381,6.66207,6.7835600000000005,1098700.0
2020-10-22,6.7835600000000005,6.7835600000000005,6.68232,6.722810000000001,349100.0
2020-10-23,6.7835600000000005,6.82406,6.70256,6.7835600000000005,1468300.0
2020-10-26,6.7835600000000005,6.80381,6.601319999999999,6.722810000000001,1199200.0
2020-10-27,6.722810000000001,6.722810000000001,6.5810699999999995,6.64182,968400.0
2020-10-28,6.52032,6.64182,6.41907,6.601319999999999,1637800.0
2020-10-29,6.47982,6.743060000000001,6.41907,6.64182,943400.0
2020-11-10,6.884810000000001,6.905060000000001,6.64182,6.64182,1745460.0
2020-11-11,6.68232,6.6924399999999995,6.621569999999999,6.621569999999999,834380.0
2020-11-12,6.601319999999999,6.68232,6.601319999999999,6.65194,908760.0
2020-11-13,6.68232,6.68232,6.63169,6.67219,1097190.0
2020-11-16,6.68232,6.6924399999999995,6.61144,6.65194,866930.0
2020-11-17,6.65194,6.68232,6.64182,6.66207,1185510.0
2020-11-18,6.601319999999999,6.67219,6.601319999999999,6.67219,963360.0
2020-11-19,6.94989,6.974189999999999,6.82838,6.87698,1224460.0
2020-11-20,6.90129,6.90129,6.82838,6.85268,422520.0
2020-11-23,6.85268,6.85268,6.68258,6.791930000000001,493780.0
2020-11-24,6.791930000000001,6.80408,6.68258,6.791930000000001,601450.0
2020-11-25,6.791930000000001,6.80408,6.7554799999999995,6.80408,497760.0
2020-11-26,6.791930000000001,6.80408,6.71903,6.80408,518170.0
2020-11-27,6.791930000000001,6.80408,6.7676300000000005,6.80408,356110.0
2020-11-30,6.80408,6.80408,6.70688,6.70688,313150.0
2020-12-01,6.60968,7.16859,6.60968,7.16859,3254230.0
2020-12-02,7.31439,7.66674,7.29009,7.66674,1697450.0
2020-12-03,8.07985,8.20135,7.8733,7.8733,1280960.0
2020-12-04,7.7761000000000005,8.0191,7.54524,7.9219,1539490.0
2020-12-07,7.9219,7.9705,7.7518,7.8004,734790.0
2020-12-08,7.8004,8.104149999999999,7.7639499999999995,7.9219,897840.0
2020-12-09,7.9705,7.98265,7.8247,7.8247,821210.0
2020-12-10,7.8247,7.8733,7.66674,7.703189999999999,789190.0
2020-12-11,7.703189999999999,7.897600000000001,7.63029,7.8004,968860.0
2020-12-14,7.8004,7.8733,7.739649999999999,7.739649999999999,778310.0
2020-12-15,7.7275,7.9705,7.703189999999999,7.7639499999999995,720170.0
2020-12-16,7.7761000000000005,7.897600000000001,7.7518,7.8733,794690.0
2020-12-17,7.897600000000001,8.140600000000001,7.7761000000000005,7.9705,2055240.0
2020-12-18,8.0191,8.1163,7.93405,8.0677,585030.0
2020-12-21,8.0677,8.2621,8.0677,8.20135,639870.0
2020-12-22,8.140600000000001,8.20135,8.05555,8.128449999999999,678900.0
2020-12-23,8.104149999999999,8.128449999999999,7.95835,7.95835,845870.0
2020-12-24,7.95835,8.0191,7.7275,7.8004,789260.0
2020-12-25,7.7761000000000005,7.994800000000001,7.7518,7.9705,446980.0
2020-12-28,8.0677,8.1163,7.88545,7.95835,871930.0
2020-12-29,7.95835,7.994800000000001,7.9219,7.994800000000001,360210.0
2020-12-30,8.0677,8.140600000000001,7.994800000000001,8.0191,860320.0
2020-12-31,7.9705,8.0434,7.8733,7.8733,1390750.0
2021-01-04,7.98265,8.0677,7.9462,8.0191,946800.0
2021-01-05,8.0191,8.57801,8.0191,8.57801,2145100.0
2021-01-06,8.74811,8.93036,8.57801,8.59016,711000.0
2021-01-07,8.57801,8.57801,8.4079,8.5051,1036700.0
2021-01-08,8.5051,8.626610000000001,8.44435,8.44435,1291700.0
2021-01-11,8.5051,8.5051,8.3593,8.371450000000001,1011300.0
2021-01-12,8.2864,8.480799999999999,8.2864,8.371450000000001,605200.0
2021-01-13,8.480799999999999,8.553709999999999,8.42005,8.4322,1052400.0
2021-01-14,8.44435,8.626610000000001,8.44435,8.553709999999999,818400.0
2021-01-15,8.626610000000001,8.735959999999999,8.626610000000001,8.66306,824200.0
2021-01-18,8.65091,8.69951,8.57801,8.57801,661800.0
2021-01-19,8.5051,8.57801,7.98265,8.0191,1032900.0
2021-01-20,8.0191,8.140600000000001,7.47234,8.00695,850500.0
2021-01-21,8.140600000000001,8.2864,8.0191,8.2864,606100.0
2021-01-22,8.335,8.335,8.2621,8.298549999999999,646900.0
2021-01-25,8.3107,8.3107,8.2135,8.298549999999999,411700.0
2021-01-26,8.298549999999999,8.298549999999999,8.0191,8.0434,500000.0
2021-01-27,8.0191,8.2378,7.9705,8.128449999999999,842600.0
2021-01-28,7.58169,8.0191,7.56954,7.56954,1079800.0
2021-01-29,7.095689999999999,7.7761000000000005,7.095689999999999,7.67889,457900.0
2021-02-01,7.7761000000000005,7.7761000000000005,7.46019,7.54524,284300.0
2021-02-02,7.5330900000000005,7.7761000000000005,7.5330900000000005,7.7639499999999995,387700.0
2021-02-03,7.897600000000001,8.2378,7.7761000000000005,8.2378,541300.0
2021-02-04,8.2621,8.2621,8.092,8.2135,314600.0
2021-02-05,8.2378,8.626610000000001,8.2135,8.60231,1534500.0
2021-02-08,8.626610000000001,8.84531,8.2864,8.4565,1354400.0
2021-02-09,8.3593,8.74811,8.3593,8.74811,1091900.0
2021-02-17,8.74811,9.18551,8.72381,9.17336,1141900.0
2021-02-18,9.161209999999999,9.161209999999999,8.94251,9.10046,787100.0
2021-02-19,8.94251,9.234110000000001,8.94251,9.13691,531800.0
2021-02-22,9.18551,9.20981,9.08831,9.161209999999999,1128900.0
2021-02-23,9.11261,9.20981,8.52941,9.03971,1401200.0
2021-02-24,9.051860000000001,9.197659999999999,9.051860000000001,9.08831,903200.0
2021-02-25,9.08831,9.35562,9.08831,9.34347,975600.0
2021-02-26,9.25841,9.671520000000001,9.234110000000001,9.647219999999999,1099700.0
2021-03-01,9.96312,10.315479999999999,9.93882,10.315479999999999,991400.0
2021-03-02,10.81363,10.83793,10.35193,10.59493,1116000.0
2021-03-03,10.47343,10.54633,10.46128,10.497729999999999,687500.0
2021-03-04,10.497729999999999,10.509879999999999,10.13322,10.20613,1035500.0
2021-03-05,10.20613,10.57063,9.91452,10.52203,509000.0
2021-03-08,10.66783,10.66783,10.449129999999998,10.48558,486000.0
2021-03-09,10.449129999999998,10.52203,10.37623,10.449129999999998,321700.0
2021-03-10,10.41268,10.46128,10.40053,10.43698,319900.0
2021-03-11,10.64353,10.64353,10.497729999999999,10.509879999999999,338700.0
2021-03-12,10.534180000000001,10.692129999999999,10.534180000000001,10.55848,445400.0
2021-03-15,10.66783,10.692129999999999,10.59493,10.61923,496100.0
2021-03-16,10.66783,10.692129999999999,10.54633,10.57063,323100.0
2021-03-17,10.57063,11.29964,10.57063,11.178139999999999,1321300.0
2021-03-18,11.178139999999999,11.29964,10.95944,11.117389999999999,547600.0
2021-03-19,11.117389999999999,11.12954,11.08094,11.10524,657700.0
2021-03-22,11.178139999999999,11.202440000000001,10.95944,10.97159,712000.0
2021-03-23,10.97159,10.98374,10.449129999999998,10.81363,609600.0
2021-03-24,10.71643,10.81363,10.59493,10.64353,743900.0
2021-03-25,10.64353,10.66783,10.449129999999998,10.47343,949400.0
2021-03-26,10.47343,10.64353,10.20613,10.509879999999999,629900.0
2021-03-29,10.52203,10.679979999999999,10.509879999999999,10.679979999999999,249800.0
2021-03-30,10.692129999999999,11.29964,10.692129999999999,11.27534,1177200.0
2021-03-31,11.396840000000001,11.980049999999999,11.396840000000001,11.76135,1462600.0
2021-04-01,11.895,12.15015,11.76135,12.12585,992400.0
2021-04-02,12.12585,12.44175,12.028649999999999,12.32025,641300.0
2021-04-05,13.00066,13.00066,12.39315,12.95206,1321700.0
2021-04-06,12.903459999999999,13.48667,12.903459999999999,13.024959999999998,892000.0
2021-04-07,13.024959999999998,13.024959999999998,12.85486,12.95206,621500.0
2021-04-08,12.95206,12.95206,12.15015,12.44175,1307400.0
2021-04-09,12.32025,12.34455,12.138,12.32025,1408300.0
2021-04-12,12.32025,12.903459999999999,12.32025,12.87916,436400.0
2021-04-13,12.87916,12.95206,12.58756,12.63616,659400.0
2021-04-14,12.538950000000002,12.83056,12.39315,12.70906,746000.0
2021-04-15,12.733360000000001,12.87916,12.490350000000001,12.61186,708300.0
2021-04-16,12.58756,12.61186,12.27165,12.39315,367600.0
2021-04-19,12.39315,12.660459999999999,12.39315,12.63616,565800.0
2021-04-20,12.75766,13.267959999999999,12.75766,13.12216,1844000.0
2021-04-22,13.12216,13.24366,12.95206,12.95206,751500.0
2021-04-23,12.87916,12.95206,12.51465,12.95206,934600.0
2021-04-26,13.00066,13.21936,12.83056,13.073559999999999,994200.0
2021-04-27,13.073559999999999,13.09786,12.660459999999999,12.95206,654900.0
2021-04-28,12.95206,13.36516,12.87916,13.316559999999999,1008500.0
2021-04-29,13.340860000000001,13.53527,13.340860000000001,13.510969999999999,1907900.0
2021-05-04,13.073559999999999,13.510969999999999,12.903459999999999,13.46237,614200.0
2021-05-05,13.60817,13.60817,13.19506,13.36516,1127000.0
2021-05-06,13.36516,14.28858,13.36516,14.21568,2135700.0
2021-05-07,14.21568,14.33718,13.92407,14.264280000000001,487500.0
2021-05-10,14.191379999999999,14.458680000000001,14.191379999999999,14.33718,731100.0
2021-05-11,14.53158,15.06619,14.458680000000001,14.89608,1352500.0
2021-05-12,14.871780000000001,15.18769,14.798879999999999,14.96898,1042400.0
2021-05-13,14.871780000000001,15.041889999999999,14.871780000000001,14.871780000000001,1129600.0
2021-05-14,14.871780000000001,15.18769,14.70168,15.13909,1461700.0
2021-05-17,14.96898,15.13909,14.77458,14.82318,1108700.0
2021-05-18,14.72598,14.72598,13.99697,14.23998,2193900.0
2021-05-19,14.58018,14.82318,14.167069999999999,14.70168,1798100.0
2021-05-20,14.72598,15.06619,14.72598,15.01759,1435100.0
2021-05-21,15.041889999999999,15.06619,14.82318,14.89608,1202400.0
2021-05-24,14.89608,15.01759,14.77458,14.82318,1111800.0
2021-05-25,14.82318,14.82318,14.70168,14.82318,859100.0
2021-05-26,14.89608,15.40639,14.89608,15.309190000000001,1605000.0
2021-05-27,15.79519,15.79519,15.43069,15.50359,1727700.0
2021-05-28,15.552190000000001,15.67369,15.43069,15.62509,798200.0
2021-05-31,15.74659,16.69431,15.67369,16.645709999999998,1273300.0
2021-06-01,17.01021,17.49622,16.76721,17.32611,1593800.0
2021-06-02,17.20461,17.54482,17.01021,17.49622,1429100.0
2021-06-03,17.49622,18.07942,17.49622,17.98222,1101900.0
2021-06-04,18.20092,18.44393,17.81212,17.98222,1296600.0
2021-06-07,18.07942,18.17662,16.74291,17.54482,1292800.0
2021-06-08,17.49622,17.73922,16.76721,16.98591,1083700.0
2021-06-09,17.35007,18.030459999999998,17.17997,17.86036,1630400.0
2021-06-10,17.69026,18.37066,17.35007,17.65624,1063900.0
2021-06-11,17.69026,18.06448,17.17997,17.9284,1732100.0
2021-06-14,17.9284,17.962419999999998,17.58821,17.622220000000002,1312700.0
2021-06-15,17.622220000000002,17.622220000000002,17.28203,17.28203,1033400.0
2021-06-16,17.00987,17.35007,16.92482,16.941830000000003,1315900.0
2021-06-17,16.36349,17.17997,16.36349,17.00987,743400.0
2021-06-18,17.35007,17.35007,17.00987,17.14595,493600.0
2021-06-21,17.213990000000003,17.520169999999997,17.14595,17.14595,930900.0
2021-06-22,17.35007,17.35007,17.07791,17.213990000000003,1040400.0
2021-06-23,17.28203,17.486150000000002,17.17997,17.17997,1426500.0
2021-06-24,17.17997,17.35007,16.941830000000003,17.00987,614800.0
2021-06-25,17.00987,17.00987,16.60163,16.703689999999998,1049500.0
2021-06-28,16.703689999999998,17.17997,16.32947,16.99286,2421700.0
2021-06-29,17.14595,17.31605,16.975849999999998,17.00987,1040100.0
2021-06-30,17.00987,17.07791,16.771729999999998,16.82276,429100.0
2021-07-01,16.703689999999998,17.00987,16.60163,16.703689999999998,746100.0
2021-07-02,16.83977,17.28203,16.703689999999998,17.04389,1492800.0
2021-07-05,17.35007,17.35007,16.8908,17.07791,1295000.0
2021-07-06,17.14595,17.65624,17.07791,17.17997,4870800.0
2021-07-07,17.07791,17.07791,16.32947,16.941830000000003,1431700.0
2021-07-08,16.99286,17.58821,16.87379,17.486150000000002,3395700.0
2021-07-09,17.486150000000002,18.37066,17.213990000000003,17.826340000000002,6018900.0
2021-07-12,17.69026,17.69026,16.584619999999997,16.73771,2804300.0
2021-07-13,17.07791,17.07791,15.98928,16.22742,2892300.0
2021-07-14,15.75114,16.15938,15.10476,15.10476,4387400.0
2021-07-15,14.96869,15.64908,14.45839,15.27486,2070800.0
2021-07-16,15.47898,15.581040000000002,15.22383,15.257850000000001,794000.0
2021-07-19,14.662510000000001,14.662510000000001,14.20324,14.20324,2165100.0
2021-07-20,13.94809,14.288290000000002,13.267700000000001,14.288290000000002,3838200.0
2021-07-21,14.62849,14.62849,13.98211,13.98211,737300.0
2021-07-22,13.94809,14.25427,13.607899999999999,14.18623,1200700.0
2021-07-23,14.08417,14.11819,13.67594,13.67594,1449500.0
2021-07-26,13.284709999999999,13.607899999999999,12.99554,13.11461,1706700.0
2021-07-27,13.30172,13.607899999999999,13.19966,13.505840000000001,894300.0
2021-07-28,13.267700000000001,13.98211,13.267700000000001,13.709950000000001,1223300.0
2021-07-29,13.726959999999998,13.89706,13.726959999999998,13.795,753200.0
2021-07-30,13.81201,14.18623,13.81201,14.152209999999998,1881100.0
2021-08-02,14.152209999999998,14.27128,13.94809,14.20324,2011500.0
2021-08-03,14.25427,14.288290000000002,14.05015,14.152209999999998,1278600.0
2021-08-04,14.16922,14.18623,14.016129999999999,14.06716,1199200.0
2021-08-05,14.06716,14.35633,13.94809,14.288290000000002,2093700.0
2021-08-06,14.35633,14.37334,14.18623,14.18623,1293000.0
2021-08-09,14.135200000000001,14.339319999999999,13.999120000000001,14.288290000000002,1313300.0
2021-08-10,14.45839,14.45839,14.20324,14.22025,1496400.0
2021-08-11,14.25427,14.424370000000001,14.135200000000001,14.152209999999998,1322800.0
2021-08-12,14.152209999999998,14.18623,13.94809,13.94809,1851400.0
2021-08-13,13.94809,14.05015,13.74397,13.880049999999999,1376200.0
2021-08-16,13.880049999999999,14.25427,13.74397,14.22025,1880000.0
2021-08-17,14.39035,14.40736,14.11819,14.16922,1469900.0
2021-08-18,14.16922,14.18623,13.94809,13.98211,2068000.0
2021-08-19,13.914069999999999,13.94809,13.777989999999999,13.795,1031300.0
2021-08-20,13.880049999999999,13.880049999999999,12.859459999999999,13.16564,2610200.0
2021-08-23,13.0976,13.16564,12.247110000000001,12.247110000000001,4861200.0
2021-08-24,12.14505,12.45122,11.821860000000001,12.19608,1408500.0
2021-08-25,12.26412,12.7574,12.26412,12.587299999999999,905800.0
2021-08-26,12.587299999999999,12.68936,12.31515,12.34917,800500.0
2021-08-27,12.111030000000001,12.34917,11.73681,12.247110000000001,1539400.0
2021-08-30,12.247110000000001,12.45122,12.17907,12.40019,1141100.0
2021-08-31,12.587299999999999,12.68936,12.247110000000001,12.33216,917400.0
2021-09-01,12.247110000000001,12.31515,12.21309,12.26412,625300.0
2021-09-06,12.247110000000001,12.31515,12.07701,12.17907,1040400.0
2021-09-07,12.21309,12.570290000000002,12.21309,12.417200000000001,1478100.0
2021-09-08,12.519260000000001,12.67235,12.38319,12.434209999999998,1361300.0
2021-09-09,12.45122,12.45122,12.31515,12.45122,459800.0
2021-09-10,12.46823,12.48524,12.28113,12.34917,727600.0
2021-09-13,12.31515,12.34917,12.14505,12.21309,867700.0
2021-09-14,12.21309,12.21309,12.025979999999999,12.04299,860700.0
2021-09-15,11.974950000000002,12.04299,11.90691,11.95794,574500.0
2021-09-16,12.00897,12.34917,11.95794,11.974950000000002,450000.0
2021-09-17,11.991959999999999,12.31515,11.974950000000002,12.247110000000001,730600.0
2021-09-20,12.38319,13.0976,12.38319,13.0976,4016300.0
2021-09-21,13.0976,13.4378,12.96152,13.4378,3518600.0
2021-09-22,13.607899999999999,13.607899999999999,13.16564,13.19966,1070500.0
2021-09-23,13.131620000000002,13.19966,12.842450000000001,12.859459999999999,3012400.0
2021-09-24,12.9275,13.16564,12.9275,13.08059,2162100.0
2021-09-27,13.02956,13.08059,12.417200000000001,12.417200000000001,1536300.0
2021-09-28,12.45122,12.587299999999999,12.28113,12.417200000000001,994900.0
2021-09-29,12.40019,12.434209999999998,12.09402,12.2301,1640700.0
2021-09-30,12.21309,12.40019,11.974950000000002,12.025979999999999,2048800.0
2021-10-01,12.025979999999999,12.09402,11.66877,11.66877,1665800.0
2021-10-04,11.70279,11.87289,11.31156,11.31156,2270200.0
2021-10-05,11.36259,11.7198,11.36259,11.7198,1440200.0
2021-10-06,11.7198,11.83887,11.66877,11.73681,851600.0
2021-10-07,11.70279,11.821860000000001,11.49867,11.685780000000001,1000800.0
2021-10-08,11.77083,11.787840000000001,11.566709999999999,11.77083,1130300.0
2021-10-11,11.87289,12.14505,11.87289,12.12804,1405400.0
2021-10-12,12.31515,12.417200000000001,12.2301,12.28113,1387900.0
2021-10-13,12.31515,12.34917,12.07701,12.31515,1082400.0
2021-10-14,12.38319,12.587299999999999,12.29814,12.38319,825400.0
2021-10-15,12.38319,12.55328,12.247110000000001,12.48524,1249900.0
2021-10-18,12.48524,12.55328,12.247110000000001,12.434209999999998,863800.0
2021-10-19,12.46823,12.46823,12.21309,12.38319,783300.0
2021-10-20,12.31515,12.587299999999999,12.19608,12.45122,1255700.0
2021-10-21,12.48524,12.68936,12.38319,12.55328,1664600.0
2021-10-22,12.570290000000002,12.67235,12.40019,12.55328,925900.0
2021-10-25,12.55328,12.55328,12.247110000000001,12.29814,660000.0
2021-10-26,12.247110000000001,12.519260000000001,12.14505,12.519260000000001,1187100.0
2021-10-27,12.587299999999999,12.63833,12.34917,12.621319999999999,1824500.0
2021-10-28,12.621319999999999,12.7574,12.417200000000001,12.65534,1146700.0
2021-10-29,12.63833,12.65534,12.45122,12.587299999999999,1051800.0
2021-11-01,12.587299999999999,12.621319999999999,12.434209999999998,12.45122,847700.0
2021-11-02,12.434209999999998,12.74039,12.29814,12.74039,1442400.0
2021-11-03,12.77441,13.267700000000001,12.7574,13.16564,3039500.0
2021-11-04,13.23368,13.284709999999999,12.978530000000001,13.02956,671500.0
2021-11-05,13.06358,13.08059,12.7574,12.9275,758900.0
2021-11-08,12.9275,13.267700000000001,12.723379999999999,12.80843,1539500.0
2021-11-09,12.82544,13.02956,12.79142,12.9275,1364000.0
2021-11-10,12.9275,12.96152,12.80843,12.89348,988300.0
2021-11-11,12.89348,12.9275,12.48524,12.859459999999999,1649900.0
2021-11-12,12.89348,13.04657,12.587299999999999,13.02956,988000.0
2021-11-15,13.267700000000001,13.267700000000001,12.978530000000001,13.04657,1746800.0
2021-11-16,12.99554,13.19966,12.87647,12.944510000000001,1692400.0
2021-11-17,12.9275,13.0976,12.859459999999999,13.04657,1411100.0
2021-11-18,13.04657,13.04657,12.80843,12.859459999999999,1255200.0
2021-11-19,12.859459999999999,13.4378,12.80843,13.267700000000001,5956800.0
2021-11-22,13.573879999999999,14.18623,13.47182,14.18623,8375900.0
2021-11-23,14.32231,14.35633,13.81201,14.25427,2721900.0
2021-11-24,14.18623,15.24084,14.11819,15.24084,8199200.0
2021-11-25,15.41094,15.54702,14.96869,15.18981,3340800.0
2021-11-26,15.22383,15.75114,15.0027,15.308879999999998,4182200.0
2021-11-29,15.036719999999999,15.172799999999999,14.62849,14.849620000000002,3624500.0
2021-11-30,15.070739999999999,15.18981,13.81201,14.35633,5081000.0
2021-12-01,14.39035,14.62849,14.06716,14.62849,3546200.0
2021-12-02,14.764569999999999,15.0027,14.52643,14.59447,2183800.0
2021-12-03,14.49241,15.10476,14.424370000000001,14.424370000000001,3128900.0
2021-12-06,14.560450000000001,14.560450000000001,13.42079,13.81201,3609200.0
2021-12-07,13.880049999999999,14.11819,13.777989999999999,13.93108,1216700.0
2021-12-08,13.94809,14.61148,13.863040000000002,14.22025,1414900.0
2021-12-09,14.288290000000002,14.45839,14.22025,14.45839,1473500.0
2021-12-10,14.67952,14.8156,14.54344,14.62849,2176400.0
2021-12-13,14.79859,14.79859,14.37334,14.62849,2224200.0
2021-12-14,14.54344,14.79859,14.39035,14.560450000000001,1307500.0
2021-12-15,14.662510000000001,14.93467,14.4754,14.866629999999999,2510900.0
2021-12-16,14.96869,15.27486,14.93467,14.96869,2489100.0
2021-12-17,15.12177,15.172799999999999,14.83261,14.91766,1372500.0
2021-12-20,14.91766,15.47898,14.764569999999999,15.47898,4092500.0
2021-12-21,15.461969999999999,15.47898,15.0027,15.0027,1968700.0
2021-12-22,15.0027,15.036719999999999,14.152209999999998,14.79859,3397500.0
2021-12-23,14.560450000000001,14.560450000000001,13.863040000000002,14.35633,3019300.0
2021-12-24,14.18623,14.96869,14.152209999999998,14.849620000000002,1615800.0
2021-12-27,14.96869,14.96869,14.11819,14.696530000000001,994900.0
2021-12-28,14.59447,14.96869,14.39035,14.59447,1460700.0
2021-12-29,14.73055,15.308879999999998,14.71354,15.0027,3329500.0
2021-12-30,15.0027,15.308879999999998,15.0027,15.05373,1449500.0
2021-12-31,15.070739999999999,16.09134,15.070739999999999,16.09134,9613200.0
2022-01-04,16.312459999999998,16.34648,16.07433,16.21041,2311300.0
2022-01-05,16.21041,16.61864,15.93825,16.14237,1966300.0
2022-01-06,15.92124,16.46555,15.75114,15.88722,4190200.0
2022-01-07,15.80217,15.98928,15.70011,15.717120000000001,2216300.0
2022-01-10,15.61506,15.75114,15.13878,15.47898,3785400.0
2022-01-11,15.47898,15.64908,15.070739999999999,15.20682,1697800.0
2022-01-12,15.20682,16.09134,14.52643,15.97227,2888100.0
2022-01-13,16.12536,16.49957,15.819180000000001,15.853200000000001,4106800.0
2022-01-14,15.54702,15.819180000000001,15.308879999999998,15.61506,1318700.0
2022-01-17,15.61506,15.88722,14.79859,14.96869,3082400.0
2022-01-18,14.79859,15.27486,14.32231,14.764569999999999,3248400.0
2022-01-19,14.696530000000001,15.172799999999999,14.696530000000001,14.83261,1232900.0
2022-01-20,14.83261,15.13878,14.32231,14.96869,2766500.0
2022-01-21,14.79859,15.64908,14.78158,15.3429,2323300.0
2022-01-24,15.27486,15.63207,14.96869,15.0027,1532600.0
2022-01-25,15.0027,15.581040000000002,14.96869,15.581040000000002,1454600.0
2022-01-26,15.64908,16.32947,15.581040000000002,16.0233,4286000.0
2022-01-27,16.040309999999998,16.32947,15.75114,15.92124,1798500.0
2022-01-28,16.09134,16.635650000000002,15.88722,16.176389999999998,3606500.0
2022-02-07,16.29546,16.49957,16.10835,16.10835,1529200.0
2022-02-08,15.853200000000001,16.32947,15.853200000000001,16.32947,2461300.0
2022-02-09,16.482560000000003,16.66967,16.22742,16.29546,2899700.0
2022-02-10,16.1934,16.36349,16.05732,16.1934,1854100.0
2022-02-11,16.09134,16.43153,16.07433,16.22742,1582500.0
2022-02-14,15.92124,16.14237,15.61506,15.61506,3436300.0
2022-02-15,15.64908,15.88722,15.308879999999998,15.717120000000001,2588200.0
2022-02-16,15.717120000000001,15.717120000000001,15.444959999999998,15.513,2393300.0
2022-02-17,15.64908,15.92124,15.513,15.92124,1576800.0
2022-02-18,15.853200000000001,16.12536,15.78516,15.93825,1499000.0
2022-02-21,15.717120000000001,15.93825,15.70011,15.853200000000001,1898300.0
2022-02-22,15.64908,15.92124,15.54702,15.819180000000001,1809200.0
2022-02-23,15.98928,16.27845,15.88722,15.95526,1991300.0
2022-02-24,15.870209999999998,16.05732,15.308879999999998,15.93825,3087200.0
2022-02-25,16.0233,16.21041,15.98928,16.12536,2371600.0
2022-02-28,16.15938,16.1934,15.95526,15.95526,1375700.0
2022-03-01,15.92124,15.98928,15.717120000000001,15.98928,1554800.0
2022-03-02,15.853200000000001,15.853200000000001,15.0027,15.581040000000002,4369400.0
2022-03-03,15.461969999999999,15.64908,15.10476,15.64908,2259100.0
2022-03-04,15.61506,15.75114,15.444959999999998,15.581040000000002,963100.0
2022-03-07,15.47898,15.47898,15.27486,15.27486,1310200.0
2022-03-08,15.24084,15.444959999999998,15.08775,15.172799999999999,2093200.0
2022-03-09,15.13878,15.24084,14.59447,15.13878,2100000.0
2022-03-10,15.41094,15.41094,15.10476,15.10476,900700.0
2022-03-11,14.79859,15.13878,14.79859,14.866629999999999,1353800.0
2022-03-14,14.79859,14.83261,14.62849,14.62849,1675300.0
2022-03-15,14.696530000000001,14.900649999999999,14.577459999999999,14.71354,1056100.0
2022-03-16,15.01971,15.13878,14.900649999999999,14.985700000000001,1020100.0
2022-03-17,15.172799999999999,15.27486,15.036719999999999,15.036719999999999,560400.0
2022-03-18,15.05373,15.10476,14.96869,15.070739999999999,621300.0
2022-03-21,15.172799999999999,15.24084,15.10476,15.24084,1304200.0
2022-03-22,15.32589,15.47898,15.27486,15.3429,859100.0
2022-03-23,15.37692,15.54702,15.24084,15.308879999999998,666500.0
2022-03-24,15.308879999999998,15.308879999999998,15.10476,15.20682,1065800.0
2022-03-25,15.20682,15.257850000000001,15.13878,15.13878,761900.0
2022-03-28,15.070739999999999,15.13878,14.8156,14.95168,906700.0
2022-03-29,14.95168,15.35991,14.95168,15.27486,1060000.0
2022-03-30,15.24084,15.98928,15.24084,15.98928,3653000.0
2022-03-31,15.92124,16.0233,15.819180000000001,16.00629,1278200.0
2022-04-01,15.98928,16.482560000000003,15.90423,16.29546,2657300.0
2022-04-04,16.60163,16.60163,16.1934,16.26144,1724400.0
2022-04-05,16.21041,16.26144,15.93825,15.93825,1416000.0
2022-04-06,15.92124,16.46555,15.78516,16.12536,1998700.0
2022-04-07,16.15938,16.397509999999997,15.88722,15.88722,1509900.0
2022-04-08,15.98928,15.98928,15.308879999999998,15.308879999999998,1430500.0
2022-04-12,15.47898,15.513,15.036719999999999,15.036719999999999,991400.0
2022-04-13,15.070739999999999,15.393930000000001,14.764569999999999,15.308879999999998,885500.0
2022-04-14,15.308879999999998,15.41094,15.18981,15.22383,551500.0
2022-04-15,15.13878,15.22383,14.88364,14.900649999999999,1150900.0
2022-04-18,14.79859,14.88364,14.35633,14.696530000000001,1632900.0
2022-04-19,14.696530000000001,14.79859,14.25427,14.45839,947100.0
2022-04-20,14.45839,14.577459999999999,14.06716,14.06716,659100.0
2022-04-21,14.11819,14.288290000000002,13.131620000000002,14.288290000000002,1573400.0
2022-04-22,14.288290000000002,14.67952,13.607899999999999,14.45839,1051800.0
2022-04-25,14.45839,14.45839,13.45481,13.59089,1173700.0
2022-04-26,13.4378,13.98211,12.67235,13.98211,1082600.0
2022-04-27,13.94809,14.22025,13.607899999999999,14.22025,676300.0
2022-04-28,13.999120000000001,14.305299999999999,13.98211,14.08417,494800.0
2022-04-29,14.11819,14.71354,14.03314,14.62849,1467600.0
2022-05-04,14.79859,14.79859,13.74397,13.74397,621500.0
2022-05-05,14.11819,14.288290000000002,13.81201,14.22025,702200.0
2022-05-06,13.94809,14.18623,13.777989999999999,13.81201,616900.0
2022-05-09,13.607899999999999,13.81201,12.859459999999999,13.267700000000001,1298700.0
2022-05-10,12.417200000000001,13.16564,12.417200000000001,13.06358,1148900.0
2022-05-11,13.30172,13.42079,13.02956,13.42079,668700.0
2022-05-12,13.267700000000001,13.36976,12.48524,12.48524,1511900.0
2022-05-13,12.400879999999999,12.81424,11.62008,11.62008,1756000.0
2022-05-16,11.52822,12.400879999999999,10.81632,11.7349,3900600.0
2022-05-17,11.71194,12.28605,11.206719999999999,12.21716,1725900.0
2022-05-18,12.400879999999999,12.42384,11.94159,12.21716,1185100.0
2022-05-19,11.57415,12.07937,11.57415,11.84973,1359600.0
2022-05-20,11.84973,11.98751,11.71194,11.87269,967000.0
2022-05-23,11.94159,11.94159,11.39044,11.39044,877500.0
2022-05-24,11.22968,11.71194,11.091899999999999,11.71194,1034000.0
2022-05-25,11.71194,12.10234,11.71194,12.10234,1084900.0
2022-05-26,12.17123,12.17123,11.96455,12.03344,798500.0
2022-05-27,12.05641,12.35495,11.96455,12.33198,2060600.0
2022-05-30,12.35495,12.53866,12.30902,12.49274,999300.0
2022-05-31,12.5157,12.5157,12.21716,12.30902,467200.0
2022-06-01,12.28605,12.44681,12.1253,12.17123,514600.0
2022-06-02,12.17123,12.28605,11.96455,12.07937,752700.0
2022-06-03,12.07937,12.1253,11.87269,11.98751,633800.0
2022-06-06,11.98751,12.01048,11.84973,12.01048,1099500.0
2022-06-07,12.01048,12.03344,11.66601,11.94159,755400.0
2022-06-08,12.17123,12.400879999999999,11.94159,12.240120000000001,968300.0
2022-06-09,12.30902,12.30902,12.07937,12.17123,380900.0
2022-06-10,11.98751,12.240120000000001,11.96455,11.96455,607900.0
2022-06-13,11.50526,11.62008,11.13782,11.13782,1897500.0
2022-06-14,11.11486,11.11486,10.37999,10.37999,2198900.0
2022-06-15,10.33406,10.37999,9.69106,10.10442,3654500.0
2022-06-16,10.288129999999999,10.563709999999999,10.15035,10.19628,797900.0
2022-06-17,9.966629999999999,9.966629999999999,9.48437,9.48437,4375100.0
2022-06-20,9.48437,9.9207,8.841370000000001,8.86433,3203200.0
2022-06-21,8.45097,8.910260000000001,8.26725,8.26725,3064200.0
2022-06-22,8.63468,8.841370000000001,8.359110000000001,8.841370000000001,4284800.0
2022-06-23,9.025079999999999,9.34659,8.956190000000001,9.34659,1731700.0
2022-06-24,9.507340000000001,9.530299999999999,9.30066,9.461409999999999,1390100.0
2022-06-27,9.461409999999999,9.530299999999999,9.27769,9.507340000000001,1535900.0
2022-06-28,9.599200000000002,10.15035,9.507340000000001,10.15035,1753800.0
2022-06-29,10.19628,10.83929,10.012559999999999,10.288129999999999,2386500.0
2022-06-30,10.3111,10.47185,9.87477,9.87477,1565500.0
2022-07-01,9.87477,10.563709999999999,9.27769,10.448889999999999,2331300.0
2022-07-04,10.609639999999999,11.16079,10.609639999999999,11.16079,4232400.0
2022-07-05,11.48229,11.66601,11.06893,11.06893,2740100.0
2022-07-06,10.7015,11.25265,10.7015,11.06893,1675200.0
2022-07-07,11.16079,11.643049999999999,10.655569999999999,11.52822,3123300.0
2022-07-08,11.68897,11.82676,11.48229,11.50526,1823700.0
2022-07-11,11.11486,11.39044,10.885209999999999,10.97707,2490200.0
2022-07-12,10.90818,11.43636,10.86225,11.16079,1057100.0
2022-07-13,11.25265,11.57415,11.023,11.16079,1516500.0
2022-07-14,11.091899999999999,11.25265,10.97707,11.22968,1213000.0
2022-07-15,11.22968,11.57415,11.13782,11.13782,2594500.0
2022-07-18,11.16079,11.32154,11.13782,11.29858,1385800.0
2022-07-19,11.34451,11.34451,11.091899999999999,11.16079,1095000.0
2022-07-20,11.45933,11.48229,11.29858,11.4134,2046400.0
2022-07-21,11.50526,11.68897,11.48229,11.52822,1682200.0
2022-07-22,11.68897,12.14827,11.55119,12.03344,4380500.0
2022-07-25,11.94159,11.94159,11.71194,11.82676,1358300.0
2022-07-26,11.803799999999999,12.01048,11.71194,11.78083,1138400.0
2022-07-27,11.71194,11.803799999999999,11.57415,11.78083,817000.0
2022-07-28,11.96455,12.14827,11.803799999999999,12.14827,2360800.0
2022-07-29,12.17123,12.53866,12.14827,12.21716,6336200.0
2022-08-01,12.17123,12.28605,12.07937,12.240120000000001,1816300.0
2022-08-02,12.400879999999999,12.46977,12.1942,12.21716,1723800.0
2022-08-03,12.21716,12.21716,11.98751,12.03344,1980300.0
2022-08-04,12.14827,12.14827,11.94159,11.98751,2374400.0
2022-08-05,11.94159,11.94159,11.78083,11.91862,2453300.0
2022-08-08,11.84973,12.07937,11.84973,12.01048,1558800.0
2022-08-09,12.07937,12.07937,11.89566,11.96455,1597000.0
2022-08-10,11.94159,11.98751,11.89566,11.94159,1361400.0
2022-08-11,12.03344,12.07937,11.71194,11.78083,2342900.0
2022-08-12,11.89566,11.89566,11.66601,11.84973,1485300.0
2022-08-15,11.94159,12.1942,11.84973,12.05641,2349900.0
2022-08-16,12.07937,12.28605,11.98751,12.1253,3397300.0
2022-08-17,12.1253,12.17123,12.01048,12.01048,2337400.0
2022-08-18,11.98751,12.14827,11.94159,11.94159,2759000.0
2022-08-19,11.89566,12.03344,11.803799999999999,11.803799999999999,1839700.0
2022-08-22,11.84973,11.84973,11.32154,11.48229,2423500.0
2022-08-23,11.34451,11.57415,11.27561,11.57415,1122200.0
2022-08-24,11.643049999999999,11.7349,11.52822,11.52822,1099400.0
2022-08-25,11.66601,11.87269,11.57415,11.803799999999999,2116600.0
2022-08-26,11.803799999999999,11.87269,11.643049999999999,11.66601,1537900.0
2022-08-29,11.52822,11.803799999999999,11.32154,11.62008,1847200.0
2022-08-30,11.75787,11.82676,11.48229,11.48229,1672800.0
2022-08-31,11.48229,11.57415,11.4134,11.48229,1229800.0
2022-09-05,11.48229,11.55119,11.27561,11.27561,1545900.0
2022-09-06,11.27561,11.39044,11.206719999999999,11.29858,2007100.0
2022-09-07,11.29858,11.643049999999999,11.25265,11.25265,3009400.0
2022-09-08,11.34451,11.39044,10.83929,10.83929,1882400.0
2022-09-09,10.90818,10.93114,10.242209999999998,10.83929,4168400.0
2022-09-12,10.93114,11.00004,10.54075,10.724459999999999,1540857.0
2022-09-13,10.74743,10.81632,10.563709999999999,10.724459999999999,1093458.0
2022-09-14,10.51778,10.6326,10.402959999999998,10.6326,1349799.0
2022-09-15,10.7015,10.7015,10.563709999999999,10.563709999999999,687963.0
2022-09-16,10.51778,10.563709999999999,10.26517,10.448889999999999,1449989.0
2022-09-19,10.19628,10.37999,9.805879999999998,10.127379999999999,2561599.0
2022-09-20,10.10442,10.242209999999998,9.805879999999998,10.242209999999998,1655069.0
2022-09-21,10.10442,10.15035,9.989600000000001,10.10442,960949.0
2022-09-22,9.9207,10.33406,9.89774,10.33406,1413031.0
2022-09-23,10.19628,10.33406,10.127379999999999,10.242209999999998,920590.0
2022-09-26,10.012559999999999,10.563709999999999,9.62216,10.35703,2792431.0
2022-09-27,10.15035,10.81632,10.15035,10.67853,3854081.0
2022-09-28,10.74743,10.74743,10.33406,10.47185,1212210.0
2022-09-29,10.54075,10.655569999999999,10.15035,10.173309999999999,1564174.0
2022-09-30,10.15035,10.21924,9.69106,10.10442,2096095.0
2022-10-03,9.9207,10.15035,9.599200000000002,9.71402,2312739.0
2022-10-04,9.82884,10.127379999999999,9.736979999999999,9.75995,2048877.0
2022-10-05,10.10442,10.10442,9.851809999999999,9.851809999999999,1321529.0
2022-10-06,9.851809999999999,9.851809999999999,9.18583,9.530299999999999,2045885.0
2022-10-07,9.13991,9.48437,8.86433,9.18583,2376523.0
2022-10-10,9.116940000000001,9.392520000000001,8.8184,9.162870000000002,1628964.0
2022-10-11,8.956190000000001,9.116940000000001,8.54283,8.8873,2500892.0
2022-10-12,8.86433,9.438450000000001,8.86433,9.002120000000001,2004489.0
2022-10-13,9.04805,9.18583,8.956190000000001,9.04805,1455799.0
2022-10-14,9.66809,9.66809,9.2088,9.27769,2743125.0
2022-10-17,9.25473,9.27769,8.910260000000001,9.13991,1226566.0
2022-10-18,9.30066,9.415479999999999,9.13991,9.162870000000002,1502962.0
2022-10-19,9.18583,9.461409999999999,9.13991,9.369549999999998,1568831.0
2022-10-20,9.415479999999999,9.415479999999999,9.13991,9.162870000000002,1552871.0
2022-10-21,9.23176,9.23176,8.565790000000002,8.8184,2152750.0
2022-10-24,8.841370000000001,8.841370000000001,8.22132,8.65765,1919736.0
2022-10-25,8.726540000000002,9.09398,8.26725,8.841370000000001,1846450.0
2022-10-26,8.8873,8.956190000000001,8.565790000000002,8.74951,787771.0
2022-10-27,8.8184,9.13991,8.565790000000002,9.13991,2131234.0
2022-10-28,9.23176,9.438450000000001,9.04805,9.04805,2310159.0
2022-10-31,9.116940000000001,9.13991,8.77247,9.002120000000001,1229646.0
2022-11-01,9.13991,9.392520000000001,9.09398,9.25473,5003285.0
2022-11-02,9.25473,9.75995,9.23176,9.507340000000001,9639254.0
2022-11-03,9.438450000000001,9.553270000000001,9.30066,9.32362,4351787.0
2022-11-04,9.18583,9.32362,8.68061,9.07101,6770354.0
2022-11-07,8.841370000000001,9.04805,8.45097,8.473930000000001,5979684.0
2022-11-08,8.26725,8.565790000000002,8.244290000000001,8.519860000000001,3447026.0
2022-11-09,8.428,8.68061,8.313180000000001,8.45097,2685896.0
2022-11-10,8.26725,8.359110000000001,7.87685,8.037609999999999,5653712.0
2022-11-11,8.17539,8.244290000000001,7.57831,8.037609999999999,4916525.0
2022-11-14,7.83092,8.1065,7.53238,7.991680000000001,4054926.0
2022-11-15,7.8079600000000005,7.89982,7.44053,7.8079600000000005,4765998.0
2022-11-16,7.46349,8.33615,7.46349,8.26725,3637340.0
2022-11-17,8.45097,8.63468,8.359110000000001,8.473930000000001,3260925.0
2022-11-18,8.473930000000001,8.54283,8.22132,8.45097,2574183.0
2022-11-21,8.4969,8.68061,8.428,8.4969,2446601.0
2022-11-22,8.428,8.726540000000002,8.33615,8.359110000000001,4853449.0
2022-11-23,8.45097,8.45097,8.22132,8.22132,1916731.0
2022-11-24,8.17539,8.244290000000001,8.037609999999999,8.198360000000001,2192403.0
2022-11-25,8.359110000000001,8.405040000000001,8.26725,8.405040000000001,3620103.0
2022-11-28,8.61172,8.86433,8.45097,8.74951,6156135.0
2022-11-29,8.795440000000001,8.86433,8.54283,8.70358,5563275.0
2022-11-30,8.795440000000001,9.30066,8.70358,9.30066,11708083.0
2022-12-01,9.576229999999999,9.62216,9.162870000000002,9.18583,10027661.0
2022-12-02,9.116940000000001,9.82884,9.09398,9.82884,8819878.0
2022-12-05,10.10442,10.21924,9.851809999999999,10.058489999999999,8781459.0
2022-12-06,10.08145,10.10442,9.369549999999998,9.369549999999998,11259188.0
2022-12-07,9.369549999999998,9.507340000000001,9.18583,9.392520000000001,4993010.0
2022-12-08,9.599200000000002,10.012559999999999,9.461409999999999,9.62216,6290040.0
2022-12-09,9.64513,9.71402,9.461409999999999,9.62216,5122246.0
2022-12-12,9.64513,9.78291,9.32362,9.34659,4648369.0
2022-12-13,9.30066,9.530299999999999,9.18583,9.530299999999999,5060245.0
2022-12-14,9.599200000000002,9.64513,9.461409999999999,9.461409999999999,5268187.0
2022-12-15,9.507340000000001,9.87477,9.461409999999999,9.64513,5965188.0
2022-12-16,9.507340000000001,9.69106,9.507340000000001,9.553270000000001,4734394.0
2022-12-19,9.576229999999999,9.89774,9.530299999999999,9.530299999999999,5532203.0
2022-12-20,9.48437,9.530299999999999,8.979149999999999,9.04805,5752395.0
2022-12-21,9.09398,9.27769,8.63468,9.04805,3332728.0
2022-12-22,9.18583,9.27769,8.956190000000001,9.162870000000002,2194816.0
2022-12-23,9.116940000000001,9.162870000000002,8.910260000000001,9.025079999999999,1624452.0
2022-12-26,9.025079999999999,9.09398,8.405040000000001,8.428,3331792.0
2022-12-27,8.405040000000001,8.726540000000002,8.405040000000001,8.726540000000002,1879922.0
2022-12-28,8.65765,8.841370000000001,8.565790000000002,8.726540000000002,1704515.0
2022-12-29,8.61172,8.8184,8.61172,8.68061,1375577.0
2022-12-30,8.77247,8.841370000000001,8.68061,8.726540000000002,1426433.0
2023-01-03,8.70358,9.13991,8.70358,9.13991,2386970.0
2023-01-04,9.18583,9.369549999999998,9.09398,9.13991,2527687.0
2023-01-05,9.13991,9.25473,9.116940000000001,9.23176,1761574.0
2023-01-06,9.27769,9.576229999999999,9.18583,9.461409999999999,5143714.0
2023-01-09,9.553270000000001,9.943670000000001,9.553270000000001,9.71402,4566843.0
2023-01-10,9.736979999999999,9.82884,9.576229999999999,9.71402,3782563.0
2023-01-11,9.87477,9.87477,9.736979999999999,9.736979999999999,4154675.0
2023-01-12,9.71402,10.08145,9.71402,10.012559999999999,4933099.0
2023-01-13,10.19628,10.37999,10.058489999999999,10.127379999999999,6251255.0
2023-01-16,10.21924,10.288129999999999,10.127379999999999,10.242209999999998,2579777.0
2023-01-17,10.21924,10.51778,10.21924,10.51778,3425728.0
2023-01-18,10.6326,10.655569999999999,10.47185,10.51778,3544900.0
2023-01-19,10.37999,10.54075,10.35703,10.51778,4654733.0
2023-01-27,10.7015,10.79336,10.609639999999999,10.724459999999999,3769169.0
2023-01-30,10.770389999999999,10.81632,10.58667,10.58667,4444903.0
2023-01-31,10.563709999999999,10.81632,10.37999,10.81632,7274042.0
2023-02-01,11.00004,11.206719999999999,10.74743,10.83929,8393425.0
2023-02-02,10.83929,10.97707,10.7015,10.83929,4363334.0
2023-02-03,10.93114,11.16079,10.81632,11.16079,4288916.0
2023-02-06,10.93114,11.06893,10.81632,10.86225,3214932.0
2023-02-07,10.97707,10.97707,10.51778,10.58667,3716226.0
2023-02-08,10.563709999999999,10.770389999999999,10.51778,10.655569999999999,2421289.0
2023-02-09,10.72753,10.75153,10.535540000000001,10.55953,1774755.0
2023-02-10,10.55953,10.631530000000001,10.031559999999999,10.079559999999999,3334725.0
2023-02-13,9.83957,10.079559999999999,9.59958,9.69557,3845389.0
2023-02-14,9.81557,9.983559999999999,9.74357,9.83957,1270693.0
2023-02-15,9.83957,10.079559999999999,9.71957,9.935559999999999,3332785.0
2023-02-16,10.031559999999999,10.103549999999998,9.935559999999999,10.031559999999999,2126849.0
2023-02-17,10.12755,10.319540000000002,10.079559999999999,10.319540000000002,3786870.0
2023-02-20,10.295549999999999,10.55953,10.27155,10.55953,3973435.0
2023-02-21,10.679530000000002,10.75153,10.46354,10.46354,3183857.0
2023-02-22,10.319540000000002,10.41554,10.079559999999999,10.079559999999999,3326146.0
2023-02-23,10.103549999999998,10.319540000000002,9.935559999999999,10.319540000000002,3098063.0
2023-02-24,10.295549999999999,10.41554,10.079559999999999,10.079559999999999,1443902.0
2023-02-27,9.935559999999999,10.17555,9.86356,9.86356,2071565.0
2023-02-28,9.935559999999999,10.031559999999999,9.81557,9.86356,1348788.0
2023-03-01,9.86356,10.12755,9.74357,10.12755,2473317.0
2023-03-02,10.103549999999998,10.199549999999999,10.031559999999999,10.079559999999999,1235394.0
2023-03-03,10.12755,10.151549999999999,9.91156,9.91156,1334517.0
2023-03-06,9.983559999999999,10.103549999999998,9.887559999999999,9.887559999999999,1985734.0
2023-03-07,10.031559999999999,10.079559999999999,9.86356,9.887559999999999,1915732.0
2023-03-08,9.86356,9.95956,9.76757,9.935559999999999,2688919.0
2023-03-09,10.031559999999999,10.247549999999999,9.983559999999999,10.17555,4210195.0
2023-03-10,10.05556,10.12755,9.935559999999999,10.05556,2338131.0
2023-03-13,9.935559999999999,10.00756,9.887559999999999,9.935559999999999,3070228.0
2023-03-14,9.91156,9.983559999999999,9.67157,9.71957,2490155.0
2023-03-15,9.91156,10.27155,9.887559999999999,10.27155,7401624.0
2023-03-16,10.22355,10.22355,9.983559999999999,10.031559999999999,3551505.0
2023-03-17,10.199549999999999,10.199549999999999,10.031559999999999,10.05556,2763887.0
2023-03-20,10.05556,10.199549999999999,9.86356,9.86356,5065887.0
2023-03-21,10.031559999999999,10.031559999999999,9.79157,9.95956,2880076.0
2023-03-22,10.031559999999999,10.031559999999999,9.91156,9.935559999999999,2170180.0
2023-03-23,9.887559999999999,9.935559999999999,9.79157,9.91156,3273666.0
2023-03-24,9.983559999999999,10.12755,9.95956,10.05556,5706050.0
2023-03-27,10.079559999999999,10.151549999999999,10.031559999999999,10.12755,4952761.0
2023-03-28,10.199549999999999,10.319540000000002,10.151549999999999,10.151549999999999,6887824.0
2023-03-29,10.17555,10.295549999999999,10.12755,10.199549999999999,5016251.0
2023-03-30,10.295549999999999,10.41554,10.247549999999999,10.247549999999999,5388954.0
2023-03-31,10.295549999999999,10.34354,10.199549999999999,10.27155,6044867.0
2023-04-03,10.41554,10.46354,10.34354,10.41554,6202224.0
2023-04-04,10.439540000000001,10.70353,10.39154,10.60753,7572341.0
2023-04-05,10.60753,10.631530000000001,10.51154,10.535540000000001,5631819.0
2023-04-06,10.560319999999999,10.609440000000001,10.314729999999999,10.314729999999999,6177945.0
2023-04-07,10.29017,10.38841,10.2165,10.26561,3903348.0
2023-04-10,10.363850000000001,10.43753,10.2165,10.26561,4673936.0
2023-04-11,10.26561,10.363850000000001,10.2165,10.363850000000001,4241213.0
2023-04-12,10.41297,10.560319999999999,10.363850000000001,10.46208,4788339.0
2023-04-13,10.48664,10.48664,10.314729999999999,10.38841,3206420.0
2023-04-14,10.38841,10.53576,10.2165,10.2165,5007009.0
2023-04-17,10.2165,10.26561,10.14282,10.14282,2124527.0
2023-04-18,10.2165,10.2165,10.11826,10.14282,1923946.0
2023-04-19,10.16738,10.24105,10.02002,10.04458,3181871.0
2023-04-20,10.02002,10.069139999999999,9.99547,10.02002,2255177.0
2023-04-21,10.04458,10.11826,9.89723,9.89723,3356709.0
2023-04-24,9.94635,10.069139999999999,9.89723,9.97091,3896676.0
2023-04-25,9.99547,10.04458,9.79899,9.82355,2808810.0
2023-04-26,9.89723,10.04458,9.82355,10.04458,2819603.0
2023-04-27,10.04458,10.04458,9.94635,9.94635,1896025.0
2023-04-28,9.99547,10.069139999999999,9.94635,10.069139999999999,4237475.0
2023-05-04,10.069139999999999,10.069139999999999,9.921790000000001,9.921790000000001,2240349.0
2023-05-05,9.99547,9.99547,9.89723,9.89723,2401045.0
2023-05-08,9.921790000000001,10.02002,9.89723,9.99547,4571530.0
2023-05-09,10.04458,10.04458,9.921790000000001,9.94635,1754999.0
2023-05-10,9.97091,10.16738,9.921790000000001,10.14282,6173197.0
2023-05-11,10.16738,10.24105,10.069139999999999,10.0937,3479517.0
2023-05-12,10.14282,10.16738,10.02002,10.069139999999999,4440232.0
2023-05-15,10.11826,10.38841,10.0937,10.24105,10350511.0
2023-05-16,10.29017,10.38841,10.19194,10.26561,6170646.0
2023-05-17,10.2165,10.314729999999999,10.2165,10.2165,5670981.0
2023-05-18,10.2165,10.634,10.19194,10.53576,10804595.0
2023-05-19,10.560319999999999,10.58488,10.43753,10.5112,4446520.0
2023-05-22,10.58488,10.65856,10.5112,10.609440000000001,4762974.0
2023-05-23,10.609440000000001,10.65856,10.38841,10.46208,5638025.0
2023-05-24,10.53576,10.53576,10.314729999999999,10.314729999999999,5368395.0
2023-05-25,10.29017,10.33929,10.24105,10.26561,3310633.0
2023-05-26,10.29017,10.363850000000001,10.24105,10.33929,2404918.0
2023-05-29,10.41297,10.46208,10.314729999999999,10.46208,3876674.0
2023-05-30,10.48664,10.5112,10.41297,10.46208,3851319.0
2023-05-31,10.46208,10.683110000000001,10.46208,10.5112,6503806.0
2023-06-01,10.5112,10.609440000000001,10.46208,10.58488,4251975.0
2023-06-02,10.75679,11.32165,10.75679,11.32165,21479057.0
2023-06-05,11.591790000000001,11.591790000000001,11.29709,11.39532,8328549.0
2023-06-06,11.39532,11.591790000000001,11.346200000000001,11.591790000000001,9668339.0
2023-06-07,11.591790000000001,11.61635,11.44444,11.591790000000001,7243381.0
2023-06-08,11.591790000000001,11.61635,11.22341,11.22341,14249719.0
2023-06-09,11.272530000000001,11.591790000000001,11.174290000000001,11.493559999999999,11078242.0
2023-06-12,11.518120000000001,11.61635,11.247969999999999,11.54268,5718604.0
2023-06-13,11.54268,11.591790000000001,11.39532,11.493559999999999,5860056.0
2023-06-14,11.54268,11.81282,11.44444,11.44444,10436669.0
2023-06-15,11.44444,11.493559999999999,11.346200000000001,11.37076,6604466.0
2023-06-16,11.39532,11.591790000000001,11.346200000000001,11.346200000000001,9146817.0
2023-06-19,11.346200000000001,11.41988,11.29709,11.346200000000001,4680153.0
2023-06-20,11.346200000000001,11.493559999999999,11.346200000000001,11.44444,5209740.0
2023-06-21,11.493559999999999,11.493559999999999,11.41988,11.44444,8397782.0
2023-06-22,11.67085,11.78874,11.64138,11.64138,8932420.0
2023-06-23,11.67085,11.90662,11.67085,11.75926,5938534.0
2023-06-26,11.84768,11.84768,11.552959999999999,11.75926,6616729.0
2023-06-27,11.78874,11.78874,11.58243,11.67085,4440545.0
2023-06-28,11.67085,11.78874,11.58243,11.70032,4523358.0
2023-06-29,11.729790000000001,11.75926,11.6119,11.64138,5796712.0
2023-06-30,11.64138,11.67085,11.58243,11.58243,3322139.0
2023-07-03,11.58243,11.64138,11.523489999999999,11.58243,2701865.0
2023-07-04,11.523489999999999,11.58243,11.49402,11.58243,2872904.0
2023-07-05,11.58243,11.818209999999999,11.58243,11.729790000000001,7421659.0
2023-07-06,11.67085,11.75926,11.523489999999999,11.552959999999999,4087741.0
2023-07-07,11.523489999999999,11.67085,11.49402,11.67085,2524407.0
2023-07-10,11.729790000000001,12.02451,11.67085,11.96557,11492328.0
2023-07-11,12.02451,12.17187,11.90662,11.96557,5400910.0
2023-07-12,11.96557,12.02451,11.75926,11.84768,5053774.0
2023-07-13,11.90662,11.90662,11.78874,11.90662,4164986.0
2023-07-14,11.9361,11.995040000000001,11.78874,11.9361,4548412.0
2023-07-17,11.9361,12.05398,11.9361,12.02451,4296346.0
2023-07-18,12.02451,12.260290000000001,11.9361,12.11293,4951866.0
2023-07-19,12.20134,12.23081,12.083450000000001,12.11293,5288454.0
2023-07-20,12.11293,12.1424,11.995040000000001,12.083450000000001,2846323.0
2023-07-21,12.05398,12.11293,11.96557,12.11293,3179311.0
2023-07-24,12.1424,12.555,12.05398,12.37817,7574647.0
2023-07-25,12.37817,12.555,12.348700000000001,12.348700000000001,5605404.0
2023-07-26,12.31923,12.407639999999999,12.23081,12.260290000000001,2566284.0
2023-07-27,12.260290000000001,12.31923,12.083450000000001,12.17187,4283787.0
2023-07-28,12.1424,12.23081,12.083450000000001,12.23081,2701377.0
2023-07-31,12.28976,12.46659,12.260290000000001,12.260290000000001,3766895.0
2023-08-01,12.28976,12.49606,12.1424,12.17187,6113695.0
2023-08-02,12.11293,12.28976,12.083450000000001,12.20134,5572510.0
2023-08-03,12.20134,12.31923,12.1424,12.17187,4031238.0
2023-08-04,12.23081,12.37817,12.1424,12.37817,5856352.0
2023-08-07,12.407639999999999,12.79078,12.37817,12.61395,8301098.0
2023-08-08,12.73183,12.76131,12.46659,12.49606,4117460.0
2023-08-09,12.49606,12.52553,12.28976,12.348700000000001,5300370.0
2023-08-10,12.31923,12.37817,12.083450000000001,12.17187,5060788.0
2023-08-11,12.28976,12.28976,11.995040000000001,12.11293,4842126.0
2023-08-14,12.17187,12.260290000000001,12.083450000000001,12.20134,4453708.0
2023-08-15,12.20134,12.23081,12.11293,12.1424,2720623.0
2023-08-16,12.1424,12.28976,12.05398,12.17187,3720054.0
2023-08-17,12.20134,12.348700000000001,12.11293,12.20134,4215694.0
2023-08-18,12.1424,12.17187,11.49402,11.523489999999999,8896710.0
2023-08-21,11.58243,11.729790000000001,11.43507,11.70032,5024055.0
2023-08-22,11.70032,11.729790000000001,11.22877,11.70032,5544137.0
2023-08-23,11.75926,11.78874,11.49402,11.64138,3219550.0
2023-08-24,11.6119,11.70032,11.552959999999999,11.64138,3458759.0
2023-08-25,11.64138,11.64138,11.523489999999999,11.552959999999999,2585257.0
2023-08-28,11.552959999999999,11.70032,11.552959999999999,11.67085,2434178.0
2023-08-29,11.67085,11.75926,11.6119,11.67085,3824300.0
2023-08-30,11.729790000000001,11.84768,11.67085,11.78874,3310178.0
2023-08-31,11.78874,12.02451,11.78874,11.995040000000001,3267130.0
2023-09-05,12.11293,12.260290000000001,12.083450000000001,12.1424,4463865.0
2023-09-06,12.1424,12.17187,12.05398,12.17187,4321641.0
2023-09-07,12.260290000000001,12.37817,12.1424,12.20134,6200352.0
2023-09-08,12.1424,12.20134,12.11293,12.1424,3901704.0
2023-09-11,12.260290000000001,12.260290000000001,11.90662,11.90662,5299911.0
2023-09-12,11.90662,12.083450000000001,11.84768,12.02451,3758413.0
2023-09-13,12.083450000000001,12.37817,12.02451,12.37817,11139308.0
2023-09-14,12.555,12.96761,12.52553,12.79078,21468875.0
2023-09-15,12.73183,12.879190000000001,12.58448,12.70236,12880325.0
2023-09-18,12.555,12.64342,12.260290000000001,12.348700000000001,11723568.0
2023-09-19,12.348700000000001,12.407639999999999,12.1424,12.20134,7627659.0
2023-09-20,12.20134,12.37817,12.17187,12.37817,5590702.0
2023-09-21,12.407639999999999,12.46659,12.1424,12.17187,8839745.0
2023-09-22,12.02451,12.05398,11.78874,11.96557,10633235.0
2023-09-25,11.96557,11.995040000000001,11.22877,11.22877,7551756.0
2023-09-26,11.49402,11.6119,11.287709999999999,11.34666,5085198.0
2023-09-27,11.34666,11.552959999999999,11.16983,11.523489999999999,4436810.0
2023-09-28,11.6119,11.6119,11.287709999999999,11.4056,4042003.0
2023-09-29,11.49402,11.6119,11.37613,11.4056,2515768.0
2023-10-02,11.4056,11.552959999999999,11.37613,11.46455,2046007.0
2023-10-03,11.34666,11.4056,11.02247,11.08141,6562600.0
2023-10-04,11.02247,11.287709999999999,10.96352,11.140360000000001,2223173.0
2023-10-05,11.258239999999999,11.258239999999999,10.90458,10.90458,3398889.0
2023-10-06,10.93405,11.140360000000001,10.84564,11.02247,3186718.0
2023-10-09,11.02247,11.16983,10.93405,11.16983,3436314.0
2023-10-10,11.258239999999999,11.49402,11.1993,11.43507,4139540.0
2023-10-11,11.43507,11.552959999999999,11.34666,11.552959999999999,2057259.0
2023-10-12,11.552959999999999,11.64138,11.523489999999999,11.58243,2662959.0
2023-10-13,11.258239999999999,11.49402,11.258239999999999,11.4056,2006962.0
2023-10-16,11.37613,11.37613,11.11088,11.11088,3520330.0
2023-10-17,11.1993,11.258239999999999,10.993,10.993,2709770.0
2023-10-18,11.02247,11.08141,10.78669,10.875110000000001,3456825.0
2023-10-19,10.84564,10.875110000000001,10.609860000000001,10.75722,4220509.0
2023-10-20,10.72775,10.90458,10.668809999999999,10.81617,4007400.0
2023-10-23,10.81617,10.875110000000001,10.63933,10.63933,2706876.0
2023-10-24,10.69828,10.993,10.69828,10.90458,2063452.0
2023-10-25,10.90458,10.993,10.78669,10.78669,2266002.0
2023-10-26,10.668809999999999,10.668809999999999,10.19726,10.22673,6124205.0
2023-10-27,10.491969999999998,10.668809999999999,10.31514,10.668809999999999,2494382.0
2023-10-30,10.668809999999999,10.72775,10.37409,10.37409,1745525.0
2023-10-31,10.37409,10.609860000000001,10.34462,10.55092,3628704.0
2023-11-01,10.55092,10.609860000000001,10.37409,10.609860000000001,2415760.0
2023-11-02,10.69828,10.96352,10.609860000000001,10.93405,3080618.0
2023-11-03,11.140360000000001,11.140360000000001,10.93405,10.96352,3336995.0
2023-11-06,11.16983,11.16983,11.02247,11.140360000000001,2531868.0
2023-11-07,11.1993,11.1993,10.93405,11.02247,2332317.0
2023-11-08,11.02247,11.43507,10.993,11.43507,3583422.0
2023-11-09,11.49402,11.523489999999999,11.31719,11.37613,3010684.0
2023-11-10,11.1993,11.4056,11.16983,11.1993,3972031.0
2023-11-13,11.31719,11.4056,11.140360000000001,11.31719,2971638.0
2023-11-14,11.34666,11.6119,11.31719,11.552959999999999,6812252.0
2023-11-15,11.75926,11.78874,11.552959999999999,11.58243,5373379.0
2023-11-16,11.523489999999999,11.58243,11.43507,11.552959999999999,2605322.0
2023-11-17,11.552959999999999,11.6119,11.258239999999999,11.287709999999999,4532645.0
2023-11-20,11.22877,11.287709999999999,11.05194,11.1993,3188945.0
2023-11-21,11.258239999999999,11.4056,11.22877,11.22877,2034783.0
2023-11-22,11.258239999999999,11.34666,11.11088,11.31719,2345737.0
2023-11-23,11.37613,11.4056,11.08141,11.08141,2603906.0
2023-11-24,11.08141,11.140360000000001,10.93405,11.08141,2659446.0
2023-11-27,11.08141,11.08141,10.875110000000001,10.875110000000001,2540345.0
2023-11-28,10.875110000000001,11.02247,10.78669,11.02247,1618330.0
2023-11-29,11.08141,11.140360000000001,10.993,11.08141,1757872.0
2023-11-30,11.08141,11.16983,10.96352,11.02247,1307836.0
2023-12-01,11.08141,11.1993,10.993,11.16983,1736171.0
2023-12-04,11.287709999999999,11.31719,11.1993,11.287709999999999,8282219.0
2023-12-05,11.31719,11.31719,11.1993,11.287709999999999,2570193.0
2023-12-06,11.31719,11.37613,11.258239999999999,11.31719,4688081.0
2023-12-07,11.37613,11.49402,11.258239999999999,11.37613,7028850.0
2023-12-08,11.37613,11.46455,11.34666,11.4056,4537577.0
2023-12-11,11.43507,11.43507,11.258239999999999,11.31719,2209542.0
2023-12-12,11.37613,11.37613,11.22877,11.31719,2263735.0
2023-12-13,11.31719,11.43507,11.22877,11.22877,3331922.0
2023-12-14,11.31719,11.31719,11.140360000000001,11.140360000000001,3054410.0
2023-12-15,11.11088,11.22877,11.08141,11.08141,1781644.0
2023-12-18,11.08141,11.11088,10.90458,10.93405,3754088.0
2023-12-19,10.84564,10.993,10.84564,10.993,2103160.0
2023-12-20,11.08141,11.08141,10.96352,11.02247,1710162.0
2023-12-21,10.993,11.08141,10.96352,11.05194,1390855.0
2023-12-22,11.08141,11.140360000000001,10.96352,11.05194,1881898.0
2023-12-25,11.08141,11.287709999999999,11.05194,11.22877,1529363.0
2023-12-26,11.22877,11.287709999999999,11.1993,11.287709999999999,1731404.0
2023-12-27,11.258239999999999,11.34666,11.258239999999999,11.31719,1901118.0
2023-12-28,11.34666,11.58243,11.31719,11.58243,5152603.0
2023-12-29,11.6119,11.729790000000001,11.552959999999999,11.552959999999999,8960038.0
2024-01-02,11.58243,11.729790000000001,11.58243,11.67085,4385836.0
2024-01-03,11.67085,11.84768,11.6119,11.84768,4471802.0
2024-01-04,11.90662,12.31923,11.818209999999999,12.02451,10168396.0
2024-01-05,12.02451,12.20134,12.02451,12.20134,4439462.0
2024-01-08,12.31923,12.37817,12.20134,12.31923,6163094.0
2024-01-09,12.37817,12.37817,12.260290000000001,12.348700000000001,3893999.0
2024-01-10,12.31923,12.46659,12.260290000000001,12.407639999999999,4785302.0
2024-01-11,12.407639999999999,12.555,12.348700000000001,12.46659,6949054.0
2024-01-12,12.348700000000001,12.49606,12.260290000000001,12.407639999999999,9661250.0
2024-01-15,12.43712,12.70236,12.43712,12.49606,6443765.0
2024-01-16,12.43712,12.672889999999999,12.407639999999999,12.672889999999999,4250612.0
2024-01-17,12.672889999999999,12.76131,12.61395,12.61395,4950215.0
2024-01-18,12.61395,12.64342,12.49606,12.61395,3621430.0
2024-01-19,12.73475,12.825709999999999,12.674100000000001,12.79539,3579909.0
2024-01-22,12.825709999999999,12.91667,12.674100000000001,12.79539,4195704.0
2024-01-23,12.79539,12.88635,12.674100000000001,12.70442,4132352.0
2024-01-24,12.70442,12.76507,12.61346,12.643780000000001,2286152.0
2024-01-25,12.674100000000001,12.674100000000001,12.46186,12.492180000000001,3844774.0
2024-01-26,12.5225,12.643780000000001,12.5225,12.61346,2173111.0
2024-01-29,12.643780000000001,12.674100000000001,12.55282,12.61346,2177461.0
2024-01-30,12.643780000000001,12.674100000000001,12.492180000000001,12.674100000000001,3595464.0
2024-01-31,12.73475,12.76507,12.46186,12.58314,5758417.0
2024-02-01,12.58314,12.61346,12.401219999999999,12.5225,4251822.0
2024-02-02,12.492180000000001,12.5225,12.27993,12.27993,7524899.0
2024-02-05,12.34057,12.91667,12.31025,12.85603,10212882.0
2024-02-06,13.03795,13.280520000000001,12.91667,12.97731,7386370.0
2024-02-07,13.098600000000001,13.15924,12.97731,13.15924,11242761.0
2024-02-15,13.34116,13.55341,13.280520000000001,13.4018,14546750.0
2024-02-16,13.52309,13.52309,13.250200000000001,13.4018,5230031.0
2024-02-19,13.46245,13.46245,13.18956,13.34116,7477741.0
2024-02-20,13.37148,13.67469,13.280520000000001,13.46245,6742874.0
2024-02-21,13.64437,13.67469,13.46245,13.52309,5642418.0
2024-02-22,13.58373,13.64437,13.46245,13.64437,4237895.0
2024-02-23,13.64437,13.795969999999999,13.280520000000001,13.34116,14812104.0
2024-02-26,13.280520000000001,13.34116,13.12892,13.31084,4289391.0
2024-02-27,13.34116,13.34116,13.18956,13.31084,4721252.0
2024-02-28,13.37148,13.432120000000001,13.250200000000001,13.4018,4678327.0
2024-02-29,13.58373,13.58373,13.21988,13.280520000000001,6364458.0
2024-03-01,13.250200000000001,13.280520000000001,13.06827,13.280520000000001,4831690.0
2024-03-04,13.34116,13.432120000000001,13.098600000000001,13.34116,7385465.0
2024-03-05,13.34116,13.4018,13.21988,13.4018,3309168.0
2024-03-06,13.46245,13.55341,13.250200000000001,13.280520000000001,5296529.0
2024-03-07,13.31084,13.31084,13.18956,13.250200000000001,5708770.0
2024-03-08,13.31084,13.34116,13.06827,13.06827,7432906.0
2024-03-11,13.06827,13.12892,12.91667,12.91667,3388780.0
2024-03-12,12.97731,12.97731,12.85603,12.91667,3516583.0
2024-03-13,13.03795,13.4018,12.88635,13.37148,4028859.0
2024-03-14,13.432120000000001,13.432120000000001,13.098600000000001,13.15924,3861291.0
2024-03-15,13.250200000000001,13.70501,13.15924,13.64437,8529132.0
2024-03-18,13.795969999999999,13.795969999999999,13.18956,13.49277,6286039.0
2024-03-19,13.49277,13.55341,13.280520000000001,13.4018,3976219.0
2024-03-20,13.55341,14.31143,13.34116,14.31143,27164537.0
2024-03-21,14.49335,14.79656,14.34175,14.73592,10269547.0
2024-03-22,14.73592,14.94817,14.432709999999998,14.67528,9231521.0
2024-03-25,14.64496,15.008809999999999,14.34175,14.52367,7517819.0
2024-03-26,14.49335,14.79656,14.46303,14.76624,5058696.0
2024-03-27,14.76624,14.76624,14.52367,14.67528,5553488.0
2024-03-28,14.8572,15.008809999999999,14.52367,14.7056,8015399.0
2024-03-29,14.7056,15.16041,14.55399,14.91784,6182733.0
2024-04-01,14.79656,14.91784,14.52367,14.73592,5856500.0
2024-04-02,14.58432,14.73592,14.28111,14.61464,11614642.0
2024-04-03,14.61464,14.61464,14.25079,14.28111,8774197.0
2024-04-04,14.28111,14.372069999999999,14.06886,14.06886,7721306.0
2024-04-05,13.886940000000001,13.9779,13.70501,13.765649999999999,7372929.0
2024-04-08,13.765649999999999,13.856620000000001,13.67469,13.765649999999999,8402870.0
2024-04-09,13.765649999999999,14.00822,13.73533,13.9779,5834346.0
2024-04-10,14.09918,14.09918,13.886940000000001,13.886940000000001,6596477.0
2024-04-11,13.8263,13.886940000000001,13.70501,13.886940000000001,4587029.0
2024-04-12,14.00822,14.31143,13.856620000000001,14.31143,9059475.0
2024-04-15,14.31143,14.432709999999998,13.614049999999999,13.64437,11383671.0
2024-04-16,13.70501,13.94758,13.34116,13.67469,9412942.0
2024-04-17,13.924100000000001,13.95532,13.42458,13.42458,7522195.0
2024-04-19,13.11238,13.42458,13.08116,13.17482,8954253.0
2024-04-22,13.206040000000002,13.36214,13.17482,13.237260000000001,5871976.0
2024-04-23,13.237260000000001,13.4558,12.9875,13.11238,6479202.0
2024-04-24,13.17482,13.487020000000001,13.17482,13.36214,4444940.0
2024-04-25,13.36214,13.42458,13.143600000000001,13.206040000000002,3794531.0
2024-04-26,13.049940000000001,13.299700000000001,13.049940000000001,13.17482,2907977.0
2024-05-02,13.143600000000001,13.393360000000001,13.11238,13.36214,3170514.0
2024-05-03,13.42458,13.580680000000001,13.237260000000001,13.237260000000001,5628483.0
2024-05-06,13.36214,13.580680000000001,13.33092,13.54946,4442038.0
2024-05-07,13.643120000000001,13.67434,13.4558,13.54946,2610292.0
2024-05-08,13.42458,13.51824,13.33092,13.4558,4436309.0
2024-05-09,13.487020000000001,13.580680000000001,13.36214,13.487020000000001,3080892.0
2024-05-10,13.487020000000001,13.487020000000001,13.393360000000001,13.4558,2715231.0
2024-05-13,13.4558,13.51824,13.299700000000001,13.33092,3637630.0
2024-05-14,13.487020000000001,13.86166,13.36214,13.580680000000001,6940789.0
2024-05-15,13.768,13.768,13.580680000000001,13.643120000000001,3363024.0
2024-05-16,13.86166,13.95532,13.79922,13.924100000000001,9178823.0
2024-05-17,13.924100000000001,13.986540000000002,13.86166,13.924100000000001,4330086.0
2024-05-20,14.11142,14.14264,13.986540000000002,14.04898,7441863.0
2024-05-21,14.14264,14.14264,13.86166,14.11142,7290110.0
2024-05-22,14.11142,14.20508,13.86166,13.86166,6627255.0
2024-05-23,13.79922,13.89288,13.736780000000001,13.89288,3622505.0
2024-05-24,13.736780000000001,14.173860000000001,13.6119,13.736780000000001,14937705.0
2024-05-27,13.768,13.830440000000001,13.643120000000001,13.736780000000001,3450945.0
2024-05-28,13.924100000000001,13.924100000000001,13.736780000000001,13.924100000000001,4020869.0
2024-05-29,13.95532,14.01776,13.67434,13.67434,5540831.0
2024-05-30,13.643120000000001,13.736780000000001,13.487020000000001,13.736780000000001,5834294.0
2024-05-31,13.736780000000001,13.736780000000001,13.580680000000001,13.580680000000001,3129849.0
2024-06-03,13.643120000000001,14.01776,13.643120000000001,13.924100000000001,4753030.0
2024-06-04,13.986540000000002,14.04898,13.89288,13.986540000000002,3478074.0
2024-06-05,14.04898,14.2363,13.986540000000002,13.986540000000002,7854184.0
2024-06-06,14.11142,14.11142,13.924100000000001,13.986540000000002,3669837.0
2024-06-07,14.11142,14.14264,13.924100000000001,13.986540000000002,2832652.0
2024-06-10,13.986540000000002,14.080200000000001,13.86166,14.080200000000001,5271956.0
2024-06-11,14.11142,14.45484,14.11142,14.29874,8509121.0
2024-06-12,14.267520000000001,14.361180000000001,14.14264,14.32996,5258092.0
2024-06-13,14.361180000000001,14.423620000000001,14.2363,14.29874,7717944.0
2024-06-14,14.3924,14.3924,14.04898,14.04898,6672607.0
2024-06-17,13.986540000000002,14.04898,13.768,13.768,7550062.0
2024-06-18,13.830440000000001,13.924100000000001,13.768,13.768,3477470.0
2024-06-19,13.89288,13.89288,13.67434,13.736780000000001,4361439.0
2024-06-20,13.736780000000001,13.79922,13.643120000000001,13.736780000000001,3564164.0
2024-06-21,13.736780000000001,13.736780000000001,13.6119,13.6119,3605388.0
2024-06-24,13.54946,13.6119,13.299700000000001,13.299700000000001,7874108.0
2024-06-25,13.42458,13.42458,13.206040000000002,13.299700000000001,3239370.0
2024-06-26,13.33092,13.393360000000001,13.206040000000002,13.26848,2588768.0
2024-06-27,13.237260000000001,13.33092,13.17482,13.206040000000002,3009962.0
2024-06-28,13.26848,13.26848,13.11238,13.11238,2781853.0
2024-07-01,13.049940000000001,13.237260000000001,13.049940000000001,13.237260000000001,2131352.0
2024-07-02,13.237260000000001,13.42458,13.237260000000001,13.36214,2317948.0
2024-07-03,13.393360000000001,13.42458,13.299700000000001,13.33092,2536017.0
2024-07-04,13.299700000000001,13.42458,13.206040000000002,13.26848,2952073.0
2024-07-05,13.26848,13.26848,13.11238,13.237260000000001,2939858.0
2024-07-08,13.237260000000001,13.36214,13.206040000000002,13.299700000000001,2199071.0
2024-07-09,13.33092,13.42458,13.26848,13.36214,4019428.0
2024-07-10,13.393360000000001,13.51824,13.33092,13.33092,3294096.0
2024-07-11,13.42458,13.4558,13.299700000000001,13.299700000000001,2655848.0
2024-07-12,13.299700000000001,13.393360000000001,13.26848,13.299700000000001,1454060.0
2024-07-15,13.33092,13.393360000000001,13.237260000000001,13.299700000000001,1466570.0
2024-07-16,13.299700000000001,13.51824,13.299700000000001,13.299700000000001,3174712.0
2024-07-17,13.393360000000001,13.86166,13.36214,13.487020000000001,8684102.0
2024-07-18,13.51824,13.643120000000001,13.393360000000001,13.4558,3565621.0
2024-07-19,13.4558,13.643120000000001,13.36214,13.393360000000001,4830068.0
2024-07-22,13.393360000000001,13.6119,13.26848,13.33092,5099928.0
2024-07-23,13.393360000000001,13.42458,13.17482,13.17482,3949529.0
2024-07-24,13.17482,13.237260000000001,13.01872,13.11238,3428367.0
2024-07-25,13.11238,13.143600000000001,12.9875,12.9875,2791294.0
2024-07-26,13.049940000000001,13.11238,12.9875,13.049940000000001,1464859.0
2024-07-29,13.11238,13.17482,13.049940000000001,13.049940000000001,1869977.0
2024-07-30,13.08116,13.08116,12.800180000000001,12.862620000000001,3733022.0
2024-07-31,12.862620000000001,13.237260000000001,12.8314,13.237260000000001,5400360.0
2024-08-01,13.299700000000001,13.33092,12.89384,12.92506,4221137.0
2024-08-02,12.862620000000001,13.17482,12.76896,13.17482,4312789.0
2024-08-05,12.92506,13.049940000000001,12.612860000000001,12.64408,6982213.0
2024-08-06,12.8314,12.9875,12.706520000000001,12.9875,2712528.0
2024-08-07,13.049940000000001,13.049940000000001,12.800180000000001,12.89384,1517298.0
2024-08-08,12.8314,13.11238,12.8314,12.89384,2589762.0
2024-08-09,13.01872,13.049940000000001,12.92506,13.049940000000001,2129647.0
2024-08-12,13.01872,13.049940000000001,12.89384,12.9875,2393086.0
2024-08-13,12.92506,13.11238,12.8314,12.8314,4891691.0
2024-08-14,12.89384,12.956280000000001,12.862620000000001,12.862620000000001,1547616.0
2024-08-15,12.89384,12.9875,12.862620000000001,12.9875,2118665.0
2024-08-16,12.956280000000001,13.237260000000001,12.956280000000001,13.206040000000002,4176673.0
2024-08-19,13.237260000000001,13.51824,13.237260000000001,13.42458,4644396.0
2024-08-20,13.42458,13.4558,13.299700000000001,13.36214,4035721.0
2024-08-21,13.36214,13.393360000000001,13.237260000000001,13.33092,7069919.0
2024-08-22,13.62472,13.66124,13.44208,13.44208,8304242.0
2024-08-23,13.44208,13.47861,13.36902,13.44208,4070904.0
2024-08-26,13.51513,13.51513,13.40555,13.40555,3189969.0
2024-08-27,13.44208,13.44208,13.36902,13.36902,3449683.0
2024-08-28,13.36902,13.44208,13.295969999999999,13.36902,2303073.0
2024-08-29,13.40555,13.47861,13.36902,13.36902,3747731.0
2024-08-30,13.36902,13.44208,13.36902,13.40555,2400585.0
2024-09-04,13.295969999999999,13.3325,13.14986,13.295969999999999,2126139.0
2024-09-05,13.3325,13.44208,13.25944,13.25944,3846850.0
2024-09-06,13.295969999999999,13.3325,13.22291,13.22291,2086680.0
2024-09-09,13.22291,13.22291,13.040280000000001,13.076799999999999,2843766.0
2024-09-10,13.14986,13.22291,13.040280000000001,13.076799999999999,1432085.0
2024-09-11,13.076799999999999,13.11333,13.00375,13.040280000000001,2199092.0
2024-09-12,13.076799999999999,13.25944,13.076799999999999,13.25944,1779119.0
2024-09-13,13.22291,13.25944,13.14986,13.14986,1621991.0
2024-09-16,13.14986,13.22291,13.076799999999999,13.14986,1833981.0
2024-09-17,13.18639,13.25944,13.076799999999999,13.25944,1549009.0
2024-09-18,13.25944,13.36902,13.22291,13.3325,2958195.0
2024-09-19,13.36902,13.40555,13.3325,13.36902,2097267.0
2024-09-20,13.44208,13.58819,13.40555,13.47861,6349078.0
2024-09-23,13.51513,13.62472,13.47861,13.51513,3126407.0
2024-09-24,13.51513,13.95346,13.3325,13.95346,19068331.0
2024-09-25,13.95346,14.20915,13.843879999999999,14.20915,15480266.0
2024-09-26,14.20915,14.35526,14.06304,14.17263,19833713.0
2024-09-27,14.20915,14.28221,14.02652,14.1361,17257144.0
2024-09-30,14.1361,14.20915,14.02652,14.09957,9583698.0
2024-10-01,14.1361,14.61095,14.06304,14.46485,33163098.0
2024-10-02,14.42832,14.42832,14.28221,14.28221,8368605.0
2024-10-03,14.31874,14.57443,14.06304,14.06304,25253120.0
2024-10-04,14.06304,14.17263,13.98999,14.06304,10345883.0
2024-10-07,14.17263,14.20915,14.02652,14.02652,6665956.0
2024-10-08,14.06304,14.24568,14.02652,14.02652,10324206.0
2024-10-09,14.06304,14.1361,13.98999,14.02652,12386506.0
2024-10-10,14.09957,14.20915,13.95346,13.95346,17528293.0
2024-10-11,13.95346,14.02652,13.88041,13.95346,6389613.0
2024-10-14,14.02652,14.06304,13.88041,13.91693,7512130.0
2024-10-15,13.91693,14.1361,13.91693,14.02652,10965979.0
2024-10-16,13.98999,14.06304,13.91693,13.98999,6301587.0
2024-10-17,13.98999,14.17263,13.843879999999999,14.1361,13635716.0
2024-10-18,14.20915,14.501370000000001,14.17263,14.24568,29942749.0
2024-10-21,14.17263,14.24568,13.98999,14.02652,11025094.0
2024-10-22,14.02652,14.02652,13.58819,13.69777,25448684.0
2024-10-23,13.69777,13.80735,13.44208,13.66124,24230102.0
2024-10-24,13.69777,13.80735,13.51513,13.51513,10843430.0
2024-10-25,13.62472,13.66124,13.3325,13.3325,18189139.0
2024-10-28,13.40555,13.51513,13.295969999999999,13.3325,14482836.0
2024-10-29,13.36902,13.69777,13.36902,13.69777,28754077.0
2024-10-30,13.80735,13.98999,13.7343,13.88041,21739909.0
2024-10-31,13.88041,13.88041,13.7343,13.843879999999999,6466021.0
2024-11-01,13.80735,13.843879999999999,13.66124,13.77082,8281405.0
2024-11-04,13.69777,13.69777,13.47861,13.51513,9166305.0
2024-11-05,13.51513,13.62472,13.47861,13.51513,4579371.0
2024-11-06,13.58819,13.66124,13.55166,13.58819,6075905.0
2024-11-07,13.66124,13.66124,13.51513,13.51513,4893618.0
2024-11-08,13.58819,13.58819,13.3325,13.36902,9537641.0
2024-11-11,13.36902,13.44208,13.18639,13.295969999999999,15266384.0
2024-11-12,13.36902,13.44208,13.25944,13.40555,8405561.0
2024-11-13,13.36902,13.40555,13.25944,13.36902,6298877.0
2024-11-14,13.40555,13.40555,13.22291,13.295969999999999,8004258.0
2024-11-15,13.22291,13.3325,13.22291,13.25944,14091649.0
2024-11-18,13.25944,13.40555,13.11333,13.295969999999999,7501202.0
2024-11-19,13.295969999999999,13.36902,13.18639,13.18639,3614092.0
2024-11-20,13.14986,13.3325,13.14986,13.25944,4480699.0
2024-11-21,13.25944,13.36902,13.22291,13.36902,3703859.0
2024-11-22,13.40555,13.44208,13.295969999999999,13.295969999999999,4952450.0
2024-11-25,13.3325,13.58819,13.295969999999999,13.51513,11235156.0
2024-11-26,13.55166,13.66124,13.51513,13.55166,6881256.0
2024-11-27,13.55166,13.62472,13.47861,13.51513,5211352.0
2024-11-28,13.58819,13.88041,13.55166,13.80735,13650678.0
2024-11-29,13.7343,13.88041,13.69777,13.88041,8487151.0
2024-12-02,13.88041,13.91693,13.77082,13.77082,5236264.0
2024-12-03,13.77082,13.91693,13.66124,13.7343,9895864.0
2024-12-04,13.7343,13.88041,13.69777,13.77082,7112800.0
2024-12-05,13.7343,14.1361,13.7343,14.1361,11426488.0
2024-12-06,14.06304,14.17263,14.02652,14.06304,7407589.0
2024-12-09,14.09957,14.1361,14.02652,14.09957,5695615.0
2024-12-10,14.09957,14.1361,14.06304,14.09957,4790906.0
2024-12-11,14.1361,14.17263,13.95346,13.98999,5653007.0
2024-12-12,14.02652,14.06304,13.95346,13.95346,5849525.0
2024-12-13,13.95346,14.06304,13.91693,14.06304,5250617.0
2024-12-16,14.06304,14.1361,14.02652,14.09957,5090130.0
2024-12-17,14.1361,14.1361,14.02652,14.02652,3379184.0
2024-12-18,14.02652,14.06304,13.91693,13.98999,5670323.0
2024-12-19,13.91693,13.95346,13.80735,13.80735,12884859.0
2024-12-20,13.77082,13.88041,13.77082,13.843879999999999,3281102.0
2024-12-23,13.88041,13.95346,13.80735,13.843879999999999,3868471.0
2024-12-24,13.843879999999999,13.91693,13.77082,13.91693,6087894.0
2024-12-25,13.88041,14.31874,13.88041,14.02652,15346256.0
2024-12-26,14.1361,14.46485,14.09957,14.42832,21896572.0
2024-12-27,14.46485,14.79359,14.42832,14.64748,22879935.0
2024-12-30,14.64748,14.720540000000002,14.42832,14.42832,7637323.0
2024-12-31,14.46485,14.501370000000001,14.39179,14.39179,6428528.0
2025-01-02,14.39179,14.57443,14.31874,14.39179,6761631.0
2025-01-03,14.39179,14.39179,13.98999,13.98999,7463601.0
2025-01-06,13.98999,14.06304,13.91693,13.98999,7988240.0
2025-01-07,14.02652,14.20915,13.95346,14.1361,7027496.0
2025-01-08,14.1361,14.24568,14.02652,14.20915,4986468.0
2025-01-09,14.20915,14.28221,14.17263,14.20915,4810913.0
2025-01-10,14.24568,14.31874,14.09957,14.09957,10226074.0
2025-01-13,14.06304,14.17263,13.98999,14.17263,5692135.0
2025-01-14,14.17263,14.24568,14.09957,14.17263,3490524.0
2025-01-15,14.24568,14.46485,14.17263,14.35526,6070934.0
2025-01-16,14.46485,14.46485,14.31874,14.39179,5918692.0
2025-01-17,14.42832,14.501370000000001,14.35526,14.501370000000001,5077138.0
2025-01-20,14.501370000000001,14.75706,14.501370000000001,14.68401,9731276.0
2025-01-21,14.75706,14.79359,14.57443,14.68401,5167833.0
2025-01-22,14.720540000000002,14.720540000000002,14.5379,14.57443,6922757.0
2025-01-23,14.57443,14.97623,14.57443,14.9397,11919139.0
2025-01-24,14.97623,15.19539,14.86665,15.085809999999999,8974425.0
2025-02-03,14.9397,14.9397,14.06304,14.68401,9833157.0
2025-02-04,14.720540000000002,14.97623,14.720540000000002,14.86665,5993816.0
2025-02-05,14.86665,14.9397,14.83012,14.90317,3892693.0
2025-02-06,15.049280000000001,15.19539,14.90317,14.9397,3978459.0
2025-02-07,14.83012,15.15887,14.79359,14.97623,6642328.0
2025-02-10,14.86665,15.3415,14.79359,14.97623,11662206.0
2025-02-11,15.15887,15.268450000000001,14.97623,15.085809999999999,4941748.0
2025-02-12,15.085809999999999,15.12234,14.90317,14.97623,6350323.0
2025-02-13,14.90317,14.97623,14.86665,14.9397,6623926.0
2025-02-14,15.085809999999999,15.12234,14.90317,14.9397,5234157.0
2025-02-17,14.90317,15.01276,14.86665,14.86665,4424660.0
2025-02-18,14.90317,15.049280000000001,14.86665,14.90317,6059798.0
2025-02-19,14.90317,15.15887,14.90317,15.01276,8318073.0
2025-02-20,15.085809999999999,15.085809999999999,15.01276,15.01276,6880209.0
2025-02-21,15.01276,15.12234,14.97623,15.049280000000001,7679775.0
2025-02-24,15.049280000000001,15.45108,14.97623,15.19539,17458033.0
2025-02-25,15.23192,15.3415,15.12234,15.15887,12549590.0
2025-02-26,15.15887,15.19539,15.049280000000001,15.049280000000001,8026437.0
2025-02-27,15.01276,15.085809999999999,14.9397,15.085809999999999,7519672.0
2025-02-28,15.01276,15.268450000000001,14.9397,15.15887,12883358.0
2025-03-03,15.19539,15.45108,15.19539,15.3415,18503239.0
2025-03-04,15.268450000000001,15.48761,15.23192,15.41456,13956788.0
2025-03-05,15.52414,15.633719999999999,15.3415,15.3415,20979425.0
2025-03-06,15.3415,15.3415,15.085809999999999,15.304969999999999,13196533.0
2025-03-07,15.268450000000001,15.48761,15.19539,15.304969999999999,12617193.0
2025-03-10,15.41456,15.48761,15.268450000000001,15.304969999999999,15169146.0
2025-03-11,15.23192,15.268450000000001,15.12234,15.19539,8868632.0
2025-03-12,15.3415,15.3415,14.97623,14.97623,12816097.0
2025-03-13,14.97623,15.049280000000001,14.720540000000002,14.83012,15743415.0
2025-03-14,14.83012,14.90317,14.75706,14.86665,5333290.0
2025-03-17,14.97623,15.15887,14.86665,14.97623,7725691.0
2025-03-18,15.12234,15.12234,14.86665,14.90317,4849483.0
2025-03-19,14.86665,15.049280000000001,14.83012,14.97623,9846377.0
2025-03-20,15.085809999999999,15.085809999999999,14.86665,14.90317,7557321.0
2025-03-21,14.9397,14.97623,14.83012,14.83012,4427469.0
2025-03-24,14.83012,14.86665,14.28221,14.57443,25182237.0
2025-03-25,14.64748,14.86665,14.5379,14.64748,14171074.0
2025-03-26,14.720540000000002,14.75706,14.57443,14.57443,8919009.0
2025-03-27,14.57443,14.68401,14.5379,14.61095,4551955.0
2025-03-28,14.61095,14.61095,14.42832,14.46485,6622660.0
2025-03-31,14.39179,14.501370000000001,14.31874,14.501370000000001,5210733.0
2025-04-01,14.61095,14.64748,14.501370000000001,14.61095,5842843.0
2025-04-02,14.68401,14.75706,14.57443,14.57443,9673260.0
2025-04-03,14.09957,14.28221,13.58819,13.58819,31996857.0
2025-04-04,13.040280000000001,13.66124,12.71153,13.66124,21904700.0
2025-04-08,13.14986,13.18639,12.71153,12.71153,10876576.0
2025-04-09,11.90793,13.22291,11.90793,12.38278,12084170.0
2025-04-10,13.22291,13.22291,13.22291,13.22291,646526.0
2025-04-11,13.7343,13.7343,13.295969999999999,13.62472,16426995.0
2025-04-14,13.62472,13.7343,13.55166,13.69777,5916627.0
2025-04-15,13.55166,13.69777,13.40555,13.47861,7083518.0
2025-04-16,13.47861,13.55166,13.295969999999999,13.295969999999999,5117170.0
2025-04-17,13.295969999999999,13.44208,13.076799999999999,13.14986,8919096.0
2025-04-18,13.25944,13.47861,13.25944,13.36902,4873076.0
2025-04-21,13.40555,13.51513,13.36902,13.40555,5759192.0
2025-04-22,13.29097,13.51882,12.60744,13.29097,6136130.0
2025-04-23,13.442870000000001,13.51882,13.40489,13.40489,3560955.0
2025-04-24,13.36692,13.51882,13.32895,13.40489,2373943.0
2025-04-25,13.36692,13.40489,13.13907,13.17705,8747752.0
2025-04-28,13.32895,13.36692,13.17705,13.17705,2034353.0
2025-04-29,13.32895,13.32895,13.17705,13.17705,1986022.0
2025-05-05,13.32895,13.32895,13.17705,13.32895,3037443.0
2025-05-06,13.32895,13.40489,13.29097,13.29097,4159705.0
2025-05-07,13.253,13.29097,13.17705,13.253,2847193.0
2025-05-08,13.253,13.40489,13.13907,13.36692,5040414.0
2025-05-09,13.32895,13.36692,13.21502,13.32895,3022414.0
2025-05-12,13.32895,13.67071,13.32895,13.67071,7470832.0
2025-05-13,13.74666,13.74666,13.556790000000001,13.70869,4122798.0
2025-05-14,13.70869,13.97451,13.67071,13.936530000000001,6586726.0
2025-05-15,14.01248,14.24033,13.89856,14.24033,9444906.0
2025-05-16,14.08843,14.16438,13.822610000000001,13.89856,6051981.0
2025-05-19,13.89856,13.97451,13.67071,13.67071,5943606.0
2025-05-20,13.67071,13.89856,13.67071,13.822610000000001,4494055.0
2025-05-21,13.97451,13.97451,13.78464,13.822610000000001,5512266.0
2025-05-22,13.822610000000001,13.936530000000001,13.74666,13.78464,5519900.0
2025-05-23,13.78464,13.89856,13.78464,13.822610000000001,3964383.0
2025-05-26,13.86058,13.89856,13.59476,13.86058,4410964.0
2025-05-27,13.89856,14.24033,13.89856,14.16438,12318268.0
2025-05-28,14.16438,14.2783,13.97451,14.01248,4097833.0
2025-05-29,14.05046,14.08843,13.89856,13.89856,3604445.0
2025-05-30,13.86058,13.97451,13.59476,13.59476,7604836.0
2025-06-02,13.59476,13.74666,13.51882,13.70869,3054965.0
2025-06-03,13.78464,13.822610000000001,13.67071,13.74666,4977410.0
2025-06-04,13.78464,13.822610000000001,13.70869,13.74666,4556506.0
2025-06-05,13.70869,13.822610000000001,13.67071,13.67071,3913312.0
2025-06-06,13.63274,13.70869,13.556790000000001,13.556790000000001,3310715.0
2025-06-09,13.556790000000001,13.63274,13.51882,13.556790000000001,2081685.0
2025-06-10,13.67071,13.70869,13.556790000000001,13.556790000000001,2180131.0
2025-06-11,13.556790000000001,13.63274,13.48084,13.51882,2218953.0
2025-06-12,13.63274,13.67071,13.556790000000001,13.67071,3505379.0
2025-06-13,13.63274,13.86058,13.556790000000001,13.59476,6511978.0
2025-06-16,13.59476,13.89856,13.59476,13.89856,6366968.0
2025-06-17,13.97451,13.97451,13.74666,13.822610000000001,4257531.0
2025-06-18,13.89856,13.936530000000001,13.67071,13.70869,7537966.0
2025-06-19,13.70869,13.74666,13.63274,13.67071,4908918.0
2025-06-20,13.70869,13.86058,13.63274,13.74666,5664232.0
2025-06-23,13.67071,13.74666,13.63274,13.67071,3761797.0
2025-06-24,13.74666,13.86058,13.70869,13.78464,7120354.0
2025-06-25,13.822610000000001,13.97451,13.78464,13.822610000000001,7119442.0
2025-06-26,13.89856,13.89856,13.70869,13.74666,2281623.0
2025-06-27,13.86058,13.86058,13.70869,13.74666,2951970.0
2025-06-30,13.78464,13.936530000000001,13.74666,13.89856,7145015.0
2025-07-01,13.936530000000001,13.97451,13.822610000000001,13.89856,4005219.0
2025-07-02,13.936530000000001,13.936530000000001,13.822610000000001,13.89856,4361408.0
2025-07-03,13.936530000000001,14.1264,13.89856,13.936530000000001,9121161.0
2025-07-04,14.01248,14.01248,13.89856,13.97451,4325265.0
2025-07-07,14.08843,14.2783,14.01248,14.202350000000001,10379662.0
2025-07-08,14.316270000000001,14.35425,14.202350000000001,14.2783,6772528.0
2025-07-09,14.35425,14.62007,14.316270000000001,14.544120000000001,13812641.0
2025-07-10,14.62007,14.62007,14.430200000000001,14.50615,5478975.0
2025-07-11,14.544120000000001,14.77197,14.46817,14.69602,12530474.0
2025-07-14,14.73399,14.84791,14.46817,14.73399,7767925.0
2025-07-15,14.73399,14.84791,14.69602,14.69602,15582878.0
2025-07-16,14.69602,14.73399,14.62007,14.658040000000002,14335064.0
2025-07-17,14.84855,14.93513,14.71868,14.76197,11979621.0
2025-07-18,14.76197,14.93513,14.71868,14.80526,11834483.0
2025-07-21,14.89184,15.15159,14.76197,15.02172,16033681.0
2025-07-22,15.02172,15.1083,14.93513,15.065010000000001,14391908.0
2025-07-23,15.19488,15.45462,15.065010000000001,15.41133,21086713.0
2025-07-24,15.58449,16.06068,15.5412,15.88752,25854183.0
2025-07-25,15.9741,16.06068,15.75765,15.93081,20592336.0
2025-07-28,16.01739,16.363709999999998,16.01739,16.32042,30409668.0
2025-07-29,16.49358,16.92649,16.01739,16.06068,43185774.0
2025-07-30,16.190549999999998,16.883200000000002,16.14726,16.753330000000002,34147130.0
2025-07-31,16.883200000000002,17.05636,16.66674,16.796619999999997,21203860.0
2025-08-01,16.92649,16.96978,15.93081,16.450290000000003,30986175.0
2025-08-04,16.450290000000003,16.753330000000002,16.23384,16.753330000000002,11493882.0
2025-08-05,16.92649,17.40268,15.58449,16.71003,28685453.0
2025-08-06,16.883200000000002,16.96978,16.71003,16.883200000000002,11132840.0
2025-08-07,16.96978,16.96978,16.66674,16.92649,18682979.0
2025-08-08,17.09965,17.749,17.09965,17.53255,26064897.0
2025-08-11,17.70571,18.05203,17.53255,17.57584,15139501.0
2025-08-12,17.749,17.749,17.09965,17.22952,16554238.0
2025-08-13,17.359389999999998,17.40268,16.92649,17.27281,19021108.0
2025-08-14,17.53255,17.87887,17.27281,17.70571,23987023.0
2025-08-15,17.87887,18.05203,17.40268,17.619130000000002,20247272.0
2025-08-18,17.749,17.749,17.3161,17.40268,10078048.0
2025-08-19,17.40268,17.83558,17.40268,17.749,18166558.0
2025-08-20,18.008740000000003,18.96113,17.619130000000002,18.96113,70306741.0
2025-08-21,20.25984,20.25984,20.043380000000003,20.25984,20572240.0
2025-08-22,21.212220000000002,21.47196,19.091,20.433,62528537.0
2025-08-25,20.64945,21.039060000000003,19.00442,19.00442,42102657.0
2025-08-26,19.04771,19.69706,18.74468,19.69706,24728140.0
2025-08-27,19.69706,20.17325,19.350740000000002,19.350740000000002,21057467.0
2025-08-28,19.394029999999997,19.43732,19.00442,19.177580000000003,16479935.0
2025-08-29,19.43732,19.91351,19.177580000000003,19.56719,19855112.0
2025-09-03,19.56719,19.65377,19.13429,19.61048,12413035.0
2025-09-04,19.69706,20.30313,19.69706,19.87022,18342819.0
2025-09-05,20.086669999999998,20.12996,19.26416,19.26416,17348080.0
2025-09-08,18.96113,19.13429,18.181900000000002,18.181900000000002,23192872.0
2025-09-09,18.13861,18.31177,17.83558,18.225189999999998,10453124.0
2025-09-10,18.26848,18.35506,17.922159999999998,18.09532,8749312.0
2025-09-11,18.09532,18.225189999999998,17.40268,18.181900000000002,11149456.0
2025-09-12,18.26848,18.484939999999998,18.09532,18.398349999999997,8421561.0
2025-09-15,18.52823,18.74468,18.26848,18.57152,11210033.0
2025-09-16,18.658099999999997,18.78797,18.181900000000002,18.225189999999998,24504892.0
2025-09-17,18.225189999999998,18.35506,17.83558,17.87887,11167978.0
2025-09-18,18.008740000000003,18.05203,17.53255,17.79229,7865550.0
2025-09-19,17.83558,17.83558,17.40268,17.57584,8380969.0
2025-09-22,17.445970000000003,17.57584,16.883200000000002,17.09965,16054675.0
2025-09-23,17.22952,17.359389999999998,17.05636,17.18623,7491902.0
2025-09-24,17.18623,17.749,16.883200000000002,17.749,11274509.0
2025-09-25,17.749,17.87887,17.3161,17.40268,13587512.0
2025-09-26,17.40268,17.445970000000003,17.09965,17.14294,7460243.0
2025-09-29,17.09965,17.27281,17.01307,17.09965,7075932.0
2025-09-30,17.09965,17.3161,16.96978,17.22952,9296404.0
2025-10-01,17.22952,17.619130000000002,17.22952,17.40268,8355908.0
2025-10-02,17.445970000000003,17.619130000000002,17.05636,17.05636,10585581.0
2025-10-03,17.05636,17.18623,17.01307,17.09965,6752636.0
2025-10-06,17.3161,17.83558,17.27281,17.79229,11263485.0
2025-10-07,17.922159999999998,17.922159999999998,17.445970000000003,17.489259999999998,8793622.0
2025-10-08,17.662419999999997,17.70571,17.359389999999998,17.359389999999998,10249453.0
2025-10-09,17.359389999999998,17.662419999999997,17.359389999999998,17.662419999999997,9646001.0
2025-10-10,17.749,17.83558,17.57584,17.619130000000002,10327382.0
2025-10-13,17.3161,17.57584,17.27281,17.445970000000003,10713691.0
2025-10-14,17.619130000000002,17.662419999999997,17.3161,17.3161,13686847.0
2025-10-15,17.22952,17.662419999999997,17.22952,17.53255,11060128.0
2025-10-16,17.53255,17.53255,17.3161,17.3161,8464466.0
2025-10-17,17.3161,17.445970000000003,17.05636,17.05636,12638617.0
2025-10-20,17.05636,17.14294,15.88752,15.88752,21199866.0
2025-10-21,15.93081,16.407,15.75765,16.14726,14715433.0
2025-10-22,16.23384,16.363709999999998,15.93081,16.14726,6239760.0
2025-10-23,16.14726,16.407,16.01739,16.01739,4171659.0
2025-10-24,16.10397,16.23384,15.84423,16.01739,6177004.0
2025-10-27,16.190549999999998,16.23384,15.9741,15.9741,4159408.0
2025-10-28,15.9741,16.623450000000002,15.93081,16.623450000000002,7387466.0
2025-10-29,16.58016,16.753330000000002,16.450290000000003,16.450290000000003,5099017.0
2025-10-30,16.49358,16.66674,16.23384,16.23384,5623170.0
2025-10-31,16.23384,16.27713,16.06068,16.06068,4606349.0
2025-11-03,16.10397,16.27713,15.88752,15.88752,4413835.0
2025-11-04,15.88752,16.53687,15.67107,16.407,8146233.0
2025-11-05,16.32042,16.407,16.190549999999998,16.23384,2502425.0
2025-11-06,16.32042,16.32042,16.06068,16.06068,2834299.0
2025-11-07,16.01739,16.10397,15.75765,15.84423,3713980.0
2025-11-10,16.01739,16.01739,15.80094,15.80094,2850627.0
2025-11-11,15.84423,16.01739,15.75765,15.75765,2571664.0
2025-11-12,15.80094,16.14726,15.80094,16.14726,3804732.0
2025-11-13,16.14726,16.23384,16.06068,16.06068,2903866.0
2025-11-14,16.01739,16.14726,15.9741,16.01739,2468179.0
2025-11-17,16.10397,16.190549999999998,15.93081,16.190549999999998,4361840.0
2025-11-18,16.23384,16.27713,16.10397,16.190549999999998,5492450.0
2025-11-19,16.190549999999998,16.53687,16.14726,16.190549999999998,8740190.0
2025-11-20,16.190549999999998,16.363709999999998,16.14726,16.190549999999998,6412060.0
2025-11-21,16.06068,16.27713,15.9741,16.06068,3449246.0
2025-11-24,16.06068,16.190549999999998,16.01739,16.01739,3468633.0
2025-11-25,16.01739,16.06068,15.84423,15.84423,3128743.0
2025-11-26,15.84423,16.10397,15.84423,15.9741,3266348.0
2025-11-27,16.10397,16.407,16.06068,16.14726,7205612.0
2025-11-28,16.190549999999998,16.27713,15.9741,16.01739,2386536.0
2025-12-01,16.01739,16.06068,15.88752,15.88752,2890566.0
2025-12-02,15.93081,16.01739,15.80094,15.9741,3011033.0
2025-12-03,15.9741,16.363709999999998,15.9741,16.27713,9736882.0
2025-12-04,16.32042,16.450290000000003,16.27713,16.363709999999998,7048044.0
2025-12-05,16.450290000000003,16.450290000000003,16.10397,16.14726,4216249.0
2025-12-08,16.10397,16.190549999999998,15.88752,15.88752,4457345.0
2025-12-09,15.93081,15.93081,15.714360000000001,15.714360000000001,7275292.0
2025-12-10,15.714360000000001,15.88752,15.714360000000001,15.75765,3304634.0
2025-12-11,15.80094,15.88752,15.67107,15.67107,4971599.0
2025-12-12,15.714360000000001,15.75765,14.97843,14.97843,9417738.0
2025-12-15,15.15159,15.19488,14.84855,14.84855,7104356.0
2025-12-16,15.02172,15.32475,14.71868,15.19488,5303830.0
2025-12-17,15.28146,15.32475,15.15159,15.23817,4092946.0
2025-12-18,15.23817,15.28146,15.1083,15.15159,2814647.0
2025-12-19,15.23817,15.32475,15.15159,15.23817,3082402.0
2025-12-22,15.32475,15.5412,15.23817,15.36804,10672941.0
2025-12-23,15.49791,15.75765,15.32475,15.36804,6972430.0
2025-12-24,15.36804,15.75765,15.23817,15.49791,6460595.0
2025-12-25,15.5412,15.714360000000001,15.41133,15.41133,4073005.0
2025-12-26,15.28146,15.45462,14.89184,15.23817,8335558.0
2025-12-29,15.23817,15.36804,15.19488,15.23817,3560228.0
2025-12-30,15.23817,15.41133,15.23817,15.32475,3403041.0
2025-12-31,15.41133,15.5412,15.32475,15.36804,6587240.0
2026-01-05,15.36804,15.49791,15.19488,15.32475,4201613.0
2026-01-06,15.28146,15.41133,15.065010000000001,15.36804,5420449.0
2026-01-07,15.41133,15.714360000000001,15.41133,15.627780000000001,8729932.0
2026-01-08,15.67107,15.75765,15.49791,15.58449,12743853.0
2026-01-09,15.67107,15.714360000000001,15.45462,15.5412,10183143.0
2026-01-12,15.5412,16.23384,15.45462,16.06068,16091931.0
2026-01-13,16.190549999999998,16.23384,15.9741,16.06068,9898997.0
2026-01-14,16.10397,16.14726,15.627780000000001,15.714360000000001,18450487.0
2026-01-15,15.84423,15.9741,15.75765,15.93081,6552571.0
2026-01-16,15.9741,15.9741,15.714360000000001,15.75765,8119429.0
2026-01-19,15.75765,15.84423,15.714360000000001,15.714360000000001,5569414.0
2026-01-20,15.80094,15.93081,15.627780000000001,15.627780000000001,6543688.0
2026-01-21,15.58449,15.627780000000001,15.32475,15.41133,10594809.0
2026-01-22,15.41133,15.58449,15.41133,15.45462,4866392.0
2026-01-23,15.5412,15.5412,15.36804,15.41133,4263559.0
2026-01-26,15.41133,15.49791,15.02172,15.1083,6880756.0
2026-01-27,15.1083,15.19488,15.02172,15.065010000000001,3502759.0
2026-01-28,15.065010000000001,15.28146,15.02172,15.1083,4776248.0
2026-01-29,15.1083,15.23817,15.065010000000001,15.15159,4243653.0
2026-01-30,15.15159,15.41133,15.1083,15.41133,6714874.0
2026-02-02,15.32475,15.32475,15.065010000000001,15.15159,5281538.0
2026-02-03,15.19488,15.32475,15.02172,15.1083,6348866.0
2026-02-04,15.1083,15.15159,14.97843,15.065010000000001,5065018.0
2026-02-05,15.1083,15.15159,14.84855,14.84855,3836384.0
2026-02-06,14.80526,14.84855,14.45894,14.45894,8324258.0
2026-02-09,14.632100000000001,14.71868,14.45894,14.45894,4923999.0
2026-02-10,14.588809999999999,14.71868,14.28578,14.28578,4867682.0
2026-02-11,14.45894,14.80526,14.41565,14.67539,4865319.0
2026-02-12,14.80526,14.84855,14.67539,14.80526,3199681.0
2026-02-13,14.80526,15.065010000000001,14.76197,14.93513,6445843.0
2026-02-23,15.02172,15.15159,14.97843,15.065010000000001,3096030.0
2026-02-24,15.1083,15.15159,14.93513,14.97843,5650418.0
2026-02-25,15.065010000000001,15.23817,14.89184,15.065010000000001,7258292.0
2026-02-26,15.065010000000001,15.23817,15.02172,15.065010000000001,3406407.0
2026-02-27,15.065010000000001,15.1083,14.97843,14.97843,2781971.0
2026-03-02,14.54552,14.80526,14.54552,14.632100000000001,8305670.0
2026-03-03,14.71868,14.76197,14.45894,14.45894,6612074.0
2026-03-04,14.45894,14.588809999999999,14.24249,14.588809999999999,6626721.0
2026-03-05,14.71868,14.76197,14.54552,14.588809999999999,4078006.0
2026-03-06,14.588809999999999,14.632100000000001,14.45894,14.45894,2834705.0
2026-03-09,13.59314,13.7663,13.46327,13.549850000000001,25162845.0
2026-03-10,14.112620000000001,14.199200000000001,13.80959,13.939459999999999,9856869.0
2026-03-11,14.06933,14.89184,14.02604,14.76197,11605249.0
2026-03-12,14.71868,14.71868,14.37236,14.41565,3950454.0
2026-03-13,14.41565,14.71868,14.32907,14.632100000000001,4486262.0
2026-03-16,14.632100000000001,14.71868,14.502229999999999,14.71868,2943853.0
2026-03-17,14.80526,14.93513,14.71868,14.71868,8885238.0
2026-03-18,14.89184,14.93513,14.588809999999999,14.80526,4528936.0
2026-03-19,14.67539,14.71868,14.37236,14.54552,6032387.0
2026-03-20,14.502229999999999,14.632100000000001,14.45894,14.54552,3344996.0
2026-03-23,14.41565,14.502229999999999,14.02604,14.112620000000001,5669840.0
2026-03-24,14.28578,14.632100000000001,14.199200000000001,14.45894,4881707.0
2026-03-25,14.54552,14.93513,14.45894,14.93513,8615880.0
2026-03-26,14.93513,14.93513,14.632100000000001,14.67539,3024885.0
2026-03-27,14.588809999999999,14.89184,14.588809999999999,14.71868,6302369.0
2026-03-30,14.54552,14.80526,14.54552,14.632100000000001,3510340.0
2026-03-31,14.76197,14.89184,14.632100000000001,14.67539,4170604.0
2026-04-01,14.84855,15.065010000000001,14.80526,14.89184,5686649.0
2026-04-02,14.84855,14.84855,14.588809999999999,14.632100000000001,4094838.0
2026-04-03,14.67539,14.71868,14.41565,14.41565,4385628.0
2026-04-06,14.41565,14.588809999999999,14.32907,14.41565,3640642.0
2026-04-07,14.45894,14.54552,14.32907,14.45894,2728266.0
2026-04-08,14.76197,15.1083,14.632100000000001,15.02172,11255677.0
2026-04-09,15.065010000000001,15.065010000000001,14.76197,14.84855,4941155.0
2026-04-10,14.93513,15.19488,14.89184,15.1083,10419411.0
2026-04-13,15.02172,15.627780000000001,14.97843,15.36804,17737806.0
2026-04-14,15.45462,15.49791,15.23817,15.23817,6835321.0
2026-04-15,15.36804,15.36804,15.02172,15.02172,7680709.0
2026-04-16,15.065010000000001,15.065010000000001,14.80526,14.84855,6850167.0
2026-04-17,14.93513,15.1083,14.80526,15.02172,5668367.0
2026-04-20,15.1083,15.15159,14.97843,15.15159,4627795.0
2026-04-21,15.15159,15.19488,14.89184,14.89184,5923822.0
2026-04-22,14.93513,15.02172,14.84855,14.97843,4429834.0
2026-04-23,15.02172,15.19488,14.80526,14.89184,10936668.0
2026-04-24,14.89184,14.97843,14.84855,14.93513,3306890.0
2026-04-28,15.065010000000001,15.15159,14.97843,15.02172,5274973.0
2026-04-29,15.0678,15.11346,14.885159999999999,14.885159999999999,5116213.0
2026-05-04,15.02214,15.02214,14.74818,14.74818,4138464.0
2026-05-05,14.70252,14.74818,14.474219999999999,14.56554,5583927.0
2026-05-06,14.6112,14.8395,14.56554,14.79384,3384077.0
2026-05-07,14.79384,14.885159999999999,14.70252,14.70252,4515029.0
2026-05-08,14.74818,14.79384,14.6112,14.65686,3845169.0
2026-05-11,14.65686,14.8395,14.56554,14.56554,6161384.0
2026-05-12,14.65686,14.70252,14.56554,14.6112,2267452.0
2026-05-13,14.74818,14.74818,14.56554,14.56554,2835881.0
2026-05-14,14.6112,14.79384,14.56554,14.65686,3279455.0
2026-05-15,14.65686,14.74818,14.56554,14.70252,5134572.0
2026-05-18,14.6112,14.70252,14.519879999999999,14.70252,3580281.0
2026-05-19,14.70252,14.70252,14.3829,14.42856,6622375.0
2026-05-20,14.42856,14.474219999999999,13.74366,14.33724,9174429.0
2026-05-21,14.33724,14.519879999999999,14.24592,14.519879999999999,5020417.0
2026-05-22,14.519879999999999,14.519879999999999,14.29158,14.33724,2515861.0
2026-05-25,14.474219999999999,14.56554,14.33724,14.519879999999999,2312114.0
2026-05-26,14.474219999999999,14.885159999999999,14.474219999999999,14.8395,12752434.0
2026-05-27,14.8395,15.38742,14.70252,15.250440000000001,27854778.0
2026-05-28,15.250440000000001,15.47874,14.885159999999999,14.885159999999999,16761215.0
2026-05-29,14.885159999999999,14.976479999999999,14.70252,14.70252,8220542.0
2026-06-01,14.74818,14.8395,14.6112,14.70252,5960719.0
2026-06-02,14.79384,14.79384,14.42856,14.42856,7952756.0
2026-06-03,14.42856,14.70252,14.42856,14.519879999999999,7199888.0
2026-06-04,14.6112,14.885159999999999,14.474219999999999,14.8395,15466481.0
2026-06-05,14.885159999999999,15.02214,14.74818,14.74818,6676903.0
2026-06-08,14.6112,14.65686,14.33724,14.3829,12804582.0
2026-06-09,14.42856,14.56554,14.33724,14.42856,4666449.0
2026-06-10,14.474219999999999,14.65686,14.42856,14.519879999999999,3939828.0
2026-06-11,14.519879999999999,14.79384,14.474219999999999,14.56554,6157349.0
2026-06-12,14.70252,14.976479999999999,14.65686,14.74818,11906029.0
2026-06-15,14.930819999999999,14.976479999999999,14.74818,14.8395,7065433.0
2026-06-16,14.885159999999999,14.930819999999999,14.74818,14.79384,8334169.0
2026-06-17,14.79384,15.11346,14.79384,14.976479999999999,15871061.0
2026-06-18,15.02214,15.0678,14.79384,14.8395,8561693.0
2026-06-19,14.885159999999999,14.885159999999999,14.6112,14.65686,5780766.0
2026-06-22,14.70252,14.74818,14.6112,14.65686,5769878.0
2026-06-23,14.70252,15.0678,14.6112,14.70252,13128060.0
2026-06-24,14.74818,14.79384,14.519879999999999,14.65686,5681902.0
2026-06-25,14.65686,14.70252,14.56554,14.6112,5193719.0
2026-06-26,14.65686,14.74818,14.6112,14.74818,5707309.0
2026-06-29,14.79384,15.250440000000001,14.74818,15.11346,21060545.0
2026-06-30,15.159120000000001,15.204780000000001,15.02214,15.0678,6745641.0
2026-07-01,15.0678,15.34176,15.0678,15.159120000000001,12963658.0
2026-07-02,15.204780000000001,15.250440000000001,15.0678,15.204780000000001,7985228.0
2026-07-03,15.250440000000001,15.34176,14.930819999999999,15.02214,14220176.0
2026-07-06,15.11346,15.159120000000001,14.6112,14.70252,13865800.0
2026-07-07,14.65686,14.8395,14.65686,14.8395,6003402.0
2026-07-08,14.79384,15.02214,14.74818,14.8395,10538459.0
2026-07-09,14.74818,14.885159999999999,14.70252,14.70252,4109442.0
2026-07-10,14.74818,14.8395,14.56554,14.56554,6376866.0
2026-07-13,14.56554,14.6112,13.97196,14.1546,12089197.0
2026-07-14,14.1546,14.3829,13.97196,14.3829,6142048.0
2026-07-15,14.3829,14.3829,14.10894,14.10894,5633610.0
2026-07-16,14.01762,14.24592,13.78932,14.10894,7453834.0
2026-07-17,14.1546,14.20026,14.01762,14.06328,3225885.0
2026-07-20,14.01762,14.06328,13.561020000000001,13.65234,13156003.0
2026-07-21,13.60668,13.78932,13.60668,13.698,6397443.0
2026-07-22,13.74366,13.78932,13.195739999999999,13.195739999999999,15415210.0
2026-07-23,13.150079999999999,13.424040000000002,12.92178,13.33272,7528707.0
2026-07-24,13.150079999999999,13.37838,13.10442,13.150079999999999,4949309.0
2026-07-27,13.195739999999999,13.37838,12.92178,12.92178,4198937.0
2026-07-28,12.830459999999999,13.195739999999999,12.830459999999999,13.150079999999999,4917440.0
2026-07-29,13.150079999999999,13.195739999999999,13.0131,13.150079999999999,5472522.0
2026-07-30,13.150079999999999,13.515360000000001,13.0131,13.469700000000001,6389499.0
2026-07-31,13.515360000000001,13.65234,13.2414,13.2414,8272585.0
2026-08-03,13.28706,13.561020000000001,13.28706,13.561020000000001,8090620.0
2026-08-04,13.561020000000001,13.60668,13.37838,13.515360000000001,3431589.0
2026-08-05,13.60668,13.88064,13.424040000000002,13.515360000000001,13611755.0
2026-08-06,13.515360000000001,13.561020000000001,13.28706,13.28706,4004610.0
2026-08-07,13.33272,13.469700000000001,13.28706,13.37838,2944340.0
2026-08-10,13.469700000000001,13.65234,13.37838,13.561020000000001,4427888.0
2026-08-11,13.60668,13.74366,13.515360000000001,13.515360000000001,4517602.0
2026-08-12,13.561020000000001,13.65234,13.469700000000001,13.515360000000001,2944037.0
2026-08-13,13.561020000000001,13.60668,13.28706,13.28706,5423241.0
2026-08-14,13.2414,13.37838,13.150079999999999,13.150079999999999,4428478.0
2026-08-17,13.10442,13.2414,13.05876,13.05876,2883426.0
2026-08-18,13.10442,13.2414,13.0131,13.150079999999999,2814689.0
2026-08-19,13.150079999999999,13.150079999999999,12.96744,13.10442,2422207.0
2026-08-20,13.150079999999999,13.195739999999999,13.10442,13.150079999999999,3285070.0
2026-08-21,13.150079999999999,13.515360000000001,13.10442,13.469700000000001,4769952.0
2026-08-24,13.60668,13.65234,13.424040000000002,13.469700000000001,4628327.0
2026-08-25,13.469700000000001,13.561020000000001,13.33272,13.37838,3101838.0
2026-08-26,13.424040000000002,13.515360000000001,13.2414,13.37838,7826436.0
2026-08-27,13.424040000000002,13.83498,13.424040000000002,13.60668,8004930.0
2026-08-28,13.60668,13.74366,13.515360000000001,13.65234,5413174.0
2026-09-03,13.60668,13.60668,13.424040000000002,13.424040000000002,5529804.0
2026-09-04,13.515360000000001,13.83498,13.469700000000001,13.74366,7135818.0
2026-09-07,13.74366,13.83498,13.515360000000001,13.60668,6213770.0
2026-09-08,13.60668,13.74366,13.515360000000001,13.74366,4823808.0
2026-09-09,13.65234,13.74366,13.60668,13.698,5220219.0
2026-09-10,13.75,13.8,13.65,13.7,2885384.0
2026-09-11,13.65,13.65,13.25,13.25,5479962.0
2026-09-14,13.3,13.5,13.15,13.25,4341439.0
2026-09-15,13.4,13.6,13.35,13.5,3533657.0
2026-09-16,13.5,13.6,13.4,13.55,2994359.0
2026-09-17,13.5,13.75,13.5,13.6,5089948.0
2026-09-18,13.65,13.75,13.6,13.6,4229149.0
2026-09-21,13.6,13.75,13.3,13.35,6350769.0
2026-09-22,13.4,13.5,13.35,13.4,2273634.0
2026-09-23,13.55,13.65,13.4,13.55,4989400.0
2026-09-24,13.55,13.6,13.35,13.45,2840700.0
2026-09-25,13.4,13.5,13.35,13.4,2202600.0
2026-09-28,13.35,13.4,13.15,13.15,4088000.0
2026-09-29,13.25,13.45,13.15,13.4,3958200.0
2026-09-30,13.5,13.5,13.25,13.35,2245200.0
2026-10-01,13.3,13.5,13.25,13.4,5771100.0
2026-10-02,13.45,13.5,13.35,13.35,5473200.0
