,open,high,low,close,volume
2020-04-27,1.0622,1.0622,1.04096,1.04096,45640.0
2020-04-28,1.04096,1.0622,1.04096,1.04096,11210.0
2020-04-29,1.04096,1.0622,1.04096,1.0622,19107.0
2020-05-04,1.04096,1.0622,1.0197100000000001,1.0622,14310.0
2020-05-05,1.04096,1.04096,1.0197100000000001,1.0197100000000001,13100.0
2020-05-06,1.0197100000000001,1.04096,1.0197100000000001,1.04096,8406.0
2020-05-07,1.0197100000000001,1.04096,1.0197100000000001,1.04096,34504.0
2020-05-08,1.04096,1.0622,1.04096,1.04096,26519.0
2020-05-11,1.0622,1.0622,1.04096,1.0622,52116.0
2020-05-12,1.04096,1.04096,1.04096,1.04096,30604.0
2020-05-13,1.04096,1.04096,1.0197100000000001,1.0197100000000001,78800.0
2020-05-14,1.04096,1.08345,1.04096,1.0622,55686.0
2020-05-15,1.0622,1.0622,1.0622,1.0622,18200.0
2020-05-18,1.04096,1.0622,1.04096,1.0622,39400.0
2020-05-19,1.0622,1.10469,1.0622,1.0622,80050.0
2020-05-20,1.0622,1.08345,1.0622,1.08345,11300.0
2020-05-21,1.0622,1.0622,1.04096,1.04096,45500.0
2020-05-22,1.0622,1.10469,1.0622,1.10469,68020.0
2020-05-25,1.08345,1.10469,1.08345,1.08345,13700.0
2020-05-26,1.08345,1.10469,1.08345,1.08345,49409.0
2020-05-27,1.08345,1.10469,0.97723,1.0622,128559.0
2020-05-28,1.08345,1.08345,1.04096,1.04096,70600.0
2020-05-29,1.0622,1.08345,1.0622,1.08345,14740.0
2020-06-01,1.0622,1.12593,1.04096,1.12593,354567.0
2020-06-02,1.12593,1.12593,1.08345,1.08345,13710.0
2020-06-03,1.08345,1.10469,1.08345,1.10469,15733.0
2020-06-04,1.08345,1.14718,1.0622,1.12593,323225.0
2020-06-05,1.12593,1.16842,1.12593,1.16842,262270.0
2020-06-08,1.18967,1.27464,1.18967,1.27464,543527.0
2020-06-09,1.2958900000000002,1.40211,1.2958900000000002,1.3596199999999998,513151.0
2020-06-10,1.3383699999999998,1.48708,1.3171300000000001,1.48708,457161.0
2020-06-11,1.50833,1.6357899999999999,1.4658399999999998,1.50833,683834.0
2020-06-12,1.4658399999999998,1.48708,1.40211,1.4658399999999998,75968.0
2020-06-15,1.4658399999999998,1.4658399999999998,1.3596199999999998,1.4445899999999998,73838.0
2020-06-16,1.38086,1.42335,1.3383699999999998,1.3383699999999998,76849.0
2020-06-17,1.40211,1.4445899999999998,1.3383699999999998,1.3596199999999998,48998.0
2020-06-18,1.3171300000000001,1.38086,1.23215,1.3596199999999998,46840.0
2020-06-19,1.3596199999999998,1.38086,1.3383699999999998,1.38086,12502.0
2020-06-22,1.38086,1.40211,1.3383699999999998,1.3383699999999998,77103.0
2020-06-23,1.3383699999999998,1.4658399999999998,1.3383699999999998,1.4658399999999998,1014944.0
2020-06-24,1.48708,1.5933,1.48708,1.5933,1582497.0
2020-06-25,1.5933,1.74201,1.5933,1.74201,1155032.0
2020-06-26,1.76325,1.7845,1.5933,1.67828,1017518.0
2020-06-29,1.67828,1.67828,1.57206,1.61455,499235.0
2020-06-30,1.61455,1.65703,1.48708,1.48708,537285.0
2020-07-01,1.50833,1.5933,1.48708,1.5933,445280.0
2020-07-02,1.5933,1.6357899999999999,1.55081,1.57206,261300.0
2020-07-03,1.57206,1.61455,1.50833,1.57206,329465.0
2020-07-06,1.5295699999999999,1.57206,1.50833,1.5295699999999999,272260.0
2020-07-07,1.55081,1.5933,1.5295699999999999,1.5295699999999999,281573.0
2020-07-08,1.5295699999999999,1.57206,1.5295699999999999,1.57206,210518.0
2020-07-09,1.65914,1.70588,1.6124100000000001,1.70588,228698.0
2020-07-10,1.63577,1.7526199999999998,1.63577,1.72925,132485.0
2020-07-13,1.72925,1.7526199999999998,1.68251,1.68251,142627.0
2020-07-14,1.68251,1.68251,1.63577,1.68251,147800.0
2020-07-15,1.68251,1.68251,1.6124100000000001,1.68251,246649.0
2020-07-16,1.68251,1.72925,1.63577,1.65914,126300.0
2020-07-17,1.65914,1.65914,1.6124100000000001,1.63577,55810.0
2020-07-20,1.58904,1.63577,1.5656700000000001,1.6124100000000001,84022.0
2020-07-21,1.6124100000000001,1.65914,1.5656700000000001,1.65914,147720.0
2020-07-22,1.68251,1.8227200000000001,1.65914,1.79935,379253.0
2020-07-23,1.7759800000000001,1.96293,1.7759800000000001,1.96293,1261640.0
2020-07-24,1.96293,2.12651,1.93956,2.07977,1186000.0
2020-07-27,2.0096700000000003,2.10314,1.89282,1.89282,408427.0
2020-07-28,1.89282,2.07977,1.7759800000000001,2.07977,962090.0
2020-07-29,2.07977,2.07977,1.89282,1.9863,500170.0
2020-07-30,1.9863,2.12651,1.96293,2.0564,619486.0
2020-07-31,2.0564,2.07977,1.96293,1.9863,181000.0
2020-08-03,1.96293,2.07977,1.96293,2.0096700000000003,721504.0
2020-08-04,1.9863,2.12651,1.96293,2.0096700000000003,554000.0
2020-08-05,2.0096700000000003,2.07977,1.96293,1.9863,187600.0
2020-08-06,1.9863,1.9863,1.91619,1.96293,144477.0
2020-08-07,1.96293,1.9863,1.89282,1.93956,119113.0
2020-08-10,1.93956,2.0096700000000003,1.93956,1.93956,152300.0
2020-08-11,1.93956,1.9863,1.91619,1.93956,111710.0
2020-08-12,1.93956,1.9863,1.91619,1.9863,109848.0
2020-08-13,1.9863,2.0564,1.96293,2.03303,190177.0
2020-08-14,2.03303,2.03303,1.9863,2.0096700000000003,102392.0
2020-08-17,1.9863,2.0096700000000003,1.89282,1.9863,141421.0
2020-08-18,1.96293,1.96293,1.89282,1.89282,92600.0
2020-08-19,1.89282,2.0096700000000003,1.89282,1.9863,193410.0
2020-08-20,1.9863,2.07977,1.9863,2.0096700000000003,207032.0
2020-08-21,2.0096700000000003,2.10314,2.0096700000000003,2.0564,154237.0
2020-08-24,2.07977,2.10314,2.0564,2.07977,206200.0
2020-08-25,2.07977,2.10314,2.03303,2.03303,180020.0
2020-08-26,2.03303,2.07977,2.03303,2.0564,124594.0
2020-08-27,2.0564,2.24335,2.0564,2.24335,939930.0
2020-08-28,2.26672,2.4536599999999997,2.26672,2.40693,681308.0
2020-08-31,2.38356,2.59387,2.38356,2.40693,375830.0
2020-09-01,2.3601900000000002,2.40693,2.31345,2.3368200000000003,256584.0
2020-09-03,2.3368200000000003,2.4536599999999997,2.3368200000000003,2.43029,409527.0
2020-09-04,2.40693,2.66398,2.3601900000000002,2.66398,739824.0
2020-09-07,2.6873400000000003,2.92103,2.6873400000000003,2.92103,1106973.0
2020-09-08,3.03787,3.0846,2.7808200000000003,2.92103,1109266.0
2020-09-09,2.94439,2.96776,2.87429,2.92103,532757.0
2020-09-10,2.92103,3.10797,2.92103,2.96776,721239.0
2020-09-11,2.94439,2.94439,2.7808200000000003,2.87429,877705.0
2020-09-14,2.87429,2.96776,2.8041799999999997,2.96776,873183.0
2020-09-15,2.96776,3.0846,2.82755,3.03787,1141988.0
2020-09-16,3.03787,3.06123,2.85092,3.03787,1413556.0
2020-09-17,3.03787,3.03787,2.85092,2.94439,1497019.0
2020-09-18,2.94439,2.96776,2.82755,2.82755,1473250.0
2020-09-21,2.82755,2.92103,2.8041799999999997,2.82755,592200.0
2020-09-22,2.85092,2.85092,2.73408,2.82755,899924.0
2020-09-23,2.82755,2.8976599999999997,2.8041799999999997,2.85092,369900.0
2020-09-24,2.85092,2.85092,2.75745,2.82755,473695.0
2020-09-25,2.82755,2.82755,2.75745,2.8041799999999997,391186.0
2020-09-28,2.8041799999999997,2.8041799999999997,2.6873400000000003,2.75745,411216.0
2020-09-29,2.75745,2.8041799999999997,2.73408,2.75745,480357.0
2020-09-30,2.75745,2.7808200000000003,2.71071,2.7808200000000003,309374.0
2020-10-01,2.7808200000000003,3.03787,2.7808200000000003,3.03787,1266408.0
2020-10-02,3.03787,3.10797,2.82755,3.0145,1206636.0
2020-10-05,3.0145,3.2481799999999996,3.0145,3.2248099999999997,1054400.0
2020-10-06,3.2248099999999997,3.31828,3.1313400000000002,3.2949200000000003,990100.0
2020-10-07,3.2949200000000003,3.2949200000000003,3.1313400000000002,3.17808,1033200.0
2020-10-08,3.17808,3.20144,3.03787,3.0846,717600.0
2020-10-09,3.0846,3.2715500000000004,3.0846,3.2481799999999996,1496500.0
2020-10-12,3.2949200000000003,3.41176,3.2248099999999997,3.2715500000000004,1275000.0
2020-10-13,3.2949200000000003,3.31828,3.17808,3.2481799999999996,995000.0
2020-10-14,3.2715500000000004,3.31828,3.15471,3.17808,991600.0
2020-10-15,3.20144,3.2481799999999996,3.10797,3.15471,1196800.0
2020-10-16,3.15471,3.20144,3.03787,3.10797,776100.0
2020-10-19,3.10797,3.15471,2.99113,3.0145,817600.0
2020-10-20,3.0145,3.0145,2.73408,2.82755,1117700.0
2020-10-21,2.82755,3.0145,2.82755,2.8976599999999997,589300.0
2020-10-22,2.8976599999999997,2.94439,2.82755,2.92103,642600.0
2020-10-23,2.92103,2.96776,2.8976599999999997,2.94439,577300.0
2020-10-26,2.94439,2.94439,2.82755,2.85092,615900.0
2020-10-27,2.85092,2.85092,2.66398,2.66398,1015900.0
2020-10-28,2.64061,2.6873400000000003,2.5705,2.66398,812800.0
2020-10-29,2.6873400000000003,2.92103,2.66398,2.92103,1583400.0
2020-10-30,2.94439,3.20144,2.92103,3.20144,1554100.0
2020-11-02,3.2248099999999997,3.2715500000000004,3.20144,3.2248099999999997,911000.0
2020-11-03,3.2248099999999997,3.2481799999999996,3.0846,3.20144,680000.0
2020-11-04,3.20144,3.38839,3.20144,3.36502,1249200.0
2020-11-05,3.36502,3.43513,3.31828,3.34165,1147900.0
2020-11-06,3.34165,3.41176,3.2949200000000003,3.34165,854400.0
2020-11-09,3.34165,3.66881,3.34165,3.66881,2281900.0
2020-11-10,3.6454400000000002,3.69218,3.41176,3.48186,2470400.0
2020-11-11,3.45849,3.48186,3.2715500000000004,3.41176,1917000.0
2020-11-12,3.41176,3.55197,3.34165,3.43513,2091800.0
2020-11-13,3.43513,3.48186,3.34165,3.48186,2423100.0
2020-11-16,3.48186,3.50523,3.2481799999999996,3.38839,4577800.0
2020-11-17,3.38839,3.6454400000000002,3.38839,3.6220700000000003,3677400.0
2020-11-18,3.6220700000000003,3.71554,3.50523,3.66881,3338100.0
2020-11-19,3.6220700000000003,3.7389099999999997,3.5987,3.69218,4166600.0
2020-11-20,3.69218,3.71554,3.5987,3.66881,3772200.0
2020-11-23,3.66881,4.01933,3.5987,4.01933,6428700.0
2020-11-24,4.01933,4.253010000000001,3.90249,4.08944,5831800.0
2020-11-25,4.08944,4.229640000000001,3.9725900000000003,3.9725900000000003,4482900.0
2020-11-26,3.9725900000000003,3.9725900000000003,3.80902,3.80902,2925600.0
2020-11-27,3.80902,3.92586,3.78565,3.90249,2632900.0
2020-11-30,3.87912,3.92586,3.7389099999999997,3.78565,3514900.0
2020-12-01,3.78565,3.87912,3.6454400000000002,3.85575,3284900.0
2020-12-02,3.85575,4.08944,3.8323899999999997,4.08944,2721400.0
2020-12-03,4.08944,4.46333,4.08944,4.29975,5088900.0
2020-12-04,4.29975,4.39322,4.15954,4.253010000000001,3850500.0
2020-12-07,4.253010000000001,4.39322,4.20628,4.2763800000000005,4218100.0
2020-12-08,4.2763800000000005,4.34649,4.20628,4.32312,3121800.0
2020-12-09,4.32312,4.46333,4.32312,4.41659,4545100.0
2020-12-10,4.41659,4.673640000000001,4.39322,4.43996,4930600.0
2020-12-11,4.43996,4.697010000000001,4.41659,4.673640000000001,3781679.0
2020-12-14,4.650270000000001,5.117640000000001,4.650270000000001,5.04753,3987500.0
2020-12-15,5.04753,5.04753,4.7203800000000005,4.86059,5432469.0
2020-12-16,4.83722,4.88395,4.650270000000001,4.74375,4331675.0
2020-12-17,4.7203800000000005,4.88395,4.58017,4.79048,3883124.0
2020-12-18,4.81385,5.25785,4.76711,5.25785,4593334.0
2020-12-21,5.25785,5.67847,5.117640000000001,5.5149,5154005.0
2020-12-22,5.49153,6.052359999999999,5.28121,6.052359999999999,4538794.0
2020-12-23,6.075729999999999,6.075729999999999,5.53826,5.585,3267893.0
2020-12-24,5.5149,5.53826,5.04753,5.28121,5878802.0
2020-12-25,5.25785,5.72521,5.141,5.44479,3335399.0
2020-12-28,5.44479,5.67847,5.351319999999999,5.374689999999999,2873607.0
2021-01-08,5.69016,5.69016,5.69016,5.69016,484900.0
2021-01-11,5.88879,5.91216,5.70184,5.7836300000000005,3365300.0
2021-01-12,5.7836300000000005,5.90047,5.69016,5.86542,3057600.0
2021-01-13,5.86542,5.86542,5.69016,5.7719499999999995,3205600.0
2021-01-14,5.7719499999999995,5.8771,5.60837,5.86542,3526300.0
2021-01-15,6.01731,6.27436,5.93552,6.27436,5288100.0
2021-01-18,6.42626,6.70667,6.3911999999999995,6.70667,6137300.0
2021-01-19,6.75341,6.75341,6.239310000000001,6.3211,5344700.0
2021-01-20,6.239310000000001,6.3561499999999995,5.88879,6.3561499999999995,5723500.0
2021-01-21,6.36784,6.472989999999999,6.30942,6.4496199999999995,3763100.0
2021-01-22,6.46131,6.519729999999999,6.2042600000000006,6.33278,4398900.0
2021-01-25,6.36784,6.36784,5.95889,6.12247,3178300.0
2021-01-26,6.19257,6.19257,5.72521,5.7836300000000005,2428400.0
2021-01-27,5.7836300000000005,5.86542,5.38637,5.38637,3007400.0
2021-01-28,5.012479999999999,5.0709,5.012479999999999,5.012479999999999,1943500.0
2021-01-29,4.66196,5.363,4.66196,5.363,2202500.0
2021-02-01,5.42142,5.62005,5.3279499999999995,5.351319999999999,3911900.0
2021-02-02,5.39806,5.70184,5.25785,5.70184,3864300.0
2021-02-03,5.72521,6.0991,5.70184,6.0991,3050000.0
2021-02-04,6.12247,6.180890000000001,5.95889,6.029,2448200.0
2021-02-05,6.052359999999999,6.08742,5.95889,6.075729999999999,1692100.0
2021-02-08,6.0991,6.157520000000001,5.8186800000000005,5.90047,3073900.0
2021-02-09,5.91216,6.157520000000001,5.88879,6.11079,2844400.0
2021-02-17,6.14584,6.28605,6.14584,6.25099,1982400.0
2021-02-18,6.25099,6.2626800000000005,6.075729999999999,6.0991,1920000.0
2021-02-19,6.075729999999999,6.519729999999999,5.97058,6.519729999999999,6433800.0
2021-02-22,6.624890000000001,6.97541,6.6132,6.97541,6571700.0
2021-02-23,7.01046,7.45446,6.8468800000000005,7.45446,7911200.0
2021-02-24,7.45446,7.45446,7.02215,7.08057,5647000.0
2021-02-25,7.11562,7.5713,6.99878,7.5713,5007600.0
2021-02-26,7.559609999999999,8.09708,7.46614,8.09708,7261900.0
2021-03-01,8.13213,8.20224,7.7115100000000005,7.98024,4637500.0
2021-03-02,8.03866,8.225610000000001,7.688140000000001,8.225610000000001,5252900.0
2021-03-03,8.29571,8.798129999999999,8.21392,8.798129999999999,8186500.0
2021-03-04,8.87992,9.04349,8.611180000000001,9.04349,6189500.0
2021-03-05,9.07855,9.394020000000001,8.634549999999999,9.38233,8436100.0
2021-03-08,9.41739,9.58096,9.31223,9.394020000000001,8958000.0
2021-03-09,9.37065,9.405700000000001,8.739709999999999,8.77476,7942400.0
2021-03-10,8.76308,8.77476,8.33076,8.41255,6086300.0
2021-03-11,8.459290000000001,8.49434,8.17887,8.47097,6155700.0
2021-03-12,8.49434,9.05518,8.43592,9.05518,8782600.0
2021-03-15,9.07855,9.68612,9.06686,9.68612,8765500.0
2021-03-16,9.68612,9.68612,9.00844,9.1136,7723600.0
2021-03-17,9.1136,9.23044,8.868229999999999,9.07855,7192500.0
2021-03-18,9.10192,9.13697,8.62287,8.72802,7047300.0
2021-03-19,8.72802,8.72802,8.17887,8.42424,9668100.0
2021-03-22,8.447610000000001,8.459290000000001,8.06203,8.31908,8022600.0
2021-03-23,8.31908,8.31908,7.78161,7.95687,7267200.0
2021-03-24,7.84003,7.85172,7.40772,7.43109,8392300.0
2021-03-25,7.43109,7.945189999999999,7.03383,7.8984499999999995,12478600.0
2021-03-26,7.8984499999999995,7.8984499999999995,7.3493,7.7115100000000005,6447200.0
2021-03-29,7.72319,7.72319,7.46614,7.48951,5481100.0
2021-03-30,7.2908800000000005,7.3493,6.97541,7.01046,9769200.0
2021-03-31,7.01046,7.43109,6.7651,7.23246,7887000.0
2021-04-01,7.244140000000001,7.501189999999999,7.20909,7.46614,4302000.0
2021-04-02,7.48951,7.53625,7.1273,7.31425,5286200.0
2021-04-05,7.31425,7.3259300000000005,7.03383,7.244140000000001,6614800.0
2021-04-06,7.15067,7.2908800000000005,6.99878,7.18572,6179300.0
2021-04-07,7.18572,7.20909,7.01046,7.19741,4532800.0
2021-04-08,7.19741,7.36098,7.19741,7.33762,5598200.0
2021-04-09,7.267510000000001,7.36098,7.20909,7.302560000000001,3767800.0
2021-04-12,7.267510000000001,7.302560000000001,7.1273,7.2207799999999995,5260300.0
2021-04-13,7.17404,7.18572,6.89362,7.01046,6634600.0
2021-04-14,6.94036,7.09225,6.9053,7.03383,5198900.0
2021-04-15,7.03383,7.04551,6.8351999999999995,6.8351999999999995,5152100.0
2021-04-16,6.77678,6.858569999999999,6.53141,6.73004,5691000.0
2021-04-19,6.73004,6.92867,6.6132,6.91699,4975200.0
2021-04-20,6.92867,7.03383,6.8351999999999995,6.91699,4819700.0
2021-04-22,6.89362,7.39604,6.82352,7.39604,17688000.0
2021-04-23,7.39604,7.91014,7.38435,7.91014,13639700.0
2021-04-26,7.921819999999999,8.17887,7.81666,8.02698,11024800.0
2021-04-27,7.84003,8.21392,7.60635,8.19056,15593000.0
2021-04-28,8.14382,8.24898,7.93351,7.93351,10243700.0
2021-04-29,7.921819999999999,8.13213,7.69982,7.96856,10145700.0
2021-05-04,7.7115100000000005,7.7115100000000005,7.4193999999999996,7.4193999999999996,9321700.0
2021-05-05,7.25583,7.2791999999999994,6.98709,7.01046,9117300.0
2021-05-06,7.02215,7.19741,6.99878,7.06888,4035100.0
2021-05-07,7.06888,7.302560000000001,7.06888,7.15067,8000900.0
2021-05-10,7.15067,7.19741,6.98709,7.03383,8264100.0
2021-05-11,7.04551,7.0572,6.77678,6.87025,6543800.0
2021-05-12,6.77678,6.8001499999999995,6.53141,6.67162,7616100.0
2021-05-13,6.67162,6.67162,6.50804,6.50804,6372000.0
2021-05-14,6.50804,6.75341,6.50804,6.543100000000001,4570100.0
2021-05-17,6.566470000000001,6.624890000000001,6.19257,6.2042600000000006,6786900.0
2021-05-18,6.12247,6.19257,5.795310000000001,5.85374,8274700.0
2021-05-19,6.00563,6.16921,5.93552,6.157520000000001,2730500.0
2021-05-20,6.16921,6.55478,6.16921,6.519729999999999,4843800.0
2021-05-21,6.27436,6.519729999999999,6.239310000000001,6.2626800000000005,2543300.0
2021-05-24,6.30942,6.3561499999999995,6.08742,6.3561499999999995,4417700.0
2021-05-25,6.30942,6.3561499999999995,6.19257,6.3561499999999995,3197200.0
2021-05-26,6.2626800000000005,6.50804,6.19257,6.40289,4350300.0
2021-05-27,6.40289,6.414569999999999,6.14584,6.19257,2410800.0
2021-05-28,6.19257,6.28605,6.08742,6.28605,5169000.0
2021-05-31,6.30942,6.71836,6.30942,6.71836,8932500.0
2021-06-01,6.858569999999999,7.18572,6.858569999999999,7.10393,6575100.0
2021-06-02,6.8351999999999995,7.23246,6.8001499999999995,7.17404,6074400.0
2021-06-03,7.2207799999999995,7.65309,7.2207799999999995,7.54793,8538100.0
2021-06-04,7.59467,7.65309,7.03383,7.244140000000001,8296300.0
2021-06-07,7.302560000000001,7.31425,6.77678,6.98709,7282300.0
2021-06-08,6.89362,6.92867,6.50804,6.50804,6156400.0
2021-06-09,6.3561499999999995,6.74173,6.075729999999999,6.42626,7420500.0
2021-06-10,6.42626,6.58983,6.28605,6.3211,3648800.0
2021-06-11,6.543100000000001,6.58983,6.33278,6.48468,3401400.0
2021-06-14,6.48468,6.7651,6.36784,6.601520000000001,5030000.0
2021-06-15,6.601520000000001,6.77678,6.601520000000001,6.64825,3361600.0
2021-06-16,6.67162,6.75341,6.543100000000001,6.601520000000001,2770700.0
2021-06-17,6.519729999999999,6.58983,6.42626,6.55478,2789300.0
2021-06-18,6.57815,6.73004,6.57815,6.65994,2982600.0
2021-06-21,6.69499,7.11562,6.6833100000000005,7.03383,6626500.0
2021-06-22,7.16235,7.244140000000001,6.92867,6.94036,3561500.0
2021-06-23,6.91699,7.0572,6.77678,6.81183,2892300.0
2021-06-24,6.858569999999999,6.87025,6.75341,6.75341,2393700.0
2021-06-25,6.8468800000000005,6.99878,6.6833100000000005,6.91699,3209600.0
2021-06-28,7.09225,7.1273,6.8468800000000005,6.8468800000000005,5324200.0
2021-06-29,6.8468800000000005,6.95204,6.71836,6.74173,5649700.0
2021-06-30,6.69499,6.73004,6.601520000000001,6.601520000000001,3996000.0
2021-07-01,6.58983,6.8001499999999995,6.496359999999999,6.65994,5020900.0
2021-07-02,6.75341,6.77678,6.58983,6.64825,4438300.0
2021-07-05,6.63657,6.64825,6.42626,6.48468,4191300.0
2021-07-06,6.472989999999999,6.472989999999999,6.052359999999999,6.052359999999999,6419500.0
2021-07-07,6.052359999999999,6.19257,5.67847,6.19257,4765200.0
2021-07-08,6.21594,6.21594,5.95889,5.98226,1895500.0
2021-07-09,5.84205,5.95889,5.585,5.60837,4080500.0
2021-07-12,5.39806,5.47984,5.22279,5.22279,3111200.0
2021-07-13,5.23448,5.26953,4.86059,5.0008,4779200.0
2021-07-14,5.05922,5.26953,4.9073199999999995,5.08258,3629000.0
2021-07-15,5.08258,5.25785,5.04753,5.21111,1965600.0
2021-07-16,5.21111,5.25785,5.10595,5.16437,2014500.0
2021-07-19,4.83722,4.97743,4.81385,4.81385,3186400.0
2021-07-20,4.60354,4.83722,4.4867,4.80217,5155200.0
2021-07-21,4.9073199999999995,4.9073199999999995,4.697010000000001,4.76711,2020900.0
2021-07-22,4.76711,4.80217,4.60354,4.7554300000000005,2540300.0
2021-07-23,4.7554300000000005,5.08258,4.673640000000001,5.08258,6588500.0
2021-07-26,5.04753,5.30458,4.965739999999999,5.25785,2708300.0
2021-07-27,5.25785,5.31627,5.117640000000001,5.16437,2631900.0
2021-07-28,5.0709,5.141,5.02416,5.0709,3066400.0
2021-07-29,5.094270000000001,5.141,5.012479999999999,5.0709,1452600.0
2021-07-30,5.094270000000001,5.30458,5.03585,5.18774,2662100.0
2021-08-02,5.18774,5.19943,5.0709,5.117640000000001,2118400.0
2021-08-03,5.094270000000001,5.141,5.02416,5.094270000000001,2231900.0
2021-08-04,5.141,5.24616,5.094270000000001,5.1760600000000005,3005700.0
2021-08-05,5.141,5.31627,5.10595,5.31627,3645100.0
2021-08-06,5.374689999999999,5.585,5.374689999999999,5.42142,3358100.0
2021-08-09,5.351319999999999,5.56163,5.3396300000000005,5.50321,2400800.0
2021-08-10,5.5149,5.53826,5.39806,5.49153,3205200.0
2021-08-11,5.49153,5.49153,5.38637,5.38637,2819400.0
2021-08-12,5.2928999999999995,5.374689999999999,5.28121,5.30458,3052200.0
2021-08-13,5.30458,5.30458,5.16437,5.25785,3284600.0
2021-08-16,5.42142,5.62005,5.38637,5.62005,5670200.0
2021-08-17,5.84205,5.86542,5.67847,5.74858,5228900.0
2021-08-18,5.67847,6.14584,5.63174,6.14584,7827200.0
2021-08-19,6.22763,6.566470000000001,6.21594,6.566470000000001,6117800.0
2021-08-20,7.01046,7.02215,6.566470000000001,6.89362,13701800.0
2021-08-23,6.89362,7.2908800000000005,6.89362,7.19741,7469900.0
2021-08-24,7.2207799999999995,7.36098,6.69499,6.69499,10549500.0
2021-08-25,6.65994,6.65994,6.2626800000000005,6.4496199999999995,4966000.0
2021-08-26,6.4496199999999995,6.6833100000000005,6.14584,6.14584,4204000.0
2021-08-27,6.14584,6.566470000000001,5.993939999999999,6.566470000000001,6261900.0
2021-08-30,6.82352,6.8468800000000005,6.6833100000000005,6.70667,4240500.0
2021-08-31,6.70667,6.70667,6.42626,6.42626,6082500.0
2021-09-01,6.33278,6.3911999999999995,6.28605,6.30942,6641500.0
2021-09-06,6.3211,6.53141,6.25099,6.25099,10275300.0
2021-09-07,6.6740200000000005,6.6740200000000005,6.6740200000000005,6.6740200000000005,611600.0
2021-09-08,7.13114,7.13114,7.13114,7.13114,1466200.0
2021-09-09,7.569979999999999,7.5882700000000005,6.9665799999999996,7.1677100000000005,11534500.0
2021-09-10,7.186,7.222569999999999,7.13114,7.1677100000000005,2800000.0
2021-09-13,7.13114,7.149430000000001,6.93001,6.94829,3034700.0
2021-09-14,6.8203000000000005,6.85687,6.6923,6.72887,3646600.0
2021-09-15,6.58259,6.91172,6.58259,6.87515,3261400.0
2021-09-16,6.91172,6.984859999999999,6.8203000000000005,6.89344,1600200.0
2021-09-17,7.1128599999999995,7.24085,7.00315,7.1128599999999995,3209400.0
2021-09-20,7.186,7.24085,6.91172,6.94829,3003400.0
2021-09-21,6.80201,6.91172,6.71059,6.80201,2809700.0
2021-09-22,6.80201,6.87515,6.71059,6.8203000000000005,2208700.0
2021-09-23,6.87515,7.09457,6.76544,6.85687,3411700.0
2021-09-24,6.85687,6.984859999999999,6.8203000000000005,6.8203000000000005,1656200.0
2021-09-27,6.8203000000000005,6.91172,6.54602,6.54602,2627100.0
2021-09-28,6.436310000000001,6.637449999999999,6.36317,6.58259,2096800.0
2021-09-29,6.58259,6.58259,6.41803,6.47288,1358800.0
2021-09-30,6.50945,6.61916,6.50945,6.54602,1014300.0
2021-10-01,6.436310000000001,6.54602,6.436310000000001,6.4546,1558200.0
2021-10-04,6.47288,6.50945,6.34489,6.41803,2126400.0
2021-10-05,6.50945,6.76544,6.436310000000001,6.71059,2859900.0
2021-10-06,6.72887,6.783729999999999,6.60088,6.60088,1617900.0
2021-10-07,6.60088,6.6923,6.564310000000001,6.61916,2201800.0
2021-10-08,6.655729999999999,6.6740200000000005,6.564310000000001,6.564310000000001,2797500.0
2021-10-11,6.58259,6.6740200000000005,6.564310000000001,6.6740200000000005,2766100.0
2021-10-12,6.6740200000000005,7.058,6.6740200000000005,6.91172,5453700.0
2021-10-13,6.94829,7.0214300000000005,6.8203000000000005,6.83858,2204300.0
2021-10-14,6.80201,6.93001,6.80201,6.87515,2088500.0
2021-10-15,6.91172,6.93001,6.80201,6.83858,2432900.0
2021-10-18,6.87515,7.3139899999999995,6.87515,7.3139899999999995,9036800.0
2021-10-19,7.53341,7.77112,7.40542,7.51513,5930400.0
2021-10-20,7.51513,7.66141,7.24085,7.46027,5213100.0
2021-10-21,7.46027,7.60655,7.33228,7.53341,3616900.0
2021-10-22,7.60655,7.84426,7.60655,7.75283,5327500.0
2021-10-25,7.899109999999999,7.899109999999999,7.60655,7.60655,3899500.0
2021-10-26,7.51513,7.697979999999999,7.350560000000001,7.5882700000000005,3024200.0
2021-10-27,7.60655,7.66141,7.49684,7.64312,3964900.0
2021-10-28,7.67969,7.9356800000000005,7.66141,7.82597,5384200.0
2021-10-29,8.00882,8.155100000000001,7.86254,8.11853,6828700.0
2021-11-01,8.337950000000001,8.68537,8.24653,8.68537,6836500.0
2021-11-02,8.84993,9.215629999999999,8.77679,9.1242,6413900.0
2021-11-03,9.32534,9.38019,8.77679,8.77679,10187100.0
2021-11-04,8.84993,9.38019,8.77679,9.38019,6943200.0
2021-11-05,9.691040000000001,9.782459999999999,9.38019,9.56304,6058200.0
2021-11-08,9.691040000000001,10.2213,9.617899999999999,10.2213,7619100.0
2021-11-09,10.42244,10.715,10.23959,10.641860000000001,8639800.0
2021-11-10,10.97099,10.97099,10.641860000000001,10.916129999999999,3786000.0
2021-11-11,10.78814,11.19041,10.25787,10.82471,8962800.0
2021-11-12,10.82471,10.86128,10.276159999999999,10.587,7145200.0
2021-11-15,10.97099,11.3184,10.60529,11.300120000000001,7153000.0
2021-11-16,11.28183,11.28183,10.78814,11.04413,4872600.0
2021-11-17,11.04413,11.40983,10.78814,11.0807,5930500.0
2021-11-18,11.33669,11.84867,11.15384,11.84867,8159800.0
2021-11-19,12.43379,12.67149,11.15384,12.397219999999999,11810000.0
2021-11-22,12.452069999999999,12.94577,11.70239,11.70239,10174200.0
2021-11-23,11.55611,12.1778,10.97099,12.06809,9378000.0
2021-11-24,12.61664,12.68978,12.06809,12.06809,7637300.0
2021-11-25,11.62925,12.43379,11.446399999999999,12.25094,24712700.0
2021-11-26,12.43379,12.65321,12.104659999999999,12.269219999999999,11951600.0
2021-11-29,12.03152,13.11033,11.95838,13.11033,18524600.0
2021-11-30,13.38461,13.7503,13.11033,13.36632,9944400.0
2021-12-01,13.23833,13.67716,13.23833,13.38461,7696800.0
2021-12-02,13.38461,13.45775,13.092049999999999,13.18347,9421300.0
2021-12-03,13.20176,13.348040000000001,12.269219999999999,12.269219999999999,19976300.0
2021-12-06,11.921809999999999,12.1778,11.42811,11.42811,10707000.0
2021-12-07,11.42811,11.77553,10.82471,11.48297,12042700.0
2021-12-08,11.55611,11.59268,10.97099,10.97099,5292300.0
2021-12-09,10.82471,11.59268,10.69671,11.59268,5878300.0
2021-12-10,11.70239,11.994950000000001,11.610959999999999,11.72067,6849000.0
2021-12-13,11.75724,12.03152,11.59268,11.921809999999999,4516800.0
2021-12-14,11.994950000000001,12.4155,11.812100000000001,12.14123,7366200.0
2021-12-15,12.06809,12.159510000000001,11.70239,11.70239,5252600.0
2021-12-16,11.921809999999999,11.921809999999999,11.446399999999999,11.53782,5348800.0
2021-12-17,11.55611,11.84867,11.55611,11.84867,5746600.0
2021-12-20,11.994950000000001,12.23265,11.70239,11.921809999999999,5644900.0
2021-12-21,11.77553,12.03152,11.75724,11.84867,4247800.0
2021-12-22,11.84867,12.01323,11.33669,11.37326,7362800.0
2021-12-23,11.37326,11.48297,10.623569999999999,10.82471,8831100.0
2021-12-24,10.89785,11.15384,10.78814,11.04413,4223800.0
2021-12-27,11.793809999999999,11.793809999999999,11.22698,11.48297,2740200.0
2021-12-28,11.55611,11.55611,11.263549999999999,11.3184,4049900.0
2021-12-29,11.3184,11.55611,11.15384,11.3184,3358800.0
2021-12-30,11.40983,12.104659999999999,11.37326,12.104659999999999,8765100.0
2021-12-31,12.287510000000001,12.61664,12.06809,12.06809,5897900.0
2022-01-04,12.25094,12.43379,12.01323,12.1778,5597400.0
2022-01-05,12.21437,12.4155,12.08637,12.14123,6366800.0
2022-01-06,12.06809,12.159510000000001,11.84867,11.994950000000001,5728800.0
2022-01-07,11.921809999999999,12.79949,11.921809999999999,12.65321,9756900.0
2022-01-10,12.7812,13.01891,12.06809,12.06809,7506900.0
2022-01-11,12.36065,12.36065,11.70239,11.75724,5141000.0
2022-01-12,11.70239,12.06809,11.04413,11.70239,8295700.0
2022-01-13,11.70239,11.84867,11.0807,11.15384,5788000.0
2022-01-14,10.89785,11.519540000000001,10.82471,11.24526,4081800.0
2022-01-17,11.263549999999999,11.42811,10.459010000000001,10.459010000000001,9027000.0
2022-01-18,9.87389,10.166450000000001,9.72761,9.72761,7524200.0
2022-01-19,9.87389,10.093309999999999,9.617899999999999,9.782459999999999,3925700.0
2022-01-20,9.76418,10.166450000000001,9.72761,10.093309999999999,2883500.0
2022-01-21,10.166450000000001,10.2213,9.80075,9.80075,3217800.0
2022-01-24,9.54476,9.617899999999999,9.1242,9.1242,4290500.0
2022-01-25,8.55737,9.14249,8.55737,8.99621,4122700.0
2022-01-26,9.03278,9.2522,8.813360000000001,8.813360000000001,2905800.0
2022-01-27,8.813360000000001,9.1242,8.48423,9.10592,2352700.0
2022-01-28,9.215629999999999,9.45333,9.14249,9.435049999999999,2252500.0
2022-02-07,9.691040000000001,9.965309999999999,9.54476,9.910459999999999,2248000.0
2022-02-08,9.83732,9.87389,9.435049999999999,9.72761,1800800.0
2022-02-09,9.76418,10.11159,9.70932,9.94703,2543400.0
2022-02-10,9.94703,10.23959,9.8556,10.038450000000001,2517700.0
2022-02-11,10.11159,10.568719999999999,10.11159,10.36758,3019200.0
2022-02-14,10.3493,10.78814,10.166450000000001,10.38587,4594400.0
2022-02-15,10.31273,10.60529,10.093309999999999,10.331010000000001,1962800.0
2022-02-16,10.440719999999999,10.55043,10.36758,10.47729,1726800.0
2022-02-17,10.587,10.587,10.23959,10.31273,2616900.0
2022-02-18,10.20302,10.53215,10.11159,10.42244,3950800.0
2022-02-21,10.459010000000001,10.75157,10.42244,10.67843,6478300.0
2022-02-22,10.53215,10.587,10.166450000000001,10.166450000000001,5432000.0
2022-02-23,10.31273,10.31273,10.05674,10.2213,11564300.0
2022-02-24,10.947659999999999,10.947659999999999,10.32888,10.87627,10102200.0
2022-02-25,10.947659999999999,11.25706,10.733469999999999,11.090459999999998,5429100.0
2022-02-28,10.90007,11.042860000000001,10.82867,10.90007,3402300.0
2022-03-01,10.852469999999999,10.92387,10.733469999999999,10.78107,3497500.0
2022-03-02,10.709670000000001,10.78107,10.495479999999999,10.56688,3074800.0
2022-03-03,10.709670000000001,10.78107,10.51928,10.733469999999999,3011500.0
2022-03-04,10.82867,11.090459999999998,10.82867,10.90007,3146200.0
2022-03-07,10.90007,11.11426,10.78107,10.971459999999999,3942000.0
2022-03-08,10.804870000000001,11.23326,10.804870000000001,10.852469999999999,5297300.0
2022-03-09,10.947659999999999,11.090459999999998,10.709670000000001,10.87627,3590200.0
2022-03-10,11.11426,11.18566,10.90007,10.90007,2632100.0
2022-03-11,10.852469999999999,10.90007,10.51928,10.66207,3271200.0
2022-03-14,10.614469999999999,10.614469999999999,10.28128,10.376479999999999,2930400.0
2022-03-15,10.35268,10.614469999999999,10.35268,10.471680000000001,2096300.0
2022-03-16,10.614469999999999,10.66207,10.44788,10.495479999999999,1521000.0
2022-03-17,10.614469999999999,10.614469999999999,10.42408,10.44788,1847600.0
2022-03-18,10.56688,11.01906,10.42408,10.852469999999999,6473500.0
2022-03-21,10.971459999999999,11.090459999999998,10.92387,10.947659999999999,6300400.0
2022-03-22,10.99526,11.13806,10.90007,11.042860000000001,8792400.0
2022-03-23,11.11426,11.51885,10.971459999999999,11.42365,12810000.0
2022-03-24,11.495049999999999,11.68544,11.39985,11.39985,5437000.0
2022-03-25,11.37605,11.39985,11.18566,11.18566,5643300.0
2022-03-28,10.971459999999999,11.06666,10.54308,10.56688,9281200.0
2022-03-29,10.804870000000001,11.18566,10.733469999999999,11.06666,4009400.0
2022-03-30,10.90007,11.11426,10.56688,10.709670000000001,3858500.0
2022-03-31,10.804870000000001,11.090459999999998,10.709670000000001,10.733469999999999,2993300.0
2022-04-01,10.852469999999999,10.947659999999999,10.685870000000001,10.947659999999999,2937200.0
2022-04-04,11.13806,11.70924,11.042860000000001,11.614040000000001,12005800.0
2022-04-05,11.47125,11.87584,11.32845,11.37605,6667400.0
2022-04-06,10.92387,11.18566,10.59068,10.75727,14836200.0
2022-04-07,10.75727,10.92387,10.28128,10.42408,8841500.0
2022-04-08,10.376479999999999,10.42408,9.7101,9.7101,12119200.0
2022-04-12,9.7101,9.97189,9.21032,9.8291,5637900.0
2022-04-13,9.7101,10.32888,9.32931,10.233690000000001,4040900.0
2022-04-14,10.28128,10.28128,9.61491,9.61491,3609700.0
2022-04-15,9.400709999999998,9.51971,8.94853,8.94853,5245200.0
2022-04-18,8.662930000000001,8.85333,8.32974,8.32974,5405600.0
2022-04-19,8.305950000000001,8.52014,7.75856,7.85376,3888900.0
2022-04-20,7.85376,8.04415,7.520569999999999,7.56817,3262200.0
2022-04-21,7.04458,7.78236,7.04458,7.377770000000001,7428700.0
2022-04-22,7.520569999999999,7.7347600000000005,7.13978,7.28258,3169700.0
2022-04-25,7.377770000000001,7.496770000000001,6.78279,6.78279,3258000.0
2022-04-26,6.5686,7.18738,6.425800000000001,7.18738,4433000.0
2022-04-27,7.234979999999999,7.377770000000001,7.06838,7.234979999999999,2066000.0
2022-04-28,7.18738,7.377770000000001,7.13978,7.16358,2946600.0
2022-04-29,7.13978,7.47297,6.996989999999999,7.377770000000001,4248100.0
2022-05-04,7.234979999999999,7.377770000000001,7.13978,7.16358,2507100.0
2022-05-05,7.28258,7.377770000000001,7.09218,7.13978,2872100.0
2022-05-06,6.735189999999999,6.996989999999999,6.64,6.64,4426600.0
2022-05-09,6.425800000000001,6.425800000000001,6.187810000000001,6.187810000000001,4234300.0
2022-05-10,5.75942,6.187810000000001,5.75942,5.94982,6333400.0
2022-05-11,6.04501,6.09261,5.7118199999999995,5.94982,2434000.0
2022-05-12,5.902220000000001,6.0212200000000005,5.545229999999999,5.545229999999999,3386300.0
2022-05-13,5.4738299999999995,5.61663,5.16444,5.16444,5848300.0
2022-05-16,5.378640000000001,5.5214300000000005,5.2358400000000005,5.2358400000000005,4978000.0
2022-05-17,5.14064,5.59283,5.14064,5.59283,3380500.0
2022-05-18,5.85462,5.9736199999999995,5.75942,5.9736199999999995,5256700.0
2022-05-19,5.7118199999999995,6.16401,5.7118199999999995,6.0212200000000005,9725200.0
2022-05-20,6.14021,6.28301,5.94982,6.04501,7018500.0
2022-05-23,6.06881,6.11641,5.64043,5.6880299999999995,8774600.0
2022-05-24,5.66423,5.73562,5.33104,5.7118199999999995,8148300.0
2022-05-25,5.75942,6.09261,5.75942,6.09261,9662200.0
2022-05-26,6.187810000000001,6.425800000000001,6.09261,6.187810000000001,10277600.0
2022-05-27,6.187810000000001,6.28301,6.09261,6.211609999999999,6687700.0
2022-05-30,6.187810000000001,6.3782,6.14021,6.23541,7516100.0
2022-05-31,6.187810000000001,6.28301,6.06881,6.23541,7675900.0
2022-06-01,6.23541,6.3068100000000005,6.0212200000000005,6.16401,6240800.0
2022-06-02,6.16401,6.28301,5.99742,6.04501,8794000.0
2022-06-03,5.99742,6.14021,5.8070200000000005,5.9736199999999995,6727000.0
2022-06-06,5.9736199999999995,6.06881,5.75942,5.75942,7560400.0
2022-06-07,5.7118199999999995,5.75942,5.426229999999999,5.61663,7556600.0
2022-06-08,5.7118199999999995,5.99742,5.6880299999999995,5.92602,6285300.0
2022-06-09,5.99742,6.04501,5.92602,5.94982,5010900.0
2022-06-10,5.85462,6.09261,5.78322,5.87842,8666500.0
2022-06-13,5.56903,5.75942,5.4738299999999995,5.4738299999999995,8690300.0
2022-06-14,5.33104,5.49763,5.16444,5.2358400000000005,5356400.0
2022-06-15,5.35484,5.35484,4.878850000000001,4.878850000000001,8433700.0
2022-06-16,4.997850000000001,5.04545,4.5409,4.54566,7922100.0
2022-06-17,4.28387,4.45046,4.23151,4.23151,11650600.0
2022-06-20,4.18867,4.36003,3.9364,3.9364,6658600.0
2022-06-21,3.72221,4.17915,3.66985,3.85072,5787100.0
2022-06-22,4.04588,4.11727,3.99352,4.11727,6019100.0
2022-06-23,4.212470000000001,4.40287,4.14107,4.33147,4869100.0
2022-06-24,4.33147,4.4219,4.29815,4.34099,3895700.0
2022-06-27,4.36955,4.64086,4.33623,4.64086,4481600.0
2022-06-28,4.64086,4.74557,4.55042,4.57422,5032400.0
2022-06-29,4.498060000000001,4.6598999999999995,4.498060000000001,4.57422,4782600.0
2022-06-30,4.60754,4.68846,4.26007,4.26007,5308200.0
2022-07-01,4.28387,4.55518,4.26007,4.55518,7744800.0
2022-07-04,4.712260000000001,4.85505,4.66466,4.80745,7298300.0
2022-07-05,4.80745,4.997850000000001,4.66466,4.85505,8001300.0
2022-07-06,4.7313,4.92645,4.68846,4.74557,6736100.0
2022-07-07,4.75509,4.878850000000001,4.712260000000001,4.78365,4759200.0
2022-07-08,4.9026499999999995,5.04545,4.80745,4.997850000000001,6561700.0
2022-07-11,4.97405,5.06924,4.7360500000000005,4.80745,7088300.0
2022-07-12,4.85505,4.97405,4.78365,4.97405,5182100.0
2022-07-13,5.021649999999999,5.11684,4.95025,5.021649999999999,5916100.0
2022-07-14,4.97405,5.33104,4.95025,5.28344,9094100.0
2022-07-15,5.25964,5.378640000000001,5.21204,5.21204,7255600.0
2022-07-18,5.28344,5.4738299999999995,5.25964,5.378640000000001,7058600.0
2022-07-19,5.42892,5.47919,5.25298,5.3786499999999995,5876600.0
2022-07-20,5.47919,5.6802600000000005,5.42892,5.629989999999999,7581100.0
2022-07-21,5.57972,5.629989999999999,5.4540500000000005,5.50432,4772800.0
2022-07-22,5.52945,5.55459,5.3535200000000005,5.403779999999999,5315100.0
2022-07-25,5.3535200000000005,5.47919,5.22785,5.3535200000000005,6262100.0
2022-07-26,5.3535200000000005,5.3786499999999995,5.27811,5.30325,2811600.0
2022-07-27,5.20271,5.403779999999999,5.20271,5.3786499999999995,4017000.0
2022-07-28,5.50432,5.65512,5.42892,5.57972,7983100.0
2022-07-29,5.57972,5.6802600000000005,5.52945,5.57972,6276700.0
2022-08-01,5.629989999999999,5.956729999999999,5.57972,5.9316,11577400.0
2022-08-02,5.956729999999999,6.0824,5.85619,5.90646,8454100.0
2022-08-03,5.831060000000001,6.03213,5.80593,6.007,7512500.0
2022-08-04,6.208069999999999,6.208069999999999,5.956729999999999,6.03213,8897600.0
2022-08-05,5.981859999999999,6.434270000000001,5.981859999999999,6.434270000000001,12129200.0
2022-08-08,6.53481,6.786149999999999,6.48454,6.63534,13347000.0
2022-08-09,6.559939999999999,6.71075,6.48454,6.68561,8497200.0
2022-08-10,6.58508,6.83642,6.53481,6.68561,8531900.0
2022-08-11,6.83642,6.91182,6.35887,6.434270000000001,13368000.0
2022-08-12,6.434270000000001,6.86155,6.434270000000001,6.86155,16525400.0
2022-08-15,7.08775,7.18829,6.96208,6.987220000000001,11103400.0
2022-08-16,6.987220000000001,7.11289,6.91182,7.03749,6334300.0
2022-08-17,7.03749,7.18829,6.96208,7.03749,9177100.0
2022-08-18,6.987220000000001,7.31396,6.9369499999999995,7.2385600000000005,11684100.0
2022-08-19,7.2385600000000005,7.515029999999999,7.2385600000000005,7.364229999999999,11380600.0
2022-08-22,7.364229999999999,7.61557,7.28883,7.46476,11429800.0
2022-08-23,7.38936,7.54016,7.18829,7.54016,10857800.0
2022-08-24,7.565300000000001,7.6407,7.46476,7.515029999999999,9339500.0
2022-08-25,7.515029999999999,7.69097,7.4899,7.54016,9602300.0
2022-08-26,7.72612,7.80605,7.512989999999999,7.512989999999999,8237800.0
2022-08-29,7.27321,7.353140000000001,7.00679,7.353140000000001,14182900.0
2022-08-30,7.486350000000001,7.512989999999999,7.14,7.14,6384000.0
2022-08-31,7.03344,7.27321,6.98015,7.246569999999999,7019800.0
2022-09-05,7.246569999999999,7.353140000000001,7.14,7.14,4375100.0
2022-09-06,7.246569999999999,7.27321,6.9535100000000005,6.9535100000000005,8523300.0
2022-09-07,6.9535100000000005,7.03344,6.47396,6.5006,11008900.0
2022-09-08,6.60717,6.63381,6.36739,6.39403,8525900.0
2022-09-09,6.5006,6.55388,6.10097,6.55388,5845400.0
2022-09-12,6.66045,6.68709,6.42068,6.4473199999999995,2898060.0
2022-09-13,6.5006,6.5006,6.3141099999999994,6.39403,4063286.0
2022-09-14,6.180899999999999,6.60717,6.180899999999999,6.5805299999999995,6238967.0
2022-09-15,6.66045,6.66045,6.4473199999999995,6.4473199999999995,3884232.0
2022-09-16,6.39403,6.47396,6.180899999999999,6.36739,5889530.0
2022-09-19,6.3141099999999994,6.36739,5.94112,5.94112,6770912.0
2022-09-20,6.02105,6.12762,5.59478,6.12762,9656184.0
2022-09-21,6.10097,6.12762,5.88784,5.94112,4385657.0
2022-09-22,5.80791,6.15426,5.80791,6.07433,8014377.0
2022-09-23,6.10097,6.12762,5.8612,5.88784,7112337.0
2022-09-26,5.72799,5.78127,5.4882100000000005,5.5415,14772971.0
2022-09-27,5.62142,5.64806,5.355,5.38164,8137202.0
2022-09-28,5.32836,5.4882100000000005,5.30172,5.32836,8035671.0
2022-09-29,5.4882100000000005,5.51485,4.95538,4.95538,8212364.0
2022-09-30,4.92873,5.22179,4.68363,5.22179,9102336.0
2022-10-03,5.19515,5.21114,4.85947,4.85947,5929230.0
2022-10-04,4.98202,4.98202,4.59838,4.59838,9085806.0
2022-10-05,4.7156,4.91275,4.71027,4.90742,7694819.0
2022-10-06,4.90742,4.91275,4.566409999999999,4.566409999999999,11421037.0
2022-10-07,4.3213,4.51845,4.2520299999999995,4.2520299999999995,17162905.0
2022-10-10,4.04955,4.395899999999999,3.99094,4.32663,8507400.0
2022-10-11,4.31597,4.31597,4.028239999999999,4.028239999999999,6804645.0
2022-10-12,3.78314,4.257359999999999,3.78314,4.04955,10083796.0
2022-10-13,4.097510000000001,4.129479999999999,3.91635,3.94299,7762207.0
2022-10-14,4.20941,4.214729999999999,4.124149999999999,4.214729999999999,9874310.0
2022-10-17,4.214729999999999,4.42254,4.18809,4.42254,12928316.0
2022-10-18,4.57706,4.58239,4.40655,4.40655,11005728.0
2022-10-19,4.44918,4.4705,4.284,4.31064,7811708.0
2022-10-20,4.262689999999999,4.29999,4.1028400000000005,4.14546,7648444.0
2022-10-21,4.15612,4.17744,3.85773,3.85773,11967554.0
2022-10-24,3.85241,3.85773,3.59132,3.59132,10964668.0
2022-10-25,3.39417,3.83642,3.3408800000000003,3.51672,10958543.0
2022-10-26,3.59664,3.6712399999999996,3.35687,3.35687,4446011.0
2022-10-27,3.43679,3.59132,3.4101500000000002,3.59132,9407191.0
2022-10-28,3.75649,3.84175,3.72985,3.84175,16799109.0
2022-10-31,3.84175,4.04955,3.6819,3.99627,10669103.0
2022-11-01,4.0762,4.18809,4.01758,4.09218,12933594.0
2022-11-02,4.09218,4.129479999999999,3.9856100000000003,4.01758,8595121.0
2022-11-03,3.8897,4.07087,3.8897,4.01758,8332030.0
2022-11-04,3.99627,3.99627,3.74051,3.74051,13101019.0
2022-11-07,3.7458400000000003,3.8097800000000004,3.47942,3.47942,10235933.0
2022-11-08,3.35687,3.70854,3.33023,3.70854,7373050.0
2022-11-09,3.78314,3.8737199999999996,3.66591,3.72985,6037750.0
2022-11-10,3.62329,3.68723,3.46876,3.46876,5493252.0
2022-11-11,3.52205,3.6126300000000002,3.2503,3.2503,10414620.0
2022-11-14,3.14373,3.1597199999999996,3.02651,3.02651,13077466.0
2022-11-15,2.83469,2.92527,2.8186999999999998,2.8186999999999998,7870621.0
2022-11-16,2.62155,3.01585,2.62155,3.01585,15310380.0
2022-11-17,3.12775,3.2236599999999997,3.12242,3.2236599999999997,6044396.0
2022-11-18,3.2503,3.44745,3.04249,3.44745,19703872.0
2022-11-21,3.5433600000000003,3.66058,3.4261399999999997,3.62329,13188528.0
2022-11-22,3.57,3.8737199999999996,3.51139,3.64993,18312174.0
2022-11-23,3.59132,3.71387,3.43146,3.43146,9755183.0
2022-11-24,3.3994899999999997,3.6712399999999996,3.33023,3.6712399999999996,10821472.0
2022-11-25,3.8737199999999996,3.927,3.75649,3.927,13106225.0
2022-11-28,3.99627,4.134810000000001,3.7351799999999997,4.04955,34956453.0
2022-11-29,4.04955,4.31064,3.8790500000000003,4.124149999999999,18058263.0
2022-11-30,4.134810000000001,4.27867,3.99627,4.18809,15309770.0
2022-12-01,4.28933,4.4811499999999995,4.17211,4.262689999999999,24998072.0
2022-12-02,4.18276,4.55575,4.08685,4.55575,19027298.0
2022-12-05,4.74224,4.76355,4.53444,4.59305,21783386.0
2022-12-06,4.50779,4.59305,4.273350000000001,4.273350000000001,24709042.0
2022-12-07,4.2467,4.257359999999999,3.97496,3.97496,20639845.0
2022-12-08,4.08152,4.2520299999999995,4.07087,4.2520299999999995,18954428.0
2022-12-09,4.46517,4.51312,4.31597,4.50779,23669098.0
2022-12-12,4.58239,4.73158,4.20408,4.20408,21526190.0
2022-12-13,4.22006,4.49181,4.097510000000001,4.49181,15958668.0
2022-12-14,4.60903,4.62502,4.42254,4.486479999999999,14171729.0
2022-12-15,4.395899999999999,4.51845,4.27867,4.40655,12748452.0
2022-12-16,4.32663,4.46517,4.28933,4.42254,14018300.0
2022-12-19,4.47582,4.71027,4.41188,4.42254,25344011.0
2022-12-20,4.42254,4.4705,4.11349,4.11349,25570819.0
2022-12-21,4.20941,4.23072,3.8257600000000003,3.8257600000000003,20831543.0
2022-12-22,3.8897,3.91635,3.62861,3.83642,13231127.0
2022-12-23,3.8097800000000004,3.8790500000000003,3.6765700000000003,3.69788,8405679.0
2022-12-26,3.68723,3.69788,3.44212,3.44212,14374789.0
2022-12-27,3.40482,3.6819,3.3621999999999996,3.6819,10956520.0
2022-12-28,3.6765700000000003,3.71387,3.59132,3.62329,6317434.0
2022-12-29,3.58599,3.66591,3.5433600000000003,3.55935,5501083.0
2022-12-30,3.59664,3.6073000000000004,3.46343,3.46343,6528343.0
2023-01-03,3.4740900000000003,3.70321,3.46876,3.70321,9769952.0
2023-01-04,3.78314,3.88438,3.70854,3.70854,11720957.0
2023-01-05,3.76715,3.83109,3.6819,3.79912,9046096.0
2023-01-06,3.8151100000000002,3.91102,3.7351799999999997,3.7458400000000003,10141267.0
2023-01-09,3.79379,3.8097800000000004,3.75649,3.75649,7563003.0
2023-01-10,3.76715,3.78314,3.63394,3.72985,6651130.0
2023-01-11,3.77248,3.8897,3.75117,3.75117,8040366.0
2023-01-12,3.76182,3.83109,3.75649,3.8097800000000004,6749337.0
2023-01-13,3.8257600000000003,3.96963,3.8257600000000003,3.88438,14466690.0
2023-01-16,3.88438,3.90036,3.77781,3.86306,6769171.0
2023-01-17,3.8897,4.04955,3.86306,4.04955,10440257.0
2023-01-18,4.0762,4.097510000000001,3.98029,4.04955,10398905.0
2023-01-19,3.96963,4.14546,3.95897,4.129479999999999,14146983.0
2023-01-27,4.16678,4.33729,4.140140000000001,4.262689999999999,13362122.0
2023-01-30,4.262689999999999,4.28933,4.140140000000001,4.140140000000001,14738083.0
2023-01-31,4.140140000000001,4.20941,3.97496,4.20941,16708660.0
2023-02-01,4.257359999999999,4.284,3.91635,3.91635,20268481.0
2023-02-02,3.94299,3.96963,3.84708,3.86306,11011974.0
2023-02-03,3.8897,3.9483200000000003,3.84175,3.90569,7250550.0
2023-02-06,3.86306,4.04955,3.83642,4.04955,6367974.0
2023-02-07,4.04423,4.11349,3.89503,3.90569,10679657.0
2023-02-08,3.94299,4.0229099999999995,3.8683899999999998,3.9643,6537339.0
2023-02-09,3.96963,4.0229099999999995,3.927,3.95897,4457224.0
2023-02-10,3.94299,3.9643,3.8151100000000002,3.8151100000000002,7732947.0
2023-02-13,3.77781,3.77781,3.54869,3.54869,14994012.0
2023-02-14,3.57,3.61796,3.5433600000000003,3.6019699999999997,4066107.0
2023-02-15,3.57,3.71387,3.57,3.64993,5334188.0
2023-02-16,3.70321,3.83109,3.70321,3.8257600000000003,6315891.0
2023-02-17,3.78846,3.91635,3.78846,3.83109,7375327.0
2023-02-20,3.84175,4.0762,3.84175,4.07087,8206221.0
2023-02-21,4.129479999999999,4.134810000000001,3.96963,3.96963,8567434.0
2023-02-22,3.75649,3.8790500000000003,3.74051,3.7458400000000003,12583752.0
2023-02-23,3.72452,3.7351799999999997,3.55935,3.72985,12518068.0
2023-02-24,3.77248,3.77248,3.6126300000000002,3.6126300000000002,12661284.0
2023-02-27,3.55935,3.59132,3.5060599999999997,3.51672,12984465.0
2023-02-28,3.57,3.61796,3.50073,3.50073,7763234.0
2023-03-01,3.51672,3.68723,3.47942,3.68723,5214128.0
2023-03-02,3.7192,3.7192,3.61796,3.62329,3311540.0
2023-03-03,3.63394,3.6712399999999996,3.5433600000000003,3.5433600000000003,3257893.0
2023-03-06,3.59664,3.6765700000000003,3.59664,3.59664,2950142.0
2023-03-07,3.6019699999999997,3.6446,3.55935,3.6126300000000002,3622303.0
2023-03-08,3.57,3.65526,3.55935,3.64993,3791644.0
2023-03-09,3.66591,3.75649,3.66591,3.69788,7019160.0
2023-03-10,3.6712399999999996,3.6819,3.62861,3.62861,2472440.0
2023-03-13,3.58599,3.62329,3.55935,3.6073000000000004,5952479.0
2023-03-14,3.6126300000000002,3.6446,3.56467,3.58599,4709349.0
2023-03-15,3.7192,3.83642,3.6712399999999996,3.83642,15325871.0
2023-03-16,3.78314,3.8257600000000003,3.72985,3.72985,6494419.0
2023-03-17,3.78846,3.8790500000000003,3.7192,3.8790500000000003,9304052.0
2023-03-20,3.8151100000000002,3.82043,3.70854,3.70854,4900485.0
2023-03-21,3.78314,3.78314,3.6765700000000003,3.76182,2265612.0
2023-03-22,3.8044499999999997,3.8044499999999997,3.75649,3.75649,3043956.0
2023-03-23,3.70321,3.8044499999999997,3.70321,3.76715,5810427.0
2023-03-24,3.82043,3.91635,3.8151100000000002,3.8683899999999998,10338719.0
2023-03-27,3.8897,4.08685,3.88438,4.04423,16190858.0
2023-03-28,4.1188199999999995,4.17211,4.01226,4.03357,12695319.0
2023-03-29,4.0229099999999995,4.06554,3.96963,4.0389,7455567.0
2023-03-30,4.15079,4.15079,4.028239999999999,4.03357,10165985.0
2023-03-31,4.03357,4.15612,3.95364,4.1028400000000005,14386227.0
2023-04-03,4.284,4.284,4.214729999999999,4.284,14593430.0
2023-04-04,4.2946599999999995,4.41188,4.23072,4.395899999999999,17157612.0
2023-04-05,4.369260000000001,4.45984,4.32663,4.44385,10565270.0
2023-04-06,4.46517,4.5237799999999995,4.15612,4.20408,17196817.0
2023-04-07,4.22006,4.31597,4.18809,4.29999,16160009.0
2023-04-10,4.42254,4.51312,4.32663,4.34261,15163769.0
2023-04-11,4.33729,4.42254,4.2360500000000005,4.42254,14496642.0
2023-04-12,4.44385,4.44918,4.31064,4.31597,11060691.0
2023-04-13,4.3213,4.3479399999999995,4.18809,4.20941,16244049.0
2023-04-14,4.24138,4.257359999999999,3.99627,3.99627,17123646.0
2023-04-17,4.0229099999999995,4.1028400000000005,3.99627,4.08685,9277946.0
2023-04-18,4.1028400000000005,4.18809,4.06554,4.15612,9072185.0
2023-04-19,4.18276,4.2520299999999995,4.05488,4.06554,9191511.0
2023-04-20,4.06554,4.1028400000000005,4.04955,4.06021,4882041.0
2023-04-21,4.07087,4.2520299999999995,4.07087,4.129479999999999,12827596.0
2023-04-24,4.129479999999999,4.31064,4.08152,4.284,17203059.0
2023-04-25,4.32663,4.38524,4.134810000000001,4.16678,14211019.0
2023-04-26,4.15612,4.22539,4.15079,4.20941,9110187.0
2023-04-27,4.22006,4.273350000000001,4.15612,4.16678,7883798.0
2023-04-28,4.18809,4.2467,4.17744,4.23072,8063499.0
2023-05-04,4.2360500000000005,4.5237799999999995,4.20408,4.5237799999999995,37494364.0
2023-05-05,4.53444,4.7156,4.53444,4.68363,24171039.0
2023-05-08,4.74757,4.84881,4.68896,4.68896,25491968.0
2023-05-09,4.69961,5.01399,4.63035,5.01399,27550218.0
2023-05-10,5.08858,5.16851,5.08858,5.12056,14106573.0
2023-05-11,5.1152299999999995,5.1631800000000005,5.024640000000001,5.0353,20214123.0
2023-05-12,5.0353,5.32836,4.9607,5.32836,22167893.0
2023-05-15,5.46157,5.51485,5.14187,5.14187,21783244.0
2023-05-16,5.16851,5.4882100000000005,5.1472,5.4882100000000005,23508031.0
2023-05-17,5.4882100000000005,5.5681400000000005,5.26442,5.296390000000001,17499327.0
2023-05-18,5.32836,5.46157,5.06194,5.06194,22003533.0
2023-05-19,5.1152299999999995,5.22712,5.06194,5.22179,23340845.0
2023-05-22,5.27508,5.38164,5.17917,5.253760000000001,15830529.0
2023-05-23,5.30172,5.355,5.15253,5.19515,21685813.0
2023-05-24,5.23778,5.296390000000001,5.17384,5.21647,23936652.0
2023-05-25,5.3920900000000005,5.47787,5.34307,5.36145,19230073.0
2023-05-26,5.37983,5.69845,5.34307,5.56365,18994574.0
2023-05-29,5.649439999999999,5.821,5.60654,5.821,15563047.0
2023-05-30,5.83938,5.9067799999999995,5.72909,5.79036,19304671.0
2023-05-31,5.79036,5.821,5.72909,5.741350000000001,15672718.0
2023-06-01,5.759729999999999,6.00482,5.741350000000001,5.98031,17989505.0
2023-06-02,6.04159,6.18864,6.04159,6.1089899999999995,23517042.0
2023-06-05,6.18864,6.28055,6.05997,6.1089899999999995,23123562.0
2023-06-06,6.1089899999999995,6.4031,6.07835,6.4031,20659018.0
2023-06-07,6.433739999999999,6.61756,6.28055,6.61756,15977293.0
2023-06-08,6.58692,6.92393,6.55629,6.55629,31858778.0
2023-06-09,6.61756,6.8626499999999995,6.55629,6.8626499999999995,22493984.0
2023-06-12,6.92393,6.9545699999999995,6.6482,6.74011,14622514.0
2023-06-13,6.80138,6.89329,6.67883,6.67883,16158881.0
2023-06-14,6.7094700000000005,6.77074,6.495010000000001,6.495010000000001,17030449.0
2023-06-15,6.495010000000001,6.55629,6.37247,6.52565,15113885.0
2023-06-16,6.7094700000000005,6.9545699999999995,6.6482,6.67883,30389514.0
2023-06-19,6.7094700000000005,6.80138,6.61756,6.67883,13017361.0
2023-06-20,6.67883,6.77074,6.55629,6.77074,10664216.0
2023-06-21,6.832020000000001,7.13839,6.77074,7.10775,21290250.0
2023-06-22,7.19966,7.230300000000001,7.04648,7.230300000000001,13292649.0
2023-06-23,7.26093,7.5979399999999995,7.169020000000001,7.47539,19876432.0
2023-06-26,7.3528400000000005,7.41412,6.9545699999999995,7.04648,68564514.0
2023-06-27,7.13839,7.13839,6.67883,6.80138,23764621.0
2023-06-28,6.80138,7.01584,6.6482,6.8626499999999995,16520732.0
2023-06-29,6.8626499999999995,6.8626499999999995,6.52565,6.55629,16240659.0
2023-06-30,6.495010000000001,6.6482,6.495010000000001,6.61756,12213833.0
2023-07-03,6.67883,6.77074,6.58692,6.7094700000000005,8000380.0
2023-07-04,6.7094700000000005,7.077109999999999,6.67883,7.04648,19403732.0
2023-07-05,7.10775,7.19966,7.01584,7.04648,21831658.0
2023-07-06,6.9545699999999995,7.077109999999999,6.67883,6.8626499999999995,20334842.0
2023-07-07,6.67883,6.9852,6.55629,6.9545699999999995,24717199.0
2023-07-10,7.04648,7.10775,6.9545699999999995,7.077109999999999,18574635.0
2023-07-11,7.13839,7.26093,7.04648,7.04648,19704976.0
2023-07-12,7.04648,7.13839,6.92393,6.9545699999999995,12488564.0
2023-07-13,7.04648,7.19966,7.01584,7.169020000000001,14439813.0
2023-07-14,7.29157,7.65921,7.19966,7.65921,42283293.0
2023-07-17,7.934939999999999,8.05749,7.75112,7.84303,26761184.0
2023-07-18,7.904310000000001,7.904310000000001,7.65921,7.904310000000001,13883970.0
2023-07-19,8.02686,8.36386,7.904310000000001,8.02686,34527650.0
2023-07-20,8.11877,8.333219999999999,7.99622,8.30259,21313813.0
2023-07-21,8.54768,8.70087,8.42513,8.57832,24413114.0
2023-07-24,8.70087,8.7315,8.42513,8.7315,19349757.0
2023-07-25,8.7315,8.762139999999999,8.48641,8.57832,16245289.0
2023-07-26,8.57832,8.823409999999999,8.42513,8.823409999999999,18335886.0
2023-07-27,8.976600000000001,9.00723,8.63959,8.854049999999999,19498656.0
2023-07-28,8.823409999999999,9.313600000000001,8.79278,9.313600000000001,33482796.0
2023-07-31,9.49742,9.619969999999999,9.313600000000001,9.619969999999999,29153516.0
2023-08-01,9.803790000000001,9.803790000000001,9.282969999999999,9.37488,27416189.0
2023-08-02,9.313600000000001,10.01825,9.25233,10.01825,29710110.0
2023-08-03,10.01825,10.44717,9.895700000000001,10.324620000000001,37908754.0
2023-08-04,10.41653,10.41653,10.11016,10.26335,21468967.0
2023-08-07,10.41653,10.50844,10.232709999999999,10.35526,22871715.0
2023-08-08,10.44717,10.44717,9.86507,9.86507,25995005.0
2023-08-09,9.834430000000001,10.11016,9.68125,9.95698,23022967.0
2023-08-10,10.04889,10.04889,9.68125,9.834430000000001,21721759.0
2023-08-11,9.92634,9.92634,9.52806,9.92634,19703725.0
2023-08-14,10.04889,10.41653,9.92634,10.41653,40857195.0
2023-08-15,10.477799999999998,10.50844,10.17143,10.50844,30115472.0
2023-08-16,10.41653,11.182450000000001,10.324620000000001,11.182450000000001,43491613.0
2023-08-17,11.24372,11.45818,11.059899999999999,11.15181,30811789.0
2023-08-18,10.93736,11.02927,10.38589,10.38589,37053500.0
2023-08-21,10.29398,10.35526,9.68125,10.04889,40508229.0
2023-08-22,10.17143,10.41653,9.37488,10.41653,41755655.0
2023-08-23,10.60035,10.63099,10.11016,10.232709999999999,26071776.0
2023-08-24,10.35526,10.93736,10.17143,10.93736,38722576.0
2023-08-25,10.93736,11.21309,10.753530000000001,11.15181,42451859.0
2023-08-28,11.21309,11.48882,11.15181,11.48882,32161185.0
2023-08-29,11.642,11.642,11.09054,11.48882,38035737.0
2023-08-30,11.48882,11.94837,11.21309,11.91774,37990411.0
2023-08-31,11.94837,12.132190000000001,11.76455,12.132190000000001,33033564.0
2023-09-05,12.2241,12.2241,11.94837,12.040280000000001,31387750.0
2023-09-06,12.040280000000001,12.49984,11.79519,12.31601,42723471.0
2023-09-07,12.37729,12.37729,12.07092,12.19347,31472120.0
2023-09-08,12.10156,12.34665,12.07092,12.132190000000001,26301122.0
2023-09-11,12.2241,12.31601,11.82582,11.82582,44909435.0
2023-09-12,11.856459999999998,12.62238,11.73391,12.62238,38173322.0
2023-09-13,12.62238,12.71429,12.10156,12.25474,38067492.0
2023-09-14,12.25474,12.31601,11.73391,11.82582,40427546.0
2023-09-15,11.94837,12.040280000000001,11.519459999999999,12.009649999999999,34394987.0
2023-09-18,11.8871,12.009649999999999,11.580729999999999,11.67264,30846049.0
2023-09-19,11.79519,11.82582,11.15181,11.519459999999999,38615750.0
2023-09-20,11.580729999999999,12.132190000000001,11.45818,12.10156,26485135.0
2023-09-21,12.10156,12.10156,11.61137,11.67264,31443666.0
2023-09-22,11.24372,11.335629999999998,10.87608,10.87608,64666753.0
2023-09-25,10.692260000000001,10.90672,10.140799999999999,10.140799999999999,38772524.0
2023-09-26,9.803790000000001,10.53908,9.49742,9.619969999999999,56094816.0
2023-09-27,9.68125,10.140799999999999,9.06851,10.140799999999999,47839731.0
2023-09-28,10.07952,10.07952,9.619969999999999,9.74252,31380707.0
2023-09-29,9.895700000000001,10.01825,9.619969999999999,9.65061,20665501.0
2023-10-02,9.68125,10.11016,9.58933,9.803790000000001,30489188.0
2023-10-03,9.58933,9.68125,9.12978,9.12978,37159431.0
2023-10-04,8.60896,9.619969999999999,8.60896,9.282969999999999,44964009.0
2023-10-05,9.34424,9.466790000000001,8.70087,8.70087,23181982.0
2023-10-06,8.67023,9.282969999999999,8.67023,9.282969999999999,37834606.0
2023-10-09,9.34424,9.52806,9.22169,9.466790000000001,25321492.0
2023-10-10,9.619969999999999,9.895700000000001,9.49742,9.52806,31685211.0
2023-10-11,9.5587,9.834430000000001,9.37488,9.834430000000001,22648960.0
2023-10-12,9.98761,9.98761,9.65061,9.74252,20761416.0
2023-10-13,9.49742,9.834430000000001,9.34424,9.619969999999999,27361747.0
2023-10-16,9.619969999999999,9.711879999999999,9.37488,9.37488,19240273.0
2023-10-17,9.49742,9.68125,8.762139999999999,8.762139999999999,21895728.0
2023-10-18,9.00723,9.37488,8.762139999999999,9.09914,48854230.0
2023-10-19,9.16042,9.282969999999999,8.79278,8.823409999999999,23736149.0
2023-10-20,8.854049999999999,9.25233,8.455770000000001,9.19106,27973976.0
2023-10-23,9.19106,9.25233,8.762139999999999,8.823409999999999,20973116.0
2023-10-24,8.94596,9.06851,8.79278,9.00723,17876631.0
2023-10-25,9.06851,9.34424,8.94596,8.976600000000001,24904334.0
2023-10-26,8.7315,8.762139999999999,8.36386,8.36386,46476726.0
2023-10-27,8.57832,8.57832,7.904310000000001,8.333219999999999,32411587.0
2023-10-30,8.1494,8.30259,7.75112,7.75112,21236061.0
2023-10-31,7.72049,7.96558,7.230300000000001,7.38348,36026768.0
2023-11-01,7.50603,7.84303,7.29157,7.84303,38904384.0
2023-11-02,8.08813,8.36386,7.99622,8.36386,34193276.0
2023-11-03,8.455770000000001,8.63959,8.21068,8.36386,39573920.0
2023-11-06,8.48641,8.517040000000001,8.27195,8.48641,26577049.0
2023-11-07,8.36386,8.63959,8.27195,8.36386,29531777.0
2023-11-08,8.36386,8.94596,8.30259,8.94596,46791003.0
2023-11-09,9.282969999999999,9.5587,9.19106,9.5587,61702532.0
2023-11-10,9.43615,10.07952,9.40551,9.65061,56233028.0
2023-11-13,9.77316,9.92634,9.34424,9.77316,45333064.0
2023-11-14,10.04889,10.232709999999999,9.803790000000001,9.895700000000001,34915491.0
2023-11-15,10.324620000000001,10.35526,9.86507,10.01825,40189417.0
2023-11-16,9.895700000000001,10.29398,9.834430000000001,10.29398,35450003.0
2023-11-17,10.29398,10.44717,9.803790000000001,9.92634,61247668.0
2023-11-20,9.68125,10.41653,9.68125,10.35526,49146357.0
2023-11-21,10.477799999999998,10.569709999999999,10.26335,10.41653,29384689.0
2023-11-22,10.41653,10.60035,10.26335,10.53908,42760356.0
2023-11-23,10.661620000000001,10.7229,9.803790000000001,9.803790000000001,45219237.0
2023-11-24,9.98761,10.17143,9.5587,10.17143,56872317.0
2023-11-27,10.17143,10.17143,9.834430000000001,9.86507,22106287.0
2023-11-28,9.86507,9.98761,9.49742,9.95698,35577979.0
2023-11-29,10.04889,10.140799999999999,9.92634,10.07952,24057246.0
2023-11-30,10.01825,10.35526,10.01825,10.04889,38618995.0
2023-12-01,10.17143,10.324620000000001,9.98761,10.232709999999999,29428437.0
2023-12-04,10.50844,10.93736,10.477799999999998,10.90672,68855918.0
2023-12-05,10.90672,10.998629999999999,10.78417,10.845450000000001,32039232.0
2023-12-06,10.845450000000001,11.12118,10.78417,11.059899999999999,29391050.0
2023-12-07,11.059899999999999,11.09054,10.41653,10.692260000000001,73901842.0
2023-12-08,10.7229,10.78417,10.41653,10.53908,23887806.0
2023-12-11,10.41653,10.60035,10.17143,10.477799999999998,41146251.0
2023-12-12,10.53908,10.63099,10.44717,10.477799999999998,12591758.0
2023-12-13,10.60035,10.63099,10.17143,10.17143,28229674.0
2023-12-14,10.324620000000001,10.35526,10.04889,10.07952,24080111.0
2023-12-15,10.04889,10.35526,9.98761,10.11016,24040417.0
2023-12-18,10.17143,10.202069999999999,10.01825,10.04889,12673206.0
2023-12-19,10.04889,10.29398,10.01825,10.29398,16403000.0
2023-12-20,10.35526,10.50844,10.232709999999999,10.38589,17485550.0
2023-12-21,10.232709999999999,10.35526,10.232709999999999,10.324620000000001,10024125.0
2023-12-22,10.35526,10.50844,10.202069999999999,10.232709999999999,19624313.0
2023-12-25,10.26335,10.477799999999998,10.17143,10.35526,19448495.0
2023-12-26,10.44717,10.53908,10.38589,10.477799999999998,15366048.0
2023-12-27,10.53908,10.692260000000001,10.477799999999998,10.477799999999998,19919955.0
2023-12-28,10.44717,10.60035,10.41653,10.477799999999998,17097182.0
2023-12-29,10.53908,10.569709999999999,10.44717,10.477799999999998,13099145.0
2024-01-02,10.60035,10.63099,9.895700000000001,10.04889,51750576.0
2024-01-03,10.01825,10.202069999999999,10.01825,10.202069999999999,13675809.0
2024-01-04,10.232709999999999,10.569709999999999,10.232709999999999,10.26335,31659189.0
2024-01-05,10.35526,10.35526,10.17143,10.26335,12796484.0
2024-01-08,10.35526,10.50844,10.26335,10.35526,20213131.0
2024-01-09,10.44717,10.60035,10.35526,10.38589,25705983.0
2024-01-10,10.38589,10.41653,10.17143,10.232709999999999,18716164.0
2024-01-11,10.35526,10.60035,10.29398,10.53908,42524459.0
2024-01-12,10.44717,10.63099,10.324620000000001,10.38589,36638892.0
2024-01-15,10.477799999999998,10.53908,10.232709999999999,10.232709999999999,21284629.0
2024-01-16,10.202069999999999,10.44717,10.17143,10.44717,17249272.0
2024-01-17,10.50844,10.998629999999999,10.44717,10.692260000000001,52836086.0
2024-01-18,10.7229,10.845450000000001,10.63099,10.692260000000001,19274028.0
2024-01-19,10.90672,10.96799,10.60035,10.63099,26835493.0
2024-01-22,10.7229,10.78417,10.44717,10.63099,23013519.0
2024-01-23,10.661620000000001,10.7229,10.60035,10.63099,16663747.0
2024-01-24,10.63099,10.845450000000001,10.63099,10.661620000000001,24401060.0
2024-01-25,10.753530000000001,10.753530000000001,10.63099,10.63099,9970417.0
2024-01-26,10.63099,10.7229,10.60035,10.63099,13986586.0
2024-01-29,10.661620000000001,10.753530000000001,10.569709999999999,10.569709999999999,14753642.0
2024-01-30,10.569709999999999,10.661620000000001,10.477799999999998,10.661620000000001,14189067.0
2024-01-31,10.692260000000001,10.96799,10.661620000000001,10.692260000000001,37304438.0
2024-02-01,10.7229,10.753530000000001,10.63099,10.661620000000001,12075260.0
2024-02-02,10.753530000000001,11.02927,10.692260000000001,10.845450000000001,39028355.0
2024-02-05,10.87608,10.96799,10.81481,10.90672,15560891.0
2024-02-06,10.96799,11.21309,10.93736,11.02927,25534514.0
2024-02-07,11.09054,11.182450000000001,10.93736,11.09054,16142433.0
2024-02-15,11.15181,11.182450000000001,10.90672,10.93736,24616350.0
2024-02-16,10.93736,11.12118,10.90672,10.998629999999999,21896804.0
2024-02-19,10.998629999999999,11.02927,10.7229,10.96799,27342174.0
2024-02-20,11.02927,11.45818,11.02927,11.21309,49431837.0
2024-02-21,11.24372,11.335629999999998,11.12118,11.24372,24694970.0
2024-02-22,11.21309,11.27436,11.059899999999999,11.059899999999999,15184124.0
2024-02-23,11.15181,11.15181,10.692260000000001,10.7229,37260198.0
2024-02-26,10.692260000000001,11.12118,10.60035,10.998629999999999,24951633.0
2024-02-27,11.09054,11.305,10.96799,11.09054,22085902.0
2024-02-28,11.15181,11.305,11.02927,11.12118,28146337.0
2024-02-29,11.21309,11.519459999999999,11.12118,11.21309,36502953.0
2024-03-01,11.24372,11.61137,11.24372,11.580729999999999,38401521.0
2024-03-04,11.82582,11.856459999999998,11.519459999999999,11.580729999999999,25311130.0
2024-03-05,11.61137,11.73391,11.39691,11.703280000000001,29874125.0
2024-03-06,11.73391,11.82582,11.36627,11.45818,28521200.0
2024-03-07,11.45818,12.25474,11.42755,12.132190000000001,63138648.0
2024-03-08,12.2241,12.34665,11.8871,11.91774,38539230.0
2024-03-11,11.91774,12.040280000000001,11.519459999999999,11.8871,34047201.0
2024-03-12,11.73391,11.79519,11.45818,11.519459999999999,34320379.0
2024-03-13,11.55009,12.31601,11.55009,12.31601,37296099.0
2024-03-14,12.34665,13.14321,12.25474,12.74493,46846498.0
2024-03-15,12.74493,12.990020000000001,12.40792,12.74493,25401381.0
2024-03-18,12.867479999999999,12.990020000000001,11.856459999999998,12.10156,62737344.0
2024-03-19,12.2241,12.2241,11.82582,11.82582,23916971.0
2024-03-20,11.8871,12.25474,11.76455,12.25474,28830583.0
2024-03-21,12.59175,12.62238,12.2241,12.34665,32814400.0
2024-03-22,12.49984,12.68366,12.19347,12.34665,39375453.0
2024-03-25,12.68366,12.68366,12.25474,12.37729,40046640.0
2024-03-26,12.37729,12.83684,12.132190000000001,12.83684,35867644.0
2024-03-27,13.081940000000001,13.081940000000001,12.68366,12.867479999999999,26469831.0
2024-03-28,13.02066,13.02066,12.71429,12.867479999999999,29134782.0
2024-03-29,12.867479999999999,12.867479999999999,12.561110000000001,12.59175,29223933.0
2024-04-01,12.53047,12.74493,12.31601,12.59175,31825507.0
2024-04-02,12.561110000000001,12.83684,12.34665,12.83684,25872297.0
2024-04-03,12.867479999999999,13.11257,12.561110000000001,12.561110000000001,42450856.0
2024-04-04,12.59175,12.62238,12.25474,12.31601,30671326.0
2024-04-05,12.132190000000001,12.16283,11.82582,11.82582,51531113.0
2024-04-08,11.91774,11.91774,11.61137,11.61137,33951206.0
2024-04-09,11.703280000000001,12.040280000000001,11.61137,12.040280000000001,27611953.0
2024-04-10,12.040280000000001,12.040280000000001,11.76455,11.76455,17473552.0
2024-04-11,11.61137,11.856459999999998,11.580729999999999,11.73391,26488990.0
2024-04-12,11.8871,12.07092,11.76455,11.94837,22803414.0
2024-04-15,11.91774,12.10156,11.12118,11.12118,43881940.0
2024-04-16,11.09054,11.15181,10.38589,10.93736,62517746.0
2024-04-17,11.02927,11.059899999999999,10.41653,10.41653,32314273.0
2024-04-19,10.17143,10.53908,9.803790000000001,9.98761,47427441.0
2024-04-22,10.324620000000001,10.661620000000001,10.202069999999999,10.50844,27935772.0
2024-04-23,10.50844,10.53908,10.07952,10.140799999999999,20906648.0
2024-04-24,10.35526,10.661620000000001,10.26335,10.569709999999999,26371195.0
2024-04-25,10.50844,10.53908,10.35526,10.477799999999998,15166220.0
2024-04-26,10.232709999999999,10.477799999999998,10.232709999999999,10.324620000000001,16462092.0
2024-05-02,10.324620000000001,10.38589,10.17143,10.26335,11512836.0
2024-05-03,10.41653,10.477799999999998,10.232709999999999,10.29398,14418415.0
2024-05-06,10.41653,10.81481,10.35526,10.78417,28668954.0
2024-05-07,10.78417,10.81481,10.63099,10.7229,14667054.0
2024-05-08,10.60035,10.87608,10.50844,10.7229,22967088.0
2024-05-09,10.78417,10.845450000000001,10.53908,10.569709999999999,17259007.0
2024-05-10,10.661620000000001,10.78417,10.50844,10.753530000000001,18470912.0
2024-05-13,10.78417,10.90672,10.661620000000001,10.753530000000001,17705986.0
2024-05-14,10.78417,10.87608,10.692260000000001,10.7229,9988150.0
2024-05-15,10.7229,11.12118,10.7229,10.93736,27866630.0
2024-05-16,11.09054,11.24372,11.02927,11.12118,27152597.0
2024-05-17,11.15181,11.305,11.059899999999999,11.182450000000001,20806759.0
2024-05-20,11.335629999999998,11.39691,11.182450000000001,11.182450000000001,22187740.0
2024-05-21,11.182450000000001,11.27436,10.998629999999999,11.21309,20787311.0
2024-05-22,11.24372,11.48882,11.09054,11.15181,28472154.0
2024-05-23,11.12118,11.27436,10.81481,11.27436,29139132.0
2024-05-24,11.12118,11.182450000000001,10.692260000000001,10.845450000000001,34739802.0
2024-05-27,10.845450000000001,10.998629999999999,10.7229,10.96799,11677849.0
2024-05-28,11.02927,11.15181,10.96799,11.12118,15174455.0
2024-05-29,11.12118,11.27436,10.96799,11.02927,18821838.0
2024-05-30,10.87608,11.059899999999999,10.753530000000001,10.96799,21948883.0
2024-05-31,10.96799,11.182450000000001,10.96799,11.02927,16874268.0
2024-06-03,11.15181,11.335629999999998,11.15181,11.24372,23345265.0
2024-06-04,11.27436,11.42755,11.182450000000001,11.182450000000001,17649925.0
2024-06-05,11.27436,11.335629999999998,11.12118,11.12118,13277305.0
2024-06-06,11.15181,11.24372,11.02927,11.09054,11668803.0
2024-06-07,11.15181,11.182450000000001,11.059899999999999,11.059899999999999,12234877.0
2024-06-10,11.12118,11.305,11.09054,11.182450000000001,14506885.0
2024-06-11,11.24372,11.27436,11.09054,11.24372,17094107.0
2024-06-12,11.305,11.79519,11.27436,11.67264,50549806.0
2024-06-13,11.76455,11.79519,11.580729999999999,11.580729999999999,15167951.0
2024-06-14,11.67264,11.76455,11.15181,11.15181,32268883.0
2024-06-17,11.15181,11.27436,11.059899999999999,11.15181,17134073.0
2024-06-18,11.24372,11.305,11.12118,11.15181,13427962.0
2024-06-19,11.15181,11.21309,11.02927,11.059899999999999,15754073.0
2024-06-20,11.12118,11.12118,10.78417,10.78417,22943982.0
2024-06-21,10.81481,10.90672,10.7229,10.7229,15263192.0
2024-06-24,10.7229,10.78417,10.17143,10.232709999999999,33202065.0
2024-06-25,10.29398,10.38589,10.202069999999999,10.29398,10808675.0
2024-06-26,10.29398,10.44717,10.232709999999999,10.29398,7792678.0
2024-06-27,10.29398,10.38589,10.202069999999999,10.29398,7152724.0
2024-06-28,10.29398,10.35526,9.92634,10.04889,15200895.0
2024-07-01,10.11016,10.202069999999999,9.95698,10.17143,6411487.0
2024-07-02,10.232709999999999,10.324620000000001,10.202069999999999,10.324620000000001,5465127.0
2024-07-03,10.324620000000001,10.50844,10.324620000000001,10.44717,7898644.0
2024-07-04,10.477799999999998,10.60035,10.35526,10.38589,6219958.0
2024-07-05,10.41653,10.41653,10.232709999999999,10.29398,6756741.0
2024-07-08,10.38589,10.44717,10.26335,10.29398,6439917.0
2024-07-09,10.29398,10.60035,10.29398,10.569709999999999,13008381.0
2024-07-10,10.569709999999999,10.60035,10.41653,10.41653,6095907.0
2024-07-11,10.50844,10.60035,10.44717,10.53908,9640179.0
2024-07-12,10.569709999999999,10.60035,10.324620000000001,10.324620000000001,9461568.0
2024-07-15,10.38589,10.41653,10.29398,10.324620000000001,5486930.0
2024-07-16,10.38589,10.53908,10.324620000000001,10.35526,8492678.0
2024-07-17,10.477799999999998,10.53908,10.07952,10.17143,14007875.0
2024-07-18,10.232709999999999,10.38589,10.04889,10.38589,7971811.0
2024-07-19,10.324620000000001,10.35526,9.68125,9.68125,55236784.0
2024-07-22,9.43615,9.52806,9.037870000000002,9.037870000000002,27578235.0
2024-07-23,9.16042,9.19106,8.517040000000001,8.54768,31449929.0
2024-07-24,8.30259,8.91532,8.30259,8.88469,18628058.0
2024-07-25,8.88469,8.88469,8.57832,8.60896,9190122.0
2024-07-26,8.70087,8.70087,8.36386,8.455770000000001,20244664.0
2024-07-29,8.517040000000001,8.70087,8.48641,8.517040000000001,22032212.0
2024-07-30,8.517040000000001,8.517040000000001,8.08813,8.08813,39962338.0
2024-07-31,8.61769,8.61769,8.502790000000001,8.61769,28668987.0
2024-08-01,8.8475,8.8475,8.349590000000001,8.54109,32803473.0
2024-08-02,8.502790000000001,8.8475,8.42619,8.8092,24823802.0
2024-08-05,8.54109,8.8092,8.23468,8.31128,24616833.0
2024-08-06,8.54109,8.61769,8.31128,8.54109,15207984.0
2024-08-07,8.61769,8.61769,8.387889999999999,8.54109,11785056.0
2024-08-08,8.42619,8.69429,8.42619,8.502790000000001,11733037.0
2024-08-09,8.65599,8.7709,8.54109,8.69429,21623246.0
2024-08-12,8.73259,8.8092,8.65599,8.8092,13026656.0
2024-08-13,8.8092,8.8092,8.54109,8.69429,15180951.0
2024-08-14,8.7709,8.7709,8.46449,8.502790000000001,17986548.0
2024-08-15,8.54109,8.57939,8.349590000000001,8.57939,15154488.0
2024-08-16,8.61769,9.1539,8.57939,9.1539,55180014.0
2024-08-19,9.34541,9.383709999999999,9.0773,9.192200000000001,25147491.0
2024-08-20,9.192200000000001,9.46031,9.0007,9.30711,37755146.0
2024-08-21,9.26881,9.383709999999999,9.1539,9.383709999999999,22602419.0
2024-08-22,9.383709999999999,9.383709999999999,9.23051,9.30711,18608750.0
2024-08-23,9.30711,9.383709999999999,9.1156,9.30711,28516217.0
2024-08-26,9.42201,9.498610000000001,9.23051,9.30711,31274626.0
2024-08-27,9.26881,9.30711,9.039,9.1156,26451460.0
2024-08-28,9.1539,9.23051,8.924100000000001,9.23051,36330769.0
2024-08-29,9.26881,9.46031,9.1156,9.30711,54523414.0
2024-08-30,9.34541,9.34541,9.1156,9.30711,40950523.0
2024-09-04,9.1156,9.26881,9.0773,9.192200000000001,20358881.0
2024-09-05,9.30711,9.34541,9.039,9.1156,20048210.0
2024-09-06,9.1156,9.1539,8.924100000000001,9.039,17927624.0
2024-09-09,9.039,9.039,8.8475,8.924100000000001,14064955.0
2024-09-10,9.039,9.039,8.61769,8.69429,21335144.0
2024-09-11,8.69429,8.8092,8.54109,8.65599,14815959.0
2024-09-12,8.8092,8.8475,8.61769,8.61769,8025110.0
2024-09-13,8.73259,8.8092,8.61769,8.65599,11845642.0
2024-09-16,8.73259,8.73259,8.46449,8.46449,12154955.0
2024-09-17,8.46449,8.65599,8.46449,8.65599,10045044.0
2024-09-18,8.69429,8.8858,8.65599,8.69429,15525994.0
2024-09-19,8.7709,8.8092,8.65599,8.73259,8368962.0
2024-09-20,8.8092,8.8858,8.61769,8.61769,34793300.0
2024-09-23,8.73259,8.7709,8.65599,8.69429,9296219.0
2024-09-24,8.73259,8.7709,8.65599,8.73259,7787068.0
2024-09-25,8.7709,9.192200000000001,8.7709,9.192200000000001,39879916.0
2024-09-26,9.23051,9.26881,9.1156,9.1539,19675020.0
2024-09-27,9.192200000000001,9.30711,9.0773,9.1156,23213533.0
2024-09-30,9.1539,9.34541,9.039,9.192200000000001,23715592.0
2024-10-01,9.26881,9.69012,9.192200000000001,9.46031,50117804.0
2024-10-02,9.42201,9.498610000000001,9.30711,9.34541,21612671.0
2024-10-03,9.42201,9.46031,8.962399999999999,9.0773,36118542.0
2024-10-04,9.0773,9.1539,9.0007,9.039,14100609.0
2024-10-07,9.0773,9.1539,8.962399999999999,9.0773,11842321.0
2024-10-08,9.0773,9.30711,8.962399999999999,9.192200000000001,27952874.0
2024-10-09,9.23051,9.34541,9.1156,9.23051,18938402.0
2024-10-10,9.30711,9.34541,9.0007,9.0773,27580072.0
2024-10-11,9.0773,9.1156,9.039,9.1156,12861182.0
2024-10-14,9.1539,9.23051,8.73259,8.8092,47413812.0
2024-10-15,8.8092,8.8858,8.65599,8.65599,19084904.0
2024-10-16,8.69429,8.8092,8.57939,8.65599,20860999.0
2024-10-17,8.69429,8.7709,8.54109,8.7709,16474260.0
2024-10-18,8.8858,8.8858,8.73259,8.73259,8811902.0
2024-10-21,8.73259,9.039,8.65599,8.8475,29174694.0
2024-10-22,8.8475,8.962399999999999,8.73259,8.8092,14415750.0
2024-10-23,8.8092,8.8475,8.73259,8.7709,8941414.0
2024-10-24,8.7709,8.7709,8.61769,8.61769,15057590.0
2024-10-25,8.69429,8.69429,8.502790000000001,8.502790000000001,11390912.0
2024-10-28,8.42619,8.502790000000001,8.349590000000001,8.387889999999999,32936683.0
2024-10-29,8.42619,8.54109,8.387889999999999,8.42619,14666863.0
2024-10-30,8.42619,8.46449,8.27298,8.31128,14327208.0
2024-10-31,8.349590000000001,8.42619,8.27298,8.387889999999999,13723201.0
2024-11-01,8.349590000000001,8.387889999999999,8.23468,8.23468,11114449.0
2024-11-04,8.31128,8.31128,8.04318,8.23468,25148487.0
2024-11-05,8.23468,8.31128,8.11978,8.11978,9909712.0
2024-11-06,8.19638,8.31128,8.11978,8.27298,15283630.0
2024-11-07,8.349590000000001,8.387889999999999,8.23468,8.23468,11319598.0
2024-11-08,8.27298,8.31128,8.15808,8.15808,10140281.0
2024-11-11,8.15808,8.19638,8.00488,8.04318,18369788.0
2024-11-12,8.081479999999999,8.15808,7.92828,7.9665799999999996,16111917.0
2024-11-13,7.92828,7.9665799999999996,7.66017,7.7750699999999995,38002439.0
2024-11-14,7.736770000000001,7.81337,7.58357,7.59889,20743727.0
2024-11-15,7.5912299999999995,7.66017,7.35376,7.43037,29367373.0
2024-11-18,7.392060000000001,7.736770000000001,7.392060000000001,7.58357,24081606.0
2024-11-19,7.58357,7.6371899999999995,7.338439999999999,7.338439999999999,14866760.0
2024-11-20,7.338439999999999,7.53761,7.231199999999999,7.41504,20082135.0
2024-11-21,7.43037,7.56825,7.41504,7.56059,12219684.0
2024-11-22,7.55293,7.56825,7.44569,7.44569,13567580.0
2024-11-25,7.44569,7.5759099999999995,7.44569,7.5299499999999995,13247986.0
2024-11-26,7.5299499999999995,7.85167,7.5299499999999995,7.736770000000001,25005331.0
2024-11-27,7.7750699999999995,7.81337,7.66017,7.69847,8484267.0
2024-11-28,7.7750699999999995,7.81337,7.66017,7.66017,11567357.0
2024-11-29,7.66017,7.81337,7.64485,7.69847,15921421.0
2024-12-02,7.7750699999999995,7.81337,7.66017,7.69847,8437668.0
2024-12-03,7.66017,7.736770000000001,7.56825,7.56825,20601885.0
2024-12-04,7.56825,7.60655,7.4380299999999995,7.4380299999999995,15783073.0
2024-12-05,7.46867,7.92828,7.36142,7.92828,36641851.0
2024-12-06,7.9665799999999996,8.04318,7.81337,7.81337,24878923.0
2024-12-09,7.85167,7.9665799999999996,7.81337,7.85167,16028109.0
2024-12-10,7.81337,7.92828,7.81337,7.81337,12198155.0
2024-12-11,7.85167,7.8899799999999995,7.736770000000001,7.7750699999999995,12135054.0
2024-12-12,7.7750699999999995,7.85167,7.736770000000001,7.7750699999999995,8536329.0
2024-12-13,7.736770000000001,7.81337,7.69847,7.69847,8833232.0
2024-12-16,7.69847,7.9665799999999996,7.69847,7.92828,23372040.0
2024-12-17,7.9665799999999996,7.9665799999999996,7.8899799999999995,7.8899799999999995,13220143.0
2024-12-18,7.8899799999999995,8.00488,7.85167,7.92828,13451177.0
2024-12-19,7.85167,7.8899799999999995,7.736770000000001,7.81337,19962020.0
2024-12-20,7.85167,7.8899799999999995,7.736770000000001,7.8899799999999995,28829669.0
2024-12-23,7.8899799999999995,7.92828,7.81337,7.81337,10014744.0
2024-12-24,7.81337,7.85167,7.69847,7.736770000000001,10970939.0
2024-12-25,7.736770000000001,7.9665799999999996,7.736770000000001,7.85167,14042667.0
2024-12-26,7.85167,7.8899799999999995,7.7750699999999995,7.7750699999999995,7505568.0
2024-12-27,7.7750699999999995,7.85167,7.736770000000001,7.7750699999999995,9090182.0
2024-12-30,7.7750699999999995,7.81337,7.65251,7.66017,12063079.0
2024-12-31,7.66017,7.69847,7.54527,7.54527,14720822.0
2025-01-02,7.53761,7.736770000000001,7.53761,7.61421,8596011.0
2025-01-03,7.6218699999999995,7.66017,7.55293,7.55293,10945510.0
2025-01-06,7.55293,7.5759099999999995,7.3078,7.35376,14307658.0
2025-01-07,7.392060000000001,7.45335,7.24652,7.27716,12113290.0
2025-01-08,7.27716,7.42271,7.27716,7.384399999999999,7528673.0
2025-01-09,7.36142,7.41504,7.32312,7.32312,5555868.0
2025-01-10,7.32312,7.346100000000001,7.047359999999999,7.047359999999999,20393354.0
2025-01-13,7.009060000000001,7.078,6.91713,6.98608,17496772.0
2025-01-14,6.98608,7.078,6.92479,6.92479,10714274.0
2025-01-15,6.92479,7.1163,6.92479,7.08566,11086383.0
2025-01-16,7.14694,7.50697,7.14694,7.21588,14608875.0
2025-01-17,7.26184,7.3078,7.21588,7.25418,8466276.0
2025-01-20,7.25418,7.35376,7.20822,7.300140000000001,14104993.0
2025-01-21,7.300140000000001,7.392060000000001,7.28482,7.338439999999999,11198601.0
2025-01-22,7.346100000000001,7.40738,7.22354,7.22354,9688166.0
2025-01-23,7.23886,7.392060000000001,7.22354,7.338439999999999,13942359.0
2025-01-24,7.35376,7.66017,7.35376,7.5759099999999995,23391941.0
2025-02-03,7.35376,7.66017,7.35376,7.53761,11032948.0
2025-02-04,7.56059,7.7750699999999995,7.56059,7.7750699999999995,24075946.0
2025-02-05,7.81337,7.81337,7.6371899999999995,7.65251,18891102.0
2025-02-06,7.736770000000001,7.8899799999999995,7.66017,7.69847,23322195.0
2025-02-07,7.7750699999999995,7.7750699999999995,7.66017,7.736770000000001,10819593.0
2025-02-10,7.69847,7.736770000000001,7.61421,7.62953,20733586.0
2025-02-11,7.62953,7.66017,7.61421,7.61421,8595186.0
2025-02-12,7.61421,7.7750699999999995,7.61421,7.64485,15571319.0
2025-02-13,7.64485,7.81337,7.62953,7.69847,17353273.0
2025-02-14,7.736770000000001,7.8899799999999995,7.736770000000001,7.7750699999999995,25233274.0
2025-02-17,7.81337,8.31128,7.7750699999999995,8.23468,87822306.0
2025-02-18,8.31128,8.54109,8.19638,8.387889999999999,42368883.0
2025-02-19,8.46449,8.57939,8.387889999999999,8.57939,49103339.0
2025-02-20,8.61769,8.7709,8.502790000000001,8.61769,49093990.0
2025-02-21,8.57939,8.65599,8.502790000000001,8.65599,29397588.0
2025-02-24,8.61769,8.8475,8.54109,8.8092,42269473.0
2025-02-25,8.8475,8.962399999999999,8.73259,8.7709,51610841.0
2025-02-26,8.8092,8.962399999999999,8.73259,8.7709,36958926.0
2025-02-27,8.8092,8.8858,8.57939,8.8092,39576835.0
2025-02-28,8.8092,8.962399999999999,8.69429,8.7709,35643679.0
2025-03-03,8.7709,9.192200000000001,8.65599,9.039,65480290.0
2025-03-04,8.962399999999999,9.0773,8.42619,8.8092,96317589.0
2025-03-05,8.8092,8.962399999999999,8.502790000000001,8.502790000000001,59879318.0
2025-03-06,8.61769,9.0773,8.57939,9.0773,113141825.0
2025-03-07,9.192200000000001,9.30711,9.039,9.0773,40189222.0
2025-03-10,9.1156,9.30711,9.0773,9.1156,39665090.0
2025-03-11,8.962399999999999,9.23051,8.8475,9.1539,46007807.0
2025-03-12,9.192200000000001,9.575209999999998,9.192200000000001,9.53691,87959591.0
2025-03-13,9.498610000000001,9.575209999999998,9.26881,9.34541,41323060.0
2025-03-14,9.26881,9.498610000000001,9.23051,9.42201,33581226.0
2025-03-17,9.42201,9.53691,9.383709999999999,9.42201,22906920.0
2025-03-18,9.53691,9.575209999999998,9.26881,9.34541,32923263.0
2025-03-19,9.30711,9.34541,9.1156,9.26881,25792483.0
2025-03-20,9.30711,9.498610000000001,9.23051,9.42201,24826136.0
2025-03-21,9.34541,9.53691,9.34541,9.383709999999999,28567981.0
2025-03-24,9.383709999999999,9.46031,9.26881,9.46031,25086492.0
2025-03-25,9.53691,9.84332,9.42201,9.53691,58800035.0
2025-03-26,9.53691,9.80502,9.498610000000001,9.65181,48819725.0
2025-03-27,9.72842,9.76672,9.61351,9.61351,25077137.0
2025-03-28,9.61351,9.72842,9.498610000000001,9.61351,34021503.0
2025-03-31,9.53691,9.575209999999998,9.383709999999999,9.383709999999999,27408066.0
2025-04-01,9.46031,9.65181,9.42201,9.575209999999998,20164245.0
2025-04-02,9.65181,10.03482,9.575209999999998,9.91992,62113482.0
2025-04-03,9.53691,9.65181,9.23051,9.23051,71188170.0
2025-04-04,8.61769,9.192200000000001,8.61769,9.192200000000001,77571788.0
2025-04-08,8.8858,9.039,8.57939,8.57939,21598886.0
2025-04-09,8.00488,8.46449,8.00488,8.00488,92938292.0
2025-04-10,8.54109,8.54109,8.54109,8.54109,1235362.0
2025-04-11,8.962399999999999,9.1156,8.65599,9.1156,72008200.0
2025-04-14,9.23051,9.72842,9.1156,9.72842,61266892.0
2025-04-15,9.72842,10.03482,9.383709999999999,9.65181,51470395.0
2025-04-16,9.76672,9.84332,9.46031,9.53691,30529153.0
2025-04-17,9.42201,9.80502,9.42201,9.61351,37159048.0
2025-04-18,9.76672,10.11142,9.65181,9.72842,90269265.0
2025-04-21,9.91992,9.99652,9.42201,9.575209999999998,42558796.0
2025-04-22,9.383709999999999,9.61351,8.924100000000001,9.34541,109314653.0
2025-04-23,9.69012,9.72842,9.383709999999999,9.383709999999999,23708519.0
2025-04-24,9.498610000000001,9.498610000000001,9.0773,9.26881,42204877.0
2025-04-25,9.383709999999999,9.383709999999999,9.1156,9.192200000000001,24858642.0
2025-04-28,9.30711,9.34541,9.1539,9.23051,18911855.0
2025-04-29,9.23051,9.30711,9.1539,9.1539,17992529.0
2025-05-05,9.26881,9.65181,9.23051,9.53691,33798103.0
2025-05-06,9.61351,9.69012,9.383709999999999,9.42201,30965533.0
2025-05-07,9.383709999999999,9.498610000000001,9.26881,9.30711,27047557.0
2025-05-08,9.383709999999999,9.575209999999998,9.34541,9.498610000000001,25763473.0
2025-05-09,9.575209999999998,9.80502,9.498610000000001,9.53691,38843820.0
2025-05-12,9.61351,9.69012,9.498610000000001,9.65181,29474481.0
2025-05-13,9.881620000000002,10.14973,9.72842,9.84332,60492960.0
2025-05-14,9.84332,10.03482,9.72842,9.84332,37225910.0
2025-05-15,9.91992,10.073120000000001,9.72842,10.03482,47932676.0
2025-05-16,10.073120000000001,10.264629999999999,9.99652,9.99652,67975961.0
2025-05-19,9.91992,10.073120000000001,9.80502,9.80502,43209615.0
2025-05-20,9.84332,10.264629999999999,9.72842,10.188030000000001,64813247.0
2025-05-21,10.30293,10.41783,10.14973,10.264629999999999,49426759.0
2025-05-22,10.30293,10.91574,10.22633,10.37953,105925219.0
2025-05-23,10.57104,10.60934,10.188030000000001,10.264629999999999,42513501.0
2025-05-26,10.30293,10.45613,9.91992,10.37953,54047595.0
2025-05-27,10.45613,10.60934,10.30293,10.41783,46203526.0
2025-05-28,10.60934,10.87744,10.37953,10.57104,74846170.0
2025-05-29,10.647639999999999,10.91574,10.49443,10.647639999999999,55376506.0
2025-05-30,10.647639999999999,10.80084,10.34123,10.45613,44896501.0
2025-06-02,10.41783,10.647639999999999,10.34123,10.647639999999999,33489952.0
2025-06-03,10.839139999999999,11.068950000000001,10.68594,10.762540000000001,65423748.0
2025-06-04,10.80084,10.99234,10.72424,10.80084,39336364.0
2025-06-05,10.80084,10.87744,10.49443,10.60934,50723507.0
2025-06-06,10.57104,10.60934,10.30293,10.37953,47697566.0
2025-06-09,10.37953,10.45613,10.03482,10.073120000000001,37908778.0
2025-06-10,10.073120000000001,10.30293,10.073120000000001,10.11142,38525173.0
2025-06-11,10.22633,10.34123,10.11142,10.188030000000001,23933758.0
2025-06-12,10.264629999999999,10.37953,10.22633,10.264629999999999,26893276.0
2025-06-13,10.073120000000001,10.14973,9.80502,9.958219999999999,65968737.0
2025-06-16,9.881620000000002,10.188030000000001,9.881620000000002,10.188030000000001,23987716.0
2025-06-17,10.22633,10.264629999999999,10.03482,10.073120000000001,27637818.0
2025-06-18,10.254850000000001,10.29506,10.09399,10.1342,22721858.0
2025-06-19,10.1342,10.1342,9.97334,10.01356,15401377.0
2025-06-20,10.09399,10.21463,10.05377,10.09399,14695637.0
2025-06-23,10.01356,10.05377,9.77227,10.01356,22303687.0
2025-06-24,10.21463,10.53635,10.17442,10.37549,53389464.0
2025-06-25,10.415709999999999,10.45592,10.29506,10.335280000000001,21464806.0
2025-06-26,10.29506,10.335280000000001,10.1342,10.21463,17674107.0
2025-06-27,10.335280000000001,10.37549,10.17442,10.21463,16834615.0
2025-06-30,10.37549,10.45592,10.254850000000001,10.254850000000001,19161579.0
2025-07-01,10.37549,10.37549,10.17442,10.29506,25911682.0
2025-07-02,10.29506,10.97872,10.29506,10.97872,120989116.0
2025-07-03,11.018930000000001,11.742809999999999,10.9385,11.380870000000002,125443258.0
2025-07-04,11.501520000000001,11.90367,11.501520000000001,11.70259,74349538.0
2025-07-07,11.86345,12.225389999999999,11.70259,11.94388,69967069.0
2025-07-08,11.94388,12.225389999999999,11.86345,12.18517,55695824.0
2025-07-09,12.305819999999999,12.868829999999999,12.305819999999999,12.50689,60356913.0
2025-07-10,12.58732,12.66775,12.225389999999999,12.54711,46321128.0
2025-07-11,12.54711,12.94926,12.426459999999999,12.74818,50668008.0
2025-07-14,12.74818,12.7884,12.34603,12.70797,46494004.0
2025-07-15,12.66775,13.43184,12.627540000000002,12.868829999999999,60635277.0
2025-07-16,12.868829999999999,13.75356,12.868829999999999,13.75356,91948330.0
2025-07-17,14.236139999999999,14.47743,13.95464,14.19593,51317565.0
2025-07-18,14.397,15.16109,14.31657,15.16109,65043113.0
2025-07-21,15.64367,15.84475,14.96001,15.52302,71073665.0
2025-07-22,15.402379999999999,16.60883,15.36216,16.60883,61760912.0
2025-07-23,17.29249,17.734849999999998,16.769689999999997,17.413130000000002,64803193.0
2025-07-24,17.69464,18.096790000000002,17.21206,18.096790000000002,45029415.0
2025-07-25,18.418509999999998,19.34346,18.25765,19.34346,35409553.0
2025-07-28,20.590130000000002,20.670560000000002,20.228189999999998,20.670560000000002,33012475.0
2025-07-29,21.99765,21.99765,19.26303,19.26303,118914991.0
2025-07-30,19.624959999999998,20.590130000000002,18.86088,20.590130000000002,73073678.0
2025-07-31,21.15314,21.95744,20.54991,21.95744,54250559.0
2025-08-01,21.95744,22.35959,20.911849999999998,21.15314,50266483.0
2025-08-04,20.38905,22.44002,20.34884,22.27916,45138770.0
2025-08-05,22.88239,22.88239,20.75099,21.55529,77867931.0
2025-08-06,21.67593,23.04325,21.27378,22.9226,60228722.0
2025-08-07,23.48561,23.48561,22.31937,22.801959999999998,39992440.0
2025-08-08,22.96282,23.48561,22.399810000000002,22.9226,52308487.0
2025-08-11,23.32475,24.08884,22.84217,23.525830000000003,46915768.0
2025-08-12,23.80733,24.28991,23.32475,24.12905,31330592.0
2025-08-13,24.12905,24.49099,22.761740000000003,24.41056,61980405.0
2025-08-14,24.531200000000002,26.09959,24.49099,26.09959,38597812.0
2025-08-15,27.90927,27.90927,26.944110000000002,27.90927,45142884.0
2025-08-18,29.27659,29.759169999999997,28.35164,29.759169999999997,39030827.0
2025-08-19,29.960240000000002,30.60368,28.794,29.19616,33075651.0
2025-08-20,29.19616,30.1211,27.1854,29.357020000000002,48785626.0
2025-08-21,30.00046,30.16132,28.150560000000002,28.150560000000002,33703132.0
2025-08-22,27.66798,28.552709999999998,26.46153,27.74841,43525462.0
2025-08-25,29.3168,29.3168,25.97895,26.22024,35685019.0
2025-08-26,26.09959,28.029919999999997,25.97895,28.029919999999997,32139891.0
2025-08-27,28.99508,29.960240000000002,28.552709999999998,29.63852,61205150.0
2025-08-28,29.759169999999997,30.9254,28.834220000000002,30.885189999999998,58131489.0
2025-08-29,31.20691,31.568849999999998,30.281959999999998,30.32218,64723915.0
2025-09-03,30.24175,30.44282,29.67874,30.1211,22954461.0
2025-09-04,30.44282,30.52325,29.839599999999997,30.16132,24546691.0
2025-09-05,30.563470000000002,30.563470000000002,28.552709999999998,28.95486,38211276.0
2025-09-08,28.91465,28.91465,26.944110000000002,26.944110000000002,48982573.0
2025-09-09,26.22024,28.552709999999998,25.37572,28.552709999999998,38484016.0
2025-09-10,29.27659,29.3168,28.27121,28.794,33147584.0
2025-09-11,28.71357,28.71357,26.78325,27.9897,44968309.0
2025-09-12,28.19078,28.27121,27.62777,28.150560000000002,27332534.0
2025-09-15,29.357020000000002,30.1211,28.95486,30.1211,49414790.0
2025-09-16,32.13186,32.13186,30.16132,30.563470000000002,62396426.0
2025-09-17,30.16132,30.32218,29.357020000000002,29.357020000000002,20229201.0
2025-09-18,29.51788,30.1211,28.71357,29.759169999999997,27634097.0
2025-09-19,29.839599999999997,30.16132,28.31142,28.31142,39125288.0
2025-09-22,28.95486,29.11573,26.984330000000003,29.075509999999998,47715818.0
2025-09-23,29.075509999999998,29.92003,28.753790000000002,29.67874,23347286.0
2025-09-24,29.879810000000003,29.879810000000003,28.95486,29.839599999999997,25953101.0
2025-09-25,30.00046,30.563470000000002,29.79938,29.960240000000002,24982744.0
2025-09-26,30.08089,30.08089,28.91465,28.95486,22054389.0
2025-09-29,28.95486,29.51788,28.552709999999998,29.03529,17412043.0
2025-09-30,29.357020000000002,29.357020000000002,28.27121,29.03529,17675973.0
2025-10-01,29.59831,30.40261,29.39723,29.759169999999997,31108284.0
2025-10-02,30.16132,30.16132,28.99508,29.11573,14725078.0
2025-10-03,29.03529,29.03529,28.230990000000002,28.552709999999998,22126214.0
2025-10-06,29.357020000000002,30.52325,28.95486,30.52325,44778475.0
2025-10-07,30.563470000000002,31.28734,30.04067,30.16132,27396580.0
2025-10-08,30.965619999999998,31.16669,29.39723,30.643900000000002,41812324.0
2025-10-09,31.28734,31.28734,30.24175,30.643900000000002,31767888.0
2025-10-10,30.563470000000002,31.12648,30.1211,30.281959999999998,40704663.0
2025-10-13,29.79938,30.281959999999998,29.51788,30.16132,33224063.0
2025-10-14,30.724330000000002,32.21229,30.643900000000002,31.4482,76609977.0
2025-10-15,32.01121,32.33293,31.488419999999998,31.85035,42922425.0
2025-10-16,32.21229,32.534009999999995,31.52863,31.81014,37120252.0
2025-10-17,31.93078,32.29272,30.76454,30.885189999999998,42472768.0
2025-10-20,30.724330000000002,31.36777,28.753790000000002,28.753790000000002,45048379.0
2025-10-21,28.59293,29.11573,26.86368,27.90927,76690422.0
2025-10-22,28.029919999999997,28.230990000000002,26.13981,27.9897,35343493.0
2025-10-23,28.150560000000002,28.150560000000002,26.62239,26.62239,22109480.0
2025-10-24,26.340880000000002,26.3811,24.89314,24.89314,51402629.0
2025-10-27,24.93336,26.46153,24.7725,24.93336,56395869.0
2025-10-28,25.33551,25.737659999999998,24.81271,25.737659999999998,27833612.0
2025-10-29,25.77787,25.89852,25.01379,25.33551,26730634.0
2025-10-30,25.41594,25.41594,23.56604,23.56604,65660009.0
2025-10-31,23.32475,24.04862,22.15851,22.52045,47758633.0
2025-11-03,22.52045,22.641099999999998,20.952060000000003,20.952060000000003,70772259.0
2025-11-04,20.670560000000002,22.399810000000002,20.670560000000002,22.399810000000002,63226834.0
2025-11-05,22.399810000000002,22.399810000000002,21.51507,21.75636,32164942.0
2025-11-06,21.716150000000003,21.87701,20.952060000000003,21.11292,26186724.0
2025-11-07,21.11292,21.434639999999998,19.705389999999998,19.705389999999998,32239364.0
2025-11-10,19.58475,19.986900000000002,18.498939999999997,18.82066,60778034.0
2025-11-11,19.06195,19.624959999999998,18.6598,19.58475,41173065.0
2025-11-12,19.94668,20.71077,19.58475,20.46948,52155368.0
2025-11-13,20.509700000000002,20.54991,19.94668,20.10755,36141350.0
2025-11-14,20.02711,21.11292,19.86625,20.75099,47766867.0
2025-11-17,20.87163,21.032490000000003,20.54991,20.911849999999998,30026995.0
2025-11-18,20.992279999999997,21.47486,20.590130000000002,20.911849999999998,44359071.0
2025-11-19,20.87163,20.911849999999998,19.74561,20.10755,42831793.0
2025-11-20,20.10755,20.38905,19.38367,19.74561,37895349.0
2025-11-21,19.38367,19.42389,18.498939999999997,18.74023,67549489.0
2025-11-24,18.94131,19.303240000000002,18.6598,18.94131,30345577.0
2025-11-25,19.02174,19.02174,18.01636,18.418509999999998,52396359.0
2025-11-26,18.61959,19.705389999999998,18.579369999999997,19.705389999999998,62818471.0
2025-11-27,20.10755,20.952060000000003,19.94668,20.228189999999998,69117423.0
2025-11-28,20.42927,20.42927,19.58475,19.705389999999998,58465640.0
2025-12-01,19.78582,20.18798,19.34346,19.705389999999998,36448285.0
2025-12-02,19.74561,19.74561,18.98152,19.66518,40975216.0
2025-12-03,19.826040000000003,19.826040000000003,19.26303,19.544529999999998,31597993.0
2025-12-04,19.705389999999998,20.308619999999998,19.705389999999998,20.147759999999998,54496052.0
2025-12-05,20.228189999999998,20.38905,19.58475,19.624959999999998,33297765.0
2025-12-08,19.74561,19.74561,18.90109,18.94131,31330822.0
2025-12-09,18.6598,19.02174,18.01636,18.90109,59348636.0
2025-12-10,18.90109,19.303240000000002,18.33808,18.498939999999997,29290892.0
2025-12-11,18.61959,19.02174,18.45873,18.82066,24958990.0
2025-12-12,18.98152,18.98152,17.53378,17.53378,42285071.0
2025-12-15,17.573990000000002,17.97615,17.17184,17.53378,35442252.0
2025-12-16,17.69464,18.53916,16.890340000000002,18.418509999999998,49683731.0
2025-12-17,18.418509999999998,18.45873,17.77507,17.89572,23727230.0
2025-12-18,17.97615,17.97615,17.453349999999997,17.69464,25587318.0
2025-12-19,17.815279999999998,18.096790000000002,17.65442,17.93593,30823839.0
2025-12-22,18.21744,19.06195,18.01636,18.90109,53328186.0
2025-12-23,19.06195,19.544529999999998,18.780450000000002,19.222810000000003,49142458.0
2025-12-24,19.222810000000003,19.303240000000002,18.780450000000002,18.98152,27940061.0
2025-12-25,19.06195,19.58475,18.498939999999997,18.498939999999997,37877285.0
2025-12-26,18.498939999999997,18.74023,17.65442,18.33808,45236209.0
2025-12-29,18.498939999999997,18.6598,18.25765,18.33808,13708096.0
2025-12-30,18.45873,18.61959,18.25765,18.418509999999998,24753377.0
2025-12-31,18.53916,18.53916,18.01636,18.096790000000002,19053873.0
2026-01-05,18.21744,18.21744,16.85012,16.890340000000002,81308525.0
2026-01-06,17.01098,17.29249,16.20668,16.890340000000002,43191412.0
2026-01-07,17.17184,17.8555,17.13163,17.573990000000002,31437135.0
2026-01-08,17.69464,18.29787,17.453349999999997,17.69464,47509197.0
2026-01-09,17.93593,18.01636,16.80991,17.21206,58494901.0
2026-01-12,17.372919999999997,18.3783,17.25227,18.3783,61581430.0
2026-01-13,18.90109,19.624959999999998,18.86088,19.624959999999998,101502765.0
2026-01-14,19.86625,20.18798,19.06195,19.86625,62600098.0
2026-01-15,20.02711,20.71077,19.705389999999998,20.18798,70481222.0
2026-01-16,20.46948,20.46948,19.4641,19.86625,50512084.0
2026-01-19,19.906470000000002,21.23357,19.705389999999998,20.911849999999998,68138065.0
2026-01-20,21.07271,21.07271,20.147759999999998,20.54991,47674463.0
2026-01-21,20.26841,20.308619999999998,19.14238,19.58475,83051459.0
2026-01-22,19.74561,20.067330000000002,19.303240000000002,19.78582,32723352.0
2026-01-23,19.86625,20.228189999999998,19.4641,19.544529999999998,39720549.0
2026-01-26,19.544529999999998,19.544529999999998,18.177220000000002,18.29787,63159561.0
2026-01-27,18.45873,18.579369999999997,17.97615,18.177220000000002,35457706.0
2026-01-28,18.33808,18.33808,17.493560000000002,17.734849999999998,46550883.0
2026-01-29,17.8555,18.25765,17.69464,17.69464,20268471.0
2026-01-30,17.815279999999998,18.25765,17.413130000000002,18.177220000000002,29059127.0
2026-02-02,18.21744,18.21744,17.3327,17.61421,36827170.0
2026-02-03,17.815279999999998,18.53916,17.77507,18.25765,35185615.0
2026-02-04,18.45873,18.86088,18.177220000000002,18.177220000000002,29588635.0
2026-02-05,18.33808,18.33808,17.77507,17.8555,20602514.0
2026-02-06,17.77507,17.815279999999998,17.0512,17.0512,38448743.0
2026-02-09,17.3327,17.413130000000002,16.769689999999997,16.769689999999997,20855223.0
2026-02-10,16.93055,17.25227,16.56862,17.0512,24424703.0
2026-02-11,17.17184,18.05658,17.13163,17.8555,30275420.0
2026-02-12,18.01636,18.01636,17.453349999999997,17.61421,15672119.0
2026-02-13,17.61421,18.418509999999998,17.413130000000002,18.13701,32466699.0
2026-02-23,18.177220000000002,18.418509999999998,17.372919999999997,18.29787,49081205.0
2026-02-24,18.13701,19.42389,18.096790000000002,18.6598,55240176.0
2026-02-25,18.94131,18.98152,18.33808,18.3783,36527407.0
2026-02-26,18.418509999999998,18.61959,18.096790000000002,18.21744,30690740.0
2026-02-27,18.25765,18.579369999999997,17.8555,18.096790000000002,31597971.0
2026-03-02,17.13163,17.89572,17.13163,17.21206,55520435.0
2026-03-03,17.21206,17.8555,17.13163,17.53378,41145978.0
2026-03-04,17.413130000000002,17.77507,16.48819,16.97077,51184908.0
2026-03-05,17.29249,17.77507,16.48819,16.48819,88958785.0
2026-03-06,17.57178,17.57178,16.762240000000002,16.80986,41852665.0
2026-03-09,15.666979999999999,16.09556,15.666979999999999,15.666979999999999,17513427.0
2026-03-10,15.9527,16.23842,15.095540000000002,15.2384,46710450.0
2026-03-11,15.14316,16.28604,15.095540000000002,16.28604,37474171.0
2026-03-12,16.1908,16.85748,15.9527,16.00032,29491563.0
2026-03-13,16.00032,16.28604,15.52412,15.666979999999999,25639289.0
2026-03-16,15.85746,16.00032,15.28602,15.42888,26116687.0
2026-03-17,16.00032,16.47652,15.90508,16.09556,45290608.0
2026-03-18,16.33366,16.428900000000002,15.61936,15.80984,22779151.0
2026-03-19,15.57174,15.666979999999999,15.19078,15.42888,30465888.0
2026-03-20,15.42888,16.00032,15.2384,15.4765,31677090.0
2026-03-23,15.2384,15.333639999999999,14.42886,14.61934,37964386.0
2026-03-24,15.095540000000002,15.42888,14.85744,14.905059999999999,21932069.0
2026-03-25,15.14316,15.57174,15.0003,15.42888,30968882.0
2026-03-26,15.42888,15.52412,15.14316,15.2384,17760061.0
2026-03-27,15.28602,16.04794,15.2384,15.9527,39016027.0
2026-03-30,15.42888,15.9527,15.28602,15.57174,25152502.0
2026-03-31,15.76222,16.28604,15.61936,15.85746,27113257.0
2026-04-01,16.28604,16.571759999999998,16.09556,16.1908,46234845.0
2026-04-02,16.00032,16.1908,15.57174,15.80984,27887915.0
2026-04-03,15.80984,16.00032,15.381260000000001,15.42888,34865543.0
2026-04-06,15.42888,15.61936,15.095540000000002,15.095540000000002,37084497.0
2026-04-07,15.381260000000001,16.14318,15.2384,16.14318,38762464.0
2026-04-08,17.1432,17.238439999999997,16.762240000000002,17.238439999999997,75375201.0
2026-04-09,16.952720000000003,17.52416,16.905099999999997,17.1432,55504577.0
2026-04-10,17.428919999999998,17.71464,17.1432,17.19082,41364779.0
2026-04-13,16.905099999999997,17.428919999999998,16.85748,17.19082,33408948.0
2026-04-14,17.52416,17.619400000000002,17.04796,17.286060000000003,32365935.0
2026-04-15,17.52416,17.80988,17.238439999999997,17.33368,50158675.0
2026-04-16,17.33368,17.428919999999998,16.762240000000002,16.952720000000003,43443896.0
2026-04-17,17.04796,17.1432,16.667,16.667,30446105.0
2026-04-20,16.33366,16.85748,16.09556,16.571759999999998,42470391.0
2026-04-21,16.71462,16.80986,16.1908,16.23842,30394504.0
2026-04-22,16.33366,16.47652,16.23842,16.23842,21458777.0
2026-04-23,16.28604,16.38128,15.52412,16.04794,53374782.0
2026-04-24,16.09556,16.09556,15.7146,15.80984,17040648.0
2026-04-28,15.90508,15.9527,15.52412,15.57174,16159679.0
2026-04-29,15.61936,16.00032,15.57174,15.90508,15760254.0
2026-05-04,16.04794,16.28604,15.9527,16.04794,15296588.0
2026-05-05,16.04794,16.04794,15.666979999999999,15.666979999999999,14873228.0
2026-05-06,15.80984,16.762240000000002,15.7146,16.762240000000002,56184954.0
2026-05-07,17.04796,17.57178,16.85748,16.85748,56260981.0
2026-05-08,16.85748,17.952740000000002,16.762240000000002,17.71464,79549670.0
2026-05-11,17.952740000000002,18.90514,17.8575,18.428939999999997,104374688.0
2026-05-12,18.476560000000003,18.5718,17.90512,18.14322,38072784.0
2026-05-13,18.19084,18.476560000000003,17.238439999999997,17.90512,67884498.0
2026-05-14,18.00036,18.286080000000002,17.762259999999998,17.952740000000002,23989210.0
2026-05-15,18.14322,18.476560000000003,17.762259999999998,17.8575,31968132.0
2026-05-18,17.52416,18.095599999999997,17.3813,18.095599999999997,44261781.0
2026-05-19,18.3337,18.85752,17.952740000000002,18.3337,62966849.0
2026-05-20,18.19084,18.476560000000003,17.1432,17.90512,50908766.0
2026-05-21,18.14322,18.428939999999997,17.90512,18.19084,37001305.0
2026-05-22,18.04798,18.38132,17.3813,17.66702,67543718.0
2026-05-25,17.762259999999998,17.952740000000002,17.52416,17.66702,20476240.0
2026-05-26,17.619400000000002,18.04798,17.57178,17.762259999999998,24656731.0
2026-05-27,17.80988,18.00036,17.47654,17.47654,27796501.0
2026-05-28,17.3813,17.71464,16.762240000000002,16.762240000000002,60346387.0
2026-05-29,16.571759999999998,17.238439999999997,16.52414,16.85748,49091242.0
2026-06-01,16.85748,17.33368,16.762240000000002,17.04796,36644024.0
2026-06-02,17.00034,17.19082,16.52414,16.571759999999998,30716430.0
2026-06-03,16.667,17.04796,16.52414,17.04796,29484126.0
2026-06-04,17.1432,17.238439999999997,16.762240000000002,17.04796,23393742.0
2026-06-05,17.09558,17.238439999999997,16.905099999999997,16.905099999999997,25984292.0
2026-06-08,16.52414,16.571759999999998,15.9527,16.04794,55580531.0
2026-06-09,16.14318,16.33366,16.00032,16.28604,24291658.0
2026-06-10,16.1908,16.52414,16.09556,16.23842,21224282.0
2026-06-11,16.09556,16.23842,15.90508,16.04794,28089615.0
2026-06-12,16.33366,16.38128,16.04794,16.23842,25924734.0
2026-06-15,16.47652,17.04796,16.428900000000002,16.762240000000002,51596663.0
2026-06-16,16.80986,17.33368,16.667,17.1432,42892055.0
2026-06-17,17.19082,17.33368,17.00034,17.09558,30911667.0
2026-06-18,16.952720000000003,17.238439999999997,16.85748,16.85748,31347675.0
2026-06-19,16.80986,17.00034,16.61938,16.61938,33179958.0
2026-06-22,16.667,16.762240000000002,16.38128,16.571759999999998,26905100.0
2026-06-23,16.667,16.762240000000002,16.23842,16.28604,28658070.0
2026-06-24,16.23842,16.38128,16.00032,16.14318,30570051.0
2026-06-25,16.1908,16.28604,15.90508,15.90508,18538984.0
2026-06-26,15.90508,16.23842,15.85746,16.04794,23539736.0
2026-06-29,16.14318,16.1908,15.9527,16.00032,17411441.0
2026-06-30,16.14318,16.47652,16.04794,16.09556,24462296.0
2026-07-01,16.1908,16.33366,16.09556,16.28604,23256293.0
2026-07-02,16.33366,16.428900000000002,16.09556,16.09556,20836399.0
2026-07-03,16.1908,16.38128,16.04794,16.23842,33085966.0
2026-07-06,16.33366,16.38128,15.14316,15.52412,54202916.0
2026-07-07,15.57174,15.85746,15.4765,15.7146,24450545.0
2026-07-08,15.7146,16.04794,15.61936,15.7146,22174103.0
2026-07-09,15.61936,15.7146,15.2384,15.28602,40781047.0
2026-07-10,15.333639999999999,15.42888,14.66696,14.71458,50402846.0
2026-07-13,14.71458,14.71458,13.714559999999999,13.95266,53355962.0
2026-07-14,13.8098,14.190760000000001,13.8098,14.00028,22022908.0
2026-07-15,14.0479,14.09552,13.0955,13.28598,50760990.0
2026-07-16,13.143120000000001,13.85742,12.57168,13.381219999999999,54848704.0
2026-07-17,13.3336,13.5717,13.04788,13.0955,19634822.0
2026-07-20,12.619299999999999,12.90502,12.190719999999999,12.190719999999999,51691720.0
2026-07-21,12.1431,12.57168,11.71452,11.905,41226022.0
2026-07-22,12.09548,12.23834,11.38118,11.524040000000001,80736849.0
2026-07-23,11.38118,12.28596,11.38118,12.28596,70774037.0
2026-07-24,12.381200000000002,12.42882,11.85738,11.85738,38036867.0
2026-07-27,11.952620000000001,12.09548,11.190700000000001,11.190700000000001,45867611.0
2026-07-28,11.14308,11.952620000000001,11.000219999999999,11.71452,56006107.0
2026-07-29,11.85738,11.85738,11.524040000000001,11.61928,24051695.0
2026-07-30,11.6669,12.42882,11.61928,12.42882,76210227.0
2026-07-31,12.57168,12.76216,12.33358,12.381200000000002,52083810.0
2026-08-03,12.524059999999999,12.952639999999999,12.47644,12.76216,43000334.0
2026-08-04,12.76216,13.28598,12.57168,13.23836,51481288.0
2026-08-05,13.381219999999999,13.5717,13.143120000000001,13.3336,46944194.0
2026-08-06,13.3336,13.428840000000001,13.00026,13.04788,42245378.0
2026-08-07,12.952639999999999,13.23836,12.8574,12.952639999999999,30055578.0
2026-08-10,13.00026,13.47646,13.00026,13.28598,40865565.0
2026-08-11,13.23836,13.8098,13.23836,13.52408,54486539.0
2026-08-12,13.61932,13.8098,13.428840000000001,13.61932,31518339.0
2026-08-13,13.66694,13.76218,13.19074,13.23836,55311866.0
2026-08-14,13.00026,13.143120000000001,12.66692,12.80978,73424928.0
2026-08-17,12.76216,12.952639999999999,12.66692,12.714540000000001,20797330.0
2026-08-18,12.714540000000001,12.90502,12.42882,12.524059999999999,31137742.0
2026-08-19,12.47644,12.57168,12.28596,12.47644,27001908.0
2026-08-20,12.75,12.9,12.55,12.65,21233197.0
2026-08-21,12.65,13.5,12.65,13.5,51083433.0
2026-08-24,14.0,14.25,13.8,13.8,63698936.0
2026-08-25,13.8,14.35,13.7,14.1,73706316.0
2026-08-26,14.05,14.45,13.85,14.35,47836495.0
2026-08-27,14.45,14.65,14.2,14.25,36722840.0
2026-08-28,14.15,14.35,13.95,14.1,42447310.0
2026-09-03,13.95,14.3,13.9,14.05,31260899.0
2026-09-04,14.05,14.2,14.0,14.0,31867004.0
2026-09-07,14.05,14.1,13.6,13.6,50526200.0
2026-09-08,13.55,14.0,13.55,13.75,40291200.0
2026-09-09,13.8,13.9,13.6,13.6,35706800.0
2026-09-10,13.55,13.9,13.5,13.8,25599500.0
2026-09-11,13.65,13.75,13.25,13.25,39176700.0
2026-09-14,13.15,13.35,12.35,12.6,82875800.0
2026-09-15,12.65,13.35,12.65,12.9,32852700.0
2026-09-16,13.05,13.15,12.65,12.65,24790400.0
2026-09-17,12.6,13.3,12.6,12.85,39173300.0
2026-09-18,13.15,13.45,13.0,13.15,43747600.0
2026-09-21,13.3,13.45,12.8,12.8,26970400.0
2026-09-22,12.85,13.15,12.8,13.05,19673900.0
2026-09-23,13.05,13.2,12.9,12.95,17614300.0
2026-09-24,12.9,13.0,12.65,12.75,26613900.0
2026-09-25,12.75,12.9,12.65,12.65,19201700.0
2026-09-28,12.65,12.75,12.35,12.4,26328800.0
2026-09-29,12.35,12.65,12.2,12.45,19488600.0
2026-09-30,12.45,12.65,12.3,12.3,21090600.0
2026-10-01,12.35,12.5,12.05,12.15,26670200.0
2026-10-02,12.1,12.25,11.8,11.8,32713200.0
