,open,high,low,close,volume
2020-05-08,88.61184,94.76544,88.53492,92.304,922100.0
2020-05-11,91.76556,91.76556,90.45792,91.22712,404180.0
2020-05-12,91.22712,91.22712,89.68872,90.30408,448580.0
2020-05-13,89.9964,89.9964,83.99664,88.38108,709770.0
2020-05-14,88.30416000000001,88.30416000000001,86.76576,87.6888,529830.0
2020-05-15,87.6888,88.07339999999999,87.53496000000001,87.6888,396390.0
2020-05-18,87.6888,87.84264,86.99652,87.6888,403230.0
2020-05-19,88.458,89.2272,88.07339999999999,88.38108,565860.0
2020-05-20,88.07339999999999,88.07339999999999,87.3042,87.45804,290200.0
2020-05-21,87.45804,88.458,87.38112,88.458,452160.0
2020-05-22,88.30416000000001,88.30416000000001,86.9196,87.6888,397860.0
2020-05-25,87.6888,87.6888,86.99652,86.99652,331260.0
2020-05-26,86.9196,87.15036,86.45808,86.9196,464120.0
2020-05-27,86.9196,88.61184,86.9196,86.9196,496870.0
2020-05-28,86.9196,87.84264,86.9196,87.15036,436060.0
2020-05-29,87.15036,87.15036,86.84267999999999,86.9196,449840.0
2020-06-01,86.9196,87.6888,86.84267999999999,87.15036,406510.0
2020-06-02,87.15036,88.8426,87.07344,88.22724000000001,593950.0
2020-06-03,88.22724000000001,88.22724000000001,87.45804,87.53496000000001,311360.0
2020-06-04,87.61188,87.91956,87.53496000000001,87.91956,687650.0
2020-06-05,87.76572,87.91956,87.38112,87.91956,368780.0
2020-06-08,87.91956,88.91952,87.91956,88.458,688020.0
2020-06-09,89.84255999999999,91.38096,89.2272,90.61175999999999,727700.0
2020-06-10,90.68867999999999,91.07328,90.30408,90.61175999999999,544330.0
2020-06-11,90.61175999999999,90.68867999999999,87.3042,87.3042,697580.0
2020-06-12,86.15039999999999,87.22728,84.07356,87.22728,657920.0
2020-06-15,86.30424000000001,86.30424000000001,83.8428,83.8428,629650.0
2020-06-16,84.612,84.91968,82.38132,82.84284,612480.0
2020-06-17,82.84284,84.45816,82.689,84.45816,479940.0
2020-06-18,84.22739999999999,85.61196000000001,83.8428,85.38119999999999,345560.0
2020-06-19,85.38119999999999,86.07347999999999,84.22739999999999,84.612,418810.0
2020-06-22,83.8428,84.612,83.22744,83.8428,276620.0
2020-06-23,83.45819999999999,85.38119999999999,83.22744,84.15048,277520.0
2020-06-24,84.15048,84.15048,83.0736,83.45819999999999,267910.0
2020-06-25,83.0736,83.45819999999999,82.45824,83.45819999999999,258530.0
2020-06-26,83.22744,83.61204,82.689,83.45819999999999,248260.0
2020-06-29,83.8428,84.22739999999999,81.91980000000001,82.15056,328140.0
2020-06-30,82.99668,83.0736,81.84288000000001,83.0736,289590.0
2020-07-01,83.0736,83.45819999999999,82.38132,83.0736,313260.0
2020-07-02,83.0736,83.0736,82.22748,82.99668,244570.0
2020-07-03,82.689,83.22744,82.689,83.0736,284360.0
2020-07-06,83.0736,83.22744,82.45824,82.84284,318520.0
2020-07-07,82.689,83.8428,82.689,83.30436,350630.0
2020-07-08,83.15052,83.15052,82.689,82.76592,289450.0
2020-07-09,82.76592,84.22739999999999,82.53516,83.15052,519710.0
2020-07-10,83.15052,84.612,82.84284,83.0736,401690.0
2020-07-13,83.0736,84.22739999999999,82.3044,83.0736,369240.0
2020-07-14,83.0736,83.38128,82.3044,83.0736,327810.0
2020-07-15,83.0736,83.53511999999999,82.91976,82.91976,210730.0
2020-07-16,82.91976,86.15039999999999,82.53516,86.15039999999999,280190.0
2020-07-17,83.8428,83.8428,83.0736,83.8428,319230.0
2020-07-20,83.61204,83.61204,82.53516,82.689,218370.0
2020-07-21,82.61208,83.45819999999999,82.3044,83.38128,232510.0
2020-07-22,83.30436,83.30436,82.61208,82.61208,247420.0
2020-07-23,82.61208,83.0736,82.45824,82.99668,252960.0
2020-07-24,82.689,82.99668,78.76608,79.84296,351710.0
2020-07-27,75.3816,76.92,74.30472,75.30467999999999,362790.0
2020-07-28,75.22775999999999,75.30467999999999,72.99708,74.2278,334050.0
2020-07-29,73.8432,74.15088,72.53556,73.15092,229700.0
2020-07-30,73.15092,74.6124,73.15092,73.8432,208710.0
2020-07-31,73.074,73.76628,72.68939999999999,72.68939999999999,266790.0
2020-08-03,72.68939999999999,73.99704,72.68939999999999,73.8432,297320.0
2020-08-04,73.8432,74.997,73.8432,74.6124,323790.0
2020-08-05,74.6124,76.92,73.92012,76.76616,413720.0
2020-08-06,76.92,78.53532000000001,76.92,77.6892,362410.0
2020-08-07,77.6892,77.84303999999999,76.30464,77.15075999999999,255020.0
2020-08-10,77.15075999999999,77.6892,76.92,76.92,339710.0
2020-08-11,76.92,76.99692,76.22772,76.5354,240830.0
2020-08-12,76.76616,77.30460000000001,76.68924000000001,77.30460000000001,298910.0
2020-08-13,78.15072,78.15072,77.38152000000001,78.15072,421970.0
2020-08-14,78.15072,78.22764,77.15075999999999,77.38152000000001,362250.0
2020-08-17,77.38152000000001,77.38152000000001,75.99696,77.07383999999999,265010.0
2020-08-18,76.92,77.07383999999999,76.07388,76.76616,267090.0
2020-08-19,76.76616,76.92,76.61232000000001,76.92,245440.0
2020-08-20,76.84308,76.92,75.99696,76.61232000000001,481250.0
2020-08-21,76.68924000000001,76.68924000000001,76.22772,76.61232000000001,270450.0
2020-08-24,76.68924000000001,77.22767999999999,76.68924000000001,76.92,537630.0
2020-08-25,76.99692,77.22767999999999,76.30464,76.5354,560970.0
2020-08-26,76.76616,77.38152000000001,76.61232000000001,77.38152000000001,460680.0
2020-08-27,77.30460000000001,77.38152000000001,76.5354,76.61232000000001,276490.0
2020-08-28,76.76616,77.53536,76.76616,77.38152000000001,480460.0
2020-08-31,77.6892,79.38144,77.45844,79.22760000000001,489880.0
2020-09-01,79.76603999999999,81.15060000000001,79.68911999999999,81.15060000000001,686820.0
2020-09-03,81.99672,82.99668,81.91980000000001,82.76592,607480.0
2020-09-04,81.15060000000001,82.76592,81.15060000000001,82.76592,663890.0
2020-09-07,83.0736,83.0736,81.22752,82.3044,485630.0
2020-09-08,82.3044,82.3044,81.07368,82.15056,404020.0
2020-09-09,81.5352,81.5352,80.30448,81.5352,527620.0
2020-09-10,81.5352,81.68903999999999,81.15060000000001,81.5352,460670.0
2020-09-11,81.5352,81.5352,80.3814,81.38136,409590.0
2020-09-14,81.5352,82.61208,81.5352,82.61208,551420.0
2020-09-15,82.689,83.0736,81.5352,82.22748,415560.0
2020-09-16,82.22748,82.22748,81.5352,82.22748,443260.0
2020-09-17,82.22748,82.22748,81.45828,81.45828,566330.0
2020-09-18,80.99676,81.61211999999999,80.99676,81.5352,356340.0
2020-09-21,81.5352,82.3044,81.5352,81.91980000000001,416780.0
2020-09-22,81.91980000000001,82.15056,81.45828,82.07364,641230.0
2020-09-23,82.07364,82.15056,81.5352,81.91980000000001,370730.0
2020-09-24,81.61211999999999,81.84288000000001,81.15060000000001,81.38136,353690.0
2020-09-25,81.38136,81.68903999999999,80.99676,81.22752,314150.0
2020-09-28,81.30444,81.38136,80.766,81.15060000000001,331270.0
2020-09-29,81.07368,81.07368,79.99680000000001,79.99680000000001,374370.0
2020-09-30,79.84296,80.99676,79.84296,80.45832,413700.0
2020-10-01,80.53524,81.15060000000001,80.45832,81.15060000000001,445300.0
2020-10-02,81.15060000000001,81.22752,80.22756,80.68908,384660.0
2020-10-05,80.766,81.07368,80.61216,80.61216,306570.0
2020-10-06,80.61216,80.68908,79.91988,80.3814,408750.0
2020-10-07,80.22756,80.22756,79.22760000000001,79.99680000000001,356210.0
2020-10-08,79.99680000000001,79.99680000000001,79.45836,79.99680000000001,405290.0
2020-10-09,79.99680000000001,80.61216,79.99680000000001,80.30448,380200.0
2020-10-12,80.30448,80.766,80.15064,80.766,496670.0
2020-10-13,80.99676,81.15060000000001,80.53524,80.766,338730.0
2020-10-14,80.766,80.766,79.99680000000001,80.45832,297820.0
2020-10-15,80.3814,81.5352,79.6122,81.5352,500370.0
2020-10-16,81.38136,81.45828,80.45832,80.766,417480.0
2020-10-19,80.766,80.766,79.99680000000001,80.3814,334870.0
2020-10-20,80.3814,80.3814,79.6122,80.3814,439430.0
2020-10-21,80.30448,80.45832,79.84296,79.91988,467800.0
2020-10-22,79.84296,80.766,79.53528,80.766,506260.0
2020-10-23,80.766,80.99676,79.99680000000001,80.99676,677260.0
2020-10-26,80.99676,81.07368,80.3814,80.3814,607970.0
2020-10-27,80.3814,80.84291999999999,79.99680000000001,80.3814,618430.0
2020-10-28,80.3814,80.84291999999999,78.843,79.99680000000001,729460.0
2020-10-29,79.99680000000001,79.99680000000001,76.99692,78.68916,588780.0
2020-10-30,78.53532000000001,78.53532000000001,76.45848,77.84303999999999,519620.0
2020-11-02,77.6892,80.68908,77.30460000000001,80.68908,507940.0
2020-11-03,80.68908,81.22752,79.22760000000001,81.15060000000001,582490.0
2020-11-04,81.15060000000001,81.30444,80.99676,81.15060000000001,566300.0
2020-11-05,81.15060000000001,81.38136,81.07368,81.30444,542890.0
2020-11-06,81.30444,81.38136,80.61216,81.30444,560540.0
2020-11-09,81.30444,81.5352,81.15060000000001,81.5352,485200.0
2020-11-10,87.22728,87.22728,87.22728,87.22728,694840.0
2020-11-11,87.6888,88.07339999999999,86.84267999999999,87.53496000000001,690230.0
2020-11-12,87.3042,87.61188,86.45808,86.68884,440800.0
2020-11-13,86.30424000000001,86.68884,84.9966,86.68884,491700.0
2020-11-16,86.76576,87.61188,82.99668,85.53504,673890.0
2020-11-17,85.7658,86.9196,84.68892,86.9196,633100.0
2020-11-18,87.07344,87.45804,86.22732,87.3042,761020.0
2020-11-19,87.15036,87.45804,85.99656,87.45804,666610.0
2020-11-20,86.9196,92.68860000000001,86.9196,91.45788,829730.0
2020-11-23,91.45788,91.5348,90.68867999999999,91.45788,447160.0
2020-11-24,91.45788,91.45788,89.9964,90.7656,403970.0
2020-11-25,90.91944000000001,92.45783999999999,90.7656,91.5348,617760.0
2020-11-26,91.5348,92.38092,90.7656,92.38092,599050.0
2020-11-27,92.45783999999999,92.45783999999999,91.38096,91.5348,406570.0
2020-11-30,91.30404,91.45788,90.30408,90.381,636680.0
2020-12-01,89.2272,90.84252000000001,88.458,90.7656,558190.0
2020-12-02,90.61175999999999,91.9194,90.381,91.9194,612480.0
2020-12-03,92.07324,92.07324,90.91944000000001,91.38096,448840.0
2020-12-04,90.91944000000001,91.5348,90.68867999999999,91.1502,496960.0
2020-12-07,91.07328,91.07328,90.30408,90.7656,483840.0
2020-12-08,90.68867999999999,91.30404,90.45792,91.1502,522530.0
2020-12-09,91.1502,92.304,90.99636,92.304,683020.0
2020-12-10,92.53475999999999,92.84244,91.5348,92.15016,655870.0
2020-12-11,92.15016,93.99624,92.07324,93.99624,721710.0
2020-12-14,94.45776,97.68839999999999,94.38083999999999,97.68839999999999,722460.0
2020-12-15,97.68839999999999,99.2268,96.15,96.15,948860.0
2020-12-16,96.15,98.53452,95.99616,98.53452,530890.0
2020-12-17,97.68839999999999,98.073,95.7654,95.84232,590300.0
2020-12-18,95.68848,97.30380000000001,95.68848,96.15,832310.0
2020-12-21,96.30384,96.76536,95.99616,96.76536,652430.0
2020-12-22,96.53460000000001,96.61152,94.91928,95.07311999999999,517670.0
2020-12-23,95.07311999999999,95.07311999999999,93.91932000000001,94.30392,529610.0
2020-12-24,94.45776,95.15003999999999,93.76548,94.61160000000001,523500.0
2020-12-25,94.61160000000001,96.9192,94.45776,96.84228,874910.0
2020-12-28,96.84228,96.9192,95.68848,96.07308,611380.0
2020-12-29,95.84232,96.9192,95.53464,96.61152,637610.0
2020-12-30,96.61152,96.68844,95.7654,95.7654,564770.0
2020-12-31,95.7654,96.84228,95.38080000000001,96.15,628120.0
2021-01-04,96.30384,96.9192,95.38080000000001,96.76536,792100.0
2021-01-05,96.76536,97.07303999999999,95.84232,95.99616,653500.0
2021-01-06,96.07308,96.15,94.38083999999999,95.15003999999999,635000.0
2021-01-07,95.15003999999999,96.45768,94.9962,95.84232,616000.0
2021-01-08,96.22691999999999,97.45764,96.22691999999999,97.30380000000001,739800.0
2021-01-11,97.30380000000001,101.53439999999999,97.30380000000001,100.99596000000001,786900.0
2021-01-12,101.07288,101.22672,100.53444,101.1498,633500.0
2021-01-13,101.30364,101.53439999999999,100.84212,100.99596000000001,623100.0
2021-01-14,100.61136,101.07288,99.61139999999999,100.53444,749700.0
2021-01-15,100.91904,101.38056,99.996,101.38056,752000.0
2021-01-18,101.45747999999999,101.76516000000001,100.91904,101.53439999999999,850100.0
2021-01-19,101.53439999999999,101.68824000000001,98.38068,98.38068,700700.0
2021-01-20,98.76528,99.996,96.9192,99.996,634500.0
2021-01-21,99.996,101.1498,99.07296000000001,100.7652,755200.0
2021-01-22,101.22672,103.0728,100.7652,102.91896000000001,878700.0
2021-01-25,102.76512,102.99588,102.53436,102.76512,824300.0
2021-01-26,102.76512,102.76512,99.61139999999999,100.7652,469900.0
2021-01-27,100.53444,100.7652,98.84219999999999,100.61136,683300.0
2021-01-28,97.91916,98.073,93.61164,93.61164,437200.0
2021-01-29,91.5348,99.996,90.7656,96.76536,682500.0
2021-02-01,96.76536,97.30380000000001,94.07316,96.53460000000001,593900.0
2021-02-02,96.38076,99.84216,96.22691999999999,99.76524,606400.0
2021-02-03,99.84216,101.1498,99.2268,100.7652,600400.0
2021-02-04,100.7652,100.84212,99.2268,100.45752,604900.0
2021-02-05,100.61136,100.84212,100.3806,100.84212,496400.0
2021-02-08,100.3806,100.45752,93.8424,95.84232,1310700.0
2021-02-09,96.38076,99.2268,95.53464,99.2268,660800.0
2021-02-17,99.61139999999999,100.7652,99.30372,100.7652,618600.0
2021-02-18,100.68827999999999,101.38056,99.2268,101.38056,608400.0
2021-02-19,101.1498,101.45747999999999,99.84216,101.38056,536500.0
2021-02-22,101.45747999999999,101.45747999999999,99.996,101.22672,577000.0
2021-02-23,100.99596000000001,103.45739999999999,99.45756,103.0728,1228400.0
2021-02-24,103.0728,103.842,101.1498,101.45747999999999,545400.0
2021-02-25,101.53439999999999,103.842,100.91904,103.842,839300.0
2021-02-26,103.45739999999999,104.6112,102.6882,103.91892,772100.0
2021-03-01,104.07275999999999,105.30348,103.842,104.76504,663800.0
2021-03-02,105.14964,106.5342,103.91892,105.91884,802800.0
2021-03-03,105.68808,105.99575999999999,104.2266,105.53424000000001,704400.0
2021-03-04,104.9958,105.91884,104.07275999999999,105.22655999999999,353700.0
2021-03-05,104.91888,105.3804,103.842,105.22655999999999,490100.0
2021-03-08,105.53424000000001,105.61116,103.22664,104.6112,493900.0
2021-03-09,104.30352,104.30352,102.3036,103.76508,476800.0
2021-03-10,103.76508,104.2266,102.76512,104.2266,767100.0
2021-03-11,104.45736,104.9958,103.99584,104.68812,633000.0
2021-03-12,104.2266,104.84196,103.0728,103.842,528900.0
2021-03-15,103.842,104.14967999999999,102.6882,103.842,495700.0
2021-03-16,103.842,103.91892,102.3036,103.53432000000001,477000.0
2021-03-17,103.22664,103.30356,100.91904,102.6882,564100.0
2021-03-18,102.6882,103.76508,102.3036,103.76508,499900.0
2021-03-19,103.53432000000001,103.53432000000001,100.3806,100.3806,934300.0
2021-03-22,101.22672,102.3036,101.1498,102.07284,507300.0
2021-03-23,101.53439999999999,101.99592,100.07292,100.7652,356300.0
2021-03-24,99.996,100.84212,98.073,98.4576,415100.0
2021-03-25,98.4576,100.68827999999999,98.30376,98.53452,508100.0
2021-03-26,98.68836,100.3806,98.61144,100.3806,403500.0
2021-03-29,100.3806,101.22672,100.3806,101.22672,640100.0
2021-03-30,101.22672,101.30364,99.996,101.22672,509900.0
2021-03-31,101.1498,101.22672,99.76524,99.76524,456300.0
2021-04-01,99.996,102.22667999999999,99.76524,101.919,536300.0
2021-04-02,102.91896000000001,103.30356,101.76516000000001,101.76516000000001,530900.0
2021-04-05,104.6112,104.6112,101.68824000000001,101.76516000000001,440800.0
2021-04-06,101.919,102.91896000000001,101.68824000000001,102.3036,427200.0
2021-04-07,102.3036,103.0728,101.61132,102.3036,381100.0
2021-04-08,102.6882,103.0728,101.99592,102.3036,418400.0
2021-04-09,102.6882,102.6882,101.07288,101.38056,417900.0
2021-04-12,101.61132,101.61132,100.68827999999999,101.38056,621400.0
2021-04-13,101.84208,101.84208,100.84212,101.45747999999999,499500.0
2021-04-14,101.68824000000001,101.76516000000001,100.7652,101.53439999999999,508200.0
2021-04-15,101.53439999999999,101.84208,99.2268,101.30364,640800.0
2021-04-16,101.30364,101.30364,98.61144,99.2268,431200.0
2021-04-19,99.2268,99.68832,98.4576,99.38064,592600.0
2021-04-20,99.38064,101.53439999999999,99.07296000000001,100.7652,729500.0
2021-04-22,100.3806,101.61132,100.22676,100.30368,772400.0
2021-04-23,100.30368,100.61136,97.30380000000001,99.61139999999999,812600.0
2021-04-26,100.45752,100.45752,94.9962,98.073,562600.0
2021-04-27,98.073,98.38068,96.9192,97.84224,474700.0
2021-04-28,97.84224,97.84224,95.91924,96.9192,517100.0
2021-04-29,96.9192,96.99611999999999,95.45772,96.07308,520600.0
2021-05-04,96.07308,96.15,94.61160000000001,95.38080000000001,515300.0
2021-05-05,95.38080000000001,95.99616,94.91928,95.7654,507100.0
2021-05-06,95.7654,95.7654,93.8424,93.8424,426600.0
2021-05-07,93.0732,94.30392,90.7656,91.9194,439500.0
2021-05-10,91.9194,92.304,90.7656,91.68863999999999,472400.0
2021-05-11,91.84248,92.15016,91.38096,91.5348,527700.0
2021-05-12,91.5348,91.68863999999999,90.7656,91.5348,532100.0
2021-05-13,91.5348,91.76556,89.84255999999999,89.9964,481000.0
2021-05-14,90.15024000000001,91.30404,89.76564,90.68867999999999,659000.0
2021-05-17,90.7656,90.91944000000001,87.6888,87.6888,485200.0
2021-05-18,87.6888,88.30416000000001,86.22732,86.9196,390900.0
2021-05-19,86.9196,87.07344,84.30432,84.612,362700.0
2021-05-20,84.15048,85.38119999999999,83.38128,85.38119999999999,475700.0
2021-05-21,85.15044,86.68884,84.9966,86.68884,329600.0
2021-05-24,86.68884,87.53496000000001,86.38116000000001,87.3042,523500.0
2021-05-25,87.3042,87.3042,86.15039999999999,87.15036,423000.0
2021-05-26,86.9196,87.22728,86.30424000000001,86.9196,473000.0
2021-05-27,86.9196,86.9196,84.612,86.9196,438000.0
2021-05-28,86.9196,86.9196,84.9966,86.15039999999999,501900.0
2021-05-31,85.99656,85.99656,82.3044,84.612,512700.0
2021-06-01,84.53508000000001,84.53508000000001,81.5352,81.68903999999999,283700.0
2021-06-02,81.68903999999999,82.45824,81.5352,81.99672,518700.0
2021-06-03,81.99672,82.45824,81.38136,82.22748,589000.0
2021-06-04,81.68903999999999,82.61208,81.68903999999999,82.61208,634100.0
2021-06-07,82.689,85.99656,82.689,85.99656,684500.0
2021-06-08,86.535,90.381,86.38116000000001,90.15024000000001,674400.0
2021-06-09,90.15024000000001,90.30408,87.15036,88.68875999999999,642400.0
2021-06-10,88.15032000000001,88.15032000000001,85.7658,87.53496000000001,637800.0
2021-06-11,87.53496000000001,88.8426,86.76576,88.8426,801200.0
2021-06-14,88.8426,89.07336,88.458,88.99644,642700.0
2021-06-15,88.99644,89.9964,88.91952,89.9964,667600.0
2021-06-16,89.07336,90.22716,89.07336,89.6118,532500.0
2021-06-17,89.2272,89.6118,88.458,89.6118,588400.0
2021-06-18,89.30412,89.6118,88.76567999999999,89.2272,366100.0
2021-06-21,89.2272,89.2272,87.53496000000001,87.6888,669000.0
2021-06-22,87.99647999999999,88.76567999999999,87.6888,88.458,528900.0
2021-06-23,88.53492,88.68875999999999,87.99647999999999,88.53492,588000.0
2021-06-24,89.15028,89.15028,88.458,88.8426,634400.0
2021-06-25,88.8426,89.2272,88.458,89.15028,470100.0
2021-06-28,89.2272,89.30412,88.15032000000001,88.8426,514200.0
2021-06-29,88.99644,92.304,88.68875999999999,92.304,666900.0
2021-06-30,92.15016,93.61164,92.15016,93.4578,595200.0
2021-07-01,93.4578,93.4578,91.99632000000001,92.84244,534300.0
2021-07-02,93.0732,93.15012,92.15016,92.76552000000001,506800.0
2021-07-05,92.304,93.0732,90.61175999999999,90.99636,480300.0
2021-07-06,90.91944000000001,92.22708,90.61175999999999,91.76556,618400.0
2021-07-07,91.76556,93.68856,91.30404,93.68856,839800.0
2021-07-08,92.99628,93.0732,90.99636,92.53475999999999,494800.0
2021-07-09,92.45783999999999,92.45783999999999,90.22716,91.45788,636700.0
2021-07-12,91.45788,93.4578,87.99647999999999,92.304,1009700.0
2021-07-13,92.304,92.304,90.61175999999999,92.22708,544200.0
2021-07-14,92.22708,92.68860000000001,85.84272,89.9964,1100100.0
2021-07-15,89.91948,89.91948,83.99664,88.30416000000001,1035600.0
2021-07-16,88.30416000000001,88.76567999999999,87.3042,88.76567999999999,667200.0
2021-07-19,88.22724000000001,88.22724000000001,85.38119999999999,87.6888,575900.0
2021-07-20,87.38112,88.07339999999999,84.612,88.07339999999999,515500.0
2021-07-21,87.6888,88.07339999999999,86.38116000000001,87.6888,514000.0
2021-07-22,87.61188,87.84264,86.76576,87.6888,544600.0
2021-07-23,87.61188,87.61188,85.22736,87.22728,554400.0
2021-07-26,86.9196,87.6888,85.7658,87.6888,618700.0
2021-07-27,87.6888,88.8426,87.53496000000001,88.38108,622500.0
2021-07-28,88.07339999999999,88.07339999999999,87.15036,87.99647999999999,520600.0
2021-07-29,87.99647999999999,87.99647999999999,86.38116000000001,87.99647999999999,499600.0
2021-07-30,88.07339999999999,88.07339999999999,86.45808,86.9196,531100.0
2021-08-02,86.9196,89.15028,86.9196,88.8426,503200.0
2021-08-03,88.68875999999999,89.45796,87.99647999999999,89.2272,573800.0
2021-08-04,89.2272,89.38104,88.458,89.38104,501500.0
2021-08-05,89.53488,89.6118,88.07339999999999,89.6118,370000.0
2021-08-06,89.84255999999999,90.381,89.2272,90.30408,474000.0
2021-08-09,89.84255999999999,92.07324,89.2272,91.9194,612100.0
2021-08-10,91.9194,92.304,90.381,91.30404,496900.0
2021-08-11,91.38096,91.45788,90.7656,91.30404,514200.0
2021-08-12,91.30404,91.5348,89.91948,91.30404,479400.0
2021-08-13,91.30404,91.30404,89.6118,90.7656,535200.0
2021-08-16,90.84252000000001,90.84252000000001,89.45796,90.22716,479300.0
2021-08-17,90.30408,90.30408,89.84255999999999,90.22716,515600.0
2021-08-18,90.22716,90.91944000000001,90.07332000000001,90.7656,847700.0
2021-08-19,90.7656,92.304,90.53484,92.304,1395400.0
2021-08-20,91.5348,92.304,90.381,92.15016,1628900.0
2021-08-23,91.9194,92.53475999999999,90.91944000000001,92.53475999999999,1568100.0
2021-08-24,92.61167999999999,94.45776,92.15016,94.45776,1511400.0
2021-08-25,94.9962,97.68839999999999,94.61160000000001,97.68839999999999,1411700.0
2021-08-26,96.76536,97.61148,95.61156,96.76536,1114900.0
2021-08-27,96.99611999999999,97.53456,95.99616,97.53456,1411900.0
2021-08-30,97.30380000000001,97.68839999999999,95.38080000000001,97.61148,1228100.0
2021-08-31,97.53456,97.53456,96.15,97.30380000000001,1053100.0
2021-09-01,96.53460000000001,97.14996000000001,95.84232,96.53460000000001,864900.0
2021-09-06,95.91924,96.9192,95.91924,96.68844,1004300.0
2021-09-07,96.53460000000001,96.53460000000001,95.22696,95.84232,821500.0
2021-09-08,95.84232,95.84232,94.61160000000001,95.84232,813400.0
2021-09-09,95.84232,99.2268,95.38080000000001,99.2268,1226800.0
2021-09-10,99.61139999999999,99.996,99.38064,99.84216,921800.0
2021-09-13,99.84216,99.84216,98.4576,98.4576,1019600.0
2021-09-14,97.99608,98.30376,96.15,96.76536,886300.0
2021-09-15,96.38076,97.22688000000001,96.38076,96.9192,688100.0
2021-09-16,96.9192,97.07303999999999,96.22691999999999,96.9192,713100.0
2021-09-17,96.9192,96.99611999999999,95.38080000000001,96.07308,1237700.0
2021-09-20,96.15,96.84228,94.9962,95.53464,704400.0
2021-09-21,95.53464,95.53464,93.8424,94.9962,631600.0
2021-09-22,94.9962,95.15003999999999,93.4578,94.84236,701200.0
2021-09-23,94.84236,95.38080000000001,93.8424,95.15003999999999,697200.0
2021-09-24,95.07311999999999,96.30384,94.61160000000001,96.15,1043200.0
2021-09-27,96.22691999999999,99.76524,96.15,99.2268,1228000.0
2021-09-28,99.07296000000001,99.45756,98.4576,99.2268,842800.0
2021-09-29,99.2268,99.30372,97.68839999999999,98.84219999999999,855900.0
2021-09-30,98.4576,99.07296000000001,97.61148,98.38068,761000.0
2021-10-01,98.073,99.2268,96.53460000000001,99.07296000000001,764200.0
2021-10-04,99.07296000000001,101.53439999999999,98.84219999999999,101.38056,1035800.0
2021-10-05,101.07288,101.30364,99.38064,100.61136,813900.0
2021-10-06,100.61136,100.61136,98.4576,99.53448,740600.0
2021-10-07,99.53448,99.996,97.91916,99.07296000000001,745200.0
2021-10-08,99.07296000000001,99.2268,97.76532,99.14988000000001,724900.0
2021-10-11,99.76524,101.919,99.2268,101.919,1098600.0
2021-10-12,101.919,102.14976,101.38056,101.919,922800.0
2021-10-13,102.14976,103.14972,101.919,102.99588,815200.0
2021-10-14,102.53436,103.38047999999999,101.919,103.38047999999999,817100.0
2021-10-15,103.38047999999999,103.45739999999999,100.68827999999999,101.30364,982000.0
2021-10-18,100.7652,101.22672,99.84216,100.91904,844300.0
2021-10-19,100.7652,103.99584,99.996,103.99584,1077000.0
2021-10-20,103.99584,104.9958,102.53436,104.53428,938400.0
2021-10-21,104.53428,104.53428,101.38056,101.38056,864500.0
2021-10-22,101.45747999999999,102.14976,101.22672,101.38056,788400.0
2021-10-25,101.38056,102.6882,100.99596000000001,101.38056,898200.0
2021-10-26,101.38056,101.99592,100.53444,101.919,876300.0
2021-10-27,101.919,103.842,101.76516000000001,103.0728,922500.0
2021-10-28,103.0728,103.38047999999999,102.14976,102.6882,887800.0
2021-10-29,102.3036,103.0728,101.53439999999999,101.53439999999999,763800.0
2021-11-01,101.45747999999999,101.45747999999999,99.91908000000001,99.996,991500.0
2021-11-02,99.996,101.53439999999999,99.996,101.53439999999999,919800.0
2021-11-03,101.38056,101.53439999999999,98.4576,99.84216,728500.0
2021-11-04,99.45756,99.84216,97.99608,99.68832,681700.0
2021-11-05,99.68832,100.22676,99.38064,99.996,869300.0
2021-11-08,99.84216,101.53439999999999,99.68832,101.38056,1047900.0
2021-11-09,101.45747999999999,101.45747999999999,99.45756,100.7652,798700.0
2021-11-10,100.7652,100.7652,99.07296000000001,99.76524,716900.0
2021-11-11,99.38064,99.53448,97.91916,98.91911999999999,823500.0
2021-11-12,98.61144,99.14988000000001,98.073,98.91911999999999,755200.0
2021-11-15,98.53452,98.91911999999999,96.9192,97.68839999999999,803300.0
2021-11-16,97.30380000000001,98.38068,96.53460000000001,98.38068,798400.0
2021-11-17,98.073,98.4576,97.68839999999999,98.38068,746000.0
2021-11-18,98.38068,98.4576,96.61152,97.30380000000001,907700.0
2021-11-19,97.30380000000001,98.38068,97.07303999999999,98.30376,958800.0
2021-11-22,98.61144,98.76528,96.9192,98.4576,799300.0
2021-11-23,98.30376,101.61132,98.073,101.53439999999999,1315200.0
2021-11-24,101.84208,101.84208,100.61136,101.68824000000001,1180200.0
2021-11-25,101.68824000000001,102.14976,100.68827999999999,101.53439999999999,1018500.0
2021-11-26,101.38056,101.38056,98.53452,99.61139999999999,911400.0
2021-11-29,99.14988000000001,99.14988000000001,95.7654,96.15,873500.0
2021-11-30,94.61160000000001,95.15003999999999,93.53472000000001,94.227,669000.0
2021-12-01,93.53472000000001,93.8424,89.84255999999999,92.304,819000.0
2021-12-02,92.304,92.99628,92.07324,92.61167999999999,814300.0
2021-12-03,92.61167999999999,92.91936,90.99636,92.61167999999999,805100.0
2021-12-06,92.15016,92.68860000000001,90.7656,92.68860000000001,775800.0
2021-12-07,92.304,94.61160000000001,91.1502,94.61160000000001,921000.0
2021-12-08,94.45776,94.61160000000001,92.38092,93.38088,732800.0
2021-12-09,92.99628,94.9962,91.9194,94.9962,839700.0
2021-12-10,95.07311999999999,96.15,94.227,95.7654,677000.0
2021-12-13,95.7654,96.9192,95.38080000000001,96.76536,907500.0
2021-12-14,96.9192,96.9192,94.68852000000001,95.38080000000001,794800.0
2021-12-15,95.30388,95.61156,94.53468,95.38080000000001,779800.0
2021-12-16,94.68852000000001,95.38080000000001,93.15012,94.45776,771600.0
2021-12-17,94.53468,95.07311999999999,93.38088,94.227,744300.0
2021-12-20,94.227,94.227,92.304,93.91932000000001,708000.0
2021-12-21,93.76548,94.227,93.4578,94.227,680800.0
2021-12-22,94.227,94.61160000000001,93.0732,94.38083999999999,698600.0
2021-12-23,94.38083999999999,95.30388,92.84244,95.30388,690500.0
2021-12-24,95.30388,95.7654,94.45776,95.38080000000001,776800.0
2021-12-27,95.38080000000001,96.15,94.61160000000001,96.15,718700.0
2021-12-28,96.68844,96.84228,94.38083999999999,96.30384,770700.0
2021-12-29,96.30384,96.45768,94.91928,96.30384,863100.0
2021-12-30,95.84232,96.9192,95.38080000000001,96.9192,881800.0
2021-12-31,96.9192,98.68836,96.76536,98.68836,894700.0
2022-01-04,98.68836,98.68836,96.9192,96.9192,689600.0
2022-01-05,96.76536,96.84228,94.61160000000001,94.61160000000001,570100.0
2022-01-06,94.61160000000001,95.68848,94.38083999999999,95.22696,627100.0
2022-01-07,95.22696,95.45772,93.68856,95.22696,642900.0
2022-01-10,95.30388,95.30388,94.227,95.22696,682900.0
2022-01-11,94.9962,95.22696,93.8424,95.22696,681400.0
2022-01-12,94.61160000000001,94.76544,92.91936,94.76544,624600.0
2022-01-13,94.61160000000001,94.61160000000001,92.304,93.8424,706800.0
2022-01-14,93.76548,94.07316,93.0732,93.8424,585400.0
2022-01-17,93.4578,93.8424,92.304,92.68860000000001,644300.0
2022-01-18,92.68860000000001,95.7654,92.304,95.7654,842300.0
2022-01-19,95.38080000000001,97.14996000000001,93.8424,97.14996000000001,1015700.0
2022-01-20,96.9192,97.14996000000001,95.07311999999999,95.07311999999999,901800.0
2022-01-21,95.07311999999999,95.15003999999999,93.0732,93.8424,515100.0
2022-01-24,93.68856,93.8424,90.22716,92.68860000000001,605600.0
2022-01-25,92.68860000000001,93.30396,91.1502,93.30396,576600.0
2022-01-26,93.30396,93.30396,91.5348,93.15012,666100.0
2022-01-27,93.0732,93.68856,91.61172,93.15012,714600.0
2022-01-28,93.4578,94.38083999999999,93.15012,93.76548,574300.0
2022-02-07,94.45776,100.30368,94.45776,100.30368,1056700.0
2022-02-08,100.53444,102.07284,100.07292,101.1498,829100.0
2022-02-09,100.61136,103.842,99.84216,103.842,1157100.0
2022-02-10,103.68816000000001,103.68816000000001,101.76516000000001,102.3036,1069200.0
2022-02-11,102.14976,102.22667999999999,99.84216,102.14976,872700.0
2022-02-14,101.53439999999999,107.688,101.53439999999999,107.688,1282800.0
2022-02-15,106.84188,107.688,105.3804,107.07263999999999,908700.0
2022-02-16,107.3034,107.3034,105.45732000000001,107.07263999999999,640900.0
2022-02-17,106.9188,108.91872000000001,106.38036,108.91872000000001,1176900.0
2022-02-18,107.76492,114.6108,107.76492,114.6108,1422400.0
2022-02-21,113.457,114.30311999999999,112.3032,112.3032,974300.0
2022-02-22,110.76480000000001,110.99556,108.61103999999999,109.84176,799500.0
2022-02-23,109.53408,114.6108,109.2264,113.99544,1153400.0
2022-02-24,112.99548,113.99544,110.3802,113.8416,731400.0
2022-02-25,113.91852,113.91852,111.61092,111.61092,754400.0
2022-02-28,111.1494,111.1494,106.61112,107.76492,794300.0
2022-03-01,106.9188,109.611,106.9188,108.38028,808300.0
2022-03-02,108.30336,111.534,107.91875999999999,111.534,1116200.0
2022-03-03,111.534,111.534,108.68796,110.30328,641900.0
2022-03-04,109.611,109.84176,107.22648,107.22648,691700.0
2022-03-07,106.61112,106.61112,103.0728,103.22664,801900.0
2022-03-08,103.0728,105.3804,102.91896000000001,105.3804,863400.0
2022-03-09,105.30348,108.99564,104.9958,107.688,958200.0
2022-03-10,107.688,107.91875999999999,106.9188,106.9188,789300.0
2022-03-11,106.5342,107.53416,105.765,106.5342,1010700.0
2022-03-14,106.61112,112.53396000000001,106.45728,111.534,1427400.0
2022-03-15,111.534,113.8416,111.1494,113.8416,1413500.0
2022-03-16,113.07239999999999,113.07239999999999,110.91864,113.07239999999999,1041100.0
2022-03-17,112.3032,113.07239999999999,110.76480000000001,111.534,1006900.0
2022-03-18,110.91864,113.99544,109.76483999999999,113.99544,2407800.0
2022-03-21,112.38011999999999,112.38011999999999,109.99560000000001,110.22636,788200.0
2022-03-22,110.22636,110.22636,107.688,108.30336,744000.0
2022-03-23,108.30336,108.4572,107.07263999999999,108.4572,721600.0
2022-03-24,108.4572,110.76480000000001,107.61108,110.76480000000001,1171100.0
2022-03-25,110.76480000000001,110.76480000000001,109.53408,109.99560000000001,807500.0
2022-03-28,109.84176,109.91868,107.3034,108.30336,738800.0
2022-03-29,108.30336,109.91868,107.688,109.91868,1040300.0
2022-03-30,109.2264,109.611,107.3034,108.07260000000001,721200.0
2022-03-31,107.99568,108.68796,107.3034,108.07260000000001,598100.0
2022-04-01,108.07260000000001,108.4572,104.9958,108.38028,665600.0
2022-04-04,108.38028,110.3802,106.9188,109.91868,988900.0
2022-04-05,109.91868,110.3802,108.8418,108.8418,666200.0
2022-04-06,108.4572,108.68796,106.84188,108.4572,609800.0
2022-04-07,108.07260000000001,108.07260000000001,105.3804,105.3804,728900.0
2022-04-08,105.3804,106.76496,104.9958,106.45728,661700.0
2022-04-12,107.07263999999999,107.688,105.765,106.1496,770500.0
2022-04-13,106.22652000000001,106.5342,105.68808,106.22652000000001,772300.0
2022-04-14,105.765,106.61112,103.842,105.30348,639100.0
2022-04-15,105.30348,105.53424000000001,104.14967999999999,104.53428,600600.0
2022-04-18,104.6112,106.9188,103.842,106.38036,777600.0
2022-04-19,106.38036,110.07252,105.53424000000001,110.07252,1011500.0
2022-04-20,109.84176,110.99556,108.8418,109.2264,771600.0
2022-04-21,107.688,109.38024,104.9958,104.9958,732600.0
2022-04-22,105.07272,108.4572,105.07272,106.30344000000001,910800.0
2022-04-25,106.30344000000001,106.5342,98.91911999999999,100.7652,637900.0
2022-04-26,99.61139999999999,101.99592,95.7654,99.2268,681900.0
2022-04-27,99.2268,99.61139999999999,96.15,99.2268,483300.0
2022-04-28,98.4576,99.45756,96.9192,99.2268,393400.0
2022-04-29,98.84219999999999,100.61136,97.30380000000001,99.91908000000001,547400.0
2022-05-04,99.61139999999999,100.99596000000001,99.2268,100.22676,488600.0
2022-05-05,99.996,100.61136,98.76528,100.61136,431400.0
2022-05-06,99.996,99.996,97.53456,98.4576,369700.0
2022-05-09,97.68839999999999,98.4576,94.227,95.38080000000001,561000.0
2022-05-10,95.30388,99.30372,94.227,99.30372,625400.0
2022-05-11,99.14988000000001,99.2268,96.99611999999999,97.30380000000001,532100.0
2022-05-12,97.30380000000001,97.38072,93.4578,95.99616,633600.0
2022-05-13,95.7654,97.99608,94.9962,96.84228,687900.0
2022-05-16,97.14996000000001,97.68839999999999,94.61160000000001,96.9192,619700.0
2022-05-17,96.9192,98.4576,95.07311999999999,98.4576,610300.0
2022-05-18,98.073,98.073,95.38080000000001,96.68844,660900.0
2022-05-19,95.38080000000001,96.76536,93.99624,96.38076,757000.0
2022-05-20,96.45768,96.53460000000001,94.61160000000001,96.38076,502300.0
2022-05-23,96.38076,96.53460000000001,94.07316,96.15,648900.0
2022-05-24,95.99616,96.38076,94.61160000000001,96.38076,608800.0
2022-05-25,95.7654,96.84228,94.91928,96.68844,778900.0
2022-05-26,96.68844,96.68844,94.9962,96.15,583700.0
2022-05-27,96.15,97.68839999999999,95.45772,97.68839999999999,858700.0
2022-05-30,97.91916,101.919,97.91916,101.919,1157800.0
2022-05-31,101.99592,101.99592,99.84216,100.68827999999999,638700.0
2022-06-01,100.3806,101.1498,99.68832,100.99596000000001,662200.0
2022-06-02,101.1498,101.1498,98.4576,98.99604,822800.0
2022-06-03,98.84219999999999,98.91911999999999,96.45768,97.68839999999999,631300.0
2022-06-06,96.53460000000001,98.53452,96.15,98.14992,681100.0
2022-06-07,97.68839999999999,97.68839999999999,96.53460000000001,97.53456,607500.0
2022-06-08,97.30380000000001,97.84224,96.76536,97.68839999999999,656500.0
2022-06-09,97.14996000000001,98.30376,96.76536,98.30376,643900.0
2022-06-10,97.91916,99.14988000000001,96.9192,98.22684,683500.0
2022-06-13,97.30380000000001,97.53456,94.9962,96.07308,584500.0
2022-06-14,95.38080000000001,95.99616,94.84236,95.99616,625300.0
2022-06-15,95.99616,96.22691999999999,94.53468,95.7654,691800.0
2022-06-16,95.61156,98.073,94.91928,96.45768,678700.0
2022-06-17,96.15,96.22691999999999,93.91932000000001,96.07308,561700.0
2022-06-20,96.15,97.84224,95.91924,97.68839999999999,759500.0
2022-06-21,96.9192,98.4576,96.15,98.30376,710600.0
2022-06-22,98.30376,99.996,98.073,99.45756,930700.0
2022-06-23,99.45756,99.68832,97.14996000000001,98.61144,682700.0
2022-06-24,98.68836,99.2268,97.30380000000001,98.68836,621000.0
2022-06-27,99.2268,102.3036,98.68836,102.3036,964000.0
2022-06-28,102.3036,102.45744,101.1498,102.3036,629900.0
2022-06-29,102.22667999999999,102.22667999999999,100.7652,101.76516000000001,540900.0
2022-06-30,101.38056,101.84208,99.38064,99.996,561300.0
2022-07-01,99.2268,100.07292,97.91916,100.07292,517700.0
2022-07-04,99.996,100.07292,99.38064,99.68832,585200.0
2022-07-05,99.61139999999999,99.61139999999999,96.84228,96.84228,518100.0
2022-07-06,96.76536,97.76532,95.7654,97.76532,632800.0
2022-07-07,97.53456,99.45756,97.38072,99.45756,613000.0
2022-07-08,99.45756,99.45756,97.68839999999999,98.30376,450200.0
2022-07-11,97.68839999999999,98.30376,96.9192,97.99608,509500.0
2022-07-12,97.99608,98.073,96.38076,96.53460000000001,644400.0
2022-07-13,96.53460000000001,96.99611999999999,95.99616,95.99616,472500.0
2022-07-14,95.91924,97.84224,95.38080000000001,97.45764,529100.0
2022-07-15,97.53456,97.53456,95.68848,95.91924,347400.0
2022-07-18,95.99616,95.99616,95.30388,95.53464,398500.0
2022-07-19,95.61156,95.7654,94.61160000000001,95.7654,365500.0
2022-07-20,95.7654,96.53460000000001,95.38080000000001,96.53460000000001,492100.0
2022-07-21,96.61152,97.61148,96.22691999999999,96.9192,476500.0
2022-07-22,97.14996000000001,97.14996000000001,95.7654,96.61152,492300.0
2022-07-25,96.38076,96.76536,95.7654,96.76536,581500.0
2022-07-26,96.68844,96.84228,96.15,96.22691999999999,427700.0
2022-07-27,96.15,96.38076,95.84232,96.38076,439200.0
2022-07-28,96.76536,97.99608,96.15,97.99608,556700.0
2022-07-29,97.99608,97.99608,96.53460000000001,96.68844,490800.0
2022-08-01,96.9192,97.76532,96.68844,97.76532,438800.0
2022-08-02,96.76536,98.38068,96.68844,98.073,360700.0
2022-08-03,97.53456,98.073,96.76536,97.68839999999999,412500.0
2022-08-04,97.76532,99.38064,96.99611999999999,99.38064,741300.0
2022-08-05,99.38064,99.38064,97.22688000000001,97.30380000000001,797800.0
2022-08-08,97.30380000000001,97.61148,96.15,96.30384,387900.0
2022-08-09,96.15,97.22688000000001,95.99616,97.22688000000001,664800.0
2022-08-10,96.9192,96.9192,96.22691999999999,96.45768,762000.0
2022-08-11,96.9192,96.9192,96.30384,96.30384,700200.0
2022-08-12,95.99616,96.30384,95.38080000000001,95.61156,660300.0
2022-08-15,95.61156,96.38076,95.53464,95.68848,668200.0
2022-08-16,95.53464,95.61156,94.84236,94.91928,676900.0
2022-08-17,94.91928,95.45772,94.84236,94.9962,769800.0
2022-08-18,95.30388,95.45772,94.84236,95.38080000000001,1042800.0
2022-08-19,95.30388,95.38080000000001,94.76544,95.38080000000001,555000.0
2022-08-22,94.9962,95.38080000000001,94.76544,95.30388,259100.0
2022-08-23,94.76544,95.15003999999999,94.30392,94.9962,613900.0
2022-08-24,94.61160000000001,95.15003999999999,94.61160000000001,94.9962,508000.0
2022-08-25,94.9962,94.9962,94.61160000000001,94.91928,370700.0
2022-08-26,95.15003999999999,95.15003999999999,93.68856,94.61160000000001,662500.0
2022-08-29,94.45776,94.45776,91.9194,93.8424,445400.0
2022-08-30,93.8424,94.227,92.38092,94.15008,261100.0
2022-08-31,93.0732,93.76548,92.68860000000001,93.53472000000001,526400.0
2022-09-05,93.4578,93.4578,91.9194,92.304,554600.0
2022-09-06,92.304,92.304,90.84252000000001,92.07324,513000.0
2022-09-07,91.68863999999999,91.68863999999999,87.61188,87.61188,940300.0
2022-09-08,87.61188,88.458,87.53496000000001,88.458,560100.0
2022-09-09,88.458,90.84252000000001,88.458,90.7656,381000.0
2022-09-12,90.7656,90.7656,89.45796,90.381,395279.0
2022-09-13,90.7656,90.7656,89.9964,90.30408,475000.0
2022-09-14,88.68875999999999,89.6118,88.68875999999999,89.38104,480200.0
2022-09-15,89.2272,89.6118,88.458,89.2272,678500.0
2022-09-16,89.2272,89.2272,88.458,88.99644,2146600.0
2022-09-19,89.30412,89.30412,88.07339999999999,88.458,330500.0
2022-09-20,88.15032000000001,89.30412,88.15032000000001,89.30412,324500.0
2022-09-21,88.22724000000001,89.2272,87.84264,88.458,353900.0
2022-09-22,87.76572,88.458,86.68884,88.458,547600.0
2022-09-23,87.6888,87.99647999999999,86.76576,86.76576,375400.0
2022-09-26,86.07347999999999,86.07347999999999,84.68892,84.68892,504100.0
2022-09-27,84.76584,85.15044,84.612,84.9966,280600.0
2022-09-28,84.9966,84.9966,83.8428,84.68892,410065.0
2022-09-29,84.76584,85.45812,84.53508000000001,84.68892,245924.0
2022-09-30,84.612,86.9196,84.53508000000001,85.30428,409966.0
2022-10-03,84.612,85.38119999999999,83.8428,84.612,286165.0
2022-10-04,84.612,86.84267999999999,84.53508000000001,86.84267999999999,350753.0
2022-10-05,87.61188,89.84255999999999,87.38112,88.458,638016.0
2022-10-06,87.91956,88.458,86.9196,87.84264,309668.0
2022-10-07,87.6888,88.458,87.38112,88.458,824744.0
2022-10-10,88.22724000000001,88.22724000000001,84.612,84.612,538741.0
2022-10-11,85.99656,85.99656,81.61211999999999,82.3044,618425.0
2022-10-12,82.3044,83.76588000000001,80.84291999999999,83.61204,418775.0
2022-10-13,84.53508000000001,84.53508000000001,80.91984,83.61204,322014.0
2022-10-14,83.53511999999999,83.8428,82.3044,83.8428,345638.0
2022-10-17,83.68896000000001,83.8428,81.91980000000001,83.8428,238483.0
2022-10-18,83.0736,84.612,82.61208,83.91972,306822.0
2022-10-19,83.8428,84.15048,83.15052,83.91972,170677.0
2022-10-20,84.15048,84.612,83.30436,83.76588000000001,221901.0
2022-10-21,83.8428,84.07356,81.91980000000001,83.76588000000001,206866.0
2022-10-24,83.76588000000001,83.76588000000001,81.15060000000001,82.3044,207841.0
2022-10-25,82.3044,83.0736,81.5352,83.0736,179052.0
2022-10-26,83.0736,83.68896000000001,81.5352,82.689,129507.0
2022-10-27,82.689,83.38128,81.68903999999999,83.0736,114609.0
2022-10-28,83.68896000000001,83.68896000000001,81.5352,82.91976,136843.0
2022-10-31,82.689,83.0736,81.15060000000001,82.76592,154870.0
2022-11-01,82.84284,83.0736,81.68903999999999,81.76596,111308.0
2022-11-02,82.15056,82.15056,76.99692,80.766,289646.0
2022-11-03,75.3816,80.3814,75.3816,78.99683999999999,167358.0
2022-11-04,76.99692,78.91992,73.92012,76.99692,236296.0
2022-11-07,74.2278,78.4584,74.2278,77.07383999999999,230459.0
2022-11-08,77.61228,78.99683999999999,76.5354,77.22767999999999,285158.0
2022-11-09,77.38152000000001,78.4584,74.6124,77.38152000000001,210581.0
2022-11-10,77.38152000000001,78.22764,76.45848,76.92,218321.0
2022-11-11,75.07392,78.22764,75.07392,77.91996,157162.0
2022-11-14,77.91996,78.4584,75.3816,78.38148,376352.0
2022-11-15,77.99688,78.4584,76.76616,78.30456,324940.0
2022-11-16,78.22764,83.76588000000001,76.99692,78.38148,397084.0
2022-11-17,78.76608,78.91992,77.6892,78.53532000000001,333581.0
2022-11-18,78.53532000000001,78.76608,77.45844,78.61224,317881.0
2022-11-21,78.61224,78.61224,75.45852000000001,77.38152000000001,109612.0
2022-11-22,76.07388,78.68916,75.3816,75.45852000000001,331985.0
2022-11-23,75.45852000000001,77.76612,74.38164,77.22767999999999,113354.0
2022-11-24,77.15075999999999,77.84303999999999,76.1508,77.84303999999999,303410.0
2022-11-25,78.22764,78.4584,77.84303999999999,78.4584,277653.0
2022-11-28,78.4584,78.91992,77.76612,78.61224,220625.0
2022-11-29,76.38156,79.15068,76.38156,79.07376,530490.0
2022-11-30,79.22760000000001,79.30452000000001,75.7662,79.22760000000001,590187.0
2022-12-01,78.0738,79.45836,76.99692,79.38144,745257.0
2022-12-02,79.22760000000001,81.91980000000001,79.15068,81.91980000000001,769070.0
2022-12-05,81.91980000000001,83.30436,81.91980000000001,82.22748,681636.0
2022-12-06,82.15056,82.84284,81.15060000000001,81.5352,682637.0
2022-12-07,80.766,81.68903999999999,79.38144,81.5352,461747.0
2022-12-08,81.45828,82.84284,80.3814,82.3044,658240.0
2022-12-09,82.3044,87.99647999999999,80.99676,85.7658,491904.0
2022-12-12,86.535,86.9196,84.30432,85.68888000000001,466002.0
2022-12-13,85.61196000000001,86.15039999999999,84.30432,86.15039999999999,481828.0
2022-12-14,86.22732,86.38116000000001,83.8428,86.30424000000001,417000.0
2022-12-15,86.22732,86.84267999999999,84.9966,86.84267999999999,267894.0
2022-12-16,85.45812,86.9196,84.68892,86.9196,575261.0
2022-12-19,86.84267999999999,86.84267999999999,84.612,85.53504,322328.0
2022-12-20,85.38119999999999,86.07347999999999,83.8428,85.61196000000001,374905.0
2022-12-21,85.61196000000001,86.76576,84.9966,85.84272,351454.0
2022-12-22,85.91964,86.68884,83.91972,85.61196000000001,222141.0
2022-12-23,85.61196000000001,85.99656,82.76592,85.7658,258889.0
2022-12-26,85.7658,85.7658,82.84284,83.76588000000001,151330.0
2022-12-27,85.38119999999999,86.84267999999999,82.61208,83.0736,249341.0
2022-12-28,82.91976,85.45812,81.68903999999999,84.9966,225836.0
2022-12-29,85.07352,86.30424000000001,83.68896000000001,83.99664,400281.0
2022-12-30,86.84267999999999,86.84267999999999,83.45819999999999,84.22739999999999,132951.0
2023-01-03,84.22739999999999,85.91964,83.91972,85.91964,396115.0
2023-01-04,86.535,86.535,83.8428,84.91968,195324.0
2023-01-05,85.30428,85.38119999999999,84.45816,84.612,388861.0
2023-01-06,84.68892,84.76584,82.76592,82.91976,367679.0
2023-01-09,84.07356,84.07356,83.15052,83.99664,387568.0
2023-01-10,83.99664,84.22739999999999,83.0736,83.91972,407934.0
2023-01-11,83.8428,84.9966,83.76588000000001,84.68892,414738.0
2023-01-12,85.07352,85.07352,83.45819999999999,84.45816,258639.0
2023-01-13,84.45816,84.68892,82.84284,82.84284,236228.0
2023-01-16,83.15052,84.612,82.53516,82.53516,146057.0
2023-01-17,83.91972,85.07352,82.3044,85.07352,467535.0
2023-01-18,83.91972,86.38116000000001,83.91972,86.38116000000001,467761.0
2023-01-19,86.15039999999999,88.458,86.15039999999999,88.07339999999999,541272.0
2023-01-27,88.07339999999999,90.7656,88.07339999999999,89.38104,230624.0
2023-01-30,90.07332000000001,90.07332000000001,86.9196,86.9196,337173.0
2023-01-31,87.99647999999999,89.45796,86.15039999999999,89.45796,296157.0
2023-02-01,89.2272,89.2272,85.38119999999999,87.61188,351655.0
2023-02-02,88.07339999999999,88.38108,86.15039999999999,86.15039999999999,315821.0
2023-02-03,86.22732,87.22728,83.91972,83.91972,166464.0
2023-02-06,83.15052,84.9966,82.689,84.22739999999999,238185.0
2023-02-07,83.30436,84.30432,83.0736,84.15048,137809.0
2023-02-08,84.07356,84.22739999999999,83.0736,83.0736,137465.0
2023-02-09,82.84284,83.8428,78.38148,78.38148,217881.0
2023-02-10,78.4584,79.99680000000001,76.45848,78.4584,151867.0
2023-02-13,78.4584,79.30452000000001,77.6892,79.30452000000001,138195.0
2023-02-14,79.30452000000001,79.30452000000001,77.6892,79.07376,186144.0
2023-02-15,79.07376,79.22760000000001,77.76612,78.99683999999999,183970.0
2023-02-16,77.6892,79.07376,77.6892,79.07376,138149.0
2023-02-17,79.15068,79.15068,77.84303999999999,78.91992,214275.0
2023-02-20,78.843,79.07376,78.22764,78.91992,229164.0
2023-02-21,78.99683999999999,79.99680000000001,78.68916,78.843,298902.0
2023-02-22,78.68916,78.76608,77.53536,77.53536,382604.0
2023-02-23,78.61224,78.61224,75.30467999999999,75.53544000000001,590679.0
2023-02-24,75.61236,76.68924000000001,73.8432,73.99704,600767.0
2023-02-27,72.3048,76.07388,72.3048,75.7662,166274.0
2023-02-28,76.07388,76.92,74.6124,76.92,317819.0
2023-03-01,76.1508,78.0738,75.22775999999999,78.0738,194513.0
2023-03-02,76.92,78.15072,75.45852000000001,78.15072,296113.0
2023-03-03,78.22764,78.22764,75.3816,77.84303999999999,270680.0
2023-03-06,77.76612,78.30456,74.07396,74.07396,324759.0
2023-03-07,76.1508,77.84303999999999,74.68932000000001,74.68932000000001,222632.0
2023-03-08,74.76624000000001,76.1508,74.76624000000001,75.61236,122290.0
2023-03-09,77.22767999999999,79.22760000000001,76.92,78.30456,438463.0
2023-03-10,79.07376,79.07376,75.84312,77.38152000000001,305133.0
2023-03-13,77.6892,78.61224,76.22772,77.45844,299351.0
2023-03-14,76.76616,78.843,76.76616,78.22764,219952.0
2023-03-15,79.07376,80.68908,78.91992,80.68908,260853.0
2023-03-16,80.68908,81.22752,76.61232000000001,78.4584,320861.0
2023-03-17,79.91988,83.76588000000001,78.4584,83.76588000000001,830818.0
2023-03-20,80.91984,82.91976,79.30452000000001,81.22752,281713.0
2023-03-21,80.3814,86.84267999999999,78.15072,79.84296,418108.0
2023-03-22,79.99680000000001,80.99676,78.53532000000001,80.61216,309653.0
2023-03-23,80.3814,81.5352,78.91992,81.30444,263540.0
2023-03-24,81.45828,81.68903999999999,80.45832,81.68903999999999,283992.0
2023-03-27,81.76596,81.91980000000001,79.91988,81.91980000000001,184740.0
2023-03-28,81.22752,82.07364,80.3814,81.84288000000001,177005.0
2023-03-29,81.68903999999999,81.84288000000001,79.99680000000001,81.68903999999999,180321.0
2023-03-30,81.61211999999999,82.689,80.15064,81.76596,151330.0
2023-03-31,81.76596,81.99672,80.3814,80.84291999999999,211460.0
2023-04-03,80.84291999999999,81.5352,78.91992,78.91992,298802.0
2023-04-04,79.22760000000001,79.53528,78.4584,78.4584,309900.0
2023-04-05,79.15068,79.15068,77.6892,79.15068,207606.0
2023-04-06,79.53528,79.53528,78.0738,78.61224,205963.0
2023-04-07,78.68916,79.22760000000001,78.0738,79.22760000000001,183768.0
2023-04-10,79.15068,79.22760000000001,77.84303999999999,78.68916,304713.0
2023-04-11,78.68916,78.68916,77.6892,78.68916,275348.0
2023-04-12,78.4584,78.4584,76.38156,76.68924000000001,232714.0
2023-04-13,76.22772,76.92,75.53544000000001,76.38156,96234.0
2023-04-14,76.61232000000001,76.99692,75.45852000000001,75.7662,97960.0
2023-04-17,75.92004,76.68924000000001,75.3816,76.61232000000001,201713.0
2023-04-18,76.30464,76.99692,75.99696,76.1508,144115.0
2023-04-19,76.1508,76.99692,75.84312,76.99692,142168.0
2023-04-20,76.22772,78.22764,76.22772,76.5354,92748.0
2023-04-21,76.61232000000001,76.76616,74.997,74.997,132029.0
2023-04-24,74.76624000000001,74.997,73.76628,74.92008,225026.0
2023-04-25,74.92008,75.07392,73.074,73.76628,280612.0
2023-04-26,73.61244,74.53547999999999,72.92016000000001,73.22784,172186.0
2023-04-27,73.22784,73.76628,73.074,73.15092,89424.0
2023-04-28,73.76628,74.6124,73.4586,74.6124,182154.0
2023-05-04,75.3816,75.3816,73.4586,73.4586,212733.0
2023-05-05,73.4586,74.45855999999999,73.4586,73.8432,42303.0
2023-05-08,73.99704,74.68932000000001,73.53552,74.07396,64071.0
2023-05-09,73.99704,74.07396,73.38167999999999,73.38167999999999,94596.0
2023-05-10,73.38167999999999,74.45855999999999,73.38167999999999,74.45855999999999,257124.0
2023-05-11,74.38164,74.6124,73.76628,74.38164,141034.0
2023-05-12,74.07396,74.76624000000001,73.61244,74.76624000000001,353197.0
2023-05-15,74.997,75.15084,74.15088,74.84316,808993.0
2023-05-16,74.997,74.997,74.6124,74.997,974053.0
2023-05-17,74.997,76.22772,74.997,75.61236,990303.0
2023-05-18,75.3816,76.5354,75.22775999999999,76.45848,1086803.0
2023-05-19,76.30464,76.92,75.53544000000001,75.92004,945557.0
2023-05-22,75.99696,76.45848,74.997,76.30464,1154004.0
2023-05-23,76.30464,76.68924000000001,75.3816,75.92004,1204723.0
2023-05-24,75.92004,76.1508,75.30467999999999,75.68928,811241.0
2023-05-25,75.68928,75.92004,74.38164,75.3816,978989.0
2023-05-26,75.3816,76.1508,74.92008,75.45852000000001,868557.0
2023-05-29,75.45852000000001,76.5354,75.45852000000001,76.5354,516487.0
2023-05-30,76.5354,76.76616,75.3816,75.7662,538169.0
2023-05-31,75.7662,76.45848,74.997,74.997,587184.0
2023-06-01,75.45852000000001,75.84312,74.6124,74.997,491690.0
2023-06-02,75.68928,76.07388,74.2278,74.45855999999999,592845.0
2023-06-05,75.3816,76.1508,74.15088,74.45855999999999,604404.0
2023-06-06,74.68932000000001,75.3816,74.30472,75.15084,480712.0
2023-06-07,75.30467999999999,75.30467999999999,74.30472,74.30472,478500.0
2023-06-08,74.53547999999999,75.30467999999999,73.92012,74.76624000000001,763444.0
2023-06-09,74.30472,74.92008,73.8432,73.8432,787019.0
2023-06-12,73.8432,74.38164,73.15092,74.15088,751083.0
2023-06-13,74.2278,74.53547999999999,73.68936,74.2278,1037668.0
2023-06-14,74.2278,74.997,73.99704,74.68932000000001,1357614.0
2023-06-15,74.92008,75.15084,74.45855999999999,74.68932000000001,875552.0
2023-06-16,74.84316,75.07392,73.4586,73.4586,872662.0
2023-06-19,73.8432,74.15088,73.38167999999999,73.53552,633757.0
2023-06-20,73.61244,73.92012,72.92016000000001,73.15092,775984.0
2023-06-21,73.38167999999999,73.68936,71.99712,72.3048,840966.0
2023-06-22,72.84324000000001,73.074,72.15096000000001,72.45864,689817.0
2023-06-23,72.45864,72.84324000000001,71.9202,72.84324000000001,551781.0
2023-06-26,72.84324000000001,73.8432,72.53556,72.92016000000001,916193.0
2023-06-27,72.92016000000001,73.53552,72.68939999999999,73.22784,694360.0
2023-06-28,73.22784,73.4586,72.84324000000001,72.99708,688637.0
2023-06-29,72.99708,73.22784,72.15096000000001,72.38172,667786.0
2023-06-30,72.15096000000001,72.76632000000001,72.15096000000001,72.53556,658176.0
2023-07-03,72.68939999999999,73.074,72.38172,72.61247999999999,1055874.0
2023-07-04,72.53556,72.84324000000001,72.38172,72.38172,771122.0
2023-07-05,72.76632000000001,72.76632000000001,72.22788,72.53556,864055.0
2023-07-06,72.53556,72.61247999999999,72.07404,72.53556,771735.0
2023-07-07,72.53556,72.61247999999999,72.15096000000001,72.15096000000001,768754.0
2023-07-10,72.45864,72.53556,71.45867999999999,72.45864,835040.0
2023-07-11,72.45864,72.53556,71.61252,72.45864,818680.0
2023-07-12,72.22788,72.3048,71.84328,72.22788,843104.0
2023-07-13,72.22788,72.99708,72.22788,72.99708,1482652.0
2023-07-14,73.15092,75.30467999999999,73.15092,75.30467999999999,1713572.0
2023-07-17,75.3816,75.99696,74.76624000000001,74.84316,785492.0
2023-07-18,74.38164,74.92008,74.07396,74.07396,908482.0
2023-07-19,74.07396,74.6124,73.99704,74.38164,791163.0
2023-07-20,74.45855999999999,75.22775999999999,74.07396,75.22775999999999,942537.0
2023-07-21,75.22775999999999,75.3816,74.2278,75.3816,954441.0
2023-07-24,75.3816,75.61236,74.38164,74.45855999999999,915166.0
2023-07-25,74.53547999999999,74.68932000000001,73.4586,74.68932000000001,1084906.0
2023-07-26,74.2278,74.6124,73.92012,74.2278,721041.0
2023-07-27,74.30472,74.68932000000001,74.07396,74.53547999999999,765944.0
2023-07-28,74.53547999999999,75.22775999999999,73.99704,75.22775999999999,846684.0
2023-07-31,75.07392,78.4584,74.84316,78.4584,1043150.0
2023-08-01,78.4584,79.45836,77.45844,77.84303999999999,777480.0
2023-08-02,77.84303999999999,77.99688,76.30464,77.53536,723633.0
2023-08-03,77.6892,78.99683999999999,76.76616,77.6892,831288.0
2023-08-04,77.6892,78.4584,76.84308,77.6892,1195583.0
2023-08-07,77.84303999999999,78.38148,76.92,78.38148,842270.0
2023-08-08,78.4584,79.53528,77.45844,79.22760000000001,810708.0
2023-08-09,79.45836,79.6122,78.0738,78.15072,649938.0
2023-08-10,78.4584,79.07376,77.38152000000001,77.45844,828598.0
2023-08-11,77.38152000000001,77.91996,76.84308,77.76612,850848.0
2023-08-14,78.0738,78.0738,76.61232000000001,77.07383999999999,1032572.0
2023-08-15,77.30460000000001,78.38148,76.5354,78.38148,823552.0
2023-08-16,78.4584,78.4584,77.07383999999999,77.53536,744431.0
2023-08-17,77.53536,77.91996,76.5354,76.92,962490.0
2023-08-18,76.92,76.99692,73.8432,75.30467999999999,1127472.0
2023-08-21,75.15084,75.7662,73.8432,73.8432,1072107.0
2023-08-22,75.22775999999999,76.07388,73.8432,74.84316,957262.0
2023-08-23,74.84316,75.7662,73.8432,74.2278,878648.0
2023-08-24,74.53547999999999,75.53544000000001,74.07396,74.997,842113.0
2023-08-25,74.2278,75.15084,74.15088,74.6124,908100.0
2023-08-28,74.997,75.7662,74.45855999999999,75.3816,1039410.0
2023-08-29,75.3816,75.61236,74.2278,74.997,778824.0
2023-08-30,74.997,75.3816,74.15088,74.53547999999999,838735.0
2023-08-31,74.6124,75.3816,73.92012,75.3816,714433.0
2023-09-05,75.45852000000001,77.38152000000001,74.92008,77.30460000000001,1413089.0
2023-09-06,77.38152000000001,78.30456,76.5354,78.22764,1019971.0
2023-09-07,77.76612,78.38148,77.07383999999999,77.6892,904501.0
2023-09-08,77.22767999999999,78.30456,77.15075999999999,77.99688,854480.0
2023-09-11,78.0738,78.30456,76.1508,76.1508,1232289.0
2023-09-12,76.5354,78.38148,76.30464,78.38148,1000935.0
2023-09-13,78.38148,78.38148,76.1508,76.1508,980419.0
2023-09-14,76.1508,76.92,74.6124,76.1508,1018004.0
2023-09-15,76.5354,77.07383999999999,75.92004,76.68924000000001,936714.0
2023-09-18,76.5354,76.61232000000001,75.3816,75.99696,876204.0
2023-09-19,76.07388,76.45848,75.22775999999999,76.45848,928636.0
2023-09-20,76.45848,76.61232000000001,75.68928,76.45848,919872.0
2023-09-21,76.1508,76.5354,75.53544000000001,76.38156,1105857.0
2023-09-22,75.3816,75.7662,74.2278,75.07392,854390.0
2023-09-25,74.6124,75.7662,73.92012,75.3816,1111565.0
2023-09-26,75.7662,76.1508,74.53547999999999,75.3816,1427600.0
2023-09-27,75.3816,76.68924000000001,75.22775999999999,76.68924000000001,1060453.0
2023-09-28,76.1508,76.5354,73.76628,76.38156,2192814.0
2023-09-29,76.45848,76.68924000000001,75.7662,76.38156,2086545.0
2023-10-02,76.38156,76.45848,74.76624000000001,75.7662,1381213.0
2023-10-03,75.3816,75.61236,73.8432,75.30467999999999,1128392.0
2023-10-04,75.30467999999999,75.3816,74.07396,74.45855999999999,894744.0
2023-10-05,74.997,74.997,73.4586,73.4586,981404.0
2023-10-06,73.4586,74.6124,72.3048,74.6124,780148.0
2023-10-09,74.6124,74.92008,73.53552,74.68932000000001,754088.0
2023-10-10,74.84316,74.997,73.8432,74.84316,904745.0
2023-10-11,74.997,75.07392,74.2278,75.07392,791887.0
2023-10-12,75.15084,75.3816,74.53547999999999,75.15084,853980.0
2023-10-13,74.997,80.3814,74.30472,79.84296,1314085.0
2023-10-16,79.91988,79.91988,77.84303999999999,78.843,823130.0
2023-10-17,78.4584,79.22760000000001,78.30456,79.15068,942091.0
2023-10-18,79.22760000000001,80.766,78.61224,80.68908,1298004.0
2023-10-19,80.68908,81.15060000000001,79.99680000000001,80.84291999999999,1010223.0
2023-10-20,80.84291999999999,80.99676,79.68911999999999,80.91984,897899.0
2023-10-23,80.91984,80.99676,76.84308,79.6122,1070310.0
2023-10-24,79.6122,79.84296,78.38148,79.68911999999999,890860.0
2023-10-25,79.68911999999999,79.99680000000001,77.38152000000001,79.07376,851790.0
2023-10-26,78.68916,78.68916,76.1508,76.76616,794277.0
2023-10-27,76.76616,76.76616,74.76624000000001,76.76616,800418.0
2023-10-30,76.68924000000001,76.68924000000001,74.6124,75.3816,704265.0
2023-10-31,76.1508,76.92,74.92008,76.1508,1038281.0
2023-11-01,76.30464,80.766,76.1508,80.30448,905891.0
2023-11-02,80.68908,80.68908,77.99688,80.68908,754652.0
2023-11-03,80.68908,81.91980000000001,80.61216,81.91980000000001,1021838.0
2023-11-06,81.91980000000001,82.99668,81.22752,82.53516,1242199.0
2023-11-07,82.3044,82.53516,80.84291999999999,81.5352,886687.0
2023-11-08,81.61211999999999,87.22728,80.07372,86.9196,1000007.0
2023-11-09,86.9196,86.9196,83.38128,83.38128,922222.0
2023-11-10,82.689,84.612,81.15060000000001,83.8428,934843.0
2023-11-13,83.8428,83.8428,81.61211999999999,83.0736,1040830.0
2023-11-14,83.45819999999999,83.91972,81.91980000000001,82.91976,850621.0
2023-11-15,83.0736,85.07352,82.76592,83.61204,921536.0
2023-11-16,82.76592,83.8428,82.3044,83.45819999999999,902207.0
2023-11-17,83.61204,84.22739999999999,79.99680000000001,81.15060000000001,903519.0
2023-11-20,81.30444,83.8428,79.6122,81.30444,1043479.0
2023-11-21,81.5352,81.99672,80.45832,81.99672,885700.0
2023-11-22,82.22748,83.30436,80.766,83.22744,781231.0
2023-11-23,83.45819999999999,83.76588000000001,80.766,80.766,835630.0
2023-11-24,81.45828,82.53516,80.07372,81.76596,874886.0
2023-11-27,81.76596,82.22748,77.6892,81.5352,747810.0
2023-11-28,81.84288000000001,82.61208,81.07368,81.91980000000001,728790.0
2023-11-29,82.15056,82.76592,81.07368,82.15056,830329.0
2023-11-30,81.5352,82.15056,78.4584,78.4584,1000549.0
2023-12-01,80.3814,81.07368,78.4584,81.07368,691780.0
2023-12-04,81.30444,82.76592,79.99680000000001,81.38136,866597.0
2023-12-05,81.38136,81.45828,79.84296,80.84291999999999,902096.0
2023-12-06,81.30444,81.5352,80.30448,81.38136,774377.0
2023-12-07,79.84296,81.5352,78.843,81.30444,965123.0
2023-12-08,81.30444,81.30444,79.84296,80.15064,816463.0
2023-12-11,80.22756,80.3814,78.30456,80.15064,718135.0
2023-12-12,80.30448,80.68908,78.53532000000001,80.3814,758100.0
2023-12-13,80.61216,80.766,79.38144,80.766,1061642.0
2023-12-14,80.91984,81.30444,80.61216,80.99676,784032.0
2023-12-15,80.99676,81.15060000000001,79.22760000000001,79.22760000000001,893011.0
2023-12-18,80.68908,80.766,78.4584,80.766,727085.0
2023-12-19,80.766,80.766,79.76603999999999,80.22756,728655.0
2023-12-20,80.22756,80.766,79.30452000000001,80.22756,1257541.0
2023-12-21,79.99680000000001,81.68903999999999,79.91988,80.99676,750304.0
2023-12-22,81.15060000000001,81.68903999999999,80.84291999999999,81.68903999999999,709095.0
2023-12-25,82.07364,82.91976,81.91980000000001,82.91976,777011.0
2023-12-26,83.0736,83.22744,82.689,83.0736,901815.0
2023-12-27,83.15052,83.15052,82.689,82.99668,1381274.0
2023-12-28,82.91976,83.0736,81.84288000000001,83.0736,1594766.0
2023-12-29,83.0736,83.0736,82.3044,83.0736,2055732.0
2024-01-02,83.0736,83.30436,82.15056,82.3044,930059.0
2024-01-03,82.3044,82.84284,81.07368,82.84284,882544.0
2024-01-04,82.99668,83.0736,81.07368,82.91976,667850.0
2024-01-05,82.99668,83.0736,81.68903999999999,82.76592,633231.0
2024-01-08,82.91976,82.91976,81.68903999999999,81.99672,626459.0
2024-01-09,81.84288000000001,82.07364,80.91984,81.91980000000001,628722.0
2024-01-10,82.07364,82.07364,80.22756,81.30444,670370.0
2024-01-11,81.45828,81.5352,80.53524,81.38136,617093.0
2024-01-12,81.22752,81.38136,79.91988,80.99676,659393.0
2024-01-15,80.99676,81.38136,80.15064,80.91984,613446.0
2024-01-16,80.3814,81.07368,80.22756,81.07368,732518.0
2024-01-17,81.07368,81.07368,79.91988,80.45832,735904.0
2024-01-18,80.45832,80.766,79.76603999999999,80.22756,698312.0
2024-01-19,80.22756,80.91984,80.22756,80.766,613159.0
2024-01-22,80.766,81.38136,80.68908,81.22752,631265.0
2024-01-23,81.22752,81.38136,79.6122,80.766,701603.0
2024-01-24,80.766,81.15060000000001,79.84296,80.53524,660090.0
2024-01-25,80.61216,80.766,80.3814,80.68908,615310.0
2024-01-26,80.3814,81.38136,80.3814,81.30444,678797.0
2024-01-29,81.45828,81.5352,80.99676,81.38136,621393.0
2024-01-30,81.45828,81.5352,81.15060000000001,81.22752,622681.0
2024-01-31,81.22752,81.38136,79.68911999999999,80.45832,644993.0
2024-02-01,80.45832,81.15060000000001,79.99680000000001,81.15060000000001,610924.0
2024-02-02,81.30444,81.30444,80.30448,80.61216,622558.0
2024-02-05,80.61216,81.07368,79.84296,80.99676,670758.0
2024-02-06,81.15060000000001,81.15060000000001,80.3814,80.3814,617672.0
2024-02-07,80.53524,80.99676,80.22756,80.99676,615858.0
2024-02-15,81.07368,81.15060000000001,79.99680000000001,80.3814,691086.0
2024-02-16,80.3814,80.99676,80.30448,80.99676,635456.0
2024-02-19,81.45828,81.5352,80.30448,80.91984,615677.0
2024-02-20,80.766,80.91984,80.22756,80.22756,649014.0
2024-02-21,80.22756,80.3814,79.38144,79.38144,658239.0
2024-02-22,79.38144,80.53524,79.38144,79.68911999999999,621539.0
2024-02-23,79.84296,80.30448,79.53528,79.84296,671068.0
2024-02-26,79.91988,80.68908,79.91988,80.3814,605863.0
2024-02-27,80.61216,80.61216,79.6122,79.6122,647962.0
2024-02-28,79.6122,80.53524,79.45836,79.53528,639027.0
2024-02-29,79.68911999999999,80.22756,79.30452000000001,79.30452000000001,728828.0
2024-03-01,79.84296,80.22756,79.38144,79.45836,651007.0
2024-03-04,79.6122,80.15064,79.45836,79.68911999999999,669502.0
2024-03-05,79.99680000000001,80.30448,79.6122,80.30448,552695.0
2024-03-06,80.30448,80.3814,79.38144,79.91988,470841.0
2024-03-07,79.91988,79.99680000000001,79.45836,79.91988,590577.0
2024-03-08,79.99680000000001,80.15064,79.30452000000001,79.76603999999999,636750.0
2024-03-11,79.6122,80.07372,79.22760000000001,79.22760000000001,613814.0
2024-03-12,79.6122,79.6122,78.4584,78.843,658966.0
2024-03-13,79.15068,79.68911999999999,78.4584,78.61224,671922.0
2024-03-14,79.15068,79.15068,77.6892,78.4584,696331.0
2024-03-15,78.38148,79.15068,77.30460000000001,78.99683999999999,706078.0
2024-03-18,78.99683999999999,79.22760000000001,77.30460000000001,78.30456,618703.0
2024-03-19,78.30456,78.4584,76.92,77.6892,590560.0
2024-03-20,78.0738,78.4584,76.99692,77.84303999999999,690781.0
2024-03-21,78.22764,79.30452000000001,77.84303999999999,78.91992,741529.0
2024-03-22,78.91992,79.22760000000001,78.0738,78.61224,600034.0
2024-03-25,78.4584,78.61224,77.45844,77.45844,629030.0
2024-03-26,77.07383999999999,78.91992,77.07383999999999,78.38148,664906.0
2024-03-27,78.22764,79.30452000000001,77.6892,79.22760000000001,707899.0
2024-03-28,79.22760000000001,79.38144,78.22764,79.38144,635698.0
2024-03-29,79.53528,79.53528,78.76608,79.22760000000001,664365.0
2024-04-01,79.30452000000001,79.30452000000001,78.4584,78.99683999999999,719350.0
2024-04-02,78.38148,79.22760000000001,77.99688,79.22760000000001,815355.0
2024-04-03,78.91992,79.38144,77.61228,78.61224,871602.0
2024-04-04,78.68916,79.30452000000001,78.4584,78.61224,810375.0
2024-04-05,78.61224,79.22760000000001,77.91996,78.38148,750438.0
2024-04-08,78.76608,78.843,77.30460000000001,77.76612,801136.0
2024-04-09,77.76612,78.76608,77.76612,78.61224,804268.0
2024-04-10,78.843,78.843,77.6892,78.4584,902957.0
2024-04-11,78.0738,78.4584,77.53536,77.6892,947641.0
2024-04-12,77.91996,82.61208,77.6892,82.3044,1506917.0
2024-04-15,81.99672,81.99672,80.61216,81.45828,1102545.0
2024-04-16,81.38136,82.53516,79.99680000000001,81.5352,1023352.0
2024-04-17,81.61211999999999,81.61211999999999,78.38148,79.53528,1099407.0
2024-04-19,78.4584,79.68911999999999,78.4584,79.45836,947587.0
2024-04-22,79.45836,80.15064,78.53532000000001,79.45836,811165.0
2024-04-23,79.99680000000001,79.99680000000001,77.6892,79.07376,1110656.0
2024-04-24,79.38144,79.84296,78.91992,79.6122,897387.0
2024-04-25,79.84296,79.84296,78.0738,79.6122,904861.0
2024-04-26,79.22760000000001,79.99680000000001,78.38148,79.99680000000001,903686.0
2024-05-02,79.99680000000001,80.15064,78.61224,79.91988,827826.0
2024-05-03,79.99680000000001,81.99672,79.30452000000001,81.5352,1092861.0
2024-05-06,81.68903999999999,87.22728,81.68903999999999,87.22728,1740007.0
2024-05-07,87.6888,91.30404,87.6888,91.22712,1561749.0
2024-05-08,90.68867999999999,90.68867999999999,88.91952,90.30408,1227133.0
2024-05-09,90.30408,91.45788,89.2272,90.68867999999999,1131907.0
2024-05-10,90.68867999999999,90.7656,89.07336,89.91948,925026.0
2024-05-13,89.9964,91.99632000000001,88.8426,91.38096,1050708.0
2024-05-14,91.5348,91.5348,89.68872,89.9964,1080061.0
2024-05-15,89.68872,91.07328,89.68872,90.22716,1319760.0
2024-05-16,90.381,90.61175999999999,89.2272,90.381,1114252.0
2024-05-17,90.61175999999999,91.84248,89.76564,90.30408,995774.0
2024-05-20,90.53484,90.61175999999999,88.15032000000001,88.15032000000001,1006391.0
2024-05-21,88.15032000000001,88.22724000000001,85.38119999999999,86.535,920756.0
2024-05-22,86.76576,87.84264,83.91972,83.91972,1178099.0
2024-05-23,84.07356,85.99656,83.8428,85.68888000000001,840594.0
2024-05-24,85.38119999999999,85.38119999999999,83.0736,83.0736,776587.0
2024-05-27,83.30436,84.15048,82.84284,83.8428,638563.0
2024-05-28,84.53508000000001,84.53508000000001,83.45819999999999,84.30432,687014.0
2024-05-29,84.30432,84.38124,82.53516,82.99668,816191.0
2024-05-30,82.3044,83.38128,82.3044,82.3044,662357.0
2024-05-31,82.689,83.68896000000001,82.38132,82.38132,719504.0
2024-06-03,82.91976,84.45816,82.53516,83.61204,940559.0
2024-06-04,83.8428,83.8428,82.99668,83.38128,695604.0
2024-06-05,83.8428,84.15048,83.0736,83.0736,785983.0
2024-06-06,83.15052,84.45816,82.91976,83.53511999999999,952286.0
2024-06-07,83.76588000000001,83.99664,83.0736,83.8428,993018.0
2024-06-10,83.8428,85.61196000000001,83.53511999999999,83.8428,1074943.0
2024-06-11,83.8428,83.8428,81.07368,81.38136,1532905.0
2024-06-12,81.45828,81.76596,80.3814,81.76596,1089458.0
2024-06-13,81.99672,81.99672,80.99676,81.5352,835050.0
2024-06-14,81.5352,81.68903999999999,79.99680000000001,80.61216,1184371.0
2024-06-17,80.68908,81.07368,79.99680000000001,80.61216,660534.0
2024-06-18,80.68908,80.766,80.07372,80.45832,894107.0
2024-06-19,80.61216,80.61216,78.4584,79.45836,1366859.0
2024-06-20,79.30452000000001,79.91988,78.68916,79.84296,1082207.0
2024-06-21,79.91988,79.99680000000001,78.38148,78.843,1211056.0
2024-06-24,78.76608,79.22760000000001,77.61228,78.15072,916214.0
2024-06-25,78.15072,78.4584,77.61228,78.15072,788287.0
2024-06-26,78.38148,78.4584,77.76612,78.15072,816270.0
2024-06-27,78.15072,78.53532000000001,77.45844,78.4584,853155.0
2024-06-28,78.4584,78.53532000000001,77.45844,78.0738,789852.0
2024-07-01,77.76612,78.22764,76.68924000000001,77.45844,933971.0
2024-07-02,77.6892,77.84303999999999,76.68924000000001,77.6892,1084092.0
2024-07-03,77.6892,77.84303999999999,76.99692,77.84303999999999,642479.0
2024-07-04,77.6892,77.99688,77.22767999999999,77.84303999999999,817674.0
2024-07-05,77.76612,78.30456,77.30460000000001,78.15072,936949.0
2024-07-08,78.15072,78.4584,77.6892,77.91996,811004.0
2024-07-09,77.6892,78.0738,77.38152000000001,77.99688,943312.0
2024-07-10,77.91996,78.0738,77.45844,77.6892,842639.0
2024-07-11,77.6892,77.84303999999999,77.45844,77.6892,946193.0
2024-07-12,77.6892,78.53532000000001,77.45844,78.4584,890517.0
2024-07-15,78.76608,80.61216,78.76608,80.15064,1152511.0
2024-07-16,80.30448,81.15060000000001,79.84296,81.15060000000001,813327.0
2024-07-17,81.15060000000001,81.5352,79.38144,81.15060000000001,873686.0
2024-07-18,81.15060000000001,81.30444,79.38144,81.30444,999822.0
2024-07-19,81.45828,81.5352,80.3814,81.22752,840698.0
2024-07-22,80.61216,81.15060000000001,80.3814,80.99676,741575.0
2024-07-23,81.15060000000001,81.5352,80.45832,81.5352,789656.0
2024-07-24,81.45828,82.99668,81.15060000000001,82.99668,807145.0
2024-07-25,82.61208,82.99668,81.91980000000001,82.99668,817008.0
2024-07-26,82.76592,82.99668,81.91980000000001,82.91976,632176.0
2024-07-29,82.91976,82.99668,81.61211999999999,81.68903999999999,627526.0
2024-07-30,81.61211999999999,81.91980000000001,80.3814,81.07368,689799.0
2024-07-31,81.15060000000001,81.76596,80.84291999999999,81.45828,429594.0
2024-08-01,81.84288000000001,82.3044,80.07372,80.15064,780097.0
2024-08-02,79.84296,80.61216,78.30456,80.61216,625760.0
2024-08-05,79.99680000000001,79.99680000000001,75.53544000000001,76.84308,881750.0
2024-08-06,76.84308,79.22760000000001,76.84308,77.30460000000001,415933.0
2024-08-07,77.07383999999999,77.30460000000001,75.53544000000001,76.38156,734007.0
2024-08-08,75.99696,76.92,74.6124,76.38156,629081.0
2024-08-09,76.38156,77.6892,76.1508,77.61228,491939.0
2024-08-12,77.61228,78.38148,76.07388,77.76612,569960.0
2024-08-13,76.99692,79.45836,76.92,79.07376,439869.0
2024-08-14,79.38144,79.38144,77.84303999999999,78.843,476624.0
2024-08-15,79.15068,79.15068,78.15072,79.07376,574637.0
2024-08-16,79.38144,81.5352,78.4584,80.766,1083442.0
2024-08-19,80.99676,81.45828,80.15064,80.766,496865.0
2024-08-20,80.91984,81.22752,79.91988,81.07368,558874.0
2024-08-21,80.91984,81.30444,79.91988,80.68908,586524.0
2024-08-22,80.766,80.99676,79.84296,80.3814,593020.0
2024-08-23,80.53524,80.53524,79.84296,80.3814,584835.0
2024-08-26,80.3814,80.766,79.99680000000001,80.3814,648948.0
2024-08-27,80.3814,80.61216,79.91988,79.99680000000001,684918.0
2024-08-28,80.15064,80.15064,79.53528,79.84296,746969.0
2024-08-29,79.84296,80.61216,79.45836,80.53524,744821.0
2024-08-30,80.68908,81.15060000000001,80.53524,80.99676,779280.0
2024-09-04,80.30448,80.766,79.22760000000001,80.22756,619139.0
2024-09-05,79.99680000000001,80.766,79.22760000000001,79.84296,772860.0
2024-09-06,79.99680000000001,80.61216,79.15068,79.84296,772207.0
2024-09-09,79.99680000000001,79.99680000000001,78.53532000000001,79.22760000000001,685346.0
2024-09-10,79.53528,80.61216,79.45836,80.15064,778154.0
2024-09-11,80.15064,81.38136,79.91988,80.766,892351.0
2024-09-12,81.15060000000001,81.30444,80.61216,80.99676,626756.0
2024-09-13,81.15060000000001,81.15060000000001,79.84296,80.61216,669938.0
2024-09-16,80.68908,80.91984,79.53528,79.99680000000001,773344.0
2024-09-17,79.99680000000001,80.766,79.68911999999999,80.766,842779.0
2024-09-18,80.766,81.15060000000001,80.15064,80.84291999999999,829786.0
2024-09-19,80.766,80.91984,80.45832,80.84291999999999,771100.0
2024-09-20,80.91984,81.07368,80.22756,80.91984,1228088.0
2024-09-23,80.99676,81.15060000000001,80.3814,80.766,564204.0
2024-09-24,80.766,80.91984,80.3814,80.84291999999999,694821.0
2024-09-25,80.99676,80.99676,80.15064,80.45832,863266.0
2024-09-26,80.53524,80.84291999999999,80.15064,80.84291999999999,938544.0
2024-09-27,80.91984,80.99676,79.99680000000001,80.84291999999999,706306.0
2024-09-30,80.84291999999999,80.91984,80.22756,80.766,638159.0
2024-10-01,80.766,81.15060000000001,80.61216,80.99676,791819.0
2024-10-02,80.84291999999999,80.99676,79.84296,80.766,659703.0
2024-10-03,80.766,81.61211999999999,80.45832,81.15060000000001,794119.0
2024-10-04,81.22752,81.30444,80.61216,80.99676,738811.0
2024-10-07,80.99676,81.15060000000001,79.99680000000001,80.766,661724.0
2024-10-08,80.766,80.91984,79.99680000000001,80.61216,774655.0
2024-10-09,80.61216,81.45828,80.07372,81.22752,891197.0
2024-10-10,81.22752,81.5352,80.45832,81.5352,2029529.0
2024-10-11,81.61211999999999,84.22739999999999,81.5352,83.76588000000001,1405690.0
2024-10-14,83.8428,84.15048,81.5352,82.53516,1104877.0
2024-10-15,82.53516,82.61208,80.99676,81.45828,921457.0
2024-10-16,81.15060000000001,81.45828,79.84296,81.38136,814510.0
2024-10-17,81.38136,81.38136,80.15064,80.99676,771135.0
2024-10-18,80.99676,81.91980000000001,80.30448,81.91980000000001,997362.0
2024-10-21,81.30444,81.30444,80.22756,81.22752,827254.0
2024-10-22,81.07368,81.07368,80.15064,80.15064,790671.0
2024-10-23,80.15064,80.766,79.91988,80.30448,776396.0
2024-10-24,80.3814,80.3814,79.68911999999999,80.15064,771449.0
2024-10-25,80.15064,80.22756,79.53528,80.15064,735015.0
2024-10-28,80.15064,80.15064,79.15068,79.68911999999999,774282.0
2024-10-29,79.76603999999999,79.99680000000001,79.38144,79.91988,694863.0
2024-10-30,79.91988,79.99680000000001,79.22760000000001,79.91988,721210.0
2024-10-31,79.84296,80.766,79.6122,80.766,752495.0
2024-11-01,80.68908,80.68908,79.6122,80.53524,646058.0
2024-11-04,80.53524,80.53524,79.53528,79.99680000000001,725065.0
2024-11-05,79.99680000000001,80.07372,78.91992,79.6122,727637.0
2024-11-06,79.68911999999999,80.766,79.30452000000001,80.68908,696915.0
2024-11-07,80.766,80.766,80.07372,80.22756,649040.0
2024-11-08,80.22756,80.45832,79.6122,80.45832,691491.0
2024-11-11,80.45832,80.61216,79.53528,80.3814,687360.0
2024-11-12,80.3814,80.766,79.30452000000001,80.3814,714534.0
2024-11-13,80.07372,80.30448,79.22760000000001,79.68911999999999,705204.0
2024-11-14,79.68911999999999,79.76603999999999,78.53532000000001,79.45836,665321.0
2024-11-15,79.30452000000001,79.53528,78.0738,79.45836,756953.0
2024-11-18,79.15068,79.22760000000001,77.6892,78.22764,758061.0
2024-11-19,78.4584,78.61224,77.15075999999999,78.22764,580579.0
2024-11-20,77.91996,78.68916,76.99692,78.4584,729721.0
2024-11-21,78.4584,78.61224,77.07383999999999,78.22764,693401.0
2024-11-22,78.22764,78.76608,77.6892,78.22764,605190.0
2024-11-25,78.15072,79.07376,78.0738,79.07376,773798.0
2024-11-26,79.15068,79.45836,78.76608,79.38144,579027.0
2024-11-27,79.22760000000001,79.45836,78.53532000000001,78.76608,569040.0
2024-11-28,78.843,79.15068,78.30456,78.61224,636166.0
2024-11-29,78.61224,78.76608,77.22767999999999,78.76608,675604.0
2024-12-02,78.91992,78.99683999999999,77.91996,78.68916,576655.0
2024-12-03,78.4584,78.68916,77.6892,78.0738,696036.0
2024-12-04,77.99688,78.0738,77.22767999999999,77.99688,696803.0
2024-12-05,77.99688,79.22760000000001,77.61228,79.22760000000001,790820.0
2024-12-06,79.07376,79.22760000000001,78.38148,79.07376,639832.0
2024-12-09,78.843,79.6122,78.0738,78.99683999999999,681784.0
2024-12-10,78.91992,78.99683999999999,78.38148,78.91992,549332.0
2024-12-11,78.91992,79.76603999999999,78.30456,79.15068,685886.0
2024-12-12,79.15068,79.6122,78.4584,79.15068,663788.0
2024-12-13,79.07376,79.07376,78.30456,78.76608,575373.0
2024-12-16,78.76608,78.76608,77.76612,78.4584,644243.0
2024-12-17,78.4584,78.61224,77.53536,78.15072,671887.0
2024-12-18,77.99688,77.99688,77.30460000000001,77.45844,606842.0
2024-12-19,77.30460000000001,77.30460000000001,75.3816,76.92,1136467.0
2024-12-20,76.92,77.61228,76.30464,76.30464,1008096.0
2024-12-23,77.15075999999999,77.76612,76.5354,77.38152000000001,698802.0
2024-12-24,77.38152000000001,77.6892,76.76616,77.6892,676152.0
2024-12-25,77.76612,78.4584,77.30460000000001,78.4584,938690.0
2024-12-26,78.4584,78.61224,77.6892,78.0738,621158.0
2024-12-27,78.15072,78.30456,77.6892,77.84303999999999,651206.0
2024-12-30,77.07383999999999,77.53536,76.68924000000001,76.99692,752258.0
2024-12-31,77.30460000000001,77.30460000000001,76.45848,76.92,684855.0
2025-01-02,76.99692,76.99692,76.1508,76.84308,747680.0
2025-01-03,76.84308,76.84308,76.07388,76.5354,744464.0
2025-01-06,76.5354,76.84308,76.1508,76.68924000000001,664204.0
2025-01-07,76.68924000000001,76.84308,75.7662,76.5354,616316.0
2025-01-08,76.45848,76.5354,75.68928,76.45848,488215.0
2025-01-09,76.45848,76.45848,75.92004,76.38156,439784.0
2025-01-10,76.38156,76.61232000000001,75.53544000000001,75.84312,470748.0
2025-01-13,75.99696,76.30464,75.45852000000001,75.84312,520093.0
2025-01-14,75.7662,75.92004,75.30467999999999,75.7662,491895.0
2025-01-15,75.84312,76.45848,75.61236,75.92004,476885.0
2025-01-16,75.99696,76.38156,74.76624000000001,76.07388,728171.0
2025-01-17,76.07388,76.22772,75.3816,76.1508,523558.0
2025-01-20,75.7662,76.1508,75.45852000000001,75.99696,421483.0
2025-01-21,76.1508,76.38156,75.45852000000001,75.99696,481251.0
2025-01-22,75.99696,76.1508,75.61236,75.99696,474671.0
2025-01-23,75.99696,76.5354,75.84312,76.1508,570305.0
2025-01-24,76.07388,76.76616,75.61236,76.76616,612299.0
2025-02-03,76.5354,76.5354,75.30467999999999,75.99696,505975.0
2025-02-04,75.99696,75.99696,75.30467999999999,75.53544000000001,544345.0
2025-02-05,75.53544000000001,75.92004,74.997,75.15084,536879.0
2025-02-06,75.15084,75.7662,74.84316,75.3816,416203.0
2025-02-07,75.30467999999999,75.53544000000001,74.997,75.45852000000001,507376.0
2025-02-10,75.3816,75.3816,74.38164,74.45855999999999,466831.0
2025-02-11,74.45855999999999,74.6124,73.15092,74.2278,644755.0
2025-02-12,74.07396,74.6124,73.92012,73.92012,459061.0
2025-02-13,73.61244,73.99704,73.4586,73.99704,445889.0
2025-02-14,73.99704,74.45855999999999,73.99704,74.38164,511740.0
2025-02-17,74.38164,74.997,74.15088,74.997,512975.0
2025-02-18,74.997,75.22775999999999,74.38164,74.92008,481033.0
2025-02-19,74.997,74.997,74.30472,74.92008,545167.0
2025-02-20,74.92008,74.997,74.45855999999999,74.53547999999999,610994.0
2025-02-21,74.45855999999999,74.53547999999999,73.99704,74.30472,502040.0
2025-02-24,73.99704,74.30472,73.61244,74.30472,631413.0
2025-02-25,74.38164,74.45855999999999,73.8432,73.92012,591306.0
2025-02-26,73.92012,74.68932000000001,73.8432,74.68932000000001,476643.0
2025-02-27,74.68932000000001,74.76624000000001,74.07396,74.53547999999999,512857.0
2025-02-28,74.38164,74.6124,73.8432,73.8432,550635.0
2025-03-03,73.99704,74.6124,73.8432,74.53547999999999,561581.0
2025-03-04,74.30472,74.6124,73.92012,74.45855999999999,570365.0
2025-03-05,74.2278,74.45855999999999,73.92012,74.15088,490931.0
2025-03-06,74.2278,74.45855999999999,73.99704,74.2278,538645.0
2025-03-07,74.07396,74.6124,73.8432,74.6124,759340.0
2025-03-10,74.6124,75.30467999999999,74.15088,75.15084,594615.0
2025-03-11,74.76624000000001,75.3816,74.45855999999999,75.15084,512019.0
2025-03-12,75.15084,75.22775999999999,74.68932000000001,74.92008,526535.0
2025-03-13,74.92008,74.997,74.2278,74.84316,533058.0
2025-03-14,74.92008,76.76616,74.38164,75.84312,911837.0
2025-03-17,75.92004,76.45848,75.92004,76.22772,728074.0
2025-03-18,76.22772,76.45848,74.997,75.68928,626258.0
2025-03-19,75.61236,75.61236,74.84316,75.22775999999999,610048.0
2025-03-20,75.30467999999999,75.30467999999999,73.99704,73.99704,548927.0
2025-03-21,74.07396,74.997,73.76628,74.30472,623149.0
2025-03-24,74.38164,74.45855999999999,73.53552,74.30472,569410.0
2025-03-25,74.6124,74.76624000000001,73.76628,74.38164,534538.0
2025-03-26,74.45855999999999,75.07392,73.99704,74.38164,723406.0
2025-03-27,74.2278,74.38164,73.76628,74.2278,514185.0
2025-03-28,74.2278,74.2278,73.22784,73.8432,756196.0
2025-03-31,73.76628,73.76628,72.84324000000001,73.074,525601.0
2025-04-01,73.074,73.22784,72.61247999999999,73.22784,454923.0
2025-04-02,73.30476,73.30476,72.68939999999999,73.074,515710.0
2025-04-03,72.99708,72.99708,67.99728,67.99728,729195.0
2025-04-04,63.38208,67.99728,63.38208,66.38196,1025606.0
2025-04-08,66.1512,66.1512,61.766760000000005,63.53592,636306.0
2025-04-09,60.689879999999995,63.459,59.30532,60.843720000000005,634053.0
2025-04-10,65.07432,65.07432,65.07432,65.07432,21982.0
2025-04-11,69.6126,69.6126,65.07432,65.68968,998513.0
2025-04-14,65.68968,65.76660000000001,64.30512,65.76660000000001,604518.0
2025-04-15,65.22816,65.68968,63.38208,64.07436,797568.0
2025-04-16,64.07436,65.76660000000001,63.997440000000005,65.68968,640456.0
2025-04-17,64.38204,67.68960000000001,63.997440000000005,67.68960000000001,1302632.0
2025-04-18,68.30496000000001,68.30496000000001,66.53580000000001,66.53580000000001,741915.0
2025-04-21,67.15116,67.305,64.61280000000001,64.61280000000001,642465.0
2025-04-22,64.84356,64.84356,61.612919999999995,64.2282,931966.0
2025-04-23,65.382,66.1512,65.22816,65.92044,732337.0
2025-04-24,65.99736,65.99736,64.84356,65.92044,580184.0
2025-04-25,65.92044,69.99719999999999,64.84356,69.99719999999999,1409607.0
2025-04-28,68.4588,69.228,67.22808,68.53572,451198.0
2025-04-29,68.53572,68.53572,66.1512,66.1512,664546.0
2025-05-05,66.22811999999999,68.99724,66.1512,68.92032,636816.0
2025-05-06,68.92032,68.99724,67.76652,68.4588,596809.0
2025-05-07,68.53572,68.53572,67.76652,68.38188000000001,590230.0
2025-05-08,68.30496000000001,69.38184,67.22808,69.07416,713868.0
2025-05-09,68.4588,69.228,68.07419999999999,68.84339999999999,589215.0
2025-05-12,68.84339999999999,69.6126,68.4588,69.53568,742869.0
2025-05-13,70.3818,70.3818,68.76648,69.6126,598126.0
2025-05-14,69.07416,71.5356,68.84339999999999,71.5356,1017159.0
2025-05-15,70.76639999999999,70.76639999999999,69.15108000000001,69.99719999999999,1046189.0
2025-05-16,69.228,69.84336,68.99724,69.228,625831.0
2025-05-19,68.84339999999999,68.84339999999999,67.68960000000001,67.68960000000001,710197.0
2025-05-20,67.68960000000001,68.38188000000001,66.76656,67.92036,899260.0
2025-05-21,67.99728,67.99728,67.07424,67.92036,690057.0
2025-05-22,67.305,68.15111999999999,66.9204,67.07424,838393.0
2025-05-23,66.99732,67.68960000000001,66.61272,67.53576,572046.0
2025-05-26,67.53576,67.53576,66.30503999999999,67.53576,575338.0
2025-05-27,67.305,68.30496000000001,67.15116,67.99728,737959.0
2025-05-28,67.84344,68.15111999999999,67.305,67.68960000000001,632925.0
2025-05-29,67.305,67.45884,67.07424,67.305,524091.0
2025-05-30,66.99732,67.45884,66.61272,66.9204,532440.0
2025-06-02,66.84348,69.30492,66.53580000000001,68.84339999999999,1138752.0
2025-06-03,69.228,69.99719999999999,68.4588,69.07416,762135.0
2025-06-04,69.07416,71.151,68.68956,70.61256,1378017.0
2025-06-05,70.76639999999999,70.76639999999999,69.99719999999999,70.22796000000001,699077.0
2025-06-06,69.6126,69.99719999999999,68.30496000000001,69.228,999043.0
2025-06-09,69.228,69.228,67.68960000000001,68.30496000000001,840587.0
2025-06-10,68.4588,68.84339999999999,67.76652,68.4588,574807.0
2025-06-11,68.30496000000001,68.4588,67.38192,67.38192,684983.0
2025-06-12,67.45884,68.68956,67.45884,68.38188000000001,661254.0
2025-06-13,67.305,67.68960000000001,66.76656,67.68960000000001,865148.0
2025-06-16,67.53576,67.53576,66.76656,67.53576,748335.0
2025-06-17,67.68960000000001,67.76652,66.99732,67.45884,671371.0
2025-06-18,67.45884,67.76652,67.22808,67.45884,663069.0
2025-06-19,67.15116,68.61264,66.9204,68.07419999999999,1201380.0
2025-06-20,68.30496000000001,68.30496000000001,67.45884,68.22804,698459.0
2025-06-23,67.61268,67.61268,66.84348,67.305,673538.0
2025-06-24,67.305,67.76652,67.15116,67.76652,640977.0
2025-06-25,67.38192,67.92036,66.99732,66.99732,665606.0
2025-06-26,67.07424,67.53576,66.99732,66.99732,526154.0
2025-06-27,67.07424,67.61268,66.99732,67.07424,708296.0
2025-06-30,67.305,68.30496000000001,67.305,67.76652,603654.0
2025-07-01,67.84344,69.99719999999999,67.84344,69.6126,1286425.0
2025-07-02,69.6126,69.6126,69.15108000000001,69.38184,599173.0
2025-07-03,67.15116,69.53568,67.15116,68.4588,700584.0
2025-07-04,68.53572,69.228,68.07419999999999,69.07416,794498.0
2025-07-07,68.99724,69.45876,68.22804,69.228,789884.0
2025-07-08,69.228,73.074,68.84339999999999,73.074,2141949.0
2025-07-09,73.074,73.22784,72.3048,72.3048,1070328.0
2025-07-10,72.38172,73.8432,72.07404,73.8432,1274511.0
2025-07-11,73.8432,76.92,73.61244,76.92,2014315.0
2025-07-14,77.22767999999999,77.61228,75.53544000000001,76.1508,1135747.0
2025-07-15,76.92,76.99692,74.997,74.997,1115778.0
2025-07-16,74.6124,74.997,73.4586,73.8432,1546982.0
2025-07-17,73.8432,75.22775999999999,72.53556,72.53556,1714554.0
2025-07-18,73.4586,73.99704,71.5356,71.76636,2614941.0
2025-07-21,72.3048,74.07396,72.22788,73.15092,1562403.0
2025-07-22,73.4586,78.22764,73.4586,78.22764,2921518.0
2025-07-23,83.0736,83.68896000000001,82.689,83.68896000000001,1723347.0
2025-07-24,89.53488,89.53488,84.15048,87.6888,2897885.0
2025-07-25,87.84264,93.76548,86.30424000000001,93.76548,3286325.0
2025-07-28,95.61156,99.76524,95.38080000000001,97.68839999999999,2346512.0
2025-07-29,98.38068,98.38068,90.91944000000001,90.99636,3097590.0
2025-07-30,90.99636,95.30388,90.381,91.30404,2124527.0
2025-07-31,92.84244,94.227,88.458,93.22703999999999,2771578.0
2025-08-01,93.22703999999999,93.22703999999999,89.9964,91.5348,2499733.0
2025-08-04,89.9964,97.91916,89.38104,97.91916,3270925.0
2025-08-05,99.2268,101.45747999999999,92.304,97.91916,3993463.0
2025-08-06,97.91916,99.61139999999999,96.38076,99.2268,2198340.0
2025-08-07,99.38064,99.45756,96.76536,98.22684,2221851.0
2025-08-08,98.30376,98.30376,93.4578,93.4578,2179873.0
2025-08-11,96.15,96.15,93.4578,95.38080000000001,2039887.0
2025-08-12,96.15,99.61139999999999,94.38083999999999,97.68839999999999,3154713.0
2025-08-13,98.073,98.073,94.68852000000001,97.99608,3062002.0
2025-08-14,99.14988000000001,104.84196,98.4576,104.84196,4483250.0
2025-08-15,110.07252,112.14936,102.99588,111.99552,3444907.0
2025-08-18,111.99552,111.99552,107.688,109.53408,2046913.0
2025-08-19,116.84147999999999,117.14916000000001,110.99556,112.3032,2388415.0
2025-08-20,112.3032,112.3032,104.9958,110.61096,2407603.0
2025-08-21,110.53403999999999,112.3032,107.76492,112.14936,2765524.0
2025-08-22,108.07260000000001,111.534,106.1496,107.688,2400757.0
2025-08-25,108.07260000000001,111.1494,107.688,109.611,2428989.0
2025-08-26,109.99560000000001,111.1494,108.61103999999999,110.76480000000001,2018843.0
2025-08-27,111.1494,111.61092,109.07256,110.84172,2024343.0
2025-08-28,111.1494,113.99544,110.76480000000001,111.534,1975188.0
2025-08-29,111.99552,112.45703999999999,109.91868,111.1494,2059853.0
2025-09-03,110.76480000000001,110.76480000000001,107.688,109.2264,2130620.0
2025-09-04,109.38024,109.38024,107.3034,107.688,2006922.0
2025-09-05,107.76492,111.534,107.688,109.2264,2086006.0
2025-09-08,108.4572,109.68791999999999,107.07263999999999,109.14948,2162933.0
2025-09-09,109.2264,112.76472,109.14948,111.534,2385051.0
2025-09-10,111.91860000000001,111.99552,109.07256,111.45708,1972705.0
2025-09-11,111.534,112.3032,108.07260000000001,111.84168,2167630.0
2025-09-12,111.99552,114.22619999999999,111.1494,112.3032,2320422.0
2025-09-15,112.68780000000001,112.68780000000001,110.3802,111.99552,2239924.0
2025-09-16,112.07244,113.14932,109.2264,109.2264,2237359.0
2025-09-17,109.2264,109.611,107.99568,109.2264,2024781.0
2025-09-18,109.30332000000001,109.30332000000001,107.07263999999999,107.53416,2104627.0
2025-09-19,107.53416,107.53416,103.842,105.53424000000001,2088233.0
2025-09-22,104.9958,105.14964,100.7652,104.2266,2355577.0
2025-09-23,104.30352,104.6112,102.07284,102.3036,1764660.0
2025-09-24,102.3036,103.0728,100.30368,102.84204,1532693.0
2025-09-25,103.0728,105.61116,102.99588,104.53428,1692127.0
2025-09-26,104.68812,104.68812,101.919,101.919,1762621.0
2025-09-29,101.76516000000001,101.919,98.76528,99.76524,1786688.0
2025-09-30,99.84216,101.1498,99.07296000000001,99.68832,1691379.0
2025-10-01,99.53448,99.84216,98.4576,98.4576,1676910.0
2025-10-02,98.61144,101.1498,97.99608,98.99604,1761512.0
2025-10-03,98.99604,99.996,98.14992,99.45756,1614349.0
2025-10-06,99.61139999999999,103.30356,99.61139999999999,103.30356,1706691.0
2025-10-07,103.68816000000001,103.68816000000001,101.30364,102.61128,1604353.0
2025-10-08,103.842,103.842,101.76516000000001,102.61128,1816457.0
2025-10-09,102.6882,102.6882,100.84212,102.38052,1713430.0
2025-10-10,102.6882,103.45739999999999,101.53439999999999,102.53436,1822200.0
2025-10-13,101.45747999999999,109.68791999999999,99.996,109.68791999999999,3777148.0
2025-10-14,111.91860000000001,117.303,110.45711999999999,117.303,4723964.0
2025-10-15,120.53364,125.45652,117.53376,125.45652,3459424.0
2025-10-16,126.14880000000001,133.45620000000002,123.99503999999999,133.45620000000002,3686553.0
2025-10-17,133.53312,137.68679999999998,129.9948,134.61,3074510.0
2025-10-20,134.2254,138.456,127.37952,134.2254,3495073.0
2025-10-21,134.2254,143.60964,134.2254,138.456,4133149.0
2025-10-22,138.8406,139.45596,136.22532,138.60984,2924786.0
2025-10-23,138.53292000000002,142.37892000000002,138.53292000000002,141.53279999999998,2604273.0
2025-10-24,141.53279999999998,141.9174,133.45620000000002,138.456,3507841.0
2025-10-27,140.7636,140.7636,130.764,134.84076000000002,3029077.0
2025-10-28,134.07156,144.225,134.07156,144.225,3730227.0
2025-10-29,145.7634,151.1478,145.37879999999998,150.07092,2322697.0
2025-10-30,150.07092,154.76304000000002,148.14792,150.3786,2391029.0
2025-10-31,149.2248,149.37864000000002,141.9174,143.8404,2805236.0
2025-11-03,143.68656,146.07108,140.84052,141.1482,2420378.0
2025-11-04,141.53279999999998,145.37879999999998,140.60976000000002,142.91735999999997,2132031.0
2025-11-05,142.53276,143.45579999999998,140.7636,141.9174,2045927.0
2025-11-06,142.14816,143.45579999999998,139.14828,139.14828,1770242.0
2025-11-07,137.3022,138.456,132.99468,136.9176,2070901.0
2025-11-10,137.3022,139.2252,134.84076000000002,135.76379999999997,1929763.0
2025-11-11,135.76379999999997,136.533,131.14860000000002,134.53307999999998,2018994.0
2025-11-12,134.61,136.14839999999998,130.99475999999999,135.45612,1924204.0
2025-11-13,135.22536,136.76376000000002,133.99464,135.60996,1859384.0
2025-11-14,135.07152,136.14839999999998,133.30236,135.68688,1850916.0
2025-11-17,135.68688,137.68679999999998,134.2254,137.68679999999998,1915037.0
2025-11-18,138.60984,138.60984,136.14839999999998,137.76372,1830978.0
2025-11-19,137.45604,137.76372,135.45612,136.9176,1812924.0
2025-11-20,136.533,146.45568,136.30223999999998,146.45568,3017878.0
2025-11-21,146.9172,151.60932,145.07112,149.68632,1927484.0
2025-11-24,149.76324,157.76292,148.4556,157.53216,2863323.0
2025-11-25,157.91676,168.53172,156.53220000000002,168.53172,3217455.0
2025-11-26,168.0702,169.224,159.14748,159.83976,2259713.0
2025-11-27,159.2244,159.83976,148.68635999999998,155.3784,4892910.0
2025-11-28,154.60920000000002,159.07056,151.37856,156.53220000000002,1491169.0
2025-12-01,156.68604000000002,162.07044,154.37844,156.83988,1861273.0
2025-12-02,156.9168,167.76252,155.07072,167.60868,3568369.0
2025-12-03,167.83944,167.91636,163.22423999999998,164.6088,1698369.0
2025-12-04,164.68572,164.68572,158.45520000000002,158.45520000000002,2256382.0
2025-12-05,157.07064000000003,159.609,153.84,159.609,2327074.0
2025-12-08,157.22448,159.609,154.53228,158.76288,1678036.0
2025-12-09,157.686,157.686,153.84,153.84,1985792.0
2025-12-10,154.2246,154.60920000000002,148.91711999999998,151.22472,2545126.0
2025-12-11,150.53244,150.99396,144.53268,144.6096,1753020.0
2025-12-12,142.302,146.5326,138.30216000000001,142.302,2000041.0
2025-12-15,141.53279999999998,143.8404,140.7636,143.0712,1405947.0
2025-12-16,143.14812,147.3018,139.84056,147.3018,1588910.0
2025-12-17,147.37872,147.37872,142.37892000000002,142.37892000000002,1512536.0
2025-12-18,142.37892000000002,150.7632,140.68668,149.14788000000001,2134388.0
2025-12-19,149.2248,153.76307999999997,147.53256,153.76307999999997,2118689.0
2025-12-22,153.84,159.2244,151.99392,158.45520000000002,1863418.0
2025-12-23,158.0706,161.532,155.60916,158.8398,1849989.0
2025-12-24,158.45520000000002,158.60904000000002,153.0708,153.0708,1838411.0
2025-12-25,151.84008,163.76268,150.60935999999998,163.0704,3528326.0
2025-12-26,160.53204,163.455,157.686,159.91667999999999,1670170.0
2025-12-29,160.30128,162.45504,158.99364000000003,160.14744,1683627.0
2025-12-30,159.99360000000001,160.14744,153.53232,157.99367999999998,1707308.0
2025-12-31,157.3014,160.7628,155.14764000000002,160.7628,1398982.0
2026-01-05,159.2244,161.1474,156.68604000000002,159.609,1791557.0
2026-01-06,159.609,165.7626,157.83984,163.22423999999998,2099376.0
2026-01-07,163.455,163.60884,159.91667999999999,161.22432,1490561.0
2026-01-08,161.532,162.45504,153.4554,156.1476,2236188.0
2026-01-09,155.14764000000002,155.91684,146.148,152.84004000000002,2539322.0
2026-01-12,152.14776,152.3016,144.6096,149.994,1970511.0
2026-01-13,149.2248,151.1478,146.30184,149.994,1643260.0
2026-01-14,149.37864000000002,150.14784,143.0712,145.68648000000002,1906235.0
2026-01-15,144.9942,144.9942,136.533,138.8406,1679312.0
2026-01-16,138.8406,143.8404,138.14832,141.53279999999998,1384120.0
2026-01-19,141.9174,143.8404,140.14824,142.302,1086841.0
2026-01-20,142.6866,143.0712,139.45596,139.84056,1420587.0
2026-01-21,139.60979999999998,141.1482,136.99452,139.84056,1466917.0
2026-01-22,139.2252,140.07132000000001,137.76372,139.2252,1309972.0
2026-01-23,139.60979999999998,148.91711999999998,138.37908,148.91711999999998,1514802.0
2026-01-26,145.91724,146.07108,139.99439999999998,139.99439999999998,1226808.0
2026-01-27,140.14824,141.1482,137.53296,137.53296,1227274.0
2026-01-28,137.68679999999998,138.60984,128.14872,131.9178,1976234.0
2026-01-29,132.3024,132.99468,123.8412,126.14880000000001,1788137.0
2026-01-30,126.37956,131.14860000000002,122.61048,131.14860000000002,1701956.0
2026-02-02,131.30244,132.07164,123.30275999999999,130.764,1502441.0
2026-02-03,129.84096,130.764,126.76416,129.22560000000001,1307295.0
2026-02-04,127.68719999999999,128.4564,123.99503999999999,126.918,1315490.0
2026-02-05,126.14880000000001,130.764,124.76424,128.0718,1519493.0
2026-02-06,126.918,127.76411999999999,124.14888,127.68719999999999,1270469.0
2026-02-09,127.68719999999999,129.6102,126.5334,126.918,1045240.0
2026-02-10,126.14880000000001,126.918,124.2258,125.37960000000001,1051092.0
2026-02-11,124.995,129.22560000000001,123.99503999999999,129.22560000000001,1190477.0
2026-02-12,129.22560000000001,130.764,127.45644,129.22560000000001,1081684.0
2026-02-13,129.22560000000001,130.3794,127.30260000000001,130.14864,1250994.0
2026-02-23,130.3794,134.61,130.14864,134.53307999999998,1270781.0
2026-02-24,134.53307999999998,143.53272,131.30244,143.53272,1666766.0
2026-02-25,138.60984,141.1482,136.14839999999998,137.3022,1188961.0
2026-02-26,136.533,137.76372,133.61004,137.3022,1177346.0
2026-02-27,136.76376000000002,137.3022,134.76384,135.22536,1136006.0
2026-03-02,131.14860000000002,131.99472,129.37944,129.9948,1190615.0
2026-03-03,129.45636,130.764,126.22572,126.22572,1195383.0
2026-03-04,125.84111999999999,127.68719999999999,119.84136,125.53344,1470859.0
2026-03-05,125.61036,125.91803999999999,119.9952,120.30288,1569341.0
2026-03-06,119.9952,121.9182,117.07224000000001,120.30288,1240685.0
2026-03-09,114.99539999999999,117.6876,111.91860000000001,117.6876,1114638.0
2026-03-10,118.68755999999999,119.9952,115.91844,119.226,1430846.0
2026-03-11,120.7644,123.072,117.53376,122.84124,1436022.0
2026-03-12,119.226,121.45667999999999,117.53376,117.53376,1394827.0
2026-03-13,117.37992,120.7644,117.37992,120.61055999999999,1258985.0
2026-03-16,119.9952,119.9952,117.37992,118.4568,1163416.0
2026-03-17,118.4568,120.7644,118.4568,120.7644,1244943.0
2026-03-18,120.14904,123.072,119.37984,123.072,1287781.0
2026-03-19,121.84128,122.14896,119.226,122.07203999999999,1727133.0
2026-03-20,121.149,121.149,116.37996000000001,120.99516,1786475.0
2026-03-23,117.303,117.91836,116.22612,116.76456,981419.0
2026-03-24,116.76456,117.6876,112.84164,117.6876,1656429.0
2026-03-25,117.6876,118.0722,115.38,117.6876,1291870.0
2026-03-26,117.6876,119.226,116.07227999999999,119.226,1166570.0
2026-03-27,119.226,121.149,117.91836,120.7644,1005662.0
2026-03-30,119.226,121.9182,116.91839999999999,120.84132000000001,1248824.0
2026-03-31,120.91824000000001,121.5336,119.9952,119.9952,865490.0
2026-04-01,120.3798,128.37948,120.14904,128.37948,1693537.0
2026-04-02,130.764,130.764,123.99503999999999,127.30260000000001,1064315.0
2026-04-03,126.918,131.14860000000002,123.91812,123.91812,1437435.0
2026-04-06,122.3028,125.7642,122.3028,125.61036,1009899.0
2026-04-07,125.61036,125.7642,122.6874,125.7642,994085.0
2026-04-08,127.68719999999999,130.3794,126.68724,130.3794,1270299.0
2026-04-09,128.99484,129.07175999999998,126.918,127.68719999999999,1034953.0
2026-04-10,128.0718,130.3794,127.68719999999999,128.4564,1042572.0
2026-04-13,124.14888,128.4564,124.07196,128.30256,1056044.0
2026-04-14,128.4564,129.9948,127.22568,128.30256,1101086.0
2026-04-15,128.30256,137.22528,128.30256,137.07144,2651892.0
2026-04-16,135.76379999999997,137.07144,131.84088,137.07144,1546735.0
2026-04-17,136.99452,136.99452,132.45623999999998,136.76376000000002,1638703.0
2026-04-20,135.30228,135.99456,133.22544,134.84076000000002,923351.0
2026-04-21,134.91768,138.60984,134.61,135.14844,1483515.0
2026-04-22,135.22536,135.68688,133.07160000000002,135.14844,1256741.0
2026-04-23,135.07152,136.9176,132.61007999999998,134.53307999999998,1056712.0
2026-04-24,134.45616,138.8406,132.45623999999998,138.8406,1584377.0
2026-04-28,137.53296,138.8406,135.45612,137.45604,1358291.0
2026-04-29,136.68684,139.60979999999998,135.53304,138.456,1500178.0
2026-05-04,137.3022,138.456,135.53304,138.37908,1177634.0
2026-05-05,137.68679999999998,139.99439999999998,136.30223999999998,139.2252,1487440.0
2026-05-06,139.30212,146.148,137.68679999999998,139.60979999999998,2081830.0
2026-05-07,139.60979999999998,141.9174,138.60984,139.99439999999998,1270195.0
2026-05-08,139.91748,139.99439999999998,135.53304,135.53304,1368564.0
2026-05-11,135.53304,135.53304,131.14860000000002,131.14860000000002,1535757.0
2026-05-12,130.764,134.61,130.30248,134.61,1273198.0
2026-05-13,134.61,139.60979999999998,132.91776000000002,133.14852,1110528.0
2026-05-14,133.45620000000002,134.99460000000002,131.84088,133.14852,1199290.0
2026-05-15,133.30236,133.37928,131.76396,131.76396,1140882.0
2026-05-18,130.3794,132.53316,130.3794,131.61012,1394405.0
2026-05-19,131.68704,132.687,130.22556,132.3024,1178489.0
2026-05-20,132.3024,132.76392,129.91788,131.22552,1338352.0
2026-05-21,131.53320000000002,133.8408,131.37936,133.45620000000002,1522358.0
2026-05-22,133.45620000000002,133.45620000000002,130.61016,130.84092,1086034.0
2026-05-25,130.84092,133.8408,130.53324,133.68696,1118668.0
2026-05-26,133.68696,133.8408,132.14856,132.76392,997415.0
2026-05-27,132.76392,132.84084,130.3794,132.37932,1049451.0
2026-05-28,132.45623999999998,132.687,130.764,131.07168,1000314.0
2026-05-29,129.9948,132.3024,129.6102,132.22548,999863.0
2026-06-01,132.22548,132.687,130.45632,131.53320000000002,882706.0
2026-06-02,131.53320000000002,131.61012,129.84096,130.84092,902681.0
2026-06-03,130.84092,132.3024,129.9948,131.37936,1091359.0
2026-06-04,131.37936,132.76392,130.14864,132.76392,1035063.0
2026-06-05,133.07160000000002,141.99432000000002,132.53316,141.99432000000002,1793448.0
2026-06-08,136.9176,138.456,134.53307999999998,135.99456,850849.0
2026-06-09,136.14839999999998,137.99448,134.91768,137.68679999999998,907991.0
2026-06-10,137.91756,141.1482,137.45604,139.99439999999998,1015465.0
2026-06-11,139.2252,140.379,136.37916,136.533,820681.0
2026-06-12,136.76376000000002,140.84052,136.68684,139.07136,911935.0
2026-06-15,139.2252,142.6866,139.2252,141.30204,1080343.0
2026-06-16,143.8,144.1,137.8,138.0,983769.0
2026-06-17,136.8,144.0,136.3,143.9,963805.0
2026-06-18,142.8,142.8,138.4,138.4,1148767.0
2026-06-19,138.9,141.0,138.4,140.5,1170262.0
2026-06-22,140.5,141.0,138.9,139.5,1007445.0
2026-06-23,139.5,140.2,137.5,137.5,941955.0
2026-06-24,137.5,138.2,136.1,136.4,970320.0
2026-06-25,136.5,139.9,136.3,139.4,967848.0
2026-06-26,138.5,140.0,138.0,139.5,984341.0
2026-06-29,139.5,139.5,136.6,138.8,1234200.0
2026-06-30,138.7,140.0,137.8,139.5,744200.0
2026-07-01,139.1,140.0,138.8,139.3,888300.0
2026-07-02,139.3,139.4,137.6,139.0,761000.0
2026-07-03,139.2,142.5,138.0,141.8,1006400.0
2026-07-06,141.8,142.0,137.7,140.6,965100.0
2026-07-07,140.0,140.0,138.6,139.7,818200.0
2026-07-08,139.0,139.0,137.2,138.9,861400.0
2026-07-09,137.5,139.0,137.1,139.0,884700.0
2026-07-10,138.0,138.0,137.1,138.0,750900.0
2026-07-13,136.8,137.5,128.4,134.4,967500.0
2026-07-14,133.0,133.9,130.9,133.3,925900.0
2026-07-15,133.3,133.3,129.1,129.7,920100.0
2026-07-16,130.0,132.8,129.8,132.5,932800.0
2026-07-17,132.0,132.0,129.7,131.3,980200.0
2026-07-20,131.0,134.6,128.2,132.0,1110400.0
2026-07-21,130.6,132.0,130.2,130.8,847200.0
2026-07-22,130.8,131.6,126.0,126.0,1263300.0
2026-07-23,127.0,130.0,126.2,127.6,1204100.0
2026-07-24,125.8,127.4,124.5,127.4,828800.0
2026-07-27,127.0,129.5,124.2,126.0,1058500.0
2026-07-28,125.5,127.0,123.3,123.4,969700.0
2026-07-29,122.2,125.5,118.1,125.5,1334100.0
2026-07-30,125.0,126.5,123.2,124.2,1067400.0
2026-07-31,124.4,126.5,123.6,125.0,1446000.0
2026-08-03,125.1,127.0,123.7,126.6,1080700.0
2026-08-04,126.6,126.6,124.3,126.5,1546500.0
2026-08-05,126.8,128.0,125.3,126.1,1604300.0
2026-08-06,126.5,127.0,125.0,126.0,1466900.0
2026-08-07,125.7,126.1,124.8,125.5,1356700.0
2026-08-10,125.7,126.5,123.6,125.5,1513100.0
2026-08-11,125.6,128.0,125.6,127.2,1390800.0
2026-08-12,127.3,128.5,126.1,127.7,1512600.0
2026-08-13,127.9,127.9,124.8,124.9,1564200.0
2026-08-14,124.3,125.0,121.7,123.2,1315200.0
2026-08-17,121.5,124.0,121.5,123.5,1264300.0
2026-08-18,123.5,124.8,122.1,123.5,1304900.0
2026-08-19,122.9,123.7,122.2,123.1,1148400.0
2026-08-20,123.3,124.0,122.3,123.4,1437200.0
2026-08-21,123.0,125.0,122.1,124.5,1367400.0
2026-08-24,125.0,125.4,124.0,124.5,1395500.0
2026-08-25,124.6,125.1,123.8,124.7,1511700.0
2026-08-26,124.7,127.5,124.6,127.0,1510000.0
2026-08-27,127.0,128.0,125.3,126.5,1442000.0
2026-08-28,126.6,126.6,125.0,125.0,1161100.0
2026-09-03,125.0,126.5,124.5,125.6,1230000.0
2026-09-04,125.7,126.0,124.5,124.5,1000100.0
2026-09-07,124.7,126.5,123.8,125.0,1286900.0
2026-09-08,125.1,126.4,125.1,126.0,1078900.0
2026-09-09,126.0,126.5,124.5,125.0,892800.0
2026-09-10,125.1,125.9,124.0,125.2,774000.0
2026-09-11,124.9,125.2,123.7,124.7,1073500.0
2026-09-14,124.6,124.8,122.5,122.9,953300.0
2026-09-15,123.3,124.5,122.9,124.4,935400.0
2026-09-16,124.3,124.9,123.3,124.4,987700.0
2026-09-17,124.0,127.0,123.9,126.8,1256200.0
2026-09-18,127.0,129.0,126.0,129.0,2012700.0
2026-09-21,129.0,138.0,125.1,138.0,1864200.0
2026-09-22,137.9,138.0,132.7,135.9,1162600.0
2026-09-23,135.9,135.9,133.3,135.0,1012600.0
2026-09-24,135.0,135.0,131.4,132.0,939000.0
2026-09-25,132.0,134.0,131.7,132.8,877300.0
2026-09-28,133.0,133.0,130.8,132.9,946600.0
2026-09-29,133.0,134.5,132.3,133.5,897300.0
2026-09-30,133.7,134.5,131.8,132.0,836900.0
2026-10-01,132.0,132.5,128.0,129.6,916300.0
2026-10-02,129.8,130.0,127.7,129.4,918900.0
