,open,high,low,close,volume
2020-05-08,5.46979,5.8132399999999995,5.46979,5.800520000000001,14723540.0
2020-05-11,5.90229,6.14398,5.90229,6.13126,8508370.0
2020-05-12,6.1567,6.1567,5.94045,6.11854,6834010.0
2020-05-13,6.02949,6.1567,5.86413,6.08037,7305760.0
2020-05-14,6.02949,6.08037,5.94045,6.01677,5055950.0
2020-05-15,6.04221,6.09309,5.96589,6.0676499999999995,5062250.0
2020-05-18,6.054930000000001,6.38566,6.01677,6.38566,11745840.0
2020-05-19,6.61463,6.61463,6.3475,6.36022,7262590.0
2020-05-20,6.233020000000001,6.334779999999999,6.2203,6.25846,4798130.0
2020-05-21,6.233020000000001,6.29662,6.14398,6.2839,6693720.0
2020-05-22,6.2839,6.29662,6.13126,6.14398,4840870.0
2020-05-25,6.10582,6.16942,6.00405,6.10582,5174030.0
2020-05-26,6.18214,6.29662,6.11854,6.14398,5056700.0
2020-05-27,6.18214,6.2203,5.85141,5.85141,7919070.0
2020-05-28,5.87685,5.97861,5.7878,5.87685,6455000.0
2020-05-29,5.87685,5.95317,5.83869,5.94045,3696450.0
2020-06-01,6.04221,6.24574,5.95317,6.24574,8948760.0
2020-06-02,6.3220600000000005,6.3220600000000005,6.09309,6.13126,5977010.0
2020-06-03,6.14398,6.20758,6.09309,6.18214,3922100.0
2020-06-04,6.233020000000001,6.25846,6.09309,6.10582,5967540.0
2020-06-05,6.08037,6.233020000000001,6.054930000000001,6.233020000000001,5507250.0
2020-06-08,6.3220600000000005,6.36022,6.20758,6.2203,8059810.0
2020-06-09,6.2203,6.2203,6.10582,6.13126,4906760.0
2020-06-10,6.10582,6.233020000000001,5.97861,6.14398,5601590.0
2020-06-11,6.18214,6.18214,5.87685,5.87685,7897200.0
2020-06-12,5.622439999999999,5.9277299999999995,5.622439999999999,5.87685,6053520.0
2020-06-15,5.87685,5.87685,5.495229999999999,5.495229999999999,5816080.0
2020-06-16,5.6733199999999995,5.7242,5.571560000000001,5.64788,3095910.0
2020-06-17,5.6733199999999995,5.7369200000000005,5.597,5.68604,2786240.0
2020-06-18,5.64788,5.7369200000000005,5.622439999999999,5.6733199999999995,1526680.0
2020-06-19,5.69876,5.8132399999999995,5.68604,5.800520000000001,2450770.0
2020-06-22,5.77508,5.85141,5.7242,5.77508,2070530.0
2020-06-23,5.77508,5.8132399999999995,5.69876,5.7878,2034230.0
2020-06-24,5.77508,5.800520000000001,5.64788,5.6733199999999995,2522610.0
2020-06-25,5.54612,5.6733199999999995,5.54612,5.597,2302810.0
2020-06-26,5.68604,5.69876,5.54612,5.597,1451880.0
2020-06-29,5.52067,5.52067,5.30443,5.34259,4380250.0
2020-06-30,5.44435,5.44435,5.15178,5.20266,2998040.0
2020-07-01,5.278989999999999,5.495229999999999,5.1645,5.495229999999999,2251530.0
2020-07-02,5.46979,5.52067,5.393470000000001,5.45707,1662300.0
2020-07-03,5.40619,5.46979,5.40619,5.4189099999999994,938470.0
2020-07-06,5.44435,5.622439999999999,5.4189099999999994,5.597,2037820.0
2020-07-07,5.622439999999999,5.6733199999999995,5.50795,5.52067,2029580.0
2020-07-08,5.52067,5.58428,5.46979,5.571560000000001,1670440.0
2020-07-09,5.60972,5.83869,5.60972,5.8132399999999995,4798980.0
2020-07-10,5.77508,5.86413,5.7369200000000005,5.762359999999999,2240110.0
2020-07-13,5.82597,5.83869,5.64788,5.68604,2564770.0
2020-07-14,5.60972,5.69876,5.571560000000001,5.64788,3437110.0
2020-07-15,5.7369200000000005,5.800520000000001,5.7242,5.7242,2201940.0
2020-07-16,5.7242,5.74964,5.69876,5.74964,1943770.0
2020-07-17,5.7242,5.90229,5.71148,5.86413,5084760.0
2020-07-20,5.90229,5.9277299999999995,5.77508,5.77508,2940660.0
2020-07-21,5.77508,5.8132399999999995,5.7242,5.7878,1824020.0
2020-07-22,5.800520000000001,5.82597,5.68604,5.71148,2218260.0
2020-07-23,5.69876,5.7242,5.622439999999999,5.7242,2381770.0
2020-07-24,5.68604,5.69876,5.32987,5.393470000000001,6808310.0
2020-07-27,5.08818,5.32987,5.02458,5.02458,6466340.0
2020-07-28,5.139060000000001,5.2662700000000005,5.02458,5.2662700000000005,4735520.0
2020-07-29,5.100899999999999,5.15178,4.93553,5.07546,3449970.0
2020-07-30,5.139060000000001,5.2662700000000005,5.08818,5.1645,2303200.0
2020-07-31,5.08818,5.20266,5.0118599999999995,5.139060000000001,2482510.0
2020-08-03,5.11362,5.32987,5.11362,5.32987,2830540.0
2020-08-04,5.393470000000001,5.495229999999999,5.32987,5.36803,3447430.0
2020-08-05,5.36803,5.46979,5.31715,5.46979,3364040.0
2020-08-06,5.44435,5.52067,5.393470000000001,5.43163,3045480.0
2020-08-07,5.4189099999999994,5.46979,5.38075,5.40619,2371520.0
2020-08-10,5.46979,5.52067,5.43163,5.43163,3389710.0
2020-08-11,5.48251,5.495229999999999,5.4189099999999994,5.45707,2037520.0
2020-08-12,5.495229999999999,5.533390000000001,5.45707,5.52067,3717070.0
2020-08-13,5.533390000000001,5.58428,5.52067,5.533390000000001,2332480.0
2020-08-14,5.533390000000001,5.571560000000001,5.4189099999999994,5.44435,3519020.0
2020-08-17,5.393470000000001,5.46979,5.35531,5.4189099999999994,2622220.0
2020-08-18,5.44435,5.48251,5.4189099999999994,5.4189099999999994,1946050.0
2020-08-19,5.4189099999999994,5.48251,5.4189099999999994,5.44435,1674410.0
2020-08-20,5.44435,5.50795,5.4189099999999994,5.43163,3565530.0
2020-08-21,5.48251,5.58428,5.44435,5.571560000000001,6115290.0
2020-08-24,5.6733199999999995,5.90229,5.6733199999999995,5.90229,7218650.0
2020-08-25,5.9277299999999995,5.99133,5.8132399999999995,5.85141,6281220.0
2020-08-26,5.8132399999999995,5.90229,5.800520000000001,5.82597,4447250.0
2020-08-27,5.82597,5.88957,5.800520000000001,5.87685,3895810.0
2020-08-28,5.9277299999999995,6.09309,5.87685,6.00405,7066080.0
2020-08-31,6.054930000000001,6.09309,5.9150100000000005,5.94045,3366690.0
2020-09-01,5.9277299999999995,5.97861,5.800520000000001,5.95317,5219730.0
2020-09-03,6.01677,6.08037,5.94045,6.02949,4243550.0
2020-09-04,5.90229,6.02949,5.88957,5.96589,4108490.0
2020-09-07,6.01677,6.01677,5.7242,5.7242,5894450.0
2020-09-08,5.74964,5.85141,5.7242,5.82597,4753470.0
2020-09-09,5.7242,5.85141,5.71148,5.8132399999999995,4942330.0
2020-09-10,5.83869,5.86413,5.800520000000001,5.800520000000001,3480600.0
2020-09-11,5.77508,5.83869,5.74964,5.8132399999999995,2477680.0
2020-09-14,5.82597,5.95317,5.82597,5.90229,3269680.0
2020-09-15,5.90229,5.9150100000000005,5.85141,5.86413,4132960.0
2020-09-16,5.85141,5.87685,5.82597,5.85141,2661850.0
2020-09-17,5.83869,5.9277299999999995,5.8132399999999995,5.8132399999999995,3498770.0
2020-09-18,5.82597,5.9150100000000005,5.82597,5.9150100000000005,3514770.0
2020-09-21,5.97861,6.00405,5.9150100000000005,5.94045,4397490.0
2020-09-22,5.88957,5.97861,5.87685,5.95317,3202400.0
2020-09-23,5.96589,6.08037,5.94045,6.054930000000001,8698840.0
2020-09-24,6.00405,6.054930000000001,5.94045,5.96589,4039760.0
2020-09-25,5.97861,5.97861,5.88957,5.9277299999999995,3183400.0
2020-09-28,5.9277299999999995,6.08037,5.9277299999999995,6.054930000000001,8487830.0
2020-09-29,6.10582,6.233020000000001,6.02949,6.04221,11580400.0
2020-09-30,6.02949,6.054930000000001,5.96589,6.04221,5209330.0
2020-10-01,6.08037,6.18214,6.04221,6.13126,5282040.0
2020-10-02,6.14398,6.1567,5.9150100000000005,6.01677,7817380.0
2020-10-05,6.13126,6.194859999999999,6.08037,6.1567,7056130.0
2020-10-06,6.194859999999999,6.20758,6.09309,6.14398,6138720.0
2020-10-07,6.14398,6.1567,6.04221,6.04221,6265650.0
2020-10-08,6.04221,6.08037,5.90229,5.96589,7614850.0
2020-10-09,5.96589,6.00405,5.90229,5.95317,3496030.0
2020-10-12,6.02949,6.0676499999999995,5.90229,5.95317,3568850.0
2020-10-13,5.95317,5.99133,5.9150100000000005,5.95317,2640580.0
2020-10-14,5.97861,6.14398,5.95317,6.10582,10165900.0
2020-10-15,6.14398,6.1567,6.054930000000001,6.11854,8354960.0
2020-10-16,6.11854,6.37294,6.08037,6.25846,11567220.0
2020-10-19,6.30934,6.3220600000000005,6.194859999999999,6.2203,7119110.0
2020-10-20,6.1567,6.3475,6.13126,6.30934,12978810.0
2020-10-21,6.36022,6.6909600000000005,6.29662,6.38566,16059760.0
2020-10-22,6.43655,6.5128699999999995,6.36022,6.5128699999999995,8544500.0
2020-10-23,6.5128699999999995,6.53831,6.42383,6.53831,7225270.0
2020-10-26,6.53831,6.61463,6.18214,6.18214,9920290.0
2020-10-27,6.233020000000001,6.334779999999999,6.18214,6.194859999999999,10193930.0
2020-10-28,6.1567,6.2203,5.90229,5.90229,9590780.0
2020-10-29,5.90229,6.02949,5.85141,5.9277299999999995,6042720.0
2020-10-30,6.00405,6.00405,5.82597,6.00405,6047360.0
2020-11-02,6.00405,6.054930000000001,5.95317,6.054930000000001,2448770.0
2020-11-03,6.054930000000001,6.13126,6.04221,6.09309,5180160.0
2020-11-04,6.10582,6.20758,6.08037,6.1567,4114660.0
2020-11-05,6.13126,6.16942,6.00405,6.02949,4159850.0
2020-11-06,6.02949,6.054930000000001,5.9277299999999995,5.97861,3498930.0
2020-11-09,6.02949,6.0676499999999995,6.00405,6.0676499999999995,4137770.0
2020-11-10,6.14398,6.1567,6.04221,6.04221,5001930.0
2020-11-11,6.04221,6.0676499999999995,5.96589,6.04221,5356460.0
2020-11-12,6.04221,6.0676499999999995,6.01677,6.0676499999999995,2895350.0
2020-11-13,6.09309,6.233020000000001,6.0676499999999995,6.233020000000001,7198130.0
2020-11-16,6.25846,6.334779999999999,6.10582,6.14398,9138440.0
2020-11-17,6.14398,6.36022,6.10582,6.36022,7777280.0
2020-11-18,6.334779999999999,6.41111,6.3220600000000005,6.334779999999999,7668540.0
2020-11-19,6.37294,6.5128699999999995,6.334779999999999,6.487430000000001,11858880.0
2020-11-20,6.47471,6.487430000000001,6.39839,6.487430000000001,5233610.0
2020-11-23,6.487430000000001,6.50015,6.04221,6.487430000000001,6795490.0
2020-11-24,6.487430000000001,6.61463,6.42383,6.52559,8744090.0
2020-11-25,6.61463,6.79272,6.53831,6.79272,12314880.0
2020-11-26,6.79272,6.91992,6.72912,6.91992,7724470.0
2020-11-27,6.9072,6.93264,6.79272,6.86904,6241440.0
2020-11-30,6.89448,6.94536,6.81816,6.81816,9088440.0
2020-12-01,6.716399999999999,7.12345,6.70368,7.09801,10951390.0
2020-12-02,7.07257,7.12345,6.97081,7.04713,7549440.0
2020-12-03,7.04713,7.23793,6.99625,7.19977,8445590.0
2020-12-04,7.17433,7.26338,7.07257,7.07257,7675980.0
2020-12-07,7.17433,7.21249,7.09801,7.148890000000001,4444700.0
2020-12-08,7.25066,7.26338,7.148890000000001,7.21249,4733470.0
2020-12-09,7.2761000000000005,7.32698,7.21249,7.23793,5329840.0
2020-12-10,7.25066,7.26338,7.12345,7.12345,6090320.0
2020-12-11,7.16161,7.19977,7.07257,7.19977,4421030.0
2020-12-14,7.25066,7.36514,7.22521,7.30154,5650800.0
2020-12-15,7.35242,7.36514,7.13617,7.148890000000001,6064100.0
2020-12-16,7.21249,7.47962,7.12345,7.45418,7373790.0
2020-12-17,7.4287399999999995,7.69587,7.39058,7.5305100000000005,9755270.0
2020-12-18,7.63227,8.05204,7.63227,8.05204,9700790.0
2020-12-21,8.16653,8.5227,8.16653,8.3955,5858030.0
2020-12-22,8.38278,8.5227,8.19197,8.3955,5859550.0
2020-12-23,8.3955,8.3955,7.88668,8.14109,5132140.0
2020-12-24,8.14109,8.25557,7.63227,8.01388,6840970.0
2020-12-25,7.88668,8.26829,7.86124,8.26829,6106960.0
2020-12-28,8.3955,8.3955,8.14109,8.21741,4538820.0
2020-12-29,8.204690000000001,8.24285,8.03932,8.06476,5984160.0
2020-12-30,8.10293,8.24285,8.0902,8.0902,5655530.0
2020-12-31,8.0902,8.35733,8.0902,8.26829,7292340.0
2021-01-04,8.370049999999999,8.700790000000001,8.28101,8.700790000000001,8385500.0
2021-01-05,8.649899999999999,8.81527,8.62446,8.73895,5658200.0
2021-01-06,8.904309999999999,8.904309999999999,8.700790000000001,8.75167,6159400.0
2021-01-07,8.78983,8.89159,8.67535,8.878870000000001,4691100.0
2021-01-08,8.993360000000001,9.158719999999999,8.89159,9.04424,4558600.0
2021-01-11,9.158719999999999,9.158719999999999,8.91703,8.955200000000001,4430300.0
2021-01-12,8.955200000000001,8.955200000000001,8.72623,8.878870000000001,4612500.0
2021-01-13,8.878870000000001,9.2096,8.82799,9.0824,5529300.0
2021-01-14,9.158719999999999,9.489450000000001,9.03152,9.36225,6531000.0
2021-01-15,9.45129,9.66754,9.413129999999999,9.47673,4658200.0
2021-01-18,9.47673,9.50217,9.273209999999999,9.273209999999999,5121400.0
2021-01-19,9.18416,9.22232,8.62446,8.62446,7415600.0
2021-01-20,8.649899999999999,8.77711,8.03932,8.700790000000001,8073200.0
2021-01-21,8.904309999999999,9.29865,8.700790000000001,9.2096,6882400.0
2021-01-22,9.23505,9.36225,9.095120000000001,9.28593,4065000.0
2021-01-25,9.260489999999999,9.260489999999999,9.056959999999998,9.133280000000001,3524100.0
2021-01-26,9.04424,9.04424,8.49726,8.61174,6629100.0
2021-01-27,8.3955,8.77711,8.03932,8.10293,8073900.0
2021-01-28,7.55595,7.86124,7.543229999999999,7.543229999999999,8709000.0
2021-01-29,7.17433,8.06476,7.17433,7.63227,7679900.0
2021-02-01,7.6831499999999995,8.05204,7.63227,7.88668,8096300.0
2021-02-02,7.88668,8.43366,7.88668,8.43366,4539500.0
2021-02-03,8.649899999999999,9.018799999999999,8.5227,9.018799999999999,7212700.0
2021-02-04,9.03152,9.46401,9.03152,9.31137,8271100.0
2021-02-05,9.31137,9.43857,9.23505,9.413129999999999,5609800.0
2021-02-08,9.413129999999999,9.413129999999999,8.77711,9.158719999999999,8585000.0
2021-02-09,9.28593,9.79475,9.00608,9.79475,11427300.0
2021-02-17,10.04915,10.46893,9.97283,10.46893,6880800.0
2021-02-18,10.392610000000001,10.55797,10.17636,10.50709,5151300.0
2021-02-19,10.25268,10.49437,10.201799999999999,10.329,5478300.0
2021-02-22,10.25268,10.68518,10.18908,10.41805,4886200.0
2021-02-23,10.43077,10.58341,10.04915,10.30356,8992000.0
2021-02-24,10.456209999999999,10.456209999999999,10.04915,10.100040000000002,4924100.0
2021-02-25,10.12548,10.17636,9.782020000000001,10.07459,7600300.0
2021-02-26,9.84563,10.23996,9.83291,10.17636,5846800.0
2021-03-01,10.37989,10.41805,10.18908,10.37989,3352500.0
2021-03-02,10.456209999999999,10.46893,10.329,10.36717,5150400.0
2021-03-03,10.36717,10.60885,10.329,10.58341,6067500.0
2021-03-04,10.68518,10.87598,10.17636,10.55797,7501300.0
2021-03-05,10.40533,10.65974,10.30356,10.63429,3581200.0
2021-03-08,10.68518,10.81238,10.40533,10.51981,3558200.0
2021-03-09,10.43077,10.81238,10.30356,10.63429,5754000.0
2021-03-10,10.68518,10.786940000000001,10.50709,10.68518,3655900.0
2021-03-11,10.81238,11.29576,10.73606,11.13039,7863700.0
2021-03-12,11.21944,11.4484,11.13039,11.321200000000001,8652300.0
2021-03-15,11.321200000000001,11.4484,11.16855,11.39752,5081100.0
2021-03-16,11.39752,11.39752,11.04135,11.283040000000002,5495600.0
2021-03-17,11.283040000000002,11.43568,11.16855,11.346639999999999,3472100.0
2021-03-18,11.55017,11.66465,11.384799999999998,11.66465,6211400.0
2021-03-19,11.575610000000001,11.61377,11.39752,11.49929,2892600.0
2021-03-22,11.473840000000001,11.49929,11.27032,11.42296,4302500.0
2021-03-23,11.27032,11.42296,11.19399,11.321200000000001,3984700.0
2021-03-24,11.15583,11.27032,10.93959,11.21944,3766600.0
2021-03-25,11.21944,11.27032,10.96503,11.00319,2258200.0
2021-03-26,11.00319,11.092229999999999,10.55797,11.04135,3505000.0
2021-03-29,11.04135,11.321200000000001,10.952309999999999,11.321200000000001,2731800.0
2021-03-30,11.39752,11.51201,11.244879999999998,11.43568,3701300.0
2021-03-31,11.244879999999998,11.43568,11.244879999999998,11.35936,2875600.0
2021-04-01,11.35936,11.72825,11.29576,11.677370000000002,5147000.0
2021-04-02,11.80458,11.855459999999999,11.66465,11.75369,2400100.0
2021-04-05,11.90634,11.90634,11.677370000000002,11.8173,3162000.0
2021-04-06,11.8173,11.95722,11.4484,11.8173,3766400.0
2021-04-07,11.70281,11.95722,11.70281,11.830020000000001,4134200.0
2021-04-08,11.95722,12.0081,11.72825,11.8809,4285000.0
2021-04-09,11.8809,12.12259,11.779129999999999,12.0081,6145000.0
2021-04-12,12.084430000000001,12.55508,12.084430000000001,12.466040000000001,12507000.0
2021-04-13,12.720450000000001,12.84765,12.47876,12.644129999999999,8737300.0
2021-04-14,12.720450000000001,12.77133,12.466040000000001,12.74589,8429500.0
2021-04-15,12.74589,12.94942,12.61868,12.720450000000001,8588700.0
2021-04-16,12.59324,12.720450000000001,12.33883,12.45332,7968700.0
2021-04-19,12.59324,12.60596,12.26251,12.60596,6235000.0
2021-04-20,12.60596,12.69501,12.466040000000001,12.59324,7469200.0
2021-04-22,12.61868,13.10206,11.715530000000001,12.466040000000001,18528500.0
2021-04-23,12.529639999999999,12.974860000000001,12.41516,12.974860000000001,17736800.0
2021-04-26,13.10206,13.61088,13.07662,13.48367,18067600.0
2021-04-27,13.33103,13.58544,13.07662,13.534559999999999,16956600.0
2021-04-28,13.61088,13.99249,13.43279,13.99249,17660900.0
2021-04-29,14.1197,14.95925,13.788969999999999,14.88292,41536000.0
2021-05-04,14.52675,15.13733,14.297780000000001,15.13733,24846500.0
2021-05-05,15.111889999999999,15.67159,14.93381,15.41718,21968300.0
2021-05-06,15.41718,15.74791,15.340860000000001,15.72247,28868100.0
2021-05-07,15.64615,15.67159,15.28998,15.64615,36308200.0
2021-05-10,15.51895,15.926,15.26454,15.849680000000001,36069200.0
2021-05-11,15.87512,16.15497,15.64615,16.02776,24541400.0
2021-05-12,15.95144,16.28217,15.64615,16.28217,33403900.0
2021-05-13,16.15497,16.663790000000002,16.10409,16.56202,25718500.0
2021-05-14,16.58746,16.94364,16.23129,16.94364,44422200.0
2021-05-17,16.99452,17.14716,16.51114,16.74011,36478300.0
2021-05-18,16.74011,17.09628,16.409380000000002,17.09628,30645700.0
2021-05-19,16.918200000000002,17.1726,16.53658,17.1726,41305500.0
2021-05-20,17.09628,17.14716,16.663790000000002,16.99452,34350700.0
2021-05-21,16.94364,17.29981,16.53658,17.24893,42798800.0
2021-05-24,17.22349,17.24893,16.58746,16.96908,39712200.0
2021-05-25,16.663790000000002,17.1726,16.63835,16.99452,31781000.0
2021-05-26,16.94364,17.274369999999998,16.81643,17.19805,35197100.0
2021-05-27,17.19805,17.22349,16.81643,17.12172,38641900.0
2021-05-28,17.07084,17.4779,17.019959999999998,17.452450000000002,39912100.0
2021-05-31,17.452450000000002,17.6051,17.09628,17.6051,33135900.0
2021-06-01,17.42701,17.859509999999997,17.09628,17.63054,46477100.0
2021-06-02,17.55422,17.88495,17.32525,17.859509999999997,29367400.0
2021-06-03,17.83407,18.012150000000002,17.32525,17.96127,59255200.0
2021-06-04,17.63054,18.266560000000002,17.452450000000002,18.24112,76583400.0
2021-06-07,18.06304,18.31745,17.68142,18.31745,45648300.0
2021-06-08,18.08848,18.31745,17.83407,18.190240000000003,50833300.0
2021-06-09,18.06304,18.36833,17.83407,18.266560000000002,33409200.0
2021-06-10,18.06304,18.34289,17.83407,18.266560000000002,76530000.0
2021-06-11,18.06304,18.266560000000002,17.859509999999997,18.24112,30016000.0
2021-06-14,18.13936,18.13936,17.80863,18.037599999999998,35156100.0
2021-06-15,17.859509999999997,17.859509999999997,16.79099,16.918200000000002,37834100.0
2021-06-16,16.79099,17.29981,16.79099,16.99452,24074100.0
2021-06-17,16.86731,16.89276,16.53658,16.79099,15732600.0
2021-06-18,16.765549999999998,16.96908,16.765549999999998,16.918200000000002,14881900.0
2021-06-21,16.94364,17.0454,16.765549999999998,16.918200000000002,15519400.0
2021-06-22,16.918200000000002,16.99452,16.663790000000002,16.79099,16227700.0
2021-06-23,17.274369999999998,17.65598,17.274369999999998,17.55422,30671700.0
2021-06-24,17.68142,17.70686,17.40157,17.452450000000002,13397200.0
2021-06-25,17.452450000000002,17.55422,17.274369999999998,17.35069,11060600.0
2021-06-28,17.40157,17.40157,17.22349,17.29981,17281700.0
2021-06-29,17.29981,17.35069,16.99452,17.019959999999998,15695100.0
2021-06-30,17.0454,17.29981,17.0454,17.22349,15417000.0
2021-07-01,17.35069,17.935830000000003,17.19805,17.91039,30912800.0
2021-07-02,18.266560000000002,18.36833,17.935830000000003,18.34289,31892600.0
2021-07-05,18.41921,18.54641,18.190240000000003,18.49553,23568800.0
2021-07-06,18.444650000000003,18.64818,18.06304,18.06304,33237000.0
2021-07-07,18.06304,18.190240000000003,17.57966,17.98671,16762200.0
2021-07-08,18.012150000000002,18.113919999999997,17.63054,17.63054,19600100.0
2021-07-09,17.4779,17.88495,17.0454,17.50334,21204600.0
2021-07-12,17.40157,17.42701,16.28217,16.28217,22323700.0
2021-07-13,16.38394,16.53658,15.72247,16.28217,17823800.0
2021-07-14,16.15497,16.28217,15.28998,15.64615,22403200.0
2021-07-15,15.67159,16.714669999999998,15.51895,16.28217,17772800.0
2021-07-16,16.53658,16.61291,16.3585,16.409380000000002,15478800.0
2021-07-19,15.87512,16.02776,15.26454,15.26454,17012800.0
2021-07-20,15.26454,15.51895,14.88292,15.41718,11652900.0
2021-07-21,15.51895,15.69703,15.340860000000001,15.340860000000001,7778100.0
2021-07-22,15.340860000000001,15.595270000000001,15.18822,15.46806,6636500.0
2021-07-23,15.442620000000002,15.51895,14.88292,14.88292,11176300.0
2021-07-26,14.75572,14.857479999999999,14.37411,14.42499,9337800.0
2021-07-27,14.70484,14.832040000000001,14.39955,14.50131,12908100.0
2021-07-28,14.39955,14.52675,14.32322,14.32322,4633700.0
2021-07-29,14.75572,14.8066,14.50131,14.6794,8593600.0
2021-07-30,14.75572,15.51895,14.6794,15.51895,15637500.0
2021-08-02,15.64615,15.64615,15.366299999999999,15.366299999999999,7576200.0
2021-08-03,15.31542,15.49351,15.31542,15.46806,8690200.0
2021-08-04,15.442620000000002,15.56983,15.366299999999999,15.39174,8030500.0
2021-08-05,15.41718,15.72247,15.340860000000001,15.72247,8050400.0
2021-08-06,15.64615,15.77336,15.41718,15.41718,11940900.0
2021-08-09,15.26454,15.595270000000001,15.26454,15.51895,8858800.0
2021-08-10,15.595270000000001,15.64615,15.28998,15.39174,6199800.0
2021-08-11,15.442620000000002,15.74791,15.39174,15.56983,13475100.0
2021-08-12,15.620709999999999,15.926,15.595270000000001,15.74791,9887800.0
2021-08-13,16.02776,16.18041,15.95144,16.18041,15126300.0
2021-08-16,16.28217,16.99452,16.25673,16.68923,15639700.0
2021-08-17,16.79099,16.89276,16.409380000000002,16.56202,11377300.0
2021-08-18,16.53658,16.56202,16.18041,16.28217,14072500.0
2021-08-19,16.23129,16.43482,16.05321,16.43482,12087300.0
2021-08-20,16.30761,16.33306,15.51895,15.900559999999999,15943000.0
2021-08-23,15.77336,15.87512,15.41718,15.41718,9160600.0
2021-08-24,15.49351,15.7988,15.366299999999999,15.51895,8345400.0
2021-08-25,15.64615,15.69703,15.46806,15.620709999999999,3674100.0
2021-08-26,15.72247,15.77336,15.442620000000002,15.46806,4178000.0
2021-08-27,15.31542,15.56983,15.213659999999999,15.56983,6435800.0
2021-08-30,15.74791,15.77336,15.54439,15.67159,4085900.0
2021-08-31,15.69703,15.7988,15.620709999999999,15.67159,5355800.0
2021-09-01,15.56983,15.77336,15.442620000000002,15.64615,6559200.0
2021-09-06,15.69703,15.72247,15.49351,15.54439,4629400.0
2021-09-07,15.56983,16.23129,15.56983,16.15497,10516500.0
2021-09-08,16.18041,16.20585,15.77336,15.77336,5217900.0
2021-09-09,15.77336,16.15497,15.77336,16.12953,6166500.0
2021-09-10,16.18041,16.63835,16.18041,16.43482,10239100.0
2021-09-13,16.53658,16.79099,16.460259999999998,16.4857,7447900.0
2021-09-14,16.4857,16.4857,16.20585,16.25673,6174200.0
2021-09-15,16.07865,16.30761,16.05321,16.25673,4153000.0
2021-09-16,16.3585,16.53658,16.33306,16.53658,4700400.0
2021-09-17,16.663790000000002,17.14716,16.63835,17.0454,13065500.0
2021-09-20,17.42701,17.50334,17.07084,17.1726,8121300.0
2021-09-21,17.09628,17.22349,16.918200000000002,17.019959999999998,6883800.0
2021-09-22,17.019959999999998,17.0454,16.79099,16.99452,4623100.0
2021-09-23,16.94364,17.19805,16.86731,17.0454,5168200.0
2021-09-24,17.0454,17.12172,16.96908,17.0454,4296300.0
2021-09-27,17.019959999999998,17.37613,16.99452,17.0454,9520500.0
2021-09-28,17.0454,17.0454,16.663790000000002,16.99452,6959900.0
2021-09-29,16.94364,16.94364,16.68923,16.79099,6609400.0
2021-09-30,16.84187,16.918200000000002,16.63835,16.765549999999998,6847300.0
2021-10-01,16.68923,16.714669999999998,16.20585,16.25673,8924700.0
2021-10-04,16.23129,16.25673,15.69703,16.02776,11432400.0
2021-10-05,16.00232,16.02776,15.87512,15.926,8952200.0
2021-10-06,15.95144,15.95144,15.51895,15.67159,16536400.0
2021-10-07,16.11806,16.43859,15.980690000000001,16.32412,12448200.0
2021-10-08,16.36991,16.48438,16.16385,16.43859,6885300.0
2021-10-11,16.392799999999998,16.8507,16.25543,16.8507,10741700.0
2021-10-12,16.8507,16.94228,16.598860000000002,16.80491,6415500.0
2021-10-13,16.75912,16.89649,16.62175,16.8736,5638900.0
2021-10-14,16.713330000000003,16.91939,16.713330000000003,16.91939,8081300.0
2021-10-15,16.91939,17.21702,16.8736,17.17123,11593400.0
2021-10-18,17.21702,17.85808,17.17123,17.58334,15081500.0
2021-10-19,17.65203,17.69782,17.46887,17.62913,10105300.0
2021-10-20,17.606240000000003,17.7665,17.285709999999998,17.53755,8407100.0
2021-10-21,17.53755,17.62913,17.19413,17.19413,8996800.0
2021-10-22,17.285709999999998,17.35439,17.03386,17.03386,6945900.0
2021-10-25,16.98807,16.98807,16.80491,16.94228,8556600.0
2021-10-26,16.78202,16.96518,16.57596,16.96518,5707200.0
2021-10-27,17.17123,17.46887,16.96518,17.377290000000002,6771900.0
2021-10-28,17.606240000000003,17.674919999999997,17.377290000000002,17.674919999999997,10666700.0
2021-10-29,17.72071,17.85808,17.35439,17.423080000000002,7850700.0
2021-11-01,17.40018,17.56045,17.17123,17.19413,6479400.0
2021-11-02,17.125439999999998,17.26281,17.10255,17.19413,5691000.0
2021-11-03,17.17123,17.85808,17.17123,17.58334,17622200.0
2021-11-04,17.65203,17.65203,17.35439,17.40018,4579500.0
2021-11-05,17.40018,17.606240000000003,17.3315,17.377290000000002,4384700.0
2021-11-08,17.49176,17.49176,17.17123,17.19413,8065600.0
2021-11-09,17.21702,17.26281,16.96518,16.96518,10137900.0
2021-11-10,16.98807,17.03386,16.75912,16.80491,6277200.0
2021-11-11,16.80491,16.96518,16.27833,16.713330000000003,9202600.0
2021-11-12,16.713330000000003,16.94228,16.46149,16.827810000000003,6948500.0
2021-11-15,16.75912,16.78202,16.507279999999998,16.553069999999998,10094400.0
2021-11-16,16.553069999999998,16.94228,16.43859,16.553069999999998,9094400.0
2021-11-17,16.598860000000002,16.713330000000003,16.4157,16.553069999999998,11946000.0
2021-11-18,16.48438,16.57596,16.20964,16.20964,12144300.0
2021-11-19,16.25543,16.8507,15.957799999999999,16.57596,19584000.0
2021-11-22,16.57596,17.239919999999998,16.43859,16.80491,17052800.0
2021-11-23,16.89649,16.98807,16.53017,16.598860000000002,7528100.0
2021-11-24,16.598860000000002,17.21702,16.43859,17.07965,35983800.0
2021-11-25,17.3315,17.62913,17.125439999999998,17.40018,32485400.0
2021-11-26,17.58334,18.08703,17.49176,17.94966,44749100.0
2021-11-29,17.674919999999997,17.81229,17.40018,17.58334,25498200.0
2021-11-30,17.7665,17.81229,17.07965,17.26281,20488900.0
2021-12-01,17.17123,17.35439,16.91939,17.35439,19113100.0
2021-12-02,17.35439,17.377290000000002,16.94228,16.94228,10419400.0
2021-12-03,17.07965,17.19413,16.16385,16.34701,23234900.0
2021-12-06,16.36991,16.507279999999998,15.56858,16.25543,21344000.0
2021-12-07,16.34701,16.507279999999998,15.957799999999999,16.32412,15361100.0
2021-12-08,16.34701,16.667540000000002,16.02648,16.36991,16491700.0
2021-12-09,16.20964,16.46149,16.20964,16.30122,12963000.0
2021-12-10,16.36991,16.57596,16.27833,16.392799999999998,15276400.0
2021-12-13,16.48438,16.53017,16.16385,16.20964,11569800.0
2021-12-14,16.20964,16.392799999999998,16.02648,16.02648,16088600.0
2021-12-15,16.02648,16.07227,15.77464,15.86622,24972100.0
2021-12-16,16.02648,16.02648,15.33963,15.431209999999998,37476500.0
2021-12-17,15.52279,15.75174,15.431209999999998,15.477,27609900.0
2021-12-20,15.705950000000001,16.00359,15.477,15.637270000000001,22590800.0
2021-12-21,15.56858,15.79753,15.56858,15.637270000000001,11683300.0
2021-12-22,15.66016,15.75174,15.38542,15.38542,20011000.0
2021-12-23,15.38542,15.52279,14.790149999999999,14.83594,18152200.0
2021-12-24,14.97331,15.72885,14.88173,15.68306,13097600.0
2021-12-27,15.82043,15.88911,15.56858,15.72885,7135700.0
2021-12-28,15.79753,15.82043,15.614370000000001,15.82043,9869300.0
2021-12-29,15.88911,16.11806,15.86622,15.91201,8833300.0
2021-12-30,15.980690000000001,16.27833,15.957799999999999,16.20964,9529200.0
2021-12-31,16.25543,16.57596,16.23254,16.392799999999998,11228400.0
2022-01-04,16.553069999999998,16.644650000000002,16.48438,16.507279999999998,14307900.0
2022-01-05,16.507279999999998,16.553069999999998,16.25543,16.25543,13262600.0
2022-01-06,16.16385,16.25543,15.980690000000001,16.09517,14344800.0
2022-01-07,16.07227,16.09517,15.84332,15.84332,11996200.0
2022-01-10,15.79753,16.07227,15.637270000000001,15.75174,11049800.0
2022-01-11,15.75174,15.934899999999999,15.56858,15.705950000000001,9312300.0
2022-01-12,15.66016,16.23254,15.4999,16.20964,12092100.0
2022-01-13,16.34701,16.598860000000002,16.00359,16.14096,15856600.0
2022-01-14,16.14096,16.20964,15.88911,15.957799999999999,6912100.0
2022-01-17,15.957799999999999,16.07227,15.13358,15.13358,12758900.0
2022-01-18,15.13358,15.52279,15.11068,15.22516,6343100.0
2022-01-19,15.24805,15.54569,15.24805,15.33963,6515600.0
2022-01-20,15.38542,15.54569,15.20226,15.54569,7756800.0
2022-01-21,15.56858,15.91201,15.362530000000001,15.705950000000001,9127100.0
2022-01-24,15.591479999999999,15.72885,15.11068,15.31674,11998200.0
2022-01-25,15.29384,15.980690000000001,15.156469999999999,15.980690000000001,11700500.0
2022-01-26,15.980690000000001,16.644650000000002,15.934899999999999,16.43859,18805000.0
2022-01-27,16.43859,16.78202,16.20964,16.23254,16417500.0
2022-01-28,16.32412,16.80491,16.25543,16.78202,24088600.0
2022-02-07,16.94228,17.03386,16.62175,16.62175,11233200.0
2022-02-08,16.553069999999998,17.35439,16.53017,17.07965,22298900.0
2022-02-09,17.17123,17.40018,16.98807,16.98807,18041900.0
2022-02-10,16.96518,17.056759999999997,16.553069999999998,16.80491,15375100.0
2022-02-11,16.8507,17.03386,16.713330000000003,16.75912,11792400.0
2022-02-14,16.57596,16.69044,16.02648,16.02648,19972100.0
2022-02-15,16.11806,16.57596,16.11806,16.46149,12555400.0
2022-02-16,16.53017,16.667540000000002,16.32412,16.32412,6911100.0
2022-02-17,16.32412,16.62175,16.27833,16.62175,10943800.0
2022-02-18,16.43859,16.48438,16.34701,16.43859,9693800.0
2022-02-21,16.392799999999998,16.553069999999998,16.20964,16.43859,10170500.0
2022-02-22,16.25543,16.43859,16.11806,16.27833,10692300.0
2022-02-23,16.34701,16.553069999999998,16.25543,16.43859,13643600.0
2022-02-24,16.4157,17.03386,16.30122,16.89649,35730400.0
2022-02-25,17.07965,17.7665,16.94228,17.49176,49379700.0
2022-02-28,17.49176,17.72071,17.17123,17.40018,21335600.0
2022-03-01,17.35439,17.49176,17.14834,17.285709999999998,16869400.0
2022-03-02,17.125439999999998,17.125439999999998,16.713330000000003,16.713330000000003,29095300.0
2022-03-03,16.8507,17.14834,16.713330000000003,17.14834,20145000.0
2022-03-04,17.17123,17.835189999999997,17.14834,17.445970000000003,47246400.0
2022-03-07,17.40018,17.53755,17.10255,17.26281,19257100.0
2022-03-08,17.17123,17.26281,16.827810000000003,16.94228,16269800.0
2022-03-09,17.01097,17.056759999999997,16.713330000000003,16.8736,13754700.0
2022-03-10,17.17123,17.19413,16.827810000000003,16.827810000000003,10978100.0
2022-03-11,16.78202,16.96518,16.57596,16.667540000000002,10846400.0
2022-03-14,16.53017,16.62175,16.30122,16.48438,14189800.0
2022-03-15,16.48438,16.91939,16.48438,16.89649,11626100.0
2022-03-16,16.94228,17.056759999999997,16.8507,16.8507,8577500.0
2022-03-17,16.91939,16.98807,16.69044,16.69044,8245000.0
2022-03-18,16.73623,16.80491,16.57596,16.598860000000002,9468400.0
2022-03-21,16.713330000000003,16.89649,16.53017,16.8507,6580000.0
2022-03-22,16.8507,17.21702,16.8507,16.8736,10463600.0
2022-03-23,16.96518,16.96518,16.78202,16.78202,9286100.0
2022-03-24,16.78202,16.80491,16.644650000000002,16.644650000000002,12673000.0
2022-03-25,16.644650000000002,16.89649,16.62175,16.827810000000003,9600800.0
2022-03-28,16.78202,16.78202,16.48438,16.598860000000002,12230200.0
2022-03-29,16.598860000000002,16.713330000000003,16.598860000000002,16.667540000000002,7423300.0
2022-03-30,16.62175,17.14834,16.57596,16.8507,16622400.0
2022-03-31,16.89649,17.17123,16.8507,17.03386,9162300.0
2022-04-01,16.98807,17.674919999999997,16.94228,17.674919999999997,36857900.0
2022-04-04,18.13282,18.27019,17.81229,17.85808,24503700.0
2022-04-05,17.72071,17.94966,17.46887,17.53755,15772700.0
2022-04-06,17.445970000000003,18.40756,17.3315,18.29309,41068500.0
2022-04-07,18.36177,18.796770000000002,18.224400000000003,18.224400000000003,31583800.0
2022-04-08,18.224400000000003,18.33887,17.7665,17.7665,23996600.0
2022-04-12,17.903869999999998,18.40756,17.85808,17.85808,25203900.0
2022-04-13,18.041240000000002,18.06414,17.40018,17.85808,25270100.0
2022-04-14,17.85808,18.59072,17.81229,18.08703,23375700.0
2022-04-15,17.99545,18.17861,17.26281,17.62913,29772100.0
2022-04-18,17.62913,17.674919999999997,16.78202,16.78202,28756000.0
2022-04-19,16.8736,17.14834,16.34701,16.392799999999998,24120700.0
2022-04-20,16.25543,16.598860000000002,16.11806,16.11806,21334600.0
2022-04-21,16.07227,16.713330000000003,15.79753,16.25543,18919400.0
2022-04-22,16.57596,17.03386,16.20964,16.8507,22705300.0
2022-04-25,16.78202,16.91939,15.68306,15.68306,32739600.0
2022-04-26,15.38542,16.75912,15.156469999999999,16.667540000000002,22646100.0
2022-04-27,16.48438,16.69044,16.20964,16.46149,12469900.0
2022-04-28,16.53017,16.80491,16.4157,16.713330000000003,11125800.0
2022-04-29,16.713330000000003,16.89649,16.62175,16.80491,13253000.0
2022-05-04,16.827810000000003,16.827810000000003,16.392799999999998,16.392799999999998,12017800.0
2022-05-05,16.644650000000002,16.644650000000002,15.91201,16.27833,10625200.0
2022-05-06,16.02648,16.09517,15.637270000000001,15.637270000000001,12789500.0
2022-05-09,15.431209999999998,15.54569,14.561200000000001,14.561200000000001,23931200.0
2022-05-10,14.26357,15.24805,14.26357,15.24805,15091000.0
2022-05-11,15.24805,15.52279,14.90463,15.29384,7613600.0
2022-05-12,15.08779,15.11068,14.24067,14.24067,17904700.0
2022-05-13,14.28646,14.46962,13.27909,13.27909,20466800.0
2022-05-16,13.736979999999999,13.98883,13.27909,13.27909,12267800.0
2022-05-17,13.27909,14.19488,13.25619,14.19488,10387900.0
2022-05-18,14.42383,14.72147,14.05751,14.17199,11877200.0
2022-05-19,13.782770000000001,14.14909,13.71409,13.943040000000002,9190800.0
2022-05-20,14.011719999999999,14.17199,13.87435,14.011719999999999,7415500.0
2022-05-23,14.103299999999999,14.103299999999999,13.37067,13.416459999999999,11050700.0
2022-05-24,13.55383,13.82856,13.37067,13.736979999999999,9892000.0
2022-05-25,13.89725,14.42383,13.82856,14.42383,12839500.0
2022-05-26,14.51541,14.53831,14.217780000000001,14.217780000000001,8627400.0
2022-05-27,14.24067,14.33225,14.08041,14.24067,10558700.0
2022-05-30,14.40094,14.46962,14.217780000000001,14.46962,11854000.0
2022-05-31,14.42383,14.46962,14.103299999999999,14.19488,10284800.0
2022-06-01,14.14909,14.28646,13.92014,14.1262,10029300.0
2022-06-02,14.14909,14.17199,13.782770000000001,13.85146,9005500.0
2022-06-03,13.82856,14.08041,13.80567,14.08041,7124300.0
2022-06-06,14.05751,14.28646,13.89725,14.011719999999999,7703100.0
2022-06-07,13.98883,14.05751,13.64541,13.943040000000002,7824600.0
2022-06-08,14.011719999999999,14.62989,13.85146,14.561200000000001,19013900.0
2022-06-09,14.60699,14.62989,14.42383,14.42383,9402900.0
2022-06-10,14.33225,14.53831,14.14909,14.14909,9656300.0
2022-06-13,13.736979999999999,13.943040000000002,13.16461,13.16461,20960500.0
2022-06-14,12.91277,13.37067,12.91277,13.2104,11517000.0
2022-06-15,13.2104,13.46225,12.63803,13.2104,12843800.0
2022-06-16,13.37067,13.46225,13.25619,13.27909,5252400.0
2022-06-17,12.95856,13.050139999999999,12.50066,12.7754,12547400.0
2022-06-20,12.7754,12.82119,12.13434,12.40908,9859300.0
2022-06-21,12.523549999999998,12.798290000000001,12.271709999999999,12.454870000000001,7203800.0
2022-06-22,12.7525,13.25619,12.59224,13.00435,7054900.0
2022-06-23,12.82119,13.073030000000001,12.798290000000001,13.027239999999999,4754900.0
2022-06-24,12.95856,13.16461,12.88987,12.88987,3607300.0
2022-06-27,12.95856,13.324879999999999,12.93566,13.2333,5872800.0
2022-06-28,13.050139999999999,13.89725,13.050139999999999,13.736979999999999,12179100.0
2022-06-29,13.55383,13.85146,13.508040000000001,13.736979999999999,8388900.0
2022-06-30,13.6912,13.82856,13.27909,13.27909,7880400.0
2022-07-01,13.324879999999999,13.439350000000001,12.86698,13.324879999999999,7028900.0
2022-07-04,13.37067,13.508040000000001,13.2104,13.37067,8848600.0
2022-07-05,13.393559999999999,13.668299999999999,13.37067,13.508040000000001,11408500.0
2022-07-06,13.416459999999999,13.53093,13.18751,13.18751,5589500.0
2022-07-07,13.2104,13.30198,13.027239999999999,13.2333,7855100.0
2022-07-08,13.27909,13.34777,13.073030000000001,13.095930000000001,7340400.0
2022-07-11,13.00435,13.050139999999999,12.59224,12.59224,8474400.0
2022-07-12,12.66092,12.91277,12.56934,12.70671,8383200.0
2022-07-13,12.729610000000001,12.91277,12.615129999999999,12.70671,10535300.0
2022-07-14,12.66092,12.86698,12.59224,12.84408,9794300.0
2022-07-15,12.86698,12.98145,12.84408,12.93566,8732200.0
2022-07-18,13.050139999999999,13.11882,12.88987,12.88987,7537400.0
2022-07-19,12.88987,12.88987,12.70671,12.82119,6233900.0
2022-07-20,12.95856,13.027239999999999,12.86698,12.88987,9698300.0
2022-07-21,12.91277,12.98145,12.82119,12.91277,9258800.0
2022-07-22,12.95856,13.050139999999999,12.86698,12.88987,7270700.0
2022-07-25,12.88987,12.88987,12.66092,12.66092,7813800.0
2022-07-26,12.63803,12.84408,12.615129999999999,12.683819999999999,7418900.0
2022-07-27,12.63803,12.70671,12.56934,12.683819999999999,6395800.0
2022-07-28,12.82119,13.18751,12.729610000000001,13.00435,18936300.0
2022-07-29,13.050139999999999,13.14172,12.95856,13.14172,12985400.0
2022-08-01,13.14172,13.324879999999999,13.073030000000001,13.324879999999999,12729400.0
2022-08-02,13.416459999999999,13.416459999999999,13.16461,13.30198,11967000.0
2022-08-03,13.2104,13.34777,13.11882,13.27909,13033100.0
2022-08-04,13.393559999999999,13.71409,13.30198,13.46225,18168400.0
2022-08-05,13.46225,13.508040000000001,13.25619,13.439350000000001,12186100.0
2022-08-08,13.46225,13.736979999999999,13.37067,13.736979999999999,17182600.0
2022-08-09,13.82856,14.103299999999999,13.736979999999999,13.85146,20344900.0
2022-08-10,13.87435,13.89725,13.71409,13.782770000000001,10950100.0
2022-08-11,13.92014,13.96593,13.55383,13.55383,15022600.0
2022-08-12,13.57672,13.6912,13.46225,13.6912,8700500.0
2022-08-15,13.82856,13.943040000000002,13.736979999999999,13.89725,11208300.0
2022-08-16,13.89725,13.89725,13.71409,13.80567,10232300.0
2022-08-17,13.82856,13.96593,13.759879999999999,13.80567,10393600.0
2022-08-18,13.87435,13.89725,13.71409,13.759879999999999,11851100.0
2022-08-19,13.82856,14.561200000000001,13.759879999999999,14.30936,31776400.0
2022-08-22,14.30936,14.46962,14.17199,14.30936,13398800.0
2022-08-23,14.103299999999999,14.28646,13.96593,14.28646,8849600.0
2022-08-24,14.28646,14.46962,14.217780000000001,14.37804,12754800.0
2022-08-25,14.446729999999999,14.813049999999999,14.446729999999999,14.62989,17456000.0
2022-08-26,14.74436,14.927520000000001,14.33225,14.46962,15131200.0
2022-08-29,14.19488,14.42383,14.011719999999999,14.28646,17970200.0
2022-08-30,14.37804,14.65278,14.28646,14.35515,9111400.0
2022-08-31,14.40094,14.561200000000001,14.26357,14.561200000000001,8456400.0
2022-09-05,14.51541,14.561200000000001,14.30936,14.33225,11936400.0
2022-09-06,14.33225,14.561200000000001,14.26357,14.37804,11575500.0
2022-09-07,14.37804,14.37804,13.87435,13.87435,18602000.0
2022-09-08,13.89725,13.96593,13.6912,13.6912,10654300.0
2022-09-09,13.85146,14.103299999999999,13.6912,13.96593,17656800.0
2022-09-12,14.05751,14.26357,13.92014,13.943040000000002,7783534.0
2022-09-13,13.943040000000002,14.05751,13.89725,13.96593,6768758.0
2022-09-14,13.64541,13.87435,13.64541,13.87435,15240988.0
2022-09-15,13.943040000000002,14.08041,13.87435,13.87435,9279384.0
2022-09-16,13.92014,14.28646,13.92014,13.98883,16951926.0
2022-09-19,14.05751,14.19488,13.64541,13.6912,14971912.0
2022-09-20,13.82856,13.87435,13.508040000000001,13.736979999999999,12532943.0
2022-09-21,13.64541,13.736979999999999,13.324879999999999,13.508040000000001,12582385.0
2022-09-22,13.37067,13.57672,13.2333,13.416459999999999,8543962.0
2022-09-23,13.439350000000001,13.55383,13.14172,13.16461,9849917.0
2022-09-26,12.95856,13.027239999999999,12.38618,12.63803,17756334.0
2022-09-27,12.729610000000001,12.82119,12.43197,12.54645,12958954.0
2022-09-28,12.77476,12.877780000000001,12.56871,12.70608,10529447.0
2022-09-29,12.877780000000001,12.912120000000002,12.36267,12.36267,5607403.0
2022-09-30,12.50003,12.534370000000001,11.744530000000001,12.36267,15855232.0
2022-10-03,12.259649999999999,12.259649999999999,11.50415,11.67585,24724055.0
2022-10-04,11.81322,12.053600000000001,10.989040000000001,11.53849,17450105.0
2022-10-05,11.95058,11.98492,11.53849,11.67585,13913890.0
2022-10-06,11.744530000000001,11.744530000000001,10.88602,11.332450000000001,13939450.0
2022-10-07,10.989040000000001,11.26376,10.54261,10.54261,19182586.0
2022-10-10,10.164860000000001,10.92036,9.82145,10.54261,14892289.0
2022-10-11,10.30222,10.54261,9.82145,10.54261,19260796.0
2022-10-12,10.50827,11.1264,10.30222,10.989040000000001,10411635.0
2022-10-13,11.05772,11.1264,10.57695,10.989040000000001,11417274.0
2022-10-14,11.332450000000001,11.332450000000001,10.989040000000001,11.09206,8935553.0
2022-10-17,10.85168,11.09206,10.50827,10.9547,7434019.0
2022-10-18,11.1264,11.22942,10.9547,10.9547,7380292.0
2022-10-19,11.05772,11.05772,10.78299,10.9547,9834645.0
2022-10-20,10.88602,11.09206,10.78299,10.9547,8684907.0
2022-10-21,10.989040000000001,10.989040000000001,10.37091,10.679969999999999,13707915.0
2022-10-24,10.71431,10.74865,10.164860000000001,10.57695,10495307.0
2022-10-25,10.473930000000001,11.02338,10.233540000000001,10.61129,15265121.0
2022-10-26,10.645629999999999,10.81733,10.43959,10.679969999999999,7061582.0
2022-10-27,10.645629999999999,11.366790000000002,10.336559999999999,11.366790000000002,20962042.0
2022-10-28,11.401129999999998,11.60717,11.22942,11.22942,8113054.0
2022-10-31,11.332450000000001,11.401129999999998,10.74865,11.22942,11071722.0
2022-11-01,11.332450000000001,11.98492,11.332450000000001,11.81322,25631734.0
2022-11-02,11.81322,12.22531,11.60717,12.019260000000001,21510643.0
2022-11-03,11.77888,12.12228,11.77888,12.019260000000001,11403608.0
2022-11-04,11.77888,11.95058,11.366790000000002,11.64151,32348275.0
2022-11-07,11.744530000000001,11.91624,11.57283,11.744530000000001,23173955.0
2022-11-08,11.53849,11.84756,11.435469999999999,11.81322,22344429.0
2022-11-09,11.91624,12.12228,11.71019,12.019260000000001,16401302.0
2022-11-10,11.95058,11.95058,11.19508,11.19508,23026913.0
2022-11-11,11.435469999999999,11.67585,11.16074,11.19508,17943486.0
2022-11-14,10.989040000000001,11.09206,10.43959,10.78299,16006329.0
2022-11-15,10.40525,10.78299,10.06184,10.06184,18168729.0
2022-11-16,9.375020000000001,10.74865,9.375020000000001,10.645629999999999,29670176.0
2022-11-17,10.81733,10.88602,10.54261,10.645629999999999,13173024.0
2022-11-18,10.30222,10.81733,10.09618,10.645629999999999,16319543.0
2022-11-21,10.78299,10.78299,10.37091,10.645629999999999,11394806.0
2022-11-22,10.473930000000001,11.298110000000001,10.37091,10.645629999999999,16570161.0
2022-11-23,10.473930000000001,10.71431,10.336559999999999,10.336559999999999,6002875.0
2022-11-24,10.199200000000001,10.473930000000001,9.99316,10.37091,10250337.0
2022-11-25,10.50827,10.645629999999999,10.40525,10.645629999999999,9697221.0
2022-11-28,10.71431,11.1264,10.71431,11.05772,16563332.0
2022-11-29,11.1264,11.22942,10.679969999999999,11.09206,16824354.0
2022-11-30,11.16074,11.67585,10.92036,11.53849,23319388.0
2022-12-01,11.71019,11.95058,11.401129999999998,11.53849,31051736.0
2022-12-02,11.53849,11.95058,11.366790000000002,11.8819,25893071.0
2022-12-05,12.15662,12.63739,11.98492,12.46569,43398147.0
2022-12-06,12.46569,12.77476,11.60717,11.60717,34487015.0
2022-12-07,11.53849,11.67585,10.88602,11.1264,26225803.0
2022-12-08,11.298110000000001,11.8819,11.26376,11.67585,29419225.0
2022-12-09,11.77888,11.81322,11.435469999999999,11.60717,13752842.0
2022-12-12,11.64151,11.98492,11.435469999999999,11.435469999999999,23205274.0
2022-12-13,11.469809999999999,11.744530000000001,11.26376,11.744530000000001,18050692.0
2022-12-14,11.84756,11.91624,11.67585,11.71019,18926268.0
2022-12-15,11.71019,12.50003,11.71019,12.50003,66743802.0
2022-12-16,12.67174,12.946459999999998,12.56871,12.70608,27569824.0
2022-12-19,12.60305,12.877780000000001,12.32833,12.32833,29434741.0
2022-12-20,12.293989999999999,12.293989999999999,11.60717,11.8819,26423214.0
2022-12-21,12.019260000000001,12.293989999999999,11.67585,12.12228,20502356.0
2022-12-22,12.36267,12.946459999999998,12.32833,12.67174,52437705.0
2022-12-23,12.67174,12.8091,12.43135,12.60305,16852034.0
2022-12-26,12.60305,12.70608,11.81322,11.81322,26488580.0
2022-12-27,11.8819,12.293989999999999,11.77888,12.293989999999999,14923373.0
2022-12-28,12.293989999999999,12.70608,12.019260000000001,12.46569,17484752.0
2022-12-29,12.43135,12.70608,12.22531,12.22531,20200134.0
2022-12-30,12.293989999999999,12.43135,12.08794,12.293989999999999,10036749.0
2023-01-03,12.36267,12.70608,12.22531,12.70608,20278576.0
2023-01-04,12.70608,13.25553,12.70608,12.980799999999999,42542898.0
2023-01-05,13.049479999999999,13.08382,12.74042,13.015139999999999,15388471.0
2023-01-06,12.946459999999998,13.49591,12.912120000000002,13.015139999999999,31414096.0
2023-01-09,13.18685,13.25553,12.912120000000002,12.946459999999998,18734060.0
2023-01-10,12.946459999999998,13.049479999999999,12.74042,12.843440000000001,13487263.0
2023-01-11,13.049479999999999,13.049479999999999,12.67174,12.67174,17429954.0
2023-01-12,12.77476,12.877780000000001,12.63739,12.843440000000001,15247321.0
2023-01-13,12.946459999999998,13.39289,12.74042,13.324209999999999,25705415.0
2023-01-16,13.46157,13.46157,13.18685,13.324209999999999,17944114.0
2023-01-17,13.39289,13.46157,13.28987,13.46157,32916036.0
2023-01-18,13.46157,13.59894,13.324209999999999,13.49591,19678368.0
2023-01-19,13.42723,13.53025,13.324209999999999,13.39289,18350355.0
2023-01-27,13.49591,13.908,13.324209999999999,13.53025,24446611.0
2023-01-30,13.53025,13.56459,13.22119,13.22119,23822248.0
2023-01-31,13.15251,13.39289,13.08382,13.35855,25098258.0
2023-02-01,13.42723,13.46157,12.43135,12.56871,32201821.0
2023-02-02,12.77476,12.843440000000001,12.46569,12.63739,25934059.0
2023-02-03,12.70608,12.74042,12.39701,12.534370000000001,20041520.0
2023-02-06,12.46569,12.74042,12.32833,12.70608,16963863.0
2023-02-07,12.74042,12.8091,12.32833,12.32833,15660834.0
2023-02-08,12.43135,12.534370000000001,12.259649999999999,12.32833,11580363.0
2023-02-09,12.32833,12.74042,12.293989999999999,12.36267,15159642.0
2023-02-10,12.36267,12.56871,12.019260000000001,12.019260000000001,13105005.0
2023-02-13,12.08794,12.12228,11.401129999999998,11.67585,25788375.0
2023-02-14,11.67585,11.81322,11.469809999999999,11.469809999999999,16874940.0
2023-02-15,11.469809999999999,11.81322,11.469809999999999,11.81322,12675676.0
2023-02-16,11.95058,12.08794,11.744530000000001,12.019260000000001,14456594.0
2023-02-17,11.8819,12.019260000000001,11.81322,11.8819,10771460.0
2023-02-20,11.744530000000001,12.56871,11.744530000000001,12.56871,20556535.0
2023-02-21,12.63739,12.63739,12.22531,12.22531,18378890.0
2023-02-22,12.08794,12.36267,11.98492,11.98492,17000870.0
2023-02-23,11.98492,12.053600000000001,11.744530000000001,12.053600000000001,12982016.0
2023-02-24,12.053600000000001,12.12228,11.77888,11.77888,10420131.0
2023-02-27,11.67585,11.77888,11.366790000000002,11.67585,10313143.0
2023-02-28,11.77888,11.84756,11.60717,11.71019,8630806.0
2023-03-01,11.57283,12.019260000000001,11.469809999999999,11.98492,9656392.0
2023-03-02,11.98492,12.053600000000001,11.84756,11.8819,4288187.0
2023-03-03,11.98492,12.019260000000001,11.60717,11.67585,8978636.0
2023-03-06,11.8819,12.019260000000001,11.71019,11.744530000000001,13130239.0
2023-03-07,11.95058,12.15662,11.8819,11.95058,13130057.0
2023-03-08,11.81322,12.46569,11.81322,12.46569,27191201.0
2023-03-09,12.46569,12.56871,12.36267,12.50003,15266179.0
2023-03-10,12.293989999999999,12.56871,12.293989999999999,12.56871,14756199.0
2023-03-13,12.912120000000002,13.324209999999999,12.77476,13.324209999999999,41371815.0
2023-03-14,13.46157,13.46157,13.11816,13.324209999999999,22991178.0
2023-03-15,13.59894,13.633280000000001,13.42723,13.59894,22324222.0
2023-03-16,13.39289,13.49591,13.15251,13.35855,15494869.0
2023-03-17,13.46157,13.56459,13.28987,13.53025,15552394.0
2023-03-20,13.42723,13.53025,13.25553,13.53025,18942057.0
2023-03-21,13.53025,13.97668,13.39289,13.97668,29197769.0
2023-03-22,14.079709999999999,14.56048,14.04536,14.423110000000001,42042107.0
2023-03-23,14.423110000000001,14.52614,14.28575,14.457450000000001,22824286.0
2023-03-24,14.457450000000001,14.56048,14.32009,14.52614,19657668.0
2023-03-27,14.52614,14.80086,14.423110000000001,14.59482,29334258.0
2023-03-28,14.69784,14.8352,14.114049999999999,14.423110000000001,37174607.0
2023-03-29,14.35443,14.35443,14.14839,14.35443,16602160.0
2023-03-30,14.423110000000001,14.457450000000001,14.21707,14.35443,15531634.0
2023-03-31,14.28575,14.62916,14.28575,14.457450000000001,23144357.0
2023-04-03,14.52614,14.59482,14.35443,14.56048,13552460.0
2023-04-04,14.56048,14.73218,14.423110000000001,14.69784,16363342.0
2023-04-05,14.62916,14.73218,14.52614,14.56048,11995242.0
2023-04-06,14.56048,14.76652,14.35443,14.35443,12258479.0
2023-04-07,14.35443,14.457450000000001,14.18273,14.35443,7669916.0
2023-04-10,14.35443,14.6635,14.21707,14.35443,16775702.0
2023-04-11,14.35443,14.491790000000002,14.21707,14.423110000000001,9491995.0
2023-04-12,14.423110000000001,14.457450000000001,14.18273,14.18273,8672209.0
2023-04-13,14.18273,14.18273,13.87366,14.14839,19918982.0
2023-04-14,14.14839,14.21707,13.97668,14.079709999999999,8544661.0
2023-04-17,14.04536,14.14839,13.94234,14.04536,5198746.0
2023-04-18,14.04536,14.114049999999999,13.804979999999999,13.908,10606836.0
2023-04-19,14.04536,14.114049999999999,13.53025,13.53025,18423477.0
2023-04-20,13.49591,13.59894,13.22119,13.28987,12246443.0
2023-04-21,13.28987,13.46157,13.28987,13.35855,8124954.0
2023-04-24,13.35855,13.77064,13.28987,13.39289,7088966.0
2023-04-25,13.53025,13.56459,13.22119,13.25553,7170079.0
2023-04-26,13.25553,13.324209999999999,13.11816,13.28987,7852319.0
2023-04-27,13.28987,13.53025,13.28987,13.324209999999999,5200797.0
2023-04-28,13.42723,13.667620000000001,13.39289,13.667620000000001,8575336.0
2023-05-04,13.42723,13.59894,13.39289,13.42723,7485389.0
2023-05-05,13.46157,13.667620000000001,13.35855,13.35855,5919276.0
2023-05-08,13.35855,13.49591,13.324209999999999,13.35855,5493295.0
2023-05-09,13.42723,13.46157,13.324209999999999,13.35855,4729385.0
2023-05-10,13.39289,13.46157,13.35855,13.42723,8934023.0
2023-05-11,13.46157,13.633280000000001,13.46157,13.59894,6669739.0
2023-05-12,13.59894,13.633280000000001,13.42723,13.56459,7523741.0
2023-05-15,13.59894,13.87366,13.56459,13.59894,13098787.0
2023-05-16,13.667620000000001,13.667620000000001,13.46157,13.46157,7494523.0
2023-05-17,13.46157,13.49591,13.18685,13.18685,12687719.0
2023-05-18,13.25553,13.39289,13.18685,13.22119,7581545.0
2023-05-19,13.25553,13.324209999999999,13.18685,13.25553,6595802.0
2023-05-22,13.25553,13.53025,13.25553,13.53025,12026867.0
2023-05-23,13.56459,13.59894,13.39289,13.42723,7237374.0
2023-05-24,13.49591,13.53025,13.324209999999999,13.324209999999999,8337114.0
2023-05-25,13.28987,13.35855,13.18685,13.18685,7300825.0
2023-05-26,13.25553,13.25553,13.11816,13.15251,6989347.0
2023-05-29,13.18685,13.35855,13.18685,13.28987,7045156.0
2023-05-30,13.39289,13.39289,13.28987,13.35855,8977201.0
2023-05-31,13.42723,13.42723,13.22119,13.25553,7915755.0
2023-06-01,13.25553,13.324209999999999,13.18685,13.324209999999999,9752019.0
2023-06-02,13.46157,13.87366,13.42723,13.633280000000001,24541548.0
2023-06-05,13.804979999999999,13.839319999999999,13.56459,13.56459,13424194.0
2023-06-06,13.56459,13.7363,13.53025,13.633280000000001,14950805.0
2023-06-07,13.7363,13.804979999999999,13.56459,13.667620000000001,16191796.0
2023-06-08,13.667620000000001,13.77064,13.39289,13.39289,16598634.0
2023-06-09,13.46157,13.46157,13.25553,13.39289,9597956.0
2023-06-12,13.53025,13.53025,13.28987,13.46157,8508327.0
2023-06-13,13.53025,13.56459,13.324209999999999,13.39289,9668929.0
2023-06-14,13.46157,13.804979999999999,13.42723,13.56459,25387687.0
2023-06-15,13.56459,13.633280000000001,13.42723,13.53025,9432169.0
2023-06-16,13.633280000000001,13.804979999999999,13.39289,13.42723,33733454.0
2023-06-19,13.42723,13.49591,13.22119,13.35855,12071513.0
2023-06-20,13.35855,13.42723,13.22119,13.39289,14472208.0
2023-06-21,13.39289,13.49591,13.324209999999999,13.49591,8113440.0
2023-06-22,13.56459,13.633280000000001,13.46157,13.46157,12411972.0
2023-06-23,13.53025,14.01102,13.49591,13.87366,42330144.0
2023-06-26,14.079709999999999,14.079709999999999,13.70196,13.908,16580570.0
2023-06-27,14.04536,14.04536,13.804979999999999,13.804979999999999,14431981.0
2023-06-28,13.87366,13.97668,13.77064,13.908,16757295.0
2023-06-29,13.94234,14.04536,13.667620000000001,13.667620000000001,18448831.0
2023-06-30,13.667620000000001,13.7363,13.56459,13.633280000000001,12377966.0
2023-07-03,13.633280000000001,13.7363,13.56459,13.633280000000001,9810552.0
2023-07-04,13.633280000000001,13.70196,13.56459,13.633280000000001,7341577.0
2023-07-05,13.667620000000001,13.94234,13.667620000000001,13.70196,20488181.0
2023-07-06,13.70196,13.804979999999999,13.42723,13.42723,16277964.0
2023-07-07,13.46157,13.633280000000001,13.39289,13.633280000000001,8346955.0
2023-07-10,13.70196,13.839319999999999,13.59894,13.77064,15278429.0
2023-07-11,13.94234,13.94234,13.59894,13.667620000000001,19610451.0
2023-07-12,13.7363,13.7363,13.49591,13.49591,13718595.0
2023-07-13,13.667620000000001,13.70196,13.49591,13.70196,16405344.0
2023-07-14,13.77064,13.804979999999999,13.46157,13.667620000000001,17482955.0
2023-07-17,13.804979999999999,14.079709999999999,13.77064,14.04536,34236763.0
2023-07-18,14.04536,14.491790000000002,13.94234,14.388770000000001,37323395.0
2023-07-19,14.423110000000001,14.423110000000001,14.18273,14.18273,22968783.0
2023-07-20,14.14839,14.423110000000001,14.079709999999999,14.423110000000001,19557328.0
2023-07-21,14.388770000000001,14.73218,14.28575,14.69784,28610093.0
2023-07-24,14.76652,15.04125,14.62916,15.00691,24119919.0
2023-07-25,15.04125,15.35031,14.97257,15.00691,26114882.0
2023-07-26,14.97257,15.04125,14.80086,15.00691,17438712.0
2023-07-27,14.97257,15.00691,14.76652,14.93822,17811984.0
2023-07-28,14.93822,15.17861,14.8352,15.17861,18137791.0
2023-07-31,15.212950000000001,15.28163,15.04125,15.212950000000001,19660250.0
2023-08-01,15.212950000000001,15.247290000000001,14.86954,15.07559,25777124.0
2023-08-02,15.07559,15.28163,14.90388,15.10993,17050706.0
2023-08-03,15.07559,15.10993,14.8352,14.90388,15906278.0
2023-08-04,14.97257,15.247290000000001,14.8352,15.247290000000001,15494677.0
2023-08-07,15.418989999999999,15.79674,15.31597,15.55636,20246222.0
2023-08-08,15.55636,15.55636,15.247290000000001,15.247290000000001,13854997.0
2023-08-09,15.17861,15.247290000000001,14.90388,15.14427,21340508.0
2023-08-10,15.14427,15.14427,14.80086,15.07559,19846091.0
2023-08-11,15.07559,15.10993,14.80086,15.10993,12404843.0
2023-08-14,15.04125,15.10993,14.97257,15.07559,11669670.0
2023-08-15,15.07559,15.10993,14.86954,15.10993,18409846.0
2023-08-16,15.04125,15.522020000000001,14.86954,15.384649999999999,39592573.0
2023-08-17,15.45334,15.55636,15.212950000000001,15.212950000000001,15638666.0
2023-08-18,15.10993,15.14427,14.14839,14.14839,34230665.0
2023-08-21,14.14839,14.423110000000001,14.01102,14.28575,12660872.0
2023-08-22,14.25141,14.32009,13.77064,14.14839,21186247.0
2023-08-23,14.25141,14.32009,13.908,13.908,14418333.0
2023-08-24,13.908,14.079709999999999,13.839319999999999,14.079709999999999,9971586.0
2023-08-25,14.04536,14.114049999999999,13.7363,13.87366,16071059.0
2023-08-28,13.87366,14.01102,13.804979999999999,13.94234,11610557.0
2023-08-29,13.97668,14.35443,13.908,14.32009,16216366.0
2023-08-30,14.35443,14.35443,14.14839,14.28575,9355023.0
2023-08-31,14.28575,14.457450000000001,14.21707,14.388770000000001,14338603.0
2023-09-05,14.56048,14.62916,14.388770000000001,14.423110000000001,14498264.0
2023-09-06,14.59482,14.97257,14.35443,14.97257,23271451.0
2023-09-07,15.04125,15.17861,14.90388,14.93822,20575464.0
2023-09-08,14.93822,15.04125,14.90388,14.97257,16769386.0
2023-09-11,15.17861,15.31597,14.76652,15.04125,38043120.0
2023-09-12,15.04125,15.31597,14.90388,15.31597,19792165.0
2023-09-13,15.31597,15.487680000000001,15.14427,15.418989999999999,30580988.0
2023-09-14,15.384649999999999,15.522020000000001,15.10993,15.384649999999999,23075645.0
2023-09-15,15.418989999999999,15.55636,15.247290000000001,15.487680000000001,24183082.0
2023-09-18,15.45334,15.45334,15.04125,15.212950000000001,17642617.0
2023-09-19,15.14427,15.212950000000001,14.8352,15.04125,13551405.0
2023-09-20,14.97257,15.14427,14.80086,15.04125,14207287.0
2023-09-21,14.90388,15.04125,14.86954,14.86954,10973280.0
2023-09-22,14.56048,14.6635,14.32009,14.59482,19600705.0
2023-09-25,14.56048,14.62916,14.01102,14.01102,14434921.0
2023-09-26,14.14839,14.21707,13.908,14.04536,18956906.0
2023-09-27,14.079709999999999,14.423110000000001,13.94234,14.423110000000001,12677623.0
2023-09-28,14.25141,14.69784,14.114049999999999,14.56048,13130428.0
2023-09-29,14.62916,14.90388,14.491790000000002,14.90388,8455623.0
2023-10-02,14.8352,14.97257,14.69784,14.97257,11275105.0
2023-10-03,14.76652,14.8352,14.21707,14.423110000000001,12859425.0
2023-10-04,14.079709999999999,14.59482,14.079709999999999,14.423110000000001,6976457.0
2023-10-05,14.35443,14.491790000000002,14.28575,14.28575,5683271.0
2023-10-06,14.388770000000001,14.457450000000001,14.21707,14.388770000000001,8351999.0
2023-10-09,14.423110000000001,14.69784,14.25141,14.69784,13602882.0
2023-10-10,14.6635,14.8352,14.62916,14.8352,11695316.0
2023-10-11,14.8352,14.97257,14.69784,14.97257,8930607.0
2023-10-12,15.04125,15.04125,14.8352,15.00691,10401723.0
2023-10-13,14.86954,15.10993,14.69784,15.07559,13715530.0
2023-10-16,14.90388,15.45334,14.90388,15.45334,26100760.0
2023-10-17,15.418989999999999,15.5907,15.247290000000001,15.5907,25978478.0
2023-10-18,15.45334,15.89977,14.93822,15.45334,39742609.0
2023-10-19,15.247290000000001,15.384649999999999,14.73218,14.73218,11472772.0
2023-10-20,14.8352,15.17861,14.73218,14.8352,10807459.0
2023-10-23,14.8352,14.90388,14.21707,14.457450000000001,13597370.0
2023-10-24,14.32009,14.69784,14.32009,14.457450000000001,5471398.0
2023-10-25,14.457450000000001,14.59482,14.35443,14.423110000000001,5162150.0
2023-10-26,14.21707,14.32009,13.42723,13.87366,17369755.0
2023-10-27,13.87366,14.079709999999999,13.667620000000001,13.87366,5694753.0
2023-10-30,13.7363,13.839319999999999,13.59894,13.667620000000001,4923210.0
2023-10-31,13.59894,13.77064,13.42723,13.7363,6940185.0
2023-11-01,13.7363,13.804979999999999,13.59894,13.59894,4811447.0
2023-11-02,13.70196,14.01102,13.633280000000001,13.94234,6160716.0
2023-11-03,14.04536,14.079709999999999,13.59894,13.59894,13534061.0
2023-11-06,13.87366,14.32009,13.87366,14.28575,9585618.0
2023-11-07,14.35443,14.491790000000002,14.21707,14.21707,6344441.0
2023-11-08,14.28575,14.6635,14.14839,14.6635,13585824.0
2023-11-09,14.77099,14.80701,14.41072,14.41072,13602267.0
2023-11-10,14.33867,14.33867,14.08648,14.08648,12160199.0
2023-11-13,14.08648,14.19456,13.726209999999998,13.834290000000001,10469076.0
2023-11-14,13.978399999999999,14.41072,13.90634,14.12251,12705556.0
2023-11-15,14.33867,14.518799999999999,14.26661,14.374690000000001,17934313.0
2023-11-16,14.23059,14.41072,14.23059,14.33867,9905665.0
2023-11-17,14.41072,14.41072,13.69018,13.90634,15198610.0
2023-11-20,13.618129999999999,14.33867,13.5821,14.050450000000001,11871975.0
2023-11-21,14.12251,14.33867,14.050450000000001,14.15853,8682019.0
2023-11-22,14.15853,14.23059,13.978399999999999,14.15853,7321684.0
2023-11-23,14.19456,14.23059,13.79826,13.79826,10597570.0
2023-11-24,13.79826,13.978399999999999,13.69018,13.834290000000001,10849967.0
2023-11-27,13.87032,14.01443,13.79826,13.834290000000001,8008799.0
2023-11-28,13.834290000000001,14.01443,13.726209999999998,13.94237,5747735.0
2023-11-29,13.978399999999999,13.978399999999999,13.87032,13.87032,5479171.0
2023-11-30,13.834290000000001,14.01443,13.76224,13.76224,6751573.0
2023-12-01,13.834290000000001,13.94237,13.726209999999998,13.90634,4872850.0
2023-12-04,13.90634,14.12251,13.87032,14.050450000000001,10853054.0
2023-12-05,14.050450000000001,14.08648,13.79826,13.79826,11507857.0
2023-12-06,13.87032,14.01443,13.79826,13.978399999999999,9474946.0
2023-12-07,13.978399999999999,14.15853,13.79826,14.15853,17160290.0
2023-12-08,14.15853,14.19456,13.90634,14.12251,8341844.0
2023-12-11,14.050450000000001,14.12251,13.834290000000001,13.978399999999999,7677593.0
2023-12-12,13.978399999999999,14.01443,13.834290000000001,14.01443,6825408.0
2023-12-13,13.94237,13.978399999999999,13.76224,13.834290000000001,9964519.0
2023-12-14,13.834290000000001,13.90634,13.65416,13.69018,9436419.0
2023-12-15,13.69018,13.76224,13.438,13.474020000000001,12094937.0
2023-12-18,13.438,13.474020000000001,13.00567,13.25786,22112287.0
2023-12-19,13.0417,13.18581,12.96965,13.18581,11909755.0
2023-12-20,13.18581,13.22184,13.00567,13.14978,7716809.0
2023-12-21,13.113760000000001,13.14978,12.96965,13.113760000000001,9594328.0
2023-12-22,13.113760000000001,13.22184,13.00567,13.077729999999999,10361289.0
2023-12-25,13.14978,13.32992,13.14978,13.32992,8640192.0
2023-12-26,13.32992,13.36594,13.14978,13.32992,8405087.0
2023-12-27,13.32992,13.401969999999999,13.22184,13.32992,7676722.0
2023-12-28,13.32992,13.54608,13.29389,13.54608,10318128.0
2023-12-29,13.54608,13.834290000000001,13.474020000000001,13.834290000000001,17013562.0
2024-01-02,13.834290000000001,13.834290000000001,13.5821,13.5821,8801273.0
2024-01-03,13.5821,13.76224,13.438,13.76224,8222597.0
2024-01-04,13.79826,14.15853,13.65416,13.94237,25327514.0
2024-01-05,13.94237,14.01443,13.76224,13.834290000000001,9909348.0
2024-01-08,13.90634,13.978399999999999,13.79826,13.87032,9016243.0
2024-01-09,13.87032,13.94237,13.76224,13.79826,6454429.0
2024-01-10,13.76224,14.23059,13.76224,14.12251,31574191.0
2024-01-11,14.26661,14.30264,14.08648,14.15853,17942117.0
2024-01-12,14.01443,14.23059,13.90634,14.15853,25024618.0
2024-01-15,14.26661,14.26661,13.94237,13.94237,11343070.0
2024-01-16,13.90634,14.01443,13.834290000000001,14.01443,9595700.0
2024-01-17,14.01443,14.08648,13.87032,13.90634,11936551.0
2024-01-18,13.978399999999999,14.08648,13.90634,14.050450000000001,8449718.0
2024-01-19,14.08648,14.23059,14.08648,14.19456,16583259.0
2024-01-22,14.30264,14.374690000000001,14.19456,14.26661,16138915.0
2024-01-23,14.30264,14.33867,14.15853,14.19456,10964135.0
2024-01-24,14.19456,14.26661,14.08648,14.15853,7409462.0
2024-01-25,14.15853,14.19456,14.08648,14.15853,5003106.0
2024-01-26,14.19456,14.23059,14.15853,14.23059,7548359.0
2024-01-29,14.23059,14.23059,14.08648,14.23059,4836722.0
2024-01-30,14.15853,14.30264,14.15853,14.19456,6807087.0
2024-01-31,14.15853,14.19456,13.79826,13.978399999999999,20004150.0
2024-02-01,13.94237,13.94237,13.76224,13.79826,6508777.0
2024-02-02,13.79826,13.834290000000001,13.54608,13.54608,16723095.0
2024-02-05,13.5821,14.01443,13.5821,13.834290000000001,10733253.0
2024-02-06,13.90634,13.978399999999999,13.834290000000001,13.90634,5807746.0
2024-02-07,13.94237,14.12251,13.90634,14.12251,10725011.0
2024-02-15,14.12251,14.518799999999999,14.12251,14.26661,19367162.0
2024-02-16,14.374690000000001,14.374690000000001,14.19456,14.30264,7327585.0
2024-02-19,14.30264,14.374690000000001,14.15853,14.26661,11051556.0
2024-02-20,14.19456,14.23059,14.050450000000001,14.12251,16247086.0
2024-02-21,14.12251,14.41072,14.12251,14.23059,17582404.0
2024-02-22,14.26661,14.33867,14.12251,14.19456,10544976.0
2024-02-23,14.19456,14.59085,14.050450000000001,14.050450000000001,42137667.0
2024-02-26,14.08648,14.08648,13.834290000000001,13.87032,12772802.0
2024-02-27,13.94237,14.050450000000001,13.834290000000001,13.94237,17765091.0
2024-02-28,13.978399999999999,14.33867,13.978399999999999,14.33867,20963339.0
2024-02-29,14.48277,14.554829999999999,14.15853,14.33867,17120600.0
2024-03-01,14.33867,14.33867,14.15853,14.15853,9762406.0
2024-03-04,14.26661,14.26661,14.12251,14.12251,12992804.0
2024-03-05,14.12251,14.23059,14.08648,14.23059,8097032.0
2024-03-06,14.26661,14.30264,13.90634,13.978399999999999,11553242.0
2024-03-07,13.978399999999999,14.12251,13.978399999999999,14.01443,8018774.0
2024-03-08,14.01443,14.050450000000001,13.65416,13.69018,29746622.0
2024-03-11,13.65416,13.76224,13.36594,13.36594,16582481.0
2024-03-12,13.36594,13.51005,13.32992,13.36594,10961688.0
2024-03-13,13.438,13.76224,13.401969999999999,13.726209999999998,10989707.0
2024-03-14,13.76224,13.76224,13.438,13.54608,9587076.0
2024-03-15,13.51005,13.54608,13.36594,13.438,13583993.0
2024-03-18,13.438,13.474020000000001,12.933620000000001,13.113760000000001,23325846.0
2024-03-19,13.113760000000001,13.32992,13.0417,13.077729999999999,12353558.0
2024-03-20,13.113760000000001,13.438,13.113760000000001,13.438,11507911.0
2024-03-21,13.51005,13.65416,13.36594,13.51005,16886409.0
2024-03-22,13.618129999999999,13.69018,13.438,13.54608,14973190.0
2024-03-25,13.54608,13.79826,13.438,13.618129999999999,19755625.0
2024-03-26,13.618129999999999,14.12251,13.618129999999999,14.12251,37180162.0
2024-03-27,14.15853,14.23059,13.94237,14.12251,16225131.0
2024-03-28,14.15853,14.26661,14.050450000000001,14.15853,14694999.0
2024-03-29,14.19456,14.26661,14.01443,14.23059,20545477.0
2024-04-01,14.12251,14.23059,14.01443,14.15853,11690407.0
2024-04-02,14.08648,14.12251,13.618129999999999,14.08648,25843007.0
2024-04-03,13.94237,14.050450000000001,13.87032,13.94237,16272775.0
2024-04-04,13.978399999999999,14.12251,13.834290000000001,13.90634,12595229.0
2024-04-05,13.76224,14.01443,13.69018,14.01443,11108070.0
2024-04-08,14.01443,14.01443,13.76224,13.978399999999999,8431168.0
2024-04-09,13.94237,13.978399999999999,13.79826,13.94237,9350848.0
2024-04-10,13.978399999999999,14.374690000000001,13.90634,13.94237,29217063.0
2024-04-11,13.94237,14.12251,13.90634,13.94237,9556606.0
2024-04-12,13.978399999999999,14.19456,13.978399999999999,14.19456,17726316.0
2024-04-15,14.12251,14.26661,13.25786,13.401969999999999,28352760.0
2024-04-16,13.474020000000001,13.69018,13.32992,13.51005,23555391.0
2024-04-17,13.65416,13.726209999999998,13.077729999999999,13.077729999999999,13198801.0
2024-04-19,13.077729999999999,13.32992,12.933620000000001,13.0417,15360956.0
2024-04-22,13.25786,13.401969999999999,13.14978,13.18581,8684890.0
2024-04-23,13.22184,13.401969999999999,12.96965,13.25786,15638655.0
2024-04-24,13.32992,13.51005,13.25786,13.401969999999999,13074719.0
2024-04-25,13.51005,13.51005,13.22184,13.401969999999999,10619955.0
2024-04-26,13.25786,13.401969999999999,13.18581,13.36594,8254986.0
2024-05-02,13.36594,13.401969999999999,13.18581,13.18581,6334669.0
2024-05-03,13.25786,13.32992,13.22184,13.25786,10570491.0
2024-05-06,13.32992,13.51005,13.25786,13.51005,11302265.0
2024-05-07,13.51005,13.5821,13.36594,13.54608,7409922.0
2024-05-08,13.438,13.54608,13.32992,13.36594,10947191.0
2024-05-09,13.438,13.5821,13.32992,13.51005,9753071.0
2024-05-10,13.474020000000001,13.51005,13.25786,13.32992,10358050.0
2024-05-13,13.36594,13.618129999999999,13.29389,13.54608,16734961.0
2024-05-14,13.69018,13.90634,13.618129999999999,13.76224,20936765.0
2024-05-15,13.87032,13.87032,13.726209999999998,13.726209999999998,10506314.0
2024-05-16,13.834290000000001,14.01443,13.76224,13.978399999999999,20753315.0
2024-05-17,13.978399999999999,14.01443,13.87032,13.978399999999999,12373943.0
2024-05-20,14.08648,14.30264,14.050450000000001,14.26661,25257606.0
2024-05-21,14.26661,14.30264,14.12251,14.26661,24055008.0
2024-05-22,14.26654,14.26654,13.84916,13.88711,22579825.0
2024-05-23,13.88711,14.038879999999999,13.773280000000002,14.038879999999999,9370104.0
2024-05-24,13.96299,14.038879999999999,13.659450000000001,13.659450000000001,19568119.0
2024-05-27,13.773280000000002,13.773280000000002,13.62151,13.659450000000001,7404200.0
2024-05-28,13.73534,13.811219999999999,13.659450000000001,13.697389999999999,8409099.0
2024-05-29,13.73534,13.73534,13.62151,13.697389999999999,8294344.0
2024-05-30,13.659450000000001,13.659450000000001,13.431790000000001,13.62151,10463296.0
2024-05-31,13.62151,13.697389999999999,13.58356,13.659450000000001,5711042.0
2024-06-03,13.73534,14.00094,13.697389999999999,13.88711,14016447.0
2024-06-04,13.96299,13.96299,13.773280000000002,13.811219999999999,9141976.0
2024-06-05,13.811219999999999,13.88711,13.73534,13.73534,11806868.0
2024-06-06,13.773280000000002,13.84916,13.62151,13.73534,16615623.0
2024-06-07,13.84916,13.84916,13.62151,13.659450000000001,9959779.0
2024-06-10,13.697389999999999,13.811219999999999,13.659450000000001,13.697389999999999,10498933.0
2024-06-11,13.811219999999999,13.925049999999999,13.697389999999999,13.88711,31084271.0
2024-06-12,13.88711,14.72185,13.773280000000002,14.72185,69944435.0
2024-06-13,14.79774,15.0254,14.60802,14.75979,44268791.0
2024-06-14,14.75979,14.79774,14.19065,14.19065,35964913.0
2024-06-17,14.19065,14.45625,14.00094,14.22859,26723292.0
2024-06-18,14.26654,14.49419,14.11477,14.11477,35295361.0
2024-06-19,14.152709999999999,14.57008,13.96299,14.41831,51398314.0
2024-06-20,14.53214,15.0254,14.41831,14.94951,66054206.0
2024-06-21,14.94951,15.06334,14.68391,14.87362,48980786.0
2024-06-24,14.75979,14.87362,14.30448,14.30448,45279444.0
2024-06-25,14.30448,14.57008,14.30448,14.41831,19536820.0
2024-06-26,14.41831,14.49419,14.07682,14.41831,27226795.0
2024-06-27,14.41831,14.45625,14.19065,14.41831,25084219.0
2024-06-28,14.380370000000001,14.64597,14.11477,14.152709999999999,41525596.0
2024-07-01,14.152709999999999,14.45625,14.038879999999999,14.41831,16522387.0
2024-07-02,14.41831,14.57008,14.26654,14.380370000000001,16427090.0
2024-07-03,14.41831,14.57008,14.22859,14.41831,20131924.0
2024-07-04,14.53214,14.75979,14.45625,14.45625,26252856.0
2024-07-05,14.45625,14.64597,14.41831,14.53214,18433129.0
2024-07-08,14.57008,14.64597,14.41831,14.45625,16159777.0
2024-07-09,14.57008,14.75979,14.41831,14.72185,32015495.0
2024-07-10,14.79774,14.83568,14.57008,14.57008,15167598.0
2024-07-11,14.57008,14.83568,14.45625,14.45625,25230896.0
2024-07-12,14.49419,14.57008,14.380370000000001,14.41831,16055981.0
2024-07-15,14.45625,14.49419,14.19065,14.26654,16137491.0
2024-07-16,14.34242,14.49419,14.26654,14.41831,17485321.0
2024-07-17,14.41831,14.72185,14.26654,14.41831,34914605.0
2024-07-18,14.41831,14.49419,14.152709999999999,14.45625,15901075.0
2024-07-19,14.41831,14.57008,14.26654,14.26654,16983251.0
2024-07-22,14.26654,14.45625,14.152709999999999,14.26654,15851459.0
2024-07-23,14.30448,14.34242,13.811219999999999,13.96299,17896447.0
2024-07-24,13.925049999999999,14.11477,13.811219999999999,14.038879999999999,13371089.0
2024-07-25,13.96299,14.038879999999999,13.88711,13.925049999999999,10461655.0
2024-07-26,13.96299,14.038879999999999,13.88711,13.96299,7752558.0
2024-07-29,14.038879999999999,14.11477,13.96299,13.96299,6228638.0
2024-07-30,13.96299,14.19065,13.88711,14.07682,12802742.0
2024-07-31,14.11477,14.53214,14.11477,14.41831,35038321.0
2024-08-01,14.53214,14.53214,14.00094,14.07682,15652596.0
2024-08-02,14.038879999999999,14.22859,13.925049999999999,14.22859,14030750.0
2024-08-05,13.96299,14.11477,13.62151,13.773280000000002,28587606.0
2024-08-06,13.925049999999999,14.038879999999999,13.73534,13.925049999999999,13182712.0
2024-08-07,13.96299,13.96299,13.659450000000001,13.659450000000001,13542137.0
2024-08-08,13.58356,13.659450000000001,13.28002,13.545620000000001,21951774.0
2024-08-09,13.545620000000001,13.73534,13.50768,13.659450000000001,10707088.0
2024-08-12,13.659450000000001,13.773280000000002,13.50768,13.773280000000002,12639608.0
2024-08-13,13.73534,13.811219999999999,13.62151,13.773280000000002,10645632.0
2024-08-14,13.773280000000002,13.811219999999999,13.659450000000001,13.659450000000001,8235186.0
2024-08-15,13.659450000000001,13.73534,13.62151,13.659450000000001,7539412.0
2024-08-16,13.697389999999999,14.00094,13.659450000000001,13.96299,23595566.0
2024-08-19,13.96299,14.11477,13.96299,14.00094,12500067.0
2024-08-20,14.00094,14.152709999999999,13.96299,14.11477,18248565.0
2024-08-21,14.038879999999999,14.30448,14.00094,14.22859,33809370.0
2024-08-22,14.22859,14.30448,14.11477,14.22859,13072468.0
2024-08-23,14.26654,14.41831,14.19065,14.22859,23792929.0
2024-08-26,14.26654,14.64597,14.26654,14.41831,39617721.0
2024-08-27,14.49419,14.53214,14.380370000000001,14.41831,15400837.0
2024-08-28,14.41831,14.49419,14.34242,14.380370000000001,13774422.0
2024-08-29,14.380370000000001,14.68391,14.34242,14.380370000000001,23613933.0
2024-08-30,14.49419,14.49419,14.380370000000001,14.380370000000001,11971540.0
2024-09-04,14.26654,14.26654,14.038879999999999,14.038879999999999,23332600.0
2024-09-05,14.07682,14.07682,13.88711,13.88711,15908777.0
2024-09-06,13.88711,14.00094,13.811219999999999,14.00094,15019324.0
2024-09-09,13.96299,14.00094,13.84916,13.925049999999999,15695257.0
2024-09-10,13.96299,14.00094,13.73534,13.773280000000002,20588711.0
2024-09-11,13.73534,13.88711,13.697389999999999,13.84916,11714730.0
2024-09-12,13.84916,14.11477,13.84916,14.038879999999999,22643063.0
2024-09-13,14.038879999999999,14.07682,13.88711,14.00094,9337934.0
2024-09-16,13.96299,14.07682,13.84916,13.925049999999999,8951273.0
2024-09-17,13.925049999999999,14.152709999999999,13.88711,14.152709999999999,10214184.0
2024-09-18,14.152709999999999,14.26654,14.038879999999999,14.152709999999999,22135608.0
2024-09-19,14.152709999999999,14.26654,14.152709999999999,14.22859,17468884.0
2024-09-20,14.26654,14.49419,14.26654,14.380370000000001,52251745.0
2024-09-23,14.41831,14.57008,14.34242,14.41831,29078562.0
2024-09-24,14.41831,14.57008,14.380370000000001,14.57008,37617818.0
2024-09-25,14.64597,14.83568,14.57008,14.75979,45920392.0
2024-09-26,14.79774,15.06334,14.68391,14.87362,55131403.0
2024-09-27,14.94951,15.291,14.87362,14.98745,62872404.0
2024-09-30,14.94951,15.291,14.91157,15.25305,26731610.0
2024-10-01,15.25305,15.404819999999999,15.06334,15.101280000000001,33059627.0
2024-10-02,15.0254,15.101280000000001,14.87362,14.94951,37585719.0
2024-10-03,15.0254,15.51865,15.0254,15.17717,49875787.0
2024-10-04,15.17717,15.51865,15.13922,15.17717,34252969.0
2024-10-07,15.25305,15.291,14.94951,15.17717,25936314.0
2024-10-08,15.17717,15.291,15.06334,15.25305,27926403.0
2024-10-09,15.17717,15.404819999999999,15.17717,15.366879999999998,49597660.0
2024-10-10,15.442770000000001,15.70837,15.404819999999999,15.59454,45244350.0
2024-10-11,15.5566,15.70837,15.442770000000001,15.70837,22153976.0
2024-10-14,15.78425,15.78425,15.480709999999998,15.67042,22650112.0
2024-10-15,15.5566,15.97397,15.5566,15.8222,44785679.0
2024-10-16,15.78425,15.86014,15.67042,15.8222,17845699.0
2024-10-17,15.8222,15.89808,15.70837,15.86014,22775547.0
2024-10-18,15.8222,15.89808,15.59454,15.59454,24410883.0
2024-10-21,15.59454,15.74631,15.480709999999998,15.67042,18197546.0
2024-10-22,15.63248,15.67042,15.404819999999999,15.63248,22326189.0
2024-10-23,15.5566,15.59454,15.404819999999999,15.51865,15972349.0
2024-10-24,15.480709999999998,15.51865,15.17717,15.17717,26052685.0
2024-10-25,15.25305,15.328940000000001,15.17717,15.25305,16942546.0
2024-10-28,15.17717,15.25305,15.101280000000001,15.25305,11245157.0
2024-10-29,15.328940000000001,15.404819999999999,15.291,15.366879999999998,14157618.0
2024-10-30,15.366879999999998,15.442770000000001,15.291,15.366879999999998,10000088.0
2024-10-31,15.366879999999998,15.51865,15.291,15.51865,13917060.0
2024-11-01,15.480709999999998,15.480709999999998,15.215110000000001,15.291,16606220.0
2024-11-04,15.291,15.328940000000001,14.87362,14.94951,30572348.0
2024-11-05,14.83568,15.0254,14.83568,14.94951,9958296.0
2024-11-06,14.98745,15.13922,14.94951,15.06334,16237665.0
2024-11-07,15.101280000000001,15.13922,14.87362,14.94951,13399083.0
2024-11-08,15.0254,15.0254,14.64597,14.79774,24428210.0
2024-11-11,14.75979,14.75979,14.380370000000001,14.57008,28134592.0
2024-11-12,14.60802,14.60802,14.34242,14.49419,15117899.0
2024-11-13,14.380370000000001,14.68391,14.22859,14.68391,20301061.0
2024-11-14,14.49419,14.57008,14.26654,14.41831,12408000.0
2024-11-15,14.30448,14.380370000000001,14.19065,14.19065,16703361.0
2024-11-18,14.11477,14.34242,14.00094,14.19065,19560943.0
2024-11-19,14.22859,14.26654,14.038879999999999,14.038879999999999,11168595.0
2024-11-20,13.96299,14.34242,13.96299,14.19065,17684832.0
2024-11-21,14.19065,14.57008,14.11477,14.57008,27857572.0
2024-11-22,14.57008,14.64597,14.45625,14.45625,18063133.0
2024-11-25,14.45625,14.57008,14.45625,14.45625,7651978.0
2024-11-26,14.45625,14.72185,14.45625,14.45625,18362268.0
2024-11-27,14.45625,14.57008,14.41831,14.45625,6904586.0
2024-11-28,14.57008,14.68391,14.45625,14.45625,11980090.0
2024-11-29,14.53214,14.57008,14.41831,14.53214,6010268.0
2024-12-02,14.64597,14.64597,14.49419,14.57008,6326543.0
2024-12-03,14.53214,14.57008,14.41831,14.57008,10876352.0
2024-12-04,14.45625,14.53214,14.380370000000001,14.41831,8460366.0
2024-12-05,14.41831,14.79774,14.26654,14.79774,31492330.0
2024-12-06,14.79774,14.79774,14.64597,14.68391,11635279.0
2024-12-09,14.60802,14.83568,14.57008,14.72185,19957358.0
2024-12-10,14.72185,14.75979,14.57008,14.60802,7244261.0
2024-12-11,14.60802,14.64597,14.45625,14.60802,13264710.0
2024-12-12,14.60802,14.83568,14.53214,14.64597,23037081.0
2024-12-13,14.57008,14.64597,14.49419,14.53214,7752312.0
2024-12-16,14.53214,14.57008,14.41831,14.49419,6793885.0
2024-12-17,14.49419,14.53214,14.380370000000001,14.380370000000001,8188602.0
2024-12-18,14.41831,14.49419,14.380370000000001,14.41831,4844985.0
2024-12-19,14.380370000000001,14.380370000000001,14.11477,14.26654,21117631.0
2024-12-20,14.26654,14.34242,14.152709999999999,14.34242,6640453.0
2024-12-23,14.380370000000001,14.53214,14.34242,14.380370000000001,7740196.0
2024-12-24,14.380370000000001,14.41831,14.22859,14.380370000000001,5920224.0
2024-12-25,14.380370000000001,14.64597,14.26654,14.57008,14789924.0
2024-12-26,14.60802,14.64597,14.45625,14.60802,8214471.0
2024-12-27,14.57008,14.68391,14.49419,14.60802,16563326.0
2024-12-30,14.57008,14.60802,14.49419,14.60802,6680866.0
2024-12-31,14.60802,14.60802,14.45625,14.57008,8165593.0
2025-01-02,14.49419,14.57008,14.380370000000001,14.53214,8365315.0
2025-01-03,14.49419,14.49419,14.22859,14.22859,10603548.0
2025-01-06,14.22859,14.34242,14.19065,14.26654,6919201.0
2025-01-07,14.30448,14.34242,14.19065,14.19065,6749349.0
2025-01-08,14.19065,14.34242,14.152709999999999,14.30448,4831858.0
2025-01-09,14.34242,14.34242,14.152709999999999,14.19065,3980850.0
2025-01-10,14.19065,14.22859,14.00094,14.038879999999999,6525397.0
2025-01-13,14.00094,14.038879999999999,13.84916,13.88711,8591600.0
2025-01-14,13.84916,13.925049999999999,13.697389999999999,13.773280000000002,11013335.0
2025-01-15,13.88711,14.038879999999999,13.811219999999999,13.96299,5620664.0
2025-01-16,14.038879999999999,14.038879999999999,13.811219999999999,13.96299,9494065.0
2025-01-17,13.96299,14.00094,13.88711,14.00094,4424985.0
2025-01-20,13.96299,14.07682,13.925049999999999,13.96299,6432811.0
2025-01-21,14.038879999999999,14.038879999999999,13.84916,13.96299,11086059.0
2025-01-22,13.96299,14.038879999999999,13.84916,13.925049999999999,10802050.0
2025-01-23,14.038879999999999,14.34242,13.96299,14.34242,26480491.0
2025-01-24,14.34242,14.41831,14.26654,14.34242,11208750.0
2025-02-03,14.26654,14.26654,14.038879999999999,14.038879999999999,9501069.0
2025-02-04,14.22859,14.26654,14.07682,14.22859,11821552.0
2025-02-05,14.22859,14.49419,14.22859,14.45625,12838896.0
2025-02-06,14.49419,14.57008,14.380370000000001,14.45625,9989223.0
2025-02-07,14.380370000000001,14.57008,14.34242,14.380370000000001,8927999.0
2025-02-10,14.34242,14.49419,14.22859,14.30448,13503873.0
2025-02-11,14.30448,14.53214,14.26654,14.34242,20355530.0
2025-02-12,14.41831,14.49419,14.26654,14.34242,7803243.0
2025-02-13,14.34242,14.41831,14.26654,14.34242,8324004.0
2025-02-14,14.49419,14.53214,14.41831,14.41831,11537387.0
2025-02-17,14.41831,14.49419,14.30448,14.30448,11948649.0
2025-02-18,14.30448,14.57008,14.22859,14.380370000000001,18116796.0
2025-02-19,14.41831,14.49419,14.380370000000001,14.45625,9260327.0
2025-02-20,14.49419,14.64597,14.41831,14.57008,18767537.0
2025-02-21,14.53214,14.87362,14.45625,14.75979,42296147.0
2025-02-24,14.72185,14.83568,14.57008,14.83568,22725922.0
2025-02-25,14.83568,14.87362,14.60802,14.68391,14020424.0
2025-02-26,14.68391,14.72185,14.60802,14.60802,11214668.0
2025-02-27,14.60802,14.68391,14.45625,14.64597,9549642.0
2025-02-28,14.49419,14.72185,14.49419,14.64597,9239918.0
2025-03-03,14.68391,14.68391,14.49419,14.57008,9405412.0
2025-03-04,14.49419,14.57008,14.380370000000001,14.49419,19240182.0
2025-03-05,14.49419,14.68391,14.41831,14.41831,16033232.0
2025-03-06,14.45625,14.68391,14.45625,14.53214,20894312.0
2025-03-07,14.57008,14.75979,14.53214,14.60802,20720845.0
2025-03-10,14.72185,14.91157,14.64597,14.72185,34128394.0
2025-03-11,14.60802,14.98745,14.57008,14.94951,37549421.0
2025-03-12,15.0254,15.0254,14.79774,14.87362,27178222.0
2025-03-13,14.91157,14.91157,14.57008,14.60802,16162010.0
2025-03-14,14.64597,14.87362,14.57008,14.87362,17677069.0
2025-03-17,14.98745,15.480709999999998,14.87362,15.328940000000001,71559132.0
2025-03-18,15.366879999999998,15.404819999999999,15.0254,15.0254,25983908.0
2025-03-19,14.98745,14.98745,14.72185,14.75979,29446445.0
2025-03-20,14.87362,14.94951,14.72185,14.87362,18744394.0
2025-03-21,14.87362,14.91157,14.72185,14.79774,9372635.0
2025-03-24,14.79774,14.91157,14.60802,14.87362,16809872.0
2025-03-25,14.91157,14.94951,14.75979,14.79774,11789548.0
2025-03-26,14.79774,14.91157,14.64597,14.68391,9458002.0
2025-03-27,14.60802,14.75979,14.60802,14.60802,6693042.0
2025-03-28,14.60802,14.72185,14.57008,14.60802,11137370.0
2025-03-31,14.53214,14.60802,14.41831,14.41831,14768166.0
2025-04-01,14.53214,14.57008,14.41831,14.53214,8730956.0
2025-04-02,14.53214,14.68391,14.49419,14.53214,11404390.0
2025-04-03,13.811219999999999,14.07682,13.545620000000001,13.545620000000001,40627745.0
2025-04-04,12.74882,13.24208,12.63499,13.24208,46818260.0
2025-04-08,12.90059,13.05236,12.33145,12.33145,24712494.0
2025-04-09,11.53465,12.52116,11.4967,12.10379,56116778.0
2025-04-10,12.93853,12.93853,12.93853,12.93853,1667054.0
2025-04-11,12.90059,13.39385,12.74882,13.24208,60050331.0
2025-04-14,13.28002,13.431790000000001,13.090309999999999,13.12825,28910239.0
2025-04-15,13.05236,13.090309999999999,12.786760000000001,12.82471,19621779.0
2025-04-16,12.786760000000001,12.90059,12.672930000000001,12.74882,13826737.0
2025-04-17,12.74882,12.74882,12.40733,12.55911,21621462.0
2025-04-18,12.63499,13.090309999999999,12.63499,12.86265,16485170.0
2025-04-21,12.82471,12.93853,12.672930000000001,12.672930000000001,12085528.0
2025-04-22,12.59705,12.74882,11.80025,12.59705,30680838.0
2025-04-23,12.90059,12.90059,12.672930000000001,12.672930000000001,10958346.0
2025-04-24,12.74882,12.86265,12.63499,12.63499,12825015.0
2025-04-25,12.672930000000001,12.71088,12.48322,12.52116,24812094.0
2025-04-28,12.672930000000001,12.672930000000001,12.52116,12.55911,9941576.0
2025-04-29,12.59705,12.672930000000001,12.52116,12.55911,14258755.0
2025-05-05,12.672930000000001,12.71088,12.52116,12.59705,7596393.0
2025-05-06,12.672930000000001,13.05236,12.63499,12.82471,25322481.0
2025-05-07,12.86265,12.90059,12.74882,12.90059,10239675.0
2025-05-08,12.93853,13.05236,12.86265,12.90059,15417342.0
2025-05-09,12.976479999999999,13.090309999999999,12.82471,12.90059,17698895.0
2025-05-12,12.976479999999999,13.24208,12.86265,13.16619,36537005.0
2025-05-13,13.39385,13.431790000000001,13.24208,13.431790000000001,27758850.0
2025-05-14,13.50768,14.34242,13.46974,14.34242,95597129.0
2025-05-15,14.53796,14.65489,14.22616,14.46001,55088144.0
2025-05-16,14.304110000000001,14.57694,14.07025,14.07025,37991194.0
2025-05-19,14.03128,14.69387,13.87538,14.18718,64660215.0
2025-05-20,14.18718,14.46001,14.148209999999999,14.18718,27844769.0
2025-05-21,14.26513,14.65489,14.22616,14.38206,68316753.0
2025-05-22,14.421040000000001,14.57694,14.18718,14.26513,40944806.0
2025-05-23,14.22616,14.304110000000001,14.10923,14.10923,14940728.0
2025-05-26,14.10923,14.18718,13.48562,14.148209999999999,24591056.0
2025-05-27,14.148209999999999,14.26513,14.07025,14.10923,22992680.0
2025-05-28,14.18718,14.26513,14.03128,14.03128,13068790.0
2025-05-29,14.10923,14.46001,14.03128,14.148209999999999,46414939.0
2025-05-30,14.22616,14.26513,13.95333,13.992299999999998,11866231.0
2025-06-02,13.992299999999998,14.148209999999999,13.87538,14.03128,13495087.0
2025-06-03,14.10923,14.34309,14.03128,14.26513,22869098.0
2025-06-04,14.26513,14.46001,14.18718,14.22616,41732489.0
2025-06-05,14.18718,14.34309,14.07025,14.10923,12659481.0
2025-06-06,14.10923,14.10923,13.87538,13.87538,20113806.0
2025-06-09,13.8364,13.95333,13.75845,13.91435,14020169.0
2025-06-10,13.95333,14.18718,13.91435,13.992299999999998,20280399.0
2025-06-11,14.07025,14.07025,13.95333,14.03128,6798034.0
2025-06-12,14.07025,14.26513,14.07025,14.18718,21888225.0
2025-06-13,14.07025,14.34309,13.95333,14.148209999999999,29227397.0
2025-06-16,14.148209999999999,14.65489,14.148209999999999,14.65489,71737516.0
2025-06-17,14.73284,14.81079,14.49899,14.65489,35031411.0
2025-06-18,14.65489,14.77182,14.421040000000001,14.421040000000001,23620095.0
2025-06-19,14.421040000000001,14.615920000000001,14.421040000000001,14.421040000000001,17975458.0
2025-06-20,14.49899,14.69387,14.38206,14.38206,24909094.0
2025-06-23,14.304110000000001,14.421040000000001,14.22616,14.34309,18217814.0
2025-06-24,14.46001,14.615920000000001,14.38206,14.46001,42726181.0
2025-06-25,14.49899,14.57694,14.34309,14.34309,17183570.0
2025-06-26,14.421040000000001,14.46001,14.304110000000001,14.304110000000001,10938874.0
2025-06-27,14.421040000000001,14.615920000000001,14.38206,14.421040000000001,21159794.0
2025-06-30,14.46001,14.53796,14.421040000000001,14.421040000000001,11552246.0
2025-07-01,14.421040000000001,14.49899,14.34309,14.38206,17067538.0
2025-07-02,14.38206,14.49899,14.304110000000001,14.49899,18383301.0
2025-07-03,14.46001,14.69387,14.421040000000001,14.53796,47161931.0
2025-07-04,14.57694,14.69387,14.49899,14.615920000000001,22184658.0
2025-07-07,14.73284,15.083620000000002,14.73284,15.044649999999999,53687103.0
2025-07-08,15.083620000000002,15.2785,14.849770000000001,15.2785,45395433.0
2025-07-09,15.43441,15.70724,15.356459999999998,15.629290000000001,66459585.0
2025-07-10,15.70724,15.78519,15.512360000000001,15.70724,36756752.0
2025-07-11,15.74621,15.86314,15.512360000000001,15.70724,45193854.0
2025-07-14,15.78519,16.52573,15.74621,16.36983,63398310.0
2025-07-15,16.48675,16.52573,16.17495,16.17495,48794787.0
2025-07-16,16.17495,16.36983,15.98007,16.2529,31475253.0
2025-07-17,16.36983,16.60368,16.17495,16.29187,49450090.0
2025-07-18,16.29187,16.87651,16.21392,16.64266,47962231.0
2025-07-21,16.837529999999997,17.539099999999998,16.64266,17.383200000000002,72607917.0
2025-07-22,17.26627,17.61705,16.99344,17.539099999999998,41738542.0
2025-07-23,17.77295,18.39657,17.539099999999998,18.20169,73971014.0
2025-07-24,18.630419999999997,18.630419999999997,18.04578,18.31861,47172367.0
2025-07-25,18.31861,18.8253,18.24066,18.747349999999997,54500563.0
2025-07-28,18.9812,19.60481,18.70837,19.56584,57184290.0
2025-07-29,19.56584,20.1115,18.357590000000002,18.39657,83090259.0
2025-07-30,18.55247,19.68277,18.31861,19.68277,70997299.0
2025-07-31,20.1115,20.34535,19.916619999999998,20.1115,55214400.0
2025-08-01,20.18945,20.18945,19.48789,20.1115,55606982.0
2025-08-04,19.68277,20.57921,19.68277,20.57921,38244185.0
2025-08-05,20.77409,21.5536,19.955599999999997,20.65716,71786289.0
2025-08-06,20.69614,21.124869999999998,20.50126,21.124869999999998,28386278.0
2025-08-07,21.709509999999998,22.56697,21.35872,22.56697,62589347.0
2025-08-08,22.99571,23.03468,21.826430000000002,23.03468,44940586.0
2025-08-11,22.99571,23.346490000000003,22.60595,23.07366,33795260.0
2025-08-12,23.07366,23.229560000000003,22.76185,23.07366,35555330.0
2025-08-13,22.8398,23.03468,21.826430000000002,22.45005,43509145.0
2025-08-14,22.917759999999998,24.00908,22.76185,24.00908,69360600.0
2025-08-15,25.56811,25.56811,24.08703,24.24293,64922020.0
2025-08-18,24.98347,25.37323,24.63269,24.9445,46651138.0
2025-08-19,25.49016,26.65943,25.49016,26.65943,21667051.0
2025-08-20,27.75075,28.49129,26.269669999999998,28.49129,75602549.0
2025-08-21,28.84207,30.323150000000002,28.608220000000003,30.12827,51463425.0
2025-08-22,29.62159,29.816470000000002,28.023580000000003,28.023580000000003,75406562.0
2025-08-25,28.023580000000003,28.06256,26.07479,26.11377,68014697.0
2025-08-26,25.762990000000002,26.77636,25.529130000000002,26.73738,48000415.0
2025-08-27,26.893279999999997,27.04919,25.33425,25.95787,57277756.0
2025-08-28,25.801959999999998,26.65943,25.412209999999998,26.503529999999998,37037398.0
2025-08-29,26.503529999999998,28.29641,26.230700000000002,27.28304,65875117.0
2025-09-03,27.39997,27.594849999999997,26.77636,26.893279999999997,28636147.0
2025-09-04,27.04919,27.28304,26.34762,27.20509,44864302.0
2025-09-05,27.6728,27.6728,26.11377,26.11377,37918103.0
2025-09-08,25.95787,25.99684,24.320880000000002,24.320880000000002,58106216.0
2025-09-09,24.554740000000002,25.37323,24.437810000000002,25.2563,39721088.0
2025-09-10,25.607080000000003,25.68504,24.78859,25.295279999999998,22052150.0
2025-09-11,24.98347,25.21733,23.73625,25.13937,44404637.0
2025-09-12,25.02245,25.17835,24.593709999999998,24.63269,23152072.0
2025-09-15,24.554740000000002,25.1004,24.126,24.593709999999998,64149936.0
2025-09-16,24.593709999999998,25.607080000000003,24.554740000000002,24.710639999999998,70235640.0
2025-09-17,24.710639999999998,24.90552,24.16498,24.16498,26699147.0
2025-09-18,24.24293,24.35986,23.61932,24.00908,26662541.0
2025-09-19,24.08703,24.126,23.38546,23.69727,28468023.0
2025-09-22,23.6583,23.69727,22.8398,22.99571,54226420.0
2025-09-23,23.07366,23.89215,23.07366,23.307509999999997,27153629.0
2025-09-24,23.46342,24.63269,23.03468,24.63269,40541494.0
2025-09-25,24.710639999999998,24.82757,24.08703,24.126,30548440.0
2025-09-26,24.126,24.24293,23.69727,23.69727,25519825.0
2025-09-29,23.77522,24.320880000000002,23.424439999999997,24.24293,33087772.0
2025-09-30,24.35986,24.35986,23.61932,24.24293,28910750.0
2025-10-01,24.24293,24.593709999999998,24.04805,24.08703,16634398.0
2025-10-02,24.24293,24.554740000000002,23.50239,23.50239,31488620.0
2025-10-03,23.50239,23.54137,22.99571,22.99571,30217787.0
2025-10-06,23.58034,24.593709999999998,23.38546,24.593709999999998,42856831.0
2025-10-07,24.86654,24.86654,24.08703,24.20396,26720057.0
2025-10-08,24.47679,24.67167,23.93113,24.24293,25383140.0
2025-10-09,24.39884,25.02245,24.24293,25.02245,39146724.0
2025-10-10,25.17835,25.21733,24.710639999999998,25.02245,34665105.0
2025-10-13,24.63269,24.82757,24.35986,24.710639999999998,35757700.0
2025-10-14,24.86654,25.607080000000003,24.86654,25.33425,57099349.0
2025-10-15,25.529130000000002,27.01021,25.529130000000002,26.269669999999998,92702868.0
2025-10-16,26.34762,26.42558,25.87991,25.87991,30774032.0
2025-10-17,25.87991,25.99684,24.86654,24.90552,50314264.0
2025-10-20,24.593709999999998,24.78859,23.19059,23.19059,52664851.0
2025-10-21,22.99571,23.89215,22.099259999999997,23.6583,54129494.0
2025-10-22,23.73625,23.73625,22.917759999999998,23.73625,26729172.0
2025-10-23,23.77522,24.00908,23.38546,23.38546,14359517.0
2025-10-24,23.307509999999997,23.307509999999997,22.60595,22.76185,23936634.0
2025-10-27,22.99571,23.229560000000003,22.060290000000002,22.060290000000002,23923194.0
2025-10-28,21.98234,22.95673,21.86541,22.95673,26734575.0
2025-10-29,23.15161,23.61932,22.95673,23.26854,25092478.0
2025-10-30,23.58034,23.58034,22.56697,22.76185,19094931.0
2025-10-31,22.76185,22.87878,22.333119999999997,22.37209,15515706.0
2025-11-03,22.64493,22.64493,21.51463,21.51463,23181284.0
2025-11-04,21.47565,22.99571,21.241799999999998,22.99571,31989423.0
2025-11-05,22.60595,22.95673,22.45005,22.80083,13081720.0
2025-11-06,22.76185,22.76185,22.138240000000003,22.216189999999997,13246656.0
2025-11-07,22.177220000000002,22.216189999999997,21.28077,21.43668,23950843.0
2025-11-10,21.35872,21.98234,21.35872,21.43668,16828983.0
2025-11-11,21.63156,21.67053,21.35872,21.43668,14825391.0
2025-11-12,21.5536,22.060290000000002,21.43668,21.826430000000002,16282527.0
2025-11-13,22.060290000000002,22.099259999999997,21.63156,21.63156,12870908.0
2025-11-14,21.51463,21.98234,21.51463,21.67053,11788681.0
2025-11-17,21.78746,22.138240000000003,21.709509999999998,21.90439,12081056.0
2025-11-18,22.060290000000002,22.45005,21.943360000000002,22.45005,18867824.0
2025-11-19,22.37209,22.41107,21.90439,21.90439,16837654.0
2025-11-20,22.02131,22.41107,21.826430000000002,22.25517,19556577.0
2025-11-21,22.099259999999997,22.37209,21.826430000000002,22.25517,18171627.0
2025-11-24,22.25517,22.76185,22.138240000000003,22.60595,18132920.0
2025-11-25,22.56697,22.60595,21.90439,21.98234,14586298.0
2025-11-26,21.98234,22.6839,21.98234,22.60595,18822058.0
2025-11-27,22.64493,22.99571,22.45005,22.6839,14886756.0
2025-11-28,22.6839,22.80083,22.37209,22.80083,11912737.0
2025-12-01,22.64493,23.03468,22.48902,22.8398,11860336.0
2025-12-02,22.80083,22.80083,22.37209,22.528,10419674.0
2025-12-03,22.72288,23.61932,22.60595,23.58034,30089912.0
2025-12-04,23.6583,23.73625,23.307509999999997,23.58034,16901356.0
2025-12-05,23.58034,23.61932,23.229560000000003,23.26854,12525659.0
2025-12-08,23.229560000000003,23.58034,23.03468,23.15161,15700764.0
2025-12-09,23.11263,23.15161,22.138240000000003,22.41107,25291572.0
2025-12-10,22.41107,22.6839,22.216189999999997,22.60595,9289964.0
2025-12-11,22.56697,22.60595,21.943360000000002,21.943360000000002,10980642.0
2025-12-12,21.90439,21.98234,20.69614,20.69614,21038556.0
2025-12-15,20.73511,21.43668,20.73511,21.43668,18316249.0
2025-12-16,21.3977,22.060290000000002,20.89102,22.02131,11823186.0
2025-12-17,21.98234,22.060290000000002,21.67053,21.826430000000002,6321749.0
2025-12-18,21.826430000000002,22.060290000000002,21.59258,22.060290000000002,8004045.0
2025-12-19,22.02131,22.177220000000002,21.826430000000002,22.177220000000002,9900048.0
2025-12-22,22.177220000000002,22.60595,21.90439,22.60595,13913616.0
2025-12-23,22.6839,22.917759999999998,22.25517,22.37209,12233585.0
2025-12-24,22.29414,22.8398,22.138240000000003,22.8398,15295609.0
2025-12-25,22.8398,23.15161,22.41107,22.41107,14208245.0
2025-12-26,21.98234,22.48902,21.31975,21.943360000000002,27196871.0
2025-12-29,21.943360000000002,22.060290000000002,21.67053,21.826430000000002,20354455.0
2025-12-30,21.74848,22.6839,21.74848,22.37209,23131213.0
2025-12-31,22.37209,22.60595,22.25517,22.333119999999997,22538641.0
2026-01-05,22.333119999999997,22.45005,21.47565,21.74848,16205704.0
2026-01-06,21.709509999999998,22.528,21.5536,22.48902,21670981.0
2026-01-07,22.72288,23.19059,22.6839,22.80083,34227288.0
2026-01-08,22.8398,23.19059,22.60595,22.80083,29968658.0
2026-01-09,22.80083,23.11263,21.98234,22.02131,37631539.0
2026-01-12,22.216189999999997,23.54137,21.943360000000002,23.54137,49719284.0
2026-01-13,24.39884,24.515759999999997,23.61932,23.77522,42235316.0
2026-01-14,23.8142,24.00908,22.76185,22.99571,44782018.0
2026-01-15,22.87878,22.917759999999998,22.41107,22.60595,34641385.0
2026-01-16,22.8398,22.95673,22.48902,22.528,24994703.0
2026-01-19,22.56697,23.229560000000003,22.528,23.11263,30788829.0
2026-01-20,23.50239,24.126,23.15161,23.19059,48729129.0
2026-01-21,23.11263,23.11263,22.60595,22.64493,34101947.0
2026-01-22,22.6839,22.917759999999998,22.64493,22.76185,19804394.0
2026-01-23,22.76185,22.8398,22.216189999999997,22.216189999999997,31112848.0
2026-01-26,22.29414,22.333119999999997,21.51463,21.63156,32500553.0
2026-01-27,21.67053,21.90439,21.59258,21.67053,12855901.0
2026-01-28,21.78746,22.060290000000002,21.5536,21.63156,14228500.0
2026-01-29,21.826430000000002,21.943360000000002,21.5536,21.5536,8253627.0
2026-01-30,21.63156,21.826430000000002,21.47565,21.826430000000002,15849543.0
2026-02-02,21.709509999999998,21.826430000000002,21.241799999999998,21.51463,14166318.0
2026-02-03,21.709509999999998,21.826430000000002,21.43668,21.43668,15344905.0
2026-02-04,21.43668,21.67053,21.241799999999998,21.63156,16742221.0
2026-02-05,21.826430000000002,21.86541,21.35872,21.35872,9684802.0
2026-02-06,21.20282,21.241799999999998,20.89102,20.89102,18151318.0
2026-02-09,21.046919999999997,21.16385,20.77409,20.852040000000002,8779807.0
2026-02-10,20.81306,21.28077,20.54023,20.73511,11089207.0
2026-02-11,20.89102,22.060290000000002,20.89102,22.060290000000002,28265991.0
2026-02-12,22.099259999999997,22.216189999999997,21.943360000000002,22.02131,8148088.0
2026-02-13,21.90439,22.060290000000002,21.74848,22.060290000000002,12913140.0
2026-02-23,22.177220000000002,22.72288,22.060290000000002,22.45005,15479984.0
2026-02-24,22.37209,22.72288,22.25517,22.60595,18110875.0
2026-02-25,22.60595,22.99571,22.45005,22.48902,20158643.0
2026-02-26,22.60595,22.76185,22.48902,22.528,13940751.0
2026-02-27,22.64493,22.95673,22.41107,22.56697,18015209.0
2026-03-02,22.02131,22.37209,21.78746,21.86541,24682980.0
2026-03-03,21.86541,22.177220000000002,21.28077,21.3977,18812146.0
2026-03-04,21.31975,21.5536,20.65716,21.16385,26599394.0
2026-03-05,21.3977,21.90439,21.007939999999998,21.046919999999997,21469264.0
2026-03-06,21.046919999999997,21.046919999999997,20.77409,20.77409,15463400.0
2026-03-09,19.331979999999998,19.64379,19.331979999999998,19.331979999999998,32403166.0
2026-03-10,20.267400000000002,20.267400000000002,19.331979999999998,19.877650000000003,30403359.0
2026-03-11,19.877650000000003,20.65716,19.79969,20.61818,17304297.0
2026-03-12,20.150479999999998,20.42331,19.877650000000003,20.07252,12820453.0
2026-03-13,19.79969,20.267400000000002,19.48789,19.99457,13873313.0
2026-03-16,20.033549999999998,20.07252,19.79969,19.877650000000003,7474327.0
2026-03-17,20.1115,20.57921,20.033549999999998,20.033549999999998,9332183.0
2026-03-18,20.22843,20.384330000000002,19.79969,19.955599999999997,9281757.0
2026-03-19,19.68277,20.1115,19.44891,19.955599999999997,23998257.0
2026-03-20,19.72174,20.18945,19.52686,19.52686,15986095.0
2026-03-23,19.40994,19.40994,18.630419999999997,18.70837,22753285.0
2026-03-24,19.059150000000002,19.99457,18.90325,19.68277,30006598.0
2026-03-25,20.22843,20.57921,19.916619999999998,20.50126,21952982.0
2026-03-26,20.50126,20.65716,20.150479999999998,20.42331,19435393.0
2026-03-27,20.267400000000002,20.69614,20.18945,20.61818,11269329.0
2026-03-30,19.99457,20.57921,19.916619999999998,20.34535,16550890.0
2026-03-31,20.57921,20.968970000000002,20.46228,20.81306,19384128.0
2026-04-01,21.28077,21.31975,20.89102,20.89102,10302863.0
2026-04-02,20.73511,20.73511,20.267400000000002,20.46228,11448610.0
2026-04-03,20.50126,20.57921,20.07252,20.1115,16767098.0
2026-04-06,20.1115,20.22843,19.877650000000003,19.955599999999997,11099012.0
2026-04-07,19.955599999999997,20.34535,19.877650000000003,20.30638,11434602.0
2026-04-08,21.20282,21.63156,20.77409,21.51463,24929170.0
2026-04-09,21.31975,21.43668,21.08589,21.124869999999998,11860650.0
2026-04-10,21.43668,21.74848,21.28077,21.28077,14457785.0
2026-04-13,21.046919999999997,21.20282,20.89102,20.968970000000002,13571889.0
2026-04-14,21.28077,21.63156,21.124869999999998,21.31975,14460150.0
2026-04-15,21.709509999999998,21.709509999999998,21.241799999999998,21.31975,12239575.0
2026-04-16,21.28077,21.74848,21.046919999999997,21.51463,15420646.0
2026-04-17,21.67053,22.216189999999997,21.5536,22.02131,25683224.0
2026-04-20,22.216189999999997,22.216189999999997,21.86541,21.86541,14867531.0
2026-04-21,21.826430000000002,22.02131,21.47565,21.47565,12789227.0
2026-04-22,21.51463,21.709509999999998,21.35872,21.47565,13655915.0
2026-04-23,21.5536,21.90439,21.35872,21.35872,12911384.0
2026-04-24,21.35872,21.51463,21.20282,21.241799999999998,8713609.0
2026-04-28,21.241799999999998,21.3977,21.046919999999997,21.046919999999997,7728708.0
2026-04-29,20.89102,21.046919999999997,20.65716,20.65716,18800972.0
2026-05-04,20.81306,21.16385,20.81306,21.007939999999998,6244180.0
2026-05-05,20.968970000000002,21.826430000000002,20.65716,21.826430000000002,22255933.0
2026-05-06,21.74848,21.90439,21.47565,21.826430000000002,18620249.0
2026-05-07,21.826430000000002,22.02131,21.67053,21.943360000000002,18138935.0
2026-05-08,21.90439,22.060290000000002,21.74848,21.78746,15759538.0
2026-05-11,21.74848,21.90439,21.67053,21.67053,14908195.0
2026-05-12,21.63156,21.74848,21.43668,21.709509999999998,14572179.0
2026-05-13,21.826430000000002,21.943360000000002,21.59258,21.63156,13173291.0
2026-05-14,21.63156,22.333119999999997,21.63156,22.333119999999997,25296665.0
2026-05-15,22.37388,22.41355,21.858169999999998,21.858169999999998,12757300.0
2026-05-18,21.778830000000003,21.8185,21.50114,21.778830000000003,15238100.0
2026-05-19,21.8185,21.8185,21.22345,21.22345,19241765.0
2026-05-20,21.18378,21.26312,20.35071,21.18378,24232591.0
2026-05-21,21.34246,21.54081,21.06477,21.421799999999998,10371931.0
2026-05-22,21.421799999999998,21.421799999999998,21.06477,21.26312,7820291.0
2026-05-25,21.26312,21.65982,21.26312,21.421799999999998,8108691.0
2026-05-26,21.421799999999998,22.05652,21.34246,21.89784,15085277.0
2026-05-27,21.93751,22.41355,21.858169999999998,22.25487,21276587.0
2026-05-28,22.25487,22.29454,21.65982,21.65982,12847549.0
2026-05-29,21.580479999999998,21.73916,21.461470000000002,21.50114,12544875.0
2026-06-01,21.421799999999998,21.580479999999998,21.38213,21.38213,7014931.0
2026-06-02,21.38213,21.50114,20.787080000000003,20.98543,16358517.0
2026-06-03,20.94576,21.22345,20.70774,20.98543,12349911.0
2026-06-04,21.06477,21.10444,20.82675,21.0251,7709092.0
2026-06-05,21.0251,21.18378,20.866419999999998,20.98543,6905437.0
2026-06-08,20.74741,20.82675,20.311040000000002,20.311040000000002,14140902.0
2026-06-09,20.311040000000002,20.66807,20.311040000000002,20.54906,9231386.0
2026-06-10,20.50939,20.74741,20.469720000000002,20.66807,10247167.0
2026-06-11,20.54906,20.66807,20.39038,20.628400000000003,8715433.0
2026-06-12,21.0251,21.0251,20.588729999999998,20.628400000000003,12472335.0
2026-06-15,21.0251,21.0251,20.628400000000003,20.82675,19477867.0
2026-06-16,21.0251,21.14411,20.787080000000003,20.90609,13100586.0
2026-06-17,20.90609,21.26312,20.82675,21.0251,15650163.0
2026-06-18,21.0251,21.06477,20.82675,20.94576,10100160.0
2026-06-19,20.866419999999998,20.94576,20.50939,20.54906,14333143.0
2026-06-22,20.54906,20.66807,20.469720000000002,20.628400000000003,6212315.0
2026-06-23,20.74741,21.620150000000002,20.66807,21.06477,23153908.0
2026-06-24,21.06477,21.26312,20.787080000000003,21.06477,12671748.0
2026-06-25,20.98543,21.30279,20.98543,21.18378,5894242.0
2026-06-26,21.22345,21.22345,20.90609,21.22345,7822712.0
2026-06-29,21.26312,21.54081,21.26312,21.461470000000002,12701753.0
2026-06-30,21.50114,21.54081,21.421799999999998,21.421799999999998,6687344.0
2026-07-01,21.461470000000002,22.13586,21.461470000000002,21.97718,25445225.0
2026-07-02,22.09619,22.2152,21.778830000000003,21.97718,12463190.0
2026-07-03,21.97718,22.09619,21.778830000000003,22.05652,11592827.0
2026-07-06,22.05652,22.17553,21.38213,21.778830000000003,14592861.0
2026-07-07,21.69949,21.97718,21.620150000000002,21.89784,8058095.0
2026-07-08,21.89784,22.29454,21.8185,22.016849999999998,18018819.0
2026-07-09,21.93751,21.97718,21.620150000000002,21.620150000000002,9823662.0
2026-07-10,21.580479999999998,21.620150000000002,21.18378,21.18378,14090914.0
2026-07-13,20.98543,20.98543,20.469720000000002,20.94576,21940644.0
2026-07-14,20.82675,21.0251,20.54906,21.0251,14469795.0
2026-07-15,21.0251,21.0251,20.469720000000002,20.469720000000002,12967745.0
2026-07-16,20.469720000000002,20.82675,19.87467,20.628400000000003,22426869.0
2026-07-17,20.588729999999998,21.06477,20.39038,20.50939,11448479.0
2026-07-20,20.50939,20.628400000000003,19.51764,19.835,22596174.0
2026-07-21,19.67632,20.19203,19.67632,20.112689999999997,13692621.0
2026-07-22,20.112689999999997,20.271369999999997,19.39863,19.835,26412044.0
2026-07-23,19.71599,19.954009999999997,19.0416,19.835,19177573.0
2026-07-24,19.35896,19.795330000000003,19.319290000000002,19.795330000000003,12411821.0
2026-07-27,19.75566,19.835,19.319290000000002,19.477970000000003,12709200.0
2026-07-28,19.120939999999997,19.59698,19.00193,19.51764,12053208.0
2026-07-29,19.319290000000002,19.477970000000003,19.20028,19.319290000000002,10060857.0
2026-07-30,19.438299999999998,19.87467,19.35896,19.835,13169426.0
2026-07-31,19.99368,20.2317,19.67632,19.67632,12113539.0
2026-08-03,19.75566,20.311040000000002,19.75566,20.2317,13605085.0
2026-08-04,20.311040000000002,20.35071,20.112689999999997,20.35071,11410465.0
2026-08-05,20.311040000000002,20.628400000000003,20.2317,20.2317,13995512.0
2026-08-06,20.2317,20.2317,19.835,19.954009999999997,14059796.0
2026-08-07,19.75566,19.91434,19.55731,19.835,24195528.0
2026-08-10,19.91434,20.50939,19.91434,20.50939,17893725.0
2026-08-11,20.54906,20.628400000000003,20.2317,20.2317,9997255.0
2026-08-12,20.271369999999997,20.469720000000002,20.112689999999997,20.39038,7500218.0
2026-08-13,20.430049999999998,20.469720000000002,19.99368,20.112689999999997,13846588.0
2026-08-14,19.91434,20.112689999999997,19.71599,19.91434,13934890.0
2026-08-17,19.75566,19.99368,19.636650000000003,19.636650000000003,12071154.0
2026-08-18,19.636650000000003,19.795330000000003,19.438299999999998,19.75566,18846373.0
2026-08-19,19.67632,19.795330000000003,19.51764,19.71599,9834912.0
2026-08-20,19.75566,19.87467,19.67632,19.75566,10125639.0
2026-08-21,19.75566,20.39038,19.636650000000003,20.39038,13921157.0
2026-08-24,20.70774,21.0251,20.54906,20.90609,19298088.0
2026-08-25,20.866419999999998,21.14411,20.74741,20.94576,16322075.0
2026-08-26,20.82675,21.26312,20.70774,21.22345,16409515.0
2026-08-27,21.18378,21.778830000000003,21.18378,21.73916,29980156.0
2026-08-28,21.50114,22.13586,21.50114,22.05652,28694861.0
2026-09-03,21.73916,21.8185,21.38213,21.38213,21804840.0
2026-09-04,21.38213,22.05652,21.38213,22.05652,21400868.0
2026-09-07,22.13586,22.37388,21.65982,21.65982,14919705.0
2026-09-08,21.65982,21.858169999999998,21.461470000000002,21.73916,13906808.0
2026-09-09,21.69949,21.858169999999998,21.620150000000002,21.73916,11253195.0
2026-09-10,21.65982,21.89784,21.54081,21.8185,13227909.0
2026-09-11,21.778830000000003,21.89784,21.30279,21.38213,21904759.0
2026-09-14,21.38213,21.778830000000003,21.30279,21.580479999999998,25721115.0
2026-09-15,21.73916,22.05652,21.65982,21.93751,22330360.0
2026-09-16,21.93751,21.97718,21.65982,21.89784,17570623.0
2026-09-17,21.69949,22.37388,21.69949,22.37388,31780568.0
2026-09-18,22.45322,23.04827,21.778830000000003,21.778830000000003,49125299.0
2026-09-21,22.09619,22.57223,21.89784,22.57223,33308149.0
2026-09-22,22.49289,22.53256,22.09619,22.2152,16180627.0
2026-09-23,22.09619,22.25487,21.89784,22.05652,26028672.0
2026-09-24,22.25,22.55,22.1,22.1,21342428.0
2026-09-25,22.0,23.6,22.0,23.0,46877134.0
2026-09-28,23.15,23.2,22.45,22.95,20523441.0
2026-09-29,23.0,23.0,22.7,22.95,16599712.0
2026-09-30,22.95,23.4,22.9,23.4,16789255.0
2026-10-01,23.4,23.5,23.25,23.3,11551743.0
2026-10-02,23.2,23.3,22.8,22.9,13941400.0
