,open,high,low,close,volume
2020-05-08,20.73307,20.88046,20.7085,20.806759999999997,1082240.0
2020-05-11,20.7822,20.92959,20.7085,20.83133,654130.0
2020-05-12,20.73307,20.806759999999997,20.61024,20.73307,700730.0
2020-05-13,20.73307,20.90502,20.585669999999997,20.585669999999997,611680.0
2020-05-14,20.65937,20.757630000000002,20.29089,20.48741,473090.0
2020-05-15,20.48741,20.61024,20.46285,20.56111,680660.0
2020-05-18,20.56111,20.83133,20.51198,20.757630000000002,1100000.0
2020-05-19,20.806759999999997,21.027849999999997,20.806759999999997,20.88046,734730.0
2020-05-20,20.88046,20.90502,20.585669999999997,20.83133,908590.0
2020-05-21,20.83133,20.954150000000002,20.73307,20.85589,504800.0
2020-05-22,20.85589,20.978720000000003,20.806759999999997,20.806759999999997,537110.0
2020-05-25,20.806759999999997,20.954150000000002,20.7085,20.73307,729470.0
2020-05-26,20.73307,20.88046,20.6348,20.6348,625150.0
2020-05-27,20.585669999999997,20.585669999999997,20.43828,20.48741,277870.0
2020-05-28,20.1435,21.2735,19.062630000000002,20.68394,733110.0
2020-05-29,20.68394,20.92959,20.68394,20.90502,483780.0
2020-06-01,20.92959,21.10154,20.85589,20.92959,722260.0
2020-06-02,20.92959,20.92959,19.6522,20.1435,941920.0
2020-06-03,20.1435,20.73307,20.1435,20.34002,292910.0
2020-06-04,20.34002,20.585669999999997,19.6522,20.43828,744170.0
2020-06-05,20.38915,20.38915,19.94698,20.29089,597580.0
2020-06-08,20.24176,20.36459,20.0698,20.29089,316130.0
2020-06-09,20.29089,20.43828,19.89785,20.315459999999998,457560.0
2020-06-10,20.315459999999998,20.536540000000002,20.1435,20.38915,593660.0
2020-06-11,20.38915,20.83133,20.38915,20.536540000000002,473370.0
2020-06-12,20.536540000000002,20.585669999999997,20.094369999999998,20.19263,336690.0
2020-06-15,20.19263,20.36459,20.02067,20.217200000000002,267230.0
2020-06-16,20.217200000000002,20.38915,20.11893,20.34002,563520.0
2020-06-17,20.34002,20.6348,20.24176,20.36459,689500.0
2020-06-18,20.36459,20.38915,20.1435,20.29089,366840.0
2020-06-19,20.29089,20.43828,20.217200000000002,20.217200000000002,463470.0
2020-06-22,20.34002,20.38915,20.217200000000002,20.34002,379220.0
2020-06-23,20.585669999999997,20.88046,20.585669999999997,20.6348,1196350.0
2020-06-24,20.6348,20.65937,20.48741,20.6348,578840.0
2020-06-25,20.585669999999997,20.585669999999997,20.46285,20.536540000000002,620870.0
2020-06-26,20.585669999999997,20.83133,20.585669999999997,20.73307,818670.0
2020-06-29,20.6348,20.7822,20.61024,20.68394,486010.0
2020-06-30,20.68394,20.85589,19.25915,20.85589,913190.0
2020-07-01,20.85589,21.027849999999997,19.89785,20.73307,566810.0
2020-07-02,20.73307,20.73307,19.89785,20.16807,461980.0
2020-07-03,20.16807,20.38915,19.79959,20.29089,399720.0
2020-07-06,20.29089,20.38915,19.97154,20.34002,436370.0
2020-07-07,20.34002,20.41372,20.1435,20.38915,509310.0
2020-07-08,20.38915,20.56111,20.217200000000002,20.217200000000002,928290.0
2020-07-09,20.217200000000002,20.38915,20.217200000000002,20.34002,354340.0
2020-07-10,20.34002,20.48741,20.266330000000004,20.29089,321970.0
2020-07-13,20.29089,20.34002,20.16807,20.19263,599800.0
2020-07-14,20.19263,20.24176,20.1435,20.24176,376700.0
2020-07-15,20.24176,20.43828,20.24176,20.41372,351350.0
2020-07-16,20.41372,20.46285,20.315459999999998,20.36459,458780.0
2020-07-17,20.36459,20.48741,20.315459999999998,20.41372,360330.0
2020-07-20,20.41372,20.51198,20.315459999999998,20.46285,537800.0
2020-07-21,20.46285,20.536540000000002,20.36459,20.43828,411860.0
2020-07-22,20.43828,20.48741,20.266330000000004,20.43828,367360.0
2020-07-23,20.43828,20.6348,20.217200000000002,20.536540000000002,586000.0
2020-07-24,20.46285,20.6348,20.38915,20.51198,459480.0
2020-07-27,20.51198,20.51198,20.1435,20.315459999999998,1090540.0
2020-07-28,20.315459999999998,20.6348,20.315459999999998,20.536540000000002,663730.0
2020-07-29,20.56111,20.56111,20.43828,20.48741,934680.0
2020-07-30,20.48741,20.536540000000002,20.48741,20.536540000000002,962120.0
2020-07-31,20.536540000000002,20.61024,20.46285,20.536540000000002,227870.0
2020-08-03,20.536540000000002,20.61024,20.48741,20.56111,478440.0
2020-08-04,20.56111,20.6348,20.48741,20.6348,637160.0
2020-08-05,20.65937,20.757630000000002,20.536540000000002,20.73307,656560.0
2020-08-06,20.73307,20.806759999999997,20.51198,20.757630000000002,572210.0
2020-08-07,20.757630000000002,20.90502,20.585669999999997,20.6348,696570.0
2020-08-10,20.6348,20.83133,20.536540000000002,20.56111,430280.0
2020-08-11,20.56111,20.56111,20.315459999999998,20.34002,695540.0
2020-08-12,20.34002,20.43828,20.217200000000002,20.38915,546000.0
2020-08-13,20.1435,20.48741,20.1435,20.1435,1311480.0
2020-08-14,20.1435,20.315459999999998,19.873279999999998,19.89785,1121010.0
2020-08-17,19.89785,20.1435,19.89785,20.1435,810420.0
2020-08-18,20.1435,20.51198,20.045240000000003,20.51198,1012830.0
2020-08-19,20.48741,20.6348,20.38915,20.56111,564860.0
2020-08-20,20.56111,20.6348,20.536540000000002,20.585669999999997,281810.0
2020-08-21,20.56111,20.61024,20.51198,20.585669999999997,367030.0
2020-08-24,20.585669999999997,20.585669999999997,20.48741,20.536540000000002,438090.0
2020-08-25,20.536540000000002,20.536540000000002,20.41372,20.48741,628220.0
2020-08-26,20.48741,20.51198,20.46285,20.51198,399200.0
2020-08-27,20.51198,20.6348,20.29089,20.536540000000002,874290.0
2020-08-28,20.536540000000002,20.585669999999997,20.43828,20.536540000000002,399610.0
2020-08-31,20.536540000000002,20.7085,20.1435,20.1435,795890.0
2020-09-01,20.1435,20.6348,20.0698,20.1435,427090.0
2020-09-03,20.16807,20.34002,20.1435,20.19263,646670.0
2020-09-04,20.1435,20.24176,20.094369999999998,20.217200000000002,819870.0
2020-09-07,20.217200000000002,20.29089,20.094369999999998,20.24176,454900.0
2020-09-08,20.24176,20.38915,20.19263,20.24176,653580.0
2020-09-09,20.24176,20.266330000000004,20.1435,20.19263,945110.0
2020-09-10,19.99611,20.19263,19.92241,20.11893,844300.0
2020-09-11,19.89785,20.19263,19.89785,20.045240000000003,472710.0
2020-09-14,20.045240000000003,20.094369999999998,19.84872,19.89785,410940.0
2020-09-15,19.89785,20.11893,19.89785,20.02067,516530.0
2020-09-16,20.02067,20.1435,20.02067,20.094369999999998,397250.0
2020-09-17,20.094369999999998,20.217200000000002,20.094369999999998,20.16807,1130860.0
2020-09-18,20.16807,20.29089,20.094369999999998,20.217200000000002,623770.0
2020-09-21,20.24176,20.34002,20.1435,20.24176,417470.0
2020-09-22,20.24176,20.36459,20.1435,20.29089,1510560.0
2020-09-23,20.29089,20.38915,20.217200000000002,20.315459999999998,561470.0
2020-09-24,20.315459999999998,20.34002,20.19263,20.24176,772210.0
2020-09-25,20.24176,20.65937,20.19263,20.536540000000002,331110.0
2020-09-28,20.536540000000002,20.6348,20.36459,20.41372,514390.0
2020-09-29,20.41372,20.43828,20.11893,20.24176,433490.0
2020-09-30,20.217200000000002,20.34002,20.11893,20.24176,548500.0
2020-10-01,20.24176,20.29089,20.11893,20.1435,590540.0
2020-10-02,20.1435,20.24176,20.0698,20.1435,435450.0
2020-10-05,20.1435,20.24176,19.676759999999998,20.1435,1186990.0
2020-10-06,20.1435,20.38915,20.1435,20.315459999999998,711350.0
2020-10-07,20.315459999999998,20.43828,20.19263,20.315459999999998,1152330.0
2020-10-08,20.315459999999998,20.315459999999998,20.1435,20.16807,534960.0
2020-10-09,20.16807,20.38915,19.89785,20.315459999999998,662550.0
2020-10-12,20.315459999999998,20.36459,20.217200000000002,20.315459999999998,1743100.0
2020-10-13,20.315459999999998,20.38915,20.217200000000002,20.315459999999998,1122680.0
2020-10-14,20.315459999999998,20.34002,20.217200000000002,20.29089,1646700.0
2020-10-15,20.29089,20.6348,20.24176,20.38915,1605180.0
2020-10-16,20.38915,20.56111,20.38915,20.43828,1439330.0
2020-10-19,20.43828,20.61024,20.38915,20.51198,1676360.0
2020-10-20,20.51198,20.51198,20.11893,20.36459,1091780.0
2020-10-21,20.36459,20.51198,20.34002,20.41372,1188420.0
2020-10-22,20.36459,20.51198,20.1435,20.38915,2417980.0
2020-10-23,20.38915,20.41372,20.24176,20.266330000000004,1102010.0
2020-10-26,20.266330000000004,20.51198,20.266330000000004,20.481270000000002,555170.0
2020-10-27,20.45057,20.54269,20.45057,20.481270000000002,422100.0
2020-10-28,20.481270000000002,20.481270000000002,20.35845,20.38915,410050.0
2020-10-29,20.38915,20.57339,20.08209,20.41986,623920.0
2020-10-30,20.41986,20.54269,20.41986,20.45057,621730.0
2020-11-02,20.45057,20.54269,20.38915,20.45057,371970.0
2020-11-03,20.481270000000002,20.51198,20.45057,20.45057,533200.0
2020-11-04,20.45057,20.54269,20.327740000000002,20.35845,1095660.0
2020-11-05,20.38915,20.481270000000002,20.266330000000004,20.41986,637530.0
2020-11-06,20.41986,20.51198,20.38915,20.41986,680500.0
2020-11-09,20.41986,20.51198,20.35845,20.41986,876820.0
2020-11-10,20.41986,20.6348,20.41986,20.45057,1214550.0
2020-11-11,20.45057,20.6041,20.41986,20.481270000000002,1102460.0
2020-11-12,20.481270000000002,20.6348,20.41986,20.51198,1071870.0
2020-11-13,20.51198,20.54269,20.35845,20.51198,1042670.0
2020-11-16,20.51198,20.6041,20.327740000000002,20.45057,949210.0
2020-11-17,20.45057,20.45057,20.38915,20.38915,971050.0
2020-11-18,20.38915,20.481270000000002,20.29703,20.327740000000002,1240560.0
2020-11-19,20.327740000000002,20.38915,20.266330000000004,20.38915,1033450.0
2020-11-20,20.38915,20.57339,20.08209,20.41986,1850460.0
2020-11-23,20.41986,20.481270000000002,20.266330000000004,20.38915,1542790.0
2020-11-24,20.38915,20.54269,20.29703,20.38915,1681510.0
2020-11-25,20.38915,20.51198,20.327740000000002,20.35845,1982980.0
2020-11-26,20.35845,20.41986,20.235619999999997,20.41986,1787120.0
2020-11-27,20.41986,20.51198,20.29703,20.41986,1334620.0
2020-11-30,20.41986,20.51198,20.327740000000002,20.327740000000002,1507050.0
2020-12-01,20.327740000000002,20.327740000000002,20.204909999999998,20.29703,1549970.0
2020-12-02,20.29703,20.35845,20.1435,20.35845,1037100.0
2020-12-03,20.35845,20.54269,20.235619999999997,20.35845,1601170.0
2020-12-04,20.35845,20.481270000000002,20.266330000000004,20.327740000000002,1974940.0
2020-12-07,20.327740000000002,20.45057,20.235619999999997,20.35845,1543430.0
2020-12-08,20.35845,20.41986,20.204909999999998,20.41986,1652700.0
2020-12-09,20.41986,20.41986,20.327740000000002,20.41986,468670.0
2020-12-10,20.41986,20.41986,20.35845,20.35845,429920.0
2020-12-11,20.35845,20.38915,20.327740000000002,20.35845,707240.0
2020-12-14,20.327740000000002,20.41986,20.327740000000002,20.35845,484530.0
2020-12-15,20.35845,20.38915,20.266330000000004,20.35845,880760.0
2020-12-16,20.35845,20.41986,20.235619999999997,20.327740000000002,1213170.0
2020-12-17,20.327740000000002,20.41986,20.204909999999998,20.327740000000002,879370.0
2020-12-18,20.327740000000002,20.38915,20.204909999999998,20.35845,1010170.0
2020-12-21,20.35845,20.35845,20.235619999999997,20.35845,688900.0
2020-12-22,20.35845,20.41986,20.17421,20.327740000000002,1538690.0
2020-12-23,20.327740000000002,20.41986,20.266330000000004,20.266330000000004,1605630.0
2020-12-24,20.266330000000004,20.51198,20.1435,20.235619999999997,811150.0
2020-12-25,20.235619999999997,20.35845,20.235619999999997,20.327740000000002,1364470.0
2020-12-28,20.327740000000002,20.481270000000002,20.266330000000004,20.327740000000002,2783190.0
2020-12-29,20.266330000000004,20.38915,20.266330000000004,20.35845,858510.0
2020-12-30,20.35845,20.35845,20.266330000000004,20.327740000000002,2817080.0
2020-12-31,20.327740000000002,20.57339,20.327740000000002,20.481270000000002,782430.0
2021-01-04,20.481270000000002,20.6348,20.45057,20.6348,1160500.0
2021-01-05,20.57339,20.757630000000002,20.57339,20.6348,1425000.0
2021-01-06,20.6348,20.757630000000002,20.54269,20.69622,757100.0
2021-01-07,20.69622,20.78834,20.54269,20.665509999999998,1547500.0
2021-01-08,20.665509999999998,20.665509999999998,20.481270000000002,20.54269,851000.0
2021-01-11,20.54269,20.6041,20.481270000000002,20.54269,1596200.0
2021-01-12,20.54269,20.69622,20.54269,20.69622,1200800.0
2021-01-13,20.6041,20.72692,20.51198,20.69622,1394400.0
2021-01-14,20.69622,22.13943,20.57339,22.13943,3666700.0
2021-01-15,22.722849999999998,23.67475,21.49459,22.90709,3052900.0
2021-01-18,22.87638,23.029919999999997,22.66144,22.87638,2162000.0
2021-01-19,22.722849999999998,22.722849999999998,21.67883,22.29296,1572800.0
2021-01-20,22.26225,22.29296,20.84975,21.49459,2935500.0
2021-01-21,21.49459,22.999209999999998,21.27964,22.60002,3790300.0
2021-01-22,22.722849999999998,22.84568,22.538610000000002,22.722849999999998,1767000.0
2021-01-25,22.722849999999998,23.70546,22.722849999999998,23.36769,1791800.0
2021-01-26,23.36769,23.8897,22.538610000000002,23.029919999999997,1476800.0
2021-01-27,22.90709,23.33698,22.047310000000003,22.07801,2021600.0
2021-01-28,20.941869999999998,21.556,20.54269,20.54269,1811500.0
2021-01-29,20.35845,21.37176,20.35845,21.064700000000002,1405300.0
2021-02-01,21.00328,21.27964,20.54269,20.72692,1608800.0
2021-02-02,20.69622,21.18752,20.69622,21.18752,1721300.0
2021-02-03,21.18752,22.17013,21.18752,21.86307,995300.0
2021-02-04,21.86307,21.955189999999998,21.58671,21.86307,833700.0
2021-02-05,21.86307,22.23155,21.525290000000002,21.525290000000002,1608100.0
2021-02-08,21.525290000000002,21.61741,20.235619999999997,20.57339,964500.0
2021-02-09,20.57339,21.064700000000002,20.54269,20.941869999999998,1839900.0
2021-02-17,21.21823,21.525290000000002,21.00328,21.46388,879700.0
2021-02-18,21.61741,21.709529999999997,21.31035,21.64812,893100.0
2021-02-19,21.61741,21.709529999999997,21.248939999999997,21.49459,997900.0
2021-02-22,21.49459,21.801650000000002,21.31035,21.67883,1441300.0
2021-02-23,21.49459,21.709529999999997,21.248939999999997,21.31035,1403400.0
2021-02-24,21.341060000000002,21.49459,21.033990000000003,21.18752,1163800.0
2021-02-25,21.341060000000002,21.37176,20.88046,21.064700000000002,1253700.0
2021-02-26,21.033990000000003,21.12611,20.757630000000002,21.00328,967900.0
2021-03-01,21.064700000000002,21.556,21.064700000000002,21.525290000000002,716400.0
2021-03-02,21.86307,21.92448,21.40247,21.556,836200.0
2021-03-03,21.556,21.67883,21.43318,21.58671,874400.0
2021-03-04,21.525290000000002,21.801650000000002,21.033990000000003,21.064700000000002,817300.0
2021-03-05,20.941869999999998,21.49459,20.757630000000002,21.49459,1047600.0
2021-03-08,21.67883,21.67883,21.18752,21.49459,1111700.0
2021-03-09,20.941869999999998,22.84568,20.88046,22.722849999999998,2142900.0
2021-03-10,22.75356,23.029919999999997,21.83236,22.60002,2245800.0
2021-03-11,22.66144,22.722849999999998,22.10872,22.35437,1940000.0
2021-03-12,22.29296,22.29296,21.74024,21.77095,1234100.0
2021-03-15,21.74024,21.77095,21.18752,21.18752,641400.0
2021-03-16,21.064700000000002,21.801650000000002,19.77502,21.67883,5219600.0
2021-03-17,21.61741,22.4772,20.88046,22.41579,2030800.0
2021-03-18,22.56932,22.722849999999998,22.20084,22.60002,560300.0
2021-03-19,21.801650000000002,22.10872,21.43318,22.047310000000003,868300.0
2021-03-22,22.047310000000003,22.10872,21.67883,21.801650000000002,620200.0
2021-03-23,21.74024,21.74024,21.064700000000002,21.43318,1521800.0
2021-03-24,21.37176,21.49459,20.88046,21.31035,1078800.0
2021-03-25,21.31035,21.49459,21.18752,21.49459,1175300.0
2021-03-26,21.43318,21.74024,21.0954,21.556,764800.0
2021-03-29,21.58671,21.74024,21.556,21.74024,1057200.0
2021-03-30,21.74024,22.17013,21.709529999999997,22.10872,1118500.0
2021-03-31,22.20084,22.4772,22.10872,22.23155,567800.0
2021-04-01,22.23155,22.84568,22.10872,22.84568,1175300.0
2021-04-02,22.9378,22.9685,22.69214,22.75356,465400.0
2021-04-05,22.9378,22.999209999999998,22.07801,22.60002,1106100.0
2021-04-06,22.56932,22.56932,21.985889999999998,22.13943,718100.0
2021-04-07,22.10872,22.17013,21.801650000000002,22.07801,685600.0
2021-04-08,22.07801,22.29296,21.77095,22.29296,674500.0
2021-04-09,22.29296,22.538610000000002,22.20084,22.4772,780500.0
2021-04-12,22.4772,22.722849999999998,22.4772,22.66144,1093900.0
2021-04-13,22.814970000000002,22.84568,22.35437,22.722849999999998,1240000.0
2021-04-14,22.722849999999998,22.722849999999998,22.29296,22.66144,816700.0
2021-04-15,22.60002,22.87638,22.10872,22.10872,1175000.0
2021-04-16,22.10872,22.41579,21.86307,22.047310000000003,1637700.0
2021-04-19,22.047310000000003,22.66144,22.047310000000003,22.66144,1864500.0
2021-04-20,22.69214,22.84568,22.41579,22.60002,1420600.0
2021-04-22,22.4772,22.60002,21.61741,21.61741,809300.0
2021-04-23,21.801650000000002,22.4772,21.61741,22.23155,687500.0
2021-04-26,22.23155,22.44649,22.016599999999997,22.29296,1484500.0
2021-04-27,22.29296,22.35437,22.17013,22.32367,1328900.0
2021-04-28,22.32367,22.41579,22.17013,22.35437,1851400.0
2021-04-29,22.35437,22.44649,22.23155,22.32367,975600.0
2021-05-04,21.92448,22.17013,20.88046,22.10872,2363900.0
2021-05-05,22.20084,22.41579,21.985889999999998,22.10872,1251600.0
2021-05-06,22.10872,22.10872,21.341060000000002,21.49459,1889800.0
2021-05-07,21.43318,21.801650000000002,21.064700000000002,21.248939999999997,1638500.0
2021-05-10,21.18752,21.248939999999997,20.88046,21.21823,1499200.0
2021-05-11,21.21823,21.40247,21.00328,21.00328,922100.0
2021-05-12,21.00328,21.67883,20.88046,20.88046,1132200.0
2021-05-13,20.91116,21.00328,20.78834,20.88046,550000.0
2021-05-14,20.88046,21.37176,20.78834,20.88046,1086400.0
2021-05-17,20.88046,21.033990000000003,20.45057,20.81904,1305800.0
2021-05-18,20.81904,21.248939999999997,20.757630000000002,21.12611,949400.0
2021-05-19,21.12611,21.43318,21.0954,21.31035,766500.0
2021-05-20,21.31035,21.43318,20.88046,21.248939999999997,1162800.0
2021-05-21,21.248939999999997,21.37176,20.88046,21.064700000000002,1780800.0
2021-05-24,21.064700000000002,21.18752,20.81904,21.0954,1072900.0
2021-05-25,20.941869999999998,21.27964,20.88046,20.88046,798400.0
2021-05-26,20.88046,21.033990000000003,20.78834,20.88046,839000.0
2021-05-27,20.88046,21.00328,20.81904,20.88046,1564200.0
2021-05-28,20.88046,20.97258,20.757630000000002,20.91116,734600.0
2021-05-31,20.91116,20.91116,20.69622,20.81904,1247800.0
2021-06-01,20.81904,20.97258,20.665509999999998,20.665509999999998,598100.0
2021-06-02,20.665509999999998,20.91116,20.665509999999998,20.88046,1562400.0
2021-06-03,20.97258,21.12611,20.757630000000002,20.91116,1071400.0
2021-06-04,20.941869999999998,20.941869999999998,20.84975,20.91116,1114100.0
2021-06-07,20.91116,21.00328,20.81904,20.81904,1017900.0
2021-06-08,20.81904,20.91116,20.757630000000002,20.84975,1267800.0
2021-06-09,20.81904,20.88046,20.757630000000002,20.81904,1346100.0
2021-06-10,20.84975,20.88046,20.757630000000002,20.84975,2131600.0
2021-06-11,20.84975,20.88046,20.81904,20.84975,1346000.0
2021-06-14,20.91116,21.12611,20.81904,21.0954,1058900.0
2021-06-15,21.12611,21.43318,21.0954,21.37176,347900.0
2021-06-16,21.37176,22.047310000000003,21.37176,21.92448,450400.0
2021-06-17,21.89377,21.985889999999998,21.77095,21.92448,538200.0
2021-06-18,21.92448,22.10872,21.77095,21.83236,519500.0
2021-06-21,21.86307,21.985889999999998,21.74024,21.92448,508800.0
2021-06-22,21.92448,22.016599999999997,21.18752,21.77095,785400.0
2021-06-23,21.77095,21.801650000000002,21.40247,21.61741,1097500.0
2021-06-24,21.67883,21.74024,21.49459,21.61741,732200.0
2021-06-25,21.61741,21.801650000000002,21.341060000000002,21.525290000000002,832100.0
2021-06-28,21.49459,21.58671,21.341060000000002,21.556,556700.0
2021-06-29,21.58671,22.10872,21.525290000000002,21.92448,1323800.0
2021-06-30,21.985889999999998,22.047310000000003,21.556,21.955189999999998,1458100.0
2021-07-01,21.955189999999998,22.10872,21.92448,21.985889999999998,652900.0
2021-07-02,22.016599999999997,22.016599999999997,21.61741,21.709529999999997,756800.0
2021-07-05,21.709529999999997,21.92448,21.46388,21.74024,1135500.0
2021-07-06,21.74024,21.83236,21.49459,21.58671,469900.0
2021-07-07,21.61741,21.709529999999997,21.40247,21.49459,1111400.0
2021-07-08,21.556,21.556,21.40247,21.525290000000002,1001000.0
2021-07-09,21.525290000000002,21.525290000000002,21.248939999999997,21.341060000000002,1083800.0
2021-07-12,21.37176,21.43318,20.88046,21.248939999999997,1178000.0
2021-07-13,21.248939999999997,21.556,21.248939999999997,21.49459,1208200.0
2021-07-14,21.556,21.89377,21.556,21.801650000000002,1500000.0
2021-07-15,21.801650000000002,21.86307,21.49459,21.61741,1124300.0
2021-07-16,21.61741,21.64812,21.556,21.58671,448100.0
2021-07-19,21.556,21.556,21.18752,21.31035,981400.0
2021-07-20,21.31035,21.31035,21.12611,21.15682,802500.0
2021-07-21,21.15682,21.37176,21.033990000000003,21.248939999999997,1189400.0
2021-07-22,21.21823,22.10872,21.00328,22.10872,1105900.0
2021-07-23,22.047310000000003,22.41579,21.31035,22.07801,1237200.0
2021-07-26,22.10872,22.4772,22.016599999999997,22.41579,521000.0
2021-07-27,22.41579,22.69214,22.10872,22.10872,773800.0
2021-07-28,22.10872,22.17013,21.92448,21.92448,682700.0
2021-07-29,21.985889999999998,22.41579,21.61741,22.41579,367800.0
2021-07-30,22.4772,23.98182,21.985889999999998,23.98182,1236900.0
2021-08-02,23.98182,24.288880000000002,23.98182,24.104650000000003,1319700.0
2021-08-03,23.766869999999997,24.62666,23.766869999999997,24.50383,903600.0
2021-08-04,24.53454,24.68807,24.41171,24.565240000000003,1044100.0
2021-08-05,24.62666,25.179380000000002,24.50383,24.872310000000002,625000.0
2021-08-06,24.872310000000002,25.179380000000002,24.65736,24.8109,898600.0
2021-08-09,24.780189999999997,25.24079,24.565240000000003,25.24079,838100.0
2021-08-10,25.27149,25.36361,25.179380000000002,25.33291,720800.0
2021-08-11,25.33291,25.42503,25.179380000000002,25.179380000000002,636800.0
2021-08-12,25.179380000000002,25.578560000000003,25.056549999999998,25.486439999999998,696900.0
2021-08-13,25.486439999999998,25.793509999999998,25.33291,25.793509999999998,665000.0
2021-08-16,25.82421,26.03916,25.609270000000002,25.70139,809300.0
2021-08-17,25.70139,25.793509999999998,25.27149,25.27149,635800.0
2021-08-18,25.24079,25.42503,25.14867,25.42503,535000.0
2021-08-19,25.42503,25.793509999999998,25.11796,25.793509999999998,579800.0
2021-08-20,25.793509999999998,25.85492,25.609270000000002,25.609270000000002,539100.0
2021-08-23,25.63997,25.67068,24.872310000000002,25.486439999999998,895100.0
2021-08-24,25.486439999999998,25.67068,24.565240000000003,25.67068,1521600.0
2021-08-25,25.63997,25.793509999999998,24.872310000000002,25.793509999999998,708800.0
2021-08-26,25.793509999999998,26.28481,25.486439999999998,25.486439999999998,679200.0
2021-08-27,25.42503,25.609270000000002,25.056549999999998,25.609270000000002,1266500.0
2021-08-30,25.63997,25.85492,25.609270000000002,25.82421,803200.0
2021-08-31,25.82421,26.069869999999998,25.73209,25.793509999999998,789600.0
2021-09-01,25.85492,26.16198,24.71878,25.67068,1153200.0
2021-09-06,25.70139,26.10057,25.609270000000002,25.916330000000002,1015200.0
2021-09-07,25.916330000000002,26.03916,24.872310000000002,24.872310000000002,1097400.0
2021-09-08,24.780189999999997,25.793509999999998,24.62666,25.67068,1081000.0
2021-09-09,25.67068,25.885630000000003,25.486439999999998,25.82421,598100.0
2021-09-10,25.82421,26.254099999999998,25.793509999999998,25.97775,849100.0
2021-09-13,26.00845,26.13128,25.02584,25.179380000000002,845100.0
2021-09-14,25.179380000000002,25.24079,24.381,24.381,1014600.0
2021-09-15,24.44242,24.93372,24.44242,24.90302,1095500.0
2021-09-16,24.90302,25.056549999999998,24.565240000000003,24.68807,669400.0
2021-09-17,24.68807,25.547849999999997,24.65736,25.486439999999998,996000.0
2021-09-20,25.486439999999998,26.10057,24.8109,24.872310000000002,1449900.0
2021-09-21,24.872310000000002,25.24079,24.8109,25.179380000000002,933700.0
2021-09-22,25.24079,25.67068,25.056549999999998,25.609270000000002,729100.0
2021-09-23,25.609270000000002,25.67068,25.179380000000002,25.63997,836100.0
2021-09-24,25.67068,25.885630000000003,25.63997,25.7628,862200.0
2021-09-27,25.793509999999998,25.916330000000002,25.67068,25.7628,1345900.0
2021-09-28,25.7628,26.10057,25.73209,26.10057,608300.0
2021-09-29,26.10057,26.28481,25.67068,25.793509999999998,470600.0
2021-09-30,25.793509999999998,26.28481,25.486439999999998,26.10057,1578100.0
2021-10-01,26.10057,26.7147,26.10057,26.28481,472600.0
2021-10-04,26.346220000000002,26.7147,26.10057,26.346220000000002,515100.0
2021-10-05,26.40764,26.653290000000002,26.346220000000002,26.59188,546200.0
2021-10-06,26.530459999999998,26.684,26.40764,26.684,682400.0
2021-10-07,26.7147,26.89894,26.684,26.684,517000.0
2021-10-08,26.684,26.96036,26.530459999999998,26.7147,743000.0
2021-10-11,26.7147,26.89894,26.59188,26.837529999999997,866700.0
2021-10-12,26.837529999999997,27.02177,26.46905,26.96036,940100.0
2021-10-13,26.86824,27.02177,26.40764,26.40764,594900.0
2021-10-14,26.40764,27.267419999999998,26.40764,27.20601,726500.0
2021-10-15,27.20601,27.45166,27.20601,27.267419999999998,504100.0
2021-10-18,27.267419999999998,27.29813,27.02177,27.29813,854300.0
2021-10-19,27.29813,27.45166,27.02177,27.02177,772500.0
2021-10-20,27.02177,27.14459,26.40764,26.40764,450800.0
2021-10-21,26.46905,26.59188,26.28481,26.346220000000002,604800.0
2021-10-22,26.346220000000002,26.77612,26.2234,26.46905,771200.0
2021-10-25,26.46905,26.653290000000002,26.40764,26.530459999999998,676000.0
2021-10-26,26.46905,26.530459999999998,26.28481,26.49976,634800.0
2021-10-27,26.49976,26.96036,26.40764,26.89894,599400.0
2021-10-28,26.89894,27.57449,26.89894,27.45166,537500.0
2021-10-29,27.45166,27.635900000000003,27.02177,27.39025,601800.0
2021-11-01,27.39025,27.39025,26.530459999999998,26.530459999999998,739400.0
2021-11-02,26.530459999999998,28.00438,26.40764,27.69731,632300.0
2021-11-03,27.69731,28.311439999999997,27.14459,27.14459,654900.0
2021-11-04,27.14459,29.017689999999998,27.02177,29.017689999999998,934800.0
2021-11-05,30.092419999999997,31.01362,30.03101,30.645139999999998,1355100.0
2021-11-08,30.890790000000003,31.44351,30.70655,30.82938,794700.0
2021-11-09,30.767970000000002,31.93482,29.601119999999998,31.93482,878600.0
2021-11-10,31.99623,32.119060000000005,31.075029999999998,31.93482,775500.0
2021-11-11,31.91914,34.11464,31.91914,32.831120000000006,943700.0
2021-11-12,32.49335,34.11464,31.750259999999997,34.11464,950400.0
2021-11-15,34.24975,34.45241,32.831120000000006,34.11464,1114300.0
2021-11-16,34.11464,34.11464,32.831120000000006,33.10133999999999,542900.0
2021-11-17,33.10133999999999,34.182199999999995,33.10133999999999,34.182199999999995,520500.0
2021-11-18,34.182199999999995,35.465720000000005,33.97953,35.12795,526800.0
2021-11-19,35.1955,35.80348,33.57421,35.80348,658400.0
2021-11-22,35.60082,35.73593,34.79018,35.12795,698200.0
2021-11-23,35.1955,35.87104,34.45241,35.60082,813000.0
2021-11-24,35.66838,35.87104,34.65507,35.33061,335300.0
2021-11-25,34.79018,35.33061,34.722629999999995,35.12795,897200.0
2021-11-26,35.06039,35.80348,34.992839999999994,34.992839999999994,612600.0
2021-11-29,34.11464,35.80348,34.11464,35.1955,776400.0
2021-11-30,35.1955,36.14125,34.65507,36.14125,1480300.0
2021-12-01,36.073699999999995,37.28967,36.073699999999995,36.20881,874100.0
2021-12-02,36.276360000000004,37.15456,36.14125,36.47902,712600.0
2021-12-03,36.54658,36.614129999999996,35.398160000000004,36.073699999999995,355500.0
2021-12-06,35.66838,35.87104,34.182199999999995,35.12795,605100.0
2021-12-07,35.33061,36.47902,34.38486,36.47902,890900.0
2021-12-08,36.54658,37.22211,36.41147,36.614129999999996,609500.0
2021-12-09,36.81679,37.15456,36.276360000000004,36.68168,739400.0
2021-12-10,36.74924,36.81679,36.47902,36.81679,470100.0
2021-12-13,37.69499,39.38383,37.62744,38.8434,1219900.0
2021-12-14,39.18117,39.24873,38.30297,38.77585,1084900.0
2021-12-15,38.77585,39.24873,37.15456,38.43808,1172800.0
2021-12-16,38.50563,38.77585,36.47902,38.16787,1139600.0
2021-12-17,38.23542,38.64074,36.00615,36.00615,1550900.0
2021-12-20,36.00615,36.54658,35.66838,36.276360000000004,1033000.0
2021-12-21,36.276360000000004,36.81679,34.45241,36.74924,1250200.0
2021-12-22,37.01945,37.89765,37.01945,37.28967,863000.0
2021-12-23,37.35722,37.49233,36.073699999999995,36.47902,966300.0
2021-12-24,37.28967,37.8301,36.14125,36.81679,1149100.0
2021-12-27,36.884339999999995,37.01945,36.20881,36.884339999999995,1289700.0
2021-12-28,36.9519,37.22211,35.80348,37.01945,1560100.0
2021-12-29,37.08701,37.35722,35.80348,36.68168,1328600.0
2021-12-30,36.81679,37.15456,36.41147,37.01945,1209600.0
2021-12-31,37.08701,37.35722,36.34391,37.08701,1315900.0
2022-01-04,37.08701,37.89765,36.9519,37.8301,1378700.0
2022-01-05,37.76254,40.464690000000004,37.55988,39.04606,1556600.0
2022-01-06,39.51894,40.262029999999996,39.451389999999996,40.05937,1254000.0
2022-01-07,40.05937,40.802459999999996,39.18117,40.66735,1369300.0
2022-01-10,40.734910000000006,41.20778,39.451389999999996,39.85671,1217100.0
2022-01-11,38.910959999999996,41.34289,38.23542,39.24873,1512600.0
2022-01-12,38.50563,39.24873,38.16787,39.24873,1351700.0
2022-01-13,39.24873,39.51894,38.43808,39.31628,1383200.0
2022-01-14,38.97851,40.53225,38.37053,39.924260000000004,1431400.0
2022-01-17,39.99182,40.39714,38.77585,39.113620000000004,1257400.0
2022-01-18,39.04606,40.05937,38.77585,39.31628,1476000.0
2022-01-19,39.24873,39.78916,38.8434,39.58649,1073600.0
2022-01-20,39.58649,40.262029999999996,39.38383,40.262029999999996,1279800.0
2022-01-21,40.329589999999996,41.005120000000005,40.262029999999996,40.53225,1219000.0
2022-01-24,40.5998,40.87002,39.451389999999996,39.85671,1366200.0
2022-01-25,39.85671,40.262029999999996,39.58649,39.99182,1314900.0
2022-01-26,40.262029999999996,40.53225,39.51894,40.39714,1116300.0
2022-01-27,40.464690000000004,40.464690000000004,39.451389999999996,39.721599999999995,1405800.0
2022-01-28,39.721599999999995,40.194480000000006,39.31628,39.924260000000004,1210700.0
2022-02-07,39.99182,41.61311,39.924260000000004,40.734910000000006,1550200.0
2022-02-08,40.87002,41.27534,40.262029999999996,41.07268,1548100.0
2022-02-09,41.14023,41.95088,41.005120000000005,41.478,1607000.0
2022-02-10,41.478,41.545550000000006,41.07268,41.14023,1608300.0
2022-02-11,41.07268,41.27534,40.66735,41.07268,1694100.0
2022-02-14,40.93757,41.545550000000006,40.262029999999996,40.802459999999996,1631400.0
2022-02-15,40.262029999999996,41.88332,40.262029999999996,41.545550000000006,1987300.0
2022-02-16,41.74821,42.01843,41.478,41.478,1479900.0
2022-02-17,41.545550000000006,41.88332,41.14023,41.61311,1514400.0
2022-02-18,41.20778,41.95088,41.14023,41.81576999999999,1630900.0
2022-02-21,42.55886,43.639720000000004,42.49131,43.16683999999999,1626900.0
2022-02-22,43.16683999999999,43.16683999999999,42.15354,43.03174,1510900.0
2022-02-23,42.96418,43.3695,42.356199999999994,43.09929,1576800.0
2022-02-24,43.09929,43.437059999999995,41.88332,42.96418,1713300.0
2022-02-25,43.2344,44.247699999999995,42.896629999999995,43.707269999999994,1934300.0
2022-02-28,43.77483,44.51792,43.77483,43.90993,1483500.0
2022-03-01,43.977489999999996,44.45036,43.90993,43.90993,1666200.0
2022-03-02,44.1126,44.31526,43.03174,43.30195,1738500.0
2022-03-03,43.30195,43.84238,42.82907,43.77483,1292800.0
2022-03-04,43.77483,44.38281,43.09929,43.977489999999996,1395600.0
2022-03-07,44.04504,44.247699999999995,43.16683999999999,43.30195,1292600.0
2022-03-08,43.30195,43.3695,42.22109,42.82907,1210800.0
2022-03-09,42.82907,43.2344,41.81576999999999,43.09929,1494600.0
2022-03-10,42.896629999999995,43.30195,41.81576999999999,42.96418,1155000.0
2022-03-11,42.76152,42.82907,42.15354,42.49131,1485500.0
2022-03-14,42.49131,42.49131,40.53225,41.68066,1128200.0
2022-03-15,41.61311,42.01843,40.87002,42.01843,1819200.0
2022-03-16,42.01843,42.28864,40.53225,41.88332,1867200.0
2022-03-17,41.81576999999999,42.55886,41.34289,41.545550000000006,1210400.0
2022-03-18,41.61311,42.22109,40.66735,40.66735,1338900.0
2022-03-21,40.66735,42.55886,40.66735,41.545550000000006,1261300.0
2022-03-22,41.61311,42.55886,41.545550000000006,41.68066,1021400.0
2022-03-23,41.68066,42.62641000000001,41.61311,42.55886,1703300.0
2022-03-24,42.55886,43.437059999999995,42.15354,42.69397,1366700.0
2022-03-25,42.76152,43.30195,42.42375,42.96418,1226100.0
2022-03-28,42.82907,43.03174,41.61311,41.88332,1474000.0
2022-03-29,42.085980000000006,42.42375,41.81576999999999,41.81576999999999,1172500.0
2022-03-30,41.34289,42.62641000000001,41.07268,41.545550000000006,1256700.0
2022-03-31,41.61311,42.22109,41.20778,41.34289,1432400.0
2022-04-01,41.20778,42.62641000000001,41.005120000000005,42.356199999999994,1174500.0
2022-04-04,42.42375,42.896629999999995,41.81576999999999,42.01843,1073500.0
2022-04-05,42.01843,42.55886,41.545550000000006,41.74821,994200.0
2022-04-06,41.68066,42.62641000000001,41.545550000000006,42.55886,1149400.0
2022-04-07,42.55886,42.55886,41.20778,41.88332,989700.0
2022-04-08,41.95088,41.95088,40.802459999999996,40.802459999999996,1005500.0
2022-04-12,40.802459999999996,40.87002,38.910959999999996,39.51894,983000.0
2022-04-13,39.58649,42.22109,38.7083,41.20778,1245400.0
2022-04-14,41.61311,41.74821,41.14023,41.14023,976200.0
2022-04-15,41.27534,41.41045,40.87002,40.87002,1109300.0
2022-04-18,40.93757,41.20778,40.53225,41.005120000000005,1400200.0
2022-04-19,41.005120000000005,41.545550000000006,40.194480000000006,40.53225,1147100.0
2022-04-20,40.262029999999996,41.20778,39.85671,39.99182,1439300.0
2022-04-21,39.924260000000004,40.262029999999996,39.654050000000005,40.12692,945300.0
2022-04-22,39.85671,40.53225,39.51894,39.99182,829600.0
2022-04-25,39.85671,40.05937,38.37053,39.18117,1004600.0
2022-04-26,38.50563,39.654050000000005,38.37053,39.51894,854200.0
2022-04-27,39.451389999999996,40.53225,38.30297,40.53225,1074100.0
2022-04-28,40.464690000000004,41.34289,39.85671,41.20778,1238500.0
2022-04-29,41.14023,41.88332,41.07268,41.34289,1288100.0
2022-05-04,41.20778,41.27534,41.07268,41.07268,1168100.0
2022-05-05,41.14023,41.88332,40.53225,41.81576999999999,1244000.0
2022-05-06,41.74821,41.74821,40.87002,40.87002,1037900.0
2022-05-09,40.87002,40.87002,39.721599999999995,40.194480000000006,959400.0
2022-05-10,39.924260000000004,40.464690000000004,39.721599999999995,40.464690000000004,1176500.0
2022-05-11,40.53225,40.802459999999996,40.194480000000006,40.464690000000004,1253500.0
2022-05-12,40.87002,40.87002,39.99182,40.194480000000006,1028500.0
2022-05-13,40.262029999999996,40.262029999999996,39.113620000000004,39.78916,1140700.0
2022-05-16,39.85671,40.262029999999996,39.654050000000005,39.78916,1369300.0
2022-05-17,40.05937,41.20778,39.654050000000005,41.20778,1389900.0
2022-05-18,41.545550000000006,41.74821,40.53225,40.53225,1090400.0
2022-05-19,40.53225,40.87002,39.85671,40.53225,1315500.0
2022-05-20,40.53225,40.734910000000006,39.85671,39.924260000000004,1103800.0
2022-05-23,39.51894,40.39714,39.51894,39.78916,1550100.0
2022-05-24,39.78916,39.924260000000004,38.8434,38.8434,1034300.0
2022-05-25,39.04606,41.545550000000006,38.7083,41.41045,1429400.0
2022-05-26,41.41045,41.74821,41.34289,41.478,1337600.0
2022-05-27,41.61311,42.01843,41.20778,41.20778,1729600.0
2022-05-30,41.27534,41.95088,41.20778,41.545550000000006,1186200.0
2022-05-31,41.61311,41.61311,41.20778,41.545550000000006,1415500.0
2022-06-01,41.20778,43.2344,41.20778,42.55886,1376800.0
2022-06-02,42.62641000000001,42.896629999999995,42.15354,42.356199999999994,1263100.0
2022-06-03,42.356199999999994,42.42375,41.88332,42.085980000000006,1076600.0
2022-06-06,41.88332,42.62641000000001,41.545550000000006,41.545550000000006,1176600.0
2022-06-07,41.61311,41.88332,40.464690000000004,40.93757,883300.0
2022-06-08,41.005120000000005,42.01843,40.53225,41.88332,1009100.0
2022-06-09,41.95088,42.356199999999994,41.34289,41.34289,1176200.0
2022-06-10,41.27534,41.88332,41.20778,41.27534,1306900.0
2022-06-13,41.07268,41.14023,40.53225,41.07268,965000.0
2022-06-14,41.14023,41.95088,40.93757,41.34289,800200.0
2022-06-15,41.34289,41.74821,40.87002,41.005120000000005,911800.0
2022-06-16,41.20778,41.95088,41.20778,41.74821,795200.0
2022-06-17,41.74821,41.74821,41.005120000000005,41.07268,1064600.0
2022-06-20,41.07268,41.68066,40.39714,40.93757,1020000.0
2022-06-21,40.93757,41.61311,40.39714,41.20778,1216500.0
2022-06-22,41.20778,43.16683999999999,40.93757,43.16683999999999,690700.0
2022-06-23,43.16683999999999,43.57217,42.42375,42.42375,715900.0
2022-06-24,42.42375,43.16683999999999,42.356199999999994,42.69397,678000.0
2022-06-27,42.69397,43.16683999999999,42.42375,42.96418,1011600.0
2022-06-28,42.62641000000001,43.30195,41.88332,43.16683999999999,1080200.0
2022-06-29,43.09929,43.57217,42.55886,43.2344,1192900.0
2022-06-30,43.2344,43.57217,42.49131,42.55886,1420000.0
2022-07-01,42.49131,42.49131,41.95088,42.085980000000006,1291300.0
2022-07-04,42.085980000000006,42.15354,41.545550000000006,41.68066,1314400.0
2022-07-05,41.68066,42.085980000000006,41.20778,41.68066,930200.0
2022-07-06,41.61311,42.55886,41.20778,41.478,1281800.0
2022-07-07,41.41045,41.68066,41.20778,41.61311,1189200.0
2022-07-08,41.478,42.76152,41.41045,42.085980000000006,982000.0
2022-07-11,42.15354,42.15354,41.74821,42.01843,896200.0
2022-07-12,42.01843,42.22109,41.61311,41.81576999999999,1027600.0
2022-07-13,41.88332,42.49131,41.478,41.88332,987700.0
2022-07-14,41.88332,42.49131,41.68066,42.15354,1283100.0
2022-07-15,42.15354,42.76152,42.15354,42.42375,1369400.0
2022-07-18,42.42375,43.2344,42.22109,42.82907,993900.0
2022-07-19,42.82907,43.2344,42.15354,42.49131,887300.0
2022-07-20,42.49131,43.2344,42.49131,43.2344,902400.0
2022-07-21,43.2344,43.639720000000004,42.49131,42.896629999999995,889300.0
2022-07-22,42.896629999999995,43.03174,42.22109,42.69397,1071200.0
2022-07-25,42.82907,43.2344,42.49131,42.82907,1304200.0
2022-07-26,42.76152,43.03174,42.42375,42.49131,931700.0
2022-07-27,42.42375,42.55886,42.22109,42.28864,866300.0
2022-07-28,42.22109,42.49131,41.81576999999999,42.356199999999994,1063300.0
2022-07-29,42.356199999999994,42.62641000000001,41.81576999999999,41.88332,1100700.0
2022-08-01,41.88332,44.247699999999995,41.81576999999999,44.247699999999995,1454300.0
2022-08-02,44.247699999999995,44.58547,43.90993,44.38281,1181900.0
2022-08-03,44.38281,44.65303,44.1126,44.38281,1325600.0
2022-08-04,44.38281,44.65303,43.84238,44.247699999999995,1112800.0
2022-08-05,44.247699999999995,44.31526,43.707269999999994,44.180150000000005,1053100.0
2022-08-08,44.04504,44.1126,43.707269999999994,43.707269999999994,947000.0
2022-08-09,43.707269999999994,44.04504,43.3695,43.977489999999996,1574200.0
2022-08-10,43.90993,44.85569,43.77483,44.247699999999995,1213600.0
2022-08-11,44.31526,44.65303,43.977489999999996,44.1126,1044300.0
2022-08-12,43.57217,44.180150000000005,43.437059999999995,43.90993,1140000.0
2022-08-15,43.977489999999996,44.247699999999995,43.84238,44.247699999999995,1242000.0
2022-08-16,44.31526,44.58547,44.04504,44.38281,779500.0
2022-08-17,44.38281,44.65303,44.31526,44.58547,825200.0
2022-08-18,44.51792,45.19346,44.38281,44.92324,990300.0
2022-08-19,44.990790000000004,45.39612,44.72058,44.788129999999995,707900.0
2022-08-22,44.788129999999995,45.26101,44.180150000000005,44.51792,840900.0
2022-08-23,44.51792,44.65303,44.04504,44.04504,621800.0
2022-08-24,44.04504,44.45036,43.90993,44.1126,907200.0
2022-08-25,44.1126,44.38281,43.77483,43.77483,899400.0
2022-08-26,43.50461,44.45036,43.2344,44.38281,823900.0
2022-08-29,43.2344,43.90993,43.2344,43.90993,723600.0
2022-08-30,43.84238,44.92324,43.84238,44.247699999999995,891500.0
2022-08-31,44.04504,44.51792,43.84238,44.247699999999995,727900.0
2022-09-05,44.31526,44.72058,44.1126,44.31526,743800.0
2022-09-06,44.31526,44.92324,44.247699999999995,44.31526,897900.0
2022-09-07,44.31526,44.990790000000004,43.2344,43.2344,702300.0
2022-09-08,42.72732,44.80795,42.65301,44.73364,1107700.0
2022-09-09,44.80795,45.32811,44.73364,45.10518,817400.0
2022-09-12,44.95657,45.40242,44.659330000000004,45.32811,1101482.0
2022-09-13,45.625339999999994,45.69965,45.17949,45.17949,795869.0
2022-09-14,44.73364,44.80795,43.84194,44.51072,1131847.0
2022-09-15,44.585029999999996,45.253800000000005,44.3621,44.51072,833334.0
2022-09-16,44.585029999999996,45.253800000000005,44.213480000000004,45.253800000000005,1189992.0
2022-09-19,44.73364,44.88226,43.84194,44.3621,1449771.0
2022-09-20,44.3621,44.73364,44.213480000000004,44.585029999999996,825800.0
2022-09-21,44.585029999999996,44.659330000000004,43.91625,44.659330000000004,983600.0
2022-09-22,44.213480000000004,45.32811,43.91625,45.32811,1089223.0
2022-09-23,45.32811,45.55103,45.030879999999996,45.10518,852417.0
2022-09-26,44.28779,44.585029999999996,43.396089999999994,44.585029999999996,876015.0
2022-09-27,44.585029999999996,44.73364,43.76763,44.06487,1067327.0
2022-09-28,44.13918,45.32811,43.84194,44.659330000000004,1451331.0
2022-09-29,44.659330000000004,44.95657,44.213480000000004,44.51072,868300.0
2022-09-30,44.51072,44.585029999999996,43.76763,44.51072,1042800.0
2022-10-03,44.51072,44.585029999999996,43.91625,44.06487,832363.0
2022-10-04,44.213480000000004,44.51072,43.84194,44.13918,1048344.0
2022-10-05,43.84194,44.659330000000004,43.84194,44.585029999999996,864600.0
2022-10-06,44.585029999999996,44.585029999999996,44.06487,44.3621,1233600.0
2022-10-07,44.3621,44.43641,43.69333,44.28779,1036400.0
2022-10-10,44.213480000000004,44.3621,43.990559999999995,44.28779,988331.0
2022-10-11,44.28779,44.28779,43.32178,44.06487,1208304.0
2022-10-12,43.990559999999995,44.659330000000004,43.84194,44.585029999999996,802600.0
2022-10-13,44.659330000000004,44.659330000000004,43.91625,44.51072,891401.0
2022-10-14,44.51072,44.73364,44.51072,44.73364,817644.0
2022-10-17,44.80795,44.88226,44.51072,44.585029999999996,886100.0
2022-10-18,44.73364,44.80795,44.43641,44.43641,789211.0
2022-10-19,44.43641,44.43641,44.06487,44.213480000000004,905302.0
2022-10-20,44.213480000000004,44.3621,43.84194,44.06487,809700.0
2022-10-21,44.06487,44.213480000000004,43.396089999999994,43.396089999999994,729300.0
2022-10-24,43.396089999999994,43.61902,43.09886,43.17317,719813.0
2022-10-25,43.17317,43.84194,43.024550000000005,43.09886,1656090.0
2022-10-26,43.09886,43.32178,42.28147,42.65301,1367237.0
2022-10-27,42.65301,43.17317,42.5787,43.024550000000005,1400042.0
2022-10-28,43.09886,43.61902,42.72732,43.61902,1037099.0
2022-10-31,43.84194,43.91625,43.024550000000005,43.09886,1231073.0
2022-11-01,43.4704,43.84194,43.09886,43.396089999999994,2132168.0
2022-11-02,43.396089999999994,43.84194,43.32178,43.4704,732950.0
2022-11-03,43.396089999999994,43.4704,43.24748,43.4704,1453430.0
2022-11-04,43.17317,43.32178,42.95024,43.09886,1116600.0
2022-11-07,43.09886,43.24748,42.80162,42.95024,840412.0
2022-11-08,42.80162,42.87593,42.35577,42.72732,761542.0
2022-11-09,42.72732,42.87593,42.05854,42.72732,1029333.0
2022-11-10,42.65301,42.72732,41.241150000000005,41.984230000000004,902513.0
2022-11-11,41.984230000000004,42.35577,41.53838,42.35577,780034.0
2022-11-14,41.984230000000004,42.28147,41.38977,42.28147,550996.0
2022-11-15,42.20716,42.430080000000004,41.61269,42.20716,542100.0
2022-11-16,42.20716,42.28147,39.309129999999996,39.309129999999996,227505.0
2022-11-17,39.309129999999996,41.835620000000006,39.309129999999996,41.835620000000006,294800.0
2022-11-18,42.35577,42.87593,40.94392,42.28147,904302.0
2022-11-21,42.05854,42.05854,40.94392,41.01822,361785.0
2022-11-22,43.09886,43.09886,38.71466,38.71466,5257.0
2022-11-23,39.23482,40.72099,38.78897,40.72099,396837.0
2022-11-24,40.72099,41.09253,40.42376,41.09253,272729.0
2022-11-25,41.09253,42.35577,40.72099,42.35577,429269.0
2022-11-28,42.50439,43.24748,42.35577,43.09886,348000.0
2022-11-29,43.09886,43.84194,43.09886,43.61902,529801.0
2022-11-30,43.61902,45.32811,43.54471,45.32811,355451.0
2022-12-01,45.40242,45.47673,45.17949,45.253800000000005,951310.0
2022-12-02,45.10518,45.10518,44.43641,44.585029999999996,462367.0
2022-12-05,44.51072,44.659330000000004,41.687,44.51072,570387.0
2022-12-06,44.51072,44.659330000000004,43.91625,43.91625,681352.0
2022-12-07,43.84194,44.213480000000004,43.76763,43.990559999999995,417710.0
2022-12-08,44.06487,44.28779,43.76763,43.76763,519400.0
2022-12-09,43.76763,43.91625,43.54471,43.54471,304100.0
2022-12-12,43.54471,43.91625,43.32178,43.32178,1186638.0
2022-12-13,43.32178,43.4704,43.024550000000005,43.17317,743200.0
2022-12-14,43.17317,43.24748,43.024550000000005,43.09886,347919.0
2022-12-15,43.17317,43.32178,43.09886,43.17317,426100.0
2022-12-16,43.17317,43.396089999999994,41.761309999999995,41.761309999999995,993700.0
2022-12-19,42.35577,42.50439,41.61269,41.761309999999995,617301.0
2022-12-20,41.761309999999995,41.90992,41.61269,41.761309999999995,731115.0
2022-12-21,41.835620000000006,41.835620000000006,41.61269,41.761309999999995,517355.0
2022-12-22,41.761309999999995,41.835620000000006,41.61269,41.687,430444.0
2022-12-23,41.38977,41.687,41.38977,41.53838,540444.0
2022-12-26,41.241150000000005,41.46407,41.241150000000005,41.38977,483800.0
2022-12-27,41.46407,41.46407,41.31546,41.31546,450260.0
2022-12-28,41.31546,41.46407,41.09253,41.09253,535205.0
2022-12-29,41.16683999999999,41.16683999999999,40.72099,40.94392,512518.0
2022-12-30,40.72099,40.72099,39.45775,39.97791,496360.0
2023-01-03,39.9036,40.34945,39.9036,40.20083,312843.0
2023-01-04,40.20083,40.20083,38.343120000000006,39.75498,376400.0
2023-01-05,39.75498,39.75498,39.16051,39.68067,263330.0
2023-01-06,39.60636,39.75498,39.45775,39.68067,426622.0
2023-01-09,39.68067,39.82929,39.60636,39.68067,532847.0
2023-01-10,39.75498,39.75498,39.38344,39.60636,755880.0
2023-01-11,39.60636,39.9036,39.532059999999994,39.75498,623562.0
2023-01-12,39.75498,39.9036,39.532059999999994,39.68067,747134.0
2023-01-13,39.60636,39.75498,39.45775,39.532059999999994,438662.0
2023-01-16,39.60636,39.60636,39.309129999999996,39.38344,417800.0
2023-01-17,39.45775,39.75498,39.23482,39.38344,734122.0
2023-01-18,39.68067,39.68067,39.16051,39.309129999999996,619008.0
2023-01-19,39.16051,39.38344,39.16051,39.38344,688607.0
2023-01-27,39.309129999999996,39.60636,39.23482,39.532059999999994,513825.0
2023-01-30,39.532059999999994,39.532059999999994,39.309129999999996,39.38344,677535.0
2023-01-31,39.16051,39.45775,39.08621,39.45775,1086603.0
2023-02-01,39.45775,39.532059999999994,39.16051,39.23482,273100.0
2023-02-02,39.309129999999996,39.38344,39.16051,39.38344,812068.0
2023-02-03,39.38344,39.38344,39.23482,39.23482,731342.0
2023-02-06,39.16051,39.309129999999996,39.011900000000004,39.08621,707300.0
2023-02-07,39.08621,39.16051,38.78897,38.93758999999999,462568.0
2023-02-08,39.011900000000004,39.08621,38.71466,39.08621,484610.0
2023-02-09,38.93758999999999,39.16051,38.863279999999996,38.863279999999996,409710.0
2023-02-10,38.863279999999996,39.38344,38.863279999999996,39.38344,462300.0
2023-02-13,39.45775,39.45775,39.011900000000004,39.16051,594005.0
2023-02-14,39.16051,39.16051,38.71466,38.93758999999999,595112.0
2023-02-15,38.93758999999999,38.93758999999999,38.71466,38.93758999999999,582940.0
2023-02-16,38.938230000000004,39.013980000000004,38.55945,38.938230000000004,501228.0
2023-02-17,38.86247,39.08974,38.78672,39.08974,626200.0
2023-02-20,39.08974,39.16549,38.938230000000004,39.013980000000004,620390.0
2023-02-21,39.08974,39.16549,38.86247,39.16549,625468.0
2023-02-22,39.16549,39.24125,38.938230000000004,39.16549,677057.0
2023-02-23,39.08974,39.16549,38.78672,38.86247,478336.0
2023-02-24,38.86247,38.86247,38.6352,38.71096,757105.0
2023-02-27,38.55945,38.71096,38.48369,38.48369,744000.0
2023-02-28,38.33218,38.6352,38.33218,38.6352,563228.0
2023-03-01,38.71096,38.938230000000004,38.40794,38.938230000000004,465216.0
2023-03-02,38.938230000000004,39.08974,38.6352,39.08974,515654.0
2023-03-03,39.013980000000004,41.58966,38.938230000000004,38.938230000000004,533550.0
2023-03-06,38.938230000000004,39.16549,38.86247,39.08974,415646.0
2023-03-07,38.86247,39.24125,38.86247,39.08974,530666.0
2023-03-08,39.013980000000004,39.08974,38.86247,38.86247,756800.0
2023-03-09,38.938230000000004,39.013980000000004,38.78672,39.013980000000004,597400.0
2023-03-10,39.013980000000004,39.08974,38.78672,38.938230000000004,516891.0
2023-03-13,38.86247,39.08974,38.71096,39.08974,914200.0
2023-03-14,38.86247,39.08974,38.78672,39.08974,474801.0
2023-03-15,39.013980000000004,39.9988,38.78672,39.84729,588206.0
2023-03-16,39.92304,39.92304,39.54427,39.69578,481600.0
2023-03-17,39.9988,42.34721,39.9988,42.34721,1253531.0
2023-03-20,42.195699999999995,42.34721,41.96844,42.04419,519356.0
2023-03-21,41.96844,42.195699999999995,41.81693,42.04419,594620.0
2023-03-22,41.96844,42.04419,41.66542,41.66542,779500.0
2023-03-23,41.66542,41.81693,41.43815,41.66542,701969.0
2023-03-24,41.74117,41.96844,41.66542,41.89268,418912.0
2023-03-27,41.96844,42.04419,41.81693,42.04419,529886.0
2023-03-28,42.04419,42.195699999999995,41.96844,42.195699999999995,651400.0
2023-03-29,42.42297,42.42297,42.119949999999996,42.195699999999995,554944.0
2023-03-30,42.27146,42.27146,41.89268,42.27146,685104.0
2023-03-31,42.195699999999995,42.34721,42.04419,42.34721,656600.0
2023-04-03,42.42297,42.65024,42.27146,42.57448,556700.0
2023-04-04,42.65024,42.65024,42.195699999999995,42.49872,498402.0
2023-04-05,42.49872,42.725989999999996,42.34721,42.34721,774891.0
2023-04-06,42.34721,42.57448,41.74117,41.89268,509249.0
2023-04-07,41.51391,41.74117,41.51391,41.66542,489000.0
2023-04-10,41.58966,41.81693,41.43815,41.43815,414402.0
2023-04-11,41.3624,41.43815,41.210879999999996,41.3624,555903.0
2023-04-12,41.3624,41.51391,41.210879999999996,41.51391,589689.0
2023-04-13,41.58966,41.58966,41.28664,41.43815,706206.0
2023-04-14,41.58966,41.66542,41.3624,41.3624,564102.0
2023-04-17,41.3624,41.43815,41.28664,41.3624,603100.0
2023-04-18,41.28664,41.51391,41.28664,41.51391,566607.0
2023-04-19,41.58966,41.66542,41.28664,41.28664,473203.0
2023-04-20,41.13513,41.3624,41.13513,41.3624,484600.0
2023-04-21,41.3624,41.43815,41.05937,41.05937,704710.0
2023-04-24,41.28664,41.28664,40.6806,40.90786,524500.0
2023-04-25,40.90786,40.98362,39.9988,40.52909,586845.0
2023-04-26,40.52909,40.6806,39.62002,39.62002,652500.0
2023-04-27,39.69578,39.69578,38.86247,39.24125,491617.0
2023-04-28,39.24125,39.39276,38.938230000000004,39.317,670920.0
2023-05-04,39.39276,39.46851,38.938230000000004,39.24125,769721.0
2023-05-05,39.24125,39.317,39.08974,39.24125,737070.0
2023-05-08,39.39276,39.9988,39.317,39.9988,582900.0
2023-05-09,39.9988,40.07456,39.54427,39.84729,839204.0
2023-05-10,40.07456,40.07456,39.77153,39.84729,479501.0
2023-05-11,39.9988,40.15031,39.77153,40.15031,680680.0
2023-05-12,40.30182,40.30182,40.07456,40.30182,548178.0
2023-05-15,40.45333,40.52909,40.30182,40.30182,881803.0
2023-05-16,40.30182,40.37758,40.07456,40.22607,636161.0
2023-05-17,40.15031,40.22607,39.9988,40.07456,613000.0
2023-05-18,39.77153,40.30182,39.77153,40.30182,621526.0
2023-05-19,40.22607,40.75635,40.07456,40.75635,640200.0
2023-05-22,40.83211,40.90786,40.75635,40.90786,692303.0
2023-05-23,40.75635,40.83211,40.6806,40.83211,426601.0
2023-05-24,40.83211,40.90786,40.604839999999996,40.6806,497700.0
2023-05-25,40.6806,40.75635,40.604839999999996,40.6806,965376.0
2023-05-26,40.6806,40.83211,40.52909,40.604839999999996,1155905.0
2023-05-29,40.6806,40.90786,40.604839999999996,40.90786,1037844.0
2023-05-30,40.90786,41.13513,40.75635,40.75635,549700.0
2023-05-31,40.75635,40.90786,40.45333,40.90786,754777.0
2023-06-01,40.90786,40.98362,39.92304,40.52909,672900.0
2023-06-02,40.52909,40.75635,40.37758,40.75635,692881.0
2023-06-05,40.75635,41.05937,40.37758,40.37758,715517.0
2023-06-06,40.37758,40.90786,39.9988,40.90786,684067.0
2023-06-07,40.98362,41.51391,40.83211,41.51391,588120.0
2023-06-08,41.43815,41.66542,41.28664,41.58966,696100.0
2023-06-09,41.58966,41.74117,41.210879999999996,41.210879999999996,677440.0
2023-06-12,41.210879999999996,41.28664,41.05937,41.05937,551000.0
2023-06-13,41.05937,41.13513,40.90786,41.13513,490300.0
2023-06-14,40.98362,41.13513,40.83211,40.83211,524314.0
2023-06-15,40.52909,40.6806,40.37758,40.604839999999996,492801.0
2023-06-16,40.52909,40.6806,39.77153,39.77153,884102.0
2023-06-19,39.77153,39.77153,39.24125,39.317,594744.0
2023-06-20,39.24125,39.39276,38.938230000000004,39.39276,674318.0
2023-06-21,39.39276,39.62002,39.16549,39.62002,1065163.0
2023-06-22,39.69578,39.84729,39.54427,39.69578,550884.0
2023-06-23,39.69578,39.77153,39.24125,39.39276,797206.0
2023-06-26,39.24125,39.39276,39.16549,39.39276,678201.0
2023-06-27,39.39276,39.54427,39.24125,39.24125,599413.0
2023-06-28,39.317,39.317,39.08974,39.317,756384.0
2023-06-29,39.317,39.46851,39.08974,39.08974,1088614.0
2023-06-30,38.86247,39.16549,38.86247,39.16549,689900.0
2023-07-03,39.24125,39.317,39.16549,39.317,942000.0
2023-07-04,39.317,39.39276,39.24125,39.39276,650500.0
2023-07-05,39.39276,39.46851,39.317,39.46851,796606.0
2023-07-06,39.39276,39.46851,39.16549,39.24125,654839.0
2023-07-07,39.24125,39.24125,39.013980000000004,39.08974,654916.0
2023-07-10,38.71096,40.15031,38.6352,40.15031,804013.0
2023-07-11,40.07456,40.30182,39.9988,40.22607,485501.0
2023-07-12,40.30182,40.45333,39.9988,40.07456,559311.0
2023-07-13,40.15031,40.22607,39.9988,39.9988,619601.0
2023-07-14,39.9988,40.37758,39.9988,40.22607,963102.0
2023-07-17,40.30182,40.45333,40.22607,40.37758,853541.0
2023-07-18,40.45333,40.45333,40.30182,40.37758,602504.0
2023-07-19,40.37758,40.45333,40.07456,40.37758,608038.0
2023-07-20,40.37758,40.45333,40.22607,40.37758,668100.0
2023-07-21,40.37758,40.83211,40.22607,40.83211,686400.0
2023-07-24,40.83211,41.13513,40.75635,41.05937,551435.0
2023-07-25,41.210879999999996,41.28664,40.90786,41.05937,707501.0
2023-07-26,41.05937,41.28664,40.75635,41.28664,705711.0
2023-07-27,40.98362,41.58966,40.90786,41.58966,880602.0
2023-07-28,41.51391,41.81693,41.43815,41.74117,742800.0
2023-07-31,41.66542,41.89268,41.210879999999996,41.74117,867410.0
2023-08-01,41.74117,41.89268,41.51391,41.51391,678100.0
2023-08-02,41.51391,41.51391,41.13513,41.13513,526120.0
2023-08-03,41.13513,41.210879999999996,40.98362,41.05937,655100.0
2023-08-04,40.98362,41.51391,40.98362,41.3624,662800.0
2023-08-07,41.210879999999996,41.51391,41.13513,41.43815,787401.0
2023-08-08,41.51391,41.51391,41.13513,41.210879999999996,896000.0
2023-08-09,41.13513,41.28664,40.90786,40.90786,916901.0
2023-08-10,41.05937,41.13513,40.15031,40.30182,792943.0
2023-08-11,40.30182,40.37758,39.77153,39.77153,732414.0
2023-08-14,39.62002,39.92304,39.39276,39.77153,759407.0
2023-08-15,39.62002,39.84729,39.24125,39.24125,1005844.0
2023-08-16,39.24125,39.39276,39.013980000000004,39.317,773299.0
2023-08-17,39.317,39.39276,38.71096,38.78672,744221.0
2023-08-18,38.78672,38.86247,37.8019,38.6352,817505.0
2023-08-21,38.55945,39.46851,38.48369,39.39276,638658.0
2023-08-22,39.46851,39.46851,38.938230000000004,39.46851,693800.0
2023-08-23,39.46851,39.9988,39.46851,39.9988,671803.0
2023-08-24,40.07456,40.75635,39.84729,40.6806,870201.0
2023-08-25,40.6806,40.75635,40.52909,40.6806,793600.0
2023-08-28,40.6806,40.90786,40.45333,40.90786,855202.0
2023-08-29,40.90786,40.90786,39.9988,40.52909,1183210.0
2023-08-30,40.52909,40.83211,40.45333,40.75635,813901.0
2023-08-31,40.83211,40.98362,38.938230000000004,38.938230000000004,747105.0
2023-09-05,39.92304,40.22607,39.317,39.46851,690006.0
2023-09-06,40.15031,40.22607,39.39276,39.62002,675239.0
2023-09-07,39.08974,39.62002,39.013980000000004,39.24125,886800.0
2023-09-08,39.24125,39.39276,39.08974,39.39276,861700.0
2023-09-11,39.62002,39.69578,38.71096,39.013980000000004,685127.0
2023-09-12,39.013980000000004,39.39276,38.86247,39.24125,853000.0
2023-09-13,39.24125,39.46851,39.08974,39.08974,776801.0
2023-09-14,39.16549,39.46851,38.6352,38.71096,847200.0
2023-09-15,38.71096,38.86247,38.40794,38.86247,710661.0
2023-09-18,38.78672,39.013980000000004,38.55945,39.013980000000004,825092.0
2023-09-19,39.013980000000004,39.24125,39.013980000000004,39.16549,1059921.0
2023-09-20,39.16549,39.39276,39.013980000000004,39.39276,970390.0
2023-09-21,39.46851,39.62002,39.317,39.54427,919005.0
2023-09-22,39.46851,39.9988,39.013980000000004,39.77153,956200.0
2023-09-25,39.69578,39.84729,39.317,39.39276,909185.0
2023-09-26,39.317,39.92304,39.24125,39.77153,877643.0
2023-09-27,39.77153,40.15031,39.69578,40.15031,1092558.0
2023-09-28,40.15031,40.30182,39.84729,39.9988,834463.0
2023-09-29,39.9988,40.15031,39.9988,40.15031,996301.0
2023-10-02,40.52909,40.90786,40.15031,40.22607,763413.0
2023-10-03,40.22607,40.22607,39.24125,39.24125,749102.0
2023-10-04,39.013980000000004,39.84729,38.6352,39.77153,912277.0
2023-10-05,39.77153,39.84729,39.62002,39.69578,890314.0
2023-10-06,39.84729,40.15031,39.62002,39.84729,804801.0
2023-10-09,39.77153,39.9988,39.69578,39.84729,870000.0
2023-10-10,39.62002,40.37758,39.46851,40.07456,907701.0
2023-10-11,40.15031,40.90786,40.07456,40.83211,963000.0
2023-10-12,40.83211,41.3624,40.83211,41.28664,927000.0
2023-10-13,41.28664,41.28664,40.604839999999996,40.90786,959700.0
2023-10-16,40.75635,40.83211,40.22607,40.37758,1039210.0
2023-10-17,40.45333,40.52909,40.07456,40.07456,603600.0
2023-10-18,39.84729,40.07456,39.69578,39.84729,793323.0
2023-10-19,39.92304,39.92304,39.69578,39.69578,1027800.0
2023-10-20,39.69578,40.604839999999996,39.62002,40.604839999999996,781300.0
2023-10-23,40.604839999999996,40.6806,39.77153,40.15031,916801.0
2023-10-24,40.07456,40.604839999999996,39.9988,40.52909,899600.0
2023-10-25,40.604839999999996,40.75635,40.52909,40.6806,692000.0
2023-10-26,40.6806,40.75635,40.07456,40.07456,833001.0
2023-10-27,40.07456,40.37758,39.77153,40.30182,812700.0
2023-10-30,40.30182,40.30182,40.15031,40.15031,931700.0
2023-10-31,40.22607,40.30182,39.9988,39.9988,536200.0
2023-11-01,40.07456,40.6806,39.77153,40.6806,659600.0
2023-11-02,40.75635,41.74117,40.6806,41.66542,871240.0
2023-11-03,41.81693,42.04419,41.51391,41.66542,775600.0
2023-11-06,41.74117,41.81693,39.46851,40.98362,1159825.0
2023-11-07,41.05937,41.05937,40.83211,40.90786,908100.0
2023-11-08,40.90786,41.66542,40.604839999999996,41.66542,1000258.0
2023-11-09,41.74117,42.42297,41.58966,42.42297,1130727.0
2023-11-10,42.49872,43.180519999999994,42.195699999999995,42.95326,1192505.0
2023-11-13,42.80175,42.95326,42.725989999999996,42.725989999999996,1053601.0
2023-11-14,42.725989999999996,42.80175,42.57448,42.80175,1141800.0
2023-11-15,43.104769999999995,43.40779,42.95326,43.02901,849313.0
2023-11-16,43.02901,43.02901,42.80175,42.80175,1225535.0
2023-11-17,42.57448,42.725989999999996,42.04419,42.04419,1132502.0
2023-11-20,41.96844,42.04419,41.58966,41.66542,727100.0
2023-11-21,41.66542,42.119949999999996,41.28664,42.04419,895001.0
2023-11-22,42.04419,42.65024,41.89268,41.96844,761901.0
2023-11-23,41.96844,42.49872,41.51391,41.51391,977600.0
2023-11-24,41.43815,41.66542,40.90786,41.66542,1288522.0
2023-11-27,41.58966,41.81693,41.51391,41.74117,840547.0
2023-11-28,41.66542,41.66542,41.43815,41.66542,1080200.0
2023-11-29,41.66542,41.89268,41.51391,41.81693,1054601.0
2023-11-30,41.81693,41.89268,41.66542,41.74117,790600.0
2023-12-01,41.3624,41.81693,41.3624,41.81693,1075501.0
2023-12-04,41.74117,42.42297,41.66542,42.42297,1141201.0
2023-12-05,42.42297,42.49872,41.66542,41.81693,905230.0
2023-12-06,41.81693,41.96844,41.210879999999996,41.96844,1089411.0
2023-12-07,41.96844,42.119949999999996,41.51391,42.04419,959810.0
2023-12-08,42.04419,42.27146,42.04419,42.195699999999995,751905.0
2023-12-11,42.195699999999995,42.49872,42.04419,42.195699999999995,953170.0
2023-12-12,42.119949999999996,42.27146,41.89268,41.89268,944500.0
2023-12-13,41.96844,42.65024,41.81693,41.96844,1248719.0
2023-12-14,41.89268,42.27146,41.51391,41.66542,965500.0
2023-12-15,41.51391,41.66542,41.28664,41.28664,1473900.0
2023-12-18,41.13513,41.28664,40.75635,40.90786,992402.0
2023-12-19,40.90786,41.05937,40.75635,41.05937,1034403.0
2023-12-20,41.05937,41.96844,40.90786,41.28664,938026.0
2023-12-21,41.3624,41.3624,40.6806,41.28664,1164310.0
2023-12-22,41.210879999999996,41.3624,40.52909,41.28664,962021.0
2023-12-25,41.28664,41.74117,41.13513,41.74117,1481300.0
2023-12-26,41.74117,42.195699999999995,41.66542,41.74117,1760101.0
2023-12-27,41.74117,41.81693,41.58966,41.66542,1130200.0
2023-12-28,41.66542,41.74117,41.51391,41.51391,1009604.0
2023-12-29,41.28664,41.66542,41.28664,41.66542,953513.0
2024-01-02,41.66542,41.81693,41.3624,41.3624,1013800.0
2024-01-03,41.28664,41.74117,40.75635,41.74117,1096002.0
2024-01-04,41.66542,41.74117,41.13513,41.210879999999996,1384712.0
2024-01-05,41.210879999999996,41.210879999999996,40.83211,40.98362,1182524.0
2024-01-08,40.75635,41.13513,40.75635,41.13513,1197301.0
2024-01-09,40.98362,41.74117,40.75635,41.28664,955638.0
2024-01-10,41.28664,41.66542,41.13513,41.51391,972200.0
2024-01-11,41.74117,41.74117,41.43815,41.66542,1054807.0
2024-01-12,41.66542,41.66542,41.58966,41.66542,1005313.0
2024-01-15,41.89268,41.96844,41.74117,41.96844,830610.0
2024-01-16,42.04419,42.119949999999996,41.81693,42.119949999999996,680835.0
2024-01-17,42.119949999999996,42.42297,42.04419,42.27146,844851.0
2024-01-18,42.27146,42.65024,42.119949999999996,42.57448,807100.0
2024-01-19,42.49872,42.65024,42.34721,42.34721,795600.0
2024-01-22,42.34721,42.42297,42.195699999999995,42.27146,783700.0
2024-01-23,42.27146,42.34721,42.04419,42.119949999999996,746500.0
2024-01-24,41.96844,42.119949999999996,41.81693,41.81693,738000.0
2024-01-25,41.58966,41.81693,41.58966,41.74117,838700.0
2024-01-26,41.74117,41.89268,41.43815,41.89268,863031.0
2024-01-29,42.04419,42.195699999999995,41.89268,42.119949999999996,910050.0
2024-01-30,42.195699999999995,42.34721,41.96844,41.96844,886234.0
2024-01-31,42.119949999999996,42.27146,41.74117,41.81693,776232.0
2024-02-01,41.81693,42.57448,41.81693,42.57448,928490.0
2024-02-02,42.65024,44.77138,42.65024,44.16533999999999,1368194.0
2024-02-05,44.089589999999994,44.316849999999995,44.01383,44.241099999999996,1105400.0
2024-02-06,44.16533999999999,44.241099999999996,43.86232,43.93808,828300.0
2024-02-07,43.93808,44.089589999999994,43.104769999999995,43.104769999999995,1026050.0
2024-02-15,43.180519999999994,43.710809999999995,42.80175,43.5593,965533.0
2024-02-16,43.78657,43.86232,43.63505,43.86232,883317.0
2024-02-19,43.93808,46.134980000000006,43.86232,45.07441,1130275.0
2024-02-20,45.07441,45.37743,44.92289,45.30167,730027.0
2024-02-21,45.225919999999995,45.528940000000006,44.998650000000005,45.15016000000001,766107.0
2024-02-22,45.07441,45.528940000000006,44.92289,45.07441,704354.0
2024-02-23,45.07441,45.07441,44.16533999999999,44.16533999999999,930436.0
2024-02-26,44.16533999999999,44.241099999999996,43.93808,44.01383,759800.0
2024-02-27,44.01383,44.998650000000005,43.86232,44.847139999999996,919805.0
2024-02-28,44.998650000000005,45.15016000000001,43.710809999999995,44.316849999999995,1512800.0
2024-02-29,44.39261,44.92289,43.93808,43.93808,1039940.0
2024-03-01,43.86232,44.316849999999995,43.78657,43.86232,892800.0
2024-03-04,43.86232,44.316849999999995,43.104769999999995,44.241099999999996,999662.0
2024-03-05,44.16533999999999,44.241099999999996,44.01383,44.241099999999996,792715.0
2024-03-06,44.316849999999995,44.316849999999995,42.80175,43.25628,912400.0
2024-03-07,43.332029999999996,44.16533999999999,43.02901,43.5593,785428.0
2024-03-08,43.5593,44.39261,42.65024,43.332029999999996,1173542.0
2024-03-11,43.25628,43.63505,42.80175,43.48354,1174190.0
2024-03-12,43.710809999999995,44.16533999999999,42.65024,44.089589999999994,1411119.0
2024-03-13,44.089589999999994,44.468360000000004,44.01383,44.316849999999995,1120479.0
2024-03-14,44.316849999999995,44.77138,44.01383,44.01383,1207313.0
2024-03-15,43.93808,44.316849999999995,43.104769999999995,44.316849999999995,1219521.0
2024-03-18,44.39261,44.54412,43.180519999999994,44.241099999999996,1211602.0
2024-03-19,44.241099999999996,44.468360000000004,43.78657,43.78657,1066902.0
2024-03-20,43.78657,44.695629999999994,43.180519999999994,44.619870000000006,1202808.0
2024-03-21,44.619870000000006,45.225919999999995,44.54412,45.07441,1134101.0
2024-03-22,44.998650000000005,45.37743,44.92289,45.07441,1315001.0
2024-03-25,44.998650000000005,45.45318,44.695629999999994,44.695629999999994,780216.0
2024-03-26,44.54412,44.92289,44.468360000000004,44.77138,1274002.0
2024-03-27,44.695629999999994,45.225919999999995,44.16533999999999,45.15016000000001,1216721.0
2024-03-28,45.07441,45.604690000000005,44.695629999999994,44.695629999999994,821001.0
2024-03-29,44.468360000000004,44.619870000000006,44.241099999999996,44.241099999999996,940214.0
2024-04-01,44.241099999999996,44.316849999999995,43.93808,44.089589999999994,985100.0
2024-04-02,44.01383,44.39261,43.710809999999995,44.39261,1119484.0
2024-04-03,44.468360000000004,44.847139999999996,43.86232,44.316849999999995,862375.0
2024-04-04,44.39261,44.468360000000004,43.40779,43.5593,1384954.0
2024-04-05,43.5593,43.93808,43.02901,43.02901,1012333.0
2024-04-08,43.02901,43.5593,42.80175,43.02901,1097472.0
2024-04-09,43.180519999999994,43.5593,42.95326,43.332029999999996,1123600.0
2024-04-10,43.332029999999996,44.01383,42.8775,43.332029999999996,735210.0
2024-04-11,43.104769999999995,43.332029999999996,42.725989999999996,43.332029999999996,971749.0
2024-04-12,43.332029999999996,43.63505,43.25628,43.5593,1032900.0
2024-04-15,43.63505,43.63505,42.34721,42.34721,962200.0
2024-04-16,42.119949999999996,42.34721,41.96844,42.195699999999995,899349.0
2024-04-17,42.27146,42.65024,42.04419,42.65024,723220.0
2024-04-19,42.65024,42.80175,42.195699999999995,42.65024,764097.0
2024-04-22,42.65024,43.25628,42.57448,42.8775,940156.0
2024-04-23,42.95326,43.332029999999996,42.49872,43.25628,967906.0
2024-04-24,43.104769999999995,44.316849999999995,43.02901,44.316849999999995,1229013.0
2024-04-25,44.39261,44.54412,44.089589999999994,44.468360000000004,1179020.0
2024-04-26,44.39261,44.77138,44.316849999999995,44.695629999999994,1162058.0
2024-05-02,44.77138,44.77138,44.241099999999996,44.316849999999995,881002.0
2024-05-03,44.316849999999995,44.39261,44.241099999999996,44.241099999999996,1366662.0
2024-05-06,44.01383,44.695629999999994,43.93808,44.695629999999994,1218344.0
2024-05-07,44.847139999999996,44.847139999999996,44.16533999999999,44.847139999999996,1520300.0
2024-05-08,44.847139999999996,44.92289,44.241099999999996,44.316849999999995,1276805.0
2024-05-09,44.316849999999995,44.39261,43.710809999999995,44.316849999999995,1016700.0
2024-05-10,44.316849999999995,44.316849999999995,43.86232,43.93808,1294101.0
2024-05-13,43.93808,44.089589999999994,43.710809999999995,43.710809999999995,1282157.0
2024-05-14,43.48354,43.710809999999995,43.40779,43.5593,1211401.0
2024-05-15,43.48354,44.39261,43.48354,44.316849999999995,1170000.0
2024-05-16,44.316849999999995,44.998650000000005,44.316849999999995,44.998650000000005,1348300.0
2024-05-17,45.15016000000001,45.15016000000001,44.695629999999994,44.847139999999996,1266604.0
2024-05-20,44.847139999999996,44.998650000000005,44.77138,44.998650000000005,1244642.0
2024-05-21,44.847139999999996,44.847139999999996,44.619870000000006,44.695629999999994,1069203.0
2024-05-22,44.695629999999994,44.695629999999994,44.39261,44.468360000000004,1112503.0
2024-05-23,44.16533999999999,44.468360000000004,44.16533999999999,44.316849999999995,1213700.0
2024-05-24,44.316849999999995,44.316849999999995,43.93808,44.089589999999994,1226303.0
2024-05-27,44.01383,44.16533999999999,43.93808,44.16533999999999,1187357.0
2024-05-28,44.089589999999994,44.54412,43.93808,44.54412,1417211.0
2024-05-29,44.54412,44.619870000000006,44.54412,44.619870000000006,1241300.0
2024-05-30,44.54412,44.77138,44.241099999999996,44.77138,1295700.0
2024-05-31,44.847139999999996,45.07441,44.77138,45.07441,1183309.0
2024-06-03,45.30167,46.36225,44.998650000000005,45.604690000000005,1882260.0
2024-06-04,45.604690000000005,45.7562,45.45318,45.604690000000005,1181758.0
2024-06-05,45.68045,45.83196,45.225919999999995,45.225919999999995,1255601.0
2024-06-06,45.30167,45.30167,44.695629999999994,44.695629999999994,1180511.0
2024-06-07,44.695629999999994,44.77138,44.468360000000004,44.468360000000004,998153.0
2024-06-10,44.468360000000004,44.468360000000004,43.710809999999995,44.316849999999995,1081828.0
2024-06-11,44.316849999999995,44.39261,43.48354,43.48354,972012.0
2024-06-12,43.5593,44.16533999999999,43.180519999999994,43.86232,1118407.0
2024-06-13,43.86232,44.316849999999995,43.78657,44.316849999999995,979200.0
2024-06-14,44.316849999999995,44.54412,43.5593,43.5593,1194158.0
2024-06-17,43.5593,43.710809999999995,43.332029999999996,43.40779,1170480.0
2024-06-18,43.40779,43.86232,42.95326,43.5593,1135230.0
2024-06-19,43.63505,43.63505,43.02901,43.48354,1214500.0
2024-06-20,43.48354,44.01383,42.95326,43.48354,1198013.0
2024-06-21,43.5593,43.93808,43.02901,43.48354,1430800.0
2024-06-24,43.78657,43.93808,43.180519999999994,43.332029999999996,839000.0
2024-06-25,43.40779,43.78657,43.180519999999994,43.710809999999995,1144829.0
2024-06-26,43.78657,44.39261,43.710809999999995,44.316849999999995,843689.0
2024-06-27,44.241099999999996,44.241099999999996,43.93808,44.01383,1077002.0
2024-06-28,44.316849999999995,44.468360000000004,44.089589999999994,44.16533999999999,1240107.0
2024-07-01,44.16533999999999,44.847139999999996,44.01383,44.695629999999994,1475313.0
2024-07-02,44.619870000000006,45.37743,44.54412,45.30167,1490831.0
2024-07-03,45.30167,45.528940000000006,45.225919999999995,45.45318,1140697.0
2024-07-04,45.528940000000006,46.96829,45.30167,46.513760000000005,2086322.0
2024-07-05,46.513760000000005,46.66527,46.36225,46.589510000000004,1063671.0
2024-07-08,46.66527,46.66527,46.36225,46.589510000000004,1098532.0
2024-07-09,46.438,46.81678,46.210730000000005,46.74102,1264000.0
2024-07-10,46.66527,46.66527,45.7562,45.83196,1476801.0
2024-07-11,45.983470000000004,46.134980000000006,45.83196,45.983470000000004,1405173.0
2024-07-12,46.210730000000005,46.210730000000005,45.90771,45.983470000000004,1341341.0
2024-07-15,45.90771,46.05922,45.83196,46.05922,1261506.0
2024-07-16,46.05922,46.210730000000005,45.983470000000004,46.05922,1086983.0
2024-07-17,46.134980000000006,46.210730000000005,45.83196,45.90771,1207400.0
2024-07-18,45.90771,46.589510000000004,45.7562,46.438,1283920.0
2024-07-19,46.589510000000004,46.74102,46.438,46.66527,1064180.0
2024-07-22,46.74102,48.48339,46.589510000000004,48.48339,1346835.0
2024-07-23,48.710660000000004,50.75605,48.48339,50.75605,1665694.0
2024-07-24,53.63475,53.93778,50.83181,53.02871,1651245.0
2024-07-25,53.00053,53.091440000000006,52.09143,52.45507,1510985.0
2024-07-26,52.364160000000005,52.45507,51.545970000000004,52.364160000000005,1526002.0
2024-07-29,52.09143,53.00053,51.8187,52.909620000000004,1578050.0
2024-07-30,52.909620000000004,53.36417,52.54598,53.18235,1309934.0
2024-07-31,53.27326,54.091449999999995,52.909620000000004,53.18235,1485669.0
2024-08-01,53.18235,53.18235,51.72779,52.27325,1185781.0
2024-08-02,52.364160000000005,52.7278,51.8187,52.45507,1362800.0
2024-08-05,52.09143,52.09143,51.000510000000006,51.09142,833113.0
2024-08-06,50.727779999999996,51.09142,50.36414,50.9096,1111611.0
2024-08-07,51.000510000000006,51.545970000000004,50.63687,51.455059999999996,920727.0
2024-08-08,50.63687,50.9096,50.45505,50.54596,1069111.0
2024-08-09,50.0005,51.455059999999996,50.0005,51.36415,1281902.0
2024-08-12,51.36415,52.000519999999995,51.09142,51.8187,1087815.0
2024-08-13,51.8187,52.27325,51.545970000000004,52.000519999999995,1178719.0
2024-08-14,51.90961,52.7278,51.72779,52.364160000000005,985520.0
2024-08-15,52.7278,52.909620000000004,52.09143,52.364160000000005,847502.0
2024-08-16,52.54598,53.00053,52.45507,52.7278,1001612.0
2024-08-19,53.18235,53.18235,52.182339999999996,52.182339999999996,1106801.0
2024-08-20,52.182339999999996,52.909620000000004,51.8187,52.54598,1038910.0
2024-08-21,52.45507,52.63689,52.27325,52.27325,873701.0
2024-08-22,52.27325,52.27325,51.8187,51.8187,848322.0
2024-08-23,51.72779,51.72779,51.545970000000004,51.63688,846220.0
2024-08-26,51.63688,52.09143,51.27324,51.8187,1199406.0
2024-08-27,51.63688,52.09143,51.455059999999996,52.000519999999995,986006.0
2024-08-28,52.09143,52.7278,52.000519999999995,52.45507,1283100.0
2024-08-29,52.45507,53.00053,51.8187,51.8187,1192069.0
2024-08-30,51.63688,51.8187,51.27324,51.455059999999996,939595.0
2024-09-04,51.36415,51.455059999999996,50.727779999999996,51.36415,1110400.0
2024-09-05,51.27324,52.09143,51.000510000000006,51.72779,1046719.0
2024-09-06,51.90961,52.182339999999996,51.63688,52.182339999999996,999602.0
2024-09-09,52.63689,52.818709999999996,52.09143,52.27325,1154101.0
2024-09-10,52.45507,52.54598,52.000519999999995,52.09143,1119101.0
2024-09-11,52.09143,52.09143,51.72779,51.8187,1144701.0
2024-09-12,51.72779,52.000519999999995,51.36415,51.8187,799383.0
2024-09-13,51.8187,51.90961,51.72779,51.72779,1118101.0
2024-09-16,51.63688,51.8187,51.455059999999996,51.455059999999996,852361.0
2024-09-17,51.36415,52.09143,51.27324,52.09143,1013900.0
2024-09-18,52.000519999999995,52.63689,51.8187,52.364160000000005,1050100.0
2024-09-19,52.364160000000005,52.909620000000004,52.09143,52.09143,1451100.0
2024-09-20,52.182339999999996,52.63689,51.09142,51.09142,1535810.0
2024-09-23,50.9096,51.63688,50.818690000000004,51.455059999999996,1163183.0
2024-09-24,51.09142,52.182339999999996,51.09142,52.182339999999996,1654161.0
2024-09-25,52.63689,53.27326,52.45507,53.18235,2349507.0
2024-09-26,53.18235,53.36417,53.091440000000006,53.18235,1418191.0
2024-09-27,53.091440000000006,53.45508,52.7278,53.18235,1380934.0
2024-09-30,53.091440000000006,53.091440000000006,52.7278,53.091440000000006,1933356.0
2024-10-01,53.091440000000006,53.45508,52.63689,53.18235,1005904.0
2024-10-02,53.00053,53.091440000000006,52.09143,52.09143,1437667.0
2024-10-03,52.000519999999995,52.27325,51.27324,51.72779,1108404.0
2024-10-04,51.63688,51.63688,51.27324,51.36415,1042033.0
2024-10-07,51.18233,51.455059999999996,50.9096,51.36415,1729740.0
2024-10-08,51.36415,51.36415,51.000510000000006,51.27324,1221551.0
2024-10-09,51.09142,51.455059999999996,51.000510000000006,51.27324,1570608.0
2024-10-10,51.27324,52.27325,51.18233,51.72779,1471031.0
2024-10-11,51.8187,52.27325,51.36415,52.09143,1840606.0
2024-10-14,52.27325,52.63689,51.8187,52.182339999999996,1943207.0
2024-10-15,53.18235,53.18235,52.09143,52.63689,1892839.0
2024-10-16,52.63689,53.18235,52.54598,52.7278,1236536.0
2024-10-17,52.909620000000004,53.00053,52.09143,52.818709999999996,1279100.0
2024-10-18,52.818709999999996,53.45508,52.54598,53.00053,1506372.0
2024-10-21,53.00053,53.18235,52.27325,52.45507,1651350.0
2024-10-22,52.45507,52.54598,52.09143,52.09143,1136737.0
2024-10-23,52.09143,52.182339999999996,51.27324,51.63688,1029151.0
2024-10-24,51.63688,51.8187,51.18233,51.63688,1329708.0
2024-10-25,52.182339999999996,52.182339999999996,51.8187,52.09143,1071900.0
2024-10-28,51.63688,52.182339999999996,51.27324,52.000519999999995,1110100.0
2024-10-29,52.45507,53.18235,52.000519999999995,53.18235,940063.0
2024-10-30,53.18235,53.636900000000004,52.000519999999995,52.7278,998815.0
2024-10-31,53.00053,53.545989999999996,52.45507,52.7278,1094608.0
2024-11-01,52.63689,53.091440000000006,52.45507,53.091440000000006,869181.0
2024-11-04,53.091440000000006,53.18235,52.54598,52.63689,884615.0
2024-11-05,52.63689,52.63689,52.000519999999995,52.000519999999995,1121664.0
2024-11-06,51.545970000000004,52.818709999999996,51.36415,52.818709999999996,1152800.0
2024-11-07,53.00053,53.091440000000006,52.63689,52.818709999999996,1157200.0
2024-11-08,52.909620000000004,53.18235,52.000519999999995,53.00053,1480290.0
2024-11-11,53.091440000000006,53.091440000000006,52.7278,53.00053,1193956.0
2024-11-12,52.909620000000004,53.27326,52.364160000000005,52.7278,1356132.0
2024-11-13,52.54598,52.63689,51.72779,52.45507,1287139.0
2024-11-14,52.45507,53.00053,51.63688,52.000519999999995,1276521.0
2024-11-15,51.545970000000004,51.90961,51.27324,51.90961,668003.0
2024-11-18,51.545970000000004,52.818709999999996,51.36415,52.818709999999996,851803.0
2024-11-19,52.818709999999996,53.00053,52.364160000000005,52.818709999999996,924688.0
2024-11-20,53.00053,53.636900000000004,52.7278,53.45508,1347137.0
2024-11-21,53.545989999999996,53.81872,52.7278,53.636900000000004,1145427.0
2024-11-22,53.18235,53.72781,52.54598,53.545989999999996,1376312.0
2024-11-25,53.36417,53.90963,53.27326,53.90963,1219859.0
2024-11-26,53.27326,53.72781,53.091440000000006,53.18235,1083700.0
2024-11-27,52.818709999999996,53.091440000000006,52.27325,52.63689,1931502.0
2024-11-28,52.909620000000004,53.18235,52.09143,52.45507,1575110.0
2024-11-29,52.364160000000005,53.18235,52.09143,53.18235,1540228.0
2024-12-02,53.45508,53.545989999999996,53.091440000000006,53.45508,1325901.0
2024-12-03,53.45508,54.00054,53.27326,53.81872,1075347.0
2024-12-04,54.091449999999995,54.091449999999995,53.091440000000006,53.45508,1949401.0
2024-12-05,53.45508,54.27327,53.27326,54.27327,1310780.0
2024-12-06,54.091449999999995,54.18236,53.18235,53.27326,1290286.0
2024-12-09,53.45508,53.636900000000004,52.54598,52.7278,1523649.0
2024-12-10,52.7278,52.818709999999996,52.63689,52.7278,1798318.0
2024-12-11,52.54598,53.18235,52.27325,52.818709999999996,1850811.0
2024-12-12,53.00053,53.18235,52.7278,52.7278,1550403.0
2024-12-13,53.00053,53.18235,52.27325,52.54598,1634487.0
2024-12-16,52.364160000000005,53.636900000000004,52.182339999999996,52.909620000000004,1911600.0
2024-12-17,53.091440000000006,53.091440000000006,52.7278,52.909620000000004,1548833.0
2024-12-18,52.909620000000004,53.18235,52.818709999999996,53.18235,1546700.0
2024-12-19,52.909620000000004,53.00053,52.63689,53.00053,1321611.0
2024-12-20,53.00053,53.45508,51.36415,51.36415,2807356.0
2024-12-23,51.36415,53.27326,51.36415,52.54598,2595618.0
2024-12-24,52.09143,54.091449999999995,51.63688,54.091449999999995,1544501.0
2024-12-25,54.18236,54.546,53.45508,53.636900000000004,1919470.0
2024-12-26,54.091449999999995,54.546,53.45508,53.90963,1703105.0
2024-12-27,54.00054,54.00054,53.636900000000004,53.72781,1835405.0
2024-12-30,53.636900000000004,53.81872,52.909620000000004,52.909620000000004,1177206.0
2024-12-31,52.909620000000004,54.546,52.818709999999996,54.36418,1342118.0
2025-01-02,54.091449999999995,54.63691,53.90963,54.45509,1488690.0
2025-01-03,54.45509,54.45509,53.18235,53.45508,1667405.0
2025-01-06,53.90963,54.36418,53.18235,53.36417,1768739.0
2025-01-07,53.18235,53.636900000000004,52.818709999999996,53.545989999999996,1357900.0
2025-01-08,53.45508,53.81872,52.63689,53.72781,1414900.0
2025-01-09,53.636900000000004,54.00054,53.636900000000004,53.90963,1172501.0
2025-01-10,54.00054,54.36418,53.27326,53.27326,1277711.0
2025-01-13,53.27326,53.81872,52.818709999999996,53.72781,1076420.0
2025-01-14,53.45508,53.545989999999996,52.45507,53.27326,1508800.0
2025-01-15,53.00053,53.636900000000004,52.54598,53.45508,1462506.0
2025-01-16,53.45508,54.091449999999995,52.63689,53.545989999999996,1829200.0
2025-01-17,53.90963,54.00054,52.63689,53.636900000000004,2000100.0
2025-01-20,53.545989999999996,54.18236,53.45508,54.091449999999995,1264405.0
2025-01-21,53.636900000000004,54.27327,53.45508,54.27327,1664602.0
2025-01-22,54.36418,54.63691,54.091449999999995,54.18236,1357921.0
2025-01-23,53.90963,54.00054,53.636900000000004,53.81872,2026529.0
2025-01-24,53.90963,53.90963,53.636900000000004,53.636900000000004,1306885.0
2025-02-03,53.636900000000004,53.636900000000004,52.7278,53.18235,1823437.0
2025-02-04,53.18235,53.27326,53.00053,53.00053,1497401.0
2025-02-05,52.818709999999996,53.45508,52.45507,53.00053,1531933.0
2025-02-06,53.091440000000006,53.636900000000004,52.909620000000004,53.27326,1239342.0
2025-02-07,53.00053,53.00053,52.364160000000005,52.45507,1281800.0
2025-02-10,52.09143,52.09143,51.72779,51.8187,1600851.0
2025-02-11,51.90961,52.09143,51.63688,52.09143,1575780.0
2025-02-12,52.09143,52.182339999999996,51.90961,52.000519999999995,1921060.0
2025-02-13,52.000519999999995,52.54598,51.90961,52.182339999999996,2039704.0
2025-02-14,52.182339999999996,52.818709999999996,52.09143,52.7278,2141141.0
2025-02-17,52.7278,52.818709999999996,52.45507,52.45507,1714834.0
2025-02-18,52.63689,53.27326,52.45507,53.00053,1444121.0
2025-02-19,53.00053,53.18235,52.909620000000004,53.18235,1044300.0
2025-02-20,53.091440000000006,53.545989999999996,53.00053,53.27326,1618404.0
2025-02-21,53.091440000000006,53.36417,53.00053,53.00053,1392650.0
2025-02-24,52.909620000000004,53.90963,52.818709999999996,53.36417,1781516.0
2025-02-25,53.36417,53.72781,53.091440000000006,53.636900000000004,1266250.0
2025-02-26,53.81872,53.81872,53.545989999999996,53.81872,1479094.0
2025-02-27,53.45508,54.00054,53.18235,53.81872,1482304.0
2025-02-28,53.81872,54.18236,53.545989999999996,54.091449999999995,1112968.0
2025-03-03,54.00054,54.18236,53.636900000000004,53.636900000000004,1677509.0
2025-03-04,53.545989999999996,53.545989999999996,52.7278,53.45508,1473401.0
2025-03-05,53.36417,54.00054,53.091440000000006,53.545989999999996,1217775.0
2025-03-06,53.636900000000004,54.18236,52.7278,52.909620000000004,1777122.0
2025-03-07,52.818709999999996,52.909620000000004,52.000519999999995,52.182339999999996,1586095.0
2025-03-10,52.182339999999996,52.182339999999996,51.36415,51.455059999999996,2325322.0
2025-03-11,51.36415,51.36415,50.9096,51.18233,1537256.0
2025-03-12,51.36415,51.455059999999996,50.9096,51.18233,1643620.0
2025-03-13,51.18233,51.455059999999996,50.9096,51.000510000000006,1646840.0
2025-03-14,51.000510000000006,51.545970000000004,50.54596,51.18233,1801220.0
2025-03-17,51.18233,51.63688,50.727779999999996,51.545970000000004,2240864.0
2025-03-18,51.545970000000004,51.8187,51.09142,51.63688,2584557.0
2025-03-19,52.000519999999995,52.000519999999995,50.818690000000004,51.545970000000004,2208100.0
2025-03-20,51.63688,52.09143,51.18233,52.000519999999995,1880090.0
2025-03-21,51.90961,53.81872,51.63688,51.63688,4266923.0
2025-03-24,51.455059999999996,54.091449999999995,51.27324,54.091449999999995,2481975.0
2025-03-25,54.091449999999995,54.546,53.636900000000004,53.81872,2937608.0
2025-03-26,53.72781,53.81872,53.091440000000006,53.18235,1743518.0
2025-03-27,53.18235,53.18235,52.54598,52.909620000000004,1690230.0
2025-03-28,52.909620000000004,53.00053,52.54598,52.63689,1165346.0
2025-03-31,52.45507,53.18235,52.182339999999996,52.63689,1234941.0
2025-04-01,52.54598,53.18235,52.54598,53.091440000000006,1588010.0
2025-04-02,52.63689,53.636900000000004,52.27325,53.45508,1830589.0
2025-04-03,51.63688,52.7278,51.36415,51.36415,1875634.0
2025-04-04,50.45505,52.182339999999996,49.909589999999994,51.09142,2141739.0
2025-04-08,50.9096,50.9096,49.455040000000004,50.36414,1817139.0
2025-04-09,50.63687,51.36415,49.0914,50.0005,2354182.0
2025-04-10,52.09143,52.909620000000004,50.818690000000004,52.909620000000004,1876479.0
2025-04-11,53.27326,54.091449999999995,52.63689,54.091449999999995,1773265.0
2025-04-14,54.091449999999995,54.45509,53.45508,53.45508,1765039.0
2025-04-15,53.45508,54.091449999999995,52.7278,52.909620000000004,2381317.0
2025-04-16,52.818709999999996,52.909620000000004,51.36415,51.455059999999996,2013820.0
2025-04-17,51.27324,51.36415,49.00049,49.18231,2352940.0
2025-04-18,48.90958,49.27322,48.45503,48.636849999999995,1865263.0
2025-04-21,48.636849999999995,48.636849999999995,47.273199999999996,48.00048,1501831.0
2025-04-22,47.364110000000004,48.00048,46.545919999999995,47.273199999999996,1534714.0
2025-04-23,47.09138,48.00048,46.3641,48.00048,1981201.0
2025-04-24,48.00048,49.18231,47.81866,48.90958,1800210.0
2025-04-25,48.81867,49.54595,48.182300000000005,49.00049,1436000.0
2025-04-28,48.27321,49.27322,48.00048,48.00048,1996800.0
2025-04-29,48.00048,48.45503,47.81866,48.36412,1891421.0
2025-05-05,48.182300000000005,48.636849999999995,47.09138,47.364110000000004,1411972.0
2025-05-06,47.273199999999996,47.45502,46.091370000000005,46.18228,1922942.0
2025-05-07,46.18228,46.81865,44.500440000000005,46.81865,2436615.0
2025-05-08,46.27319,47.90957,45.545910000000006,47.72775,2765609.0
2025-05-09,47.63684,48.36412,47.18229,47.273199999999996,2302870.0
2025-05-12,47.364110000000004,47.81866,47.18229,47.18229,2016803.0
2025-05-13,47.63684,48.182300000000005,45.455,45.90955,2224259.0
2025-05-14,45.90955,45.90955,45.09136,45.182269999999995,1752970.0
2025-05-15,45.13682,45.22772,43.36407,44.000440000000005,2833754.0
2025-05-16,43.6368,45.000449999999994,43.6368,44.5459,2772100.0
2025-05-19,44.59136,45.90955,44.36408,45.63682,2374971.0
2025-05-20,45.63682,46.81865,45.36409,46.545919999999995,2984615.0
2025-05-21,46.81865,47.72775,46.45501,46.63683,2113580.0
2025-05-22,46.72774,47.18229,45.27318,45.545910000000006,2211805.0
2025-05-23,45.63682,45.63682,44.500440000000005,44.59136,2057536.0
2025-05-26,44.5459,45.63682,44.0459,45.09136,2160400.0
2025-05-27,45.13682,47.273199999999996,45.13682,47.09138,2302397.0
2025-05-28,47.09138,47.273199999999996,46.545919999999995,47.00047,1918296.0
2025-05-29,47.18229,48.36412,46.545919999999995,48.182300000000005,2183515.0
2025-05-30,48.182300000000005,48.636849999999995,47.273199999999996,48.54594,2038833.0
2025-06-02,48.54594,50.727779999999996,48.45503,50.45505,2343380.0
2025-06-03,50.63687,50.63687,49.0914,50.18232,2232215.0
2025-06-04,50.18232,50.18232,48.72776,48.90958,1231667.0
2025-06-05,49.27322,49.63686,47.364110000000004,47.45502,1605569.0
2025-06-06,46.81865,47.45502,46.27319,46.3641,1798040.0
2025-06-09,45.81864,46.3641,45.31864,46.3641,2375122.0
2025-06-10,46.27319,47.273199999999996,45.90955,47.09138,1669100.0
2025-06-11,46.90956,47.63684,46.27319,46.545919999999995,1895271.0
2025-06-12,46.45501,47.72775,45.90955,47.273199999999996,2773373.0
2025-06-13,48.27321,48.27321,47.00047,47.54593,3354806.0
2025-06-16,48.27321,48.27321,47.273199999999996,47.54593,2956021.0
2025-06-17,47.54593,47.63684,47.00047,47.364110000000004,1658910.0
2025-06-18,47.63684,48.182300000000005,46.81865,47.00047,4057073.0
2025-06-19,47.09138,47.72775,45.455,47.54593,2375561.0
2025-06-20,47.81866,48.36412,46.90956,47.273199999999996,2027500.0
2025-06-23,47.18229,47.63684,46.3641,47.54593,1629801.0
2025-06-24,48.182300000000005,48.72776,47.273199999999996,47.54593,3310717.0
2025-06-25,47.54593,48.45503,47.364110000000004,48.182300000000005,1768451.0
2025-06-26,47.81866,48.54594,47.54593,47.81866,1141022.0
2025-06-27,47.54593,48.182300000000005,47.09138,47.90957,1526001.0
2025-06-30,47.90957,48.54594,47.72775,48.45503,1432236.0
2025-07-01,48.45503,48.54594,47.00047,47.45502,2372915.0
2025-07-02,47.54593,47.54593,46.45501,46.90956,1610000.0
2025-07-03,45.455,47.18229,45.455,46.90956,2097441.0
2025-07-04,46.27319,48.27321,45.81864,48.182300000000005,1874925.0
2025-07-07,48.182300000000005,48.636849999999995,47.63684,48.09139,1882323.0
2025-07-08,48.45503,48.45503,47.63684,47.72775,2237784.0
2025-07-09,47.63684,49.0914,47.54593,49.0914,2809716.0
2025-07-10,49.0914,49.0914,47.81866,48.36412,2753510.0
2025-07-11,48.36412,49.00049,47.90957,47.90957,2220065.0
2025-07-14,47.90957,48.09139,46.3641,47.18229,2494409.0
2025-07-15,46.3641,46.72774,45.72773,45.90955,2083607.0
2025-07-16,46.00046,46.81865,45.40954,46.00046,3679990.0
2025-07-17,45.90955,47.00047,45.455,46.72774,3745678.0
2025-07-18,46.3641,46.90956,45.81864,46.45501,3282076.0
2025-07-21,46.545919999999995,47.273199999999996,46.091370000000005,46.45501,2142713.0
2025-07-22,46.545919999999995,48.09139,45.72773,48.09139,2638758.0
2025-07-23,48.36412,48.636849999999995,47.63684,48.45503,2342111.0
2025-07-24,48.45503,49.0914,47.72775,47.72775,2593358.0
2025-07-25,48.182300000000005,48.81867,47.63684,47.72775,1475755.0
2025-07-28,47.72775,50.0005,47.18229,49.27322,2019524.0
2025-07-29,49.27322,49.54595,47.90957,48.72776,2372003.0
2025-07-30,48.636849999999995,48.90958,47.273199999999996,47.45502,2207663.0
2025-07-31,47.364110000000004,47.72775,47.00047,47.18229,1539013.0
2025-08-01,46.81865,48.182300000000005,46.81865,48.182300000000005,1532839.0
2025-08-04,47.90957,48.00048,47.273199999999996,47.72775,1372459.0
2025-08-05,47.273199999999996,48.636849999999995,46.81865,48.45503,2298250.0
2025-08-06,48.09139,49.0914,48.09139,48.72776,1828762.0
2025-08-07,48.636849999999995,49.63686,47.90957,48.182300000000005,2011006.0
2025-08-08,48.36412,49.54595,48.182300000000005,48.90958,2329903.0
2025-08-11,49.18231,50.0005,48.81867,49.364129999999996,1537598.0
2025-08-12,49.364129999999996,50.09141,48.54594,48.54594,1898258.0
2025-08-13,48.54594,51.27324,46.81865,50.273230000000005,3779961.0
2025-08-14,50.273230000000005,51.455059999999996,49.909589999999994,50.9096,1459313.0
2025-08-15,50.9096,52.000519999999995,50.0005,51.455059999999996,2125293.0
2025-08-18,51.545970000000004,52.45507,51.18233,52.27325,2249382.0
2025-08-19,52.45507,53.45508,52.09143,53.00053,2411570.0
2025-08-20,52.818709999999996,53.091440000000006,51.545970000000004,53.00053,2332418.0
2025-08-21,52.63689,53.091440000000006,51.36415,51.36415,2487305.0
2025-08-22,51.000510000000006,51.36415,49.00049,50.0005,2647571.0
2025-08-25,50.09141,50.818690000000004,47.72775,48.54594,3186966.0
2025-08-26,48.182300000000005,50.18232,48.00048,50.09141,2805201.0
2025-08-27,50.18232,51.09142,49.81868,50.45505,2384135.0
2025-08-28,50.727779999999996,52.09143,50.36414,52.000519999999995,2265186.0
2025-08-29,52.27325,53.00053,51.8187,51.8187,2095748.0
2025-09-03,52.09143,52.182339999999996,50.0005,51.63688,3306191.0
2025-09-04,51.8187,53.636900000000004,51.545970000000004,53.18235,3769397.0
2025-09-05,53.18235,53.636900000000004,52.7278,53.091440000000006,2405558.0
2025-09-08,53.091440000000006,53.72781,51.72779,52.27325,2493600.0
2025-09-09,52.7278,52.7278,51.000510000000006,52.27325,2755527.0
2025-09-10,52.27325,53.45508,52.000519999999995,53.45508,2184277.0
2025-09-11,53.36417,53.636900000000004,52.54598,53.545989999999996,2266348.0
2025-09-12,53.45508,53.90963,53.27326,53.90963,1903558.0
2025-09-15,53.81872,54.63691,53.636900000000004,54.45509,1758619.0
2025-09-16,54.36418,54.36418,52.54598,53.091440000000006,2098938.0
2025-09-17,53.091440000000006,53.091440000000006,51.36415,52.182339999999996,2436561.0
2025-09-18,51.455059999999996,52.182339999999996,50.45505,50.54596,3501226.0
2025-09-19,50.45505,50.9096,47.63684,48.182300000000005,3450305.0
2025-09-22,48.27321,48.36412,47.54593,48.00048,2884881.0
2025-09-23,48.00048,48.81867,47.90957,48.636849999999995,1745485.0
2025-09-24,48.72776,49.455040000000004,48.36412,49.455040000000004,1808846.0
2025-09-25,49.909589999999994,49.909589999999994,49.27322,49.909589999999994,1573225.0
2025-09-26,50.0005,50.273230000000005,49.27322,50.18232,1775823.0
2025-09-29,50.273230000000005,51.72779,50.09141,51.36415,1700879.0
2025-09-30,51.36415,51.8187,50.818690000000004,51.27324,1790872.0
2025-10-01,51.18233,51.72779,50.45505,51.36415,1805766.0
2025-10-02,51.36415,52.000519999999995,50.818690000000004,51.09142,1456821.0
2025-10-03,51.27324,51.72779,50.9096,51.18233,1699959.0
2025-10-06,51.27324,52.27325,50.36414,50.9096,2159129.0
2025-10-07,49.0914,50.54596,49.00049,49.54595,1506553.0
2025-10-08,50.0005,51.36415,49.27322,51.09142,3081956.0
2025-10-09,50.9096,52.909620000000004,50.63687,52.63689,2489870.0
2025-10-10,52.63689,52.7278,52.27325,52.54598,1641570.0
2025-10-13,52.45507,54.091449999999995,51.8187,54.091449999999995,2907509.0
2025-10-14,54.36418,54.909639999999996,53.72781,54.72782,2438091.0
2025-10-15,54.546,55.727830000000004,54.45509,54.72782,2324579.0
2025-10-16,54.72782,56.00056,54.45509,55.81874,2012904.0
2025-10-17,56.182379999999995,56.27329,54.00054,54.091449999999995,2417944.0
2025-10-20,54.091449999999995,54.091449999999995,52.182339999999996,52.27325,1768610.0
2025-10-21,50.9096,51.27324,50.818690000000004,51.000510000000006,1733471.0
2025-10-22,50.45505,50.54596,48.90958,49.81868,1872213.0
2025-10-23,49.72777,50.727779999999996,48.90958,50.727779999999996,2151919.0
2025-10-24,50.727779999999996,51.000510000000006,49.72777,50.9096,1948825.0
2025-10-27,50.818690000000004,50.9096,49.00049,49.18231,2321452.0
2025-10-28,49.18231,50.63687,49.0914,50.63687,1545415.0
2025-10-29,50.727779999999996,51.8187,50.36414,51.545970000000004,1781070.0
2025-10-30,51.545970000000004,52.27325,50.9096,51.18233,1388723.0
2025-10-31,51.18233,51.8187,50.818690000000004,50.9096,1668436.0
2025-11-03,51.000510000000006,51.36415,50.273230000000005,50.45505,1350310.0
2025-11-04,50.45505,51.000510000000006,48.90958,50.9096,1682122.0
2025-11-05,50.9096,51.000510000000006,48.90958,49.18231,1455733.0
2025-11-06,48.90958,49.27322,46.27319,48.182300000000005,3662081.0
2025-11-07,48.182300000000005,49.18231,47.63684,48.182300000000005,2760406.0
2025-11-10,48.54594,49.455040000000004,47.72775,48.636849999999995,2146400.0
2025-11-11,48.636849999999995,48.636849999999995,47.273199999999996,47.273199999999996,3243235.0
2025-11-12,47.273199999999996,49.54595,47.18229,49.0914,1879305.0
2025-11-13,49.0914,49.18231,47.90957,49.00049,1447330.0
2025-11-14,49.00049,49.54595,48.09139,49.364129999999996,1719126.0
2025-11-17,49.455040000000004,49.81868,49.27322,49.54595,1471304.0
2025-11-18,49.54595,50.0005,49.0914,49.364129999999996,2358199.0
2025-11-19,49.0914,49.364129999999996,49.0914,49.364129999999996,1777102.0
2025-11-20,49.364129999999996,50.45505,49.18231,50.273230000000005,1835501.0
2025-11-21,49.72777,50.45505,49.00049,49.81868,2573003.0
2025-11-24,49.81868,50.273230000000005,49.54595,50.0005,2556108.0
2025-11-25,50.0005,50.273230000000005,49.72777,50.18232,2162754.0
2025-11-26,50.09141,51.09142,50.09141,50.727779999999996,2735702.0
2025-11-27,50.36414,51.8187,49.909589999999994,51.63688,3280224.0
2025-11-28,51.63688,52.27325,50.54596,50.727779999999996,4149245.0
2025-12-01,50.63687,50.727779999999996,49.81868,50.09141,2621150.0
2025-12-02,49.72777,50.09141,49.455040000000004,50.0005,2589874.0
2025-12-03,49.81868,50.36414,49.54595,50.0005,2500000.0
2025-12-04,50.0005,51.90961,49.63686,51.8187,2707765.0
2025-12-05,51.8187,52.364160000000005,51.63688,52.27325,1296414.0
2025-12-08,52.27325,53.45508,52.000519999999995,52.909620000000004,1605260.0
2025-12-09,53.27326,53.36417,52.182339999999996,52.909620000000004,2121602.0
2025-12-10,53.18235,54.00054,52.63689,54.00054,1750646.0
2025-12-11,54.00054,54.27327,53.00053,54.00054,1925673.0
2025-12-12,53.72781,53.90963,51.8187,51.90961,1756415.0
2025-12-15,50.9096,53.81872,50.9096,53.636900000000004,2038128.0
2025-12-16,53.636900000000004,54.27327,53.545989999999996,54.091449999999995,1990895.0
2025-12-17,54.091449999999995,54.36418,53.27326,54.00054,1868519.0
2025-12-18,54.00054,54.00054,52.27325,52.45507,2150614.0
2025-12-19,52.45507,54.36418,52.45507,54.091449999999995,1472899.0
2025-12-22,54.091449999999995,54.72782,53.90963,54.72782,1730165.0
2025-12-23,54.63691,55.36419,54.36418,55.09146,1795310.0
2025-12-24,55.000550000000004,56.3642,54.81873,55.81874,1499307.0
2025-12-25,55.727830000000004,55.81874,55.182370000000006,55.636919999999996,1715089.0
2025-12-26,55.54601,55.54601,54.00054,54.091449999999995,2118933.0
2025-12-29,54.091449999999995,54.18236,52.63689,52.7278,1854317.0
2025-12-30,52.7278,53.18235,52.27325,53.00053,1597461.0
2025-12-31,52.7278,52.818709999999996,52.364160000000005,52.63689,1862649.0
2026-01-05,52.63689,53.27326,52.182339999999996,52.27325,1757605.0
2026-01-06,52.45507,52.7278,50.54596,50.9096,2261559.0
2026-01-07,50.818690000000004,52.09143,50.54596,51.8187,2244780.0
2026-01-08,51.90961,52.364160000000005,50.45505,50.54596,2045451.0
2026-01-09,50.54596,50.63687,48.90958,49.27322,2189233.0
2026-01-12,49.18231,50.54596,49.0914,50.54596,3049059.0
2026-01-13,50.09141,50.273230000000005,49.0914,49.0914,2198382.0
2026-01-14,49.54595,49.63686,47.72775,48.182300000000005,2424068.0
2026-01-15,48.09139,49.0914,47.54593,48.636849999999995,2756801.0
2026-01-16,48.45503,49.455040000000004,48.45503,49.364129999999996,1968879.0
2026-01-19,49.364129999999996,50.09141,49.0914,49.909589999999994,2230145.0
2026-01-20,49.909589999999994,50.63687,49.63686,50.18232,1894565.0
2026-01-21,50.0005,50.273230000000005,49.27322,49.909589999999994,2019819.0
2026-01-22,49.63686,51.455059999999996,49.54595,50.54596,1523636.0
2026-01-23,50.18232,50.727779999999996,49.54595,49.72777,1268717.0
2026-01-26,49.72777,49.909589999999994,48.54594,48.90958,1128835.0
2026-01-27,48.636849999999995,48.90958,47.72775,48.636849999999995,1404517.0
2026-01-28,47.72775,49.0914,47.364110000000004,48.27321,1331527.0
2026-01-29,48.36412,48.54594,47.63684,48.182300000000005,1659196.0
2026-01-30,47.54593,49.18231,47.45502,49.00049,1870012.0
2026-02-02,48.90958,49.00049,48.36412,48.90958,1279518.0
2026-02-03,48.90958,49.81868,48.90958,49.72777,1192441.0
2026-02-04,49.72777,50.18232,49.455040000000004,50.18232,845847.0
2026-02-05,50.09141,51.63688,49.54595,51.455059999999996,1118463.0
2026-02-06,51.455059999999996,51.63688,50.63687,51.63688,1115633.0
2026-02-09,51.545970000000004,53.27326,51.18233,53.27326,1480079.0
2026-02-10,53.18235,53.72781,52.27325,53.72781,2103602.0
2026-02-11,53.636900000000004,54.546,52.7278,54.27327,1684608.0
2026-02-12,54.27327,54.546,53.636900000000004,54.27327,1627095.0
2026-02-13,54.27327,56.63693,53.636900000000004,54.546,1204737.0
2026-02-23,54.63691,55.54601,54.27327,55.36419,977176.0
2026-02-24,55.182370000000006,55.636919999999996,55.000550000000004,55.36419,1170514.0
2026-02-25,55.36419,55.4551,54.27327,54.546,1202719.0
2026-02-26,54.27327,54.63691,53.18235,54.45509,1576935.0
2026-02-27,54.36418,54.546,53.091440000000006,53.18235,1100389.0
2026-03-02,51.90961,52.54598,51.545970000000004,52.09143,1403883.0
2026-03-03,52.09143,52.364160000000005,50.9096,51.72779,967926.0
2026-03-04,51.72779,52.000519999999995,50.273230000000005,52.000519999999995,1385307.0
2026-03-05,51.90961,52.7278,51.63688,52.54598,1786280.0
2026-03-06,52.364160000000005,53.72781,51.90961,52.000519999999995,2311965.0
2026-03-09,50.9096,51.36415,49.72777,50.45505,3240500.0
2026-03-10,50.45505,51.455059999999996,50.18232,51.36415,3629009.0
2026-03-11,51.18233,53.27326,51.18233,53.18235,2872162.0
2026-03-12,53.091440000000006,53.18235,52.54598,52.7278,3282251.0
2026-03-13,52.45507,53.45508,52.09143,53.36417,2915212.0
2026-03-16,53.27326,53.36417,52.54598,53.00053,3049220.0
2026-03-17,52.818709999999996,53.636900000000004,52.63689,52.909620000000004,2862776.0
2026-03-18,52.818709999999996,53.72781,52.182339999999996,52.364160000000005,2901228.0
2026-03-19,51.90961,53.636900000000004,51.72779,53.636900000000004,3091577.0
2026-03-20,53.36417,53.545989999999996,52.54598,52.7278,3201618.0
2026-03-23,52.7278,52.909620000000004,50.273230000000005,50.9096,2695181.0
2026-03-24,51.545970000000004,52.818709999999996,50.9096,52.63689,2060255.0
2026-03-25,52.63689,53.18235,52.000519999999995,52.63689,2387737.0
2026-03-26,53.00053,53.27326,50.9096,51.72779,1240365.0
2026-03-27,51.8187,52.364160000000005,50.45505,52.27325,1030518.0
2026-03-30,51.90961,52.364160000000005,50.818690000000004,52.27325,2680205.0
2026-03-31,52.27325,52.27325,51.545970000000004,52.27325,1415824.0
2026-04-01,52.27325,53.27326,52.182339999999996,53.091440000000006,1262414.0
2026-04-02,53.091440000000006,53.18235,52.63689,52.909620000000004,1104118.0
2026-04-03,52.7278,53.27326,52.63689,52.7278,1088533.0
2026-04-06,52.7278,53.45508,52.27325,52.364160000000005,818453.0
2026-04-07,52.27325,52.364160000000005,50.818690000000004,52.364160000000005,898921.0
2026-04-08,52.7278,52.818709999999996,52.27325,52.7278,753856.0
2026-04-09,52.45507,52.45507,50.9096,51.72779,812965.0
2026-04-10,51.72779,51.8187,50.9096,51.36415,841011.0
2026-04-13,51.36415,52.000519999999995,50.9096,51.8187,738328.0
2026-04-14,51.72779,53.18235,51.72779,53.00053,833340.0
2026-04-15,53.00053,53.636900000000004,52.7278,53.45508,633451.0
2026-04-16,53.45508,53.81872,53.27326,53.636900000000004,635122.0
2026-04-17,53.36417,56.00056,53.18235,55.90965,5037670.0
2026-04-20,55.54601,55.90965,55.27328,55.27328,5707085.0
2026-04-21,55.09146,56.45511,55.000550000000004,55.36419,8218720.0
2026-04-22,55.36419,55.727830000000004,53.45508,53.636900000000004,6072975.0
2026-04-23,53.45508,54.45509,53.00053,53.81872,5878839.0
2026-04-24,53.18235,54.36418,52.818709999999996,54.36418,5607235.0
2026-04-28,54.18236,56.00056,54.091449999999995,55.4551,4964702.0
2026-04-29,55.4551,55.81874,54.091449999999995,55.81874,4456274.0
2026-05-04,55.81874,56.3642,55.4551,55.727830000000004,338515.0
2026-05-05,55.727830000000004,56.81875,55.36419,56.81875,6530913.0
2026-05-06,56.90966,57.000569999999996,55.000550000000004,55.182370000000006,6249712.0
2026-05-07,54.63691,56.3642,54.45509,55.4551,5094707.0
2026-05-08,55.54601,55.90965,54.546,55.90965,10003389.0
2026-05-11,55.90965,56.00056,54.546,54.63691,7041740.0
2026-05-12,54.546,56.45511,53.545989999999996,56.3642,7502895.0
2026-05-13,56.3642,56.3642,55.636919999999996,56.00056,3961772.0
2026-05-14,55.727830000000004,57.72785,55.636919999999996,56.45511,5891566.0
2026-05-15,56.45511,56.63693,56.00056,56.27329,2068917.0
2026-05-18,56.3642,57.72785,55.4551,57.273300000000006,4151936.0
2026-05-19,57.273300000000006,57.72785,56.45511,57.091480000000004,4039838.0
2026-05-20,57.091480000000004,57.091480000000004,55.36419,55.4551,3164852.0
2026-05-21,55.4551,55.54601,54.45509,54.546,2039831.0
2026-05-22,54.546,54.63691,53.18235,53.81872,2459542.0
2026-05-25,53.81872,56.54602,53.81872,55.4551,2379656.0
2026-05-26,55.4551,55.90965,55.09146,55.27328,1802683.0
2026-05-27,55.36419,56.81875,55.000550000000004,56.63693,1919763.0
2026-05-28,56.72783999999999,56.72783999999999,56.00056,56.45511,1891307.0
2026-05-29,56.54602,56.81875,56.3642,56.63693,1818412.0
2026-06-01,56.63693,57.36421,56.27329,57.18239,1390359.0
2026-06-02,57.000569999999996,57.091480000000004,56.27329,56.27329,1376039.0
2026-06-03,56.63693,56.63693,54.45509,55.000550000000004,1445171.0
2026-06-04,54.909639999999996,55.09146,53.90963,54.909639999999996,1460605.0
2026-06-05,54.72782,55.000550000000004,53.636900000000004,53.81872,1294955.0
2026-06-08,53.81872,53.81872,52.818709999999996,53.45508,1364707.0
2026-06-09,53.27326,54.091449999999995,52.7278,54.091449999999995,1203613.0
2026-06-10,54.18236,55.54601,54.00054,55.27328,1152341.0
2026-06-11,55.182370000000006,55.636919999999996,54.546,55.36419,1497638.0
2026-06-12,55.27328,56.182379999999995,54.909639999999996,56.00056,1324860.0
2026-06-15,56.00056,56.81875,55.90965,56.54602,1403466.0
2026-06-16,56.54602,56.90966,56.27329,56.3642,1480503.0
2026-06-17,56.54602,56.81875,54.909639999999996,55.000550000000004,3246615.0
2026-06-18,55.000550000000004,55.4551,54.36418,54.546,1133261.0
2026-06-19,54.546,54.546,53.18235,53.545989999999996,942135.0
2026-06-22,53.36417,54.091449999999995,53.27326,54.091449999999995,1049940.0
2026-06-23,54.091449999999995,55.81874,54.091449999999995,55.09146,1113186.0
2026-06-24,54.909639999999996,56.72783999999999,54.72782,56.3642,1237666.0
2026-06-25,55.90965,57.273300000000006,55.90965,56.54602,1189196.0
2026-06-26,56.54602,56.81875,56.00056,56.182379999999995,1484632.0
2026-06-29,56.182379999999995,56.72783999999999,56.00056,56.27329,948938.0
2026-06-30,56.3642,56.90966,56.27329,56.3642,1039189.0
2026-07-01,56.182379999999995,56.63693,56.00056,56.45511,1000939.0
2026-07-02,56.45511,56.45511,55.54601,56.09147,884504.0
2026-07-03,56.00056,56.182379999999995,55.54601,55.90965,664856.0
2026-07-06,55.81874,56.63693,55.636919999999996,56.09147,600005.0
2026-07-07,56.09147,56.182379999999995,55.36419,56.00056,369576.0
2026-07-08,56.00056,56.09147,55.727830000000004,55.90965,321848.0
2026-07-09,55.90965,57.273300000000006,55.4551,57.273300000000006,598585.0
2026-07-10,57.091480000000004,58.00058,56.72783999999999,56.72783999999999,671436.0
2026-07-13,56.72783999999999,56.72783999999999,54.72782,55.54601,862684.0
2026-07-14,55.182370000000006,56.81875,54.091449999999995,56.182379999999995,1121004.0
2026-07-15,55.27328,56.72783999999999,54.72782,56.182379999999995,1061869.0
2026-07-16,56.27329,56.81875,54.091449999999995,56.27329,1610304.0
2026-07-17,56.182379999999995,56.27329,55.36419,55.636919999999996,1596815.0
2026-07-20,55.636919999999996,56.27329,55.4551,55.727830000000004,1146503.0
2026-07-21,55.727830000000004,56.81875,55.27328,56.3642,1696322.0
2026-07-22,56.3642,57.000569999999996,55.727830000000004,56.27329,1626237.0
2026-07-23,56.182379999999995,58.273309999999995,55.81874,58.273309999999995,1711757.0
2026-07-24,58.273309999999995,58.36422,57.72785,57.818760000000005,1342658.0
2026-07-27,57.90967,58.273309999999995,56.54602,56.72783999999999,1134920.0
2026-07-28,56.63693,57.273300000000006,56.09147,57.18239,1738972.0
2026-07-29,57.091480000000004,59.364230000000006,57.000569999999996,58.72786,1764881.0
2026-07-30,58.63695,60.54606,58.63695,59.000589999999995,1624041.0
2026-07-31,58.90968,59.000589999999995,57.90967,58.09149,1598051.0
2026-08-03,57.90967,59.72787,57.818760000000005,59.0915,1209317.0
2026-08-04,59.0915,59.364230000000006,57.72785,57.72785,1222887.0
2026-08-05,57.72785,59.364230000000006,57.54603,59.0915,1853689.0
2026-08-06,59.0915,59.364230000000006,57.091480000000004,57.273300000000006,1755895.0
2026-08-07,57.18239,57.63694,56.27329,56.54602,1548861.0
2026-08-10,56.45511,57.45512,55.90965,56.09147,3638301.0
2026-08-11,56.00056,56.09147,54.27327,54.546,2684673.0
2026-08-12,54.546,54.63691,53.18235,54.27327,3253421.0
2026-08-13,54.091449999999995,55.36419,53.636900000000004,55.182370000000006,3638078.0
2026-08-14,55.182370000000006,55.54601,54.546,55.27328,2843749.0
2026-08-17,55.27328,55.36419,54.27327,55.182370000000006,2246786.0
2026-08-18,55.09146,56.81875,54.909639999999996,56.45511,1871052.0
2026-08-19,56.3642,57.36421,56.09147,57.000569999999996,2198208.0
2026-08-20,56.90966,57.72785,56.182379999999995,57.72785,1877036.0
2026-08-21,57.818760000000005,59.0915,57.63694,59.0915,1907076.0
2026-08-24,59.000589999999995,59.45514,58.1824,58.63695,2199841.0
2026-08-25,58.72786,60.18242,58.1824,59.182410000000004,1787915.0
2026-08-26,59.45514,62.27335,59.364230000000006,61.63698,2158965.0
2026-08-27,61.63698,62.7279,61.36425,61.36425,2057130.0
2026-08-28,60.45515,62.36426,60.45515,61.90971,1899857.0
2026-09-03,62.000620000000005,62.7279,61.45516000000001,62.54608,2457526.0
2026-09-04,62.54608,63.09154,62.18244,62.63699,1984711.0
2026-09-07,62.5,62.6,60.4,60.5,2567887.0
2026-09-08,60.4,60.5,58.3,58.6,2867003.0
2026-09-09,58.6,59.0,57.2,58.7,2887238.0
2026-09-10,58.6,61.4,58.0,61.4,2634062.0
2026-09-11,61.2,61.2,58.9,59.6,2979604.0
2026-09-14,59.3,60.5,58.9,60.3,2701588.0
2026-09-15,60.3,61.5,59.9,61.0,2657256.0
2026-09-16,61.1,62.1,60.8,62.0,1869663.0
2026-09-17,62.0,63.4,61.7,63.1,1632533.0
2026-09-18,63.1,63.3,62.0,62.9,1268400.0
2026-09-21,62.9,62.9,60.0,60.2,1384900.0
2026-09-22,60.5,61.0,59.0,59.6,1160800.0
2026-09-23,59.0,61.3,59.0,61.1,1264900.0
2026-09-24,60.9,61.8,59.6,61.8,1497100.0
2026-09-25,61.8,62.6,61.5,62.2,1787800.0
2026-09-28,61.8,62.0,60.7,62.0,1124700.0
2026-09-29,61.9,62.0,60.3,60.6,1182600.0
2026-09-30,60.4,61.5,59.3,59.3,1174700.0
2026-10-01,59.3,59.8,58.2,58.4,1459900.0
2026-10-02,58.4,59.4,58.1,58.8,1851100.0
