,open,high,low,close,volume
2020-04-27,34.19454,34.22192,33.783879999999996,34.002900000000004,33748.0
2020-04-28,34.030269999999994,34.3588,33.53748,34.24929,65008.0
2020-04-29,34.16716,34.38618,34.13978,34.22192,65242.0
2020-05-04,34.22192,34.49569,33.67436,33.92076,60237.0
2020-05-05,34.22192,34.22192,32.98993,33.67436,28906.0
2020-05-06,33.67436,34.19454,33.67436,34.05765,22311.0
2020-05-07,34.22192,34.49569,33.94814,34.19454,65298.0
2020-05-08,34.22192,34.3588,33.72912,34.3588,69213.0
2020-05-11,34.3588,34.49569,34.002900000000004,34.49569,120854.0
2020-05-12,31.21039,34.49569,31.21039,34.19454,73592.0
2020-05-13,34.085029999999996,34.632580000000004,33.70174,34.605199999999996,70457.0
2020-05-14,34.3588,34.49569,34.22192,34.3588,29645.0
2020-05-15,34.3588,34.49569,33.975519999999996,34.16716,20580.0
2020-05-18,34.24929,34.276669999999996,34.085029999999996,34.22192,22407.0
2020-05-19,34.22192,35.59079,34.22192,34.49569,62355.0
2020-05-20,34.65996,34.8516,34.49569,34.632580000000004,49347.0
2020-05-21,34.65996,35.28964,34.49569,34.632580000000004,28469.0
2020-05-22,34.76947,34.76947,34.22192,34.22192,39667.0
2020-05-25,34.22192,34.49569,34.16716,34.49569,61849.0
2020-05-26,34.49569,34.76947,34.3588,34.74209,82265.0
2020-05-27,34.74209,37.507220000000004,34.68733,36.82278,103152.0
2020-05-28,37.23344,37.23344,36.13834,36.13834,101359.0
2020-05-29,36.90491,36.959669999999996,36.57638,36.63114,37157.0
2020-06-01,36.90491,37.23344,36.68589,36.93229,44075.0
2020-06-02,37.20607,37.20607,36.54901,36.60376,38315.0
2020-06-03,37.06918,37.06918,36.41212,36.658519999999996,34952.0
2020-06-04,36.41212,36.4395,35.04324,35.86457,99425.0
2020-06-05,35.86457,36.82278,35.59079,36.49425,23594.0
2020-06-08,36.49425,36.959669999999996,36.4395,36.7954,30970.0
2020-06-09,36.82278,37.97264,36.41212,37.753620000000005,99640.0
2020-06-10,37.8905,38.32855,37.72624,38.32855,65227.0
2020-06-11,38.191660000000006,39.69742,36.959669999999996,37.507220000000004,95136.0
2020-06-12,35.59079,38.32855,35.04324,38.32855,67046.0
2020-06-15,36.82278,38.05477,36.82278,37.12393,38235.0
2020-06-16,37.23344,37.780989999999996,37.23344,37.64411,30850.0
2020-06-17,38.05477,38.05477,37.507220000000004,37.64411,22618.0
2020-06-18,37.507220000000004,37.64411,36.959669999999996,37.26082,33307.0
2020-06-19,37.23344,37.26082,36.87754,36.87754,71367.0
2020-06-22,37.0418,37.23344,36.85016,36.85016,11761.0
2020-06-23,37.23344,37.23344,36.68589,36.68589,15006.0
2020-06-24,36.68589,37.23344,36.54901,36.68589,24550.0
2020-06-25,36.74065,37.23344,36.57638,37.23344,32830.0
2020-06-26,36.82278,37.507220000000004,36.82278,37.17869,25955.0
2020-06-29,36.68589,37.151309999999995,36.68589,36.82278,39796.0
2020-06-30,37.17869,37.17869,36.68589,36.90491,23587.0
2020-07-01,35.86457,37.23344,35.86457,36.68589,29361.0
2020-07-02,36.98705,37.91788,36.713269999999994,37.91788,25440.0
2020-07-03,37.151309999999995,37.780989999999996,37.151309999999995,37.64411,36479.0
2020-07-06,37.26082,37.83575,37.26082,37.507220000000004,14330.0
2020-07-07,37.753620000000005,37.780989999999996,37.315580000000004,37.507220000000004,8764.0
2020-07-08,37.23344,37.64411,37.23344,37.56197,37726.0
2020-07-09,37.67148,37.753620000000005,37.507220000000004,37.589349999999996,17638.0
2020-07-10,37.589349999999996,37.780989999999996,37.507220000000004,37.753620000000005,22836.0
2020-07-13,37.780989999999996,37.8905,37.64411,37.780989999999996,32151.0
2020-07-14,37.507220000000004,37.780989999999996,37.288199999999996,37.67148,13312.0
2020-07-15,37.69886,37.808370000000004,37.56197,37.56197,16034.0
2020-07-16,37.507220000000004,37.5346,37.42509,37.507220000000004,3320.0
2020-07-17,37.5346,37.5346,37.23344,37.23344,18757.0
2020-07-20,37.23344,37.780989999999996,37.23344,37.507220000000004,21152.0
2020-07-21,37.507220000000004,37.507220000000004,37.37033,37.479839999999996,8359.0
2020-07-22,37.479839999999996,37.479839999999996,36.82278,36.959669999999996,20389.0
2020-07-23,36.959669999999996,37.06918,36.68589,36.713269999999994,19494.0
2020-07-24,36.68589,37.20607,35.59079,36.13834,49470.0
2020-07-27,35.59079,35.86457,34.22192,34.76947,50657.0
2020-07-28,34.8516,35.59079,34.8516,35.53604,31998.0
2020-07-29,34.65996,34.76947,33.67436,34.468309999999995,24427.0
2020-07-30,34.49569,34.49569,34.22192,34.3588,5584.0
2020-07-31,34.41356,35.64555,33.81125,34.878980000000006,54219.0
2020-08-03,35.59079,35.86457,34.796839999999996,35.31702,31135.0
2020-08-04,35.31702,35.72768,35.04324,35.04324,24936.0
2020-08-05,35.34439,35.34439,34.49569,34.49569,121264.0
2020-08-06,34.796839999999996,34.796839999999996,34.304050000000004,34.304050000000004,77007.0
2020-08-07,34.38618,35.23488,34.38618,35.01586,58703.0
2020-08-10,34.76947,34.878980000000006,30.11529,34.49569,60784.0
2020-08-11,34.440940000000005,34.76947,34.22192,34.76947,50279.0
2020-08-12,34.440940000000005,35.31702,34.440940000000005,34.906349999999996,36726.0
2020-08-13,34.632580000000004,35.04324,34.632580000000004,35.04324,46030.0
2020-08-14,35.04324,36.93229,35.04324,36.27523,160283.0
2020-08-17,38.05477,38.8761,36.959669999999996,37.945260000000005,219796.0
2020-08-18,38.32855,39.28676,38.191660000000006,39.28676,95628.0
2020-08-19,39.28676,39.28676,38.35592,38.766589999999994,91767.0
2020-08-20,38.8761,39.12249,38.32855,38.49281,73273.0
2020-08-21,38.65708,38.73921,37.64411,37.86313,151941.0
2020-08-24,39.69742,39.69742,37.86313,38.6297,127657.0
2020-08-25,42.403949999999995,44.3314,41.054730000000006,41.63297,375156.0
2020-08-26,42.01846,44.3314,40.091010000000004,40.4765,164502.0
2020-08-27,40.4765,40.86199,39.320029999999996,40.823440000000005,196640.0
2020-08-28,40.669239999999995,41.24748,40.28375,41.054730000000006,188155.0
2020-08-31,41.054730000000006,41.054730000000006,40.51505,40.823440000000005,90676.0
2020-09-01,40.86199,40.86199,40.3994,40.4765,57206.0
2020-09-03,40.4765,40.823440000000005,40.091010000000004,40.63069,70318.0
2020-09-04,40.4765,40.78489,40.091010000000004,40.70779,163260.0
2020-09-07,40.86199,40.86199,40.322300000000006,40.322300000000006,41335.0
2020-09-08,40.091010000000004,40.4765,40.01391,40.052459999999996,53487.0
2020-09-09,40.12956,40.12956,39.43567,39.89826,111548.0
2020-09-10,39.320029999999996,40.28375,39.320029999999996,40.091010000000004,28191.0
2020-09-11,40.4765,40.4765,40.091010000000004,40.3994,79404.0
2020-09-14,40.4765,40.4765,39.85971,40.091010000000004,48810.0
2020-09-15,40.091010000000004,40.4765,40.01391,40.091010000000004,29190.0
2020-09-16,40.091010000000004,40.437949999999994,40.01391,40.28375,53731.0
2020-09-17,40.2452,40.2452,40.01391,40.091010000000004,23185.0
2020-09-18,40.091010000000004,40.091010000000004,39.62842,39.89826,83192.0
2020-09-21,40.052459999999996,40.4765,39.70552,40.091010000000004,76691.0
2020-09-22,40.091010000000004,40.091010000000004,39.70552,39.89826,20528.0
2020-09-23,39.89826,40.052459999999996,39.821160000000006,39.89826,46023.0
2020-09-24,40.01391,40.091010000000004,39.936809999999994,40.052459999999996,49250.0
2020-09-25,39.70552,40.01391,39.70552,40.01391,67561.0
2020-09-28,40.01391,40.091010000000004,38.54905,39.512769999999996,136795.0
2020-09-29,39.70552,40.86199,39.70552,40.592150000000004,255176.0
2020-09-30,40.592150000000004,43.17493,40.437949999999994,42.98219,292339.0
2020-10-01,43.05928,46.25886,42.01846,42.3654,214876.0
2020-10-02,42.403949999999995,42.75089,40.86199,41.63297,215982.0
2020-10-05,41.71007,44.3314,41.440220000000004,41.63297,155000.0
2020-10-06,42.01846,42.01846,41.24748,41.28603,187800.0
2020-10-07,41.47877,43.56042,41.054730000000006,41.28603,92300.0
2020-10-08,41.324580000000005,42.01846,41.170379999999994,41.36313,141700.0
2020-10-09,41.36313,41.94136,41.28603,41.94136,90900.0
2020-10-12,41.74862,41.74862,40.669239999999995,40.86199,166800.0
2020-10-13,40.86199,40.97764,40.70779,40.93908999999999,53800.0
2020-10-14,41.20893,41.20893,40.553599999999996,40.669239999999995,97000.0
2020-10-15,40.74634,41.01618,40.74634,41.01618,85800.0
2020-10-16,41.054730000000006,41.82571,41.054730000000006,41.74862,178000.0
2020-10-19,41.74862,41.74862,41.170379999999994,41.671519999999994,161700.0
2020-10-20,41.440220000000004,41.82571,41.36313,41.671519999999994,106600.0
2020-10-21,41.63297,41.86426,41.40168,41.40168,31300.0
2020-10-22,41.24748,41.24748,40.93908999999999,41.09328,44500.0
2020-10-23,41.054730000000006,41.671519999999994,41.01618,41.59442,90700.0
2020-10-26,41.63297,41.63297,41.09328,41.09328,35700.0
2020-10-27,41.24748,41.63297,41.09328,41.13183,54500.0
2020-10-28,41.24748,41.47877,40.63069,40.86199,82000.0
2020-10-29,40.669239999999995,40.90054,40.553599999999996,40.669239999999995,39400.0
2020-10-30,41.24748,42.01846,41.24748,41.63297,87500.0
2020-11-02,41.054730000000006,41.24748,40.97764,41.24748,83800.0
2020-11-03,41.440220000000004,41.440220000000004,41.054730000000006,41.20893,56200.0
2020-11-04,41.13183,41.71007,41.13183,41.63297,87200.0
2020-11-05,41.63297,41.63297,41.440220000000004,41.63297,30000.0
2020-11-06,41.555870000000006,41.86426,41.440220000000004,41.787169999999996,102600.0
2020-11-09,42.403949999999995,42.78944,42.17266,42.4425,91500.0
2020-11-10,42.4425,42.75089,42.01846,42.01846,40300.0
2020-11-11,42.01846,42.01846,41.20893,41.24748,116900.0
2020-11-12,41.20893,41.20893,40.4765,41.054730000000006,188900.0
2020-11-13,41.09328,42.403949999999995,41.09328,41.71007,60200.0
2020-11-16,41.63297,41.82571,41.20893,41.555870000000006,77100.0
2020-11-17,41.47877,41.82571,41.440220000000004,41.82571,109300.0
2020-11-18,41.63297,41.71007,41.47877,41.63297,43700.0
2020-11-19,41.51732,41.71007,41.440220000000004,41.671519999999994,95500.0
2020-11-20,41.63297,42.01846,41.63297,41.787169999999996,99400.0
2020-11-23,42.01846,44.3314,41.787169999999996,43.945910000000005,367400.0
2020-11-24,43.945910000000005,44.52415,43.17493,43.56042,231700.0
2020-11-25,43.945910000000005,43.945910000000005,42.78944,42.78944,88400.0
2020-11-26,43.75317,43.75317,41.71007,42.057010000000005,66300.0
2020-11-27,43.17493,43.17493,41.979910000000004,42.21121,52800.0
2020-11-30,42.403949999999995,42.403949999999995,41.979910000000004,42.3654,64500.0
2020-12-01,40.86199,42.21121,40.669239999999995,42.01846,64400.0
2020-12-02,42.21121,42.98219,41.82571,42.94364,147200.0
2020-12-03,42.71234,42.71234,42.01846,42.403949999999995,81500.0
2020-12-04,42.01846,42.4425,41.902809999999995,42.403949999999995,106800.0
2020-12-07,42.32685,42.78944,42.01846,42.32685,55500.0
2020-12-08,42.403949999999995,42.78944,41.94136,42.09556,117500.0
2020-12-09,42.403949999999995,42.403949999999995,41.94136,42.21121,77600.0
2020-12-10,42.01846,42.403949999999995,42.01846,42.24975,59200.0
2020-12-11,42.21121,42.21121,42.01846,42.057010000000005,129317.0
2020-12-14,42.403949999999995,43.17493,42.21121,42.5196,173180.0
2020-12-15,42.403949999999995,43.05928,42.403949999999995,42.403949999999995,131643.0
2020-12-16,42.403949999999995,42.5967,42.32685,42.403949999999995,110164.0
2020-12-17,42.32685,42.32685,41.51732,41.671519999999994,243100.0
2020-12-18,41.63297,42.01846,41.440220000000004,41.63297,68420.0
2020-12-21,41.63297,42.13411,41.40168,42.057010000000005,52395.0
2020-12-22,41.71007,41.82571,41.24748,41.787169999999996,237009.0
2020-12-23,41.82571,42.21121,41.63297,41.902809999999995,82118.0
2020-12-24,41.71007,41.86426,41.054730000000006,41.47877,75900.0
2020-12-25,41.24748,41.63297,41.24748,41.63297,36711.0
2020-12-28,41.440220000000004,41.63297,41.24748,41.59442,86510.0
2020-12-29,41.555870000000006,41.74862,41.440220000000004,41.63297,58292.0
2020-12-30,41.63297,42.01846,41.63297,41.979910000000004,62297.0
2020-12-31,41.979910000000004,42.057010000000005,41.440220000000004,41.82571,70894.0
2021-01-04,41.82571,41.94136,41.36313,41.47877,208781.0
2021-01-05,41.47877,41.71007,41.28603,41.555870000000006,129066.0
2021-01-06,41.51732,41.59442,41.36313,41.51732,136280.0
2021-01-07,41.555870000000006,41.555870000000006,41.24748,41.24748,202224.0
2021-01-08,41.555870000000006,41.63297,41.40168,41.47877,175762.0
2021-01-11,41.555870000000006,44.67834,41.47877,43.36768,928039.0
2021-01-12,43.945910000000005,45.48787,43.40623,44.909639999999996,361575.0
2021-01-13,44.71689,46.181760000000004,44.71689,44.75544,169051.0
2021-01-14,44.75544,44.909639999999996,43.75317,44.21576,330630.0
2021-01-15,44.3314,44.52415,42.403949999999995,42.86654,367209.0
2021-01-18,43.17493,44.2543,42.4425,43.213480000000004,204174.0
2021-01-19,43.17493,43.90736,40.4765,41.555870000000006,401329.0
2021-01-20,41.36313,41.86426,38.5105,41.24748,334170.0
2021-01-21,41.82571,42.01846,40.86199,41.440220000000004,272241.0
2021-01-22,41.28603,41.440220000000004,40.90054,41.054730000000006,365303.0
2021-01-25,41.13183,41.324580000000005,40.93908999999999,41.13183,216255.0
2021-01-26,41.09328,41.09328,38.93454,39.70552,360631.0
2021-01-27,40.20666000000001,40.20666000000001,38.356300000000005,38.356300000000005,318251.0
2021-01-28,38.356300000000005,38.39485,33.53767,34.69414,428410.0
2021-01-29,34.88689,39.55132,34.69414,39.43567,189591.0
2021-02-01,39.43567,40.052459999999996,38.39485,38.93454,98541.0
2021-02-02,38.54905,38.93454,36.62159,38.93454,96894.0
2021-02-03,38.93454,38.93454,37.97081,38.2021,251896.0
2021-02-04,38.24065,38.279199999999996,36.77579,37.39257,490153.0
2021-02-05,37.77807,37.77807,37.46967,37.77807,34253.0
2021-02-08,37.77807,38.16356,35.465120000000006,35.696419999999996,273532.0
2021-02-09,35.85061,37.58532,35.85061,37.31548,189833.0
2021-02-17,37.39257,37.97081,37.39257,37.93226,71438.0
2021-02-18,37.97081,38.279199999999996,37.77807,37.81661,165698.0
2021-02-19,37.97081,37.97081,37.58532,37.66242,103370.0
2021-02-22,37.77807,37.77807,37.546769999999995,37.623870000000004,116991.0
2021-02-23,37.122730000000004,37.58532,37.122730000000004,37.31548,136729.0
2021-02-24,37.39257,37.58532,37.19983,37.19983,106903.0
2021-02-25,37.31548,37.43112,36.814339999999994,36.814339999999994,145595.0
2021-02-26,36.814339999999994,37.66242,36.62159,37.58532,188972.0
2021-03-01,37.58532,37.89371,37.08418,37.23838,105601.0
2021-03-02,37.70097,37.855160000000005,37.08418,37.08418,121379.0
2021-03-03,37.122730000000004,37.31548,36.92999,37.00708,206647.0
2021-03-04,37.045629999999996,37.19983,36.50595,36.50595,219713.0
2021-03-05,36.62159,36.77579,36.08191,36.19755,331269.0
2021-03-08,36.2361,36.467400000000005,35.580769999999994,35.85061,336110.0
2021-03-09,35.85061,35.889160000000004,34.77124,35.079629999999995,309117.0
2021-03-10,35.15673,35.42657,34.732690000000005,35.079629999999995,486323.0
2021-03-11,35.079629999999995,35.77351,34.92544,35.04108,508188.0
2021-03-12,35.079629999999995,36.2361,35.079629999999995,35.34948,665119.0
2021-03-15,35.65787,37.122730000000004,35.65787,36.313199999999995,388445.0
2021-03-16,36.62159,36.62159,35.65787,35.812059999999995,474479.0
2021-03-17,35.812059999999995,35.85061,35.27238,35.38802,408567.0
2021-03-18,35.465120000000006,35.85061,35.38802,35.38802,317543.0
2021-03-19,35.465120000000006,35.85061,35.079629999999995,35.812059999999995,222579.0
2021-03-22,35.580769999999994,35.966260000000005,35.079629999999995,35.15673,293202.0
2021-03-23,35.65787,35.65787,34.96398000000001,35.15673,224553.0
2021-03-24,35.15673,35.15673,34.347199999999994,34.578489999999995,348815.0
2021-03-25,34.69414,34.69414,33.80751,34.30865,298282.0
2021-03-26,34.30865,34.30865,33.53767,33.92316,228786.0
2021-03-29,34.000260000000004,34.000260000000004,32.88234,33.03653,321196.0
2021-03-30,33.15218,33.15218,31.80296,33.03653,506547.0
2021-03-31,33.03653,34.69414,32.76669,34.69414,556943.0
2021-04-01,34.69414,35.04108,34.462849999999996,34.65559,268927.0
2021-04-02,34.69414,34.69414,33.53767,33.846059999999994,254759.0
2021-04-05,33.92316,34.501400000000004,33.30638,33.46057,357494.0
2021-04-06,33.61477,34.11591000000001,33.61477,34.03881,439983.0
2021-04-07,34.03881,34.30865,33.730419999999995,33.88461,278409.0
2021-04-08,33.88461,34.231550000000006,33.61477,33.65332,174049.0
2021-04-09,33.88461,33.88461,33.19073,33.30638,297387.0
2021-04-12,33.30638,33.730419999999995,32.95943,33.11363,272923.0
2021-04-13,33.11363,33.11363,32.034259999999996,32.1499,525575.0
2021-04-14,32.1499,32.728139999999996,31.53312,32.49685,251254.0
2021-04-15,32.49685,33.344919999999995,31.88006,32.3812,526424.0
2021-04-16,32.53539,32.53539,31.80296,31.84151,349670.0
2021-04-19,31.95716,31.99571,31.64877,31.95716,194771.0
2021-04-20,31.95716,32.65104,31.84151,31.88006,344962.0
2021-04-22,31.91861,32.3041,30.83924,30.95488,291346.0
2021-04-23,31.45602,32.3041,30.87779,31.80296,385684.0
2021-04-26,31.84151,32.3812,31.22473,31.22473,274096.0
2021-04-27,31.68732,31.80296,31.03198,31.109080000000002,118948.0
2021-04-28,31.109080000000002,31.301830000000002,30.83924,31.070529999999998,196812.0
2021-04-29,31.22473,31.22473,30.87779,31.109080000000002,103088.0
2021-05-04,31.070529999999998,31.070529999999998,30.145349999999997,31.03198,409500.0
2021-05-05,30.83924,33.76896,30.83924,32.95943,559582.0
2021-05-06,32.92089,34.501400000000004,32.80524,34.30865,941194.0
2021-05-07,34.30865,35.465120000000006,34.03881,34.732690000000005,569081.0
2021-05-10,34.80979,34.80979,33.46057,34.462849999999996,260361.0
2021-05-11,34.15445,34.462849999999996,34.000260000000004,34.03881,168643.0
2021-05-12,34.000260000000004,34.000260000000004,33.30638,33.53767,253391.0
2021-05-13,33.46057,33.65332,32.26555,32.3812,297201.0
2021-05-14,32.3041,33.65332,32.3041,32.95943,96576.0
2021-05-17,32.997980000000005,33.422019999999996,32.76669,32.84379,102180.0
2021-05-18,32.95943,32.95943,32.227,32.53539,102002.0
2021-05-19,32.53539,32.65104,32.3812,32.65104,103181.0
2021-05-20,32.65104,32.997980000000005,32.4583,32.997980000000005,124562.0
2021-05-21,33.03653,33.92316,33.03653,33.53767,225232.0
2021-05-24,33.57622,35.00253,33.57622,35.00253,360636.0
2021-05-25,36.62159,36.62159,34.96398000000001,36.12046,598251.0
2021-05-26,36.12046,36.66014,35.27238,35.889160000000004,378372.0
2021-05-27,36.27465,36.3903,35.580769999999994,35.696419999999996,250891.0
2021-05-28,35.696419999999996,35.85061,34.69414,35.27238,236946.0
2021-05-31,35.465120000000006,35.465120000000006,34.30865,35.079629999999995,277033.0
2021-06-01,34.88689,35.11818,34.231550000000006,35.04108,158010.0
2021-06-02,34.88689,35.966260000000005,34.30865,35.77351,333593.0
2021-06-03,35.734970000000004,36.313199999999995,35.734970000000004,36.27465,334801.0
2021-06-04,36.27465,37.546769999999995,35.92771,37.43112,617628.0
2021-06-07,37.43112,38.16356,36.92999,38.08646,577161.0
2021-06-08,38.16356,38.54905,36.62159,37.39257,456328.0
2021-06-09,37.19983,37.39257,36.42885,36.968540000000004,159447.0
2021-06-10,37.39257,37.97081,37.39257,37.77807,218679.0
2021-06-11,37.77807,39.89826,37.77807,39.66697,402066.0
2021-06-14,39.78262,40.28375,39.70552,39.89826,211832.0
2021-06-15,39.89826,39.936809999999994,38.54905,39.512769999999996,208857.0
2021-06-16,39.512769999999996,39.70552,39.320029999999996,39.55132,154571.0
2021-06-17,39.512769999999996,39.70552,33.53767,39.35858,471754.0
2021-06-18,42.442,43.41768,40.34429,40.49065,495144.0
2021-06-21,40.978480000000005,41.12484,39.7101,39.90524,471045.0
2021-06-22,40.49065,41.027269999999994,40.24673000000001,40.9297,255950.0
2021-06-23,40.9297,41.17362,40.29551,40.44186,116847.0
2021-06-24,40.44186,40.978480000000005,40.19794,40.393080000000005,72693.0
2021-06-25,40.100370000000005,40.44186,40.00281,40.393080000000005,114003.0
2021-06-28,40.44186,40.49065,40.00281,40.05159,87976.0
2021-06-29,40.05159,40.14916,40.00281,40.05159,85665.0
2021-06-30,40.05159,40.49065,39.95402,40.19794,68435.0
2021-07-01,40.393080000000005,40.393080000000005,40.00281,40.100370000000005,78168.0
2021-07-02,40.24673000000001,40.978480000000005,40.100370000000005,40.393080000000005,176186.0
2021-07-05,40.58821,41.12484,40.393080000000005,40.880919999999996,348653.0
2021-07-06,40.880919999999996,41.17362,40.49065,40.49065,232643.0
2021-07-07,40.100370000000005,40.393080000000005,39.51497,40.100370000000005,189632.0
2021-07-08,40.05159,40.19794,39.856449999999995,39.90524,93349.0
2021-07-09,39.80767,40.34429,39.4174,40.00281,93772.0
2021-07-12,39.80767,39.80767,37.95388,39.1247,209019.0
2021-07-13,39.07591,39.07591,37.95388,39.02713,79893.0
2021-07-14,38.78321,39.02713,37.56361,38.34415,73451.0
2021-07-15,38.10023,38.68564,38.051449999999996,38.68564,39033.0
2021-07-16,38.78321,40.49065,38.78321,40.19794,167008.0
2021-07-19,39.75889,40.9297,39.661319999999996,40.29551,209564.0
2021-07-20,40.34429,40.83213,40.00281,40.73457,206250.0
2021-07-21,40.49065,40.78335,40.49065,40.68578,137974.0
2021-07-22,40.637,40.83213,40.53943,40.73457,167749.0
2021-07-23,40.880919999999996,40.978480000000005,40.44186,40.49065,135926.0
2021-07-26,40.49065,41.41754,40.34429,41.2224,287738.0
2021-07-27,41.17362,43.61282,41.17362,43.41768,513505.0
2021-07-28,43.41768,44.295790000000004,43.32011,43.9543,244309.0
2021-07-29,43.905519999999996,43.905519999999996,42.73471,42.78349,185080.0
2021-07-30,42.92984,43.6616,42.442,43.12498,218006.0
2021-08-02,42.685919999999996,42.92984,41.46632,42.490790000000004,249732.0
2021-08-03,42.39322,42.88106,42.00295,42.34443,243731.0
2021-08-04,42.34443,42.39322,42.00295,42.149300000000004,221099.0
2021-08-05,42.00295,42.051730000000006,41.46632,41.8566,229621.0
2021-08-06,41.905379999999994,41.905379999999994,41.2224,41.31997,238350.0
2021-08-09,41.17362,42.88106,41.17362,41.95416,218683.0
2021-08-10,41.56389,42.10051,41.2224,41.8566,201294.0
2021-08-11,41.71024,42.685919999999996,41.46632,42.490790000000004,285729.0
2021-08-12,42.29565,42.442,41.905379999999994,41.95416,119268.0
2021-08-13,41.46632,41.95416,41.46632,41.56389,128207.0
2021-08-16,41.71024,41.71024,41.2224,41.36876,221455.0
2021-08-17,41.36876,41.46632,40.68578,40.978480000000005,306634.0
2021-08-18,40.73457,40.78335,39.856449999999995,40.14916,358858.0
2021-08-19,40.00281,40.44186,39.90524,40.00281,252047.0
2021-08-20,40.14916,40.14916,38.929559999999995,39.07591,363059.0
2021-08-23,38.53929,39.1247,38.53929,38.68564,169158.0
2021-08-24,38.78321,39.02713,38.68564,38.929559999999995,137189.0
2021-08-25,39.1247,40.100370000000005,38.78321,40.00281,138935.0
2021-08-26,40.00281,40.24673000000001,39.27105,39.75889,94567.0
2021-08-27,39.75889,40.00281,38.53929,40.00281,95979.0
2021-08-30,39.75889,40.100370000000005,39.46618,39.95402,103974.0
2021-08-31,39.95402,40.100370000000005,39.51497,39.75889,98830.0
2021-09-01,39.661319999999996,39.90524,39.4174,39.856449999999995,60816.0
2021-09-06,39.856449999999995,40.880919999999996,39.856449999999995,40.73457,174834.0
2021-09-07,40.73457,42.29565,40.73457,41.56389,249143.0
2021-09-08,41.41754,41.46632,40.978480000000005,41.2224,89648.0
2021-09-09,41.2224,41.271190000000004,40.978480000000005,41.17362,93174.0
2021-09-10,41.12484,41.17362,40.44186,40.73457,131755.0
2021-09-13,40.73457,40.73457,40.100370000000005,40.19794,113984.0
2021-09-14,40.24673000000001,40.24673000000001,39.61254,40.00281,126736.0
2021-09-15,39.90524,39.90524,39.36862,39.75889,60839.0
2021-09-16,40.00281,40.24673000000001,39.56375,40.24673000000001,66160.0
2021-09-17,40.00281,40.29551,39.80767,40.100370000000005,63446.0
2021-09-20,40.100370000000005,40.24673000000001,39.95402,40.05159,85610.0
2021-09-21,39.02713,40.00281,39.02713,39.661319999999996,138513.0
2021-09-22,39.75889,40.00281,39.27105,39.75889,200805.0
2021-09-23,39.51497,40.393080000000005,39.46618,39.90524,161746.0
2021-09-24,39.7101,40.00281,39.51497,39.61254,43985.0
2021-09-27,39.7101,40.00281,39.31983,39.51497,44366.0
2021-09-28,39.46618,39.7101,39.173480000000005,39.51497,36942.0
2021-09-29,39.51497,39.51497,39.31983,39.31983,39261.0
2021-09-30,39.46618,39.75889,39.4174,39.661319999999996,88016.0
2021-10-01,39.95402,39.95402,39.31983,39.4174,108846.0
2021-10-04,39.51497,40.73457,39.46618,40.53943,332064.0
2021-10-05,40.34429,40.83213,40.34429,40.78335,144648.0
2021-10-06,40.978480000000005,40.978480000000005,40.53943,40.880919999999996,134803.0
2021-10-07,40.880919999999996,40.880919999999996,40.68578,40.83213,160428.0
2021-10-08,40.68578,40.68578,40.393080000000005,40.53943,116684.0
2021-10-11,40.58821,40.58821,40.24673000000001,40.34429,86448.0
2021-10-12,40.14916,40.53943,40.100370000000005,40.14916,86780.0
2021-10-13,40.49065,40.49065,39.90524,40.00281,64036.0
2021-10-14,40.00281,40.00281,39.56375,39.80767,261013.0
2021-10-15,40.100370000000005,40.100370000000005,39.173480000000005,39.51497,345012.0
2021-10-18,39.51497,39.51497,38.78321,38.88078,388351.0
2021-10-19,39.02713,39.02713,38.73442,38.83199,297419.0
2021-10-20,38.83199,39.27105,38.63686,38.73442,277700.0
2021-10-21,38.83199,39.7101,38.39294,38.49051,419078.0
2021-10-22,38.53929,38.68564,38.49051,38.53929,383256.0
2021-10-25,38.53929,38.58807,38.14902,38.58807,296910.0
2021-10-26,38.53929,38.53929,38.24659,38.295370000000005,90965.0
2021-10-27,38.34415,38.83199,38.1978,38.68564,195780.0
2021-10-28,38.68564,39.27105,38.68564,39.27105,172964.0
2021-10-29,39.51497,39.90524,39.1247,39.90524,210806.0
2021-11-01,39.95402,40.49065,39.51497,39.51497,225345.0
2021-11-02,39.51497,39.51497,38.53929,38.63686,556944.0
2021-11-03,38.53929,38.978339999999996,38.53929,38.58807,227021.0
2021-11-04,38.78321,38.978339999999996,38.53929,38.978339999999996,74309.0
2021-11-05,39.02713,39.31983,38.78321,39.07591,86719.0
2021-11-08,39.07591,39.173480000000005,38.88078,39.02713,110581.0
2021-11-09,39.02713,39.02713,38.53929,38.83199,164382.0
2021-11-10,38.83199,39.02713,38.63686,38.68564,92550.0
2021-11-11,38.73442,38.83199,38.441720000000004,38.53929,178776.0
2021-11-12,38.53929,38.78321,38.34415,38.78321,186456.0
2021-11-15,38.78321,38.88078,38.58807,38.68564,103094.0
2021-11-16,38.73442,39.07591,38.73442,38.83199,134864.0
2021-11-17,38.929559999999995,38.929559999999995,38.73442,38.83199,90392.0
2021-11-18,38.88078,38.88078,38.63686,38.63686,95107.0
2021-11-19,38.83199,38.83199,38.002669999999995,38.441720000000004,155940.0
2021-11-22,38.441720000000004,38.49051,38.002669999999995,38.051449999999996,118863.0
2021-11-23,38.051449999999996,39.02713,37.80753,38.34415,30437.0
2021-11-24,38.34415,38.73442,38.24659,38.53929,81263.0
2021-11-25,38.58807,38.63686,38.34415,38.63686,83138.0
2021-11-26,38.73442,38.83199,38.53929,38.68564,176270.0
2021-11-29,38.68564,38.73442,38.051449999999996,38.441720000000004,74161.0
2021-11-30,38.34415,38.53929,38.1978,38.1978,114266.0
2021-12-01,38.34415,38.49051,38.002669999999995,38.14902,75189.0
2021-12-02,38.14902,38.53929,37.95388,38.051449999999996,138801.0
2021-12-03,38.051449999999996,38.441720000000004,37.56361,37.61239,128924.0
2021-12-06,37.46604,37.56361,35.70982,35.80739,168731.0
2021-12-07,36.78307,37.07577,36.344010000000004,36.78307,94527.0
2021-12-08,36.73428,37.124559999999995,35.70982,35.75861,100736.0
2021-12-09,36.246449999999996,36.246449999999996,35.61225,36.14888,139596.0
2021-12-10,36.100089999999994,36.344010000000004,35.80739,35.85617,75267.0
2021-12-13,36.14888,36.3928,35.85617,36.00253,100777.0
2021-12-14,36.100089999999994,36.246449999999996,35.90496,36.00253,108956.0
2021-12-15,36.00253,36.490370000000006,35.85617,36.490370000000006,129896.0
2021-12-16,36.490370000000006,36.490370000000006,36.100089999999994,36.3928,63895.0
2021-12-17,36.246449999999996,36.53915,36.246449999999996,36.490370000000006,124670.0
2021-12-20,37.02699,40.29551,36.246449999999996,36.58793,48496.0
2021-12-21,36.88064,36.88064,35.61225,36.58793,77858.0
2021-12-22,36.44158,36.44158,35.61225,35.66104,129797.0
2021-12-23,35.66104,36.00253,34.8805,35.07563,100371.0
2021-12-24,35.12442,35.61225,34.68536,34.78293,119829.0
2021-12-27,34.8805,35.173199999999994,34.63658,34.78293,78140.0
2021-12-28,36.58793,36.58793,34.49022,34.58779,143602.0
2021-12-29,34.39266000000001,35.61225,34.24631,35.27077,100129.0
2021-12-30,35.27077,35.417120000000004,34.92928,34.92928,32407.0
2021-12-31,34.97806,36.44158,34.97806,36.44158,101988.0
2022-01-04,35.61225,36.44158,35.61225,35.85617,64515.0
2022-01-05,35.80739,36.100089999999994,35.31955,35.85617,132767.0
2022-01-06,35.85617,35.85617,34.97806,35.12442,105568.0
2022-01-07,35.12442,35.22198,34.97806,35.12442,42390.0
2022-01-10,35.12442,35.173199999999994,34.34387,34.39266000000001,152059.0
2022-01-11,34.295089999999995,34.58779,34.14874,34.14874,107033.0
2022-01-12,35.12442,35.61225,34.14874,34.8805,104310.0
2022-01-13,34.68536,34.68536,34.14874,34.58779,18350.0
2022-01-14,34.19752,34.539010000000005,34.14874,34.39266000000001,38186.0
2022-01-17,34.34387,34.39266000000001,33.17306,33.319410000000005,107803.0
2022-01-18,33.319410000000005,33.319410000000005,33.12428,33.22183999999999,83693.0
2022-01-19,33.17306,33.17306,32.68522,32.78279,87659.0
2022-01-20,32.78279,33.51455,32.63644,33.51455,71266.0
2022-01-21,33.51455,33.51455,32.88036,32.92914,83539.0
2022-01-24,32.92914,32.92914,32.1486,32.1486,146002.0
2022-01-25,32.19738,32.24616,31.66076,31.85589,135494.0
2022-01-26,31.95346,31.95346,30.929,31.95346,331119.0
2022-01-27,31.95346,32.538869999999996,31.221700000000002,31.221700000000002,109356.0
2022-01-28,31.66076,32.538869999999996,31.172919999999998,32.49008,113576.0
2022-02-07,32.49008,32.68522,31.75833,32.538869999999996,67285.0
2022-02-08,32.78279,33.56333,32.68522,33.51455,118032.0
2022-02-09,33.56333,34.44144,33.56333,34.24631,81355.0
2022-02-10,34.19752,34.63658,33.56333,34.14874,79764.0
2022-02-11,33.6609,33.75847,33.41698,33.41698,50991.0
2022-02-14,33.46576,34.295089999999995,32.734,34.14874,88353.0
2022-02-15,34.00239,34.24631,33.22183999999999,33.9536,83699.0
2022-02-16,34.14874,34.19752,33.85603,34.14874,85238.0
2022-02-17,34.09995,34.09995,33.17306,33.56333,119359.0
2022-02-18,33.41698,33.75847,33.41698,33.75847,106162.0
2022-02-21,33.75847,34.295089999999995,33.56333,34.09995,133805.0
2022-02-22,34.14874,34.14874,33.46576,33.6609,66045.0
2022-02-23,33.6609,33.80725,33.51455,33.75847,97055.0
2022-02-24,33.70968,34.05117,32.587650000000004,33.12428,97890.0
2022-02-25,33.075489999999995,33.17306,32.83157,32.88036,67161.0
2022-02-28,33.02671,33.02671,32.24616,32.587650000000004,154641.0
2022-03-01,32.587650000000004,32.78279,32.29495,32.68522,116860.0
2022-03-02,32.4413,32.49008,32.00225,32.09981,145564.0
2022-03-03,32.09981,32.78279,32.00225,32.587650000000004,67584.0
2022-03-04,32.29495,32.587650000000004,32.00225,32.00225,106873.0
2022-03-07,31.85589,32.29495,31.61197,31.61197,162461.0
2022-03-08,31.70954,31.95346,31.41684,31.90468,213075.0
2022-03-09,32.09981,32.49008,31.41684,31.61197,244841.0
2022-03-10,31.66076,32.88036,31.66076,32.68522,148473.0
2022-03-11,32.68522,33.17306,32.68522,32.68522,91128.0
2022-03-14,32.68522,32.734,32.00225,32.68522,144524.0
2022-03-15,32.68522,32.83157,32.39252,32.83157,132815.0
2022-03-16,32.83157,34.295089999999995,32.83157,34.19752,271131.0
2022-03-17,34.24631,35.368339999999996,34.24631,35.31955,279830.0
2022-03-18,35.31955,36.197660000000006,35.12442,35.465900000000005,256392.0
2022-03-21,35.61225,35.953739999999996,34.73414,35.85617,193624.0
2022-03-22,35.56347,35.56347,34.8805,35.12442,156926.0
2022-03-23,35.12442,36.05131,34.83171,35.465900000000005,190991.0
2022-03-24,35.51469,37.66118,35.51469,37.56361,510354.0
2022-03-25,37.51483,39.31983,37.46604,38.929559999999995,1043912.0
2022-03-28,38.929559999999995,40.00281,38.929559999999995,39.95402,635430.0
2022-03-29,39.661319999999996,39.95402,39.1247,39.661319999999996,394432.0
2022-03-30,39.56375,40.00281,39.02713,39.56375,486869.0
2022-03-31,39.07591,39.75889,38.978339999999996,39.4174,366758.0
2022-04-01,39.07591,39.75889,38.929559999999995,39.36862,692359.0
2022-04-04,39.27105,41.17362,39.27105,40.83213,497449.0
2022-04-05,40.978480000000005,41.12484,40.24673000000001,40.58821,152615.0
2022-04-06,40.53943,40.68578,39.36862,40.58821,253724.0
2022-04-07,39.51497,40.9297,39.46618,39.90524,199719.0
2022-04-08,40.00281,40.14916,37.56361,38.295370000000005,435388.0
2022-04-12,38.53929,38.929559999999995,37.173339999999996,37.66118,235235.0
2022-04-13,37.75875,39.46618,36.344010000000004,38.53929,422610.0
2022-04-14,37.70996,40.393080000000005,37.70996,40.00281,906606.0
2022-04-15,39.51497,41.027269999999994,39.51497,40.68578,563176.0
2022-04-18,40.68578,41.46632,39.61254,40.00281,559820.0
2022-04-19,40.00281,41.46632,39.51497,40.68578,995402.0
2022-04-20,40.44186,41.31997,39.02713,39.75889,584520.0
2022-04-21,39.27105,40.978480000000005,37.80753,39.22226,396468.0
2022-04-22,39.07591,39.7101,35.12442,36.831849999999996,707222.0
2022-04-25,36.831849999999996,37.46604,32.24616,33.6609,528156.0
2022-04-26,33.80725,35.07563,31.70954,34.14874,339626.0
2022-04-27,34.83171,36.100089999999994,34.63658,35.12442,206041.0
2022-04-28,35.465900000000005,37.07577,35.465900000000005,36.100089999999994,249222.0
2022-04-29,36.246449999999996,37.02699,35.51469,36.831849999999996,455180.0
2022-05-04,36.78307,36.78307,35.07563,35.51469,143183.0
2022-05-05,35.368339999999996,36.490370000000006,34.05117,35.12442,346781.0
2022-05-06,34.63658,34.63658,33.17306,33.56333,203719.0
2022-05-09,33.61211,33.61211,29.953319999999998,31.270490000000002,429604.0
2022-05-10,31.07535,35.61225,30.24602,31.07535,256740.0
2022-05-11,34.14874,34.539010000000005,32.92914,31.07535,129326.0
2022-05-12,33.51455,35.12442,32.19738,31.07535,273303.0
2022-05-13,32.92914,33.9536,31.172919999999998,31.70954,204645.0
2022-05-16,32.4413,34.39266000000001,32.4413,33.02671,240326.0
2022-05-17,33.85603,34.05117,32.49008,33.9536,592680.0
2022-05-18,33.319410000000005,34.14874,32.587650000000004,33.90482,259195.0
2022-05-19,33.12428,33.6609,32.09981,32.09981,281149.0
2022-05-20,32.63644,33.12428,31.70954,32.68522,682479.0
2022-05-23,32.00225,33.80725,31.270490000000002,32.68522,446774.0
2022-05-24,32.39252,33.319410000000005,31.66076,32.68522,320100.0
2022-05-25,32.39252,32.63644,31.70954,32.49008,520863.0
2022-05-26,32.09981,34.14874,32.09981,33.56333,793741.0
2022-05-27,33.319410000000005,35.07563,33.319410000000005,34.539010000000005,463517.0
2022-05-30,34.539010000000005,34.73414,33.85603,34.24631,313752.0
2022-05-31,34.09995,34.44144,33.41698,33.41698,319519.0
2022-06-01,33.17306,33.61211,32.63644,33.17306,444940.0
2022-06-02,32.97792,33.61211,32.63644,32.88036,392733.0
2022-06-03,32.92914,33.6609,32.63644,33.075489999999995,330949.0
2022-06-06,32.92914,34.05117,32.88036,33.46576,514007.0
2022-06-07,33.6609,33.85603,32.68522,33.56333,327201.0
2022-06-08,33.02671,33.80725,32.97792,33.61211,535987.0
2022-06-09,33.6609,33.80725,33.17306,33.46576,321429.0
2022-06-10,33.27063,33.61211,32.4413,32.538869999999996,434974.0
2022-06-13,32.587650000000004,32.587650000000004,30.44116,30.685080000000003,580625.0
2022-06-14,30.489939999999997,31.70954,30.24602,31.465619999999998,417841.0
2022-06-15,31.465619999999998,31.465619999999998,29.660619999999998,30.34359,369410.0
2022-06-16,31.172919999999998,31.172919999999998,29.953319999999998,30.24602,270260.0
2022-06-17,30.24602,30.24602,28.099529999999998,28.34345,386887.0
2022-06-20,28.34345,28.684939999999997,24.87979,24.97736,821896.0
2022-06-21,25.12371,26.343310000000002,24.63587,25.611549999999998,283377.0
2022-06-22,25.85547,26.78237,25.318849999999998,25.95304,133735.0
2022-06-23,25.85547,27.80683,25.85547,27.318990000000003,233086.0
2022-06-24,26.928720000000002,27.66048,26.636020000000002,27.318990000000003,206900.0
2022-06-27,27.36777,27.709259999999997,27.07507,27.172639999999998,28910.0
2022-06-28,25.85547,27.80683,25.85547,26.78237,152225.0
2022-06-29,27.07507,27.56291,26.587229999999998,27.02629,252006.0
2022-06-30,26.83115,27.56291,26.343310000000002,27.27021,117090.0
2022-07-01,27.56291,27.80683,26.343310000000002,27.123849999999997,172910.0
2022-07-04,25.85547,28.29467,25.85547,28.24588,263740.0
2022-07-05,27.80683,28.92886,27.56291,28.00196,157474.0
2022-07-06,28.00196,28.24588,26.636020000000002,27.22142,155234.0
2022-07-07,27.123849999999997,27.318990000000003,26.3921,26.83115,154414.0
2022-07-08,27.22142,27.51413,26.24574,27.02629,285713.0
2022-07-11,27.318990000000003,27.36777,26.294529999999998,26.294529999999998,218248.0
2022-07-12,26.733580000000003,26.83115,26.294529999999998,26.78237,168790.0
2022-07-13,26.83115,27.07507,26.294529999999998,26.83115,198624.0
2022-07-14,26.83115,26.928720000000002,26.343310000000002,26.78237,265413.0
2022-07-15,26.78237,27.61169,26.3921,27.22142,328550.0
2022-07-18,27.75805,28.05075,26.78237,27.07507,309116.0
2022-07-19,27.07507,27.123849999999997,26.343310000000002,26.6848,283167.0
2022-07-20,26.44088,27.51413,26.44088,27.51413,373920.0
2022-07-21,27.07507,29.416700000000002,27.02629,28.88007,582297.0
2022-07-22,28.78251,29.75819,28.39224,29.22156,424170.0
2022-07-25,29.02643,30.24602,28.24588,29.51427,563793.0
2022-07-26,28.78251,29.90454,28.684939999999997,29.51427,550981.0
2022-07-27,30.19724,30.685080000000003,29.07521,29.660619999999998,367611.0
2022-07-28,29.416700000000002,31.02657,29.416700000000002,29.75819,473857.0
2022-07-29,30.24602,30.685080000000003,29.36791,29.660619999999998,194939.0
2022-08-01,29.80697,30.685080000000003,29.02643,29.51427,374238.0
2022-08-02,29.46548,29.75819,28.73372,29.17278,441565.0
2022-08-03,28.78251,29.953319999999998,28.78251,29.85575,328991.0
2022-08-04,29.75819,30.489939999999997,29.75819,30.39238,580343.0
2022-08-05,30.24602,30.24602,29.80697,29.90454,294602.0
2022-08-08,29.270349999999997,30.0021,29.17278,29.953319999999998,209484.0
2022-08-09,29.75819,30.24602,29.56305,29.90454,209737.0
2022-08-10,29.75819,30.97778,29.75819,30.6363,432972.0
2022-08-11,30.73386,30.73386,29.709400000000002,29.75819,211736.0
2022-08-12,30.294810000000002,30.294810000000002,29.709400000000002,30.09967,211968.0
2022-08-15,29.953319999999998,31.465619999999998,29.953319999999998,31.41684,778728.0
2022-08-16,31.66076,31.66076,30.97778,31.172919999999998,239352.0
2022-08-17,31.172919999999998,31.80711,31.12413,31.41684,441065.0
2022-08-18,31.41684,31.80711,30.73386,31.07535,324616.0
2022-08-19,30.78265,31.41684,30.24602,30.929,186351.0
2022-08-22,30.685080000000003,31.02657,30.294810000000002,30.97778,314407.0
2022-08-23,30.73386,31.221700000000002,30.489939999999997,31.172919999999998,162349.0
2022-08-24,31.172919999999998,32.19738,31.12413,32.09981,638869.0
2022-08-25,31.95346,32.68522,31.70954,32.00225,265531.0
2022-08-26,32.1486,32.538869999999996,31.70954,32.1486,412127.0
2022-08-29,30.97778,31.70954,30.34359,30.73386,322263.0
2022-08-30,31.12413,31.31927,30.73386,31.12413,135107.0
2022-08-31,31.12413,31.70954,30.73386,31.56319,267543.0
2022-09-05,31.221700000000002,32.09981,31.221700000000002,31.70954,129675.0
2022-09-06,31.51441,32.09981,31.51441,31.95346,140794.0
2022-09-07,31.56319,32.05103,30.294810000000002,30.73386,250262.0
2022-09-08,30.97778,31.221700000000002,30.39238,30.39238,284260.0
2022-09-09,30.587509999999998,35.12442,30.24602,30.78265,302528.0
2022-09-12,31.465619999999998,31.465619999999998,30.294810000000002,30.83143,512288.0
2022-09-13,30.97778,31.221700000000002,29.75819,30.24602,350912.0
2022-09-14,30.24602,30.24602,28.78251,29.02643,415742.0
2022-09-15,29.02643,29.61183,28.24588,29.416700000000002,542811.0
2022-09-16,28.53859,29.51427,28.53859,28.684939999999997,110238.0
2022-09-19,28.684939999999997,28.78251,27.318990000000003,27.51413,185611.0
2022-09-20,28.099529999999998,28.53859,28.00196,28.00196,131896.0
2022-09-21,27.80683,28.29467,27.80683,28.14832,27897.0
2022-09-22,28.14832,28.34345,27.80683,28.29467,98213.0
2022-09-23,28.1971,28.88007,28.1971,28.58737,83803.0
2022-09-26,27.80683,28.39224,27.46534,27.75805,203307.0
2022-09-27,27.75805,28.14832,27.61169,27.95318,118270.0
2022-09-28,27.75805,27.80683,26.636020000000002,26.83115,187132.0
2022-09-29,27.02629,27.46534,26.78237,26.78237,101465.0
2022-09-30,26.587229999999998,26.587229999999998,24.87979,26.44088,303531.0
2022-10-03,26.24574,26.48966,25.367630000000002,25.367630000000002,101768.0
2022-10-04,25.367630000000002,26.294529999999998,25.27007,25.318849999999998,166083.0
2022-10-05,26.09939,26.14818,25.66034,25.85547,50981.0
2022-10-06,25.904259999999997,25.904259999999997,25.12371,25.1725,72548.0
2022-10-07,25.1725,25.1725,22.7333,23.90412,146222.0
2022-10-10,23.90412,24.63587,22.92844,24.44074,91968.0
2022-10-11,24.538310000000003,24.538310000000003,23.22114,23.22114,90117.0
2022-10-12,23.806549999999998,24.19682,23.07479,24.00168,96775.0
2022-10-13,23.90412,25.12371,23.07479,23.17236,186578.0
2022-10-14,23.90412,23.90412,23.12357,23.36749,219848.0
2022-10-17,22.92844,23.41628,22.92844,23.22114,68476.0
2022-10-18,23.36749,23.90412,23.36749,23.806549999999998,81136.0
2022-10-19,26.1421,26.1421,23.66548,23.9957,111157.0
2022-10-20,24.60109,24.60109,23.55541,23.610439999999997,50776.0
2022-10-21,23.66548,23.66548,22.014400000000002,22.014400000000002,216659.0
2022-10-24,22.014400000000002,22.179509999999997,20.41836,20.693540000000002,192206.0
2022-10-25,20.91368,23.115119999999997,19.81296,21.07879,261935.0
2022-10-26,20.6385,21.188860000000002,17.941740000000003,19.81296,110980.0
2022-10-27,20.30828,20.363319999999998,19.537779999999998,20.08814,157844.0
2022-10-28,20.85864,20.91368,20.14318,20.14318,103686.0
2022-10-31,20.74857,20.74857,19.64785,19.97807,110637.0
2022-11-01,20.08814,20.19821,19.64785,19.81296,110708.0
2022-11-02,19.81296,20.033099999999997,19.20756,19.20756,146332.0
2022-11-03,19.482740000000003,19.482740000000003,18.21692,18.21692,279699.0
2022-11-04,18.547130000000003,18.547130000000003,16.29066,17.06116,300570.0
2022-11-07,17.06116,17.33634,16.29066,16.455759999999998,197106.0
2022-11-08,16.40073,16.67591,16.01548,16.23562,130973.0
2022-11-09,16.34569,16.89605,16.34569,16.62087,80787.0
2022-11-10,16.62087,16.62087,14.30936,15.07986,180610.0
2022-11-11,15.41008,15.9054,14.47447,14.63958,126267.0
2022-11-14,14.749649999999999,14.749649999999999,12.87842,13.428780000000001,230706.0
2022-11-15,13.48382,13.48382,11.557559999999999,11.557559999999999,293634.0
2022-11-16,11.777700000000001,13.538860000000001,10.73202,13.538860000000001,237864.0
2022-11-17,13.48382,14.199290000000001,13.48382,14.199290000000001,206038.0
2022-11-18,14.199290000000001,15.02483,13.26368,14.63958,180933.0
2022-11-21,13.26368,15.63022,12.16296,15.41008,77251.0
2022-11-22,15.41008,16.67591,15.30001,16.18058,190054.0
2022-11-23,16.34569,16.40073,15.68526,15.9054,178384.0
2022-11-24,15.9054,16.29066,15.46512,15.79533,65911.0
2022-11-25,15.79533,16.84102,15.79533,16.84102,128048.0
2022-11-28,16.89605,18.38202,16.84102,18.27195,233185.0
2022-11-29,18.38202,18.437060000000002,17.33634,18.05181,179220.0
2022-11-30,17.99677,18.437060000000002,17.83166,18.326990000000002,155940.0
2022-12-01,18.326990000000002,18.987419999999997,17.44641,17.941740000000003,284075.0
2022-12-02,17.83166,18.21692,17.281299999999998,18.05181,114873.0
2022-12-05,17.77663,18.437060000000002,17.44641,17.55648,170760.0
2022-12-06,17.72159,17.72159,16.5108,16.5108,234868.0
2022-12-07,16.40073,16.5108,15.7403,15.96044,149111.0
2022-12-08,15.96044,17.22627,15.96044,16.62087,168776.0
2022-12-09,16.62087,16.67591,15.7403,16.18058,265605.0
2022-12-12,16.29066,16.56584,15.850370000000002,15.96044,214355.0
2022-12-13,15.9054,16.12555,15.7403,16.07051,143684.0
2022-12-14,16.23562,16.95109,15.79533,16.78598,380302.0
2022-12-15,16.78598,17.33634,16.62087,17.22627,407050.0
2022-12-16,18.76728,18.76728,16.5108,16.73094,472684.0
2022-12-19,16.89605,17.00612,16.18058,16.23562,300170.0
2022-12-20,16.40073,16.5108,15.30001,15.68526,382175.0
2022-12-21,15.63022,15.63022,14.25432,15.18994,403732.0
2022-12-22,15.18994,15.18994,14.199290000000001,14.69461,191255.0
2022-12-23,14.804680000000001,15.18994,14.3644,14.91476,160506.0
2022-12-26,14.804680000000001,14.91476,13.869069999999999,14.199290000000001,255633.0
2022-12-27,14.199290000000001,14.63958,13.97914,14.14425,181279.0
2022-12-28,14.199290000000001,14.3644,14.034180000000001,14.25432,234215.0
2022-12-29,14.034180000000001,14.69461,14.034180000000001,14.25432,180697.0
2022-12-30,14.47447,14.749649999999999,14.30936,14.69461,86186.0
2023-01-03,14.749649999999999,15.850370000000002,14.63958,15.575190000000001,393605.0
2023-01-04,15.30001,15.850370000000002,15.30001,15.41008,249090.0
2023-01-05,15.41008,15.41008,15.02483,15.1349,180432.0
2023-01-06,15.18994,15.244969999999999,14.69461,14.804680000000001,225469.0
2023-01-09,14.85972,15.02483,14.69461,14.749649999999999,119795.0
2023-01-10,15.1349,15.244969999999999,14.58454,14.91476,228588.0
2023-01-11,15.07986,15.18994,14.91476,15.07986,382593.0
2023-01-12,15.02483,15.52015,15.02483,15.07986,237246.0
2023-01-13,15.18994,15.35504,15.1349,15.18994,268809.0
2023-01-16,15.244969999999999,15.244969999999999,14.85972,15.07986,123619.0
2023-01-17,15.02483,15.244969999999999,14.969790000000001,15.1349,324077.0
2023-01-18,15.1349,15.7403,15.1349,15.575190000000001,393725.0
2023-01-19,15.575190000000001,15.7403,15.41008,15.575190000000001,321845.0
2023-01-27,15.46512,15.96044,15.30001,15.7403,634318.0
2023-01-30,15.7403,16.40073,15.7403,16.18058,567282.0
2023-01-31,16.23562,16.29066,15.63022,16.01548,727624.0
2023-02-01,16.01548,16.29066,15.68526,15.68526,1130264.0
2023-02-02,15.7403,15.7403,15.30001,15.46512,371057.0
2023-02-03,15.18994,15.46512,14.69461,14.91476,442335.0
2023-02-06,14.969790000000001,14.969790000000001,14.63958,14.91476,182698.0
2023-02-07,14.91476,15.07986,14.58454,14.69461,214015.0
2023-02-08,14.69461,14.804680000000001,14.3644,14.63958,182521.0
2023-02-09,14.69461,14.91476,14.69461,14.91476,99559.0
2023-02-10,14.91476,15.02483,14.749649999999999,14.749649999999999,168570.0
2023-02-13,14.85972,14.85972,14.199290000000001,14.41943,292349.0
2023-02-14,14.47447,14.63958,14.25432,14.63958,113273.0
2023-02-15,14.47447,14.749649999999999,14.41943,14.749649999999999,137472.0
2023-02-16,14.63958,15.1349,14.63958,15.02483,262631.0
2023-02-17,15.1349,15.1349,14.69461,14.69461,209749.0
2023-02-20,14.69461,15.1349,14.69461,15.1349,393728.0
2023-02-21,15.1349,15.68526,14.969790000000001,15.35504,784970.0
2023-02-22,15.30001,15.30001,14.63958,14.749649999999999,513816.0
2023-02-23,15.02483,15.02483,14.30936,14.58454,476600.0
2023-02-24,14.47447,14.804680000000001,14.3644,14.5295,172864.0
2023-02-27,14.47447,14.47447,13.97914,14.08922,190488.0
2023-02-28,13.92411,14.69461,13.759,14.199290000000001,97706.0
2023-03-01,14.14425,14.3644,14.034180000000001,14.30936,222611.0
2023-03-02,14.58454,14.749649999999999,14.25432,14.3644,89314.0
2023-03-03,14.58454,14.58454,14.199290000000001,14.25432,96959.0
2023-03-06,14.30936,14.69461,14.30936,14.47447,267946.0
2023-03-07,14.47447,14.58454,14.41943,14.41943,145981.0
2023-03-08,14.3644,14.63958,14.30936,14.58454,295120.0
2023-03-09,14.63958,14.91476,14.58454,14.749649999999999,532019.0
2023-03-10,14.69461,15.244969999999999,14.58454,14.969790000000001,545052.0
2023-03-13,14.85972,14.969790000000001,14.63958,14.63958,442015.0
2023-03-14,14.85972,14.85972,14.47447,14.5295,419696.0
2023-03-15,14.69461,15.41008,14.69461,14.91476,235974.0
2023-03-16,14.91476,14.969790000000001,14.47447,14.47447,419265.0
2023-03-17,14.85972,14.85972,14.58454,14.69461,58421.0
2023-03-20,14.58454,14.85972,14.25432,14.30936,356852.0
2023-03-21,14.5295,14.58454,14.25432,14.5295,180882.0
2023-03-22,14.58454,14.85972,14.30936,14.69461,651503.0
2023-03-23,14.5295,14.749649999999999,14.25432,14.47447,138736.0
2023-03-24,14.58454,14.63958,14.41943,14.58454,105107.0
2023-03-27,14.58454,14.69461,14.47447,14.58454,293430.0
2023-03-28,14.5295,14.69461,14.47447,14.58454,422474.0
2023-03-29,14.58454,14.63958,14.47447,14.63958,160875.0
2023-03-30,14.47447,14.85972,14.47447,14.63958,387377.0
2023-03-31,14.69461,15.07986,14.69461,15.02483,567761.0
2023-04-03,15.1349,15.63022,15.07986,15.52015,604357.0
2023-04-04,15.52015,15.63022,15.18994,15.41008,424068.0
2023-04-05,15.41008,16.23562,15.35504,16.12555,1060125.0
2023-04-06,16.12555,16.67591,16.07051,16.18058,1135812.0
2023-04-07,16.18058,16.67591,15.96044,16.62087,897308.0
2023-04-10,16.62087,17.17123,16.56584,16.62087,1030817.0
2023-04-11,16.73094,16.73094,16.18058,16.40073,755041.0
2023-04-12,16.40073,16.78598,16.34569,16.455759999999998,237019.0
2023-04-13,16.40073,17.00612,16.40073,16.62087,512258.0
2023-04-14,16.73094,16.84102,16.23562,16.23562,453831.0
2023-04-17,16.5108,16.62087,16.23562,16.62087,420617.0
2023-04-18,16.73094,17.39138,16.56584,17.22627,781389.0
2023-04-19,17.33634,17.33634,16.84102,16.95109,420923.0
2023-04-20,17.00612,17.66656,16.89605,17.33634,843817.0
2023-04-21,17.44641,17.55648,16.84102,17.22627,490731.0
2023-04-24,17.06116,17.501450000000002,16.89605,16.95109,416535.0
2023-04-25,17.06116,17.281299999999998,16.5108,16.73094,726149.0
2023-04-26,16.73094,16.78598,16.40073,16.73094,384752.0
2023-04-27,16.84102,16.95109,16.56584,16.67591,202729.0
2023-04-28,16.95109,17.1162,16.56584,17.06116,560881.0
2023-05-04,17.06116,17.06116,16.40073,16.67591,615954.0
2023-05-05,16.56584,16.67591,16.23562,16.34569,356790.0
2023-05-08,16.62087,16.67591,16.29066,16.5108,259340.0
2023-05-09,16.5108,17.00612,16.455759999999998,16.5108,435658.0
2023-05-10,16.62087,16.73094,16.34569,16.56584,541065.0
2023-05-11,16.5108,16.62087,16.34569,16.40073,344003.0
2023-05-12,16.5108,16.56584,16.29066,16.455759999999998,595144.0
2023-05-15,16.455759999999998,16.62087,16.34569,16.5108,298824.0
2023-05-16,16.5108,17.941740000000003,16.5108,17.77663,1888291.0
2023-05-17,17.77663,19.04246,17.77663,18.492099999999997,1539452.0
2023-05-18,18.492099999999997,18.932380000000002,18.05181,18.21692,1054362.0
2023-05-19,18.21692,19.2626,18.16188,19.09749,1267969.0
2023-05-22,18.602169999999997,19.537779999999998,18.602169999999997,19.427709999999998,933359.0
2023-05-23,19.482740000000003,19.482740000000003,18.82231,19.2626,855687.0
2023-05-24,19.2626,20.25325,19.2626,19.97807,961596.0
2023-05-25,19.75792,20.25325,19.59282,19.97807,620696.0
2023-05-26,19.97807,20.6385,19.97807,20.14318,855463.0
2023-05-29,20.363319999999998,20.6385,19.97807,20.58346,916378.0
2023-05-30,20.58346,21.188860000000002,20.363319999999998,20.91368,843576.0
2023-05-31,20.91368,21.2439,20.58346,20.85864,661381.0
2023-06-01,20.85864,21.02375,20.19821,20.85864,1129594.0
2023-06-02,20.693540000000002,21.07879,20.52843,20.693540000000002,572038.0
2023-06-05,20.58346,20.85864,20.363319999999998,20.693540000000002,710231.0
2023-06-06,20.52843,21.90433,20.52843,21.629150000000003,941916.0
2023-06-07,21.46404,21.90433,21.46404,21.73922,649903.0
2023-06-08,21.90433,21.90433,20.96872,20.96872,724566.0
2023-06-09,20.96872,21.35397,20.91368,21.29893,677725.0
2023-06-12,21.07879,21.629150000000003,20.91368,21.46404,789447.0
2023-06-13,21.46404,22.014400000000002,21.13382,21.46404,494754.0
2023-06-14,21.46404,21.73922,20.96872,21.188860000000002,600862.0
2023-06-15,21.188860000000002,21.2439,20.693540000000002,20.91368,748571.0
2023-06-16,21.13382,21.46404,20.85864,21.02375,855690.0
2023-06-19,21.02375,21.29893,20.74857,21.07879,447031.0
2023-06-20,20.91368,22.014400000000002,20.91368,21.90433,1367557.0
2023-06-21,21.73922,22.56476,21.73922,22.45469,1204984.0
2023-06-22,22.50972,23.00505,22.234540000000003,22.619799999999998,668184.0
2023-06-23,22.56476,23.060080000000003,22.124470000000002,22.39965,658755.0
2023-06-26,22.39965,22.56476,21.57411,21.95936,940885.0
2023-06-27,21.95936,22.28958,21.519080000000002,22.124470000000002,829706.0
2023-06-28,21.90433,22.67483,21.794259999999998,22.28958,1056884.0
2023-06-29,22.234540000000003,22.50972,21.57411,21.794259999999998,592913.0
2023-06-30,21.90433,22.014400000000002,21.57411,21.90433,593792.0
2023-07-03,21.794259999999998,22.28958,21.794259999999998,22.28958,808834.0
2023-07-04,22.124470000000002,22.45469,22.06944,22.39965,844085.0
2023-07-05,22.34462,23.28023,22.34462,22.89498,1230414.0
2023-07-06,22.89498,23.28023,22.56476,22.83994,819282.0
2023-07-07,22.83994,23.3903,22.56476,23.115119999999997,1034259.0
2023-07-10,23.115119999999997,23.3903,22.89498,23.17016,1229549.0
2023-07-11,23.17016,23.50037,22.83994,23.060080000000003,1068063.0
2023-07-12,23.060080000000003,23.3903,22.95001,23.28023,1113099.0
2023-07-13,23.225189999999998,23.55541,23.060080000000003,23.225189999999998,879808.0
2023-07-14,23.3903,23.88562,23.17016,23.77555,1129159.0
2023-07-17,24.1608,24.1608,23.28023,23.610439999999997,773372.0
2023-07-18,23.55541,23.610439999999997,23.115119999999997,23.55541,824409.0
2023-07-19,23.3903,23.94066,23.28023,23.55541,557648.0
2023-07-20,23.50037,23.77555,23.28023,23.72052,591053.0
2023-07-21,23.88562,24.49102,23.72052,24.43598,1212868.0
2023-07-24,24.60109,25.04138,24.10577,24.1608,925387.0
2023-07-25,24.43598,24.43598,23.44534,23.66548,1476401.0
2023-07-26,23.66548,23.94066,23.335259999999998,23.83059,1155825.0
2023-07-27,23.77555,24.21584,23.44534,23.83059,676828.0
2023-07-28,23.83059,23.83059,23.50037,23.83059,808546.0
2023-07-31,23.83059,24.7662,23.610439999999997,24.7662,1664429.0
2023-08-01,24.7662,25.316560000000003,24.270880000000002,24.32591,1073273.0
2023-08-02,24.60109,24.60109,24.1608,24.380950000000002,563349.0
2023-08-03,24.32591,24.7662,24.10577,24.43598,1131284.0
2023-08-04,24.32591,24.49102,24.050729999999998,24.380950000000002,915760.0
2023-08-07,25.54157,25.54157,24.629369999999998,24.933439999999997,752249.0
2023-08-08,24.81181,25.41994,24.446930000000002,24.81181,812851.0
2023-08-09,24.81181,25.11588,24.446930000000002,24.81181,920524.0
2023-08-10,24.629369999999998,24.933439999999997,24.38612,24.56856,456921.0
2023-08-11,24.507740000000002,25.176689999999997,24.446930000000002,25.05506,1341263.0
2023-08-14,24.872619999999998,25.41994,24.872619999999998,25.41994,630310.0
2023-08-15,25.41994,25.54157,24.933439999999997,25.29832,884590.0
2023-08-16,25.29832,25.48076,25.05506,25.29832,624784.0
2023-08-17,25.35913,25.60238,25.05506,25.41994,710859.0
2023-08-18,25.35913,25.54157,23.77798,24.021240000000002,2061197.0
2023-08-21,24.20368,24.3253,23.29148,24.08205,1252068.0
2023-08-22,24.021240000000002,24.264490000000002,23.29148,23.96042,557744.0
2023-08-23,24.14286,24.507740000000002,23.59554,23.89961,445395.0
2023-08-24,23.89961,24.264490000000002,23.59554,24.20368,641556.0
2023-08-25,24.20368,24.507740000000002,23.96042,24.38612,788871.0
2023-08-28,24.38612,25.41994,24.38612,25.35913,973818.0
2023-08-29,25.35913,25.72401,25.176689999999997,25.41994,949632.0
2023-08-30,25.05506,26.63621,25.05506,26.57539,1124584.0
2023-08-31,26.63621,27.24434,26.514580000000002,26.94027,667118.0
2023-09-05,26.81865,27.0619,26.39295,26.697020000000002,626258.0
2023-09-06,26.514580000000002,27.73085,26.514580000000002,27.54841,845066.0
2023-09-07,27.54841,27.79166,27.0619,27.67003,468836.0
2023-09-08,27.67003,28.27817,27.36597,27.91329,870023.0
2023-09-11,27.91329,28.15654,27.00109,27.60922,1588383.0
2023-09-12,27.48759,27.91329,27.0619,27.91329,687571.0
2023-09-13,27.85247,28.8863,27.48759,28.46061,1329629.0
2023-09-14,28.09573,28.70386,27.67003,28.03491,1132444.0
2023-09-15,28.03491,28.947110000000002,28.03491,28.64305,888430.0
2023-09-18,28.64305,29.190360000000002,28.27817,28.8863,1010208.0
2023-09-19,29.00792,29.25118,28.52142,29.00792,765327.0
2023-09-20,29.068740000000002,29.676869999999997,28.825490000000002,29.676869999999997,1349894.0
2023-09-21,29.73768,31.440459999999998,29.49443,30.285,1880344.0
2023-09-22,30.285,30.40663,29.190360000000002,30.10256,1804963.0
2023-09-25,29.98094,30.95395,29.49443,29.73768,1556598.0
2023-09-26,29.73768,30.10256,28.15654,28.27817,2175186.0
2023-09-27,28.27817,28.58223,26.81865,28.58223,1505459.0
2023-09-28,28.70386,28.76467,27.426779999999997,28.21735,1472839.0
2023-09-29,28.39979,28.58223,27.79166,28.03491,940922.0
2023-10-02,28.09573,28.52142,27.91329,28.15654,633188.0
2023-10-03,28.15654,28.39979,27.122709999999998,27.24434,979635.0
2023-10-04,27.24434,27.73085,26.81865,27.60922,1035723.0
2023-10-05,27.85247,28.46061,27.48759,27.67003,817897.0
2023-10-06,27.85247,27.9741,27.24434,27.9741,762771.0
2023-10-09,27.9741,28.52142,27.79166,28.46061,1073160.0
2023-10-10,28.58223,29.49443,28.39979,29.25118,1563050.0
2023-10-11,29.00792,29.73768,29.00792,29.55524,930176.0
2023-10-12,29.372799999999998,29.73768,29.12955,29.31199,646617.0
2023-10-13,29.190360000000002,30.58907,28.947110000000002,30.52826,1785778.0
2023-10-16,30.40663,31.683709999999998,30.40663,30.77151,1603094.0
2023-10-17,31.075580000000002,31.6229,29.55524,29.55524,1805519.0
2023-10-18,29.55524,30.10256,27.9741,29.190360000000002,2203647.0
2023-10-19,29.068740000000002,29.433619999999998,27.9741,28.27817,1133317.0
2023-10-20,28.33898,28.39979,27.36597,28.27817,1469420.0
2023-10-23,28.33898,29.12955,27.9741,28.8863,1052533.0
2023-10-24,28.825490000000002,29.73768,28.825490000000002,29.49443,1188411.0
2023-10-25,29.49443,29.73768,28.76467,29.00792,1099297.0
2023-10-26,29.00792,29.190360000000002,27.0619,27.79166,1988459.0
2023-10-27,27.79166,28.39979,27.426779999999997,28.39979,762568.0
2023-10-30,27.9741,28.46061,27.122709999999998,27.48759,1160258.0
2023-10-31,27.60922,27.85247,24.08205,24.3253,1986249.0
2023-11-01,24.3253,25.05506,24.14286,24.872619999999998,1427843.0
2023-11-02,24.872619999999998,26.45377,24.872619999999998,26.39295,1126569.0
2023-11-03,25.96726,26.757830000000002,25.84564,26.57539,831681.0
2023-11-06,26.57539,27.122709999999998,26.1497,26.45377,597831.0
2023-11-07,26.45377,26.57539,25.96726,26.21051,1132863.0
2023-11-08,26.33214,27.67003,26.21051,27.60922,1105837.0
2023-11-09,27.36597,28.825490000000002,27.36597,28.33898,1190126.0
2023-11-10,28.33898,28.39979,27.54841,27.85247,1129754.0
2023-11-13,27.85247,28.27817,27.48759,28.15654,724130.0
2023-11-14,28.15654,28.64305,28.09573,28.39979,803397.0
2023-11-15,28.64305,29.49443,28.09573,28.46061,900259.0
2023-11-16,28.58223,29.25118,28.09573,29.190360000000002,1333998.0
2023-11-17,29.190360000000002,29.49443,28.33898,28.825490000000002,1547214.0
2023-11-20,28.27817,28.825490000000002,27.91329,28.825490000000002,700488.0
2023-11-21,29.00792,29.00792,28.58223,28.8863,618287.0
2023-11-22,28.8863,29.25118,28.52142,29.190360000000002,1081434.0
2023-11-23,29.25118,29.73768,28.03491,28.46061,1310735.0
2023-11-24,28.39979,28.947110000000002,27.85247,28.8863,1285212.0
2023-11-27,28.70386,29.190360000000002,28.52142,28.70386,872944.0
2023-11-28,28.58223,28.76467,28.21735,28.76467,653263.0
2023-11-29,28.58223,28.8863,28.39979,28.8863,641472.0
2023-11-30,28.825490000000002,29.31199,28.70386,28.947110000000002,840189.0
2023-12-01,29.068740000000002,29.31199,28.70386,29.00792,628780.0
2023-12-04,28.947110000000002,29.7985,28.947110000000002,29.61606,1085775.0
2023-12-05,29.55524,30.10256,29.25118,29.49443,676934.0
2023-12-06,29.55524,29.92012,29.372799999999998,29.92012,660203.0
2023-12-07,29.92012,29.92012,29.25118,29.676869999999997,862690.0
2023-12-08,29.676869999999997,30.16338,29.433619999999998,29.7985,571360.0
2023-12-11,29.49443,30.34582,29.49443,29.73768,475671.0
2023-12-12,29.7985,29.98094,29.433619999999998,29.73768,473082.0
2023-12-13,29.7985,29.7985,29.31199,29.55524,611044.0
2023-12-14,29.61606,29.73768,29.31199,29.49443,534139.0
2023-12-15,29.372799999999998,29.49443,29.00792,29.068740000000002,735716.0
2023-12-18,28.64305,29.190360000000002,28.46061,28.76467,623089.0
2023-12-19,28.76467,29.190360000000002,28.70386,29.190360000000002,366355.0
2023-12-20,29.190360000000002,29.25118,28.825490000000002,29.190360000000002,310975.0
2023-12-21,29.190360000000002,29.55524,28.947110000000002,29.372799999999998,537567.0
2023-12-22,29.61606,31.56208,29.61606,31.50127,1987006.0
2023-12-25,31.50127,33.325669999999995,31.258020000000002,33.325669999999995,1829768.0
2023-12-26,33.62973,33.62973,32.53509,32.89997,1677401.0
2023-12-27,32.83916000000001,34.05543,32.83916000000001,33.933800000000005,1558008.0
2023-12-28,34.05543,34.60274,33.44729,34.54193,1487202.0
2023-12-29,34.42031,35.150059999999996,34.05543,34.60274,1084895.0
2024-01-02,35.27169,36.18389,34.35949,35.45413,1091009.0
2024-01-03,35.45413,35.81901,34.846,35.210879999999996,741445.0
2024-01-04,35.210879999999996,35.3325,34.481120000000004,35.150059999999996,911145.0
2024-01-05,34.967620000000004,35.39332,34.72437,35.3325,804949.0
2024-01-08,35.39332,35.81901,34.78518,35.150059999999996,403002.0
2024-01-09,35.3325,35.63657,35.02844,35.3325,522637.0
2024-01-10,35.3325,36.48796,35.3325,36.06226,1368290.0
2024-01-11,36.244699999999995,36.48796,35.45413,36.00145,431186.0
2024-01-12,36.00145,36.00145,34.35949,34.90681,1408070.0
2024-01-15,35.02844,35.02844,33.75136,33.812169999999995,1373618.0
2024-01-16,33.87299,34.60274,33.87299,34.60274,558740.0
2024-01-17,34.60274,35.150059999999996,34.481120000000004,34.60274,537420.0
2024-01-18,34.66356,35.27169,34.54193,34.78518,705565.0
2024-01-19,34.967620000000004,35.697379999999995,34.967620000000004,35.57576,1545583.0
2024-01-22,35.57576,40.68407,35.57576,38.19073,2223101.0
2024-01-23,38.312349999999995,39.22455,37.886660000000006,38.312349999999995,996580.0
2024-01-24,38.433980000000005,38.92049,36.60958,38.312349999999995,1128024.0
2024-01-25,38.312349999999995,39.28537,37.886660000000006,39.16374,1130164.0
2024-01-26,38.92049,40.07594,38.92049,39.528620000000004,795442.0
2024-01-29,39.46781,40.44082,39.10293,39.528620000000004,1124521.0
2024-01-30,39.528620000000004,40.866510000000005,39.528620000000004,40.68407,746280.0
2024-01-31,40.744879999999995,41.23139,40.07594,40.31919,1094275.0
2024-02-01,40.44082,40.92732,40.13675,40.62326,687037.0
2024-02-02,40.62326,41.413830000000004,40.56244,40.62326,728269.0
2024-02-05,40.62326,41.17058,40.56244,40.866510000000005,626398.0
2024-02-06,41.23139,41.353019999999994,40.68407,41.353019999999994,490414.0
2024-02-07,41.353019999999994,42.08278,41.353019999999994,42.02196,573332.0
2024-02-15,42.02196,42.50847,41.23139,41.65708,798641.0
2024-02-16,41.65708,42.326029999999996,41.47464,41.47464,573653.0
2024-02-19,41.47464,41.65708,40.92732,41.292199999999994,1004613.0
2024-02-20,41.353019999999994,41.65708,40.866510000000005,41.23139,727769.0
2024-02-21,41.353019999999994,42.26522,41.10976,41.96115,1014236.0
2024-02-22,42.56928,44.33287,42.08278,43.96799,1408740.0
2024-02-23,43.78555,45.853199999999994,43.78555,43.78555,1533782.0
2024-02-26,44.27205,45.73157,44.08961,45.60994,1500159.0
2024-02-27,45.60994,46.52214,45.48832,45.54913,744831.0
2024-02-28,45.73157,46.15726,45.427510000000005,45.67076,1081131.0
2024-02-29,45.60994,47.73841,45.18425,47.6776,1774561.0
2024-03-12,47.6776,47.6776,47.6776,47.6776,722400.0
2024-03-13,50.961510000000004,50.961510000000004,49.866870000000006,50.961510000000004,2562584.0
2024-03-14,52.78591,54.48868,51.14395,54.48868,2679592.0
2024-03-15,55.036,57.7726,54.427870000000006,57.22528,1750529.0
2024-03-18,57.71178,59.53618,53.27242,57.16446,2833608.0
2024-03-19,57.16446,57.16446,54.427870000000006,54.61031,1320760.0
2024-03-20,53.81973,54.79275,52.542660000000005,54.73193,2371659.0
2024-03-21,55.34007,55.34007,54.06299,54.975190000000005,776048.0
2024-03-22,55.036,55.036,53.51567,53.69811,1160810.0
2024-03-25,53.6373,53.6373,50.353379999999994,50.65745,1991269.0
2024-03-26,50.65745,53.15079,50.65745,53.15079,1070878.0
2024-03-27,53.454860000000004,55.09681,52.84672,54.367050000000006,1063531.0
2024-03-28,54.367050000000006,54.853559999999995,53.394040000000004,53.94136,1046752.0
2024-03-29,53.69811,53.81973,52.542660000000005,53.454860000000004,1315027.0
2024-04-01,53.394040000000004,55.9482,52.78591,55.9482,2075366.0
2024-04-02,55.34007,55.64413,54.367050000000006,54.427870000000006,1379918.0
2024-04-03,54.427870000000006,55.9482,53.81973,53.81973,1754653.0
2024-04-04,53.81973,54.24543,51.02232,51.75208,3434021.0
2024-04-05,51.08314,51.75208,48.22491,48.22491,1941635.0
2024-04-08,47.981660000000005,48.22491,44.88019,44.88019,3135010.0
2024-04-09,44.45449,47.13028,43.17741,47.06946,2463691.0
2024-04-10,47.31272,48.1641,46.21808,46.21808,752846.0
2024-04-11,45.24507,47.13028,45.00181,47.13028,1254201.0
2024-04-12,47.43434,47.61678,46.40052,46.826209999999996,912444.0
2024-04-15,46.52214,46.52214,43.60311,43.60311,2134597.0
2024-04-16,43.29904,44.08961,40.92732,44.08961,2308757.0
2024-04-17,43.66392,43.78555,41.47464,41.47464,1937324.0
2024-04-19,39.528620000000004,42.812529999999995,39.528620000000004,42.143589999999996,1838186.0
2024-04-22,43.17741,43.78555,42.26522,43.1166,1199289.0
2024-04-23,42.87335,43.05579,41.96115,42.02196,978420.0
2024-04-24,42.87335,44.941,42.87335,44.941,1733568.0
2024-04-25,45.853199999999994,47.37353,45.305879999999995,45.853199999999994,1795235.0
2024-04-26,45.54913,47.00865,45.00181,46.58296,1537050.0
2024-05-02,46.826209999999996,46.88702,45.48832,46.826209999999996,1441133.0
2024-05-03,47.191089999999996,49.258739999999996,46.70458,47.92085,2434972.0
2024-05-06,48.83305,49.01549,47.73841,48.58979,1318508.0
2024-05-07,48.34654,49.56281,48.22491,48.71142,1301690.0
2024-05-08,48.1641,49.13711,47.79922,48.58979,1163153.0
2024-05-09,48.58979,50.71826,48.40735,50.17094,2312156.0
2024-05-10,50.23175,50.961510000000004,49.258739999999996,49.9885,1012728.0
2024-05-13,49.9885,49.9885,46.52214,48.042480000000005,1708013.0
2024-05-14,47.981660000000005,48.46817,47.191089999999996,48.042480000000005,1441087.0
2024-05-15,48.10329,50.71826,48.042480000000005,49.927690000000005,1738307.0
2024-05-16,50.414190000000005,50.475010000000005,49.31955,49.68443,1082095.0
2024-05-17,49.866870000000006,52.11696,49.31955,51.63046,2258545.0
2024-05-20,52.2994,52.2994,50.83989,50.9007,1543409.0
2024-05-21,50.83989,50.83989,49.68443,50.23175,1494619.0
2024-05-22,50.29257,50.83989,49.258739999999996,49.258739999999996,1756612.0
2024-05-23,49.31955,49.68443,48.28573,49.31955,1381839.0
2024-05-24,48.95467,49.9885,46.826209999999996,47.43434,2151045.0
2024-05-27,47.37353,47.6776,46.21808,47.43434,1106141.0
2024-05-28,48.22491,48.28573,47.6776,48.28573,753351.0
2024-05-29,48.28573,48.77223,47.43434,47.73841,687886.0
2024-05-30,46.88702,47.73841,46.461330000000004,47.73841,1062248.0
2024-05-31,47.79922,48.34654,47.43434,47.43434,752848.0
2024-06-03,48.1641,49.0763,47.73841,48.46817,1050609.0
2024-06-04,48.65061,50.23175,48.65061,49.866870000000006,1963433.0
2024-06-05,50.71826,50.77907,49.01549,49.01549,1234314.0
2024-06-06,49.01549,49.50199,47.92085,48.1641,1205790.0
2024-06-07,48.46817,48.46817,47.92085,48.22491,802153.0
2024-06-10,48.28573,48.528980000000004,47.6776,47.73841,1068817.0
2024-06-11,47.73841,47.92085,47.06946,47.31272,864352.0
2024-06-12,47.13028,48.83305,47.13028,48.46817,1002312.0
2024-06-13,48.65061,50.475010000000005,48.58979,50.23175,2565906.0
2024-06-14,50.71826,53.69811,50.414190000000005,52.78591,5018846.0
2024-06-17,53.15079,55.09681,52.66428,52.66428,2164093.0
2024-06-18,53.51567,55.09681,52.78591,53.089980000000004,2530799.0
2024-06-19,53.51567,56.79958,53.2116,56.79958,3658866.0
2024-06-20,58.38073,58.867239999999995,56.8604,58.38073,1785131.0
2024-06-21,58.38073,59.90106,57.3469,58.137480000000004,1609041.0
2024-06-24,58.137480000000004,58.62398,54.1238,54.1238,4250412.0
2024-06-25,53.81973,53.81973,51.20476,52.238589999999995,2032307.0
2024-06-26,52.2994,53.69811,52.17778,52.90754,876707.0
2024-06-27,52.90754,53.454860000000004,52.05615,52.05615,879599.0
2024-06-28,52.11696,53.2116,48.65061,50.475010000000005,1354704.0
2024-07-01,50.414190000000005,51.08314,48.77223,50.9007,1308455.0
2024-07-02,50.961510000000004,51.99534,50.9007,51.14395,567537.0
2024-07-03,51.56964,51.99534,51.02232,51.14395,696164.0
2024-07-04,51.3872,52.90754,51.26558,52.90754,972873.0
2024-07-05,53.454860000000004,54.24543,52.78591,53.394040000000004,1048732.0
2024-07-08,53.51567,53.51567,52.36022,52.48184,893296.0
2024-07-09,52.36022,53.2116,52.2994,52.78591,615519.0
2024-07-10,52.7251,54.24543,52.66428,52.90754,834560.0
2024-07-11,52.90754,54.67112,52.90754,54.427870000000006,1359190.0
2024-07-12,54.427870000000006,54.427870000000006,53.089980000000004,53.454860000000004,784033.0
2024-07-15,53.51567,53.758919999999996,51.56964,51.8129,1195659.0
2024-07-16,51.93452,52.2994,50.414190000000005,50.53582,1702015.0
2024-07-17,50.59663,50.83989,47.43434,48.65061,2035784.0
2024-07-18,49.50199,49.50199,47.43434,49.258739999999996,1308100.0
2024-07-19,49.62362,49.62362,47.981660000000005,48.042480000000005,788014.0
2024-07-22,47.92085,48.28573,46.21808,47.73841,1066387.0
2024-07-23,48.10329,48.22491,44.45449,44.45449,1304750.0
2024-07-24,43.481480000000005,47.00865,42.87335,46.94784,1139964.0
2024-07-25,46.52214,47.06946,45.00181,46.21808,381111.0
2024-07-26,46.52214,47.86004,46.3397,47.61678,585306.0
2024-07-29,48.28573,48.28573,47.13028,47.61678,385183.0
2024-07-30,47.79922,48.28573,46.826209999999996,46.826209999999996,574313.0
2024-07-31,46.826209999999996,46.826209999999996,45.24507,45.305879999999995,702653.0
2024-08-01,45.60994,45.60994,42.56928,42.56928,1601649.0
2024-08-02,41.65708,44.69775,41.65708,44.33287,1196526.0
2024-08-05,43.35985,44.27205,41.353019999999994,42.26522,1013018.0
2024-08-06,43.42067,43.84636,42.143589999999996,43.60311,653024.0
2024-08-07,43.78555,44.39368,43.17741,43.481480000000005,458212.0
2024-08-08,43.481480000000005,44.33287,42.6301,42.87335,672260.0
2024-08-09,43.1166,44.941,43.1166,44.941,697530.0
2024-08-12,45.12344,45.24507,44.69775,45.12344,434110.0
2024-08-13,45.18425,46.09645,44.758559999999996,45.12344,593779.0
2024-08-14,45.853199999999994,45.853199999999994,44.69775,44.758559999999996,315592.0
2024-08-15,44.758559999999996,44.758559999999996,43.481480000000005,43.54229,470657.0
2024-08-16,43.96799,46.3397,43.66392,45.914010000000005,899675.0
2024-08-19,46.21808,48.65061,46.09645,47.13028,1046472.0
2024-08-20,47.13028,47.43434,46.826209999999996,46.94784,433658.0
2024-08-21,47.13028,48.1641,46.21808,46.88702,944291.0
2024-08-22,46.88702,47.00865,46.09645,46.58296,565708.0
2024-08-23,46.58296,46.70458,45.97482,46.21808,444259.0
2024-08-26,46.40052,46.826209999999996,46.15726,46.21808,375106.0
2024-08-27,46.21808,46.40052,45.73157,45.914010000000005,398788.0
2024-08-28,46.03564,47.191089999999996,46.03564,46.3397,548304.0
2024-08-29,46.826209999999996,46.826209999999996,46.09645,46.27889,183818.0
2024-08-30,46.3397,46.52214,46.09645,46.21808,344646.0
2024-09-04,45.97482,45.97482,45.00181,45.60994,310375.0
2024-09-05,45.60994,46.70458,45.24507,45.24507,560219.0
2024-09-06,45.305879999999995,45.73157,45.00181,45.73157,273745.0
2024-09-09,45.792379999999994,45.792379999999994,45.12344,45.12344,340362.0
2024-09-10,45.48832,45.48832,44.33287,44.33287,730291.0
2024-09-11,44.08961,45.00181,44.08961,44.69775,689002.0
2024-09-12,45.06263,45.12344,44.69775,44.758559999999996,493919.0
2024-09-13,44.758559999999996,45.18425,44.63693,44.758559999999996,267636.0
2024-09-16,44.88019,45.06263,44.33287,44.33287,219453.0
2024-09-17,44.33287,45.305879999999995,44.33287,45.18425,277502.0
2024-09-18,45.54913,48.042480000000005,45.305879999999995,48.042480000000005,1925813.0
2024-09-19,48.34654,49.50199,48.042480000000005,49.258739999999996,1383079.0
2024-09-20,49.806059999999995,49.806059999999995,48.1641,48.28573,1208677.0
2024-09-23,48.1641,49.258739999999996,48.1641,48.34654,1493128.0
2024-09-24,48.893860000000004,49.0763,48.40735,48.65061,2198236.0
2024-09-25,48.83902,49.21089,47.909349999999996,48.033300000000004,920358.0
2024-09-26,48.529129999999995,48.83902,47.97132,48.095279999999995,561872.0
2024-09-27,48.34319,49.272870000000005,47.97132,48.83902,1107422.0
2024-09-30,48.96298,49.39683,48.529129999999995,48.71507,596596.0
2024-10-01,48.77704,49.21089,48.59111,48.77704,758413.0
2024-10-02,48.71507,48.71507,47.72341,47.97132,730958.0
2024-10-03,47.97132,48.34319,46.54582,46.97967,940955.0
2024-10-04,46.483839999999994,48.21924,46.42186,47.1656,527981.0
2024-10-07,47.909349999999996,47.909349999999996,47.103629999999995,47.35154,511546.0
2024-10-08,47.35154,47.66143,47.103629999999995,47.41352,288713.0
2024-10-09,47.41352,50.69838,47.41352,50.69838,2929522.0
2024-10-10,51.62805,51.81399,50.574419999999996,50.82233,800223.0
2024-10-11,50.88431,53.54938,50.512440000000005,53.11554,2146677.0
2024-10-14,53.30147,53.30147,52.0619,52.68169,969931.0
2024-10-15,52.68169,52.9296,51.194199999999995,51.75201,852318.0
2024-10-16,51.38014,53.673339999999996,51.318160000000006,53.61136,1430046.0
2024-10-17,53.921260000000004,53.921260000000004,52.68169,52.99158,706301.0
2024-10-18,53.05356,54.54104,52.80564,53.673339999999996,1137892.0
2024-10-21,53.177510000000005,54.3551,53.05356,53.30147,635239.0
2024-10-22,53.177510000000005,53.61136,52.24784,53.239489999999996,1220567.0
2024-10-23,52.61971,53.85928,52.30982,53.7973,740550.0
2024-10-24,52.99158,54.3551,52.99158,53.7973,756803.0
2024-10-25,53.921260000000004,56.0905,53.85928,56.0905,2223346.0
2024-10-28,56.27644,56.83424,55.28478,55.71863,617890.0
2024-10-29,55.71863,56.83424,55.59467,55.59467,916162.0
2024-10-30,55.71863,56.27644,54.54104,56.0905,866579.0
2024-10-31,56.152480000000004,56.152480000000004,55.16082,55.59467,492715.0
2024-11-01,55.408739999999995,55.408739999999995,54.23115,54.912910000000004,690035.0
2024-11-04,54.41708,57.33007,54.41708,56.89622,1161939.0
2024-11-05,56.586330000000004,59.49932,56.46237,59.43734,2185470.0
2024-11-06,59.43734,59.99514,58.94151,59.18942,1478071.0
2024-11-07,59.06547,63.28,59.06547,63.28,2530859.0
2024-11-08,64.1477,67.68047,63.28,67.37058,1896440.0
2024-11-11,67.61849000000001,69.41587,65.69716,65.69716,1456013.0
2024-11-12,65.69716,70.28357000000001,65.51123,70.28357000000001,1775555.0
2024-11-13,68.54817,73.75436,68.54817,70.59346000000001,1302288.0
2024-11-14,70.71742,72.39084,70.03564999999999,70.96533000000001,790210.0
2024-11-15,71.27522,75.92361,68.36224,75.92361,2448937.0
2024-11-18,77.34911,78.03087,73.87832,76.2335,689249.0
2024-11-19,77.41109,78.09285000000001,73.75436,73.75436,882587.0
2024-11-20,72.51478999999999,73.6304,68.61014999999999,70.09763000000001,3057973.0
2024-11-21,69.47785,74.99392999999999,69.35388999999999,74.99392999999999,1276033.0
2024-11-22,76.79131,79.89023,75.79965,76.85328,1075722.0
2024-11-25,77.41109,79.45638000000001,76.29548,79.33242,637811.0
2024-11-26,79.33242,79.64231,75.92361,76.10954,1453579.0
2024-11-27,75.98559,78.83659,75.05591,77.47307,663480.0
2024-11-28,78.96055,81.31573,77.84494000000001,79.82825,937059.0
2024-11-29,79.95221000000001,82.43133999999999,79.95221000000001,81.6876,986142.0
2024-12-02,83.11311,83.79486999999999,81.87353999999999,83.29903999999999,541054.0
2024-12-03,83.54696000000001,88.87710000000001,83.29903999999999,88.00941,974342.0
2024-12-04,88.3193,93.58747,86.83181,93.52549,1060314.0
2024-12-05,95.13692999999999,95.44682,87.01775,87.01775,2149220.0
2024-12-06,88.00941,90.17864999999999,86.83181,88.00941,912440.0
2024-12-09,89.86876,92.03801,89.24897,91.29426,875823.0
2024-12-10,91.10833,91.72811,87.38962,88.93908,1005269.0
2024-12-11,88.93908,90.98437,85.59225,88.00941,1305030.0
2024-12-12,87.38962,88.69117,84.2907,84.2907,1497809.0
2024-12-13,84.2907,86.89379,84.2907,86.64588,872131.0
2024-12-16,86.95577,87.4516,84.97246000000001,85.53027,566757.0
2024-12-17,85.65422,89.187,85.65422,87.69950999999999,1035889.0
2024-12-18,87.38962,87.76149000000001,86.33599000000001,87.14171,388289.0
2024-12-19,86.08807,88.75314999999999,85.1584,86.64588,624485.0
2024-12-20,86.89379,89.55887,86.76984,88.00941,1228363.0
2024-12-23,89.24897,89.24897,85.90214,86.76984,1116119.0
2024-12-24,86.70786,87.94743,85.84016,87.51358,546224.0
2024-12-25,88.62919000000001,89.62085,86.64588,86.76984,841352.0
2024-12-26,87.14171,87.14171,85.53027,85.53027,803335.0
2024-12-27,85.53027,85.59225,81.81156,82.12145,2007449.0
2024-12-30,80.57199,84.97246000000001,80.57199,84.2907,973217.0
2024-12-31,84.8485,86.76984,83.85685000000001,84.8485,851573.0
2025-01-02,86.08807,89.86876,85.84016,89.24897,1819948.0
2025-01-03,89.93074,90.98437,89.31094999999999,89.37293,1032648.0
2025-01-06,90.17864999999999,95.57078,89.80678,95.57078,2289538.0
2025-01-07,97.92596,97.92596,94.82704,97.30617,818269.0
2025-01-08,97.24419999999999,97.30617,90.73646000000001,91.54217999999999,1729269.0
2025-01-09,91.72811,93.27757000000001,91.60416000000001,92.40988,386628.0
2025-01-10,90.86041,94.82704,90.05469000000001,91.10833,800142.0
2025-01-13,90.79844,93.27757000000001,89.62085,92.65778999999999,805383.0
2025-01-14,92.09998,94.76505999999999,92.09998,92.65778999999999,483205.0
2025-01-15,92.47185,93.09164,91.85207000000001,92.47185,490974.0
2025-01-16,92.96767999999999,98.91761,92.03801,98.91761,1292662.0
2025-01-17,99.04157000000001,102.26445,98.54574000000001,100.59103,524084.0
2025-01-20,102.26445,102.26445,100.09519999999999,100.65301,363170.0
2025-01-21,101.45873,103.00819,100.4051,102.45039,484471.0
2025-01-22,102.88423,108.27636,101.8306,105.36336999999999,671659.0
2025-01-23,107.22273,107.22273,103.00819,103.81391,564249.0
2025-01-24,105.30139,105.98316,104.4337,105.36336999999999,306243.0
2025-02-03,104.74359,105.36336999999999,99.16553,100.28114,702386.0
2025-02-04,100.77697,101.8306,100.15718,101.02488000000001,577555.0
2025-02-05,101.33477,104.9915,101.33477,103.566,621059.0
2025-02-06,104.74359,104.74359,99.78531,100.09519999999999,1310033.0
2025-02-07,100.28114,101.8306,99.66136,100.34312,755810.0
2025-02-10,100.21916,100.21916,93.33955,93.33955,2658020.0
2025-02-11,93.89736,97.05825999999999,93.40153,96.12858,713509.0
2025-02-12,96.68639,100.4051,95.44682,99.84728999999999,979075.0
2025-02-13,100.15718,100.15718,97.30617,97.74002,501894.0
2025-02-14,98.60772,98.91761,96.06660000000001,96.68639,545669.0
2025-02-17,96.68639,97.12024000000001,93.71142,94.26923,525802.0
2025-02-18,94.26923,96.06660000000001,94.02132,95.81869,374786.0
2025-02-19,94.95099,96.06660000000001,94.39319,95.44682,265153.0
2025-02-20,95.50880000000001,95.88067,94.08328999999999,94.33121000000001,315468.0
2025-02-21,94.20725,95.26088,93.7734,94.33121000000001,338919.0
2025-02-24,94.33121000000001,94.33121000000001,89.24897,91.72811,1043661.0
2025-02-25,90.17864999999999,91.72811,89.24897,91.41822,373830.0
2025-02-26,92.96767999999999,92.96767999999999,91.10833,92.59581,382884.0
2025-02-27,92.96767999999999,92.96767999999999,91.23228999999999,91.60416000000001,186554.0
2025-02-28,92.03801,96.99628,91.10833,95.38484,901747.0
2025-03-03,96.06660000000001,96.06660000000001,94.26923,94.82704,268348.0
2025-03-04,94.82704,98.79366,93.89736,97.30617,892695.0
2025-03-05,96.43848,98.85564,96.43848,98.11189,546145.0
2025-03-06,99.10355,99.10355,97.18222,98.11189,345856.0
2025-03-07,98.48375999999999,98.48375999999999,95.44682,95.44682,503257.0
2025-03-10,95.57078,95.57078,93.71142,93.89736,419715.0
2025-03-11,92.96767999999999,94.76505999999999,92.96767999999999,94.14527000000001,240359.0
2025-03-12,94.64110000000001,94.70308,92.96767999999999,93.40153,269191.0
2025-03-13,93.09164,94.51714,92.84373,93.40153,285505.0
2025-03-14,93.58747,94.02132,89.86876,90.73646000000001,353054.0
2025-03-17,90.98437,90.98437,86.45994,86.76984,762126.0
2025-03-18,87.14171,92.3479,87.14171,91.10833,461645.0
2025-03-19,91.41822,93.40153,91.04635,91.04635,307857.0
2025-03-20,91.41822,91.41822,89.00106,89.86876,178708.0
2025-03-21,89.24897,92.09998,88.81513000000001,90.73646000000001,331321.0
2025-03-24,90.92239,91.4802,88.62919000000001,89.00106,267997.0
2025-03-25,88.62919000000001,89.31094999999999,87.14171,88.00941,378076.0
2025-03-26,88.00941,89.187,87.38962,87.38962,168428.0
2025-03-27,87.26566,88.13336,85.03444,87.32764,435099.0
2025-03-28,87.26566,87.94743,85.53027,86.0261,162748.0
2025-03-31,85.96412,86.0261,81.87353999999999,86.0261,549748.0
2025-04-01,84.60059,85.77817999999999,83.48498,84.8485,158806.0
2025-04-02,84.35267999999999,84.35267999999999,82.61728,83.29903999999999,247202.0
2025-04-03,77.47307,82.43133999999999,77.47307,77.47307,689405.0
2025-04-04,72.08094,72.08094,72.08094,72.08094,285305.0
2025-04-08,67.06069000000001,67.06069000000001,67.06069000000001,67.06069000000001,87262.0
2025-04-09,62.4123,62.4123,62.4123,62.4123,88566.0
2025-04-10,66.7508,66.7508,66.25497,66.7508,655845.0
2025-04-11,62.102410000000006,69.9117,62.102410000000006,69.41587,2004851.0
2025-04-14,69.72576,71.27522,69.22993,69.22993,687905.0
2025-04-15,68.79608,68.98202,64.39561,64.39561,1431365.0
2025-04-16,61.11076,66.62684,61.11076,61.978449999999995,912111.0
2025-04-17,61.91648,62.35033,58.879529999999995,61.35867,953115.0
2025-04-18,63.71385,64.27166,62.35033,62.59824,824714.0
2025-04-21,62.59824,64.45759,60.73889,60.73889,719120.0
2025-04-22,59.56129,60.73889,56.52435,59.99514,2124663.0
2025-04-23,60.73889,64.1477,60.73889,64.1477,603000.0
2025-04-24,66.4409,68.61014999999999,65.69716,66.93673,1995482.0
2025-04-25,67.55652,68.79608,66.00705,67.61849000000001,938040.0
2025-04-28,69.044,71.58511999999999,68.42421,69.47785,1135867.0
2025-04-29,69.6018,70.03564999999999,67.74244999999999,68.1763,659652.0
2025-05-05,70.03564999999999,70.03564999999999,67.06069000000001,68.79608,482611.0
2025-05-06,68.98202,72.88666,68.98202,70.96533000000001,1124438.0
2025-05-07,70.7794,70.96533000000001,68.98202,69.72576,729535.0
2025-05-08,69.97367999999999,70.90335,68.73411,69.84972,877226.0
2025-05-09,70.03564999999999,72.01896,70.03564999999999,70.84137,662534.0
2025-05-12,71.83303,71.83303,69.97367999999999,70.59346000000001,477411.0
2025-05-13,71.58511999999999,72.82467999999999,70.7794,71.3372,883417.0
2025-05-14,71.83303,73.07260000000001,71.08928999999999,71.89501,870167.0
2025-05-15,71.58511999999999,72.39084,70.7794,71.08928999999999,779350.0
2025-05-16,71.08928999999999,74.93195,71.08928999999999,74.43611999999999,1322807.0
2025-05-19,74.37415,74.37415,72.2049,72.2049,636364.0
2025-05-20,72.39084,72.39084,70.71742,71.02731,983456.0
2025-05-21,71.58511999999999,71.89501,70.09763000000001,70.34555,693824.0
2025-05-22,70.03564999999999,70.28357000000001,67.55652,67.55652,1063274.0
2025-05-23,66.87475,69.41587,66.62684,67.55652,710965.0
2025-05-26,68.48619000000001,68.98202,66.31694999999999,68.98202,633061.0
2025-05-27,68.79608,69.66378,68.42421,68.79608,553723.0
2025-05-28,68.98202,69.72576,67.80443,67.92839,448735.0
2025-05-29,68.1763,68.79608,67.12267,67.86641,338935.0
2025-05-30,67.74244999999999,67.74244999999999,65.94508,66.31694999999999,656610.0
2025-06-02,65.69716,67.24662,65.44925,67.06069000000001,377592.0
2025-06-03,67.86641,67.86641,66.87475,66.87475,281674.0
2025-06-04,66.99871,68.11432,66.93673,67.74244999999999,406246.0
2025-06-05,67.74244999999999,70.4695,66.93673,69.41587,1005663.0
2025-06-06,69.9117,70.03564999999999,67.55652,67.86641,331214.0
2025-06-09,67.74244999999999,69.72576,67.12267,68.54817,682158.0
2025-06-10,69.72576,73.01061999999999,68.54817,71.27522,1636486.0
2025-06-11,71.39917999999999,76.2335,71.3372,76.2335,1633895.0
2025-06-12,78.03087,78.15483,75.61371000000001,76.2335,1240289.0
2025-06-13,75.55174000000001,76.17152,72.32886,73.13458,1742761.0
2025-06-16,73.13458,75.36580000000001,72.51478999999999,74.99392999999999,873400.0
2025-06-17,75.11789,75.11789,72.82467999999999,73.13458,930018.0
2025-06-18,73.13458,73.19655,71.3372,71.58511999999999,1161956.0
2025-06-19,72.2049,72.51478999999999,71.46116,71.83303,364767.0
2025-06-20,71.95699,72.39084,70.65544,70.65544,747281.0
2025-06-23,70.4695,70.59346000000001,68.48619000000001,69.97367999999999,655434.0
2025-06-24,70.90335,71.89501,70.65544,70.84137,540045.0
2025-06-25,70.90335,71.89501,70.71742,70.71742,372266.0
2025-06-26,71.21324,71.64708999999999,70.65544,70.7794,351332.0
2025-06-27,71.21324,73.13458,71.21324,73.01061999999999,1022642.0
2025-06-30,73.75436,73.94030000000001,73.13458,73.13458,688313.0
2025-07-01,73.13458,73.44447,71.3372,71.83303,778156.0
2025-07-02,71.83303,72.39084,71.58511999999999,72.2049,568070.0
2025-07-03,72.2049,73.75436,71.95699,72.76271000000001,1171149.0
2025-07-04,73.38249,75.61371000000001,72.88666,74.99392999999999,1557624.0
2025-07-07,75.86163,75.86163,73.81634,74.74602,1023530.0
2025-07-08,74.37415,75.36580000000001,73.75436,74.25019,1014808.0
2025-07-09,74.99392999999999,75.17987,73.81634,74.68404,978877.0
2025-07-10,74.74602,77.34911,74.74602,75.67569,1205995.0
2025-07-11,75.86163,76.48141,74.99392999999999,76.04756,1405629.0
2025-07-14,76.41942999999999,76.85328,74.68404,76.72933,1261269.0
2025-07-15,77.16318,79.82825,77.16318,77.659,1491632.0
2025-07-16,78.09285000000001,79.20847,76.91525999999999,76.91525999999999,719599.0
2025-07-17,77.84494000000001,77.84494000000001,75.86163,76.91525999999999,1204925.0
2025-07-18,76.60537,76.91525999999999,75.36580000000001,75.36580000000001,924710.0
2025-07-21,75.36580000000001,76.60537,74.80799,74.93195,419989.0
2025-07-22,74.68404,75.30382,74.37415,74.99392999999999,649090.0
2025-07-23,75.05591,75.67569,74.62206,74.99392999999999,793272.0
2025-07-24,74.99392999999999,75.55174000000001,74.56008,74.62206,619570.0
2025-07-25,74.68404,76.41942999999999,74.43611999999999,75.30382,1131736.0
2025-07-28,75.48975999999999,76.2335,75.17987,75.42778,905362.0
2025-07-29,75.61371000000001,75.61371000000001,70.65544,70.65544,1479591.0
2025-07-30,69.41587,71.89501,69.41587,70.65544,793815.0
2025-07-31,70.7794,71.52314,68.61014999999999,68.79608,924246.0
2025-08-01,68.54817,69.84972,66.50288,67.55652,2286596.0
2025-08-04,69.41587,70.34555,68.54817,70.34555,541257.0
2025-08-05,70.96533000000001,71.58511999999999,69.78774,71.27522,1240210.0
2025-08-06,72.26688,72.82467999999999,70.53148,72.76271000000001,847199.0
2025-08-07,73.44447,73.50645,71.58511999999999,72.39084,731616.0
2025-08-08,72.51478999999999,74.80799,70.96533000000001,73.13458,1384781.0
2025-08-11,73.13458,73.56842999999999,72.57677000000001,73.13458,438025.0
2025-08-12,73.75436,73.81634,71.89501,72.26688,539404.0
2025-08-13,72.08094,72.51478999999999,70.65544,71.21324,731019.0
2025-08-14,71.83303,71.83303,69.66378,69.72576,988729.0
2025-08-15,69.84972,70.09763000000001,67.92839,68.05234,939779.0
2025-08-18,68.48619000000001,69.10598,67.49454,67.68047,503574.0
2025-08-19,67.74244999999999,68.48619000000001,67.24662,67.24662,696564.0
2025-08-20,67.55652,67.55652,64.33364,64.45759,849131.0
2025-08-21,63.58989,64.39561,61.91648,63.58989,1141903.0
2025-08-22,63.52792,63.52792,60.61493,61.11076,734474.0
2025-08-25,61.296690000000005,62.84615,61.11076,61.48263,616342.0
2025-08-26,61.23471,62.102410000000006,61.23471,61.91648,249433.0
2025-08-27,62.53626,64.1477,62.28835,63.03209,464383.0
2025-08-28,63.52792,63.58989,61.91648,62.22637,314862.0
2025-08-29,62.59824,62.97011,61.35867,61.35867,558498.0
2025-09-03,62.04043,63.15605,61.48263,62.97011,398315.0
2025-09-04,63.28,66.93673,63.28,65.20133,667964.0
2025-09-05,65.38727,65.57321,63.71385,63.71385,417946.0
2025-09-08,63.58989,63.58989,61.54461,61.54461,524072.0
2025-09-09,61.54461,62.22637,61.48263,61.60658,241487.0
2025-09-10,62.16439,62.16439,61.54461,61.60658,137246.0
2025-09-11,61.978449999999995,61.978449999999995,60.73889,61.17273,298878.0
2025-09-12,61.296690000000005,63.218019999999996,61.296690000000005,62.28835,291839.0
2025-09-15,62.84615,64.45759,62.84615,64.45759,569971.0
2025-09-16,64.51957,65.38727,63.961769999999994,64.39561,438271.0
2025-09-17,63.52792,66.25497,63.52792,65.07737999999999,719122.0
2025-09-18,65.07737999999999,65.07737999999999,63.77583,64.02374,252211.0
2025-09-19,64.33364,64.33364,62.59824,62.59824,358965.0
2025-09-22,62.59824,63.09407,61.66856,61.8545,246150.0
2025-09-23,62.4123,64.08572,61.978449999999995,62.59824,256564.0
2025-09-24,63.15605,63.15605,61.978449999999995,62.28835,146884.0
2025-09-25,62.66022,63.09407,62.22637,62.784169999999996,304436.0
2025-09-26,62.784169999999996,62.784169999999996,61.66856,61.8545,298513.0
2025-09-29,62.04043,62.04043,60.73889,60.9868,299306.0
2025-09-30,61.04878,62.04043,60.36701,60.86284,288088.0
2025-10-01,60.73889,60.86284,59.49932,59.74723,340823.0
2025-10-02,60.73889,60.73889,59.68525,59.871190000000006,130120.0
2025-10-03,59.85985,60.42398,59.295730000000006,59.295730000000006,172622.0
2025-10-06,59.42109,59.85985,58.794290000000004,59.295730000000006,731450.0
2025-10-07,59.60913,60.925419999999995,59.60913,59.85985,222699.0
2025-10-08,60.800059999999995,60.862739999999995,60.11058,60.3613,247622.0
2025-10-09,60.0479,60.549339999999994,59.107690000000005,59.295730000000006,463774.0
2025-10-10,59.67181,61.928309999999996,59.170370000000005,61.802949999999996,699166.0
2025-10-13,61.30151,63.93409,61.050779999999996,61.802949999999996,672360.0
2025-10-14,62.49243,62.49243,60.0479,61.050779999999996,1088024.0
2025-10-15,61.42687,62.05367,60.29862,61.928309999999996,615264.0
2025-10-16,62.30439,63.18192,60.48666,62.55512,830094.0
2025-10-17,63.18192,63.18192,61.30151,62.68048,570553.0
2025-10-20,62.68048,67.06811,61.740269999999995,65.5011,3346093.0
2025-10-21,66.94275,69.70069000000001,66.94275,69.57533000000001,1799942.0
2025-10-22,71.70646,71.70646,68.32172,70.51553999999999,1321586.0
2025-10-23,69.63801,70.39017,66.62935,66.62935,1040293.0
2025-10-24,66.4413,71.26769999999999,65.8145,71.26769999999999,1810985.0
2025-10-27,73.33616,74.52709,71.76915,71.76915,1335215.0
2025-10-28,71.76915,73.90028,69.07388,72.70935,1167470.0
2025-10-29,73.33616,73.58688000000001,71.64377999999999,72.08255,647305.0
2025-10-30,72.27059,76.78358,72.27059,74.77781,2270505.0
2025-10-31,75.40461,76.4075,72.39595,72.39595,1339030.0
2025-11-03,72.08255,74.90317,67.75759,67.75759,1404267.0
2025-11-04,68.071,71.45574,63.93409,68.82316,1969210.0
2025-11-05,68.94852,70.64089999999999,68.3844,68.94852,716405.0
2025-11-06,70.01409,70.01409,66.81739,66.81739,718182.0
2025-11-07,66.81739,68.3844,65.5011,65.8145,1015850.0
2025-11-10,66.25326,66.69203,64.05945,64.05945,598505.0
2025-11-11,66.1279,66.1279,63.62068,64.81161,424283.0
2025-11-12,64.81161,66.1279,64.56089,66.1279,404906.0
2025-11-13,66.50399,67.38150999999999,65.75182000000001,66.62935,494672.0
2025-11-14,66.4413,67.38150999999999,65.87718,66.62935,431750.0
2025-11-17,67.06811,67.19347,65.31306,65.68914,504925.0
2025-11-18,65.56378,69.57533000000001,65.18769999999999,68.19636,944999.0
2025-11-19,68.32172,68.82316,65.93986,67.06811,425542.0
2025-11-20,67.06811,67.38150999999999,65.5011,65.68914,453697.0
2025-11-21,65.18769999999999,65.43842,63.93409,65.18769999999999,839035.0
2025-11-24,65.18769999999999,65.8145,64.31017,64.43553,379901.0
2025-11-25,64.37285,64.56089,62.42975,62.42975,679419.0
2025-11-26,62.42975,63.43264,62.36707,62.9312,393684.0
2025-11-27,63.68336,63.74604,62.49243,62.55512,253755.0
2025-11-28,62.55512,62.9312,61.42687,62.05367,419275.0
2025-12-01,62.05367,64.31017,61.865629999999996,63.68336,399648.0
2025-12-02,63.43264,63.93409,62.36707,62.55512,268928.0
2025-12-03,62.68048,64.24749,62.68048,63.18192,268318.0
2025-12-04,63.36996,64.05945,62.99388,63.18192,309140.0
2025-12-05,63.18192,63.74604,62.05367,62.24171,444657.0
2025-12-08,62.30439,62.86852,61.23883,61.36419,396134.0
2025-12-09,61.55223,61.61491,59.73449,60.674699999999994,629758.0
2025-12-10,60.674699999999994,61.42687,60.612019999999994,60.612019999999994,172641.0
2025-12-11,59.98522,61.17614,59.98522,60.800059999999995,226665.0
2025-12-12,60.674699999999994,62.74316,60.29862,60.674699999999994,379976.0
2025-12-15,60.674699999999994,61.928309999999996,60.549339999999994,61.677589999999995,237851.0
2025-12-16,61.677589999999995,62.24171,60.988099999999996,62.24171,402872.0
2025-12-17,61.802949999999996,65.18769999999999,61.802949999999996,63.43264,767390.0
2025-12-18,64.05945,64.05945,62.36707,63.18192,147145.0
2025-12-19,63.558,63.558,61.48955,61.802949999999996,411581.0
2025-12-22,61.802949999999996,62.49243,61.61491,62.42975,268865.0
2025-12-23,62.68048,63.43264,60.988099999999996,61.30151,731370.0
2025-12-24,61.113459999999996,62.05367,60.862739999999995,61.30151,262278.0
2025-12-25,61.802949999999996,61.802949999999996,60.737379999999995,60.988099999999996,337361.0
2025-12-26,60.800059999999995,60.988099999999996,59.73449,60.800059999999995,359820.0
2025-12-29,61.30151,61.30151,60.48666,60.800059999999995,208633.0
2025-12-30,61.113459999999996,61.61491,60.737379999999995,61.48955,316465.0
2025-12-31,61.802949999999996,61.928309999999996,61.23883,61.928309999999996,246558.0
2026-01-05,61.928309999999996,62.42975,60.42398,60.48666,361062.0
2026-01-06,60.674699999999994,60.674699999999994,59.73449,59.92254,480386.0
2026-01-07,59.85985,64.05945,59.73449,64.05945,1589594.0
2026-01-08,66.25326,66.25326,62.49243,62.74316,950155.0
2026-01-09,63.30728,67.13078999999999,63.30728,67.13078999999999,1390212.0
2026-01-12,71.76915,71.76915,71.76915,71.76915,688288.0
2026-01-13,76.47018,76.47018,69.07388,72.08255,3115425.0
2026-01-14,73.96296000000001,77.09699,72.33327,77.09699,3894000.0
2026-01-15,78.97739999999999,82.42483,77.41038999999999,80.79513,1625521.0
2026-01-16,78.03719,80.79513,76.34482000000001,76.47018,1925519.0
2026-01-19,77.28502999999999,77.84915,74.02564,76.47018,1594576.0
2026-01-20,77.41038999999999,81.42194,76.47018,78.664,1800648.0
2026-01-21,76.78358,78.22523,74.90317,76.47018,1232935.0
2026-01-22,78.3506,78.3506,75.65533,75.84338000000001,1321437.0
2026-01-23,75.7807,75.7807,70.9543,71.89451,1417033.0
2026-01-26,71.95719,73.64956,69.63801,70.82894,1136098.0
2026-01-27,71.89451,72.77203,70.20213000000001,72.45863,818291.0
2026-01-28,73.90028,74.90317,72.08255,72.33327,1248063.0
2026-01-29,72.27059,72.27059,69.76337,69.82605000000001,1128919.0
2026-01-30,69.82605000000001,71.26769999999999,69.63801,69.70069000000001,977479.0
2026-02-02,69.70069000000001,73.33616,69.70069000000001,71.76915,918512.0
2026-02-03,72.70935,74.58977,72.64667,72.83471,1194574.0
2026-02-04,73.33616,73.33616,71.07966,71.26769999999999,789893.0
2026-02-05,71.26769999999999,71.26769999999999,68.94852,68.94852,940415.0
2026-02-06,67.69491000000001,69.76337,66.81739,69.32461,861831.0
2026-02-09,69.88873,70.07677000000001,67.75759,67.75759,413370.0
2026-02-10,67.82028,68.25904,63.30728,64.87429,853330.0
2026-02-11,64.56089,65.68914,64.24749,64.99965,456354.0
2026-02-12,65.75182000000001,65.75182000000001,63.93409,63.93409,382357.0
2026-02-13,64.24749,65.18769999999999,63.49532,63.93409,493193.0
2026-02-23,65.8145,68.3844,65.18769999999999,68.3844,549160.0
2026-02-24,68.94852,69.88873,67.25614999999999,68.32172,565403.0
2026-02-25,68.32172,69.57533000000001,67.06811,68.19636,466194.0
2026-02-26,67.69491000000001,68.32172,66.88007,66.88007,402889.0
2026-02-27,66.88007,68.071,65.75182000000001,67.19347,630648.0
2026-03-02,64.24749,66.19058,64.24749,64.68625,682476.0
2026-03-03,64.24749,65.75182000000001,63.36996,63.36996,678361.0
2026-03-04,62.9312,64.05945,60.800059999999995,62.99388,798359.0
2026-03-05,64.49821,65.18769999999999,63.05656,63.05656,283633.0
2026-03-06,63.05656,63.05656,61.17614,61.17614,539498.0
2026-03-09,56.91387,57.66604,56.91387,56.91387,503454.0
2026-03-10,60.737379999999995,60.737379999999995,55.15882,57.35264,938127.0
2026-03-11,57.22727,59.54645,56.91387,59.107690000000005,499478.0
2026-03-12,59.107690000000005,59.107690000000005,57.35264,57.41532,399466.0
2026-03-13,57.03923,57.03923,55.78562,55.8483,722277.0
2026-03-16,55.8483,56.41243,55.40954,55.78562,390545.0
2026-03-17,56.41243,57.54068,55.91098,56.22439,355278.0
2026-03-18,56.41243,57.28996,56.22439,56.97655,299780.0
2026-03-19,56.41243,56.47511,55.59758,56.03635,276163.0
2026-03-20,56.09903,57.101910000000004,55.15882,55.66026,298954.0
2026-03-23,55.5349,55.5349,51.77407,51.77407,813347.0
2026-03-24,53.278400000000005,53.529129999999995,52.3382,53.027680000000004,257716.0
2026-03-25,53.341089999999994,55.8483,53.341089999999994,55.72294,523452.0
2026-03-26,56.97655,59.60913,56.47511,59.60913,857775.0
2026-03-27,62.05367,63.30728,60.925419999999995,62.17903,1077429.0
2026-03-30,62.17903,62.17903,60.0479,61.113459999999996,489372.0
2026-03-31,62.30439,62.30439,59.42109,60.42398,684363.0
2026-04-01,61.61491,63.93409,60.674699999999994,62.30439,763617.0
2026-04-02,62.68048,62.68048,60.17326,61.61491,428366.0
2026-04-03,61.61491,62.05367,58.66893,58.66893,658600.0
2026-04-06,58.66893,60.0479,58.4182,59.045010000000005,601127.0
2026-04-07,58.7949,63.14061,58.7949,61.521620000000006,931691.0
2026-04-08,64.33355,64.33355,61.77725,63.73708,424423.0
2026-04-09,64.33355,64.33355,62.45893,62.629349999999995,413812.0
2026-04-10,63.0554,63.0554,61.69204,62.203300000000006,359003.0
2026-04-13,62.118089999999995,62.203300000000006,60.92515,61.09557,529470.0
2026-04-14,61.3512,63.481449999999995,61.3512,61.521620000000006,743701.0
2026-04-15,62.203300000000006,62.45893,61.09557,61.18078,398963.0
2026-04-16,60.92515,61.43641,59.73221,59.902629999999995,589368.0
2026-04-17,59.902629999999995,61.60683,59.902629999999995,60.4991,261300.0
2026-04-20,60.32868,61.265989999999995,60.24347,60.32868,269296.0
2026-04-21,59.647,60.92515,59.220949999999995,59.39137,649778.0
2026-04-22,58.36885,59.39137,57.005489999999995,57.687169999999995,846635.0
2026-04-23,59.220949999999995,59.220949999999995,57.60196,58.36885,397716.0
2026-04-24,58.539269999999995,60.4991,58.45406,59.13574,392905.0
2026-04-28,59.220949999999995,59.306160000000006,58.19843,58.624480000000005,317584.0
2026-04-29,58.624480000000005,58.624480000000005,57.60196,57.942800000000005,300289.0
2026-05-04,58.02801,59.47658,57.77238,57.942800000000005,186366.0
2026-05-05,57.857589999999995,57.942800000000005,55.72734,56.15339,1015425.0
2026-05-06,56.323809999999995,56.579440000000005,55.81255,56.579440000000005,429771.0
2026-05-07,56.83507,57.60196,55.98297,56.40902,518275.0
2026-05-08,56.579440000000005,56.579440000000005,55.81255,56.2386,343599.0
2026-05-11,56.2386,56.2386,53.597089999999994,53.85272,854201.0
2026-05-12,54.5344,54.70482,54.19356,54.70482,222783.0
2026-05-13,54.79003,58.45406,54.79003,57.34633,1055482.0
2026-05-14,58.19843,58.36885,56.40902,56.83507,360178.0
2026-05-15,57.34633,57.34633,55.3865,55.47171,374571.0
2026-05-18,55.81255,58.539269999999995,55.13087,58.11322,1152079.0
2026-05-19,59.647,62.118089999999995,59.47658,61.09557,2760637.0
2026-05-20,60.92515,60.92515,57.0907,60.07305,758452.0
2026-05-21,61.3512,61.3512,58.02801,58.70969,734183.0
2026-05-22,58.7949,58.7949,56.2386,57.0907,886332.0
2026-05-25,57.261120000000005,58.19843,56.323809999999995,56.92028,293678.0
2026-05-26,57.43154,57.43154,56.40902,56.66465,316902.0
2026-05-27,56.74986,58.624480000000005,56.74986,56.92028,455526.0
2026-05-28,57.005489999999995,57.43154,55.55692,55.55692,572360.0
2026-05-29,55.55692,56.2386,55.3865,55.3865,335419.0
2026-06-01,55.3865,56.2386,55.3865,55.642129999999995,170095.0
2026-06-02,55.642129999999995,56.66465,55.642129999999995,55.98297,312308.0
2026-06-03,55.47171,56.49423,55.216080000000005,56.06818,390038.0
2026-06-04,56.66465,57.60196,56.15339,56.40902,437195.0
2026-06-05,56.66465,57.005489999999995,55.47171,55.81255,213026.0
2026-06-08,55.55692,55.55692,54.10835,54.5344,498217.0
2026-06-09,54.5344,55.045660000000005,54.02314,54.44919,156166.0
2026-06-10,54.10835,55.30129,54.10835,54.5344,212875.0
2026-06-11,54.5344,55.13087,54.10835,54.5344,220377.0
2026-06-12,54.79003,54.960449999999994,54.278769999999994,54.44919,204775.0
2026-06-15,54.61961,55.72734,54.61961,55.72734,259042.0
2026-06-16,55.81255,55.98297,55.13087,55.72734,157798.0
2026-06-17,55.72734,56.49423,55.72734,55.81255,267529.0
2026-06-18,55.642129999999995,56.40902,55.642129999999995,55.81255,194084.0
2026-06-19,55.81255,56.06818,54.70482,55.3865,265707.0
2026-06-22,55.30129,55.81255,54.5344,54.79003,197261.0
2026-06-23,55.30129,55.30129,54.363980000000005,54.44919,223920.0
2026-06-24,54.44919,54.61961,53.42667,53.76751,458097.0
2026-06-25,53.85272,54.5344,53.597089999999994,53.85272,175060.0
2026-06-26,53.682300000000005,54.02314,53.17104,53.34146,203502.0
2026-06-29,53.34146,54.02314,53.34146,53.682300000000005,179450.0
2026-06-30,53.93793,54.278769999999994,53.682300000000005,54.02314,193260.0
2026-07-01,54.02314,55.897760000000005,54.02314,55.81255,498746.0
2026-07-02,55.897760000000005,56.15339,55.13087,55.3865,240131.0
2026-07-03,54.960449999999994,55.045660000000005,54.44919,54.44919,181925.0
2026-07-06,54.44919,54.960449999999994,53.25625,53.85272,268939.0
2026-07-07,53.85272,54.10835,53.34146,53.682300000000005,212642.0
2026-07-08,53.682300000000005,54.5344,53.682300000000005,54.363980000000005,138291.0
2026-07-09,53.85272,54.960449999999994,53.85272,53.85272,273554.0
2026-07-10,53.93793,54.278769999999994,53.682300000000005,53.85272,206712.0
2026-07-13,53.85272,53.85272,52.23373,52.318940000000005,365613.0
2026-07-14,52.3,53.2,51.6,52.5,278315.0
2026-07-15,52.6,53.1,51.3,51.9,218385.0
2026-07-16,51.2,51.5,48.3,51.4,559965.0
2026-07-17,51.0,51.0,49.85,50.0,306771.0
2026-07-20,50.1,50.8,48.0,49.3,440657.0
2026-07-21,49.0,49.3,48.0,48.2,269927.0
2026-07-22,48.2,49.0,47.95,48.1,295798.0
2026-07-23,48.0,49.15,46.85,48.5,359378.0
2026-07-24,48.0,48.5,47.6,47.6,141995.0
2026-07-27,47.6,47.6,45.5,45.5,303000.0
2026-07-28,45.0,45.8,43.4,44.8,456900.0
2026-07-29,44.8,45.85,44.0,45.15,822900.0
2026-07-30,45.0,47.6,45.0,47.0,705300.0
2026-07-31,47.05,48.65,46.5,48.0,673200.0
2026-08-03,48.0,50.0,47.9,49.05,467600.0
2026-08-04,49.45,50.0,48.3,48.8,361800.0
2026-08-05,48.8,52.2,48.3,51.5,1428400.0
2026-08-06,51.5,51.5,49.85,49.9,392900.0
2026-08-07,50.0,52.5,49.5,51.5,906200.0
2026-08-10,52.5,53.4,51.1,53.4,868600.0
2026-08-11,53.3,54.5,51.5,54.5,1450100.0
2026-08-12,55.2,55.6,53.8,55.0,1089600.0
2026-08-13,55.0,56.7,53.8,54.1,706800.0
2026-08-14,53.8,53.8,51.6,53.5,905000.0
2026-08-17,53.0,54.8,52.2,54.8,541800.0
2026-08-18,55.0,57.9,54.0,56.0,1394400.0
2026-08-19,56.2,57.2,55.0,56.8,706600.0
2026-08-20,57.2,58.1,54.1,55.2,1794200.0
2026-08-21,55.2,55.2,53.3,54.6,671700.0
2026-08-24,55.0,55.5,53.8,54.2,707900.0
2026-08-25,54.0,54.5,53.5,53.6,385100.0
2026-08-26,53.6,54.7,53.5,54.1,393800.0
2026-08-27,54.0,54.2,53.6,53.6,182900.0
2026-08-28,53.7,54.9,53.5,53.5,427900.0
2026-09-03,53.5,53.5,52.2,52.2,358400.0
2026-09-04,52.0,52.5,51.0,51.3,808700.0
2026-09-07,51.8,52.4,51.2,52.0,540500.0
2026-09-08,52.0,52.0,51.4,51.5,216900.0
2026-09-09,51.2,51.8,50.4,50.4,535900.0
2026-09-10,50.2,51.4,50.2,50.8,566700.0
2026-09-11,50.4,50.8,49.5,49.5,591000.0
2026-09-14,49.0,49.4,48.1,48.65,380900.0
2026-09-15,48.7,49.9,48.7,49.5,395100.0
2026-09-16,49.7,50.6,49.5,49.6,461200.0
2026-09-17,49.0,50.3,49.0,49.55,296100.0
2026-09-18,49.6,50.0,49.1,49.1,507200.0
2026-09-21,49.25,49.55,48.25,48.25,360300.0
2026-09-22,48.5,49.0,48.3,48.95,324600.0
2026-09-23,48.95,49.35,48.9,49.25,323100.0
2026-09-24,49.5,52.6,49.25,52.6,2588800.0
2026-09-25,52.6,53.5,51.9,52.8,815600.0
2026-09-28,52.8,53.0,50.6,51.5,951200.0
2026-09-29,51.5,53.3,50.9,52.6,1148900.0
2026-09-30,52.5,53.6,51.7,52.4,825700.0
2026-10-01,52.4,55.0,52.4,53.2,1430000.0
2026-10-02,53.0,53.3,51.9,51.9,710900.0
