,open,high,low,close,volume
2020-10-02,14.6899995803833,14.9399995803833,14.680000305175781,14.850000381469727,214700
2020-10-05,14.850000381469727,14.979999542236328,14.850000381469727,14.979999542236328,181000
2020-10-06,14.989999771118164,15.0,14.739999771118164,14.819999694824219,122000
2020-10-07,15.0,15.100000381469727,14.970000267028809,15.100000381469727,134600
2020-10-08,15.0600004196167,15.100000381469727,15.020000457763672,15.079999923706055,51500
2020-10-09,15.100000381469727,15.199999809265137,15.079999923706055,15.149999618530273,232200
2020-10-12,15.149999618530273,15.199999809265137,15.130000114440918,15.199999809265137,70000
2020-10-13,15.180000305175781,15.279999732971191,15.149999618530273,15.229999542236328,332900
2020-10-14,15.229999542236328,15.300000190734863,15.15999984741211,15.229999542236328,118800
2020-10-15,15.149999618530273,15.25,15.100000381469727,15.239999771118164,145100
2020-10-16,15.239999771118164,15.270000457763672,15.149999618530273,15.1899995803833,59400
2020-10-19,15.1899995803833,15.1899995803833,14.90999984741211,14.90999984741211,311400
2020-10-20,15.020000457763672,15.25,15.020000457763672,15.140000343322754,140200
2020-10-21,15.140000343322754,15.239999771118164,15.050000190734863,15.0600004196167,363500
2020-10-22,15.140000343322754,15.199999809265137,15.130000114440918,15.15999984741211,263600
2020-10-23,15.220000267028809,15.449999809265137,15.220000267028809,15.4399995803833,98100
2020-10-26,15.300000190734863,15.329999923706055,15.100000381469727,15.109999656677246,257900
2020-10-27,15.100000381469727,15.109999656677246,15.029999732971191,15.039999961853027,116400
2020-10-28,14.899999618530273,14.899999618530273,14.569999694824219,14.579999923706055,213100
2020-10-29,14.770000457763672,14.819999694824219,14.609999656677246,14.819999694824219,169200
2020-10-30,14.739999771118164,14.829999923706055,14.640000343322754,14.739999771118164,121700
2020-11-02,14.970000267028809,14.979999542236328,14.800000190734863,14.899999618530273,104600
2020-11-03,15.0,15.140000343322754,14.899999618530273,15.069999694824219,82400
2020-11-04,15.199999809265137,15.539999961853027,15.199999809265137,15.460000038146973,165900
2020-11-05,15.40999984741211,15.460000038146973,15.329999923706055,15.329999923706055,160300
2020-11-06,15.329999923706055,15.390000343322754,15.210000038146973,15.359999656677246,141300
2020-11-09,15.670000076293945,15.75,15.4399995803833,15.539999961853027,289100
2020-11-10,15.600000381469727,15.670000076293945,15.5,15.539999961853027,228600
2020-11-11,15.550000190734863,15.609999656677246,15.510000228881836,15.609999656677246,146200
2020-11-12,15.640000343322754,15.640000343322754,15.399999618530273,15.539999961853027,161300
2020-11-13,15.619999885559082,15.640000343322754,15.539999961853027,15.59000015258789,82400
2020-11-16,15.539999961853027,15.59000015258789,15.399999618530273,15.5,198500
2020-11-17,15.539999961853027,15.640000343322754,15.5,15.59000015258789,111800
2020-11-18,15.640000343322754,15.640000343322754,15.470000267028809,15.470000267028809,153000
2020-11-19,15.600000381469727,15.6899995803833,15.520000457763672,15.680000305175781,181100
2020-11-20,15.710000038146973,16.040000915527344,15.710000038146973,16.040000915527344,323300
2020-11-23,16.040000915527344,16.1200008392334,16.010000228881836,16.100000381469727,305400
2020-11-24,16.15999984741211,16.280000686645508,16.110000610351562,16.260000228881836,225200
2020-11-25,16.18000030517578,16.200000762939453,16.020000457763672,16.040000915527344,205200
2020-11-27,16.200000762939453,16.34000015258789,16.149999618530273,16.270000457763672,131600
2020-11-30,16.350000381469727,16.360000610351562,15.960000038146973,15.960000038146973,327900
2020-12-01,16.149999618530273,16.229999542236328,16.049999237060547,16.149999618530273,203600
2020-12-02,16.149999618530273,16.360000610351562,16.149999618530273,16.34000015258789,276200
2020-12-03,16.350000381469727,16.549999237060547,16.350000381469727,16.43000030517578,203200
2020-12-04,16.399999618530273,16.489999771118164,16.360000610351562,16.420000076293945,156600
2020-12-07,16.459999084472656,16.5,16.420000076293945,16.459999084472656,170400
2020-12-08,16.459999084472656,16.5,16.450000762939453,16.489999771118164,127100
2020-12-09,16.510000228881836,16.649999618530273,16.43000030517578,16.530000686645508,260600
2020-12-10,16.450000762939453,16.670000076293945,16.40999984741211,16.670000076293945,297100
2020-12-11,16.65999984741211,16.770000457763672,16.6299991607666,16.770000457763672,199400
2020-12-14,16.90999984741211,17.030000686645508,16.90999984741211,16.950000762939453,425200
2020-12-15,17.059999465942383,17.09000015258789,16.8799991607666,16.989999771118164,299000
2020-12-16,17.100000381469727,17.100000381469727,17.010000228881836,17.059999465942383,266200
2020-12-17,17.0,17.0,16.81999969482422,16.8799991607666,306200
2020-12-18,16.959999084472656,17.030000686645508,16.84000015258789,16.860000610351562,199400
2020-12-21,16.729999542236328,16.860000610351562,16.6200008392334,16.829999923706055,326800
2020-12-22,16.700000762939453,16.799999237060547,16.579999923706055,16.6200008392334,260400
2020-12-23,16.799999237060547,16.8700008392334,16.729999542236328,16.760000228881836,165500
2020-12-24,16.75,16.760000228881836,16.690000534057617,16.729999542236328,90000
2020-12-28,16.959999084472656,17.100000381469727,16.959999084472656,17.100000381469727,341100
2020-12-29,17.290000915527344,17.489999771118164,17.280000686645508,17.489999771118164,420100
2020-12-30,17.5,17.530000686645508,17.399999618530273,17.5,203000
2020-12-31,17.59000015258789,17.59000015258789,17.420000076293945,17.489999771118164,151800
2021-01-04,17.600000381469727,17.790000915527344,17.530000686645508,17.549999237060547,580500
2021-01-05,17.75,17.989999771118164,17.729999542236328,17.959999084472656,502900
2021-01-06,17.959999084472656,18.049999237060547,17.829999923706055,18.0,641100
2021-01-07,18.06999969482422,18.219999313354492,18.010000228881836,18.209999084472656,813100
2021-01-08,18.25,18.459999084472656,18.209999084472656,18.420000076293945,499900
2021-01-11,18.479999542236328,18.579999923706055,18.420000076293945,18.510000228881836,410600
2021-01-12,18.700000762939453,18.75,18.56999969482422,18.600000381469727,381600
2021-01-13,18.600000381469727,18.639999389648438,18.520000457763672,18.59000015258789,223800
2021-01-14,18.610000610351562,18.639999389648438,18.5,18.5,269200
2021-01-15,18.43000030517578,18.5,18.34000015258789,18.440000534057617,483200
2021-01-19,18.0,18.200000762939453,17.799999237060547,17.850000381469727,623200
2021-01-20,17.940000534057617,18.15999984741211,17.940000534057617,18.110000610351562,422000
2021-01-21,18.149999618530273,18.3799991607666,18.149999618530273,18.3700008392334,536800
2021-01-22,18.280000686645508,18.3700008392334,18.260000228881836,18.350000381469727,228800
2021-01-25,18.25,18.350000381469727,18.079999923706055,18.219999313354492,479200
2021-01-26,18.18000030517578,18.239999771118164,18.100000381469727,18.15999984741211,306600
2021-01-27,17.610000610351562,17.700000762939453,17.299999237060547,17.350000381469727,774700
2021-01-28,16.809999465942383,16.950000762939453,16.600000381469727,16.829999923706055,753900
2021-01-29,17.239999771118164,17.239999771118164,16.829999923706055,16.920000076293945,641600
2021-02-01,17.0,17.049999237060547,16.809999465942383,17.049999237060547,629300
2021-02-02,17.440000534057617,17.479999542236328,17.239999771118164,17.389999389648438,505200
2021-02-03,17.809999465942383,17.950000762939453,17.65999984741211,17.899999618530273,394000
2021-02-04,17.84000015258789,17.8799991607666,17.770000457763672,17.850000381469727,304500
2021-02-05,17.899999618530273,18.030000686645508,17.850000381469727,17.920000076293945,266100
2021-02-08,17.5,17.68000030517578,17.270000457763672,17.469999313354492,394000
2021-02-09,17.56999969482422,17.75,17.549999237060547,17.75,253500
2021-02-10,17.90999984741211,17.90999984741211,17.739999771118164,17.799999237060547,255500
2021-02-11,17.969999313354492,17.969999313354492,17.799999237060547,17.93000030517578,234400
2021-02-12,17.950000762939453,18.020000457763672,17.850000381469727,18.010000228881836,326200
2021-02-16,18.110000610351562,18.110000610351562,17.829999923706055,17.829999923706055,568600
2021-02-17,17.950000762939453,18.1200008392334,17.8799991607666,18.079999923706055,432300
2021-02-18,18.219999313354492,18.229999542236328,18.09000015258789,18.200000762939453,505900
2021-02-19,18.440000534057617,18.450000762939453,18.200000762939453,18.389999389648438,428100
2021-02-22,18.239999771118164,18.290000915527344,18.100000381469727,18.190000534057617,203800
2021-02-23,18.0,18.139999389648438,17.799999237060547,18.059999465942383,268200
2021-02-24,17.940000534057617,18.059999465942383,17.770000457763672,18.0,279200
2021-02-25,18.059999465942383,18.059999465942383,17.399999618530273,17.399999618530273,263100
2021-02-26,17.479999542236328,17.65999984741211,17.399999618530273,17.600000381469727,331800
2021-03-01,17.8700008392334,18.079999923706055,17.809999465942383,18.049999237060547,183000
2021-03-02,18.0,18.049999237060547,17.899999618530273,17.899999618530273,310600
2021-03-03,17.850000381469727,17.899999618530273,17.600000381469727,17.600000381469727,209000
2021-03-04,17.56999969482422,17.600000381469727,17.290000915527344,17.3700008392334,427100
2021-03-05,17.799999237060547,17.799999237060547,17.420000076293945,17.700000762939453,345500
2021-03-08,17.649999618530273,17.700000762939453,17.5,17.5,244900
2021-03-09,17.540000915527344,17.760000228881836,17.540000915527344,17.549999237060547,187700
2021-03-10,17.600000381469727,17.700000762939453,17.530000686645508,17.600000381469727,172500
2021-03-11,17.899999618530273,17.989999771118164,17.729999542236328,17.989999771118164,172100
2021-03-12,17.81999969482422,17.899999618530273,17.75,17.780000686645508,262300
2021-03-15,17.940000534057617,17.940000534057617,17.760000228881836,17.860000610351562,107100
2021-03-16,17.93000030517578,17.959999084472656,17.84000015258789,17.90999984741211,109400
2021-03-17,17.850000381469727,17.979999542236328,17.75,17.940000534057617,110100
2021-03-18,17.940000534057617,17.979999542236328,17.75,17.809999465942383,232800
2021-03-19,17.8799991607666,18.0,17.81999969482422,17.889999389648438,133800
2021-03-22,17.93000030517578,18.0,17.8799991607666,17.940000534057617,164500
2021-03-23,17.799999237060547,17.8700008392334,17.559999465942383,17.559999465942383,422100
2021-03-24,17.610000610351562,17.610000610351562,17.399999618530273,17.399999618530273,267000
2021-03-25,17.3700008392334,17.56999969482422,17.309999465942383,17.549999237060547,257800
2021-03-26,17.65999984741211,17.84000015258789,17.600000381469727,17.84000015258789,85100
2021-03-29,17.8799991607666,17.90999984741211,17.84000015258789,17.889999389648438,244200
2021-03-30,17.889999389648438,17.940000534057617,17.829999923706055,17.8700008392334,76100
2021-03-31,17.829999923706055,18.149999618530273,17.799999237060547,18.100000381469727,201300
2021-04-01,18.270000457763672,18.559999465942383,18.270000457763672,18.549999237060547,326100
2021-04-05,18.600000381469727,18.719999313354492,18.59000015258789,18.639999389648438,268400
2021-04-06,18.639999389648438,18.700000762939453,18.5,18.5,317300
2021-04-07,18.40999984741211,18.450000762939453,18.079999923706055,18.09000015258789,306300
2021-04-08,18.299999237060547,18.649999618530273,18.299999237060547,18.59000015258789,167100
2021-04-09,18.5,18.690000534057617,18.399999618530273,18.600000381469727,196500
2021-04-12,18.75,18.950000762939453,18.68000030517578,18.920000076293945,276400
2021-04-13,18.920000076293945,19.049999237060547,18.899999618530273,19.010000228881836,569000
2021-04-14,19.15999984741211,19.170000076293945,19.010000228881836,19.010000228881836,565200
2021-04-15,19.010000228881836,19.239999771118164,19.010000228881836,19.18000030517578,391300
2021-04-16,19.239999771118164,19.290000915527344,19.209999084472656,19.290000915527344,386200
2021-04-19,19.350000381469727,19.549999237060547,19.350000381469727,19.540000915527344,425000
2021-04-20,19.520000457763672,19.68000030517578,19.510000228881836,19.600000381469727,301300
2021-04-21,19.579999923706055,19.600000381469727,19.420000076293945,19.600000381469727,279100
2021-04-22,19.299999237060547,19.34000015258789,19.1299991607666,19.270000457763672,321300
2021-04-23,19.5,19.520000457763672,19.31999969482422,19.440000534057617,326900
2021-04-26,19.149999618530273,19.200000762939453,19.049999237060547,19.100000381469727,361900
2021-04-27,19.1299991607666,19.209999084472656,19.100000381469727,19.139999389648438,157400
2021-04-28,19.049999237060547,19.149999618530273,19.0,19.010000228881836,891300
2021-04-29,19.110000610351562,19.139999389648438,19.010000228881836,19.100000381469727,260100
2021-04-30,19.0,19.049999237060547,18.780000686645508,18.850000381469727,291300
2021-05-03,18.709999084472656,18.75,18.510000228881836,18.610000610351562,254600
2021-05-04,18.700000762939453,18.799999237060547,18.56999969482422,18.709999084472656,247000
2021-05-05,18.93000030517578,19.0,18.799999237060547,18.920000076293945,282300
2021-05-06,18.959999084472656,18.979999542236328,18.799999237060547,18.860000610351562,164200
2021-05-07,18.899999618530273,19.06999969482422,18.899999618530273,19.049999237060547,125800
2021-05-10,19.280000686645508,19.399999618530273,19.149999618530273,19.209999084472656,311600
2021-05-11,19.0,19.139999389648438,18.809999465942383,19.020000457763672,384800
2021-05-12,18.989999771118164,19.0,18.610000610351562,18.68000030517578,276000
2021-05-13,18.610000610351562,18.780000686645508,18.540000915527344,18.540000915527344,276800
2021-05-14,18.75,18.959999084472656,18.739999771118164,18.950000762939453,254300
2021-05-17,18.700000762939453,18.829999923706055,18.600000381469727,18.760000228881836,176400
2021-05-18,18.639999389648438,18.81999969482422,18.6200008392334,18.75,340000
2021-05-19,18.540000915527344,18.93000030517578,18.540000915527344,18.850000381469727,214800
2021-05-20,19.110000610351562,19.200000762939453,19.030000686645508,19.1299991607666,202300
2021-05-21,19.1299991607666,19.200000762939453,19.0,19.100000381469727,182300
2021-05-24,19.260000228881836,19.399999618530273,19.200000762939453,19.389999389648438,174400
2021-05-25,19.399999618530273,19.440000534057617,19.260000228881836,19.309999465942383,188200
2021-05-26,19.389999389648438,19.600000381469727,19.360000610351562,19.549999237060547,486000
2021-05-27,19.459999084472656,19.530000686645508,19.399999618530273,19.459999084472656,158700
2021-05-28,19.530000686645508,19.68000030517578,19.5,19.68000030517578,217900
2021-06-01,19.700000762939453,19.790000915527344,19.690000534057617,19.700000762939453,310500
2021-06-02,19.700000762939453,19.860000610351562,19.700000762939453,19.809999465942383,271600
2021-06-03,19.850000381469727,20.0,19.809999465942383,19.8799991607666,229300
2021-06-04,19.90999984741211,20.200000762939453,19.90999984741211,20.1299991607666,296200
2021-06-07,20.139999389648438,20.190000534057617,19.959999084472656,19.979999542236328,191900
2021-06-08,19.899999618530273,19.899999618530273,19.600000381469727,19.700000762939453,296300
2021-06-09,19.8700008392334,19.920000076293945,19.809999465942383,19.8799991607666,171500
2021-06-10,19.8799991607666,19.93000030517578,19.799999237060547,19.860000610351562,144300
2021-06-11,19.959999084472656,20.059999465942383,19.950000762939453,20.0,158100
2021-06-14,20.100000381469727,20.229999542236328,20.049999237060547,20.18000030517578,276300
2021-06-15,20.200000762939453,20.229999542236328,20.100000381469727,20.15999984741211,203100
2021-06-16,20.010000228881836,20.149999618530273,19.729999542236328,19.81999969482422,325300
2021-06-17,19.989999771118164,20.1200008392334,19.84000015258789,20.059999465942383,200500
2021-06-18,20.149999618530273,20.239999771118164,20.0,20.010000228881836,206200
2021-06-21,20.010000228881836,20.170000076293945,20.0,20.15999984741211,121000
2021-06-22,20.139999389648438,20.149999618530273,20.020000457763672,20.149999618530273,103800
2021-06-23,20.139999389648438,20.139999389648438,20.0,20.06999969482422,227900
2021-06-24,20.139999389648438,20.139999389648438,20.010000228881836,20.110000610351562,181500
2021-06-25,20.31999969482422,20.5,20.15999984741211,20.5,227700
2021-06-28,20.510000228881836,20.639999389648438,20.510000228881836,20.600000381469727,253400
2021-06-29,20.649999618530273,20.649999618530273,20.549999237060547,20.6299991607666,202900
2021-06-30,20.770000457763672,20.809999465942383,20.700000762939453,20.790000915527344,321100
2021-07-01,20.8799991607666,20.8799991607666,20.75,20.8700008392334,172500
2021-07-02,20.829999923706055,20.950000762939453,20.81999969482422,20.889999389648438,113400
2021-07-06,20.5,20.5,20.200000762939453,20.3700008392334,426500
2021-07-07,20.450000762939453,20.479999542236328,20.299999237060547,20.399999618530273,309200
2021-07-08,20.290000915527344,20.290000915527344,19.90999984741211,20.030000686645508,377900
2021-07-09,19.899999618530273,19.969999313354492,19.81999969482422,19.93000030517578,204200
2021-07-12,19.530000686645508,19.579999923706055,19.329999923706055,19.440000534057617,531600
2021-07-13,19.34000015258789,19.399999618530273,19.149999618530273,19.209999084472656,487300
2021-07-14,19.200000762939453,19.31999969482422,19.149999618530273,19.25,210300
2021-07-15,19.43000030517578,19.469999313354492,19.350000381469727,19.3700008392334,138300
2021-07-16,19.479999542236328,19.549999237060547,19.3700008392334,19.3799991607666,242900
2021-07-19,18.8799991607666,18.889999389648438,18.600000381469727,18.729999542236328,659700
2021-07-20,18.860000610351562,19.209999084472656,18.81999969482422,19.149999618530273,435100
2021-07-21,19.190000534057617,19.25,19.040000915527344,19.239999771118164,222000
2021-07-22,19.40999984741211,19.5,19.299999237060547,19.309999465942383,187200
2021-07-23,19.15999984741211,19.219999313354492,19.0,19.06999969482422,311500
2021-07-26,19.0,19.18000030517578,18.93000030517578,19.18000030517578,218000
2021-07-27,19.229999542236328,19.270000457763672,19.020000457763672,19.270000457763672,129900
2021-07-28,19.280000686645508,19.360000610351562,19.15999984741211,19.31999969482422,136300
2021-07-29,19.479999542236328,19.489999771118164,19.309999465942383,19.360000610351562,124700
2021-07-30,19.350000381469727,19.549999237060547,19.299999237060547,19.549999237060547,153700
2021-08-02,19.420000076293945,19.65999984741211,19.399999618530273,19.510000228881836,267500
2021-08-03,19.670000076293945,19.920000076293945,19.670000076293945,19.899999618530273,269500
2021-08-04,19.899999618530273,19.959999084472656,19.809999465942383,19.850000381469727,162500
2021-08-05,19.969999313354492,20.06999969482422,19.950000762939453,20.020000457763672,270800
2021-08-06,19.8799991607666,20.030000686645508,19.75,19.809999465942383,136500
2021-08-09,19.979999542236328,20.25,19.889999389648438,20.209999084472656,228700
2021-08-10,20.110000610351562,20.110000610351562,19.93000030517578,19.989999771118164,213800
2021-08-11,19.850000381469727,19.989999771118164,19.850000381469727,19.950000762939453,199400
2021-08-12,19.799999237060547,19.860000610351562,19.709999084472656,19.799999237060547,116500
2021-08-13,19.760000228881836,19.84000015258789,19.760000228881836,19.84000015258789,145800
2021-08-16,19.84000015258789,19.8799991607666,19.65999984741211,19.719999313354492,194200
2021-08-17,19.59000015258789,19.649999618530273,19.3700008392334,19.43000030517578,180300
2021-08-18,19.440000534057617,19.579999923706055,19.399999618530273,19.399999618530273,184900
2021-08-19,19.3700008392334,19.540000915527344,19.260000228881836,19.469999313354492,282500
2021-08-20,19.100000381469727,19.299999237060547,19.030000686645508,19.15999984741211,361000
2021-08-23,19.059999465942383,19.3700008392334,19.059999465942383,19.3700008392334,307300
2021-08-24,19.260000228881836,19.34000015258789,19.209999084472656,19.280000686645508,187000
2021-08-25,19.3799991607666,19.469999313354492,19.299999237060547,19.40999984741211,199300
2021-08-26,19.329999923706055,19.40999984741211,19.170000076293945,19.229999542236328,192700
2021-08-27,19.3700008392334,19.84000015258789,19.360000610351562,19.760000228881836,337100
2021-08-30,19.84000015258789,19.93000030517578,19.719999313354492,19.860000610351562,207000
2021-08-31,19.860000610351562,19.860000610351562,19.700000762939453,19.75,165800
2021-09-01,19.739999771118164,19.979999542236328,19.739999771118164,19.920000076293945,236000
2021-09-02,19.989999771118164,20.020000457763672,19.920000076293945,20.0,195200
2021-09-03,20.110000610351562,20.219999313354492,20.059999465942383,20.200000762939453,273100
2021-09-07,20.15999984741211,20.18000030517578,19.93000030517578,20.030000686645508,183000
2021-09-08,19.950000762939453,19.950000762939453,19.729999542236328,19.770000457763672,330700
2021-09-09,19.8700008392334,20.06999969482422,19.81999969482422,20.030000686645508,159800
2021-09-10,20.030000686645508,20.15999984741211,19.989999771118164,20.030000686645508,151700
2021-09-13,20.030000686645508,20.030000686645508,19.700000762939453,19.829999923706055,140800
2021-09-14,19.81999969482422,19.8799991607666,19.709999084472656,19.75,183100
2021-09-15,19.81999969482422,19.969999313354492,19.75,19.81999969482422,161100
2021-09-16,19.829999923706055,19.899999618530273,19.739999771118164,19.8700008392334,100400
2021-09-17,19.940000534057617,19.959999084472656,19.760000228881836,19.84000015258789,143700
2021-09-20,19.5,19.559999465942383,19.309999465942383,19.3799991607666,264100
2021-09-21,19.360000610351562,19.579999923706055,19.360000610351562,19.510000228881836,124100
2021-09-22,19.68000030517578,19.979999542236328,19.6200008392334,19.850000381469727,204900
2021-09-23,19.93000030517578,19.93000030517578,19.610000610351562,19.729999542236328,748600
2021-09-24,19.68000030517578,19.68000030517578,19.549999237060547,19.579999923706055,138200
2021-09-27,19.3799991607666,19.399999618530273,19.18000030517578,19.209999084472656,315800
2021-09-28,19.280000686645508,19.34000015258789,19.110000610351562,19.200000762939453,214600
2021-09-29,19.18000030517578,19.309999465942383,19.040000915527344,19.06999969482422,379800
2021-09-30,19.170000076293945,19.399999618530273,19.170000076293945,19.270000457763672,178900
2021-10-01,19.1299991607666,19.209999084472656,19.06999969482422,19.139999389648438,153100
2021-10-04,19.18000030517578,19.290000915527344,19.100000381469727,19.100000381469727,134200
2021-10-05,19.200000762939453,19.399999618530273,19.200000762939453,19.299999237060547,159800
2021-10-06,19.18000030517578,19.239999771118164,19.139999389648438,19.209999084472656,125400
2021-10-07,19.309999465942383,19.540000915527344,19.309999465942383,19.469999313354492,240000
2021-10-08,19.579999923706055,19.6299991607666,19.530000686645508,19.600000381469727,209100
2021-10-11,19.84000015258789,19.850000381469727,19.610000610351562,19.639999389648438,99600
2021-10-12,19.700000762939453,19.75,19.559999465942383,19.610000610351562,115800
2021-10-13,19.559999465942383,19.670000076293945,19.540000915527344,19.600000381469727,90200
2021-10-14,19.559999465942383,19.65999984741211,19.559999465942383,19.6299991607666,87400
2021-10-15,19.68000030517578,19.700000762939453,19.450000762939453,19.5,344600
2021-10-18,19.459999084472656,19.65999984741211,19.459999084472656,19.6299991607666,200400
2021-10-19,19.799999237060547,19.81999969482422,19.670000076293945,19.709999084472656,76100
2021-10-20,19.65999984741211,19.719999313354492,19.610000610351562,19.709999084472656,195500
2021-10-21,19.59000015258789,19.6200008392334,19.540000915527344,19.56999969482422,32300
2021-10-22,19.579999923706055,19.700000762939453,19.56999969482422,19.639999389648438,98500
2021-10-25,19.600000381469727,19.719999313354492,19.600000381469727,19.709999084472656,249700
2021-10-26,19.799999237060547,19.8799991607666,19.719999313354492,19.719999313354492,190300
2021-10-27,20.079999923706055,20.149999618530273,20.0,20.100000381469727,324200
2021-10-28,20.209999084472656,20.329999923706055,20.200000762939453,20.239999771118164,296800
2021-10-29,20.25,20.31999969482422,20.190000534057617,20.299999237060547,269400
2021-11-01,20.280000686645508,20.399999618530273,20.25,20.3700008392334,177900
2021-11-02,20.399999618530273,20.399999618530273,20.31999969482422,20.329999923706055,164800
2021-11-03,20.18000030517578,20.219999313354492,20.020000457763672,20.190000534057617,161300
2021-11-04,20.200000762939453,20.280000686645508,20.1299991607666,20.200000762939453,243400
2021-11-05,20.350000381469727,20.440000534057617,20.350000381469727,20.420000076293945,123600
2021-11-08,20.510000228881836,20.68000030517578,20.469999313354492,20.670000076293945,351500
2021-11-09,20.649999618530273,20.649999618530273,20.5,20.559999465942383,167100
2021-11-10,20.5,20.75,20.5,20.59000015258789,310200
2021-11-11,20.68000030517578,20.68000030517578,20.559999465942383,20.600000381469727,169000
2021-11-12,20.68000030517578,20.770000457763672,20.600000381469727,20.709999084472656,141600
2021-11-15,20.719999313354492,20.84000015258789,20.709999084472656,20.75,193800
2021-11-16,20.770000457763672,20.780000686645508,20.68000030517578,20.739999771118164,207300
2021-11-17,20.790000915527344,20.90999984741211,20.770000457763672,20.850000381469727,205200
2021-11-18,20.850000381469727,20.8799991607666,20.799999237060547,20.850000381469727,196700
2021-11-19,20.68000030517578,20.68000030517578,20.510000228881836,20.540000915527344,159600
2021-11-22,20.489999771118164,20.5,20.280000686645508,20.280000686645508,192600
2021-11-23,20.479999542236328,20.56999969482422,20.479999542236328,20.559999465942383,205400
2021-11-24,20.649999618530273,20.75,20.649999618530273,20.719999313354492,142300
2021-11-26,20.510000228881836,20.799999237060547,20.510000228881836,20.68000030517578,236400
2021-11-29,20.68000030517578,20.920000076293945,20.610000610351562,20.670000076293945,304300
2021-11-30,20.670000076293945,20.829999923706055,20.670000076293945,20.75,322300
2021-12-01,20.8799991607666,20.979999542236328,20.75,20.799999237060547,195600
2021-12-02,20.799999237060547,20.850000381469727,20.68000030517578,20.719999313354492,296800
2021-12-03,20.5,20.549999237060547,20.280000686645508,20.3700008392334,251000
2021-12-06,20.0,20.049999237060547,19.8700008392334,20.010000228881836,502800
2021-12-07,20.3799991607666,20.559999465942383,20.31999969482422,20.510000228881836,339700
2021-12-08,20.549999237060547,20.700000762939453,20.549999237060547,20.700000762939453,204800
2021-12-09,20.790000915527344,20.8799991607666,20.780000686645508,20.850000381469727,293600
2021-12-10,20.770000457763672,20.780000686645508,20.6299991607666,20.68000030517578,133400
2021-12-13,20.84000015258789,20.84000015258789,20.6200008392334,20.68000030517578,275600
2021-12-14,20.6299991607666,20.780000686645508,20.600000381469727,20.690000534057617,56800
2021-12-15,20.68000030517578,20.799999237060547,20.649999618530273,20.739999771118164,117000
2021-12-16,20.790000915527344,20.799999237060547,20.610000610351562,20.709999084472656,168500
2021-12-17,20.719999313354492,20.850000381469727,20.719999313354492,20.770000457763672,160600
2021-12-20,20.510000228881836,20.639999389648438,20.510000228881836,20.600000381469727,178300
2021-12-21,20.760000228881836,20.940000534057617,20.760000228881836,20.8799991607666,217000
2021-12-22,20.8799991607666,20.989999771118164,20.850000381469727,20.989999771118164,169200
2021-12-23,20.729999542236328,20.729999542236328,20.639999389648438,20.65999984741211,165400
2021-12-27,20.770000457763672,21.049999237060547,20.68000030517578,21.010000228881836,350500
2021-12-28,21.010000228881836,21.100000381469727,21.0,21.049999237060547,107700
2021-12-29,21.020000457763672,21.020000457763672,20.950000762939453,21.010000228881836,100800
2021-12-30,21.010000228881836,21.309999465942383,21.010000228881836,21.260000228881836,305400
2021-12-31,21.270000457763672,21.3700008392334,21.190000534057617,21.239999771118164,126000
2022-01-03,21.280000686645508,21.350000381469727,21.25,21.270000457763672,360600
2022-01-04,21.540000915527344,21.65999984741211,21.520000457763672,21.530000686645508,422200
2022-01-05,21.549999237060547,21.600000381469727,21.450000762939453,21.489999771118164,315600
2022-01-06,21.489999771118164,21.5,21.219999313354492,21.389999389648438,227800
2022-01-07,21.399999618530273,21.479999542236328,21.389999389648438,21.399999618530273,160300
2022-01-10,21.260000228881836,21.260000228881836,21.030000686645508,21.200000762939453,427500
2022-01-11,21.030000686645508,21.06999969482422,20.90999984741211,21.059999465942383,226800
2022-01-12,21.260000228881836,21.260000228881836,21.049999237060547,21.09000015258789,140200
2022-01-13,20.889999389648438,20.889999389648438,20.670000076293945,20.729999542236328,297800
2022-01-14,20.729999542236328,20.790000915527344,20.649999618530273,20.739999771118164,164700
2022-01-18,20.0,20.020000457763672,19.68000030517578,19.68000030517578,569000
2022-01-19,19.719999313354492,19.8799991607666,19.719999313354492,19.75,495700
2022-01-20,19.93000030517578,20.079999923706055,19.889999389648438,19.90999984741211,336700
2022-01-21,19.84000015258789,19.920000076293945,19.780000686645508,19.84000015258789,497500
2022-01-24,19.31999969482422,19.31999969482422,18.850000381469727,19.1200008392334,682200
2022-01-25,19.329999923706055,19.559999465942383,19.299999237060547,19.479999542236328,435000
2022-01-26,19.559999465942383,19.559999465942383,19.299999237060547,19.329999923706055,187800
2022-01-27,19.329999923706055,19.450000762939453,19.309999465942383,19.3700008392334,238800
2022-01-28,19.399999618530273,19.6200008392334,19.3700008392334,19.600000381469727,202000
2022-01-31,19.530000686645508,19.809999465942383,19.530000686645508,19.770000457763672,123000
2022-02-01,19.81999969482422,19.860000610351562,19.639999389648438,19.829999923706055,123900
2022-02-02,19.899999618530273,19.979999542236328,19.790000915527344,19.889999389648438,112100
2022-02-03,19.809999465942383,19.81999969482422,19.709999084472656,19.760000228881836,243900
2022-02-04,19.790000915527344,19.790000915527344,19.670000076293945,19.719999313354492,108100
2022-02-07,19.790000915527344,19.790000915527344,19.690000534057617,19.739999771118164,165100
2022-02-08,19.670000076293945,19.68000030517578,19.549999237060547,19.649999618530273,208100
2022-02-09,19.979999542236328,20.030000686645508,19.8700008392334,20.030000686645508,420200
2022-02-10,19.860000610351562,19.979999542236328,19.770000457763672,19.8700008392334,168400
2022-02-11,19.799999237060547,19.850000381469727,19.600000381469727,19.6200008392334,283300
2022-02-14,19.5,19.520000457763672,19.329999923706055,19.399999618530273,252500
2022-02-15,19.6200008392334,19.729999542236328,19.59000015258789,19.649999618530273,102200
2022-02-16,19.649999618530273,19.850000381469727,19.6200008392334,19.809999465942383,59800
2022-02-17,19.84000015258789,19.950000762939453,19.760000228881836,19.81999969482422,281700
2022-02-18,19.799999237060547,19.899999618530273,19.790000915527344,19.790000915527344,114800
2022-02-22,19.59000015258789,19.700000762939453,19.459999084472656,19.639999389648438,286900
2022-02-23,19.8799991607666,19.8799991607666,19.639999389648438,19.68000030517578,222600
2022-02-24,19.110000610351562,19.520000457763672,19.030000686645508,19.5,423100
2022-02-25,19.559999465942383,19.6200008392334,19.510000228881836,19.59000015258789,219100
2022-02-28,19.479999542236328,19.540000915527344,19.40999984741211,19.510000228881836,193900
2022-03-01,19.559999465942383,19.600000381469727,19.40999984741211,19.43000030517578,142500
2022-03-02,19.40999984741211,19.59000015258789,19.399999618530273,19.549999237060547,176800
2022-03-03,19.8799991607666,19.8799991607666,19.719999313354492,19.739999771118164,134200
2022-03-04,19.540000915527344,19.68000030517578,19.540000915527344,19.639999389648438,134400
2022-03-07,19.5,19.5,19.219999313354492,19.239999771118164,221100
2022-03-08,19.09000015258789,19.110000610351562,18.940000534057617,18.969999313354492,232500
2022-03-09,19.0,19.170000076293945,19.0,19.1200008392334,170200
2022-03-10,19.200000762939453,19.200000762939453,18.93000030517578,18.969999313354492,184500
2022-03-11,18.899999618530273,18.899999618530273,18.530000686645508,18.530000686645508,258500
2022-03-14,18.3799991607666,18.3799991607666,18.139999389648438,18.200000762939453,292200
2022-03-15,18.25,18.450000762939453,18.200000762939453,18.399999618530273,293000
2022-03-16,18.450000762939453,18.790000915527344,18.450000762939453,18.760000228881836,331100
2022-03-17,18.690000534057617,18.690000534057617,18.559999465942383,18.6200008392334,252600
2022-03-18,18.719999313354492,18.860000610351562,18.600000381469727,18.850000381469727,151400
2022-03-21,19.200000762939453,19.239999771118164,18.979999542236328,19.190000534057617,183500
2022-03-22,19.229999542236328,19.31999969482422,19.1299991607666,19.270000457763672,148600
2022-03-23,19.299999237060547,19.350000381469727,19.209999084472656,19.219999313354492,104700
2022-03-24,19.280000686645508,19.280000686645508,19.149999618530273,19.200000762939453,112500
2022-03-25,19.200000762939453,19.200000762939453,19.09000015258789,19.149999618530273,102300
2022-03-28,18.950000762939453,19.010000228881836,18.780000686645508,18.920000076293945,225600
2022-03-29,19.06999969482422,19.139999389648438,19.0,19.110000610351562,115100
2022-03-30,19.010000228881836,19.040000915527344,18.889999389648438,19.0,222800
2022-03-31,19.059999465942383,19.059999465942383,18.829999923706055,18.8700008392334,82800
2022-04-01,19.149999618530273,19.229999542236328,19.079999923706055,19.190000534057617,135800
2022-04-04,19.350000381469727,19.469999313354492,19.290000915527344,19.450000762939453,203700
2022-04-05,19.43000030517578,19.440000534057617,19.219999313354492,19.270000457763672,150700
2022-04-06,19.1299991607666,19.270000457763672,19.020000457763672,19.059999465942383,189000
2022-04-07,18.959999084472656,19.110000610351562,18.920000076293945,18.989999771118164,101700
2022-04-08,18.8799991607666,18.8799991607666,18.760000228881836,18.770000457763672,146000
2022-04-11,18.639999389648438,18.780000686645508,18.639999389648438,18.690000534057617,253300
2022-04-12,18.6200008392334,18.68000030517578,18.549999237060547,18.559999465942383,92300
2022-04-13,18.739999771118164,18.770000457763672,18.469999313354492,18.75,115300
2022-04-14,18.719999313354492,18.719999313354492,18.540000915527344,18.540000915527344,100500
2022-04-18,18.31999969482422,18.399999618530273,18.0,18.0,197200
2022-04-19,17.799999237060547,17.799999237060547,17.68000030517578,17.700000762939453,326700
2022-04-20,17.670000076293945,17.670000076293945,17.5,17.510000228881836,229700
2022-04-21,17.5,17.530000686645508,17.350000381469727,17.360000610351562,315600
2022-04-22,17.469999313354492,17.489999771118164,17.260000228881836,17.260000228881836,184800
2022-04-25,16.600000381469727,16.6200008392334,16.459999084472656,16.600000381469727,487300
2022-04-26,16.850000381469727,16.899999618530273,16.700000762939453,16.719999313354492,232600
2022-04-27,16.90999984741211,17.049999237060547,16.90999984741211,16.959999084472656,237300
2022-04-28,16.950000762939453,16.959999084472656,16.81999969482422,16.899999618530273,340100
2022-04-29,17.059999465942383,17.18000030517578,17.020000457763672,17.040000915527344,282200
2022-05-02,17.049999237060547,17.1200008392334,17.020000457763672,17.100000381469727,222400
2022-05-03,17.139999389648438,17.229999542236328,17.1299991607666,17.219999313354492,237700
2022-05-04,17.030000686645508,17.100000381469727,16.889999389648438,17.059999465942383,314200
2022-05-05,17.0,17.049999237060547,16.81999969482422,16.860000610351562,269700
2022-05-06,16.700000762939453,16.729999542236328,16.579999923706055,16.6200008392334,233800
2022-05-09,15.989999771118164,16.040000915527344,15.729999542236328,15.739999771118164,517700
2022-05-10,16.149999618530273,16.190000534057617,16.010000228881836,16.139999389648438,327400
2022-05-11,16.059999465942383,16.219999313354492,16.059999465942383,16.09000015258789,243800
2022-05-12,15.460000038146973,15.460000038146973,15.25,15.279999732971191,694000
2022-05-13,15.050000190734863,15.25,15.050000190734863,15.229999542236328,492000
2022-05-16,15.039999961853027,15.0600004196167,14.9399995803833,14.960000038146973,347400
2022-05-17,15.5600004196167,15.670000076293945,15.5600004196167,15.649999618530273,442600
2022-05-18,15.630000114440918,15.720000267028809,15.399999618530273,15.420000076293945,141100
2022-05-19,15.520000457763672,15.640000343322754,15.510000228881836,15.600000381469727,170400
2022-05-20,15.699999809265137,15.699999809265137,15.390000343322754,15.479999542236328,140600
2022-05-23,15.390000343322754,15.420000076293945,15.289999961853027,15.3100004196167,224800
2022-05-24,15.390000343322754,15.479999542236328,15.369999885559082,15.399999618530273,244700
2022-05-25,15.729999542236328,15.729999542236328,15.609999656677246,15.710000038146973,323800
2022-05-26,15.760000228881836,15.760000228881836,15.6899995803833,15.739999771118164,279900
2022-05-27,15.90999984741211,15.90999984741211,15.869999885559082,15.899999618530273,149400
2022-05-31,16.1299991607666,16.15999984741211,15.960000038146973,16.040000915527344,317300
2022-06-01,16.200000762939453,16.200000762939453,16.020000457763672,16.059999465942383,159900
2022-06-02,16.010000228881836,16.020000457763672,15.920000076293945,16.020000457763672,225600
2022-06-03,15.9399995803833,15.9399995803833,15.800000190734863,15.8100004196167,174500
2022-06-06,15.979999542236328,15.979999542236328,15.800000190734863,15.800000190734863,146200
2022-06-07,15.84000015258789,15.899999618530273,15.800000190734863,15.899999618530273,172300
2022-06-08,16.040000915527344,16.049999237060547,15.9399995803833,15.960000038146973,222900
2022-06-09,16.06999969482422,16.06999969482422,15.920000076293945,15.930000305175781,138700
2022-06-10,15.800000190734863,15.800000190734863,15.630000114440918,15.649999618530273,217000
2022-06-13,15.220000267028809,15.220000267028809,14.930000305175781,14.949999809265137,468200
2022-06-14,15.100000381469727,15.199999809265137,15.010000228881836,15.050000190734863,115300
2022-06-15,14.899999618530273,15.039999961853027,14.789999961853027,14.979999542236328,275100
2022-06-16,14.949999809265137,14.949999809265137,14.760000228881836,14.890000343322754,403600
2022-06-17,14.800000190734863,14.850000381469727,14.720000267028809,14.819999694824219,117400
2022-06-21,14.640000343322754,14.6899995803833,14.510000228881836,14.539999961853027,351000
2022-06-22,14.5,14.510000228881836,14.300000190734863,14.449999809265137,189300
2022-06-23,14.579999923706055,14.699999809265137,14.5,14.649999618530273,270400
2022-06-24,14.6899995803833,14.829999923706055,14.649999618530273,14.789999961853027,175700
2022-06-27,15.0,15.0,14.800000190734863,14.8100004196167,292100
2022-06-28,14.989999771118164,14.989999771118164,14.760000228881836,14.819999694824219,109800
2022-06-29,14.850000381469727,14.850000381469727,14.670000076293945,14.710000038146973,115100
2022-06-30,14.520000457763672,14.520000457763672,14.34000015258789,14.399999618530273,238700
2022-07-01,14.390000343322754,14.5,14.34000015258789,14.479999542236328,325200
2022-07-05,14.180000305175781,14.279999732971191,14.0,14.09000015258789,986600
2022-07-06,13.970000267028809,13.970000267028809,13.760000228881836,13.800000190734863,375900
2022-07-07,14.079999923706055,14.170000076293945,14.079999923706055,14.15999984741211,219900
2022-07-08,14.15999984741211,14.329999923706055,14.09000015258789,14.279999732971191,203000
2022-07-11,14.279999732971191,14.279999732971191,14.15999984741211,14.180000305175781,95800
2022-07-12,14.3100004196167,14.380000114440918,14.260000228881836,14.34000015258789,112600
2022-07-13,14.229999542236328,14.329999923706055,14.15999984741211,14.210000038146973,209900
2022-07-14,14.260000228881836,14.34000015258789,14.25,14.34000015258789,204700
2022-07-15,14.270000457763672,14.4399995803833,14.270000457763672,14.430000305175781,179200
2022-07-18,14.399999618530273,14.420000076293945,14.25,14.270000457763672,316200
2022-07-19,14.420000076293945,14.520000457763672,14.420000076293945,14.520000457763672,78800
2022-07-20,14.630000114440918,14.640000343322754,14.550000190734863,14.609999656677246,177600
2022-07-21,14.6899995803833,14.699999809265137,14.579999923706055,14.65999984741211,74500
2022-07-22,14.600000381469727,14.609999656677246,14.470000267028809,14.5,135000
2022-07-25,14.59000015258789,14.619999885559082,14.529999732971191,14.569999694824219,98100
2022-07-26,14.470000267028809,14.470000267028809,14.329999923706055,14.34000015258789,133400
2022-07-27,14.40999984741211,14.630000114440918,14.40999984741211,14.609999656677246,56700
2022-07-28,14.720000267028809,14.819999694824219,14.640000343322754,14.800000190734863,134900
2022-07-29,14.710000038146973,14.75,14.640000343322754,14.729999542236328,107000
2022-08-01,14.9399995803833,15.039999961853027,14.84000015258789,15.029999732971191,503300
2022-08-02,15.079999923706055,15.140000343322754,15.020000457763672,15.0600004196167,147000
2022-08-03,15.149999618530273,15.229999542236328,15.050000190734863,15.220000267028809,183300
2022-08-04,15.199999809265137,15.270000457763672,15.109999656677246,15.260000228881836,304600
2022-08-05,15.210000038146973,15.300000190734863,15.199999809265137,15.289999961853027,139700
2022-08-08,15.380000114440918,15.390000343322754,15.289999961853027,15.359999656677246,462900
2022-08-09,15.449999809265137,15.449999809265137,15.359999656677246,15.420000076293945,118600
2022-08-10,15.529999732971191,15.529999732971191,15.430000305175781,15.510000228881836,137300
2022-08-11,15.4399995803833,15.520000457763672,15.369999885559082,15.430000305175781,249600
2022-08-12,15.5600004196167,15.699999809265137,15.529999732971191,15.670000076293945,78000
2022-08-15,15.699999809265137,15.760000228881836,15.670000076293945,15.710000038146973,115200
2022-08-16,15.710000038146973,15.720000267028809,15.619999885559082,15.680000305175781,84100
2022-08-17,15.75,15.800000190734863,15.680000305175781,15.739999771118164,131800
2022-08-18,15.619999885559082,15.680000305175781,15.579999923706055,15.640000343322754,293600
2022-08-19,15.520000457763672,15.520000457763672,15.369999885559082,15.449999809265137,151100
2022-08-22,15.300000190734863,15.3100004196167,15.25,15.279999732971191,76400
2022-08-23,15.430000305175781,15.520000457763672,15.359999656677246,15.470000267028809,222800
2022-08-24,15.569999694824219,15.630000114440918,15.510000228881836,15.600000381469727,73700
2022-08-25,15.640000343322754,15.800000190734863,15.640000343322754,15.779999732971191,389700
2022-08-26,15.670000076293945,15.670000076293945,15.300000190734863,15.34000015258789,452300
2022-08-29,15.260000228881836,15.34000015258789,15.220000267028809,15.239999771118164,359700
2022-08-30,15.210000038146973,15.260000228881836,15.130000114440918,15.170000076293945,89600
2022-08-31,15.359999656677246,15.380000114440918,15.270000457763672,15.329999923706055,259000
2022-09-01,15.25,15.25,15.140000343322754,15.239999771118164,101800
2022-09-02,15.300000190734863,15.3100004196167,15.170000076293945,15.170000076293945,41900
2022-09-06,15.15999984741211,15.15999984741211,15.020000457763672,15.050000190734863,401700
2022-09-07,14.859999656677246,14.930000305175781,14.75,14.880000114440918,135900
2022-09-08,14.850000381469727,14.930000305175781,14.829999923706055,14.859999656677246,88900
2022-09-09,15.0,15.109999656677246,14.960000038146973,15.050000190734863,506800
2022-09-12,15.109999656677246,15.180000305175781,15.0600004196167,15.149999618530273,122800
2022-09-13,14.960000038146973,14.960000038146973,14.609999656677246,14.65999984741211,514200
2022-09-14,14.850000381469727,14.850000381469727,14.699999809265137,14.779999732971191,442700
2022-09-15,14.75,14.829999923706055,14.619999885559082,14.649999618530273,358300
2022-09-16,14.579999923706055,14.600000381469727,14.5,14.510000228881836,212900
2022-09-19,14.399999618530273,14.40999984741211,14.3100004196167,14.369999885559082,150900
2022-09-20,14.399999618530273,14.399999618530273,14.319999694824219,14.399999618530273,291100
2022-09-21,14.369999885559082,14.399999618530273,14.25,14.350000381469727,206400
2022-09-22,14.270000457763672,14.390000343322754,14.1899995803833,14.199999809265137,186800
2022-09-23,14.100000381469727,14.109999656677246,14.0,14.050000190734863,125600
2022-09-26,13.800000190734863,13.850000381469727,13.569999694824219,13.59000015258789,393400
2022-09-27,13.579999923706055,13.680000305175781,13.520000457763672,13.550000190734863,207700
2022-09-28,13.40999984741211,13.539999961853027,13.380000114440918,13.5,225900
2022-09-29,13.25,13.390000343322754,13.050000190734863,13.079999923706055,188300
2022-09-30,13.050000190734863,13.470000267028809,13.050000190734863,13.300000190734863,1644200
2022-10-03,12.970000267028809,13.0,12.720000267028809,12.859999656677246,287900
2022-10-04,12.890000343322754,12.960000038146973,12.8100004196167,12.859999656677246,418400
2022-10-05,12.970000267028809,13.0600004196167,12.859999656677246,13.020000457763672,652900
2022-10-06,12.699999809265137,12.739999771118164,12.619999885559082,12.670000076293945,214200
2022-10-07,12.479999542236328,12.479999542236328,12.210000038146973,12.40999984741211,717100
2022-10-10,12.5600004196167,12.5600004196167,12.319999694824219,12.420000076293945,342700
2022-10-11,12.100000381469727,12.140000343322754,11.890000343322754,12.029999732971191,633600
2022-10-12,12.199999809265137,12.359999656677246,12.199999809265137,12.329999923706055,257200
2022-10-13,12.1899995803833,12.529999732971191,12.020000457763672,12.520000457763672,635200
2022-10-14,12.5,12.640000343322754,12.25,12.279999732971191,123000
2022-10-17,12.289999961853027,12.380000114440918,12.289999961853027,12.329999923706055,173100
2022-10-18,12.489999771118164,12.489999771118164,12.350000381469727,12.40999984741211,407100
2022-10-19,12.329999923706055,12.350000381469727,12.170000076293945,12.220000267028809,308200
2022-10-20,12.270000457763672,12.270000457763672,12.100000381469727,12.130000114440918,149600
2022-10-21,11.850000381469727,11.880000114440918,11.579999923706055,11.869999885559082,891100
2022-10-24,11.430000305175781,11.430000305175781,11.270000457763672,11.359999656677246,689800
2022-10-25,11.350000381469727,11.40999984741211,11.289999961853027,11.350000381469727,471600
2022-10-26,11.260000228881836,11.550000190734863,11.260000228881836,11.470000267028809,695200
2022-10-27,11.789999961853027,11.819999694824219,11.710000038146973,11.770000457763672,496900
2022-10-28,11.75,11.779999732971191,11.649999618530273,11.75,232500
2022-10-31,11.670000076293945,11.720000267028809,11.640000343322754,11.680000305175781,192500
2022-11-01,11.800000190734863,11.850000381469727,11.539999961853027,11.539999961853027,348000
2022-11-02,11.5600004196167,11.739999771118164,11.470000267028809,11.479999542236328,324300
2022-11-03,11.479999542236328,11.479999542236328,11.350000381469727,11.369999885559082,372200
2022-11-04,11.359999656677246,11.420000076293945,11.180000305175781,11.34000015258789,731200
2022-11-07,11.210000038146973,11.210000038146973,11.010000228881836,11.050000190734863,532200
2022-11-08,11.100000381469727,11.270000457763672,11.100000381469727,11.25,601200
2022-11-09,11.180000305175781,11.180000305175781,11.0,11.010000228881836,330300
2022-11-10,11.239999771118164,11.25,10.899999618530273,10.960000038146973,906800
2022-11-11,11.050000190734863,11.300000190734863,10.979999542236328,11.210000038146973,1643200
2022-11-14,11.079999923706055,11.199999809265137,10.920000076293945,10.9399995803833,1630000
2022-11-15,11.0,11.020000457763672,10.729999542236328,10.899999618530273,1137000
2022-11-16,11.149999618530273,11.34000015258789,11.140000343322754,11.260000228881836,1303300
2022-11-17,11.489999771118164,11.520000457763672,11.300000190734863,11.479999542236328,1383700
2022-11-18,11.600000381469727,11.619999885559082,11.34000015258789,11.380000114440918,591500
2022-11-21,11.25,11.279999732971191,11.130000114440918,11.170000076293945,538000
2022-11-22,11.149999618530273,11.180000305175781,11.079999923706055,11.149999618530273,542700
2022-11-23,11.109999656677246,11.15999984741211,11.0600004196167,11.119999885559082,450500
2022-11-25,11.449999809265137,11.600000381469727,11.369999885559082,11.569999694824219,528600
2022-11-28,11.819999694824219,12.0,11.770000457763672,11.800000190734863,1242400
2022-11-29,12.180000305175781,12.220000267028809,12.09000015258789,12.199999809265137,1546400
2022-11-30,12.390000343322754,12.779999732971191,12.380000114440918,12.779999732971191,1618300
2022-12-01,12.510000228881836,12.550000190734863,12.3100004196167,12.390000343322754,1223600
2022-12-02,12.760000228881836,12.90999984741211,12.729999542236328,12.84000015258789,1142200
2022-12-05,13.079999923706055,13.130000114440918,12.970000267028809,13.039999961853027,1811200
2022-12-06,12.710000038146973,12.739999771118164,12.470000267028809,12.510000228881836,1242600
2022-12-07,12.520000457763672,12.710000038146973,12.520000457763672,12.699999809265137,764700
2022-12-08,12.800000190734863,12.84000015258789,12.699999809265137,12.819999694824219,640700
2022-12-09,12.9399995803833,12.970000267028809,12.819999694824219,12.850000381469727,763100
2022-12-12,12.600000381469727,12.609999656677246,12.510000228881836,12.569999694824219,861700
2022-12-13,12.84000015258789,12.899999618530273,12.710000038146973,12.779999732971191,535400
2022-12-14,12.880000114440918,12.920000076293945,12.5600004196167,12.680000305175781,756600
2022-12-15,12.649999618530273,12.75,12.5600004196167,12.609999656677246,1598500
2022-12-16,12.510000228881836,12.600000381469727,12.479999542236328,12.510000228881836,468000
2022-12-19,12.319999694824219,12.359999656677246,12.100000381469727,12.149999618530273,496000
2022-12-20,12.029999732971191,12.069999694824219,11.930000305175781,11.979999542236328,547000
2022-12-21,12.0,12.109999656677246,11.859999656677246,12.0600004196167,927800
2022-12-22,12.029999732971191,12.069999694824219,11.859999656677246,11.949999809265137,720300
2022-12-23,11.970000267028809,12.149999618530273,11.960000038146973,12.140000343322754,641700
2022-12-27,11.960000038146973,12.0,11.850000381469727,11.920000076293945,755600
2022-12-28,11.960000038146973,12.039999961853027,11.760000228881836,11.850000381469727,942600
2022-12-29,11.880000114440918,11.899999618530273,11.779999732971191,11.890000343322754,444400
2022-12-30,11.850000381469727,11.899999618530273,11.779999732971191,11.84000015258789,571300
2023-01-03,12.109999656677246,12.3100004196167,12.109999656677246,12.3100004196167,1271800
2023-01-04,12.319999694824219,12.449999809265137,12.260000228881836,12.390000343322754,1443000
2023-01-05,12.390000343322754,12.399999618530273,12.289999961853027,12.329999923706055,808400
2023-01-06,12.350000381469727,12.449999809265137,12.229999542236328,12.430000305175781,920600
2023-01-09,12.5,12.510000228881836,12.350000381469727,12.369999885559082,1037100
2023-01-10,12.390000343322754,12.449999809265137,12.350000381469727,12.449999809265137,615700
2023-01-11,12.520000457763672,12.619999885559082,12.479999542236328,12.609999656677246,781300
2023-01-12,12.640000343322754,12.649999618530273,12.350000381469727,12.529999732971191,802100
2023-01-13,12.520000457763672,12.529999732971191,12.430000305175781,12.489999771118164,480700
2023-01-17,12.770000457763672,12.800000190734863,12.729999542236328,12.789999961853027,948200
2023-01-18,12.899999618530273,12.970000267028809,12.670000076293945,12.710000038146973,1427500
2023-01-19,12.710000038146973,12.960000038146973,12.710000038146973,12.890000343322754,807500
2023-01-20,12.979999542236328,13.079999923706055,12.890000343322754,13.029999732971191,1017600
2023-01-23,13.109999656677246,13.170000076293945,13.010000228881836,13.130000114440918,1289900
2023-01-24,13.100000381469727,13.119999885559082,12.920000076293945,12.960000038146973,791500
2023-01-25,12.979999542236328,13.0600004196167,12.720000267028809,12.779999732971191,1138000
2023-01-26,12.949999809265137,13.119999885559082,12.8100004196167,12.930000305175781,941600
2023-01-27,12.979999542236328,13.079999923706055,12.930000305175781,13.0,929800
2023-01-30,12.869999885559082,12.989999771118164,12.640000343322754,12.649999618530273,842400
2023-01-31,12.729999542236328,12.930000305175781,12.710000038146973,12.890000343322754,466000
2023-02-01,12.649999618530273,12.720000267028809,12.510000228881836,12.6899995803833,1574800
2023-02-02,12.670000076293945,12.680000305175781,12.270000457763672,12.539999961853027,2698500
2023-02-03,12.479999542236328,12.529999732971191,12.149999618530273,12.270000457763672,1686100
2023-02-06,12.399999618530273,12.430000305175781,12.300000190734863,12.359999656677246,1173400
2023-02-07,12.180000305175781,12.270000457763672,12.069999694824219,12.270000457763672,1152100
2023-02-08,12.270000457763672,12.289999961853027,12.09000015258789,12.09000015258789,1284600
2023-02-09,12.149999618530273,12.15999984741211,11.899999618530273,11.960000038146973,1317900
2023-02-10,11.949999809265137,11.970000267028809,11.899999618530273,11.949999809265137,434600
2023-02-13,11.819999694824219,12.0,11.779999732971191,11.859999656677246,1013300
2023-02-14,11.829999923706055,11.890000343322754,11.680000305175781,11.829999923706055,659400
2023-02-15,11.880000114440918,11.949999809265137,11.800000190734863,11.859999656677246,1074300
2023-02-16,11.90999984741211,12.0600004196167,11.850000381469727,12.0,1614100
2023-02-17,11.9399995803833,11.949999809265137,11.850000381469727,11.880000114440918,330400
2023-02-21,12.119999885559082,12.15999984741211,12.0,12.050000190734863,1147200
2023-02-22,11.899999618530273,11.899999618530273,11.710000038146973,11.760000228881836,1155500
2023-02-23,11.800000190734863,11.800000190734863,11.520000457763672,11.699999809265137,1730900
2023-02-24,11.520000457763672,11.520000457763672,11.380000114440918,11.479999542236328,1181400
2023-02-27,11.359999656677246,11.399999618530273,11.15999984741211,11.239999771118164,1586600
2023-02-28,11.300000190734863,11.300000190734863,11.210000038146973,11.260000228881836,919700
2023-03-01,11.420000076293945,11.619999885559082,11.420000076293945,11.59000015258789,1586100
2023-03-02,11.529999732971191,11.579999923706055,11.470000267028809,11.569999694824219,476500
2023-03-03,11.470000267028809,11.609999656677246,11.359999656677246,11.569999694824219,1017400
2023-03-06,11.600000381469727,11.609999656677246,11.4399995803833,11.479999542236328,1372700
2023-03-07,11.619999885559082,11.640000343322754,11.520000457763672,11.520000457763672,1056000
2023-03-08,11.65999984741211,11.760000228881836,11.649999618530273,11.739999771118164,783600
2023-03-09,11.770000457763672,11.819999694824219,11.609999656677246,11.640000343322754,1452900
2023-03-10,11.8100004196167,11.869999885559082,11.630000114440918,11.65999984741211,835600
2023-03-13,11.649999618530273,11.75,11.59000015258789,11.6899995803833,1094100
2023-03-14,11.649999618530273,11.65999984741211,11.569999694824219,11.609999656677246,1072100
2023-03-15,11.729999542236328,11.800000190734863,11.609999656677246,11.6899995803833,1213600
2023-03-16,11.649999618530273,11.859999656677246,11.619999885559082,11.859999656677246,1217400
2023-03-17,11.710000038146973,11.850000381469727,11.619999885559082,11.630000114440918,1538200
2023-03-20,11.510000228881836,11.529999732971191,11.420000076293945,11.479999542236328,575400
2023-03-21,11.600000381469727,11.779999732971191,11.600000381469727,11.760000228881836,808200
2023-03-22,11.800000190734863,11.869999885559082,11.699999809265137,11.75,694900
2023-03-23,11.789999961853027,11.9399995803833,11.770000457763672,11.789999961853027,977800
2023-03-24,11.770000457763672,11.84000015258789,11.630000114440918,11.829999923706055,697500
2023-03-27,11.890000343322754,12.100000381469727,11.890000343322754,12.079999923706055,1069500
2023-03-28,12.0600004196167,12.09000015258789,12.010000228881836,12.09000015258789,443900
2023-03-29,12.149999618530273,12.210000038146973,12.0600004196167,12.149999618530273,376200
2023-03-30,12.15999984741211,12.199999809265137,12.09000015258789,12.149999618530273,475400
2023-03-31,12.199999809265137,12.220000267028809,12.149999618530273,12.180000305175781,384400
2023-04-03,12.300000190734863,12.460000038146973,12.289999961853027,12.460000038146973,456800
2023-04-04,12.4399995803833,12.460000038146973,12.380000114440918,12.420000076293945,366800
2023-04-05,12.40999984741211,12.489999771118164,12.369999885559082,12.390000343322754,430000
2023-04-06,12.319999694824219,12.319999694824219,12.1899995803833,12.289999961853027,1042100
2023-04-10,12.270000457763672,12.390000343322754,12.1899995803833,12.300000190734863,338200
2023-04-11,12.390000343322754,12.390000343322754,12.239999771118164,12.289999961853027,789400
2023-04-12,12.289999961853027,12.359999656677246,12.260000228881836,12.279999732971191,347100
2023-04-13,12.220000267028809,12.239999771118164,12.170000076293945,12.239999771118164,268600
2023-04-14,12.140000343322754,12.149999618530273,12.010000228881836,12.079999923706055,734700
2023-04-17,12.050000190734863,12.109999656677246,12.050000190734863,12.109999656677246,222800
2023-04-18,12.1899995803833,12.199999809265137,12.109999656677246,12.130000114440918,802000
2023-04-19,12.020000457763672,12.069999694824219,11.949999809265137,11.960000038146973,716100
2023-04-20,11.920000076293945,12.010000228881836,11.90999984741211,11.979999542236328,553400
2023-04-21,11.899999618530273,11.899999618530273,11.850000381469727,11.899999618530273,859000
2023-04-24,11.880000114440918,11.880000114440918,11.819999694824219,11.859999656677246,694300
2023-04-25,11.800000190734863,11.8100004196167,11.65999984741211,11.670000076293945,1074200
2023-04-26,11.760000228881836,11.819999694824219,11.760000228881836,11.789999961853027,341100
2023-04-27,11.800000190734863,11.970000267028809,11.800000190734863,11.949999809265137,821400
2023-04-28,12.020000457763672,12.149999618530273,11.970000267028809,12.149999618530273,512600
2023-05-01,12.170000076293945,12.180000305175781,12.039999961853027,12.050000190734863,613500
2023-05-02,12.0,12.09000015258789,11.920000076293945,11.949999809265137,517100
2023-05-03,11.90999984741211,11.970000267028809,11.890000343322754,11.920000076293945,465800
2023-05-04,11.890000343322754,11.920000076293945,11.829999923706055,11.890000343322754,755200
2023-05-05,11.84000015258789,12.0,11.829999923706055,12.0,196200
2023-05-08,12.039999961853027,12.149999618530273,12.039999961853027,12.079999923706055,230800
2023-05-09,12.079999923706055,12.119999885559082,12.039999961853027,12.050000190734863,546800
2023-05-10,12.140000343322754,12.279999732971191,12.140000343322754,12.260000228881836,810500
2023-05-11,12.279999732971191,12.390000343322754,12.260000228881836,12.380000114440918,1098500
2023-05-12,12.4399995803833,12.569999694824219,12.399999618530273,12.489999771118164,480900
2023-05-15,12.510000228881836,12.510000228881836,12.420000076293945,12.470000267028809,370700
2023-05-16,12.4399995803833,12.470000267028809,12.40999984741211,12.4399995803833,215500
2023-05-17,12.34000015258789,12.399999618530273,12.319999694824219,12.34000015258789,867100
2023-05-18,12.34000015258789,12.420000076293945,12.34000015258789,12.399999618530273,265000
2023-05-19,12.399999618530273,12.420000076293945,12.369999885559082,12.369999885559082,299600
2023-05-22,12.4399995803833,12.479999542236328,12.399999618530273,12.460000038146973,357000
2023-05-23,12.34000015258789,12.380000114440918,12.329999923706055,12.34000015258789,268400
2023-05-24,12.289999961853027,12.380000114440918,12.25,12.25,207000
2023-05-25,12.270000457763672,12.34000015258789,12.270000457763672,12.34000015258789,309000
2023-05-26,12.270000457763672,12.329999923706055,12.260000228881836,12.300000190734863,719800
2023-05-30,12.399999618530273,12.489999771118164,12.380000114440918,12.4399995803833,724600
2023-05-31,12.399999618530273,12.539999961853027,12.279999732971191,12.430000305175781,2147900
2023-06-01,12.539999961853027,12.829999923706055,12.460000038146973,12.8100004196167,1586400
2023-06-02,12.890000343322754,12.920000076293945,12.859999656677246,12.859999656677246,545900
2023-06-05,12.770000457763672,12.859999656677246,12.75,12.829999923706055,205100
2023-06-06,12.90999984741211,13.100000381469727,12.90999984741211,13.100000381469727,1068200
2023-06-07,13.229999542236328,13.229999542236328,13.130000114440918,13.140000343322754,303300
2023-06-08,13.069999694824219,13.079999923706055,12.989999771118164,13.0,486700
2023-06-09,13.100000381469727,13.170000076293945,13.050000190734863,13.149999618530273,317400
2023-06-12,13.220000267028809,13.319999694824219,13.220000267028809,13.319999694824219,575200
2023-06-13,13.399999618530273,13.430000305175781,13.34000015258789,13.350000381469727,431200
2023-06-14,13.229999542236328,13.270000457763672,13.180000305175781,13.239999771118164,890600
2023-06-15,13.239999771118164,13.270000457763672,13.149999618530273,13.170000076293945,654900
2023-06-16,13.170000076293945,13.1899995803833,13.109999656677246,13.130000114440918,321500
2023-06-20,13.0600004196167,13.130000114440918,13.0600004196167,13.109999656677246,395600
2023-06-21,13.180000305175781,13.380000114440918,13.180000305175781,13.34000015258789,445800
2023-06-22,13.399999618530273,13.579999923706055,13.369999885559082,13.550000190734863,1233900
2023-06-23,13.569999694824219,13.569999694824219,13.399999618530273,13.539999961853027,543600
2023-06-26,13.550000190734863,13.609999656677246,13.510000228881836,13.539999961853027,318200
2023-06-27,13.5600004196167,13.640000343322754,13.5600004196167,13.630000114440918,434400
2023-06-28,13.630000114440918,13.649999618530273,13.5600004196167,13.579999923706055,315500
2023-06-29,13.420000076293945,13.430000305175781,13.270000457763672,13.3100004196167,1632800
2023-06-30,13.3100004196167,13.359999656677246,13.289999961853027,13.300000190734863,407000
2023-07-03,13.300000190734863,13.34000015258789,13.270000457763672,13.289999961853027,227800
2023-07-05,13.369999885559082,13.470000267028809,13.329999923706055,13.460000038146973,910700
2023-07-06,13.270000457763672,13.329999923706055,13.210000038146973,13.220000267028809,605500
2023-07-07,13.390000343322754,13.5,13.380000114440918,13.449999809265137,289100
2023-07-10,13.5600004196167,13.739999771118164,13.550000190734863,13.729999542236328,1194300
2023-07-11,13.729999542236328,13.729999542236328,13.65999984741211,13.710000038146973,599700
2023-07-12,13.800000190734863,13.850000381469727,13.770000457763672,13.819999694824219,283600
2023-07-13,13.960000038146973,14.010000228881836,13.920000076293945,14.0,514000
2023-07-14,14.109999656677246,14.109999656677246,14.039999961853027,14.050000190734863,490200
2023-07-17,14.109999656677246,14.149999618530273,14.069999694824219,14.09000015258789,322400
2023-07-18,14.140000343322754,14.149999618530273,14.09000015258789,14.100000381469727,353600
2023-07-19,14.100000381469727,14.109999656677246,13.930000305175781,13.960000038146973,1123700
2023-07-20,13.9399995803833,14.020000457763672,13.930000305175781,14.0,461600
2023-07-21,14.149999618530273,14.350000381469727,14.149999618530273,14.329999923706055,1011800
2023-07-24,14.399999618530273,14.520000457763672,14.369999885559082,14.5,766200
2023-07-25,14.399999618530273,14.5,14.380000114440918,14.420000076293945,418300
2023-07-26,14.479999542236328,14.569999694824219,14.460000038146973,14.569999694824219,655300
2023-07-27,14.619999885559082,14.619999885559082,14.430000305175781,14.4399995803833,333100
2023-07-28,14.680000305175781,14.819999694824219,14.609999656677246,14.8100004196167,505800
2023-07-31,15.0,15.09000015258789,14.979999542236328,15.050000190734863,864800
2023-08-01,14.899999618530273,14.920000076293945,14.760000228881836,14.800000190734863,1939500
2023-08-02,14.760000228881836,14.789999961853027,14.600000381469727,14.619999885559082,1602300
2023-08-03,14.5,14.649999618530273,14.489999771118164,14.649999618530273,335400
2023-08-04,14.890000343322754,15.199999809265137,14.890000343322754,15.079999923706055,826700
2023-08-07,15.279999732971191,15.34000015258789,15.229999542236328,15.329999923706055,762100
2023-08-08,15.329999923706055,15.34000015258789,15.220000267028809,15.270000457763672,403100
2023-08-09,15.199999809265137,15.25,15.039999961853027,15.0600004196167,506000
2023-08-10,15.029999732971191,15.039999961853027,14.920000076293945,14.920000076293945,485500
2023-08-11,14.979999542236328,15.180000305175781,14.979999542236328,15.180000305175781,649100
2023-08-14,15.300000190734863,15.489999771118164,15.25,15.489999771118164,1006300
2023-08-15,15.390000343322754,15.390000343322754,15.170000076293945,15.199999809265137,427100
2023-08-16,15.260000228881836,15.399999618530273,15.25,15.289999961853027,761600
2023-08-17,15.300000190734863,15.300000190734863,15.050000190734863,15.109999656677246,912100
2023-08-18,14.300000190734863,14.329999923706055,14.100000381469727,14.180000305175781,2023300
2023-08-21,14.270000457763672,14.359999656677246,14.239999771118164,14.34000015258789,520300
2023-08-22,14.399999618530273,14.430000305175781,14.34000015258789,14.380000114440918,385700
2023-08-23,14.359999656677246,14.470000267028809,14.220000267028809,14.319999694824219,390800
2023-08-24,14.479999542236328,14.600000381469727,14.470000267028809,14.5,424600
2023-08-25,14.579999923706055,14.65999984741211,14.520000457763672,14.579999923706055,468500
2023-08-28,14.779999732971191,14.9399995803833,14.779999732971191,14.90999984741211,584400
2023-08-29,14.899999618530273,14.930000305175781,14.84000015258789,14.920000076293945,606700
2023-08-30,14.949999809265137,15.069999694824219,14.9399995803833,14.989999771118164,391900
2023-08-31,15.149999618530273,15.239999771118164,15.140000343322754,15.15999984741211,469000
2023-09-01,15.239999771118164,15.270000457763672,15.130000114440918,15.130000114440918,375200
2023-09-05,15.239999771118164,15.3100004196167,15.220000267028809,15.239999771118164,426000
2023-09-06,15.380000114440918,15.5,15.380000114440918,15.489999771118164,755700
2023-09-07,15.380000114440918,15.4399995803833,15.300000190734863,15.430000305175781,451900
2023-09-08,15.460000038146973,15.479999542236328,15.350000381469727,15.460000038146973,401700
2023-09-11,15.300000190734863,15.34000015258789,15.199999809265137,15.260000228881836,909400
2023-09-12,15.520000457763672,15.649999618530273,15.479999542236328,15.609999656677246,520200
2023-09-13,15.460000038146973,15.479999542236328,15.329999923706055,15.329999923706055,868000
2023-09-14,15.140000343322754,15.199999809265137,15.039999961853027,15.0600004196167,648600
2023-09-15,15.0,15.029999732971191,14.9399995803833,14.949999809265137,709900
2023-09-18,14.859999656677246,14.859999656677246,14.6899995803833,14.8100004196167,734700
2023-09-19,14.8100004196167,14.859999656677246,14.65999984741211,14.710000038146973,1097900
2023-09-20,14.949999809265137,15.050000190734863,14.90999984741211,14.920000076293945,1037700
2023-09-21,14.720000267028809,14.760000228881836,14.670000076293945,14.680000305175781,610900
2023-09-22,14.34000015258789,14.399999618530273,14.149999618530273,14.180000305175781,1043100
2023-09-25,13.579999923706055,13.579999923706055,13.4399995803833,13.470000267028809,1168800
2023-09-26,13.34000015258789,13.34000015258789,13.210000038146973,13.229999542236328,1041100
2023-09-27,13.510000228881836,13.609999656677246,13.510000228881836,13.59000015258789,844700
2023-09-28,13.5,13.59000015258789,13.420000076293945,13.520000457763672,554400
2023-09-29,13.649999618530273,13.670000076293945,13.529999732971191,13.539999961853027,374000
2023-10-02,13.609999656677246,13.6899995803833,13.550000190734863,13.65999984741211,572400
2023-10-03,13.050000190734863,13.079999923706055,12.90999984741211,12.90999984741211,1064200
2023-10-04,13.130000114440918,13.25,13.119999885559082,13.180000305175781,1071200
2023-10-05,13.029999732971191,13.0600004196167,12.970000267028809,13.029999732971191,462700
2023-10-06,13.140000343322754,13.40999984741211,13.140000343322754,13.369999885559082,560300
2023-10-09,13.460000038146973,13.5,13.399999618530273,13.5,425200
2023-10-10,13.520000457763672,13.579999923706055,13.489999771118164,13.550000190734863,729100
2023-10-11,13.670000076293945,13.75,13.640000343322754,13.649999618530273,373400
2023-10-12,13.720000267028809,13.729999542236328,13.600000381469727,13.680000305175781,374200
2023-10-13,13.75,13.800000190734863,13.65999984741211,13.699999809265137,585300
2023-10-16,13.539999961853027,13.569999694824219,13.460000038146973,13.5,489700
2023-10-17,13.180000305175781,13.279999732971191,13.039999961853027,13.140000343322754,959700
2023-10-18,12.930000305175781,12.930000305175781,12.779999732971191,12.779999732971191,944600
2023-10-19,12.600000381469727,12.640000343322754,12.350000381469727,12.359999656677246,1777600
2023-10-20,12.720000267028809,12.819999694824219,12.720000267028809,12.760000228881836,780800
2023-10-23,12.609999656677246,12.729999542236328,12.609999656677246,12.670000076293945,280200
2023-10-24,12.819999694824219,12.989999771118164,12.8100004196167,12.949999809265137,853400
2023-10-25,12.869999885559082,12.890000343322754,12.699999809265137,12.699999809265137,452100
2023-10-26,12.1899995803833,12.199999809265137,12.010000228881836,12.039999961853027,917300
2023-10-27,12.079999923706055,12.149999618530273,12.029999732971191,12.050000190734863,380300
2023-10-30,11.90999984741211,11.90999984741211,11.800000190734863,11.829999923706055,373400
2023-10-31,11.59000015258789,11.600000381469727,11.510000228881836,11.5600004196167,688300
2023-11-01,11.800000190734863,11.829999923706055,11.739999771118164,11.829999923706055,461600
2023-11-02,12.289999961853027,12.489999771118164,12.279999732971191,12.460000038146973,918200
2023-11-03,12.529999732971191,12.550000190734863,12.470000267028809,12.529999732971191,455000
2023-11-06,12.710000038146973,12.75,12.670000076293945,12.75,284600
2023-11-07,12.640000343322754,12.65999984741211,12.550000190734863,12.579999923706055,182200
2023-11-08,13.029999732971191,13.119999885559082,13.029999732971191,13.100000381469727,348800
2023-11-09,13.149999618530273,13.220000267028809,13.130000114440918,13.170000076293945,572300
2023-11-10,13.140000343322754,13.180000305175781,13.119999885559082,13.180000305175781,224000
2023-11-13,13.130000114440918,13.140000343322754,13.039999961853027,13.109999656677246,207800
2023-11-14,13.319999694824219,13.399999618530273,13.289999961853027,13.369999885559082,456000
2023-11-15,13.40999984741211,13.4399995803833,13.359999656677246,13.40999984741211,319900
2023-11-16,13.460000038146973,13.489999771118164,13.4399995803833,13.479999542236328,560900
2023-11-17,13.199999809265137,13.260000228881836,13.069999694824219,13.109999656677246,293500
2023-11-20,13.229999542236328,13.289999961853027,13.1899995803833,13.279999732971191,498300
2023-11-21,13.329999923706055,13.4399995803833,13.319999694824219,13.369999885559082,300600
2023-11-22,13.479999542236328,13.5600004196167,13.470000267028809,13.550000190734863,402000
2023-11-24,13.279999732971191,13.40999984741211,13.140000343322754,13.140000343322754,378500
2023-11-27,13.079999923706055,13.109999656677246,13.010000228881836,13.0600004196167,379300
2023-11-28,13.130000114440918,13.210000038146973,13.130000114440918,13.15999984741211,162800
2023-11-29,13.279999732971191,13.319999694824219,13.25,13.260000228881836,388500
2023-11-30,13.180000305175781,13.180000305175781,13.029999732971191,13.100000381469727,563900
2023-12-01,13.15999984741211,13.329999923706055,13.149999618530273,13.3100004196167,243000
2023-12-04,13.5,13.609999656677246,13.5,13.59000015258789,783900
2023-12-05,13.550000190734863,13.600000381469727,13.529999732971191,13.5600004196167,346100
2023-12-06,13.649999618530273,13.729999542236328,13.619999885559082,13.680000305175781,471100
2023-12-07,13.600000381469727,13.649999618530273,13.5,13.539999961853027,549600
2023-12-08,13.460000038146973,13.520000457763672,13.460000038146973,13.479999542236328,330300
2023-12-11,13.529999732971191,13.640000343322754,13.529999732971191,13.630000114440918,300400
2023-12-12,13.600000381469727,13.609999656677246,13.510000228881836,13.550000190734863,246100
2023-12-13,13.399999618530273,13.430000305175781,13.289999961853027,13.399999618530273,672000
2023-12-14,13.34000015258789,13.359999656677246,13.239999771118164,13.300000190734863,715800
2023-12-15,13.149999618530273,13.170000076293945,13.09000015258789,13.140000343322754,341200
2023-12-18,12.460000038146973,12.5,12.350000381469727,12.390000343322754,817600
2023-12-19,12.4399995803833,12.510000228881836,12.430000305175781,12.510000228881836,427100
2023-12-20,12.520000457763672,12.609999656677246,12.460000038146973,12.5,455500
2023-12-21,12.550000190734863,12.630000114440918,12.539999961853027,12.59000015258789,316700
2023-12-22,12.649999618530273,12.680000305175781,12.600000381469727,12.619999885559082,293500
2023-12-26,12.800000190734863,12.949999809265137,12.699999809265137,12.880000114440918,465200
2023-12-27,12.869999885559082,12.890000343322754,12.770000457763672,12.819999694824219,621800
2023-12-28,12.90999984741211,12.9399995803833,12.890000343322754,12.90999984741211,260400
2023-12-29,12.949999809265137,12.949999809265137,12.880000114440918,12.920000076293945,301500
2024-01-02,12.819999694824219,12.829999923706055,12.699999809265137,12.720000267028809,841800
2024-01-03,12.819999694824219,12.890000343322754,12.819999694824219,12.850000381469727,567100
2024-01-04,12.930000305175781,12.960000038146973,12.899999618530273,12.930000305175781,407700
2024-01-05,12.979999542236328,13.119999885559082,12.979999542236328,13.119999885559082,1354500
2024-01-08,13.170000076293945,13.1899995803833,13.100000381469727,13.15999984741211,587500
2024-01-09,13.029999732971191,13.079999923706055,13.0,13.050000190734863,443100
2024-01-10,13.0,13.0,12.890000343322754,12.930000305175781,464000
2024-01-11,12.960000038146973,12.960000038146973,12.84000015258789,12.90999984741211,338300
2024-01-12,12.819999694824219,12.819999694824219,12.6899995803833,12.729999542236328,342100
2024-01-16,12.75,12.8100004196167,12.710000038146973,12.75,446400
2024-01-17,12.720000267028809,12.720000267028809,12.609999656677246,12.630000114440918,1056700
2024-01-18,12.779999732971191,12.90999984741211,12.699999809265137,12.90999984741211,649500
2024-01-19,12.9399995803833,12.949999809265137,12.859999656677246,12.930000305175781,270700
2024-01-22,12.9399995803833,12.989999771118164,12.880000114440918,12.920000076293945,358200
2024-01-23,12.890000343322754,12.899999618530273,12.779999732971191,12.819999694824219,354200
2024-01-24,12.779999732971191,12.930000305175781,12.779999732971191,12.84000015258789,1217000
2024-01-25,12.829999923706055,12.850000381469727,12.770000457763672,12.8100004196167,441300
2024-01-26,12.850000381469727,12.880000114440918,12.84000015258789,12.869999885559082,282700
2024-01-29,12.8100004196167,12.850000381469727,12.770000457763672,12.800000190734863,300900
2024-01-30,12.880000114440918,12.960000038146973,12.869999885559082,12.9399995803833,411700
2024-01-31,12.800000190734863,12.829999923706055,12.699999809265137,12.699999809265137,825500
2024-02-01,12.880000114440918,12.9399995803833,12.8100004196167,12.890000343322754,353300
2024-02-02,12.880000114440918,12.949999809265137,12.869999885559082,12.9399995803833,363500
2024-02-05,12.949999809265137,12.960000038146973,12.869999885559082,12.899999618530273,292400
2024-02-06,12.9399995803833,12.970000267028809,12.829999923706055,12.949999809265137,284700
2024-02-07,13.010000228881836,13.09000015258789,12.989999771118164,13.050000190734863,318300
2024-02-08,13.079999923706055,13.119999885559082,13.039999961853027,13.079999923706055,345300
2024-02-09,13.0600004196167,13.079999923706055,13.050000190734863,13.069999694824219,268700
2024-02-12,13.100000381469727,13.15999984741211,13.079999923706055,13.149999618530273,515400
2024-02-13,13.010000228881836,13.039999961853027,12.949999809265137,12.989999771118164,437900
2024-02-14,13.050000190734863,13.0600004196167,12.979999542236328,13.029999732971191,282600
2024-02-15,13.069999694824219,13.100000381469727,13.020000457763672,13.079999923706055,183200
2024-02-16,13.100000381469727,13.220000267028809,13.079999923706055,13.170000076293945,523400
2024-02-20,13.359999656677246,13.539999961853027,13.359999656677246,13.539999961853027,940600
2024-02-21,13.4399995803833,13.4399995803833,13.369999885559082,13.420000076293945,749900
2024-02-22,13.420000076293945,13.420000076293945,13.3100004196167,13.369999885559082,629000
2024-02-23,13.130000114440918,13.130000114440918,13.029999732971191,13.0600004196167,777300
2024-02-26,13.069999694824219,13.100000381469727,13.050000190734863,13.0600004196167,379700
2024-02-27,13.239999771118164,13.300000190734863,13.220000267028809,13.300000190734863,379000
2024-02-28,13.369999885559082,13.529999732971191,13.289999961853027,13.520000457763672,488200
2024-02-29,13.470000267028809,13.520000457763672,13.4399995803833,13.510000228881836,384400
2024-03-01,13.529999732971191,13.609999656677246,13.520000457763672,13.600000381469727,438500
2024-03-04,13.579999923706055,13.640000343322754,13.569999694824219,13.579999923706055,470700
2024-03-05,13.649999618530273,13.680000305175781,13.569999694824219,13.59000015258789,301100
2024-03-06,13.510000228881836,13.550000190734863,13.489999771118164,13.520000457763672,364800
2024-03-07,13.649999618530273,13.789999961853027,13.649999618530273,13.779999732971191,271100
2024-03-08,13.520000457763672,13.550000190734863,13.4399995803833,13.460000038146973,802400
2024-03-11,13.380000114440918,13.380000114440918,13.300000190734863,13.300000190734863,398500
2024-03-12,13.300000190734863,13.350000381469727,13.270000457763672,13.350000381469727,459100
2024-03-13,13.5600004196167,13.640000343322754,13.489999771118164,13.609999656677246,577100
2024-03-14,13.579999923706055,13.670000076293945,13.539999961853027,13.5600004196167,361900
2024-03-15,13.529999732971191,13.569999694824219,13.479999542236328,13.520000457763672,239100
2024-03-18,13.489999771118164,13.510000228881836,13.34000015258789,13.34000015258789,442600
2024-03-19,13.329999923706055,13.420000076293945,13.300000190734863,13.399999618530273,204700
2024-03-20,13.510000228881836,13.59000015258789,13.489999771118164,13.569999694824219,356500
2024-03-21,13.649999618530273,13.699999809265137,13.630000114440918,13.670000076293945,488100
2024-03-22,13.710000038146973,13.739999771118164,13.699999809265137,13.729999542236328,189200
2024-03-25,13.649999618530273,13.699999809265137,13.5600004196167,13.619999885559082,200900
2024-03-26,13.6899995803833,13.739999771118164,13.65999984741211,13.720000267028809,223300
2024-03-27,13.739999771118164,13.84000015258789,13.720000267028809,13.829999923706055,593600
2024-03-28,13.819999694824219,13.90999984741211,13.8100004196167,13.899999618530273,411800
2024-04-01,13.739999771118164,13.789999961853027,13.619999885559082,13.649999618530273,581000
2024-04-02,13.65999984741211,13.6899995803833,13.579999923706055,13.640000343322754,1099000
2024-04-03,13.579999923706055,13.609999656677246,13.449999809265137,13.5600004196167,605600
2024-04-04,13.600000381469727,13.630000114440918,13.399999618530273,13.430000305175781,276300
2024-04-05,13.369999885559082,13.420000076293945,13.300000190734863,13.369999885559082,319900
2024-04-08,13.34000015258789,13.350000381469727,13.229999542236328,13.25,487200
2024-04-09,13.380000114440918,13.4399995803833,13.34000015258789,13.380000114440918,331500
2024-04-10,13.239999771118164,13.329999923706055,13.180000305175781,13.319999694824219,647600
2024-04-11,13.380000114440918,13.399999618530273,13.3100004196167,13.369999885559082,209100
2024-04-12,13.350000381469727,13.40999984741211,13.239999771118164,13.260000228881836,623800
2024-04-15,12.75,12.75,12.550000190734863,12.550000190734863,1331100
2024-04-16,12.489999771118164,12.5,12.40999984741211,12.40999984741211,478400
2024-04-17,12.239999771118164,12.279999732971191,12.09000015258789,12.119999885559082,1155400
2024-04-18,12.170000076293945,12.210000038146973,12.109999656677246,12.140000343322754,932400
2024-04-19,11.970000267028809,12.050000190734863,11.84000015258789,11.850000381469727,697000
2024-04-22,12.0600004196167,12.1899995803833,11.979999542236328,12.170000076293945,631900
2024-04-23,11.989999771118164,12.020000457763672,11.90999984741211,12.010000228881836,972300
2024-04-24,12.220000267028809,12.279999732971191,12.180000305175781,12.210000038146973,581800
2024-04-25,12.15999984741211,12.289999961853027,12.149999618530273,12.25,379700
2024-04-26,12.329999923706055,12.34000015258789,12.260000228881836,12.300000190734863,305600
2024-04-29,12.359999656677246,12.399999618530273,12.300000190734863,12.359999656677246,384400
2024-04-30,12.3100004196167,12.34000015258789,12.1899995803833,12.199999809265137,311500
2024-05-01,12.199999809265137,12.25,12.170000076293945,12.180000305175781,224800
2024-05-02,12.3100004196167,12.3100004196167,12.199999809265137,12.300000190734863,219900
2024-05-03,12.34000015258789,12.449999809265137,12.34000015258789,12.399999618530273,374500
2024-05-06,12.579999923706055,12.65999984741211,12.5600004196167,12.649999618530273,280000
2024-05-07,12.6899995803833,12.720000267028809,12.649999618530273,12.670000076293945,410800
2024-05-08,12.710000038146973,12.720000267028809,12.65999984741211,12.6899995803833,308400
2024-05-09,12.649999618530273,12.6899995803833,12.609999656677246,12.680000305175781,194800
2024-05-10,12.630000114440918,12.680000305175781,12.550000190734863,12.5600004196167,819500
2024-05-13,12.539999961853027,12.59000015258789,12.520000457763672,12.550000190734863,1048000
2024-05-14,12.59000015258789,12.630000114440918,12.5600004196167,12.569999694824219,661900
2024-05-15,12.699999809265137,12.819999694824219,12.699999809265137,12.819999694824219,1068100
2024-05-16,12.829999923706055,12.890000343322754,12.8100004196167,12.850000381469727,503700
2024-05-17,12.890000343322754,12.979999542236328,12.869999885559082,12.949999809265137,604000
2024-05-20,12.979999542236328,12.989999771118164,12.930000305175781,12.970000267028809,461000
2024-05-21,12.920000076293945,13.0,12.899999618530273,12.899999618530273,810300
2024-05-22,12.850000381469727,12.899999618530273,12.729999542236328,12.729999542236328,869200
2024-05-23,12.880000114440918,12.9399995803833,12.800000190734863,12.84000015258789,757500
2024-05-24,12.6899995803833,12.699999809265137,12.59000015258789,12.600000381469727,386100
2024-05-28,12.760000228881836,12.84000015258789,12.760000228881836,12.819999694824219,440300
2024-05-29,12.699999809265137,12.760000228881836,12.670000076293945,12.670000076293945,531800
2024-05-30,12.65999984741211,12.680000305175781,12.59000015258789,12.609999656677246,310000
2024-05-31,12.59000015258789,12.640000343322754,12.5600004196167,12.609999656677246,320900
2024-06-03,12.770000457763672,12.819999694824219,12.720000267028809,12.789999961853027,695900
2024-06-04,12.829999923706055,12.850000381469727,12.779999732971191,12.829999923706055,597300
2024-06-05,12.859999656677246,12.949999809265137,12.859999656677246,12.90999984741211,696900
2024-06-06,12.84000015258789,12.899999618530273,12.779999732971191,12.8100004196167,379500
2024-06-07,12.779999732971191,12.850000381469727,12.770000457763672,12.8100004196167,307600
2024-06-10,12.880000114440918,12.890000343322754,12.789999961853027,12.84000015258789,292300
2024-06-11,12.75,12.800000190734863,12.640000343322754,12.649999618530273,440800
2024-06-12,12.859999656677246,12.960000038146973,12.859999656677246,12.949999809265137,596200
2024-06-13,12.90999984741211,12.949999809265137,12.869999885559082,12.920000076293945,483300
2024-06-14,12.65999984741211,12.75,12.619999885559082,12.699999809265137,1332700
2024-06-17,12.670000076293945,12.6899995803833,12.579999923706055,12.649999618530273,372300
2024-06-18,12.649999618530273,12.75,12.630000114440918,12.710000038146973,537500
2024-06-20,12.619999885559082,12.699999809265137,12.420000076293945,12.430000305175781,962200
2024-06-21,12.4399995803833,12.470000267028809,12.420000076293945,12.449999809265137,456100
2024-06-24,12.260000228881836,12.289999961853027,12.229999542236328,12.229999542236328,424000
2024-06-25,12.289999961853027,12.3100004196167,12.239999771118164,12.300000190734863,618800
2024-06-26,12.270000457763672,12.399999618530273,12.260000228881836,12.279999732971191,606300
2024-06-27,12.300000190734863,12.390000343322754,12.260000228881836,12.289999961853027,152600
2024-06-28,12.199999809265137,12.260000228881836,12.149999618530273,12.170000076293945,737500
2024-07-01,12.300000190734863,12.350000381469727,12.220000267028809,12.300000190734863,203900
2024-07-02,12.430000305175781,12.4399995803833,12.359999656677246,12.399999618530273,403300
2024-07-03,12.399999618530273,12.460000038146973,12.399999618530273,12.460000038146973,154900
2024-07-05,12.430000305175781,12.479999542236328,12.40999984741211,12.449999809265137,361000
2024-07-08,12.380000114440918,12.4399995803833,12.380000114440918,12.380000114440918,265300
2024-07-09,12.470000267028809,12.529999732971191,12.4399995803833,12.489999771118164,341000
2024-07-10,12.430000305175781,12.489999771118164,12.390000343322754,12.479999542236328,200300
2024-07-11,12.4399995803833,12.5,12.430000305175781,12.4399995803833,174000
2024-07-12,12.430000305175781,12.5,12.420000076293945,12.449999809265137,187300
2024-07-15,12.449999809265137,12.449999809265137,12.34000015258789,12.350000381469727,680600
2024-07-16,12.34000015258789,12.390000343322754,12.319999694824219,12.34000015258789,332200
2024-07-17,12.15999984741211,12.15999984741211,12.0600004196167,12.069999694824219,969400
2024-07-18,12.25,12.289999961853027,12.130000114440918,12.15999984741211,369500
2024-07-19,12.109999656677246,12.119999885559082,12.039999961853027,12.050000190734863,299600
2024-07-22,12.050000190734863,12.100000381469727,12.039999961853027,12.069999694824219,312500
2024-07-23,11.949999809265137,11.979999542236328,11.859999656677246,11.869999885559082,737200
2024-07-24,11.960000038146973,11.979999542236328,11.869999885559082,11.899999618530273,384100
2024-07-25,11.90999984741211,11.979999542236328,11.890000343322754,11.920000076293945,308500
2024-07-26,11.989999771118164,12.069999694824219,11.970000267028809,12.050000190734863,215700
2024-07-29,12.079999923706055,12.09000015258789,11.979999542236328,12.010000228881836,309400
2024-07-30,11.989999771118164,12.029999732971191,11.949999809265137,11.960000038146973,229500
2024-07-31,12.119999885559082,12.130000114440918,12.069999694824219,12.069999694824219,260000
2024-08-01,11.819999694824219,11.859999656677246,11.6899995803833,11.710000038146973,693600
2024-08-02,11.800000190734863,11.829999923706055,11.720000267028809,11.770000457763672,543300
2024-08-05,11.300000190734863,11.460000038146973,11.25,11.399999618530273,884500
2024-08-06,11.59000015258789,11.720000267028809,11.5600004196167,11.65999984741211,335900
2024-08-07,11.789999961853027,11.829999923706055,11.710000038146973,11.710000038146973,298800
2024-08-08,11.779999732971191,11.850000381469727,11.729999542236328,11.819999694824219,118200
2024-08-09,11.829999923706055,11.90999984741211,11.8100004196167,11.84000015258789,198900
2024-08-12,11.869999885559082,11.890000343322754,11.84000015258789,11.869999885559082,214400
2024-08-13,11.84000015258789,11.890000343322754,11.779999732971191,11.869999885559082,234300
2024-08-14,11.84000015258789,11.880000114440918,11.8100004196167,11.859999656677246,98600
2024-08-15,11.8100004196167,11.859999656677246,11.8100004196167,11.84000015258789,189800
2024-08-16,12.039999961853027,12.149999618530273,12.039999961853027,12.149999618530273,371600
2024-08-19,12.229999542236328,12.350000381469727,12.199999809265137,12.34000015258789,279900
2024-08-20,12.399999618530273,12.479999542236328,12.359999656677246,12.470000267028809,205600
2024-08-21,12.5,12.550000190734863,12.489999771118164,12.539999961853027,263400
2024-08-22,12.489999771118164,12.510000228881836,12.40999984741211,12.40999984741211,180200
2024-08-23,12.489999771118164,12.569999694824219,12.489999771118164,12.5600004196167,282800
2024-08-26,12.520000457763672,12.579999923706055,12.510000228881836,12.550000190734863,161300
2024-08-27,12.600000381469727,12.670000076293945,12.59000015258789,12.65999984741211,232800
2024-08-28,12.59000015258789,12.600000381469727,12.470000267028809,12.5,500600
2024-08-29,12.5,12.579999923706055,12.5,12.569999694824219,198300
2024-08-30,12.569999694824219,12.630000114440918,12.520000457763672,12.550000190734863,148500
2024-09-03,12.520000457763672,12.550000190734863,12.359999656677246,12.380000114440918,373400
2024-09-04,12.5,12.569999694824219,12.470000267028809,12.5,230500
2024-09-05,12.5,12.550000190734863,12.489999771118164,12.510000228881836,89800
2024-09-06,12.649999618530273,12.6899995803833,12.550000190734863,12.569999694824219,206300
2024-09-09,12.539999961853027,12.630000114440918,12.470000267028809,12.600000381469727,237100
2024-09-10,12.4399995803833,12.569999694824219,12.289999961853027,12.449999809265137,227900
2024-09-11,12.399999618530273,12.449999809265137,12.3100004196167,12.430000305175781,326500
2024-09-12,12.380000114440918,12.420000076293945,12.369999885559082,12.399999618530273,170900
2024-09-13,12.359999656677246,12.4399995803833,12.329999923706055,12.380000114440918,324000
2024-09-16,12.260000228881836,12.260000228881836,12.1899995803833,12.210000038146973,206900
2024-09-17,12.430000305175781,12.479999542236328,12.420000076293945,12.479999542236328,257900
2024-09-18,12.5,12.5,12.40999984741211,12.470000267028809,133500
2024-09-19,12.569999694824219,12.619999885559082,12.539999961853027,12.609999656677246,174800
2024-09-20,12.529999732971191,12.579999923706055,12.529999732971191,12.539999961853027,129300
2024-09-23,12.569999694824219,12.600000381469727,12.550000190734863,12.569999694824219,106200
2024-09-24,12.65999984741211,12.680000305175781,12.619999885559082,12.670000076293945,276100
2024-09-25,12.739999771118164,12.829999923706055,12.710000038146973,12.720000267028809,534500
2024-09-26,12.829999923706055,12.850000381469727,12.739999771118164,12.760000228881836,1236800
2024-09-27,12.800000190734863,12.859999656677246,12.770000457763672,12.800000190734863,230800
2024-09-30,12.84000015258789,12.84000015258789,12.729999542236328,12.779999732971191,488400
2024-10-01,12.829999923706055,12.890000343322754,12.739999771118164,12.84000015258789,260300
2024-10-02,12.75,12.760000228881836,12.6899995803833,12.699999809265137,229300
2024-10-03,12.539999961853027,12.640000343322754,12.479999542236328,12.520000457763672,232000
2024-10-04,12.5,12.510000228881836,12.449999809265137,12.479999542236328,234900
2024-10-07,12.479999542236328,12.489999771118164,12.390000343322754,12.390000343322754,409800
2024-10-08,12.4399995803833,12.479999542236328,12.40999984741211,12.449999809265137,249500
2024-10-09,12.489999771118164,12.600000381469727,12.489999771118164,12.600000381469727,202100
2024-10-10,12.520000457763672,12.5600004196167,12.470000267028809,12.5,183300
2024-10-11,12.569999694824219,12.670000076293945,12.510000228881836,12.649999618530273,246700
2024-10-14,12.619999885559082,12.640000343322754,12.539999961853027,12.619999885559082,174300
2024-10-15,12.460000038146973,12.460000038146973,12.350000381469727,12.350000381469727,366000
2024-10-16,12.369999885559082,12.420000076293945,12.319999694824219,12.34000015258789,152300
2024-10-17,12.369999885559082,12.399999618530273,12.289999961853027,12.329999923706055,180600
2024-10-18,12.289999961853027,12.329999923706055,12.239999771118164,12.25,334100
2024-10-21,12.239999771118164,12.260000228881836,12.210000038146973,12.220000267028809,240300
2024-10-22,12.109999656677246,12.15999984741211,12.09000015258789,12.119999885559082,202700
2024-10-23,12.100000381469727,12.170000076293945,12.029999732971191,12.050000190734863,1231700
2024-10-24,12.0,12.050000190734863,11.9399995803833,11.949999809265137,574600
2024-10-25,11.960000038146973,11.989999771118164,11.890000343322754,11.90999984741211,306400
2024-10-28,11.949999809265137,11.960000038146973,11.890000343322754,11.90999984741211,436400
2024-10-29,11.960000038146973,12.020000457763672,11.9399995803833,11.979999542236328,378300
2024-10-30,11.930000305175781,11.960000038146973,11.869999885559082,11.899999618530273,194500
2024-10-31,11.920000076293945,11.960000038146973,11.869999885559082,11.90999984741211,514200
2024-11-01,11.880000114440918,11.930000305175781,11.789999961853027,11.8100004196167,587600
2024-11-04,11.800000190734863,11.800000190734863,11.710000038146973,11.739999771118164,409700
2024-11-05,11.739999771118164,11.8100004196167,11.739999771118164,11.770000457763672,250800
2024-11-06,12.010000228881836,12.039999961853027,11.90999984741211,12.0,779000
2024-11-07,12.0,12.029999732971191,11.989999771118164,12.010000228881836,561700
2024-11-08,11.960000038146973,11.960000038146973,11.899999618530273,11.920000076293945,232500
2024-11-11,11.960000038146973,11.989999771118164,11.90999984741211,11.920000076293945,454600
2024-11-12,11.899999618530273,11.899999618530273,11.800000190734863,11.800000190734863,348800
2024-11-13,11.800000190734863,11.84000015258789,11.760000228881836,11.779999732971191,305500
2024-11-14,11.6899995803833,11.699999809265137,11.59000015258789,11.600000381469727,405500
2024-11-15,11.5,11.520000457763672,11.399999618530273,11.399999618530273,401600
2024-11-18,11.470000267028809,11.539999961853027,11.470000267028809,11.5,237000
2024-11-19,11.380000114440918,11.40999984741211,11.359999656677246,11.390000343322754,216400
2024-11-20,11.470000267028809,11.5,11.430000305175781,11.5,271300
2024-11-21,11.600000381469727,11.649999618530273,11.579999923706055,11.630000114440918,255500
2024-11-22,11.579999923706055,11.699999809265137,11.520000457763672,11.59000015258789,1517000
2024-11-25,11.6899995803833,11.720000267028809,11.640000343322754,11.720000267028809,404900
2024-11-26,11.770000457763672,11.779999732971191,11.699999809265137,11.75,544800
2024-11-27,11.710000038146973,11.729999542236328,11.649999618530273,11.65999984741211,170500
2024-11-29,11.729999542236328,11.779999732971191,11.699999809265137,11.760000228881836,351300
2024-12-02,11.760000228881836,11.760000228881836,11.699999809265137,11.720000267028809,531300
2024-12-03,11.640000343322754,11.680000305175781,11.609999656677246,11.619999885559082,308300
2024-12-04,11.579999923706055,11.579999923706055,11.510000228881836,11.529999732971191,408800
2024-12-05,11.890000343322754,11.970000267028809,11.869999885559082,11.9399995803833,670400
2024-12-06,11.9399995803833,11.989999771118164,11.9399995803833,11.970000267028809,221400
2024-12-09,11.989999771118164,12.029999732971191,11.970000267028809,11.979999542236328,304500
2024-12-10,11.989999771118164,11.989999771118164,11.920000076293945,11.930000305175781,359900
2024-12-11,11.9399995803833,11.970000267028809,11.899999618530273,11.90999984741211,163100
2024-12-12,11.880000114440918,11.880000114440918,11.819999694824219,11.84000015258789,229100
2024-12-13,11.800000190734863,11.819999694824219,11.729999542236328,11.729999542236328,944000
2024-12-16,11.770000457763672,11.84000015258789,11.760000228881836,11.829999923706055,306100
2024-12-17,11.739999771118164,11.789999961853027,11.710000038146973,11.739999771118164,396200
2024-12-18,11.760000228881836,11.8100004196167,11.640000343322754,11.640000343322754,326000
2024-12-19,11.65999984741211,11.75,11.59000015258789,11.630000114440918,606000
2024-12-20,11.619999885559082,11.739999771118164,11.609999656677246,11.649999618530273,501000
2024-12-23,11.649999618530273,11.6899995803833,11.609999656677246,11.65999984741211,301800
2024-12-24,11.649999618530273,11.680000305175781,11.630000114440918,11.65999984741211,171500
2024-12-26,11.65999984741211,11.739999771118164,11.649999618530273,11.710000038146973,144000
2024-12-27,11.630000114440918,11.630000114440918,11.529999732971191,11.539999961853027,528100
2024-12-30,11.5,11.569999694824219,11.489999771118164,11.550000190734863,347500
2024-12-31,11.529999732971191,11.5600004196167,11.479999542236328,11.479999542236328,404800
2025-01-02,11.539999961853027,11.600000381469727,11.529999732971191,11.5600004196167,195000
2025-01-03,11.5,11.550000190734863,11.470000267028809,11.520000457763672,447000
2025-01-06,11.449999809265137,11.510000228881836,11.430000305175781,11.460000038146973,402100
2025-01-07,11.420000076293945,11.420000076293945,11.300000190734863,11.300000190734863,543900
2025-01-08,11.350000381469727,11.390000343322754,11.329999923706055,11.369999885559082,183800
2025-01-10,11.199999809265137,11.229999542236328,11.130000114440918,11.130000114440918,364900
2025-01-13,11.15999984741211,11.270000457763672,11.100000381469727,11.260000228881836,340200
2025-01-14,11.220000267028809,11.220000267028809,11.149999618530273,11.15999984741211,180000
2025-01-15,11.3100004196167,11.359999656677246,11.300000190734863,11.319999694824219,198900
2025-01-16,11.3100004196167,11.319999694824219,11.279999732971191,11.289999961853027,224300
2025-01-17,11.359999656677246,11.399999618530273,11.359999656677246,11.380000114440918,463000
2025-01-21,11.359999656677246,11.420000076293945,11.359999656677246,11.399999618530273,231000
2025-01-22,11.399999618530273,11.4399995803833,11.369999885559082,11.369999885559082,264300
2025-01-23,11.449999809265137,11.550000190734863,11.449999809265137,11.539999961853027,701300
2025-01-24,11.630000114440918,11.630000114440918,11.550000190734863,11.600000381469727,145200
2025-01-27,11.529999732971191,11.5600004196167,11.489999771118164,11.539999961853027,246000
2025-01-28,11.569999694824219,11.609999656677246,11.529999732971191,11.59000015258789,155500
2025-01-29,11.630000114440918,11.65999984741211,11.5600004196167,11.5600004196167,184200
2025-01-30,11.550000190734863,11.640000343322754,11.539999961853027,11.59000015258789,135400
2025-01-31,11.59000015258789,11.680000305175781,11.539999961853027,11.5600004196167,191800
2025-02-03,11.470000267028809,11.479999542236328,11.40999984741211,11.4399995803833,456100
2025-02-04,11.479999542236328,11.609999656677246,11.479999542236328,11.5600004196167,431600
2025-02-05,11.600000381469727,11.6899995803833,11.600000381469727,11.680000305175781,332500
2025-02-06,11.619999885559082,11.670000076293945,11.569999694824219,11.59000015258789,349200
2025-02-07,11.5600004196167,11.569999694824219,11.460000038146973,11.460000038146973,490500
2025-02-10,11.399999618530273,11.430000305175781,11.359999656677246,11.399999618530273,435700
2025-02-11,11.34000015258789,11.369999885559082,11.319999694824219,11.34000015258789,237200
2025-02-12,11.289999961853027,11.350000381469727,11.279999732971191,11.329999923706055,193100
2025-02-13,11.399999618530273,11.520000457763672,11.390000343322754,11.489999771118164,366100
2025-02-14,11.5,11.5,11.4399995803833,11.479999542236328,182200
2025-02-18,11.5,11.539999961853027,11.470000267028809,11.510000228881836,300900
2025-02-19,11.600000381469727,11.770000457763672,11.569999694824219,11.770000457763672,663800
2025-02-20,11.739999771118164,11.84000015258789,11.710000038146973,11.819999694824219,759600
2025-02-21,11.8100004196167,11.84000015258789,11.699999809265137,11.75,364100
2025-02-24,11.920000076293945,11.979999542236328,11.90999984741211,11.949999809265137,1035800
2025-02-25,11.970000267028809,11.970000267028809,11.890000343322754,11.9399995803833,683300
2025-02-26,11.9399995803833,11.979999542236328,11.880000114440918,11.890000343322754,252200
2025-02-27,12.0,12.039999961853027,11.960000038146973,11.970000267028809,1117800
2025-02-28,12.0,12.100000381469727,11.979999542236328,12.039999961853027,728300
2025-03-03,12.109999656677246,12.149999618530273,12.029999732971191,12.039999961853027,801300
2025-03-04,12.039999961853027,12.039999961853027,11.9399995803833,11.970000267028809,971300
2025-03-05,11.90999984741211,12.0,11.899999618530273,11.949999809265137,745500
2025-03-06,12.149999618530273,12.199999809265137,12.119999885559082,12.199999809265137,1266000
2025-03-07,12.300000190734863,12.399999618530273,12.289999961853027,12.399999618530273,766800
2025-03-10,12.390000343322754,12.420000076293945,12.130000114440918,12.239999771118164,1415600
2025-03-11,12.329999923706055,12.4399995803833,12.260000228881836,12.40999984741211,1208200
2025-03-12,12.539999961853027,12.600000381469727,12.5,12.579999923706055,1229000
2025-03-13,12.550000190734863,12.579999923706055,12.430000305175781,12.4399995803833,1631000
2025-03-14,12.579999923706055,12.65999984741211,12.520000457763672,12.65999984741211,878700
2025-03-17,12.680000305175781,12.770000457763672,12.65999984741211,12.760000228881836,707600
2025-03-18,12.640000343322754,12.670000076293945,12.550000190734863,12.619999885559082,923000
2025-03-19,12.600000381469727,12.65999984741211,12.5600004196167,12.600000381469727,322400
2025-03-20,12.510000228881836,12.510000228881836,12.390000343322754,12.399999618530273,754600
2025-03-21,12.390000343322754,12.5600004196167,12.390000343322754,12.539999961853027,787500
2025-03-24,12.6899995803833,12.800000190734863,12.609999656677246,12.699999809265137,1002200
2025-03-25,12.760000228881836,12.789999961853027,12.670000076293945,12.6899995803833,992600
2025-03-26,12.699999809265137,12.699999809265137,12.489999771118164,12.489999771118164,785800
2025-03-27,12.520000457763672,12.640000343322754,12.510000228881836,12.5600004196167,799200
2025-03-28,12.529999732971191,12.600000381469727,12.34000015258789,12.380000114440918,1161900
2025-03-31,12.4399995803833,12.479999542236328,12.329999923706055,12.479999542236328,657700
2025-04-01,12.5,12.59000015258789,12.449999809265137,12.5600004196167,1423100
2025-04-02,12.5600004196167,12.699999809265137,12.539999961853027,12.699999809265137,1217200
2025-04-03,11.430000305175781,11.699999809265137,11.119999885559082,11.399999618530273,6839000
2025-04-04,11.149999618530273,12.289999961853027,10.920000076293945,11.640000343322754,8387900
2025-04-07,11.329999923706055,11.550000190734863,11.0,11.15999984741211,3722000
2025-04-08,10.829999923706055,10.869999885559082,10.100000381469727,10.130000114440918,3712000
2025-04-09,10.170000076293945,11.75,10.15999984741211,11.460000038146973,5234000
2025-04-10,11.40999984741211,11.430000305175781,11.020000457763672,11.3100004196167,2298200
2025-04-11,11.760000228881836,11.899999618530273,11.5,11.869999885559082,1417300
2025-04-14,12.130000114440918,12.140000343322754,11.880000114440918,11.930000305175781,1403300
2025-04-15,11.869999885559082,11.930000305175781,11.699999809265137,11.739999771118164,1444100
2025-04-16,11.65999984741211,11.720000267028809,11.460000038146973,11.5,1465700
2025-04-17,11.6899995803833,11.789999961853027,11.680000305175781,11.729999542236328,832500
2025-04-21,11.579999923706055,11.600000381469727,11.399999618530273,11.510000228881836,657600
2025-04-22,11.59000015258789,11.640000343322754,11.479999542236328,11.640000343322754,837600
2025-04-23,11.75,11.770000457763672,11.579999923706055,11.619999885559082,426700
2025-04-24,11.779999732971191,12.0,11.779999732971191,12.0,617600
2025-04-25,11.960000038146973,12.069999694824219,11.90999984741211,12.010000228881836,371000
2025-04-28,11.949999809265137,12.010000228881836,11.890000343322754,11.949999809265137,505300
2025-04-29,11.850000381469727,12.050000190734863,11.850000381469727,12.050000190734863,433200
2025-04-30,12.029999732971191,12.069999694824219,11.920000076293945,12.069999694824219,365500
2025-05-01,12.100000381469727,12.149999618530273,11.949999809265137,12.109999656677246,533800
2025-05-02,12.199999809265137,12.25,12.130000114440918,12.239999771118164,541400
2025-05-05,12.239999771118164,12.289999961853027,12.220000267028809,12.270000457763672,208300
2025-05-06,12.229999542236328,12.300000190734863,12.199999809265137,12.220000267028809,579200
2025-05-07,12.260000228881836,12.420000076293945,12.260000228881836,12.420000076293945,362400
2025-05-08,12.489999771118164,12.640000343322754,12.489999771118164,12.600000381469727,782400
2025-05-09,12.510000228881836,12.59000015258789,12.470000267028809,12.489999771118164,870000
2025-05-12,12.619999885559082,12.739999771118164,12.619999885559082,12.6899995803833,999400
2025-05-13,12.720000267028809,12.779999732971191,12.600000381469727,12.739999771118164,358800
2025-05-14,12.760000228881836,12.819999694824219,12.739999771118164,12.819999694824219,301300
2025-05-15,12.800000190734863,12.850000381469727,12.760000228881836,12.8100004196167,199200
2025-05-16,12.760000228881836,12.770000457763672,12.680000305175781,12.75,416700
2025-05-19,12.710000038146973,12.880000114440918,12.630000114440918,12.869999885559082,293900
2025-05-20,13.0,13.149999618530273,12.90999984741211,13.09000015258789,775400
2025-05-21,13.09000015258789,13.329999923706055,13.09000015258789,13.210000038146973,887500
2025-05-22,13.199999809265137,13.239999771118164,13.119999885559082,13.170000076293945,458800
2025-05-23,13.050000190734863,13.140000343322754,13.050000190734863,13.140000343322754,368500
2025-05-27,13.460000038146973,13.619999885559082,13.449999809265137,13.59000015258789,523700
2025-05-28,13.609999656677246,13.739999771118164,13.600000381469727,13.710000038146973,679900
2025-05-29,13.680000305175781,13.680000305175781,13.479999542236328,13.510000228881836,981200
2025-05-30,13.5,13.640000343322754,13.5,13.59000015258789,362000
2025-06-02,13.739999771118164,13.829999923706055,13.670000076293945,13.8100004196167,562100
2025-06-03,13.850000381469727,13.979999542236328,13.829999923706055,13.960000038146973,600000
2025-06-04,13.9399995803833,13.949999809265137,13.8100004196167,13.859999656677246,535700
2025-06-05,13.850000381469727,13.890000343322754,13.710000038146973,13.739999771118164,493600
2025-06-06,13.649999618530273,13.720000267028809,13.600000381469727,13.640000343322754,452400
2025-06-09,13.289999961853027,13.390000343322754,13.199999809265137,13.260000228881836,752800
2025-06-10,13.359999656677246,13.399999618530273,13.289999961853027,13.399999618530273,650300
2025-06-11,13.329999923706055,13.399999618530273,13.319999694824219,13.319999694824219,232900
2025-06-12,13.329999923706055,13.359999656677246,13.300000190734863,13.359999656677246,310600
2025-06-13,13.100000381469727,13.319999694824219,13.020000457763672,13.020000457763672,398900
2025-06-16,13.170000076293945,13.270000457763672,13.170000076293945,13.260000228881836,370600
2025-06-17,13.3100004196167,13.380000114440918,13.289999961853027,13.3100004196167,388000
2025-06-18,13.319999694824219,13.420000076293945,13.319999694824219,13.359999656677246,163200
2025-06-20,13.359999656677246,13.4399995803833,13.329999923706055,13.350000381469727,154800
2025-06-23,13.380000114440918,13.40999984741211,13.319999694824219,13.399999618530273,127100
2025-06-24,13.529999732971191,13.649999618530273,13.5,13.619999885559082,448200
2025-06-25,13.649999618530273,13.670000076293945,13.460000038146973,13.539999961853027,1140600
2025-06-26,13.579999923706055,13.609999656677246,13.539999961853027,13.609999656677246,353000
2025-06-27,13.640000343322754,13.779999732971191,13.630000114440918,13.729999542236328,976300
2025-06-30,13.75,13.800000190734863,13.75,13.75,236000
2025-07-01,13.6899995803833,13.760000228881836,13.65999984741211,13.720000267028809,1128100
2025-07-02,13.84000015258789,14.079999923706055,13.6899995803833,13.760000228881836,2835000
2025-07-03,13.800000190734863,13.960000038146973,13.789999961853027,13.960000038146973,788300
2025-07-07,14.050000190734863,14.229999542236328,14.020000457763672,14.180000305175781,1451600
2025-07-08,14.34000015258789,14.510000228881836,14.300000190734863,14.510000228881836,1562300
2025-07-09,14.829999923706055,14.9399995803833,14.800000190734863,14.890000343322754,2125300
2025-07-10,15.0600004196167,15.130000114440918,14.960000038146973,15.119999885559082,909100
2025-07-11,15.15999984741211,15.239999771118164,15.119999885559082,15.220000267028809,674600
2025-07-14,15.300000190734863,15.34000015258789,15.239999771118164,15.239999771118164,790800
2025-07-15,15.199999809265137,15.239999771118164,15.039999961853027,15.039999961853027,572800
2025-07-16,15.289999961853027,15.449999809265137,15.279999732971191,15.40999984741211,1518000
2025-07-17,15.619999885559082,15.6899995803833,15.569999694824219,15.670000076293945,842700
2025-07-18,15.6899995803833,15.720000267028809,15.529999732971191,15.579999923706055,885400
2025-07-21,15.449999809265137,15.5,15.350000381469727,15.350000381469727,742800
2025-07-22,15.710000038146973,15.829999923706055,15.710000038146973,15.819999694824219,415200
2025-07-23,15.899999618530273,16.0,15.869999885559082,16.0,593300
2025-07-24,16.020000457763672,16.020000457763672,15.960000038146973,16.0,276100
2025-07-25,16.200000762939453,16.479999542236328,16.200000762939453,16.469999313354492,1191500
2025-07-28,16.81999969482422,16.860000610351562,16.670000076293945,16.780000686645508,714800
2025-07-29,16.020000457763672,16.100000381469727,15.899999618530273,15.899999618530273,1659600
2025-07-30,16.020000457763672,16.06999969482422,15.960000038146973,16.030000686645508,722700
2025-07-31,16.049999237060547,16.100000381469727,16.0,16.010000228881836,287800
2025-08-01,15.979999542236328,16.06999969482422,15.890000343322754,15.949999809265137,532200
2025-08-04,16.3700008392334,16.579999923706055,16.350000381469727,16.579999923706055,531900
2025-08-05,16.670000076293945,16.739999771118164,16.610000610351562,16.670000076293945,701800
2025-08-06,16.899999618530273,17.09000015258789,16.850000381469727,17.09000015258789,764400
2025-08-07,17.09000015258789,17.09000015258789,16.780000686645508,16.799999237060547,1186100
2025-08-08,16.989999771118164,17.200000762939453,16.979999542236328,17.18000030517578,665300
2025-08-11,17.309999465942383,17.3799991607666,17.25,17.270000457763672,331500
2025-08-12,17.34000015258789,17.479999542236328,17.280000686645508,17.440000534057617,460600
2025-08-13,17.5,17.520000457763672,17.43000030517578,17.459999084472656,854700
2025-08-14,17.530000686645508,17.760000228881836,17.530000686645508,17.760000228881836,780200
2025-08-15,17.700000762939453,17.75,17.68000030517578,17.709999084472656,353500
2025-08-18,17.760000228881836,17.84000015258789,17.719999313354492,17.84000015258789,452800
2025-08-19,17.84000015258789,17.969999313354492,17.84000015258789,17.899999618530273,668000
2025-08-20,17.84000015258789,17.860000610351562,17.639999389648438,17.690000534057617,628300
2025-08-21,17.690000534057617,17.709999084472656,17.56999969482422,17.600000381469727,379200
2025-08-22,17.200000762939453,17.399999618530273,17.1200008392334,17.360000610351562,896600
2025-08-25,17.1200008392334,17.270000457763672,17.06999969482422,17.219999313354492,731500
2025-08-26,17.860000610351562,18.09000015258789,17.860000610351562,17.959999084472656,967400
2025-08-27,17.989999771118164,18.030000686645508,17.90999984741211,18.020000457763672,250400
2025-08-28,18.15999984741211,18.329999923706055,18.139999389648438,18.31999969482422,540000
2025-08-29,18.34000015258789,18.350000381469727,18.200000762939453,18.290000915527344,498600
2025-09-02,18.170000076293945,18.239999771118164,18.040000915527344,18.139999389648438,658300
2025-09-03,18.219999313354492,18.270000457763672,18.170000076293945,18.25,344600
2025-09-04,18.309999465942383,18.479999542236328,18.309999465942383,18.43000030517578,958000
2025-09-05,18.1200008392334,18.15999984741211,17.959999084472656,17.969999313354492,851500
2025-09-08,17.530000686645508,17.559999465942383,17.34000015258789,17.3700008392334,1274000
2025-09-09,17.600000381469727,17.75,17.600000381469727,17.670000076293945,636700
2025-09-10,17.780000686645508,17.860000610351562,17.709999084472656,17.75,253500
2025-09-11,17.860000610351562,18.030000686645508,17.860000610351562,18.030000686645508,569300
2025-09-12,18.100000381469727,18.1299991607666,17.940000534057617,17.969999313354492,922100
2025-09-15,18.299999237060547,18.459999084472656,18.239999771118164,18.399999618530273,1391000
2025-09-16,18.190000534057617,18.239999771118164,18.059999465942383,18.059999465942383,637600
2025-09-17,18.0,18.049999237060547,17.84000015258789,17.8799991607666,662000
2025-09-18,17.889999389648438,17.920000076293945,17.799999237060547,17.799999237060547,670900
2025-09-19,17.809999465942383,17.81999969482422,17.65999984741211,17.68000030517578,686100
2025-09-22,17.43000030517578,17.610000610351562,17.219999313354492,17.530000686645508,1095500
2025-09-23,17.489999771118164,17.520000457763672,17.290000915527344,17.290000915527344,973100
2025-09-24,17.579999923706055,17.639999389648438,17.549999237060547,17.579999923706055,441900
2025-09-25,17.690000534057617,17.790000915527344,17.639999389648438,17.670000076293945,668800
2025-09-26,17.649999618530273,17.700000762939453,17.549999237060547,17.549999237060547,526900
2025-09-29,17.68000030517578,17.790000915527344,17.670000076293945,17.690000534057617,621800
2025-09-30,17.780000686645508,17.84000015258789,17.690000534057617,17.84000015258789,388300
2025-10-01,17.84000015258789,18.049999237060547,17.829999923706055,18.040000915527344,1215300
2025-10-02,17.729999542236328,17.739999771118164,17.5,17.520000457763672,900000
2025-10-03,17.479999542236328,17.549999237060547,17.450000762939453,17.530000686645508,505100
2025-10-06,18.200000762939453,18.450000762939453,18.200000762939453,18.43000030517578,1109800
2025-10-07,18.270000457763672,18.329999923706055,18.200000762939453,18.229999542236328,778100
2025-10-08,18.5,18.510000228881836,18.389999389648438,18.43000030517578,1267500
2025-10-09,18.65999984741211,18.760000228881836,18.579999923706055,18.75,860100
2025-10-10,19.06999969482422,19.280000686645508,18.899999618530273,18.979999542236328,1760200
2025-10-13,19.31999969482422,19.610000610351562,19.31999969482422,19.59000015258789,1497900
2025-10-14,19.56999969482422,19.770000457763672,19.489999771118164,19.690000534057617,1351800
2025-10-15,19.59000015258789,19.59000015258789,19.350000381469727,19.420000076293945,846300
2025-10-16,19.530000686645508,19.68000030517578,19.530000686645508,19.639999389648438,921400
2025-10-17,19.31999969482422,19.360000610351562,19.149999618530273,19.200000762939453,1785900
2025-10-20,18.030000686645508,18.209999084472656,17.90999984741211,18.200000762939453,2491800
2025-10-21,18.200000762939453,18.25,18.030000686645508,18.049999237060547,2259800
2025-10-22,18.25,18.299999237060547,18.100000381469727,18.170000076293945,1287900
2025-10-23,18.229999542236328,18.309999465942383,18.200000762939453,18.290000915527344,629000
2025-10-24,18.270000457763672,18.270000457763672,18.200000762939453,18.209999084472656,460000
2025-10-27,17.940000534057617,17.940000534057617,17.670000076293945,17.739999771118164,1302400
2025-10-28,18.110000610351562,18.18000030517578,18.049999237060547,18.18000030517578,453300
2025-10-29,18.139999389648438,18.190000534057617,18.079999923706055,18.149999618530273,503500
2025-10-30,17.920000076293945,17.920000076293945,17.709999084472656,17.709999084472656,517800
2025-10-31,17.559999465942383,17.559999465942383,17.399999618530273,17.43000030517578,857800
2025-11-03,17.139999389648438,17.18000030517578,17.0,17.09000015258789,1107300
2025-11-04,17.56999969482422,17.6299991607666,17.469999313354492,17.530000686645508,790700
2025-11-05,17.59000015258789,17.6299991607666,17.520000457763672,17.56999969482422,524300
2025-11-06,17.450000762939453,17.520000457763672,17.31999969482422,17.31999969482422,607500
2025-11-07,16.940000534057617,16.950000762939453,16.780000686645508,16.8799991607666,831400
2025-11-10,16.700000762939453,16.719999313354492,16.59000015258789,16.709999084472656,991400
2025-11-11,16.899999618530273,16.969999313354492,16.700000762939453,16.93000030517578,885100
2025-11-12,17.329999923706055,17.559999465942383,17.299999237060547,17.530000686645508,1222600
2025-11-13,17.5,17.520000457763672,17.309999465942383,17.420000076293945,560600
2025-11-14,17.43000030517578,17.600000381469727,17.389999389648438,17.59000015258789,900200
2025-11-17,17.709999084472656,17.809999465942383,17.6200008392334,17.65999984741211,928000
2025-11-18,17.770000457763672,17.780000686645508,17.639999389648438,17.729999542236328,658300
2025-11-19,17.639999389648438,17.68000030517578,17.540000915527344,17.610000610351562,460000
2025-11-20,17.700000762939453,17.770000457763672,17.43000030517578,17.450000762939453,764600
2025-11-21,17.610000610351562,17.760000228881836,17.530000686645508,17.719999313354492,895200
2025-11-24,17.889999389648438,17.90999984741211,17.799999237060547,17.90999984741211,506600
2025-11-25,17.770000457763672,17.850000381469727,17.709999084472656,17.75,912500
2025-11-26,18.020000457763672,18.239999771118164,18.020000457763672,18.239999771118164,922400
2025-11-28,18.200000762939453,18.34000015258789,18.059999465942383,18.34000015258789,524000
2025-12-01,18.350000381469727,18.450000762939453,18.31999969482422,18.3799991607666,685600
2025-12-02,18.549999237060547,18.649999618530273,18.520000457763672,18.649999618530273,1221200
2025-12-03,18.6299991607666,18.719999313354492,18.559999465942383,18.690000534057617,653700
2025-12-04,18.690000534057617,18.700000762939453,18.5,18.59000015258789,844300
2025-12-05,18.6299991607666,18.690000534057617,18.559999465942383,18.649999618530273,604000
2025-12-08,18.739999771118164,18.780000686645508,18.670000076293945,18.719999313354492,764900
2025-12-09,18.709999084472656,18.739999771118164,18.56999969482422,18.649999618530273,715800
2025-12-10,18.34000015258789,18.389999389648438,18.209999084472656,18.280000686645508,918500
2025-12-11,18.170000076293945,18.299999237060547,18.1200008392334,18.270000457763672,725900
2025-12-12,17.520000457763672,17.610000610351562,17.440000534057617,17.489999771118164,874300
2025-12-15,17.600000381469727,17.6200008392334,17.420000076293945,17.420000076293945,724800
2025-12-16,17.829999923706055,17.950000762939453,17.719999313354492,17.850000381469727,945000
2025-12-17,17.790000915527344,17.790000915527344,17.540000915527344,17.540000915527344,357300
2025-12-18,17.739999771118164,17.920000076293945,17.739999771118164,17.8799991607666,495800
2025-12-19,18.15999984741211,18.389999389648438,18.139999389648438,18.389999389648438,685700
2025-12-22,18.75,18.75,18.600000381469727,18.610000610351562,962400
2025-12-23,18.770000457763672,19.09000015258789,18.75,19.079999923706055,1264300
2025-12-24,19.110000610351562,19.15999984741211,18.940000534057617,19.010000228881836,1275000
2025-12-26,18.56999969482422,18.56999969482422,18.399999618530273,18.399999618530273,853100
2025-12-29,18.639999389648438,18.920000076293945,18.6299991607666,18.920000076293945,587800
2025-12-30,18.959999084472656,19.020000457763672,18.93000030517578,19.010000228881836,616000
2025-12-31,19.06999969482422,19.1200008392334,18.979999542236328,19.079999923706055,600400
2026-01-02,19.100000381469727,19.149999618530273,18.979999542236328,19.110000610351562,936300
2026-01-05,19.020000457763672,19.1299991607666,18.950000762939453,19.020000457763672,662800
2026-01-06,19.209999084472656,19.459999084472656,19.209999084472656,19.43000030517578,1584000
2026-01-07,19.610000610351562,19.649999618530273,19.399999618530273,19.440000534057617,1125400
2026-01-08,19.360000610351562,19.469999313354492,19.309999465942383,19.309999465942383,456400
2026-01-09,19.219999313354492,19.3700008392334,19.110000610351562,19.280000686645508,975000
2026-01-12,19.399999618530273,19.68000030517578,19.399999618530273,19.670000076293945,757500
2026-01-13,19.799999237060547,19.850000381469727,19.760000228881836,19.799999237060547,670400
2026-01-14,19.739999771118164,19.760000228881836,19.649999618530273,19.690000534057617,775200
2026-01-15,19.510000228881836,19.559999465942383,19.40999984741211,19.530000686645508,633700
2026-01-16,19.6200008392334,19.770000457763672,19.6200008392334,19.729999542236328,1222800
2026-01-20,19.600000381469727,19.670000076293945,19.34000015258789,19.510000228881836,840300
2026-01-21,19.40999984741211,19.420000076293945,19.31999969482422,19.389999389648438,859500
2026-01-22,19.469999313354492,19.649999618530273,19.469999313354492,19.6299991607666,785800
2026-01-23,19.510000228881836,19.540000915527344,19.34000015258789,19.420000076293945,604900
2026-01-26,18.989999771118164,19.149999618530273,18.8799991607666,18.90999984741211,1407000
2026-01-27,18.780000686645508,18.84000015258789,18.6299991607666,18.760000228881836,1167200
2026-01-28,18.56999969482422,18.6299991607666,18.459999084472656,18.5,1026400
2026-01-29,18.809999465942383,18.850000381469727,18.600000381469727,18.809999465942383,912100
2026-01-30,18.940000534057617,19.100000381469727,18.889999389648438,19.06999969482422,783000
2026-02-02,18.75,18.84000015258789,18.709999084472656,18.770000457763672,803400
2026-02-03,18.81999969482422,18.899999618530273,18.450000762939453,18.450000762939453,1492400
2026-02-04,18.649999618530273,18.760000228881836,18.510000228881836,18.610000610351562,970300
2026-02-05,18.3799991607666,18.510000228881836,18.09000015258789,18.1200008392334,1684900
2026-02-06,18.1200008392334,18.139999389648438,18.020000457763672,18.030000686645508,896700
2026-02-09,18.100000381469727,18.100000381469727,17.8700008392334,18.049999237060547,1203300
2026-02-10,18.15999984741211,18.209999084472656,18.059999465942383,18.079999923706055,558200
2026-02-11,18.600000381469727,18.719999313354492,18.510000228881836,18.709999084472656,897700
2026-02-12,18.790000915527344,18.799999237060547,18.479999542236328,18.510000228881836,1077000
2026-02-13,18.850000381469727,18.93000030517578,18.700000762939453,18.889999389648438,778100
2026-02-17,18.860000610351562,18.889999389648438,18.6200008392334,18.729999542236328,617800
2026-02-18,18.920000076293945,18.940000534057617,18.729999542236328,18.770000457763672,588100
2026-02-19,18.850000381469727,18.90999984741211,18.739999771118164,18.760000228881836,352800
2026-02-20,18.8700008392334,19.290000915527344,18.809999465942383,19.290000915527344,1229900
2026-02-23,19.34000015258789,19.40999984741211,19.1299991607666,19.229999542236328,1389500
2026-02-24,19.309999465942383,19.309999465942383,19.15999984741211,19.25,406900
2026-02-25,19.200000762939453,19.229999542236328,19.020000457763672,19.09000015258789,589000
2026-02-26,19.190000534057617,19.299999237060547,19.079999923706055,19.15999984741211,555700
2026-02-27,19.110000610351562,19.139999389648438,18.989999771118164,19.079999923706055,634700
2026-03-02,18.65999984741211,18.719999313354492,18.600000381469727,18.6299991607666,1320500
2026-03-03,18.25,18.25,17.899999618530273,18.1200008392334,1267200
2026-03-04,18.149999618530273,18.389999389648438,18.149999618530273,18.299999237060547,1004100
2026-03-05,18.15999984741211,18.239999771118164,17.899999618530273,18.020000457763672,1178900
2026-03-06,17.690000534057617,17.739999771118164,17.40999984741211,17.450000762939453,1704000
2026-03-09,16.649999618530273,17.260000228881836,16.600000381469727,17.229999542236328,2141700
2026-03-10,17.100000381469727,17.229999542236328,16.969999313354492,17.059999465942383,1323800
2026-03-11,17.549999237060547,17.739999771118164,17.290000915527344,17.40999984741211,1761800
2026-03-12,17.200000762939453,17.239999771118164,16.709999084472656,16.75,1563500
2026-03-13,16.93000030517578,17.270000457763672,16.610000610351562,16.709999084472656,1419000
2026-03-16,17.049999237060547,17.329999923706055,17.049999237060547,17.299999237060547,908200
2026-03-17,17.399999618530273,17.540000915527344,17.309999465942383,17.31999969482422,977000
2026-03-18,17.290000915527344,17.290000915527344,17.020000457763672,17.030000686645508,257000
2026-03-19,17.079999923706055,17.09000015258789,16.84000015258789,16.979999542236328,919500
2026-03-20,16.700000762939453,16.729999542236328,16.329999923706055,16.43000030517578,1074400
2026-03-23,16.420000076293945,16.68000030517578,16.329999923706055,16.420000076293945,1375600
2026-03-24,16.350000381469727,16.559999465942383,16.309999465942383,16.459999084472656,950600
2026-03-25,16.899999618530273,16.969999313354492,16.75,16.799999237060547,1145200
2026-03-26,16.59000015258789,16.719999313354492,16.469999313354492,16.479999542236328,799200
2026-03-27,16.700000762939453,16.860000610351562,16.649999618530273,16.719999313354492,807600
2026-03-30,16.899999618530273,17.040000915527344,16.850000381469727,16.850000381469727,612400
2026-03-31,17.010000228881836,17.360000610351562,17.010000228881836,17.309999465942383,1183900
2026-04-01,17.510000228881836,17.6200008392334,17.40999984741211,17.40999984741211,934300
2026-04-02,17.350000381469727,17.700000762939453,17.309999465942383,17.469999313354492,1552300
2026-04-06,17.25,17.350000381469727,17.059999465942383,17.149999618530273,443700
2026-04-07,17.229999542236328,17.309999465942383,17.1299991607666,17.309999465942383,661200
2026-04-08,18.100000381469727,18.43000030517578,18.100000381469727,18.420000076293945,1394100
2026-04-09,18.25,18.389999389648438,18.079999923706055,18.350000381469727,525200
2026-04-10,18.350000381469727,18.350000381469727,18.170000076293945,18.200000762939453,787000
2026-04-13,18.149999618530273,18.299999237060547,18.1299991607666,18.299999237060547,820900
2026-04-14,18.3700008392334,18.469999313354492,18.329999923706055,18.43000030517578,485700
2026-04-15,18.5,18.68000030517578,18.459999084472656,18.65999984741211,830700
2026-04-16,18.68000030517578,18.75,18.639999389648438,18.719999313354492,1487200
2026-04-17,18.809999465942383,19.139999389648438,18.75,19.040000915527344,969600
2026-04-20,18.899999618530273,19.149999618530273,18.8700008392334,19.06999969482422,1027900
2026-04-21,19.0,19.020000457763672,18.850000381469727,18.860000610351562,825800
2026-04-22,19.1200008392334,19.420000076293945,19.030000686645508,19.399999618530273,752800
2026-04-23,19.079999923706055,19.290000915527344,19.020000457763672,19.149999618530273,861500
2026-04-24,19.010000228881836,19.049999237060547,18.90999984741211,18.90999984741211,509300
2026-04-27,18.829999923706055,18.90999984741211,18.770000457763672,18.790000915527344,288400
2026-04-28,18.860000610351562,19.139999389648438,18.860000610351562,19.139999389648438,1017200
2026-04-29,18.920000076293945,18.920000076293945,18.760000228881836,18.81999969482422,436600
2026-04-30,18.790000915527344,18.8700008392334,18.760000228881836,18.84000015258789,624300
2026-05-01,18.920000076293945,19.110000610351562,18.889999389648438,19.09000015258789,548800
2026-05-04,18.889999389648438,18.93000030517578,18.719999313354492,18.770000457763672,406400
2026-05-05,18.90999984741211,19.200000762939453,18.90999984741211,19.1200008392334,451100
2026-05-06,19.3799991607666,19.600000381469727,19.299999237060547,19.540000915527344,937300
2026-05-07,19.469999313354492,19.6200008392334,19.43000030517578,19.520000457763672,820200
2026-05-08,19.600000381469727,19.780000686645508,19.579999923706055,19.770000457763672,478000
2026-05-11,19.559999465942383,19.56999969482422,19.399999618530273,19.489999771118164,601900
2026-05-12,19.40999984741211,19.440000534057617,19.209999084472656,19.43000030517578,714500
2026-05-13,19.1200008392334,19.260000228881836,19.1200008392334,19.25,424800
2026-05-14,19.360000610351562,19.5,19.350000381469727,19.489999771118164,852800
2026-05-15,19.15999984741211,19.31999969482422,19.15999984741211,19.190000534057617,653900
2026-05-18,19.34000015258789,19.3799991607666,19.229999542236328,19.309999465942383,378500
2026-05-19,19.190000534057617,19.260000228881836,19.100000381469727,19.110000610351562,341300
2026-05-20,19.149999618530273,19.309999465942383,19.110000610351562,19.309999465942383,578100
2026-05-21,19.059999465942383,19.139999389648438,18.940000534057617,18.979999542236328,396300
2026-05-22,18.889999389648438,18.889999389648438,18.709999084472656,18.75,884500
2026-05-26,18.90999984741211,19.010000228881836,18.860000610351562,18.8700008392334,462200
2026-05-27,18.75,18.829999923706055,18.690000534057617,18.739999771118164,238000
2026-05-28,18.68000030517578,18.739999771118164,18.649999618530273,18.68000030517578,430900
2026-05-29,18.649999618530273,18.75,18.600000381469727,18.700000762939453,308300
2026-06-01,18.56999969482422,18.579999923706055,18.40999984741211,18.440000534057617,654500
2026-06-02,18.31999969482422,18.3700008392334,18.1299991607666,18.1299991607666,838200
2026-06-03,18.190000534057617,18.200000762939453,18.020000457763672,18.020000457763672,349400
2026-06-04,18.280000686645508,18.31999969482422,18.229999542236328,18.25,446300
2026-06-05,18.25,18.31999969482422,17.950000762939453,17.989999771118164,1548700
2026-06-08,17.860000610351562,17.959999084472656,17.719999313354492,17.760000228881836,347800
2026-06-09,17.8799991607666,17.950000762939453,17.540000915527344,17.709999084472656,1747500
2026-06-10,17.8799991607666,18.049999237060547,17.809999465942383,17.809999465942383,525900
2026-06-11,17.8799991607666,18.09000015258789,17.780000686645508,18.040000915527344,1774300
2026-06-12,17.860000610351562,17.889999389648438,17.75,17.809999465942383,386400
2026-06-15,18.149999618530273,18.25,18.059999465942383,18.1200008392334,850700
2026-06-16,18.170000076293945,18.25,18.06999969482422,18.100000381469727,417000
2026-06-17,18.1299991607666,18.260000228881836,17.860000610351562,17.8700008392334,1330700
2026-06-18,18.200000762939453,18.440000534057617,18.170000076293945,18.350000381469727,791200
2026-06-22,18.530000686645508,18.68000030517578,18.489999771118164,18.649999618530273,585900
2026-06-23,18.389999389648438,18.450000762939453,18.190000534057617,18.190000534057617,386900
2026-06-24,18.31999969482422,18.43000030517578,18.219999313354492,18.3700008392334,770400
2026-06-25,18.389999389648438,18.399999618530273,18.139999389648438,18.15999984741211,504500
2026-06-26,18.299999237060547,18.43000030517578,18.299999237060547,18.360000610351562,302400
2026-06-29,18.40999984741211,18.479999542236328,18.31999969482422,18.440000534057617,327000
2026-06-30,18.31999969482422,18.469999313354492,18.31999969482422,18.469999313354492,477000
2026-07-01,18.469999313354492,18.59000015258789,18.420000076293945,18.530000686645508,224100
2026-07-02,18.579999923706055,18.600000381469727,18.40999984741211,18.489999771118164,203000
2026-07-06,18.290000915527344,18.360000610351562,18.15999984741211,18.190000534057617,402900
2026-07-07,18.190000534057617,18.209999084472656,18.09000015258789,18.09000015258789,531700
2026-07-08,18.1200008392334,18.280000686645508,18.1200008392334,18.219999313354492,394400
2026-07-09,18.170000076293945,18.209999084472656,18.06999969482422,18.09000015258789,460000
2026-07-10,17.989999771118164,18.09000015258789,17.90999984741211,17.979999542236328,556900
2026-07-13,17.690000534057617,17.719999313354492,17.520000457763672,17.530000686645508,426800
2026-07-14,17.65999984741211,17.729999542236328,17.59000015258789,17.670000076293945,893000
2026-07-15,17.510000228881836,17.59000015258789,17.299999237060547,17.34000015258789,584200
2026-07-16,17.739999771118164,17.81999969482422,17.440000534057617,17.459999084472656,656100
2026-07-17,17.360000610351562,17.469999313354492,17.329999923706055,17.34000015258789,825400
2026-07-20,16.940000534057617,17.020000457763672,16.81999969482422,16.84000015258789,820500
2026-07-21,16.850000381469727,16.969999313354492,16.799999237060547,16.93000030517578,510600
2026-07-22,16.459999084472656,16.530000686645508,16.40999984741211,16.479999542236328,702900
2026-07-23,16.739999771118164,16.790000915527344,16.600000381469727,16.65999984741211,953600
2026-07-24,16.600000381469727,16.600000381469727,16.459999084472656,16.459999084472656,530600
2026-07-27,16.299999237060547,16.389999389648438,16.219999313354492,16.34000015258789,915700
2026-07-28,16.5,16.59000015258789,16.479999542236328,16.579999923706055,785600
2026-07-29,16.75,16.770000457763672,16.540000915527344,16.540000915527344,1078000
2026-07-30,17.25,17.43000030517578,17.25,17.3700008392334,836200
2026-07-31,17.229999542236328,17.229999542236328,16.979999542236328,16.979999542236328,800300
2026-08-03,17.420000076293945,17.520000457763672,17.389999389648438,17.5,717700
2026-08-04,17.65999984741211,17.739999771118164,17.559999465942383,17.65999984741211,1056300
2026-08-05,17.600000381469727,17.649999618530273,17.450000762939453,17.520000457763672,1866500
2026-08-06,17.399999618530273,17.469999313354492,17.389999389648438,17.450000762939453,636000
2026-08-07,17.450000762939453,17.5,17.40999984741211,17.440000534057617,551900
2026-08-10,17.549999237060547,17.639999389648438,17.540000915527344,17.639999389648438,223300
2026-08-11,17.709999084472656,17.709999084472656,17.549999237060547,17.549999237060547,285000
2026-08-12,17.700000762939453,17.84000015258789,17.700000762939453,17.799999237060547,347000
2026-08-13,17.579999923706055,17.68000030517578,17.469999313354492,17.520000457763672,450200
2026-08-14,17.15999984741211,17.260000228881836,17.1299991607666,17.15999984741211,541600
2026-08-17,17.079999923706055,17.18000030517578,17.079999923706055,17.149999618530273,399000
2026-08-18,17.1200008392334,17.170000076293945,17.09000015258789,17.110000610351562,156700
2026-08-19,17.09000015258789,17.200000762939453,17.06999969482422,17.079999923706055,460200
2026-08-20,17.1200008392334,17.239999771118164,17.1200008392334,17.149999618530273,265400
2026-08-21,17.649999618530273,17.920000076293945,17.639999389648438,17.8700008392334,531300
2026-08-24,17.90999984741211,17.989999771118164,17.899999618530273,17.899999618530273,492600
2026-08-25,17.969999313354492,17.979999542236328,17.90999984741211,17.950000762939453,137100
2026-08-26,18.079999923706055,18.209999084472656,18.079999923706055,18.149999618530273,510500
2026-08-27,18.170000076293945,18.270000457763672,18.110000610351562,18.239999771118164,562800
2026-08-28,18.200000762939453,18.239999771118164,18.100000381469727,18.18000030517578,709800
2026-08-31,18.059999465942383,18.15999984741211,18.059999465942383,18.059999465942383,436900
2026-09-01,18.059999465942383,18.149999618530273,18.030000686645508,18.110000610351562,670400
2026-09-02,18.059999465942383,18.100000381469727,18.0,18.040000915527344,1061500
2026-09-03,17.950000762939453,17.989999771118164,17.84000015258789,17.899999618530273,1054000
2026-09-04,18.049999237060547,18.200000762939453,18.040000915527344,18.15999984741211,456400
2026-09-08,18.059999465942383,18.059999465942383,17.90999984741211,17.90999984741211,864100
2026-09-09,17.90999984741211,17.979999542236328,17.850000381469727,17.850000381469727,688700
2026-09-10,17.860000610351562,18.06999969482422,17.860000610351562,18.0,941600
2026-09-11,17.68000030517578,17.709999084472656,17.5,17.5,887700
2026-09-14,17.329999923706055,17.459999084472656,17.329999923706055,17.34000015258789,974800
2026-09-15,17.489999771118164,17.56999969482422,17.40999984741211,17.40999984741211,557700
2026-09-16,17.399999618530273,17.5,17.309999465942383,17.3700008392334,397000
2026-09-17,17.549999237060547,17.649999618530273,17.530000686645508,17.549999237060547,453100
2026-09-18,17.649999618530273,17.700000762939453,17.600000381469727,17.6299991607666,615100
2026-09-21,17.469999313354492,17.610000610351562,17.389999389648438,17.40999984741211,330500
2026-09-22,17.610000610351562,17.6200008392334,17.510000228881836,17.510000228881836,401700
2026-09-23,17.43000030517578,17.479999542236328,17.31999969482422,17.31999969482422,333500
2026-09-24,17.209999084472656,17.270000457763672,17.18000030517578,17.209999084472656,222100
2026-09-25,17.260000228881836,17.350000381469727,17.260000228881836,17.270000457763672,384900
2026-09-28,17.200000762939453,17.239999771118164,17.079999923706055,17.09000015258789,383000
2026-09-29,17.1200008392334,17.219999313354492,17.079999923706055,17.139999389648438,265700
2026-09-30,17.040000915527344,17.100000381469727,16.950000762939453,16.950000762939453,400800
2026-10-01,16.90999984741211,16.920000076293945,16.81999969482422,16.84000015258789,790500
2026-10-02,16.760000228881836,16.86389923095703,16.729999542236328,16.729999542236328,293606
