symbol,last_date,close,adv20_bn,adv60_bn,ret_1m,ret_3m,ret_6m,ret_1y,ret_2y,hi52,lo52,from_hi52,from_lo52,ma50_gap,ma200_gap,vol_1y,vol_ratio_20_120,n_bars,floor,name,industry,mcap_bn,pe,pb,dy,last_q,pbt_q_yoy,pbt_prevq_yoy,pbt_6m_yoy,pbt_ttm_yoy,rev_6m_yoy,np_ttm_yoy,pbt_ttm_bn,np_ttm_bn,pbt_q_bn,fin_inc_share_6m,bank,net_cash_bn,equity_bn,debt_to_equity,net_cash_to_mcap,vci_rating,vci_tp,state_pct,foreign_pct,foreign_max,sector,n_recs_2026,recs_tp_median,events,up_vci_tp,up_recs_tp_median
AAA,2026-10-02,7.05,17.02,10.46,0.3,-0.6,6.0,-9.9,-20.7,8.595,6.372,-18.0,10.6,-1.5,-1.1,26.5,1.94,746,HOSE,Công ty cổ phần Nhựa An Phát Xanh,,2776,5.1,0.51,0.0,2026Q2,7.2,187.8,51.4,94.6,-24.1,98.2,681.0,545.0,226.0,13.0,False,-1435.0,6229.0,0.55,-52.0,,,0.0,1.8,100.0,Hóa chất,0,,2026-07-10 Cổ tức bằng tiền: Trả cổ tức năm 2025 (300 đ/cp),,
AAH,2026-10-02,1.7,0.47,0.81,-10.5,-32.0,-48.5,-58.5,-56.4,4.1,1.6,-58.5,6.2,-9.3,-40.2,48.2,0.66,676,UPCOM,CTCP Hợp Nhất,,196,1356.9,0.17,0.0,2026Q2,,-81.2,-163.5,-163.4,-58.1,-188.7,-19.0,-20.0,-12.0,,False,-46.0,1182.0,0.08,-23.0,,,0.0,0.0,0.0,Tài nguyên Cơ bản,0,,2026-04-09 Họp ĐHCĐ: ĐHĐCĐ thường niên năm 2026 | 2026-04-09 Chốt quyền ĐHCĐ: ĐHĐCĐ thường niên năm 2026,,
AAN,2026-10-02,15.25,4.14,3.13,-5.0,-3.5,,,,17.34,12.766,-12.1,19.5,-2.6,,27.7,1.12,93,HOSE,Công ty Cổ phần Lương thực A An,,1398,27.3,1.47,0.0,2026Q2,,,,,,,65.0,51.0,15.0,23.0,False,-9.0,955.0,0.64,-1.0,,,0.0,0.0,0.0,Thực phẩm và đồ uống,0,,"2026-06-15 Cổ phiếu thưởng: Tỷ lệ 100:23 | 2026-06-15 Cổ tức bằng cổ phiếu: Trả cổ tức năm 2025, tỷ lệ 100:18 | 2026-05-22 CP không đủ điều kiện GD ký quỹ: Thời gian niêm yết dưới 06 tháng | 2026-05-14 Niêm yết HOSE: Giá tham chiếu: 15.000 đ/cp",,
AAS,2026-10-02,9.7,16.06,9.83,24.4,3.2,16.9,-11.0,27.6,12.2,6.8,-20.5,42.6,19.7,10.9,46.4,1.82,746,UPCOM,Công ty Cổ phần Chứng khoán SmartInvest,,2282,18.1,0.86,0.0,2026Q2,-68.3,-65.3,-66.5,79.9,-29.0,92.4,167.0,126.0,8.0,,False,277.0,2667.0,0.58,12.0,,,0.0,0.1,100.0,Dịch vụ tài chính,0,,,,
AAV,2026-10-02,5.9,1.17,1.65,-1.7,-16.9,-34.4,-3.3,-7.8,9.4,5.3,-37.2,11.3,-4.4,-10.5,50.0,0.41,739,UPCOM,Công ty Cổ phần AAV Group,,407,16.4,0.58,0.0,2026Q2,,275.4,-42.2,,47.6,,-23.0,-22.0,-2.0,1.0,False,-92.0,745.0,0.13,-23.0,,,0.0,0.0,49.0,Bất động sản,0,,2026-05-19 Niêm yết UPCOM: Giá tham chiếu: 6.800 đ/cp | 2026-05-15 CP không đủ điều kiện GD ký quỹ: Chứng khoán có khả năng bị hủy bỏ niêm yết | 2026-05-14 CP không đủ điều kiện GD ký quỹ: Chứng khoán có khả năng bị hủy bỏ niêm yết | 2026-04-22 Huỷ niêm yết: Hủy niêm yết trên HNX,,
ABB,2026-10-02,17.7,18.13,26.06,2.3,9.0,40.6,78.8,179.4,18.9,9.74,-6.3,81.7,2.6,24.1,25.3,0.79,746,UPCOM,Ngân hàng Thương mại Cổ phần An Bình,,28403,7.3,1.26,0.0,2026Q2,47.6,260.9,109.1,204.4,59.4,205.7,4884.0,3886.0,1516.0,,True,,,,,,,0.0,12.5,16.5,Ngân hàng,0,,"2026-07-20 Lấy ý kiến cổ đông : V/v:Lấy ý kiến Cổ đông bằng văn bản về sửa đổi, bổ sung Phươ | 2026-06-26 Cổ tức bằng cổ phiếu: Trả cổ tức năm 2025, tỷ lệ 100:15",,
ABS,2026-10-02,2.69,0.37,1.01,-7.2,-11.8,-13.5,-24.9,-36.9,3.89,2.51,-30.8,7.2,-9.9,-9.7,38.2,0.52,746,HOSE,Công ty Cổ phần Dịch vụ Nông nghiệp Bình Thuận,,215,111.0,0.54,0.0,2026Q2,,,,,12.1,,-222.0,-222.0,-4.0,,False,-59.0,396.0,0.15,-27.0,,,0.0,0.0,0.0,Hóa chất,0,,"2026-08-20 Nhắc nhở: chậm CBTT giải trình kết luận ngoại trừ của tổ chức kiểm toá | 2026-04-03 Kiểm soát (Không hạn chế GD): chuyển cổ phiếu từ diện cảnh báo, tạm dừng, hạn chế sang diệ",,
ABW,2026-10-02,14.6,1.55,3.53,0.0,8.1,44.6,32.7,65.9,14.9,9.0,-2.0,62.2,3.0,21.6,30.9,0.49,746,UPCOM,Công ty Cổ phần Chứng khoán An Bình,,4389,14.9,1.16,0.0,2026Q2,390.7,-9.4,209.6,178.5,121.4,178.6,372.0,294.0,196.0,,False,4206.0,3773.0,0.91,96.0,,,0.0,0.0,100.0,Dịch vụ tài chính,0,,2026-07-14 Lấy ý kiến cổ đông : V/v:Lấy ý kiến cổ đông bằng văn bản để thông qua việc miễn n,,
ACB,2026-10-02,21.1,153.89,250.09,-6.8,-6.8,4.2,-4.9,13.6,23.85,18.697,-11.5,12.9,-4.7,-0.8,24.6,0.47,746,HOSE,Ngân hàng Thương mại Cổ phần Á Châu,,122473,7.8,1.23,2.9,2026Q2,-11.9,16.8,0.4,-7.6,4.9,-7.6,19584.0,15678.0,5367.0,,True,,,,,BUY,28.0,0.0,23.4,30.0,Ngân hàng,0,,"2026-06-05 Cổ tức bằng cổ phiếu: Trả cổ tức năm 2025, tỷ lệ 100:13 | 2026-06-05 Cổ tức bằng tiền: Trả cổ tức năm 2025 (700 đ/cp) | 2026-04-14 Dự kiến cổ tức: Dự kiến trả cổ tức bằng cổ phiếu năm 2025, tỷ lệ 100: 13",32.7,
ACC,2026-10-02,4.09,0.93,2.33,-13.9,-62.8,-68.8,-70.5,-69.7,14.0,4.05,-70.8,1.0,-10.6,-61.2,37.4,0.8,746,HOSE,Công ty cổ phần Đầu tư và Xây dựng Bình Dương ACC,,429,10.2,0.32,0.0,2026Q2,-81.2,-36.5,-57.8,-18.2,23.5,-18.8,54.0,42.0,2.0,33.0,False,-1038.0,1343.0,0.97,-242.0,,,0.0,7.5,0.0,Xây dựng và Vật liệu,0,,2026-08-17 Lấy ý kiến cổ đông : V/v:Thông qua việc điều chỉnh kế hoạch phân phối lợi nhuận 2,,
ACV,2026-10-02,39.2,11.09,16.92,-7.3,-10.1,-14.4,-29.1,-37.2,64.8,37.0,-39.5,5.9,-2.3,-15.0,33.2,0.5,746,UPCOM,Tổng công ty cảng hàng không Việt Nam - CTCP,,139453,12.5,1.88,0.0,2026Q2,27.5,7.3,16.4,19.1,3.7,12.8,16573.0,11119.0,4097.0,5.0,False,7524.0,74128.0,0.12,5.0,M-PF,43.3,95.4,1.7,49.0,Hàng & Dịch vụ Công nghiệp,0,,2026-05-06 Họp ĐHCĐ: ĐHĐCĐ thường niên năm 2026 | 2026-05-06 Chốt quyền ĐHCĐ: ĐHĐCĐ thường niên năm 2026,10.5,
AFX,2026-10-02,9.73,1.38,1.53,-4.6,-4.1,-8.6,-0.7,26.4,14.9,9.0,-34.7,8.1,-3.5,-7.8,28.7,1.27,740,HOSE,Công ty Cổ phần Xuất nhập khẩu Nông sản thực phẩm An Giang,,341,5.4,0.62,0.0,2026Q2,35.8,286.4,141.9,141.2,55.6,141.1,79.0,63.0,11.0,116.0,False,-275.0,545.0,1.45,-81.0,,,0.0,0.0,0.0,Bán lẻ,0,,,,
AGG,2026-10-02,9.0,3.0,2.95,-17.2,-15.4,-21.1,-49.0,-40.0,17.5,8.53,-48.6,5.5,-10.9,-21.3,26.4,1.16,746,HOSE,CTCP Đầu tư và phát triển bất động sản An Gia,,1609,2.8,0.42,0.0,2026Q2,167.0,-56.6,131.9,353.4,-57.9,254.2,525.0,576.0,281.0,73.0,False,3631.0,3803.0,0.44,226.0,,,0.0,0.7,50.0,Bất động sản,0,,"2026-08-19 Cổ tức bằng cổ phiếu: Trả cổ tức năm 2025, tỷ lệ 100:10 | 2026-05-08 Họp ĐHCĐ: ĐHĐCĐ thường niên năm 2026 | 2026-05-08 Chốt quyền ĐHCĐ: ĐHĐCĐ thường niên năm 2026",,
AGR,2026-10-02,11.65,2.56,4.96,-13.4,-27.2,-20.2,-31.9,-33.6,18.45,11.65,-36.9,0.0,-9.6,-20.6,34.7,0.54,746,HOSE,Công ty Cổ phần Chứng khoán Agribank,,2660,15.5,1.01,0.0,2026Q2,184.3,35.2,72.5,47.9,41.0,44.3,215.0,171.0,38.0,,False,3798.0,2633.0,1.2,143.0,,,74.9,0.3,100.0,Dịch vụ tài chính,0,,,,
AIG,2026-10-02,46.3,0.41,1.3,-7.0,9.8,22.2,20.9,,51.0,37.017,-9.2,25.1,-2.6,9.1,26.0,0.27,470,UPCOM,Công ty Cổ phần nguyên liệu Á Châu AIG,,9157,7.9,1.4,0.0,2026Q2,74.5,53.4,63.7,52.7,17.8,54.4,1703.0,1159.0,517.0,14.0,False,3106.0,8073.0,0.24,34.0,,,0.0,45.1,50.0,Thực phẩm và đồ uống,0,,2026-07-30 Cổ phiếu thưởng: Tỷ lệ 100:15 | 2026-07-28 Cổ tức bằng tiền: Trả cổ tức năm 2025 (500 đ/cp) | 2026-05-05 Họp ĐHCĐ: ĐHĐCĐ thường niên năm 2026 | 2026-05-05 Chốt quyền ĐHCĐ: ĐHĐCĐ thường niên năm 2026,,
AMV,2026-10-02,1.2,0.74,0.62,0.0,-14.3,-33.3,-40.0,-57.1,2.8,1.0,-57.1,20.0,-0.3,-26.5,58.8,1.4,746,HNX,Công ty Cổ phần Sản xuất kinh doanh dược và Trang thiết bị y tế Việt Mỹ,,157,15.5,0.11,0.0,2026Q2,,,,-178.8,-56.3,-181.6,-59.0,-58.0,-37.0,,False,3.0,1552.0,0.1,2.0,,,0.0,0.3,0.0,Y tế,0,,2026-05-13 Họp ĐHCĐ: ĐHĐCĐ thường niên năm 2026 | 2026-05-13 Chốt quyền ĐHCĐ: ĐHĐCĐ thường niên năm 2026,,
ANT,2026-10-02,18.95,0.38,0.84,3.6,-27.7,-36.3,-29.1,39.2,40.104,16.9,-52.7,12.1,-4.4,-30.1,37.5,0.82,741,HOSE,Công ty Cổ phần Rau quả thực phẩm An Giang,,557,4.6,1.43,2.2,2026Q2,15.8,-11.2,0.5,28.4,-6.0,24.8,150.0,121.0,39.0,22.0,False,-173.0,391.0,2.35,-31.0,,,0.0,0.1,49.0,Thực phẩm và đồ uống,0,,"2026-08-21 Nhắc nhở: chậm CBTT thông báo thay đổi số lượng cổ phiếu có quyền biểu | 2026-07-28 Lấy ý kiến cổ đông : V/v:Phương án phát hành cổ phiếu; Thay đổi mô hình quản trị  | 2026-05-05 Cổ tức bằng cổ phiếu: Trả cổ tức năm 2024, tỷ lệ 100:20",,
ANV,2026-10-02,17.0,8.22,9.52,-1.2,-18.9,-28.0,-39.1,6.6,33.399,15.1,-49.1,12.6,1.7,-23.3,37.5,0.93,746,HOSE,Công ty TNHH Amicogen Nam Việt,,4526,5.2,1.17,6.4,2026Q2,-55.9,64.4,-22.1,83.9,33.4,73.7,1039.0,865.0,163.0,11.0,False,-521.0,3857.0,0.48,-12.0,,,0.0,2.6,49.0,Thực phẩm và đồ uống,0,,2026-08-20 Nhắc nhở: nhắc nhở chậm CBTT NQ HĐQT | 2026-04-28 Họp ĐHCĐ: ĐHĐCĐ thường niên năm 2026 | 2026-04-28 Chốt quyền ĐHCĐ: ĐHĐCĐ thường niên năm 2026,,
APF,2026-10-02,44.1,0.41,0.86,-2.9,-9.1,-2.8,28.3,-0.5,49.3,31.805,-10.5,38.7,-2.2,3.6,23.9,0.36,746,UPCOM,Công ty Cổ phần Nông sản Thực phẩm Quảng Ngãi,,1591,6.7,1.28,7.9,2026Q2,225.1,70.1,116.5,131.1,30.9,120.5,268.0,238.0,84.0,28.0,False,-1006.0,1320.0,0.92,-63.0,,,0.0,0.0,0.0,Thực phẩm và đồ uống,0,,"2026-05-18 Cổ tức bằng cổ phiếu: Trả cổ tức năm 2025, tỷ lệ 100:10 | 2026-05-06 Cổ tức bằng tiền: Trả cổ tức đợt 2/2025 (1500 đ/cp)",,
APG,2026-10-02,4.22,0.6,1.08,-14.6,-17.9,-25.2,-63.6,-56.4,12.05,4.11,-65.0,2.7,-9.8,-35.6,37.5,0.39,746,HOSE,Công ty Cổ phần Chứng khoán APG,,944,138.9,0.4,0.0,2026Q2,,-41.2,-66.9,,-22.2,,31.0,7.0,-4.0,,False,1850.0,2385.0,1.02,196.0,,,0.0,28.3,100.0,Dịch vụ tài chính,0,,2026-07-06 Lấy ý kiến cổ đông : V/v:Thông qua một số vấn đề thuộc thẩm quyền của Đại hội đồn | 2026-04-06 CP không đủ điều kiện GD ký quỹ: Báo cáo tài chính năm 2025 được kiểm toán có ý kiến không ph | 2026-04-03 Nhắc nhở: nhắc nhở chậm CBTT giải trình ý kiến ngoại trừ đối với BCTC  | 2026-04-03 Cảnh báo: Tổ chức kiểm toán có ý kiến kiểm toán ngoại trừ đối với báo ,,
APH,2026-10-02,6.98,3.79,2.2,18.3,27.8,26.2,9.2,8.0,7.58,5.25,-7.9,33.0,12.6,17.4,27.0,2.29,746,HOSE,Công ty cổ phần Tập đoàn An Phát Holdings,,1702,7.1,0.64,0.0,2026Q2,5.8,213.3,52.6,95.2,-24.1,148.1,655.0,241.0,218.0,12.0,False,-1453.0,5943.0,0.58,-85.0,,,0.0,28.0,100.0,Hàng & Dịch vụ Công nghiệp,0,,,,
API,2026-10-02,4.2,0.61,0.65,-25.0,-34.4,-26.3,-49.4,-53.3,8.5,4.1,-50.6,2.4,-22.3,-29.6,44.2,0.77,746,HNX,Công ty Cổ phần Đầu tư Châu Á - Thái Bình Dương,,353,26.2,0.42,0.0,2026Q2,-321.3,,-873.5,-466.4,-97.1,-2416.7,-45.0,-45.0,-28.0,,False,-165.0,872.0,0.88,-47.0,,,0.0,2.3,49.0,Bất động sản,0,,2026-04-02 Họp ĐHCĐ: ĐHĐCĐ thường niên năm 2026 | 2026-04-02 Chốt quyền ĐHCĐ: ĐHĐCĐ thường niên năm 2026,,
APS,2026-10-02,5.2,2.62,2.78,-16.1,-30.7,-13.3,-43.5,-28.8,10.2,5.0,-49.0,4.0,-12.8,-20.1,46.9,0.99,746,HNX,Công ty Cổ phần Chứng khoán Châu Á - Thái Bình Dương,,432,18.4,0.54,0.0,2026Q2,,,,,-30.7,,16.0,23.0,53.0,,False,693.0,795.0,0.0,160.0,,,0.0,0.6,100.0,Dịch vụ tài chính,0,,2026-04-01 Chốt quyền ĐHCĐ: ĐHĐCĐ thường niên năm 2026 lần 1 | 2026-04-01 Họp ĐHCĐ: ĐHĐCĐ thường niên năm 2026 lần 1,,
ASM,2026-10-02,5.01,0.83,1.78,-13.9,-16.6,-10.4,-37.2,-40.9,8.009,4.9,-37.4,2.2,-10.2,-15.5,24.9,0.46,746,HOSE,Công ty Cổ phần Tập đoàn Sao Mai ,,2040,14.4,0.36,0.0,2026Q2,109.0,179.9,142.8,66.7,-5.7,109.9,353.0,142.0,113.0,60.0,False,-8996.0,8407.0,1.67,-441.0,,,0.0,12.4,49.0,Thực phẩm và đồ uống,0,,2026-04-02 Nhắc nhở: nhắc nhở chậm CBTT giải trình số liệu BCTC 2025,,
ASP,2026-10-02,16.0,3.16,2.91,15.9,76.6,210.7,239.0,288.3,17.0,4.08,-5.9,292.2,20.2,101.6,40.9,0.89,746,HOSE,Công ty Cổ phần Tập đoàn Dầu khí An Pha,,597,4.6,1.37,0.0,2026Q2,,919.7,,534.0,33.4,356.6,159.0,129.0,85.0,2.0,False,-134.0,440.0,1.04,-22.0,,,0.0,49.0,49.0,"Điện, nước & xăng dầu khí đốt",0,,,,
AST,2026-10-02,60.5,0.93,0.57,-8.3,-2.9,5.2,2.0,40.7,67.9,53.412,-10.9,13.3,-4.7,-0.6,26.8,2.14,746,HOSE,Công ty Cổ phần Dịch vụ Hàng không Taseco,,3267,10.5,4.54,4.8,2026Q2,30.9,72.7,52.2,50.6,33.0,56.8,471.0,311.0,112.0,4.0,False,670.0,845.0,0.05,21.0,BUY,80.6,0.0,46.4,49.0,Bán lẻ,0,,"2026-09-29 Họp ĐHCĐ: ĐHĐCĐ bất thường năm 2026 | 2026-09-29 Chốt quyền ĐHCĐ: ĐHĐCĐ bất thường năm 2026 | 2026-08-10 Lấy ý kiến cổ đông : V/v:Phê duyệt việc thực hiện miễn chào mua công khai trên cơ | 2026-06-23 Cổ tức bằng cổ phiếu: Trả cổ tức năm 2025, tỷ lệ 100:20",33.2,
BAF,2026-10-02,30.8,46.45,54.64,-5.5,2.7,5.8,6.2,69.9,33.0,25.374,-6.7,21.4,-1.9,1.5,18.0,0.84,746,HOSE,Công ty Cổ phần Nông nghiệp BAF Việt Nam,,11237,120.1,2.57,0.0,2026Q2,-41.0,50.0,-4.7,-85.0,54.9,-81.5,83.0,94.0,125.0,6.0,False,-4218.0,4374.0,1.43,-38.0,,,0.0,3.9,50.0,Thực phẩm và đồ uống,1,40.1,"2026-06-22 Dự kiến phát hành: Dự kiến phát hành 30,402,164 cp cho CĐHH | 2026-06-11 Lấy ý kiến cổ đông : V/v:Sửa đổi, bổ sung phương án phát hành cổ phiếu theo chươn | 2026-06-04 Cổ phiếu thưởng: Tỷ lệ 100:10 | 2026-06-04 Cổ tức bằng cổ phiếu: Trả cổ tức năm 2025, tỷ lệ 100:10",,30.2
BCE,2026-10-02,5.38,0.17,1.04,-2.2,-34.4,-42.4,-40.5,17.5,10.041,5.21,-46.4,3.3,-3.4,-33.8,24.5,0.29,746,HOSE,Công ty Cổ phần Xây dựng và Giao thông Bình Dương,,226,3.4,0.54,4.6,2026Q2,-283.3,,-2427.1,-1.6,187.2,-26.3,94.0,67.0,-12.0,,False,-879.0,422.0,2.4,-389.0,,,44.4,2.7,50.0,Xây dựng và Vật liệu,0,,"2026-09-07 CP không đủ điều kiện GD ký quỹ: Lợi nhuận sau thuế của cổ đông công ty mẹ trên BCTC Hợp nhất | 2026-05-14 Cổ tức bằng cổ phiếu: Trả cổ tức năm 2025, tỷ lệ 100:20",,
BCM,2026-10-02,38.7,22.05,29.72,-10.7,-24.3,-27.3,-40.5,-42.5,82.277,33.9,-53.0,14.2,-3.5,-27.2,38.3,0.95,746,HOSE,Tập đoàn Đầu tư và Phát triển Công nghiệp Becamex - CTCP,,40054,20.6,1.83,0.0,2026Q2,-102.0,-22.4,-87.7,-54.9,-65.2,-46.4,1918.0,1947.0,-34.0,33.0,False,-24124.0,22493.0,1.17,-60.0,,,95.4,0.3,34.0,Bất động sản,0,,2026-05-05 Chốt quyền ĐHCĐ: ĐHĐCĐ thường niên năm 2026 | 2026-05-05 Họp ĐHCĐ: ĐHĐCĐ thường niên năm 2026,,
BDT,2026-10-02,8.4,0.03,0.82,-10.6,-7.7,-8.7,-9.7,5.0,10.4,7.7,-19.2,9.1,-5.8,-8.7,31.5,0.05,746,UPCOM,Công ty cổ phần Xây lắp và Vật liệu xây dựng Đồng Tháp,,329,17.0,0.6,0.0,2026Q2,14.1,,,,61.8,,24.0,19.0,7.0,8.0,False,-6.0,561.0,0.18,-2.0,,,51.0,0.1,49.0,Xây dựng và Vật liệu,0,,2026-05-08 Họp ĐHCĐ: ĐHĐCĐ thường niên năm 2026 | 2026-05-08 Chốt quyền ĐHCĐ: ĐHĐCĐ thường niên năm 2026,,
BFC,2026-10-02,54.6,8.76,9.52,15.9,5.5,5.5,41.5,50.1,72.766,37.224,-25.0,46.7,13.3,6.3,42.9,0.85,746,HOSE,Công ty Cổ phần Phân bón Bình Điền ,,3121,12.0,2.41,0.0,2026Q2,-65.8,28.5,-25.5,-21.7,-17.2,-22.1,413.0,259.0,63.0,4.0,False,-1662.0,1801.0,1.02,-53.0,,,65.0,0.4,50.0,Hóa chất,0,,2026-07-20 Cổ tức bằng tiền: Trả cổ tức năm 2025 (3500 đ/cp),,
BGE,2026-10-02,2.9,0.52,0.37,3.6,3.6,-12.1,-47.3,-74.3,5.4,2.5,-46.3,16.0,2.0,-17.5,34.4,1.52,541,UPCOM,Công ty cổ phần BCG Energy,,2056,56.8,0.3,0.0,2025Q4,,-70.2,-76.8,-85.4,-2.6,-89.9,68.0,36.0,-43.0,324.0,False,-5451.0,9000.0,0.63,-265.0,,,0.0,0.1,50.0,"Điện, nước & xăng dầu khí đốt",0,,2026-07-10 Cảnh báo: Tổ chức đăng ký giao dịch không công bố thông tin Nghị quyết,,
BIC,2026-10-02,21.6,0.59,0.57,-0.2,-7.1,-10.7,-22.0,19.9,28.0,20.0,-22.9,8.0,1.1,-6.5,27.3,0.55,746,HOSE,Tổng Công ty Cổ phần Bảo Hiểm Ngân hàng Đầu tư và Phát triển Việt Nam ,,4365,10.2,1.28,4.0,2026Q2,-22.8,-38.6,-30.2,-22.1,,-21.7,553.0,430.0,170.0,75.0,False,9838.0,3556.0,0.08,225.0,,,51.0,42.5,50.0,Bảo hiểm,0,,2026-08-24 Cổ tức bằng tiền: Trả cổ tức năm 2025 (1200 đ/cp),,
BID,2026-10-02,34.8,132.69,137.32,-5.6,-11.0,-3.7,-5.2,-7.6,52.368,32.152,-33.5,8.2,-2.7,-10.2,33.0,0.73,746,HOSE,Ngân hàng Thương mại Cổ phần Đầu tư và Phát triển Việt Nam ,,270682,8.4,1.43,1.2,2026Q2,19.8,15.6,17.9,25.2,10.9,26.2,40653.0,32256.0,10333.0,,True,,,,,O-PF,42.6,76.7,17.5,30.0,Ngân hàng,0,,2026-08-05 Cổ phiếu thưởng: Tỷ lệ 100:6.84 | 2026-07-06 Cổ tức bằng tiền: Trả cổ tức năm 2025 (450 đ/cp),22.4,
BIG,2026-10-02,4.6,2.83,2.4,-2.1,-2.1,-16.6,5.1,-18.1,9.1,3.938,-49.5,16.8,-3.7,-14.5,67.4,1.14,746,UPCOM,Công Ty Cổ Phần Tập Đoàn Đầu Tư BIG,,156,3.3,0.44,0.0,2026Q2,387.0,649.4,495.5,194.8,44.6,162.1,60.0,47.0,8.0,5.0,False,2.0,372.0,0.41,1.0,,,0.0,6.3,49.0,Thực phẩm và đồ uống,0,,"2026-05-21 Cổ tức bằng cổ phiếu: Trả cổ tức năm 2025, tỷ lệ 100:10 | 2026-05-21 Cổ tức bằng tiền: Trả cổ tức năm 2025 (200 đ/cp) | 2026-05-07 Dự kiến cổ tức: Dự kiến trả cổ tức bằng cổ phiếu năm 2025, tỷ lệ 100: 10",,
BKC,2026-10-02,14.5,0.56,0.3,12.4,-6.7,-13.6,-26.2,483.0,25.489,11.5,-43.1,26.1,9.0,-10.0,48.6,2.38,746,HNX,Công ty Cổ phần Khoáng sản Bắc Kạn ,,438,5.4,1.33,0.0,2026Q2,40.0,482.7,109.3,34.3,22.0,32.9,102.0,81.0,19.0,9.0,False,-130.0,365.0,0.42,-30.0,,,0.0,0.1,0.0,Tài nguyên Cơ bản,0,,2026-07-22 Cổ phiếu thưởng: Tỷ lệ 100:28.68,,
BMI,2026-10-02,13.65,1.05,1.04,1.0,-0.7,-18.0,-29.1,-22.8,21.085,11.87,-35.3,15.0,2.3,-9.8,28.1,0.61,746,HOSE,Tổng Công ty Cổ phần Bảo Minh ,,2055,6.9,0.68,3.1,2026Q2,54.6,-3.5,28.5,32.0,,25.1,356.0,297.0,150.0,61.0,False,7718.0,3089.0,0.0,376.0,BUY,23.1,50.7,26.0,50.0,Bảo hiểm,0,,2026-08-25 Cổ tức bằng tiền: Trả cổ tức năm 2025 (500 đ/cp) | 2026-04-07 Họp ĐHCĐ: ĐHĐCĐ thường niên năm 2026 | 2026-04-07 Chốt quyền ĐHCĐ: ĐHĐCĐ thường niên năm 2026 | 2026-04-06 CP không đủ điều kiện GD ký quỹ: Báo cáo tài chính năm 2025 được kiểm toán có ý kiến không ph,69.2,
BMP,2026-10-02,141.0,9.92,14.92,-2.6,-8.2,18.2,9.8,46.5,180.667,114.643,-22.0,23.0,-3.2,-3.2,36.0,0.52,746,HOSE,Công ty Cổ phần nhựa Bình Minh,,11542,9.0,4.05,10.5,2026Q2,11.3,5.9,8.8,12.9,3.2,12.8,1607.0,1283.0,459.0,6.0,False,2874.0,2852.0,0.02,25.0,BUY,163.0,0.0,82.4,100.0,Xây dựng và Vật liệu,0,,2026-07-15 Lấy ý kiến cổ đông : V/v:lấy ý kiến cổ đông bằng văn bản cho một số nội dung thuộ | 2026-04-28 Cổ tức bằng tiền: Trả cổ tức đợt 2/2025 (8360 đ/cp),15.6,
BMS,2026-10-02,12.2,0.36,1.38,-7.6,-13.5,-10.4,-5.9,49.0,15.7,11.351,-22.3,7.5,-5.6,-7.6,26.7,0.23,746,UPCOM,Công ty Cổ phần Chứng Khoán Bảo Minh,,2625,15.7,1.13,0.0,2026Q2,23.2,,120.5,66.0,3.4,66.8,208.0,167.0,96.0,,False,1943.0,2314.0,0.19,74.0,,,0.0,0.0,100.0,Dịch vụ tài chính,0,,"2026-06-05 Cổ tức bằng cổ phiếu: Trả cổ tức năm 2025, tỷ lệ 100:5.5",,
BNA,2026-10-02,1.8,0.62,0.29,-14.3,-57.1,-69.0,-73.9,-80.8,8.7,1.7,-79.3,5.9,-24.4,-65.3,49.0,2.84,746,HNX,CÔNG TY CỔ PHẦN TẬP ĐOÀN ĐẦU TƯ BẢO NGỌC,,56,0.9,0.1,0.0,2026Q2,,,,172.2,-59.7,576.7,74.0,64.0,-8.0,,False,-397.0,570.0,1.29,-709.0,,,0.0,1.0,50.0,Thực phẩm và đồ uống,0,,2026-07-07 Cảnh báo: tổ chức niêm yết chưa họp Đại hội đồng cổ đông thường niên q | 2026-05-21 Kiểm soát đặc biệt (Hạn chế GD): Tổ chức niêm yết chậm nộp báo cáo tài chính riêng và hợp nhấ | 2026-05-19 Họp ĐHCĐ: ĐHĐCĐ thường niên năm 2026 | 2026-05-19 Chốt quyền ĐHCĐ: ĐHĐCĐ thường niên năm 2026,,
BSI,2026-10-02,24.65,7.01,12.11,-15.6,-32.5,-24.4,-40.9,-42.2,43.546,24.65,-43.4,0.0,-11.1,-23.3,34.2,0.64,746,HOSE,Công ty Cổ phần Chứng khoán BIDV,,6653,12.7,1.17,0.0,2026Q2,14.9,16.7,15.7,49.9,55.8,51.9,652.0,523.0,146.0,,False,8219.0,5696.0,2.07,124.0,,,52.0,35.3,100.0,Dịch vụ tài chính,0,,"2026-09-29 Lấy ý kiến cổ đông : V/v:Thông qua việc thực hiện hoạt động cung cấp dịch vụ bù t | 2026-07-17 Lấy ý kiến cổ đông : V/v:Thông qua một số vấn đề thuộc thẩm quyền của Đại hội đồn | 2026-06-02 Cổ tức bằng cổ phiếu: Trả cổ tức năm 2025, tỷ lệ 100:10",,
BSR,2026-10-02,30.45,420.84,307.2,14.5,24.7,16.9,87.0,110.7,39.156,13.349,-22.2,128.1,11.3,18.8,54.5,1.2,738,HOSE,Công ty Cổ phần - Tổng Công ty Lọc hóa dầu Việt Nam,,152472,7.7,2.09,0.0,2026Q2,784.5,1861.5,1134.1,29104.9,52.4,,22478.0,19900.0,8677.0,6.0,False,88126.0,74564.0,0.17,58.0,BUY,35.8,92.1,1.6,49.0,Dầu khí,0,,"2026-07-14 Lấy ý kiến cổ đông : V/v:Thông qua việc miễn nhiệm, bầu bổ sung thành viên Ban ki | 2026-06-18 Cổ tức bằng tiền: Trả cổ tức năm 2025 (300 đ/cp)",17.6,
BVB,2026-10-02,10.4,11.55,17.42,-11.4,-20.9,-11.7,-25.3,-7.2,14.706,10.35,-29.3,0.5,-9.6,-15.8,30.4,0.7,738,HOSE,Ngân hàng TMCP Bản Việt,,9997,12.8,0.9,0.0,2026Q2,2409.8,168.8,485.8,194.6,48.4,195.0,976.0,779.0,332.0,,True,,,,,,,0.0,0.1,5.0,Ngân hàng,0,,"2026-09-15 Phát hành thêm: Phát hành 320,410,000 cp cho CĐHH, giá 10000 đ/cp | 2026-07-23 CP không đủ điều kiện GD ký quỹ: Thời gian niêm yết dưới 06 tháng. | 2026-07-13 Niêm yết HOSE: Giá tham chiếu: 13.100 đ/cp | 2026-07-02 Huỷ niêm yết: Hủy niêm yết trên UPCOM",,
BVH,2026-10-02,75.8,66.29,40.41,18.4,21.7,-10.8,42.8,83.0,88.5,46.215,-14.4,64.0,15.3,10.6,43.2,1.57,746,HOSE,Tập đoàn Bảo Việt ,,56268,16.9,2.19,1.4,2026Q2,54.7,18.7,36.5,35.2,,36.4,4142.0,3320.0,1283.0,370.0,False,245933.0,26724.0,0.13,437.0,BUY,83.6,68.0,27.0,49.0,Bảo hiểm,0,,2026-05-11 Chốt quyền ĐHCĐ: ĐHĐCĐ thường niên năm 2026 | 2026-05-11 Họp ĐHCĐ: ĐHĐCĐ thường niên năm 2026,10.3,
BVS,2026-10-02,25.5,19.93,29.15,-13.6,-20.1,-3.0,-28.8,-40.2,38.084,22.0,-33.0,15.9,-6.2,-9.4,42.5,1.08,746,HNX,Công ty Cổ phần Chứng khoán Bảo Việt,,1841,10.5,0.68,3.1,2026Q2,-32.8,-53.7,-41.2,-15.0,22.4,-16.7,213.0,176.0,51.0,,False,2926.0,2702.0,1.28,159.0,,,59.9,1.3,100.0,Dịch vụ tài chính,0,,2026-04-29 Chốt quyền ĐHCĐ: ĐHĐCĐ thường niên năm 2026 | 2026-04-29 Họp ĐHCĐ: ĐHĐCĐ thường niên năm 2026,,
BWE,2026-10-02,40.8,1.86,4.4,-3.5,-8.6,-3.0,-11.3,-3.3,48.026,39.65,-15.0,2.9,-4.0,-4.9,20.1,0.38,746,HOSE,Công ty Cổ phần - Tổng công ty nước - Môi trường Bình Dương,,10255,9.4,1.22,2.8,2026Q2,9.9,25.4,15.5,38.6,0.4,40.4,1264.0,1087.0,374.0,5.0,False,-5477.0,6407.0,1.12,-53.0,O-PF,49.6,19.4,2.1,49.0,"Điện, nước & xăng dầu khí đốt",0,,"2026-07-09 Phát hành thêm: Phát hành 31,418,377 cp cho CĐHH, giá 37000 đ/cp",21.6,
BWS,2026-10-02,28.5,1.18,0.52,-9.5,-13.6,-15.6,-4.9,-3.0,37.368,28.05,-23.7,1.6,-9.0,-12.5,26.2,3.73,746,UPCOM,Công ty cổ phần Cấp nước Bà Rịa - Vũng Tàu,,2868,11.2,2.84,3.6,2026Q2,-3.4,-5.3,-4.3,-1.7,6.6,-1.2,284.0,256.0,78.0,6.0,False,429.0,1110.0,0.01,15.0,,,42.1,0.6,49.0,"Điện, nước & xăng dầu khí đốt",0,,2026-06-29 Cổ tức bằng tiền: Trả cổ tức đợt 1/2026 (1000 đ/cp),,
C4G,2026-10-02,4.7,0.73,1.16,-16.1,-28.8,-31.9,-48.9,-47.8,9.4,4.6,-50.0,2.2,-13.3,-32.1,33.0,0.65,746,UPCOM,Công ty cổ phần Tập đoàn CIENCO4,,1673,21.3,0.42,0.0,2026Q2,73.3,-49.3,-2.1,-15.2,-18.9,-24.2,114.0,78.0,23.0,80.0,False,1672.0,4000.0,0.71,100.0,,,0.0,0.0,0.0,Xây dựng và Vật liệu,0,,,,
C69,2026-10-02,17.2,3.84,8.26,0.6,-12.2,8.2,34.4,115.0,21.0,10.4,-18.1,65.4,1.5,3.6,39.8,0.37,746,HNX,Công ty cổ phần Xây dựng 1369,,1063,28.7,1.52,0.0,2026Q2,-48.6,247.3,-7.1,-5.2,-5.1,-5.1,53.0,37.0,18.0,19.0,False,-166.0,878.0,0.57,-16.0,,,0.0,0.3,49.0,Xây dựng và Vật liệu,0,,2026-04-28 Chốt quyền ĐHCĐ: ĐHĐCĐ thường niên năm 2026 | 2026-04-28 Họp ĐHCĐ: ĐHĐCĐ thường niên năm 2026,,
CAP,2026-10-02,41.1,0.56,0.73,-4.9,-15.1,-4.2,2.0,-1.2,50.0,34.049,-17.8,20.7,-3.8,-2.2,23.1,0.46,746,HNX,Công ty Cổ phần Lâm nông sản thực phẩm Yên Bái,,628,7.3,2.57,7.1,2026Q2,48.9,26692.9,159.8,170.4,15.0,203.8,101.0,86.0,31.0,2.0,False,154.0,244.0,0.0,25.0,,,0.0,0.6,0.0,Tài nguyên Cơ bản,0,,2026-05-04 Cổ tức bằng tiền: Trả cổ tức năm 2025 (3100 đ/cp),,
CAR,2026-10-02,22.5,0.32,0.82,65.4,65.4,36.4,35.5,24.0,22.5,12.4,0.0,81.5,44.9,45.8,37.8,0.63,739,HNX,Công ty Cổ phần Tập đoàn Giáo dục Trí Việt,,125,51.0,2.14,0.0,2026Q2,962.1,-12088.8,-22.1,-2.5,-6.9,-4.5,3.0,2.0,3.0,79.0,False,-1.0,59.0,0.05,-1.0,,,0.0,0.0,50.0,Hàng & Dịch vụ Công nghiệp,0,,2026-09-21 CP không đủ điều kiện GD ký quỹ: Công ty niêm yết nhận được kết luận của cơ quan thuế về việc | 2026-09-15 CP không đủ điều kiện GD ký quỹ: Công ty niêm yết nhận được kết luận của cơ quan thuế về việc | 2026-05-28 Họp ĐHCĐ: ĐHĐCĐ bất thường năm 2026 | 2026-05-28 Chốt quyền ĐHCĐ: ĐHĐCĐ bất thường năm 2026,,
CDC,2026-10-02,20.5,3.6,3.57,3.0,3.5,34.2,17.5,173.7,23.5,14.42,-12.8,42.2,5.0,13.4,34.4,0.73,746,HOSE,Công ty Cổ phần Chương Dương,,2164,81.9,1.95,0.0,2026Q2,1375.6,-62.9,447.1,959.2,37.6,10.2,38.0,26.0,20.0,154.0,False,-106.0,1123.0,0.66,-5.0,,,0.0,0.4,49.0,Xây dựng và Vật liệu,0,,2026-08-17 Lấy ý kiến cổ đông : Phát hành trái phiếu chuyển đổi ra công chúng; Nội dung khác,,
CEO,2026-10-02,10.5,55.88,70.7,-19.2,-27.1,-33.3,-55.3,-26.5,31.393,10.0,-66.6,5.0,-12.0,-32.3,54.4,0.69,746,HNX,Công ty Cổ phần Tập Đoàn C.E.O,,6256,32.7,0.99,0.0,2026Q2,-15.6,83.5,36.8,7.2,-2.7,-4.8,271.0,191.0,47.0,28.0,False,-244.0,6586.0,0.23,-4.0,,,0.0,3.9,49.0,Bất động sản,0,,"2026-05-27 Cổ tức bằng cổ phiếu: Trả cổ tức năm 2025, tỷ lệ 100:5",,
CIG,2026-10-02,7.09,0.51,0.32,-0.6,1.0,13.4,-22.1,28.4,9.8,5.29,-27.7,34.0,-0.3,-1.6,38.2,1.22,746,HOSE,Công ty Cổ phần COMA18,,362,3.3,0.85,0.0,2026Q2,87.6,-101.9,55.7,52.3,-32.8,43.9,118.0,111.0,39.0,1.0,False,-17.0,428.0,0.05,-5.0,,,0.0,0.0,0.0,Xây dựng và Vật liệu,0,,2026-09-10 Nhắc nhở: chậm công bố thông tin giải trình,,
CII,2026-10-02,11.75,92.94,117.59,-20.1,-31.7,-34.7,-52.2,-7.7,31.35,11.75,-62.5,0.0,-13.8,-31.5,48.4,0.59,746,HOSE,Công ty Cổ phần Đầu tư Hạ tầng Kỹ thuật Thành phố Hồ Chí Minh ,,7884,71.7,0.81,4.0,2026Q2,-0.4,-33.7,-19.0,11.4,11.0,167.7,359.0,110.0,86.0,149.0,False,-11556.0,12956.0,1.89,-147.0,,,4.1,3.6,40.0,Xây dựng và Vật liệu,0,,,,
CKA,2026-10-02,49.0,1.08,0.62,-15.3,-8.9,-5.8,26.6,67.5,65.199,33.012,-24.8,48.4,-10.9,-1.6,32.4,2.58,746,UPCOM,Công ty cổ phần Cơ Khí An Giang,,161,3.3,1.53,15.4,,,,,,,,,,,,False,,,,,,,47.4,0.2,0.0,Hàng & Dịch vụ Công nghiệp,0,,2026-08-25 Cổ tức bằng tiền: Trả cổ tức năm 2025 (12000 đ/cp),,
CLI,2026-10-02,25.2,2.47,4.54,2.2,8.1,,,,29.661,22.156,-15.0,13.7,2.4,,44.2,0.73,105,UPCOM,Công ty cổ phần Tập đoàn CNCTech,,2771,15.7,1.45,0.0,2026Q2,,,,,,,,,111.0,33.0,False,-1979.0,2334.0,1.57,-71.0,,,0.0,12.0,50.0,Tài nguyên Cơ bản,0,,"2026-09-14 Phát hành thêm: Phát hành 18,320,000 cp cho CĐHH, giá 10000 đ/cp | 2026-05-05 Niêm yết UPCOM: Giá tham chiếu: 18.000 đ/cp",,
CMG,2026-10-02,21.1,3.06,3.79,-13.5,-22.6,-25.8,-41.4,-49.6,39.0,21.05,-45.9,0.2,-10.8,-26.2,27.4,0.64,746,HOSE,Công ty Cổ phần Tập đoàn Công nghệ CMC,,4914,12.5,1.47,0.0,2026Q2,-10.5,10.4,-0.4,13.9,13.6,9.6,598.0,394.0,121.0,36.0,False,1833.0,4193.0,0.91,37.0,,,0.0,36.3,50.0,Công nghệ Thông tin,0,,2026-06-11 Họp ĐHCĐ: ĐHĐCĐ thường niên năm 2026 | 2026-06-11 Chốt quyền ĐHCĐ: ĐHĐCĐ thường niên năm 2026,,
CQN,2026-10-02,29.6,1.41,1.22,-0.7,-3.9,-2.4,-1.8,15.0,35.167,27.998,-15.8,5.7,-1.2,-2.4,14.7,1.62,746,UPCOM,Công ty cổ phần Cảng Quảng Ninh,,2216,14.8,2.13,3.4,2026Q2,20.7,19.3,20.1,10.9,28.7,11.2,187.0,150.0,78.0,7.0,False,799.0,1039.0,0.0,36.0,,,0.0,0.0,0.0,Hàng & Dịch vụ Công nghiệp,0,,2026-06-11 Cổ tức bằng tiền: Trả cổ tức năm 2025 (1000 đ/cp),,
CRC,2026-10-02,5.0,1.24,2.14,-5.5,-17.4,-50.5,-48.5,-15.4,10.85,5.0,-53.9,0.0,-7.0,-34.2,32.9,0.25,746,HOSE,Công ty Cổ phần Create Capital Việt Nam,,533,9.8,0.43,0.0,2026Q2,-45.0,5.9,-22.6,14.2,10.2,21.1,61.0,54.0,10.0,2.0,False,-421.0,1242.0,0.42,-79.0,,,0.0,0.1,50.0,Xây dựng và Vật liệu,0,,2026-04-03 Họp ĐHCĐ: ĐHĐCĐ thường niên năm 2026 | 2026-04-03 Chốt quyền ĐHCĐ: ĐHĐCĐ thường niên năm 2026,,
CRE,2026-10-02,6.2,1.09,1.24,-10.1,-10.9,-18.4,-40.7,-11.2,10.7,6.05,-42.1,2.5,-7.6,-16.4,38.1,0.9,746,HOSE,Công ty Cổ phần Bất động sản Thế kỷ,,2875,56.2,0.5,0.0,2026Q2,-81.9,406.5,-46.2,-17.6,78.7,-23.7,75.0,51.0,9.0,19.0,False,-509.0,5963.0,0.14,-18.0,,,0.0,3.6,50.0,Bất động sản,0,,2026-04-07 Chốt quyền ĐHCĐ: ĐHĐCĐ thường niên năm 2026 | 2026-04-07 Họp ĐHCĐ: ĐHĐCĐ thường niên năm 2026,,
CSM,2026-10-02,12.85,0.96,3.36,-6.2,-5.9,4.5,-12.6,6.8,14.95,11.3,-14.0,13.7,-5.7,-0.3,28.3,0.32,746,HOSE,Công ty Cổ phần Công nghiệp Cao su Miền Nam,,1332,23.6,0.95,0.0,2026Q2,4.7,86.1,37.1,-6.5,5.9,-14.6,78.0,57.0,28.0,33.0,False,-1244.0,1408.0,1.36,-93.0,,,51.0,0.6,50.0,Ô tô và phụ tùng,0,,"2026-09-17 Nhắc nhở: chậm công bố thông tin thay đổi nội dung đăng ký doanh nghiệ | 2026-09-14 Họp ĐHCĐ: ĐHĐCĐ bất thường năm 2026 lần 1 | 2026-09-14 Chốt quyền ĐHCĐ: ĐHĐCĐ bất thường năm 2026 lần 1 | 2026-08-17 Nhắc nhở: Nhắc nhở chậm công bố thông tin Nghị quyết HĐQT miễn nhiệm, ",,
CSV,2026-10-02,20.05,3.98,6.52,-7.0,-13.2,-27.2,-35.6,-46.6,34.5,19.25,-41.9,4.2,-5.3,-21.6,35.5,0.66,746,HOSE,Công ty Cổ phần hóa chất cơ bản Miền Nam ,,2216,8.3,1.28,5.0,2026Q2,89.0,-19.3,41.5,8.1,30.8,11.1,360.0,267.0,171.0,9.0,False,1152.0,1794.0,0.14,52.0,,,65.0,0.9,50.0,Hóa chất,0,,2026-08-18 Nhắc nhở: Nhắc nhở chậm công bố thông tin Thông báo thay đổi nhân sự,,
CTD,2026-10-02,57.8,14.33,20.5,-8.0,-19.7,-24.1,-21.0,4.5,92.783,54.7,-37.7,5.7,-4.0,-19.0,38.5,0.41,746,HOSE,Công ty Cổ phần Xây dựng Coteccons,,6463,8.2,0.67,1.6,2026Q2,-13.2,142.6,19.6,84.8,27.5,72.7,1020.0,788.0,205.0,67.0,False,5767.0,9652.0,0.62,89.0,,,0.0,46.5,50.0,Xây dựng và Vật liệu,0,,2026-08-28 Chốt quyền ĐHCĐ: ĐHĐCĐ thường niên năm 2026 | 2026-08-28 Họp ĐHCĐ: ĐHĐCĐ thường niên năm 2026 | 2026-07-20 Lấy ý kiến cổ đông : V/v:Lấy ý kiến cổ đông các vấn đề thuộc thẩm quyền Đại hội đ | 2026-04-06 Cổ phiếu thưởng: Tỷ lệ 100:5,,
CTF,2026-10-02,18.35,5.44,6.08,-9.6,11.2,-1.3,-9.4,-33.0,21.4,16.05,-14.3,14.3,-6.9,-2.6,23.6,0.89,746,HOSE,Công Ty Cổ Phần Ô Tô Bình Triệu,,1755,154.8,1.75,2.7,2026Q2,291.1,62.3,127.6,-41.0,-16.9,-69.6,31.0,11.0,5.0,655.0,False,-1713.0,1089.0,2.06,-98.0,,,0.0,0.5,49.0,Ô tô và phụ tùng,0,,2026-07-29 Nhắc nhở: Nhắc nhở chậm công bố thông tin bằng tiếng Anh,,
CTG,2026-10-02,29.75,230.92,248.64,-6.9,-11.5,-10.6,-14.5,22.3,42.839,28.4,-30.6,4.8,-3.6,-12.3,27.9,0.97,746,HOSE,Ngân hàng Thương mại Cổ phần Công Thương Việt Nam,,231067,5.8,1.18,1.0,2026Q2,21.8,63.3,36.7,33.6,24.5,33.4,50392.0,40173.0,14729.0,,True,,,,,BUY,48.8,64.5,24.4,30.0,Ngân hàng,0,,2026-07-09 Cổ tức bằng tiền: Trả cổ tức năm 2025 (450 đ/cp),64.0,
CTI,2026-10-02,15.3,3.41,3.88,-10.0,-15.9,-25.4,-34.4,10.0,24.137,15.05,-36.6,1.7,-7.9,-20.2,27.7,0.8,746,HOSE,Công ty Cổ phần Đầu tư Phát triển Cường Thuận IDICO,,1060,6.7,0.63,0.0,2026Q2,49.9,10.0,28.5,39.7,16.3,38.6,206.0,157.0,58.0,0.0,False,-1934.0,1968.0,1.04,-182.0,,,0.0,0.2,49.0,Xây dựng và Vật liệu,0,,"2026-09-10 Lấy ý kiến cổ đông : V/v:null | 2026-09-08 Nhắc nhở: chậm công bố thông tin | 2026-08-06 Cổ tức bằng cổ phiếu: Trả cổ tức năm 2025, tỷ lệ 100:10",,
CTP,2026-10-02,7.6,0.88,0.76,13.4,-9.5,-6.2,-23.2,-78.9,12.2,4.8,-37.7,58.3,12.7,6.9,76.2,0.99,746,HNX,Công ty cổ phần Tập đoàn CTP Group,,92,11657.1,0.62,0.0,2026Q2,-55.6,-61.9,-57.6,-102.1,166.5,-113.6,0.0,0.0,0.0,0.0,False,-61.0,149.0,0.43,-66.0,,,0.0,0.3,49.0,Thực phẩm và đồ uống,0,,2026-05-20 Chốt quyền ĐHCĐ: ĐHĐCĐ thường niên năm 2026,,
CTR,2026-10-02,71.2,15.3,19.32,-7.5,-5.4,-4.4,-3.3,-34.4,99.124,65.5,-28.2,8.7,-3.4,-6.7,30.9,0.66,746,HOSE,Tổng công ty cổ phần công trình Viettel,,9121,13.9,4.41,2.7,2026Q2,17.6,22.5,19.8,15.7,33.2,16.1,812.0,655.0,213.0,22.0,False,4135.0,2242.0,1.31,45.0,O-PF,96.8,65.7,5.7,49.0,Xây dựng và Vật liệu,0,,"2026-06-15 Cổ tức bằng cổ phiếu: Trả cổ tức năm 2025, tỷ lệ 100:12 | 2026-06-15 Cổ tức bằng tiền: Trả cổ tức năm 2025 (1500 đ/cp) | 2026-05-26 Dự kiến cổ tức: Dự kiến trả cổ tức bằng cổ phiếu năm 2025, tỷ lệ 100: 12",36.0,
CTS,2026-10-02,19.9,23.69,41.76,-14.6,-29.4,-6.4,-35.5,-10.5,36.487,19.103,-45.5,4.2,-9.2,-14.4,41.9,0.71,746,HOSE,Công Ty Cổ Phần Chứng Khoán VietinBank,,5418,14.4,1.89,0.0,2026Q2,-91.4,-38.2,-71.2,-4.6,-32.0,-4.0,465.0,377.0,19.0,,False,6453.0,2866.0,2.9,119.0,,,75.6,0.4,49.0,Dịch vụ tài chính,0,,"2026-06-02 Cổ tức bằng cổ phiếu: Trả cổ tức năm 2025, tỷ lệ 100:28",,
D2D,2026-10-02,22.1,2.89,1.38,-5.7,-14.5,-26.9,-26.7,-14.9,31.997,21.235,-30.9,4.1,-5.7,-19.1,21.9,2.37,746,HOSE,Công ty Cổ phần Phát triển Đô thị Công nghiệp Số 2 ,,669,20.5,0.92,0.1,2026Q2,-98.7,-36.0,-96.3,-89.2,-86.7,-89.4,42.0,33.0,3.0,9.0,False,37.0,724.0,0.0,6.0,,,57.9,2.9,50.0,Bất động sản,0,,2026-09-15 Cổ tức bằng tiền: Trả cổ tức năm 2025 (5000 đ/cp) | 2026-07-15 Họp ĐHCĐ: ĐHĐCĐ bất thường năm 2026 | 2026-07-15 Chốt quyền ĐHCĐ: ĐHĐCĐ bất thường năm 2026,,
DBC,2026-10-02,15.4,17.57,27.8,-11.5,-16.8,-23.3,-35.1,-32.1,26.113,14.9,-41.0,3.4,-5.5,-22.8,28.8,0.67,746,HOSE,Công ty Cổ phần Tập đoàn Dabaco Việt Nam,,6638,5.7,0.78,1.7,2026Q2,-39.5,-25.1,-32.3,-23.6,12.8,-26.3,1277.0,1155.0,325.0,6.0,False,-2463.0,8521.0,0.85,-37.0,,,0.0,1.2,49.0,Thực phẩm và đồ uống,0,,"2026-05-22 Cổ tức bằng tiền: Trả cổ tức năm 2025 (300 đ/cp) | 2026-05-22 Cổ tức bằng cổ phiếu: Trả cổ tức năm 2025, tỷ lệ 100:12",,
DBD,2026-10-02,46.75,1.1,1.54,-3.1,-5.3,-4.1,-9.5,11.0,52.32,44.736,-10.6,4.5,-0.8,-3.3,16.8,0.7,746,HOSE,Công ty Cổ phần Dược - Trang thiết bị Y tế Bình Định (Bidiphar),,4417,15.2,2.85,4.2,2026Q2,1.1,-0.5,0.3,-4.2,0.5,-5.5,347.0,290.0,108.0,9.0,False,756.0,1737.0,0.15,17.0,,,13.2,16.7,100.0,Y tế,0,,2026-08-14 Cổ tức bằng tiền: Trả cổ tức năm 2025 (2000 đ/cp),,
DC4,2026-10-02,6.2,0.82,0.77,-9.0,-13.5,-24.6,-42.9,-26.1,11.0,6.1,-43.6,1.6,-5.8,-21.4,22.6,1.04,746,HOSE,Công ty Cổ phần Dicera Holdings,,670,3.3,0.5,0.0,2026Q2,33.8,19.5,26.8,46.9,-13.1,42.7,258.0,204.0,71.0,6.0,False,2.0,1356.0,0.07,0.0,,,0.0,0.8,50.0,Xây dựng và Vật liệu,0,,"2026-05-27 Cổ tức bằng cổ phiếu: Trả cổ tức năm 2025, tỷ lệ 100:10",,
DCL,2026-10-02,46.5,74.18,44.85,20.8,21.3,-18.0,67.3,80.2,62.8,26.0,-26.0,78.8,15.5,6.1,41.2,1.81,746,HOSE,Công ty Cổ phần Dược phẩm Cửu Long ,,3396,139.6,2.26,0.0,2026Q2,,-93.6,-70.0,-79.7,-8.1,-105.4,12.0,-2.0,8.0,155.0,False,242.0,1522.0,0.5,7.0,,,0.0,0.9,0.0,Y tế,0,,,,
DCM,2026-10-02,32.75,112.79,88.95,6.2,-2.0,-21.9,-3.0,-4.6,50.012,28.5,-34.5,14.9,2.7,-8.9,39.8,1.2,746,HOSE,Công ty Cổ phần Phân Bón Dầu khí Cà Mau,,17338,6.6,1.67,6.1,2026Q2,33.3,93.4,53.6,56.8,27.0,55.0,2927.0,2615.0,1184.0,9.0,False,8464.0,11495.0,0.31,49.0,BUY,35.8,75.6,5.9,49.0,Hóa chất,0,,2026-07-27 Chốt quyền ĐHCĐ: ĐHĐCĐ bất thường năm 2026 | 2026-07-27 Họp ĐHCĐ: ĐHĐCĐ bất thường năm 2026 | 2026-06-26 Cổ tức bằng tiền: Trả cổ tức năm 2025 (2000 đ/cp),9.3,
DDB,2026-10-02,8.9,0.51,0.27,-2.2,-9.2,-5.3,-9.2,,12.3,8.0,-27.6,11.3,-1.8,-5.2,54.5,1.42,424,UPCOM,CTCP Thương mại và Xây dựng Đông Dương,,106,78.2,0.7,0.0,2026Q2,138.4,-30.8,26.4,5.5,-71.3,-46.7,4.0,1.0,1.0,51.0,False,4.0,153.0,0.79,4.0,,,0.0,0.0,0.0,Xây dựng và Vật liệu,0,,,,
DDV,2026-10-02,15.8,5.65,5.89,-11.7,-29.1,-38.3,-47.0,0.4,34.573,15.6,-54.3,1.3,-11.2,-32.1,37.5,0.83,746,UPCOM,Công ty Cổ phần DAP - VINACHEM,,2322,3.8,1.06,5.7,2026Q2,-20.4,2.2,-10.4,71.4,31.5,71.6,758.0,605.0,152.0,12.0,False,2616.0,2199.0,0.18,113.0,,,64.0,2.8,0.0,Hóa chất,0,,2026-06-11 Cổ tức bằng tiền: Trả cổ tức năm 2025 (1700 đ/cp),,
DGC,2026-10-02,35.5,28.25,25.91,-0.4,-10.2,-24.2,-51.3,-60.4,81.799,29.716,-56.6,19.5,0.5,-21.6,47.4,0.6,746,HOSE,Công ty cổ phần Tập đoàn Hóa chất Đức Giang,,13482,6.3,1.06,8.5,2026Q2,-49.4,-49.1,-49.3,-28.4,-20.4,-31.5,2600.0,2128.0,499.0,37.0,False,22226.0,16233.0,0.12,165.0,O-PF,52.1,0.0,2.9,49.0,Hóa chất,0,,2026-09-08 Cổ tức bằng tiền: Trả cổ tức đợt 1/2026 (3000 đ/cp) | 2026-09-08 Cổ tức bằng tiền: Trả cổ tức đợt 2/2025 (5000 đ/cp) | 2026-06-24 Cảnh báo: Tổ chức kiểm toán có ý kiến kiểm toán ngoại trừ đối với báo  | 2026-06-22 Họp ĐHCĐ: ĐHĐCĐ thường niên năm 2026,46.8,
DGW,2026-10-02,44.601,90.58,61.08,8.1,13.3,6.4,14.3,1.8,55.29,30.761,-19.3,45.0,9.5,7.8,41.0,1.64,746,HOSE,Công ty Cổ phần Thế giới Số,,10085,12.1,2.71,2.2,2026Q2,195.1,87.3,140.1,73.3,40.2,72.7,1050.0,835.0,388.0,25.0,False,-633.0,3759.0,0.86,-6.0,O-PF,45.4,0.0,27.7,49.0,Bán lẻ,0,,2026-09-21 Cổ tức bằng tiền: Trả cổ tức đợt 1/2026 (1000 đ/cp) | 2026-08-04 Lấy ý kiến cổ đông : V/v:Thông qua kế hoạch chi trả cổ tức năm 2026 bằng tiền mặt | 2026-04-23 Cổ tức bằng tiền: Trả cổ tức năm 2025 (1000 đ/cp),1.8,
DHA,2026-10-02,55.0,1.07,1.4,9.3,11.3,28.1,18.7,52.0,65.79,41.272,-16.4,33.3,8.2,8.9,29.9,0.61,746,HOSE,Công ty Cổ phần Hoá An,,810,7.6,1.67,2.9,2026Q2,-12.9,14.1,-1.7,33.2,13.2,31.9,132.0,106.0,35.0,4.0,False,459.0,530.0,0.0,57.0,,,22.6,13.6,0.0,Xây dựng và Vật liệu,0,,2026-06-29 Cổ tức bằng tiền: Trả cổ tức năm 2025 (3000 đ/cp),,
DHB,2026-10-02,11.9,0.84,1.19,10.2,14.4,-0.8,35.2,33.7,16.9,7.2,-29.6,65.3,-0.3,11.0,63.9,1.11,746,UPCOM,Công ty Cổ phần Phân đạm và Hóa chất Hà Bắc,,3271,4.1,2.2,0.0,2026Q2,1761.4,1720.9,1750.4,522.5,54.3,392.4,1019.0,806.0,782.0,2.0,False,-464.0,1484.0,0.79,-14.0,,,97.7,0.0,0.0,Hóa chất,0,,2026-09-09 Họp ĐHCĐ: ĐHĐCĐ bất thường năm 2026 | 2026-09-09 Chốt quyền ĐHCĐ: ĐHĐCĐ bất thường năm 2026,,
DHC,2026-10-02,38.002,16.12,13.37,5.7,16.4,27.5,31.1,50.2,38.976,26.225,-2.5,44.9,9.9,19.5,29.8,1.44,746,HOSE,Công ty Cổ phần Đông Hải Bến Tre ,,4144,7.5,1.65,2.3,2026Q2,129.1,93.4,112.0,101.0,18.0,93.0,664.0,550.0,221.0,11.0,False,1286.0,2514.0,0.43,31.0,BUY,45.8,0.0,35.0,50.0,Tài nguyên Cơ bản,0,,"2026-09-15 Chốt quyền ĐHCĐ: ĐHĐCĐ bất thường năm 2026 | 2026-09-15 Cổ tức bằng tiền: Trả cổ tức đợt 2/2026 (1000 đ/cp) | 2026-05-29 Cổ tức bằng tiền: Trả cổ tức đợt 1/2026 (1000 đ/cp) | 2026-05-28 Cổ tức bằng cổ phiếu: Trả cổ tức năm 2025, tỷ lệ 100:10",20.5,
DHG,2026-10-02,89.4,0.6,0.71,-1.3,0.8,-1.5,-2.5,1.9,99.118,85.189,-9.8,4.9,-0.1,-1.3,11.3,0.66,746,HOSE,Công ty Cổ phần Dược Hậu Giang,,11689,12.1,3.42,5.6,2026Q2,31.5,18.5,24.8,11.9,7.7,11.5,1127.0,964.0,358.0,8.0,False,3348.0,3419.0,0.0,29.0,,,43.3,54.0,100.0,Y tế,0,,2026-08-20 Cổ tức bằng tiền: Trả cổ tức đợt 2/2025 (5000 đ/cp) | 2026-05-04 Cổ tức bằng tiền: Trả cổ tức đợt 1/2025 (5000 đ/cp),,
DIG,2026-10-02,9.25,34.17,70.04,-14.0,-20.0,-30.7,-52.3,-49.4,23.679,8.821,-60.9,4.9,-8.0,-27.8,41.7,0.51,746,HOSE,Tổng công ty Đầu tư phát triển Xây dựng,,7809,10.2,0.78,0.0,2026Q2,98.2,,263.4,538.6,73.4,460.8,947.0,767.0,149.0,139.0,False,7612.0,10173.0,0.13,97.0,,,0.0,2.4,49.0,Bất động sản,0,,"2026-09-04 Dự kiến cổ tức: Dự kiến trả cổ tức bằng cổ phiếu năm 2025, tỷ lệ 100: 6 | 2026-08-21 Cổ tức bằng cổ phiếu: Trả cổ tức năm 2025, tỷ lệ 100:6",,
DL1,2026-10-02,4.0,0.65,0.72,-9.1,-20.0,-9.1,-29.6,-34.8,6.492,3.9,-38.4,2.6,-7.0,-17.3,42.7,0.58,746,HNX,Công ty cổ phần tập đoàn Alpha Seven,,722,73.1,0.38,0.0,2026Q2,-132.7,80.8,33.8,325.1,0.2,,64.0,10.0,-3.0,64.0,False,5.0,2012.0,0.43,1.0,,,0.0,0.3,49.0,Hàng & Dịch vụ Công nghiệp,0,,2026-04-14 Họp ĐHCĐ: ĐHĐCĐ thường niên năm 2026 | 2026-04-14 Chốt quyền ĐHCĐ: ĐHĐCĐ thường niên năm 2026,,
DLG,2026-10-02,1.99,1.0,1.2,-11.2,-22.3,-30.9,-30.2,2.6,3.79,1.97,-47.5,1.0,-8.1,-23.7,41.1,0.63,746,HOSE,Công ty Cổ phần Tập đoàn Đức Long Gia Lai,,596,1.4,0.56,0.0,2026Q2,70.2,58.3,63.5,86.2,-38.1,104.3,477.0,421.0,57.0,62.0,False,2889.0,1105.0,1.66,485.0,,,0.0,5.9,49.0,Xây dựng và Vật liệu,0,,,,
DMX,2026-10-02,77.0,28.25,38.75,-3.6,,,,,86.505,69.3,-11.0,11.1,,,30.1,0.77,39,HOSE,Công ty cổ phần Đầu tư Điện Máy Xanh,,97615,,5.54,,2026Q2,97.5,49.5,72.3,,27.4,,,,3318.0,18.0,False,50080.0,22677.0,0.99,51.0,BUY,130.6,0.0,9.0,49.0,Bán lẻ,0,,2026-09-16 Chốt quyền ĐHCĐ: ĐHĐCĐ bất thường năm 2026 | 2026-09-16 Họp ĐHCĐ: ĐHĐCĐ bất thường năm 2026 | 2026-08-10 Cổ tức bằng tiền: Trả cổ tức năm 2025 (4000 đ/cp) | 2026-08-10 CP không đủ điều kiện GD ký quỹ: Thời gian niêm yết dưới 06 tháng.,69.6,
DPG,2026-10-02,25.9,8.06,10.56,-12.6,-27.2,-36.3,-41.2,-24.3,49.644,25.5,-47.8,1.6,-9.2,-30.7,36.2,0.64,746,HOSE,Công ty Cổ phần Tập đoàn Đạt Phương,,3071,8.1,1.04,1.9,2026Q2,30.4,1.6,16.4,32.5,41.1,49.7,522.0,380.0,145.0,5.0,False,-3021.0,3670.0,1.31,-98.0,BUY,48.9,0.0,18.4,49.0,Xây dựng và Vật liệu,0,,2026-06-02 Cổ tức bằng tiền: Trả cổ tức năm 2025 (600 đ/cp),88.8,
DPM,2026-10-02,21.85,80.79,74.42,-0.7,2.1,-19.0,-2.2,18.3,33.52,20.177,-34.8,8.3,-1.6,-7.5,36.0,1.07,746,HOSE,Tổng Công ty Cổ phần Phân bón và Hóa chất dầu khí,,14856,8.4,1.44,4.0,2026Q2,122.4,103.6,116.1,163.6,33.8,172.4,2229.0,1773.0,1116.0,17.0,False,15220.0,11533.0,0.28,102.0,O-PF,23.9,59.6,3.4,50.0,Hóa chất,0,,2026-07-22 Cổ tức bằng tiền: Trả cổ tức năm 2025 (1500 đ/cp) | 2026-07-17 Dự kiến cổ tức: Dự kiến trả cổ tức năm 2025 (1500 đ/cp),9.4,
DPR,2026-10-02,38.15,14.93,9.58,2.6,-1.5,-6.3,2.6,-5.5,48.5,33.6,-21.3,13.5,3.2,-3.4,31.4,1.12,746,HOSE,Công ty Cổ phần Cao su Đồng Phú,,3315,9.3,1.22,5.2,2026Q2,60.4,57.4,58.7,40.6,63.3,40.4,527.0,358.0,126.0,24.0,False,4324.0,3548.0,0.0,130.0,,,55.2,2.6,50.0,Hóa chất,0,,2026-09-25 Họp ĐHCĐ: ĐHĐCĐ bất thường năm 2026 | 2026-09-25 Chốt quyền ĐHCĐ: ĐHĐCĐ bất thường năm 2026 | 2026-05-08 Chốt quyền ĐHCĐ: ĐHĐCĐ thường niên năm 2026 | 2026-05-08 Họp ĐHCĐ: ĐHĐCĐ thường niên năm 2026,,
DRC,2026-10-02,9.74,1.41,1.66,-6.3,-17.8,-23.8,-37.4,-55.8,15.946,9.67,-38.9,0.7,-4.7,-21.5,21.2,0.75,746,HOSE,Công ty Cổ phần Cao Su Đà Nẵng,,1504,12.0,0.79,9.8,2026Q2,7.1,61.7,19.5,-12.2,-8.9,-14.7,159.0,125.0,40.0,14.0,False,-814.0,1907.0,0.49,-54.0,,,50.5,1.2,0.0,Ô tô và phụ tùng,0,,2026-05-19 Cổ tức bằng tiền: Trả cổ tức năm 2025 (500 đ/cp) | 2026-05-12 Dự kiến cổ tức: Dự kiến trả cổ tức năm 2025 (500 đ/cp),,
DRI,2026-10-02,16.2,19.35,10.37,23.3,30.7,39.1,51.1,47.6,16.7,9.04,-3.0,79.2,22.5,28.3,40.0,1.89,746,UPCOM,Công ty Cổ phần Đầu tư cao su Đắk Lắk,,1178,5.3,1.62,3.9,2026Q2,205.0,46.9,91.1,41.1,61.4,42.0,275.0,222.0,79.0,12.0,False,568.0,806.0,0.12,48.0,,,66.6,2.5,50.0,Hóa chất,0,,2026-09-10 Lấy ý kiến cổ đông : V/v:Thông qua một số vấn đề thuộc thẩm quyền của Đại hội đồn | 2026-09-10 Cổ tức bằng tiền: Trả cổ tức năm 2025 (1000 đ/cp) | 2026-04-22 Họp ĐHCĐ: ĐHĐCĐ thường niên năm 2026 | 2026-04-22 Chốt quyền ĐHCĐ: ĐHĐCĐ thường niên năm 2026,,
DSE,2026-10-02,21.75,10.52,12.14,-5.8,-5.8,-5.4,-15.8,-4.3,28.197,20.45,-22.9,6.4,-2.3,-5.3,29.6,1.01,563,HOSE,Công ty cổ phần Chứng khoán DNSE,,9314,38.7,1.71,2.6,2026Q2,7.0,-78.7,-29.1,15.6,59.0,17.3,294.0,239.0,97.0,,False,9706.0,5440.0,1.51,104.0,,,0.0,10.3,100.0,Dịch vụ tài chính,0,,2026-08-19 Lấy ý kiến cổ đông : V/v:Đăng ký trở thành thành viên bù trừ chung tại Tổng công ,,
DSH,2026-10-02,11.7,1.02,1.15,-7.1,-19.3,-14.6,4.9,,20.4,10.1,-42.6,15.8,-7.1,-14.2,58.3,0.56,361,UPCOM,Công ty Cổ phần Đông Sơn Holdings,,408,2.4,0.55,0.1,2026Q2,,,,,,,,,57.0,1.0,False,-1099.0,1233.0,1.13,-269.0,,,4.3,0.0,0.0,Xây dựng và Vật liệu,0,,"2026-08-20 Lấy ý kiến cổ đông : V/v:Các vấn đề thuộc thẩm quyền của Đại hội đồng cổ đông the | 2026-07-31 Lấy ý kiến cổ đông : V/v:Lấy ý kiến cổ đông về việc sửa đổi, bổ sung Điều lệ Công | 2026-07-21 Lấy ý kiến cổ đông : V/v:Các nội dung thuộc thẩm quyền của Đại hội đồng cổ đông, ",,
DST,2026-10-02,7.0,1.16,1.38,-16.7,-46.2,-12.5,-22.2,112.1,14.5,3.9,-51.7,79.5,-12.1,-20.9,76.2,0.69,746,HNX,Công ty Cổ phần Đầu tư Sao Thăng Long,,226,81.3,0.56,0.0,2026Q2,42.7,2894.7,48.7,62.1,,87.6,3.0,3.0,2.0,142.0,False,72.0,402.0,0.0,32.0,,,0.0,0.0,0.0,Truyền thông,0,,2026-06-05 Chốt quyền ĐHCĐ: ĐHĐCĐ bất thường năm 2026,,
DTD,2026-10-02,10.0,1.1,1.46,-11.5,-27.0,-34.1,-47.2,-48.3,20.629,9.9,-51.5,1.0,-11.5,-25.9,33.4,0.71,746,HNX,Công ty Cổ phần Đầu tư Phát triển Thành Đạt,,734,11.5,0.54,0.0,2026Q2,-78.5,-91.1,-83.5,-52.5,-69.1,-71.6,198.0,64.0,41.0,33.0,False,1147.0,1641.0,0.03,156.0,,,0.0,0.4,49.0,Bất động sản,0,,"2026-06-01 Cổ tức bằng tiền: Trả cổ tức năm 2025 (500 đ/cp) | 2026-05-27 Cổ tức bằng cổ phiếu: Trả cổ tức năm 2025, tỷ lệ 100:10",,
DVM,2026-10-02,3.4,0.7,0.46,-30.6,-47.7,-50.7,-53.4,-61.2,8.7,3.3,-60.9,3.0,-29.6,-44.3,40.3,1.13,746,HNX,Công ty Cổ phần dược liệu Việt Nam,,160,8.5,0.21,0.0,2026Q2,-93.4,-97.8,-95.9,-61.8,-91.4,-63.6,23.0,19.0,1.0,11.0,False,-459.0,777.0,0.62,-287.0,,,0.0,0.0,0.0,Y tế,0,,2026-10-02 Lấy ý kiến cổ đông : V/v:Bầu bổ sung Thành viên độc lập Hội đồng quản trị nhiệm k | 2026-09-21 Kiểm soát (Không hạn chế GD): Tổ chức niêm yết chậm nộp báo cáo tài chính bán niên năm 202 | 2026-09-10 Cảnh báo: Tổ chức niêm yết chậm nộp báo cáo tài chính bán niên năm 202 | 2026-08-27 CP không đủ điều kiện GD ký quỹ: Tổ chức niêm yết chậm công bố thông tin Báo cáo tài chính bá,,
DVP,2026-10-02,74.9,1.09,0.95,1.5,9.5,17.3,16.8,23.3,76.8,58.975,-2.5,27.0,1.3,11.2,14.4,1.14,746,HOSE,Công ty Cổ phần Đầu tư và Phát triển cảng Đình Vũ,,2996,8.2,2.37,8.0,2026Q2,42.3,-3.7,19.8,13.7,9.1,13.2,438.0,364.0,120.0,19.0,False,2118.0,1265.0,0.0,71.0,,,51.0,10.3,49.0,Hàng & Dịch vụ Công nghiệp,0,,2026-08-25 Cổ tức bằng tiền: Trả cổ tức đợt 2/2025 (3000 đ/cp) | 2026-06-26 Họp ĐHCĐ: ĐHĐCĐ bất thường năm 2026 | 2026-06-26 Chốt quyền ĐHCĐ: ĐHĐCĐ bất thường năm 2026 | 2026-05-12 Cổ tức bằng tiền: Trả cổ tức đợt 1/2025 (5000 đ/cp),,
DXG,2026-10-02,9.99,96.82,113.89,-17.4,-17.8,-20.9,-43.3,-12.7,20.614,9.76,-51.5,2.4,-8.3,-21.2,41.9,0.79,746,HOSE,Công ty Cổ phần Bluemarq Group,,12668,65.9,0.89,0.0,2026Q2,-80.4,59.0,-29.5,-30.0,29.0,-40.2,599.0,192.0,53.0,41.0,False,3179.0,21113.0,0.24,25.0,BUY,14.6,0.0,15.5,50.0,Bất động sản,0,,2026-05-13 Cổ phiếu thưởng: Tỷ lệ 100:14,46.1,
DXP,2026-10-02,14.0,2.69,2.96,-2.8,3.7,7.7,26.1,23.9,16.0,9.8,-12.5,42.9,1.2,7.7,35.9,0.78,746,HNX,Công ty Cổ phần Cảng Đoạn Xá,,839,4.4,0.79,3.7,2026Q2,125.0,187.8,148.7,141.6,130.8,142.7,239.0,192.0,81.0,15.0,False,413.0,1073.0,0.52,49.0,,,0.0,1.2,49.0,Hàng & Dịch vụ Công nghiệp,0,,2026-04-21 Chốt quyền ĐHCĐ: ĐHĐCĐ thường niên năm 2026 | 2026-04-21 Họp ĐHCĐ: ĐHĐCĐ thường niên năm 2026,,
DXS,2026-10-02,4.88,8.5,10.93,-19.6,-31.6,-34.7,-58.8,-16.3,12.75,4.88,-61.7,0.0,-14.8,-31.2,43.9,0.72,746,HOSE,Công ty Cổ phần Dịch vụ Bất động sản Đất Xanh,,2826,12.1,0.44,0.0,2026Q2,-111.1,472.1,-34.9,-20.0,38.2,-29.0,487.0,233.0,-42.0,5.0,False,-1956.0,9062.0,0.32,-69.0,M-PF,6.6,0.0,5.5,50.0,Bất động sản,0,,,35.2,
EIB,2026-10-02,16.5,70.83,89.98,-4.6,-20.1,-25.5,-35.7,-14.1,27.4,15.8,-39.8,4.4,-3.7,-19.7,35.1,0.68,746,HOSE,Ngân hàng Thương mại Cổ phần Xuất nhập khẩu Việt Nam,,30735,62.5,1.16,0.0,2026Q2,-48.2,-59.3,-54.4,-83.3,-11.3,-85.2,702.0,492.0,340.0,,True,,,,,,,4.2,1.0,30.0,Ngân hàng,0,,2026-08-20 Họp ĐHCĐ: ĐHĐCĐ bất thường năm 2026 lần 2 | 2026-08-20 Chốt quyền ĐHCĐ: ĐHĐCĐ bất thường năm 2026 lần 2 | 2026-05-29 Họp ĐHCĐ: ĐHĐCĐ bất thường năm 2026 | 2026-05-29 Chốt quyền ĐHCĐ: ĐHĐCĐ bất thường năm 2026,,
ELC,2026-10-02,12.25,5.64,5.06,-11.1,-23.6,-27.8,-39.4,-37.6,25.047,11.65,-51.1,5.2,-11.3,-28.0,33.5,1.15,746,HOSE,Công ty Cổ phần Công nghệ - viễn thông ELCOM,,1443,10.4,1.07,0.0,2026Q2,111.0,-11.1,86.6,38.8,66.0,34.0,169.0,139.0,33.0,60.0,False,66.0,1559.0,0.23,5.0,,,0.0,3.3,49.0,Công nghệ Thông tin,0,,"2026-08-19 Cổ tức bằng cổ phiếu: Trả cổ tức năm 2025, tỷ lệ 100:5 | 2026-08-19 Cổ phiếu thưởng: Tỷ lệ 100:2",,
EVF,2026-10-02,11.45,17.08,18.6,-7.7,-13.3,-13.9,-16.7,3.1,15.25,10.6,-24.9,8.0,-5.3,-9.6,34.7,0.49,746,HOSE,Công ty Tài chính Tổng hợp Cổ phần Điện lực,,8708,9.0,0.84,0.0,2026Q2,26.1,8.1,16.9,21.6,10.7,21.9,1205.0,968.0,369.0,,True,,,,,,,0.0,0.3,50.0,Dịch vụ tài chính,0,,2026-06-25 Chốt quyền ĐHCĐ: ĐHĐCĐ bất thường năm 2026 | 2026-06-25 Họp ĐHCĐ: ĐHĐCĐ bất thường năm 2026,,
EVG,2026-10-02,3.81,1.61,2.33,-12.0,-27.4,-36.7,-56.4,-41.6,9.762,3.8,-61.0,0.3,-10.1,-35.2,36.6,0.84,746,HOSE,Công ty cổ phần Tập đoàn Everland,,861,9.1,0.36,0.0,2026Q2,100.5,116.7,108.8,308.2,66.8,275.2,155.0,94.0,28.0,33.0,False,-89.0,2954.0,0.5,-10.0,,,0.0,0.3,49.0,Xây dựng và Vật liệu,0,,"2026-08-11 Nhắc nhở: chậm báo cáo | 2026-06-11 Cổ tức bằng cổ phiếu: Trả cổ tức năm 2025, tỷ lệ 100:5 | 2026-05-04 Dự kiến cổ tức: Dự kiến trả cổ tức bằng cổ phiếu năm 2025, tỷ lệ 100: 5",,
EVS,2026-10-02,5.3,1.17,1.65,-3.6,-8.6,3.9,-25.4,-22.1,7.5,4.4,-29.3,20.5,-2.1,-0.3,44.0,0.98,746,HNX,Công Ty Cổ Phần Chứng Khoán EVS – Chi Nhánh Nguyễn Trãi,,873,17.6,0.43,0.0,2026Q2,,-1201.4,440.2,,145.9,,58.0,50.0,246.0,,False,1423.0,2019.0,0.13,163.0,,,3.2,0.7,100.0,Dịch vụ tài chính,0,,2026-09-07 Chốt quyền ĐHCĐ: ĐHĐCĐ bất thường năm 2026,,
F88,2026-10-02,49.6,7.09,10.5,-25.7,-37.2,-24.4,21.7,,157.1,39.45,-68.4,25.7,-22.1,-30.6,61.0,0.83,286,UPCOM,Công ty cổ phần Đầu tư F88,,11454,11.3,3.83,0.0,2026Q2,,,,,,,1272.0,1009.0,383.0,70.0,False,6818.0,2994.0,1.27,60.0,BUY,98.0,0.0,57.5,100.0,Dịch vụ tài chính,0,,2026-08-18 Lấy ý kiến cổ đông : V/v:Miễn nhiệm chức danh Thành viên Hội đồng quản trị đối vớ | 2026-06-03 Cổ phiếu thưởng: Tỷ lệ 100:100,97.6,
FCN,2026-10-02,10.3,7.34,5.52,-10.0,-12.7,-20.2,-38.6,-20.6,17.559,9.96,-41.3,3.4,-6.4,-18.6,31.6,1.25,746,HOSE,Công ty Cổ phần FECON,,1622,21.0,0.63,3.9,2026Q2,108.1,1245.1,274.7,177.3,49.7,283.1,223.0,77.0,51.0,16.0,False,-3666.0,3387.0,1.26,-226.0,,,0.0,30.8,50.0,Xây dựng và Vật liệu,0,,2026-08-14 Nhắc nhở: chậm công bố thông tin Thông báo thay đổi nhân sự,,
FIR,2026-10-02,2.5,0.41,0.93,-36.9,-50.9,-51.0,-67.9,-56.1,8.4,2.42,-70.2,3.3,-34.1,-53.6,36.4,0.56,746,HOSE,Công ty Cổ phần Địa ốc First Real,,177,467.8,0.24,0.0,2026Q2,-91.3,-83.6,-87.6,-145.7,-30.1,-267.5,-7.0,-13.0,2.0,3.0,False,-132.0,747.0,0.18,-75.0,,,0.0,0.1,50.0,Bất động sản,0,,,,
FIT,2026-10-02,3.0,1.14,0.88,-2.6,-21.3,-29.1,-37.4,-31.2,6.01,2.8,-50.1,7.1,-0.9,-24.5,28.8,1.2,746,HOSE,CTCP Tập đoàn F.I.T,,1020,81.5,0.26,0.0,2026Q2,-75.4,-97.3,-88.6,-86.4,-8.0,-78.5,24.0,13.0,9.0,822.0,False,2486.0,6031.0,0.43,244.0,,,0.0,0.0,0.0,Y tế,0,,,,
FOC,2026-10-02,61.3,0.79,1.67,1.0,-5.8,4.0,10.3,-4.7,68.398,52.727,-10.4,16.3,-0.5,3.5,19.2,0.58,746,UPCOM,Công ty cổ phần Dịch vụ Trực tuyến FPT,,1120,6.5,1.68,0.0,2026Q2,5.2,69.7,24.2,17.0,5.7,17.6,216.0,172.0,59.0,25.0,False,1582.0,849.0,0.0,141.0,,,0.0,1.9,49.0,Truyền thông,0,,2026-07-29 Cổ tức bằng tiền: Trả cổ tức năm 2025 (10000 đ/cp) | 2026-05-19 Họp ĐHCĐ: ĐHĐCĐ thường niên năm 2026 | 2026-05-19 Chốt quyền ĐHCĐ: ĐHĐCĐ thường niên năm 2026,,
FOX,2026-10-02,59.9,3.68,4.35,-8.0,-19.6,-26.5,-6.4,8.2,109.9,54.5,-45.5,9.9,-5.0,-19.0,45.4,0.46,746,UPCOM,Công ty Cổ phần Viễn thông FPT,,44117,12.1,3.45,0.0,2026Q2,12.2,16.4,14.1,18.8,15.1,18.9,4660.0,3647.0,1267.0,23.0,False,20249.0,13142.0,0.85,46.0,,,50.2,0.0,0.0,Viễn thông,0,,2026-04-17 Dự kiến cổ tức: Dự kiến trả cổ tức năm 2025 (2000 đ/cp),,
FPT,2026-10-02,62.1,374.5,406.66,-6.7,-5.5,-6.4,-24.0,-39.6,97.475,55.91,-36.3,11.1,-2.8,-13.1,32.0,0.71,746,HOSE,Công ty Cổ phần FPT,,117104,11.7,2.94,2.9,2026Q2,-7.3,-7.3,-7.3,4.6,-19.6,16.1,12592.0,9999.0,2910.0,17.0,False,30686.0,40996.0,0.45,26.0,BUY,90.3,5.6,28.4,49.0,Công nghệ Thông tin,0,,2026-09-10 Cổ phiếu thưởng: Tỷ lệ 100:10 | 2026-05-19 Cổ tức bằng tiền: Trả cổ tức đợt 2/2025 (1000 đ/cp),45.4,
FRT,2026-10-02,142.9,81.21,69.74,-2.1,18.7,-1.3,21.0,6.0,172.384,100.2,-17.1,42.6,5.7,4.4,38.0,1.33,746,HOSE,Công ty cổ phần Bán lẻ Kỹ thuật số FPT,,25553,22.5,5.32,0.0,2026Q2,174.1,73.1,116.6,110.3,33.3,111.1,1778.0,1137.0,566.0,30.0,False,5104.0,5964.0,2.19,20.0,BUY,181.4,0.0,33.3,49.0,Bán lẻ,0,,"2026-06-11 Cổ tức bằng cổ phiếu: Trả cổ tức năm 2025, tỷ lệ 100:5 | 2026-05-27 Dự kiến cổ tức: Dự kiến trả cổ tức bằng cổ phiếu năm 2025, tỷ lệ 100: 5",26.9,
FTS,2026-10-02,18.5,12.59,22.44,-18.7,-33.9,-24.7,-40.1,-48.9,33.402,18.5,-44.6,0.0,-13.3,-26.2,39.0,0.6,746,HOSE,Công ty Cổ phần Chứng khoán FPT,,7051,16.7,1.59,2.5,2026Q2,24.7,6.6,12.5,0.5,24.8,-7.2,543.0,421.0,106.0,,False,4321.0,4434.0,2.24,61.0,,,0.0,24.6,100.0,Dịch vụ tài chính,0,,2026-08-05 Lấy ý kiến cổ đông : V/v:Thông qua việc Công ty cổ phần Chứng khoán FPT thực hiện | 2026-05-12 Cổ phiếu thưởng: Tỷ lệ 100:10 | 2026-05-12 Cổ tức bằng tiền: Trả cổ tức năm 2025 (500 đ/cp),,
GAS,2026-10-02,78.8,134.34,119.81,-3.7,7.7,1.7,34.5,18.2,127.792,54.421,-38.3,44.8,1.2,-4.6,49.6,0.98,746,HOSE,Tổng Công ty Khí Việt Nam - CTCP,,190140,15.0,2.77,2.6,2026Q2,24.6,9.5,19.1,6.5,45.8,5.3,16157.0,12715.0,7453.0,7.0,False,76928.0,70286.0,0.04,40.0,BUY,90.0,95.8,2.1,49.0,"Điện, nước & xăng dầu khí đốt",0,,2026-09-10 Cổ tức bằng tiền: Trả cổ tức năm 2025 (2500 đ/cp) | 2026-07-27 Họp ĐHCĐ: ĐHĐCĐ bất thường năm 2026 | 2026-07-27 Chốt quyền ĐHCĐ: ĐHĐCĐ bất thường năm 2026,14.2,
GEE,2026-10-02,68.5,114.98,99.64,6.6,-21.7,-37.5,-0.3,390.3,136.634,56.55,-49.9,21.1,3.0,-26.5,65.2,1.23,728,HOSE,Công ty cổ phần Điện lực Gelex,,43874,12.3,5.67,5.3,2026Q2,31.6,24.2,28.2,73.8,41.0,82.5,4637.0,3567.0,950.0,11.0,False,1478.0,8447.0,1.0,3.0,,,0.0,1.1,50.0,Hàng & Dịch vụ Công nghiệp,0,,2026-09-15 Lấy ý kiến cổ đông : V/v:Miễn nhiệm chức danh thành viên HĐQT đối với ông Đặng Ph | 2026-09-08 Cổ tức bằng tiền: Trả cổ tức đợt 2/2026 (500 đ/cp) | 2026-05-28 Cổ tức bằng tiền: Trả cổ tức đợt 1/2026 (500 đ/cp) | 2026-04-23 Cổ phiếu thưởng: Tỷ lệ 100:75,,
GEG,2026-10-02,11.8,1.69,2.36,-7.1,-13.9,-21.8,-23.0,6.4,16.619,11.7,-29.0,0.9,-4.0,-13.2,27.9,0.4,746,HOSE,Công ty Cổ phần Điện Gia Lai,,5106,12.8,0.99,0.8,2026Q2,-89.9,-52.7,-61.4,-39.2,-22.4,-27.1,494.0,399.0,19.0,3.0,False,-7496.0,6751.0,1.24,-147.0,,,0.0,44.9,50.0,"Điện, nước & xăng dầu khí đốt",0,,"2026-05-28 Cổ tức bằng cổ phiếu: Trả cổ tức năm 2025, tỷ lệ 100:5",,
GEL,2026-10-02,27.9,50.73,60.21,-4.3,-10.3,-20.2,,,42.6,22.25,-34.5,25.4,-0.9,,47.7,0.68,160,HOSE,Công ty Cổ phần Hạ tầng GELEX,,24831,137.3,1.97,0.0,2026Q2,22.9,-63.4,-0.7,,28.2,,2020.0,181.0,1063.0,44.0,False,-11532.0,22538.0,1.05,-46.0,,,0.0,3.8,50.0,Xây dựng và Vật liệu,0,,,,
GEX,2026-10-02,22.9,198.14,262.81,-13.4,-25.0,-5.9,-38.7,68.2,45.313,19.7,-49.5,16.2,-5.2,-15.6,55.5,0.71,746,HOSE,Công ty Cổ phần Tập đoàn Gelex,,29964,21.8,1.51,2.4,2026Q2,17.1,24.9,19.4,25.1,39.7,-12.2,5046.0,1373.0,1809.0,26.0,False,-12253.0,34468.0,1.02,-41.0,BUY,40.5,0.0,6.6,50.0,Hàng & Dịch vụ Công nghiệp,0,,"2026-04-24 Cổ tức bằng cổ phiếu: Trả cổ tức năm 2025, tỷ lệ 100:25 | 2026-04-24 Cổ phiếu thưởng: Tỷ lệ 100:20",76.9,
GIL,2026-10-02,7.96,1.33,2.09,0.8,-31.1,-40.4,-52.3,-61.7,17.15,6.41,-53.6,24.2,2.8,-32.2,37.7,0.88,746,HOSE,Công ty Cổ phần Sản Xuất Kinh Doanh Xuất Nhập Khẩu Bình Thạnh,,809,6.7,0.32,0.0,2026Q2,,215.4,,,75.4,,156.0,120.0,16.0,73.0,False,-484.0,2668.0,0.57,-60.0,,,0.0,1.1,50.0,Hàng cá nhân & Gia dụng,0,,2026-09-07 CP không đủ điều kiện GD ký quỹ: BCTC bán niên năm 2026 được soát xét có kết luận soát xét kh | 2026-08-06 Nhắc nhở: Nhắc nhở chậm báo cáo,,
GMD,2026-10-02,77.6,57.93,91.18,-2.4,1.6,12.9,21.0,24.5,86.976,55.295,-10.8,40.3,1.1,6.9,33.1,0.64,746,HOSE,Công Ty TNHH Vận Tải Và Công Nghiệp Hàng Hải Gemadept Holding,,33592,13.1,2.45,5.3,2026Q2,128.9,22.9,79.9,65.5,16.0,81.5,3528.0,2566.0,1551.0,33.0,False,6482.0,15571.0,0.16,19.0,BUY,95.8,0.0,39.0,49.0,Hàng & Dịch vụ Công nghiệp,0,,2026-05-11 Cổ tức bằng tiền: Trả cổ tức năm 2025 (2200 đ/cp),23.5,
GVR,2026-10-02,32.75,84.05,70.65,1.2,0.8,2.2,21.7,-7.3,46.5,24.155,-29.6,35.6,6.2,-0.9,47.9,0.95,746,HOSE,Tập đoàn Công nghiệp Cao su Việt Nam - Công ty cổ phần,,131000,18.7,2.17,1.2,2026Q2,46.7,89.3,65.6,29.2,37.7,31.6,9332.0,7006.0,2865.0,14.0,False,47330.0,66782.0,0.04,36.0,M-PF,32.1,96.8,0.6,0.0,Hóa chất,0,,2026-04-22 Họp ĐHCĐ: ĐHĐCĐ thường niên năm 2026 | 2026-04-22 Chốt quyền ĐHCĐ: ĐHĐCĐ thường niên năm 2026,-2.0,
HAG,2026-10-02,14.8,27.67,27.88,4.2,-0.7,-7.2,-11.6,35.8,19.25,13.25,-23.1,11.7,5.2,-5.2,30.3,0.75,746,HOSE,Công ty Cổ phần Hoàng Anh Gia Lai,,18758,5.7,1.2,0.0,2026Q2,125.2,224.3,166.6,160.2,-18.0,142.1,3633.0,3315.0,1127.0,7.0,False,-2045.0,17249.0,0.5,-11.0,,,0.0,1.7,49.0,Thực phẩm và đồ uống,0,,,,
HAH,2026-10-02,51.2,52.02,36.71,6.7,2.7,-2.4,-0.6,70.0,68.875,42.9,-25.7,19.3,8.4,-2.0,35.5,1.43,746,HOSE,Công ty Cổ phần Vận tải và xếp dỡ Hải An ,,9822,7.7,2.07,6.1,2026Q2,12.9,30.9,20.0,19.4,14.5,19.5,1892.0,1284.0,579.0,1.0,False,-1031.0,6097.0,0.44,-10.0,,,0.0,5.5,30.0,Hàng & Dịch vụ Công nghiệp,0,,2026-07-01 Cổ tức bằng tiền: Trả cổ tức năm 2025 (2000 đ/cp),,
HAX,2026-10-02,8.45,0.71,0.99,-8.1,-12.6,-19.1,-31.9,-45.8,12.45,8.05,-32.1,5.0,-3.3,-15.1,26.3,0.61,746,HOSE,Công ty Cổ phần Dịch vụ Ô tô Hàng Xanh,,908,38.0,0.81,0.0,2026Q2,69.2,-11.4,23.7,-71.4,33.6,-75.1,66.0,24.0,30.0,1.0,False,-1150.0,1451.0,0.97,-127.0,,,0.0,6.7,50.0,Ô tô và phụ tùng,0,,2026-09-22 Lấy ý kiến cổ đông : V/v:Thông qua phương án mua lại cổ phiếu do Công ty đã phát ,,
HBC,2026-10-02,3.3,1.9,2.56,-17.5,-32.7,-35.3,-56.0,-35.3,7.5,3.2,-56.0,3.1,-15.3,-35.6,31.1,0.7,738,UPCOM,Công ty Cổ phần Tập đoàn Xây dựng Hòa Bình,,1146,4.7,0.57,0.0,2026Q2,-1.4,180.7,27.5,25.9,99.2,30.2,287.0,244.0,50.0,58.0,False,-3155.0,2029.0,1.97,-275.0,,,0.0,9.0,50.0,Xây dựng và Vật liệu,0,,,,
HCM,2026-10-02,23.5,82.59,113.38,-9.8,-4.5,12.9,4.8,17.1,27.35,16.468,-14.1,42.7,-7.6,3.8,35.2,0.51,746,HOSE,Công ty Cổ phần Chứng khoán Thành phố Hồ Chí Minh,,25896,19.6,1.53,1.7,2026Q2,42.0,28.3,34.6,52.9,30.3,52.4,1655.0,1323.0,340.0,,False,15029.0,14640.0,1.78,58.0,,,11.3,34.8,49.0,Dịch vụ tài chính,0,,"2026-07-03 Cổ tức bằng tiền: Trả cổ tức đợt 2/2025 (400 đ/cp) | 2026-07-03 Phát hành thêm: Phát hành 269,989,167 cp cho CĐHH, giá 10000 đ/cp",,
HDA,2026-10-02,8.5,1.46,0.81,25.0,28.8,48.2,58.3,139.4,8.6,5.098,-1.2,66.7,26.6,38.1,58.5,2.92,746,HNX,Công ty Cổ phần Hãng sơn Đông Á,,258,9.9,0.76,0.0,2026Q2,-87.2,155.5,-58.1,-0.7,10.5,-2.3,30.0,26.0,2.0,0.0,False,-15.0,374.0,0.29,-6.0,,,0.0,0.2,50.0,Xây dựng và Vật liệu,0,,2026-06-08 Cổ phiếu thưởng: Tỷ lệ 100:10 | 2026-05-22 Họp ĐHCĐ: ĐHĐCĐ thường niên năm 2026 | 2026-05-22 Chốt quyền ĐHCĐ: ĐHĐCĐ thường niên năm 2026,,
HDB,2026-10-02,28.45,311.75,291.15,2.3,5.6,11.1,19.6,60.7,30.0,22.4,-5.2,27.0,5.5,6.6,31.8,1.02,746,HOSE,Ngân hàng Thương mại Cổ phần Phát triển Thành phố Hồ Chí Minh,,142400,7.5,1.66,0.0,2026Q2,50.2,14.0,31.0,31.3,8.8,33.7,24466.0,19097.0,7080.0,,True,,,,,BUY,33.0,2.8,21.9,27.0,Ngân hàng,0,,2026-07-16 Lấy ý kiến cổ đông : V/v:Các vấn đề thuộc thẩm quyền quyết định của Đại hội đồng ,16.0,
HDC,2026-10-02,10.35,11.08,13.45,-14.5,-30.8,-35.7,-61.4,-48.8,32.845,10.2,-68.5,1.5,-10.8,-33.4,40.0,0.7,746,HOSE,Công ty Cổ phần Phát triển nhà Bà Rịa-Vũng Tàu,,2378,3.6,0.82,0.0,2026Q2,-6.1,342.6,62.3,671.4,91.5,678.0,866.0,668.0,64.0,2.0,False,-1391.0,2957.0,0.52,-58.0,O-PF,21.4,0.0,1.1,49.0,Bất động sản,0,,"2026-06-04 Cổ tức bằng cổ phiếu: Trả cổ tức năm 2025, tỷ lệ 100:15",106.8,
HDG,2026-10-02,15.05,13.7,20.55,-9.6,-24.7,-42.9,-45.2,-33.7,32.496,15.05,-53.7,0.0,-7.2,-30.2,37.0,0.58,746,HOSE,Công ty Cổ phần Tập đoàn Hà Đô,,6125,6.5,0.88,3.0,2026Q2,676.9,-46.0,61.3,210.4,-1.1,368.2,1235.0,935.0,310.0,13.0,False,-2122.0,8501.0,0.51,-35.0,BUY,28.7,0.0,15.7,50.0,"Điện, nước & xăng dầu khí đốt",0,,"2026-05-27 Cổ tức bằng cổ phiếu: Trả cổ tức đợt 2/2025, tỷ lệ 100:10",90.7,
HHP,2026-10-02,17.9,18.31,17.8,10.5,32.4,56.2,99.6,103.9,18.1,8.883,-1.1,101.5,13.0,33.8,37.3,0.95,746,HOSE,Công ty Cổ phần HHP Global,,1650,33.1,1.65,0.0,2026Q2,1.9,13.4,6.5,42.7,-0.8,40.5,74.0,50.0,25.0,11.0,False,-1937.0,1201.0,1.94,-117.0,,,0.0,7.1,49.0,Tài nguyên Cơ bản,0,,"2026-08-06 Cổ tức bằng cổ phiếu: Trả cổ tức năm 2025, tỷ lệ 100:6.5 | 2026-07-21 Dự kiến cổ tức: Dự kiến trả cổ tức bằng cổ phiếu năm 2025, tỷ lệ 100: 6.5",,
HHS,2026-10-02,9.1,9.29,10.67,-17.6,-18.4,-31.8,-50.7,6.1,20.2,8.83,-55.0,3.1,-9.2,-20.8,44.2,0.58,746,HOSE,Công ty Cổ phần Đầu tư - Dịch vụ Hoàng Huy ,,3931,178.1,0.43,0.0,2026Q2,-99.5,-25.9,-98.0,-98.8,66.8,-99.4,46.0,22.0,19.0,105.0,False,2049.0,16681.0,0.0,52.0,,,0.0,0.2,50.0,Ô tô và phụ tùng,0,,,,
HHV,2026-10-02,8.83,19.31,24.86,-12.1,-18.0,-21.8,-38.5,-18.3,15.156,8.83,-41.7,0.0,-9.7,-20.7,28.9,0.61,746,HOSE,Công ty cổ phần Đầu tư Hạ tầng Giao thông Đèo Cả,,5073,8.1,0.44,0.0,2026Q2,13.4,26.0,20.0,27.3,11.6,26.3,847.0,629.0,198.0,1.0,False,-17337.0,13038.0,1.37,-342.0,,,0.0,10.5,49.0,Xây dựng và Vật liệu,0,,"2026-06-25 Cổ tức bằng cổ phiếu: Trả cổ tức năm 2025, tỷ lệ 100:5",,
HID,2026-10-02,4.2,5.84,2.55,23.9,1.2,-11.8,10.5,40.5,11.9,3.15,-64.7,33.3,7.0,-11.1,67.8,2.53,746,HOSE,Công ty Cổ phần Halcom Việt Nam,,322,14.4,0.42,0.0,2026Q2,,,,,-10.4,-1353.7,-17.0,-19.0,20.0,193.0,False,-542.0,921.0,0.9,-168.0,,,0.0,0.4,49.0,Xây dựng và Vật liệu,0,,2026-08-11 Nhắc nhở: chậm CBTT quyết định cưỡng chế về quản lý thuế | 2026-05-06 Họp ĐHCĐ: ĐHĐCĐ thường niên năm 2026 | 2026-05-06 Chốt quyền ĐHCĐ: ĐHĐCĐ thường niên năm 2026 | 2026-04-02 Cảnh báo: Tổ chức kiểm toán có ý kiến ngoại trừ đối với báo cáo tài ch,,
HII,2026-10-02,8.85,8.52,5.72,0.6,51.3,75.8,98.3,106.3,11.8,4.273,-25.0,107.1,-1.2,38.1,53.6,1.94,746,HOSE,Công ty Cổ phần An Tiến Industries,,652,2.8,0.59,3.4,2026Q2,216.4,2036.7,331.1,1169.8,55.1,1287.0,294.0,235.0,192.0,5.0,False,-106.0,1110.0,0.44,-16.0,,,0.0,1.5,50.0,Hóa chất,0,,2026-06-04 Cổ tức bằng tiền: Trả cổ tức năm 2025 (300 đ/cp),,
HNG,2026-10-02,6.1,5.38,9.01,-7.6,-12.9,0.0,1.7,32.6,8.5,5.0,-28.2,22.0,-5.8,-7.1,38.0,0.32,738,UPCOM,Công ty Cổ phần Nông nghiệp Quốc tế Hoàng Anh Gia Lai,,6706,255.1,7.51,0.0,2026Q2,,,,,33.3,,-908.0,-915.0,-125.0,,False,-10856.0,893.0,12.16,-162.0,,,0.0,1.5,50.0,Thực phẩm và đồ uống,0,,,,
HNM,2026-10-02,7.8,2.26,2.41,-6.0,-9.3,-6.0,-6.0,-6.1,9.2,7.0,-15.2,11.4,-5.2,-3.1,26.1,0.77,746,UPCOM,Công ty Cổ phần Sữa Hà Nội,,354,22.2,0.73,5.9,2026Q2,57.7,-53.5,-11.0,-40.8,2.9,-41.2,20.0,16.0,10.0,24.0,False,-101.0,484.0,0.5,-29.0,,,0.0,0.2,0.0,Thực phẩm và đồ uống,0,,2026-04-21 Chốt quyền ĐHCĐ: ĐHĐCĐ thường niên năm 2026 | 2026-04-21 Họp ĐHCĐ: ĐHĐCĐ thường niên năm 2026,,
HPA,2026-10-02,25.9,1.69,2.12,-7.8,-23.3,-28.5,,,42.543,25.9,-39.1,0.0,-9.9,,21.7,0.87,160,HOSE,CTCP Phát triển Nông nghiệp Hòa Phát,,7382,5.7,1.67,14.5,2026Q2,-41.7,-15.9,-30.4,,-22.3,,1440.0,1302.0,337.0,6.0,False,2865.0,4438.0,0.09,39.0,,,0.0,0.9,100.0,Thực phẩm và đồ uống,0,,2026-05-05 Cổ tức bằng tiền: Trả cổ tức năm 2025 (2100 đ/cp),,
HPG,2026-10-02,20.05,373.13,461.03,-9.3,-13.8,-15.7,-20.1,2.5,26.559,19.6,-24.5,2.3,-6.2,-14.0,27.2,0.78,746,HOSE,Công ty Cổ phần Tập đoàn Hòa Phát,,169281,7.3,1.2,2.3,2026Q2,44.5,180.3,103.7,75.2,47.0,72.8,27175.0,23217.0,7185.0,37.0,False,-33800.0,141516.0,0.7,-20.0,BUY,32.7,0.0,21.6,49.0,Tài nguyên Cơ bản,1,36.6,"2026-06-04 Dự kiến cổ tức: Dự kiến trả cổ tức bằng cổ phiếu năm 2025, tỷ lệ 100: 10 | 2026-05-14 Cổ tức bằng cổ phiếu: Trả cổ tức năm 2025, tỷ lệ 100:10 | 2026-05-04 Cổ tức bằng tiền: Trả cổ tức năm 2025 (500 đ/cp)",63.1,82.5
HPX,2026-10-02,4.01,2.98,3.42,-3.4,-4.8,-15.4,-21.5,-21.5,5.54,3.91,-27.6,2.6,-3.3,-12.5,29.6,1.23,746,HOSE,Công ty cổ phần Đầu tư Hải Phát,,1220,9.9,0.34,0.0,2026Q2,4.8,-39.1,-6.8,51.9,11.9,108.4,178.0,123.0,60.0,53.0,False,-1095.0,3748.0,0.46,-90.0,,,0.0,0.4,49.0,Bất động sản,0,,,,
HQC,2026-10-02,1.86,4.94,4.92,-14.3,-25.6,-27.3,-47.6,-45.3,3.64,1.81,-48.9,2.8,-10.5,-26.6,32.3,0.92,746,HOSE,Công ty Cổ phần Tư vấn - Thương mại - Dịch vụ Địa ốc Hoàng Quân,,1165,15.8,0.2,0.0,2026Q2,4.4,5.2,4.7,141.0,126.9,166.4,92.0,74.0,9.0,200.0,False,-327.0,5976.0,0.19,-28.0,,,0.0,1.1,50.0,Bất động sản,0,,2026-04-01 Họp ĐHCĐ: ĐHĐCĐ thường niên năm 2026 | 2026-04-01 Chốt quyền ĐHCĐ: ĐHĐCĐ thường niên năm 2026,,
HSG,2026-10-02,9.98,20.66,24.89,-8.4,-13.6,-12.3,-29.9,-37.3,14.73,9.7,-32.2,2.9,-4.9,-14.0,28.3,0.7,746,HOSE,Công ty Cổ phần Tập đoàn Hoa Sen,,8056,12.3,0.68,0.0,2026Q2,53.6,-34.5,14.7,49.0,5.6,41.0,809.0,656.0,446.0,5.0,False,-6563.0,11872.0,0.61,-81.0,M-PF,10.4,0.0,3.1,49.0,Tài nguyên Cơ bản,0,,"2026-04-03 Cổ tức bằng cổ phiếu: Trả cổ tức năm 2025, tỷ lệ 100:30",4.2,
HSL,2026-10-02,9.99,5.2,4.82,-4.4,28.4,99.8,3.0,122.0,11.2,4.7,-10.8,112.6,10.1,40.9,55.4,1.0,746,HOSE,CÔNG TY CỔ PHẦN ĐẦU TƯ PHÁT TRIỂN THỰC PHẨM HỒNG HÀ,,385,125.5,0.86,0.0,2026Q2,-114.2,122.1,-3.7,-39.4,-98.9,7.3,5.0,3.0,-1.0,270.0,False,60.0,456.0,0.01,16.0,,,0.0,0.3,49.0,Thực phẩm và đồ uống,0,,2026-09-30 Nhắc nhở: nhắc nhở công bố thông tin việc đăng ký thay đổi mô hình Côn | 2026-08-13 Nhắc nhở: chậm báo cáo | 2026-07-22 Họp ĐHCĐ: ĐHĐCĐ bất thường năm 2026 lần 2 | 2026-07-22 Chốt quyền ĐHCĐ: ĐHĐCĐ bất thường năm 2026 lần 2,,
HT1,2026-10-02,12.05,3.15,2.59,-1.7,-7.3,-17.2,-27.2,4.6,20.439,11.144,-41.0,8.1,-1.0,-13.4,34.1,1.17,746,HOSE,Công ty cổ phần xi măng VICEM Hà Tiên,,4598,11.9,0.92,0.8,2026Q2,31.7,5761.5,109.2,167.5,17.1,172.0,492.0,387.0,168.0,0.0,False,438.0,5153.0,0.08,10.0,,,79.7,2.3,0.0,Xây dựng và Vật liệu,0,,2026-09-04 Cổ tức bằng tiền: Trả cổ tức năm 2025 (320 đ/cp),,
HTN,2026-10-02,7.33,2.7,1.74,18.2,55.1,54.2,6.7,21.0,7.56,4.014,-3.0,82.6,25.7,40.0,34.8,1.75,746,HOSE,Công ty cổ phần Hưng Thịnh Incons,,980,38.9,0.63,10.9,2026Q2,17.4,-88.0,-49.2,-103.0,-43.0,-112.9,-2.0,-7.0,24.0,477.0,False,-1955.0,1575.0,1.28,-199.0,,,0.0,0.7,49.0,Bất động sản,0,,2026-08-21 Cổ phiếu thưởng: Tỷ lệ 100:50 | 2026-04-16 Chốt quyền ĐHCĐ: ĐHĐCĐ thường niên năm 2026 | 2026-04-16 Họp ĐHCĐ: ĐHĐCĐ thường niên năm 2026,,
HUT,2026-10-02,12.3,17.16,24.59,-6.8,-19.6,-25.9,-27.2,-22.5,18.7,12.1,-34.2,1.7,-7.8,-19.6,35.3,0.82,746,HNX,Công ty Cổ phần TASCO ,,13140,24.0,1.18,0.0,2026Q2,173.2,46.3,134.7,111.7,44.6,241.2,1018.0,549.0,325.0,237.0,False,-423.0,18075.0,1.31,-3.0,,,0.0,2.0,49.0,Ô tô và phụ tùng,0,,,,
HVH,2026-10-02,10.35,2.28,2.63,-5.0,1.5,-3.9,-14.4,48.6,14.091,9.3,-26.5,11.3,-3.3,-5.2,25.6,1.11,746,HOSE,Công ty cổ phần Đầu tư và Công nghệ HVC,,743,11.0,0.95,0.0,2026Q2,72.1,296.7,152.7,137.6,181.9,140.9,85.0,68.0,23.0,7.0,False,15.0,846.0,0.27,2.0,,,0.0,0.1,49.0,Xây dựng và Vật liệu,0,,"2026-05-19 Cổ tức bằng cổ phiếu: Trả cổ tức năm 2025, tỷ lệ 100:10 | 2026-05-07 Dự kiến cổ tức: Dự kiến trả cổ tức bằng cổ phiếu năm 2025, tỷ lệ 100: 10",,
HVN,2026-10-02,20.55,16.56,20.97,-10.5,-18.8,-4.9,-41.1,24.5,36.25,19.3,-43.3,6.5,-6.9,-12.8,38.4,0.92,746,HOSE,Tổng Công ty Hàng không Việt Nam - CTCP,,63915,14.1,6.75,0.0,2026Q2,-116.1,29.1,-37.7,-40.9,28.4,-47.3,5635.0,4544.0,-498.0,21.0,False,17154.0,10272.0,1.24,27.0,O-PF,37.1,86.4,8.4,30.0,Du lịch và Giải trí,0,,2026-07-10 Cảnh báo: Công ty bị lỗ lũy kế trên BCTC năm 2025 | 2026-05-11 Chốt quyền ĐHCĐ: ĐHĐCĐ thường niên năm 2026 | 2026-05-11 Họp ĐHCĐ: ĐHĐCĐ thường niên năm 2026,80.5,
IDC,2026-10-02,33.7,42.51,38.66,3.7,-5.0,-17.4,4.1,-16.8,45.677,27.679,-26.2,21.8,3.2,-7.6,37.2,1.03,746,HNX,Tổng Công ty IDICO - CTCP,,14068,6.5,2.27,4.0,2026Q2,60.4,-19.3,20.5,36.3,5.6,43.9,3131.0,2171.0,833.0,22.0,False,8524.0,8830.0,0.6,61.0,BUY,51.2,0.0,14.6,49.0,Bất động sản,1,58.0,"2026-06-25 Cổ tức bằng cổ phiếu: Trả cổ tức năm 2025, tỷ lệ 100:10 | 2026-06-25 Cổ tức bằng tiền: Trả cổ tức năm 2025 (1500 đ/cp)",51.9,72.1
IDI,2026-10-02,4.6,0.66,1.09,-8.0,-17.6,-30.4,-42.7,-50.4,8.24,4.46,-44.2,3.1,-4.1,-23.4,27.7,0.48,746,HOSE,Công ty Cổ phần Đầu tư và Phát triển Đa Quốc Gia (IDI),,1257,7.6,0.36,0.0,2026Q2,92.2,47.3,70.0,70.1,1.9,92.5,222.0,166.0,69.0,81.0,False,-1119.0,3731.0,1.47,-89.0,,,0.0,0.4,0.0,Thực phẩm và đồ uống,0,,2026-09-10 Chốt quyền ĐHCĐ: ĐHĐCĐ bất thường năm 2026,,
IDJ,2026-10-02,2.8,1.07,1.32,-22.2,-36.4,-28.2,-57.6,-56.9,6.9,2.7,-59.4,3.7,-21.0,-32.6,44.5,0.57,746,HNX,Công ty cổ phần Đầu tư IDJ Việt Nam,,486,25.1,0.26,0.0,2026Q2,-557.0,-128.5,-264.5,-423.4,-86.9,-506.2,-219.0,-215.0,-33.0,,False,-82.0,1900.0,0.22,-17.0,,,0.0,0.5,50.0,Bất động sản,0,,2026-09-07 CP không đủ điều kiện GD ký quỹ: Lợi nhuận sau thuế của công ty mẹ 6 tháng đầu năm 2026 tại B,,
IJC,2026-10-02,6.56,7.2,12.51,-11.5,-26.4,-31.5,-47.2,-38.1,13.314,6.41,-50.7,2.3,-8.1,-27.1,29.2,0.68,746,HOSE,Công ty Cổ phần Phát triển Hạ tầng Kỹ thuật,,4130,6.4,0.52,9.1,2026Q2,-7.8,129.0,37.9,75.8,50.3,66.9,770.0,641.0,101.0,20.0,False,329.0,7907.0,0.21,8.0,,,49.8,4.0,49.0,Bất động sản,0,,2026-06-11 Cổ tức bằng tiền: Trả cổ tức năm 2025 (500 đ/cp),,
IPA,2026-10-02,12.5,0.56,0.56,-8.1,-10.3,-6.8,-30.7,8.7,19.336,11.8,-35.4,5.9,-4.7,-11.4,36.8,0.97,746,HNX,Công ty Cổ phần Tập đoàn đầu tư I.P.A,,3074,5.4,0.63,0.0,2026Q2,5.1,309.3,54.8,34.7,33.4,52.5,622.0,564.0,135.0,55.0,False,-1749.0,5089.0,1.07,-57.0,,,0.0,0.4,50.0,Hàng & Dịch vụ Công nghiệp,0,,2026-08-11 Cổ phiếu thưởng: Tỷ lệ 100:15 | 2026-05-04 Họp ĐHCĐ: ĐHĐCĐ thường niên năm 2026 | 2026-05-04 Chốt quyền ĐHCĐ: ĐHĐCĐ thường niên năm 2026,,
KBC,2026-10-02,25.2,31.03,34.84,-8.0,-13.8,-21.3,-28.0,-8.7,38.2,25.0,-34.0,0.8,-6.7,-19.0,34.7,0.6,746,HOSE,Tổng Công ty Phát triển Đô thị Kinh Bắc - CTCP,,23732,20.7,0.95,0.0,2026Q2,-57.1,-71.7,-67.0,-10.4,-46.9,-18.9,1819.0,1147.0,228.0,95.0,False,-16585.0,26970.0,1.21,-70.0,BUY,34.6,0.0,6.3,49.0,Bất động sản,0,,,37.3,
KDC,2026-10-02,50.8,4.7,5.44,-2.1,2.0,3.8,-0.7,2.8,53.225,38.7,-4.6,31.3,-0.6,1.4,20.3,0.24,746,HOSE,CÔNG TY CỔ PHẦN TẬP ĐOÀN KIDO ,,14038,25.1,2.43,2.5,2026Q2,-15.5,,76.3,488.6,4.5,940.7,791.0,559.0,111.0,70.0,False,2051.0,6252.0,0.61,15.0,,,0.0,13.1,50.0,Thực phẩm và đồ uống,0,,,,
KDH,2026-10-02,15.1,66.43,84.93,-17.0,-29.1,-40.3,-54.2,-52.7,36.45,14.95,-58.6,1.0,-11.3,-35.9,35.9,0.92,746,HOSE,Công ty Cổ phần Đầu tư và Kinh doanh Nhà Khang Điền,,16945,9.6,0.91,0.0,2026Q2,226.9,127.2,188.0,185.0,-74.9,122.6,2795.0,1757.0,802.0,79.0,False,-13482.0,19976.0,0.83,-80.0,BUY,31.7,0.0,23.7,50.0,Bất động sản,1,35.7,"2026-09-18 Cổ tức bằng cổ phiếu: Trả cổ tức năm 2025, tỷ lệ 100:10 | 2026-06-05 Lấy ý kiến cổ đông : V/v:các vấn đề thuộc thẩm quyền của Đại hội đồng cổ đông dướ",109.9,136.4
KHG,2026-10-02,4.59,7.67,11.84,-5.4,-6.7,-14.8,-32.0,-13.2,8.76,4.45,-47.6,3.1,-3.1,-17.1,29.5,0.47,746,HOSE,Công ty Cổ phần Tập đoàn Khải Hoàn Land,,2063,30.9,0.39,0.0,2026Q2,-2.8,-13.5,-7.3,6.1,13.7,9.4,84.0,67.0,26.0,891.0,False,-780.0,5324.0,0.2,-38.0,,,0.0,0.3,49.0,Bất động sản,0,,,,
KLB,2026-10-02,11.65,4.59,5.33,-4.5,-9.3,4.0,-6.9,81.4,14.44,9.614,-19.3,21.2,-3.9,-0.5,34.5,0.81,740,HOSE,Ngân hàng Thương mại Cổ phần Kiên Long,,8726,4.2,0.94,0.0,2026Q2,15.8,46.3,27.6,73.9,4.2,74.0,2577.0,2060.0,654.0,,True,,,,,,,0.0,1.8,30.0,Ngân hàng,0,,2026-09-08 CP không đủ điều kiện GD ký quỹ: BCTC Hợp nhất bán niên năm 2026 được soát xét có kết luận so | 2026-06-21 Cổ phiếu thưởng: Tỷ lệ 100:29.5,,
KOS,2026-10-02,14.7,4.2,6.27,-56.9,-59.9,-61.8,-62.3,-61.2,40.2,14.7,-63.4,0.0,-53.5,-59.7,27.5,0.47,746,HOSE,Công ty cổ phần Kosy,,3182,116.0,1.36,0.0,2026Q2,161.3,-1.9,110.8,67.0,9.0,79.1,43.0,27.0,21.0,19.0,False,-1934.0,2353.0,0.85,-61.0,,,0.0,0.1,49.0,Bất động sản,0,,2026-05-04 Họp ĐHCĐ: ĐHĐCĐ thường niên năm 2026 | 2026-05-04 Chốt quyền ĐHCĐ: ĐHĐCĐ thường niên năm 2026,,
KSB,2026-10-02,12.65,5.23,9.52,-7.3,-13.9,-21.4,-34.5,-34.1,20.25,12.55,-37.5,0.8,-5.1,-18.5,28.6,0.59,746,HOSE,Công ty Cổ phần Khoáng sản và Xây dựng Bình Dương,,1448,7.2,0.52,0.0,2026Q2,129.6,-16.0,57.4,71.0,75.7,81.6,225.0,201.0,101.0,46.0,False,451.0,2812.0,0.43,31.0,,,0.0,0.9,49.0,Xây dựng và Vật liệu,0,,2026-04-24 Chốt quyền ĐHCĐ: ĐHĐCĐ thường niên năm 2026 | 2026-04-24 Họp ĐHCĐ: ĐHĐCĐ thường niên năm 2026,,
KSF,2026-10-02,75.9,9.83,10.82,-3.3,-4.2,-8.4,-11.1,86.9,122.0,61.0,-37.8,24.4,-3.7,-4.4,50.0,0.88,746,HNX,Công ty cổ phần Tập đoàn Sunshine,,68294,5.2,3.2,0.0,2026Q2,8467.4,603.6,4700.3,4537.2,1698.2,5461.4,17007.0,13095.0,5424.0,26.0,False,19317.0,23366.0,1.61,28.0,,,0.0,0.0,50.0,Bất động sản,0,,"2026-06-22 Dự kiến cổ tức: Dự kiến trả cổ tức bằng cổ phiếu năm 2025, tỷ lệ 100: 17 | 2026-04-02 Chốt quyền ĐHCĐ: ĐHĐCĐ thường niên năm 2026",,
KSV,2026-10-02,110.1,5.77,4.71,-5.1,8.7,8.4,14.6,211.7,153.406,54.468,-28.2,102.1,-0.3,7.7,67.0,1.61,746,HNX,Tổng công ty Khoáng sản TKV - CTCP,,33030,9.4,5.7,0.9,2026Q2,227.3,176.3,206.5,142.2,41.6,124.8,4502.0,3520.0,1920.0,1.0,False,4266.0,6931.0,0.21,13.0,,,98.1,0.0,0.0,Tài nguyên Cơ bản,0,,"2026-08-17 Họp ĐHCĐ: ĐHĐCĐ bất thường năm 2026 | 2026-08-17 Chốt quyền ĐHCĐ: ĐHĐCĐ bất thường năm 2026 | 2026-06-22 Cổ tức bằng tiền: Trả cổ tức năm 2025 (4050 đ/cp) | 2026-06-22 Cổ tức bằng cổ phiếu: Trả cổ tức năm 2025, tỷ lệ 100:50",,
L14,2026-10-02,18.1,0.71,1.31,-11.3,-10.4,-21.3,-46.8,-38.4,37.5,16.7,-51.7,8.4,-7.7,-21.4,42.2,0.65,746,HNX,Công ty Cổ phần Licogi 14,,559,54.6,1.24,0.0,2026Q2,-97.0,-83.1,-88.2,-55.2,-10.8,-53.1,13.0,10.0,0.0,233.0,False,224.0,449.0,0.03,40.0,,,18.5,0.2,50.0,Xây dựng và Vật liệu,0,,,,
L40,2026-10-02,20.8,0.4,1.91,-4.6,-25.4,-27.5,-44.9,362.9,53.383,19.3,-61.0,7.8,-5.6,-29.9,39.6,0.2,746,HNX,Công ty Cổ phần Đầu tư và Xây dựng 40 ,,494,1.4,1.0,1.0,2026Q2,149.9,161955.8,728.9,592.7,49.9,684.4,387.0,348.0,13.0,1.0,False,3.0,655.0,0.01,1.0,,,0.0,0.0,0.0,Xây dựng và Vật liệu,0,,"2026-05-20 Cổ tức bằng cổ phiếu: Trả cổ tức năm 2025, tỷ lệ 100:120 | 2026-05-15 CP không đủ điều kiện GD ký quỹ: Lợi nhuận sau thuế năm 2022 tại BCTC kiểm toán năm 2022  là ",,
LAS,2026-10-02,10.9,3.12,2.43,0.6,-15.8,-29.3,-33.3,-44.8,19.645,10.098,-44.5,7.9,-0.9,-21.0,37.6,1.16,746,HNX,Công ty Cổ phần Supe Phốt phát và Hóa chất Lâm Thao,,1230,13.4,0.82,11.0,2026Q2,-74.3,-48.5,-59.4,-47.9,-16.2,-46.7,115.0,92.0,17.0,11.0,False,-208.0,1506.0,0.42,-17.0,,,69.8,0.0,49.0,Hóa chất,0,,2026-09-21 Cổ tức bằng tiền: Trả cổ tức năm 2025 (1000 đ/cp),,
LCG,2026-10-02,6.31,4.61,5.7,-11.5,-25.8,-28.5,-39.1,-33.6,11.06,6.31,-42.9,0.0,-9.4,-25.9,28.4,0.68,746,HOSE,CÔNG TY CỔ PHẦN LIZEN,,1304,8.6,0.5,0.0,2026Q2,6.7,-30.8,-7.8,17.1,0.3,32.5,174.0,151.0,42.0,19.0,False,-390.0,2673.0,0.5,-30.0,,,0.0,1.7,50.0,Xây dựng và Vật liệu,0,,2026-06-12 Cổ tức bằng tiền: Trả cổ tức năm 2025 (700 đ/cp),,
LDG,2026-10-02,2.45,1.84,1.66,-9.3,-22.0,-31.9,-49.3,17.2,5.13,2.39,-52.2,2.5,-8.1,-26.8,45.5,0.87,746,HOSE,Công ty Cổ phần Đầu tư LDG ,,626,4.5,0.52,0.0,2026Q2,,-232.4,,,-87.1,,141.0,141.0,-72.0,,False,-733.0,1216.0,0.6,-117.0,,,0.0,0.3,50.0,Bất động sản,0,,,,
LHC,2026-10-02,45.9,1.0,0.82,-1.5,-1.5,-9.3,-3.6,25.7,61.111,42.1,-24.9,9.0,-0.1,-7.2,28.9,0.86,746,HNX,Công ty Cổ phần Đầu tư và Xây dựng Thủy lợi Lâm Đồng,,1322,13.9,2.12,0.0,2026Q2,-24.8,-38.5,-31.0,-16.3,12.7,-30.2,179.0,95.0,55.0,4.0,False,359.0,968.0,0.08,27.0,,,0.0,0.6,50.0,Xây dựng và Vật liệu,0,,2026-06-09 Cổ phiếu thưởng: Tỷ lệ 100:100,,
LHG,2026-10-02,26.4,1.27,2.16,1.5,-0.7,1.6,-7.5,-16.6,29.42,24.648,-10.3,7.1,0.6,-0.0,18.4,0.64,746,HOSE,Công ty Cổ phần Long Hậu ,,1320,4.7,0.74,7.2,2026Q2,-14.9,1.9,-5.7,-4.0,-20.1,-3.5,349.0,280.0,95.0,11.0,False,1678.0,1882.0,0.13,127.0,,,48.7,7.4,0.0,Bất động sản,0,,2026-08-07 Cổ tức bằng tiền: Trả cổ tức năm 2025 (2100 đ/cp),,
LPB,2026-10-02,40.2,96.84,140.08,-19.5,-21.2,-1.3,-17.6,69.6,58.5,37.328,-31.3,7.7,-18.9,-12.2,33.4,0.93,746,HOSE,Ngân hàng Thương mại cổ phần Lộc Phát Việt Nam ,,120089,10.6,2.79,7.5,2026Q2,5.3,-11.0,-3.1,13.4,16.8,13.7,14078.0,11292.0,3147.0,,True,,,,,U-PF,39.3,6.5,1.5,5.0,Ngân hàng,0,,2026-05-04 Cổ tức bằng tiền: Trả cổ tức năm 2025 (3000 đ/cp),-2.2,
LPS,2026-10-02,17.7,29.54,29.46,-32.4,,,,,35.2,17.7,-49.7,0.0,,,47.6,1.08,31,HOSE,Công ty Cổ phần Chứng khoán LPBank,,24933,29.3,1.39,0.0,2026Q2,139.7,92.0,132.4,170.5,398.0,170.9,1062.0,850.0,628.0,,False,22701.0,17913.0,1.08,91.0,,,0.0,0.0,100.0,Dịch vụ tài chính,0,,2026-08-21 CP không đủ điều kiện GD ký quỹ: Thời gian niêm yết dưới 06 tháng. | 2026-07-28 Niêm yết HOSE: Giá tham chiếu: 30.000 đ/cp,,
LSG,2026-10-02,35.2,1.07,1.12,1.7,0.6,4.1,12.5,300.0,40.0,27.8,-12.0,26.6,1.0,3.1,38.0,0.94,746,UPCOM,Công ty Cổ phần Bất động sản Sài Gòn VI NA,,3112,45.7,2.82,0.0,2026Q2,,,,,182.8,,78.0,68.0,32.0,204.0,False,833.0,1105.0,0.0,27.0,,,2.5,0.0,0.0,Bất động sản,0,,2026-08-04 Lấy ý kiến cổ đông : V/v:Giải trình về giá trị tổng mức đầu tư và đề xuất về nguồ,,
MBB,2026-10-02,19.1,227.63,251.91,-9.3,-6.8,-8.1,-11.0,42.2,23.627,17.785,-19.2,7.4,-4.0,-7.2,27.0,0.86,746,HOSE,Ngân hàng Thương mại Cổ phần Quân đội ,,192313,6.4,1.22,1.0,2026Q2,40.7,14.8,27.1,23.3,16.3,22.7,38567.0,30078.0,10560.0,,True,,,,,BUY,29.6,43.2,22.2,23.2,Ngân hàng,1,31.6,"2026-08-05 Phát hành thêm: Phát hành 805,499,990 cp cho CĐHH, giá 10000 đ/cp | 2026-07-31 Cổ tức bằng cổ phiếu: Trả cổ tức năm 2025, tỷ lệ 100:15 | 2026-06-29 Cổ tức bằng tiền: Trả cổ tức năm 2025 (1000 đ/cp)",55.0,65.4
MBS,2026-10-02,15.3,44.9,96.43,-14.5,-24.8,-19.1,-39.8,-28.5,27.908,14.942,-45.2,2.4,-10.3,-18.7,39.7,0.58,746,HNX,Công ty Cổ phần chứng khoán MB,,15314,12.4,1.4,4.5,2026Q2,38.4,8.6,21.9,48.7,51.6,47.8,1549.0,1233.0,377.0,,False,21733.0,11942.0,1.29,142.0,,,0.0,0.3,49.0,Dịch vụ tài chính,0,,2026-08-04 Cổ tức bằng tiền: Trả cổ tức năm 2025 (1000 đ/cp),,
MCH,2026-10-02,139.2,82.03,61.78,-2.7,0.6,0.4,35.5,33.3,184.419,100.227,-24.5,38.9,0.0,-2.8,33.7,1.5,741,HOSE,Công ty cổ phần Hàng Tiêu Dùng Masan,,181991,26.0,11.34,2.9,2026Q2,12.6,13.7,13.2,-3.0,13.6,-4.2,8210.0,7004.0,1740.0,17.0,False,3836.0,19305.0,0.46,2.0,M-PF,163.0,0.0,16.0,100.0,Thực phẩm và đồ uống,1,165.0,2026-07-31 Cổ tức bằng tiền: Trả cổ tức đợt 1/2026 (2000 đ/cp),17.1,18.5
MCM,2026-10-02,26.45,0.45,0.81,-0.4,-9.7,7.5,0.3,-18.7,29.4,23.744,-10.0,11.4,0.0,-0.1,18.6,0.47,739,HOSE,CÔNG TY CỔ PHẦN GIỐNG BÒ SỮA MỘC CHÂU,,2910,11.2,1.25,7.6,2026Q2,13.4,64.8,33.3,9.3,7.3,10.0,296.0,261.0,98.0,28.0,False,2728.0,2321.0,0.0,94.0,,,0.0,0.0,100.0,Thực phẩm và đồ uống,0,,2026-05-12 Cổ tức bằng tiền: Trả cổ tức đợt 2/2025 (1000 đ/cp),,
MCP,2026-10-02,28.0,0.95,0.81,0.0,0.0,2.9,-1.8,33.6,29.5,26.5,-5.1,5.7,0.7,0.9,13.0,1.46,746,HOSE,Công ty Cổ phần In và Bao bì Mỹ Châu,,556,83.5,2.03,1.3,2026Q2,1.6,-321.9,-133.4,-63.4,7.0,-64.8,9.0,7.0,1.0,,False,175.0,274.0,0.0,31.0,,,0.0,0.1,0.0,Hàng & Dịch vụ Công nghiệp,0,,2026-08-19 CP không đủ điều kiện GD ký quỹ: Lợi nhuận sau thuế trên BCTC soát xét bán niên năm 2026 là s | 2026-04-17 Chốt quyền ĐHCĐ: ĐHĐCĐ thường niên năm 2026 | 2026-04-17 Họp ĐHCĐ: ĐHĐCĐ thường niên năm 2026,,
MIG,2026-10-02,16.15,1.55,1.97,0.9,-2.6,-12.7,1.2,17.3,20.11,14.129,-19.7,14.3,2.0,-3.4,31.4,0.68,746,HOSE,Tổng Công ty Cổ phần Bảo Hiểm Quân Đội,,3416,10.2,1.22,2.9,2026Q2,10.8,1.8,5.9,16.4,,15.7,422.0,335.0,117.0,67.0,False,6338.0,2803.0,0.0,186.0,,,67.7,17.4,100.0,Bảo hiểm,0,,2026-08-06 Cổ tức bằng tiền: Trả cổ tức năm 2025 (1000 đ/cp),,
MML,2026-10-02,26.2,2.83,1.34,-10.9,-11.2,-18.9,-29.9,2.7,44.5,24.2,-41.1,8.3,-5.1,-17.5,32.7,2.71,746,UPCOM,Công ty Cổ phần Masan MEATLife,,9127,19.0,1.71,0.0,2026Q2,-16.3,35.2,0.1,33.8,17.1,4.3,624.0,480.0,208.0,26.0,False,-3446.0,5539.0,0.73,-38.0,,,0.0,1.3,100.0,Thực phẩm và đồ uống,0,,,,
MSB,2026-10-02,14.05,108.43,92.82,5.2,5.4,46.6,26.8,55.0,14.5,9.0,-3.1,56.1,5.2,21.2,26.7,0.77,746,HOSE,Ngân hàng Thương mại Cổ phần Hàng Hải Việt Nam,,52603,8.9,1.16,0.0,2026Q2,-0.6,15.9,7.9,14.4,3.7,15.5,7308.0,5890.0,1532.0,,True,,,,,,,6.4,7.1,30.0,Ngân hàng,0,,2026-09-17 Lấy ý kiến cổ đông : V/v:Thông qua các nội dung thuộc thẩm quyền của Đại hội đồng | 2026-08-13 Cổ phiếu thưởng: Tỷ lệ 100:20,,
MSH,2026-10-02,30.25,2.27,2.94,-1.0,-8.6,-15.7,0.0,21.6,40.156,28.4,-24.7,6.5,-0.6,-9.9,27.7,0.66,746,HOSE,Công ty cổ phần May Sông Hồng,,3404,5.4,1.68,16.8,2026Q2,9.1,-5.1,4.4,20.1,7.8,20.7,837.0,634.0,238.0,21.0,False,630.0,2379.0,0.73,19.0,,,0.0,5.3,50.0,Hàng cá nhân & Gia dụng,0,,2026-05-08 Cổ tức bằng tiền: Trả cổ tức đợt 2/2025 (1000 đ/cp),,
MSN,2026-10-02,70.7,316.56,300.91,0.7,-1.5,-6.1,-13.3,-7.0,94.0,61.7,-24.8,14.6,4.1,-4.0,28.4,1.03,746,HOSE,Công ty Cổ phần Tập đoàn Masan,,108521,15.4,2.71,0.0,2026Q2,125.5,89.8,111.3,55.0,40.1,150.3,11302.0,7054.0,4163.0,14.0,False,-47366.0,49567.0,1.39,-44.0,BUY,101.2,0.0,24.3,100.0,Thực phẩm và đồ uống,0,,,43.1,
MSR,2026-10-02,60.3,118.41,74.04,30.5,57.5,27.5,160.9,388.7,63.2,20.565,-4.6,193.2,36.9,54.1,61.9,1.56,746,UPCOM,CÔNG TY CỔ PHẦN MASAN HIGH-TECH MATERIALS,,67164,27.6,5.06,0.0,2026Q2,9573.0,,,5841.7,270.2,,2576.0,2430.0,1748.0,6.0,False,-7692.0,14384.0,0.92,-11.0,,,0.0,6.0,100.0,Tài nguyên Cơ bản,0,,2026-09-21 Lấy ý kiến cổ đông : V/v:thông qua các vấn đề các thuộc thẩm quyền của Đại hội đồ | 2026-09-08 Cổ tức bằng tiền: Trả cổ tức đợt 1/2026 (1000 đ/cp) | 2026-08-17 Lấy ý kiến cổ đông : V/v:thông qua việc tạm ứng cổ tức bằng tiền mặt năm 2026 và ,,
MST,2026-10-02,9.0,11.04,17.73,-11.8,1.1,0.0,57.9,82.8,10.7,5.0,-15.9,80.0,-9.0,8.3,41.0,0.64,746,HNX,Công ty cổ phần đầu tư MST,,1022,36.0,0.86,0.0,2026Q2,159.1,3.2,52.5,24.6,22.3,33.9,36.0,28.0,11.0,928.0,False,426.0,1187.0,0.48,42.0,,,0.0,0.7,49.0,Xây dựng và Vật liệu,0,,2026-06-17 Chốt quyền ĐHCĐ: ĐHĐCĐ bất thường năm 2026 | 2026-05-15 CP không đủ điều kiện GD ký quỹ: Chứng khoán thuộc diện bị cảnh báo.,,
MVN,2026-10-02,64.4,1.08,1.36,-8.7,7.7,28.8,21.5,78.9,84.2,40.0,-23.5,61.0,5.7,11.0,54.2,1.12,746,UPCOM,Tổng Công ty Hàng hải Việt Nam – Công ty cổ phần,,78004,27.8,5.08,0.0,2026Q2,86.5,124.5,100.5,81.0,55.8,78.4,4476.0,2810.0,1446.0,15.0,False,13008.0,20558.0,0.27,17.0,,,99.5,0.0,0.0,Hàng & Dịch vụ Công nghiệp,0,,,,
MWG,2026-10-02,73.2,177.23,249.47,-2.4,-5.8,-6.3,-3.6,11.9,92.956,61.544,-21.3,18.9,1.8,-7.5,34.9,0.57,746,HOSE,Công ty Cổ phần đầu tư Thế giới di động,,108021,11.0,3.16,1.4,2026Q2,98.8,72.0,85.7,98.3,29.1,103.6,12031.0,9857.0,4033.0,25.0,False,66919.0,36351.0,0.8,62.0,BUY,140.0,0.0,49.0,49.0,Bán lẻ,0,,2026-09-21 Cổ tức bằng tiền: Trả cổ tức đợt 2/2025 (1000 đ/cp) | 2026-07-16 Cổ tức bằng tiền: Trả cổ tức đợt 1/2025 (1000 đ/cp),91.3,
MZG,2026-10-02,11.95,6.34,6.55,-7.4,1.9,1.9,-14.6,,19.727,7.636,-39.4,56.5,-1.2,6.9,52.2,1.16,461,HOSE,CÔNG TY CỔ PHẦN MIZA,,1531,9.9,0.98,0.0,2026Q2,79.8,66.7,74.5,66.0,2.3,61.6,164.0,155.0,54.0,20.0,False,-1843.0,1555.0,2.45,-120.0,,,0.0,1.4,50.0,Tài nguyên Cơ bản,0,,"2026-07-22 Dự kiến cổ tức: Dự kiến trả cổ tức bằng cổ phiếu năm 2025, tỷ lệ 100: 10 | 2026-07-09 Cổ tức bằng cổ phiếu: Trả cổ tức năm 2025, tỷ lệ 100:10 | 2026-07-07 CP không đủ điều kiện GD ký quỹ: Thời gian niêm yết dưới 06 tháng. | 2026-06-25 Niêm yết HOSE: Giá tham chiếu: 12.700 đ/cp",,
NAB,2026-10-02,12.5,19.57,21.33,8.2,-4.6,15.8,1.4,13.3,13.5,10.083,-7.4,24.0,5.3,5.0,21.9,0.9,740,HOSE,Ngân hàng Thương mại Cổ phần Nam Á,,26985,5.8,1.04,0.0,2026Q2,17.0,34.2,25.3,21.5,3.0,21.9,5892.0,4692.0,1516.0,,True,,,,,,,0.0,0.9,30.0,Ngân hàng,0,,2026-06-09 Họp ĐHCĐ: ĐHĐCĐ bất thường năm 2026 | 2026-06-09 Chốt quyền ĐHCĐ: ĐHĐCĐ bất thường năm 2026 | 2026-05-04 Cổ phiếu thưởng: Tỷ lệ 100:20,,
NAF,2026-10-02,48.0,14.74,18.07,-0.9,-1.2,-2.1,49.4,147.9,53.9,30.728,-10.9,56.2,-0.1,3.6,20.5,0.66,746,HOSE,Công ty Cổ phần Nafoods Group ,,2937,13.7,3.32,0.5,2026Q2,39.3,291.7,90.7,66.7,13.4,56.9,252.0,215.0,96.0,9.0,False,-1582.0,887.0,2.08,-54.0,,,0.0,8.4,100.0,Thực phẩm và đồ uống,0,,2026-06-09 Lấy ý kiến cổ đông : V/v:Sửa đổi một số nội dung phương án chào bán cổ phiếu riên,,
NAG,2026-10-02,6.3,0.65,0.55,-8.7,-8.5,-18.6,-48.3,-30.2,12.929,5.8,-51.3,8.6,-5.5,-13.9,42.2,1.09,746,HNX,Công ty Cổ phần Tập đoàn Nagakawa,,351,10.9,0.56,0.0,2026Q2,22.1,4.4,12.5,15.2,22.5,-7.6,48.0,32.0,20.0,20.0,False,-248.0,648.0,2.24,-71.0,,,0.0,0.5,0.0,Hàng & Dịch vụ Công nghiệp,0,,"2026-08-12 Cổ tức bằng cổ phiếu: Trả cổ tức năm 2025, tỷ lệ 100:5.8",,
NBB,2026-10-02,17.0,0.5,0.46,1.8,-3.1,-5.3,-19.4,-23.6,22.8,16.0,-25.4,6.2,-0.9,-4.2,22.9,1.05,746,HOSE,Công ty Cổ phần đầu tư Năm Bảy Bảy,,1708,180.0,0.94,0.0,2026Q2,112.1,-40.3,86.9,79.8,-191.7,1371.6,30.0,9.0,11.0,1061.0,False,-4540.0,1821.0,2.71,-266.0,,,1.7,0.4,50.0,Bất động sản,0,,,,
NCT,2026-10-02,83.5,0.87,1.66,-0.1,-4.0,0.5,-5.3,-14.5,95.725,80.414,-12.8,3.8,-0.1,-1.3,15.1,0.57,746,HOSE,Công ty Cổ phần dịch vụ hàng hóa Nội Bài ,,2185,4.8,3.18,9.6,2026Q2,32.4,55.8,42.5,48.9,17.3,50.8,559.0,456.0,142.0,20.0,False,1187.0,895.0,0.0,54.0,,,65.1,11.1,30.0,Hàng & Dịch vụ Công nghiệp,0,,2026-06-25 Cổ tức bằng tiền: Trả cổ tức năm 2025 (8000 đ/cp) | 2026-05-08 Chốt quyền ĐHCĐ: ĐHĐCĐ thường niên năm 2026,,
NDN,2026-10-02,7.8,0.85,1.09,-0.6,-22.5,-16.3,-34.0,-3.1,13.108,7.016,-40.5,11.2,-4.5,-17.9,28.7,0.66,746,HNX,Công ty Cổ phần Đầu tư Phát triển Nhà Đà Nẵng,,559,4.5,0.49,0.0,2026Q2,-2.5,-98.0,-60.2,90.5,126.9,74.1,143.0,123.0,29.0,157.0,False,1019.0,1216.0,0.0,182.0,,,0.0,1.1,50.0,Bất động sản,0,,"2026-09-18 Cổ tức bằng tiền: Trả cổ tức năm 2025 (700 đ/cp) | 2026-05-15 CP không đủ điều kiện GD ký quỹ: Chứng khoán thuộc diện bị cảnh báo
LNST năm 2022 tại BCTC nă",,
NHA,2026-10-02,7.65,0.92,0.88,-3.9,-18.3,-35.5,-55.6,-57.7,18.844,6.5,-59.4,17.7,-1.2,-30.4,36.0,1.22,746,HOSE,Tổng Công ty Đầu tư Phát triển Nhà và Đô thị Nam Hà Nội,,545,24.8,0.73,0.0,2026Q2,-148.9,-98.0,-113.4,-66.3,-88.9,-68.9,30.0,22.0,-9.0,,False,-187.0,749.0,0.5,-34.0,,,0.0,0.2,49.0,Xây dựng và Vật liệu,0,,"2026-08-19 CP không đủ điều kiện GD ký quỹ: Lợi nhuận sau thuế trên BCTC soát xét bán niên năm 2026 là s | 2026-07-24 Dự kiến cổ tức: Dự kiến trả cổ tức bằng cổ phiếu năm 2025, tỷ lệ 100: 10 | 2026-07-03 Cổ tức bằng cổ phiếu: Trả cổ tức năm 2025, tỷ lệ 100:10",,
NKG,2026-10-02,9.2,15.65,17.56,-16.0,-23.3,-25.6,-40.8,-41.2,16.546,9.12,-44.4,0.9,-12.6,-25.4,31.0,0.74,746,HOSE,Công ty Cổ phần Thép Nam Kim,,4529,27.2,0.59,0.0,2026Q2,45.1,-68.9,-2.7,-19.1,-6.2,-30.7,236.0,167.0,163.0,52.0,False,-2168.0,7651.0,1.12,-48.0,M-PF,11.9,0.0,4.3,50.0,Tài nguyên Cơ bản,0,,"2026-06-05 Cổ tức bằng cổ phiếu: Trả cổ tức năm 2025, tỷ lệ 100:10",29.3,
NLG,2026-10-02,21.9,43.0,47.95,-9.9,-15.1,-20.6,-37.5,-39.8,39.391,19.15,-44.4,14.4,-5.0,-17.1,39.4,0.89,746,HOSE,Công ty Cổ phần Đầu tư Nam Long,,10624,17.2,0.85,2.2,2026Q2,-36.6,24.3,-6.9,-41.2,-17.9,-6.2,1168.0,617.0,94.0,59.0,False,3491.0,14544.0,0.36,33.0,BUY,36.8,0.0,36.0,50.0,Bất động sản,1,38.0,2026-06-01 Cổ tức bằng tiền: Trả cổ tức năm 2025 (500 đ/cp),68.0,73.5
NNC,2026-10-02,38.65,1.02,1.42,-5.6,-11.2,-20.8,-23.4,82.4,76.023,36.0,-49.2,7.4,-1.6,-19.0,35.3,0.72,746,HOSE,Công ty Cổ phần Đá Núi Nhỏ,,847,4.5,1.38,2.6,2026Q2,45.7,143.8,76.7,112.6,56.4,112.3,233.0,187.0,64.0,8.0,False,576.0,615.0,0.04,68.0,,,37.7,2.8,0.0,Xây dựng và Vật liệu,0,,2026-08-03 Cổ tức bằng tiền: Trả cổ tức năm 2025 (1000 đ/cp),,
NRC,2026-10-02,4.6,2.84,6.29,-6.1,-34.3,-19.3,-34.3,48.4,7.7,4.4,-40.3,4.5,-3.2,-19.5,37.0,0.51,746,HNX,Công Ty Cổ Phần Tập Đoàn Bất Động Sản Quốc Gia,,426,22.5,0.41,0.0,2026Q2,76.1,1226.5,210.9,,1143.2,,22.0,19.0,9.0,34.0,False,-307.0,1132.0,0.27,-72.0,,,0.0,0.2,50.0,Bất động sản,0,,2026-05-07 Chốt quyền ĐHCĐ: ĐHĐCĐ thường niên năm 2026 | 2026-05-07 Họp ĐHCĐ: ĐHĐCĐ thường niên năm 2026,,
NT2,2026-10-02,22.3,11.85,11.57,6.4,-1.5,-14.2,-2.4,21.0,29.45,20.2,-24.3,10.4,5.8,-6.2,29.5,0.92,746,HOSE,Công ty Cổ phần Điện lực Dầu khí Nhơn Trạch 2 ,,6420,5.1,1.28,3.1,2026Q2,5.5,412.5,48.9,167.7,42.4,160.3,1468.0,1255.0,385.0,22.0,False,7787.0,5003.0,0.33,121.0,BUY,29.0,61.8,9.4,49.0,"Điện, nước & xăng dầu khí đốt",0,,2026-07-16 Lấy ý kiến cổ đông : V/v:Các vấn đề thuộc thẩm quyền của Đại hội đồng cổ đông phù,30.0,
NTC,2026-10-02,133.4,1.21,1.13,4.2,0.1,-6.1,-18.7,-22.5,167.3,125.6,-20.3,6.2,3.5,-5.5,14.3,1.24,738,HOSE,Công ty cổ phần Khu Công nghiệp Nam Tân Uyên,,3202,9.9,2.21,4.5,2026Q2,18.3,-43.2,-7.7,-5.8,-41.0,-1.9,368.0,324.0,139.0,70.0,False,2526.0,1450.0,0.0,79.0,,,53.3,0.0,0.0,Bất động sản,0,,2026-07-03 Nhắc nhở: chậm nộp Bản cung cấp thông tin của người nội bộ | 2026-04-15 Chốt quyền ĐHCĐ: ĐHĐCĐ thường niên năm 2026 | 2026-04-15 Họp ĐHCĐ: ĐHĐCĐ thường niên năm 2026 | 2026-04-02 Nhắc nhở: Nhắc nhở chậm công bố thông tin Nghị quyết và Quyết định bổ ,,
NTL,2026-10-02,11.4,7.77,6.13,-8.8,-25.0,-28.7,-33.9,-43.7,20.264,11.2,-43.7,1.8,-11.8,-26.5,30.7,1.58,746,HOSE,Công ty Cổ phần Phát triển đô thị Từ Liêm,,1391,45.3,0.84,8.8,2026Q2,110.9,101.8,104.0,541.2,-4.2,,45.0,31.0,6.0,152.0,False,831.0,1650.0,0.1,60.0,,,0.0,11.8,49.0,Bất động sản,0,,,,
NTP,2026-10-02,51.3,11.72,8.1,2.4,1.4,13.1,2.2,35.7,65.684,41.378,-21.9,24.0,1.0,2.4,29.4,1.67,746,HNX,Công ty Cổ phần Nhựa Thiếu niên Tiền Phong ,,10529,8.8,2.42,4.9,2026Q2,51.2,19.4,38.5,30.0,11.8,29.5,1441.0,1192.0,577.0,11.0,False,3134.0,4356.0,0.47,30.0,,,37.1,16.0,50.0,Xây dựng và Vật liệu,0,,"2026-06-16 Chốt quyền ĐHCĐ: ĐHĐCĐ bất thường năm 2026 | 2026-06-16 Họp ĐHCĐ: ĐHĐCĐ bất thường năm 2026 | 2026-05-25 Cổ tức bằng cổ phiếu: Trả cổ tức năm 2025, tỷ lệ 100:20 | 2026-05-13 Cổ tức bằng tiền: Trả cổ tức đợt 2/2025 (1500 đ/cp)",,
NVB,2026-10-02,15.0,14.91,9.68,20.0,2.0,40.2,2.7,64.8,16.6,10.1,-9.6,48.5,24.1,23.1,36.4,1.83,746,HNX,Ngân hàng Thương mại Cổ phần Quốc Dân ,,43869,165.8,3.06,0.0,2026Q2,63.9,42.9,57.1,,40.2,,266.0,265.0,511.0,,True,,,,,,,0.0,0.5,9.0,Ngân hàng,0,,,,
NVL,2026-10-02,10.45,228.01,200.08,-19.3,-14.4,-20.9,-27.0,2.4,19.392,9.234,-46.1,13.2,-17.3,-19.1,48.1,1.04,746,HOSE,Công ty cổ phần Tập đoàn Đầu tư Địa ốc No Va,,33469,7.9,0.69,0.0,2026Q2,,,,51.6,37.2,2447.1,5859.0,4218.0,1222.0,99.0,False,-29692.0,65238.0,1.12,-89.0,BUY,16.2,0.0,3.7,49.0,Bất động sản,0,,"2026-09-25 Phát hành thêm: Phát hành 800,689,324 cp cho CĐHH, giá 10000 đ/cp | 2026-06-02 Cổ phiếu thưởng: Tỷ lệ 100:7.5",55.0,
OCB,2026-10-02,10.1,16.43,24.45,-8.2,-12.2,5.6,-10.0,10.7,11.957,9.044,-15.5,11.7,-3.6,-1.8,26.2,0.54,746,HOSE,Ngân hàng Thương mại Cổ phần Phương Đông,,30931,6.9,0.86,5.5,2026Q2,24.7,37.0,30.5,47.9,20.6,48.0,5600.0,4453.0,1246.0,,True,,,,,,,8.6,19.2,22.0,Ngân hàng,0,,2026-06-23 Cổ phiếu thưởng: Tỷ lệ 100:15 | 2026-04-10 Nhắc nhở: Nhắc nhở chậm CBTT BCTN năm 2025,,
ODE,2026-10-02,45.4,0.94,0.84,-2.2,-2.4,1.6,-0.2,2.5,47.2,43.8,-3.8,3.7,-1.7,-1.3,7.6,1.16,746,UPCOM,Công ty cổ phần Tập đoàn Truyền thông và Giải trí ODE,,454,113.8,3.46,0.0,2021Q3,,,,,,,,,7.0,,False,25.0,115.0,0.0,6.0,,,0.0,0.0,0.0,Truyền thông,0,,,,
OIL,2026-10-02,13.3,42.03,28.37,-0.8,3.0,-10.6,21.6,5.5,25.724,9.856,-48.3,34.9,-1.2,-7.0,51.6,1.28,746,UPCOM,Tổng Công ty Dầu Việt Nam – Công ty cổ phần,,13816,22.6,1.33,1.9,2026Q2,-104.9,1529.4,127.0,110.8,87.9,104.4,1025.0,612.0,-12.0,70.0,False,23425.0,11928.0,0.65,170.0,O-PF,12.7,80.5,0.3,6.6,Dầu khí,0,,2026-08-21 Cổ tức bằng tiền: Trả cổ tức năm 2025 (250 đ/cp),-4.5,
ORS,2026-10-02,13.35,28.13,51.48,-3.6,-8.9,1.1,-2.2,-8.6,16.3,11.9,-18.1,12.2,-2.2,-1.0,37.1,0.6,746,HOSE,Công ty Cổ phần Chứng khoán Tiên Phong,,8329,21.1,1.07,0.0,2026Q2,,1958.2,,178.5,-13.8,334.8,452.0,394.0,162.0,,False,9197.0,7801.0,0.3,110.0,,,0.0,0.1,49.0,Dịch vụ tài chính,0,,,,
PAC,2026-10-02,14.1,1.56,2.09,-6.6,-23.8,-38.0,-37.7,-43.4,25.728,13.6,-45.2,3.7,-6.0,-26.9,35.5,0.52,746,HOSE,Công ty Cổ phần Pin Ắc quy miền Nam,,1081,11.1,1.02,4.3,2026Q2,-33.7,-26.7,-30.6,-28.9,6.7,-26.7,122.0,97.0,33.0,46.0,False,-70.0,1060.0,1.3,-6.0,,,51.4,11.9,50.0,Hàng & Dịch vụ Công nghiệp,0,,"2026-09-08 Chốt quyền ĐHCĐ: ĐHĐCĐ bất thường năm 2026 | 2026-09-08 Họp ĐHCĐ: ĐHĐCĐ bất thường năm 2026 | 2026-06-01 Cổ tức bằng cổ phiếu: Trả cổ tức năm 2025, tỷ lệ 100:10",,
PAN,2026-10-02,18.7,8.8,8.13,-4.3,-18.0,-21.5,-22.3,7.3,26.619,17.8,-29.7,5.1,-4.5,-15.7,27.7,0.77,746,HOSE,Công ty Cổ phần Tập đoàn PAN,,4688,3.9,0.87,2.3,2026Q2,29.8,215.1,110.3,36.7,-9.4,75.7,1963.0,1193.0,399.0,68.0,False,6283.0,9093.0,0.47,134.0,,,0.0,21.0,49.0,Thực phẩm và đồ uống,0,,"2026-05-20 Cổ tức bằng tiền: Trả cổ tức năm 2026 (3000 đ/cp) | 2026-05-15 Cổ phiếu thưởng: Tỷ lệ 100:20 | 2026-05-08 Dự kiến cổ tức: Dự kiến trả cổ tức bằng cổ phiếu năm 2026, tỷ lệ 100: 20",,
PAT,2026-10-02,78.5,1.36,1.1,22.6,28.2,15.4,-13.0,15.4,98.777,56.534,-20.5,38.9,18.9,13.3,36.3,1.21,746,UPCOM,Công ty cổ phần Phốt pho Apatit Việt Nam,,1985,5.8,2.96,12.6,2026Q2,40.6,-48.3,-7.4,8.1,2.8,9.9,363.0,342.0,116.0,13.0,False,962.0,742.0,0.2,48.0,,,0.0,0.3,50.0,Hóa chất,0,,2026-09-07 Cổ tức bằng tiền: Trả cổ tức đợt 2/2025 (2900 đ/cp) | 2026-07-10 Cảnh báo: Tổ chức đăng ký giao dịch không thực hiện công bố thông tin  | 2026-06-26 Chốt quyền ĐHCĐ: ĐHĐCĐ thường niên năm 2026 | 2026-06-26 Họp ĐHCĐ: ĐHĐCĐ thường niên năm 2026,,
PC1,2026-10-02,19.25,32.72,36.49,-7.0,-12.5,-27.9,-10.7,-10.5,32.2,16.65,-40.2,15.6,-6.7,-14.9,44.0,0.35,746,HOSE,Công ty Cổ phần Tập đoàn PC1,,7917,6.9,1.18,0.0,2026Q2,25.0,89.9,54.0,112.6,-12.3,171.7,1756.0,1155.0,253.0,48.0,False,-4491.0,9127.0,1.34,-57.0,O-PF,24.7,0.0,8.3,50.0,Xây dựng và Vật liệu,0,,2026-06-11 Chốt quyền ĐHCĐ: ĐHĐCĐ bất thường năm 2026 | 2026-05-12 Nhắc nhở: chậm công bố thông tin Báo cáo tài chính quý 1 năm 2026 | 2026-05-06 Nhắc nhở: Nhắc nhở chậm công bố thông tin Báo cáo tài chính quý I năm ,28.3,
PCB,2026-10-02,8.4,2.7,3.42,-7.7,,,,,14.0,8.0,-40.0,5.0,,,40.5,0.86,35,UPCOM,Ngân hàng Thương mại Cổ phần Đại Chúng Việt Nam,,7554,4.9,0.59,0.0,2026Q2,6.0,39.0,25.9,118.5,-9.8,82.9,1901.0,1539.0,343.0,,True,,,,,,,52.0,8.1,30.0,Ngân hàng,0,,2026-08-03 Niêm yết UPCOM: Giá tham chiếu: 10.000 đ/cp,,
PCH,2026-10-02,18.1,1.91,1.73,-1.1,5.0,-4.3,-3.9,69.1,21.265,16.5,-14.9,9.7,-0.6,-3.4,20.1,1.07,746,HNX,Công Ty Cổ Phần Picomat Holding,,492,24.7,1.74,0.0,2026Q2,-20.6,92.4,22.9,46.3,-28.8,49.6,27.0,20.0,3.0,37.0,False,47.0,287.0,0.03,10.0,,,0.0,0.0,49.0,Hóa chất,0,,"2026-07-10 Cổ tức bằng cổ phiếu: Trả cổ tức năm 2025, tỷ lệ 100:7",,
PDB,2026-10-02,23.3,0.59,0.41,7.3,24.0,25.3,45.1,263.2,25.271,14.225,-7.8,63.8,6.6,16.4,44.6,1.39,746,HNX,Công ty cố phần tập đoàn đầu tư DIN Capital,,208,3.3,1.24,17.2,2026Q2,25.1,135.6,51.6,109.5,7.2,132.9,79.0,63.0,25.0,4.0,False,96.0,167.0,0.0,46.0,,,0.0,1.0,50.0,Xây dựng và Vật liệu,0,,2026-09-15 Cổ tức bằng tiền: Trả cổ tức năm 2026 (1500 đ/cp) | 2026-04-16 Cổ tức bằng tiền: Trả cổ tức năm 2025 (4000 đ/cp),,
PDR,2026-10-02,11.2,44.73,71.78,-9.7,-23.0,-29.6,-51.1,-42.9,27.0,10.4,-58.5,7.7,-5.5,-26.8,37.0,0.52,746,HOSE,Công ty Cổ phần Phát triển Bất động sản Phát Đạt ,,11175,18.2,0.89,0.0,2026Q2,13.6,507.4,205.6,276.0,-65.5,263.9,991.0,612.0,115.0,274.0,False,-1667.0,12610.0,0.42,-15.0,,,0.0,6.9,50.0,Bất động sản,0,,,,
PET,2026-10-02,49.8,37.08,22.74,28.0,34.0,45.6,140.7,180.3,57.4,19.026,-13.2,161.7,23.7,53.5,51.8,1.1,746,HOSE,Tổng Công Ty Cổ Phần Dịch Vụ Tổng Hợp Dầu Khí,,7706,24.3,3.08,0.7,2026Q2,69.1,108.0,86.1,85.6,49.8,90.4,571.0,317.0,132.0,73.0,False,241.0,2823.0,2.41,3.0,,,0.0,0.7,0.0,Bán lẻ,0,,"2026-07-02 Cổ phiếu thưởng: Tỷ lệ 100:40 | 2026-06-04 Dự kiến cổ tức: Dự kiến trả cổ tức bằng cổ phiếu năm 2025, tỷ lệ 100: 5 | 2026-06-04 Cổ tức bằng cổ phiếu: Trả cổ tức năm 2025, tỷ lệ 100:5",,
PGC,2026-10-02,14.75,1.27,0.76,4.6,19.0,16.6,17.9,20.7,17.347,11.641,-15.0,26.7,10.1,14.5,29.7,1.99,746,HOSE,Tổng Công ty Gas Petrolimex - CTCP,,890,5.9,1.04,7.5,2026Q2,115.4,-4.4,58.7,35.5,35.6,43.5,197.0,150.0,87.0,53.0,False,3015.0,858.0,1.56,339.0,,,52.4,1.9,50.0,"Điện, nước & xăng dầu khí đốt",0,,2026-06-04 Cổ tức bằng tiền: Trả cổ tức năm 2025 (1200 đ/cp),,
PHP,2026-10-02,46.7,9.69,9.17,-0.6,21.0,45.2,39.3,85.5,49.4,28.049,-5.5,66.5,8.2,26.3,38.4,1.34,746,UPCOM,Công ty Cổ phần Cảng Hải Phòng,,15457,12.6,2.55,1.3,2026Q2,96.0,87.3,92.3,41.7,37.1,47.6,1742.0,1223.0,589.0,7.0,False,2212.0,7127.0,0.24,14.0,,,92.6,0.1,49.0,Hàng & Dịch vụ Công nghiệp,0,,2026-06-26 Cổ tức bằng tiền: Trả cổ tức năm 2025 (900 đ/cp),,
PHR,2026-10-02,33.2,17.1,13.02,-0.9,-4.1,-2.6,9.2,9.9,40.54,26.402,-18.1,25.7,3.1,-0.8,37.0,1.26,746,HOSE,Công ty Cổ phần Cao su Phước Hòa ,,8097,8.7,1.74,2.3,2026Q2,275.8,210.8,244.3,93.4,28.7,83.8,1172.0,935.0,453.0,9.0,False,4811.0,4862.0,0.03,59.0,BUY,45.9,66.6,10.1,0.0,Hóa chất,0,,2026-09-28 Nhắc nhở: chậm công bố thông báo thay đổi số lượng cổ phiếu có quyền b | 2026-08-28 Chốt quyền ĐHCĐ: ĐHĐCĐ bất thường năm 2026 | 2026-08-28 Họp ĐHCĐ: ĐHĐCĐ bất thường năm 2026 | 2026-08-24 Cổ tức bằng tiền: Trả cổ tức năm 2025 (1400 đ/cp),38.3,
PIT,2026-10-02,7.26,2.09,0.72,-15.3,-5.7,-9.8,14.3,31.5,11.9,5.93,-39.0,22.4,-13.9,-5.4,57.5,5.38,746,HOSE,Công ty Cổ phần Xuất nhập khẩu Petrolimex,,103,322.4,1.05,0.0,2026Q2,-421.2,,-2897.6,-5724.4,-17.0,-3002.5,-14.0,-15.0,-11.0,,False,-181.0,98.0,1.97,-176.0,,,52.7,0.5,0.0,Bán lẻ,0,,,,
PIV,2026-10-02,6.0,0.51,0.59,-7.7,-7.7,-7.7,140.0,81.8,9.6,2.4,-37.5,150.0,-7.4,-11.5,60.5,0.4,746,UPCOM,Công ty Cổ phần PIV,,101,9.8,8.71,0.0,2026Q2,,,,,1412.7,,10.0,10.0,3.0,93.0,False,-22.0,12.0,1.93,-22.0,,,0.0,0.0,49.0,Bất động sản,0,,2026-04-02 Cảnh báo: Vốn chủ sở hữu của tổ chức đăng ký giao dịch trong BCTC năm  | 2026-04-02 Chốt quyền ĐHCĐ: ĐHĐCĐ thường niên năm 2026,,
PLC,2026-10-02,18.4,1.94,2.26,-8.5,-12.8,-19.7,-35.9,-23.8,40.0,17.0,-54.0,8.2,-5.2,-21.8,48.0,0.59,746,HNX,Tổng Công ty Hóa dầu Petrolimex - CTCP,,1487,9.9,1.04,0.0,2026Q2,429.7,-31.8,206.9,83.0,-7.1,59.2,228.0,149.0,226.0,16.0,False,495.0,1432.0,1.19,33.0,BUY,31.9,79.1,0.2,0.0,Hóa chất,0,,,73.4,
PLP,2026-10-02,3.49,0.8,0.41,-20.1,-18.3,-33.4,-37.3,-27.3,8.6,3.49,-59.4,0.0,-15.4,-27.0,41.9,2.34,746,HOSE,Công ty cổ phần Sản xuất và Công nghệ Nhựa Pha Lê,,314,6.3,0.3,0.0,2026Q2,457.1,-82.7,174.1,283.7,29.6,164.8,49.0,50.0,30.0,25.0,False,-1095.0,1072.0,1.5,-349.0,,,0.0,0.2,50.0,Hóa chất,0,,"2026-10-02 Kiểm soát (Không hạn chế GD): chuyển cổ phiếu từ diện cảnh báo, tạm dừng, hạn chế sang diệ | 2026-09-17 CP không đủ điều kiện GD ký quỹ: Công ty chậm công bố thông tin báo cáo tài chính bán niên nă | 2026-09-16 Cảnh báo: Tổ chức niêm yết chậm nộp báo cáo tài chính bán niên đã được | 2026-09-14 Nhắc nhở: Nhắc nhở chậm công bố thông tin BCTC bán niên đã được soát x",,
PLX,2026-10-02,35.8,191.92,136.04,-1.2,1.5,-7.8,9.1,-14.7,67.964,30.796,-47.3,16.2,0.7,-11.3,47.5,1.4,746,HOSE,Tập đoàn Xăng dầu Việt Nam,,45487,14.2,1.87,3.3,2026Q2,106.1,-238.3,44.5,50.3,62.6,52.2,4537.0,3212.0,3394.0,28.0,False,18593.0,29217.0,0.37,41.0,BUY,41.1,75.9,14.3,20.0,Dầu khí,2,47.05,2026-07-20 Cổ tức bằng tiền: Trả cổ tức năm 2025 (1200 đ/cp),14.8,31.4
PNJ,2026-10-02,23.05,214.41,290.21,-45.2,-60.7,-68.2,-58.0,-63.6,84.671,23.05,-72.8,0.0,-35.1,-61.6,50.1,1.61,746,HOSE,Công ty Cổ phần Vàng bạc đá quý Phú Nhuận,,11795,4.8,0.88,6.9,2026Q2,-283.2,118.3,-38.5,16.4,49.3,18.5,3008.0,2442.0,-1003.0,3.0,False,3307.0,13457.0,0.3,28.0,O-PF,42.9,0.0,45.5,49.0,Hàng cá nhân & Gia dụng,5,83.1,2026-08-06 Chốt quyền ĐHCĐ: ĐHĐCĐ bất thường năm 2026 | 2026-07-08 Lấy ý kiến cổ đông : V/v:Thông qua phương án mua lại cổ phiếu của chính Công ty t,86.1,260.5
POM,2026-10-02,3.1,0.95,1.9,-11.4,-20.5,-22.5,72.2,3.3,9.0,1.7,-65.6,82.4,-5.4,-30.2,71.4,0.42,737,UPCOM,Công ty Cổ phần Thép Pomina,,884,174.0,4.37,0.0,2026Q2,,,,,30.5,,-838.0,-835.0,-150.0,,False,-5597.0,-960.0,-5.98,-633.0,,,0.0,3.9,50.0,Tài nguyên Cơ bản,0,,,,
POW,2026-10-02,12.7,74.24,92.15,-3.1,-14.8,0.4,8.2,16.9,16.85,10.662,-24.6,19.1,-3.3,-6.0,33.5,0.63,746,HOSE,Tổng Công ty Điện lực Dầu khí Việt Nam – Công ty cổ phần,,38962,6.5,0.94,0.0,2026Q2,384.3,175.7,303.7,265.2,86.0,299.7,7243.0,5954.0,3922.0,12.0,False,5047.0,44300.0,0.86,13.0,BUY,17.8,79.9,3.9,50.0,"Điện, nước & xăng dầu khí đốt",5,16.9,2026-04-10 Họp ĐHCĐ: ĐHĐCĐ thường niên năm 2026 | 2026-04-10 Chốt quyền ĐHCĐ: ĐHĐCĐ thường niên năm 2026,40.2,33.1
PPC,2026-10-02,8.61,0.59,0.98,-3.5,-9.2,-16.0,-15.6,-22.9,11.4,8.5,-24.5,1.3,-2.8,-11.0,16.3,0.45,746,HOSE,Công ty Cổ phần Nhiệt điện Phả Lại ,,2760,10.1,0.62,5.8,2026Q2,1019.0,55.0,149.6,27.1,33.9,16.4,304.0,273.0,80.0,60.0,False,58.0,4462.0,0.0,2.0,O-PF,11.0,51.0,4.4,50.0,"Điện, nước & xăng dầu khí đốt",0,,,27.8,
PPT,2026-10-02,15.2,3.14,3.36,0.0,-0.7,-0.7,13.4,36.8,16.1,13.2,-5.6,15.2,0.0,-0.9,10.5,0.96,746,HNX,CTCP Petro Times,,299,5.4,1.16,0.0,2026Q2,1449.4,129.2,945.9,502.4,22.8,488.0,71.0,55.0,64.0,2.0,False,-64.0,258.0,0.61,-21.0,,,0.0,0.0,0.0,"Điện, nước & xăng dầu khí đốt",0,,2026-05-15 CP không đủ điều kiện GD ký quỹ: Thời gian niêm yết dưới 6 tháng.,,
PSD,2026-10-02,11.8,0.79,0.93,-1.7,-12.6,-8.4,14.8,27.1,15.185,9.97,-22.3,18.4,-2.7,-7.8,39.0,1.07,746,HNX,Công ty Cổ phần Dịch vụ Phân phối Tổng hợp Dầu khí ,,829,4.3,0.98,0.0,2026Q2,65.1,142.5,98.4,97.3,59.9,98.8,243.0,194.0,61.0,73.0,False,739.0,842.0,3.44,89.0,,,73.8,0.1,0.0,Bán lẻ,0,,"2026-07-09 Cổ tức bằng cổ phiếu: Trả cổ tức năm 2025, tỷ lệ 100:30",,
PSI,2026-10-02,7.7,0.69,2.7,-12.5,-28.0,-1.3,-9.4,-1.3,11.8,7.1,-34.7,8.5,-13.1,-10.0,42.4,0.3,746,HNX,Công ty Cổ phần Chứng khoán Dầu khí,,461,6.8,0.58,0.0,2026Q2,59.5,219.5,132.4,156.5,2.6,160.2,85.0,68.0,19.0,,False,2880.0,791.0,3.39,625.0,,,0.0,2.2,100.0,Dịch vụ tài chính,0,,2026-08-10 Chốt quyền ĐHCĐ: ĐHĐCĐ bất thường năm 2026 | 2026-08-10 Họp ĐHCĐ: ĐHĐCĐ bất thường năm 2026,,
PTB,2026-10-02,29.4,3.28,2.83,-6.3,-19.6,-19.7,-6.6,-24.6,44.514,27.75,-34.0,5.9,-4.9,-18.6,28.5,1.28,746,HOSE,Công ty cổ phần Phú Tài,,2952,5.5,0.81,4.8,2026Q2,3.4,30.8,16.5,29.2,18.6,31.8,682.0,536.0,163.0,6.0,False,-1020.0,3726.0,0.52,-35.0,O-PF,52.0,0.0,14.4,25.0,Tài nguyên Cơ bản,0,,"2026-08-05 Cổ tức bằng tiền: Trả cổ tức đợt 1/2026 (1000 đ/cp) | 2026-05-07 Cổ tức bằng tiền: Trả cổ tức năm 2025 (500 đ/cp) | 2026-04-28 Cổ tức bằng cổ phiếu: Trả cổ tức năm 2025, tỷ lệ 100:25",76.9,
PVB,2026-10-02,20.9,2.47,1.92,-4.6,-13.6,-27.2,-29.6,-30.1,43.3,18.9,-51.7,10.6,-2.9,-24.9,40.5,1.29,746,HNX,Công ty Cổ phần Bọc Ống Dầu khí Việt Nam ,,451,5.1,0.99,0.0,2026Q2,66.4,383.1,120.2,1106.8,116.4,602.2,112.0,88.0,41.0,10.0,False,-335.0,457.0,1.55,-74.0,,,52.9,1.2,49.0,Dầu khí,0,,2026-05-15 CP không đủ điều kiện GD ký quỹ: LNST năm 2022 tại BCTC kiểm toán năm 2022 là số âm. | 2026-04-17 Họp ĐHCĐ: ĐHĐCĐ thường niên năm 2026 | 2026-04-17 Chốt quyền ĐHCĐ: ĐHĐCĐ thường niên năm 2026,,
PVC,2026-10-02,12.1,10.47,7.45,-0.8,-5.5,-28.8,5.2,-9.0,23.0,9.3,-47.4,30.1,-0.8,-14.1,55.7,1.1,746,HNX,Tổng công ty Hóa chất và Dịch vụ Dầu khí - CTCP (PVChem),,982,30.7,1.03,0.0,2026Q2,80.9,25.4,54.7,105.4,52.2,241.1,87.0,32.0,23.0,28.0,False,-223.0,1077.0,0.83,-23.0,,,36.0,0.2,0.0,Dầu khí,0,,,,
PVD,2026-10-02,18.0,112.31,83.72,-6.0,-7.7,-10.6,40.0,11.5,27.264,11.265,-34.0,59.8,-3.3,-5.9,45.9,1.5,746,HOSE,Tổng Công ty Cổ phần Khoan và Dịch vụ khoan dầu khí,,16699,15.0,0.96,1.7,2026Q2,-18.3,101.9,27.2,47.9,63.0,40.1,1523.0,1113.0,262.0,13.0,False,-1198.0,17592.0,0.31,-7.0,O-PF,22.0,50.4,8.1,50.0,Dầu khí,6,24.232475,2026-06-25 Cổ phiếu thưởng: Tỷ lệ 100:66.9,22.2,34.6
PVG,2026-10-02,6.0,0.56,0.34,5.3,3.4,-10.4,-7.7,-13.0,9.6,5.4,-37.5,11.1,3.7,-5.2,38.2,1.48,746,HNX,CÔNG TY CỔ PHẦN KINH DOANH LPG VIỆT NAM,,240,11.5,0.47,0.0,2026Q2,158.7,39.4,102.1,26.5,0.2,26.0,26.0,21.0,10.0,114.0,False,1462.0,513.0,0.04,609.0,,,51.3,6.7,0.0,"Điện, nước & xăng dầu khí đốt",0,,,,
PVI,2026-10-02,65.7,1.28,1.24,-0.5,1.5,-8.1,10.0,69.0,108.955,57.692,-39.7,13.9,0.6,-7.2,39.2,0.64,746,HNX,Công ty Cổ phần PVI,,17633,13.3,2.07,4.4,2026Q2,3.6,68.8,33.0,37.2,,36.9,1770.0,1325.0,536.0,61.0,False,28052.0,9476.0,0.11,159.0,,,35.0,56.9,100.0,Bảo hiểm,0,,"2026-07-10 Cổ tức bằng cổ phiếu: Trả cổ tức năm 2025, tỷ lệ 100:10 | 2026-07-10 Cổ tức bằng tiền: Trả cổ tức năm 2025 (2300 đ/cp)",,
PVP,2026-10-02,22.0,27.52,14.83,26.4,31.7,58.3,65.3,50.7,23.05,12.865,-4.6,71.0,24.1,38.0,37.5,1.69,746,HOSE,Công ty cổ phần Vận tải Dầu khí Thái Bình Dương,,2281,7.1,1.18,4.5,2026Q2,200.0,81.3,143.2,67.3,39.8,73.0,405.0,324.0,170.0,16.0,False,1853.0,2032.0,0.32,81.0,,,64.9,3.1,49.0,Hàng & Dịch vụ Công nghiệp,0,,2026-09-10 Chốt quyền ĐHCĐ: ĐHĐCĐ bất thường năm 2026 | 2026-09-07 Cổ tức bằng tiền: Trả cổ tức năm 2025 (1000 đ/cp),,
PVS,2026-10-02,33.5,130.09,101.97,1.5,5.5,-0.5,32.3,7.4,46.998,21.969,-28.7,52.5,8.0,3.0,48.0,1.19,746,HNX,Tổng Công ty Cổ phần Dịch vụ Kỹ thuật Dầu khí Việt Nam,,20559,9.8,1.33,0.0,2026Q2,66.4,37.5,53.1,52.2,29.2,67.0,2650.0,2106.0,754.0,35.0,False,21367.0,16673.0,0.12,104.0,BUY,49.0,51.4,15.9,49.0,Dầu khí,10,50.849999999999994,"2026-09-03 Cổ tức bằng cổ phiếu: Trả cổ tức năm 2025, tỷ lệ 100:20 | 2026-04-16 Chốt quyền ĐHCĐ: ĐHĐCĐ thường niên năm 2026 | 2026-04-16 Họp ĐHCĐ: ĐHĐCĐ thường niên năm 2026",46.3,51.8
PVT,2026-10-02,23.5,185.49,108.84,16.3,18.7,22.2,43.6,20.6,29.728,14.955,-20.9,57.1,14.4,17.8,45.5,1.58,746,HOSE,Tổng Công ty Cổ phần Vận tải dầu khí,,12148,8.5,1.28,0.0,2026Q2,98.6,45.4,75.1,24.7,37.3,31.7,2241.0,1427.0,866.0,13.0,False,3262.0,12375.0,0.57,27.0,BUY,25.2,51.0,15.5,49.0,Hàng & Dịch vụ Công nghiệp,6,26.8955,"2026-08-05 Lấy ý kiến cổ đông : V/v:Miễn nhiệm và bầu bổ sung thành viên Hội đồng quản trị;  | 2026-05-28 Cổ tức bằng cổ phiếu: Trả cổ tức năm 2025, tỷ lệ 100:10",7.2,14.4
QCG,2026-10-02,9.88,0.83,1.16,-11.4,-16.3,-27.4,-29.4,39.4,18.8,9.15,-47.4,8.0,-3.1,-22.5,39.5,0.42,746,HOSE,Công ty Cổ phần Quốc Cường Gia Lai ,,2718,8.2,0.6,0.0,2026Q2,2417.0,46.2,1010.1,207.9,-66.7,190.9,417.0,333.0,209.0,0.0,False,-740.0,4926.0,0.19,-27.0,,,0.0,1.8,49.0,Bất động sản,0,,2026-08-26 Lấy ý kiến cổ đông : V/v:Lấy ý kiến về các vấn đề thuộc thẩm quyền Đại hội đồng c | 2026-04-17 Chốt quyền ĐHCĐ: ĐHĐCĐ thường niên năm 2026 | 2026-04-17 Họp ĐHCĐ: ĐHĐCĐ thường niên năm 2026,,
QNS,2026-10-02,53.1,15.62,10.24,12.3,11.0,19.5,22.1,29.1,53.1,37.23,0.0,42.6,10.9,15.5,12.2,1.71,746,UPCOM,Công Ty Cổ Phần Đường Quảng Ngãi,,19299,10.0,1.88,7.6,2026Q2,6.8,2.1,4.8,-4.1,16.7,-7.4,2264.0,1936.0,663.0,21.0,False,13648.0,10648.0,0.36,71.0,O-PF,53.4,0.0,9.2,50.0,Thực phẩm và đồ uống,1,66.1,2026-08-06 Cổ tức bằng tiền: Trả cổ tức đợt 1/2026 (1000 đ/cp) | 2026-04-03 Cổ tức bằng tiền: Trả cổ tức đợt 3/2025 (2000 đ/cp),0.6,24.5
QTP,2026-10-02,10.8,1.07,1.64,-2.7,-6.1,-17.6,-11.7,-9.9,14.8,10.5,-27.0,2.9,-2.3,-9.9,19.7,0.4,746,UPCOM,Công ty Cổ phần Nhiệt điện Quảng Ninh,,4857,4.1,0.82,11.1,2026Q2,71.4,14.3,44.2,115.5,10.1,101.4,1532.0,1197.0,408.0,5.0,False,2543.0,5909.0,0.0,52.0,BUY,14.6,80.4,0.9,0.0,"Điện, nước & xăng dầu khí đốt",3,14.0,2026-05-19 Chốt quyền ĐHCĐ: ĐHĐCĐ bất thường năm 2026 | 2026-05-19 Họp ĐHCĐ: ĐHĐCĐ bất thường năm 2026,35.2,29.6
REE,2026-10-02,47.4,18.91,19.45,4.1,-2.9,-15.4,-15.0,-4.2,64.524,42.5,-26.5,11.5,2.9,-7.6,23.7,0.78,746,HOSE,Công ty Cổ phần Cơ điện lạnh,,29549,11.2,1.36,1.8,2026Q2,6.6,17.4,12.2,11.7,6.9,10.3,3732.0,2640.0,884.0,17.0,False,492.0,25677.0,0.4,2.0,BUY,60.8,5.3,49.0,49.0,"Điện, nước & xăng dầu khí đốt",5,63.4,"2026-05-15 Họp ĐHCĐ: ĐHĐCĐ bất thường năm 2026 | 2026-05-15 Chốt quyền ĐHCĐ: ĐHĐCĐ bất thường năm 2026 | 2026-04-28 Cổ tức bằng cổ phiếu: Trả cổ tức năm 2025, tỷ lệ 100:15 | 2026-04-07 Dự kiến cổ tức: Dự kiến trả cổ tức bằng cổ phiếu năm 2025, tỷ lệ 100: 15",28.3,33.8
RYG,2026-10-02,8.3,0.38,1.04,7.3,6.7,-9.2,-18.7,,10.598,7.333,-21.7,13.2,3.4,-3.3,26.8,0.32,447,HOSE,CÔNG TY CỔ PHẦN SẢN XUẤT VÀ ĐẦU TƯ HOÀNG GIA,,437,6.9,0.44,0.0,2026Q2,178.1,-29.2,131.4,61.8,26.5,69.3,80.0,63.0,48.0,13.0,False,-1234.0,816.0,2.17,-282.0,,,0.0,0.0,0.0,Xây dựng và Vật liệu,0,,"2026-08-21 Phát hành thêm: Phát hành 22,500,000 cp cho CĐHH, giá 10000 đ/cp | 2026-08-13 Cổ tức bằng cổ phiếu: Trả cổ tức năm 2025, tỷ lệ 100:17 | 2026-04-23 Nhắc nhở: Nhắc nhở chậm CBTT BCTN năm 2025",,
SAB,2026-10-02,42.45,20.05,27.53,-6.9,-5.3,2.9,4.2,-8.4,53.423,39.342,-20.5,7.9,-4.9,-4.4,28.8,0.68,746,HOSE,Tổng Công ty Cổ phần Bia - Rượu - Nước giải khát Sài Gòn,,54445,11.4,3.46,11.8,2026Q2,-1.6,51.4,19.4,16.2,5.8,16.9,6153.0,4775.0,1537.0,17.0,False,37448.0,21455.0,0.02,69.0,BUY,59.0,36.0,58.8,100.0,Thực phẩm và đồ uống,4,59.2,,39.0,39.5
SAM,2026-10-02,6.09,0.64,0.49,-0.2,2.2,-5.1,-14.5,-1.3,7.689,5.4,-20.8,12.8,1.8,-3.4,24.9,1.26,746,HOSE,Công ty Cổ phần SAM HOLDINGS,,2453,21.6,0.59,0.0,2026Q2,53.9,66.2,57.0,111.3,57.0,103.6,165.0,113.0,59.0,117.0,False,-610.0,4791.0,0.42,-25.0,,,0.0,0.5,49.0,Công nghệ Thông tin,0,,"2026-05-27 Cổ tức bằng cổ phiếu: Trả cổ tức năm 2025, tỷ lệ 100:6 | 2026-05-11 Dự kiến cổ tức: Dự kiến trả cổ tức bằng cổ phiếu năm 2025, tỷ lệ 100: 6",,
SAS,2026-10-02,34.2,0.56,0.74,0.0,-1.5,6.7,5.6,45.7,40.199,26.859,-14.9,27.3,2.0,5.2,31.6,0.87,746,UPCOM,Công ty Dịch vụ Hàng không sân bay Tân Sơn Nhất,,4540,5.4,3.86,8.3,2026Q2,81.9,34.1,57.5,56.4,1.2,57.2,1004.0,845.0,248.0,31.0,False,2138.0,1713.0,0.0,47.0,,,49.1,0.3,49.0,Bán lẻ,0,,2026-08-20 Chốt quyền ĐHCĐ: ĐHĐCĐ bất thường năm 2026 | 2026-08-20 Họp ĐHCĐ: ĐHĐCĐ bất thường năm 2026 | 2026-07-29 Cổ tức bằng tiền: Trả cổ tức đợt 2/2025 (4024 đ/cp) | 2026-05-05 Họp ĐHCĐ: ĐHĐCĐ thường niên năm 2026,,
SBB,2026-10-02,18.6,0.64,0.6,-6.1,-8.8,15.3,17.4,7.4,22.57,14.354,-17.6,29.6,-5.2,4.1,40.8,1.24,697,UPCOM,Công ty Cổ phần Tập đoàn Bia Sài Gòn Bình Tây,,1611,4.7,1.1,0.1,2026Q2,229.2,639.7,344.7,,11.6,,362.0,340.0,113.0,4.0,False,518.0,1479.0,0.0,32.0,,,0.0,0.0,100.0,Thực phẩm và đồ uống,0,,2026-09-03 Cổ tức bằng tiền: Trả cổ tức năm 2025 (200 đ/cp),,
SBG,2026-10-02,13.95,3.69,3.02,-1.4,17.7,44.9,35.0,58.7,14.65,9.375,-4.8,48.8,5.6,20.6,27.7,1.33,704,HOSE,Công ty Cổ phần Tập đoàn Cơ khí Công nghệ cao Siba,,863,15.5,1.33,0.0,2026Q2,315.0,-40.9,108.3,17.9,-60.0,16.6,68.0,56.0,34.0,33.0,False,-155.0,651.0,1.15,-18.0,,,0.0,1.6,50.0,Hàng & Dịch vụ Công nghiệp,0,,"2026-07-27 Nhắc nhở: chậm công bố thông tin QĐ xử phạt VPHC về thuế | 2026-06-10 Cổ tức bằng cổ phiếu: Trả cổ tức năm 2025, tỷ lệ 100:20 | 2026-06-10 Lấy ý kiến cổ đông : V/v:Sửa đổi, bổ sung phương án phát hành cổ phiếu theo chươn",,
SBS,2026-10-02,4.0,1.3,2.11,-13.0,-24.5,-23.1,-36.5,-27.3,7.1,3.9,-43.7,2.6,-9.9,-22.1,44.1,0.58,746,UPCOM,Công ty Cổ phần Chứng khoán Ngân hàng Sài Gòn Thương tín ,,624,14.1,2.31,0.0,2026Q2,,,,,25.1,,44.0,44.0,44.0,,False,580.0,270.0,0.0,93.0,,,0.0,0.8,100.0,Dịch vụ tài chính,0,,,,
SBT,2026-10-02,22.3,27.21,21.3,-2.4,4.9,7.9,-1.5,103.1,26.038,19.151,-14.4,16.4,-0.4,2.3,19.5,1.6,746,HOSE,Công ty Cổ phần Thành Thành Công - Biên Hòa,,20842,24.9,1.76,0.4,2026Q2,46.2,5.7,23.2,-4.4,4.7,3.1,908.0,838.0,259.0,165.0,False,-1531.0,12441.0,1.36,-7.0,,,0.0,24.0,100.0,Thực phẩm và đồ uống,0,,2026-06-10 Chốt quyền ĐHCĐ: ĐHĐCĐ bất thường năm 2026 | 2026-06-10 Họp ĐHCĐ: ĐHĐCĐ bất thường năm 2026 | 2026-06-10 Họp ĐHCĐ: ĐHĐCĐ thường niên năm 2026 | 2026-06-10 Chốt quyền ĐHCĐ: ĐHĐCĐ thường niên năm 2026,,
SCG,2026-10-02,64.3,1.71,1.65,-1.5,4.2,4.9,-3.0,-1.8,78.8,57.0,-18.4,12.8,-0.3,-0.8,19.7,1.01,746,HNX,Công ty Cổ phần Tập đoàn Xây dựng SCG,,5466,20.4,3.18,0.0,2026Q2,-88.3,300.1,-50.4,29.9,17.9,26.8,338.0,269.0,14.0,132.0,False,-3327.0,1734.0,2.2,-61.0,,,0.0,0.0,49.0,Xây dựng và Vật liệu,0,,,,
SCL,2026-10-02,28.5,3.29,3.72,2.5,46.9,65.4,74.3,75.5,29.5,13.885,-3.4,105.3,11.4,44.6,38.2,1.2,746,UPCOM,Công ty Cổ phần Sông Đà Cao Cường,,1105,11.5,2.28,0.0,2026Q2,140.2,99.0,125.4,201.3,71.6,203.9,120.0,96.0,48.0,1.0,False,-283.0,486.0,0.72,-26.0,,,0.0,0.0,49.0,Xây dựng và Vật liệu,0,,"2026-05-27 Cổ tức bằng cổ phiếu: Trả cổ tức năm 2025, tỷ lệ 100:17",,
SCR,2026-10-02,3.98,4.28,5.54,-12.9,-20.4,-36.0,-57.1,-27.5,10.1,3.81,-60.6,4.5,-9.7,-30.5,33.6,0.79,746,HOSE,Công ty Cổ phần Địa ốc Sài Gòn Thương Tín,,1714,24.2,0.32,0.0,2026Q2,-67.2,50.2,-52.8,2.8,-35.2,117.1,70.0,71.0,15.0,483.0,False,-2088.0,5378.0,0.89,-122.0,,,0.0,0.4,50.0,Bất động sản,0,,,,
SCS,2026-10-02,43.4,3.44,4.65,-2.4,-6.9,-15.0,-21.3,-32.8,55.672,42.0,-22.0,3.3,-1.9,-10.2,18.8,0.7,746,HOSE,Công ty Cổ phần Dịch vụ Hàng hóa Sài Gòn,,4474,5.9,3.23,12.9,2026Q2,-0.4,1.9,0.7,10.8,-1.2,5.4,943.0,754.0,235.0,11.0,False,3252.0,1625.0,0.1,73.0,M-PF,43.4,13.6,7.5,30.0,Du lịch và Giải trí,1,85.0,2026-07-10 Cổ tức bằng tiền: Trả cổ tức đợt 2/2025 (2500 đ/cp),0.0,95.9
SEA,2026-10-02,58.5,1.11,0.98,-12.3,19.0,24.8,22.7,48.6,79.134,31.773,-26.1,84.1,-3.6,20.1,82.8,2.14,746,UPCOM,Tổng Công ty Thủy sản Việt Nam – Công ty cổ phần,,7412,38.6,2.99,0.9,2026Q2,-20.1,10.8,-6.9,29.8,29.3,7.0,231.0,192.0,51.0,19.0,False,788.0,2656.0,0.05,11.0,,,63.4,0.0,0.0,Thực phẩm và đồ uống,0,,2026-08-21 Cổ tức bằng tiền: Trả cổ tức năm 2025 (500 đ/cp),,
SGP,2026-10-02,19.4,0.58,0.54,-4.4,-14.2,-19.8,-28.1,-24.8,30.1,18.3,-35.5,6.0,-3.9,-17.9,33.5,0.84,746,UPCOM,Công ty Cổ phần Cảng Sài Gòn,,4228,9.6,1.4,0.0,2026Q2,30.6,31.4,31.0,60.9,7.8,65.1,504.0,439.0,156.0,19.0,False,2453.0,3142.0,0.11,58.0,,,74.4,0.7,49.0,Hàng & Dịch vụ Công nghiệp,0,,,,
SHB,2026-10-02,11.15,440.9,555.19,-8.6,-18.3,-25.2,-33.5,35.1,18.184,11.1,-38.7,0.5,-4.8,-20.3,26.7,0.75,746,HOSE,Ngân hàng Thương mại Cổ phần Sài Gòn - Hà Nội ,,54460,4.5,0.72,0.0,2026Q2,-1.9,6.5,2.2,11.6,5.2,10.7,15217.0,12146.0,4487.0,,True,,,,,,,0.6,4.0,30.0,Ngân hàng,1,19.02235,,,70.6
SHI,2026-10-02,14.0,3.48,2.94,-0.7,-0.7,-1.8,-1.1,0.0,19.2,13.1,-27.1,6.9,-1.1,-2.1,26.4,1.04,746,HOSE,Công ty Cổ phần Quốc tế Sơn Hà,,2379,68.8,1.26,0.0,2026Q2,-32.9,-16.6,-25.1,-41.1,11.3,-65.9,114.0,35.0,21.0,50.0,False,-4440.0,2196.0,2.57,-187.0,,,0.0,0.3,49.0,Tài nguyên Cơ bản,0,,,,
SHN,2026-10-02,8.0,1.17,2.0,19.4,17.6,105.1,50.9,19.4,11.4,3.2,-29.8,150.0,7.0,55.7,67.9,0.99,746,HNX,Công ty Cổ phần Đầu tư Tổng hợp Hà Nội,,1037,148.7,0.65,0.0,2026Q2,-86.1,-88.7,-87.2,-153.6,36.3,-155.9,-9.0,-7.0,1.0,7035.0,False,-2362.0,1607.0,2.05,-228.0,,,0.0,0.0,0.0,Tài nguyên Cơ bản,0,,"2026-09-30 Lấy ý kiến cổ đông : V/v:Thông qua chủ trương đầu tư thực hiện Dự án Khu đô thị h | 2026-09-09 CP không đủ điều kiện GD ký quỹ: Báo cáo tài chính bán niên năm 2026 được soát xét có ý kiến  | 2026-06-16 Lấy ý kiến cổ đông : V/v:Bổ sung ngành, nghề kinh doanh và các nội dung khác thuộ",,
SHS,2026-10-02,13.0,102.18,174.55,-17.7,-32.6,-23.1,-48.0,-5.2,28.2,12.7,-53.9,2.4,-12.7,-25.7,46.9,0.6,746,HNX,Công ty Cổ phần Chứng khoán Sài Gòn Hà Nội ,,11693,11.6,0.93,7.0,2026Q2,-80.6,-14.0,-53.1,7.1,-19.1,5.7,1230.0,1005.0,90.0,,False,13458.0,12544.0,1.07,115.0,,,0.0,9.0,49.0,Dịch vụ tài chính,0,,,,
SIP,2026-10-02,48.6,3.48,3.98,-1.7,-2.7,-12.2,-3.2,-14.6,62.457,45.15,-22.2,7.6,-1.2,-6.5,27.2,0.48,746,HOSE,Công ty Cổ phần Đầu tư Sài Gòn VRG,,11767,8.3,2.44,10.3,2026Q2,37.0,-10.4,10.8,10.5,12.4,12.6,1937.0,1420.0,556.0,40.0,False,17545.0,5373.0,1.02,149.0,BUY,58.9,1.8,2.3,49.0,Bất động sản,7,74.0,2026-04-29 Cổ tức bằng tiền: Trả cổ tức đợt 2/2025 (4000 đ/cp),21.2,52.3
SJD,2026-10-02,13.9,0.6,0.74,-0.4,-1.8,-0.7,-2.1,9.6,14.35,13.7,-3.1,1.5,-0.2,-0.8,6.3,0.88,746,HOSE,Công ty Cổ phần Thủy Điện Cần Đơn,,959,5.8,0.96,12.0,2026Q2,-13.4,82.6,9.5,10.1,-1.2,10.8,206.0,165.0,40.0,11.0,False,435.0,1005.0,0.19,45.0,,,51.0,6.2,50.0,"Điện, nước & xăng dầu khí đốt",0,,2026-04-17 Chốt quyền ĐHCĐ: ĐHĐCĐ thường niên năm 2026 | 2026-04-17 Họp ĐHCĐ: ĐHĐCĐ thường niên năm 2026,,
SJS,2026-10-02,52.6,0.92,1.99,-6.4,9.6,8.8,-23.3,101.8,71.3,44.5,-26.2,18.2,2.1,0.5,29.7,0.48,746,HOSE,Công Ty Cổ Phần SJ Group,,15647,25.7,4.07,0.0,2026Q2,135.6,154.8,143.3,72.3,120.3,77.6,763.0,610.0,307.0,0.0,False,-2840.0,3856.0,0.75,-18.0,,,0.0,0.6,50.0,Bất động sản,0,,,,
SMC,2026-10-02,9.99,0.7,1.24,-3.0,-5.8,-20.7,-27.6,28.2,15.2,9.2,-34.3,8.6,-2.2,-14.1,36.8,0.34,746,HOSE,Công ty Cổ phần đầu tư thương mại SMC ,,735,2.2,0.68,0.0,2026Q2,,5250.9,,,-37.2,,362.0,327.0,28.0,16.0,False,-613.0,1052.0,1.24,-83.0,,,0.0,20.2,100.0,Tài nguyên Cơ bản,0,,2026-07-22 Chốt quyền ĐHCĐ: ĐHĐCĐ bất thường năm 2026 | 2026-04-22 Nhắc nhở: nhắc nhở chậm CBTT định kỳ đồng thời bằng tiếng Anh,,
SSB,2026-10-02,17.05,75.68,49.15,-0.3,3.3,22.3,6.5,17.1,24.8,13.234,-31.2,28.8,-1.3,12.5,29.6,1.47,746,HOSE,Ngân hàng Thương mại Cổ phần Đông Nam Á,,59143,19.8,1.4,0.0,2026Q2,-13.7,-68.1,-54.6,-56.8,-36.5,-56.5,3710.0,2985.0,1237.0,,True,,,,,,,0.0,0.9,30.0,Ngân hàng,0,,"2026-05-19 Cổ tức bằng cổ phiếu: Trả cổ tức năm 2025, tỷ lệ 100:20.52",,
SSI,2026-10-02,19.7,423.32,432.12,-7.7,-9.9,-8.7,-28.5,0.5,31.526,17.345,-37.5,13.6,-2.1,-11.5,36.0,1.09,746,HOSE,Công ty Cổ phần chứng khoán SSI,,59126,12.3,1.55,3.5,2026Q2,27.6,52.2,39.1,57.4,26.1,71.6,5961.0,4802.0,1529.0,,False,40803.0,40724.0,1.33,69.0,BUY,25.8,0.0,30.0,100.0,Dịch vụ tài chính,6,32.05,2026-07-30 Cổ phiếu thưởng: Tỷ lệ 100:20 | 2026-07-30 Cổ tức bằng tiền: Trả cổ tức năm 2025 (1000 đ/cp),31.0,62.7
STB,2026-10-02,68.4,229.48,258.25,-9.4,-5.0,12.5,16.5,103.9,79.0,45.95,-13.4,48.9,-8.2,1.9,38.1,0.66,746,HOSE,Ngân hàng TMCP Sài Gòn Tài Lộc,,128949,41.9,2.05,0.0,2026Q2,-44.5,-42.7,-43.6,-69.9,12.3,-73.4,4433.0,3080.0,2030.0,,True,,,,,M-PF,73.5,0.0,10.6,30.0,Ngân hàng,3,73.0,,7.5,6.7
SVN,2026-10-02,3.7,1.57,1.31,12.1,42.3,94.7,19.4,23.3,4.5,1.7,-17.8,117.6,11.6,43.0,63.2,1.26,746,HNX,Công ty cổ phần Tập đoàn Vexilla Việt Nam,,78,389.8,0.35,0.0,2026Q2,-125.8,-84.4,-95.8,-82.1,-100.0,-86.9,0.0,0.0,0.0,1176.0,False,52.0,226.0,0.0,67.0,,,0.0,0.0,49.0,Xây dựng và Vật liệu,0,,2026-09-09 CP không đủ điều kiện GD ký quỹ: Lợi nhuận sau thuế của công ty mẹ 06 tháng đầu năm 2026 tại  | 2026-05-15 Họp ĐHCĐ: ĐHĐCĐ thường niên năm 2026 | 2026-05-15 Chốt quyền ĐHCĐ: ĐHĐCĐ thường niên năm 2026,,
SZC,2026-10-02,16.8,5.42,6.99,-10.1,-20.2,-37.1,-47.9,-50.9,35.478,16.031,-52.6,4.8,-6.5,-30.8,34.4,0.62,746,HOSE,Công ty cổ phần Sonadezi Châu Đức,,3024,18.9,0.94,5.9,2026Q2,-80.4,-86.4,-83.8,-51.7,-62.9,-54.7,213.0,160.0,23.0,21.0,False,-1611.0,3211.0,0.78,-53.0,O-PF,24.7,46.8,1.1,20.0,Bất động sản,1,42.9,2026-08-21 Cổ tức bằng tiền: Trả cổ tức năm 2025 (1000 đ/cp),47.0,155.4
SZL,2026-10-02,26.2,0.95,0.75,-10.9,-2.4,-6.3,4.9,21.9,30.633,23.869,-14.5,9.8,-5.5,-4.7,20.0,1.36,746,HOSE,Công ty Cổ phần Sonadezi Long Thành,,1263,8.8,1.65,6.5,2026Q2,-7.7,21.4,5.2,32.7,11.3,32.9,175.0,143.0,39.0,1.0,False,-61.0,767.0,0.34,-5.0,,,58.6,16.2,0.0,Bất động sản,0,,"2026-08-27 Cổ tức bằng cổ phiếu: Trả cổ tức năm 2025, tỷ lệ 100:70 | 2026-08-27 Cổ tức bằng tiền: Trả cổ tức năm 2025 (2500 đ/cp)",,
TAH,2026-10-02,22.3,0.19,1.25,0.9,,,,,28.2,18.0,-20.9,23.9,-2.5,,30.1,0.16,51,UPCOM,Cổ phiếu Công ty cổ phần Thương mại Dịch vụ Giấy Thuận An,,6010,,1.53,,2026Q2,,,,,,,,,346.0,6.0,False,703.0,3953.0,0.41,12.0,,,0.0,0.0,0.0,Tài nguyên Cơ bản,0,,2026-07-14 Niêm yết UPCOM: Giá tham chiếu: 16.500 đ/cp,,
TAL,2026-10-02,23.0,5.81,5.65,-7.6,-13.2,-27.6,-30.9,89.8,39.265,19.5,-41.4,17.9,-0.9,-20.4,40.1,1.21,670,HOSE,CTCP Đầu tư Bất động sản Taseco,,11592,13.2,2.07,5.6,2026Q2,209.2,477.6,306.9,26.0,69.2,22.7,1168.0,879.0,191.0,11.0,False,-1403.0,6554.0,0.72,-12.0,,,0.0,9.9,49.0,Bất động sản,0,,"2026-05-20 Cổ phiếu thưởng: Tỷ lệ 100:30 | 2026-05-20 Cổ tức bằng cổ phiếu: Trả cổ tức năm 2025, tỷ lệ 100:10 | 2026-05-20 Cổ tức bằng tiền: Trả cổ tức năm 2025 (500 đ/cp)",,
TCB,2026-10-02,32.25,493.5,493.51,-3.4,-4.0,10.7,-15.2,35.7,41.135,27.766,-21.6,16.1,2.8,-0.1,31.8,1.1,746,HOSE,Ngân hàng Thương mại Cổ phần Kỹ Thương Việt Nam - Techcombank,,228531,8.4,1.28,5.2,2026Q2,22.4,22.6,22.5,32.9,17.5,27.3,35943.0,27116.0,9670.0,,True,,,,,BUY,42.6,0.0,20.6,22.5,Ngân hàng,10,42.35,2026-08-06 Lấy ý kiến cổ đông : V/v:Thông qua một số vấn đề thuộc thẩm quyền của Đại hội đồn | 2026-05-07 Cổ tức bằng tiền: Trả cổ tức năm 2025 (700 đ/cp),32.1,31.3
TCH,2026-10-02,10.9,48.94,58.32,-10.5,-16.2,-27.3,-43.0,-18.1,22.728,9.591,-52.0,13.6,-3.6,-20.4,45.2,0.72,746,HOSE,Công ty Cổ phần Đầu tư Dịch vụ Tài chính Hoàng Huy,,10936,36.6,0.94,0.0,2026Q2,158.4,-56.8,-14.8,-60.6,-32.4,-60.3,476.0,299.0,201.0,57.0,False,8557.0,14529.0,0.0,78.0,,,0.0,10.1,51.0,Bất động sản,1,21.7,2026-08-19 Cổ phiếu thưởng: Tỷ lệ 100:10 | 2026-05-27 Chốt quyền ĐHCĐ: ĐHĐCĐ thường niên năm 2026 | 2026-05-27 Họp ĐHCĐ: ĐHĐCĐ thường niên năm 2026,,99.1
TCI,2026-10-02,9.89,0.88,0.54,1.4,-5.4,7.3,-18.3,9.9,12.8,7.78,-22.7,27.1,1.3,-0.3,33.5,0.59,737,HOSE,Công ty cổ phần Chứng khoán Thành Công,,1143,70.4,0.87,0.0,2026Q2,84.8,-92.3,-20.6,-81.2,-11.5,-74.3,13.0,16.0,37.0,,False,2440.0,1321.0,0.67,213.0,,,0.0,5.0,100.0,Dịch vụ tài chính,0,,,,
TCM,2026-10-02,15.3,12.47,16.85,-11.6,-23.9,-27.2,-43.5,-61.2,27.194,15.15,-43.7,1.0,-7.6,-26.9,24.0,0.86,746,HOSE,Công ty Cổ phần Dệt may - Đầu tư - Thương mại Thành Công ,,1800,8.2,0.75,6.2,2026Q2,-44.5,-16.2,-30.7,-27.3,5.0,-27.0,277.0,220.0,57.0,23.0,False,613.0,2416.0,0.4,34.0,,,0.0,48.0,50.0,Hàng cá nhân & Gia dụng,0,,2026-05-13 Cổ phiếu thưởng: Tỷ lệ 100:5 | 2026-05-13 Cổ tức bằng tiền: Trả cổ tức đợt 2/2025 (500 đ/cp),,
TCO,2026-10-02,10.55,4.54,3.9,-6.2,-2.3,-21.6,-4.1,-2.2,16.6,8.01,-36.4,31.7,-2.0,-6.6,40.2,1.38,746,HOSE,CÔNG TY CỔ PHẦN JANUS GROUP,,605,18.4,1.49,0.0,2026Q2,237.2,-48.2,-9.2,-26.7,-73.1,-30.0,48.0,33.0,21.0,159.0,False,-786.0,465.0,1.71,-130.0,,,0.0,0.2,49.0,Thực phẩm và đồ uống,0,,"2026-09-30 Lấy ý kiến cổ đông : V/v:Các vấn đề thuộc thẩm quyền của Đại hội đồng cổ đông, đư",,
TCX,2026-10-02,27.9,69.53,64.33,-17.9,-25.6,-19.1,,,44.537,27.9,-37.4,0.0,-13.9,-20.1,36.8,1.31,236,HOSE,Công ty Cổ phần Chứng khoán Techcombank,,92889,15.2,2.03,1.2,2026Q2,21.0,11.3,16.8,50.2,39.2,50.3,7621.0,6092.0,2097.0,,False,46266.0,45782.0,1.08,50.0,,,0.0,8.5,100.0,Dịch vụ tài chính,1,52.9,"2026-09-11 Cổ tức bằng cổ phiếu: Trả cổ tức năm 2025, tỷ lệ 100:20 | 2026-05-19 Cổ tức bằng cổ phiếu: Trả cổ tức năm 2024, tỷ lệ 100:20",,89.6
TDC,2026-10-02,6.5,0.41,1.25,-9.7,-29.3,-35.7,-43.9,-29.6,11.903,6.11,-45.4,6.4,-7.9,-30.3,20.9,0.46,746,HOSE,Công ty Cổ phần Kinh doanh và Phát triển Bình Dương,,827,3.8,0.51,0.0,2026Q2,-91.3,-49.7,-78.7,-33.7,24.1,-43.5,270.0,219.0,4.0,11.0,False,-1307.0,1656.0,0.83,-158.0,,,47.7,0.4,50.0,Bất động sản,0,,2026-06-15 Cổ tức bằng tiền: Trả cổ tức năm 2025 (800 đ/cp),,
TDM,2026-10-02,58.6,0.31,1.8,-1.2,2.2,7.6,6.0,29.1,62.5,50.357,-6.2,16.4,-0.9,4.1,26.2,0.24,746,HOSE,Công ty cổ phần Nước Thủ Dầu Một,,7162,46.0,2.03,2.5,2026Q2,-59.1,-16.3,-28.1,-51.2,-16.0,-50.0,161.0,156.0,23.0,77.0,False,-721.0,2566.0,0.34,-10.0,M-PF,57.7,0.0,0.6,50.0,"Điện, nước & xăng dầu khí đốt",0,,"2026-07-01 Phát hành thêm: Phát hành 11,110,000 cp cho CĐHH, giá 43500 đ/cp",-1.5,
TDP,2026-10-02,27.45,8.23,7.23,-4.1,5.6,2.4,-3.2,-3.2,32.591,21.413,-15.8,28.2,-1.1,2.0,40.8,1.28,746,HOSE,Công ty cổ phần Thuận Đức,,2829,21.1,2.22,0.0,2026Q2,75.1,95.6,82.9,46.3,33.7,52.1,177.0,134.0,62.0,47.0,False,-749.0,1277.0,2.46,-26.0,,,0.0,0.8,51.0,Hàng & Dịch vụ Công nghiệp,0,,"2026-07-21 Cổ tức bằng cổ phiếu: Trả cổ tức năm 2025, tỷ lệ 100:10",,
TEG,2026-10-02,5.8,0.86,0.41,-3.3,-3.2,-2.7,-12.7,-32.2,7.5,5.51,-22.7,5.3,-2.3,-4.7,33.4,2.48,746,HOSE,Công ty Cổ phần Trường Thành Energy Group,,701,26.2,0.52,0.0,2026Q2,363.7,-40.8,105.0,298.1,-22.7,349.1,38.0,27.0,11.0,126.0,False,325.0,1467.0,0.16,46.0,,,0.0,5.2,49.0,Bất động sản,0,,2026-08-18 Lấy ý kiến cổ đông : V/v:Miễn nhiệm và bầu bổ sung thành viên Ban kiểm soát; Các  | 2026-06-03 Nhắc nhở: nhắc nhở chậm CBTT Điều lệ sửa đổi bằng tiếng Anh,,
THD,2026-10-02,109.0,0.77,1.36,-22.3,-26.0,249.4,297.8,207.0,220.0,25.9,-50.5,320.8,-18.2,32.3,65.6,0.26,746,HNX,CÔNG TY CỔ PHẦN THAIHOLDINGS,,41965,275.6,8.29,0.0,2026Q2,181.8,14.4,93.2,69.0,8.7,75.3,184.0,152.0,83.0,45.0,False,3370.0,5063.0,0.0,8.0,,,0.0,0.1,49.0,Bất động sản,0,,2026-05-27 Chốt quyền ĐHCĐ: ĐHĐCĐ bất thường năm 2026 lần 1,,
TIG,2026-10-02,5.6,3.45,3.37,-8.2,-11.1,-18.8,-34.9,-58.2,9.2,5.5,-39.1,1.8,-3.9,-19.4,33.1,1.07,746,HNX,Công ty Cổ phần Tập đoàn Đầu tư Thăng long,,1084,31.2,0.52,0.0,2026Q2,-66.6,-79.1,-77.8,-54.4,-53.3,-65.8,58.0,35.0,2.0,365.0,False,60.0,2174.0,0.5,6.0,,,0.0,10.4,49.0,Bất động sản,0,,,,
TIN,2026-10-02,99.0,0.99,1.91,-10.6,-11.2,-40.4,86.8,816.7,180.0,49.0,-45.0,102.0,-6.6,-10.5,66.9,0.47,746,UPCOM,Công ty Tài chính tổng hợp cổ phần Tín Việt,,8750,5.4,3.08,0.0,2026Q2,97.3,661.8,232.0,487.8,213.8,418.9,2040.0,1630.0,477.0,,True,,,,,,,14.3,1.9,50.0,Dịch vụ tài chính,0,,,,
TLD,2026-10-02,8.07,1.8,1.51,-2.5,-5.1,-2.3,-0.6,48.1,8.7,7.66,-7.2,5.4,-2.4,-3.3,12.5,1.04,746,HOSE,Công ty Cổ phần Đầu tư Xây dựng và Phát triển Đô thị Thăng Long,,627,10.4,0.72,0.0,2026Q2,-524.0,1103.7,-51.5,427.4,-12.7,368.5,74.0,60.0,-28.0,27.0,False,-121.0,1019.0,0.31,-19.0,,,0.0,0.0,49.0,Xây dựng và Vật liệu,0,,2026-04-14 Họp ĐHCĐ: ĐHĐCĐ thường niên năm 2026 | 2026-04-14 Chốt quyền ĐHCĐ: ĐHĐCĐ thường niên năm 2026,,
TLG,2026-10-02,54.5,11.73,7.88,3.2,12.2,14.8,20.9,39.9,58.269,42.241,-6.5,29.0,6.8,11.0,28.0,1.58,746,HOSE,Công ty Cổ phần Tập đoàn Thiên Long,,5261,11.4,2.15,6.3,2026Q2,-9.6,44.7,4.8,7.3,15.4,6.3,590.0,460.0,253.0,7.0,False,629.0,2545.0,0.23,12.0,O-PF,56.1,0.0,9.7,100.0,Hàng cá nhân & Gia dụng,1,61.6,2026-07-01 Cổ tức bằng tiền: Trả cổ tức đợt 1/2026 (1000 đ/cp),2.9,13.0
TMB,2026-10-02,42.0,0.52,0.21,-12.3,-18.9,-21.0,-28.5,-32.2,61.783,41.0,-32.0,2.4,-11.0,-17.6,27.5,3.15,746,HNX,Công ty Cổ phần Kinh doanh Than miền Bắc - Vinacomin,,630,7.3,0.7,6.8,2026Q2,63.0,-36.8,10.3,-47.0,11.2,-53.1,132.0,87.0,79.0,12.0,False,-4342.0,896.0,4.99,-689.0,,,67.4,0.0,0.0,Tài nguyên Cơ bản,0,,2026-05-15 Cổ tức bằng tiền: Trả cổ tức năm 2025 (2842 đ/cp),,
TNG,2026-10-02,16.6,4.6,6.59,-1.8,-9.4,-20.4,-2.8,-19.3,25.822,14.26,-35.7,16.4,-0.4,-10.6,38.0,0.49,746,HNX,Công ty Cổ phần Đầu tư và Thương mại TNG,,2137,4.9,1.13,11.9,2026Q2,21.4,40.9,26.6,24.2,20.5,26.3,539.0,440.0,182.0,17.0,False,-3237.0,2012.0,2.19,-151.0,,,0.0,21.4,49.0,Hàng cá nhân & Gia dụng,4,27.05,2026-07-23 Cổ tức bằng tiền: Trả cổ tức đợt 1/2026 (1000 đ/cp) | 2026-04-28 Cổ tức bằng tiền: Trả cổ tức đợt 4/2025 (500 đ/cp),,63.0
TNH,2026-10-02,5.82,1.06,0.84,-29.4,-27.6,-42.1,-57.2,-65.3,13.95,5.75,-58.3,1.2,-24.9,-40.4,24.2,1.23,746,HOSE,CÔNG TY CỔ PHẦN TẬP ĐOÀN BỆNH VIỆN TNH ,,965,56.7,0.59,0.0,2026Q2,,,,,27.7,,-108.0,-109.0,-24.0,,False,-1228.0,1684.0,0.75,-127.0,,,0.0,53.2,70.0,Y tế,0,,2026-09-29 Chốt quyền ĐHCĐ: ĐHĐCĐ bất thường năm 2026 lần 1 | 2026-04-07 Họp ĐHCĐ: ĐHĐCĐ thường niên năm 2026 | 2026-04-07 Chốt quyền ĐHCĐ: ĐHĐCĐ thường niên năm 2026,,
TNI,2026-10-02,4.65,2.12,6.35,-15.5,-8.6,-5.9,-32.2,97.9,7.68,3.91,-39.5,18.9,-20.0,-10.1,53.0,0.71,746,HOSE,Công ty Cổ phần Tập đoàn Thành Nam,,244,4.1,0.44,0.0,2026Q2,73.6,,,,31.3,,61.0,60.0,8.0,354.0,False,-296.0,607.0,0.57,-121.0,,,0.0,0.2,49.0,Tài nguyên Cơ bản,0,,2026-04-20 CP đủ điều kiện GD ký quỹ: ,,
TOS,2026-10-02,79.8,2.59,3.05,-17.3,-23.6,-21.5,13.4,241.8,117.058,67.988,-31.8,17.4,-13.9,-19.3,38.8,1.22,746,UPCOM,Công ty Cổ phần Dịch vụ biển Tân Cảng,,6033,5.8,2.56,2.1,2026Q2,5.2,8.3,6.7,44.3,24.7,41.3,1392.0,1038.0,293.0,6.0,False,-973.0,2974.0,1.01,-16.0,,,0.0,0.0,0.0,Dầu khí,0,,2026-07-09 Cổ phiếu thưởng: Tỷ lệ 100:66.67 | 2026-05-28 Cổ tức bằng tiền: Trả cổ tức năm 2025 (2500 đ/cp) | 2026-04-14 Họp ĐHCĐ: ĐHĐCĐ thường niên năm 2026 | 2026-04-14 Chốt quyền ĐHCĐ: ĐHĐCĐ thường niên năm 2026,,
TPB,2026-10-02,11.9,110.85,105.73,-3.2,-14.3,-11.4,-20.8,-8.8,16.109,11.542,-26.1,3.1,-1.6,-11.1,27.4,0.97,746,HOSE,Ngân hàng Thương mại cổ phần Tiên Phong,,37963,5.0,0.85,0.0,2026Q2,16.7,-0.1,8.1,19.4,11.0,18.4,9568.0,7579.0,2377.0,,True,,,,,BUY,15.15,0.0,21.8,30.0,Ngân hàng,3,21.7,"2026-09-23 Cổ tức bằng cổ phiếu: Trả cổ tức năm 2025, tỷ lệ 100:15 | 2026-09-23 Cổ tức bằng tiền: Trả cổ tức năm 2026 (500 đ/cp) | 2026-06-23 Lấy ý kiến cổ đông : V/v:Thông qua việc TPBank thực hiện hoạt động “Cung cấp dịch",27.3,82.4
TPC,2026-10-02,11.9,1.67,0.57,9.2,8.2,7.7,3.5,98.3,13.8,5.96,-13.8,99.7,8.9,8.5,48.5,2.19,746,HOSE,Công ty Cổ phần Nhựa Tân Đại Hưng,,200,15.0,0.83,0.0,2026Q2,370.3,-52.4,90.7,22.5,6.0,22.4,13.0,13.0,10.0,67.0,False,280.0,242.0,0.78,140.0,,,0.0,2.3,49.0,Hóa chất,0,,2026-09-15 Nhắc nhở: Nhắc nhở chậm CBTT NQ của HĐQT thông qua mua lại cổ phiếu qu | 2026-04-17 Nhắc nhở: chậm CBTT giải trình chênh lệch LNST tại BCTC năm 2025 trước,,
TRC,2026-10-02,24.15,5.18,2.9,9.4,21.1,41.0,42.6,162.8,25.3,15.546,-4.5,55.3,16.4,27.7,30.3,2.61,746,HOSE,Công ty Cổ phần Cao su Tây Ninh,,2898,10.1,1.35,2.5,2026Q2,23.6,41.7,35.7,-4.2,12.3,-3.8,310.0,287.0,46.0,10.0,False,857.0,2242.0,0.0,30.0,,,60.0,0.7,0.0,Hóa chất,1,98.2,2026-08-13 Cổ phiếu thưởng: Tỷ lệ 100:300 | 2026-07-07 Cổ tức bằng tiền: Trả cổ tức năm 2025 (3000 đ/cp) | 2026-04-29 Chốt quyền ĐHCĐ: ĐHĐCĐ thường niên năm 2026 lần 1 | 2026-04-29 Họp ĐHCĐ: ĐHĐCĐ thường niên năm 2026 lần 1,,306.6
TSA,2026-10-02,13.2,0.34,0.92,-14.6,-14.0,-10.9,4.8,20.4,16.95,12.108,-22.1,9.0,-13.0,-11.3,29.4,0.26,561,HOSE,Công ty cổ phần Đầu tư và Xây lắp Trường Sơn,,544,18.7,1.26,3.7,2026Q2,-27.9,126.1,13.7,3.4,18.1,3.6,36.0,29.0,8.0,7.0,False,-57.0,432.0,0.26,-10.0,,,0.0,0.3,49.0,Xây dựng và Vật liệu,0,,2026-05-14 Cổ tức bằng tiền: Trả cổ tức năm 2025 (500 đ/cp),,
TTA,2026-10-02,10.8,1.33,2.67,-6.5,-5.7,-8.9,-9.6,13.9,12.85,10.1,-16.0,6.9,-3.0,-2.3,26.2,0.3,746,HOSE,Công ty Cổ phần Đầu tư Xây dựng và Phát triển Trường Thành,,1928,7.5,0.78,0.0,2026Q2,12.4,36.4,22.1,5.4,8.7,5.8,274.0,257.0,77.0,0.0,False,-1349.0,2470.0,0.66,-70.0,,,0.0,0.2,0.0,"Điện, nước & xăng dầu khí đốt",0,,2026-06-05 Nhắc nhở: chậm công bố thông tin Thông báo thay đổi nhân sự | 2026-04-01 Nhắc nhở: chậm công bố thông tin Nghị quyết Hội đồng quản trị bằng tiế,,
TTF,2026-10-02,1.44,1.6,1.09,-15.3,-31.1,-45.0,-52.6,-56.4,4.23,1.38,-66.0,4.3,-14.4,-40.7,36.4,1.64,746,HOSE,Công ty Cổ phần Tập đoàn Kỹ nghệ gỗ Trường Thành ,,592,92.7,7.4,3.6,2026Q2,-1405.2,-4068.3,-1635.8,-1227.5,43.4,-1632.7,-277.0,-264.0,-210.0,,False,-324.0,108.0,5.12,-55.0,,,0.0,5.4,50.0,Tài nguyên Cơ bản,0,,"2026-10-01 Kiểm soát (Không hạn chế GD): chuyển cổ phiếu từ diện cảnh báo, tạm dừng, hạn chế sang diệ | 2026-09-16 Cảnh báo: Tổ chức niêm yết chậm nộp báo cáo tài chính bán niên đã được | 2026-09-07 Nhắc nhở: chậm CBTT BCTC bán niên soát xét năm 2026",,
TTH,2026-10-02,2.1,0.69,0.59,5.0,-8.7,-12.5,-22.2,-30.0,2.8,1.9,-25.0,10.5,1.3,-7.8,52.6,1.79,746,HNX,Công ty Cổ phần Thương mại và Dịch vụ Tiến Thành,,78,20.7,0.2,0.0,2026Q2,,-213.4,,,11.7,,-8.0,-8.0,4.0,0.0,False,16.0,388.0,0.0,21.0,,,0.0,0.1,49.0,Tài nguyên Cơ bản,0,,"2026-07-08 Kiểm soát (Không hạn chế GD): chuyển cổ phiếu từ diện cảnh báo, tạm dừng, hạn chế sang diệ | 2026-05-06 Chốt quyền ĐHCĐ: ĐHĐCĐ thường niên năm 2026 lần 2 | 2026-05-06 Họp ĐHCĐ: ĐHĐCĐ thường niên năm 2026 lần 2",,
TV1,2026-10-02,20.4,0.61,0.61,-0.5,-9.7,-41.9,-13.8,-4.4,41.0,19.2,-50.2,6.2,1.9,-18.5,42.0,0.56,746,UPCOM,Công ty Cổ phần Tư vấn xây dựng điện 1,,547,3.5,1.08,2.9,2026Q2,14.0,5.4,9.4,29.5,15.5,27.6,197.0,154.0,39.0,5.0,False,81.0,505.0,0.27,15.0,,,0.0,0.8,0.0,Hàng & Dịch vụ Công nghiệp,0,,2026-09-23 Cổ tức bằng tiền: Trả cổ tức năm 2025 (1500 đ/cp) | 2026-07-01 Lấy ý kiến cổ đông : V/v:Lựa chọn đơn vị kiểm toán thực hiện kiểm toán Báo cáo tà,,
TV2,2026-10-02,25.35,2.24,2.92,-5.6,-11.5,-31.8,-24.9,-12.5,44.2,23.0,-42.6,10.2,-1.8,-20.3,33.0,0.42,746,HOSE,Công ty Cổ phần Tư vấn Xây dựng điện 2,,1712,10.5,1.35,3.9,2026Q2,205.5,230.8,217.6,125.7,32.3,127.4,193.0,164.0,60.0,55.0,False,3886.0,1274.0,0.16,227.0,O-PF,33.0,51.3,6.3,0.0,Hàng & Dịch vụ Công nghiệp,2,38.75,2026-05-12 Họp ĐHCĐ: ĐHĐCĐ thường niên năm 2026 | 2026-05-12 Chốt quyền ĐHCĐ: ĐHĐCĐ thường niên năm 2026,30.2,52.9
TVN,2026-10-02,9.0,3.28,4.85,-2.0,-18.4,12.1,14.9,3.4,11.894,6.962,-24.3,29.3,1.2,0.8,51.4,0.51,746,UPCOM,Tổng công ty Thép Việt Nam - CTCP,,6115,7.8,0.66,0.0,2026Q2,68.7,82.1,72.3,85.9,19.7,88.6,961.0,786.0,510.0,29.0,False,-4033.0,10906.0,0.88,-66.0,,,93.9,0.4,0.0,Tài nguyên Cơ bản,0,,2026-09-10 Cổ tức bằng tiền: Trả cổ tức năm 2025 (300 đ/cp),,
TVS,2026-10-02,14.3,3.15,2.96,1.1,3.7,14.2,-5.6,-18.9,15.95,11.729,-10.3,21.9,3.4,7.5,31.7,1.22,746,HOSE,Công ty Cổ phần Chứng Khoán Thiên Việt,,3498,17.9,1.18,0.0,2026Q2,-75.9,-75.0,-75.5,-12.9,8.1,-21.3,266.0,196.0,15.0,,False,6076.0,3012.0,1.25,174.0,,,0.0,17.5,49.0,Dịch vụ tài chính,0,,"2026-08-03 Cổ tức bằng cổ phiếu: Trả cổ tức năm 2025, tỷ lệ 100:7 | 2026-07-24 Dự kiến cổ tức: Dự kiến trả cổ tức bằng cổ phiếu năm 2025, tỷ lệ 100: 7",,
V68,2026-10-02,22.6,0.32,1.58,15.9,,,,,27.0,16.0,-16.3,41.3,,,127.6,0.2,31,UPCOM,Cổ phiếu Công ty cổ phần Đầu tư Sản xuất và Thương mại Tuấn Anh,,746,,2.2,,2026Q2,,,,,,,,,5.0,,False,-331.0,338.0,1.17,-44.0,,,0.0,0.0,49.0,Hóa chất,0,,2026-09-04 Họp ĐHCĐ: ĐHĐCĐ bất thường năm 2026 | 2026-09-04 Chốt quyền ĐHCĐ: ĐHĐCĐ bất thường năm 2026 | 2026-08-10 Niêm yết UPCOM: Giá tham chiếu: 12.800 đ/cp,,
VAB,2026-10-02,9.0,4.25,5.06,-1.6,-13.9,-0.1,-15.0,58.3,11.177,8.588,-19.5,4.8,-1.0,-4.7,24.7,0.72,738,HOSE,Ngân hàng Thương mại Cổ phần Việt Á,,8119,5.8,0.75,0.0,2026Q2,-12.5,44.1,15.5,42.0,12.8,42.5,1756.0,1409.0,316.0,,True,,,,,,,0.0,0.1,0.5,Ngân hàng,0,,2026-08-19 Cổ phiếu thưởng: Tỷ lệ 100:10.5,,
VBB,2026-10-02,14.0,1.53,1.4,19.7,2.2,38.0,38.0,126.6,15.1,8.243,-7.3,69.8,13.6,26.8,35.6,0.89,736,HOSE,Ngân hàng Thương mại Cổ phần Việt Nam Thương Tín,,16584,10.7,1.26,0.0,2026Q2,192.0,-32.9,83.4,58.7,28.4,57.5,1961.0,1551.0,777.0,,True,,,,,,,0.0,0.0,30.0,Ngân hàng,0,,2026-07-14 CP không đủ điều kiện GD ký quỹ: Thời gian niêm yết dưới 06 tháng. | 2026-07-03 Niêm yết HOSE: Giá tham chiếu: 13.300 đ/cp | 2026-06-23 Huỷ niêm yết: Hủy niêm yết trên UPCOM | 2026-06-23 Ngày giao dịch cuối cùng: Ngày giao dịch cuối cùng trên UPCOM,,
VC3,2026-10-02,23.4,31.44,30.78,-0.4,-5.6,-5.6,-10.3,-3.4,27.386,22.356,-14.6,4.7,-1.0,-4.4,19.2,1.05,746,HNX,CÔNG TY CỔ PHẦN TẬP ĐOÀN NAM MÊ KÔNG,,3482,49.2,2.24,0.0,2026Q2,-56.9,184.4,-36.1,-29.3,-35.2,-28.3,93.0,71.0,39.0,2.0,False,-546.0,1557.0,0.46,-16.0,,,0.0,0.2,49.0,Bất động sản,0,,"2026-08-21 Cổ tức bằng cổ phiếu: Trả cổ tức năm 2025, tỷ lệ 100:7.5",,
VCB,2026-10-02,57.1,262.46,269.27,-5.0,-7.1,-0.2,-6.6,-6.5,78.146,52.6,-26.9,8.6,-2.1,-5.9,27.6,0.79,746,HOSE,Ngân hàng Thương mại Cổ phần Ngoại thương Việt Nam ,,477109,11.5,1.95,0.8,2026Q2,57.9,8.7,33.5,18.6,35.3,20.2,51348.0,41648.0,17420.0,,True,,,,,BUY,76.5,74.8,19.9,30.0,Ngân hàng,10,78.44,2026-07-08 Cổ tức bằng tiền: Trả cổ tức năm 2025 (450 đ/cp),34.0,37.4
VCG,2026-10-02,13.3,26.22,40.2,-16.9,-27.7,-30.1,-45.4,-12.3,25.678,13.3,-48.2,0.0,-12.6,-25.8,34.9,0.43,746,HOSE,Tổng Công ty Cổ phần Xuất nhập khẩu và xây dựng Việt Nam ,,9286,2.3,0.85,0.1,2026Q2,-9.0,148.3,42.3,298.4,3.7,430.3,4731.0,4098.0,342.0,64.0,False,11482.0,12469.0,0.46,124.0,,,0.0,1.9,49.0,Xây dựng và Vật liệu,2,22.66111,"2026-07-01 Cổ tức bằng cổ phiếu: Trả cổ tức năm 2025, tỷ lệ 100:8 | 2026-07-01 Cổ tức bằng tiền: Trả cổ tức năm 2025 (800 đ/cp) | 2026-05-22 Dự kiến cổ tức: Dự kiến trả cổ tức bằng cổ phiếu năm 2025, tỷ lệ 100: 8",,70.4
VCI,2026-10-02,18.65,181.37,202.7,-18.4,-25.7,-29.6,-38.9,-28.8,32.725,18.15,-43.0,2.8,-10.8,-23.8,38.1,1.1,746,HOSE,Công ty Cổ phần Chứng khoán Vietcap,,21489,14.8,1.25,3.0,2026Q2,28.1,13.7,19.1,60.2,28.4,59.4,1737.0,1455.0,271.0,,False,16199.0,17138.0,1.27,75.0,,,0.0,16.1,100.0,Dịch vụ tài chính,4,31.7,,,70.0
VCK,2026-10-02,27.4,59.75,69.64,-10.0,-19.9,-25.9,,,38.1,26.313,-28.1,4.1,-7.4,,34.0,0.71,196,HOSE,Công ty Cổ phần Chứng khoán VPS,,66717,14.9,2.14,0.0,2026Q2,56.8,68.4,62.8,52.7,52.7,53.0,5599.0,4480.0,1378.0,,False,37048.0,31206.0,0.34,56.0,,,0.0,3.6,100.0,Dịch vụ tài chính,0,,,,
VCS,2026-10-02,30.1,0.88,1.08,-5.9,-16.6,-21.2,-31.3,-44.3,46.172,30.0,-34.8,0.3,-6.0,-18.8,20.4,0.75,746,HNX,Công ty Cổ phần VICOSTONE,,4816,8.4,0.96,12.6,2026Q2,-36.2,-23.8,-30.8,-19.2,-23.5,-21.0,695.0,573.0,160.0,18.0,False,2933.0,5041.0,0.2,61.0,,,0.0,0.8,49.0,Xây dựng và Vật liệu,0,,2026-06-16 Cổ tức bằng tiền: Trả cổ tức đợt 1/2026 (2000 đ/cp),,
VDS,2026-10-02,9.78,5.7,11.96,-19.2,-38.5,-32.3,-54.7,-52.4,22.95,9.76,-57.4,0.2,-14.6,-32.6,39.5,0.58,746,HOSE,Công ty Cổ phần Chứng khoán Rồng Việt (VDSC),,2660,9.4,0.9,0.0,2026Q2,,-259.1,28.4,445.2,31.1,390.6,348.0,283.0,43.0,,False,3806.0,3014.0,0.92,143.0,,,0.0,0.9,100.0,Dịch vụ tài chính,0,,,,
VEA,2026-10-02,37.5,12.52,8.95,6.5,6.5,14.0,7.5,8.3,43.2,29.3,-13.2,28.0,5.5,7.7,21.2,1.38,746,UPCOM,Tổng công ty Máy Động lực và Máy Nông nghiệp Việt Nam – CTCP,,49837,6.4,2.1,12.4,2026Q2,4.8,37.6,17.2,3.3,23.2,2.9,8027.0,7731.0,2287.0,13.0,False,35489.0,23933.0,0.0,71.0,M-PF,30.8,88.5,1.4,0.0,Hàng & Dịch vụ Công nghiệp,0,,2026-04-29 Họp ĐHCĐ: ĐHĐCĐ thường niên năm 2026 | 2026-04-29 Chốt quyền ĐHCĐ: ĐHĐCĐ thường niên năm 2026,-17.9,
VFS,2026-10-02,9.8,5.56,6.8,-6.7,-11.7,-18.4,-42.4,-8.9,17.195,9.0,-43.0,8.9,-2.5,-17.0,28.0,0.65,746,HNX,Công ty cổ phần chứng khoán Nhất Việt,,1509,10.9,0.85,16.1,2026Q2,-13.0,-19.5,-16.1,2.6,46.5,2.6,172.0,138.0,38.0,,False,2653.0,1775.0,1.4,176.0,,,0.0,0.2,100.0,Dịch vụ tài chính,0,,"2026-05-15 Cổ tức bằng cổ phiếu: Trả cổ tức năm 2025, tỷ lệ 100:10 | 2026-04-23 Dự kiến cổ tức: Dự kiến trả cổ tức bằng cổ phiếu năm 2025, tỷ lệ 100: 10",,
VGC,2026-10-02,43.85,21.39,16.99,8.4,7.3,3.9,-12.3,15.8,55.125,34.0,-20.5,29.0,9.6,5.4,37.5,1.01,746,HOSE,Tổng Công ty Viglacera - CTCP,,19660,13.8,2.65,5.0,2026Q2,42.2,0.8,27.2,14.4,27.2,-5.0,2513.0,1423.0,1036.0,9.0,False,2557.0,11741.0,0.47,13.0,BUY,66.8,38.6,0.9,49.0,Xây dựng và Vật liệu,2,62.25,2026-07-14 Cổ tức bằng tiền: Trả cổ tức năm 2025 (2200 đ/cp),52.3,42.0
VGI,2026-10-02,80.4,19.86,23.17,-5.3,-4.9,-7.7,22.9,30.5,136.462,57.18,-41.1,40.6,-0.4,-8.0,52.1,0.56,746,UPCOM,Tổng Công ty cổ phần Đầu tư Quốc tế Viettel,,244649,19.9,8.78,0.9,2026Q2,26.6,166.0,61.3,64.4,29.2,111.6,18401.0,12319.0,5006.0,25.0,False,78945.0,40279.0,0.13,32.0,,,99.0,0.0,0.0,Viễn thông,0,,2026-09-09 Cổ tức bằng tiền: Trả cổ tức năm 2025 (3300 đ/cp),,
VGP,2026-10-02,27.9,0.61,0.64,0.4,3.7,12.5,-0.0,-5.4,28.8,24.2,-3.1,15.3,0.9,4.1,17.4,1.11,746,HNX,Công ty Cổ phần Cảng rau quả,,218,12.6,0.85,1.4,2026Q2,1.0,1.9,1.1,1.5,19.3,1.5,22.0,17.0,9.0,2663.0,False,-718.0,256.0,2.86,-329.0,,,38.4,1.2,0.0,Hàng & Dịch vụ Công nghiệp,0,,2026-05-15 CP không đủ điều kiện GD ký quỹ: Chứng khoán thuộc diện bị cảnh báo,,
VGR,2026-10-02,143.1,6.56,2.66,46.0,54.9,91.2,185.1,269.2,195.4,49.654,-26.8,188.2,32.2,75.3,94.7,1.67,746,UPCOM,Công ty cổ phần Cảng Xanh Vip,,11773,23.0,12.04,3.8,2026Q2,2.5,6.0,4.2,27.2,7.3,31.3,570.0,512.0,145.0,7.0,False,1073.0,1142.0,0.0,9.0,,,0.0,21.8,49.0,Hàng & Dịch vụ Công nghiệp,0,,2026-08-06 Cổ tức bằng tiền: Trả cổ tức năm 2026 (2000 đ/cp),,
VGS,2026-10-02,14.0,1.98,2.05,-23.5,-34.0,-37.5,-51.4,-57.8,32.558,13.8,-57.0,1.4,-18.3,-35.7,37.5,0.68,746,HNX,Công ty Cổ phần Ống thép Việt Đức VG PIPE,,861,3.5,0.64,7.1,2026Q2,61.9,8.0,32.5,47.1,4.1,53.1,283.0,244.0,66.0,10.0,False,837.0,1337.0,0.81,97.0,,,0.0,0.3,49.0,Tài nguyên Cơ bản,0,,2026-05-13 Cổ tức bằng tiền: Trả cổ tức năm 2025 (1000 đ/cp),,
VGT,2026-10-02,11.3,3.07,3.4,-1.7,-0.1,-2.6,1.2,-15.1,16.182,10.138,-30.2,11.5,2.0,-4.1,36.8,0.76,746,UPCOM,Tập đoàn Dệt May Việt Nam,,5654,5.3,0.73,2.7,2026Q2,45.8,31.2,39.8,43.1,9.3,67.0,1746.0,1061.0,577.0,21.0,False,2100.0,10598.0,0.59,37.0,,,53.5,14.0,49.0,Hàng cá nhân & Gia dụng,0,,2026-08-04 Cổ tức bằng tiền: Trả cổ tức năm 2025 (300 đ/cp),,
VHC,2026-10-02,50.7,15.8,16.58,-2.7,-14.5,-11.7,-6.1,-23.1,69.9,48.0,-27.5,5.6,-2.4,-11.6,29.7,0.7,746,HOSE,Công ty Cổ phần Vĩnh Hoàn,,10619,7.3,1.13,4.2,2026Q2,-6.6,34.1,5.3,3.5,8.7,0.4,1796.0,1452.0,570.0,14.0,False,2289.0,9821.0,0.25,22.0,O-PF,58.6,0.0,17.5,100.0,Thực phẩm và đồ uống,6,73.15,,15.6,44.3
VHM,2026-10-02,67.9,714.45,524.18,-7.0,-10.4,18.3,43.0,224.9,83.444,41.842,-18.6,62.3,-4.3,6.1,55.5,1.56,746,HOSE,Công ty cổ phần Vinhomes,,557787,7.0,2.12,0.0,2026Q2,260.5,700.3,391.6,158.3,238.1,164.5,103225.0,79933.0,32561.0,15.0,False,-131929.0,284773.0,0.76,-24.0,M-PF,74.0,0.0,6.4,50.0,Bất động sản,3,167.56,"2026-07-03 Cổ tức bằng cổ phiếu: Trả cổ tức năm 2025, tỷ lệ 100:100 | 2026-06-17 Cổ tức bằng tiền: Trả cổ tức năm 2025 (6000 đ/cp)",9.0,146.8
VIB,2026-10-02,13.35,57.16,74.38,-2.2,-11.1,-7.4,-21.7,-6.5,17.922,12.83,-25.5,4.1,-0.3,-7.9,24.6,0.63,746,HOSE,Ngân hàng Thương mại Cổ phần Quốc tế Việt Nam,,49761,6.7,1.04,6.2,2026Q2,-8.2,15.8,3.4,-1.5,15.5,-1.5,9274.0,7419.0,2383.0,,True,,,,,O-PF,14.7,0.0,3.6,5.0,Ngân hàng,2,22.950000000000003,2026-08-11 Cổ phiếu thưởng: Tỷ lệ 100:9.5 | 2026-04-23 Cổ tức bằng tiền: Trả cổ tức năm 2025 (900 đ/cp),10.1,71.9
VIC,2026-10-02,224.0,941.62,1037.9,-5.1,1.7,58.9,162.0,965.4,265.0,85.55,-15.5,161.8,-0.3,17.8,52.0,0.94,746,HOSE,Tập đoàn VINGROUP - CTCP,,1726151,81.0,10.09,0.0,2026Q2,505.3,56.3,208.3,133.1,70.4,57.5,49679.0,21300.0,22863.0,74.0,False,-206840.0,191670.0,1.86,-12.0,SELL,117.0,0.0,3.1,48.0,Bất động sản,0,,,-47.8,
VIW,2026-10-02,19.9,1.83,3.51,-18.4,-25.2,-46.4,71.6,121.1,70.0,7.3,-71.6,172.6,-16.5,-19.5,106.4,0.3,746,UPCOM,Tổng công ty Đầu tư Nước và Môi trường Việt Nam - CTCP,,1171,36.9,1.83,0.0,2026Q2,957.4,89.8,230.7,125.2,-18.2,598.6,60.0,32.0,16.0,5.0,False,-44.0,739.0,0.32,-4.0,,,0.0,0.0,0.0,Xây dựng và Vật liệu,0,,,,
VIX,2026-10-02,11.8,420.52,532.91,-16.3,-27.3,-23.5,-59.5,26.3,32.534,11.0,-63.7,7.3,-8.8,-26.0,48.7,0.84,746,HOSE,CÔNG TY CỔ PHẦN CHỨNG KHOÁN VIX,,30359,7.7,0.93,0.0,2026Q2,-95.3,-66.4,-88.8,93.2,1.6,92.6,4881.0,3950.0,75.0,,False,34844.0,32695.0,0.14,115.0,,,0.0,6.1,100.0,Dịch vụ tài chính,0,,"2026-08-07 Cổ tức bằng cổ phiếu: Trả cổ tức năm 2025, tỷ lệ 100:5 | 2026-07-24 Dự kiến cổ tức: Dự kiến trả cổ tức bằng cổ phiếu năm 2025, tỷ lệ 100: 5 | 2026-05-06 Chốt quyền ĐHCĐ: ĐHĐCĐ thường niên năm 2026",,
VJC,2026-10-02,129.4,140.03,149.28,3.5,-8.7,4.4,30.7,60.2,169.224,98.15,-23.5,31.8,2.0,-3.1,39.8,0.92,746,HOSE,Công ty cổ phần Hàng không VIETJET,,99521,45.7,3.78,0.0,2026Q2,-48.4,36.5,-5.4,2.7,43.8,16.7,2541.0,2177.0,420.0,97.0,False,-55839.0,26398.0,2.74,-56.0,O-PF,114.0,0.0,6.2,30.0,Du lịch và Giải trí,0,,"2026-06-09 Cổ tức bằng cổ phiếu: Trả cổ tức năm 2025, tỷ lệ 100:30 | 2026-05-20 Dự kiến cổ tức: Dự kiến trả cổ tức bằng cổ phiếu năm 2025, tỷ lệ 100: 30",-11.9,
VLB,2026-10-02,48.1,0.6,1.11,0.2,0.1,10.7,15.2,46.8,50.96,41.039,-5.6,17.2,0.4,3.6,20.6,0.51,746,UPCOM,Công ty Cổ phần Xây dựng và Sản xuất vật liệu xây dựng Biên Hòa,,2243,3.7,2.3,9.4,2026Q2,372.7,26.8,225.8,144.0,6.0,144.0,766.0,612.0,468.0,1.0,False,1384.0,1064.0,0.0,62.0,,,49.1,0.0,0.0,Xây dựng và Vật liệu,0,,2026-06-24 Cổ tức bằng tiền: Trả cổ tức đợt 2/2025 (1900 đ/cp) | 2026-04-14 Họp ĐHCĐ: ĐHĐCĐ thường niên năm 2026 | 2026-04-14 Chốt quyền ĐHCĐ: ĐHĐCĐ thường niên năm 2026,,
VLC,2026-10-02,11.6,0.67,0.91,-3.3,-6.5,-13.4,-22.1,-35.6,16.4,11.2,-29.3,3.6,-2.8,-11.8,21.9,0.84,746,UPCOM,Tổng Công ty Chăn nuôi Việt Nam - CTCP,,2462,123.4,0.69,0.0,2026Q2,-3.8,208.0,57.8,-45.4,17.2,-64.3,74.0,20.0,35.0,122.0,False,5429.0,5932.0,0.0,221.0,,,0.0,0.1,100.0,Thực phẩm và đồ uống,0,,,,
VNB,2026-10-02,15.8,2.65,1.0,19.7,11.3,9.7,-8.1,45.0,20.2,12.0,-21.8,31.7,8.7,4.8,39.9,4.09,746,UPCOM,Công ty cổ phần Sách Việt Nam,,1074,12.8,0.87,0.0,2026Q2,5.1,-0.9,2.2,2.1,-3.5,2.2,105.0,84.0,28.0,118.0,False,2410.0,1228.0,0.0,224.0,,,10.0,1.0,49.0,Truyền thông,0,,2026-04-10 Chốt quyền ĐHCĐ: ĐHĐCĐ thường niên năm 2026 | 2026-04-10 Họp ĐHCĐ: ĐHĐCĐ thường niên năm 2026,,
VND,2026-10-02,13.3,146.3,187.7,-20.1,-27.7,-12.6,-38.2,-6.5,23.957,13.3,-44.5,0.0,-16.0,-21.6,39.2,0.77,746,HOSE,Công ty Cổ phần Chứng khoán VNDIRECT,,20247,7.5,0.94,7.5,2026Q2,126.5,42.5,84.9,78.8,22.6,79.0,3329.0,2699.0,1106.0,,False,32376.0,21432.0,1.1,160.0,,,0.0,7.4,100.0,Dịch vụ tài chính,0,,2026-05-20 Cổ tức bằng tiền: Trả cổ tức năm 2025 (500 đ/cp),,
VNE,2026-10-02,2.0,0.62,1.21,-9.1,-32.9,-49.9,-74.5,-52.2,7.94,1.8,-74.8,11.1,-7.3,-47.9,54.0,0.42,736,UPCOM,Tổng Công ty Cổ phần Xây dựng điện Việt Nam,,179,1.8,0.24,0.0,2026Q2,,,,,-29.6,,89.0,97.0,-30.0,,False,-1386.0,744.0,1.87,-774.0,,,0.0,0.4,49.0,Xây dựng và Vật liệu,0,,2026-07-13 Cảnh báo: Tổ chức đăng ký giao dịch là công ty bị huỷ bỏ niêm yết bắt  | 2026-07-06 Niêm yết UPCOM: Giá tham chiếu: 2.900 đ/cp | 2026-05-29 CP không đủ điều kiện GD ký quỹ: Chứng khoán thuộc diện kiểm soát. | 2026-05-28 Huỷ niêm yết: Hủy niêm yết trên HOSE,,
VNM,2026-10-02,57.3,143.26,227.07,-8.0,4.4,-1.4,1.2,-7.7,73.107,53.257,-21.6,7.6,-5.7,-5.1,29.5,0.67,746,HOSE,Công ty Cổ phần Sữa Việt Nam,,119754,10.9,3.76,5.0,2026Q2,25.9,54.5,37.0,27.1,18.0,27.9,13516.0,10963.0,3899.0,12.0,False,40015.0,35666.0,0.24,33.0,BUY,70.3,36.0,49.8,100.0,Thực phẩm và đồ uống,10,74.35,2026-09-15 Nhắc nhở: chậm CBTT Thông báo thay đổi nhân sự | 2026-06-17 Cổ tức bằng tiền: Trả cổ tức đợt 2/2025 (1850 đ/cp),22.7,29.8
VNP,2026-10-02,16.9,0.7,0.48,-2.9,-0.6,-11.7,41.3,82.5,24.021,11.867,-29.6,42.4,-2.9,-6.1,58.7,1.32,746,UPCOM,Công ty Cổ phần nhựa Việt Nam ,,329,10.6,1.15,11.5,2026Q2,173.9,45.2,91.8,89.9,90.5,89.8,31.0,31.0,14.0,11.0,False,200.0,285.0,0.02,61.0,,,65.9,0.8,0.0,Hóa chất,0,,2026-06-15 Cổ tức bằng tiền: Trả cổ tức năm 2025 (800 đ/cp),,
VNZ,2026-10-02,530.2,1.14,2.26,-11.0,23.9,71.0,35.5,24.3,730.0,308.0,-27.4,72.1,-6.2,30.3,44.8,0.53,746,UPCOM,Công Ty Cổ Phần Tập Đoàn VNG,,15778,33.8,17.17,0.0,2026Q2,701.2,286.8,534.1,,22.3,,533.0,466.0,528.0,60.0,False,4811.0,840.0,2.67,30.0,,,0.0,47.9,47.9,Truyền thông,0,,2026-04-21 Chốt quyền ĐHCĐ: ĐHĐCĐ thường niên năm 2026 | 2026-04-21 Họp ĐHCĐ: ĐHĐCĐ thường niên năm 2026,,
VOS,2026-10-02,11.1,12.35,6.86,8.7,-2.4,-4.4,-10.1,-19.0,17.411,9.286,-36.2,19.5,5.2,-5.0,38.4,1.65,746,HOSE,Công ty Cổ phần Vận tải biển Việt Nam ,,1554,3.9,0.78,14.2,2026Q2,423.1,,,,25.7,,483.0,394.0,54.0,27.0,False,306.0,2005.0,0.34,20.0,,,51.0,0.7,49.0,Hàng & Dịch vụ Công nghiệp,0,,2026-09-14 Cổ tức bằng tiền: Trả cổ tức năm 2025 (900 đ/cp),,
VPB,2026-10-02,22.9,495.0,383.49,3.8,3.8,13.9,-2.6,53.2,27.01,18.63,-15.2,22.9,8.6,7.4,33.9,1.4,746,HOSE,Ngân hàng Thương mại Cổ phần Việt Nam Thịnh Vượng,,229000,7.7,1.28,1.7,2026Q2,76.3,57.9,68.1,69.6,35.2,71.3,38276.0,29816.0,10959.0,,True,,,,,BUY,30.2,0.0,22.3,30.0,Ngân hàng,10,35.065,"2026-09-16 Cổ tức bằng cổ phiếu: Trả cổ tức năm 2025, tỷ lệ 100:26.04 | 2026-06-17 Lấy ý kiến cổ đông : V/v:các nội dung thuộc thẩm quyền Đại hội đồng cổ đông | 2026-05-06 Cổ tức bằng tiền: Trả cổ tức năm 2025 (500 đ/cp)",31.9,53.1
VPI,2026-10-02,58.8,114.72,106.82,-5.0,5.2,11.5,15.1,12.9,63.4,46.273,-7.3,27.1,-0.4,6.9,28.0,0.83,746,HOSE,Công Ty Cổ Phần Phát Triển Bất Động Sản Văn Phú,,20701,51.4,3.83,0.0,2026Q2,1253.0,-78.9,48.3,44.2,163.8,12.9,605.0,403.0,227.0,15.0,False,-6669.0,5732.0,1.29,-32.0,,,0.0,10.3,49.0,Bất động sản,0,,"2026-09-15 Lấy ý kiến cổ đông : V/v:lấy ý kiến cổ đông bằng văn bản để thông qua các vấn đề  | 2026-09-14 Lấy ý kiến cổ đông : V/v:Các nội dung thuộc thẩm quyền của Đại hội đồng cổ đông C | 2026-08-26 Cổ tức bằng cổ phiếu: Trả cổ tức năm 2025, tỷ lệ 100:10",,
VPL,2026-10-02,78.9,91.4,63.92,1.7,-8.0,-5.2,-1.7,,111.0,67.0,-28.9,17.8,0.0,-7.2,42.8,1.33,349,HOSE,Công ty Cổ phần Vinpearl,,148131,49.0,3.27,0.0,2026Q2,228.0,986.6,561.6,658.5,14.9,1216.0,3155.0,3023.0,700.0,116.0,False,16261.0,45361.0,0.46,11.0,,,0.0,6.6,49.0,Du lịch và Giải trí,0,,,,
VPX,2026-10-02,24.2,23.64,28.36,-7.8,-15.1,-13.9,,,34.5,23.1,-29.9,4.8,-3.5,,35.1,0.85,199,HOSE,Công ty cổ phần Chứng khoán VPBank,,45375,9.0,1.27,0.0,2026Q2,293.2,46.8,197.1,285.9,269.7,286.7,6249.0,5016.0,2159.0,,False,36579.0,35703.0,1.47,81.0,,,0.0,4.0,100.0,Dịch vụ tài chính,0,,2026-10-02 Lấy ý kiến cổ đông : V/v:Các nội dung thuộc thẩm quyền của Đại hội đồng cổ đông | 2026-07-27 Lấy ý kiến cổ đông : V/v:Các nội dung thuộc thẩm quyền của Đại hội đồng cổ đông,,
VRC,2026-10-02,10.8,0.44,1.22,-4.4,-10.7,-16.9,-23.4,37.2,15.9,10.4,-32.1,3.8,-7.2,-15.6,40.8,0.67,746,HOSE,Công ty cổ phần Bất động sản và Đầu tư VRC,,540,1388.1,0.55,0.0,2026Q2,,-99.1,-27.5,-24.3,-40.5,-52.6,2.0,0.0,1.0,122.0,False,-333.0,1272.0,0.27,-62.0,,,0.0,0.1,49.0,Bất động sản,0,,2026-04-17 Nhắc nhở: Nhắc nhở chậm công bố thông tin về việc giải trình chênh lệc | 2026-04-09 Chốt quyền ĐHCĐ: ĐHĐCĐ thường niên năm 2026,,
VRE,2026-10-02,23.6,116.22,133.61,-9.6,-16.2,-7.8,-23.0,27.6,43.654,20.9,-45.9,12.9,-4.9,-15.0,51.4,0.73,746,HOSE,Công ty Cổ phần Vincom Retail,,53627,7.4,1.12,0.0,2026Q2,29.2,35.5,32.2,64.4,9.2,64.7,9057.0,7250.0,1996.0,42.0,False,-429.0,49311.0,0.13,-1.0,BUY,35.6,0.0,11.0,49.0,Bất động sản,7,40.1,2026-06-17 Cổ tức bằng tiền: Trả cổ tức năm 2025 (1000 đ/cp),50.8,69.9
VSC,2026-10-02,12.7,101.39,130.07,-13.6,-31.9,-46.6,-54.7,-6.2,29.4,12.25,-56.8,3.7,-8.7,-34.9,46.9,1.12,746,HOSE,Công ty Cổ phần Container Việt Nam,,4755,13.9,0.85,3.1,2026Q2,62.4,-30.7,22.1,18.5,15.6,-18.3,751.0,343.0,287.0,19.0,False,-4256.0,7261.0,0.9,-90.0,,,0.0,1.8,49.0,Hàng & Dịch vụ Công nghiệp,2,25.5,,,100.8
VSF,2026-10-02,25.4,1.13,0.85,-2.7,2.4,-5.9,-4.2,-19.1,35.0,24.0,-27.4,5.8,-5.1,-3.8,45.3,1.79,746,UPCOM,Tổng Công ty Lương thực Miền Nam – Công ty cổ phần,,12786,429.7,5.56,0.0,2026Q2,21.0,20.5,20.9,53.9,-23.2,568.9,93.0,30.0,29.0,103.0,False,-2085.0,2436.0,1.24,-16.0,,,51.4,0.0,0.0,Thực phẩm và đồ uống,0,,,,
VTD,2026-10-02,4.2,1.1,1.59,-6.7,-10.6,-30.0,-44.0,-44.7,7.7,4.0,-45.5,5.0,-9.1,-24.2,40.3,0.75,746,UPCOM,Công ty cổ phần Vietourist Holdings,,98,16.5,0.38,0.0,2026Q2,-502.2,-140.8,-414.1,,-4.3,,-9.0,-8.0,-9.0,,False,-55.0,256.0,0.31,-56.0,,,0.0,0.0,0.0,Du lịch và Giải trí,0,,2026-09-16 Họp ĐHCĐ: ĐHĐCĐ bất thường năm 2026 | 2026-09-16 Chốt quyền ĐHCĐ: ĐHĐCĐ bất thường năm 2026 | 2026-07-09 Chốt quyền ĐHCĐ: ĐHĐCĐ bất thường năm 2026,,
VTO,2026-10-02,11.25,3.36,1.56,8.2,6.1,6.6,5.7,4.3,12.737,9.98,-11.7,12.7,6.5,5.0,20.9,1.93,746,HOSE,Công ty Cổ phần Vận tải xăng dầu VITACO,,898,5.0,0.76,9.8,2026Q2,153.5,58.6,116.7,72.5,10.6,73.9,231.0,181.0,100.0,16.0,False,1302.0,1177.0,0.08,145.0,,,51.9,4.0,0.0,Hàng & Dịch vụ Công nghiệp,0,,2026-05-26 Cổ tức bằng tiền: Trả cổ tức năm 2025 (1100 đ/cp),,
VTP,2026-10-02,51.9,35.95,32.65,-3.0,-4.7,-11.5,-13.3,8.2,82.425,43.4,-37.0,19.6,1.4,-10.7,39.7,1.31,739,HOSE,Tổng công ty Cổ phần Bưu chính Viettel,,10478,30.2,4.54,1.3,2026Q2,-30.3,-41.6,-35.0,-14.6,3.2,-14.2,440.0,346.0,88.0,57.0,False,3215.0,2318.0,0.88,31.0,M-PF,71.8,61.2,4.0,49.0,Hàng & Dịch vụ Công nghiệp,2,68.80535,"2026-06-30 Cổ tức bằng cổ phiếu: Trả cổ tức năm 2025, tỷ lệ 100:17.36 | 2026-06-05 Nhắc nhở: Nhắc nhở chậm CBTT báo cáo kết quả chào bán cổ phiếu ra công",38.3,32.6
VTZ,2026-10-02,20.3,22.83,21.7,-1.0,-0.5,1.0,10.3,22.3,22.8,17.6,-11.0,15.3,-0.1,0.8,10.7,1.09,746,HNX,Công ty Cổ phần Sản xuất và Thương mại Nhựa Việt Thành,,1546,22.8,1.69,0.0,2026Q2,24.5,68.5,42.6,5.5,26.3,-7.5,101.0,68.0,36.0,43.0,False,-652.0,916.0,2.81,-42.0,,,0.0,1.6,51.0,Hóa chất,0,,2026-04-09 Họp ĐHCĐ: ĐHĐCĐ thường niên năm 2026 | 2026-04-09 Chốt quyền ĐHCĐ: ĐHĐCĐ thường niên năm 2026,,
VVS,2026-10-02,81.8,9.94,13.26,-10.6,-3.1,17.7,204.8,766.6,109.8,25.449,-25.5,221.4,-11.7,13.4,65.2,0.82,738,HOSE,CÔNG TY CỔ PHẦN ĐẦU TƯ PHÁT TRIỂN MÁY VIỆT NAM,,3521,5.4,2.2,0.6,2026Q2,346.6,538.7,408.1,394.7,118.0,402.3,817.0,652.0,309.0,38.0,False,11066.0,1064.0,0.66,314.0,,,0.0,2.7,49.0,Ô tô và phụ tùng,0,,"2026-06-15 Phát hành thêm: Phát hành 21,525,000 cp cho CĐHH, giá 25000 đ/cp",,
YEG,2026-10-02,7.57,6.21,4.95,0.7,-17.9,-18.5,-42.1,-4.5,13.271,6.77,-43.0,11.8,1.0,-19.9,33.4,1.07,746,HOSE,Công ty cổ phần Tập đoàn Yeah1,,1554,40.2,0.75,0.0,2026Q2,-52.3,-36.3,-46.0,-54.8,-12.9,-74.7,66.0,39.0,18.0,82.0,False,1313.0,2170.0,0.24,84.0,,,0.0,12.0,49.0,Truyền thông,1,13.83178,2026-05-13 Cổ phiếu thưởng: Tỷ lệ 100:7,,82.7
