last_date,close,adv20_bn,adv60_bn,ret_1m,ret_3m,ret_6m,ret_1y,ret_2y,hi52,lo52,from_hi52,from_lo52,ma50_gap,ma200_gap,vol_1y,vol_ratio_20_120,n_bars,symbol,floor,name,industry
2026-10-02,29.0,0.01,0.01,-3.0,3.3,-8.3,-14.5,-0.5,37.378,25.5,-22.4,13.7,-0.7,-5.6,42.3,0.35,746,A32,UPCOM,Công ty cổ phần 32,
2026-10-02,7.05,17.02,10.46,0.3,-0.6,6.0,-9.9,-20.7,8.595,6.372,-18.0,10.6,-1.5,-1.1,26.5,1.94,746,AAA,HOSE,Công ty cổ phần Nhựa An Phát Xanh,
2026-10-02,1.7,0.47,0.81,-10.5,-32.0,-48.5,-58.5,-56.4,4.1,1.6,-58.5,6.2,-9.3,-40.2,48.2,0.66,676,AAH,UPCOM,CTCP Hợp Nhất,
2026-10-02,7.75,0.05,0.05,3.5,23.8,30.3,14.6,4.3,7.8,5.764,-0.6,34.5,6.8,17.4,35.1,1.09,746,AAM,HOSE,Công ty Cổ phần Thủy sản Mekong,
2026-10-02,15.25,4.14,3.13,-5.0,-3.5,,,,17.34,12.766,-12.1,19.5,-2.6,,27.7,1.12,93,AAN,HOSE,Công ty Cổ phần Lương thực A An,
2026-10-02,9.7,16.06,9.83,24.4,3.2,16.9,-11.0,27.6,12.2,6.8,-20.5,42.6,19.7,10.9,46.4,1.82,746,AAS,UPCOM,Công ty Cổ phần Chứng khoán SmartInvest,
2026-10-02,1.82,0.05,0.06,-20.2,-35.0,-37.9,-52.1,-48.6,3.93,1.82,-53.7,0.0,-18.4,-35.5,26.8,0.98,746,AAT,HOSE,Công ty Cổ phần Tập đoàn Tiên Sơn Thanh Hóa,
2026-10-02,5.9,1.17,1.65,-1.7,-16.9,-34.4,-3.3,-7.8,9.4,5.3,-37.2,11.3,-4.4,-10.5,50.0,0.41,739,AAV,UPCOM,Công ty Cổ phần AAV Group,
2026-10-02,17.7,18.13,26.06,2.3,9.0,40.6,78.8,179.4,18.9,9.74,-6.3,81.7,2.6,24.1,25.3,0.79,746,ABB,UPCOM,Ngân hàng Thương mại Cổ phần An Bình,
2026-10-02,10.2,0.06,0.07,1.0,-1.0,-7.3,-4.7,-3.8,16.3,9.2,-37.4,10.9,0.4,-4.4,44.9,0.62,746,ABC,UPCOM,Công ty cổ phần Truyền thông VMG,
2026-10-02,19.1,0.2,0.29,-0.5,-1.0,-3.5,-8.6,14.1,21.8,16.8,-12.4,13.7,1.1,-2.5,21.1,0.58,746,ABI,UPCOM,Công ty Cổ phần Bảo hiểm Ngân hàng Nông nghiệp (ABIC) ,
2026-10-02,10.35,0.0,0.03,-10.0,-10.8,-8.0,-19.9,-3.7,14.483,10.2,-28.5,1.5,-7.5,-11.3,49.2,0.18,746,ABR,HOSE,Công ty Cổ phần Đầu tư Nhãn hiệu Việt,
2026-10-02,2.69,0.37,1.01,-7.2,-11.8,-13.5,-24.9,-36.9,3.89,2.51,-30.8,7.2,-9.9,-9.7,38.2,0.52,746,ABS,HOSE,Công ty Cổ phần Dịch vụ Nông nghiệp Bình Thuận,
2026-10-02,50.0,0.14,0.31,-1.6,-7.4,-16.7,-21.0,40.0,73.393,48.6,-31.9,2.9,-1.0,-12.5,24.5,0.43,746,ABT,HOSE,Công ty Cổ phần Xuất nhập khẩu thủy sản Bến Tre,
2026-10-02,14.6,1.55,3.53,0.0,8.1,44.6,32.7,65.9,14.9,9.0,-2.0,62.2,3.0,21.6,30.9,0.49,746,ABW,UPCOM,Công ty Cổ phần Chứng khoán An Bình,
2026-10-02,21.1,153.89,250.09,-6.8,-6.8,4.2,-4.9,13.6,23.85,18.697,-11.5,12.9,-4.7,-0.8,24.6,0.47,746,ACB,HOSE,Ngân hàng Thương mại Cổ phần Á Châu,
2026-10-02,4.09,0.93,2.33,-13.9,-62.8,-68.8,-70.5,-69.7,14.0,4.05,-70.8,1.0,-10.6,-61.2,37.4,0.8,746,ACC,HOSE,Công ty cổ phần Đầu tư và Xây dựng Bình Dương ACC,
2026-10-02,29.5,0.1,0.08,-14.5,-12.3,-19.7,-18.5,-0.8,43.853,29.0,-32.7,1.7,-10.5,-16.0,51.4,1.62,746,ACE,UPCOM,Công ty Cổ phần Bê tông ly tâm An Giang,
2026-10-02,29.9,0.2,0.17,-4.4,-5.9,-7.9,-10.1,-20.0,37.396,28.967,-20.0,3.2,-3.1,-9.0,26.3,0.96,746,ACG,HOSE,Công ty Cổ phần Gỗ An Cường,
2026-10-02,11.2,0.04,0.04,-8.2,-11.8,-12.5,-10.7,-2.6,15.326,10.55,-26.9,6.2,-6.3,-13.0,36.8,1.02,746,ACL,HOSE,Công ty Cổ phần Xuất nhập khẩu Thủy sản Cửu Long An Giang,
2026-10-02,0.3,0.03,0.03,-40.0,-50.0,-50.0,-50.0,-50.0,0.8,0.3,-62.5,0.0,-34.2,-44.0,134.2,1.26,746,ACM,UPCOM,Công ty Cổ phần Tập đoàn khoáng sản Á Cường,
2026-10-02,4.5,0.0,0.0,-23.7,-15.1,18.4,-30.8,-26.2,7.2,2.3,-37.5,95.7,-17.2,0.6,99.2,1.07,746,ACS,UPCOM,Công ty Cổ phần Xây lắp Thương mại 2,
2026-10-02,39.2,11.09,16.92,-7.3,-10.1,-14.4,-29.1,-37.2,64.8,37.0,-39.5,5.9,-2.3,-15.0,33.2,0.5,746,ACV,UPCOM,Tổng công ty cảng hàng không Việt Nam - CTCP,
2026-10-02,15.0,0.01,0.0,-9.1,-13.8,-12.3,-17.9,-12.1,22.062,15.0,-32.0,0.0,-8.0,-15.7,50.3,1.66,746,ADC,HNX,Công ty Cổ phần Mĩ thuật và Truyền thông ,
2026-10-02,8.5,0.01,0.01,6.1,-1.8,-0.2,-10.0,-32.0,9.93,7.44,-14.4,14.2,2.9,-2.0,46.3,0.47,746,ADG,HOSE,Công ty Cổ phần Clever Group,
2026-10-02,23.65,0.1,0.09,4.3,9.2,14.5,7.2,1.5,24.091,19.443,-1.8,21.6,3.8,10.0,16.5,1.06,746,ADP,HOSE,Công ty Cổ phần Sơn Á Đông ,
2026-10-02,7.78,0.25,0.61,-4.9,-7.3,1.7,-1.5,-8.5,8.68,6.563,-10.4,18.5,-2.5,-0.1,22.1,0.33,746,ADS,HOSE,Công ty Cổ phần Damsan,
2026-10-02,9.73,1.38,1.53,-4.6,-4.1,-8.6,-0.7,26.4,14.9,9.0,-34.7,8.1,-3.5,-7.8,28.7,1.27,740,AFX,HOSE,Công ty Cổ phần Xuất nhập khẩu Nông sản thực phẩm An Giang,
2026-10-02,11.9,0.01,0.03,0.0,10.2,6.2,17.4,59.6,13.6,9.689,-12.5,22.8,3.3,6.4,38.3,0.17,746,AG1,UPCOM,Công ty Cổ phần 28.1,
2026-10-02,1.8,0.0,0.0,0.0,-10.0,-5.3,-21.7,-28.0,2.4,1.6,-25.0,12.5,-3.8,-6.3,39.2,0.12,746,AGF,UPCOM,Công ty Cổ phần Xuất nhập khẩu thủy sản An Giang ,
2026-10-02,9.0,3.0,2.95,-17.2,-15.4,-21.1,-49.0,-40.0,17.5,8.53,-48.6,5.5,-10.9,-21.3,26.4,1.16,746,AGG,HOSE,CTCP Đầu tư và phát triển bất động sản An Gia,
2026-10-02,2.2,0.04,0.02,15.8,-4.3,15.8,-33.3,-43.0,4.3,1.8,-48.8,22.2,12.4,-0.1,71.8,0.73,736,AGM,UPCOM,Công ty Cổ phần xuất nhập khẩu An Giang,
2026-10-02,27.8,0.28,0.21,-5.4,-17.5,-17.5,-19.3,-7.5,38.9,24.1,-28.5,15.4,-6.4,-15.4,32.9,2.06,746,AGP,UPCOM,Công ty Cổ phần Dược phẩm Agimexpharm,
2026-10-02,11.65,2.56,4.96,-13.4,-27.2,-20.2,-31.9,-33.6,18.45,11.65,-36.9,0.0,-9.6,-20.6,34.7,0.54,746,AGR,HOSE,Công ty Cổ phần Chứng khoán Agribank,
2026-10-02,145.0,0.01,0.03,9.8,-3.3,-40.9,-15.0,102.5,288.512,122.5,-49.7,18.4,0.1,-20.5,89.6,0.03,746,AGX,UPCOM,Công ty Cổ phần Thực phẩm Nông sản Xuất khẩu Sài Gòn,
2026-10-02,7.7,0.01,0.0,-3.7,-8.3,-16.3,-26.7,-35.8,11.2,6.9,-31.2,11.6,-7.4,-15.9,53.6,2.36,746,AIC,UPCOM,Tổng Công ty Cổ phần Bảo hiểm Hàng không,
2026-10-02,46.3,0.41,1.3,-7.0,9.8,22.2,20.9,,51.0,37.017,-9.2,25.1,-2.6,9.1,26.0,0.27,470,AIG,UPCOM,Công ty Cổ phần nguyên liệu Á Châu AIG,
2026-10-02,21.1,0.37,0.26,5.5,-8.3,-8.3,,,31.3,19.9,-32.6,6.0,2.1,,42.2,0.88,176,ALC,UPCOM,Cổ phiếu Công ty cổ phần Âu Lạc,
2026-10-02,13.0,0.0,0.0,16.4,9.9,4.2,16.4,5.2,17.037,10.148,-23.7,28.1,10.8,8.3,72.6,0.05,746,ALT,HNX,Công ty Cổ phần văn hoá Tân Bình ,
2026-10-02,7.0,0.04,0.03,4.5,0.0,-6.7,-5.4,98.4,8.8,5.5,-20.5,27.3,4.1,-0.3,44.0,0.85,746,ALV,UPCOM,Công ty cổ phần Tập đoàn MCST,
2026-10-02,12.8,0.0,0.0,-1.5,3.2,8.1,21.5,32.9,16.036,10.535,-20.2,21.5,1.0,4.1,56.6,0.91,746,AMC,HNX,Công ty Cổ phần Khoáng sản Á Châu,
2026-10-02,6.8,0.0,0.0,-1.4,0.0,-1.4,-24.4,25.9,9.0,6.0,-24.4,13.3,4.6,-1.5,38.8,0.02,746,AME,HNX,Công ty Cổ phần Alphanam E&C,
2026-10-02,12.5,0.08,0.08,-3.1,-13.8,-13.2,-3.8,5.0,16.5,11.1,-24.2,12.6,-11.3,-11.8,70.1,1.57,746,AMP,UPCOM,Công ty Cổ phần Armephaco,
2026-10-02,7.1,0.2,0.19,4.3,1.4,-21.2,-7.4,-23.7,10.74,6.137,-33.9,15.7,4.0,-8.6,38.7,0.31,746,AMS,UPCOM,Công ty cổ phần Cơ khí Xây dựng AMECC,
2026-10-02,1.2,0.74,0.62,0.0,-14.3,-33.3,-40.0,-57.1,2.8,1.0,-57.1,20.0,-0.3,-26.5,58.8,1.4,746,AMV,HNX,Công ty Cổ phần Sản xuất kinh doanh dược và Trang thiết bị y tế Việt Mỹ,
2026-10-02,47.0,0.0,0.01,14.9,59.3,,,,58.5,16.0,-19.7,193.8,0.8,,110.6,0.0,68,ANI,UPCOM,Công ty Cổ phần ANI,
2026-10-02,18.95,0.38,0.84,3.6,-27.7,-36.3,-29.1,39.2,40.104,16.9,-52.7,12.1,-4.4,-30.1,37.5,0.82,741,ANT,HOSE,Công ty Cổ phần Rau quả thực phẩm An Giang,
2026-10-02,17.0,8.22,9.52,-1.2,-18.9,-28.0,-39.1,6.6,33.399,15.1,-49.1,12.6,1.7,-23.3,37.5,0.93,746,ANV,HOSE,Công ty TNHH Amicogen Nam Việt,
2026-10-02,5.2,0.01,0.01,-7.1,-17.5,-11.9,-30.7,-23.5,8.2,5.1,-36.6,2.0,-9.8,-15.5,77.9,2.38,737,APC,UPCOM,Công ty Cổ phần Chiếu xạ An Phú,
2026-10-02,44.1,0.41,0.86,-2.9,-9.1,-2.8,28.3,-0.5,49.3,31.805,-10.5,38.7,-2.2,3.6,23.9,0.36,746,APF,UPCOM,Công ty Cổ phần Nông sản Thực phẩm Quảng Ngãi,
2026-10-02,4.22,0.6,1.08,-14.6,-17.9,-25.2,-63.6,-56.4,12.05,4.11,-65.0,2.7,-9.8,-35.6,37.5,0.39,746,APG,HOSE,Công ty Cổ phần Chứng khoán APG,
2026-10-02,6.98,3.79,2.2,18.3,27.8,26.2,9.2,8.0,7.58,5.25,-7.9,33.0,12.6,17.4,27.0,2.29,746,APH,HOSE,Công ty cổ phần Tập đoàn An Phát Holdings,
2026-10-02,4.2,0.61,0.65,-25.0,-34.4,-26.3,-49.4,-53.3,8.5,4.1,-50.6,2.4,-22.3,-29.6,44.2,0.77,746,API,HNX,Công ty Cổ phần Đầu tư Châu Á - Thái Bình Dương,
2026-10-02,11.5,0.0,0.0,0.0,0.0,-13.1,-21.2,-21.2,16.425,9.764,-30.0,17.8,0.0,-6.7,44.1,0.0,746,APL,UPCOM,Công ty cổ phần Cơ khí và thiết bị áp lực – VVMI,
2026-10-02,3.9,0.0,0.01,-2.5,-7.1,-20.4,-30.4,-17.0,6.5,3.5,-40.0,11.4,-3.5,-13.3,44.9,0.12,746,APP,UPCOM,Công ty Cổ phần Phát triển Phụ gia và Sản phẩm dầu mỏ ,
2026-10-02,5.2,2.62,2.78,-16.1,-30.7,-13.3,-43.5,-28.8,10.2,5.0,-49.0,4.0,-12.8,-20.1,46.9,0.99,746,APS,HNX,Công ty Cổ phần Chứng khoán Châu Á - Thái Bình Dương,
2026-10-02,1.4,0.0,0.0,-12.5,-17.6,-54.8,-36.4,-53.3,3.6,1.4,-61.1,0.0,-13.7,-35.5,43.5,0.25,746,APT,UPCOM,Công ty Cổ phần Kinh doanh Thủy hải sản Sài Gòn,
2026-10-02,45.8,0.0,0.0,0.0,0.0,0.0,72.5,73.1,45.8,24.665,0.0,85.7,-0.0,8.9,23.7,0.09,746,ARM,HNX,Công ty Cổ phần Xuất nhập khẩu Hàng không,
2026-10-02,1.3,0.0,0.0,0.0,0.0,0.0,0.0,0.0,1.3,1.3,0.0,0.0,0.0,-0.0,0.0,0.0,746,ART,UPCOM,Công ty cổ phần Chứng khoán BOS,
2026-10-02,16.0,0.0,0.02,-3.6,-5.0,-4.8,-1.5,-15.8,17.4,15.5,-8.0,3.2,-2.8,-4.5,17.5,0.25,746,ASG,HOSE,Công ty Cổ phần Tập đoàn ASG,
2026-10-02,5.01,0.83,1.78,-13.9,-16.6,-10.4,-37.2,-40.9,8.009,4.9,-37.4,2.2,-10.2,-15.5,24.9,0.46,746,ASM,HOSE,Công ty Cổ phần Tập đoàn Sao Mai ,
2026-10-02,16.0,3.16,2.91,15.9,76.6,210.7,239.0,288.3,17.0,4.08,-5.9,292.2,20.2,101.6,40.9,0.89,746,ASP,HOSE,Công ty Cổ phần Tập đoàn Dầu khí An Pha,
2026-10-02,60.5,0.93,0.57,-8.3,-2.9,5.2,2.0,40.7,67.9,53.412,-10.9,13.3,-4.7,-0.6,26.8,2.14,746,AST,HOSE,Công ty Cổ phần Dịch vụ Hàng không Taseco,
2026-10-02,0.3,0.0,0.0,-25.0,-40.0,-40.0,-50.0,-50.0,0.6,0.3,-50.0,0.0,-12.3,-33.0,122.3,0.84,746,ATA,UPCOM,Công ty Cổ phần NTACO ,
2026-10-02,6.8,0.0,0.0,-1.4,-20.9,-15.0,-20.9,142.9,11.5,6.3,-40.9,7.9,-14.3,-20.1,64.3,0.01,746,ATG,UPCOM,Công Ty Cổ Phần ATG Planet,
2026-10-02,23.4,0.02,0.01,-10.0,-5.3,-14.6,11.4,17.6,29.9,16.1,-21.7,45.3,-4.3,-7.5,42.1,5.8,746,ATS,HNX,Công ty cổ phần tập đoàn đầu tư ATS,
2026-10-02,38.2,0.03,0.02,0.2,-9.0,-19.0,-22.9,-19.7,58.544,37.553,-34.7,1.7,-1.3,-13.7,44.4,0.88,746,AVC,UPCOM,Công ty cổ phần Thủy điện A Vương,
2026-10-02,7.4,0.1,0.1,-11.9,-17.8,-25.3,-51.0,-58.4,15.7,6.6,-52.9,12.1,-7.4,-20.8,25.6,0.37,534,AVG,UPCOM,Công ty Cổ phần Phân bón Quốc tế Âu Việt,
2026-10-02,10.7,0.04,0.09,0.0,-8.5,4.6,-8.4,10.4,12.8,10.041,-16.4,6.6,0.1,-0.9,29.0,0.28,746,BAB,HNX,Ngân hàng Thương mại cổ phần Bắc Á,
2026-10-02,30.8,46.45,54.64,-5.5,2.7,5.8,6.2,69.9,33.0,25.374,-6.7,21.4,-1.9,1.5,18.0,0.84,746,BAF,HOSE,Công ty Cổ phần Nông nghiệp BAF Việt Nam,
2026-10-02,6.3,0.0,0.0,-13.7,-7.6,-12.5,-29.5,-30.1,9.413,5.955,-33.1,5.8,-13.6,-17.4,64.9,0.21,746,BAL,UPCOM,Công ty Cổ phần Bao bì Bia - Rượu - Nước giải khát,
2026-10-02,28.8,0.01,0.01,-0.7,-9.1,-10.0,-14.4,-14.5,38.667,27.1,-25.5,6.3,-1.6,-9.7,33.1,1.81,746,BAX,HNX,Công ty Cổ phần Thống Nhất,
2026-10-02,9.6,0.0,0.01,-4.0,31.5,-29.3,-7.4,-10.5,18.768,6.4,-48.8,50.0,1.0,-13.0,96.9,0.12,746,BBH,UPCOM,Công ty cổ phần Bao bì Hoàng Thạch,
2026-10-02,8.1,0.0,0.0,0.0,-5.8,-1.1,7.8,0.8,9.538,7.129,-15.1,13.6,2.7,-3.3,49.4,0.31,746,BBM,UPCOM,Công ty Cổ phần Bia Hà Nội - Nam Định,
2026-10-02,11.5,0.0,0.0,6.5,-3.0,5.3,6.2,27.7,12.685,8.981,-9.3,28.0,-3.4,-0.7,52.7,0.08,746,BBS,HNX,Công ty Cổ phần VICEM Bao bì Bút Sơn,
2026-10-02,15.8,0.23,0.1,26.4,16.0,31.8,16.0,123.5,16.0,9.59,-1.2,64.8,21.1,31.6,71.8,3.76,746,BBT,UPCOM,Công Ty Cổ Phần Bông Bạch Tuyết,
2026-10-02,18.1,0.03,0.04,-11.3,-12.6,-2.2,82.8,44.8,22.4,8.0,-19.2,126.3,-6.2,-1.0,72.6,0.18,746,BCA,UPCOM,Công ty cổ phần B.C.H,
2026-10-02,2.2,0.0,0.0,0.0,0.0,37.5,83.3,214.3,2.2,1.2,0.0,83.3,0.0,15.1,43.3,0.0,746,BCB,UPCOM,Công ty cổ phần 397,
2026-10-02,5.5,0.13,0.17,-6.8,-21.4,-23.6,-36.8,-31.2,8.8,5.1,-37.5,7.8,-6.3,-21.2,26.7,0.68,746,BCC,HNX,Công ty Cổ phần Xi măng Bỉm Sơn,
2026-10-02,5.38,0.17,1.04,-2.2,-34.4,-42.4,-40.5,17.5,10.041,5.21,-46.4,3.3,-3.4,-33.8,24.5,0.29,746,BCE,HOSE,Công ty Cổ phần Xây dựng và Giao thông Bình Dương,
2026-10-02,36.0,0.02,0.02,2.2,-0.5,-2.9,10.5,35.3,40.587,32.573,-11.3,10.5,1.4,-0.9,25.6,1.31,746,BCF,HNX,Công ty Cổ phần Thực phẩm Bích Chi,
2026-10-02,38.7,22.05,29.72,-10.7,-24.3,-27.3,-40.5,-42.5,82.277,33.9,-53.0,14.2,-3.5,-27.2,38.3,0.95,746,BCM,HOSE,Tập đoàn Đầu tư và Phát triển Công nghiệp Becamex - CTCP,
2026-10-02,8.0,0.0,0.0,-20.0,-20.0,-25.2,-24.5,-25.2,13.4,7.6,-40.3,5.3,-18.8,-22.9,79.1,0.37,746,BCP,UPCOM,Công ty cổ phần dược ENLIE,
2026-10-02,21.5,0.0,0.0,0.0,0.0,0.0,0.0,0.0,21.5,21.5,0.0,0.0,0.0,0.0,0.0,0.0,746,BCV,UPCOM,Công Ty Cổ Phần Du Lịch Và Thương Mại Bằng Giang – Vimico,
2026-10-02,26.0,0.02,0.09,-4.1,-25.8,-24.4,-22.9,-10.9,40.4,24.1,-35.6,7.9,-3.7,-18.7,48.1,0.28,746,BDG,UPCOM,Công ty Cổ phần may mặc Bình Dương,
2026-10-02,8.4,0.03,0.82,-10.6,-7.7,-8.7,-9.7,5.0,10.4,7.7,-19.2,9.1,-5.8,-8.7,31.5,0.05,746,BDT,UPCOM,Công ty cổ phần Xây lắp và Vật liệu xây dựng Đồng Tháp,
2026-10-02,24.0,0.0,0.0,-5.9,-6.9,-6.9,-9.9,9.2,30.468,22.254,-21.2,7.8,-3.5,-5.7,52.3,1.33,746,BDW,UPCOM,Công ty Cổ phần Cấp thoát nước Bình Định ,
2026-10-02,23.6,0.0,0.0,0.0,0.0,0.0,-1.2,-10.8,23.878,23.6,-1.2,0.0,0.0,-0.2,1.2,0.05,746,BED,HNX,Công ty Cổ phần Sách và Thiết bị trường học Đà Nẵng,
2026-10-02,23.0,0.0,0.0,-14.8,-3.4,46.0,109.2,-25.8,33.0,10.797,-30.3,113.0,-7.3,14.2,87.8,0.05,746,BEL,UPCOM,CÔNG TY CỔ PHẦN ĐIỆN TỬ BIÊN HÒA,
2026-10-02,54.6,8.76,9.52,15.9,5.5,5.5,41.5,50.1,72.766,37.224,-25.0,46.7,13.3,6.3,42.9,0.85,746,BFC,HOSE,Công ty Cổ phần Phân bón Bình Điền ,
2026-10-02,2.9,0.52,0.37,3.6,3.6,-12.1,-47.3,-74.3,5.4,2.5,-46.3,16.0,2.0,-17.5,34.4,1.52,541,BGE,UPCOM,Công ty cổ phần BCG Energy,
2026-10-02,16.1,0.0,0.0,0.6,0.6,5.9,-19.3,10.0,19.095,13.3,-15.7,21.1,0.5,1.1,29.2,0.73,746,BGW,UPCOM,Công ty Cổ phần Nước sạch Bắc Giang,
2026-10-02,20.6,0.01,0.01,-0.5,-10.0,-10.8,-13.8,3.6,27.785,20.1,-25.9,2.5,-2.6,-10.3,56.7,1.36,746,BHA,UPCOM,Công ty Cổ phần Thủy điện Bắc Hà,
2026-10-02,0.8,0.0,0.0,-11.1,-20.0,-27.3,-46.7,-63.6,1.6,0.8,-50.0,0.0,-8.9,-23.5,40.5,1.6,746,BHC,UPCOM,Công ty Cổ phần Bê tông Biên Hòa ,
2026-10-02,11.0,0.0,0.0,0.0,0.0,0.0,0.0,0.0,11.0,11.0,0.0,0.0,0.0,0.0,0.0,0.0,746,BHG,UPCOM,Công ty Cổ phần Chè Biển Hồ,
2026-10-02,15.3,0.0,0.0,0.0,-18.2,-18.9,-33.5,,23.006,14.535,-33.5,5.3,-7.1,-17.7,81.0,0.0,331,BHH,UPCOM,Công Ty Cổ Phần Bia Hà Nội - Hưng Yên 89,
2026-10-02,6.9,0.0,0.0,-24.2,-4.2,-25.8,-32.4,-42.5,11.6,4.7,-40.5,46.8,-21.5,-17.5,123.5,0.4,746,BHI,UPCOM,Tổng Công ty Cổ phần Bảo hiểm Sài Gòn - Hà Nội,
2026-10-02,12.0,0.0,0.0,0.0,-8.4,-8.4,-8.4,-29.1,15.065,9.357,-20.3,28.2,-1.1,-1.1,44.9,0.0,746,BHK,UPCOM,Công ty cổ phần Bia Hà Nội - Kim Bài,
2026-10-02,26.7,0.05,0.04,-5.4,1.1,-0.2,-9.5,-17.9,31.937,25.858,-16.4,3.3,-2.8,-3.6,24.6,0.94,746,BHN,HOSE,Tổng Công ty Cổ phần Bia - Rượu - Nước giải khát Hà Nội,
2026-10-02,9.0,0.0,0.0,-9.1,40.6,28.6,-10.0,32.3,13.1,5.7,-31.3,57.9,7.8,18.6,86.0,1.86,746,BHP,UPCOM,Công ty Cổ phần Bia Hà Nội - Hải Phòng,
2026-10-02,21.6,0.59,0.57,-0.2,-7.1,-10.7,-22.0,19.9,28.0,20.0,-22.9,8.0,1.1,-6.5,27.3,0.55,746,BIC,HOSE,Tổng Công ty Cổ phần Bảo Hiểm Ngân hàng Đầu tư và Phát triển Việt Nam ,
2026-10-02,34.8,132.69,137.32,-5.6,-11.0,-3.7,-5.2,-7.6,52.368,32.152,-33.5,8.2,-2.7,-10.2,33.0,0.73,746,BID,HOSE,Ngân hàng Thương mại Cổ phần Đầu tư và Phát triển Việt Nam ,
2026-10-02,4.6,2.83,2.4,-2.1,-2.1,-16.6,5.1,-18.1,9.1,3.938,-49.5,16.8,-3.7,-14.5,67.4,1.14,746,BIG,UPCOM,Công Ty Cổ Phần Tập Đoàn Đầu Tư BIG,
2026-10-02,12.6,0.0,0.01,-14.3,5.0,9.6,8.7,-21.3,14.7,9.749,-14.3,29.2,-2.8,3.4,66.3,0.34,746,BIO,UPCOM,Công ty cổ phần Vắc Xin và Sinh phẩm Nha Trang,
2026-10-02,14.5,0.56,0.3,12.4,-6.7,-13.6,-26.2,483.0,25.489,11.5,-43.1,26.1,9.0,-10.0,48.6,2.38,746,BKC,HNX,Công ty Cổ phần Khoáng sản Bắc Kạn ,
2026-10-02,1.66,0.23,0.43,-11.7,-30.5,-36.4,-46.1,-52.6,3.2,1.65,-48.1,0.6,-14.7,-32.4,32.0,0.69,746,BKG,HOSE,Công ty Cổ phần Đầu tư BKG Việt Nam,
2026-10-02,2.4,0.01,0.01,0.0,-7.7,-4.0,4.3,-42.9,3.0,1.9,-20.0,26.3,-9.0,-5.8,71.5,0.66,737,BLF,UPCOM,Công ty Cổ phần Thủy sản Bạc Liêu,
2026-10-02,8.0,0.08,0.04,-3.6,-2.4,-14.0,-14.0,-15.8,10.2,7.5,-21.6,6.7,-1.0,-7.5,34.2,2.16,746,BLI,UPCOM,Tổng Công ty Cổ phần Bảo Hiểm Bảo Long,
2026-10-02,8.4,0.0,0.0,14.6,19.0,19.0,3.3,37.3,8.4,5.362,0.0,56.7,9.4,17.2,60.8,0.0,746,BLN,UPCOM,Công ty cổ phần Vận tải và dịch vụ Liên Ninh,
2026-10-02,17.8,0.0,0.0,-10.6,-18.3,-16.7,-28.9,-53.6,26.466,17.0,-32.7,4.7,-3.7,-14.6,50.0,0.56,746,BLT,UPCOM,Công ty Cổ phần Lương thực Bình Định,
2026-10-02,10.2,0.09,0.09,-8.9,-18.4,-23.3,-40.0,-47.3,18.4,9.4,-44.6,8.5,-8.0,-23.2,27.2,0.74,746,BMC,HOSE,Công ty Cổ phần Khoáng sản Bình Định,
2026-10-02,12.0,0.0,0.0,20.0,20.0,28.4,28.4,21.8,12.0,5.608,0.0,114.0,10.7,23.3,68.7,0.0,746,BMD,UPCOM,Công ty Cổ phần Môi trường và Dịch vụ Đô thị Bình Thuận,
2026-10-02,7.5,0.0,0.0,-2.6,-1.3,-6.2,-2.6,-21.1,9.2,6.6,-18.5,13.6,-1.4,-4.1,57.9,0.1,746,BMF,UPCOM,Công ty Cổ phần Vật liệu xây dựng và Chất đốt Đồng Nai,
2026-10-02,11.1,0.0,0.0,0.0,0.0,-39.4,-32.2,-29.3,18.5,11.1,-40.0,0.0,0.0,-25.2,54.2,0.0,746,BMG,UPCOM,Công ty Cổ phần May Bình Minh,
2026-10-02,13.65,1.05,1.04,1.0,-0.7,-18.0,-29.1,-22.8,21.085,11.87,-35.3,15.0,2.3,-9.8,28.1,0.61,746,BMI,HOSE,Tổng Công ty Cổ phần Bảo Minh ,
2026-10-02,11.9,0.01,0.01,-14.4,5.3,24.0,8.2,21.4,14.0,8.8,-15.0,35.2,-9.4,6.9,65.1,0.41,746,BMJ,UPCOM,Công ty cổ phần khoáng sản Miền Đông AHP,
2026-10-02,9.2,0.01,0.04,-4.2,-34.3,-34.3,-44.2,,18.0,8.1,-48.9,13.6,-12.3,-32.0,71.0,0.27,437,BMK,UPCOM,CÔNG TY CỔ PHẦN KỸ THUẬT NHIỆT MÈO ĐEN,
2026-10-02,141.0,9.92,14.92,-2.6,-8.2,18.2,9.8,46.5,180.667,114.643,-22.0,23.0,-3.2,-3.2,36.0,0.52,746,BMP,HOSE,Công ty Cổ phần nhựa Bình Minh,
2026-10-02,12.2,0.36,1.38,-7.6,-13.5,-10.4,-5.9,49.0,15.7,11.351,-22.3,7.5,-5.6,-7.6,26.7,0.23,746,BMS,UPCOM,Công ty Cổ phần Chứng Khoán Bảo Minh,
2026-10-02,3.4,0.0,0.0,-2.9,0.0,-30.6,-43.3,-70.8,6.9,2.7,-50.7,25.9,5.3,-20.9,79.7,1.11,746,BMV,UPCOM,Công ty Cổ phần Bột mỳ Vinafood 1,
2026-10-02,1.8,0.62,0.29,-14.3,-57.1,-69.0,-73.9,-80.8,8.7,1.7,-79.3,5.9,-24.4,-65.3,49.0,2.84,746,BNA,HNX,CÔNG TY CỔ PHẦN TẬP ĐOÀN ĐẦU TƯ BẢO NGỌC,
2026-10-02,17.0,0.01,0.05,-15.0,-10.5,1.2,118.6,118.6,34.5,7.777,-50.7,118.6,-5.9,-4.5,104.7,0.3,746,BNW,UPCOM,Công ty cổ phần Nước sạch Bắc Ninh,
2026-10-02,1.2,0.13,0.08,-20.0,-29.4,-36.8,-47.8,-53.8,2.4,1.2,-50.0,0.0,-16.1,-30.5,46.2,1.54,746,BOT,UPCOM,Công ty cổ phần BOT Cầu Thái Hà,
2026-10-02,12.0,0.0,0.0,-1.8,-1.8,-1.8,-9.1,36.8,13.987,10.759,-14.2,11.5,-2.3,-2.3,27.5,0.35,746,BPC,HNX,Công ty Cổ phần Vicem Bao bì Bỉm sơn,
2026-10-02,3.8,0.0,0.0,5.6,-2.6,2.7,-20.8,2.7,5.2,3.0,-26.9,26.7,2.3,-2.7,83.5,0.91,746,BQB,UPCOM,Công ty Cổ phần Bia Hà Nội - Quảng Bình,
2026-10-02,15.0,0.01,0.01,-4.5,0.0,-16.7,,,37.859,13.087,-60.4,14.6,-4.8,-15.1,100.8,0.68,225,BQP,UPCOM,CTCP Nhựa Chất lượng cao Bình Thuận,
2026-10-02,11.0,0.01,0.02,3.8,-0.2,-0.2,-5.3,2.0,12.202,10.199,-9.9,7.9,-0.5,-1.2,25.1,0.45,746,BRC,HOSE,Công ty Cổ phần Cao su Bến Thành ,
2026-10-02,18.6,0.01,0.01,3.9,-2.0,0.5,7.8,10.6,20.906,14.5,-11.0,28.3,4.1,4.0,75.9,1.17,746,BRR,UPCOM,Công ty Cổ phần Cao su Bà Rịa,
2026-10-02,18.5,0.01,0.03,-8.4,-19.1,-24.1,-14.9,-14.4,39.698,17.873,-53.4,3.5,-10.4,-20.4,74.5,0.25,746,BRS,UPCOM,Công ty Cổ phần Dịch vụ Đô thị Bà Rịa,
2026-10-02,19.9,0.04,0.05,-0.5,0.0,-4.3,-10.0,0.5,26.3,16.9,-24.3,17.8,-0.4,-4.6,25.4,0.41,746,BSA,UPCOM,Công ty Cổ phần Thủy Điện Buôn Đôn,
2026-10-02,16.5,0.0,0.0,0.0,9.3,-24.9,47.6,62.0,21.981,9.653,-24.9,70.9,1.7,-14.1,65.8,0.0,746,BSD,UPCOM,"Công ty cổ phần Bia, Rượu Sài Gòn - Đồng Xuân",
2026-10-02,8.0,0.0,0.0,0.0,-27.3,-55.6,-53.5,-35.5,22.0,8.0,-63.6,0.0,-0.7,-44.3,68.6,0.0,746,BSG,UPCOM,Công ty cổ phần Xe khách Sài Gòn,
2026-10-02,16.5,0.0,0.0,-8.3,1.9,-19.5,-8.7,-2.3,22.55,15.1,-26.8,9.3,-2.9,-3.0,47.0,0.24,746,BSH,UPCOM,Công ty Cổ phần Bia Sài Gòn - Hà Nội,
2026-10-02,24.65,7.01,12.11,-15.6,-32.5,-24.4,-40.9,-42.2,43.546,24.65,-43.4,0.0,-11.1,-23.3,34.2,0.64,746,BSI,HOSE,Công ty Cổ phần Chứng khoán BIDV,
2026-10-02,12.5,0.05,0.08,0.8,-3.8,9.9,25.6,47.6,14.5,8.248,-13.8,51.6,-1.0,7.9,54.4,0.56,746,BSL,UPCOM,Công ty Cổ phần Bia Sài Gòn - Sông Lam,
2026-10-02,12.0,0.0,0.04,-25.9,17.6,20.0,34.7,46.3,16.2,8.364,-25.9,43.5,-9.0,9.1,64.5,0.15,746,BSP,UPCOM,Công ty Cổ phần Bia Sài Gòn - Phú Thọ,
2026-10-02,16.5,0.01,0.01,-7.8,-10.8,0.7,-5.1,-6.9,20.705,13.343,-20.3,23.7,-3.3,-3.4,64.4,0.78,746,BSQ,UPCOM,Công ty cổ phần Bia Sài Gòn - Quảng Ngãi,
2026-10-02,30.45,420.84,307.2,14.5,24.7,16.9,87.0,110.7,39.156,13.349,-22.2,128.1,11.3,18.8,54.5,1.2,738,BSR,HOSE,Công ty Cổ phần - Tổng Công ty Lọc hóa dầu Việt Nam,
2026-10-02,12.9,0.0,0.01,19.4,27.7,11.2,23.7,19.1,14.3,8.516,-9.8,51.5,12.0,14.9,79.6,0.37,746,BT1,UPCOM,Công ty cổ phần bảo vệ thực vật 1 Trung Ương,
2026-10-02,3.4,0.0,0.0,0.0,0.0,0.0,0.0,0.0,3.4,3.4,0.0,0.0,0.0,0.0,0.0,0.0,746,BT6,UPCOM,Công ty Cổ phần Beton 6,
2026-10-02,4.6,0.0,0.0,-2.1,-4.2,-4.2,-16.4,-20.7,6.3,3.6,-27.0,27.8,-2.7,-0.2,65.9,1.95,746,BTB,UPCOM,Công ty Cổ phần Bia Hà Nội - Thái Bình,
2026-10-02,18.0,0.0,0.0,-3.4,6.2,-2.9,17.2,15.5,20.612,13.647,-12.7,31.9,2.3,2.3,65.0,0.61,746,BTD,UPCOM,Công ty cổ phần Bê tông Ly tâm Thủ Đức,
2026-10-02,8.1,0.0,0.0,0.0,0.0,-6.9,-14.7,14.1,9.5,7.6,-14.7,6.6,-0.0,-2.4,29.1,0.0,746,BTG,UPCOM,Công ty Cổ phần bao bì Tiền Giang,
2026-10-02,18.3,0.04,0.06,-7.1,-8.1,-17.5,-53.6,8.2,40.679,16.3,-55.0,12.3,-7.8,-13.5,42.0,0.58,746,BTH,UPCOM,Công ty Cổ phần Chế tạo Biến thế và Vật liệu điện Hà Nội,
2026-10-02,2.4,0.0,0.0,-4.0,-7.7,-11.1,-17.2,-11.1,3.9,2.3,-38.5,4.3,-9.2,-14.8,71.8,1.36,746,BTN,UPCOM,Công ty Cổ Phần Đầu Tư BITCO Bình Định ,
2026-10-02,7.29,0.24,0.23,-1.4,-12.2,-13.7,-30.2,-41.8,10.54,7.09,-30.8,2.8,-1.6,-11.0,16.9,1.18,746,BTP,HOSE,Công ty Cổ phần Nhiệt điện Bà Rịa,
2026-10-02,4.4,0.05,0.03,-10.2,-13.7,-13.7,-18.5,-17.0,5.7,4.2,-22.8,4.8,-8.1,-13.8,19.1,1.88,746,BTS,HNX,Công ty Cổ phần Xi măng Vicem Bút Sơn,
2026-10-02,39.5,0.0,0.0,-1.2,-2.1,4.0,11.3,25.4,42.502,30.592,-7.1,29.1,-4.1,3.2,25.6,1.14,746,BTT,HOSE,Công ty Cổ phần Thương mại - Dịch vụ Bến Thành,
2026-10-02,13.6,0.0,0.0,-9.3,-8.2,-12.0,-0.1,9.7,16.104,12.7,-15.5,7.1,-8.8,-7.3,40.5,0.38,746,BTU,UPCOM,Công ty cổ phần Công trình Đô thị Bến Tre,
2026-10-02,20.0,0.0,0.0,0.0,11.1,68.0,61.5,75.0,20.2,9.048,-1.0,121.0,1.0,25.7,79.9,0.02,746,BTV,UPCOM,Công ty Cổ phần Dịch vụ du lịch Bến Thành,
2026-10-02,58.5,0.03,0.02,-35.7,-12.9,-7.0,-6.5,63.5,99.0,46.122,-40.9,26.8,-21.9,-11.3,48.6,1.23,746,BTW,HNX,Công ty Cổ phần Cấp nước Bến Thành,
2026-10-02,10.4,11.55,17.42,-11.4,-20.9,-11.7,-25.3,-7.2,14.706,10.35,-29.3,0.5,-9.6,-15.8,30.4,0.7,738,BVB,HOSE,Ngân hàng TMCP Bản Việt,
2026-10-02,2.8,0.0,0.0,0.0,0.0,0.0,16.7,16.7,3.2,2.3,-12.5,21.7,-1.3,0.9,34.0,0.18,746,BVG,UPCOM,Công ty Cổ phần Group Bắc Việt,
2026-10-02,75.8,66.29,40.41,18.4,21.7,-10.8,42.8,83.0,88.5,46.215,-14.4,64.0,15.3,10.6,43.2,1.57,746,BVH,HOSE,Tập đoàn Bảo Việt ,
2026-10-02,13.0,0.0,0.0,-0.8,-9.1,4.2,-18.1,61.2,17.877,10.7,-27.3,21.5,-3.3,-6.0,65.0,0.34,746,BVL,UPCOM,Công ty Cổ phần BV Land,
2026-10-02,25.3,0.06,0.02,39.8,39.8,6.8,82.0,100.8,27.2,12.5,-7.0,102.4,33.0,42.0,84.7,4.9,746,BVN,UPCOM,Công ty Cổ phần Bông Việt Nam ,
2026-10-02,25.5,19.93,29.15,-13.6,-20.1,-3.0,-28.8,-40.2,38.084,22.0,-33.0,15.9,-6.2,-9.4,42.5,1.08,746,BVS,HNX,Công ty Cổ phần Chứng khoán Bảo Việt,
2026-10-02,9.5,0.01,0.0,11.8,-26.4,-42.3,-17.4,-16.1,16.572,8.1,-42.7,17.3,1.2,-27.5,60.6,5.1,746,BWA,UPCOM,Công ty Cổ phần Cấp thoát nước và Xây dựng Bảo Lộc ,
2026-10-02,40.8,1.86,4.4,-3.5,-8.6,-3.0,-11.3,-3.3,48.026,39.65,-15.0,2.9,-4.0,-4.9,20.1,0.38,746,BWE,HOSE,Công ty Cổ phần - Tổng công ty nước - Môi trường Bình Dương,
2026-10-02,28.5,1.18,0.52,-9.5,-13.6,-15.6,-4.9,-3.0,37.368,28.05,-23.7,1.6,-9.0,-12.5,26.2,3.73,746,BWS,UPCOM,Công ty cổ phần Cấp nước Bà Rịa - Vũng Tàu,
2026-10-02,20.0,0.31,0.12,69.5,54.1,65.4,32.1,48.4,20.3,10.915,-1.5,83.2,52.3,47.0,49.9,3.21,746,BXH,HNX,Công ty Cổ phần Vicem Bao bì Hải Phòng,
2026-10-02,14.5,0.0,0.01,-10.5,-14.5,-13.0,-15.9,78.4,18.555,13.7,-21.9,5.8,-6.1,-13.6,34.6,0.91,746,C22,UPCOM,Công ty Cổ phần 22,
2026-10-02,15.0,0.06,0.07,-5.7,1.4,41.9,53.3,74.8,20.209,8.998,-25.8,66.7,-3.8,11.8,48.4,0.08,746,C32,HOSE,Công ty Cổ phần Đầu tư và Xây dựng 3-2,
2026-10-02,8.25,0.09,0.21,-8.1,-12.2,-14.3,-19.1,35.2,11.65,8.0,-29.2,3.1,-6.2,-11.9,30.4,0.39,746,C47,HOSE,Công ty Cổ phần Xây dựng 47,
2026-10-02,4.7,0.73,1.16,-16.1,-28.8,-31.9,-48.9,-47.8,9.4,4.6,-50.0,2.2,-13.3,-32.1,33.0,0.65,746,C4G,UPCOM,Công ty cổ phần Tập đoàn CIENCO4,
2026-10-02,17.2,3.84,8.26,0.6,-12.2,8.2,34.4,115.0,21.0,10.4,-18.1,65.4,1.5,3.6,39.8,0.37,746,C69,HNX,Công ty cổ phần Xây dựng 1369,
2026-10-02,3.1,0.0,0.0,-13.9,-18.4,-24.4,-29.5,-11.4,4.7,3.1,-34.0,0.0,-12.1,-19.8,50.0,0.52,746,C92,UPCOM,Công ty Cổ phần Xây dựng và Đầu tư 492,
2026-10-02,0.4,0.0,0.0,33.3,-20.0,-20.0,-33.3,0.0,0.6,0.3,-33.3,33.3,-6.5,-14.9,125.7,0.55,746,CAD,UPCOM,Công ty Cổ phần Chế biến và Xuất nhập khẩu Thủy sản Cadovimex ,
2026-10-02,5.9,0.03,0.02,3.5,-1.7,-20.3,-21.3,-25.3,8.5,5.4,-30.6,9.3,0.7,-9.6,49.6,1.7,746,CAG,HNX,Công ty Cổ phần Cảng An Giang,
2026-10-02,20.6,0.0,0.0,0.0,-10.8,-18.3,-29.9,-52.1,35.5,20.6,-42.0,0.0,-3.5,-20.1,41.7,0.3,746,CAN,HNX,Công ty Cổ phần Đồ hộp Hạ Long,
2026-10-02,41.1,0.56,0.73,-4.9,-15.1,-4.2,2.0,-1.2,50.0,34.049,-17.8,20.7,-3.8,-2.2,23.1,0.46,746,CAP,HNX,Công ty Cổ phần Lâm nông sản thực phẩm Yên Bái,
2026-10-02,22.5,0.32,0.82,65.4,65.4,36.4,35.5,24.0,22.5,12.4,0.0,81.5,44.9,45.8,37.8,0.63,739,CAR,HNX,Công ty Cổ phần Tập đoàn Giáo dục Trí Việt,
2026-10-02,14.0,0.31,0.31,-0.7,-5.4,2.7,14.2,16.7,19.33,11.611,-27.6,20.6,1.2,-6.5,35.8,0.83,746,CAT,UPCOM,Công ty Cổ phần Thủy sản Cà Mau,
2026-10-02,13.7,0.0,0.02,-8.7,1.5,-2.1,-13.8,59.3,18.4,9.1,-25.5,50.5,-8.9,-3.1,77.8,0.44,746,CBI,UPCOM,Công ty Cổ phần Gang thép Cao Bằng,
2026-10-02,21.8,0.12,0.08,-10.3,-9.5,-12.1,-24.8,-24.5,31.0,20.5,-29.7,6.3,-5.7,-12.6,24.7,1.79,746,CBS,UPCOM,Công ty Cổ phần Mía đường Cao Bằng,
2026-10-02,33.0,0.01,0.03,-11.5,15.4,-3.9,8.2,151.0,42.049,25.077,-21.5,31.6,-10.1,-4.0,70.7,0.45,746,CC1,UPCOM,Tổng Công ty Xây dựng Số 1 – CTCP,
2026-10-02,14.3,0.0,0.0,11.7,13.5,41.9,40.1,69.6,15.0,8.917,-4.7,60.4,10.5,25.9,54.9,0.17,746,CCA,UPCOM,Công ty cổ phần Xuất nhập khẩu Thủy sản Cần Thơ,
2026-10-02,6.18,0.02,0.01,-14.0,-16.5,-18.3,-58.0,-65.0,17.84,5.89,-65.4,4.9,-12.2,-27.7,38.9,0.27,536,CCC,HOSE,CÔNG TY CỔ PHẦN XÂY DỰNG CDC,
2026-10-02,16.15,0.01,0.01,3.9,-8.8,-9.2,-19.3,7.6,22.612,15.5,-28.6,4.2,-3.0,-13.4,47.4,1.02,746,CCI,HOSE,Công ty Cổ phần Đầu tư Phát triển Công nghiệp Thương mại Củ Chi,
2026-10-02,3.31,0.12,0.12,-8.8,-22.1,-26.4,-46.9,-58.9,6.3,3.25,-47.5,1.8,-7.1,-25.0,23.7,0.53,746,CCL,HOSE,Công ty Cổ phần Đầu tư và Phát triển Đô thị Dầu khí Cửu Long,
2026-10-02,29.7,0.0,0.0,0.0,-0.7,-15.5,-26.9,-33.1,40.626,28.7,-26.9,3.5,0.0,-11.1,29.1,0.01,746,CCM,UPCOM,Công ty Cổ phần Khoáng Sản Và Xi Măng Cần Thơ ,
2026-10-02,23.5,0.0,0.0,0.0,14.6,56.0,56.0,-24.2,24.028,15.065,-2.2,56.0,3.2,26.6,42.1,0.01,746,CCP,UPCOM,Công ty Cổ phần Cảng Cửa Cấm Hải Phòng,
2026-10-02,14.1,0.01,0.01,-2.8,2.9,15.7,17.5,14.7,14.5,10.476,-2.8,34.6,-0.6,6.4,31.6,0.4,746,CCR,HNX,Công ty Cổ phần Cảng Cam Ranh ,
2026-10-02,6.5,0.01,0.02,-11.0,-8.5,-30.9,,,32.8,6.0,-80.2,8.3,-8.6,,98.8,0.75,170,CCS,UPCOM,CTCP Chíp Sáng,
2026-10-02,7.7,0.0,0.0,-14.4,-13.5,-26.7,-40.8,-49.0,13.0,7.7,-40.8,0.0,-13.4,-20.4,37.2,0.24,746,CCT,UPCOM,Công ty Cổ phần Cảng Cần Thơ,
2026-10-02,49.8,0.0,0.0,0.0,-33.2,-23.5,-3.0,17.4,74.5,41.256,-33.2,20.7,-19.9,-22.0,56.4,0.0,746,CCV,UPCOM,Công ty cổ phần Tư vấn Xây dựng Công nghiệp và Đô thị Việt Nam,
2026-10-02,20.5,3.6,3.57,3.0,3.5,34.2,17.5,173.7,23.5,14.42,-12.8,42.2,5.0,13.4,34.4,0.73,746,CDC,HOSE,Công ty Cổ phần Chương Dương,
2026-10-02,2.4,0.0,0.0,0.0,0.0,0.0,0.0,113.7,2.4,2.4,0.0,0.0,-0.0,0.0,0.0,0.0,746,CDG,UPCOM,Công ty cổ phần Cầu Đuống,
2026-10-02,25.7,0.07,0.11,1.6,-5.9,-10.4,-13.3,-6.4,35.298,23.9,-27.2,7.5,1.6,-10.8,24.5,0.47,746,CDN,HNX,Công ty Cổ phần Cảng Đà Nẵng,
2026-10-02,1.6,0.01,0.01,6.7,23.1,-5.9,-11.1,6.7,1.9,1.3,-15.8,23.1,11.9,2.2,44.8,0.79,746,CDO,UPCOM,Công ty Cổ phần Tư vấn thiết kế và phát triển đô thị,
2026-10-02,10.6,0.02,0.02,2.9,-9.4,-33.4,18.1,15.4,17.736,8.883,-40.2,19.3,-4.3,-11.6,63.8,0.94,746,CDP,UPCOM,Công ty cổ phần Dược phẩm Trung ương Codupha,
2026-10-02,3.8,0.01,0.01,-15.6,-13.6,-15.6,-49.3,-67.5,8.0,3.7,-52.5,2.7,-12.9,-21.6,64.5,1.39,746,CDR,UPCOM,Công ty Cổ phần Xây dựng Cao su Đồng Nai,
2026-10-02,1.3,0.0,0.01,-13.3,-23.5,-18.8,-48.0,-43.5,2.7,1.3,-51.9,0.0,-13.8,-25.6,41.2,0.57,746,CEN,UPCOM,Công ty Cổ phần CENCON Việt Nam,
2026-10-02,10.5,55.88,70.7,-19.2,-27.1,-33.3,-55.3,-26.5,31.393,10.0,-66.6,5.0,-12.0,-32.3,54.4,0.69,746,CEO,HNX,Công ty Cổ phần Tập Đoàn C.E.O,
2026-10-02,4.6,0.15,0.07,48.4,7.0,-37.8,-64.9,-2.1,13.5,2.9,-65.9,58.6,28.1,-32.3,57.5,3.01,746,CET,HNX,CÔNG TY CỔ PHẦN HTC HOLDING,
2026-10-02,10.5,0.0,0.0,16.7,-22.2,23.5,15.8,14.5,13.5,5.4,-22.2,94.4,19.3,8.9,82.0,3.46,746,CFM,UPCOM,Công Ty Cổ Phần CFM Private Equity,
2026-10-02,15.4,0.0,0.0,-1.3,-9.4,-26.7,-46.0,-26.7,28.5,13.4,-46.0,14.9,-4.4,-18.7,78.1,0.58,746,CFV,UPCOM,Công ty cổ phần Cà phê Thắng Lợi,
2026-10-02,3.0,0.0,0.0,-3.2,-9.1,-3.2,-9.1,0.0,3.8,2.7,-21.1,11.1,-3.0,-4.5,63.2,0.8,746,CGV,UPCOM,Công ty Cổ phần Vinaceglass,
2026-10-02,9.3,0.0,0.0,0.0,-39.6,-15.6,-15.6,-26.4,15.4,9.3,-39.6,0.0,-12.6,-19.5,61.3,0.0,746,CH5,UPCOM,Công ty cổ phần xây dựng số 5 Hà Nội,
2026-10-02,7.3,0.0,0.0,14.1,30.4,39.7,-1.0,-12.1,10.826,4.48,-32.6,62.9,8.9,7.9,67.0,0.03,746,CHC,UPCOM,Công ty cổ phần Cẩm Hà,
2026-10-02,26.45,0.19,0.31,0.6,1.7,-0.5,-2.1,3.1,27.106,23.941,-2.4,10.5,2.0,1.6,12.5,0.63,746,CHP,HOSE,Công ty Cổ phần Thủy điện miền Trung,
2026-10-02,11.1,0.0,0.0,0.9,-0.9,-0.9,-0.1,2.4,11.9,9.6,-6.7,15.6,5.3,1.8,36.4,0.12,746,CHS,UPCOM,Công ty Cổ phần Chiếu sáng công cộng Thành phố Hồ Chí Minh,
2026-10-02,3.3,0.0,0.0,-5.7,-8.3,-31.2,-44.1,-50.7,7.5,3.0,-56.0,10.0,-3.7,-29.1,82.2,0.04,746,CI5,UPCOM,Công ty Cổ phần Đầu tư Xây dựng số 5,
2026-10-02,8.9,0.04,0.06,-3.3,-7.3,-4.3,-8.2,-14.4,10.5,8.2,-15.2,8.5,-4.3,-7.0,26.9,0.88,746,CIA,HNX,Công ty Cổ phần Dịch vụ Sân bay Quốc tế Cam Ranh,
2026-10-02,6.9,0.0,0.0,-13.7,-15.9,-19.3,-44.1,-82.6,12.349,5.9,-44.1,16.9,-11.8,-15.6,63.7,0.4,746,CID,UPCOM,Công ty Cổ phần Xây dựng và phát triển cơ sở hạ tầng,
2026-10-02,7.09,0.51,0.32,-0.6,1.0,13.4,-22.1,28.4,9.8,5.29,-27.7,34.0,-0.3,-1.6,38.2,1.22,746,CIG,HOSE,Công ty Cổ phần COMA18,
2026-10-02,11.75,92.94,117.59,-20.1,-31.7,-34.7,-52.2,-7.7,31.35,11.75,-62.5,0.0,-13.8,-31.5,48.4,0.59,746,CII,HOSE,Công ty Cổ phần Đầu tư Hạ tầng Kỹ thuật Thành phố Hồ Chí Minh ,
2026-10-02,1.6,0.0,0.0,6.7,-15.8,-36.0,-50.0,-44.8,3.9,1.2,-59.0,33.3,3.5,-23.3,78.9,0.16,746,CIP,UPCOM,Công ty Cổ phần Xây lắp và Sản xuất công nghiệp,
2026-10-02,19.8,0.0,0.0,0.0,10.0,10.0,-17.5,-23.3,24.0,18.0,-17.5,10.0,0.0,4.1,19.4,0.05,746,CJC,HNX,Công ty Cổ phần Cơ điện Miền Trung (CEMC),
2026-10-02,7.3,0.0,0.0,30.4,30.4,46.0,102.8,102.8,7.3,3.6,0.0,102.8,27.8,38.3,39.7,0.03,746,CK8,UPCOM,Công ty Cổ phần Cơ Khí 120,
2026-10-02,49.0,1.08,0.62,-15.3,-8.9,-5.8,26.6,67.5,65.199,33.012,-24.8,48.4,-10.9,-1.6,32.4,2.58,746,CKA,UPCOM,Công ty cổ phần Cơ Khí An Giang,
2026-10-02,23.5,0.0,0.04,14.6,0.4,-25.0,4.6,13.4,31.601,17.9,-25.6,31.3,11.2,-0.3,61.9,0.11,746,CKD,UPCOM,Công ty Cổ phần cơ khí Đông Anh Licogi,
2026-10-02,5.6,0.11,0.22,-5.1,-16.5,-34.9,-57.6,-72.7,13.2,5.35,-57.6,4.7,-3.6,-29.5,28.5,0.46,746,CKG,HOSE,Công ty Cổ phần Tập đoàn CIC,
2026-10-02,12.6,0.0,0.02,1.5,-22.4,-30.5,11.9,-1.0,18.136,11.263,-30.5,11.9,-0.7,-18.7,36.7,0.41,746,CKV,HNX,Công ty Cổ phần COKYVINA ,
2026-10-02,53.0,0.02,0.08,-0.9,1.0,-0.7,9.9,40.4,57.1,45.582,-7.2,16.3,-0.2,1.2,30.4,0.23,746,CLC,HOSE,Công ty Cổ phần Cát Lợi,
2026-10-02,20.2,0.03,0.04,-1.5,-3.8,0.3,0.3,10.3,21.9,18.618,-7.8,8.5,-0.7,1.3,19.9,0.61,746,CLH,HNX,Công ty Cổ phần xi măng La Hiên - VVMI,
2026-10-02,25.2,2.47,4.54,2.2,8.1,,,,29.661,22.156,-15.0,13.7,2.4,,44.2,0.73,105,CLI,UPCOM,Công ty cổ phần Tập đoàn CNCTech,
2026-10-02,26.9,0.1,0.19,-1.3,-2.2,-1.0,-5.2,-16.0,29.509,25.574,-8.8,5.2,-1.4,-2.4,13.0,0.6,746,CLL,HOSE,Công ty Cổ phần Cảng Cát Lái,
2026-10-02,55.1,0.02,0.02,-1.6,-3.2,0.5,10.9,1.7,61.2,44.728,-10.0,23.2,-1.1,2.0,32.1,0.81,746,CLM,HNX,Công ty cổ phần Xuất nhập khẩu Than - Vinacomin,
2026-10-02,47.6,0.01,0.01,-7.0,-19.3,2.9,-0.4,13.8,63.0,38.0,-24.4,25.3,4.0,6.3,44.7,0.06,746,CLW,HOSE,Công ty Cổ phần Cấp nước Chợ Lớn ,
2026-10-02,13.0,0.32,0.37,-0.8,-7.0,-7.6,-15.1,-6.8,16.357,12.6,-20.5,3.2,-0.3,-7.8,17.3,0.69,746,CLX,UPCOM,Công ty cổ phần Xuất nhập khẩu và đầu tư Chợ Lớn (Cholimex),
2026-10-02,8.8,0.0,0.0,1.1,-6.4,0.0,2.3,50.0,11.6,8.0,-24.1,10.0,1.0,-4.3,46.6,0.19,746,CMC,HNX,Công ty Cổ phần Đầu tư CMC ,
2026-10-02,17.8,0.03,0.04,-1.7,-4.3,-1.2,-11.7,6.0,21.227,16.314,-16.1,9.1,-0.8,-4.7,20.1,0.41,746,CMD,UPCOM,Công ty cổ phần Vật liệu Xây dựng và Trang trí nội thất Thành phố Hồ Chí Minh,
2026-10-02,389.0,0.02,0.06,0.0,-2.0,-8.0,19.3,32.9,444.735,300.443,-12.5,29.5,6.5,-0.5,62.9,0.38,746,CMF,UPCOM,Công ty cổ phần Thực phẩm Cholimex,
2026-10-02,21.1,3.06,3.79,-13.5,-22.6,-25.8,-41.4,-49.6,39.0,21.05,-45.9,0.2,-10.8,-26.2,27.4,0.64,746,CMG,HOSE,Công ty Cổ phần Tập đoàn Công nghệ CMC,
2026-10-02,1.2,0.0,0.0,0.0,33.3,50.0,100.0,20.0,1.6,0.4,-25.0,200.0,-3.2,43.8,98.3,0.03,746,CMI,UPCOM,Công ty Cổ phần CMISTONE Việt Nam,
2026-10-02,7.8,0.0,0.0,0.0,0.0,0.0,0.0,0.0,7.8,7.8,0.0,0.0,0.0,0.0,0.0,0.0,746,CMK,UPCOM,Công ty Cổ phần cơ khí Mạo Khê - Vinacomin ,
2026-10-02,14.4,0.1,0.04,-21.7,-24.2,-18.6,-10.0,67.4,29.6,12.1,-51.4,19.0,-16.5,-23.9,106.5,5.18,746,CMM,UPCOM,Công ty Cổ phần Camimex,
2026-10-02,14.8,0.09,0.14,-11.9,-35.4,-33.8,-16.3,-30.2,33.37,14.6,-55.6,1.4,-15.6,-31.4,64.8,0.73,746,CMN,UPCOM,Công ty Cổ phần Lương thực thực phẩm Colusa - Miliket,
2026-10-02,7.8,0.0,0.0,0.0,0.0,0.0,0.0,0.0,7.8,7.8,0.0,0.0,0.0,0.0,0.0,0.0,746,CMP,UPCOM,Công ty Cổ phần Cảng Chân Mây,
2026-10-02,5.2,0.08,0.17,-10.3,-23.5,-18.7,-32.4,-52.0,9.0,4.7,-42.2,10.6,-9.6,-21.7,45.6,0.27,746,CMS,HNX,Công ty cổ phần Tập đoàn CMH Việt Nam,
2026-10-02,9.9,0.0,0.02,-2.0,-22.7,-23.3,-29.3,-24.4,14.5,9.0,-31.7,10.0,-4.0,-17.8,60.2,0.32,746,CMT,UPCOM,Công ty Cổ phần Công nghệ Mạng và Truyền thông,
2026-10-02,7.55,0.0,0.01,-21.8,-9.0,-4.4,-7.0,-21.4,11.5,7.24,-34.3,4.3,-10.5,-8.4,41.8,1.32,746,CMV,HOSE,Công ty Cổ phần Thương Nghiệp Cà Mau,
2026-10-02,11.9,0.0,0.0,-8.5,-8.5,-15.0,-11.1,4.7,17.3,10.6,-31.2,12.3,-3.2,-13.4,54.1,0.38,746,CMW,UPCOM,Công ty Cổ phần cấp nước Cà Mau,
2026-10-02,4.58,0.14,0.18,-4.4,-18.2,-23.4,-34.2,-43.5,7.31,4.5,-37.3,1.8,-2.9,-19.8,22.4,0.76,746,CMX,HOSE,Công ty cổ phần Camimex Group,
2026-10-02,43.9,0.0,0.0,0.0,0.0,0.0,0.0,0.0,43.9,43.9,0.0,0.0,0.0,0.0,0.0,0.0,746,CNA,UPCOM,Công ty Cổ phần Tổng công ty Chè Nghệ An,
2026-10-02,29.5,0.02,0.03,5.0,-4.8,-1.7,-8.9,10.0,35.568,27.8,-17.1,6.1,1.1,-3.0,56.1,0.82,746,CNC,UPCOM,Công ty Cổ phần công nghệ cao Traphaco,
2026-10-02,21.0,0.05,0.13,-5.0,0.0,-9.7,-21.9,-35.6,29.5,18.0,-28.8,16.7,-1.5,-9.7,28.4,0.28,746,CNG,HOSE,Công ty Cổ phần CNG Việt Nam,
2026-10-02,50.0,0.01,0.02,0.0,-18.2,-4.8,-12.7,9.0,71.588,45.339,-30.2,10.3,-3.2,-9.6,76.3,0.21,746,CNN,UPCOM,"Công ty cổ phần Tư vấn công nghệ, thiết bị và kiểm định xây dựng - CONINCO",
2026-10-02,4.9,0.01,0.01,2.1,-15.5,-21.0,-43.0,-59.0,9.0,4.7,-45.6,4.3,-3.7,-22.1,51.0,0.82,746,CNT,UPCOM,Công ty Cổ phần Tập đoàn CNT,
2026-10-02,24.9,0.0,0.0,-0.6,-20.8,-25.1,-19.1,-2.9,40.841,24.9,-39.0,0.0,-11.4,-20.3,40.9,0.44,746,COM,HOSE,Công ty Cổ phần Vật Tư - Xăng Dầu,
2026-10-02,8.6,0.0,0.0,14.7,-2.3,-4.4,72.0,32.3,10.0,4.9,-14.0,75.5,-0.1,0.6,76.4,0.01,746,CPA,UPCOM,Công ty Cổ phần Cà phê Phước An,
2026-10-02,16.7,0.0,0.0,1.2,5.0,4.6,4.6,10.1,17.251,15.14,-3.2,10.3,2.7,3.6,29.3,0.36,746,CPC,HNX,Công ty Cổ phần Thuốc sát trùng Cần Thơ,
2026-10-02,0.3,0.0,0.0,0.0,0.0,0.0,0.0,0.0,0.3,0.3,0.0,0.0,-0.0,0.0,0.0,0.0,746,CPH,UPCOM,Công ty cổ phần Phục vụ mai táng Hải Phòng,
2026-10-02,3.2,0.0,0.0,-27.3,-45.8,-33.3,-27.3,-22.0,6.0,3.2,-46.7,0.0,-33.6,-33.3,51.2,0.82,746,CPI,UPCOM,Công ty Cổ phần Đầu tư Cảng Cái Lân,
2026-10-02,29.6,1.41,1.22,-0.7,-3.9,-2.4,-1.8,15.0,35.167,27.998,-15.8,5.7,-1.2,-2.4,14.7,1.62,746,CQN,UPCOM,Công ty cổ phần Cảng Quảng Ninh,
2026-10-02,6.9,0.0,0.0,9.5,6.0,-15.2,-21.6,-6.7,9.188,5.7,-24.9,21.1,6.6,-4.1,57.3,0.94,746,CQT,UPCOM,Công Ty Cổ Phần Xi Măng Quán Triều VVMI,
2026-10-02,5.0,1.24,2.14,-5.5,-17.4,-50.5,-48.5,-15.4,10.85,5.0,-53.9,0.0,-7.0,-34.2,32.9,0.25,746,CRC,HOSE,Công ty Cổ phần Create Capital Việt Nam,
2026-10-02,6.2,1.09,1.24,-10.1,-10.9,-18.4,-40.7,-11.2,10.7,6.05,-42.1,2.5,-7.6,-16.4,38.1,0.9,746,CRE,HOSE,Công ty Cổ phần Bất động sản Thế kỷ,
2026-10-02,22.7,0.02,0.01,-9.2,-9.2,-21.3,,,40.857,21.05,-44.4,7.8,-6.2,-15.5,43.3,1.24,243,CRV,HOSE,CTCP Tập đoàn Bất động sản CRV,
2026-10-02,9.4,0.27,0.24,-6.0,-23.6,-30.8,-50.6,-59.9,19.498,8.0,-51.8,17.5,-3.2,-26.9,34.1,1.67,746,CSC,HNX,Công ty cổ phần Tập đoàn COTANA,
2026-10-02,14.0,0.03,0.05,-6.7,-23.5,-7.9,-50.0,-52.1,29.0,12.0,-51.7,16.7,-7.8,-22.6,40.8,0.91,746,CSI,UPCOM,Công Ty Cổ Phần Chứng Khoán Kirin,
2026-10-02,12.85,0.96,3.36,-6.2,-5.9,4.5,-12.6,6.8,14.95,11.3,-14.0,13.7,-5.7,-0.3,28.3,0.32,746,CSM,HOSE,Công ty Cổ phần Công nghiệp Cao su Miền Nam,
2026-10-02,10.0,0.13,0.11,-2.0,-9.1,-30.6,-25.7,-55.3,16.113,9.7,-37.9,3.1,-1.4,-16.6,28.5,0.84,740,CST,HNX,Công ty cổ phần Than Cao Sơn - TKV,
2026-10-02,20.05,3.98,6.52,-7.0,-13.2,-27.2,-35.6,-46.6,34.5,19.25,-41.9,4.2,-5.3,-21.6,35.5,0.66,746,CSV,HOSE,Công ty Cổ phần hóa chất cơ bản Miền Nam ,
2026-10-02,5.9,0.01,0.0,-15.7,-20.3,-11.9,15.7,-19.2,9.0,5.0,-34.4,18.0,-20.8,-10.8,61.0,0.61,746,CT3,UPCOM,Công ty Cổ phần Đầu tư và Xây dựng công trình 3,
2026-10-02,5.3,0.0,0.0,-20.9,-40.4,-27.4,-44.2,-45.4,12.4,5.3,-57.3,0.0,-32.8,-34.9,102.5,1.35,746,CT6,UPCOM,Công ty Cổ phần Công trình 6,
2026-10-02,17.0,0.01,0.01,0.0,5.5,13.9,4.1,42.0,20.265,13.817,-16.1,23.0,3.7,6.7,45.0,0.98,746,CTB,HNX,Công ty Cổ phần Chế tạo Bơm Hải Dương ,
2026-10-02,57.8,14.33,20.5,-8.0,-19.7,-24.1,-21.0,4.5,92.783,54.7,-37.7,5.7,-4.0,-19.0,38.5,0.41,746,CTD,HOSE,Công ty Cổ phần Xây dựng Coteccons,
2026-10-02,18.35,5.44,6.08,-9.6,11.2,-1.3,-9.4,-33.0,21.4,16.05,-14.3,14.3,-6.9,-2.6,23.6,0.89,746,CTF,HOSE,Công Ty Cổ Phần Ô Tô Bình Triệu,
2026-10-02,29.75,230.92,248.64,-6.9,-11.5,-10.6,-14.5,22.3,42.839,28.4,-30.6,4.8,-3.6,-12.3,27.9,0.97,746,CTG,HOSE,Ngân hàng Thương mại Cổ phần Công Thương Việt Nam,
2026-10-02,15.3,3.41,3.88,-10.0,-15.9,-25.4,-34.4,10.0,24.137,15.05,-36.6,1.7,-7.9,-20.2,27.7,0.8,746,CTI,HOSE,Công ty Cổ phần Đầu tư Phát triển Cường Thuận IDICO,
2026-10-02,7.6,0.88,0.76,13.4,-9.5,-6.2,-23.2,-78.9,12.2,4.8,-37.7,58.3,12.7,6.9,76.2,0.99,746,CTP,HNX,Công ty cổ phần Tập đoàn CTP Group,
2026-10-02,71.2,15.3,19.32,-7.5,-5.4,-4.4,-3.3,-34.4,99.124,65.5,-28.2,8.7,-3.4,-6.7,30.9,0.66,746,CTR,HOSE,Tổng công ty cổ phần công trình Viettel,
2026-10-02,19.9,23.69,41.76,-14.6,-29.4,-6.4,-35.5,-10.5,36.487,19.103,-45.5,4.2,-9.2,-14.4,41.9,0.71,746,CTS,HOSE,Công Ty Cổ Phần Chứng Khoán VietinBank,
2026-10-02,18.9,0.0,0.0,30.3,21.2,26.6,-19.3,33.7,27.812,12.2,-32.0,54.9,15.6,4.6,69.3,0.12,746,CTT,HNX,Công ty Cổ phần chế tạo máy - VINACOMIN,
2026-10-02,27.0,0.0,0.0,-0.7,13.4,9.1,2.8,-4.8,27.5,21.896,-1.8,23.3,5.4,10.6,39.6,0.3,746,CTW,UPCOM,Công ty Cổ phần Cấp thoát nước Cần Thơ,
2026-10-02,4.4,0.02,0.04,-12.0,-20.0,-24.1,-68.9,-26.8,14.558,4.0,-69.8,10.0,-10.7,-22.9,62.5,0.16,736,CTX,UPCOM,Tổng Công ty Cổ phần Đầu tư xây dựng và Thương mại Việt Nam,
2026-10-02,1.2,0.28,0.53,-7.7,-29.4,9.1,-7.7,-36.8,1.9,0.9,-36.8,33.3,-6.5,-1.6,67.6,0.77,738,CVN,UPCOM,CÔNG TY CỔ PHẦN VINAM,
2026-10-02,26.45,0.04,0.02,5.4,-1.9,3.5,-5.4,1.7,29.15,22.2,-9.3,19.1,0.1,-1.5,35.3,1.05,746,CVT,HOSE,Công ty Cổ phần CMC,
2026-10-02,9.5,0.0,0.0,0.0,-5.0,-4.0,-2.0,45.1,10.1,8.6,-5.9,10.5,-0.5,-1.9,20.2,0.0,746,CX8,HNX,Công ty Cổ phần Đầu tư và Xây lắp Contrexim số 8 ,
2026-10-02,11.4,0.05,0.02,8.6,3.4,19.5,24.1,32.2,11.8,8.663,-3.4,31.6,4.7,11.4,40.1,2.07,746,D11,HNX,Công ty Cổ phần Địa ốc 11,
2026-10-02,22.1,2.89,1.38,-5.7,-14.5,-26.9,-26.7,-14.9,31.997,21.235,-30.9,4.1,-5.7,-19.1,21.9,2.37,746,D2D,HOSE,Công ty Cổ phần Phát triển Đô thị Công nghiệp Số 2 ,
2026-10-02,6.3,0.0,0.0,0.0,0.0,0.0,40.0,-14.9,6.3,6.3,0.0,0.0,0.0,0.0,0.0,0.0,746,DAC,UPCOM,Công ty Cổ phần 382 Đông Anh,
2026-10-02,12.6,0.02,0.01,-14.9,-18.2,-18.7,-21.8,-23.9,18.422,12.6,-31.6,0.0,-12.9,-18.6,39.5,1.28,746,DAD,HNX,Công ty Cổ phần Đầu tư và Phát triển giáo dục Đà Nẵng ,
2026-10-02,13.0,0.01,0.0,-8.5,-10.3,-14.8,-3.4,3.4,15.351,11.204,-15.3,16.0,-7.3,-8.6,35.6,3.9,746,DAE,HNX,Công ty Cổ phần Sách Giáo Dục tại TP Đà Nẵng,
2026-10-02,1.4,0.0,0.0,0.0,0.0,0.0,0.0,-2.1,1.4,1.4,0.0,0.0,-0.0,0.0,0.0,0.0,738,DAG,UPCOM,Công ty Cổ phần Tập đoàn Nhựa Đông Á,
2026-10-02,2.18,0.22,0.19,-4.4,-30.8,-27.3,-45.6,-33.5,4.03,2.0,-45.9,9.0,-6.6,-27.3,31.3,1.05,746,DAH,HOSE,Công ty cổ phần Tập đoàn Khách sạn Đông Á,
2026-10-02,9.4,0.0,0.0,-14.5,-16.1,-15.3,-23.6,63.3,17.8,7.2,-47.2,30.6,-14.7,-13.7,93.2,0.63,746,DAS,UPCOM,Công ty Cổ phần Máy - Thiết bị Dầu khí Đà Nẵng,
2026-10-02,8.05,0.01,0.01,3.2,-2.4,-5.2,-17.3,0.8,12.8,7.2,-37.1,11.8,1.3,-4.6,54.8,1.34,746,DAT,HOSE,Công ty cổ phần Đầu tư Du lịch và Phát triển Thuỷ sản,
2026-10-02,15.4,17.57,27.8,-11.5,-16.8,-23.3,-35.1,-32.1,26.113,14.9,-41.0,3.4,-5.5,-22.8,28.8,0.67,746,DBC,HOSE,Công ty Cổ phần Tập đoàn Dabaco Việt Nam,
2026-10-02,46.75,1.1,1.54,-3.1,-5.3,-4.1,-9.5,11.0,52.32,44.736,-10.6,4.5,-0.8,-3.3,16.8,0.7,746,DBD,HOSE,Công ty Cổ phần Dược - Trang thiết bị Y tế Bình Định (Bidiphar),
2026-10-02,22.0,0.0,0.02,-23.6,-14.4,-1.4,-4.1,3.1,31.777,17.138,-30.8,28.4,-17.1,-13.5,93.7,0.2,746,DBM,UPCOM,Công ty Cổ phần Dược - Vật tư y tế Đăk Lăk ,
2026-10-02,13.2,0.05,0.13,-0.4,5.6,22.2,15.8,13.0,13.9,9.99,-5.0,32.1,0.7,11.9,32.1,0.21,746,DBT,HOSE,Công ty Cổ phần Dược phẩm Bến Tre,
2026-10-02,4.9,0.01,0.01,-16.9,-16.9,-19.0,-20.9,-22.8,8.065,4.107,-39.2,19.3,-11.2,-15.5,123.9,0.66,746,DC1,UPCOM,Công ty Cổ phần Đầu tư Phát triển Xây dựng số 1,
2026-10-02,6.1,0.0,0.0,3.4,1.7,2.7,-0.5,-4.5,7.9,5.28,-22.8,15.5,-0.7,0.8,57.2,0.22,746,DC2,HNX,Công ty Cổ phần Đầu tư phát triển - Xây dựng (DIC) số 2,
2026-10-02,6.2,0.82,0.77,-9.0,-13.5,-24.6,-42.9,-26.1,11.0,6.1,-43.6,1.6,-5.8,-21.4,22.6,1.04,746,DC4,HOSE,Công ty Cổ phần Dicera Holdings,
2026-10-02,35.4,0.0,0.0,-1.1,-0.3,-7.2,1.6,-21.4,44.129,25.0,-19.8,41.6,4.4,8.1,90.1,0.05,746,DCF,UPCOM,Công ty Cổ phần Xây dựng và Thiết kế Số 1,
2026-10-02,20.1,0.0,0.0,0.0,-14.5,-9.5,-7.2,93.7,28.57,11.059,-29.6,81.8,0.2,0.0,71.2,0.06,746,DCG,UPCOM,Công ty cổ phần Tổng Công ty May Đáp Cầu,
2026-10-02,10.0,0.0,0.0,0.0,0.0,0.0,8.7,8.7,10.0,8.0,0.0,25.0,0.0,5.4,26.6,0.0,746,DCH,UPCOM,Công ty Cổ phần Địa chính Hà Nội,
2026-10-02,46.5,74.18,44.85,20.8,21.3,-18.0,67.3,80.2,62.8,26.0,-26.0,78.8,15.5,6.1,41.2,1.81,746,DCL,HOSE,Công ty Cổ phần Dược phẩm Cửu Long ,
2026-10-02,32.75,112.79,88.95,6.2,-2.0,-21.9,-3.0,-4.6,50.012,28.5,-34.5,14.9,2.7,-8.9,39.8,1.2,746,DCM,HOSE,Công ty Cổ phần Phân Bón Dầu khí Cà Mau,
2026-10-02,4.5,0.0,0.0,-8.2,-22.4,-2.2,15.4,-30.8,6.6,3.4,-31.8,32.4,-6.1,-4.7,89.3,0.38,746,DCR,UPCOM,Công ty cổ phần Gạch Men Cosevco,
2026-10-02,0.6,0.02,0.02,-14.3,-14.3,-45.5,-45.5,-14.3,1.4,0.5,-57.1,20.0,-2.9,-32.7,72.2,0.85,746,DCS,UPCOM,Công Ty Cổ Phần Tập Đoàn EDX,
2026-10-02,0.4,0.0,0.0,-20.0,-33.3,-20.0,-33.3,-20.0,1.0,0.3,-60.0,33.3,-7.0,-30.6,112.8,0.27,746,DCT,UPCOM,Công ty Cổ phần Tấm lợp Vật liệu Xây dựng Đồng Nai ,
2026-10-02,125.0,0.0,0.01,-2.3,-8.8,-16.5,,,284.214,93.172,-56.0,34.2,-1.4,,89.0,0.11,174,DCV,UPCOM,Cổ phiếu CTCP Quản lý quỹ Đầu tư Dragon Capital Việt Nam,
2026-10-02,8.9,0.51,0.27,-2.2,-9.2,-5.3,-9.2,,12.3,8.0,-27.6,11.3,-1.8,-5.2,54.5,1.42,424,DDB,UPCOM,CTCP Thương mại và Xây dựng Đông Dương,
2026-10-02,0.9,0.39,0.64,0.0,-18.2,12.5,-64.0,-71.0,2.6,0.5,-65.4,80.0,-7.4,-8.5,82.9,0.64,739,DDG,UPCOM,Công ty cổ phần Đầu tư Công nghiệp Xuất nhập khẩu Đông Dương,
2026-10-02,2.7,0.0,0.0,-40.0,-40.0,-53.3,-66.2,-77.6,7.99,2.7,-66.2,0.0,-30.6,-43.4,93.5,2.9,746,DDH,UPCOM,Công ty cổ phần Đảm bảo giao thông đường thủy Hải Phòng,
2026-10-02,1.3,0.0,0.0,-7.1,-31.6,-27.8,-35.0,-27.8,2.2,1.3,-40.9,0.0,-13.8,-28.2,49.6,0.16,746,DDM,UPCOM,Công ty Cổ phần Hàng hải Đông Đô ,
2026-10-02,8.4,0.0,0.05,-19.2,1.2,-6.7,31.2,15.2,11.2,5.0,-25.0,68.0,-10.0,-1.9,67.7,0.09,746,DDN,UPCOM,Công ty Cổ phần Dược - Thiết bị y tế Đà Nẵng (DDN),
2026-10-02,15.8,5.65,5.89,-11.7,-29.1,-38.3,-47.0,0.4,34.573,15.6,-54.3,1.3,-11.2,-32.1,37.5,0.83,746,DDV,UPCOM,Công ty Cổ phần DAP - VINACHEM,
2026-10-02,28.3,0.03,0.02,0.4,-1.7,10.9,18.7,68.2,31.021,23.132,-8.8,22.3,-0.7,3.5,33.1,0.48,746,DFC,UPCOM,Công ty Cổ phần Xích Líp Đông Anh,
2026-10-02,0.4,0.07,0.04,0.0,-20.0,-33.3,-66.7,-83.3,1.3,0.3,-69.2,33.3,-8.3,-25.9,125.9,1.06,746,DFF,UPCOM,Công ty Cổ phần Tập đoàn đua FAT,
2026-10-02,35.5,28.25,25.91,-0.4,-10.2,-24.2,-51.3,-60.4,81.799,29.716,-56.6,19.5,0.5,-21.6,47.4,0.6,746,DGC,HOSE,Công ty cổ phần Tập đoàn Hóa chất Đức Giang,
2026-10-02,4.0,0.36,0.34,0.0,5.3,-7.0,-21.6,-39.4,5.5,3.3,-27.3,21.2,6.8,-2.8,48.5,0.89,746,DGT,UPCOM,Công ty Cổ phần Công trình giao thông Đồng Nai,
2026-10-02,44.601,90.58,61.08,8.1,13.3,6.4,14.3,1.8,55.29,30.761,-19.3,45.0,9.5,7.8,41.0,1.64,746,DGW,HOSE,Công ty Cổ phần Thế giới Số,
2026-10-02,55.0,1.07,1.4,9.3,11.3,28.1,18.7,52.0,65.79,41.272,-16.4,33.3,8.2,8.9,29.9,0.61,746,DHA,HOSE,Công ty Cổ phần Hoá An,
2026-10-02,11.9,0.84,1.19,10.2,14.4,-0.8,35.2,33.7,16.9,7.2,-29.6,65.3,-0.3,11.0,63.9,1.11,746,DHB,UPCOM,Công ty Cổ phần Phân đạm và Hóa chất Hà Bắc,
2026-10-02,38.002,16.12,13.37,5.7,16.4,27.5,31.1,50.2,38.976,26.225,-2.5,44.9,9.9,19.5,29.8,1.44,746,DHC,HOSE,Công ty Cổ phần Đông Hải Bến Tre ,
2026-10-02,26.8,0.05,0.13,-0.7,-4.3,-5.2,19.3,77.4,31.0,21.503,-13.5,24.6,0.2,-1.0,24.6,0.48,746,DHD,UPCOM,Công ty Cổ phần Dược Vật tư Y tế Hải Dương,
2026-10-02,89.4,0.6,0.71,-1.3,0.8,-1.5,-2.5,1.9,99.118,85.189,-9.8,4.9,-0.1,-1.3,11.3,0.66,746,DHG,HOSE,Công ty Cổ phần Dược Hậu Giang,
2026-10-02,6.67,0.04,0.22,-4.3,7.8,8.9,11.5,-9.7,7.7,5.226,-13.4,27.6,-0.0,6.9,34.4,0.26,746,DHM,HOSE,Công ty Cổ phần Đầu tư và Thương mại DHM,
2026-10-02,16.5,0.0,0.0,3.1,-5.4,-15.2,-27.6,-17.1,29.19,14.763,-43.5,11.8,2.5,-14.7,63.3,0.93,746,DHN,UPCOM,Công ty Cổ phần Dược phẩm Hà Nội,
2026-10-02,10.3,0.0,0.01,-1.9,-1.9,-7.1,-6.3,8.4,11.541,9.5,-10.8,8.4,-0.7,-3.8,20.5,0.35,746,DHP,HNX,Công ty Cổ phần Điện Cơ Hải Phòng,
2026-10-02,50.898,0.3,0.41,-1.1,-13.2,-18.6,-26.7,-11.4,78.893,46.808,-35.5,8.7,-0.5,-14.5,27.8,0.84,746,DHT,HNX,Công ty Cổ phần Dược phẩm Hà Tây ,
2026-10-02,0.7,0.0,0.01,0.0,-30.0,-30.0,-36.4,-36.4,1.2,0.6,-41.7,16.7,-2.5,-23.3,48.0,0.38,746,DIC,UPCOM,Công ty Cổ phần Đầu tư và Thương mại DIC ,
2026-10-02,3.2,0.0,0.01,-17.9,-20.0,-17.9,-27.3,-22.0,4.3,3.0,-25.6,6.7,-6.2,-15.2,67.1,0.63,746,DID,UPCOM,Công ty Cổ phần DIC-Đồng Tiến ,
2026-10-02,9.25,34.17,70.04,-14.0,-20.0,-30.7,-52.3,-49.4,23.679,8.821,-60.9,4.9,-8.0,-27.8,41.7,0.51,746,DIG,HOSE,Tổng công ty Đầu tư phát triển Xây dựng,
2026-10-02,7.1,0.03,0.02,-1.4,-7.8,-14.6,-42.5,-40.6,12.688,6.5,-44.0,9.2,-1.9,-12.9,29.5,1.14,746,DIH,HNX,Công ty Cổ phần Đầu tư Phát triển Xây dựng Hội An,
2026-10-02,0.1,0.0,0.0,0.0,0.0,0.0,0.0,72.4,0.1,0.1,0.0,0.0,0.0,0.0,0.0,0.0,746,DKC,UPCOM,Công ty Cổ phần Chợ Lạng Sơn,
2026-10-02,11.0,0.0,0.0,12.2,57.1,12.2,13.4,,13.5,5.4,-18.5,103.7,28.2,26.9,92.5,0.07,361,DKG,UPCOM,Công ty Cổ phần Tập đoàn DamiK,
2026-10-02,4.0,0.65,0.72,-9.1,-20.0,-9.1,-29.6,-34.8,6.492,3.9,-38.4,2.6,-7.0,-17.3,42.7,0.58,746,DL1,HNX,Công ty cổ phần tập đoàn Alpha Seven,
2026-10-02,6.8,0.0,0.0,38.8,38.8,38.8,19.3,-12.8,6.8,4.9,0.0,38.8,27.9,33.8,36.5,5.0,746,DLD,UPCOM,Công Ty Cổ Phần Du Lịch Đắk Lắk,
2026-10-02,1.99,1.0,1.2,-11.2,-22.3,-30.9,-30.2,2.6,3.79,1.97,-47.5,1.0,-8.1,-23.7,41.1,0.63,746,DLG,HOSE,Công ty Cổ phần Tập đoàn Đức Long Gia Lai,
2026-10-02,12.0,0.0,0.0,0.0,0.0,-11.8,-35.5,0.8,18.6,12.0,-35.5,0.0,0.0,-9.3,24.1,0.0,746,DLR,UPCOM,Công ty Cổ phần Địa ốc Đà Lạt ,
2026-10-02,5.5,0.0,0.0,-36.0,-36.0,-36.0,-36.0,-6.3,8.6,5.5,-36.0,0.0,-27.1,-34.0,45.2,6.0,746,DLT,UPCOM,Công ty cổ phần du lịch và thương mại - VINACOMIN,
2026-10-02,19.4,0.0,0.0,34.7,-3.0,6.6,-9.6,-6.2,23.594,11.2,-17.8,73.2,10.4,6.9,93.3,3.96,746,DM7,UPCOM,Công ty cổ phần Dệt May 7,
2026-10-02,54.8,0.03,0.04,-4.2,-3.1,-3.1,-6.1,-11.5,60.373,52.227,-9.2,4.9,-2.2,-3.3,23.8,1.1,746,DMC,HOSE,Công ty Cổ phần Xuất nhập khẩu Y tế Domesco,
2026-10-02,7.7,0.01,0.01,-4.9,2.2,24.6,23.2,125.8,10.5,4.405,-26.7,74.8,-7.9,12.4,73.8,0.45,746,DMN,UPCOM,Công ty Cổ phần DOMENAL,
2026-10-02,77.0,28.25,38.75,-3.6,,,,,86.505,69.3,-11.0,11.1,,,30.1,0.77,39,DMX,HOSE,Công ty cổ phần Đầu tư Điện Máy Xanh,
2026-10-02,22.0,0.02,0.03,0.0,4.0,-11.3,-6.0,4.9,28.929,16.384,-24.0,34.3,3.5,-3.4,62.7,0.64,746,DNA,UPCOM,Công ty Cổ phần Điện nước An Giang,
2026-10-02,45.1,0.0,0.01,-8.0,-8.0,-24.6,-5.6,4.3,60.255,45.08,-25.2,0.0,-7.4,-11.3,45.8,0.08,746,DNC,HNX,Công ty Cổ phần Điện nước lắp máy Hải Phòng,
2026-10-02,8.1,0.0,0.0,1.2,-5.8,-10.0,1.2,-56.7,13.5,6.3,-40.0,28.6,0.5,-10.6,92.1,0.31,746,DND,UPCOM,Công ty Cổ phần Đầu tư Xây dựng và Vật liệu Đồng Nai,
2026-10-02,9.6,0.02,0.01,11.6,21.6,18.8,7.7,9.8,11.2,6.5,-14.3,47.7,7.3,18.1,45.4,2.39,746,DNE,UPCOM,Công ty cổ phần Môi trường Đô thị Đà Nẵng,
2026-10-02,51.0,0.0,0.0,0.0,4.1,20.9,17.4,1.7,58.292,29.5,-12.5,72.9,14.8,8.3,92.9,1.5,746,DNH,UPCOM,Công ty cổ phần Thủy điện Đa Nhim - Hàm Thuận - Đa Mi,
2026-10-02,35.4,0.0,0.0,126.9,90.3,24.6,23.0,30.1,38.38,13.6,-7.8,160.3,75.9,37.4,86.1,1.33,746,DNL,UPCOM,Công ty Cổ phần Logistic Cảng Đà Nẵng ,
2026-10-02,5.4,0.0,0.0,3.8,5.9,-55.7,-47.6,-55.4,14.4,5.0,-62.5,8.0,5.1,-34.4,81.4,0.27,746,DNM,UPCOM,Tổng Công ty Cổ phần Y tế Danameco ,
2026-10-02,19.2,0.0,0.0,31.5,109.3,366.2,730.4,17514.7,19.2,2.312,0.0,730.4,42.8,177.7,73.4,4.85,746,DNN,UPCOM,Công ty Cổ phần Cấp nước Đà Nẵng,
2026-10-02,20.4,0.01,0.01,0.0,-0.5,2.5,6.8,-16.4,23.3,17.6,-12.4,15.9,-0.5,2.5,41.4,0.71,746,DNP,HNX,Công ty Cổ phần DNP Holding,
2026-10-02,36.6,0.02,0.01,-40.0,-40.0,-40.0,28.8,-31.6,61.0,28.414,-40.0,28.8,-28.6,-35.7,69.8,6.0,746,DNT,UPCOM,Công ty Cổ phần Du lịch Đồng Nai,
2026-10-02,31.0,0.03,0.03,0.0,-1.0,1.8,-4.5,-3.3,35.3,27.311,-12.2,13.5,-0.2,-0.8,38.2,0.77,746,DNW,UPCOM,Công ty Cổ phần Cấp nước Đồng Nai,
2026-10-02,6.8,0.0,0.0,0.0,0.0,0.0,-16.1,-24.5,10.247,6.8,-33.6,0.0,0.0,-5.4,34.9,0.0,746,DOC,UPCOM,Công ty cổ phần Vật tư nông nghiệp Đồng Nai,
2026-10-02,12.0,0.0,0.0,-11.8,6.0,19.0,-2.4,23.5,18.1,9.55,-33.7,25.7,-13.9,0.3,61.3,1.63,746,DOP,UPCOM,Công ty Cổ phần Vận tải Xăng dầu Đồng Tháp ,
2026-10-02,28.6,0.07,0.07,-0.2,4.9,-5.9,-15.4,-9.3,36.764,25.891,-22.2,10.5,2.3,-1.7,36.0,1.09,746,DP1,UPCOM,CTCP Dược Phẩm Trung ương CPC1,
2026-10-02,4.9,0.0,0.0,0.0,0.0,14.0,16.7,69.0,4.9,4.0,0.0,22.5,0.0,9.0,23.8,0.0,746,DP2,UPCOM,Công ty Cổ phần Dược phẩm Trung ương 2,
2026-10-02,60.6,0.36,0.38,-0.2,-4.6,9.8,20.9,9.7,67.5,44.02,-10.2,37.7,-0.3,4.5,18.9,0.71,746,DP3,HNX,Công ty Cổ phần Dược phẩm Trung ương 3,
2026-10-02,10.2,0.0,0.0,50.0,22.9,61.9,7.4,2.0,10.2,5.4,0.0,88.9,28.1,24.2,95.4,0.06,736,DPC,UPCOM,Công ty Cổ phần nhựa Đà Nẵng,
2026-10-02,25.9,8.06,10.56,-12.6,-27.2,-36.3,-41.2,-24.3,49.644,25.5,-47.8,1.6,-9.2,-30.7,36.2,0.64,746,DPG,HOSE,Công ty Cổ phần Tập đoàn Đạt Phương,
2026-10-02,39.1,0.1,0.07,-13.1,26.5,-31.4,-30.2,-15.3,60.0,30.9,-34.8,26.5,-17.8,-20.0,81.3,3.22,746,DPH,UPCOM,Công ty cổ phần Dược phẩm Hải Phòng,
2026-10-02,21.85,80.79,74.42,-0.7,2.1,-19.0,-2.2,18.3,33.52,20.177,-34.8,8.3,-1.6,-7.5,36.0,1.07,746,DPM,HOSE,Tổng Công ty Cổ phần Phân bón và Hóa chất dầu khí,
2026-10-02,26.5,0.0,0.0,0.0,0.0,0.0,0.0,43.1,26.5,26.499,0.0,0.0,0.0,0.0,0.0,0.0,746,DPP,UPCOM,Công ty Cổ phần Dược Đồng Nai ,
2026-10-02,38.15,14.93,9.58,2.6,-1.5,-6.3,2.6,-5.5,48.5,33.6,-21.3,13.5,3.2,-3.4,31.4,1.12,746,DPR,HOSE,Công ty Cổ phần Cao su Đồng Phú,
2026-10-02,9.6,0.06,0.07,-0.6,4.7,8.7,-10.2,-24.9,12.16,8.265,-21.1,16.2,1.8,0.6,38.9,0.3,746,DQC,HOSE,CTCP Tập đoàn Điện Quang,
2026-10-02,9.74,1.41,1.66,-6.3,-17.8,-23.8,-37.4,-55.8,15.946,9.67,-38.9,0.7,-4.7,-21.5,21.2,0.75,746,DRC,HOSE,Công ty Cổ phần Cao Su Đà Nẵng,
2026-10-02,8.2,0.01,0.0,0.0,2.4,-5.6,-6.7,0.7,10.25,7.126,-20.0,15.1,3.2,-1.4,46.5,1.32,746,DRG,UPCOM,Công ty Cổ phân cao su Đắk Lắk,
2026-10-02,1.5,0.22,0.32,-11.8,-21.9,-40.0,-38.0,-21.1,3.47,1.43,-56.8,4.9,-9.2,-30.5,50.1,0.51,746,DRH,HOSE,Công ty Cổ phần DRH Holdings,
2026-10-02,16.2,19.35,10.37,23.3,30.7,39.1,51.1,47.6,16.7,9.04,-3.0,79.2,22.5,28.3,40.0,1.89,746,DRI,UPCOM,Công ty Cổ phần Đầu tư cao su Đắk Lắk,
2026-10-02,42.7,0.28,0.21,2.4,0.5,-2.8,-14.1,-20.5,49.681,41.0,-14.1,4.1,2.0,-1.7,9.6,1.62,746,DRL,HOSE,Công ty Cổ phần Thủy Điện - Điện lực 3,
2026-10-02,4.8,0.0,0.01,0.0,4.3,-15.8,-22.6,-20.0,7.1,4.2,-32.4,14.3,2.1,-9.0,51.3,0.11,746,DS3,HNX,Công ty Cổ phần Quản lý Đường sông số 3,
2026-10-02,9.47,0.17,0.3,-12.3,-29.3,-27.2,-41.5,-49.8,18.0,9.47,-47.4,0.0,-9.6,-26.4,31.2,0.75,739,DSC,HOSE,Công ty cổ phần chứng khoán DSC,
2026-10-02,17.9,0.0,0.0,0.0,0.0,45.5,51.7,11.5,17.9,9.6,0.0,86.5,0.0,14.7,54.6,0.0,746,DSD,UPCOM,CÔNG TY CỔ PHẦN DHC SUỐI ĐÔI,
2026-10-02,21.75,10.52,12.14,-5.8,-5.8,-5.4,-15.8,-4.3,28.197,20.45,-22.9,6.4,-2.3,-5.3,29.6,1.01,563,DSE,HOSE,Công ty cổ phần Chứng khoán DNSE,
2026-10-02,6.9,0.0,0.0,0.0,-1.4,-1.4,64.3,27.8,7.0,2.7,-1.4,155.6,0.0,4.8,55.2,0.0,746,DSG,UPCOM,Công ty Cổ phần Kính Đáp Cầu,
2026-10-02,11.7,1.02,1.15,-7.1,-19.3,-14.6,4.9,,20.4,10.1,-42.6,15.8,-7.1,-14.2,58.3,0.56,361,DSH,UPCOM,Công ty Cổ phần Đông Sơn Holdings,
2026-10-02,36.8,0.12,0.1,-1.1,-1.9,-0.5,-9.5,-21.4,41.69,34.55,-11.7,6.5,-0.1,-3.0,18.0,0.9,746,DSN,HOSE,Công ty Cổ phần Công viên nước Đầm Sen,
2026-10-02,13.0,0.0,0.0,9.2,1.6,7.4,8.3,18.2,21.8,10.9,-40.4,19.3,7.3,2.9,58.8,0.79,746,DSP,UPCOM,Công ty Cổ phần Dịch vụ Du lịch Phú Thọ,
2026-10-02,7.0,1.16,1.38,-16.7,-46.2,-12.5,-22.2,112.1,14.5,3.9,-51.7,79.5,-12.1,-20.9,76.2,0.69,746,DST,HNX,Công ty Cổ phần Đầu tư Sao Thăng Long,
2026-10-02,3.38,0.03,0.02,-1.7,-5.8,-6.1,-24.7,-13.1,4.62,3.18,-26.8,6.3,-2.6,-5.8,37.6,1.19,746,DTA,HOSE,Công ty Cổ phần Đệ Tam,
2026-10-02,3.6,0.0,0.0,-25.0,-32.1,-20.0,-23.4,-21.7,6.3,3.6,-42.9,0.0,-20.1,-27.1,70.7,0.05,739,DTC,UPCOM,Công ty Cổ phần Viglacera Đông Triều,
2026-10-02,10.0,1.1,1.46,-11.5,-27.0,-34.1,-47.2,-48.3,20.629,9.9,-51.5,1.0,-11.5,-25.9,33.4,0.71,746,DTD,HNX,Công ty Cổ phần Đầu tư Phát triển Thành Đạt,
2026-10-02,12.9,0.03,0.04,-9.2,-13.1,-8.1,-2.6,-30.1,18.1,12.3,-28.7,4.9,-8.2,-6.9,44.4,1.09,746,DTG,HNX,Công ty Cổ phần Dược phẩm Tipharco,
2026-10-02,15.8,0.0,0.0,0.0,9.7,8.7,16.4,23.7,16.0,12.6,-1.2,25.4,0.6,8.5,25.1,0.0,746,DTH,UPCOM,CÔNG TY CỔ PHẦN ĐƯỢC VẬT TƯ Y TẾ THANH HÓA,
2026-10-02,1.7,0.01,0.01,-10.5,-15.0,-15.0,-34.6,-32.0,2.6,1.7,-34.6,0.0,-9.1,-17.2,53.8,0.51,746,DTI,UPCOM,Công ty Cổ phần Đầu tư Đức Trung,
2026-10-02,10.6,0.03,0.04,-2.8,-5.4,-0.3,-11.4,-9.9,13.384,9.872,-20.8,7.4,-2.3,-4.2,35.3,0.34,746,DTK,HNX,Tổng công ty Điện lực TKV - CTCP,
2026-10-02,10.9,0.0,0.0,3.8,12.4,-4.8,-17.4,-10.7,15.05,9.3,-27.6,17.2,4.0,-3.1,26.8,0.11,746,DTL,HOSE,Công ty Cổ phần Đại Thiên Lộc ,
2026-10-02,58.0,0.09,0.16,-2.3,-23.9,-37.8,-29.6,-7.9,99.188,54.263,-41.5,6.9,-5.5,-28.7,40.2,0.44,746,DTP,UPCOM,Công ty cổ phần Dược phẩm CPC1 Hà Nội,
2026-10-02,15.8,0.0,0.0,-6.8,-10.7,0.1,-0.2,-3.1,18.2,13.969,-13.2,13.1,-7.2,-4.4,23.6,0.14,746,DTT,HOSE,Công ty Cổ phần Kỹ nghệ Đô Thành ,
2026-10-02,4.0,0.0,0.0,-53.5,-35.5,-35.5,-35.5,-50.6,8.6,4.0,-53.5,0.0,-44.0,-37.8,47.9,5.27,746,DUS,UPCOM,CÔNG TY CỔ PHẦN DỊCH VỤ ĐÔ THỊ ĐÀ LẠT,
2026-10-02,10.0,0.02,0.01,0.0,-2.9,-19.4,-23.9,24.1,17.261,8.0,-42.1,25.0,-0.6,-14.6,78.6,5.07,746,DVC,UPCOM,Công ty Cổ phần Thương mại dịch vụ tổng hợp Cảng Hải Phòng ,
2026-10-02,0.7,0.02,0.04,-12.5,-30.0,-46.2,-46.2,-46.2,2.1,0.7,-66.7,0.0,-12.3,-41.6,66.0,0.45,739,DVG,UPCOM,CTCP TẬP ĐOÀN SƠN ĐẠI VIỆT,
2026-10-02,3.4,0.7,0.46,-30.6,-47.7,-50.7,-53.4,-61.2,8.7,3.3,-60.9,3.0,-29.6,-44.3,40.3,1.13,746,DVM,HNX,Công ty Cổ phần dược liệu Việt Nam,
2026-10-02,17.2,0.2,0.41,0.5,-9.9,-12.1,-16.2,-19.0,24.202,15.221,-28.9,13.0,-0.8,-10.8,27.0,0.46,746,DVN,UPCOM,Tổng công ty Dược Việt Nam - CTCP,
2026-10-02,74.9,1.09,0.95,1.5,9.5,17.3,16.8,23.3,76.8,58.975,-2.5,27.0,1.3,11.2,14.4,1.14,746,DVP,HOSE,Công ty Cổ phần Đầu tư và Phát triển cảng Đình Vũ,
2026-10-02,39.0,0.0,0.0,0.0,-8.0,-8.0,47.9,136.6,56.0,26.376,-30.4,47.9,-5.4,0.1,39.3,0.0,746,DVW,UPCOM,Công ty Cổ phần Dịch vụ và Xây dựng Cấp nước Đồng Nai,
2026-10-02,18.9,0.0,0.0,71.8,0.0,2.2,14.1,48.0,20.7,11.0,-8.7,71.8,25.2,7.6,66.4,1.29,746,DWC,UPCOM,Công ty Cổ phần Cấp nước Đắk Lắk,
2026-10-02,13.8,0.0,0.0,8.4,2.3,-8.1,-3.2,-18.7,19.76,11.875,-30.2,16.2,4.3,-4.8,46.2,0.51,746,DWS,UPCOM,Công ty Cổ phần Cấp nước và Môi trường đô thị Đồng Tháp,
2026-10-02,9.99,96.82,113.89,-17.4,-17.8,-20.9,-43.3,-12.7,20.614,9.76,-51.5,2.4,-8.3,-21.2,41.9,0.79,746,DXG,HOSE,Công ty Cổ phần Bluemarq Group,
2026-10-02,10.0,0.0,0.0,6.4,6.4,-39.4,-23.1,56.2,18.2,9.4,-45.1,6.4,6.2,-23.6,66.8,0.1,746,DXL,UPCOM,Công ty Cổ phần Du lịch và Xuất nhập khẩu Lạng Sơn ,
2026-10-02,14.0,2.69,2.96,-2.8,3.7,7.7,26.1,23.9,16.0,9.8,-12.5,42.9,1.2,7.7,35.9,0.78,746,DXP,HNX,Công ty Cổ phần Cảng Đoạn Xá,
2026-10-02,4.88,8.5,10.93,-19.6,-31.6,-34.7,-58.8,-16.3,12.75,4.88,-61.7,0.0,-14.8,-31.2,43.9,0.72,746,DXS,HOSE,Công ty Cổ phần Dịch vụ Bất động sản Đất Xanh,
2026-10-02,3.36,0.0,0.0,0.0,-10.4,-9.2,-12.7,-9.2,4.64,2.93,-27.6,14.7,-1.7,-9.8,34.0,0.33,746,DXV,HOSE,Công ty Cổ phần ViCem Vật liệu xây dựng Đà Nẵng,
2026-10-02,3.4,0.0,0.0,-26.1,-2.9,-26.1,-41.4,-44.3,7.9,3.0,-57.0,13.3,-17.8,-20.5,86.2,1.58,746,E12,UPCOM,CÔNG TY CỔ PHẦN XÂY DỰNG ĐIỆN VNECO12,
2026-10-02,8.4,0.0,0.0,0.0,-1.1,1.1,-0.8,35.2,9.155,8.022,-8.2,4.7,-0.2,-0.6,13.1,1.32,746,E29,UPCOM,Công ty Cổ phần Đầu tư Xây dựng và Kỹ thuật 29,
2026-10-02,10.3,0.0,0.0,3.0,0.0,-7.2,-9.6,8.0,12.047,9.6,-14.5,7.3,2.3,-3.0,40.1,0.31,746,EBS,HNX,Công ty Cổ phần Sách Giáo Dục tại TP Hà Nội,
2026-10-02,9.2,0.0,0.0,0.0,0.0,-2.1,2.2,-62.4,10.0,7.2,-8.0,27.8,0.0,-1.8,26.8,0.0,746,ECI,HNX,Công ty Cổ phần Tập đoàn ECI,
2026-10-02,16.65,0.02,0.01,-7.0,-26.7,-45.4,-24.8,,41.0,14.2,-59.4,17.3,-14.6,-40.9,42.1,0.17,487,ECO,HOSE,Công ty Cổ phần Nhựa sinh thái Việt Nam,
2026-10-02,1.7,0.01,0.06,-26.1,-51.4,-15.0,-29.2,-10.5,4.2,1.6,-59.5,6.2,-33.9,-34.5,95.0,0.28,746,EFI,UPCOM,Công ty Cổ phần Đầu tư tài chính giáo dục,
2026-10-02,13.1,0.0,0.0,0.0,0.0,0.0,,,13.1,13.1,0.0,0.0,0.0,0.0,0.0,0.0,224,EGL,UPCOM,Công ty cổ phần Môi trường đô thị Gia Lâm,
2026-10-02,16.5,70.83,89.98,-4.6,-20.1,-25.5,-35.7,-14.1,27.4,15.8,-39.8,4.4,-3.7,-19.7,35.1,0.68,746,EIB,HOSE,Ngân hàng Thương mại Cổ phần Xuất nhập khẩu Việt Nam,
2026-10-02,19.0,0.02,0.03,-2.6,-3.1,-12.9,-16.2,-8.0,25.905,17.5,-26.7,8.6,-2.1,-9.8,63.3,0.53,746,EIC,UPCOM,Công ty Cổ phần EVN Quốc tế,
2026-10-02,17.8,0.08,0.06,-5.3,-13.6,-14.4,-25.7,-25.6,24.404,16.6,-27.1,7.2,-5.7,-12.6,25.0,1.46,746,EID,HNX,Công ty Cổ phần Đầu tư và Phát triển giáo dục Hà Nội,
2026-10-02,1.6,0.01,0.01,-5.9,-20.0,-36.0,-51.5,-46.7,3.5,1.5,-54.3,6.7,-3.5,-28.4,63.3,0.79,746,EIN,UPCOM,Công ty cổ phần Đầu tư - Thương mại - Dịch vụ Điện lực,
2026-10-02,12.25,5.64,5.06,-11.1,-23.6,-27.8,-39.4,-37.6,25.047,11.65,-51.1,5.2,-11.3,-28.0,33.5,1.15,746,ELC,HOSE,Công ty Cổ phần Công nghệ - viễn thông ELCOM,
2026-10-02,28.5,0.0,0.0,-5.0,-3.4,11.8,-0.0,14.6,31.0,17.5,-8.1,62.9,4.8,4.8,53.9,0.81,746,EME,UPCOM,Công ty Cổ phần Điện Cơ,
2026-10-02,11.3,0.0,0.0,0.0,39.1,39.1,-16.3,-40.2,11.3,8.122,0.0,39.1,0.0,24.7,33.4,0.0,746,EMG,UPCOM,Công ty Cổ Phần Thiết Bị Phụ Tùng Cơ điện,
2026-10-02,21.0,0.01,0.01,16.7,21.2,13.7,-2.3,-15.7,24.5,15.717,-14.3,33.6,14.8,13.3,57.5,0.78,746,EMS,UPCOM,Tổng Công ty Chuyển phát nhanh Bưu điện – Công ty cổ phần,
2026-10-02,8.49,0.13,0.09,-4.5,-5.1,-10.0,-17.1,-12.1,10.739,8.0,-20.9,6.1,0.3,-6.1,27.9,0.93,746,EVE,HOSE,Công ty Cổ phần Everpia,
2026-10-02,11.45,17.08,18.6,-7.7,-13.3,-13.9,-16.7,3.1,15.25,10.6,-24.9,8.0,-5.3,-9.6,34.7,0.49,746,EVF,HOSE,Công ty Tài chính Tổng hợp Cổ phần Điện lực,
2026-10-02,3.81,1.61,2.33,-12.0,-27.4,-36.7,-56.4,-41.6,9.762,3.8,-61.0,0.3,-10.1,-35.2,36.6,0.84,746,EVG,HOSE,Công ty cổ phần Tập đoàn Everland,
2026-10-02,5.3,1.17,1.65,-3.6,-8.6,3.9,-25.4,-22.1,7.5,4.4,-29.3,20.5,-2.1,-0.3,44.0,0.98,746,EVS,HNX,Công Ty Cổ Phần Chứng Khoán EVS – Chi Nhánh Nguyễn Trãi,
2026-10-02,49.6,7.09,10.5,-25.7,-37.2,-24.4,21.7,,157.1,39.45,-68.4,25.7,-22.1,-30.6,61.0,0.83,286,F88,UPCOM,Công ty cổ phần Đầu tư F88,
2026-10-02,3.7,0.0,0.0,0.0,0.0,0.0,0.0,0.0,3.7,3.7,0.0,0.0,0.0,-0.0,0.0,0.0,746,FBC,UPCOM,Công ty Cổ phần Cơ khí Phổ Yên,
2026-10-02,80.0,0.0,0.0,0.0,0.0,116.2,700.0,700.0,80.0,10.0,0.0,700.0,0.0,65.1,57.4,0.0,746,FCC,UPCOM,Công ty Cổ phần Liên Hợp Thực Phẩm,
2026-10-02,2.79,0.1,0.09,-9.7,-14.2,-11.5,-24.5,-6.6,3.75,2.73,-25.6,2.2,-6.9,-12.4,22.5,1.12,746,FCM,HOSE,Công ty Cổ phần Bê tông Phan Vũ Hà Nam ,
2026-10-02,10.3,7.34,5.52,-10.0,-12.7,-20.2,-38.6,-20.6,17.559,9.96,-41.3,3.4,-6.4,-18.6,31.6,1.25,746,FCN,HOSE,Công ty Cổ phần FECON,
2026-10-02,6.4,0.0,0.0,18.5,-7.2,8.5,-11.1,-24.7,7.9,4.1,-19.0,56.1,-0.5,4.7,86.3,0.12,746,FCS,UPCOM,Công ty cổ phần Lương thực thành phố Hồ Chí Minh,
2026-10-02,22.65,0.0,0.0,28.0,10.5,30.5,40.7,68.4,26.85,14.2,-15.6,59.5,1.0,15.1,50.5,0.01,746,FDC,HOSE,Công ty Cổ phần Ngoại thương và Phát triển Đầu tư Thành phố Hồ Chí Minh,
2026-10-02,4.9,0.0,0.0,-2.0,11.4,19.5,-51.5,-55.5,10.1,3.9,-51.5,25.6,0.5,-1.3,61.6,0.5,746,FGL,UPCOM,Công ty cổ phần Cà phê Gia Lai,
2026-10-02,8.9,0.0,0.0,0.0,0.0,0.0,0.0,-23.7,8.9,8.9,0.0,0.0,0.0,-0.0,0.0,0.0,746,FHN,UPCOM,Công ty cổ phần Xuất nhập khẩu Lương thực - Thực phẩm Hà Nội,
2026-10-02,26.0,0.01,0.01,-3.7,-7.2,9.1,6.1,29.2,33.356,21.443,-22.1,21.3,1.0,0.8,51.3,1.26,746,FHS,UPCOM,Công ty cổ phần Phát hành sách thành phố Hồ Chí Minh - FAHASA,
2026-10-02,15.0,0.06,0.09,-3.8,-14.8,-30.2,10.5,8.3,27.928,12.011,-46.3,24.9,-4.5,-15.3,81.1,0.46,746,FIC,UPCOM,Tổng Công ty Vật liệu Xây dựng số 1 – Công ty cổ phần,
2026-10-02,1.1,0.1,0.07,-21.4,-26.7,-47.6,-31.2,-15.4,2.6,1.1,-57.7,0.0,-19.6,-33.0,55.9,1.56,746,FID,HNX,Công ty Cổ phần đầu tư và phát triển doanh nghiệp Việt Nam ,
2026-10-02,2.5,0.41,0.93,-36.9,-50.9,-51.0,-67.9,-56.1,8.4,2.42,-70.2,3.3,-34.1,-53.6,36.4,0.56,746,FIR,HOSE,Công ty Cổ phần Địa ốc First Real,
2026-10-02,3.0,1.14,0.88,-2.6,-21.3,-29.1,-37.4,-31.2,6.01,2.8,-50.1,7.1,-0.9,-24.5,28.8,1.2,746,FIT,HOSE,CTCP Tập đoàn F.I.T,
2026-10-02,32.8,0.38,0.46,-3.2,-6.6,-9.6,-5.1,-21.7,43.38,32.3,-24.4,1.5,-2.4,-6.7,19.8,0.66,746,FMC,HOSE,Công ty Cổ phần Thực phẩm Sao Ta ,
2026-10-02,61.3,0.79,1.67,1.0,-5.8,4.0,10.3,-4.7,68.398,52.727,-10.4,16.3,-0.5,3.5,19.2,0.58,746,FOC,UPCOM,Công ty cổ phần Dịch vụ Trực tuyến FPT,
2026-10-02,59.9,3.68,4.35,-8.0,-19.6,-26.5,-6.4,8.2,109.9,54.5,-45.5,9.9,-5.0,-19.0,45.4,0.46,746,FOX,UPCOM,Công ty Cổ phần Viễn thông FPT,
2026-10-02,62.1,374.5,406.66,-6.7,-5.5,-6.4,-24.0,-39.6,97.475,55.91,-36.3,11.1,-2.8,-13.1,32.0,0.71,746,FPT,HOSE,Công ty Cổ phần FPT,
2026-10-02,25.0,0.0,0.01,0.0,0.0,0.0,0.0,2.5,35.0,24.0,-28.6,4.2,0.0,0.0,41.1,0.17,746,FRC,UPCOM,Công ty cổ phần Lâm đặc sản Xuất khẩu Quảng Nam,
2026-10-02,9.8,0.0,0.0,-14.8,0.0,66.6,72.0,160.0,13.788,4.32,-28.9,126.9,-8.1,13.9,81.8,0.3,746,FRM,UPCOM,Công ty Cổ phần Lâm nghiệp Sài Gòn,
2026-10-02,142.9,81.21,69.74,-2.1,18.7,-1.3,21.0,6.0,172.384,100.2,-17.1,42.6,5.7,4.4,38.0,1.33,746,FRT,HOSE,Công ty cổ phần Bán lẻ Kỹ thuật số FPT,
2026-10-02,8.2,0.0,0.0,0.0,17.1,14.5,38.9,43.6,12.1,4.55,-32.2,80.2,3.6,2.4,94.2,1.23,746,FSO,UPCOM,Công ty cổ phần Cơ khí đóng tàu thủy sản Việt Nam,
2026-10-02,39.0,0.02,0.07,-0.3,-8.3,4.7,1.0,5.5,45.243,31.888,-13.8,22.3,-1.4,1.1,46.9,0.55,746,FT1,UPCOM,Công ty cổ phần Phụ tùng máy số 1,
2026-10-02,2.5,0.0,0.0,0.0,0.0,-32.4,-32.4,-32.4,3.7,2.5,-32.4,0.0,0.0,-24.7,39.6,0.0,746,FTI,UPCOM,Công ty Cổ phần Công nghiệp - Thương mại Hữu Nghị,
2026-10-02,0.5,0.01,0.02,25.0,0.0,-16.7,-28.6,-44.4,0.8,0.3,-37.5,66.7,18.5,-2.6,117.9,0.57,746,FTM,UPCOM,Công ty Cổ phần Đầu tư và Phát triển Đức Quân,
2026-10-02,18.5,12.59,22.44,-18.7,-33.9,-24.7,-40.1,-48.9,33.402,18.5,-44.6,0.0,-13.3,-26.2,39.0,0.6,746,FTS,HOSE,Công ty Cổ phần Chứng khoán FPT,
2026-10-02,0.6,0.0,0.0,0.0,0.0,0.0,-14.3,20.0,0.7,0.4,-14.3,50.0,6.8,4.8,92.8,0.63,746,G20,UPCOM,Công ty Cổ phần Đầu tư Dệt may Vĩnh Phúc,
2026-10-02,7.7,0.48,0.51,-11.5,-23.0,-30.6,-20.0,13.8,14.5,7.6,-46.9,1.3,-9.1,-25.0,41.7,0.76,746,G36,UPCOM,Tổng công ty 36 - CTCP,
2026-10-02,78.8,134.34,119.81,-3.7,7.7,1.7,34.5,18.2,127.792,54.421,-38.3,44.8,1.2,-4.6,49.6,0.98,746,GAS,HOSE,Tổng Công ty Khí Việt Nam - CTCP,
2026-10-02,5.1,0.0,0.06,-22.7,-31.1,-10.5,-59.5,-71.7,15.9,4.5,-67.9,13.3,-14.8,-18.2,112.2,0.02,746,GCB,UPCOM,Công ty cổ phần Petec Bình Định,
2026-10-02,18.0,0.28,0.42,-5.8,-1.6,5.9,-43.1,2.8,37.0,15.8,-51.4,13.9,-4.3,-19.1,50.4,0.46,746,GCF,UPCOM,CTCP Thực phẩm G.C,
2026-10-02,12.5,0.3,0.29,1.6,-8.8,-8.8,-28.6,-37.9,18.6,11.6,-32.8,7.8,1.9,-10.6,28.2,0.84,746,GDA,UPCOM,Công ty cổ phần Tôn Đông Á,
2026-10-02,8.8,0.01,0.06,-23.5,-1.1,,,,18.288,7.1,-51.9,23.9,-2.1,,84.2,0.09,102,GDH,UPCOM,Cổ phiếu Công ty cổ phần Tập đoàn GDC,
2026-10-02,15.7,0.19,0.14,-0.3,-6.5,-8.9,-13.2,-22.2,18.558,15.3,-15.4,2.6,-0.8,-7.1,12.5,1.1,746,GDT,HOSE,Công ty Cổ phần Chế biến Gỗ Đức Thành ,
2026-10-02,28.0,0.01,0.0,1.8,-8.5,-25.7,-17.5,13.6,46.604,25.0,-39.9,12.0,-1.3,-14.3,50.0,1.35,746,GDW,HNX,Công ty Cổ phần Cấp nước Gia Định,
2026-10-02,68.5,114.98,99.64,6.6,-21.7,-37.5,-0.3,390.3,136.634,56.55,-49.9,21.1,3.0,-26.5,65.2,1.23,728,GEE,HOSE,Công ty cổ phần Điện lực Gelex,
2026-10-02,11.8,1.69,2.36,-7.1,-13.9,-21.8,-23.0,6.4,16.619,11.7,-29.0,0.9,-4.0,-13.2,27.9,0.4,746,GEG,HOSE,Công ty Cổ phần Điện Gia Lai,
2026-10-02,27.9,50.73,60.21,-4.3,-10.3,-20.2,,,42.6,22.25,-34.5,25.4,-0.9,,47.7,0.68,160,GEL,HOSE,Công ty Cổ phần Hạ tầng GELEX,
2026-10-02,8.5,0.0,0.0,0.0,32.8,112.5,193.1,-8.6,8.5,2.9,0.0,193.1,0.0,61.2,47.0,0.0,746,GER,UPCOM,Công ty Cổ phần Thể thao Ngôi sao Geru,
2026-10-02,22.9,198.14,262.81,-13.4,-25.0,-5.9,-38.7,68.2,45.313,19.7,-49.5,16.2,-5.2,-15.6,55.5,0.71,746,GEX,HOSE,Công ty Cổ phần Tập đoàn Gelex,
2026-10-02,3.1,0.01,0.01,82.4,34.8,34.8,-35.4,-3.1,5.2,1.7,-40.4,82.4,41.0,21.0,92.7,0.75,746,GGG,UPCOM,Công ty Cổ phần Ô tô Giải Phóng,
2026-10-02,3.2,0.0,0.0,0.0,0.0,0.0,0.0,-39.4,3.2,3.2,0.0,0.0,0.0,0.0,0.0,6.0,746,GH3,UPCOM,Công ty Cổ phần Công trình Giao thông Hà Nội,
2026-10-02,23.95,0.13,0.18,-0.2,-7.9,-13.8,-16.4,-7.5,30.5,23.0,-21.5,4.1,-0.6,-10.4,14.8,0.69,737,GHC,HOSE,Công ty Cổ phần Thủy điện Gia Lai,
2026-10-02,11.4,0.01,0.02,-7.3,-7.3,18.6,-2.3,5.7,13.6,9.42,-16.2,21.0,-1.8,0.1,46.9,0.33,746,GIC,HNX,CÔNG TY CỔ PHẦN VSC GREEN LOGISTICS,
2026-10-02,7.96,1.33,2.09,0.8,-31.1,-40.4,-52.3,-61.7,17.15,6.41,-53.6,24.2,2.8,-32.2,37.7,0.88,746,GIL,HOSE,Công ty Cổ phần Sản Xuất Kinh Doanh Xuất Nhập Khẩu Bình Thạnh,
2026-10-02,1.1,0.0,0.04,0.0,-21.4,-26.7,-73.2,-89.8,4.3,1.1,-74.4,0.0,-6.9,-24.9,41.6,0.0,746,GKM,HNX,Công ty Cổ phần GKM Holdings,
2026-10-02,3.6,0.0,0.0,-40.0,-40.0,-40.0,-40.0,-64.0,6.0,3.6,-40.0,0.0,-34.2,-38.7,51.6,5.0,746,GLC,UPCOM,Công ty cổ phần Vàng Lào Cai,
2026-10-02,21.7,0.0,0.01,2.7,3.7,13.0,86.0,16.1,22.425,11.664,-3.2,86.0,2.0,11.6,47.2,0.05,746,GLT,HNX,Công ty Cổ phần Kỹ thuật điện toàn cầu,
2026-10-02,13.3,0.0,0.0,0.0,0.0,0.0,0.7,25.5,13.3,13.204,0.0,0.7,0.0,0.1,0.7,0.0,746,GLW,UPCOM,Công ty cổ phần Cấp thoát nước Gia Lai,
2026-10-02,57.0,0.0,0.0,0.0,0.0,0.0,33.2,8.3,57.0,31.7,0.0,79.8,0.0,0.9,29.8,0.05,746,GMA,HNX,Công ty Cổ phần G-AUTOMOBILE,
2026-10-02,4.0,0.01,0.02,-9.1,0.0,-11.1,-7.0,-50.0,6.5,3.4,-38.5,17.6,-5.0,-15.3,69.2,0.98,738,GMC,UPCOM,Công ty cổ phần Garmex Sài Gòn,
2026-10-02,77.6,57.93,91.18,-2.4,1.6,12.9,21.0,24.5,86.976,55.295,-10.8,40.3,1.1,6.9,33.1,0.64,746,GMD,HOSE,Công Ty TNHH Vận Tải Và Công Nghiệp Hàng Hải Gemadept Holding,
2026-10-02,6.7,0.0,0.0,-3.9,-10.7,-9.8,-12.5,-5.2,7.917,6.36,-15.4,5.3,-2.5,-7.3,23.6,0.38,746,GMH,HOSE,Công ty cổ phần Minh Hưng Quảng Trị,
2026-10-02,16.2,0.01,0.02,-7.4,3.0,10.6,11.5,11.2,19.1,12.837,-15.2,26.2,-1.2,6.4,43.2,0.48,746,GMX,HNX,Công ty Cổ phần Gạch Ngói Gốm Xây dựng Mỹ Xuân,
2026-10-02,25.8,0.0,0.0,3.6,-4.1,-20.3,5.5,20.9,39.588,18.879,-34.8,36.7,6.0,-1.3,106.3,0.34,746,GND,UPCOM,Công ty cổ phần Gạch ngói Đồng Nai,
2026-10-02,2.0,0.02,0.02,5.3,0.0,0.0,-23.1,-51.9,2.7,1.7,-25.9,17.6,4.7,-1.4,54.5,0.47,746,GPC,UPCOM,Công ty Cổ phần Tập đoàn Green+,
2026-10-02,24.0,0.02,0.04,-4.0,-11.9,-8.6,-13.9,30.2,30.566,22.1,-21.5,8.6,-2.4,-8.8,23.1,0.34,746,GSM,UPCOM,Công ty Cổ phần Thủy điện Hương Sơn,
2026-10-02,10.0,0.35,0.35,1.4,-0.9,-2.2,-3.1,-2.6,12.727,9.18,-21.4,8.9,1.9,-0.9,19.4,0.61,746,GSP,HOSE,Công ty Cổ phần Vận tải Sản Phẩm khí Quốc Tế,
2026-10-02,7.85,0.01,0.01,-4.6,-7.2,-5.1,-14.3,-17.1,10.14,6.026,-22.6,30.3,1.3,-7.3,38.4,3.44,746,GTA,HOSE,Công ty Cổ phần chế biến gỗ Thuận An,
2026-10-02,95.6,0.03,0.01,3.4,-46.0,-42.7,355.2,986.4,207.0,11.8,-53.8,710.2,-9.1,-23.5,105.1,1.22,746,GTD,UPCOM,Công ty cổ phần Giầy Thượng Đình,
2026-10-02,10.3,0.0,0.0,4.5,4.5,6.5,-10.9,-0.2,11.734,8.42,-12.2,22.3,2.7,4.4,34.2,0.9,746,GTS,UPCOM,Công ty cổ phần Công trình Giao thông Sài Gòn,
2026-10-02,0.3,0.0,0.0,0.0,0.0,0.0,0.0,0.0,0.3,0.3,0.0,0.0,-0.0,0.0,0.0,0.0,746,GTT,UPCOM,Công ty Cổ phần Thuận Thảo ,
2026-10-02,32.75,84.05,70.65,1.2,0.8,2.2,21.7,-7.3,46.5,24.155,-29.6,35.6,6.2,-0.9,47.9,0.95,746,GVR,HOSE,Tập đoàn Công nghiệp Cao su Việt Nam - Công ty cổ phần,
2026-10-02,97.8,0.21,0.13,29.5,20.9,17.0,34.4,45.7,100.6,56.239,-2.8,73.9,25.0,25.7,92.6,2.85,746,GVT,UPCOM,Công ty Cổ phần Giấy Việt Trì,
2026-10-02,5.9,0.0,0.0,-4.8,-77.0,-28.0,-15.7,-9.2,25.8,5.2,-77.1,13.5,-31.2,-54.2,119.5,0.1,746,H11,UPCOM,Công ty Cổ phần Xây dựng HUD101,
2026-10-02,9.0,0.0,0.0,3.4,-10.0,-1.1,-28.0,-18.2,13.0,7.9,-30.8,13.9,-0.4,-6.0,82.3,0.37,746,HAC,UPCOM,Công ty cổ phần Chứng khoán Hải Phòng,
2026-10-02,13.3,0.0,0.0,-1.0,8.6,-1.0,-1.0,12.3,14.08,11.886,-5.5,11.9,3.9,3.6,36.0,1.16,746,HAD,HNX,Công ty Cổ phần Bia Hà Nội - Hải Dương,
2026-10-02,17.7,0.0,0.0,2.9,47.5,2.9,-22.0,26.4,30.8,10.5,-42.5,68.6,13.6,3.9,65.4,0.67,746,HAF,UPCOM,Công ty cổ phần Thực phẩm Hà Nội,
2026-10-02,14.8,27.67,27.88,4.2,-0.7,-7.2,-11.6,35.8,19.25,13.25,-23.1,11.7,5.2,-5.2,30.3,0.75,746,HAG,HOSE,Công ty Cổ phần Hoàng Anh Gia Lai,
2026-10-02,51.2,52.02,36.71,6.7,2.7,-2.4,-0.6,70.0,68.875,42.9,-25.7,19.3,8.4,-2.0,35.5,1.43,746,HAH,HOSE,Công ty Cổ phần Vận tải và xếp dỡ Hải An ,
2026-10-02,42.5,0.04,0.02,-3.4,1.0,-20.9,44.6,125.7,58.038,28.745,-26.8,47.9,-0.5,4.0,52.9,1.82,746,HAM,UPCOM,Công ty Cổ phần Vật tư Hậu Giang,
2026-10-02,6.9,0.02,0.01,-10.4,-14.8,-16.9,-25.9,-34.1,10.6,6.9,-34.9,0.0,-12.9,-18.7,57.6,1.08,746,HAN,UPCOM,Tổng Công ty Xây dựng Hà Nội – CTCP,
2026-10-02,7.08,0.49,0.46,-5.2,1.3,-4.3,3.2,69.4,8.1,5.77,-12.6,22.7,-2.3,-2.7,31.2,1.5,746,HAP,HOSE,Công ty Cổ phần Tập đoàn HAPACO,
2026-10-02,2.29,0.14,0.14,-14.2,-28.4,-32.2,-53.0,-35.9,4.9,2.23,-53.3,2.7,-13.8,-30.7,31.2,0.8,746,HAR,HOSE,Công ty Cổ phần Đầu tư Thương mại Bất động sản An Dương Thảo Điền,
2026-10-02,9.79,0.01,0.04,-8.1,26.2,20.9,22.4,18.0,11.4,7.19,-14.1,36.2,3.9,15.7,56.0,0.47,746,HAS,HOSE,Công ty Cổ phần Hacisco,
2026-10-02,30.0,0.02,0.04,4.2,12.7,0.6,-19.9,-12.7,36.987,24.781,-18.9,21.1,4.6,3.0,47.3,0.75,746,HAT,HNX,Công ty Cổ phần Thương mại Bia Hà Nội ,
2026-10-02,2.3,0.0,0.0,-23.3,-17.9,-14.8,-34.3,-37.8,4.0,2.3,-42.5,0.0,-17.9,-24.6,66.5,3.01,746,HAV,UPCOM,Công ty Cổ phần Rượu Hapro,
2026-10-02,8.45,0.71,0.99,-8.1,-12.6,-19.1,-31.9,-45.8,12.45,8.05,-32.1,5.0,-3.3,-15.1,26.3,0.61,746,HAX,HOSE,Công ty Cổ phần Dịch vụ Ô tô Hàng Xanh,
2026-10-02,3.3,1.9,2.56,-17.5,-32.7,-35.3,-56.0,-35.3,7.5,3.2,-56.0,3.1,-15.3,-35.6,31.1,0.7,738,HBC,UPCOM,Công ty Cổ phần Tập đoàn Xây dựng Hòa Bình,
2026-10-02,15.7,0.0,0.0,0.0,-38.4,-18.7,1.2,0.0,26.4,15.509,-40.5,1.2,-22.1,-23.3,63.5,0.54,746,HBD,UPCOM,Công ty Cổ phần Bao bì PP Bình Dương,
2026-10-02,5.5,0.0,0.0,-14.1,-3.7,-3.7,5.1,1.6,6.7,4.187,-17.9,31.4,-6.6,0.7,77.6,2.79,746,HBH,UPCOM,Công ty Cổ phần Habeco - Hải Phòng,
2026-10-02,3.7,0.0,0.01,0.0,-15.9,-15.9,-58.9,-54.9,8.9,3.6,-58.4,2.8,-5.8,-13.3,30.3,0.0,746,HBS,HNX,Công ty Cổ phần Chứng khoán Hòa Bình,
2026-10-02,11.5,0.0,0.0,-8.9,-6.9,-2.5,-4.0,26.7,12.63,7.283,-8.9,57.9,-3.5,-3.3,64.1,0.07,746,HC1,UPCOM,Công ty Cổ phần Xây dựng số 1 Hà Nội,
2026-10-02,25.0,0.01,0.02,0.0,-3.8,-0.2,3.7,7.4,26.964,23.184,-7.3,7.8,-0.3,-0.3,17.7,1.27,746,HC3,UPCOM,Công ty Cổ phần Xây dựng số 3 Hải Phòng,
2026-10-02,23.1,0.25,0.28,0.9,8.8,15.5,14.5,168.7,25.515,18.468,-9.5,25.1,1.4,4.7,43.7,1.6,746,HCC,HNX,Công ty Cổ phần Bê tông Hòa Cẩm - Intimex,
2026-10-02,6.15,0.18,0.18,-3.1,-9.4,-0.9,-6.7,-25.0,7.15,5.31,-14.0,15.8,-1.3,-3.5,22.0,0.68,746,HCD,HOSE,Công ty cổ phần Đầu tư Sản xuất và Thương mại HCD,
2026-10-02,5.0,0.0,0.0,-31.5,-31.5,-31.5,-54.5,-54.5,11.0,4.4,-54.5,13.6,-21.5,-37.8,74.7,6.0,746,HCI,UPCOM,Công ty Cổ phần Đầu tư - Xây dựng Hà Nội ,
2026-10-02,23.5,82.59,113.38,-9.8,-4.5,12.9,4.8,17.1,27.35,16.468,-14.1,42.7,-7.6,3.8,35.2,0.51,746,HCM,HOSE,Công ty Cổ phần Chứng khoán Thành phố Hồ Chí Minh,
2026-10-02,10.6,0.0,0.0,0.0,0.0,0.0,-11.7,17.8,12.0,9.9,-11.7,7.1,0.0,0.7,19.0,0.0,746,HCT,HNX,Công ty Cổ phần Thương mại - Dịch vụ - Vận tải xi măng Hải Phòng,
2026-10-02,8.0,0.0,0.01,-14.9,-20.0,-25.9,-50.0,-57.9,17.9,7.9,-55.3,1.3,-10.7,-26.6,84.7,0.28,746,HD2,UPCOM,Công ty cổ phần Đầu tư Phát triển nhà HUD2,
2026-10-02,7.1,0.03,0.03,-9.0,-15.5,-13.7,-39.0,-41.6,11.9,7.0,-40.3,1.4,-7.7,-16.4,36.4,0.64,746,HD6,UPCOM,Công ty Cổ phần đầu tư và phát triển Nhà số 6 Hà Nội,
2026-10-02,6.9,0.0,0.0,9.4,-2.8,0.0,0.0,-21.1,7.688,5.717,-10.2,20.7,4.4,2.5,59.7,1.88,746,HD8,UPCOM,Công ty cổ phần Đầu tư phát triển nhà và đô thị HUD8,
2026-10-02,8.5,1.46,0.81,25.0,28.8,48.2,58.3,139.4,8.6,5.098,-1.2,66.7,26.6,38.1,58.5,2.92,746,HDA,HNX,Công ty Cổ phần Hãng sơn Đông Á,
2026-10-02,28.45,311.75,291.15,2.3,5.6,11.1,19.6,60.7,30.0,22.4,-5.2,27.0,5.5,6.6,31.8,1.02,746,HDB,HOSE,Ngân hàng Thương mại Cổ phần Phát triển Thành phố Hồ Chí Minh,
2026-10-02,10.35,11.08,13.45,-14.5,-30.8,-35.7,-61.4,-48.8,32.845,10.2,-68.5,1.5,-10.8,-33.4,40.0,0.7,746,HDC,HOSE,Công ty Cổ phần Phát triển nhà Bà Rịa-Vũng Tàu,
2026-10-02,15.05,13.7,20.55,-9.6,-24.7,-42.9,-45.2,-33.7,32.496,15.05,-53.7,0.0,-7.2,-30.2,37.0,0.58,746,HDG,HOSE,Công ty Cổ phần Tập đoàn Hà Đô,
2026-10-02,31.7,0.04,0.03,-2.5,-5.4,-10.8,-5.6,9.4,39.641,30.449,-20.0,4.1,-0.9,-7.7,25.6,1.21,746,HDM,UPCOM,Công ty Cổ phần Dệt - May Huế ,
2026-10-02,26.8,0.04,0.03,-0.7,4.3,9.4,-0.2,72.8,27.5,22.158,-2.5,20.9,2.7,7.7,33.7,1.43,746,HDP,UPCOM,Công ty Cổ phần Dược Hà Tĩnh,
2026-10-02,16.0,0.0,0.0,12.7,-1.8,-4.6,-6.7,25.5,17.158,13.059,-6.7,22.5,2.0,-1.1,51.9,0.69,746,HDW,UPCOM,Công ty Cổ phần Kinh doanh Nước sạch Hải Dương,
2026-10-02,27.1,0.01,0.04,-3.2,-11.1,-12.6,-14.0,-6.5,35.0,27.0,-22.6,0.4,-3.6,-12.2,30.3,0.38,746,HEC,UPCOM,Công ty cổ phần Tư vấn Xây dựng Thủy Lợi II,
2026-10-02,12.5,0.0,0.0,-3.1,-16.7,-16.7,-15.0,21.4,19.2,9.2,-34.9,35.9,0.1,-11.3,105.2,0.28,746,HEJ,UPCOM,Tổng công ty Tư vấn Xây dựng Thủy Lợi Việt Nam - CTCP,
2026-10-02,11.4,0.02,0.02,3.6,-5.0,-16.6,-21.9,-17.1,15.511,10.5,-26.5,8.6,3.0,-11.5,29.4,1.31,746,HEP,UPCOM,Công ty cổ phần Môi trường và Công trình đô thị Huế,
2026-10-02,14.5,0.0,0.0,14.7,-31.9,-31.9,-13.9,-42.4,30.525,10.145,-52.5,42.9,7.2,-25.9,92.2,0.0,746,HES,UPCOM,Công ty cổ phần Dịch vụ Giải trí Hà Nội,
2026-10-02,9.2,0.01,0.01,21.1,21.1,31.4,-16.4,-69.3,11.0,5.5,-16.4,67.3,17.6,24.1,52.7,2.62,746,HEV,HNX,Công ty Cổ phần Sách Đại học - Dạy nghề,
2026-10-02,10.0,0.0,0.0,0.0,7.5,5.4,19.6,40.3,10.897,7.985,-8.2,25.2,1.0,4.6,41.7,0.0,746,HFB,UPCOM,Công ty cổ phần Công trình Cầu phà Thành phố Hồ Chí Minh,
2026-10-02,8.5,0.0,0.0,0.0,0.0,10.4,-10.5,-9.6,10.0,7.7,-15.0,10.4,0.0,-3.2,21.0,0.0,746,HFC,UPCOM,Công ty cổ phần Xăng dầu HFC,
2026-10-02,5.1,0.0,0.0,0.0,0.0,-8.9,-8.9,-31.1,5.6,5.1,-8.9,0.0,0.0,-6.1,9.4,0.0,746,HFX,UPCOM,Công ty Cổ phần Sản xuất - Xuất nhập khẩu Thanh Hà ,
2026-10-02,105.0,0.34,0.49,-9.5,-26.8,-42.5,-61.1,56.6,285.236,102.1,-63.2,2.8,-10.2,-36.0,33.8,0.96,746,HGM,HNX,Công ty Cổ phần Cơ khí và Khoáng sản Hà Giang ,
2026-10-02,12.1,0.0,0.0,0.0,0.0,0.0,-13.6,45.8,14.0,12.1,-13.6,0.0,0.0,-1.0,14.7,0.0,746,HGT,UPCOM,CÔNG TY CỔ PHẦN DU LỊCH HƯƠNG GIANG,
2026-10-02,30.0,0.0,0.0,0.0,3.8,42.0,,,30.0,11.521,0.0,160.4,1.2,14.7,57.1,0.0,232,HHB,UPCOM,Công ty Cổ phần Bia Hà Nội - Hồng Hà,
2026-10-02,78.0,0.19,0.23,-2.5,5.4,-53.3,-40.0,-32.5,167.0,61.1,-53.3,27.7,-2.0,-22.9,59.6,0.52,746,HHC,HNX,Công ty Cổ phần Bánh kẹo Hải Hà,
2026-10-02,0.9,0.14,0.09,28.6,0.0,-18.2,-40.0,-43.8,1.6,0.6,-43.8,50.0,19.0,-7.1,109.1,1.23,746,HHG,UPCOM,Công ty Cổ phần Hoàng Hà ,
2026-10-02,0.2,0.0,0.0,0.0,0.0,0.0,0.0,0.0,0.2,0.2,0.0,0.0,0.0,0.0,0.0,0.0,746,HHN,UPCOM,Công ty cổ phần Vận tải và Dịch vụ hàng hóa Hà Nội,
2026-10-02,17.9,18.31,17.8,10.5,32.4,56.2,99.6,103.9,18.1,8.883,-1.1,101.5,13.0,33.8,37.3,0.95,746,HHP,HOSE,Công ty Cổ phần HHP Global,
2026-10-02,9.1,9.29,10.67,-17.6,-18.4,-31.8,-50.7,6.1,20.2,8.83,-55.0,3.1,-9.2,-20.8,44.2,0.58,746,HHS,HOSE,Công ty Cổ phần Đầu tư - Dịch vụ Hoàng Huy ,
2026-10-02,8.83,19.31,24.86,-12.1,-18.0,-21.8,-38.5,-18.3,15.156,8.83,-41.7,0.0,-9.7,-20.7,28.9,0.61,746,HHV,HOSE,Công ty cổ phần Đầu tư Hạ tầng Giao thông Đèo Cả,
2026-10-02,4.2,5.84,2.55,23.9,1.2,-11.8,10.5,40.5,11.9,3.15,-64.7,33.3,7.0,-11.1,67.8,2.53,746,HID,HOSE,Công ty Cổ phần Halcom Việt Nam,
2026-10-02,8.85,8.52,5.72,0.6,51.3,75.8,98.3,106.3,11.8,4.273,-25.0,107.1,-1.2,38.1,53.6,1.94,746,HII,HOSE,Công ty Cổ phần An Tiến Industries,
2026-10-02,7.5,0.01,0.02,1.4,-3.8,-2.6,-2.6,-33.0,10.0,6.3,-25.0,19.0,2.3,-1.4,57.2,0.25,733,HIO,UPCOM,Công ty cổ phần Helio Energy,
2026-10-02,6.5,0.0,0.0,-18.8,-4.4,-4.4,-12.2,20.4,9.2,5.9,-29.3,10.2,-4.9,-12.4,49.1,0.08,746,HJC,UPCOM,Công ty Cổ phần Hòa Việt ,
2026-10-02,25.2,0.02,0.02,-4.9,-13.1,-8.4,-8.4,-16.5,30.5,24.9,-17.4,1.2,-7.3,-9.2,52.3,1.91,746,HJS,HNX,Công ty Cổ phần Thủy điện Nậm Mu ,
2026-10-02,0.4,0.0,0.01,0.0,-20.0,-20.0,-33.3,-42.9,0.6,0.3,-33.3,33.3,4.2,-17.0,118.8,0.62,746,HKB,UPCOM,Công ty Cổ phần nông nghiệp và thực phẩm Hà Nội - Kinh Bắc ,
2026-10-02,12.8,0.33,0.29,-1.5,-19.0,-34.8,-2.9,51.2,24.058,9.142,-46.8,40.0,-7.3,-16.3,61.8,1.45,746,HKT,HNX,Công ty Cổ phần QP Holdings,
2026-10-02,0.4,0.0,0.0,0.0,0.0,0.0,0.0,0.0,0.4,0.4,0.0,0.0,0.0,0.0,0.0,0.0,746,HLA,UPCOM,Công ty Cổ phần Hữu Liên Á Châu,
2026-10-02,798.0,0.03,0.02,48.7,79.2,104.3,133.4,161.9,798.0,293.01,0.0,172.3,37.2,84.6,63.7,0.27,746,HLB,UPCOM,Công ty Cổ phần Bia và Nước giải khát Hạ Long,
2026-10-02,9.8,0.01,0.03,-3.0,-3.0,-16.5,-2.8,-7.9,18.242,9.5,-46.3,3.2,-4.9,-13.0,53.6,0.27,746,HLC,HNX,Công ty Cổ phần Than Hà Lầm - Vinacomin,
2026-10-02,12.7,0.09,0.35,-4.5,-13.3,-22.5,-27.2,-8.6,24.473,12.0,-48.1,5.8,-4.1,-21.2,35.1,0.38,746,HLD,HNX,Công ty Cổ phần Đầu tư và Phát triển Bất động sản HUDLAND,
2026-10-02,16.0,0.0,0.0,0.0,1.9,1.4,13.9,21.0,16.691,14.047,-4.1,13.9,0.8,4.0,15.8,3.71,568,HLO,UPCOM,Công ty Cổ phần Công nghệ Ha Lô,
2026-10-02,16.0,0.0,0.0,-39.6,-39.6,-16.6,-16.6,49.0,26.5,16.0,-39.6,0.0,-26.9,-28.3,60.6,0.0,746,HLS,UPCOM,Công ty Cổ phần Sứ kỹ thuật Hoàng Liên Sơn,
2026-10-02,10.6,0.0,0.0,0.0,0.0,0.0,0.0,-13.8,10.6,10.6,0.0,0.0,0.0,0.0,0.0,0.0,746,HLT,UPCOM,Công ty Cổ phần Dệt may Hoàng Thị Loan,
2026-10-02,9.9,0.0,0.0,0.0,0.0,3.1,-10.0,-40.0,13.2,9.2,-25.0,7.6,0.0,-1.4,51.0,0.0,746,HLY,UPCOM,Công ty cổ phần gốm xây dựng Yên Hưng,
2026-10-02,10.7,0.07,0.07,-0.5,0.9,-3.3,-1.6,8.0,11.433,9.946,-6.4,7.6,-0.2,-0.0,19.0,1.29,746,HMC,HOSE,Công ty Cổ phần Kim khí Thành phố Hồ Chí Minh - VNSTEEL,
2026-10-02,14.0,0.0,0.0,0.0,-12.5,-16.2,-42.5,,24.36,10.1,-42.5,38.6,1.9,-14.6,102.0,0.0,436,HMD,UPCOM,CONG TY CỔ PHẦN HÓA CHẤT MINH ĐỨC,
2026-10-02,12.0,0.01,0.0,84.6,155.3,155.3,26.3,10.8,13.2,4.7,-9.1,155.3,84.5,97.3,70.7,5.97,746,HMG,UPCOM,Công ty Cổ phần kim khí Hà Nội - VNSTEEL,
2026-10-02,18.0,0.34,0.14,-3.7,1.1,0.5,12.3,40.1,22.158,13.295,-18.8,35.4,-1.3,2.8,63.1,4.77,746,HMH,HNX,Công ty Cổ phần Hải Minh ,
2026-10-02,9.0,0.01,0.03,-6.2,-10.9,-11.8,-23.7,-38.8,12.5,8.1,-28.0,11.1,-5.7,-11.8,49.0,0.26,746,HMR,HNX,Công ty cổ phần Đá Hoàng Mai,
2026-10-02,28.5,0.05,0.11,-2.1,-10.9,-27.8,-15.4,-1.4,52.0,28.0,-45.2,1.8,-3.8,-15.6,46.0,0.28,746,HMS,UPCOM,Công ty cổ phần Xây dựng bảo tàng Hồ Chí Minh,
2026-10-02,21.0,0.03,0.03,-5.8,-8.5,-5.8,-10.3,-10.3,24.1,20.1,-12.9,4.5,-2.7,-4.7,36.5,1.38,736,HNA,HOSE,Công ty cổ phần Thủy điện Hủa Na,
2026-10-02,13.1,0.0,0.0,6.5,9.2,13.8,10.1,15.0,17.698,10.2,-26.0,28.4,4.1,2.4,57.2,0.45,746,HNB,UPCOM,Công ty Cổ phần Bến xe Hà Nội ,
2026-10-02,9.1,0.06,0.06,-2.0,-6.9,-12.9,-17.5,-27.5,11.996,8.513,-24.1,6.9,-0.8,-9.2,23.6,0.74,746,HND,UPCOM,Công ty Cổ phần Nhiệt điện Hải Phòng,
2026-10-02,23.0,0.0,0.03,-3.8,-4.2,-13.0,-27.1,-4.0,32.108,20.4,-28.4,12.7,-1.0,-9.2,74.2,0.16,746,HNF,UPCOM,Công ty Cổ phần Thực phẩm Hữu Nghị ,
2026-10-02,6.1,5.38,9.01,-7.6,-12.9,0.0,1.7,32.6,8.5,5.0,-28.2,22.0,-5.8,-7.1,38.0,0.32,738,HNG,UPCOM,Công ty Cổ phần Nông nghiệp Quốc tế Hoàng Anh Gia Lai,
2026-10-02,29.0,0.0,0.0,-2.4,36.2,3.2,19.9,28.6,29.8,21.1,-2.7,37.4,2.3,8.2,48.8,0.07,746,HNI,UPCOM,Công ty Cổ phần May Hữu Nghị,
2026-10-02,7.8,2.26,2.41,-6.0,-9.3,-6.0,-6.0,-6.1,9.2,7.0,-15.2,11.4,-5.2,-3.1,26.1,0.77,746,HNM,UPCOM,Công ty Cổ phần Sữa Hà Nội,
2026-10-02,13.3,0.0,0.0,-46.8,-26.1,-10.7,18.4,-41.2,30.0,11.232,-55.7,18.4,-32.3,-28.8,92.5,1.81,746,HNP,UPCOM,Công ty cổ phần Hanel Xốp nhựa,
2026-10-02,12.0,0.0,0.0,0.0,0.0,0.0,0.0,0.0,12.0,12.0,0.0,0.0,0.0,0.0,0.0,0.0,746,HNR,UPCOM,Công ty Cổ phần Rượu và Nước giải khát Hà Nội,
2026-10-02,3.9,0.01,0.02,-2.5,-2.5,-7.1,-18.8,0.0,6.1,3.5,-36.1,11.4,-1.2,-8.5,36.0,0.25,746,HOM,HNX,Công ty Cổ phần Xi măng Vicem Hoàng Mai,
2026-10-02,18.9,0.0,0.0,-16.0,-16.0,-11.3,5.6,80.0,23.5,11.1,-19.6,70.3,-9.8,-7.1,74.1,3.13,746,HOT,UPCOM,Công ty Cổ phần Du lịch-Dịch vụ Hội An,
2026-10-02,25.9,1.69,2.12,-7.8,-23.3,-28.5,,,42.543,25.9,-39.1,0.0,-9.9,,21.7,0.87,160,HPA,HOSE,CTCP Phát triển Nông nghiệp Hòa Phát,
2026-10-02,19.7,0.0,0.0,10.7,-1.5,-8.8,66.5,52.7,39.959,11.831,-50.7,66.5,8.0,1.1,70.1,0.81,746,HPB,UPCOM,Công ty Cổ phần Bao bì PP,
2026-10-02,16.1,0.07,0.07,-1.8,-1.8,-1.2,-1.9,-22.1,17.17,14.2,-6.2,13.4,-0.7,-1.5,15.2,1.02,746,HPD,UPCOM,Công ty Cổ phần thủy điện Đăk Đoa,
2026-10-02,20.05,373.13,461.03,-9.3,-13.8,-15.7,-20.1,2.5,26.559,19.6,-24.5,2.3,-6.2,-14.0,27.2,0.78,746,HPG,HOSE,Công ty Cổ phần Tập đoàn Hòa Phát,
2026-10-02,15.0,0.0,0.0,-3.2,9.5,25.0,19.0,-6.2,16.0,10.5,-6.2,42.9,1.0,17.4,32.8,0.52,746,HPH,UPCOM,Công ty Cổ phần Hóa chất Hưng Phát Hà Bắc,
2026-10-02,21.9,0.0,0.0,0.0,18.4,-4.8,-25.0,47.0,32.9,14.5,-33.4,51.0,5.8,2.1,87.2,0.04,746,HPI,UPCOM,Công ty cổ phần khu công nghiệp Hiệp Phước,
2026-10-02,15.0,0.0,0.0,0.0,-2.0,-2.4,,,17.207,14.039,-12.8,6.8,-0.7,-0.1,27.7,0.47,235,HPO,UPCOM,CTCP Công nghiệp Hapulico,
2026-10-02,64.8,0.04,0.07,-11.6,-3.3,-4.5,-3.2,5.7,74.9,56.6,-13.5,14.5,-3.1,-4.5,36.3,0.56,746,HPP,UPCOM,Công ty Cổ phần Sơn Hải Phòng ,
2026-10-02,28.0,0.01,0.01,1.8,-2.1,6.7,20.8,67.0,29.77,22.106,-5.9,26.7,-0.1,5.2,51.4,0.25,746,HPT,UPCOM,Công ty Cổ phần Dịch vụ Công nghệ Tin học HPT ,
2026-10-02,23.5,0.01,0.01,-2.1,4.9,9.5,39.3,32.7,28.125,16.875,-16.4,39.3,-1.8,6.1,78.7,0.68,746,HPW,UPCOM,Công ty cổ phần Cấp nước Hải Phòng,
2026-10-02,4.01,2.98,3.42,-3.4,-4.8,-15.4,-21.5,-21.5,5.54,3.91,-27.6,2.6,-3.3,-12.5,29.6,1.23,746,HPX,HOSE,Công ty cổ phần Đầu tư Hải Phát,
2026-10-02,1.86,4.94,4.92,-14.3,-25.6,-27.3,-47.6,-45.3,3.64,1.81,-48.9,2.8,-10.5,-26.6,32.3,0.92,746,HQC,HOSE,Công ty Cổ phần Tư vấn - Thương mại - Dịch vụ Địa ốc Hoàng Quân,
2026-10-02,22.5,0.0,0.01,-18.8,-38.5,-38.5,-38.5,-55.0,36.612,22.5,-38.5,0.0,-24.9,-35.0,43.3,0.64,746,HRB,UPCOM,Công ty cổ phần Harec Đầu tư và Thương Mại,
2026-10-02,31.9,0.02,0.04,-7.5,-18.2,-32.3,-0.8,-35.3,101.2,24.15,-68.5,32.1,-3.7,-20.1,67.3,0.19,746,HRC,HOSE,Công ty Cổ phần Cao su Hòa Bình,
2026-10-02,33.0,0.0,0.0,0.0,0.0,0.0,0.0,0.0,33.0,33.0,0.0,0.0,0.0,0.0,0.0,0.0,746,HSA,UPCOM,Công ty Cổ phần Hestia,
2026-10-02,9.98,20.66,24.89,-8.4,-13.6,-12.3,-29.9,-37.3,14.73,9.7,-32.2,2.9,-4.9,-14.0,28.3,0.7,746,HSG,HOSE,Công ty Cổ phần Tập đoàn Hoa Sen,
2026-10-02,9.99,5.2,4.82,-4.4,28.4,99.8,3.0,122.0,11.2,4.7,-10.8,112.6,10.1,40.9,55.4,1.0,746,HSL,HOSE,CÔNG TY CỔ PHẦN ĐẦU TƯ PHÁT TRIỂN THỰC PHẨM HỒNG HÀ,
2026-10-02,5.8,0.0,0.0,-13.4,-12.1,-14.7,-17.1,-3.3,9.2,5.2,-37.0,11.5,-11.6,-12.5,89.8,0.26,746,HSM,UPCOM,Tổng Công ty Cổ phần Dệt May Hà Nội,
2026-10-02,16.4,0.01,0.01,5.1,2.5,27.1,25.4,60.2,16.5,12.265,-0.6,33.7,3.7,14.6,32.9,0.76,746,HSP,UPCOM,Công ty cổ phần Sơn Tổng hợp Hà Nội,
2026-10-02,3.8,0.03,0.03,-2.6,-11.6,-17.4,-19.1,-5.0,5.4,3.5,-29.6,8.6,-3.1,-11.0,47.3,0.54,746,HSV,UPCOM,Công ty Cổ phần Gang thép Hà Nội,
2026-10-02,12.05,3.15,2.59,-1.7,-7.3,-17.2,-27.2,4.6,20.439,11.144,-41.0,8.1,-1.0,-13.4,34.1,1.17,746,HT1,HOSE,Công ty cổ phần xi măng VICEM Hà Tiên,
2026-10-02,34.0,0.17,0.07,7.9,-15.0,4.0,40.8,65.7,48.687,24.146,-30.2,40.8,5.4,-3.0,83.8,2.17,746,HTC,HNX,Công ty Cổ phần Thương mại Hóc Môn,
2026-10-02,2.6,0.01,0.01,-3.7,-7.1,-18.8,-33.3,-38.1,4.0,2.5,-35.0,4.0,-3.6,-15.7,39.4,0.89,746,HTE,UPCOM,Công ty Cổ phần Đầu tư Kinh doanh điện lực Thành phố Hồ Chí Minh,
2026-10-02,33.2,0.13,0.2,-2.1,-4.4,-3.2,-6.5,3.2,38.356,32.6,-13.4,1.8,-2.0,-4.2,17.8,0.68,739,HTG,HOSE,Tổng Công ty Cổ phần Dệt may Hòa Thọ,
2026-10-02,18.15,0.25,0.27,-2.9,-6.7,-19.8,-15.5,36.3,25.648,17.8,-29.2,2.0,-1.8,-13.7,20.2,0.62,746,HTI,HOSE,Công ty Cổ phần Đầu tư Phát triển Hạ tầng IDICO,
2026-10-02,19.7,0.05,0.03,2.1,2.6,-1.8,-10.0,18.1,23.527,18.238,-16.3,8.0,1.0,-2.0,26.1,1.78,746,HTL,HOSE,Công ty Cổ phần Kỹ thuật và Ô tô Trường Long,
2026-10-02,10.3,0.04,0.07,-3.7,3.0,4.0,-1.0,3.0,13.8,8.2,-25.4,25.6,3.1,5.3,92.0,0.68,746,HTM,UPCOM,Tổng Công ty Thương Mại Hà Nội - Công ty cổ phần,
2026-10-02,7.33,2.7,1.74,18.2,55.1,54.2,6.7,21.0,7.56,4.014,-3.0,82.6,25.7,40.0,34.8,1.75,746,HTN,HOSE,Công ty cổ phần Hưng Thịnh Incons,
2026-10-02,0.9,0.0,0.0,0.0,0.0,-18.2,-62.5,-69.0,2.5,0.9,-64.0,0.0,0.0,-19.0,51.8,0.0,737,HTP,UPCOM,Công ty Cổ phần In sách Giáo Khoa Hòa Phát,
2026-10-02,1.4,0.01,0.0,-12.5,-17.6,7.7,0.0,7.7,1.7,1.2,-17.6,16.7,-6.2,-8.8,51.9,3.17,746,HTT,UPCOM,Công ty Cổ phần Thương mại Hà Tây,
2026-10-02,12.0,0.01,0.03,-5.5,-3.6,19.6,13.6,38.8,13.656,8.928,-12.1,34.4,-5.1,2.7,39.0,0.51,746,HTV,HOSE,Công ty cổ phần Logistics Vicem,
2026-10-02,4.5,0.0,0.0,-4.3,-26.4,-28.3,-29.7,-26.0,8.23,4.21,-45.3,6.9,-13.5,-24.6,57.9,1.74,746,HU1,HOSE,Công ty Cổ phần Đầu tư và Xây dựng HUD1,
2026-10-02,2.7,0.01,0.03,-10.0,-10.0,-10.0,-22.9,-22.9,3.8,2.7,-28.9,0.0,-4.5,-11.7,54.7,0.47,746,HU3,UPCOM,Công ty Cổ phần Đầu tư và Xây dựng HUD3,
2026-10-02,8.8,0.02,0.03,2.3,6.1,-3.4,-38.1,-10.7,14.391,7.3,-38.9,20.5,4.2,-3.7,52.5,0.5,746,HU4,UPCOM,Công ty Cổ phần Đầu tư và Xây dựng HUD4,
2026-10-02,3.8,0.0,0.0,-2.6,-2.6,-9.5,-24.0,-26.9,5.8,3.5,-34.5,8.6,-8.6,-10.6,74.6,0.16,746,HU6,UPCOM,Công ty Cổ phần Đầu tư Phát triển Nhà và Đô thị HUD6,
2026-10-02,10.65,0.11,0.08,-7.6,-4.3,-12.9,-23.4,-21.1,14.51,10.289,-26.6,3.5,-3.6,-11.1,20.7,0.86,746,HUB,HOSE,Công ty Cổ phần Xây lắp Thừa Thiên Huế,
2026-10-02,18.3,0.04,0.01,-39.0,-39.0,-29.9,-30.0,-41.3,30.463,18.3,-39.9,0.0,-36.0,-36.0,68.4,5.67,746,HUG,UPCOM,Tổng công ty May Hưng Yên - Công ty Cổ phần,
2026-10-02,12.3,17.16,24.59,-6.8,-19.6,-25.9,-27.2,-22.5,18.7,12.1,-34.2,1.7,-7.8,-19.6,35.3,0.82,746,HUT,HNX,Công ty Cổ phần TASCO ,
2026-10-02,3.7,0.04,0.03,85.0,19.4,-24.5,-85.7,-41.3,26.5,1.6,-86.0,131.2,57.4,-56.7,84.4,0.46,746,HVA,UPCOM,Công ty Cổ phần Đầu tư HVA,
2026-10-02,10.35,2.28,2.63,-5.0,1.5,-3.9,-14.4,48.6,14.091,9.3,-26.5,11.3,-3.3,-5.2,25.6,1.11,746,HVH,HOSE,Công ty cổ phần Đầu tư và Công nghệ HVC,
2026-10-02,20.55,16.56,20.97,-10.5,-18.8,-4.9,-41.1,24.5,36.25,19.3,-43.3,6.5,-6.9,-12.8,38.4,0.92,746,HVN,HOSE,Tổng Công ty Hàng không Việt Nam - CTCP,
2026-10-02,23.2,0.14,0.25,-0.4,-5.7,-12.9,-20.3,-23.8,30.758,22.8,-24.6,1.8,-1.3,-9.8,19.1,0.43,746,HVT,HNX,Công ty Cổ phần Hóa chất Việt Trì,
2026-10-02,2.3,0.0,0.01,-4.2,-4.2,0.0,-17.9,-9.8,3.3,1.9,-30.3,21.1,-2.7,-6.5,54.6,0.23,736,HVX,UPCOM,Công ty Cổ phần xi măng Vicem Hải Vân ,
2026-10-02,14.5,0.04,0.05,-2.0,0.7,2.7,7.8,-1.1,15.711,13.077,-7.7,10.9,-0.7,2.1,16.0,0.77,746,HWS,UPCOM,Công ty Cổ phần Cấp nước Huế,
2026-10-02,4.9,0.0,0.0,0.0,0.0,0.0,-16.9,-31.4,9.437,4.9,-48.1,0.0,0.0,-17.0,65.0,0.0,746,IBD,UPCOM,Công ty Cổ phần In Tổng hợp Bình Dương,
2026-10-02,29.0,0.0,0.0,1.8,-12.7,-21.8,-35.6,3.7,65.4,27.2,-55.7,6.6,1.5,-24.8,79.2,0.1,746,ICC,UPCOM,Công ty cổ phần Xây dựng Công nghiệp,
2026-10-02,1.3,0.0,0.01,-23.5,-48.0,-56.7,-59.4,-65.8,3.6,1.3,-63.9,0.0,-26.6,-48.7,88.7,0.56,746,ICF,UPCOM,Công ty Cổ phần Đầu tư Thương mại Thủy sản ,
2026-10-02,10.9,0.09,0.23,-0.9,-28.8,-30.5,-22.3,72.4,18.192,9.7,-40.1,12.4,-10.8,-27.4,40.5,0.68,746,ICG,HNX,Công ty Cổ phần Xây dựng sông Hồng ,
2026-10-02,10.0,0.0,0.0,0.0,11.1,17.6,-4.8,66.1,10.5,8.5,-4.8,17.6,0.2,5.2,36.7,0.79,746,ICI,UPCOM,Công ty Cổ phần Đầu tư và Xây dựng Công nghiệp,
2026-10-02,25.0,0.03,0.05,1.6,-7.8,-16.6,-31.3,-2.1,37.096,24.1,-32.6,3.7,-0.2,-14.8,21.9,0.5,746,ICN,UPCOM,Công ty Cổ phần Đầu Tư Xây Dựng Dầu Khí IDICO ,
2026-10-02,17.2,0.15,0.13,1.2,4.9,2.5,1.4,68.8,25.777,15.457,-33.3,11.3,1.3,1.7,34.9,1.17,746,ICT,HOSE,Công ty cổ phần Viễn thông - Tin học Bưu điện,
2026-10-02,33.7,42.51,38.66,3.7,-5.0,-17.4,4.1,-16.8,45.677,27.679,-26.2,21.8,3.2,-7.6,37.2,1.03,746,IDC,HNX,Tổng Công ty IDICO - CTCP,
2026-10-02,4.6,0.66,1.09,-8.0,-17.6,-30.4,-42.7,-50.4,8.24,4.46,-44.2,3.1,-4.1,-23.4,27.7,0.48,746,IDI,HOSE,Công ty Cổ phần Đầu tư và Phát triển Đa Quốc Gia (IDI),
2026-10-02,2.8,1.07,1.32,-22.2,-36.4,-28.2,-57.6,-56.9,6.9,2.7,-59.4,3.7,-21.0,-32.6,44.5,0.57,746,IDJ,HNX,Công ty cổ phần Đầu tư IDJ Việt Nam,
2026-10-02,238.5,0.02,0.01,-19.2,-16.3,-1.3,30.1,4.1,295.0,167.14,-19.2,42.7,-11.1,-5.8,70.0,0.07,746,IDP,UPCOM,Công ty Cổ phần Sữa Quốc tế Lof,
2026-10-02,21.2,0.17,0.19,0.5,-4.9,-8.6,-3.9,-19.4,25.1,19.0,-15.5,11.6,1.2,-5.7,22.6,1.01,746,IDV,HNX,Công ty Cổ phần Phát triển hạ tầng Vĩnh Phúc,
2026-10-02,17.0,0.02,0.03,-2.9,7.7,9.6,-12.1,-29.3,22.267,13.324,-23.7,27.6,-1.1,2.2,36.6,0.82,746,IFS,UPCOM,Công ty Cổ phần Thực phẩm Quốc Tế,
2026-10-02,6.56,7.2,12.51,-11.5,-26.4,-31.5,-47.2,-38.1,13.314,6.41,-50.7,2.3,-8.1,-27.1,29.2,0.68,746,IJC,HOSE,Công ty Cổ phần Phát triển Hạ tầng Kỹ thuật,
2026-10-02,6.0,0.07,0.19,-4.8,-18.9,11.1,-17.8,36.0,9.1,4.5,-34.1,33.3,-6.8,-3.1,68.7,0.64,746,ILA,UPCOM,Công ty Cổ phần ILA,
2026-10-02,18.9,0.22,0.32,0.8,-6.8,-6.0,-22.0,-18.0,25.307,18.143,-25.3,4.2,0.7,-6.8,19.6,0.8,746,ILB,HOSE,Công ty Cổ phần ICD Tân Cảng - Long Bình,
2026-10-02,5.5,0.0,0.0,10.0,1.9,-21.4,-16.7,-16.7,7.7,4.4,-28.6,25.0,-10.4,-13.3,115.2,0.94,746,ILC,UPCOM,Công ty Cổ phần Hợp tác lao động với nước ngoài,
2026-10-02,18.3,0.11,0.18,-7.6,-17.2,0.0,28.0,55.1,40.5,14.2,-54.8,28.9,-4.6,-17.6,88.7,0.29,746,ILS,UPCOM,Công ty cổ phần Đầu tư Thương mại và Dịch vụ Quốc tế,
2026-10-02,20.2,0.0,0.0,0.0,-47.3,-55.1,-76.0,-85.6,84.1,20.2,-76.0,0.0,-0.0,-54.4,63.5,0.0,746,IME,UPCOM,Công ty Cổ phần Cơ khí và Xây lắp Công nghiệp ,
2026-10-02,36.6,0.21,0.42,-8.0,-13.5,-33.3,-29.3,-26.0,56.168,32.65,-34.8,12.1,-1.4,-20.9,24.7,0.41,746,IMP,HOSE,Công ty Cổ phần dược phẩm Imexpharm,
2026-10-02,39.7,0.0,0.0,0.0,-0.0,-0.0,-17.0,92.5,47.825,34.523,-17.0,15.0,-0.0,1.0,33.1,0.0,746,IN4,UPCOM,Công ty Cổ phần In số 4,
2026-10-02,12.0,0.0,0.0,0.0,-7.7,-7.7,-54.7,-66.6,26.5,11.8,-54.7,1.7,-2.1,-9.8,33.9,0.0,746,INC,HNX,Công ty Cổ phần Tư vấn Đầu tư IDICO,
2026-10-02,36.6,0.13,0.13,0.5,2.2,-0.9,-12.8,5.2,45.581,35.0,-19.7,4.6,1.5,-2.4,24.3,0.71,746,INN,HNX,Công ty Cổ phần Bao bì và In nông nghiệp ,
2026-10-02,12.5,0.56,0.56,-8.1,-10.3,-6.8,-30.7,8.7,19.336,11.8,-35.4,5.9,-4.7,-11.4,36.8,0.97,746,IPA,HNX,Công ty Cổ phần Tập đoàn đầu tư I.P.A,
2026-10-02,3.9,0.0,0.0,0.0,0.0,0.0,-39.7,-41.2,6.472,3.9,-39.7,0.0,0.0,0.0,51.2,0.0,746,IRC,UPCOM,Công ty cổ phần Cao su Công nghiệp,
2026-10-02,8.8,0.0,0.0,-2.2,-2.2,-1.1,0.0,51.7,9.0,8.8,-2.2,0.0,-2.2,-1.4,4.8,0.02,746,ISG,UPCOM,Công ty Cổ phần Vận tải biển và Hợp tác lao động quốc tế,
2026-10-02,21.5,0.06,0.03,-6.5,-7.4,-8.5,-9.2,-0.6,29.2,21.155,-26.4,1.6,-8.8,-7.8,52.6,3.37,746,ISH,UPCOM,Công Ty Cổ Phần Thủy Điện Srok Phu Miêng IDICO,
2026-10-02,30.5,0.1,0.07,-2.7,-9.5,-13.1,-9.5,5.5,42.386,28.501,-28.0,7.0,-1.3,-7.9,73.9,2.2,746,IST,UPCOM,Công ty cổ phần ICD Tân Cảng Sóng Thần,
2026-10-02,2.3,0.0,0.0,0.0,0.0,0.0,0.0,-2.1,2.3,2.3,0.0,0.0,0.0,-0.0,0.0,0.0,739,ITA,UPCOM,Công ty Cổ phần Đầu tư và Công nghiệp Tân Tạo ,
2026-10-02,8.9,0.29,0.53,-3.2,-14.6,-15.3,-33.2,-11.9,14.31,8.151,-37.8,9.2,-2.3,-15.9,29.3,0.37,746,ITC,HOSE,Công ty Cổ phần Đầu tư - Kinh doanh nhà,
2026-10-02,10.75,0.06,0.12,-9.3,-17.9,-22.2,2.1,20.2,14.577,10.21,-26.3,5.3,-8.2,-17.3,28.0,0.12,746,ITD,HOSE,Công ty Cổ phần Công nghệ ITD,
2026-10-02,2.5,0.11,0.28,0.0,-3.8,-13.8,-13.8,-13.8,3.7,2.4,-32.4,4.2,-2.8,-8.0,45.6,0.51,746,ITQ,HNX,Công ty Cổ phần Tập đoàn Thiên Quang,
2026-10-02,3.1,0.0,0.0,-6.1,-16.2,-22.5,-31.2,-18.8,5.2,2.7,-40.4,14.8,-3.7,-19.0,53.0,0.87,746,ITS,UPCOM,"Công ty Cổ phần Đầu tư, Thương mại và Dịch vụ - Vinacomin",
2026-10-02,6.2,0.17,0.21,-8.8,-11.4,-10.1,-38.0,-38.6,10.4,6.0,-40.4,3.3,-3.3,-13.7,33.0,0.55,746,IVS,HNX,Công Ty Cổ Phần Chứng Khoán Guotai Haitong (Việt Nam) – Chi Nhánh Hồ Chí Minh,
2026-10-02,1.0,0.01,0.01,-23.1,-23.1,0.0,0.0,11.1,1.8,0.7,-44.4,42.9,-15.3,-11.4,78.8,1.2,746,JOS,UPCOM,Công ty cổ phần Chế biến Thủy sản Xuất khẩu Minh Hải,
2026-10-02,2.58,0.37,0.35,-12.2,-25.4,-39.7,-66.7,-21.8,9.1,2.4,-71.6,7.5,-11.1,-39.0,35.7,1.14,746,JVC,HOSE,Công Ty Cổ Phần Đầu Tư Và Phát Triển Y Tế Việt Nhật,
2026-10-02,25.2,31.03,34.84,-8.0,-13.8,-21.3,-28.0,-8.7,38.2,25.0,-34.0,0.8,-6.7,-19.0,34.7,0.6,746,KBC,HOSE,Tổng Công ty Phát triển Đô thị Kinh Bắc - CTCP,
2026-10-02,10.0,0.37,0.23,2.0,2.2,-16.8,-5.1,30.5,16.03,9.0,-37.6,11.1,1.6,-8.8,62.2,1.66,746,KCB,UPCOM,Công ty Cổ phần Khoáng Sản Luyện Kim Cao Bằng,
2026-10-02,50.8,4.7,5.44,-2.1,2.0,3.8,-0.7,2.8,53.225,38.7,-4.6,31.3,-0.6,1.4,20.3,0.24,746,KDC,HOSE,CÔNG TY CỔ PHẦN TẬP ĐOÀN KIDO ,
2026-10-02,15.1,66.43,84.93,-17.0,-29.1,-40.3,-54.2,-52.7,36.45,14.95,-58.6,1.0,-11.3,-35.9,35.9,0.92,746,KDH,HOSE,Công ty Cổ phần Đầu tư và Kinh doanh Nhà Khang Điền,
2026-10-02,20.9,0.22,0.22,6.6,-2.8,-29.6,50.4,29.8,37.0,12.7,-43.5,64.6,-0.0,-15.4,53.9,0.81,746,KDM,HNX,Công ty cổ phần tập đoàn GCL,
2026-10-02,5.5,0.02,0.01,1.9,1.9,1.7,0.0,-17.5,6.0,4.568,-8.3,20.4,3.1,3.4,34.0,0.82,746,KGM,UPCOM,Công ty cổ phần Xuất nhập khẩu Kiên Giang,
2026-10-02,20.0,0.0,0.0,0.0,37.5,39.7,79.9,237.4,20.0,8.557,0.0,133.7,0.8,31.6,53.4,0.0,746,KHD,UPCOM,"Công ty cổ phần khai thác, chế biến khoáng sản Hải Dương",
2026-10-02,4.59,7.67,11.84,-5.4,-6.7,-14.8,-32.0,-13.2,8.76,4.45,-47.6,3.1,-3.1,-17.1,29.5,0.47,746,KHG,HOSE,Công ty Cổ phần Tập đoàn Khải Hoàn Land,
2026-10-02,9.5,0.1,0.07,-3.9,-2.1,-3.8,-18.3,9.4,12.735,9.016,-25.4,5.4,-0.9,-5.4,19.8,0.88,746,KHP,HOSE,Công ty Cổ phần Điện lực Khánh Hòa,
2026-10-02,12.2,0.03,0.07,-5.4,-1.6,-6.9,-33.3,69.8,18.597,11.775,-34.4,3.6,-5.8,-7.1,33.2,0.41,746,KHS,HNX,Công ty Cổ phần Kiên Hùng,
2026-10-02,25.5,0.0,0.01,-3.8,12.0,0.9,5.7,106.7,27.9,21.935,-8.6,16.3,-2.5,3.1,35.5,0.35,746,KHW,UPCOM,Công ty cổ phần Cấp thoát nước Khánh Hòa,
2026-10-02,14.0,0.0,0.0,-13.6,-25.5,-22.7,,,29.6,10.7,-52.7,30.8,-6.0,,53.2,1.29,176,KHX,UPCOM,Cổ phiếu Công ty cổ phần Phát hành sách Khánh Hòa,
2026-10-02,12.8,0.0,0.01,-14.7,0.0,12.2,-0.6,27.5,17.484,7.638,-26.8,67.6,-10.1,-3.0,71.4,0.0,746,KIP,UPCOM,Công ty cổ phần K.I.P Việt Nam,
2026-10-02,6.3,0.0,0.0,5.0,6.8,1.6,-7.4,34.0,7.5,5.2,-16.0,21.2,5.5,1.9,47.6,1.88,746,KKC,HNX,Công ty Cổ phần Tập đoàn Thành Thái,
2026-10-02,11.65,4.59,5.33,-4.5,-9.3,4.0,-6.9,81.4,14.44,9.614,-19.3,21.2,-3.9,-0.5,34.5,0.81,740,KLB,HOSE,Ngân hàng Thương mại Cổ phần Kiên Long,
2026-10-02,2.19,0.04,0.03,-6.0,-11.0,-19.8,-28.4,-32.8,3.07,2.11,-28.7,3.8,-4.7,-17.4,16.4,1.15,746,KMR,HOSE,Công ty Cổ phần Mirae ,
2026-10-02,13.2,0.0,0.0,0.0,0.0,22.2,32.0,58.5,13.2,8.1,0.0,63.0,-0.0,14.9,43.0,0.0,746,KMT,HNX,Công ty Cổ phần Kim khí Miền Trung ,
2026-10-02,14.7,4.2,6.27,-56.9,-59.9,-61.8,-62.3,-61.2,40.2,14.7,-63.4,0.0,-53.5,-59.7,27.5,0.47,746,KOS,HOSE,Công ty cổ phần Kosy,
2026-10-02,1.2,0.0,0.0,0.0,0.0,0.0,0.0,-49.2,1.2,1.2,0.0,0.0,-0.0,0.0,0.0,0.0,737,KPF,UPCOM,Công ty cổ phần đầu tư tài sản Koji,
2026-10-02,12.65,5.23,9.52,-7.3,-13.9,-21.4,-34.5,-34.1,20.25,12.55,-37.5,0.8,-5.1,-18.5,28.6,0.59,746,KSB,HOSE,Công ty Cổ phần Khoáng sản và Xây dựng Bình Dương,
2026-10-02,5.1,0.01,0.01,-20.3,21.4,13.3,-7.3,8.5,6.5,3.7,-21.5,37.8,-8.5,7.8,61.2,1.88,746,KSD,HNX,Công ty cổ phần Đầu tư DNA,
2026-10-02,75.9,9.83,10.82,-3.3,-4.2,-8.4,-11.1,86.9,122.0,61.0,-37.8,24.4,-3.7,-4.4,50.0,0.88,746,KSF,HNX,Công ty cổ phần Tập đoàn Sunshine,
2026-10-02,0.9,0.01,0.01,-10.0,-10.0,-47.1,-52.6,-75.0,2.9,0.8,-69.0,12.5,-3.0,-38.7,69.5,0.34,737,KSQ,UPCOM,Công ty cổ phần CNC Capital Việt Nam,
2026-10-02,12.5,0.0,0.0,-11.3,-2.4,0.5,6.0,23.9,15.667,10.875,-20.2,14.9,-7.0,-2.6,42.3,0.5,746,KST,HNX,Công ty Cổ phần KASATI,
2026-10-02,110.1,5.77,4.71,-5.1,8.7,8.4,14.6,211.7,153.406,54.468,-28.2,102.1,-0.3,7.7,67.0,1.61,746,KSV,HNX,Tổng công ty Khoáng sản TKV - CTCP,
2026-10-02,12.0,0.0,0.0,30.4,30.4,30.4,22.8,7.4,12.0,9.2,0.0,30.4,17.6,25.6,31.9,5.0,746,KTC,UPCOM,Công ty Cổ phần Thương mại Kiên Giang,
2026-10-02,26.2,0.03,0.02,20.2,32.0,9.1,35.2,33.1,30.0,12.204,-12.7,114.7,19.9,21.0,97.3,1.59,746,KTL,UPCOM,Công ty Cổ phần kim khí Thăng Long ,
2026-10-02,19.4,0.14,0.13,-7.2,-13.4,-17.1,-53.8,-53.1,42.063,16.9,-53.9,14.8,-1.9,-18.8,47.8,1.34,746,KTS,HNX,Công ty Cổ phần Đường Kon Tum ,
2026-10-02,2.3,0.0,0.0,0.0,0.0,0.0,0.0,0.0,2.3,2.3,0.0,0.0,0.0,-0.0,0.0,0.0,736,KTT,UPCOM,CÔNG TY CỔ PHẦN TẬP ĐOÀN ĐẦU TƯ KTT,
2026-10-02,1.0,0.14,0.17,-9.1,-23.1,-23.1,-44.4,-41.2,1.8,0.9,-44.4,11.1,-3.7,-20.1,86.0,0.78,746,KVC,UPCOM,Công ty Cổ phần sản xuất xuất nhập khẩu INOX Kim vĩ,
2026-10-02,24.0,0.01,0.01,1.7,4.3,0.6,10.7,5.4,26.5,19.874,-9.4,20.8,0.9,-0.2,37.1,0.83,746,L10,HOSE,Công ty Cổ phần LILAMA 10,
2026-10-02,4.6,0.0,0.01,4.5,11.4,16.4,19.1,22.0,5.388,2.963,-14.6,55.2,6.1,12.9,79.9,0.59,746,L12,UPCOM,Công ty cổ phần Licogi 12,
2026-10-02,18.1,0.71,1.31,-11.3,-10.4,-21.3,-46.8,-38.4,37.5,16.7,-51.7,8.4,-7.7,-21.4,42.2,0.65,746,L14,HNX,Công ty Cổ phần Licogi 14,
2026-10-02,13.3,0.32,0.3,-12.5,-18.9,-29.1,-41.4,-45.5,22.851,13.0,-41.8,2.3,-10.8,-26.3,35.1,1.35,746,L18,HNX,Công ty Cổ phần Đầu tư và Xây dựng số 18,
2026-10-02,2.3,0.0,0.0,-14.8,91.7,-48.9,-39.5,-28.1,5.0,1.2,-54.0,91.7,-10.9,-24.9,96.5,0.43,746,L35,UPCOM,Công ty Cổ phần Cơ khí lắp máy LILAMA,
2026-10-02,20.8,0.4,1.91,-4.6,-25.4,-27.5,-44.9,362.9,53.383,19.3,-61.0,7.8,-5.6,-29.9,39.6,0.2,746,L40,HNX,Công ty Cổ phần Đầu tư và Xây dựng 40 ,
2026-10-02,1.7,0.0,0.0,6.2,-15.0,-43.3,-32.0,-34.6,3.9,1.3,-56.4,30.8,0.5,-32.7,109.7,1.21,737,L43,UPCOM,Công ty Cổ phần Lilama 45.3,
2026-10-02,1.3,0.0,0.0,30.0,-31.6,-23.5,-18.8,-58.1,2.3,1.0,-43.5,30.0,3.0,-19.9,63.4,0.21,746,L45,UPCOM,Công ty cổ phần Lilama 45.1,
2026-10-02,1.2,0.0,0.0,-20.0,0.0,-14.3,-33.3,-29.4,2.0,1.2,-40.0,0.0,-11.4,-16.6,36.0,2.23,737,L61,UPCOM,Công ty Cổ phần LILAMA 69-1,
2026-10-02,1.6,0.0,0.0,-23.8,-44.8,-38.5,-30.4,-44.8,3.3,1.2,-51.5,33.3,-27.7,-34.7,67.7,0.9,737,L62,UPCOM,Công ty Cổ phần Lilama 69-2,
2026-10-02,9.5,0.06,0.02,-5.0,0.0,11.8,25.0,63.8,10.1,7.6,-5.9,25.0,-3.1,4.7,25.1,5.16,746,L63,UPCOM,Công ty Cổ phần Lilama 69-3,
2026-10-02,17.8,0.02,0.06,-10.3,-19.1,4.7,-3.2,21.2,25.4,15.983,-29.9,11.4,-8.4,-2.3,34.4,0.16,746,LAF,HOSE,Công ty Cổ phần Chế biến hàng xuất khẩu Long An,
2026-10-02,7.7,0.05,0.07,-7.2,-17.3,-17.3,-41.0,-56.6,13.974,7.1,-44.9,8.5,-4.6,-20.9,34.3,0.76,746,LAI,UPCOM,Công ty Cổ phần Đầu tư xây dựng Long An IDICO ,
2026-10-02,10.9,3.12,2.43,0.6,-15.8,-29.3,-33.3,-44.8,19.645,10.098,-44.5,7.9,-0.9,-21.0,37.6,1.16,746,LAS,HNX,Công ty Cổ phần Supe Phốt phát và Hóa chất Lâm Thao,
2026-10-02,19.5,0.01,0.01,-25.6,-22.0,-40.9,-42.6,-16.7,35.5,17.0,-45.1,14.7,-17.5,-32.3,79.7,1.3,746,LAW,UPCOM,Công ty Cổ phần Cấp thoát nước Long An,
2026-10-02,14.8,0.1,0.19,0.0,-2.6,-22.1,-17.4,15.7,24.998,13.6,-40.8,8.8,-0.2,-15.4,42.8,0.36,746,LBE,HNX,CÔNG TY CỔ PHẦN THƯƠNG MẠI VÀ DỊCH VỤ LVA,
2026-10-02,29.2,0.33,0.42,5.8,-0.2,-1.0,-15.9,22.9,36.505,26.9,-20.0,8.6,4.5,-3.2,23.9,0.8,746,LBM,HOSE,Công ty Cổ phần Khoáng sản và Vật liệu Xây dựng Lâm Đồng,
2026-10-02,19.6,0.0,0.0,0.0,0.0,0.0,0.0,-9.7,19.6,19.6,0.0,0.0,0.0,0.0,0.0,0.0,746,LCD,HNX,Công ty cổ phần Lắp máy - Thí nghiệm cơ điện,
2026-10-02,6.31,4.61,5.7,-11.5,-25.8,-28.5,-39.1,-33.6,11.06,6.31,-42.9,0.0,-9.4,-25.9,28.4,0.68,746,LCG,HOSE,CÔNG TY CỔ PHẦN LIZEN,
2026-10-02,0.5,0.01,0.02,-16.7,-28.6,-37.5,-58.3,-58.3,1.2,0.5,-58.3,0.0,-15.3,-33.0,75.7,0.48,746,LCM,UPCOM,Công ty Cổ phần Khai thác và Chế biến Khoáng sản Lào Cai ,
2026-10-02,2.45,1.84,1.66,-9.3,-22.0,-31.9,-49.3,17.2,5.13,2.39,-52.2,2.5,-8.1,-26.8,45.5,0.87,746,LDG,HOSE,Công ty Cổ phần Đầu tư LDG ,
2026-10-02,7.7,0.16,0.24,-1.3,-3.7,-3.7,-36.9,-52.2,12.8,7.0,-39.8,10.0,-2.3,-10.8,46.2,0.32,746,LDP,HNX,Công ty Cổ phần Dược Lâm Đồng - Ladophar,
2026-10-02,26.0,0.0,0.0,0.0,-5.1,-5.1,26.5,76.2,28.7,18.6,-9.4,39.8,3.0,-1.6,49.7,2.55,746,LDW,UPCOM,Công ty cổ phần Cấp thoát nước Lâm Đồng,
2026-10-02,4.7,0.0,0.0,4.4,-6.0,4.4,6.8,-18.5,6.0,3.1,-21.7,51.6,4.5,3.8,80.3,0.67,739,LEC,UPCOM,Công ty Cổ phần Bất động sản Điện lực Miền Trung,
2026-10-02,3.0,0.0,0.0,-44.4,-11.8,-44.4,-50.0,-61.5,7.4,3.0,-59.5,0.0,-36.7,-40.9,119.7,0.28,746,LG9,UPCOM,Công ty Cổ phần Cơ giới và Xây lắp số 9,
2026-10-02,64.8,0.0,0.0,0.0,0.0,6.4,12.7,15.7,64.8,52.1,0.0,24.4,-0.0,4.0,25.9,0.0,746,LGC,HOSE,Công ty Cổ phần đầu tư cầu đường CII,
2026-10-02,4.05,0.08,0.1,-18.0,-23.3,-16.3,-18.5,55.8,6.76,4.01,-40.1,1.0,-15.5,-26.2,40.7,0.34,746,LGL,HOSE,Công ty Cổ phần Đầu tư và Phát triển Đô thị Long Giang,
2026-10-02,45.9,1.0,0.82,-1.5,-1.5,-9.3,-3.6,25.7,61.111,42.1,-24.9,9.0,-0.1,-7.2,28.9,0.86,746,LHC,HNX,Công ty Cổ phần Đầu tư và Xây dựng Thủy lợi Lâm Đồng,
2026-10-02,26.4,1.27,2.16,1.5,-0.7,1.6,-7.5,-16.6,29.42,24.648,-10.3,7.1,0.6,-0.0,18.4,0.64,746,LHG,HOSE,Công ty Cổ phần Long Hậu ,
2026-10-02,29.2,0.36,0.3,-13.6,1.4,-10.4,7.7,22.7,39.5,23.1,-26.1,26.4,-12.0,-1.8,52.0,1.51,746,LIC,UPCOM,Tổng Công ty LICOGI - CTCP,
2026-10-02,2.9,0.31,0.44,-9.4,-25.6,-21.6,-42.0,-12.1,5.2,2.8,-44.2,3.6,-8.4,-21.4,41.0,0.64,746,LIG,HNX,Công ty Cổ phần Licogi 13,
2026-10-02,24.75,0.36,0.41,-0.4,-9.2,-21.5,-22.6,-20.9,39.861,22.95,-37.9,7.8,-0.4,-16.8,22.2,0.79,746,LIX,HOSE,Công ty Cổ phần Bột giặt Lix,
2026-10-02,30.0,0.01,0.02,-3.8,-6.3,-6.3,-6.3,24.6,35.494,29.0,-15.5,3.4,-3.7,-6.2,24.8,0.58,746,LKW,UPCOM,Công ty Cổ phần Cấp nước Long Khánh,
2026-10-02,28.2,0.41,0.72,-22.3,31.8,27.0,64.9,100.8,42.0,14.9,-32.9,89.3,-7.3,25.7,77.5,0.99,746,LLM,UPCOM,Tổng công ty lắp máy Việt Nam - Công ty Cổ phần,
2026-10-02,0.9,0.0,0.0,0.0,-43.8,-47.1,-70.0,-74.3,3.0,0.6,-70.0,50.0,-13.1,-46.9,72.2,1.08,746,LM3,UPCOM,Công ty Cổ phần Lilama 3 ,
2026-10-02,2.4,0.0,0.0,0.0,33.3,26.3,-11.1,-4.0,4.0,1.7,-40.0,41.2,15.3,4.7,59.3,0.0,746,LM7,UPCOM,Công ty Cổ phần Lilama 7 ,
2026-10-02,13.8,0.0,0.07,-13.2,-11.8,9.7,7.7,13.6,16.95,11.05,-18.6,24.9,-3.2,2.6,34.8,0.02,746,LM8,HOSE,Công ty Cổ phần Lilama 18,
2026-10-02,9.3,0.01,0.05,55.0,47.6,47.6,10.7,-72.3,10.9,4.3,-14.7,116.3,45.6,52.4,130.0,0.05,746,LMC,UPCOM,Công Ty Cổ Phần LUMI Holdings,
2026-10-02,0.8,0.01,0.01,-11.1,-33.3,-38.5,-20.0,0.0,1.4,0.8,-42.9,0.0,-15.3,-33.1,54.1,0.51,746,LMH,UPCOM,Công ty cổ phần quốc tế Holding,
2026-10-02,7.9,0.0,0.01,0.0,-10.4,-14.0,-13.6,-2.4,9.924,7.5,-20.4,5.3,-0.1,-10.0,23.8,0.0,746,LMI,UPCOM,Công ty Cổ phần Đầu tư Xây dựng lắp máy IDICO,
2026-10-02,7.6,0.0,0.0,0.0,35.7,90.0,65.2,-22.3,9.2,4.0,-17.4,90.0,1.5,54.5,62.0,0.0,746,LNC,UPCOM,Công ty cổ phần Lệ Ninh,
2026-10-02,0.4,0.0,0.0,0.0,-20.0,-20.0,-63.6,-69.2,1.1,0.3,-63.6,33.3,8.1,-16.6,105.0,0.09,746,LO5,UPCOM,Công ty Cổ phần Lilama 5 ,
2026-10-02,40.2,96.84,140.08,-19.5,-21.2,-1.3,-17.6,69.6,58.5,37.328,-31.3,7.7,-18.9,-12.2,33.4,0.93,746,LPB,HOSE,Ngân hàng Thương mại cổ phần Lộc Phát Việt Nam ,
2026-10-02,17.7,29.54,29.46,-32.4,,,,,35.2,17.7,-49.7,0.0,,,47.6,1.08,31,LPS,HOSE,Công ty Cổ phần Chứng khoán LPBank,
2026-10-02,6.3,0.03,0.02,-7.2,-6.0,16.8,20.7,21.9,7.483,4.525,-15.8,39.2,-4.7,3.0,51.1,1.17,746,LPT,UPCOM,Công ty cổ phần Thương mại và Sản xuất Lập Phương Thành,
2026-10-02,3.0,0.0,0.0,0.0,36.4,36.4,36.4,36.4,3.0,2.2,0.0,36.4,3.9,26.5,31.3,0.0,746,LQN,UPCOM,Công ty cổ phần LICOGI Quảng Ngãi,
2026-10-02,35.2,1.07,1.12,1.7,0.6,4.1,12.5,300.0,40.0,27.8,-12.0,26.6,1.0,3.1,38.0,0.94,746,LSG,UPCOM,Công ty Cổ phần Bất động sản Sài Gòn VI NA,
2026-10-02,7.8,0.36,0.37,-3.3,-5.9,-7.5,-20.5,-21.3,9.851,7.55,-20.8,3.3,-1.9,-6.5,13.6,0.82,746,LSS,HOSE,Công ty Cổ phần Mía đường Lam Sơn,
2026-10-02,1.2,0.0,0.0,0.0,-7.7,-25.0,-29.4,-72.7,2.6,1.2,-53.8,0.0,-2.9,-25.1,55.1,0.17,746,LTC,UPCOM,Công ty Cổ phần Điện nhẹ Viễn thông,
2026-10-02,0.5,0.0,0.0,0.0,0.0,0.0,-16.7,-16.7,0.7,0.4,-28.6,25.0,0.0,-2.8,77.0,0.0,746,LUT,UPCOM,Công ty Cổ phần Đầu tư xây dựng Lương Tài,
2026-10-02,18.9,0.04,0.07,-6.0,-10.4,-12.0,-3.6,-6.3,22.593,18.485,-16.3,2.2,-6.3,-9.1,25.4,0.64,746,M10,UPCOM,Tổng công ty May 10 - Công ty Cổ phần,
2026-10-02,32.9,0.0,0.01,6.1,-3.2,-19.3,9.3,2.6,43.4,24.4,-24.2,34.8,2.5,1.3,101.8,0.1,746,MA1,UPCOM,CÔNG TY CỔ PHẦN THIẾT BỊ,
2026-10-02,10.3,0.02,0.01,-13.4,-14.2,-4.7,-21.8,-5.5,14.525,9.986,-29.1,3.1,-10.5,-12.9,54.1,1.14,746,MAC,HNX,Công ty Cổ Phần Tập Đoàn Macstar,
2026-10-02,37.1,0.01,0.01,9.1,6.6,4.5,9.1,-0.8,38.0,28.1,-2.4,32.0,12.5,6.4,39.4,2.11,746,MAS,HNX,Công ty Cổ phần Dịch vụ hàng không sân bay Đà Nẵng ,
2026-10-02,19.1,227.63,251.91,-9.3,-6.8,-8.1,-11.0,42.2,23.627,17.785,-19.2,7.4,-4.0,-7.2,27.0,0.86,746,MBB,HOSE,Ngân hàng Thương mại Cổ phần Quân đội ,
2026-10-02,2.2,0.2,0.35,-4.3,-21.4,-21.4,-38.9,-35.3,4.1,2.1,-46.3,4.8,-4.0,-19.9,45.1,0.43,746,MBG,HNX,Công ty Cổ phần Tập đoàn MBG,
2026-10-02,7.9,0.0,0.0,0.0,0.0,0.0,0.0,0.0,7.9,7.9,0.0,0.0,0.0,-0.0,0.0,0.0,746,MBN,UPCOM,Công ty cổ phần Môi trường và Công trình đô thị Bắc Ninh,
2026-10-02,15.3,44.9,96.43,-14.5,-24.8,-19.1,-39.8,-28.5,27.908,14.942,-45.2,2.4,-10.3,-18.7,39.7,0.58,746,MBS,HNX,Công ty Cổ phần chứng khoán MB,
2026-10-02,9.8,0.01,0.01,3.2,15.3,-10.9,-17.6,,12.5,7.3,-21.6,34.2,7.7,2.0,110.7,0.72,384,MBT,UPCOM,Công ty cổ phần bất động sản cho thuê Minh Bảo Tín,
2026-10-02,13.2,0.0,0.0,0.0,0.0,0.0,0.0,19.1,13.2,13.2,0.0,0.0,-0.0,0.0,0.0,0.0,746,MCC,HNX,Công ty Cổ phần Gạch Ngói Cao Cấp,
2026-10-02,7.2,0.03,0.04,1.4,2.9,3.9,3.9,-3.7,7.8,6.838,-7.7,5.3,1.3,1.9,21.9,0.44,746,MCF,HNX,Công ty Cổ phần Xây lắp Cơ khí và Lương thực Thực phẩm (Mecofood),
2026-10-02,2.4,0.03,0.06,-4.0,-7.7,4.3,-14.3,14.3,3.1,2.2,-22.6,9.1,-3.1,-2.6,56.8,0.43,746,MCG,UPCOM,Công ty Cổ phần Năng lượng và Bất Động sản MCG,
2026-10-02,139.2,82.03,61.78,-2.7,0.6,0.4,35.5,33.3,184.419,100.227,-24.5,38.9,0.0,-2.8,33.7,1.5,741,MCH,HOSE,Công ty cổ phần Hàng Tiêu Dùng Masan,
2026-10-02,26.45,0.45,0.81,-0.4,-9.7,7.5,0.3,-18.7,29.4,23.744,-10.0,11.4,0.0,-0.1,18.6,0.47,739,MCM,HOSE,CÔNG TY CỔ PHẦN GIỐNG BÒ SỮA MỘC CHÂU,
2026-10-02,5.0,0.02,0.02,2.0,-12.3,-3.8,-30.6,-63.8,8.0,4.2,-37.5,19.0,4.1,-7.0,51.2,0.76,746,MCO,HNX,Công ty cổ phần đầu tư và xây dựng BDC Việt Nam,
2026-10-02,28.0,0.95,0.81,0.0,0.0,2.9,-1.8,33.6,29.5,26.5,-5.1,5.7,0.7,0.9,13.0,1.46,746,MCP,HOSE,Công ty Cổ phần In và Bao bì Mỹ Châu,
2026-10-02,5.3,0.0,0.0,0.0,0.0,0.0,-39.1,-39.1,8.7,5.3,-39.1,0.0,0.0,-5.5,50.1,0.0,746,MDA,UPCOM,Công ty cổ phần Môi trường Đô thị Đông Anh,
2026-10-02,8.5,0.01,0.01,0.0,1.3,-12.4,-8.9,-5.5,12.497,7.181,-32.0,18.4,2.0,-5.4,35.6,0.53,746,MDC,HNX,Công ty Cổ phần Than Mông Dương - Vinacomin,
2026-10-02,7.8,0.01,0.01,41.8,62.5,62.5,30.0,0.0,8.3,4.1,-6.0,90.2,41.6,50.2,78.5,1.38,746,MDF,UPCOM,Công ty Cổ phần Gỗ MDF VRG - Quảng Trị,
2026-10-02,37.5,0.21,0.17,8.5,0.1,-7.0,124.4,246.8,48.069,16.711,-22.0,124.4,1.2,3.2,47.6,1.1,746,MDG,HOSE,Công ty Cổ phần Miền Đông,
2026-10-02,1.3,0.0,0.01,18.2,-43.5,-62.9,-67.5,-75.9,4.1,0.9,-68.3,44.4,3.8,-51.6,78.7,0.52,746,MEC,UPCOM,Công ty Cổ phần cơ khí - lắp máy Sông Đà,
2026-10-02,18.4,0.0,0.0,0.0,0.0,-9.8,-19.3,-25.7,25.9,18.4,-29.0,0.0,0.0,-8.1,26.2,0.0,746,MED,HNX,CÔNG TY CỔ PHẦN DƯỢC TRUNG ƯƠNG MEDIPLANTEX,
2026-10-02,2.1,0.0,0.0,0.0,0.0,40.0,162.5,162.5,2.1,0.8,0.0,162.5,0.0,24.3,56.1,0.0,746,MEF,UPCOM,Công ty Cổ phần MEINFA,
2026-10-02,6.5,0.0,0.01,4.8,-0.8,-8.1,14.5,16.3,7.948,5.066,-18.2,28.3,1.0,2.2,57.3,0.29,746,MEL,HNX,Công ty Cổ phần Thép Mê Lin,
2026-10-02,10.0,0.0,0.0,0.0,0.0,0.0,0.0,0.0,10.0,10.0,0.0,0.0,0.0,0.0,0.0,0.0,746,MES,UPCOM,Công ty Cổ phần Cơ điện Công trình,
2026-10-02,27.1,0.16,0.14,-10.3,-17.9,-23.4,-28.6,6.7,52.6,25.7,-48.5,5.4,-8.3,-21.4,38.0,0.85,746,MFS,UPCOM,Công ty cổ phần Dịch vụ kỹ thuật Mobifone,
2026-10-02,10.0,0.01,0.02,0.0,-16.7,-21.5,-17.8,72.3,16.73,8.9,-40.2,12.4,-2.7,-13.5,70.9,0.46,746,MGC,UPCOM,Công ty cổ phần Địa chất mỏ - TKV,
2026-10-02,24.5,0.0,0.04,-2.0,0.8,-7.5,-6.1,-5.5,28.5,21.5,-14.0,14.0,1.6,-2.6,26.2,0.08,746,MGG,UPCOM,Tổng công ty Đức Giang - Công ty cổ phần,
2026-10-02,4.6,0.0,0.0,-13.2,-43.2,-9.8,-32.4,17.9,9.0,3.5,-48.9,31.4,-20.9,-16.0,105.4,0.0,746,MGR,UPCOM,CTCP Tập đoàn Mgroup,
2026-10-02,26.6,0.03,0.02,2.3,-11.3,-5.0,-6.0,-23.7,32.0,23.0,-16.9,15.7,0.3,-5.3,49.5,1.83,746,MH3,UPCOM,Công ty cổ phần Khu công nghiệp Cao su Bình Long,
2026-10-02,6.95,0.08,0.1,-9.4,-23.2,-19.4,-44.5,6.9,14.572,6.51,-52.3,6.8,-9.1,-24.0,41.1,0.77,746,MHC,HOSE,Công ty Cổ phần MHC,
2026-10-02,3.3,0.0,0.0,0.0,0.0,0.0,0.0,0.0,3.3,3.3,0.0,0.0,-0.0,0.0,0.0,0.0,739,MHL,UPCOM,Công ty Cổ phần Minh Hữu Liên,
2026-10-02,8.0,0.01,0.01,-7.0,-28.6,-32.8,-49.7,-14.5,16.8,7.7,-52.4,3.9,-13.6,-28.4,49.7,0.48,735,MIC,HNX,Công ty Cổ phần Kỹ nghệ khoáng sản Quảng Nam,
2026-10-02,5.5,0.0,0.0,-12.7,-31.2,-31.2,-19.1,-14.1,9.4,4.0,-41.5,37.5,-18.4,-25.4,73.3,1.01,746,MIE,UPCOM,Tổng Công ty Máy và Thiết bị Công nghiệp - CTCP,
2026-10-02,16.15,1.55,1.97,0.9,-2.6,-12.7,1.2,17.3,20.11,14.129,-19.7,14.3,2.0,-3.4,31.4,0.68,746,MIG,HOSE,Tổng Công ty Cổ phần Bảo Hiểm Quân Đội,
2026-10-02,25.3,0.01,0.02,1.2,-11.1,-16.8,-8.9,-8.8,34.633,21.486,-26.9,17.8,-1.4,-7.9,58.4,0.31,746,MKP,UPCOM,Công ty Cổ phần Hóa - Dược phẩm Mekophar,
2026-10-02,12.0,0.01,0.02,-9.1,-42.9,-50.0,26.3,29.0,26.4,9.3,-54.5,29.0,-8.3,-34.8,64.8,0.34,746,MKV,HNX,Công ty Cổ phần Dược thú y Cai Lậy ,
2026-10-02,26.6,0.0,0.0,39.3,39.3,39.3,39.3,85.7,26.6,19.1,0.0,39.3,18.7,33.5,33.5,0.0,746,MLC,UPCOM,Công ty Cổ phần Môi trường Đô thị tỉnh Lào Cai,
2026-10-02,15.0,0.07,0.05,-5.7,-12.3,-27.9,-33.0,7.1,24.9,14.3,-39.8,4.9,-2.6,-19.2,46.1,2.18,746,MLS,UPCOM,Công ty Cổ phần Chăn nuôi - Mitraco,
2026-10-02,26.2,2.83,1.34,-10.9,-11.2,-18.9,-29.9,2.7,44.5,24.2,-41.1,8.3,-5.1,-17.5,32.7,2.71,746,MML,UPCOM,Công ty Cổ phần Masan MEATLife,
2026-10-02,25.0,0.0,0.01,8.7,9.6,-0.1,-1.6,-7.7,27.355,20.215,-8.6,23.7,2.0,3.0,64.9,0.65,746,MNB,UPCOM,Tổng công ty May Nhà Bè - Công ty cổ phần,
2026-10-02,10.0,0.0,0.0,0.0,0.0,13.5,7.8,16.0,10.2,8.809,-2.0,13.5,0.0,3.6,23.2,0.0,746,MND,UPCOM,Công ty Cổ phần Môi trường Nam Định,
2026-10-02,13.6,0.15,0.16,-8.1,-12.8,-13.9,-19.0,-9.8,19.5,13.0,-30.3,4.6,-6.2,-14.3,24.7,0.49,746,MPC,UPCOM,Công ty cổ phần Tập đoàn Thủy sản Minh Phú,
2026-10-02,0.6,0.0,0.01,-25.0,-25.0,0.0,0.0,20.0,0.9,0.5,-33.3,20.0,-18.3,-12.4,73.8,0.1,746,MPT,UPCOM,Công ty Cổ phần tập đoàn MPT,
2026-10-02,14.6,0.0,0.0,0.0,-27.4,55.3,147.5,154.6,20.1,5.9,-27.4,147.5,-8.5,20.4,64.6,0.02,746,MPY,UPCOM,Công ty Cổ phần Môi trường đô thị Phú Yên,
2026-10-02,5.1,0.0,0.0,0.0,0.0,-8.9,-8.9,-38.7,5.6,5.1,-8.9,0.0,0.0,-5.8,9.4,0.0,746,MQB,UPCOM,Công ty Cổ phần Môi trường và Phát triển đô thị Quảng Bình,
2026-10-02,18.0,0.01,0.01,-7.7,0.0,0.0,-1.1,2.7,23.0,16.6,-21.7,8.4,-4.9,-3.9,62.1,0.47,746,MQN,UPCOM,Công ty Cổ phần Môi trường đô thị Quảng Ngãi,
2026-10-02,23.0,0.0,0.32,-11.5,-8.0,9.5,-8.0,17.9,27.0,15.0,-14.8,53.3,-9.2,2.5,70.6,0.02,746,MRF,UPCOM,Công ty cổ phần Merufa,
2026-10-02,14.05,108.43,92.82,5.2,5.4,46.6,26.8,55.0,14.5,9.0,-3.1,56.1,5.2,21.2,26.7,0.77,746,MSB,HOSE,Ngân hàng Thương mại Cổ phần Hàng Hải Việt Nam,
2026-10-02,30.25,2.27,2.94,-1.0,-8.6,-15.7,0.0,21.6,40.156,28.4,-24.7,6.5,-0.6,-9.9,27.7,0.66,746,MSH,HOSE,Công ty cổ phần May Sông Hồng,
2026-10-02,70.7,316.56,300.91,0.7,-1.5,-6.1,-13.3,-7.0,94.0,61.7,-24.8,14.6,4.1,-4.0,28.4,1.03,746,MSN,HOSE,Công ty Cổ phần Tập đoàn Masan,
2026-10-02,60.3,118.41,74.04,30.5,57.5,27.5,160.9,388.7,63.2,20.565,-4.6,193.2,36.9,54.1,61.9,1.56,746,MSR,UPCOM,CÔNG TY CỔ PHẦN MASAN HIGH-TECH MATERIALS,
2026-10-02,9.0,11.04,17.73,-11.8,1.1,0.0,57.9,82.8,10.7,5.0,-15.9,80.0,-9.0,8.3,41.0,0.64,746,MST,HNX,Công ty cổ phần đầu tư MST,
2026-10-02,10.2,0.05,0.04,1.0,-14.1,-22.5,-27.4,129.0,19.204,9.602,-46.9,6.2,-0.7,-18.2,54.8,0.97,746,MTA,UPCOM,Tổng Công ty Khoáng sản và Thương mại Hà Tĩnh - CTCP,
2026-10-02,9.8,0.0,0.0,0.0,0.0,0.0,0.0,0.0,9.8,9.8,0.0,0.0,0.0,0.0,0.0,0.0,746,MTB,UPCOM,CÔNG TY CỔ PHẦN MÔI TRƯỜNG VÀ CÔNG TRÌNH ĐÔ THỊ TỈNH THÁI BÌNH,
2026-10-02,10.0,0.0,0.0,0.0,-2.0,50.9,32.0,56.1,10.2,6.344,-2.0,57.6,-0.2,19.7,33.2,0.0,746,MTG,UPCOM,Công ty Cổ phần MT GAS,
2026-10-02,25.0,0.0,0.0,0.0,0.0,2.3,-6.3,40.7,34.101,19.64,-26.7,27.3,0.0,-0.8,63.6,0.0,746,MTH,UPCOM,Công ty Cổ phần Môi trường Đô thị Hà Đông,
2026-10-02,4.6,0.0,0.0,4.5,-16.4,-17.9,-27.0,-20.7,6.8,4.1,-32.4,12.2,-4.9,-15.1,72.9,0.5,746,MTL,UPCOM,Công ty Cổ phần Dịch vụ Môi trường Đô thị Từ Liêm,
2026-10-02,13.0,0.0,0.0,-1.5,3.2,0.0,12.0,25.6,17.3,11.0,-24.9,18.2,-9.8,-3.7,59.1,0.22,746,MTP,UPCOM,Công ty cổ phần Dược Medipharco,
2026-10-02,9.0,0.0,0.0,4.7,0.0,-4.1,4.1,21.5,10.212,8.0,-11.9,12.5,4.6,1.1,29.4,0.37,746,MTS,UPCOM,Công ty Cổ phần Vật tư - TKV,
2026-10-02,13.8,0.0,0.0,2.2,-4.2,-13.7,-16.4,-16.6,17.5,12.8,-21.1,7.8,0.1,-7.6,31.0,0.17,746,MTV,UPCOM,Công ty Cổ phần Dịch vụ Môi trường và Công trình Đô thị Vũng Tàu,
2026-10-02,12.6,0.01,0.01,-18.7,-25.0,-23.6,-33.7,-29.6,20.8,11.3,-39.4,11.5,-13.8,-22.0,41.7,0.82,746,MVB,HNX,Tổng công ty Công nghiệp mỏ Việt Bắc TKV_CTCP,
2026-10-02,11.7,0.18,0.33,-4.0,-9.0,-23.2,-22.7,56.0,18.088,11.0,-35.3,6.4,-3.4,-15.7,40.0,0.56,746,MVC,UPCOM,Công ty cổ phần Vật liệu và Xây dựng Bình Dương,
2026-10-02,64.4,1.08,1.36,-8.7,7.7,28.8,21.5,78.9,84.2,40.0,-23.5,61.0,5.7,11.0,54.2,1.12,746,MVN,UPCOM,Tổng Công ty Hàng hải Việt Nam – Công ty cổ phần,
2026-10-02,73.2,177.23,249.47,-2.4,-5.8,-6.3,-3.6,11.9,92.956,61.544,-21.3,18.9,1.8,-7.5,34.9,0.57,746,MWG,HOSE,Công ty Cổ phần đầu tư Thế giới di động,
2026-10-02,11.95,6.34,6.55,-7.4,1.9,1.9,-14.6,,19.727,7.636,-39.4,56.5,-1.2,6.9,52.2,1.16,461,MZG,HOSE,CÔNG TY CỔ PHẦN MIZA,
2026-10-02,12.5,19.57,21.33,8.2,-4.6,15.8,1.4,13.3,13.5,10.083,-7.4,24.0,5.3,5.0,21.9,0.9,740,NAB,HOSE,Ngân hàng Thương mại Cổ phần Nam Á,
2026-10-02,1.3,0.0,0.0,0.0,0.0,0.0,0.0,85.7,1.3,1.3,0.0,0.0,0.0,-0.0,0.0,0.0,746,NAC,UPCOM,Công ty Cổ phần Tư vấn Xây dựng Tổng hợp,
2026-10-02,48.0,14.74,18.07,-0.9,-1.2,-2.1,49.4,147.9,53.9,30.728,-10.9,56.2,-0.1,3.6,20.5,0.66,746,NAF,HOSE,Công ty Cổ phần Nafoods Group ,
2026-10-02,6.3,0.65,0.55,-8.7,-8.5,-18.6,-48.3,-30.2,12.929,5.8,-51.3,8.6,-5.5,-13.9,42.2,1.09,746,NAG,HNX,Công ty Cổ phần Tập đoàn Nagakawa,
2026-10-02,11.3,0.03,0.02,7.6,9.7,19.2,-3.9,37.4,12.518,8.63,-9.7,30.9,3.5,7.5,52.9,3.27,746,NAP,HNX,Công ty Cổ phần Cảng Nghệ Tĩnh,
2026-10-02,30.7,0.42,0.15,-8.1,-3.5,-6.7,-14.2,7.7,42.0,26.6,-26.9,15.4,-0.8,-5.8,51.5,4.56,746,NAS,UPCOM,Công ty Cổ phần Dịch vụ hàng không sân bay Việt Nam,
2026-10-02,5.0,0.0,0.0,0.0,-28.6,-52.8,-42.5,-41.3,26.1,5.0,-80.8,0.0,-8.8,-52.4,97.3,0.11,746,NAU,UPCOM,Công ty Cổ phần Môi trường và Công trình Đô thị Nghệ An,
2026-10-02,13.8,0.01,0.01,-12.7,-3.1,-4.9,-18.4,-4.3,16.967,13.0,-18.7,6.2,-3.7,-5.8,32.8,1.81,746,NAV,HOSE,Công ty Cổ phần Nam Việt ,
2026-10-02,7.5,0.0,0.0,-16.7,-11.8,-21.1,-18.5,-5.1,12.7,6.5,-40.9,15.4,-5.4,-18.7,55.1,0.03,746,NAW,UPCOM,Công ty Cổ phần Cấp nước Nghệ An,
2026-10-02,17.0,0.5,0.46,1.8,-3.1,-5.3,-19.4,-23.6,22.8,16.0,-25.4,6.2,-0.9,-4.2,22.9,1.05,746,NBB,HOSE,Công ty Cổ phần đầu tư Năm Bảy Bảy,
2026-10-02,7.8,0.29,0.27,4.0,-0.8,-21.9,-5.3,-18.6,11.47,7.03,-32.0,11.0,3.1,-5.8,35.2,0.79,746,NBC,HNX,Công ty Cổ phần Than Núi Béo - Vinacomin ,
2026-10-02,8.5,0.0,0.01,0.0,-3.4,-18.9,-21.6,-16.7,11.746,7.4,-27.6,14.9,1.2,-10.5,20.6,0.17,746,NBE,UPCOM,Công ty Cổ phần Sách và Thiết bị giáo dục miền Bắc,
2026-10-02,7.2,0.01,0.01,0.0,-7.7,-6.5,-10.0,-41.0,11.8,6.6,-39.0,9.1,-2.2,-6.0,39.5,0.92,746,NBP,HNX,Công ty Cổ phần Nhiệt điện Ninh Bình,
2026-10-02,14.0,0.0,0.0,0.0,-0.7,-12.6,-18.8,-9.1,18.649,12.0,-24.9,16.7,0.7,-8.8,45.3,0.38,746,NBT,UPCOM,Công ty cổ phần cấp thoát nước Bến Tre,
2026-10-02,35.0,0.0,0.0,10.1,10.1,8.1,-3.3,19.3,42.536,28.753,-17.7,21.7,11.1,9.0,55.1,0.43,746,NBW,HNX,Công ty Cổ phần Cấp nước Nhà Bè,
2026-10-02,10.6,0.1,0.06,0.0,-20.3,3.9,-6.2,9.3,15.1,9.0,-29.8,17.8,-4.5,-6.0,59.4,0.68,720,NCG,UPCOM,Công Ty Cổ Phần Đầu Tư Anova Agri,
2026-10-02,31.0,0.12,0.05,-11.4,-20.5,-18.2,-12.2,26.6,40.656,31.0,-23.8,0.0,-12.1,-16.2,53.6,3.62,746,NCS,UPCOM,Công ty cổ phần Suất ăn hàng không Nội Bài,
2026-10-02,83.5,0.87,1.66,-0.1,-4.0,0.5,-5.3,-14.5,95.725,80.414,-12.8,3.8,-0.1,-1.3,15.1,0.57,746,NCT,HOSE,Công ty Cổ phần dịch vụ hàng hóa Nội Bài ,
2026-10-02,31.0,0.04,0.07,-9.9,-4.7,-4.9,-14.2,6.1,36.8,28.6,-15.8,8.4,-6.8,-4.8,37.9,0.96,746,ND2,UPCOM,Công ty Cổ phần Đầu tư và Phát triển điện miền Bắc 2,
2026-10-02,162.8,0.0,0.0,12.3,-15.6,2.0,30.6,-4.1,211.0,98.7,-22.8,64.9,1.5,0.5,76.2,0.27,746,NDC,UPCOM,Công ty Cổ phần Nam dược ,
2026-10-02,0.9,0.0,0.0,0.0,0.0,0.0,0.0,0.0,0.9,0.9,0.0,0.0,0.0,-0.0,0.0,0.0,746,NDF,UPCOM,Công ty Cổ phần Chế biến Thực phẩm Nông sản Xuất khẩu Nam Định,
2026-10-02,7.8,0.85,1.09,-0.6,-22.5,-16.3,-34.0,-3.1,13.108,7.016,-40.5,11.2,-4.5,-17.9,28.7,0.66,746,NDN,HNX,Công ty Cổ phần Đầu tư Phát triển Nhà Đà Nẵng,
2026-10-02,20.0,0.22,0.08,-13.0,-13.0,-11.5,4.6,-18.2,28.143,18.828,-28.9,6.2,-8.0,-12.2,67.7,4.88,746,NDP,UPCOM,Công ty cổ phần Dược phẩm 2/9,
2026-10-02,4.8,0.0,0.01,2.1,4.3,-4.0,-4.0,-20.0,6.0,4.0,-20.0,20.0,3.0,-1.9,71.9,0.27,746,NDT,UPCOM,Tổng Công ty cổ phần Dệt May Nam Định,
2026-10-02,19.4,0.0,0.0,0.0,22.8,39.2,41.1,201.2,19.4,13.747,0.0,41.1,4.1,26.0,18.2,0.0,746,NDW,UPCOM,Công ty Cổ phần Cấp nước Nam Định,
2026-10-02,5.3,0.0,0.0,-1.2,-14.5,-4.5,-6.1,2.3,6.293,5.09,-15.8,4.1,-6.9,-9.0,30.5,0.24,746,NDX,HNX,Công ty Cổ phần Xây lắp Phát triển Nhà Đà Nẵng,
2026-10-02,5.7,0.17,0.16,-1.7,-10.9,-18.6,-17.4,-11.7,7.5,5.3,-24.0,7.5,-0.3,-12.8,20.2,1.14,746,NED,UPCOM,Công ty cổ phần Đầu tư và Phát triển Điện Tây Bắc,
2026-10-02,59.499,0.24,0.17,8.2,0.6,-0.5,-6.0,-18.6,65.359,52.738,-9.0,12.8,8.3,1.3,23.7,1.82,746,NET,HNX,Công ty Cổ phần Bột giặt Net,
2026-10-02,51.5,0.05,0.03,-3.0,-16.4,-10.3,-3.8,192.2,66.708,47.4,-22.8,8.6,-6.5,-10.6,65.8,0.72,746,NFC,HNX,Công ty Cổ phần Phân lân Ninh Bình ,
2026-10-02,1.2,0.0,0.0,0.0,0.0,0.0,-14.3,-33.3,1.4,1.2,-14.3,0.0,-0.0,0.0,15.6,0.0,746,NGC,UPCOM,Công ty Cổ phần Chế biến thủy sản Xuất khẩu Ngô Quyền ,
2026-10-02,7.65,0.92,0.88,-3.9,-18.3,-35.5,-55.6,-57.7,18.844,6.5,-59.4,17.7,-1.2,-30.4,36.0,1.22,746,NHA,HOSE,Tổng Công ty Đầu tư Phát triển Nhà và Đô thị Nam Hà Nội,
2026-10-02,18.6,0.0,0.0,-17.6,-17.6,-11.6,-1.9,-40.8,25.244,17.909,-26.3,3.9,-12.4,-10.4,52.0,3.71,746,NHC,HNX,Công ty Cổ phần gạch ngói Nhị Hiệp ,
2026-10-02,48.0,0.01,0.01,-27.1,-47.9,,,,153.2,46.4,-68.7,3.4,-20.3,,122.5,0.48,83,NHD,UPCOM,Cổ phiếu CTCP Dược phẩm Nam Hà,
2026-10-02,9.58,0.35,0.44,-2.1,-7.4,-4.2,-19.5,-32.0,12.85,9.0,-25.4,6.4,-2.1,-8.3,25.6,0.82,746,NHH,HOSE,Công ty Cổ phần Nhựa Hà Nội,
2026-10-02,10.9,0.02,0.05,-6.0,-8.0,6.9,26.8,18.4,14.532,7.958,-25.0,37.0,-4.8,3.7,36.8,0.09,746,NHT,HOSE,Công ty Cổ phần Sản xuất và Thương mại Nam Hoa,
2026-10-02,0.6,0.0,0.0,0.0,0.0,0.0,0.0,-25.0,0.6,0.6,0.0,0.0,-0.0,0.0,0.0,0.0,746,NHV,UPCOM,Công ty Cổ phần Sức khoẻ Hồi sinh Việt Nam,
2026-10-02,11.3,0.0,0.0,14.3,-13.5,-7.9,-9.9,-13.6,15.714,9.799,-28.1,15.3,5.6,-4.4,75.5,0.0,746,NJC,UPCOM,Công ty Cổ phần May Nam Định,
2026-10-02,9.2,15.65,17.56,-16.0,-23.3,-25.6,-40.8,-41.2,16.546,9.12,-44.4,0.9,-12.6,-25.4,31.0,0.74,746,NKG,HOSE,Công ty Cổ phần Thép Nam Kim,
2026-10-02,21.9,43.0,47.95,-9.9,-15.1,-20.6,-37.5,-39.8,39.391,19.15,-44.4,14.4,-5.0,-17.1,39.4,0.89,746,NLG,HOSE,Công ty Cổ phần Đầu tư Nam Long,
2026-10-02,5.5,0.0,0.0,0.0,0.0,0.0,38.8,94.3,5.5,3.963,0.0,38.8,0.0,3.0,33.1,0.0,746,NLS,UPCOM,Công ty cổ phần Cấp thoát nước Lạng Sơn,
2026-10-02,38.65,1.02,1.42,-5.6,-11.2,-20.8,-23.4,82.4,76.023,36.0,-49.2,7.4,-1.6,-19.0,35.3,0.72,746,NNC,HOSE,Công ty Cổ phần Đá Núi Nhỏ,
2026-10-02,56.4,0.04,0.02,-7.5,1.6,-4.6,-6.9,19.7,68.774,47.6,-18.0,18.5,-4.8,-2.7,50.2,1.99,746,NNT,UPCOM,Công ty Cổ phần Cấp nước Ninh Thuận,
2026-10-02,3.64,0.06,0.06,-23.5,-25.7,-34.0,-46.8,-50.6,7.132,3.49,-49.0,4.3,-18.7,-31.4,29.3,0.8,746,NO1,HOSE,Công ty Cổ phần tập đoàn 911,
2026-10-02,0.5,0.0,0.0,-28.6,-44.4,-44.4,-28.6,-44.4,1.2,0.5,-58.3,0.0,-34.6,-44.8,66.8,1.28,746,NOS,UPCOM,Công ty cổ phần Vận tải biển và Thương mại Phương Đông,
2026-10-02,7.6,0.0,0.0,0.0,-20.8,-20.8,5.3,5.3,9.595,7.22,-20.8,5.3,-2.1,-16.8,37.2,0.0,746,NQB,UPCOM,Công ty cổ phần Cấp nước Quảng Bình,
2026-10-02,10.5,0.02,0.01,0.0,-1.0,-19.4,-22.2,-19.4,14.083,9.5,-25.4,10.5,-0.3,-8.2,47.7,3.07,746,NQN,UPCOM,Công ty Cổ phần Nước sạch Quảng Ninh,
2026-10-02,4.6,2.84,6.29,-6.1,-34.3,-19.3,-34.3,48.4,7.7,4.4,-40.3,4.5,-3.2,-19.5,37.0,0.51,746,NRC,HNX,Công Ty Cổ Phần Tập Đoàn Bất Động Sản Quốc Gia,
2026-10-02,63.3,0.06,0.09,-5.7,-10.7,-11.2,-16.3,-10.6,78.546,60.3,-19.4,5.0,-3.7,-10.5,22.3,1.12,746,NSC,HOSE,Công ty Cổ phần Giống cây trồng Trung Ương ,
2026-10-02,13.0,0.0,0.0,0.0,0.0,0.0,0.0,35.4,13.0,13.0,0.0,0.0,0.0,0.0,0.0,0.0,746,NSG,UPCOM,Công ty Cổ phần Nhựa Sài Gòn,
2026-10-02,3.9,0.09,0.09,-7.1,-15.2,-29.1,-13.3,-25.0,6.2,3.8,-37.1,2.6,-6.1,-16.5,42.5,0.27,746,NSH,HNX,Công ty Cổ phần Tập đoàn Nhôm Sông Hồng Shalumi,
2026-10-02,15.5,0.01,0.01,-3.1,48.8,-10.7,-10.7,20.0,19.969,10.419,-22.4,48.8,-2.4,-9.3,69.0,1.25,746,NSL,UPCOM,Công ty Cổ phần cấp nước Sơn La,
2026-10-02,3.7,0.0,0.0,0.0,0.0,0.0,0.0,54.2,3.7,3.7,0.0,0.0,0.0,-0.0,0.0,0.0,746,NSS,UPCOM,Công ty cổ phần Nông Súc Sản Đồng Nai,
2026-10-02,11.2,0.05,0.02,2.5,2.5,3.3,0.8,21.2,12.544,10.214,-10.7,9.7,1.6,1.6,34.1,1.91,746,NST,HNX,Công ty Cổ phần Ngân Sơn ,
2026-10-02,22.3,11.85,11.57,6.4,-1.5,-14.2,-2.4,21.0,29.45,20.2,-24.3,10.4,5.8,-6.2,29.5,0.92,746,NT2,HOSE,Công ty Cổ phần Điện lực Dầu khí Nhơn Trạch 2 ,
2026-10-02,133.4,1.21,1.13,4.2,0.1,-6.1,-18.7,-22.5,167.3,125.6,-20.3,6.2,3.5,-5.5,14.3,1.24,738,NTC,HOSE,Công ty cổ phần Khu Công nghiệp Nam Tân Uyên,
2026-10-02,12.0,0.0,0.0,11.1,0.0,-34.8,-24.5,-13.6,20.9,7.4,-42.6,62.2,0.5,-2.8,79.9,0.12,746,NTF,UPCOM,Công ty cổ phần Dược - Vật tư Y tế Nghệ An,
2026-10-02,52.0,0.04,0.61,3.0,-1.0,-3.7,3.6,1.5,57.674,48.61,-9.8,7.0,-0.2,-3.0,23.7,0.12,746,NTH,HNX,Công ty cổ phần Thủy điện Nước trong,
2026-10-02,11.4,7.77,6.13,-8.8,-25.0,-28.7,-33.9,-43.7,20.264,11.2,-43.7,1.8,-11.8,-26.5,30.7,1.58,746,NTL,HOSE,Công ty Cổ phần Phát triển đô thị Từ Liêm,
2026-10-02,51.3,11.72,8.1,2.4,1.4,13.1,2.2,35.7,65.684,41.378,-21.9,24.0,1.0,2.4,29.4,1.67,746,NTP,HNX,Công ty Cổ phần Nhựa Thiếu niên Tiền Phong ,
2026-10-02,10.4,0.0,0.0,10.6,4.0,5.1,4.0,33.3,10.9,8.1,-4.6,28.4,10.5,10.6,51.0,0.04,746,NTT,UPCOM,Công ty cổ phần Dệt - May Nha Trang,
2026-10-02,16.0,0.0,0.01,7.4,-26.3,-15.2,-15.2,1.9,23.595,14.9,-32.2,7.4,-2.4,-15.0,51.4,0.51,746,NTW,UPCOM,Công ty Cổ phần Cấp nước Nhơn Trạch,
2026-10-02,10.0,0.0,0.0,-2.9,3.9,3.9,2.0,28.5,12.583,8.419,-20.5,18.8,-1.1,2.3,46.1,0.54,746,NUE,UPCOM,Công ty cổ phần Môi trường Đô thị Nha Trang,
2026-10-02,15.0,14.91,9.68,20.0,2.0,40.2,2.7,64.8,16.6,10.1,-9.6,48.5,24.1,23.1,36.4,1.83,746,NVB,HNX,Ngân hàng Thương mại Cổ phần Quốc Dân ,
2026-10-02,10.45,228.01,200.08,-19.3,-14.4,-20.9,-27.0,2.4,19.392,9.234,-46.1,13.2,-17.3,-19.1,48.1,1.04,746,NVL,HOSE,Công ty cổ phần Tập đoàn Đầu tư Địa ốc No Va,
2026-10-02,10.3,0.01,0.0,-63.1,-79.8,-70.9,38.4,56.6,74.125,7.442,-86.1,38.4,-59.0,-74.9,115.5,4.61,746,NVP,UPCOM,Công ty cổ phần Nước sạch Vĩnh Phúc,
2026-10-02,6.75,0.01,0.0,-7.4,-8.0,-15.5,-13.5,-15.6,8.5,6.45,-20.6,4.7,-6.3,-10.1,39.8,0.88,746,NVT,HOSE,Công ty Cổ phần Bất động sản Du lịch Ninh Vân Bay,
2026-10-02,3.1,0.0,0.0,0.0,-39.7,-39.7,-39.7,-37.0,5.14,3.1,-39.7,0.0,-16.5,-35.2,51.1,0.0,746,NWT,UPCOM,Công ty Cổ phần Vận tải Newway,
2026-10-02,3.2,0.0,0.0,-3.0,-28.9,-13.5,-27.3,-30.4,5.7,2.9,-43.9,10.3,-13.1,-20.5,123.5,0.28,746,NXT,UPCOM,Công ty Cổ phần Viejoy Holdings,
2026-10-02,10.1,16.43,24.45,-8.2,-12.2,5.6,-10.0,10.7,11.957,9.044,-15.5,11.7,-3.6,-1.8,26.2,0.54,746,OCB,HOSE,Ngân hàng Thương mại Cổ phần Phương Đông,
2026-10-02,6.4,0.25,0.28,-5.9,-13.5,14.3,4.9,12.3,10.4,5.2,-38.5,23.1,-0.8,0.6,48.4,0.38,746,OCH,HNX,Công ty Cổ phần One Capital Hospitality,
2026-10-02,45.4,0.94,0.84,-2.2,-2.4,1.6,-0.2,2.5,47.2,43.8,-3.8,3.7,-1.7,-1.3,7.6,1.16,746,ODE,UPCOM,Công ty cổ phần Tập đoàn Truyền thông và Giải trí ODE,
2026-10-02,2.03,0.31,0.5,-7.3,-28.8,-31.2,-52.2,-51.9,4.45,1.98,-54.4,2.5,-5.6,-31.2,37.9,0.38,746,OGC,HOSE,Công ty Cổ phần Tập đoàn Đại Dương ,
2026-10-02,13.3,42.03,28.37,-0.8,3.0,-10.6,21.6,5.5,25.724,9.856,-48.3,34.9,-1.2,-7.0,51.6,1.28,746,OIL,UPCOM,Tổng Công ty Dầu Việt Nam – Công ty cổ phần,
2026-10-02,9.5,0.01,0.01,5.6,-17.4,-9.5,75.9,75.9,13.2,5.2,-28.0,82.7,-5.6,-5.3,71.2,0.53,746,ONE,HNX,Công ty Cổ phần Công nghệ ONE,
2026-10-02,6.0,0.0,0.0,0.0,0.0,20.0,3.4,81.8,7.0,3.5,-14.3,71.4,0.0,18.5,69.6,0.0,746,ONW,UPCOM,Công ty Cổ phần Tập đoàn ONW,
2026-10-02,20.0,0.07,0.07,-3.8,3.1,9.9,6.8,2.7,22.6,17.412,-11.5,14.9,-3.3,3.0,30.0,1.1,746,OPC,HOSE,Công ty Cổ phần Dược phẩm OPC ,
2026-10-02,13.35,28.13,51.48,-3.6,-8.9,1.1,-2.2,-8.6,16.3,11.9,-18.1,12.2,-2.2,-1.0,37.1,0.6,746,ORS,HOSE,Công ty Cổ phần Chứng khoán Tiên Phong,
2026-10-02,14.1,1.56,2.09,-6.6,-23.8,-38.0,-37.7,-43.4,25.728,13.6,-45.2,3.7,-6.0,-26.9,35.5,0.52,746,PAC,HOSE,Công ty Cổ phần Pin Ắc quy miền Nam,
2026-10-02,12.1,0.0,0.0,-14.8,-2.4,-11.0,11.8,20.0,14.6,10.3,-17.1,17.5,-7.9,-6.4,47.9,1.94,746,PAI,UPCOM,"Công ty Cổ phần Công nghệ Thông tin, Viễn thông và Tự động hóa Dầu Khí",
2026-10-02,18.7,8.8,8.13,-4.3,-18.0,-21.5,-22.3,7.3,26.619,17.8,-29.7,5.1,-4.5,-15.7,27.7,0.77,746,PAN,HOSE,Công ty Cổ phần Tập đoàn PAN,
2026-10-02,30.0,0.02,0.02,9.9,11.5,15.4,13.2,19.0,32.2,21.7,-6.8,38.2,6.7,12.5,62.6,0.96,746,PAP,UPCOM,Công ty Cổ phần Dầu khí Đầu tư Khai thác Cảng Phước An,
2026-10-02,2.0,0.06,0.41,-9.1,-20.0,-25.9,-53.5,-44.4,4.3,2.0,-53.5,0.0,-10.9,-24.0,48.5,0.25,746,PAS,UPCOM,CÔNG TY CỔ PHẦN QUỐC TẾ PHƯƠNG ANH,
2026-10-02,78.5,1.36,1.1,22.6,28.2,15.4,-13.0,15.4,98.777,56.534,-20.5,38.9,18.9,13.3,36.3,1.21,746,PAT,UPCOM,Công ty cổ phần Phốt pho Apatit Việt Nam,
2026-10-02,5.1,0.04,0.04,-3.8,-8.9,-12.1,-19.0,-25.0,7.0,5.0,-27.1,2.0,-3.3,-11.6,34.2,0.64,746,PBC,UPCOM,Công ty cổ phần Dược phẩm Trung Ương I - Pharbaco,
2026-10-02,9.9,0.01,0.01,-5.4,-7.1,-11.6,-11.1,-12.3,12.396,9.366,-20.1,5.7,-4.3,-10.7,29.5,0.73,746,PBP,HNX,Công ty Cổ phần Bao bì Dầu khí Việt Nam,
2026-10-02,11.9,0.0,0.0,13.5,16.7,-7.3,-52.5,38.5,32.865,9.444,-63.8,26.0,-0.0,-8.6,93.7,0.01,746,PBT,UPCOM,CTCP Bao bì và Thương mại Dầu khí Bình Sơn,
2026-10-02,19.25,32.72,36.49,-7.0,-12.5,-27.9,-10.7,-10.5,32.2,16.65,-40.2,15.6,-6.7,-14.9,44.0,0.35,746,PC1,HOSE,Công ty Cổ phần Tập đoàn PC1,
2026-10-02,8.4,2.7,3.42,-7.7,,,,,14.0,8.0,-40.0,5.0,,,40.5,0.86,35,PCB,UPCOM,Ngân hàng Thương mại Cổ phần Đại Chúng Việt Nam,
2026-10-02,22.7,0.01,0.01,-2.2,-9.9,-35.3,-1.6,-0.6,40.3,20.4,-43.7,11.3,-3.6,-21.9,70.9,1.34,746,PCC,UPCOM,Công ty cổ phần Tập đoàn Xây lắp 1 - Petrolimex,
2026-10-02,17.8,0.01,0.03,-3.3,-2.3,-2.3,-4.7,17.9,19.887,16.449,-10.5,8.2,-0.7,-1.3,22.5,0.57,746,PCE,HNX,Công ty Cổ phần Phân bón và Hóa chất Dầu khí Miền Trung,
2026-10-02,2.4,0.0,0.0,-4.0,-20.0,-44.2,-59.3,-50.0,6.1,2.4,-60.7,0.0,-10.6,-39.1,64.1,0.11,746,PCF,UPCOM,Công ty Cổ phần Cà Phê PETEC,
2026-10-02,4.2,0.02,0.01,35.5,44.8,50.0,121.1,-40.0,4.2,1.7,0.0,147.1,29.7,48.6,68.7,3.3,737,PCG,UPCOM,Công ty Cổ phần Đầu tư Phát triển Gas Đô thị,
2026-10-02,18.1,1.91,1.73,-1.1,5.0,-4.3,-3.9,69.1,21.265,16.5,-14.9,9.7,-0.6,-3.4,20.1,1.07,746,PCH,HNX,Công Ty Cổ Phần Picomat Holding,
2026-10-02,12.5,0.0,0.01,4.2,-21.9,7.8,0.8,7.8,18.8,6.6,-33.5,89.4,-4.7,-14.3,103.8,0.35,746,PCM,UPCOM,Công ty Cổ phần Vật liệu xây dựng Bưu Điện,
2026-10-02,10.7,0.01,0.01,-0.9,1.9,2.9,1.9,-10.8,11.0,7.9,-2.7,35.4,4.2,5.5,45.9,1.07,746,PCT,HNX,Công ty cổ phần vận tải biển Global Pacific,
2026-10-02,23.3,0.59,0.41,7.3,24.0,25.3,45.1,263.2,25.271,14.225,-7.8,63.8,6.6,16.4,44.6,1.39,746,PDB,HNX,Công ty cố phần tập đoàn đầu tư DIN Capital,
2026-10-02,6.3,0.0,0.0,0.0,37.0,31.2,3.3,23.5,6.6,4.2,-4.5,50.0,10.5,24.0,64.3,0.0,746,PDC,UPCOM,Công ty Cổ phần Du lịch Dầu khí Phương Đông,
2026-10-02,82.7,0.17,0.63,-5.5,-16.7,-21.1,-7.3,20.6,115.153,82.3,-28.2,0.5,-6.7,-17.5,25.0,0.43,746,PDN,HOSE,Công ty Cổ phần Cảng Đồng Nai ,
2026-10-02,11.2,44.73,71.78,-9.7,-23.0,-29.6,-51.1,-42.9,27.0,10.4,-58.5,7.7,-5.5,-26.8,37.0,0.52,746,PDR,HOSE,Công ty Cổ phần Phát triển Bất động sản Phát Đạt ,
2026-10-02,8.34,0.27,0.19,7.7,-1.2,-3.4,-15.6,-27.8,10.781,7.467,-22.6,11.7,6.0,-3.5,22.0,1.29,737,PDV,HOSE,Công ty Cổ phần vận tải và tiếp vận Phương Đông Việt,
2026-10-02,3.7,0.01,0.0,5.7,5.7,-2.6,0.0,-46.4,5.5,3.0,-32.7,23.3,-1.5,-5.5,107.9,1.47,746,PEG,UPCOM,Tổng Công ty Thương mại Kỹ thuật và Đầu tư - Công ty cổ phần,
2026-10-02,9.5,0.0,0.0,-9.5,-9.5,-6.9,-12.0,26.7,11.2,7.1,-15.2,33.8,-9.2,-3.6,33.9,0.45,746,PEN,HNX,Công ty Cổ phần Xây lắp III Petrolimex,
2026-10-02,41.5,0.0,0.01,-1.4,-9.8,-6.1,9.1,15.3,62.42,32.938,-33.5,26.0,-1.2,-4.4,76.7,0.11,746,PEQ,UPCOM,Công ty Cổ phần Thiết bị xăng dầu Petrolimex,
2026-10-02,49.8,37.08,22.74,28.0,34.0,45.6,140.7,180.3,57.4,19.026,-13.2,161.7,23.7,53.5,51.8,1.1,746,PET,HOSE,Tổng Công Ty Cổ Phần Dịch Vụ Tổng Hợp Dầu Khí,
2026-10-02,1.5,0.04,0.05,-6.2,-25.0,-34.8,-42.3,-31.8,3.1,1.5,-51.6,0.0,-5.2,-29.8,61.6,0.58,746,PFL,UPCOM,Công ty Cổ phần Dầu khí Đông Đô,
2026-10-02,9.6,0.18,0.23,-1.0,-11.9,-13.8,-14.4,-17.4,14.011,9.3,-31.5,3.2,-0.7,-10.3,28.4,0.58,746,PGB,UPCOM,NGÂN HÀNG THƯƠNG MẠI CỔ PHẦN THỊNH VƯỢNG VÀ PHÁT TRIỂN,
2026-10-02,14.75,1.27,0.76,4.6,19.0,16.6,17.9,20.7,17.347,11.641,-15.0,26.7,10.1,14.5,29.7,1.99,746,PGC,HOSE,Tổng Công ty Gas Petrolimex - CTCP,
2026-10-02,21.2,0.02,0.08,-1.2,-2.7,-5.6,-10.2,-26.2,27.339,19.85,-22.5,6.8,-1.3,-4.8,33.0,0.22,746,PGD,HOSE,Công ty Cổ phần Phân phối khí Thấp áp Dầu khí Việt Nam,
2026-10-02,19.85,0.02,0.13,-14.8,12.5,7.5,4.8,-5.0,24.7,16.45,-19.6,20.7,-9.8,3.6,32.3,0.18,746,PGI,HOSE,Tổng Công ty Cổ phần Bảo hiểm Petrolimex ,
2026-10-02,5.8,0.03,0.08,-7.9,-9.4,-9.4,-3.3,-22.7,8.2,4.9,-29.3,18.4,0.9,-9.6,62.7,0.27,746,PGN,HNX,Công ty cổ phần Phụ Gia Nhựa,
2026-10-02,79.9,0.05,0.06,26.8,59.8,57.4,84.7,162.1,90.0,37.499,-11.2,113.1,18.0,46.1,58.6,0.38,746,PGS,HNX,Công ty cổ phần kinh doanh khí miền nam,
2026-10-02,6.1,0.01,0.01,-4.7,-10.3,-4.7,-31.5,103.3,9.1,4.5,-33.0,35.6,-4.5,-9.3,63.3,2.25,746,PGT,HNX,Công ty cổ phần PGT Holdings,
2026-10-02,21.5,0.1,0.15,-1.8,7.9,3.3,15.9,13.4,25.24,16.827,-14.8,27.8,-0.2,3.2,27.7,0.54,746,PGV,HOSE,Tổng Công ty Phát điện 3 - Công ty cổ phần,
2026-10-02,3.6,0.12,0.13,1.6,-11.2,-11.0,-27.9,-25.3,5.26,3.348,-31.6,7.5,-0.0,-11.6,25.0,1.22,746,PHC,HOSE,Công ty Cổ phần Xây dựng Phục Hưng Holdings,
2026-10-02,3.9,0.0,0.0,0.0,-15.2,-15.2,-37.1,-53.6,6.9,3.9,-43.5,0.0,-2.1,-15.6,31.6,0.0,746,PHH,UPCOM,Công ty Cổ phần Hồng Hà Việt Nam ,
2026-10-02,50.0,0.01,0.01,-9.1,-10.4,-16.6,-21.5,-19.6,72.696,48.528,-31.2,3.0,-10.6,-15.8,60.4,1.14,746,PHN,HNX,Công ty cổ phần Pin Hà Nội,
2026-10-02,46.7,9.69,9.17,-0.6,21.0,45.2,39.3,85.5,49.4,28.049,-5.5,66.5,8.2,26.3,38.4,1.34,746,PHP,UPCOM,Công ty Cổ phần Cảng Hải Phòng,
2026-10-02,33.2,17.1,13.02,-0.9,-4.1,-2.6,9.2,9.9,40.54,26.402,-18.1,25.7,3.1,-0.8,37.0,1.26,746,PHR,HOSE,Công ty Cổ phần Cao su Phước Hòa ,
2026-10-02,10.1,0.01,0.0,-1.9,5.2,-12.7,-7.3,4.8,14.688,8.462,-31.2,19.4,2.7,-0.7,74.1,0.55,746,PHS,UPCOM,Công ty Cổ phần Chứng khoán Phú Hưng,
2026-10-02,29.3,0.45,0.15,22.1,22.1,11.8,1.0,13.3,32.1,23.0,-8.7,27.4,12.8,14.4,36.7,5.84,746,PIA,HNX,Công ty cổ phần Tin học Viễn thông Petrolimex,
2026-10-02,14.3,0.02,0.01,2.1,-2.0,-10.0,-8.9,-33.3,17.653,12.7,-19.0,12.6,3.4,-4.3,41.6,0.99,746,PIC,HNX,Công ty Cổ phần Đầu tư Điện lực 3,
2026-10-02,2.8,0.0,0.0,0.0,0.0,0.0,0.0,0.0,2.8,2.8,0.0,0.0,-0.0,0.0,0.0,0.0,746,PID,UPCOM,Công ty Cổ phần Trang trí nội thất Dầu khí ,
2026-10-02,10.5,0.0,0.0,-1.7,5.5,-4.2,-5.0,31.1,15.247,7.669,-31.1,36.9,5.0,5.7,86.5,0.72,746,PIS,UPCOM,Tổng công ty PISICO Bình Định - CTCP,
2026-10-02,7.26,2.09,0.72,-15.3,-5.7,-9.8,14.3,31.5,11.9,5.93,-39.0,22.4,-13.9,-5.4,57.5,5.38,746,PIT,HOSE,Công ty Cổ phần Xuất nhập khẩu Petrolimex,
2026-10-02,6.0,0.51,0.59,-7.7,-7.7,-7.7,140.0,81.8,9.6,2.4,-37.5,150.0,-7.4,-11.5,60.5,0.4,746,PIV,UPCOM,Công ty Cổ phần PIV,
2026-10-02,33.0,0.03,0.03,4.1,10.0,11.5,36.4,41.3,42.5,21.901,-22.4,50.7,-4.2,10.6,70.5,1.58,746,PJC,HNX,Công ty Cổ phần Thương mại và Vận tải Petrolimex Hà Nội,
2026-10-02,25.2,0.0,0.0,-9.1,6.6,40.1,-39.2,19.0,41.424,17.989,-39.2,40.1,-3.3,5.9,99.4,1.86,746,PJS,UPCOM,Công ty Cổ phần cấp nước Phú Hòa Tân,
2026-10-02,8.71,0.0,0.05,-5.8,-0.5,4.0,5.0,-2.0,10.212,7.548,-14.7,15.4,-1.4,0.2,48.9,0.05,746,PJT,HOSE,Công ty Cổ phần Vận tải Xăng dầu Đường Thủy Petrolimex,
2026-10-02,3.9,0.0,0.0,-2.5,-36.1,-37.1,-7.1,-11.4,8.0,3.4,-51.2,14.7,-18.7,-24.0,94.3,0.1,746,PLA,UPCOM,Công ty cổ phần Đầu tư và Dịch vụ Hạ tầng Xăng Dầu,
2026-10-02,18.4,1.94,2.26,-8.5,-12.8,-19.7,-35.9,-23.8,40.0,17.0,-54.0,8.2,-5.2,-21.8,48.0,0.59,746,PLC,HNX,Tổng Công ty Hóa dầu Petrolimex - CTCP,
2026-10-02,61.5,0.0,0.0,0.0,0.0,0.0,19.0,379.7,61.5,44.28,0.0,38.9,0.0,0.0,36.9,0.0,746,PLE,UPCOM,Công ty Cổ phần Tư vấn Xây Dựng Petrolimex,
2026-10-02,4.1,0.0,0.0,13.9,0.0,7.9,2.5,13.9,4.6,3.1,-10.9,32.3,8.4,11.3,72.0,0.07,746,PLO,UPCOM,Công ty Cổ phần Kho vận Petec,
2026-10-02,3.49,0.8,0.41,-20.1,-18.3,-33.4,-37.3,-27.3,8.6,3.49,-59.4,0.0,-15.4,-27.0,41.9,2.34,746,PLP,HOSE,Công ty cổ phần Sản xuất và Công nghệ Nhựa Pha Lê,
2026-10-02,35.8,191.92,136.04,-1.2,1.5,-7.8,9.1,-14.7,67.964,30.796,-47.3,16.2,0.7,-11.3,47.5,1.4,746,PLX,HOSE,Tập đoàn Xăng dầu Việt Nam,
2026-10-02,9.6,0.01,0.02,-1.2,-2.1,-2.1,-1.2,17.2,10.718,8.811,-10.4,9.0,-0.3,-1.1,21.5,0.37,746,PMB,HNX,Công ty Cổ phần Phân bón và Hóa chất Dầu khí miền Bắc ,
2026-10-02,124.9,0.19,0.12,6.8,-2.4,-11.3,21.7,70.5,184.023,105.525,-32.1,18.4,1.3,-7.6,60.2,2.04,746,PMC,HNX,Công ty Cổ phần Dược phẩm dược liệu Pharmedic ,
2026-10-02,5.52,0.01,0.01,-12.4,-15.2,-20.0,-36.8,-28.1,12.5,5.4,-55.8,2.2,-9.8,-21.2,55.6,0.87,746,PMG,HOSE,Công ty Cổ phần Đầu tư và Sản xuất Petro Miền Trung,
2026-10-02,16.2,0.0,0.0,-18.6,-2.4,9.5,-18.4,-4.4,19.9,12.8,-18.6,26.6,-10.1,-5.2,54.6,1.89,746,PMJ,UPCOM,Công ty Cổ phần vật tư Bưu điện,
2026-10-02,12.0,0.0,0.0,0.8,9.2,4.9,-1.4,8.9,12.816,10.527,-6.4,14.0,4.9,3.6,32.5,0.28,746,PMP,HNX,Công ty Cổ phần Bao bì Đạm Phú Mỹ,
2026-10-02,33.2,0.02,0.02,-3.8,-5.4,-1.1,4.0,22.1,41.5,29.474,-20.0,12.6,-2.3,-1.3,38.0,0.5,746,PMS,HNX,Công ty Cổ phần Cơ khí Xăng dầu,
2026-10-02,8.5,0.0,0.0,37.1,37.1,31.1,29.3,37.1,8.5,6.106,0.0,39.2,26.8,31.1,32.5,0.78,746,PMT,UPCOM,Công ty cổ phần Viễn thông Telvina Việt Nam,
2026-10-02,32.0,0.03,0.02,-8.6,-13.5,-11.4,-8.9,-11.2,39.301,31.5,-18.6,1.6,-8.1,-9.8,31.9,2.95,746,PMW,UPCOM,Công ty cổ phần Cấp nước Phú Mỹ,
2026-10-02,21.95,0.0,0.0,-13.8,-24.3,-19.8,-18.5,89.8,31.436,17.138,-30.2,28.1,-16.1,-17.3,49.5,0.94,746,PNC,HOSE,Công ty Cổ phần văn hoá Phương Nam ,
2026-10-02,7.5,0.0,0.0,7.1,31.6,0.0,19.0,11.9,10.6,4.2,-29.2,78.6,7.0,10.6,97.9,0.04,746,PND,UPCOM,Công ty cổ phần Xăng dầu Dầu khí Nam Định,
2026-10-02,40.8,0.0,0.0,-0.5,13.3,9.3,56.0,177.2,43.716,15.784,-6.7,158.5,-0.4,16.2,115.5,0.5,746,PNG,UPCOM,Công ty cổ phần thương mại Phú Nhuận,
2026-10-02,23.05,214.41,290.21,-45.2,-60.7,-68.2,-58.0,-63.6,84.671,23.05,-72.8,0.0,-35.1,-61.6,50.1,1.61,746,PNJ,HOSE,Công ty Cổ phần Vàng bạc đá quý Phú Nhuận,
2026-10-02,19.8,0.0,0.0,9.1,7.4,4.8,-2.8,3.8,21.105,16.681,-6.2,18.7,9.7,6.3,39.5,1.3,746,PNP,UPCOM,Công ty Cổ phần Tân Cảng - Phú Hữu,
2026-10-02,6.4,0.01,0.0,6.7,-28.1,-20.0,-15.8,45.1,10.9,6.0,-41.3,6.7,-7.4,-23.1,71.8,2.0,746,PNT,UPCOM,Công ty Cổ phần Kỹ thuật Xây dựng Phú Nhuận,
2026-10-02,50.0,0.0,0.01,8.7,42.9,-1.6,-1.6,-0.8,50.8,30.5,-1.6,63.9,8.3,5.3,57.6,0.14,746,POB,UPCOM,Công Ty Cổ Phần Xăng Dầu Dầu Khí Hưng Yên,
2026-10-02,3.1,0.95,1.9,-11.4,-20.5,-22.5,72.2,3.3,9.0,1.7,-65.6,82.4,-5.4,-30.2,71.4,0.42,737,POM,UPCOM,Công ty Cổ phần Thép Pomina,
2026-10-02,14.9,0.09,0.09,-0.7,5.7,-3.9,-5.7,-15.4,23.4,13.5,-36.3,10.4,3.3,-3.2,37.8,0.46,746,POS,UPCOM,Công ty Cổ phần Vận hành và Xây lắp PTSC,
2026-10-02,20.0,0.01,0.02,-4.8,-7.8,2.9,-3.0,13.8,27.196,17.672,-26.5,13.2,-2.9,-2.7,57.4,0.57,746,POT,HNX,Công ty Cổ phần Thiết bị Bưu Điện,
2026-10-02,7.3,0.05,0.03,2.8,5.8,-7.5,-3.9,-6.1,13.468,5.8,-45.8,25.9,1.4,-2.0,52.6,1.45,746,POV,UPCOM,Công ty Cổ phần Xăng dầu Dầu khí Vũng Áng,
2026-10-02,12.7,74.24,92.15,-3.1,-14.8,0.4,8.2,16.9,16.85,10.662,-24.6,19.1,-3.3,-6.0,33.5,0.63,746,POW,HOSE,Tổng Công ty Điện lực Dầu khí Việt Nam – Công ty cổ phần,
2026-10-02,8.61,0.59,0.98,-3.5,-9.2,-16.0,-15.6,-22.9,11.4,8.5,-24.5,1.3,-2.8,-11.0,16.3,0.45,746,PPC,HOSE,Công ty Cổ phần Nhiệt điện Phả Lại ,
2026-10-02,20.7,0.0,0.0,18.3,65.6,81.6,61.7,88.2,20.8,11.3,-0.5,83.2,19.7,54.0,31.5,2.19,746,PPE,HNX,Công ty Cổ phần Tư vấn đầu tư PP Enterprise,
2026-10-02,25.7,0.25,0.37,-0.8,2.6,3.7,5.3,6.2,27.36,23.615,-6.1,8.8,0.4,0.6,15.7,0.64,746,PPH,UPCOM,Tổng Công ty Cổ phần Phong Phú,
2026-10-02,0.4,0.0,0.0,0.0,0.0,0.0,0.0,0.0,0.4,0.4,0.0,0.0,0.0,0.0,0.0,0.0,746,PPI,UPCOM,CÔNG TY CỔ PHẦN ĐẦU TƯ VÀ PHÁT TRIỂN DỰ ÁN HẠ TẦNG THÁI BÌNH DƯƠNG,
2026-10-02,18.2,0.0,0.01,-1.6,1.1,0.6,3.9,32.4,21.038,16.404,-13.5,10.9,-0.7,-0.2,43.9,0.1,746,PPP,HNX,Công ty Cổ phần Dược phẩm Phong Phú,
2026-10-02,10.0,0.01,0.01,0.0,-4.8,-2.0,-7.3,-4.9,11.6,9.3,-13.8,7.5,-2.4,-3.2,32.1,0.71,746,PPS,HNX,Công ty Cổ phần Dịch vụ kỹ thuật Điện lực Dầu khí Việt Nam ,
2026-10-02,15.2,3.14,3.36,0.0,-0.7,-0.7,13.4,36.8,16.1,13.2,-5.6,15.2,0.0,-0.9,10.5,0.96,746,PPT,HNX,CTCP Petro Times,
2026-10-02,7.0,0.04,0.05,0.0,17.4,20.1,16.1,25.3,7.5,5.494,-6.7,27.4,0.1,10.6,37.9,1.36,746,PPY,HNX,Công ty Cổ phần Xăng dầu Dầu khí Phú Yên,
2026-10-02,4.0,0.0,0.0,0.0,0.0,0.0,0.0,0.0,4.0,4.0,0.0,0.0,0.0,0.0,0.0,0.0,746,PQN,UPCOM,Công ty Cổ phần Dịch vụ Dầu khí Quảng Ngãi PTSC,
2026-10-02,9.0,0.01,0.01,-8.2,-16.7,-23.7,-39.9,44.6,16.2,8.4,-44.4,7.1,-11.4,-20.7,47.4,0.18,746,PRC,HNX,Công ty Cổ phần Portserco,
2026-10-02,30.0,0.06,0.09,-0.7,10.2,35.8,60.6,91.1,30.8,18.309,-2.6,63.9,2.5,19.3,24.9,0.39,746,PRE,HNX,Tổng công ty cổ phần Tái bảo hiểm Hà Nội,
2026-10-02,6.5,0.01,0.01,0.0,3.2,-60.1,8.3,35.4,24.6,5.6,-73.6,16.1,1.5,-40.0,93.8,2.5,746,PRO,UPCOM,Công ty Cổ phần Procimex Việt Nam,
2026-10-02,9.9,0.02,0.06,-1.0,4.2,-1.0,-14.7,-9.3,12.5,7.7,-20.8,28.6,6.5,-0.4,70.8,0.4,746,PRT,UPCOM,Tổng Công ty cổ phần Sản xuất – Xuất nhập khẩu Bình Dương,
2026-10-02,4.8,0.04,0.05,-4.0,-7.7,-17.2,6.7,-26.2,10.0,4.0,-52.0,20.0,-4.1,-9.8,48.7,0.42,746,PSB,UPCOM,Công ty Cổ phần Đầu tư Dầu khí Sao Mai - Bến Đình,
2026-10-02,9.7,0.0,0.0,4.3,-7.6,-14.2,-1.0,-7.2,11.489,9.0,-15.6,7.8,-0.1,-8.7,27.5,0.75,746,PSC,HNX,Công ty Cổ phần Vận tải và Dịch vụ Petrolimex Sài Gòn ,
2026-10-02,11.8,0.79,0.93,-1.7,-12.6,-8.4,14.8,27.1,15.185,9.97,-22.3,18.4,-2.7,-7.8,39.0,1.07,746,PSD,HNX,Công ty Cổ phần Dịch vụ Phân phối Tổng hợp Dầu khí ,
2026-10-02,9.8,0.01,0.01,0.0,0.9,0.0,-0.9,18.1,10.526,9.074,-6.9,8.0,1.4,-0.3,20.5,1.18,746,PSE,HNX,Công ty Cổ phần Phân Bón và Hóa Chất Dầu Khí Đông Nam Bộ ,
2026-10-02,1.7,0.0,0.0,0.0,0.0,0.0,0.0,-64.7,1.7,1.7,0.0,0.0,0.0,0.0,0.0,0.0,736,PSH,UPCOM,Công ty Cổ phần Thương mại Đầu tư Dầu khí Nam Sông Hậu,
2026-10-02,7.7,0.69,2.7,-12.5,-28.0,-1.3,-9.4,-1.3,11.8,7.1,-34.7,8.5,-13.1,-10.0,42.4,0.3,746,PSI,HNX,Công ty Cổ phần Chứng khoán Dầu khí,
2026-10-02,5.6,0.06,0.03,-1.8,-37.1,-48.6,-52.5,-54.8,13.0,5.6,-56.9,0.0,-6.6,-39.6,74.2,3.73,746,PSL,UPCOM,Công ty Cổ phần Chăn nuôi Phú Sơn,
2026-10-02,8.8,0.0,0.0,-5.4,-5.4,-7.4,-13.7,-10.1,10.2,8.0,-13.7,10.0,-1.4,-2.9,39.1,3.28,746,PSN,UPCOM,Công ty Cổ phần Dịch vụ Kỹ thuật PTSC Thanh Hoá,
2026-10-02,16.0,0.02,0.02,0.0,0.6,-20.0,-20.0,37.8,21.0,13.5,-23.8,18.5,-6.4,-9.8,93.6,1.82,746,PSP,UPCOM,Công ty Cổ phần Cảng Dịch vụ Dầu khí Đình Vũ,
2026-10-02,7.3,0.05,0.12,-2.7,-0.3,-2.7,-9.5,5.2,8.351,6.943,-12.6,5.1,-2.2,-1.6,23.2,0.52,746,PSW,HNX,Công ty Cổ phần Phân bón và Hóa chất dầu khí Tây Nam Bộ,
2026-10-02,29.4,3.28,2.83,-6.3,-19.6,-19.7,-6.6,-24.6,44.514,27.75,-34.0,5.9,-4.9,-18.6,28.5,1.28,746,PTB,HOSE,Công ty cổ phần Phú Tài,
2026-10-02,5.42,0.07,0.05,0.2,-20.8,-25.4,-30.7,8.4,8.28,5.1,-34.5,6.3,-5.0,-17.1,45.6,1.54,746,PTC,HOSE,Công ty Cổ phần Đầu tư ICAPITAL,
2026-10-02,8.0,0.27,0.1,100.0,56.9,15.9,14.3,21.2,9.4,3.7,-14.9,116.2,55.4,25.8,59.2,5.11,746,PTD,HNX,Công ty Cổ phần Thiết kế - Xây dựng - Thương mại Phúc Thịnh,
2026-10-02,5.8,0.0,0.0,0.0,0.0,38.1,38.1,132.0,5.8,4.2,0.0,38.1,0.0,12.4,30.9,0.0,746,PTE,UPCOM,Công ty Cổ phần Xi măng Phú Thọ,
2026-10-02,1.6,0.0,0.0,0.0,0.0,33.3,77.8,128.6,1.6,0.9,0.0,77.8,0.0,20.1,41.0,0.0,746,PTG,UPCOM,Công ty Cổ phần May xuất khẩu Phan Thiết ,
2026-10-02,12.0,0.0,0.0,0.0,31.9,31.9,30.6,-10.2,12.0,9.1,0.0,31.9,0.0,19.8,28.0,0.0,746,PTH,UPCOM,Công ty Cổ phần Vận tải và Dịch vụ Petrolimex Hà Tây,
2026-10-02,17.7,0.01,0.03,-4.8,-33.2,-41.0,-31.4,-14.1,42.0,16.9,-57.9,4.7,-9.5,-34.3,49.0,0.42,746,PTI,HNX,Tổng Công ty Cổ phần bảo hiểm bưu điện,
2026-10-02,1.67,0.06,0.09,-8.2,-22.7,-41.0,-53.5,-44.9,3.7,1.61,-54.9,3.7,-6.0,-31.8,35.5,0.65,746,PTL,HOSE,Công ty Cổ phần Victory Group,
2026-10-02,7.6,0.01,0.0,-30.3,-32.1,-40.1,-29.0,,14.282,7.6,-46.8,0.0,-29.8,-32.2,83.4,1.03,276,PTM,UPCOM,"Công ty Cổ phần Sản xuất, Thương mại và Dịch vụ ôtô PTM",
2026-10-02,20.0,0.0,0.0,0.0,0.0,4.7,28.3,14.7,21.9,13.349,-8.7,49.8,0.0,0.8,30.1,0.0,746,PTO,UPCOM,Công ty Cổ phần Dịch vụ - Xây dựng Công trình Bưu điện,
2026-10-02,11.2,0.0,0.01,-1.8,1.8,-5.1,11.9,10.7,13.878,8.525,-19.3,31.4,0.2,2.1,66.2,0.05,746,PTP,UPCOM,CÔNG TY CỔ PHẦN PTP,
2026-10-02,9.6,0.01,0.03,0.0,10.3,15.2,11.5,31.5,10.7,7.876,-10.3,21.9,0.3,6.2,28.6,0.31,746,PTS,HNX,Công ty Cổ phần Vận tải và Dịch vụ Petrolimex Hải Phòng,
2026-10-02,7.6,0.0,0.0,-10.6,-2.6,-21.6,-31.5,-62.9,11.3,6.2,-32.7,22.6,-11.5,-18.2,104.2,0.3,746,PTT,UPCOM,Công ty Cổ phần Vận tải Dầu khí Đông Dương,
2026-10-02,4.6,0.07,0.04,0.0,-13.2,-29.2,21.1,4.5,11.1,3.1,-58.6,48.4,-1.4,-9.5,75.0,1.02,746,PTV,UPCOM,Công ty cổ phần Thương mại Dầu khí,
2026-10-02,21.7,0.0,0.01,0.0,4.8,7.1,7.6,38.9,32.058,15.7,-32.3,38.2,8.1,7.1,75.7,0.0,740,PTX,HNX,Công ty cổ phần Vận tải và Dịch vụ Petrolimex Nghệ Tĩnh,
2026-10-02,2.4,0.43,0.21,33.3,26.3,4.3,-17.2,-4.0,2.9,1.7,-17.2,41.2,30.0,9.9,53.5,1.9,746,PV2,HNX,Công Ty Cổ Phần Genea Capital,
2026-10-02,20.9,2.47,1.92,-4.6,-13.6,-27.2,-29.6,-30.1,43.3,18.9,-51.7,10.6,-2.9,-24.9,40.5,1.29,746,PVB,HNX,Công ty Cổ phần Bọc Ống Dầu khí Việt Nam ,
2026-10-02,12.1,10.47,7.45,-0.8,-5.5,-28.8,5.2,-9.0,23.0,9.3,-47.4,30.1,-0.8,-14.1,55.7,1.1,746,PVC,HNX,Tổng công ty Hóa chất và Dịch vụ Dầu khí - CTCP (PVChem),
2026-10-02,18.0,112.31,83.72,-6.0,-7.7,-10.6,40.0,11.5,27.264,11.265,-34.0,59.8,-3.3,-5.9,45.9,1.5,746,PVD,HOSE,Tổng Công ty Cổ phần Khoan và Dịch vụ khoan dầu khí,
2026-10-02,2.0,0.01,0.0,-13.0,-16.7,-37.5,-23.1,0.0,3.6,1.9,-44.4,5.3,-12.0,-21.5,60.1,0.5,746,PVE,UPCOM,Tổng Công ty tư vấn thiết kế dầu khí - CTCP,
2026-10-02,6.0,0.56,0.34,5.3,3.4,-10.4,-7.7,-13.0,9.6,5.4,-37.5,11.1,3.7,-5.2,38.2,1.48,746,PVG,HNX,CÔNG TY CỔ PHẦN KINH DOANH LPG VIỆT NAM,
2026-10-02,0.6,0.0,0.0,0.0,0.0,-14.3,0.0,0.0,0.8,0.4,-25.0,50.0,-0.3,-5.7,94.9,0.76,746,PVH,UPCOM,Công ty Cổ phần Xây lắp Dầu khí Thanh Hóa,
2026-10-02,65.7,1.28,1.24,-0.5,1.5,-8.1,10.0,69.0,108.955,57.692,-39.7,13.9,0.6,-7.2,39.2,0.64,746,PVI,HNX,Công ty Cổ phần PVI,
2026-10-02,2.4,0.14,0.09,9.1,-11.1,-25.0,0.0,-36.8,4.8,1.8,-50.0,33.3,2.1,-20.1,63.0,1.8,746,PVL,UPCOM,Công Ty Cổ Phần Địa Ốc Dầu Khí,
2026-10-02,19.0,0.0,0.03,2.7,-0.5,-3.6,17.6,30.8,20.2,15.386,-5.9,23.5,2.8,0.7,32.3,0.02,746,PVM,UPCOM,Công ty cổ phần Máy - Thiết bị Dầu khí,
2026-10-02,5.9,0.08,0.06,3.5,-1.7,-18.0,-7.9,-15.6,11.631,5.0,-49.3,18.0,2.4,-8.4,51.3,0.8,746,PVO,UPCOM,Công ty Cổ phần DẦU NHỜN PV OIL,
2026-10-02,22.0,27.52,14.83,26.4,31.7,58.3,65.3,50.7,23.05,12.865,-4.6,71.0,24.1,38.0,37.5,1.69,746,PVP,HOSE,Công ty cổ phần Vận tải Dầu khí Thái Bình Dương,
2026-10-02,0.9,0.0,0.0,0.0,-10.0,-10.0,-25.0,-10.0,1.3,0.8,-30.8,12.5,-2.2,-14.5,52.0,0.29,746,PVR,UPCOM,Công ty Cổ phần Đầu tư PVR Hà Nội,
2026-10-02,33.5,130.09,101.97,1.5,5.5,-0.5,32.3,7.4,46.998,21.969,-28.7,52.5,8.0,3.0,48.0,1.19,746,PVS,HNX,Tổng Công ty Cổ phần Dịch vụ Kỹ thuật Dầu khí Việt Nam,
2026-10-02,23.5,185.49,108.84,16.3,18.7,22.2,43.6,20.6,29.728,14.955,-20.9,57.1,14.4,17.8,45.5,1.58,746,PVT,HOSE,Tổng Công ty Cổ phần Vận tải dầu khí,
2026-10-02,1.5,0.0,0.0,25.0,15.4,-28.6,0.0,7.1,2.4,1.1,-37.5,36.4,11.3,-5.0,66.8,0.01,746,PVV,UPCOM,Công ty Cổ phần Vinaconex 39,
2026-10-02,1.4,0.11,0.32,-6.7,-12.5,-26.3,-22.2,-26.3,3.1,1.4,-54.8,0.0,-7.4,-22.5,52.6,0.34,746,PVX,UPCOM,Tổng Công ty Cổ phần Xây lắp Dầu khí Việt Nam,
2026-10-02,1.8,0.0,0.0,-5.3,-5.3,-21.7,-5.3,-30.8,3.4,1.5,-47.1,20.0,2.4,-14.1,65.5,1.3,746,PVY,UPCOM,Công ty cổ phần Chế tạo Giàn khoan Dầu khí,
2026-10-02,5.3,0.01,0.01,-14.5,-10.2,-17.2,47.2,47.2,10.0,3.2,-47.0,65.6,-9.4,-14.8,103.4,0.83,746,PWA,UPCOM,Công ty Cổ phần Bất động sản Dầu khí,
2026-10-02,14.5,0.0,0.0,-3.3,1.4,17.0,9.4,48.0,15.0,10.41,-3.3,39.3,2.5,13.2,53.5,0.62,746,PWS,UPCOM,Công ty Cổ phần Cấp thoát nước Phú Yên,
2026-10-02,0.6,0.0,0.0,0.0,-25.0,-25.0,-25.0,-50.0,1.0,0.5,-40.0,20.0,-9.1,-23.4,64.2,0.09,746,PXA,UPCOM,Công ty Cổ phần Đầu tư và Thương mại Dầu khí Nghệ An,
2026-10-02,0.5,0.01,0.01,-28.6,-28.6,-44.4,-61.5,-77.3,1.3,0.4,-61.5,25.0,-21.4,-42.4,70.1,1.39,746,PXI,UPCOM,Công Ty Cổ Phần Xây Dựng Công Nghiệp Và Dân Dụng Dầu Khí,
2026-10-02,10.7,0.24,0.3,0.0,-12.3,-20.7,-34.0,-25.7,18.1,9.5,-40.9,12.6,0.7,-19.5,35.3,0.63,746,PXL,UPCOM,Công ty cổ phần Đầu tư Khu công nghiệp Dầu khí Long Sơn,
2026-10-02,0.3,0.0,0.0,0.0,-40.0,-50.0,-50.0,-50.0,0.7,0.3,-57.1,0.0,-23.5,-37.6,134.7,0.4,746,PXM,UPCOM,Công ty Cổ phần Xây lắp Dầu khí miền Trung ,
2026-10-02,2.3,0.07,0.05,-8.0,-4.2,-20.7,-25.8,-17.9,3.9,2.2,-41.0,4.5,-2.8,-16.6,32.9,1.37,746,PXS,UPCOM,Công ty Cổ phần Kết cấu Kim loại và Lắp máy Dầu khí,
2026-10-02,1.2,0.0,0.0,-7.7,-20.0,-20.0,-25.0,-58.6,2.3,1.2,-47.8,0.0,-8.7,-20.8,53.2,0.69,746,PXT,UPCOM,Công Ty Cổ Phần Xây Lắp Đường Ống Bể Chứa Dầu Khí,
2026-10-02,0.6,0.03,0.02,20.0,20.0,0.0,-14.3,-25.0,0.8,0.4,-25.0,50.0,25.0,7.1,108.5,1.75,737,QBS,UPCOM,Công ty Cổ phần Xuất nhập khẩu Quảng Bình,
2026-10-02,8.8,0.02,0.02,-44.3,-38.4,-56.3,-47.3,24.4,31.25,8.8,-71.8,0.0,-32.6,-54.4,133.3,0.85,746,QCC,UPCOM,Công ty Cổ phần Đầu tư xây dựng và phát triển hạ tầng viễn thông,
2026-10-02,9.88,0.83,1.16,-11.4,-16.3,-27.4,-29.4,39.4,18.8,9.15,-47.4,8.0,-3.1,-22.5,39.5,0.42,746,QCG,HOSE,Công ty Cổ phần Quốc Cường Gia Lai ,
2026-10-02,49.0,0.0,0.0,0.0,-9.3,-9.3,96.7,89.2,57.2,24.905,-14.3,96.7,0.0,-4.5,34.6,0.0,746,QHD,HNX,Công ty cổ phần que hàn điện Việt Đức,
2026-10-02,32.8,0.01,0.02,-2.9,-6.8,-2.9,-2.9,-4.7,39.07,29.52,-16.0,11.1,-2.2,-4.6,40.1,0.79,746,QHW,UPCOM,Công ty Cổ phần nước khoáng Quảng Ninh,
2026-10-02,5.5,0.0,0.0,1.9,3.8,-5.2,-8.3,-20.3,6.4,4.6,-14.1,19.6,1.9,-0.2,65.4,0.01,746,QNC,UPCOM,Công ty Cổ phần Xi măng và Xây dựng Quảng Ninh,
2026-10-02,30.5,0.04,0.03,-2.6,-4.7,-1.5,2.9,-8.5,33.071,26.762,-7.8,14.0,-2.4,-0.8,26.5,1.38,671,QNP,HOSE,Công ty Cổ phần Cảng Quy Nhơn,
2026-10-02,53.1,15.62,10.24,12.3,11.0,19.5,22.1,29.1,53.1,37.23,0.0,42.6,10.9,15.5,12.2,1.71,746,QNS,UPCOM,Công Ty Cổ Phần Đường Quảng Ngãi,
2026-10-02,8.5,0.0,0.0,0.0,-21.3,-15.0,-37.0,51.8,13.8,7.3,-38.4,16.4,-0.6,-21.3,72.7,0.14,746,QNT,UPCOM,CTCP Tư vấn và Đầu tư phát triển Quảng Nam,
2026-10-02,8.7,0.0,0.0,-13.0,-12.1,-9.4,-9.4,-1.7,10.2,8.0,-14.7,8.7,-11.0,-10.3,28.5,0.03,746,QNU,UPCOM,Công ty cổ phần Môi trường Đô thị Quảng Nam,
2026-10-02,15.5,0.0,0.0,-13.9,-9.3,-4.1,-2.2,25.6,18.942,12.012,-18.2,29.0,-9.7,-3.2,66.6,1.24,746,QNW,UPCOM,Công ty cổ phần Cấp thoát nước và Xây dựng Quảng Ngãi,
2026-10-02,34.2,0.04,0.03,-4.7,6.2,-3.7,-22.3,61.3,45.097,30.0,-24.2,14.0,-0.9,-0.3,49.2,1.62,746,QPH,UPCOM,Công ty Cổ phần thủy điện Quế Phong,
2026-10-02,22.8,0.0,0.01,3.6,-6.9,-1.0,-4.8,-8.5,25.0,20.269,-8.8,12.5,1.8,-0.9,33.2,0.32,746,QSP,UPCOM,Công ty Cổ phần Tân Cảng Quy Nhơn,
2026-10-02,19.0,0.04,0.02,-22.4,-26.9,-49.7,-31.3,11.0,37.794,19.0,-49.7,0.0,-25.0,-32.8,60.3,4.22,746,QST,HNX,Công ty Cổ phần Sách và Thiết bị trường học Quảng Ninh,
2026-10-02,31.5,0.03,0.05,-0.3,-8.6,-0.9,74.0,172.8,37.894,16.076,-16.9,95.9,-0.0,5.1,56.0,0.54,746,QTC,HNX,Công ty Cổ phần Công trình giao thông Vận tải Quảng Nam,
2026-10-02,10.8,1.07,1.64,-2.7,-6.1,-17.6,-11.7,-9.9,14.8,10.5,-27.0,2.9,-2.3,-9.9,19.7,0.4,746,QTP,UPCOM,Công ty Cổ phần Nhiệt điện Quảng Ninh,
2026-10-02,73.5,0.22,0.19,-5.4,-9.5,-9.9,-17.2,-38.0,89.854,73.0,-18.2,0.7,-3.8,-10.5,15.3,0.35,746,RAL,HOSE,Công ty Cổ phần Bóng đèn Phích nước Rạng Đông ,
2026-10-02,14.5,0.0,0.0,0.0,-14.7,-24.7,-4.0,-1.0,20.0,14.5,-27.5,0.0,-2.5,-12.4,41.0,0.0,746,RAT,UPCOM,Công ty Cổ phần Vận tải và Thương mại Đường Sắt,
2026-10-02,4.6,0.0,0.0,-27.0,-20.7,-32.4,-29.2,-24.6,8.5,3.8,-45.9,21.1,-20.2,-24.0,109.9,0.09,746,RBC,UPCOM,Công ty cổ phần Công nghiệp và Xuất nhập khẩu Cao su,
2026-10-02,19.7,0.02,0.01,7.1,-10.9,-5.3,-22.7,15.9,37.2,13.6,-47.0,44.9,1.0,3.4,87.7,2.76,746,RCC,UPCOM,CÔNG TY CỔ PHẦN TỔNG CÔNG TY CÔNG TRÌNH ĐƯỜNG SẮT VIỆT NAM,
2026-10-02,11.1,0.06,0.04,-1.8,-2.6,0.9,-15.7,-9.7,13.458,9.921,-17.5,11.9,-0.7,-3.6,33.4,0.83,746,RCL,HNX,Công ty Cổ phần Địa ốc Chợ Lớn,
2026-10-02,47.4,18.91,19.45,4.1,-2.9,-15.4,-15.0,-4.2,64.524,42.5,-26.5,11.5,2.9,-7.6,23.7,0.78,746,REE,HOSE,Công ty Cổ phần Cơ điện lạnh,
2026-10-02,44.2,0.0,0.0,-1.6,31.2,27.8,,,45.8,16.926,-3.5,161.1,4.4,23.8,82.8,0.29,229,RGG,UPCOM,Công ty cổ phần Regal Group,
2026-10-02,4.9,0.0,0.0,-30.0,-43.0,-55.5,-38.0,40.0,15.4,4.6,-68.2,6.5,-21.9,-48.5,81.3,0.72,746,RIC,UPCOM,Công ty Cổ phần Quốc tế Hoàng Gia,
2026-10-02,25.0,0.04,0.04,-3.1,-2.4,-6.8,-5.5,5.0,30.835,21.0,-18.9,19.0,0.6,-4.9,40.6,0.53,746,RTB,UPCOM,Công ty cổ phần Cao su Tân Biên,
2026-10-02,8.3,0.38,1.04,7.3,6.7,-9.2,-18.7,,10.598,7.333,-21.7,13.2,3.4,-3.3,26.8,0.32,447,RYG,HOSE,CÔNG TY CỔ PHẦN SẢN XUẤT VÀ ĐẦU TƯ HOÀNG GIA,
2026-10-02,2.0,0.0,0.0,-4.8,-13.0,25.0,25.0,-20.0,2.4,1.3,-16.7,53.8,-5.9,2.0,50.9,0.63,746,S12,UPCOM,Công ty Cổ phần Sông Đà 12 ,
2026-10-02,31.6,0.02,0.01,0.3,-2.8,-1.9,-1.2,-1.3,34.6,30.144,-8.7,4.8,-1.8,-2.0,23.0,1.45,746,S4A,HOSE,Công ty Cổ phần Thủy điện Sê San 4A,
2026-10-02,59.9,0.02,0.01,4.9,-0.2,-7.1,7.5,8.5,70.952,54.4,-15.6,10.1,-5.7,-3.1,32.4,2.16,746,S55,HNX,Công ty Cổ phần Sông Đà 505,
2026-10-02,6.0,0.0,0.0,7.1,-14.3,-15.5,-14.3,17.6,9.7,5.0,-38.1,20.0,-0.5,-11.5,44.9,0.51,746,S72,UPCOM,Công ty cổ phần Sông Đà 7.02,
2026-10-02,14.8,0.01,0.01,-1.3,-9.2,-9.2,-9.2,5.7,16.3,14.8,-9.2,0.0,-0.9,-6.8,8.5,1.09,746,S74,UPCOM,Công ty Cổ phần Sông Đà 7.04,
2026-10-02,7.4,0.14,0.27,-3.9,-14.9,-21.3,-22.1,-11.1,10.2,7.1,-27.5,4.2,-4.6,-14.8,28.8,0.34,746,S99,HNX,Công ty Cổ phần SCI,
2026-10-02,42.45,20.05,27.53,-6.9,-5.3,2.9,4.2,-8.4,53.423,39.342,-20.5,7.9,-4.9,-4.4,28.8,0.68,746,SAB,HOSE,Tổng Công ty Cổ phần Bia - Rượu - Nước giải khát Sài Gòn,
2026-10-02,10.9,0.01,0.01,-5.2,-5.6,-8.5,-13.2,-29.4,13.301,10.0,-18.1,9.0,-2.8,-5.1,49.1,1.86,746,SAC,UPCOM,Công ty cổ phần Xếp dỡ và Dịch vụ Cảng Sài Gòn,
2026-10-02,56.7,0.25,0.28,-0.5,3.1,11.2,11.0,24.1,57.9,47.6,-2.1,19.1,0.5,5.5,45.3,1.05,746,SAF,HNX,Công ty Cổ phần Lương thực Thực phẩm SAFOCO,
2026-10-02,4.2,0.0,0.0,0.0,117.4,117.4,194.1,311.8,4.2,1.428,0.0,194.1,16.2,88.4,56.7,0.0,746,SAL,UPCOM,Công ty cổ phần Trục vớt cứu hộ Việt Nam,
2026-10-02,6.09,0.64,0.49,-0.2,2.2,-5.1,-14.5,-1.3,7.689,5.4,-20.8,12.8,1.8,-3.4,24.9,1.26,746,SAM,HOSE,Công ty Cổ phần SAM HOLDINGS,
2026-10-02,34.2,0.56,0.74,0.0,-1.5,6.7,5.6,45.7,40.199,26.859,-14.9,27.3,2.0,5.2,31.6,0.87,746,SAS,UPCOM,Công ty Dịch vụ Hàng không sân bay Tân Sơn Nhất,
2026-10-02,12.6,0.02,0.03,-5.6,-5.6,4.4,-7.6,-25.2,14.789,10.958,-14.8,15.0,-0.9,-0.0,36.3,0.32,746,SAV,HOSE,Công ty Cổ phần Hợp tác kinh tế và Xuất nhập khẩu SAVIMEX,
2026-10-02,6.7,0.0,0.01,0.0,-1.5,4.0,24.8,26.7,7.1,5.01,-5.6,33.7,-0.6,5.4,30.4,0.41,746,SB1,UPCOM,Công ty cổ phần bia Sài Gòn - Nghệ Tĩnh,
2026-10-02,24.3,0.09,0.1,-2.0,-9.3,-8.2,-10.6,-10.5,28.291,23.8,-14.1,2.1,-2.1,-7.5,15.5,0.71,746,SBA,HOSE,Công ty Cổ phần Sông Ba,
2026-10-02,18.6,0.64,0.6,-6.1,-8.8,15.3,17.4,7.4,22.57,14.354,-17.6,29.6,-5.2,4.1,40.8,1.24,697,SBB,UPCOM,Công ty Cổ phần Tập đoàn Bia Sài Gòn Bình Tây,
2026-10-02,7.7,0.01,0.01,2.7,10.1,10.1,10.1,18.0,9.044,5.594,-14.9,37.6,7.8,6.3,74.3,0.94,746,SBD,UPCOM,Công ty cổ phần Công nghệ Sao Bắc Đẩu,
2026-10-02,13.95,3.69,3.02,-1.4,17.7,44.9,35.0,58.7,14.65,9.375,-4.8,48.8,5.6,20.6,27.7,1.33,704,SBG,HOSE,Công ty Cổ phần Tập đoàn Cơ khí Công nghệ cao Siba,
2026-10-02,39.7,0.04,0.05,1.8,0.8,-4.8,-2.0,-20.8,43.9,32.8,-9.6,21.0,2.6,-1.3,26.6,0.72,746,SBH,UPCOM,Công ty Cổ phần Thủy điện Sông Ba Hạ,
2026-10-02,8.4,0.04,0.02,6.3,68.0,40.0,50.0,50.2,8.7,4.4,-3.4,90.9,23.3,35.6,84.6,3.0,746,SBL,UPCOM,Công ty cổ phần Bia Sài Gòn - Bạc Liêu,
2026-10-02,32.0,0.05,0.03,3.9,0.1,-0.9,6.0,35.8,36.593,30.0,-12.6,6.7,2.9,-0.2,15.3,2.73,746,SBM,UPCOM,Công ty cổ phần Đầu tư Phát triển Bắc Minh,
2026-10-02,7.4,0.0,0.0,-7.3,-16.5,-8.4,-10.6,-10.5,9.542,6.816,-22.4,8.6,-6.7,-9.9,36.0,3.39,746,SBR,UPCOM,Công ty cổ phần Cao su Sông Bé,
2026-10-02,4.0,1.3,2.11,-13.0,-24.5,-23.1,-36.5,-27.3,7.1,3.9,-43.7,2.6,-9.9,-22.1,44.1,0.58,746,SBS,UPCOM,Công ty Cổ phần Chứng khoán Ngân hàng Sài Gòn Thương tín ,
2026-10-02,22.3,27.21,21.3,-2.4,4.9,7.9,-1.5,103.1,26.038,19.151,-14.4,16.4,-0.4,2.3,19.5,1.6,746,SBT,HOSE,Công ty Cổ phần Thành Thành Công - Biên Hòa,
2026-10-02,6.25,0.0,0.01,0.3,-2.2,-12.6,-23.2,-37.5,8.5,5.49,-26.5,13.8,1.2,-10.1,35.7,0.19,746,SBV,HOSE,Công ty Cổ phần Siam Brothers Việt Nam,
2026-10-02,14.0,0.0,0.01,-21.8,-9.1,-9.4,-13.8,-26.3,18.2,14.0,-23.1,0.0,-13.5,-11.7,45.0,0.05,746,SC5,HOSE,Công ty Cổ phần Xây dựng số 5 ,
2026-10-02,3.4,0.0,0.0,0.0,9.7,54.5,54.5,70.0,3.4,2.2,0.0,54.5,4.0,22.7,42.6,0.0,746,SCC,UPCOM,Công ty Cổ phần Thương mại Đầu tư SHB,
2026-10-02,14.9,0.0,0.0,-9.7,26.3,16.4,13.7,-11.8,22.6,9.7,-34.1,53.6,0.5,10.1,79.7,0.02,739,SCD,UPCOM,Công ty Cổ phần Nước Giải khát Chương Dương (CDBECO),
2026-10-02,64.3,1.71,1.65,-1.5,4.2,4.9,-3.0,-1.8,78.8,57.0,-18.4,12.8,-0.3,-0.8,19.7,1.01,746,SCG,HNX,Công ty Cổ phần Tập đoàn Xây dựng SCG,
2026-10-02,8.5,0.25,0.17,-17.5,-22.0,-18.3,-11.5,4.3,13.1,7.0,-35.1,21.4,-15.2,-16.4,34.7,1.03,746,SCI,HNX,Công ty cổ phần SCI E&C,
2026-10-02,2.7,0.0,0.0,8.0,0.0,-3.6,-28.9,-25.0,3.8,2.5,-28.9,8.0,1.2,-8.4,42.0,0.39,746,SCJ,UPCOM,Công ty Cổ phần Xi măng Sài Sơn,
2026-10-02,28.5,3.29,3.72,2.5,46.9,65.4,74.3,75.5,29.5,13.885,-3.4,105.3,11.4,44.6,38.2,1.2,746,SCL,UPCOM,Công ty Cổ phần Sông Đà Cao Cường,
2026-10-02,12.5,0.0,0.01,0.0,42.0,247.2,247.2,123.2,13.4,3.5,-6.7,257.1,-1.2,71.6,58.5,0.0,746,SCO,UPCOM,Công ty Cổ phần Công nghiệp Thủy sản,
2026-10-02,3.98,4.28,5.54,-12.9,-20.4,-36.0,-57.1,-27.5,10.1,3.81,-60.6,4.5,-9.7,-30.5,33.6,0.79,746,SCR,HOSE,Công ty Cổ phần Địa ốc Sài Gòn Thương Tín,
2026-10-02,43.4,3.44,4.65,-2.4,-6.9,-15.0,-21.3,-32.8,55.672,42.0,-22.0,3.3,-1.9,-10.2,18.8,0.7,746,SCS,HOSE,Công ty Cổ phần Dịch vụ Hàng hóa Sài Gòn,
2026-10-02,4.0,0.0,0.0,8.1,-23.1,-35.5,-2.4,-20.0,6.8,3.1,-41.2,29.0,3.7,-13.7,85.5,0.16,746,SD2,UPCOM,Công ty Cổ phần Sông Đà 2,
2026-10-02,10.8,0.06,0.03,25.6,11.3,42.1,42.1,61.2,10.8,6.3,0.0,71.4,21.2,29.6,80.0,1.5,746,SD3,UPCOM,Công ty Cổ phần Sông Đà 3,
2026-10-02,2.6,0.0,0.0,23.8,18.2,62.5,13.0,-13.3,2.7,1.6,-3.7,62.5,22.5,30.7,52.8,0.1,746,SD4,UPCOM,Công ty Cổ phần Sông Đà 4,
2026-10-02,6.8,0.13,0.06,7.1,-1.3,0.0,-16.0,16.9,8.261,5.894,-17.7,15.4,5.1,-0.1,28.4,3.16,746,SD5,HNX,Công ty Cổ phần Sông Đà 5,
2026-10-02,1.7,0.0,0.0,-5.6,-19.0,-19.0,-29.2,-41.4,2.5,1.4,-32.0,21.4,-6.9,-16.3,36.4,0.36,738,SD6,UPCOM,Công ty Cổ phần Sông Đà 6,
2026-10-02,1.7,0.0,0.0,-26.1,-41.4,-41.4,-41.4,-52.8,3.3,1.7,-48.5,0.0,-24.1,-37.2,31.9,1.36,746,SD7,UPCOM,Công ty Cổ phần Sông Đà 7,
2026-10-02,1.5,0.0,0.0,0.0,0.0,0.0,0.0,0.0,1.5,1.5,0.0,0.0,0.0,0.0,0.0,0.0,746,SD8,UPCOM,Công ty Cổ phần Sông Đà 8,
2026-10-02,10.3,0.05,0.08,-2.8,-5.5,-7.2,-11.7,-3.2,12.142,9.6,-15.2,7.3,-0.9,-3.6,25.3,0.56,746,SD9,HNX,Công ty Cổ phần Sông Đà 9,
2026-10-02,1.8,0.1,0.11,0.0,-14.3,-10.0,-43.8,-66.0,3.2,1.4,-43.8,28.6,-1.0,-10.9,71.8,0.63,739,SDA,UPCOM,Công ty Cổ phần Simco Sông Đà ,
2026-10-02,5.8,0.0,0.0,-15.9,-13.4,7.5,-9.6,11.9,6.9,4.905,-15.9,18.2,-15.4,-3.8,42.1,1.22,746,SDC,HNX,Công ty Cổ phần Tư vấn sông Đà,
2026-10-02,1.3,0.01,0.01,0.0,0.0,-7.1,18.2,-23.5,1.4,1.1,-7.1,18.2,0.0,-0.7,25.4,1.08,746,SDD,UPCOM,Công ty Cổ phần Đầu tư và Xây lắp Sông Đà,
2026-10-02,7.0,0.0,0.0,11.1,-29.3,-30.0,-45.5,-50.8,12.925,6.2,-45.8,12.9,-8.0,-25.4,46.4,2.47,746,SDG,HNX,Công ty Cổ phần SADICO Cần Thơ,
2026-10-02,13.8,0.02,0.03,38.0,63.7,39.3,17.8,43.5,14.1,5.755,-2.1,139.8,45.2,33.8,71.6,0.82,746,SDK,UPCOM,Công ty Cổ phần Cơ khí Luyện kim ,
2026-10-02,18.0,0.0,0.0,-10.0,-5.2,-9.3,-33.0,-38.5,26.852,15.536,-33.0,15.9,-2.6,-9.9,34.2,0.13,746,SDN,HNX,Công ty Cổ phần Sơn Đồng Nai,
2026-10-02,0.6,0.0,0.0,0.0,-33.3,0.0,-33.3,-40.0,0.9,0.6,-33.3,0.0,-10.4,-18.1,79.5,1.31,746,SDP,UPCOM,Công ty cổ phần SDP,
2026-10-02,3.8,0.35,0.23,-5.0,-9.5,-17.4,-22.4,-2.6,5.5,3.6,-30.9,5.6,-4.0,-12.4,50.0,2.36,738,SDT,UPCOM,Công ty Cổ phần Sông Đà 10 ,
2026-10-02,6.2,0.0,0.0,-15.1,-6.1,-44.1,-72.6,-67.0,28.8,6.1,-78.5,1.6,-8.3,-41.0,73.1,0.24,746,SDU,HNX,Công ty Cổ phần Đầu tư xây dựng và Phát triển đô thị Sông Đà,
2026-10-02,30.0,0.0,0.02,-2.3,-0.6,1.0,-3.0,42.2,34.172,25.351,-12.2,18.3,-1.6,0.2,27.4,0.0,746,SDV,UPCOM,Công ty Cổ phần Dịch vụ Sonadezi ,
2026-10-02,0.8,0.0,0.0,0.0,0.0,-20.0,-27.3,-61.9,1.9,0.7,-57.9,14.3,-5.9,-26.6,67.0,0.14,746,SDY,UPCOM,Công ty Cổ phần Xi măng Elecem,
2026-10-02,58.5,1.11,0.98,-12.3,19.0,24.8,22.7,48.6,79.134,31.773,-26.1,84.1,-3.6,20.1,82.8,2.14,746,SEA,UPCOM,Tổng Công ty Thủy sản Việt Nam – Công ty cổ phần,
2026-10-02,43.4,0.01,0.01,0.9,6.1,0.1,-2.3,7.3,47.329,36.312,-8.3,19.5,4.2,2.5,37.1,0.32,746,SEB,HNX,Công ty Cổ phần Đầu tư và Phát triển điện miền Trung,
2026-10-02,15.0,0.04,0.05,-2.6,-5.7,-9.3,-36.4,-15.6,23.576,13.6,-36.4,10.3,-1.3,-8.5,18.3,0.58,746,SED,HNX,Công ty Cổ phần Đầu tư và Phát triển giáo dục Phương Nam ,
2026-10-02,18.9,0.08,0.04,8.0,5.0,0.6,-6.2,15.8,25.603,12.656,-26.2,49.3,2.5,6.4,87.1,3.21,746,SEP,UPCOM,Công ty Cổ phần Tổng Công ty Thương mại Quảng Trị,
2026-10-02,18.2,0.01,0.0,10.3,8.0,-1.1,-0.4,-0.6,23.258,15.85,-21.7,14.8,9.9,3.9,37.9,3.1,746,SFC,HOSE,Công ty Cổ phần Nhiên Liệu Sài Gòn ,
2026-10-02,10.45,0.01,0.01,-0.9,0.5,4.3,4.3,6.8,12.115,9.186,-13.7,13.8,-1.0,2.0,35.2,0.61,746,SFG,HOSE,Công ty Cổ phần phân bón Miền Nam,
2026-10-02,25.3,0.02,0.03,-4.2,-11.2,-2.7,6.9,-2.1,29.0,22.915,-12.8,10.4,-5.2,-5.2,29.2,0.57,746,SFI,HOSE,Công ty Cổ phần Đại lý Vận tải SAFI,
2026-10-02,15.1,0.0,0.0,-18.4,-22.6,-1.3,-36.4,-20.5,25.9,15.1,-41.7,0.0,-18.4,-17.6,65.8,0.1,746,SFN,HNX,Công ty Cổ phần Dệt lưới Sài Gòn ,
2026-10-02,13.0,0.23,0.18,1.6,0.0,4.8,4.8,5.6,14.3,10.2,-9.1,27.5,2.8,4.7,33.7,1.47,746,SGB,UPCOM,NGÂN HÀNG THƯƠNG MẠI CỔ PHẦN SÀI GÒN CÔNG THƯƠNG,
2026-10-02,110.0,0.06,0.12,2.8,4.6,37.2,6.8,-0.4,115.924,71.536,-5.1,53.8,3.6,16.7,40.0,0.37,746,SGC,HNX,Công ty Cổ phần Xuất nhập khẩu Sa Giang,
2026-10-02,13.9,0.0,0.0,-14.2,-29.4,-29.4,-40.6,1.5,23.4,12.2,-40.6,13.9,-12.4,-25.8,30.7,2.64,746,SGD,HNX,Công ty Cổ phần Sách Giáo dục tại Thành phố Hồ Chí Minh,
2026-10-02,18.1,0.0,0.0,3.4,-22.6,-1.9,-36.7,-26.7,28.578,16.0,-36.7,13.1,-1.7,-16.6,64.8,0.76,746,SGH,HNX,Công ty Cổ phần Khách sạn Sài Gòn,
2026-10-02,9.7,0.0,0.0,4.3,5.9,-5.3,-10.7,-18.0,12.509,8.612,-22.5,12.6,1.8,-2.8,64.8,0.07,746,SGI,UPCOM,Công ty cổ phần Đầu tư SGI Holdings,
2026-10-02,51.2,0.36,0.4,-5.2,-9.1,-2.5,-17.3,-33.2,64.4,50.2,-20.5,2.0,-4.5,-6.8,18.7,0.89,746,SGN,HOSE,Công ty cổ phần Phục vụ Mặt đất Sài Gòn,
2026-10-02,19.4,0.58,0.54,-4.4,-14.2,-19.8,-28.1,-24.8,30.1,18.3,-35.5,6.0,-3.9,-17.9,33.5,0.84,746,SGP,UPCOM,Công ty Cổ phần Cảng Sài Gòn,
2026-10-02,10.65,0.49,0.63,6.5,-8.1,-18.9,-44.8,-69.6,19.249,9.4,-44.7,13.3,4.8,-12.7,34.3,0.52,746,SGR,HOSE,Công ty Cổ phần Tổng Công ty Cổ phần Địa Ốc Sài Gòn,
2026-10-02,13.0,0.01,0.02,-3.7,5.2,1.4,22.1,33.0,14.923,10.437,-12.9,24.6,-2.0,2.5,47.1,0.4,746,SGS,UPCOM,Công ty Cổ phần vận tải biển Sài Gòn,
2026-10-02,9.0,0.19,0.34,-7.2,-33.8,-41.9,-47.7,-40.0,17.8,8.0,-49.4,12.5,-3.4,-34.7,33.7,0.87,746,SGT,HOSE,Công ty Cổ phần Công nghệ Viễn thông Sài Gòn,
2026-10-02,3.88,0.01,0.03,-1.3,-3.0,-2.5,-7.2,-6.1,4.4,3.54,-11.8,9.6,-0.9,-2.1,23.2,0.39,746,SHA,HOSE,Công ty Cổ phần Sơn Hà Sài Gòn,
2026-10-02,11.15,440.9,555.19,-8.6,-18.3,-25.2,-33.5,35.1,18.184,11.1,-38.7,0.5,-4.8,-20.3,26.7,0.75,746,SHB,HOSE,Ngân hàng Thương mại Cổ phần Sài Gòn - Hà Nội ,
2026-10-02,11.5,0.0,0.0,18.4,-2.6,15.0,5.0,4.9,13.715,8.286,-16.2,38.8,9.2,9.0,65.7,0.29,746,SHC,UPCOM,Công ty Cổ phần Hàng hải Sài Gòn,
2026-10-02,5.6,0.0,0.01,-6.7,-25.3,-18.8,-21.1,-25.6,8.0,5.6,-30.0,0.0,-15.9,-17.1,45.2,0.11,746,SHE,HNX,Công ty cổ phần Phát triển năng lượng Sơn Hà,
2026-10-02,14.0,3.48,2.94,-0.7,-0.7,-1.8,-1.1,0.0,19.2,13.1,-27.1,6.9,-1.1,-2.1,26.4,1.04,746,SHI,HOSE,Công ty Cổ phần Quốc tế Sơn Hà,
2026-10-02,8.0,1.17,2.0,19.4,17.6,105.1,50.9,19.4,11.4,3.2,-29.8,150.0,7.0,55.7,67.9,0.99,746,SHN,HNX,Công ty Cổ phần Đầu tư Tổng hợp Hà Nội,
2026-10-02,31.15,0.07,0.14,-1.1,-4.7,-4.3,-4.5,6.6,34.0,29.8,-8.4,4.5,-0.4,-2.7,14.1,0.51,746,SHP,HOSE,Công ty Cổ phần Thủy điện miền Nam ,
2026-10-02,13.0,102.18,174.55,-17.7,-32.6,-23.1,-48.0,-5.2,28.2,12.7,-53.9,2.4,-12.7,-25.7,46.9,0.6,746,SHS,HNX,Công ty Cổ phần Chứng khoán Sài Gòn Hà Nội ,
2026-10-02,10.9,0.0,0.02,-0.9,-22.1,-28.3,-44.1,-11.3,20.3,10.3,-46.3,5.8,-6.2,-22.0,70.6,0.23,746,SID,UPCOM,Công ty Cổ phần Đầu tư Phát triển Sài Gòn CO.OP,
2026-10-02,9.6,0.0,0.0,0.0,24.7,43.3,60.0,-25.0,10.2,4.6,-5.9,108.7,0.0,32.7,76.5,0.0,746,SIG,UPCOM,Công ty Cổ phần Đầu tư và Thương mại Sông Đà,
2026-10-02,16.5,0.0,0.0,1.2,3.1,2.5,-7.3,41.0,19.1,14.7,-13.6,12.2,1.2,0.5,36.2,1.62,746,SII,UPCOM,Công ty Cổ phần Hạ tầng Nước Sài Gòn,
2026-10-02,48.6,3.48,3.98,-1.7,-2.7,-12.2,-3.2,-14.6,62.457,45.15,-22.2,7.6,-1.2,-6.5,27.2,0.48,746,SIP,HOSE,Công ty Cổ phần Đầu tư Sài Gòn VRG,
2026-10-02,42.0,0.01,0.02,5.0,1.2,9.1,23.2,43.4,42.782,31.993,-1.8,31.3,5.1,9.4,41.5,0.44,746,SIV,UPCOM,Công ty Cổ phần SIVICO,
2026-10-02,16.5,0.0,0.0,-1.8,0.6,48.3,45.8,77.2,18.5,9.903,-10.8,66.6,1.1,23.1,58.0,0.48,746,SJ1,HNX,Công ty Cổ phần Nông nghiệp Hùng Hậu,
2026-10-02,13.9,0.6,0.74,-0.4,-1.8,-0.7,-2.1,9.6,14.35,13.7,-3.1,1.5,-0.2,-0.8,6.3,0.88,746,SJD,HOSE,Công ty Cổ phần Thủy Điện Cần Đơn,
2026-10-02,10.4,0.33,0.44,-17.5,-18.1,-36.6,-43.5,-44.7,20.9,9.4,-50.2,10.6,-8.7,-29.4,35.0,0.81,746,SJE,HNX,Công ty Cổ phần Sông Đà 11,
2026-10-02,1.7,0.0,0.0,0.0,0.0,0.0,0.0,-5.0,1.7,1.7,0.0,0.0,0.0,0.0,0.0,0.0,738,SJF,UPCOM,Công Ty Cổ phần Đầu tư Sao Thái Dương,
2026-10-02,19.0,0.01,0.01,-5.0,-12.4,-7.3,3.9,40.2,30.3,17.0,-37.3,11.8,-10.6,-11.1,75.1,0.45,746,SJG,UPCOM,Tổng Công ty Sông Đà - CTCP,
2026-10-02,6.3,0.0,0.0,-8.7,-10.0,1.6,8.6,-4.5,10.3,3.8,-38.8,65.8,-6.1,-12.3,84.5,0.01,746,SJM,UPCOM,Công Ty Cổ Phần Sunspace Holdings,
2026-10-02,52.6,0.92,1.99,-6.4,9.6,8.8,-23.3,101.8,71.3,44.5,-26.2,18.2,2.1,0.5,29.7,0.48,746,SJS,HOSE,Công Ty Cổ Phần SJ Group,
2026-10-02,7.16,0.26,0.34,-7.5,-13.8,-17.2,-29.8,-37.0,10.63,7.01,-32.6,2.1,-5.1,-17.2,19.3,0.63,746,SKG,HOSE,Công ty Cổ phần Tàu cao tốc Superdong – Kiên Giang ,
2026-10-02,20.2,0.0,0.0,-8.2,-8.2,-11.1,-13.3,-19.1,26.602,20.0,-24.1,1.0,-1.8,-9.4,32.8,0.24,746,SKH,UPCOM,Công ty Cổ phần Nước giải khát Sanest Khánh Hòa,
2026-10-02,8.1,0.0,0.0,14.1,15.7,17.3,11.3,13.0,9.24,6.346,-12.3,27.6,10.0,5.4,49.8,0.12,746,SKN,UPCOM,Công ty cổ phần Nước giải khát Sanna Khánh Hòa,
2026-10-02,22.6,0.14,0.09,-0.9,-3.8,-2.9,-14.2,-27.0,26.9,21.0,-16.0,7.6,-1.4,-5.0,31.6,2.41,746,SKV,UPCOM,Công ty Cổ phần Nước Giải khát Yến sào Khánh Hòa,
2026-10-02,14.2,0.0,0.0,39.2,31.5,65.1,29.1,,14.2,6.9,0.0,105.8,27.2,37.2,69.0,0.06,281,SLD,UPCOM,Công ty cổ phần Địa Ốc Sacom,
2026-10-02,149.9,0.23,0.42,1.4,-0.1,-6.9,-15.3,-12.3,177.942,125.0,-15.8,19.9,7.4,-1.6,17.0,0.47,746,SLS,HNX,Công ty Cổ phần Mía đường Sơn La ,
2026-10-02,6.1,0.0,0.0,-12.9,-19.3,-32.2,-29.6,-37.8,10.5,6.1,-41.9,0.0,-12.4,-25.3,46.7,0.27,746,SMA,HOSE,Công ty Cổ phần Thiết bị phụ tùng Sài Gòn,
2026-10-02,41.4,0.23,0.29,2.3,7.0,10.2,11.1,34.8,41.9,35.809,-1.2,15.6,3.9,6.5,11.9,0.71,746,SMB,HOSE,Công ty Cổ phần Bia Sài Gòn - Miền Trung ,
2026-10-02,9.99,0.7,1.24,-3.0,-5.8,-20.7,-27.6,28.2,15.2,9.2,-34.3,8.6,-2.2,-14.1,36.8,0.34,746,SMC,HOSE,Công ty Cổ phần đầu tư thương mại SMC ,
2026-10-02,6.2,0.01,0.01,-4.6,-10.1,-31.1,-44.5,-47.6,11.362,5.8,-45.4,6.9,-3.5,-25.5,41.5,0.51,746,SMN,HNX,Công ty Cổ phần sách và thiết bị giáo dục miền Nam ,
2026-10-02,9.9,0.0,0.01,8.8,-4.8,-2.9,-15.4,130.3,17.4,7.6,-43.1,30.3,-3.5,-0.9,68.2,0.02,746,SMT,HNX,Công ty Cổ phần Sametel,
2026-10-02,21.8,0.0,0.0,22.5,16.4,-10.5,-6.9,8.3,26.886,14.989,-18.9,45.4,12.3,3.6,58.6,0.21,746,SNC,UPCOM,Công ty Cổ phần Xuất nhập khẩu Thủy sản Năm Căn,
2026-10-02,24.195,0.01,0.04,4.5,-7.6,-15.8,-25.6,-20.8,36.859,21.737,-34.4,11.3,5.6,-12.4,31.7,0.29,746,SNZ,UPCOM,Tổng Công ty Cổ phần Phát triển khu Công Nghiệp,
2026-10-02,24.5,0.09,0.18,-9.6,2.1,2.1,2.1,40.0,32.5,18.7,-24.6,31.0,-3.4,4.5,58.8,0.81,746,SP2,UPCOM,Công ty cổ phần Thủy điện Sử Pán 2,
2026-10-02,15.0,0.0,0.0,0.0,0.0,3.4,2.0,-37.5,24.1,13.5,-37.8,11.1,0.0,-3.1,65.3,0.0,746,SPB,UPCOM,Công ty cổ phần Sợi Phú Bài,
2026-10-02,9.0,0.0,0.0,-10.0,-5.3,-18.2,-1.1,0.0,12.1,6.8,-25.6,32.4,-8.9,-6.2,46.3,0.08,746,SPC,HNX,Công ty Cổ phần Bảo vệ thực vật Sài Gòn,
2026-10-02,7.1,0.0,0.0,0.0,0.0,-10.6,-5.0,-5.0,7.941,7.1,-10.6,0.0,-0.0,-6.1,12.9,0.0,746,SPD,UPCOM,Công ty Cổ phần Xuất nhập khẩu Thủy sản miền Trung ,
2026-10-02,6.8,0.0,0.0,0.0,0.0,-32.0,-32.0,-15.0,10.0,6.8,-32.0,0.0,0.0,-15.2,39.0,0.0,746,SPH,UPCOM,Công ty Cổ phần xuất nhập khẩu thủy sản Hà Nội,
2026-10-02,1.8,0.0,0.0,0.0,0.0,0.0,0.0,-59.1,1.8,1.8,0.0,0.0,0.0,-0.0,0.0,0.0,735,SPI,UPCOM,Công ty Cổ phần Spiral Galaxy,
2026-10-02,8.5,0.02,0.02,-14.9,5.2,0.1,-17.7,-13.1,11.0,7.5,-22.7,13.3,-10.6,-8.2,46.8,1.45,746,SPM,HOSE,Công ty Cổ phần S.P.M ,
2026-10-02,32.6,0.03,0.52,-10.7,-6.6,59.7,140.9,180.2,39.0,13.531,-16.4,140.9,-4.2,27.2,128.3,0.07,746,SPV,UPCOM,Công ty cổ phần Thủy Đặc Sản,
2026-10-02,1.8,0.04,0.06,5.9,0.0,-10.0,-40.0,-51.4,3.1,1.5,-41.9,20.0,3.1,-10.2,32.3,0.54,746,SRA,HNX,Công ty Cổ phần Sara Việt Nam ,
2026-10-02,1.4,0.0,0.0,0.0,-17.6,-17.6,-33.3,-30.0,2.5,1.3,-44.0,7.7,-0.8,-16.9,68.7,0.23,746,SRB,UPCOM,Công ty Cổ phần Tập đoàn SARA ,
2026-10-02,36.25,0.06,0.04,-2.0,-9.4,-9.8,-5.1,73.2,45.058,34.519,-19.5,5.0,-3.3,-7.0,38.2,0.85,746,SRC,HOSE,Công ty Cổ phần Cao su Sao vàng,
2026-10-02,7.32,0.37,0.17,11.7,0.6,15.1,-5.8,-11.8,8.317,5.8,-12.0,26.2,2.9,3.2,37.9,1.6,746,SRF,HOSE,Công ty cổ phần Searefico,
2026-10-02,17.05,75.68,49.15,-0.3,3.3,22.3,6.5,17.1,24.8,13.234,-31.2,28.8,-1.3,12.5,29.6,1.47,746,SSB,HOSE,Ngân hàng Thương mại Cổ phần Đông Nam Á,
2026-10-02,21.25,0.0,0.01,-3.4,-27.5,-22.0,-35.7,-29.1,33.158,20.05,-35.9,6.0,-4.4,-22.4,30.8,0.74,746,SSC,HOSE,Công ty Cổ phần Giống cây trồng miền Nam ,
2026-10-02,5.7,0.01,0.01,-3.4,-19.7,-30.5,-35.2,-12.6,9.7,4.6,-41.2,23.9,-4.2,-23.4,52.7,0.56,746,SSG,UPCOM,Công ty Cổ phần Vận tải biển Hải Âu,
2026-10-02,60.0,0.0,0.0,-1.6,-2.8,-19.3,-32.1,-10.2,88.542,51.006,-32.2,17.6,-1.4,-11.0,50.2,0.1,746,SSH,UPCOM,Công ty Cổ phần phát triển Sunshine Homes,
2026-10-02,19.7,423.32,432.12,-7.7,-9.9,-8.7,-28.5,0.5,31.526,17.345,-37.5,13.6,-2.1,-11.5,36.0,1.09,746,SSI,HOSE,Công ty Cổ phần chứng khoán SSI,
2026-10-02,4.5,0.0,0.0,0.0,-11.8,-13.5,-19.6,-31.8,6.1,4.2,-26.2,7.1,-0.3,-9.7,40.5,0.0,746,SSM,HNX,Công ty Cổ phần Chế tạo kết cấu thép VNECO.SSM,
2026-10-02,2.2,0.23,0.22,4.3,-26.4,-32.9,-66.2,-72.0,6.5,1.91,-66.2,15.2,-1.8,-33.7,31.3,1.08,746,ST8,HOSE,Công Ty Cổ Phần Tập Đoàn ST8,
2026-10-02,68.4,229.48,258.25,-9.4,-5.0,12.5,16.5,103.9,79.0,45.95,-13.4,48.9,-8.2,1.9,38.1,0.66,746,STB,HOSE,Ngân hàng TMCP Sài Gòn Tài Lộc,
2026-10-02,11.2,0.01,0.02,-8.2,-21.7,-20.6,-30.4,-22.6,16.192,11.1,-30.8,0.9,-11.1,-18.9,50.3,0.53,746,STC,HNX,Công ty Cổ phần Sách và Thiết bị trường học TP Hồ Chí Minh ,
2026-10-02,5.7,0.01,0.01,0.0,-5.0,-9.1,,,18.346,4.9,-68.9,16.3,1.4,,60.5,0.35,168,STD,UPCOM,CTCP Bia - Nước giải khát Sài Gòn - Tây Đô,
2026-10-02,38.05,0.03,0.02,26.6,28.5,25.4,7.2,-16.9,44.5,24.25,-14.5,56.9,9.5,8.5,66.6,1.62,746,STG,HOSE,Công ty Cổ phần Kho vận miền Nam,
2026-10-02,25.9,0.0,0.46,47.2,24.5,24.5,30.8,311.1,32.0,17.3,-19.1,49.7,21.2,24.1,47.9,0.0,746,STH,UPCOM,Công Ty Cổ Phần STH Holdings,
2026-10-02,7.42,0.12,0.1,-9.5,-18.4,-40.9,-52.7,-55.6,16.091,7.33,-53.9,1.2,-9.1,-34.9,26.8,0.97,746,STK,HOSE,Công ty Cổ phần Sợi thế kỷ ,
2026-10-02,7.3,0.0,0.01,-2.7,-8.8,-3.9,-7.8,-6.3,9.1,6.7,-19.8,9.0,-2.8,-3.4,41.9,0.43,746,STP,HNX,Công ty Cổ phần công nghiệp thương mại Sông Đà,
2026-10-02,134.2,0.0,0.0,0.0,0.0,85.1,85.1,262.7,134.2,72.5,0.0,85.1,0.0,40.9,39.3,0.0,746,STS,UPCOM,Công ty Cổ phần Dịch vụ Vận tải Sài Gòn,
2026-10-02,1.3,0.0,0.0,-7.1,8.3,44.4,0.0,-27.8,1.6,0.9,-18.8,44.4,-3.4,16.7,51.1,1.08,746,STT,UPCOM,Công ty Cổ phần Vận chuyển Sài Gòn Tourist ,
2026-10-02,30.0,0.0,0.0,0.0,0.0,15.4,-13.5,29.7,48.5,25.8,-38.1,16.3,0.0,6.5,48.6,0.0,746,STW,UPCOM,Công ty cổ phần Cấp nước Sóc Trăng,
2026-10-02,17.75,0.05,0.06,7.9,-7.3,0.3,-8.7,3.9,37.916,15.3,-53.2,16.0,2.4,-3.4,51.9,0.75,746,SVC,HOSE,Công ty Cổ phần dịch vụ tổng hợp Sài Gòn ,
2026-10-02,4.99,0.08,0.07,0.8,8.7,45.9,-15.9,53.1,7.48,3.08,-33.3,62.0,11.0,16.5,54.0,0.86,746,SVD,HOSE,Công ty Cổ phần Đầu tư và Thương mại Vũ Đăng,
2026-10-02,4.9,0.0,0.0,-12.5,25.6,-29.0,-31.0,-24.6,8.1,3.6,-39.5,36.1,-17.0,-18.3,75.9,0.15,746,SVG,UPCOM,Công ty cổ phần Hơi Kĩ Nghệ Que Hàn,
2026-10-02,6.0,0.0,0.0,0.0,0.0,0.0,0.0,0.0,6.0,6.0,0.0,0.0,0.0,0.0,0.0,0.0,746,SVH,UPCOM,Công ty cổ phần Thủy điện Sông Vàng,
2026-10-02,3.7,1.57,1.31,12.1,42.3,94.7,19.4,23.3,4.5,1.7,-17.8,117.6,11.6,43.0,63.2,1.26,746,SVN,HNX,Công ty cổ phần Tập đoàn Vexilla Việt Nam,
2026-10-02,9.0,0.05,0.05,-6.9,-4.7,-13.4,-11.5,0.7,10.665,8.8,-15.6,2.3,-4.7,-8.0,25.8,0.88,746,SVT,HOSE,Công ty Cổ phần Công nghệ Sài Gòn Viễn Đông,
2026-10-02,23.9,0.05,0.07,1.3,-3.2,-5.5,-21.6,-9.1,36.1,23.1,-33.8,3.5,0.5,-10.8,33.6,0.68,746,SWC,UPCOM,Tổng Công ty Cổ phần Đường sông Miền Nam ,
2026-10-02,41.4,0.2,0.28,2.7,5.7,11.2,22.4,22.2,42.0,32.206,-1.4,28.5,3.7,10.5,13.6,0.86,746,SZB,HNX,Công ty cổ phần Sonadezi Long Bình,
2026-10-02,16.8,5.42,6.99,-10.1,-20.2,-37.1,-47.9,-50.9,35.478,16.031,-52.6,4.8,-6.5,-30.8,34.4,0.62,746,SZC,HOSE,Công ty cổ phần Sonadezi Châu Đức,
2026-10-02,7.2,0.01,0.01,-5.4,0.9,-15.9,-27.2,-34.0,10.178,6.468,-29.3,11.3,-2.2,-10.5,41.5,0.33,746,SZE,UPCOM,Công ty cổ phần Môi trường Sonadezi,
2026-10-02,33.0,0.0,0.0,0.0,-5.4,-4.9,-8.7,8.5,40.669,29.414,-18.9,12.2,-1.4,-4.0,74.7,0.69,746,SZG,UPCOM,Công ty Cổ phần Sonadezi Giang Điền,
2026-10-02,26.2,0.95,0.75,-10.9,-2.4,-6.3,4.9,21.9,30.633,23.869,-14.5,9.8,-5.5,-4.7,20.0,1.36,746,SZL,HOSE,Công ty Cổ phần Sonadezi Long Thành,
2026-10-02,5.2,0.0,0.0,-14.8,-32.5,-7.1,-21.4,-67.9,9.6,3.548,-45.8,46.6,-25.4,-14.2,87.6,0.35,746,TA6,UPCOM,Công ty cổ phần Đầu tư và Xây lắp Thành An 665,
2026-10-02,10.8,0.08,0.05,6.9,8.8,6.0,-2.4,19.6,11.418,9.661,-5.4,11.8,4.4,4.0,20.5,1.27,746,TA9,HNX,Công ty Cổ phần Xây lắp Thành An 96,
2026-10-02,30.5,0.0,0.05,-4.7,-7.6,77.3,29.2,79.4,33.5,9.8,-9.0,211.2,-5.4,25.4,66.9,0.0,501,TAB,UPCOM,CÔNG TY CỔ PHẦN FRECO VIỆT NAM,
2026-10-02,22.3,0.19,1.25,0.9,,,,,28.2,18.0,-20.9,23.9,-2.5,,30.1,0.16,51,TAH,UPCOM,Cổ phiếu Công ty cổ phần Thương mại Dịch vụ Giấy Thuận An,
2026-10-02,23.0,5.81,5.65,-7.6,-13.2,-27.6,-30.9,89.8,39.265,19.5,-41.4,17.9,-0.9,-20.4,40.1,1.21,670,TAL,HOSE,CTCP Đầu tư Bất động sản Taseco,
2026-10-02,2.3,0.03,0.03,-11.5,-20.7,-32.4,-54.0,-55.8,5.1,2.1,-54.9,9.5,-7.6,-29.6,36.0,0.61,738,TAR,UPCOM,Công ty cổ phần Nông nghiệp Công nghệ cao Trung An,
2026-10-02,21.3,0.0,0.0,0.0,83.6,83.6,-3.8,74.2,30.993,11.6,-31.3,83.6,0.0,41.7,69.7,0.0,746,TAW,UPCOM,Công ty Cổ phần Cấp nước Trung An,
2026-10-02,32.4,0.07,0.08,1.2,-0.3,-0.7,-6.6,-7.5,36.156,30.183,-10.4,7.3,1.2,-1.3,22.9,0.81,746,TBC,HOSE,Công ty Cổ phần Thủy điện Thác Bà,
2026-10-02,94.6,0.0,0.0,-0.0,-27.7,-15.1,-28.8,27.3,145.395,94.119,-34.9,0.5,-2.2,-16.9,45.9,0.0,746,TBD,UPCOM,Tổng Công ty Thiết bị điện Đông Anh,
2026-10-02,6.4,0.0,0.0,-8.6,-19.0,-4.5,-17.7,-2.0,9.2,5.9,-30.4,8.5,-10.6,-11.6,80.2,0.97,746,TBR,UPCOM,Công ty cổ phần Địa ốc Tân Bình,
2026-10-02,11.4,0.0,0.0,0.0,0.0,0.0,0.0,0.0,11.4,11.4,0.0,0.0,0.0,-0.0,0.0,0.0,678,TBW,UPCOM,CTCP Nước sạch Thái Bình,
2026-10-02,32.25,493.5,493.51,-3.4,-4.0,10.7,-15.2,35.7,41.135,27.766,-21.6,16.1,2.8,-0.1,31.8,1.1,746,TCB,HOSE,Ngân hàng Thương mại Cổ phần Kỹ Thương Việt Nam - Techcombank,
2026-10-02,0.8,0.22,0.33,-33.3,-57.7,-57.7,-64.4,-84.5,2.4,0.8,-66.7,0.0,-34.1,-53.5,47.3,1.75,739,TCD,UPCOM,CÔNG TY CỔ PHẦN TẬP ĐOÀN XÂY DỰNG TRACODI,
2026-10-02,10.9,48.94,58.32,-10.5,-16.2,-27.3,-43.0,-18.1,22.728,9.591,-52.0,13.6,-3.6,-20.4,45.2,0.72,746,TCH,HOSE,Công ty Cổ phần Đầu tư Dịch vụ Tài chính Hoàng Huy,
2026-10-02,9.89,0.88,0.54,1.4,-5.4,7.3,-18.3,9.9,12.8,7.78,-22.7,27.1,1.3,-0.3,33.5,0.59,737,TCI,HOSE,Công ty cổ phần Chứng khoán Thành Công,
2026-10-02,3.4,0.0,0.0,0.0,-5.6,-12.8,-12.8,-15.0,3.9,3.4,-12.8,0.0,-2.0,-8.2,9.9,0.0,746,TCJ,UPCOM,Công ty Cổ phần Tô Châu,
2026-10-02,3.0,0.0,0.0,0.0,0.0,0.0,0.0,-23.1,3.0,3.0,0.0,0.0,0.0,0.0,0.0,0.0,746,TCK,UPCOM,Tổng công ty Cơ khí xây dựng - CTCP,
2026-10-02,29.0,0.29,0.3,-1.4,-4.1,-7.6,-9.6,-4.3,33.7,28.7,-13.9,1.0,-1.2,-6.1,11.2,0.7,746,TCL,HOSE,Công ty Cổ phần Đại lý giao nhận Vận tải xếp dỡ Tân Cảng ,
2026-10-02,15.3,12.47,16.85,-11.6,-23.9,-27.2,-43.5,-61.2,27.194,15.15,-43.7,1.0,-7.6,-26.9,24.0,0.86,746,TCM,HOSE,Công ty Cổ phần Dệt may - Đầu tư - Thương mại Thành Công ,
2026-10-02,10.55,4.54,3.9,-6.2,-2.3,-21.6,-4.1,-2.2,16.6,8.01,-36.4,31.7,-2.0,-6.6,40.2,1.38,746,TCO,HOSE,CÔNG TY CỔ PHẦN JANUS GROUP,
2026-10-02,2.03,0.0,0.0,-4.2,-7.7,-25.6,-34.1,-39.9,3.56,1.99,-43.0,2.0,-5.7,-19.5,50.8,0.2,746,TCR,HOSE,Công ty Cổ phần Công Nghiệp Gốm sứ Taicera ,
2026-10-02,17.8,0.01,0.01,0.8,-2.7,-9.4,-11.2,4.9,22.3,17.15,-20.2,3.8,0.0,-6.6,23.7,0.14,746,TCT,HOSE,Công ty Cổ phần Cáp treo Núi Bà Tây Ninh ,
2026-10-02,29.6,0.05,0.07,1.0,2.1,1.2,2.8,13.2,33.7,27.951,-12.2,5.9,1.0,0.3,16.4,0.45,746,TCW,UPCOM,Công ty Cổ phần Kho vận Tân Cảng,
2026-10-02,27.9,69.53,64.33,-17.9,-25.6,-19.1,,,44.537,27.9,-37.4,0.0,-13.9,-20.1,36.8,1.31,236,TCX,HOSE,Công ty Cổ phần Chứng khoán Techcombank,
2026-10-02,6.0,0.21,0.17,5.0,-1.4,-20.6,-18.6,,8.758,5.163,-31.5,16.2,6.6,-7.7,34.6,0.8,325,TD6,HNX,Công ty cổ phần Than Đèo Nai - Cọc Sáu - TKV,
2026-10-02,39.5,0.04,0.02,0.0,0.0,4.7,7.4,17.1,43.286,32.441,-8.7,21.8,-0.2,2.4,25.3,1.1,746,TDB,UPCOM,Công ty cổ phần Thủy điện Định Bình,
2026-10-02,6.5,0.41,1.25,-9.7,-29.3,-35.7,-43.9,-29.6,11.903,6.11,-45.4,6.4,-7.9,-30.3,20.9,0.46,746,TDC,HOSE,Công ty Cổ phần Kinh doanh và Phát triển Bình Dương,
2026-10-02,7.2,0.01,0.01,2.9,-18.2,-20.9,-21.7,-49.6,9.5,6.3,-24.2,14.3,-3.0,-13.7,53.8,0.73,746,TDF,UPCOM,Công ty cổ phần Trung Đô,
2026-10-02,2.08,0.05,0.11,-10.0,-12.6,-18.4,-34.8,-50.6,3.3,2.03,-37.0,2.5,-11.5,-20.1,34.1,0.38,746,TDG,HOSE,Công ty Cổ phần Đầu tư TDG GLOBAL,
2026-10-02,2.96,0.08,0.13,-10.0,-18.9,-18.7,-42.4,6.9,5.45,2.9,-45.7,2.1,-8.5,-21.1,31.4,0.31,746,TDH,HOSE,Công ty Cổ phần Phát triển nhà Thủ Đức,
2026-10-02,58.6,0.31,1.8,-1.2,2.2,7.6,6.0,29.1,62.5,50.357,-6.2,16.4,-0.9,4.1,26.2,0.24,746,TDM,HOSE,Công ty cổ phần Nước Thủ Dầu Một,
2026-10-02,27.45,8.23,7.23,-4.1,5.6,2.4,-3.2,-3.2,32.591,21.413,-15.8,28.2,-1.1,2.0,40.8,1.28,746,TDP,HOSE,Công ty cổ phần Thuận Đức,
2026-10-02,8.2,0.0,0.01,-1.2,-1.2,-3.5,-3.5,-27.4,9.3,7.2,-11.8,13.9,0.8,-0.9,35.9,0.15,746,TDS,UPCOM,Công ty Cổ phần thép Thủ Đức,
2026-10-02,6.3,0.27,0.23,-1.8,-6.0,-9.7,6.8,7.9,7.152,5.543,-11.9,13.7,-2.8,-2.1,19.1,1.13,746,TDT,HNX,Công ty Cổ phần Đầu tư và Phát triển TDT,
2026-10-02,47.7,0.02,0.01,1.0,2.3,5.9,3.6,20.6,49.818,37.927,-4.3,25.8,4.3,5.5,34.3,1.5,746,TDW,HOSE,Công ty Cổ phần Cấp nước Thủ Đức,
2026-10-02,73.5,0.01,0.01,19.5,15.4,25.6,44.7,54.3,79.319,44.979,-7.3,63.4,13.5,15.7,89.3,0.77,746,TED,UPCOM,Tổng công ty Tư vấn thiết kế Giao thông vận tải -CTCP,
2026-10-02,5.8,0.86,0.41,-3.3,-3.2,-2.7,-12.7,-32.2,7.5,5.51,-22.7,5.3,-2.3,-4.7,33.4,2.48,746,TEG,HOSE,Công ty Cổ phần Trường Thành Energy Group,
2026-10-02,50.0,0.0,0.01,0.0,16.3,71.8,67.2,64.5,52.0,29.1,-3.8,71.8,1.4,23.8,40.1,0.03,746,TET,HNX,Công Ty Cổ Phần Bất Động Sản Pristie,
2026-10-02,41.8,0.01,0.01,2.5,-9.4,-16.7,-32.2,98.9,62.621,36.149,-33.2,15.6,-0.8,-6.9,41.8,0.04,746,TFC,HNX,Công ty cổ phần Trang,
2026-10-02,2.3,0.0,0.0,0.0,0.0,0.0,0.0,0.0,2.3,2.3,0.0,0.0,0.0,-0.0,0.0,0.0,737,TGG,UPCOM,Công ty cổ phần The Golden Group,
2026-10-02,7.6,0.01,0.03,16.9,13.4,38.2,24.2,83.6,9.2,4.6,-17.4,65.2,14.8,20.4,113.9,0.54,746,TGP,UPCOM,Công ty Cổ phần Trường Phú ,
2026-10-02,5.9,0.02,0.05,-4.8,11.3,145.8,96.7,73.5,9.2,2.0,-35.9,195.0,-8.9,27.8,95.9,0.38,746,TH1,UPCOM,Công ty Cổ phần Xuất nhập khẩu Tổng hợp I Việt Nam ,
2026-10-02,8.5,0.0,0.0,-4.4,-5.4,-5.4,-9.4,-23.4,10.454,8.011,-18.7,6.1,-2.9,-4.8,33.6,0.49,746,THB,HNX,Công ty Cổ phần Bia Hà Nội - Thanh Hóa,
2026-10-02,109.0,0.77,1.36,-22.3,-26.0,249.4,297.8,207.0,220.0,25.9,-50.5,320.8,-18.2,32.3,65.6,0.26,746,THD,HNX,CÔNG TY CỔ PHẦN THAIHOLDINGS,
2026-10-02,27.95,0.35,0.57,-6.1,-16.8,-26.5,-33.6,-4.5,45.414,27.5,-38.5,1.6,-2.4,-20.4,18.5,0.61,746,THG,HOSE,Công ty Cổ phần Đầu tư và Xây dựng Tiền Giang ,
2026-10-02,9.5,0.03,0.01,4.4,6.7,17.3,11.8,31.9,10.7,6.8,-11.2,39.7,2.7,8.9,47.0,0.8,736,THM,UPCOM,Công ty Cổ phần Tứ Hải Hà Nam,
2026-10-02,5.6,0.0,0.0,40.0,95.3,95.3,95.3,95.3,5.6,2.868,0.0,95.3,24.0,70.7,47.7,2.99,746,THN,UPCOM,Công ty cổ phần Cấp nước Thanh Hóa,
2026-10-02,9.3,0.01,0.01,3.3,-2.1,5.7,15.5,18.8,10.3,7.762,-9.7,19.8,3.0,0.7,41.3,0.93,746,THP,UPCOM,Công ty cổ phần Thủy sản và Thương mại Thuận Phước,
2026-10-02,9.2,0.0,0.0,0.0,1.1,0.3,-19.9,-26.2,11.49,9.1,-19.9,1.1,-1.4,-3.1,22.7,0.01,746,THS,HNX,Công ty Cổ phần Thanh Hoa - Sông Đà,
2026-10-02,6.9,0.09,0.07,-2.8,-14.8,-17.7,-7.6,-35.7,9.84,6.651,-29.9,3.7,-3.7,-11.3,28.4,0.68,746,THT,HNX,Công ty Cổ phần than Hà Tu – Vinacomin,
2026-10-02,11.0,0.0,0.0,-12.7,4.8,10.0,-12.7,22.6,14.5,10.0,-24.1,10.0,-6.9,1.1,42.6,1.56,746,THU,UPCOM,Công ty Cổ phần Môi trường và Công trình đô thị Thanh Hóa,
2026-10-02,16.1,0.01,0.0,-10.6,3.9,-5.0,18.8,28.7,21.201,13.553,-24.1,18.8,-7.1,-5.1,57.1,2.83,746,THW,UPCOM,Công ty cổ phần cấp nước Tân Hòa,
2026-10-02,20.8,0.09,0.07,12.4,9.5,3.9,-8.6,-3.1,24.346,15.792,-14.6,31.7,7.8,3.6,45.0,0.74,746,TID,UPCOM,Công ty cổ phần Tổng công ty Tín Nghĩa,
2026-10-02,2.8,0.0,0.0,-12.5,-9.7,-12.5,-33.3,-31.7,4.8,2.8,-41.7,0.0,-11.8,-14.6,57.8,0.34,746,TIE,UPCOM,Công ty Cổ phần TIE,
2026-10-02,5.6,3.45,3.37,-8.2,-11.1,-18.8,-34.9,-58.2,9.2,5.5,-39.1,1.8,-3.9,-19.4,33.1,1.07,746,TIG,HNX,Công ty Cổ phần Tập đoàn Đầu tư Thăng long,
2026-10-02,99.0,0.99,1.91,-10.6,-11.2,-40.4,86.8,816.7,180.0,49.0,-45.0,102.0,-6.6,-10.5,66.9,0.47,746,TIN,UPCOM,Công ty Tài chính tổng hợp cổ phần Tín Việt,
2026-10-02,15.85,0.4,0.54,-1.6,-6.2,-7.0,-9.3,-13.6,19.388,15.458,-18.2,2.5,-0.7,-5.5,17.2,0.78,746,TIP,HOSE,Công ty Cổ phần Phát triển Khu công nghiệp Tín Nghĩa,
2026-10-02,4.0,0.01,0.03,-2.4,-11.1,-18.4,-21.6,-45.2,5.7,3.8,-29.8,5.3,-3.8,-14.3,45.1,0.4,746,TIS,UPCOM,Công ty Cổ phần Gang thép Thái Nguyên ,
2026-10-02,40.65,0.0,0.0,4.2,-0.9,3.4,1.2,42.5,47.638,35.45,-14.7,14.7,3.2,0.1,27.0,0.15,746,TIX,HOSE,Công ty Cổ phần Sản xuất Kinh doanh Xuất nhập khẩu Dịch vụ và Đầu tư Tân Bình ,
2026-10-02,9.2,0.03,0.02,9.5,2.2,-42.9,-4.0,-19.1,21.825,7.053,-57.8,30.4,3.6,-9.4,67.5,0.37,746,TJC,HNX,Công ty Cổ phần Dịch vụ Vận tải và Thương mại ,
2026-10-02,3.0,0.0,0.0,0.0,0.0,0.0,0.0,0.0,3.0,3.0,0.0,0.0,0.0,0.0,0.0,0.0,746,TKA,UPCOM,Công ty Cổ phần Bao bì Tân Khánh An,
2026-10-02,11.9,0.01,0.01,8.2,-2.1,-20.3,-11.2,-13.8,15.693,9.569,-24.2,24.4,2.4,-3.2,74.6,0.59,746,TKU,HNX,Công ty Cổ phần Công nghiệp Tung Kuang,
2026-10-02,9.5,0.04,0.03,18.8,11.8,-19.5,-12.0,33.8,13.5,7.9,-29.6,20.3,7.6,-11.5,58.1,1.98,746,TL4,UPCOM,Tổng Công ty Xây dựng Thủy lợi 4 ,
2026-10-02,8.07,1.8,1.51,-2.5,-5.1,-2.3,-0.6,48.1,8.7,7.66,-7.2,5.4,-2.4,-3.3,12.5,1.04,746,TLD,HOSE,Công ty Cổ phần Đầu tư Xây dựng và Phát triển Đô thị Thăng Long,
2026-10-02,54.5,11.73,7.88,3.2,12.2,14.8,20.9,39.9,58.269,42.241,-6.5,29.0,6.8,11.0,28.0,1.58,746,TLG,HOSE,Công ty Cổ phần Tập đoàn Thiên Long,
2026-10-02,2.86,0.41,0.48,-27.6,-34.9,-36.6,-48.2,-50.0,5.77,2.86,-50.4,0.0,-24.0,-35.7,23.9,0.84,746,TLH,HOSE,Công ty Cổ phần Tập đoàn thép Tiến Lên,
2026-10-02,7.0,0.19,0.22,-36.4,6.1,-10.3,2.9,14.3,12.6,5.7,-44.4,22.8,-2.8,-0.5,84.4,2.1,746,TLP,UPCOM,Tổng công ty Thương mại Xuất nhập khẩu Thanh Lễ – CTCP,
2026-10-02,42.0,0.52,0.21,-12.3,-18.9,-21.0,-28.5,-32.2,61.783,41.0,-32.0,2.4,-11.0,-17.6,27.5,3.15,746,TMB,HNX,Công ty Cổ phần Kinh doanh Than miền Bắc - Vinacomin,
2026-10-02,7.0,0.01,0.01,9.4,-9.1,-5.6,-4.4,-7.8,8.08,6.1,-13.4,14.8,3.8,-5.1,40.7,1.34,746,TMC,HNX,Công ty Cổ phần Thương mại Xuất nhập khẩu Thủ Đức,
2026-10-02,65.0,0.0,0.01,19.7,0.8,-1.4,5.3,46.1,75.29,54.3,-13.7,19.7,5.8,-0.2,78.1,0.25,746,TMG,UPCOM,Công ty cổ phần Kim loại màu Thái Nguyên - Vimico,
2026-10-02,51.0,0.05,0.06,-2.5,10.9,-4.1,-13.4,-14.4,60.325,43.028,-15.5,18.5,1.2,0.1,29.0,0.43,746,TMP,HOSE,Công ty Cổ phần Thủy điện Thác Mơ,
2026-10-02,31.5,0.0,0.02,-5.0,-9.4,-16.3,-14.5,-27.1,39.646,31.17,-20.5,1.1,-5.6,-12.5,24.0,0.08,746,TMS,HOSE,CÔNG TY CỔ PHẦN TRANSIMEX,
2026-10-02,11.3,0.08,0.08,1.8,-1.7,-1.3,4.6,65.2,15.6,8.89,-27.6,27.1,1.3,-6.2,46.4,0.35,746,TMT,HOSE,Công ty Cổ phần Ô tô TMT ,
2026-10-02,22.0,0.0,0.0,0.0,-0.0,2.6,-11.1,27.9,24.751,21.084,-11.1,4.3,-0.0,1.0,14.4,0.0,746,TMW,UPCOM,Công ty Cổ phần tổng hợp gỗ Tân Mai,
2026-10-02,8.7,0.0,0.0,2.4,7.4,2.4,-15.5,-8.3,10.3,7.4,-15.5,17.6,3.5,3.3,27.8,0.5,746,TMX,HNX,Công ty Cổ phần Vicem Thương mại xi măng ,
2026-10-02,11.2,0.03,0.03,-13.8,-12.0,-18.7,-11.7,34.5,17.371,11.2,-35.5,0.0,-10.3,-13.9,40.2,0.76,746,TN1,HOSE,CÔNG TY CỔ PHẦN ROX KEY HOLDINGS,
2026-10-02,3.7,0.0,0.0,0.0,0.0,0.0,0.0,-1.9,3.7,3.7,0.0,0.0,0.0,-0.0,0.0,0.0,738,TNA,UPCOM,Công ty Cổ phần Thương Mại Xuất Nhập Khẩu Thiên Nam,
2026-10-02,10.5,0.0,0.0,0.0,4.0,18.0,11.7,25.0,10.9,7.0,-3.7,50.0,1.6,7.2,50.7,0.0,746,TNB,UPCOM,Công ty Cổ phần Thép Nhà Bè - VNSTEEL,
2026-10-02,26.6,0.02,0.01,6.4,-10.9,4.4,-4.1,-17.1,31.487,22.736,-15.5,17.0,-0.5,-5.0,56.8,3.06,746,TNC,HOSE,Công ty Cổ phần Cao su Thống Nhất,
2026-10-02,16.6,4.6,6.59,-1.8,-9.4,-20.4,-2.8,-19.3,25.822,14.26,-35.7,16.4,-0.4,-10.6,38.0,0.49,746,TNG,HNX,Công ty Cổ phần Đầu tư và Thương mại TNG,
2026-10-02,5.82,1.06,0.84,-29.4,-27.6,-42.1,-57.2,-65.3,13.95,5.75,-58.3,1.2,-24.9,-40.4,24.2,1.23,746,TNH,HOSE,CÔNG TY CỔ PHẦN TẬP ĐOÀN BỆNH VIỆN TNH ,
2026-10-02,4.65,2.12,6.35,-15.5,-8.6,-5.9,-32.2,97.9,7.68,3.91,-39.5,18.9,-20.0,-10.1,53.0,0.71,746,TNI,HOSE,Công ty Cổ phần Tập đoàn Thành Nam,
2026-10-02,19.6,0.0,0.0,-5.8,-0.2,25.3,-12.5,-18.2,27.0,15.2,-27.4,28.9,-3.3,-0.7,66.9,4.49,746,TNP,UPCOM,Công ty cổ phần Cảng Thị Nại,
2026-10-02,3.8,0.01,0.01,11.8,5.6,0.0,-2.6,-32.1,4.2,2.7,-9.5,40.7,6.7,11.7,44.6,0.6,746,TNS,UPCOM,Công ty Cổ phần Thép Tấm Lá Thống Nhất,
2026-10-02,10.4,0.12,0.26,0.0,-9.6,35.1,38.7,148.8,12.45,6.78,-16.5,53.4,6.7,8.1,50.0,0.17,746,TNT,HOSE,Công ty cổ phần tập đoàn TNT,
2026-10-02,13.6,0.01,0.01,-2.2,5.4,22.1,23.1,40.7,14.5,9.003,-6.2,51.1,-1.0,11.7,54.6,0.82,746,TNW,UPCOM,Công ty Cổ phần Nước sạch Thái Nguyên,
2026-10-02,0.9,0.0,0.0,0.0,0.0,0.0,0.0,-25.0,0.9,0.9,0.0,0.0,0.0,-0.0,0.0,0.0,746,TOP,UPCOM,Công ty Cổ phần Phân phối Top One,
2026-10-02,79.8,2.59,3.05,-17.3,-23.6,-21.5,13.4,241.8,117.058,67.988,-31.8,17.4,-13.9,-19.3,38.8,1.22,746,TOS,UPCOM,Công ty Cổ phần Dịch vụ biển Tân Cảng,
2026-10-02,14.0,0.01,0.01,-1.4,-7.9,1.1,4.9,0.5,15.5,12.576,-9.7,11.3,-1.9,-0.1,26.3,0.56,746,TOT,HNX,Công ty cổ phần Transimex Logistics,
2026-10-02,32.9,0.0,0.0,8.6,6.1,1.0,3.9,89.5,38.097,28.458,-13.6,15.6,-0.4,0.8,37.6,0.46,746,TOW,UPCOM,Công ty cổ phần Cấp nước Trà Nóc - Ô Môn,
2026-10-02,11.9,110.85,105.73,-3.2,-14.3,-11.4,-20.8,-8.8,16.109,11.542,-26.1,3.1,-1.6,-11.1,27.4,0.97,746,TPB,HOSE,Ngân hàng Thương mại cổ phần Tiên Phong,
2026-10-02,11.9,1.67,0.57,9.2,8.2,7.7,3.5,98.3,13.8,5.96,-13.8,99.7,8.9,8.5,48.5,2.19,746,TPC,HOSE,Công ty Cổ phần Nhựa Tân Đại Hưng,
2026-10-02,10.1,0.0,0.54,-3.8,3.1,-2.9,-7.3,-12.7,13.0,8.9,-22.3,13.5,1.1,-2.0,43.2,0.0,746,TPP,HNX,Công Ty Cổ Phần Tân Phú Việt Nam,
2026-10-02,56.0,0.01,0.0,-3.4,18.1,-12.5,31.6,135.1,64.002,41.3,-12.5,35.6,0.9,7.7,38.5,2.35,746,TPS,UPCOM,Công ty Cổ phần Bến bãi vận tải Sài Gòn,
2026-10-02,7.0,0.0,0.0,0.0,0.0,0.0,0.0,0.0,7.0,7.0,0.0,0.0,0.0,0.0,0.0,0.0,746,TQW,UPCOM,Công ty Cổ phần Cấp thoát nước Tuyên Quang,
2026-10-02,16.6,0.0,0.0,0.0,0.6,0.6,12.8,36.0,16.6,14.27,0.0,16.3,1.2,2.6,27.8,0.06,746,TR1,UPCOM,Công ty Cổ phần Vận tải 1 Traco,
2026-10-02,36.65,0.16,0.19,-0.9,-6.0,6.8,14.9,5.2,40.315,29.868,-9.1,22.7,-1.6,0.4,24.0,0.56,746,TRA,HOSE,Công ty Cổ phần Traphaco ,
2026-10-02,24.15,5.18,2.9,9.4,21.1,41.0,42.6,162.8,25.3,15.546,-4.5,55.3,16.4,27.7,30.3,2.61,746,TRC,HOSE,Công ty Cổ phần Cao su Tây Ninh,
2026-10-02,30.8,0.0,0.0,-0.0,-3.4,-12.8,-2.6,30.5,40.566,22.537,-24.1,36.7,1.3,1.7,83.8,0.85,746,TRS,UPCOM,CTCP vận tải và dịch vụ hàng hải,
2026-10-02,8.5,0.01,0.0,136.1,136.1,136.1,44.1,-19.0,8.5,3.6,0.0,136.1,87.3,112.1,65.7,6.0,746,TRT,UPCOM,Công ty cổ phần RedstarCera,
2026-10-02,10.0,0.17,0.24,-13.8,-14.5,-25.9,-32.0,,16.4,9.9,-39.0,1.0,-9.7,-21.6,39.4,1.14,322,TRV,UPCOM,Công ty cổ phần Vận tải Đường sắt,
2026-10-02,5.1,0.05,0.03,-3.8,-1.9,-12.1,-16.4,-1.9,7.5,4.7,-32.0,8.5,-3.4,-9.7,58.8,0.95,746,TS3,UPCOM,Công ty cổ phần Trường Sơn 532,
2026-10-02,13.2,0.34,0.92,-14.6,-14.0,-10.9,4.8,20.4,16.95,12.108,-22.1,9.0,-13.0,-11.3,29.4,0.26,561,TSA,HOSE,Công ty cổ phần Đầu tư và Xây lắp Trường Sơn,
2026-10-02,18.1,0.11,0.17,-18.5,-17.7,-8.1,-48.9,-59.1,37.9,16.8,-52.2,7.7,-8.8,-17.4,52.8,0.92,746,TSB,HNX,Công ty Cổ phần Ắc quy Tia sáng,
2026-10-02,1.77,0.26,0.24,-13.7,-22.0,-26.9,-43.1,-38.3,3.56,1.71,-50.3,3.5,-9.8,-26.7,31.2,0.87,746,TSC,HOSE,Công ty Cổ phần Vật tư kỹ thuật nông nghiệp Cần Thơ,
2026-10-02,3.1,0.0,0.0,-3.1,-8.8,-38.0,-43.6,-34.0,6.3,2.7,-50.8,14.8,-9.3,-25.2,91.0,0.18,746,TSD,UPCOM,Công ty Cổ phần Du lịch Trường Sơn Coecco,
2026-10-02,8.9,0.0,0.0,0.0,0.0,0.0,-2.0,-37.4,11.926,8.9,-25.4,0.0,0.0,-5.1,28.3,0.0,746,TSG,UPCOM,Công ty Cổ phần Thông tin Tín hiệu Đường sắt Sài Gòn,
2026-10-02,23.6,0.0,0.0,2.2,2.1,-36.5,-37.8,7.7,46.495,16.976,-49.2,39.0,8.5,-18.8,114.3,0.16,746,TSJ,UPCOM,Công ty Cổ phần Du lịch Dịch vụ Hà Nội,
2026-10-02,10.0,0.0,0.01,23.5,40.8,33.3,1.0,163.2,10.6,6.0,-5.7,66.7,12.5,24.3,65.7,0.1,746,TST,UPCOM,Công ty Cổ phần Dịch vụ Kỹ thuật Viễn thông,
2026-10-02,11.1,0.01,0.08,-11.2,22.0,137.8,106.9,81.4,14.7,4.2,-24.5,164.3,-3.6,46.2,62.8,0.09,539,TT6,UPCOM,Công ty cổ phần Tập đoàn Tiến Thịnh,
2026-10-02,10.8,1.33,2.67,-6.5,-5.7,-8.9,-9.6,13.9,12.85,10.1,-16.0,6.9,-3.0,-2.3,26.2,0.3,746,TTA,HOSE,Công ty Cổ phần Đầu tư Xây dựng và Phát triển Trường Thành,
2026-10-02,1.8,0.0,0.0,0.0,0.0,0.0,0.0,0.0,1.8,1.8,0.0,0.0,0.0,-0.0,0.0,0.0,737,TTB,UPCOM,Công ty cổ phần TTBGROUP,
2026-10-02,8.5,0.01,0.01,-7.6,-5.6,-5.6,22.7,-9.2,10.7,6.57,-20.6,29.4,-5.2,-4.4,56.7,0.94,746,TTC,HNX,Công ty Cổ phần Gạch men Thanh Thanh,
2026-10-02,93.7,0.02,0.03,7.1,-4.5,52.5,147.2,221.3,123.517,37.908,-24.1,147.2,-2.5,35.2,99.8,0.76,746,TTD,UPCOM,Công ty cổ phần Bệnh viện Tim Tâm Đức,
2026-10-02,33.95,0.0,0.0,0.0,0.0,0.1,-14.2,61.7,39.55,33.9,-14.2,0.1,0.0,-3.1,14.1,0.0,746,TTE,HOSE,Công ty cổ phần Đầu tư Năng lượng Trường Thịnh,
2026-10-02,1.44,1.6,1.09,-15.3,-31.1,-45.0,-52.6,-56.4,4.23,1.38,-66.0,4.3,-14.4,-40.7,36.4,1.64,746,TTF,HOSE,Công ty Cổ phần Tập đoàn Kỹ nghệ gỗ Trường Thành ,
2026-10-02,20.5,0.28,0.33,-7.7,60.2,38.5,84.7,51.9,27.0,8.8,-24.1,133.0,8.7,41.7,103.3,0.75,746,TTG,UPCOM, Công ty Cổ phần Royal Healthtech TTG,
2026-10-02,2.1,0.69,0.59,5.0,-8.7,-12.5,-22.2,-30.0,2.8,1.9,-25.0,10.5,1.3,-7.8,52.6,1.79,746,TTH,HNX,Công ty Cổ phần Thương mại và Dịch vụ Tiến Thành,
2026-10-02,9.2,0.01,0.01,12.2,16.5,19.5,8.2,22.7,11.0,6.5,-16.4,41.5,11.2,12.9,61.2,0.7,746,TTL,HNX,Tổng công ty xây dựng Thăng Long - Công ty cổ phần,
2026-10-02,11.8,0.11,0.15,-5.6,-14.5,-19.9,-24.3,-7.5,20.897,10.7,-43.5,10.3,-3.5,-16.7,29.2,0.53,746,TTN,UPCOM,Công ty Cổ phần Công nghệ và Truyền thông Việt Nam,
2026-10-02,7.3,0.0,0.0,25.9,-54.9,-8.8,46.0,46.0,16.4,4.5,-55.5,62.2,16.7,-15.4,100.9,1.4,746,TTS,UPCOM,Công ty cổ phần Cán thép Thái Trung,
2026-10-02,31.8,0.01,0.01,2.6,-2.8,-5.1,-2.5,4.9,39.316,30.5,-19.1,4.3,0.8,-3.9,29.5,0.54,746,TTT,HNX,Công ty Cổ phần Du lịch - Thương mại Tây Ninh,
2026-10-02,1.8,0.0,0.0,0.0,0.0,0.0,0.0,0.0,1.8,1.8,0.0,0.0,0.0,-0.0,0.0,0.0,739,TTZ,UPCOM,Công ty Cổ phần Đầu tư Xây dựng và Công nghệ Tiến Trung,
2026-10-02,17.5,0.01,0.0,-9.8,-13.4,-15.4,17.6,39.0,24.8,13.796,-29.4,26.8,-9.5,-11.9,74.1,3.75,746,TUG,UPCOM,Công ty cổ phần Lai dắt và Vận tải Cảng Hải Phòng,
2026-10-02,20.4,0.61,0.61,-0.5,-9.7,-41.9,-13.8,-4.4,41.0,19.2,-50.2,6.2,1.9,-18.5,42.0,0.56,746,TV1,UPCOM,Công ty Cổ phần Tư vấn xây dựng điện 1,
2026-10-02,25.35,2.24,2.92,-5.6,-11.5,-31.8,-24.9,-12.5,44.2,23.0,-42.6,10.2,-1.8,-20.3,33.0,0.42,746,TV2,HOSE,Công ty Cổ phần Tư vấn Xây dựng điện 2,
2026-10-02,15.2,0.02,0.01,0.2,-2.3,-4.7,-11.7,42.8,18.077,13.534,-15.9,12.3,1.6,-2.6,51.3,1.17,746,TV3,HNX,Công ty Cổ phần Tư vấn xây dựng điện 3,
2026-10-02,13.0,0.03,0.08,0.0,-6.5,-15.0,-13.5,4.5,16.7,12.5,-22.2,4.0,-1.5,-7.8,35.0,0.21,746,TV4,HNX,Công ty Cổ phần Tư vấn xây dựng điện 4,
2026-10-02,5.9,0.0,0.0,-16.9,-35.2,-9.2,-46.4,-28.9,10.0,5.5,-41.0,7.3,-10.8,-19.2,86.1,1.5,746,TV6,UPCOM,CÔNG TY CỔ PHẦN TẬP ĐOÀN EMA LAND,
2026-10-02,13.0,0.0,0.0,0.0,0.0,0.0,7.7,25.0,13.279,11.608,-2.1,12.0,0.0,1.1,17.7,0.77,746,TVA,UPCOM,Công ty Cổ phần Sứ Viglacera Thanh Trì,
2026-10-02,6.18,0.06,0.07,-13.3,-18.7,-17.2,-33.5,-33.0,10.05,5.75,-38.5,7.5,-8.4,-17.0,26.8,0.53,746,TVB,HOSE,Công Ty Cổ Phần Chứng Khoán T-Cap,
2026-10-02,6.9,0.05,0.22,-11.5,-32.4,-10.4,-37.3,-33.0,12.6,6.8,-45.2,1.5,-10.9,-16.7,32.4,0.03,746,TVC,HNX,Công ty cổ phần Tập đoàn Quản lý Tài sản T-Corp,
2026-10-02,8.8,0.31,0.23,4.8,-3.3,-14.0,-8.1,-13.8,12.648,8.3,-30.4,6.0,1.0,-6.4,29.0,0.76,746,TVD,HNX,Công ty Cổ phần than Vàng Danh - Vinacomin ,
2026-10-02,11.7,0.0,0.0,-14.6,-26.9,-26.9,-26.9,41.2,16.0,11.7,-26.9,0.0,-14.1,-24.1,22.3,0.47,746,TVG,UPCOM,Công ty Cổ phần Tư vấn đầu tư và Xây dựng giao thông vận tải,
2026-10-02,130.0,0.0,0.0,-4.1,30.7,50.4,504.5,1009.8,135.5,21.506,-4.1,504.5,4.5,38.1,77.4,0.27,746,TVH,UPCOM,Công ty cổ phần Tư vấn Xây dựng công trình Hàng hải,
2026-10-02,6.7,0.0,0.0,0.0,1.5,-29.7,-29.7,-23.4,9.534,5.775,-29.7,16.0,0.0,-15.3,52.5,0.0,746,TVM,UPCOM,Công ty cổ phần Tư vấn Đầu tư Mỏ và Công nghiệp - Vinacomin,
2026-10-02,9.0,3.28,4.85,-2.0,-18.4,12.1,14.9,3.4,11.894,6.962,-24.3,29.3,1.2,0.8,51.4,0.51,746,TVN,UPCOM,Tổng công ty Thép Việt Nam - CTCP,
2026-10-02,14.3,3.15,2.96,1.1,3.7,14.2,-5.6,-18.9,15.95,11.729,-10.3,21.9,3.4,7.5,31.7,1.22,746,TVS,HOSE,Công ty Cổ phần Chứng Khoán Thiên Việt,
2026-10-02,16.3,0.06,0.04,5.8,7.6,7.2,8.4,18.5,16.561,14.0,-1.6,16.4,6.4,7.4,33.7,1.68,746,TVT,HOSE,Tổng công ty Việt Thắng - CTCP,
2026-10-02,12.0,0.0,0.0,0.0,0.0,0.0,-16.7,5.6,30.001,12.0,-60.0,0.0,0.0,-2.8,53.0,0.0,746,TW3,UPCOM,Công ty Cổ phần Dược Trung Ương 3,
2026-10-02,3.6,0.02,0.01,-18.2,-26.5,-21.7,-23.4,-26.5,5.6,3.6,-35.7,0.0,-16.0,-20.5,60.7,1.35,746,TXM,HNX,Công ty Cổ phần VICEM Thạch cao Xi măng,
2026-10-02,16.9,0.06,0.07,0.3,0.3,5.5,3.1,56.5,18.893,14.887,-10.5,13.5,0.3,1.1,27.9,0.44,746,TYA,HOSE,Công ty Cổ phần Dây và Cáp điện Taya Việt Nam ,
2026-10-02,9.1,0.0,0.0,30.0,30.0,30.0,30.0,24.7,9.7,6.4,-6.2,42.2,21.9,27.9,41.1,6.0,746,UCT,UPCOM,Công ty cổ phần Đô thị Cần Thơ,
2026-10-02,2.6,0.03,0.03,-7.1,-10.3,-23.5,-35.0,-29.7,4.3,2.4,-39.5,8.3,-6.9,-18.8,57.0,0.88,746,UDC,UPCOM,Công ty Cổ phần Đầu tư Xây dựng UDCons,
2026-10-02,6.5,0.13,0.08,4.5,-0.1,4.5,-5.6,-16.4,7.637,5.092,-14.9,27.7,7.1,1.4,37.9,1.58,746,UDJ,UPCOM,Công ty Cổ phần Phát triển Đô thị - Becamex UDJ,
2026-10-02,28.0,0.0,0.0,7.7,-24.7,30.2,97.8,238.7,38.754,14.157,-27.7,97.8,-12.0,16.3,58.8,0.53,746,UDL,UPCOM,Công ty Cổ phần Đô thị và Môi trường Đắk Lắk,
2026-10-02,9.0,0.0,0.0,-10.0,-10.0,-41.2,-41.2,-33.9,15.301,9.0,-41.2,0.0,-6.8,-30.6,54.4,1.38,746,UEM,UPCOM,Công ty Cổ phần cơ điện Uông Bí,
2026-10-02,54.2,0.06,0.08,-4.6,-6.6,-12.0,11.0,40.8,69.0,46.8,-21.4,15.8,-2.8,-8.9,30.7,0.53,746,UIC,HOSE,Công ty Cổ phần Đầu tư phát triển Nhà và Đô thị IDICO ,
2026-10-02,11.6,0.01,0.04,-12.8,,,,,31.3,11.4,-62.9,1.8,,,109.5,0.38,38,ULG,UPCOM,Cổ phiếu Công ty cổ phần Logistics U&I,
2026-10-02,6.7,0.0,0.0,0.0,0.0,0.0,0.0,0.0,6.7,6.7,0.0,0.0,0.0,-0.0,0.0,0.0,746,UMC,UPCOM,Công ty Cổ phần Công trình đô thị Nam Định,
2026-10-02,8.2,0.02,0.02,17.1,13.9,6.5,-19.6,15.5,10.9,6.0,-24.8,36.7,14.1,4.8,50.8,0.01,746,UNI,HNX,Công ty Cổ phần Đầu tư và Phát triển Sao Mai Việt,
2026-10-02,33.0,0.0,0.0,-2.1,1.2,5.4,22.8,46.9,38.6,19.6,-14.5,68.4,2.2,16.6,91.8,0.04,746,UPC,UPCOM,Công ty cổ phần Phát triển công viên cây xanh và Đô thị Vũng Tàu,
2026-10-02,5.9,0.0,0.0,78.8,15.7,47.5,-38.5,-29.8,12.0,3.3,-50.8,78.8,58.9,2.4,128.0,0.21,746,UPH,UPCOM,Công ty Cổ phần Dược phẩm TW25,
2026-10-02,21.6,0.0,0.0,14.9,-16.9,-4.8,,,41.5,14.5,-48.0,49.0,-9.2,,100.5,0.11,135,UPS,UPCOM,Cổ phiếu Công ty cổ phần Chứng khoán UP,
2026-10-02,9.8,0.0,0.0,2.1,-5.8,-18.3,6.3,-0.1,13.0,8.5,-24.6,15.3,3.3,-8.7,46.7,0.13,746,USC,UPCOM,Công ty Cổ phần Khảo sát và Xây dựng - USCO,
2026-10-02,16.6,0.01,0.01,0.0,-2.9,2.4,3.2,-0.5,18.5,15.339,-10.3,8.2,-0.3,0.7,18.5,0.3,746,USD,UPCOM,Công ty cổ phần Công trình Đô thị Sóc Trăng,
2026-10-02,9.2,0.0,0.0,0.0,0.0,0.0,,,9.2,9.2,0.0,0.0,0.0,-0.0,0.0,0.0,238,UTT,UPCOM,Công ty Cổ phần Môi trường Nam Thành,
2026-10-02,1.2,0.0,0.0,9.1,9.1,0.0,-60.0,,3.0,1.0,-60.0,20.0,6.0,-6.7,44.9,1.7,434,UXC,UPCOM,CÔNG TY CỔ PHẦN CHẾ BIẾN THỦY SẢN ÚT XI ,
2026-10-02,10.2,0.0,0.0,6.1,1.1,10.4,-12.1,-8.1,11.975,8.392,-14.8,21.5,0.5,-1.0,41.9,0.81,746,V12,HNX,CTCP Xây dựng số 12,
2026-10-02,5.7,0.0,0.01,-3.4,-6.6,0.0,-16.2,-5.0,7.1,4.9,-19.7,16.3,-2.1,-5.9,38.7,0.24,746,V21,HNX,Công ty cổ phần vinaconex21,
2026-10-02,22.6,0.32,1.58,15.9,,,,,27.0,16.0,-16.3,41.3,,,127.6,0.2,31,V68,UPCOM,Cổ phiếu Công ty cổ phần Đầu tư Sản xuất và Thương mại Tuấn Anh,
2026-10-02,9.0,4.25,5.06,-1.6,-13.9,-0.1,-15.0,58.3,11.177,8.588,-19.5,4.8,-1.0,-4.7,24.7,0.72,738,VAB,HOSE,Ngân hàng Thương mại Cổ phần Việt Á,
2026-10-02,22.6,0.0,0.02,1.3,1.2,18.9,28.6,89.0,30.0,15.865,-24.7,42.5,0.9,10.0,63.4,0.02,737,VAF,UPCOM,Công ty Cổ phần Phân lân nung chảy Văn Điển,
2026-10-02,31.2,0.02,0.01,-3.6,-9.3,-6.4,-15.3,19.4,36.827,26.057,-15.3,19.7,-2.1,-4.5,36.4,1.22,746,VAV,UPCOM,Công ty cổ phần VIWACO,
2026-10-02,14.0,1.53,1.4,19.7,2.2,38.0,38.0,126.6,15.1,8.243,-7.3,69.8,13.6,26.8,35.6,0.89,736,VBB,HOSE,Ngân hàng Thương mại Cổ phần Việt Nam Thương Tín,
2026-10-02,19.3,0.0,0.0,0.0,1.6,-4.1,7.7,15.9,23.132,16.183,-16.6,19.3,2.5,1.5,36.3,0.16,746,VBC,HNX,Công ty Cổ phần Nhựa - Bao bì Vinh ,
2026-10-02,4.3,0.0,0.0,0.0,-14.0,-8.6,-8.6,-8.6,5.0,4.3,-14.0,0.0,-3.2,-7.9,15.9,0.0,746,VBG,UPCOM,Công ty cổ phần Địa chất Việt Bắc - TKV,
2026-10-02,8.5,0.0,0.0,-39.3,-55.3,-44.1,26.9,-15.0,19.6,6.6,-56.6,28.8,-36.8,-45.8,80.0,4.6,746,VBH,UPCOM,Công ty Cổ phần Điện tử Bình Hòa,
2026-10-02,3.7,0.0,0.0,-15.9,-31.5,,,,18.4,3.1,-79.9,19.4,-7.0,,108.2,0.21,107,VBT,UPCOM,Cổ phiếu Công ty cổ phần Vận tải Bảo Thắng,
2026-10-02,11.8,0.0,0.0,3.5,-3.3,-20.8,-1.7,34.1,17.3,10.3,-31.8,14.6,-4.7,-9.9,63.7,0.26,746,VC1,HNX,Công ty Cổ phần Xây dựng số 1 ,
2026-10-02,3.0,0.13,0.18,-16.7,-28.6,-38.8,-59.0,-59.5,7.589,2.9,-60.5,3.4,-13.3,-35.7,38.5,0.51,746,VC2,HNX,Công ty Cổ phần Đầu tư và Xây dựng VINA2,
2026-10-02,23.4,31.44,30.78,-0.4,-5.6,-5.6,-10.3,-3.4,27.386,22.356,-14.6,4.7,-1.0,-4.4,19.2,1.05,746,VC3,HNX,CÔNG TY CỔ PHẦN TẬP ĐOÀN NAM MÊ KÔNG,
2026-10-02,17.8,0.0,0.0,-3.8,-13.6,-23.8,-50.2,7.0,36.682,16.137,-51.5,10.3,-6.1,-8.2,69.6,0.29,746,VC6,HNX,Công ty cổ phần Xây dựng và Đầu tư Visicons,
2026-10-02,6.1,0.42,0.57,-14.1,-25.6,-24.7,-43.7,-28.7,11.305,6.0,-46.0,1.7,-14.3,-25.1,36.2,0.64,746,VC7,HNX,CÔNG TY CỔ PHẦN TẬP ĐOÀN BGI,
2026-10-02,4.3,0.02,0.06,-4.4,-6.5,-20.4,7.5,-2.3,6.3,3.5,-31.7,22.9,-3.0,-1.3,46.5,0.16,746,VC9,HNX,Công ty Cổ phần Xây dựng số 9 ,
2026-10-02,6.14,0.0,0.0,-2.5,0.7,-13.2,-34.3,-32.9,10.65,5.96,-42.3,3.0,-2.7,-13.1,38.8,0.46,746,VCA,HOSE,Công ty Cổ phần Thép VICASA,
2026-10-02,57.1,262.46,269.27,-5.0,-7.1,-0.2,-6.6,-6.5,78.146,52.6,-26.9,8.6,-2.1,-5.9,27.6,0.79,746,VCB,HOSE,Ngân hàng Thương mại Cổ phần Ngoại thương Việt Nam ,
2026-10-02,9.2,0.05,0.07,12.3,8.7,1.2,6.5,6.5,13.23,8.01,-30.5,14.9,4.9,2.7,52.9,0.97,746,VCC,HNX,Công ty Cổ phần Vinaconex 25,
2026-10-02,8.0,0.0,0.0,0.0,0.0,0.0,0.0,0.0,8.0,8.0,0.0,0.0,0.0,0.0,0.0,0.0,746,VCE,UPCOM,Công ty Cổ phần Xây lắp Môi trường,
2026-10-02,287.1,0.05,0.1,-2.3,-3.0,-5.8,0.6,54.2,330.0,267.5,-13.0,7.3,-1.9,-3.8,32.6,0.45,746,VCF,HOSE,Công ty Cổ phần Vinacafé Biên Hòa,
2026-10-02,13.3,26.22,40.2,-16.9,-27.7,-30.1,-45.4,-12.3,25.678,13.3,-48.2,0.0,-12.6,-25.8,34.9,0.43,746,VCG,HOSE,Tổng Công ty Cổ phần Xuất nhập khẩu và xây dựng Việt Nam ,
2026-10-02,18.65,181.37,202.7,-18.4,-25.7,-29.6,-38.9,-28.8,32.725,18.15,-43.0,2.8,-10.8,-23.8,38.1,1.1,746,VCI,HOSE,Công ty Cổ phần Chứng khoán Vietcap,
2026-10-02,27.4,59.75,69.64,-10.0,-19.9,-25.9,,,38.1,26.313,-28.1,4.1,-7.4,,34.0,0.71,196,VCK,HOSE,Công ty Cổ phần Chứng khoán VPS,
2026-10-02,7.0,0.0,0.01,7.7,-20.5,-11.4,-21.3,0.0,11.8,5.3,-40.7,32.1,8.9,-12.8,60.6,0.57,746,VCM,HNX,Công ty Cổ phần BV Life,
2026-10-02,23.2,0.38,0.33,-0.9,-1.7,-3.3,-12.5,6.9,27.7,21.5,-16.2,7.9,-1.0,-2.9,19.0,1.14,746,VCP,UPCOM,Công ty Cổ phần Đầu tư Xây dựng và Phát triển Năng lượng Vinaconex,
2026-10-02,58.3,0.33,0.12,22.7,57.6,32.5,46.1,141.9,62.0,31.0,-6.0,88.1,22.7,38.8,90.1,4.08,746,VCR,UPCOM,Công ty Cổ phần đầu tư và phát triển du lịch ITC,
2026-10-02,30.1,0.88,1.08,-5.9,-16.6,-21.2,-31.3,-44.3,46.172,30.0,-34.8,0.3,-6.0,-18.8,20.4,0.75,746,VCS,HNX,Công ty Cổ phần VICOSTONE,
2026-10-02,8.6,0.0,0.0,0.0,0.0,0.0,0.0,2.4,8.6,8.6,0.0,0.0,-0.0,0.0,0.0,0.0,746,VCT,UPCOM,Công ty Cổ phần Tư vấn Xây dựng Vinaconex,
2026-10-02,12.0,0.0,0.01,0.0,0.0,0.8,20.0,100.0,12.0,7.3,0.0,64.4,1.4,12.3,69.0,0.0,746,VCX,UPCOM,Công ty Cổ phần Xi măng Yên Bình ,
2026-10-02,0.9,0.0,0.0,0.0,0.0,0.0,0.0,0.0,0.9,0.9,0.0,0.0,0.0,-0.0,0.0,0.0,746,VDB,UPCOM,Công ty cổ phần Vận tải và Chế biến Than Đông Bắc,
2026-10-02,16.4,0.0,0.0,14.7,14.7,-6.8,102.5,-32.6,32.0,8.7,-48.8,88.5,11.1,-1.3,84.4,0.24,502,VDG,UPCOM,Công ty Cổ phần Vạn Đạt Group,
2026-10-02,10.8,0.01,0.04,-10.0,3.8,-21.7,20.0,-2.3,15.1,7.8,-28.5,38.5,0.6,-0.1,52.5,0.49,746,VDL,HNX,Công ty Cổ phần Thực phẩm Lâm Đồng ,
2026-10-02,34.5,0.0,0.0,-37.7,36.2,48.3,97.7,154.8,55.4,17.453,-37.7,97.7,-19.8,10.9,80.1,0.76,746,VDN,UPCOM,Công ty Cổ phần Vinatex Đà Nẵng,
2026-10-02,40.85,0.13,0.07,38.0,2.5,-9.9,13.9,77.1,45.405,24.0,-10.0,70.2,21.1,7.3,53.6,2.65,746,VDP,HOSE,Công ty Cổ phần Dược phẩm Trung ương Vidipha,
2026-10-02,9.78,5.7,11.96,-19.2,-38.5,-32.3,-54.7,-52.4,22.95,9.76,-57.4,0.2,-14.6,-32.6,39.5,0.58,746,VDS,HOSE,Công ty Cổ phần Chứng khoán Rồng Việt (VDSC),
2026-10-02,8.0,0.0,0.0,-13.0,-13.0,-11.3,-13.9,-53.7,10.856,4.6,-26.3,73.9,-10.0,2.0,63.0,0.61,746,VDT,UPCOM,Công ty Cổ phần Lưới thép Bình Tây ,
2026-10-02,2.7,0.01,0.01,-6.9,-10.0,-18.2,-22.9,-20.6,3.9,2.7,-30.8,0.0,-5.9,-14.7,44.2,0.62,746,VE1,HNX,Công ty Cổ phần Xây dựng điện VNECO 1 ,
2026-10-02,10.9,0.0,0.02,14.7,75.8,58.0,26.7,51.4,10.9,5.4,0.0,101.9,29.1,51.4,38.6,0.04,746,VE3,HNX,Công ty Cổ phần Xây dựng điện VNECO 3 ,
2026-10-02,260.0,0.0,0.0,0.0,0.0,0.0,0.2,0.2,260.0,259.0,0.0,0.4,0.0,0.0,0.4,0.0,746,VE4,HNX,Công ty Cổ phần xây dựng điện VNECO 4 ,
2026-10-02,1.8,0.0,0.0,-14.3,5.9,-18.2,-18.2,-67.9,2.6,1.3,-30.8,38.5,-16.1,-8.0,68.3,0.02,735,VE8,UPCOM,Công ty Cổ phần Xây dựng Điện Vneco 8 ,
2026-10-02,2.8,0.01,0.02,-6.7,-6.7,-28.2,-34.9,-6.7,4.7,2.1,-40.4,33.3,5.4,-15.6,85.4,0.67,746,VE9,UPCOM,Công ty Cổ phần Đầu tư và xây dựng VNECO 9 ,
2026-10-02,37.5,12.52,8.95,6.5,6.5,14.0,7.5,8.3,43.2,29.3,-13.2,28.0,5.5,7.7,21.2,1.38,746,VEA,UPCOM,Tổng công ty Máy Động lực và Máy Nông nghiệp Việt Nam – CTCP,
2026-10-02,29.0,0.16,0.12,-3.3,5.8,-3.3,141.7,271.8,64.0,11.0,-54.7,163.6,-3.9,-8.4,84.4,1.66,746,VEC,UPCOM,Tổng Công ty Cổ phần Điện tử và Tin học Việt Nam,
2026-10-02,80.6,0.26,0.41,2.4,-5.7,-22.4,-46.8,-43.7,161.737,67.0,-50.2,20.3,3.3,-17.1,32.7,0.51,746,VEF,UPCOM,Công ty cổ phần Trung Tâm Hội Chợ Triển Lãm Việt Nam,
2026-10-02,25.1,0.01,0.01,9.6,-2.3,-1.6,258.6,1830.8,36.0,7.0,-30.3,258.6,7.5,6.6,113.7,0.92,746,VES,UPCOM,Công ty Cổ phần Tập đoàn VinaLiving,
2026-10-02,13.2,0.01,0.01,-13.2,-7.0,-15.4,-20.5,-37.1,19.0,12.3,-30.5,7.3,-7.6,-14.0,70.6,0.82,746,VET,UPCOM,Công ty Cổ phần Thuốc Thú y Trung ương NAVETCO,
2026-10-02,101.6,0.0,0.0,0.0,0.0,12.3,4.3,1.3,104.0,78.8,-2.3,28.9,-0.0,4.8,41.3,0.0,746,VFC,UPCOM,Công ty Cổ phần Vinafco,
2026-10-02,42.25,0.1,0.18,-5.9,-9.9,-12.0,-21.9,-30.8,55.031,42.1,-23.2,0.4,-5.1,-10.8,16.1,0.34,746,VFG,HOSE,Công ty Cổ phần Khử trùng Việt Nam ,
2026-10-02,9.7,0.0,0.0,-5.1,-1.5,3.5,-6.2,-9.4,12.844,8.2,-24.5,18.3,5.5,0.8,50.9,1.0,746,VFR,UPCOM,Công ty Cổ phần Vận tải và Thuê tàu,
2026-10-02,9.8,5.56,6.8,-6.7,-11.7,-18.4,-42.4,-8.9,17.195,9.0,-43.0,8.9,-2.5,-17.0,28.0,0.65,746,VFS,HNX,Công ty cổ phần chứng khoán Nhất Việt,
2026-10-02,43.85,21.39,16.99,8.4,7.3,3.9,-12.3,15.8,55.125,34.0,-20.5,29.0,9.6,5.4,37.5,1.01,746,VGC,HOSE,Tổng Công ty Viglacera - CTCP,
2026-10-02,37.0,0.09,0.05,-4.6,-5.1,-7.7,-10.1,-0.0,43.7,36.7,-15.3,0.8,-4.1,-7.2,29.8,1.48,746,VGG,UPCOM,Tổng Công ty Cổ phần may Việt Tiến ,
2026-10-02,80.4,19.86,23.17,-5.3,-4.9,-7.7,22.9,30.5,136.462,57.18,-41.1,40.6,-0.4,-8.0,52.1,0.56,746,VGI,UPCOM,Tổng Công ty cổ phần Đầu tư Quốc tế Viettel,
2026-10-02,20.5,0.0,0.0,0.0,0.5,16.4,6.3,19.6,20.5,16.97,0.0,20.8,0.1,10.3,28.5,0.0,746,VGL,UPCOM,Công ty cổ phần Mạ kẽm công nghiệp Vingal - Vnsteel,
2026-10-02,27.9,0.61,0.64,0.4,3.7,12.5,-0.0,-5.4,28.8,24.2,-3.1,15.3,0.9,4.1,17.4,1.11,746,VGP,HNX,Công ty Cổ phần Cảng rau quả,
2026-10-02,143.1,6.56,2.66,46.0,54.9,91.2,185.1,269.2,195.4,49.654,-26.8,188.2,32.2,75.3,94.7,1.67,746,VGR,UPCOM,Công ty cổ phần Cảng Xanh Vip,
2026-10-02,14.0,1.98,2.05,-23.5,-34.0,-37.5,-51.4,-57.8,32.558,13.8,-57.0,1.4,-18.3,-35.7,37.5,0.68,746,VGS,HNX,Công ty Cổ phần Ống thép Việt Đức VG PIPE,
2026-10-02,11.3,3.07,3.4,-1.7,-0.1,-2.6,1.2,-15.1,16.182,10.138,-30.2,11.5,2.0,-4.1,36.8,0.76,746,VGT,UPCOM,Tập đoàn Dệt May Việt Nam,
2026-10-02,55.893,0.03,0.07,23.7,32.3,26.4,43.8,94.2,58.545,29.748,-4.5,87.9,22.6,21.2,98.0,0.38,746,VGV,UPCOM,Tổng Công ty Tư vấn Xây dựng Việt Nam - CTCP,
2026-10-02,50.7,15.8,16.58,-2.7,-14.5,-11.7,-6.1,-23.1,69.9,48.0,-27.5,5.6,-2.4,-11.6,29.7,0.7,746,VHC,HOSE,Công ty Cổ phần Vĩnh Hoàn,
2026-10-02,2.7,0.0,0.0,12.5,12.5,-25.0,-47.1,-77.3,5.2,2.0,-48.1,35.0,14.1,-13.5,78.4,0.48,746,VHD,UPCOM,Công ty Cổ phần Đầu tư phát triển nhà và đô thị Vinahud,
2026-10-02,2.9,0.21,0.33,-3.3,-6.5,-17.1,-38.3,-12.1,5.6,2.7,-48.2,7.4,-1.3,-9.7,44.6,0.41,746,VHE,HNX,Công ty cổ phần Dược liệu và Thực phẩm Việt Nam,
2026-10-02,1.8,0.0,0.0,0.0,40.0,-43.2,-89.1,-83.7,16.542,1.286,-89.1,40.0,12.9,-65.2,87.4,0.0,746,VHF,UPCOM,Công ty Cổ phần Xây dựng và chế biến lương thực Vĩnh Hà,
2026-10-02,1.6,0.15,0.21,0.0,-5.9,-5.9,-27.3,-11.1,2.4,1.4,-33.3,14.3,-0.7,-8.0,62.0,0.51,746,VHG,UPCOM,Công ty cổ phần Tập đoàn Tây Bà Nà,
2026-10-02,2.1,0.0,0.0,-32.3,-30.0,-27.6,-43.2,-48.8,4.8,1.9,-56.2,10.5,-33.8,-34.5,93.0,0.12,746,VHH,UPCOM,Công ty Cổ phần Đầu tư Kinh doanh nhà Thành Đạt,
2026-10-02,10.0,0.01,0.01,-16.7,-23.1,-9.1,-11.5,-11.5,13.8,9.3,-27.5,7.5,-11.7,-11.7,51.0,1.05,746,VHL,HNX,Công ty Cổ phần Viglacera Hạ Long,
2026-10-02,67.9,714.45,524.18,-7.0,-10.4,18.3,43.0,224.9,83.444,41.842,-18.6,62.3,-4.3,6.1,55.5,1.56,746,VHM,HOSE,Công ty cổ phần Vinhomes,
2026-10-02,13.35,57.16,74.38,-2.2,-11.1,-7.4,-21.7,-6.5,17.922,12.83,-25.5,4.1,-0.3,-7.9,24.6,0.63,746,VIB,HOSE,Ngân hàng Thương mại Cổ phần Quốc tế Việt Nam,
2026-10-02,224.0,941.62,1037.9,-5.1,1.7,58.9,162.0,965.4,265.0,85.55,-15.5,161.8,-0.3,17.8,52.0,0.94,746,VIC,HOSE,Tập đoàn VINGROUP - CTCP,
2026-10-02,4.35,0.01,0.01,-3.8,-9.4,-12.1,-14.7,-13.0,5.2,3.99,-16.3,9.0,-3.2,-9.3,34.9,0.67,746,VID,HOSE,Công ty Cổ phần Đầu tư Phát triển Thương mại Viễn Đông,
2026-10-02,6.8,0.0,0.0,13.3,13.3,9.7,-18.1,3.0,8.9,5.6,-23.6,21.4,9.5,-1.2,47.0,3.12,746,VIE,UPCOM,Công ty Cổ phần Công nghệ Viễn thông VITECO,
2026-10-02,14.0,0.15,0.14,-9.7,-10.8,-3.1,-5.0,-13.4,18.284,13.3,-23.4,5.3,-7.6,-8.3,40.7,1.27,746,VIF,HNX,Tổng công ty Lâm nghiệp Việt Nam - Công ty cổ phần,
2026-10-02,3.7,0.16,0.23,-9.8,-24.5,-21.3,-46.4,-46.4,7.4,3.7,-50.0,0.0,-9.0,-22.0,33.7,0.69,746,VIG,HNX,Công ty Cổ phần Chứng khoán Thương mại và Công nghiệp Việt Nam (VICS) ,
2026-10-02,10.5,0.0,0.0,-4.5,8.1,8.1,3.2,-44.9,11.734,8.342,-10.5,25.9,3.8,5.8,58.8,1.04,746,VIM,UPCOM,Công ty Cổ phần Khoáng sản Viglacera,
2026-10-02,16.1,0.0,0.0,16.7,1.3,0.8,4.3,0.5,18.774,12.727,-14.2,26.5,5.2,6.0,61.6,0.54,746,VIN,UPCOM,Công ty Cổ phần Giao nhận Kho vận Ngoại thương Việt Nam,
2026-10-02,9.8,0.38,0.58,0.3,-5.3,-8.2,-20.2,-12.2,12.96,9.55,-24.4,2.6,-0.0,-7.3,18.8,0.37,746,VIP,HOSE,Công ty Cổ phần Vận tải Xăng dầu VIPCO,
2026-10-02,3.1,0.0,0.0,0.0,0.0,0.0,-3.1,-43.6,3.6,3.1,-13.9,0.0,0.0,-2.7,19.3,0.0,746,VIR,UPCOM,Công ty Cổ phần Du lịch Quốc tế Vũng Tàu ,
2026-10-02,24.2,0.49,0.25,12.0,-11.2,9.3,53.4,56.2,29.214,13.926,-17.2,73.8,-3.0,10.8,62.0,1.45,746,VIT,HNX,Công ty Cổ phần Viglacera Tiên Sơn ,
2026-10-02,19.9,1.83,3.51,-18.4,-25.2,-46.4,71.6,121.1,70.0,7.3,-71.6,172.6,-16.5,-19.5,106.4,0.3,746,VIW,UPCOM,Tổng công ty Đầu tư Nước và Môi trường Việt Nam - CTCP,
2026-10-02,11.8,420.52,532.91,-16.3,-27.3,-23.5,-59.5,26.3,32.534,11.0,-63.7,7.3,-8.8,-26.0,48.7,0.84,746,VIX,HOSE,CÔNG TY CỔ PHẦN CHỨNG KHOÁN VIX,
2026-10-02,129.4,140.03,149.28,3.5,-8.7,4.4,30.7,60.2,169.224,98.15,-23.5,31.8,2.0,-3.1,39.8,0.92,746,VJC,HOSE,Công ty cổ phần Hàng không VIETJET,
2026-10-02,1.3,0.07,0.14,-13.3,-7.1,30.0,8.3,30.0,2.6,0.7,-50.0,85.7,-21.4,12.2,68.1,0.95,746,VKC,UPCOM,Công ty Cổ phần VKC Holdings,
2026-10-02,6.8,0.0,0.0,-17.6,-23.6,-8.4,-32.7,-49.4,10.574,5.7,-35.7,19.3,-17.5,-18.0,68.0,0.4,746,VLA,HNX,Công ty Cổ phần Đầu tư và Phát triển Công nghệ Văn Lang,
2026-10-02,48.1,0.6,1.11,0.2,0.1,10.7,15.2,46.8,50.96,41.039,-5.6,17.2,0.4,3.6,20.6,0.51,746,VLB,UPCOM,Công ty Cổ phần Xây dựng và Sản xuất vật liệu xây dựng Biên Hòa,
2026-10-02,11.6,0.67,0.91,-3.3,-6.5,-13.4,-22.1,-35.6,16.4,11.2,-29.3,3.6,-2.8,-11.8,21.9,0.84,746,VLC,UPCOM,Tổng Công ty Chăn nuôi Việt Nam - CTCP,
2026-10-02,7.4,0.01,0.01,-4.3,2.0,-8.8,-12.9,-0.4,9.736,6.3,-24.0,17.5,4.1,-3.4,74.9,1.09,746,VLG,UPCOM,Công ty Cổ Phần VIMC LOGISTICS,
2026-10-02,0.9,0.0,0.0,0.0,0.0,0.0,0.0,40.0,0.9,0.9,0.0,0.0,0.0,-0.0,0.0,0.0,746,VLP,UPCOM,Công ty Cổ phần Công trình Công cộng Vĩnh Long,
2026-10-02,10.1,0.07,0.05,-2.9,-30.8,-38.4,,,29.0,9.2,-65.2,9.8,-17.3,,70.0,1.38,197,VLS,UPCOM,Công ty cổ phần Sản xuất Thép Việt Long,
2026-10-02,27.8,0.01,0.01,-8.4,-23.3,-26.5,3.9,9.1,46.048,24.916,-39.6,11.6,-2.7,-18.7,66.8,1.02,746,VLW,UPCOM,Công ty cổ phần Cấp nước Vĩnh Long,
2026-10-02,2.3,0.0,0.0,0.0,0.0,0.0,0.0,0.0,2.3,2.3,0.0,0.0,0.0,-0.0,0.0,0.0,746,VMA,UPCOM,Công ty Cổ phần Công nghiệp Ô tô - Vinacomin,
2026-10-02,3.5,0.01,0.01,-10.3,-14.6,-18.6,-43.5,-41.8,6.373,3.5,-45.1,0.0,-7.7,-22.6,44.0,0.48,746,VMC,HNX,Công ty Cổ phần VIMECO,
2026-10-02,13.3,0.01,0.01,-2.9,-8.3,-11.9,-35.7,-17.6,22.1,12.65,-39.8,5.1,-3.5,-10.9,29.8,0.4,746,VMD,HOSE,Công ty Cổ phần Y Dược phẩm Vimedimex ,
2026-10-02,1.9,0.0,0.0,-24.0,-26.9,-36.7,-44.1,-60.4,4.2,1.9,-54.8,0.0,-21.8,-31.7,64.8,0.89,746,VMG,UPCOM,Công ty Cổ phần Thương mại và Dịch vụ dầu khí Vũng Tàu,
2026-10-02,21.5,0.0,0.0,0.0,-14.0,-25.9,-37.9,80.7,65.0,21.5,-66.9,0.0,0.0,-38.9,47.9,0.0,675,VMK,UPCOM,CTCP Vimarko,
2026-10-02,36.0,0.0,0.2,0.0,-32.7,-33.7,11.3,68.0,65.861,21.756,-45.3,65.5,-8.2,-25.4,59.3,0.0,746,VMS,HNX,Công ty Cổ phần Phát triển Hàng hải,
2026-10-02,13.8,0.0,0.0,-16.9,-16.9,-16.9,-1.4,6.3,19.5,12.0,-29.2,15.0,-14.7,-19.8,51.7,6.0,746,VMT,UPCOM,CÔNG TY CỔ PHẦN GIAO NHẬN VẬN TẢI MIỀN TRUNG,
2026-10-02,13.5,0.01,0.01,-3.6,-6.4,-6.4,-21.1,-44.3,24.513,12.0,-44.9,12.5,-2.4,-11.2,65.5,0.14,746,VNA,UPCOM,Công ty Cổ phần vận tải biển VINASHIP ,
2026-10-02,15.8,2.65,1.0,19.7,11.3,9.7,-8.1,45.0,20.2,12.0,-21.8,31.7,8.7,4.8,39.9,4.09,746,VNB,UPCOM,Công ty cổ phần Sách Việt Nam,
2026-10-02,35.1,0.03,0.09,-7.9,-2.2,0.8,14.8,74.1,42.876,30.289,-18.1,15.9,-2.7,-2.5,34.7,0.23,746,VNC,HNX,Công ty Cổ phần Tập đoàn Vinacontrol,
2026-10-02,13.3,146.3,187.7,-20.1,-27.7,-12.6,-38.2,-6.5,23.957,13.3,-44.5,0.0,-16.0,-21.6,39.2,0.77,746,VND,HOSE,Công ty Cổ phần Chứng khoán VNDIRECT,
2026-10-02,2.0,0.62,1.21,-9.1,-32.9,-49.9,-74.5,-52.2,7.94,1.8,-74.8,11.1,-7.3,-47.9,54.0,0.42,736,VNE,UPCOM,Tổng Công ty Cổ phần Xây dựng điện Việt Nam,
2026-10-02,13.1,0.04,0.04,-0.8,-5.8,-3.2,-13.1,50.6,16.608,11.824,-21.1,10.8,0.7,-1.8,24.6,0.98,746,VNF,HNX,Công ty cổ phần VINAFREIGHT,
2026-10-02,5.4,0.01,0.01,-15.4,-16.8,-21.2,-28.0,-33.8,7.97,5.4,-32.2,0.0,-14.2,-19.4,44.4,0.86,746,VNG,HOSE,Công ty Cổ phần Du lịch Thành Thành Công,
2026-10-02,0.6,0.01,0.01,-14.3,-40.0,-64.7,-60.0,-57.1,2.0,0.5,-70.0,20.0,-19.4,-45.7,78.4,0.75,746,VNH,UPCOM,Công ty Cổ phần Thủy hải sản Việt Nhật,
2026-10-02,6.0,0.01,0.01,33.3,-15.5,-20.0,-30.2,-31.8,9.5,4.0,-36.8,50.0,5.2,-14.1,78.6,1.99,746,VNI,UPCOM,Công ty Cổ phần Đầu tư bất động sản Việt Nam,
2026-10-02,18.7,0.32,0.22,-0.5,-2.9,-3.6,-10.8,31.2,23.078,18.0,-19.0,3.9,-1.2,-3.7,16.6,1.9,746,VNL,HOSE,CTCP LOGISTICS VINALINK,
2026-10-02,57.3,143.26,227.07,-8.0,4.4,-1.4,1.2,-7.7,73.107,53.257,-21.6,7.6,-5.7,-5.1,29.5,0.67,746,VNM,HOSE,Công ty Cổ phần Sữa Việt Nam,
2026-10-02,16.9,0.7,0.48,-2.9,-0.6,-11.7,41.3,82.5,24.021,11.867,-29.6,42.4,-2.9,-6.1,58.7,1.32,746,VNP,UPCOM,Công ty Cổ phần nhựa Việt Nam ,
2026-10-02,18.1,0.28,0.22,-0.5,-0.1,-3.5,-2.1,5.3,21.289,17.212,-15.0,5.2,0.5,-2.1,14.8,1.12,746,VNR,HNX,Tổng Công ty Cổ phần tái bảo hiểm quốc gia Việt Nam,
2026-10-02,6.5,0.06,0.06,-7.1,-16.1,-21.3,-32.4,-29.5,9.8,6.07,-33.7,7.1,-6.1,-19.8,20.8,1.19,746,VNS,HOSE,Công ty Cổ phần Ánh Dương Việt Nam ,
2026-10-02,31.3,0.15,0.05,41.6,27.8,15.5,-2.8,-25.5,51.4,22.1,-39.1,41.6,15.2,19.3,47.3,5.27,746,VNT,HNX,Công ty Cổ phần Giao nhận Vận tải Ngoại thương,
2026-10-02,0.4,0.0,0.0,0.0,33.3,32.9,159.7,406.3,0.4,0.154,0.0,159.7,2.0,29.4,55.8,0.0,746,VNX,UPCOM,Công ty Cổ phần Quảng cáo và Hội chợ thương mại,
2026-10-02,6.4,0.0,0.0,14.3,88.2,18.5,6.7,0.0,7.3,3.4,-12.3,88.2,15.0,29.9,68.2,0.08,746,VNY,UPCOM,Công ty cổ phần Thuốc Thú y Trung Ương I,
2026-10-02,530.2,1.14,2.26,-11.0,23.9,71.0,35.5,24.3,730.0,308.0,-27.4,72.1,-6.2,30.3,44.8,0.53,746,VNZ,UPCOM,Công Ty Cổ Phần Tập Đoàn VNG,
2026-10-02,11.1,12.35,6.86,8.7,-2.4,-4.4,-10.1,-19.0,17.411,9.286,-36.2,19.5,5.2,-5.0,38.4,1.65,746,VOS,HOSE,Công ty Cổ phần Vận tải biển Việt Nam ,
2026-10-02,1.7,0.0,0.0,-15.0,-29.2,0.0,-32.0,-43.3,2.8,1.3,-39.3,30.8,-14.7,-15.4,74.9,0.03,746,VPA,UPCOM,Công ty Cổ phần Vận tải Hóa dầu VP,
2026-10-02,22.9,495.0,383.49,3.8,3.8,13.9,-2.6,53.2,27.01,18.63,-15.2,22.9,8.6,7.4,33.9,1.4,746,VPB,HOSE,Ngân hàng Thương mại Cổ phần Việt Nam Thịnh Vượng,
2026-10-02,2.2,0.0,0.0,-24.1,-15.4,-29.0,37.5,10.0,3.5,1.6,-37.1,37.5,-21.6,-14.3,48.3,0.1,746,VPC,UPCOM,Công ty Cổ phần Đầu tư và Phát triển Năng lượng Việt Nam ,
2026-10-02,20.5,0.17,0.12,-2.4,-5.5,-5.4,-11.6,-11.4,24.407,19.6,-16.0,4.6,-1.7,-7.4,17.6,1.2,746,VPD,HOSE,Công ty Cổ phần Phát triển Điện Lực Việt Nam,
2026-10-02,1.37,0.42,0.47,-23.0,-46.7,-65.9,-84.0,-90.0,8.62,1.3,-84.1,5.4,-20.0,-60.6,46.9,1.06,746,VPG,HOSE,Công ty Cổ phần Tập đoàn Việt Phát,
2026-10-02,2.6,0.09,0.07,-15.9,-25.9,-21.4,-45.5,-64.2,4.867,2.55,-46.6,2.0,-13.3,-25.1,30.3,0.71,746,VPH,HOSE,Công ty Cổ phần Vạn Phát Hưng ,
2026-10-02,58.8,114.72,106.82,-5.0,5.2,11.5,15.1,12.9,63.4,46.273,-7.3,27.1,-0.4,6.9,28.0,0.83,746,VPI,HOSE,Công Ty Cổ Phần Phát Triển Bất Động Sản Văn Phú,
2026-10-02,78.9,91.4,63.92,1.7,-8.0,-5.2,-1.7,,111.0,67.0,-28.9,17.8,0.0,-7.2,42.8,1.33,349,VPL,HOSE,Công ty Cổ phần Vinpearl,
2026-10-02,7.0,0.01,0.02,4.5,-4.8,0.0,0.0,0.6,9.013,6.2,-22.3,12.9,1.3,-2.7,47.1,0.44,746,VPR,UPCOM,CÔNG TY CỔ PHẦN VINAPRINT,
2026-10-02,8.41,0.02,0.08,-4.3,-9.3,6.0,-16.3,3.8,12.393,7.605,-32.1,10.6,-4.2,-1.1,36.3,0.35,746,VPS,HOSE,Công ty Cổ phần thuốc sát trùng Việt Nam ,
2026-10-02,9.3,0.0,0.0,0.0,0.0,0.0,0.0,0.0,9.3,9.3,0.0,0.0,0.0,0.0,0.0,0.0,746,VPW,UPCOM,Công ty Cổ phần Cấp thoát nước số 1 Vĩnh Phúc,
2026-10-02,24.2,23.64,28.36,-7.8,-15.1,-13.9,,,34.5,23.1,-29.9,4.8,-3.5,,35.1,0.85,199,VPX,HOSE,Công ty cổ phần Chứng khoán VPBank,
2026-10-02,13.0,0.0,0.0,4.0,11.1,-20.4,2.2,16.8,19.09,11.62,-31.9,11.9,3.6,-4.0,56.9,0.12,746,VQC,UPCOM,Công ty Cổ phần Giám định Vinacomin,
2026-10-02,10.8,0.44,1.22,-4.4,-10.7,-16.9,-23.4,37.2,15.9,10.4,-32.1,3.8,-7.2,-15.6,40.8,0.67,746,VRC,HOSE,Công ty cổ phần Bất động sản và Đầu tư VRC,
2026-10-02,23.6,116.22,133.61,-9.6,-16.2,-7.8,-23.0,27.6,43.654,20.9,-45.9,12.9,-4.9,-15.0,51.4,0.73,746,VRE,HOSE,Công ty Cổ phần Vincom Retail,
2026-10-02,13.1,0.02,0.03,-10.9,-10.3,-16.9,-22.9,-36.1,19.517,12.5,-32.9,4.8,-0.8,-14.0,34.7,0.32,746,VRG,UPCOM,Công ty Cổ phần Phát triển đô thị và khu công nghiệp cao su Việt Nam,
2026-10-02,17.5,0.0,0.02,-2.8,-6.4,-7.5,-11.5,-17.4,20.926,16.456,-16.4,6.3,-3.2,-7.3,43.8,0.25,746,VSA,HNX,Công ty Cổ phần Đại lý Hàng hải Việt Nam,
2026-10-02,12.7,101.39,130.07,-13.6,-31.9,-46.6,-54.7,-6.2,29.4,12.25,-56.8,3.7,-8.7,-34.9,46.9,1.12,746,VSC,HOSE,Công ty Cổ phần Container Việt Nam,
2026-10-02,6.9,0.01,0.02,-4.2,-11.5,-17.7,-14.7,5.7,9.942,6.3,-30.6,9.5,-7.0,-12.7,55.5,0.37,746,VSE,UPCOM,Công ty cổ phần Dịch vụ Đường cao tốc Việt Nam,
2026-10-02,25.4,1.13,0.85,-2.7,2.4,-5.9,-4.2,-19.1,35.0,24.0,-27.4,5.8,-5.1,-3.8,45.3,1.79,746,VSF,UPCOM,Tổng Công ty Lương thực Miền Nam – Công ty cổ phần,
2026-10-02,1.0,0.0,0.0,-9.1,-41.2,-28.6,-33.3,-50.0,1.9,1.0,-47.4,0.0,-23.7,-32.0,57.2,1.26,746,VSG,UPCOM,Công ty Cổ phần Container phía Nam ,
2026-10-02,41.45,0.24,0.25,-0.5,1.4,0.3,-2.9,-3.7,42.951,38.856,-3.5,6.7,0.2,0.4,13.5,1.08,746,VSH,HOSE,Công ty Cổ phần Thủy điện Vĩnh Sơn – Sông Hinh,
2026-10-02,16.05,0.01,0.02,-18.7,-23.8,-42.7,-20.4,-3.6,32.0,15.85,-49.8,1.3,-13.3,-30.0,45.6,0.53,746,VSI,HOSE,Công ty Cổ phần đầu tư và xây dựng cấp thoát nước,
2026-10-02,15.6,0.0,0.01,-0.6,-0.6,10.6,6.1,23.5,16.5,12.7,-5.5,22.8,1.4,4.4,49.9,0.05,746,VSM,HNX,Công ty Cổ phần Container Miền Trung,
2026-10-02,15.9,0.01,0.0,27.2,26.2,1.0,1.0,-12.4,19.194,10.7,-17.2,48.6,21.9,9.7,50.9,0.38,746,VSN,UPCOM,Công ty cổ phần Việt Nam Kỹ Nghệ Súc Sản,
2026-10-02,2.7,0.04,0.02,-6.9,-6.9,-12.9,-22.9,-12.9,3.5,2.6,-22.9,3.8,-5.4,-10.1,29.3,2.41,746,VST,UPCOM,Công ty Cổ phần Vận tải và Thuê tàu biển Việt Nam,
2026-10-02,1.8,0.0,0.0,5.9,0.0,-10.0,-40.0,-51.4,3.6,1.3,-50.0,38.5,0.9,-10.7,69.5,0.93,746,VTA,UPCOM,Công ty Cổ phần Vitaly,
2026-10-02,10.6,0.03,0.03,-13.5,-12.6,-19.6,26.0,31.6,24.845,7.879,-57.3,34.5,-10.3,-20.3,53.0,0.69,746,VTB,HOSE,Công ty Cổ phần Viettronics Tân Bình,
2026-10-02,9.2,0.05,0.07,-10.7,-11.5,-6.4,36.1,50.1,25.126,5.917,-63.4,55.5,-8.9,-12.8,77.6,0.58,746,VTC,HNX,Công ty Cổ phần viễn thông VTC,
2026-10-02,4.2,1.1,1.59,-6.7,-10.6,-30.0,-44.0,-44.7,7.7,4.0,-45.5,5.0,-9.1,-24.2,40.3,0.75,746,VTD,UPCOM,Công ty cổ phần Vietourist Holdings,
2026-10-02,8.4,0.33,0.11,10.5,31.1,2.7,31.1,46.9,12.518,4.929,-32.9,70.4,16.2,18.3,98.8,5.8,746,VTE,UPCOM,Công ty Cổ phần VInaCap Kim Long,
2026-10-02,4.0,0.0,0.0,0.0,2.6,-2.4,-46.7,-20.0,7.5,3.4,-46.7,17.6,2.2,-18.0,39.4,0.0,746,VTG,UPCOM,Công ty Cổ phần du lịch tỉnh Bà Rịa - Vũng Tàu,
2026-10-02,10.0,0.0,0.0,2.0,11.1,14.9,26.6,26.6,11.2,7.5,-10.7,33.3,3.7,12.7,41.0,0.16,746,VTH,HNX,Công ty Cổ phần tập đoàn Việt Thái,
2026-10-02,4.8,0.0,0.0,0.0,0.0,0.0,6.7,20.0,4.8,4.5,0.0,6.7,-0.0,0.0,6.5,0.0,746,VTI,UPCOM,Công ty Cổ phần Sản xuất - Xuất nhập khẩu Dệt may,
2026-10-02,3.7,0.0,0.0,-15.9,-2.6,-2.6,-7.5,-15.9,4.9,3.4,-24.5,8.8,-8.9,-3.7,41.6,0.28,746,VTJ,HNX,Công ty Cổ phần Thương mại và Đầu tư VI NA TA BA,
2026-10-02,35.9,0.17,0.23,-4.0,-8.2,-5.8,-5.6,-17.0,55.844,31.6,-35.7,13.6,-4.7,-7.6,42.7,0.66,746,VTK,UPCOM,CÔNG TY CỔ PHẦN TƯ VẤN VÀ DỊCH VỤ VIETTEL,
2026-10-02,21.8,0.0,0.0,0.0,0.0,0.0,0.0,0.0,21.8,21.8,0.0,0.0,0.0,-0.0,0.0,0.0,746,VTM,UPCOM,Công ty cổ phần Vận Tải và đưa đón thợ mỏ - Vinacomin,
2026-10-02,11.25,3.36,1.56,8.2,6.1,6.6,5.7,4.3,12.737,9.98,-11.7,12.7,6.5,5.0,20.9,1.93,746,VTO,HOSE,Công ty Cổ phần Vận tải xăng dầu VITACO,
2026-10-02,51.9,35.95,32.65,-3.0,-4.7,-11.5,-13.3,8.2,82.425,43.4,-37.0,19.6,1.4,-10.7,39.7,1.31,739,VTP,HOSE,Tổng công ty Cổ phần Bưu chính Viettel,
2026-10-02,5.6,0.0,0.0,36.6,12.0,-32.5,-49.1,-85.4,14.8,3.4,-62.2,64.7,23.8,-22.8,100.1,1.59,746,VTQ,UPCOM,Công ty cổ phần Việt Trung Quảng Bình,
2026-10-02,9.2,0.18,0.14,-9.8,-16.4,-14.0,-36.8,-32.0,15.254,8.4,-39.7,9.5,-8.4,-16.4,34.6,0.9,746,VTR,UPCOM,Công ty cổ phần Du lịch Vietravel,
2026-10-02,14.2,0.12,0.5,0.0,6.8,-4.1,10.9,215.6,17.3,11.6,-17.9,22.4,1.9,-1.2,34.2,0.25,746,VTV,HNX,CÔNG TY CỔ PHẦN NĂNG LƯỢNG VÀ MÔI TRƯỜNG VICEM,
2026-10-02,3.7,0.0,0.0,0.0,0.0,-38.3,-54.3,-53.8,8.5,3.3,-56.5,12.1,0.0,-28.8,66.3,1.32,746,VTX,UPCOM,Công ty cổ phần vận tải đa phương thức VIETRANSTIMEX,
2026-10-02,20.3,22.83,21.7,-1.0,-0.5,1.0,10.3,22.3,22.8,17.6,-11.0,15.3,-0.1,0.8,10.7,1.09,746,VTZ,HNX,Công ty Cổ phần Sản xuất và Thương mại Nhựa Việt Thành,
2026-10-02,17.0,0.0,0.0,9.7,-2.9,-1.7,-20.9,18.1,21.6,12.6,-21.3,34.9,1.6,5.4,86.8,0.0,746,VUA,UPCOM,Công ty Cổ phần Chứng khoán Stanley Brothers,
2026-10-02,3.3,0.0,0.0,0.0,13.8,13.8,37.5,-21.4,4.0,2.4,-17.5,37.5,-0.0,7.3,42.3,0.0,746,VVN,UPCOM,Tổng Công ty Cổ phần Xây dựng Công nghiệp Việt Nam,
2026-10-02,81.8,9.94,13.26,-10.6,-3.1,17.7,204.8,766.6,109.8,25.449,-25.5,221.4,-11.7,13.4,65.2,0.82,738,VVS,HOSE,CÔNG TY CỔ PHẦN ĐẦU TƯ PHÁT TRIỂN MÁY VIỆT NAM,
2026-10-02,9.9,0.01,0.01,7.6,10.0,-1.0,4.2,-7.6,19.4,8.0,-49.0,23.8,7.8,-1.6,96.2,0.23,746,VW3,UPCOM,Công ty Cổ Phần VIWASEEN3,
2026-10-02,19.0,0.0,0.01,0.0,-12.8,28.9,17.1,8.5,24.084,14.745,-21.1,28.9,-3.4,-6.4,76.4,0.0,746,VWS,UPCOM,Công ty cổ phần Nước và Môi trường Việt Nam,
2026-10-02,40.7,0.0,0.0,0.0,0.0,0.0,41.3,33.0,40.8,28.8,-0.2,41.3,0.0,3.6,31.0,0.0,746,VXB,UPCOM,Công ty Cổ phần Vật liệu xây dựng Bến Tre,
2026-10-02,30.6,0.0,0.0,0.0,0.0,0.0,0.0,0.0,30.6,30.6,0.0,0.0,0.0,-0.0,0.0,0.0,746,VXP,UPCOM,CÔNG TY CỔ PHẦN THUỐC THÚ Y TRUNG ƯƠNG VETVACO,
2026-10-02,22.0,0.03,0.01,-70.6,-55.2,-43.7,100.0,55.8,76.1,10.0,-71.1,120.0,-61.3,-50.6,84.1,4.6,746,VXT,UPCOM,Công ty Cổ phần Kho vận và Dịch vụ thương mại,
2026-10-02,285.0,0.04,0.08,-1.0,-3.5,3.6,1.6,42.0,355.0,241.036,-19.7,18.2,-2.8,-1.5,41.6,0.42,746,WCS,HNX,Công ty Cổ phần Bến xe miền Tây,
2026-10-02,51.9,0.04,0.02,-7.0,-7.2,-1.3,-7.0,23.2,64.89,46.655,-20.0,11.2,-4.2,-4.4,44.5,1.33,746,WSB,UPCOM,Công ty Cổ phần Bia Sài Gòn - Miền Tây,
2026-10-02,6.0,0.16,0.16,-3.2,-17.8,-4.8,-21.1,20.0,8.0,5.7,-25.0,5.3,-1.7,-6.1,32.4,1.12,746,WSS,HNX,Công ty Cổ phần Chứng khoán phố Wall,
2026-10-02,9.7,0.01,0.0,1.0,-9.3,-1.0,-11.1,-7.2,11.8,9.0,-17.8,7.8,1.1,-1.3,35.6,1.13,746,WTC,UPCOM,Công ty Cổ phần Vận tải thủy - Vinacomin,
2026-10-02,10.5,0.01,0.02,-0.9,-3.6,-7.5,-6.7,21.7,12.173,10.16,-13.7,3.3,-2.1,-5.3,30.7,0.96,746,X20,HNX,Công ty cổ phần X20,
2026-10-02,12.5,0.0,0.0,0.0,-16.7,-16.7,-44.3,-40.0,24.201,12.5,-48.3,0.0,0.0,-15.6,52.2,0.0,746,X26,UPCOM,Công ty cổ phần 26,
2026-10-02,0.3,0.0,0.0,0.0,0.0,0.0,0.0,0.0,0.3,0.3,0.0,0.0,-0.0,0.0,0.0,0.0,746,X77,UPCOM,Công ty cổ phần Thành An 77,
2026-10-02,16.2,0.0,0.0,0.0,0.0,-4.7,-11.5,33.3,18.301,14.5,-11.5,11.7,-0.0,-2.6,22.3,0.0,746,XDH,UPCOM,Công ty cổ phần Đầu tư Xây dựng Dân dụng Hà Nội,
2026-10-02,18.0,0.01,0.0,26.4,43.5,36.6,13.4,19.7,18.656,9.527,-3.5,88.9,19.6,26.9,93.5,2.39,746,XHC,UPCOM,Công ty cổ phần Xuân Hòa Việt Nam,
2026-10-02,11.7,0.0,0.0,0.0,-13.5,-7.3,6.4,48.6,14.421,10.185,-18.9,14.9,-3.0,-6.6,38.0,0.0,746,XLV,UPCOM,Công ty cổ phần Xây lắp và Dịch vụ Sông Đà,
2026-10-02,9.2,0.0,0.11,2.2,-8.0,2.2,2.2,31.4,11.0,7.5,-16.4,22.7,-4.3,-3.6,62.2,0.01,746,XMC,UPCOM,Công ty cổ phần Đầu tư và Xây dựng Xuân Mai,
2026-10-02,5.9,0.0,0.01,28.3,-16.9,0.0,1.7,5.4,10.1,4.6,-41.6,28.3,4.8,-1.4,74.2,0.67,746,XMD,UPCOM,Công ty Cổ phần Xuân Mai - Đạo Tú,
2026-10-02,15.9,0.0,0.01,6.5,11.4,7.9,14.4,13.6,18.774,12.766,-15.3,24.5,4.4,5.5,70.2,0.26,746,XMP,UPCOM,Công ty cổ phần thủy điện Xuân Minh,
2026-10-02,13.9,0.02,0.06,-4.1,-9.7,-4.1,-11.5,143.9,17.9,12.5,-22.3,11.2,-4.0,-6.5,67.6,0.37,746,XPH,UPCOM,Công ty Cổ phần Xà phòng Hà Nội,
2026-10-02,5.8,0.0,0.0,-7.9,-10.8,-26.6,-47.3,-21.6,11.0,5.5,-47.3,5.5,-17.8,-26.2,91.4,0.3,746,YBC,UPCOM,Công ty Cổ phần Xi măng và Khoáng sản Yên Bái ,
2026-10-02,10.35,0.02,0.01,-1.0,3.6,0.0,-2.5,24.0,12.6,9.29,-17.9,11.4,4.1,1.7,40.2,1.13,746,YBM,HOSE,Công Ty Cổ Phần YBM,
2026-10-02,7.57,6.21,4.95,0.7,-17.9,-18.5,-42.1,-4.5,13.271,6.77,-43.0,11.8,1.0,-19.9,33.4,1.07,746,YEG,HOSE,Công ty cổ phần Tập đoàn Yeah1,
2026-10-02,21.1,0.0,0.0,0.0,-15.3,2.8,-36.1,-50.8,34.684,20.517,-39.2,2.8,-0.2,-11.6,48.3,0.02,746,YTC,UPCOM,Công ty Cổ phần Xuất nhập khẩu Y tế Thành phố Hồ Chí Minh,
